Character_A,Character_B,Weight,Pages(centers),Pairs(pa:pb)
"ابا جان رشیدہ","افتخار",3,"158 237","161:156 238:236 238:237"
"ابا جان رشیدہ","امتی",1,"44","46:42"
"ابا جان رشیدہ","امی رشیدہ",33,"44 45 46 64 87 89 90 93 94 95 96 98 99 100 159 169 183 185 186 187 208 236 270 301 303 304 307 308","46:42 46:43 46:44 46:45 46:46 67:62 86:89 89:89 92:89 92:94 93:94 94:94 97:94 97:95 97:100 98:100 100:100 161:158 171:167 184:182 184:187 186:187 187:187 188:187 206:210 238:234 272:269 303:299 303:303 305:303 305:310 306:310 307:310"
"ابا جان رشیدہ","انتظار",13,"65 171 182 186 187 188 189 199 237 255 270","67:63 171:172 184:181 184:189 186:189 187:189 188:189 190:189 199:199 200:199 238:237 256:254 272:269"
"ابا جان رشیدہ","انوری",22,"43 44 46 83 94 95 96 97 98 99 160 171 184 185 188 189 190 191","46:41 46:42 46:47 86:81 92:96 93:96 94:96 97:96 97:97 98:97 98:98 100:98 100:99 161:160 171:171 184:185 186:185 186:191 187:191 188:191 190:191 192:191"
"ابا جان رشیدہ","اکبری",1,"172","171:173"
"ابا جان رشیدہ","بسم اللہ",1,"116","114:119"
"ابا جان رشیدہ","بڑی خالہ",2,"184 185","184:184 186:184"
"ابا جان رشیدہ","بی بی جی",4,"98 99 100 116","97:100 98:100 100:100 114:118"
"ابا جان رشیدہ","بیبو",2,"258 274","256:261 272:277"
"ابا جان رشیدہ","تاجو",2,"111 113","111:112 114:112"
"ابا جان رشیدہ","تختی میراثن",1,"45","46:45"
"ابا جان رشیدہ","تنویر",6,"46 94 95 96 171","46:47 92:96 93:96 94:96 97:96 171:171"
"ابا جان رشیدہ","جبروت",2,"112 114","111:114 114:114"
"ابا جان رشیدہ","جمال اظہر بخاری",7,"48 85 94 95 96 172","46:51 86:84 92:96 93:96 94:96 97:96 171:174"
"ابا جان رشیدہ","جنید غازی",21,"74 86 88 89 90 91 92 98 99 100 109 112 113 114 158 159 270 271 272","72:76 86:87 89:87 89:88 89:89 92:89 92:90 92:92 93:92 97:100 98:100 100:100 111:108 111:113 114:113 114:114 161:156 161:157 272:269 272:270 272:272"
"ابا جان رشیدہ","حافظ بہنیں",6,"87 89 90 202 205 235","86:89 89:89 92:89 200:205 206:205 238:233"
"ابا جان رشیدہ","حیران",5,"84 170 194 198 237","86:82 171:170 192:197 199:197 238:237"
"ابا جان رشیدہ","خالد",7,"44 65 85 102 184 185","46:42 67:63 86:84 86:85 100:104 184:185 186:185"
"ابا جان رشیدہ","خالہ حمیرا",1,"64","67:62"
"ابا جان رشیدہ","خالہ فیروزہ",16,"85 93 94 96 97 98 99 111 113 171 192 193 196 197","86:84 92:95 93:95 94:95 97:95 97:98 98:98 100:98 100:99 111:112 114:112 171:171 190:194 192:194 199:194 199:196"
"ابا جان رشیدہ","راشدہ",4,"44 184 185 301","46:42 184:185 186:185 303:299"
"ابا جان رشیدہ","رشید",11,"71 73 110 172 182 186 187 188 189 302","69:74 72:74 111:109 171:174 184:181 184:189 186:189 187:189 188:189 190:189 303:302"
"ابا جان رشیدہ","رشیدہ میر",72,"43 44 46 70 71 72 83 86 87 90 91 92 93 94 95 96 97 98 99 101 110 111 113 115 159 161 169 170 171 183 184 185 187 188 189 191 192 196 197 200 203 204 205 206 235 237 238 253 254 257 269 270 271 301 302 304 305 306 307","46:41 46:42 46:46 68:73 69:73 72:73 86:81 86:86 89:86 89:91 92:91 92:93 93:93 94:93 94:94 97:94 97:95 97:96 97:97 98:97 98:98 100:98 100:99 100:103 111:109 111:110 111:112 114:112 114:116 161:157 161:161 171:168 171:169 171:170 171:171 184:182 184:183 184:185 186:185 186:188 187:188 188:188 190:188 190:193 192:193 199:194 199:195 199:201 200:201 206:201 206:202 206:203 206:204 206:205 206:206 238:233 238:237 238:238 256:251 256:252 256:258 272:267 272:268 272:269 272:270 303:299 303:302 303:306 305:306 306:306 307:306 307:308"
"ابا جان رشیدہ","رمضان",10,"43 46 83 160 171 190 191 192 197","46:41 46:47 86:81 161:160 171:171 188:193 190:193 192:193 199:195 199:196"
"ابا جان رشیدہ","ریاض",3,"44 170 171","46:42 171:170 171:172"
"ابا جان رشیدہ","زاہدہ",4,"108 236 237","111:106 238:234 238:236 238:237"
"ابا جان رشیدہ","زاہدہ کے والد",2,"236 237","238:234 238:236"
"ابا جان رشیدہ","زری",2,"48 66","46:50 67:65"
"ابا جان رشیدہ","ساجھا",2,"112 113","111:113 114:113"
"ابا جان رشیدہ","سجیلا",4,"189 190 191 192","187:192 188:192 190:192 192:192"
"ابا جان رشیدہ","سعیدہ",5,"184 185 186 187","184:185 186:185 186:187 187:187 188:187"
"ابا جان رشیدہ","سیم صاحبہ",1,"208","206:211"
"ابا جان رشیدہ","شیخ جی",1,"274","272:276"
"ابا جان رشیدہ","صغراں",2,"112 113","111:113 114:113"
"ابا جان رشیدہ","طیبہ",4,"100 101 111 113","98:103 100:103 111:112 114:112"
"ابا جان رشیدہ","ظفر احمد",69,"64 65 66 67 68 69 71 72 86 87 88 89 90 99 100 108 109 110 111 113 114 158 159 160 161 168 169 170 171 181 182 183 188 189 190 191 199 202 205 207 239 255 256 269 270 272 301 302 303 304 305 306 307","67:62 67:63 67:64 67:65 67:66 67:67 68:67 68:68 69:68 69:70 72:70 72:71 72:72 86:86 89:86 89:87 89:89 92:89 97:101 98:101 100:101 111:106 111:107 111:108 111:109 111:110 111:112 114:112 114:115 161:156 161:157 161:158 161:159 161:161 171:166 171:168 171:169 171:170 171:172 184:179 184:181 184:182 186:190 187:190 188:190 190:190 192:190 199:199 200:199 200:204 206:204 206:208 238:240 256:254 256:255 256:257 272:267 272:268 272:269 272:272 303:300 303:301 303:302 303:303 305:303 305:305 306:305 306:307 307:307"
"ابا جان رشیدہ","عذرا",3,"66 67","67:66 67:67 68:67"
"ابا جان رشیدہ","عرفان صاحب",8,"188 189 190 191 192 199 200","186:190 187:190 188:190 190:190 192:190 192:192 199:200 200:200"
"ابا جان رشیدہ","عیدو",1,"273","272:275"
"ابا جان رشیدہ","غلام رسول",6,"172 188 189 190 191","171:173 186:191 187:191 188:191 190:191 192:191"
"ابا جان رشیدہ","ماسی جیونی",3,"44 45","46:43 46:44 46:45"
"ابا جان رشیدہ","مسٹر سید",2,"206 238","206:207 238:239"
"ابا جان رشیدہ","مظفر بھائی",3,"66 102 116","67:66 100:105 114:118"
"ابا جان رشیدہ","ملک بختیار علی",2,"258 273","256:261 272:275"
"ابا جان رشیدہ","ملک صاحب",39,"93 94 96 108 109 112 113 114 161 182 186 187 188 189 200 203 204 205 206 237 239 254 255 256 270 271 272 303 304 305 306 307","92:95 93:95 94:95 97:95 111:106 111:108 111:113 114:113 114:114 161:161 184:181 184:189 186:189 187:189 188:189 190:189 199:201 200:201 206:201 206:203 206:204 206:205 206:206 238:236 238:241 256:252 256:254 256:255 256:256 272:269 272:271 272:272 303:304 305:304 305:305 306:305 306:306 307:306 307:307"
"ابا جان رشیدہ","ملکہ صاحبہ",7,"188 189 190 191 303 304","186:190 187:190 188:190 190:190 192:190 303:303 305:303"
"ابا جان رشیدہ","منظر",2,"64 65","67:62 67:64"
"ابا جان رشیدہ","منی",10,"67 113 114 169 199 200 203 208 258","67:67 68:67 111:115 114:115 171:167 199:200 200:200 206:201 206:211 256:261"
"ابا جان رشیدہ","مہ پارہ",5,"189 190 191 192 208","187:192 188:192 190:192 192:192 206:211"
"ابا جان رشیدہ","مہران",1,"45","46:45"
"ابا جان رشیدہ","نانی اماں",5,"44 45 46","46:42 46:43 46:44 46:45 46:46"
"ابا جان رشیدہ","نذیراں",2,"112 114","111:114 114:114"
"ابا جان رشیدہ","نظر",48,"44 45 46 67 68 73 85 86 87 94 95 96 97 99 100 116 160 161 168 173 183 184 185 189 190 191 192 198 202 205 206 236 238 256 269 273 302 303 304 306 307","46:42 46:44 46:47 67:67 68:67 68:68 69:68 72:75 86:85 86:86 89:86 92:96 93:96 94:96 97:96 97:97 98:97 98:101 100:101 114:118 161:159 161:160 161:162 171:166 171:175 184:182 184:183 184:185 186:185 187:192 188:192 190:192 192:192 199:197 200:205 206:205 206:206 238:235 238:239 256:256 272:267 272:275 303:302 303:303 305:303 305:308 306:308 307:308"
"ابا جان رشیدہ","نمازی",12,"69 70 71 88 89 91 98 99 100 116 302","67:71 68:71 69:71 72:71 86:90 89:90 92:90 97:100 98:100 100:100 114:119 303:302"
"ابا جان رشیدہ","ومیلا",4,"189 190 191 192","187:192 188:192 190:192 192:192"
"ابا جان رشیدہ","پاپا",1,"208","206:211"
"ابا جان رشیدہ","پروفیسر بیگ",1,"48","46:50"
"ابا جان رشیدہ","پیارا",2,"112 113","111:113 114:113"
"ابا جان رشیدہ","چاچا دارا",1,"44","46:43"
"ابا جان رشیدہ","چاچا کرم داد",5,"88 89 91 92","86:90 89:90 92:90 92:92 93:92"
"ابا جان رشیدہ","چودھری نیاز محمد",9,"90 92 98 99 100 112 113 114","89:92 92:92 93:92 97:100 98:100 100:100 111:113 114:113 114:114"
"ابا جان رشیدہ","ڈاکٹر اعجاز حسین",13,"48 70 71 72 88 90 91 93 94 96 173 235","46:50 68:73 69:73 72:73 86:91 89:91 92:91 92:95 93:95 94:95 97:95 171:175 238:233"
"ابا جان رشیدہ","ڈمپل",27,"48 70 71 72 88 90 91 111 113 161 170 171 181 200 201 204 206 238 257 269 270 271 272 300 302","46:50 68:73 69:73 72:73 86:91 89:91 92:91 111:112 114:112 161:162 171:169 171:170 171:172 184:179 199:202 200:202 206:202 206:203 206:206 238:238 256:258 272:267 272:269 272:271 272:273 303:298 303:301"
"ابا جان رشیدہ","ڈیوڈ",7,"171 188 189 190 191 192","171:171 186:191 187:191 188:191 190:191 192:191 192:193"
"ابا جان رشیدہ","کیزو",4,"94 95 96","92:96 93:96 94:96 97:96"
"ابا جان رشیدہ","گلنار",14,"87 89 90 91 92 99 100 113 114 235 271 272","86:89 89:89 92:89 92:90 92:92 93:92 97:101 98:101 100:101 111:115 114:115 238:233 272:270 272:272"
"ابا جان رشیدہ","گوارہ شاہ",2,"112 113","111:113 114:113"
"افتخار","امی رشیدہ",11,"22 26 27 31 32 33 156 157 235","25:20 25:27 26:27 27:27 28:27 29:34 30:34 32:34 155:158 156:158 236:234"
"افتخار","انتظار",2,"236 237","236:237 237:237"
"افتخار","انوری",3,"153 157 158","155:152 155:160 156:160"
"افتخار","تنویر",1,"153","155:151"
"افتخار","جنید غازی",17,"25 26 27 28 29 30 31 32 154 155 156 233","25:25 26:25 26:27 27:27 28:27 28:28 29:28 29:29 30:29 30:30 32:30 32:32 155:154 155:155 156:155 156:156 236:231"
"افتخار","حافظ بہنیں",1,"234","236:233"
"افتخار","حیران",8,"26 27 28 34 236 237","25:28 26:28 27:28 28:28 29:28 32:37 236:237 237:237"
"افتخار","خالہ فیروزہ",1,"153","155:151"
"افتخار","رشید",11,"25 26 27 28 29 30 31 32","25:25 26:25 26:26 27:26 27:28 28:28 29:28 29:30 30:30 32:30 32:32"
"افتخار","رشیدہ میر",23,"22 23 24 27 28 29 31 32 152 153 154 156 233 234 236 237","25:20 25:21 25:22 25:23 25:29 26:29 27:29 28:29 29:29 30:29 30:32 32:32 155:150 155:152 155:153 155:154 155:157 156:157 236:231 236:232 236:233 236:237 237:237"
"افتخار","رمضان",2,"157 158","155:160 156:160"
"افتخار","زاہدہ",4,"235 236 237","236:234 236:236 237:236 237:237"
"افتخار","زاہدہ کے والد",3,"235 236","236:234 236:236 237:236"
"افتخار","ساجھا",1,"153","155:152"
"افتخار","طیبہ",1,"23","25:22"
"افتخار","ظفر احمد",20,"22 24 25 26 27 28 29 154 155 156 233 234 238","25:20 25:23 25:24 25:25 26:25 26:26 27:26 27:27 28:27 28:28 29:28 29:29 30:29 155:154 155:156 156:156 236:231 236:232 236:240 237:240"
"افتخار","مسٹر سید",2,"237 238","236:239 237:239"
"افتخار","ملک صاحب",7,"32 33 158 234 236 239","30:35 32:35 156:161 236:232 236:236 237:236 237:241"
"افتخار","منی",1,"153","155:151"
"افتخار","مہ پارہ",1,"23","25:21"
"افتخار","نظر",15,"26 27 28 29 153 157 235 237 238","25:27 26:27 27:27 28:27 28:28 29:28 29:29 30:29 155:151 155:152 155:159 156:159 236:235 236:239 237:239"
"افتخار","نمازی",8,"25 26 27 28 155","25:26 26:26 27:26 27:28 28:28 29:28 155:155 156:155"
"افتخار","پروفیسر ضیا",1,"24","25:24"
"افتخار","ڈاکٹر اعجاز حسین",6,"26 27 34 234","25:27 26:27 27:27 28:27 32:36 236:233"
"افتخار","ڈمپل",5,"23 24 237","25:22 25:23 25:24 236:238 237:238"
"افتخار","گلنار",1,"234","236:233"
"امتی","امی رشیدہ",3,"42 143 283","42:42 145:142 285:282"
"امتی","انتظار",1,"144","145:144"
"امتی","انوری",4,"41 42 145","42:40 42:41 42:42 145:145"
"امتی","بتول آپا",3,"143 144","145:141 145:142 145:143"
"امتی","تختی میراثن",1,"43","42:45"
"امتی","تنویر",1,"44","42:47"
"امتی","جمال اظہر بخاری",1,"41","42:40"
"امتی","جنید غازی",4,"41 144 282","42:40 145:143 145:144 285:280"
"امتی","حافظ بہنیں",1,"40","42:38"
"امتی","حیران",1,"39","42:37"
"امتی","خالد",1,"42","42:42"
"امتی","خالہ فیروزہ",1,"41","42:40"
"امتی","راشدہ",1,"42","42:42"
"امتی","رشیدہ میر",14,"39 40 41 42 144 146 282 283 284 286","42:37 42:39 42:40 42:41 42:42 145:143 145:144 145:148 285:280 285:281 285:282 285:283 285:284 285:287"
"امتی","رمضان",2,"41 44","42:41 42:47"
"امتی","ریاض",1,"42","42:42"
"امتی","طلعت",1,"143","145:142"
"امتی","طیبہ",1,"287","285:289"
"امتی","ظفر احمد",8,"41 143 144 145 284 285","42:40 145:141 145:142 145:143 145:144 145:145 285:284 285:285"
"امتی","ماسی جیونی",1,"42","42:43"
"امتی","ملک صاحب",5,"283 284 285","285:281 285:282 285:283 285:284 285:285"
"امتی","مہران",1,"43","42:45"
"امتی","نانی اماں",1,"42","42:42"
"امتی","نظر",6,"40 42 143 146 282 285","42:39 42:42 145:141 145:147 285:280 285:285"
"امتی","چاچا دارا",1,"42","42:43"
"امتی","ڈاکٹر اعجاز حسین",2,"40","42:38 42:39"
"امتی","ڈمپل",5,"41 146 283 284","42:40 145:148 285:281 285:282 285:283"
"امتی","گلنار",3,"40 282 287","42:38 285:280 285:289"
"امی رشیدہ","انتظار",12,"12 14 62 143 169 180 181 188 229 235 267 269","15:10 15:13 62:63 142:144 167:172 182:178 182:181 187:189 230:229 234:237 265:269 269:269"
"امی رشیدہ","انوری",29,"1 3 4 12 37 41 42 45 46 48 60 95 98 99 143 159 169 183 186 189 229","1:2 4:2 4:3 4:5 15:10 35:40 42:40 42:41 42:42 43:42 43:47 44:47 45:47 46:47 49:47 62:58 94:96 95:96 100:96 100:97 100:98 100:99 142:145 158:160 167:171 182:185 187:185 187:191 230:228"
"امی رشیدہ","بتول آپا",2,"141 142","142:141 142:142"
"امی رشیدہ","بڑی خالہ",2,"183 185","182:184 187:184"
"امی رشیدہ","بی بی جی",7,"15 17 97 100 101 102 296","15:16 19:16 95:100 100:100 103:100 103:102 299:294"
"امی رشیدہ","بیبو",3,"263 279 280","265:261 282:277 282:279"
"امی رشیدہ","تختی میراثن",5,"43 44 45","42:45 43:45 44:45 45:45 46:45"
"امی رشیدہ","تنویر",17,"2 3 4 44 45 46 48 49 59 60 95 98 169","1:3 4:3 4:4 42:47 43:47 44:47 45:47 46:47 49:47 49:48 49:49 62:57 62:59 94:96 95:96 100:96 167:171"
"امی رشیدہ","جمال اظہر بخاری",12,"37 41 48 50 59 60 86 95 98 329","35:40 42:40 46:51 49:51 62:57 62:58 62:59 89:84 94:96 95:96 100:96 329:330"
"امی رشیدہ","جنید غازی",37,"22 26 27 31 32 33 37 41 50 88 89 91 92 93 97 100 101 102 103 142 156 157 213 214 230 232 267 269 281 296 297 312 313","20:25 27:25 27:27 34:29 34:30 34:32 35:40 42:40 49:52 89:87 89:88 89:89 94:89 94:90 94:92 95:100 100:100 103:100 103:101 103:102 103:103 142:143 158:154 158:155 158:156 158:157 211:216 213:216 230:231 234:231 265:269 269:269 282:280 299:294 299:295 310:315 312:315"
"امی رشیدہ","حافظ بہنیں",12,"36 40 50 89 91 207 231 233 327 328","34:38 35:38 42:38 49:52 89:89 94:89 210:205 230:233 234:233 329:326 329:327 329:328"
"امی رشیدہ","حیران",10,"6 12 27 35 36 39 168 235 265 267","4:9 15:10 27:28 34:37 35:37 42:37 167:170 234:237 265:266 269:266"
"امی رشیدہ","خالد",12,"1 3 4 42 62 86 87 102 103 183 186","1:2 4:2 4:4 42:42 43:42 62:63 89:84 89:85 100:104 103:104 182:185 187:185"
"امی رشیدہ","خالہ حمیرا",1,"62","62:62"
"امی رشیدہ","خالہ فیروزہ",19,"1 2 3 5 15 17 37 41 60 86 94 95 97 99 169 228 229","1:1 4:1 4:3 4:6 15:15 19:15 35:40 42:40 62:59 89:84 94:95 95:95 100:95 100:98 100:99 167:171 230:226 230:227 230:229"
"امی رشیدہ","راشدہ",9,"1 3 4 42 183 186 299 301","1:2 4:2 4:4 42:42 43:42 182:185 187:185 299:299 303:299"
"امی رشیدہ","رشید",16,"1 2 16 18 22 26 27 32 33 34 35 181 188 300 302","1:1 4:1 15:17 19:17 20:25 27:25 27:26 27:28 34:30 34:32 34:35 35:35 182:181 187:189 299:302 303:302"
"امی رشیدہ","رشیدہ میر",113,"1 2 3 4 12 13 14 15 17 18 19 20 24 25 28 31 33 34 35 39 40 41 42 44 45 46 47 48 49 60 61 87 90 92 93 94 95 97 98 99 101 103 142 155 156 157 159 164 165 166 167 179 182 184 185 186 187 207 208 209 210 211 212 214 227 230 232 233 235 265 267 268 269 281 282 298 299 301 302 304 308 309 310 311 313 326 327 328 329","1:1 4:1 4:2 4:4 15:10 15:11 15:12 15:13 15:14 15:15 19:15 19:16 19:17 19:18 19:19 20:19 20:20 27:22 27:23 27:29 34:29 34:32 34:33 34:34 35:34 35:35 42:37 42:39 42:40 42:41 42:42 43:42 43:46 44:46 45:46 46:46 49:46 49:48 49:49 62:58 62:61 89:86 89:91 94:91 94:93 94:94 95:94 95:95 100:95 100:96 100:97 100:98 100:99 100:103 103:103 142:143 158:153 158:154 158:157 158:161 167:162 167:163 167:164 167:165 167:168 182:177 182:182 187:182 187:183 187:185 187:188 210:205 210:206 210:207 210:208 210:209 210:210 211:210 211:212 213:212 213:215 230:225 230:231 234:231 234:232 234:233 234:237 265:265 269:265 269:266 269:267 269:268 269:269 282:280 282:281 282:282 299:297 299:299 303:299 303:302 303:306 310:306 310:308 310:309 310:311 312:311 312:315 329:324 329:325 329:326 329:327 329:328 329:330"
"امی رشیدہ","رمضان",14,"1 3 4 41 44 45 46 48 60 159 169","1:2 4:2 4:3 4:4 42:41 42:47 43:47 44:47 45:47 46:47 49:47 62:58 158:160 167:171"
"امی رشیدہ","ریاض",5,"42 59 60 168","42:42 43:42 62:57 62:59 167:170"
"امی رشیدہ","زاہدہ",3,"104 232 234","103:106 230:234 234:234"
"امی رشیدہ","زاہدہ کے والد",2,"232 234","230:234 234:234"
"امی رشیدہ","زری",7,"1 3 4 47 48 49 63","1:2 4:2 4:4 45:50 46:50 49:50 62:65"
"امی رشیدہ","زماں",1,"61","62:61"
"امی رشیدہ","سجیلا",1,"189","187:192"
"امی رشیدہ","سعیدہ",3,"183 186 187","182:185 187:185 187:187"
"امی رشیدہ","سیم صاحبہ",3,"210 211 212","210:211 211:211 213:211"
"امی رشیدہ","صاحب خان",2,"215 296","213:217 299:294"
"امی رشیدہ","طاہرہ",2,"1 3","1:2 4:2"
"امی رشیدہ","طلعت",1,"142","142:142"
"امی رشیدہ","طیبہ",9,"20 21 24 101 103 264 265 267","19:22 20:22 27:22 100:103 103:103 265:263 265:265 269:265 269:266"
"امی رشیدہ","ظفر احمد",72,"17 19 20 25 26 27 31 37 41 50 61 62 87 88 89 91 100 102 103 141 142 156 157 158 164 165 166 167 179 180 181 182 184 188 209 210 213 214 228 230 232 233 265 267 268 269 283 296 299 301 302 303 307 308 309 311 312 327 328 329","15:20 19:20 20:20 27:23 27:24 27:25 27:26 27:27 34:29 35:40 42:40 49:52 62:61 62:62 89:86 89:87 89:89 94:89 100:101 103:101 103:102 103:103 142:141 142:142 158:154 158:156 158:157 158:158 167:162 167:163 167:164 167:166 167:168 182:177 182:178 182:179 182:181 182:182 187:182 187:190 210:208 210:209 210:210 211:210 211:216 213:216 230:227 230:230 234:230 234:231 234:232 265:266 269:266 269:267 269:268 269:269 282:284 299:294 299:300 303:300 303:301 303:302 303:303 310:305 310:307 310:308 310:309 310:313 312:313 329:326 329:328 329:329"
"امی رشیدہ","عذرا",1,"64","62:66"
"امی رشیدہ","عرفان صاحب",1,"188","187:190"
"امی رشیدہ","غلام رسول",1,"189","187:191"
"امی رشیدہ","ماسی جیونی",7,"42 43 44 45","42:43 43:43 44:43 44:44 45:44 45:45 46:45"
"امی رشیدہ","مسٹر سید",5,"208 227 228 236 314","210:207 230:225 230:226 234:239 312:317"
"امی رشیدہ","مسٹر عبد الباری",1,"59","62:57"
"امی رشیدہ","مظفر بھائی",3,"64 102 104","62:66 100:105 103:105"
"امی رشیدہ","ملک بختیار علی",4,"263 279 280","265:261 265:262 282:277 282:278"
"امی رشیدہ","ملک صاحب",48,"6 34 35 94 95 97 104 159 164 165 181 188 207 208 209 210 211 212 228 229 231 233 235 263 264 265 267 269 281 282 301 303 307 308 309 310 311 314 326 327 328","4:8 34:35 35:35 94:95 95:95 100:95 103:106 158:161 167:162 167:164 182:181 187:189 210:205 210:206 210:207 210:208 210:209 210:210 211:210 211:212 213:212 230:226 230:227 230:228 230:229 230:232 234:232 234:236 265:262 265:263 265:265 269:265 269:269 282:281 282:282 299:304 303:304 310:305 310:306 310:307 310:308 310:309 310:311 312:311 312:316 329:324 329:325 329:328"
"امی رشیدہ","ملکہ صاحبہ",3,"188 301 303","187:190 299:303 303:303"
"امی رشیدہ","منظر",4,"62 228 265 267","62:62 230:227 265:265 269:265"
"امی رشیدہ","منی",11,"51 64 167 210 211 212 213 263 280","49:54 62:67 167:167 210:211 211:211 213:211 213:214 265:261 265:262 282:278 282:279"
"امی رشیدہ","مہ پارہ",6,"20 189 210 211 212","19:21 20:21 187:192 210:211 211:211 213:211"
"امی رشیدہ","مہران",5,"43 44 45","42:45 43:45 44:45 45:45 46:45"
"امی رشیدہ","نانی اماں",11,"14 42 43 44 45 46 47","15:13 42:42 43:42 43:43 44:43 44:44 45:44 45:45 46:45 46:46 49:46"
"امی رشیدہ","نظر",62,"1 2 3 5 12 13 14 27 31 36 37 40 42 43 44 46 48 49 64 87 95 98 100 102 104 141 144 158 164 166 179 182 184 185 186 189 207 208 228 232 234 262 264 265 267 268 280 281 283 300 302 303 309 311 312","1:1 4:1 4:2 4:6 15:10 15:11 15:13 27:27 34:29 34:39 35:39 42:39 42:42 43:42 43:44 44:44 45:44 45:47 46:47 49:47 49:50 62:67 89:85 89:86 94:96 95:96 100:96 100:97 100:101 103:101 103:105 142:141 142:147 158:159 167:162 167:166 182:177 182:182 187:182 187:183 187:185 187:192 210:205 210:206 230:226 230:235 234:235 265:260 265:263 265:264 265:266 269:266 269:267 282:279 282:280 282:285 299:302 303:302 303:303 310:308 310:313 312:313"
"امی رشیدہ","نمازی",13,"2 3 26 27 89 92 97 100 101 102 156 300 302","1:3 4:3 27:26 27:28 89:90 94:90 95:100 100:100 103:100 103:101 158:155 299:302 303:302"
"امی رشیدہ","ومیلا",1,"189","187:192"
"امی رشیدہ","پاپا",3,"210 211 212","210:211 211:211 213:211"
"امی رشیدہ","پروفیسر بیگ",3,"47 48 49","45:50 46:50 49:50"
"امی رشیدہ","پروفیسر ضیا",3,"21 22 25","19:24 20:24 27:24"
"امی رشیدہ","چاچا دارا",3,"42 43","42:43 43:43 44:43"
"امی رشیدہ","چاچا کرم داد",3,"89 92 93","89:90 94:90 94:92"
"امی رشیدہ","چودھری نیاز محمد",5,"90 93 97 100 101","89:92 94:92 95:100 100:100 103:100"
"امی رشیدہ","ڈاکٹر اعجاز حسین",22,"12 13 27 35 40 47 48 49 90 92 94 95 97 180 211 212 213 231 233 314","15:10 15:12 27:27 34:36 35:36 42:38 42:39 45:50 46:50 49:50 89:91 94:91 94:95 95:95 100:95 182:178 210:213 211:213 213:213 230:233 234:233 312:317"
"امی رشیدہ","ڈمپل",38,"20 21 24 25 37 41 47 48 49 90 92 160 164 166 168 180 208 210 211 212 213 236 262 265 267 268 269 281 282 298 300 302 314 327","19:22 20:22 27:22 27:23 27:24 35:40 42:40 45:50 46:50 49:50 89:91 94:91 158:162 167:162 167:165 167:169 182:179 210:206 210:207 210:211 211:211 213:211 213:212 213:213 234:238 265:260 265:265 269:265 269:267 269:269 282:281 282:282 299:297 299:298 299:301 303:301 312:317 329:325"
"امی رشیدہ","ڈیوڈ",2,"169 189","167:171 187:191"
"امی رشیدہ","کیزو",3,"95 98","94:96 95:96 100:96"
"امی رشیدہ","گلنار",21,"36 40 89 91 92 93 100 102 103 215 231 233 265 267 269 281 296 297","34:38 35:38 42:38 89:89 94:89 94:90 94:92 100:101 103:101 103:102 103:103 213:217 230:233 234:233 265:265 269:265 269:266 269:270 282:280 299:294 299:295"
"انتظار","انوری",13,"7 8 9 10 11 60 144 171 183 187 190 228","10:5 10:6 10:7 10:9 10:10 13:10 63:58 144:145 172:171 181:185 189:185 189:191 229:228"
"انتظار","اکبری",2,"172 175","172:173 178:173"
"انتظار","بتول آپا",3,"142 143","144:141 144:142 144:143"
"انتظار","بڑی خالہ",2,"182 186","181:184 189:184"
"انتظار","بی بی جی",1,"14","13:16"
"انتظار","تنویر",2,"61 171","63:59 172:171"
"انتظار","جمال اظہر بخاری",4,"60 61 173 176","63:58 63:59 172:174 178:174"
"انتظار","جنید غازی",4,"143 144 230 269","144:143 144:144 229:231 269:269"
"انتظار","حافظ بہنیں",2,"231 235","229:233 237:233"
"انتظار","حیران",7,"9 10 11 171 198 237 267","10:9 10:10 13:10 172:170 199:197 237:237 269:266"
"انتظار","خالد",5,"7 8 63 183 187","10:5 10:6 63:63 181:185 189:185"
"انتظار","خالہ حمیرا",1,"62","63:62"
"انتظار","خالہ فیروزہ",13,"8 12 14 61 171 172 175 191 196 197 227 228 229","10:6 10:15 13:15 63:59 172:171 172:173 178:173 189:194 199:194 199:196 229:226 229:227 229:229"
"انتظار","راشدہ",2,"183 187","181:185 189:185"
"انتظار","رشید",6,"15 173 176 179 181 189","13:17 172:174 178:174 178:181 181:181 189:189"
"انتظار","رشیدہ میر",46,"7 8 9 10 11 12 13 60 62 143 144 170 171 172 175 176 177 180 181 187 188 191 196 197 200 226 227 230 234 235 237 251 252 253 256 267 268 269","10:5 10:7 10:9 10:10 13:10 13:11 13:12 13:13 63:58 63:61 144:143 144:144 172:168 172:169 172:170 172:171 172:172 178:173 178:174 178:175 178:176 178:177 178:182 181:182 189:185 189:188 189:193 199:194 199:195 199:201 229:224 229:225 229:231 237:232 237:233 237:237 254:249 254:250 254:251 254:252 254:258 269:265 269:266 269:267 269:268 269:269"
"انتظار","رمضان",9,"7 8 60 171 172 175 191 197","10:5 10:6 63:58 172:171 172:173 178:173 189:193 199:195 199:196"
"انتظار","ریاض",4,"61 171 172 175","63:59 172:170 172:172 178:173"
"انتظار","زاہدہ",4,"231 235 236 237","229:234 237:234 237:236 237:237"
"انتظار","زاہدہ کے والد",3,"231 235 236","229:234 237:234 237:236"
"انتظار","زری",1,"64","63:65"
"انتظار","زماں",1,"62","63:61"
"انتظار","سجیلا",1,"190","189:192"
"انتظار","سعیدہ",3,"183 187 188","181:185 189:185 189:187"
"انتظار","طلعت",1,"143","144:142"
"انتظار","طیبہ",2,"267","269:265 269:266"
"انتظار","ظفر احمد",28,"62 63 142 143 144 170 171 172 177 178 179 180 181 189 199 228 229 234 238 251 254 267 268 269","63:61 63:62 63:63 144:141 144:142 144:143 144:144 172:168 172:169 172:170 172:172 178:177 178:178 181:178 181:179 181:181 189:190 199:199 229:227 229:230 237:232 237:240 254:249 254:254 269:266 269:267 269:268 269:269"
"انتظار","عذرا",1,"64","63:66"
"انتظار","عرفان صاحب",2,"189 199","189:190 199:200"
"انتظار","غلام رسول",3,"172 175 190","172:173 178:173 189:191"
"انتظار","مسز سید",1,"226","229:224"
"انتظار","مسٹر سید",4,"226 227 238","229:224 229:225 229:226 237:239"
"انتظار","مظفر بھائی",1,"64","63:66"
"انتظار","ملک صاحب",18,"9 179 181 189 200 227 228 229 234 236 239 251 252 253 254 267 269","10:8 178:181 181:181 189:189 199:201 229:226 229:227 229:228 229:229 237:232 237:236 237:241 254:249 254:250 254:252 254:254 269:265 269:269"
"انتظار","ملکہ صاحبہ",1,"189","189:190"
"انتظار","منظر",5,"62 63 226 228 267","63:62 63:64 229:224 229:227 269:265"
"انتظار","منی",3,"65 169 199","63:67 172:167 199:200"
"انتظار","مہ پارہ",1,"190","189:192"
"انتظار","نانی اماں",2,"11 13","10:13 13:13"
"انتظار","نظر",24,"8 10 11 12 13 65 142 145 173 176 177 180 181 187 190 198 226 227 236 238 255 266 267 268","10:6 10:10 13:10 13:11 13:13 63:67 144:141 144:147 172:175 178:175 178:177 178:182 181:182 189:185 189:192 199:197 229:224 229:226 237:235 237:239 254:256 269:264 269:266 269:267"
"انتظار","ومیلا",1,"190","189:192"
"انتظار","ڈاکٹر اعجاز حسین",9,"10 11 12 173 176 178 179 231 235","10:10 13:10 13:12 172:175 178:175 178:178 181:178 229:233 237:233"
"انتظار","ڈمپل",16,"146 170 171 172 176 177 178 180 200 226 237 251 256 267 268 269","144:148 172:169 172:170 172:172 178:175 178:176 178:179 181:179 199:202 229:224 237:238 254:249 254:258 269:265 269:267 269:269"
"انتظار","ڈیوڈ",2,"171 190","172:171 189:191"
"انتظار","گلنار",5,"231 235 267 269","229:233 237:233 269:265 269:266 269:270"
"انوری","اکبری",1,"172","171:173"
"انوری","بتول آپا",3,"143 144","145:141 145:142 145:143"
"انوری","بڑی خالہ",1,"184","185:184"
"انوری","بی بی جی",4,"98 99","96:100 97:100 98:100 99:100"
"انوری","تختی میراثن",4,"42 43 46","40:45 41:45 42:45 47:45"
"انوری","تنویر",15,"2 3 4 44 47 56 57 58 96 149 150 151 171","2:3 3:3 5:3 5:4 42:47 47:47 56:57 58:57 58:59 96:96 97:96 148:151 149:151 152:151 171:171"
"انوری","جمال اظہر بخاری",15,"40 49 53 54 55 56 57 58 82 96 172","40:40 41:40 47:51 56:51 56:53 56:54 56:55 56:56 58:56 58:57 58:58 81:84 96:96 97:96 171:174"
"انوری","جمعدار منی",1,"225","228:223"
"انوری","جنید غازی",18,"40 49 54 78 94 98 99 144 151 153 157 158 229","40:40 41:40 47:52 56:52 81:76 96:92 96:100 97:100 98:100 99:100 145:143 145:144 149:154 152:154 160:155 160:156 160:157 228:231"
"انوری","حافظ بہنیں",4,"39 49 54 230","40:38 47:52 56:52 228:233"
"انوری","حیران",9,"7 8 9 10 38 81 170","5:9 6:9 7:9 9:9 10:9 10:10 40:37 81:82 171:170"
"انوری","خالد",18,"2 3 4 5 6 41 42 44 56 57 60 82 101 185","2:2 3:2 3:4 5:4 5:5 6:5 6:6 7:6 40:42 41:42 42:42 47:42 56:56 58:56 58:63 81:84 99:104 185:185"
"انوری","خالہ حمیرا",1,"60","58:62"
"انوری","خالہ فیروزہ",28,"1 2 3 4 5 6 12 40 56 57 58 82 95 97 98 99 149 150 151 171 192 227 228","2:1 2:3 3:3 5:3 5:6 6:6 7:6 10:15 40:40 41:40 56:56 58:56 58:59 81:84 96:95 96:98 97:98 98:98 99:98 99:99 148:151 149:151 152:151 171:171 191:194 228:226 228:227 228:229"
"انوری","راشدہ",9,"2 3 4 41 42 44 185","2:2 3:2 3:4 5:4 40:42 41:42 42:42 47:42 185:185"
"انوری","رشید",6,"1 37 172 183 187 190","2:1 40:35 171:174 185:181 185:189 191:189"
"انوری","رشیدہ میر",66,"1 2 3 4 5 6 7 8 9 10 37 38 39 40 41 42 44 46 47 56 57 58 79 80 81 93 94 95 96 97 98 99 144 146 148 149 150 151 152 158 160 169 170 171 183 184 185 189 192 226 229","2:1 2:2 3:2 3:4 5:4 5:5 6:5 6:7 7:7 9:7 9:9 10:9 10:10 40:35 40:37 40:39 40:40 41:40 41:41 42:41 42:42 47:42 47:46 47:48 56:56 58:56 58:58 81:77 81:78 81:79 81:80 81:81 96:91 96:93 96:94 96:95 96:96 97:96 97:97 98:97 98:98 99:98 99:99 145:143 145:144 145:148 148:148 149:148 149:149 152:149 152:150 152:152 160:157 160:161 171:168 171:169 171:170 171:171 185:182 185:183 185:185 191:188 191:193 228:224 228:225 228:231"
"انوری","رمضان",20,"2 3 4 5 6 40 41 44 47 57 58 81 160 171 192","2:2 3:2 3:3 5:3 5:4 5:5 6:5 6:6 7:6 40:41 41:41 42:41 42:47 47:47 56:58 58:58 81:81 160:160 171:171 191:193"
"انوری","ریاض",9,"41 42 44 56 57 58 170 171","40:42 41:42 42:42 47:42 56:57 58:57 58:59 171:170 171:172"
"انوری","زبیر خان",2,"56 57","56:56 58:56"
"انوری","زری",5,"2 3 4 48","2:2 3:2 3:4 5:4 47:50"
"انوری","زماں",3,"58 59 79","56:61 58:61 81:78"
"انوری","ساجھا",3,"150 152","148:152 149:152 152:152"
"انوری","سجیلا",1,"191","191:192"
"انوری","سعیدہ",2,"185 189","185:185 191:187"
"انوری","طاہرہ",2,"2","2:2 3:2"
"انوری","طلعت",1,"143","145:142"
"انوری","طیبہ",2,"100 101","98:103 99:103"
"انوری","ظفر احمد",41,"40 49 54 58 59 79 80 83 98 99 100 143 144 145 146 147 148 151 153 158 159 160 168 169 170 171 183 187 190 227 229","40:40 41:40 47:52 56:52 56:61 58:61 81:77 81:78 81:79 81:86 96:101 97:101 98:101 99:101 145:141 145:142 145:143 145:144 145:145 148:145 148:146 148:148 149:148 149:154 152:154 160:156 160:157 160:158 160:159 160:161 171:166 171:168 171:169 171:170 171:172 185:181 185:182 185:190 191:190 228:227 228:230"
"انوری","عرفان صاحب",3,"187 190 191","185:190 191:190 191:192"
"انوری","غلام رسول",2,"172 191","171:173 191:191"
"انوری","ماسی جیونی",6,"41 42 45 46","40:43 41:43 42:43 47:43 47:44 47:45"
"انوری","مسز سید",2,"225 226","228:223 228:224"
"انوری","مسٹر سید",4,"225 226 227","228:223 228:224 228:225 228:226"
"انوری","مسٹر عبد الباری",2,"56 57","56:57 58:57"
"انوری","ملک صاحب",14,"5 6 7 8 37 95 160 183 187 190 227 228","3:8 5:8 6:8 7:8 9:8 40:35 96:95 160:161 185:181 185:189 191:189 228:226 228:227 228:228"
"انوری","ملکہ صاحبہ",2,"187 190","185:190 191:190"
"انوری","منظر",3,"60 226 227","58:62 228:224 228:227"
"انوری","منی",6,"55 149 150 151 169 225","56:54 148:151 149:151 152:151 171:167 228:223"
"انوری","مہ پارہ",1,"191","191:192"
"انوری","مہران",4,"42 43 46","40:45 41:45 42:45 47:45"
"انوری","نانی اماں",10,"11 41 42 44 45 46","9:13 10:13 40:42 41:42 42:42 47:42 47:43 47:44 47:45 47:46"
"انوری","نظر",44,"1 2 4 5 6 8 9 10 39 41 42 44 45 47 78 79 80 83 96 97 99 100 143 146 147 149 150 151 152 159 160 168 173 183 184 185 191 226 227","2:1 2:2 3:2 3:6 5:6 6:6 7:6 7:10 9:10 10:10 40:39 40:42 41:42 42:42 47:42 47:44 47:47 81:76 81:77 81:79 81:85 96:96 97:96 97:97 98:97 98:101 99:101 145:141 145:147 148:147 148:151 149:151 152:151 152:152 160:159 160:160 171:166 171:175 185:182 185:183 185:185 191:192 228:224 228:226"
"انوری","نمازی",9,"2 3 4 98 99 153 157","2:3 3:3 5:3 96:100 97:100 98:100 99:100 152:155 160:155"
"انوری","ومیلا",1,"191","191:192"
"انوری","پروفیسر بیگ",1,"48","47:50"
"انوری","چاچا دارا",4,"41 42 45","40:43 41:43 42:43 47:43"
"انوری","چاچا کرم داد",1,"94","96:92"
"انوری","چودھری نیاز محمد",5,"94 98 99","96:92 96:100 97:100 98:100 99:100"
"انوری","ڈاکٹر اعجاز حسین",16,"7 8 9 10 38 39 48 54 79 80 93 95 173 230","5:10 6:10 7:10 9:10 10:10 40:36 40:38 40:39 47:50 56:52 81:77 81:79 96:91 96:95 171:175 228:233"
"انوری","ڈمپل",15,"40 48 79 80 93 146 148 161 170 171 225 226","40:40 41:40 47:50 81:77 81:79 96:91 145:148 148:148 149:148 160:162 171:169 171:170 171:172 228:223 228:224"
"انوری","ڈیوڈ",2,"171 191","171:171 191:191"
"انوری","کیزو",2,"96","96:96 97:96"
"انوری","گلنار",7,"39 94 98 99 100 230","40:38 96:92 96:101 97:101 98:101 99:101 228:233"
"اکبری","تنویر",1,"172","173:171"
"اکبری","جمال اظہر بخاری",1,"173","173:174"
"اکبری","حیران",1,"171","173:170"
"اکبری","خالہ فیروزہ",2,"172 173","173:171 173:173"
"اکبری","رشید",1,"173","173:174"
"اکبری","رشیدہ میر",6,"170 171 172 173","173:168 173:169 173:170 173:171 173:172 173:173"
"اکبری","رمضان",2,"172 173","173:171 173:173"
"اکبری","ریاض",3,"171 172 173","173:170 173:172 173:173"
"اکبری","ظفر احمد",5,"170 171 172 175","173:168 173:169 173:170 173:172 173:177"
"اکبری","غلام رسول",1,"173","173:173"
"اکبری","نظر",1,"174","173:175"
"اکبری","ڈاکٹر اعجاز حسین",1,"174","173:175"
"اکبری","ڈمپل",4,"171 172 174","173:169 173:170 173:172 173:175"
"اکبری","ڈیوڈ",1,"172","173:171"
"بتول آپا","جنید غازی",3,"142 143","141:143 142:143 143:143"
"بتول آپا","رشیدہ میر",3,"142 143","141:143 142:143 143:143"
"بتول آپا","طلعت",3,"141 142","141:142 142:142 143:142"
"بتول آپا","ظفر احمد",5,"141 142 143","141:141 142:141 142:142 143:142 143:143"
"بتول آپا","نظر",4,"141 144 145","141:141 142:141 142:147 143:147"
"بتول آپا","ڈمپل",1,"145","143:148"
"بسم اللہ","بی بی جی",3,"118 119 292","119:118 119:119 292:293"
"بسم اللہ","بیبو",1,"292","292:292"
"بسم اللہ","جبروت",2,"116 117","119:114 119:115"
"بسم اللہ","جنید غازی",6,"116 117 118 119 292","119:114 119:115 119:117 119:118 119:119 292:293"
"بسم اللہ","خالہ فیروزہ",1,"119","119:120"
"بسم اللہ","رشیدہ میر",6,"117 119 289 290 294","119:116 119:120 292:287 292:288 292:289 292:297"
"بسم اللہ","صاحب خان",2,"291 293","292:291 292:294"
"بسم اللہ","طیبہ",1,"290","292:289"
"بسم اللہ","ظفر احمد",8,"117 118 289 290 291 292","119:115 119:116 119:117 292:287 292:288 292:289 292:291 292:293"
"بسم اللہ","مظفر بھائی",1,"118","119:118"
"بسم اللہ","ملک صاحب",4,"116 118 119 289","119:114 119:118 119:119 292:287"
"بسم اللہ","منی",1,"117","119:115"
"بسم اللہ","نذیراں",1,"116","119:114"
"بسم اللہ","نظر",5,"118 119 290 291","119:118 119:120 292:288 292:289 292:291"
"بسم اللہ","نمازی",2,"119 291","119:119 292:291"
"بسم اللہ","چودھری نیاز محمد",1,"116","119:114"
"بسم اللہ","ڈمپل",1,"294","292:297"
"بسم اللہ","گلنار",8,"117 118 119 290 291 292","119:115 119:116 119:117 119:118 119:119 292:289 292:291 292:293"
"بڑی خالہ","خالد",1,"184","184:185"
"بڑی خالہ","راشدہ",1,"184","184:185"
"بڑی خالہ","رشید",2,"182 186","184:181 184:189"
"بڑی خالہ","رشیدہ میر",3,"183 184","184:182 184:183 184:185"
"بڑی خالہ","سعیدہ",1,"184","184:185"
"بڑی خالہ","ظفر احمد",3,"181 182 183","184:179 184:181 184:182"
"بڑی خالہ","ملک صاحب",2,"182 186","184:181 184:189"
"بڑی خالہ","نظر",3,"183 184","184:182 184:183 184:185"
"بڑی خالہ","ڈمپل",1,"181","184:179"
"بی بی جی","بیبو",1,"292","293:292"
"بی بی جی","تنویر",1,"98","100:96"
"بی بی جی","جبروت",2,"116","118:114 118:115"
"بی بی جی","جمال اظہر بخاری",1,"98","100:96"
"بی بی جی","جنید غازی",14,"100 101 102 115 116 117 118 119 293 294","100:100 102:100 102:101 102:102 118:113 118:114 118:115 118:117 118:118 119:118 119:119 293:293 294:293 294:294"
"بی بی جی","خالد",2,"102 103","100:104 102:104"
"بی بی جی","خالہ فیروزہ",6,"15 97 99 119","16:15 100:95 100:98 100:99 118:120 119:120"
"بی بی جی","راشدہ",1,"296","294:299"
"بی بی جی","رشید",1,"16","16:17"
"بی بی جی","رشیدہ میر",20,"13 14 15 16 97 98 99 101 102 117 119 290 291 295","16:11 16:12 16:13 16:14 16:15 16:16 100:95 100:96 100:97 100:98 100:99 100:103 102:103 118:116 118:120 119:120 293:288 293:289 293:297 294:297"
"بی بی جی","زاہدہ",1,"104","102:106"
"بی بی جی","ساجھا",1,"115","118:113"
"بی بی جی","صاحب خان",3,"292 293 294","293:291 293:294 294:294"
"بی بی جی","صغراں",1,"115","118:113"
"بی بی جی","طیبہ",3,"101 102 291","100:103 102:103 293:289"
"بی بی جی","ظفر احمد",13,"18 100 101 102 116 117 290 291 292 293 294","16:20 100:101 102:101 102:102 118:115 118:116 118:117 293:288 293:289 293:291 293:293 294:293 294:294"
"بی بی جی","مظفر بھائی",4,"102 103 118","100:105 102:105 118:118 119:118"
"بی بی جی","ملک صاحب",7,"97 104 115 116 118 119","100:95 102:106 118:113 118:114 118:118 119:118 119:119"
"بی بی جی","منی",1,"116","118:115"
"بی بی جی","مہ پارہ",1,"18","16:21"
"بی بی جی","نانی اماں",1,"14","16:13"
"بی بی جی","نذیراں",1,"116","118:114"
"بی بی جی","نظر",13,"13 14 98 100 101 103 118 119 290 291 292","16:11 16:13 100:96 100:97 100:101 102:101 102:105 118:118 119:118 119:120 293:288 293:289 293:291"
"بی بی جی","نمازی",6,"100 101 118 119 292","100:100 102:100 102:101 118:119 119:119 293:291"
"بی بی جی","پیارا",1,"115","118:113"
"بی بی جی","چودھری نیاز محمد",4,"100 101 115 116","100:100 102:100 118:113 118:114"
"بی بی جی","ڈاکٹر اعجاز حسین",2,"14 97","16:12 100:95"
"بی بی جی","ڈمپل",2,"295","293:297 294:297"
"بی بی جی","کیزو",1,"98","100:96"
"بی بی جی","گلنار",14,"100 101 102 116 117 118 119 291 292 293 294","100:101 102:101 102:102 118:115 118:116 118:117 118:118 119:118 119:119 293:289 293:291 293:293 294:293 294:294"
"بی بی جی","گوارہ شاہ",1,"115","118:113"
"بیبو","جنید غازی",4,"274 278 279 292","277:272 277:280 279:280 292:293"
"بیبو","حیران",1,"263","261:266"
"بیبو","رشیدہ میر",9,"259 260 263 278 279 289 290 294","261:258 261:259 261:265 277:280 279:280 292:287 292:288 292:289 292:297"
"بیبو","شیخ جی",1,"276","277:276"
"بیبو","صاحب خان",2,"291 293","292:291 292:294"
"بیبو","طیبہ",2,"262 290","261:263 292:289"
"بیبو","ظفر احمد",11,"259 263 274 275 281 289 290 291 292","261:257 261:258 261:266 277:272 277:273 279:284 292:287 292:288 292:289 292:291 292:293"
"بیبو","عیدو",1,"276","277:275"
"بیبو","ملک بختیار علی",6,"261 276 277 278","261:261 277:275 277:276 277:277 279:277 279:278"
"بیبو","ملک صاحب",10,"258 259 260 261 274 275 279 280 289","261:256 261:257 261:258 261:259 261:262 277:272 277:273 277:281 279:281 292:287"
"بیبو","منظر",1,"263","261:265"
"بیبو","منی",4,"261 277 278 279","261:261 277:278 279:278 279:279"
"بیبو","نظر",12,"258 259 260 262 276 278 279 290 291","261:256 261:257 261:259 261:260 261:263 277:275 277:276 277:279 279:279 292:288 292:289 292:291"
"بیبو","نمازی",1,"291","292:291"
"بیبو","ڈمپل",8,"259 260 263 275 279 280 294","261:258 261:259 261:260 261:265 277:273 277:281 279:281 292:297"
"بیبو","گلنار",7,"263 274 278 279 290 291 292","261:265 277:272 277:280 279:280 292:289 292:291 292:293"
"تاجو","جبروت",1,"113","112:114"
"تاجو","جنید غازی",2,"110 112","112:108 112:113"
"تاجو","خالہ فیروزہ",1,"112","112:112"
"تاجو","رشید",1,"110","112:109"
"تاجو","رشیدہ میر",3,"110 111 112","112:109 112:110 112:112"
"تاجو","ساجھا",1,"112","112:113"
"تاجو","صغراں",1,"112","112:113"
"تاجو","طیبہ",1,"112","112:112"
"تاجو","ظفر احمد",5,"109 110 111 112","112:107 112:108 112:109 112:110 112:112"
"تاجو","ملک صاحب",2,"110 112","112:108 112:113"
"تاجو","منی",1,"113","112:115"
"تاجو","نذیراں",1,"113","112:114"
"تاجو","پیارا",1,"112","112:113"
"تاجو","چودھری نیاز محمد",1,"112","112:113"
"تاجو","ڈمپل",1,"112","112:112"
"تاجو","گلنار",1,"113","112:115"
"تاجو","گوارہ شاہ",1,"112","112:113"
"تختی میراثن","تنویر",1,"46","45:47"
"تختی میراثن","جمال اظہر بخاری",1,"42","45:40"
"تختی میراثن","جنید غازی",1,"42","45:40"
"تختی میراثن","خالد",1,"43","45:42"
"تختی میراثن","خالہ فیروزہ",1,"42","45:40"
"تختی میراثن","راشدہ",1,"43","45:42"
"تختی میراثن","رشیدہ میر",4,"42 43 45","45:40 45:41 45:42 45:46"
"تختی میراثن","رمضان",2,"43 46","45:41 45:47"
"تختی میراثن","ریاض",1,"43","45:42"
"تختی میراثن","زری",1,"47","45:50"
"تختی میراثن","ظفر احمد",1,"42","45:40"
"تختی میراثن","ماسی جیونی",3,"44 45","45:43 45:44 45:45"
"تختی میراثن","مہران",1,"45","45:45"
"تختی میراثن","نانی اماں",4,"43 44 45","45:42 45:43 45:44 45:45"
"تختی میراثن","نظر",3,"43 44 46","45:42 45:44 45:47"
"تختی میراثن","پروفیسر بیگ",1,"47","45:50"
"تختی میراثن","چاچا دارا",1,"44","45:43"
"تختی میراثن","ڈاکٹر اعجاز حسین",1,"47","45:50"
"تختی میراثن","ڈمپل",2,"42 47","45:40 45:50"
"تنویر","جمال اظہر بخاری",13,"49 50 55 56 57 58 59 96 172","47:51 48:51 49:51 57:53 57:54 57:55 57:56 57:57 59:57 59:58 59:59 96:96 171:174"
"تنویر","جنید غازی",7,"49 50 54 94 98 152","47:52 48:52 49:52 57:52 96:92 96:100 151:154"
"تنویر","حافظ بہنیں",4,"49 50 54","47:52 48:52 49:52 57:52"
"تنویر","حیران",2,"6 170","4:9 171:170"
"تنویر","خالد",6,"2 3 4 44 56 61","3:2 3:4 4:4 47:42 57:56 59:63"
"تنویر","خالہ حمیرا",2,"59 60","57:62 59:62"
"تنویر","خالہ فیروزہ",11,"2 3 5 56 58 59 95 97 151 171","3:1 3:3 4:3 4:6 57:56 57:59 59:59 96:95 96:98 151:151 171:171"
"تنویر","راشدہ",4,"2 3 4 44","3:2 3:4 4:4 47:42"
"تنویر","رشید",2,"2 172","3:1 171:174"
"تنویر","رشیدہ میر",27,"2 3 4 44 46 47 48 49 56 57 58 60 93 94 95 96 149 150 151 169 170 171","3:1 3:2 3:4 4:4 47:42 47:46 47:48 48:48 49:48 49:49 57:56 57:58 59:58 59:61 96:91 96:93 96:94 96:95 96:96 151:148 151:149 151:150 151:152 171:168 171:169 171:170 171:171"
"تنویر","رمضان",9,"2 3 4 47 57 58 171","3:2 3:3 4:3 4:4 47:47 48:47 57:58 59:58 171:171"
"تنویر","ریاض",6,"44 57 58 59 170 171","47:42 57:57 59:57 59:59 171:170 171:172"
"تنویر","زبیر خان",1,"56","57:56"
"تنویر","زری",6,"2 3 4 48 49","3:2 3:4 4:4 47:50 48:50 49:50"
"تنویر","زماں",2,"59 60","57:61 59:61"
"تنویر","ساجھا",1,"151","151:152"
"تنویر","طاہرہ",1,"2","3:2"
"تنویر","ظفر احمد",15,"49 50 54 59 60 98 148 149 152 168 169 170 171","47:52 48:52 49:52 57:52 57:61 59:61 96:101 151:146 151:148 151:154 171:166 171:168 171:169 171:170 171:172"
"تنویر","غلام رسول",1,"172","171:173"
"تنویر","ماسی جیونی",3,"45 46","47:43 47:44 47:45"
"تنویر","مسٹر عبد الباری",2,"57 58","57:57 59:57"
"تنویر","ملک صاحب",3,"5 6 95","3:8 4:8 96:95"
"تنویر","منظر",2,"59 60","57:62 59:62"
"تنویر","منی",4,"51 55 151 169","49:54 57:54 151:151 171:167"
"تنویر","مہران",1,"46","47:45"
"تنویر","نانی اماں",5,"44 45 46","47:42 47:43 47:44 47:45 47:46"
"تنویر","نظر",15,"2 4 5 44 45 47 49 96 149 151 168 173","3:1 3:2 3:6 4:6 47:42 47:44 47:47 48:47 48:50 49:50 96:96 151:147 151:151 171:166 171:175"
"تنویر","نمازی",4,"3 98 153","3:3 4:3 96:100 151:155"
"تنویر","پروفیسر بیگ",3,"48 49","47:50 48:50 49:50"
"تنویر","چاچا دارا",1,"45","47:43"
"تنویر","چاچا کرم داد",1,"94","96:92"
"تنویر","چودھری نیاز محمد",2,"94 98","96:92 96:100"
"تنویر","ڈاکٹر اعجاز حسین",7,"48 49 54 93 95 173","47:50 48:50 49:50 57:52 96:91 96:95 171:175"
"تنویر","ڈمپل",8,"48 49 93 149 170 171","47:50 48:50 49:50 96:91 151:148 171:169 171:170 171:172"
"تنویر","ڈیوڈ",1,"171","171:171"
"تنویر","کیزو",1,"96","96:96"
"تنویر","گلنار",2,"94 98","96:92 96:101"
"جبروت","جنید غازی",4,"113 114 115","114:113 114:114 115:114 115:115"
"جبروت","خالہ فیروزہ",2,"113 117","114:112 115:120"
"جبروت","رشید",1,"111","114:109"
"جبروت","رشیدہ میر",5,"111 112 113 115","114:109 114:110 114:112 114:116 115:116"
"جبروت","ساجھا",1,"113","114:113"
"جبروت","صغراں",1,"113","114:113"
"جبروت","طیبہ",1,"113","114:112"
"جبروت","ظفر احمد",5,"111 112 113 114 115","114:109 114:110 114:112 114:115 115:115"
"جبروت","مظفر بھائی",2,"116","114:118 115:118"
"جبروت","ملک صاحب",4,"113 114 116","114:113 114:114 115:114 115:118"
"جبروت","منی",2,"114 115","114:115 115:115"
"جبروت","نذیراں",2,"114","114:114 115:114"
"جبروت","نظر",2,"116","114:118 115:118"
"جبروت","نمازی",2,"116 117","114:119 115:119"
"جبروت","پیارا",1,"113","114:113"
"جبروت","چودھری نیاز محمد",3,"113 114","114:113 114:114 115:114"
"جبروت","ڈمپل",1,"113","114:112"
"جبروت","گلنار",2,"114 115","114:115 115:115"
"جبروت","گوارہ شاہ",1,"113","114:113"
"جمال اظہر بخاری","جنید غازی",6,"40 51 52 85 94 98","40:40 51:52 53:52 84:87 96:92 96:100"
"جمال اظہر بخاری","حافظ بہنیں",7,"39 51 52 86 328 329","40:38 51:52 53:52 84:89 330:326 330:327 330:328"
"جمال اظہر بخاری","حیران",3,"38 83 172","40:37 84:82 174:170"
"جمال اظہر بخاری","خالد",10,"41 53 54 55 56 60 61 84","40:42 51:56 53:56 54:56 55:56 56:56 57:56 58:63 59:63 84:84"
"جمال اظہر بخاری","خالہ حمیرا",3,"59 60","57:62 58:62 59:62"
"جمال اظہر بخاری","خالہ فیروزہ",15,"40 53 54 55 56 58 59 84 95 97 172 173","40:40 51:56 53:56 54:56 55:56 56:56 57:56 57:59 58:59 59:59 84:84 96:95 96:98 174:171 174:173"
"جمال اظہر بخاری","راشدہ",1,"41","40:42"
"جمال اظہر بخاری","رشید",2,"37 174","40:35 174:174"
"جمال اظہر بخاری","رشیدہ میر",37,"37 38 39 40 48 49 50 53 54 55 56 57 58 60 81 82 85 93 94 95 96 171 172 173 174 327 328 329 330","40:35 40:37 40:39 40:40 51:46 51:48 51:49 51:56 53:56 54:56 55:56 56:56 57:56 57:58 58:58 59:58 59:61 84:79 84:80 84:81 84:86 96:91 96:93 96:94 96:95 96:96 174:169 174:170 174:171 174:172 174:173 174:174 330:325 330:326 330:327 330:328 330:330"
"جمال اظہر بخاری","رمضان",12,"40 49 55 56 57 58 82 172 173","40:41 51:47 53:58 54:58 55:58 56:58 57:58 58:58 59:58 84:81 174:171 174:173"
"جمال اظہر بخاری","ریاض",12,"41 55 56 57 58 59 172 173","40:42 53:57 54:57 55:57 56:57 57:57 58:57 58:59 59:59 174:170 174:172 174:173"
"جمال اظہر بخاری","زبیر خان",6,"53 54 55 56","51:56 53:56 54:56 55:56 56:56 57:56"
"جمال اظہر بخاری","زری",1,"50","51:50"
"جمال اظہر بخاری","زماں",4,"58 59 60","56:61 57:61 58:61 59:61"
"جمال اظہر بخاری","ظفر احمد",17,"40 51 52 58 59 60 81 85 98 171 172 173 175 328 329","40:40 51:52 53:52 56:61 57:61 58:61 59:61 84:79 84:86 96:101 174:169 174:170 174:172 174:177 330:326 330:328 330:329"
"جمال اظہر بخاری","غلام رسول",1,"173","174:173"
"جمال اظہر بخاری","ماسی جیونی",1,"41","40:43"
"جمال اظہر بخاری","مسٹر عبد الباری",6,"55 56 57","53:57 54:57 55:57 56:57 57:57 58:57"
"جمال اظہر بخاری","ملک صاحب",4,"37 95 327 329","40:35 96:95 330:325 330:328"
"جمال اظہر بخاری","منظر",3,"59 60","57:62 58:62 59:62"
"جمال اظہر بخاری","منی",4,"52 53 54","51:54 53:54 54:54 55:54"
"جمال اظہر بخاری","مہران",1,"42","40:45"
"جمال اظہر بخاری","نانی اماں",2,"41 48","40:42 51:46"
"جمال اظہر بخاری","نظر",8,"39 41 49 50 81 84 96 174","40:39 40:42 51:47 51:50 84:79 84:85 96:96 174:175"
"جمال اظہر بخاری","نمازی",1,"98","96:100"
"جمال اظہر بخاری","پروفیسر بیگ",1,"50","51:50"
"جمال اظہر بخاری","چاچا دارا",1,"41","40:43"
"جمال اظہر بخاری","چاچا کرم داد",1,"94","96:92"
"جمال اظہر بخاری","چودھری نیاز محمد",2,"94 98","96:92 96:100"
"جمال اظہر بخاری","ڈاکٹر اعجاز حسین",10,"38 39 50 51 52 81 93 95 174","40:36 40:38 40:39 51:50 51:52 53:52 84:79 96:91 96:95 174:175"
"جمال اظہر بخاری","ڈمپل",9,"40 50 81 93 171 172 173 174 327","40:40 51:50 84:79 96:91 174:169 174:170 174:172 174:175 330:325"
"جمال اظہر بخاری","ڈیوڈ",1,"172","174:171"
"جمال اظہر بخاری","کیزو",1,"96","96:96"
"جمال اظہر بخاری","گلنار",4,"39 86 94 98","40:38 84:89 96:92 96:101"
"جمعدار منی","جنید غازی",1,"220","223:218"
"جمعدار منی","خالہ فیروزہ",1,"224","223:226"
"جمعدار منی","رشیدہ میر",3,"221 223","223:219 223:220 223:224"
"جمعدار منی","ظفر احمد",1,"225","223:227"
"جمعدار منی","مسز سید",2,"222 223","223:221 223:223"
"جمعدار منی","مسٹر سید",3,"222 223","223:221 223:222 223:223"
"جمعدار منی","ملک صاحب",3,"221 224","223:219 223:220 223:226"
"جمعدار منی","منظر",1,"223","223:224"
"جمعدار منی","منی",1,"223","223:223"
"جمعدار منی","نظر",1,"223","223:224"
"جمعدار منی","ڈاکٹر اعجاز حسین",1,"221","223:220"
"جمعدار منی","ڈمپل",4,"221 222 223","223:220 223:221 223:222 223:223"
"جنید غازی","حافظ بہنیں",7,"39 52 88 89 232","40:38 52:52 87:89 88:89 89:89 90:89 231:233"
"جنید غازی","حیران",8,"26 27 28 34 38 84 267","25:28 27:28 28:28 29:28 32:37 40:37 87:82 269:266"
"جنید غازی","خالد",9,"41 54 85 86 102 103 106","40:42 52:56 87:84 87:85 100:104 101:104 102:104 103:104 108:104"
"جنید غازی","خالہ فیروزہ",18,"40 54 85 92 93 97 99 110 112 117 118 119 152 228 229 230","40:40 52:56 87:84 90:95 92:95 100:95 100:98 100:99 108:112 113:112 115:120 117:120 118:120 119:120 154:151 231:226 231:227 231:229"
"جنید غازی","راشدہ",3,"41 296 297","40:42 294:299 295:299"
"جنید غازی","رشید",14,"25 26 27 28 29 30 31 32 37 75 108 111","25:25 27:25 27:26 27:28 28:28 29:28 29:30 30:30 32:30 32:32 40:35 76:74 108:109 113:109"
"جنید غازی","رشیدہ میر",84,"22 23 24 27 28 29 31 32 37 38 39 40 50 54 74 75 76 86 89 90 91 92 97 98 99 101 102 103 105 106 108 111 112 114 115 116 118 119 143 144 151 152 153 154 156 157 214 215 217 218 231 267 268 269 270 271 280 290 291 295 296 313 315","25:20 25:21 25:22 25:23 25:29 27:29 28:29 29:29 30:29 30:32 32:32 40:35 40:37 40:39 40:40 52:48 52:49 52:56 76:73 76:75 76:77 87:86 87:91 88:91 89:91 90:91 92:91 92:93 100:95 100:96 100:97 100:98 100:99 100:103 101:103 102:103 103:103 108:103 108:104 108:109 113:109 113:110 113:112 113:116 114:116 115:116 117:116 117:120 118:120 119:120 143:143 144:143 144:144 154:149 154:150 154:152 154:153 154:154 155:154 155:157 156:157 157:157 216:212 216:215 216:219 217:219 218:219 231:231 269:265 269:266 269:267 269:268 269:269 270:269 270:270 272:270 280:280 293:288 293:289 293:297 294:297 295:297 315:311 315:315"
"جنید غازی","رمضان",6,"40 49 78 157 158","40:41 52:47 76:81 155:160 156:160 157:160"
"جنید غازی","ریاض",2,"41 54","40:42 52:57"
"جنید غازی","زاہدہ",5,"103 104 107 232","101:106 102:106 103:106 108:106 231:234"
"جنید غازی","زاہدہ کے والد",1,"232","231:234"
"جنید غازی","زبیر خان",1,"54","52:56"
"جنید غازی","زری",1,"51","52:50"
"جنید غازی","زماں",1,"77","76:78"
"جنید غازی","ساجھا",4,"110 113 153","108:113 113:113 114:113 154:152"
"جنید غازی","سیم صاحبہ",1,"213","216:211"
"جنید غازی","شیخ جی",2,"274 278","272:276 280:276"
"جنید غازی","صاحب خان",7,"216 217 292 293 294","216:217 217:217 218:217 293:291 293:294 294:294 295:294"
"جنید غازی","صغراں",3,"110 113","108:113 113:113 114:113"
"جنید غازی","طلعت",1,"142","143:142"
"جنید غازی","طیبہ",11,"23 101 102 103 105 110 112 267 291","25:22 100:103 101:103 102:103 103:103 108:103 108:112 113:112 269:265 269:266 293:289"
"جنید غازی","ظفر احمد",82,"22 24 25 26 27 28 29 40 52 73 74 75 76 86 87 88 89 100 101 102 103 105 106 107 108 110 111 112 114 115 116 117 142 143 144 154 155 156 157 216 229 230 231 267 268 269 271 272 282 290 291 292 293 294 297 314 315","25:20 25:23 25:24 25:25 27:25 27:26 27:27 28:27 28:28 29:28 29:29 30:29 40:40 52:52 76:71 76:72 76:73 76:74 76:77 87:86 87:87 88:87 88:89 89:89 90:89 100:101 101:101 102:101 102:102 103:102 103:103 108:103 108:104 108:105 108:106 108:107 108:108 113:108 113:109 113:110 113:112 113:115 114:115 115:115 117:115 117:116 117:117 118:117 143:141 143:142 143:143 144:143 144:144 154:154 155:154 155:156 156:156 157:156 157:157 216:216 217:216 231:227 231:230 231:231 269:266 269:267 269:268 269:269 270:269 270:272 272:272 280:284 293:288 293:289 293:291 293:293 294:293 294:294 295:294 295:300 315:313 315:315"
"جنید غازی","عیدو",3,"272 273 277","270:275 272:275 280:275"
"جنید غازی","ماسی جیونی",1,"41","40:43"
"جنید غازی","مسز سید",3,"218 219","216:221 217:221 218:221"
"جنید غازی","مسٹر سید",5,"218 219 228 316","216:221 217:221 218:221 231:226 315:317"
"جنید غازی","مسٹر عبد الباری",1,"54","52:57"
"جنید غازی","مظفر بھائی",11,"102 103 104 106 115 116 117 118","100:105 101:105 102:105 103:105 108:105 113:118 114:118 115:118 117:118 118:118 119:118"
"جنید غازی","ملک بختیار علی",6,"272 273 277 278 279","270:275 272:275 280:275 280:276 280:277 280:278"
"جنید غازی","ملک صاحب",41,"32 33 37 92 93 97 103 104 107 108 110 113 114 116 117 118 119 158 159 214 217 218 228 229 230 231 267 269 270 271 272 280 313 315","30:35 32:35 40:35 90:95 92:95 100:95 101:106 102:106 103:106 108:106 108:108 113:108 113:113 114:113 114:114 115:114 115:118 117:118 118:118 119:118 119:119 156:161 157:161 216:212 216:219 217:219 218:219 231:226 231:227 231:228 231:229 231:232 269:265 269:269 270:269 270:271 272:271 272:272 280:281 315:311 315:316"
"جنید غازی","منظر",2,"229 267","231:227 269:265"
"جنید غازی","منی",11,"53 114 115 116 152 213 215 220 279","52:54 113:115 114:115 115:115 117:115 154:151 216:211 216:214 218:223 280:278 280:279"
"جنید غازی","مہ پارہ",2,"23 213","25:21 216:211"
"جنید غازی","مہران",1,"42","40:45"
"جنید غازی","نانی اماں",1,"41","40:42"
"جنید غازی","نذیراں",3,"113 114","113:114 114:114 115:114"
"جنید غازی","نظر",56,"26 27 28 29 39 41 49 51 75 76 86 94 98 100 101 103 104 106 115 116 117 118 119 142 145 152 153 156 157 158 228 233 266 267 268 272 273 277 278 279 280 290 291 292 314 316","25:27 27:27 28:27 28:28 29:28 29:29 30:29 40:39 40:42 52:47 52:50 76:75 76:76 87:85 87:86 92:96 100:96 100:97 100:101 101:101 102:101 102:105 103:105 108:105 113:118 114:118 115:118 117:118 118:118 119:118 119:120 143:141 143:147 144:147 154:151 154:152 154:159 155:159 156:159 157:159 231:226 231:235 269:264 269:266 269:267 270:275 272:275 280:275 280:276 280:279 280:280 293:288 293:289 293:291 315:313 315:317"
"جنید غازی","نمازی",24,"25 26 27 28 73 88 89 90 91 100 101 116 117 118 119 154 155 292","25:26 27:26 27:28 28:28 29:28 76:71 87:90 88:90 89:90 90:90 92:90 100:100 101:100 101:101 102:101 114:119 115:119 117:119 118:119 119:119 154:155 155:155 156:155 293:291"
"جنید غازی","پاپا",1,"213","216:211"
"جنید غازی","پروفیسر بیگ",1,"51","52:50"
"جنید غازی","پروفیسر ضیا",1,"24","25:24"
"جنید غازی","پیارا",3,"110 113","108:113 113:113 114:113"
"جنید غازی","چاچا دارا",1,"41","40:43"
"جنید غازی","چاچا کرم داد",6,"88 89 90 91 92","87:90 88:90 89:90 90:90 92:90 92:92"
"جنید غازی","چودھری نیاز محمد",12,"89 90 91 92 100 110 113 114","87:92 88:92 89:92 90:92 92:92 100:100 101:100 108:113 113:113 114:113 114:114 115:114"
"جنید غازی","ڈاکٹر اعجاز حسین",25,"26 27 34 38 39 51 52 74 75 76 89 90 91 93 97 214 218 219 232 316","25:27 27:27 28:27 32:36 40:36 40:38 40:39 52:50 52:52 76:73 76:74 76:77 87:91 88:91 89:91 90:91 92:91 92:95 100:95 216:213 216:220 217:220 218:220 231:233 315:317"
"جنید غازی","ڈمپل",38,"23 24 40 51 74 75 76 89 90 91 110 112 145 146 159 213 214 215 218 219 267 268 269 270 271 272 280 295 296 316","25:22 25:23 25:24 40:40 52:50 76:73 76:74 76:77 87:91 88:91 89:91 90:91 92:91 108:112 113:112 143:148 144:148 157:162 216:211 216:212 216:213 216:214 216:215 216:220 217:220 218:220 269:265 269:267 269:269 270:269 270:271 272:271 272:273 280:281 293:297 294:297 295:297 315:317"
"جنید غازی","کیزو",2,"94 98","92:96 100:96"
"جنید غازی","گلنار",43,"39 88 89 90 91 92 100 101 102 103 105 114 115 116 117 118 119 216 217 232 267 269 270 271 272 280 291 292 293 294 295","40:38 87:89 88:89 89:89 90:89 90:90 92:90 92:92 100:101 101:101 102:101 102:102 103:102 103:103 108:103 113:115 114:115 115:115 117:115 117:116 117:117 118:117 118:118 119:118 119:119 216:217 217:217 218:217 231:233 269:265 269:266 269:270 270:270 272:270 272:272 280:280 293:289 293:291 293:293 294:293 294:294 295:294 295:295"
"جنید غازی","گوارہ شاہ",3,"110 113","108:113 113:113 114:113"
"حافظ بہنیں","حیران",2,"37 235","38:37 233:237"
"حافظ بہنیں","خالد",4,"40 54 86 87","38:42 52:56 89:84 89:85"
"حافظ بہنیں","خالہ فیروزہ",4,"39 54 86 231","38:40 52:56 89:84 233:229"
"حافظ بہنیں","خانساماں",1,"323","326:321"
"حافظ بہنیں","راشدہ",1,"40","38:42"
"حافظ بہنیں","رشید",1,"36","38:35"
"حافظ بہنیں","رشیدہ میر",27,"35 36 37 38 50 54 87 90 203 204 205 232 233 324 325 326 327 328","38:33 38:34 38:35 38:37 38:39 52:48 52:49 52:56 89:86 89:91 205:201 205:202 205:203 205:204 205:205 233:231 233:232 233:233 326:322 326:323 326:324 326:325 326:326 327:326 327:327 328:327 328:328"
"حافظ بہنیں","رمضان",2,"39 49","38:41 52:47"
"حافظ بہنیں","ریاض",2,"40 54","38:42 52:57"
"حافظ بہنیں","زاہدہ",1,"233","233:234"
"حافظ بہنیں","زاہدہ کے والد",1,"233","233:234"
"حافظ بہنیں","زبیر خان",1,"54","52:56"
"حافظ بہنیں","زری",1,"51","52:50"
"حافظ بہنیں","ظفر احمد",14,"39 52 87 88 89 204 206 231 232 326 327 328","38:40 52:52 89:86 89:87 89:89 205:204 205:208 233:230 233:231 233:232 326:326 327:326 327:328 328:328"
"حافظ بہنیں","عرفان صاحب",1,"202","205:200"
"حافظ بہنیں","ماسی جیونی",1,"40","38:43"
"حافظ بہنیں","مسٹر سید",1,"206","205:207"
"حافظ بہنیں","مسٹر عبد الباری",1,"54","52:57"
"حافظ بہنیں","ملک بختیار علی",1,"323","326:321"
"حافظ بہنیں","ملک صاحب",17,"36 203 204 205 230 231 232 234 323 324 325 327 328","38:35 205:201 205:203 205:204 205:205 233:228 233:229 233:232 233:236 326:321 326:322 326:323 326:324 326:325 326:328 327:328 328:328"
"حافظ بہنیں","منی",3,"53 202 203","52:54 205:200 205:201"
"حافظ بہنیں","نانی اماں",1,"40","38:42"
"حافظ بہنیں","نظر",7,"38 49 51 87 205 234","38:39 52:47 52:50 89:85 89:86 205:205 233:235"
"حافظ بہنیں","نمازی",1,"89","89:90"
"حافظ بہنیں","پروفیسر بیگ",1,"51","52:50"
"حافظ بہنیں","چاچا دارا",1,"40","38:43"
"حافظ بہنیں","چاچا کرم داد",1,"89","89:90"
"حافظ بہنیں","چودھری نیاز محمد",1,"90","89:92"
"حافظ بہنیں","ڈاکٹر اعجاز حسین",6,"37 38 51 52 90 233","38:36 38:38 52:50 52:52 89:91 233:233"
"حافظ بہنیں","ڈمپل",8,"39 51 90 203 204 205 235 325","38:40 52:50 89:91 205:202 205:203 205:206 233:238 326:325"
"حافظ بہنیں","گلنار",3,"38 89 233","38:38 89:89 233:233"
"حیران","خالد",5,"6 7 39 83","9:4 9:5 9:6 37:42 82:84"
"حیران","خالہ فیروزہ",7,"7 12 38 83 170 195 196","9:6 10:15 37:40 82:84 170:171 197:194 197:196"
"حیران","راشدہ",2,"6 39","9:4 37:42"
"حیران","رشید",6,"26 27 28 34 36 172","28:25 28:26 28:28 37:32 37:35 170:174"
"حیران","رشیدہ میر",37,"6 7 8 9 10 25 28 34 35 36 37 79 80 81 84 167 169 170 195 196 199 234 235 237 243 244 245 265 266","9:4 9:5 9:7 9:9 10:9 10:10 28:23 28:29 37:32 37:33 37:34 37:35 37:37 82:77 82:78 82:79 82:80 82:81 82:86 170:165 170:168 170:169 170:170 197:193 197:194 197:195 197:201 237:232 237:233 237:237 245:241 245:242 245:243 245:244 245:245 266:265 266:266"
"حیران","رمضان",9,"6 7 39 81 170 195 196","9:4 9:5 9:6 37:41 82:81 170:171 197:193 197:195 197:196"
"حیران","ریاض",2,"39 170","37:42 170:170"
"حیران","زاہدہ",3,"235 236 237","237:234 237:236 237:237"
"حیران","زاہدہ کے والد",2,"235 236","237:234 237:236"
"حیران","زری",1,"6","9:4"
"حیران","زماں",1,"80","82:78"
"حیران","سجیلا",1,"194","197:192"
"حیران","طیبہ",3,"264 265 266","266:263 266:265 266:266"
"حیران","ظفر احمد",23,"25 26 27 28 38 79 80 84 168 169 170 198 234 238 242 243 244 245 266","28:23 28:24 28:25 28:26 28:27 28:28 37:40 82:77 82:78 82:79 82:86 170:166 170:168 170:169 170:170 197:199 237:232 237:240 245:240 245:241 245:244 245:246 266:266"
"حیران","عرفان صاحب",2,"194 198","197:192 197:200"
"حیران","غلام رسول",1,"171","170:173"
"حیران","مسٹر سید",1,"238","237:239"
"حیران","ملک بختیار علی",2,"263 264","266:261 266:262"
"حیران","ملک صاحب",14,"8 36 199 234 236 239 243 244 245 264 265 267","9:8 37:35 197:201 237:232 237:236 237:241 245:241 245:242 245:243 245:245 266:262 266:263 266:265 266:269"
"حیران","منظر",1,"265","266:265"
"حیران","منی",4,"168 198 263 264","170:167 197:200 266:261 266:262"
"حیران","مہ پارہ",1,"194","197:192"
"حیران","نانی اماں",3,"11 39","9:13 10:13 37:42"
"حیران","نظر",20,"7 9 10 27 28 38 79 80 83 168 172 194 197 236 238 243 245 264 265 266","9:6 9:10 10:10 28:27 28:28 37:39 82:77 82:79 82:85 170:166 170:175 197:192 197:197 237:235 237:239 245:242 245:245 266:263 266:264 266:266"
"حیران","نمازی",2,"27 28","28:26 28:28"
"حیران","ومیلا",1,"194","197:192"
"حیران","پروفیسر ضیا",1,"26","28:24"
"حیران","ڈاکٹر اعجاز حسین",9,"9 10 27 36 37 79 80 172 235","9:10 10:10 28:27 37:36 37:38 82:77 82:79 170:175 237:233"
"حیران","ڈمپل",17,"25 26 38 79 80 167 169 170 199 237 243 244 246 265 266","28:23 28:24 37:40 82:77 82:79 170:165 170:169 170:170 197:202 237:238 245:241 245:242 245:243 245:244 245:247 266:265 266:267"
"حیران","ڈیوڈ",2,"170 195","170:171 197:193"
"حیران","گلنار",4,"37 235 265 266","37:38 237:233 266:265 266:266"
"خالد","خالہ حمیرا",1,"62","63:62"
"خالد","خالہ فیروزہ",12,"1 2 3 5 6 41 56 61 84 101","2:1 2:3 4:3 4:6 5:6 6:6 42:40 56:56 63:59 84:84 85:84 104:99"
"خالد","راشدہ",6,"2 3 4 42 185","2:2 4:2 4:4 5:4 42:42 185:185"
"خالد","رشید",4,"1 106 183 187","2:1 104:109 185:181 185:189"
"خالد","رشیدہ میر",27,"1 2 3 4 5 6 39 40 41 42 56 60 62 81 82 85 101 103 104 183 184 185","2:1 2:2 4:2 4:4 5:4 5:5 6:5 6:7 42:37 42:39 42:40 42:41 42:42 56:56 63:58 63:61 84:79 84:80 84:81 84:86 85:86 104:99 104:103 104:104 185:182 185:183 185:185"
"خالد","رمضان",13,"2 3 4 5 6 41 44 57 60 82","2:2 4:2 4:3 4:4 5:4 5:5 6:5 6:6 42:41 42:47 56:58 63:58 84:81"
"خالد","ریاض",3,"42 56 61","42:42 56:57 63:59"
"خالد","زاہدہ",1,"105","104:106"
"خالد","زبیر خان",1,"56","56:56"
"خالد","زری",5,"2 3 4 64","2:2 4:2 4:4 5:4 63:65"
"خالد","زماں",2,"58 62","56:61 63:61"
"خالد","سعیدہ",1,"185","185:185"
"خالد","طاہرہ",2,"2 3","2:2 4:2"
"خالد","طیبہ",1,"103","104:103"
"خالد","ظفر احمد",16,"41 54 58 62 63 81 85 102 103 104 183 187","42:40 56:52 56:61 63:61 63:62 63:63 84:79 84:86 85:86 104:101 104:102 104:103 104:104 185:181 185:182 185:190"
"خالد","عذرا",1,"64","63:66"
"خالد","عرفان صاحب",1,"187","185:190"
"خالد","ماسی جیونی",1,"42","42:43"
"خالد","مسٹر عبد الباری",1,"56","56:57"
"خالد","مظفر بھائی",2,"64 104","63:66 104:105"
"خالد","ملک صاحب",6,"6 7 105 183 187","4:8 5:8 6:8 104:106 185:181 185:189"
"خالد","ملکہ صاحبہ",1,"187","185:190"
"خالد","منظر",2,"62 63","63:62 63:64"
"خالد","منی",2,"55 65","56:54 63:67"
"خالد","مہران",1,"43","42:45"
"خالد","نانی اماں",1,"42","42:42"
"خالد","نظر",17,"1 2 3 5 6 40 42 65 81 84 85 102 104 183 184 185","2:1 2:2 4:2 4:6 5:6 6:6 42:39 42:42 63:67 84:79 84:85 85:85 104:101 104:105 185:182 185:183 185:185"
"خالد","نمازی",5,"2 3 87 102","2:3 4:3 85:90 104:100 104:101"
"خالد","چاچا دارا",1,"42","42:43"
"خالد","چاچا کرم داد",1,"87","85:90"
"خالد","چودھری نیاز محمد",1,"102","104:100"
"خالد","ڈاکٹر اعجاز حسین",6,"7 8 40 54 81","5:10 6:10 42:38 42:39 56:52 84:79"
"خالد","ڈمپل",2,"41 81","42:40 84:79"
"خالد","گلنار",6,"40 86 87 102 103","42:38 84:89 85:89 104:101 104:102 104:103"
"خالہ حمیرا","خالہ فیروزہ",1,"60","62:59"
"خالہ حمیرا","رشیدہ میر",2,"60 61","62:58 62:61"
"خالہ حمیرا","رمضان",1,"60","62:58"
"خالہ حمیرا","ریاض",2,"59 60","62:57 62:59"
"خالہ حمیرا","زری",1,"63","62:65"
"خالہ حمیرا","زماں",1,"61","62:61"
"خالہ حمیرا","ظفر احمد",2,"61 62","62:61 62:62"
"خالہ حمیرا","عذرا",1,"64","62:66"
"خالہ حمیرا","مسٹر عبد الباری",1,"59","62:57"
"خالہ حمیرا","مظفر بھائی",1,"64","62:66"
"خالہ حمیرا","منظر",1,"62","62:62"
"خالہ حمیرا","منی",1,"64","62:67"
"خالہ حمیرا","نظر",1,"64","62:67"
"خالہ فیروزہ","راشدہ",5,"1 2 3 5 41","1:2 3:2 3:4 6:4 40:42"
"خالہ فیروزہ","رشید",8,"1 2 16 37 110 172 173 191","1:1 3:1 15:17 40:35 112:109 171:174 173:174 194:189"
"خالہ فیروزہ","رشیدہ میر",61,"1 2 3 5 6 12 13 14 15 37 38 39 40 56 57 58 60 81 82 85 93 94 95 96 97 98 99 110 111 112 118 120 149 150 151 169 170 171 172 173 193 194 195 198 225 228 229 230","1:1 3:1 3:2 3:4 6:4 6:5 6:7 15:10 15:11 15:12 15:13 15:14 15:15 40:35 40:37 40:39 40:40 56:56 59:56 59:58 59:61 84:79 84:80 84:81 84:86 95:91 95:93 95:94 95:95 98:95 98:96 98:97 98:98 99:98 99:99 112:109 112:110 112:112 120:116 120:120 151:148 151:149 151:150 151:152 171:168 171:169 171:170 171:171 173:171 173:172 173:173 194:193 194:194 196:194 196:195 196:201 226:224 226:225 226:231 227:231 229:231"
"خالہ فیروزہ","رمضان",18,"1 2 3 4 5 6 40 57 58 82 171 172 173 193 194 195 196","1:2 3:2 3:3 6:3 6:4 6:5 6:6 40:41 56:58 59:58 84:81 171:171 173:171 173:173 194:193 194:195 196:195 196:196"
"خالہ فیروزہ","ریاض",8,"41 56 58 59 170 171 172 173","40:42 56:57 59:57 59:59 171:170 171:172 173:172 173:173"
"خالہ فیروزہ","زاہدہ",1,"231","229:234"
"خالہ فیروزہ","زاہدہ کے والد",1,"231","229:234"
"خالہ فیروزہ","زبیر خان",2,"56 57","56:56 59:56"
"خالہ فیروزہ","زری",4,"1 2 3 5","1:2 3:2 3:4 6:4"
"خالہ فیروزہ","زماں",2,"58 60","56:61 59:61"
"خالہ فیروزہ","ساجھا",2,"112 151","112:113 151:152"
"خالہ فیروزہ","سجیلا",1,"193","194:192"
"خالہ فیروزہ","صغراں",1,"112","112:113"
"خالہ فیروزہ","طاہرہ",2,"1 2","1:2 3:2"
"خالہ فیروزہ","طیبہ",3,"100 101 112","98:103 99:103 112:112"
"خالہ فیروزہ","ظفر احمد",34,"17 40 54 58 60 81 85 99 100 109 110 111 112 117 118 148 149 152 168 169 170 171 172 175 192 196 197 226 227 228 229","15:20 40:40 56:52 56:61 59:61 84:79 84:86 98:101 99:101 112:107 112:108 112:109 112:110 112:112 120:115 120:116 120:117 151:146 151:148 151:154 171:166 171:168 171:169 171:170 171:172 173:172 173:177 194:190 194:199 196:199 226:227 227:227 229:227 229:230"
"خالہ فیروزہ","عرفان صاحب",3,"192 193 198","194:190 194:192 196:200"
"خالہ فیروزہ","غلام رسول",3,"172 173 192","171:173 173:173 194:191"
"خالہ فیروزہ","ماسی جیونی",1,"41","40:43"
"خالہ فیروزہ","مسز سید",3,"223 224 225","226:221 226:223 226:224"
"خالہ فیروزہ","مسٹر سید",7,"223 224 225 226","226:221 226:222 226:223 226:224 226:225 226:226 227:226"
"خالہ فیروزہ","مسٹر عبد الباری",2,"56 58","56:57 59:57"
"خالہ فیروزہ","مظفر بھائی",1,"119","120:118"
"خالہ فیروزہ","ملک صاحب",17,"5 7 37 95 96 110 112 119 191 198 226 227 228 229","3:8 6:8 40:35 95:95 98:95 112:108 112:113 120:118 120:119 194:189 196:201 226:226 227:226 227:227 229:227 229:228 229:229"
"خالہ فیروزہ","ملکہ صاحبہ",1,"192","194:190"
"خالہ فیروزہ","منظر",5,"60 225 226 227 228","59:62 226:224 226:227 227:227 229:227"
"خالہ فیروزہ","منی",7,"55 113 117 151 169 198 224","56:54 112:115 120:115 151:151 171:167 196:200 226:223"
"خالہ فیروزہ","مہ پارہ",1,"193","194:192"
"خالہ فیروزہ","مہران",1,"42","40:45"
"خالہ فیروزہ","نانی اماں",2,"14 41","15:13 40:42"
"خالہ فیروزہ","نذیراں",1,"113","112:114"
"خالہ فیروزہ","نظر",30,"1 2 4 6 12 13 14 39 41 81 84 95 97 99 100 119 120 149 151 168 173 174 193 195 196 225 226","1:1 3:1 3:2 3:6 6:6 15:10 15:11 15:13 40:39 40:42 84:79 84:85 95:96 98:96 98:97 98:101 99:101 120:118 120:120 151:147 151:151 171:166 171:175 173:175 194:192 194:197 196:197 226:224 226:226 227:226"
"خالہ فیروزہ","نمازی",9,"2 3 4 92 97 99 119 153","1:3 3:3 6:3 95:90 95:100 98:100 99:100 120:119 151:155"
"خالہ فیروزہ","ومیلا",1,"193","194:192"
"خالہ فیروزہ","پیارا",1,"112","112:113"
"خالہ فیروزہ","چاچا دارا",1,"41","40:43"
"خالہ فیروزہ","چاچا کرم داد",2,"92 93","95:90 95:92"
"خالہ فیروزہ","چودھری نیاز محمد",5,"93 97 99 112","95:92 95:100 98:100 99:100 112:113"
"خالہ فیروزہ","ڈاکٹر اعجاز حسین",14,"8 12 13 38 39 54 81 93 95 96 173 174 231","6:10 15:10 15:12 40:36 40:38 40:39 56:52 84:79 95:91 95:95 98:95 171:175 173:175 229:233"
"خالہ فیروزہ","ڈمپل",14,"40 81 93 112 149 170 171 172 174 223 224 225","40:40 84:79 95:91 112:112 151:148 171:169 171:170 171:172 173:172 173:175 226:221 226:222 226:223 226:224"
"خالہ فیروزہ","ڈیوڈ",4,"171 172 192 193","171:171 173:171 194:191 194:193"
"خالہ فیروزہ","کیزو",2,"95 97","95:96 98:96"
"خالہ فیروزہ","گلنار",13,"39 86 92 93 99 100 113 117 118 119 231","40:38 84:89 95:90 95:92 98:101 99:101 112:115 120:115 120:116 120:117 120:118 120:119 229:233"
"خالہ فیروزہ","گوارہ شاہ",1,"112","112:113"
"خانساماں","رشیدہ میر",4,"319 320 321","321:317 321:319 321:320 321:322"
"خانساماں","ظفر احمد",5,"319 320 323","321:317 321:318 321:319 321:320 321:326"
"خانساماں","مسٹر سید",2,"319","321:317 321:318"
"خانساماں","ملک بختیار علی",1,"321","321:321"
"خانساماں","ملک صاحب",5,"318 319 320 321","321:316 321:317 321:319 321:320 321:321"
"خانساماں","نظر",2,"319","321:317 321:318"
"خانساماں","ڈاکٹر اعجاز حسین",1,"319","321:317"
"خانساماں","ڈمپل",4,"319 320 323","321:317 321:318 321:319 321:325"
"راشدہ","رشید",4,"1 183 187 300","2:1 185:181 185:189 299:302"
"راشدہ","رشیدہ میر",14,"1 2 3 4 39 40 41 42 183 184 185 298 299","2:1 2:2 4:2 4:4 42:37 42:39 42:40 42:41 42:42 185:182 185:183 185:185 299:297 299:299"
"راشدہ","رمضان",6,"2 3 4 41 44","2:2 4:2 4:3 4:4 42:41 42:47"
"راشدہ","ریاض",1,"42","42:42"
"راشدہ","زری",3,"2 3 4","2:2 4:2 4:4"
"راشدہ","سعیدہ",1,"185","185:185"
"راشدہ","صاحب خان",1,"296","299:294"
"راشدہ","طاہرہ",2,"2 3","2:2 4:2"
"راشدہ","ظفر احمد",6,"41 183 187 296 299","42:40 185:181 185:182 185:190 299:294 299:300"
"راشدہ","عرفان صاحب",1,"187","185:190"
"راشدہ","ماسی جیونی",1,"42","42:43"
"راشدہ","ملک صاحب",4,"6 183 187 301","4:8 185:181 185:189 299:304"
"راشدہ","ملکہ صاحبہ",2,"187 301","185:190 299:303"
"راشدہ","مہران",1,"43","42:45"
"راشدہ","نانی اماں",1,"42","42:42"
"راشدہ","نظر",10,"1 2 3 5 40 42 183 184 185 300","2:1 2:2 4:2 4:6 42:39 42:42 185:182 185:183 185:185 299:302"
"راشدہ","نمازی",3,"2 3 300","2:3 4:3 299:302"
"راشدہ","چاچا دارا",1,"42","42:43"
"راشدہ","ڈاکٹر اعجاز حسین",2,"40","42:38 42:39"
"راشدہ","ڈمپل",4,"41 298 300","42:40 299:297 299:298 299:301"
"راشدہ","گلنار",3,"40 296 297","42:38 299:294 299:295"
"رشید","رشیدہ میر",40,"1 14 15 16 17 22 23 24 27 28 29 31 32 33 34 35 73 74 106 109 171 172 173 174 178 179 181 187 188 191 299 300 302","1:1 17:12 17:13 17:14 17:15 17:16 17:17 25:20 25:21 25:22 25:23 25:29 26:29 28:29 30:29 30:32 32:32 35:32 35:33 35:34 35:35 74:73 74:75 109:104 109:109 174:169 174:170 174:171 174:172 174:173 174:174 181:176 181:177 181:182 189:185 189:188 189:193 302:297 302:299 302:302"
"رشید","رمضان",4,"1 172 173 191","1:2 174:171 174:173 189:193"
"رشید","ریاض",3,"172 173","174:170 174:172 174:173"
"رشید","زاہدہ",1,"107","109:106"
"رشید","زری",1,"1","1:2"
"رشید","زماں",1,"76","74:78"
"رشید","ساجھا",1,"111","109:113"
"رشید","سجیلا",1,"190","189:192"
"رشید","سعیدہ",3,"183 187 188","181:185 189:185 189:187"
"رشید","صغراں",1,"111","109:113"
"رشید","طاہرہ",1,"1","1:2"
"رشید","طیبہ",3,"19 23 110","17:22 25:22 109:112"
"رشید","ظفر احمد",36,"18 22 24 25 26 27 28 29 37 72 73 74 106 107 108 109 171 172 173 175 179 180 181 189 301 302","17:20 25:20 25:23 25:24 25:25 26:25 26:26 28:26 28:27 28:28 30:28 30:29 35:40 74:70 74:71 74:72 74:73 74:74 109:104 109:105 109:106 109:107 109:108 109:109 174:169 174:170 174:172 174:177 181:177 181:178 181:179 181:181 189:190 302:300 302:301 302:302"
"رشید","عرفان صاحب",1,"189","189:190"
"رشید","غلام رسول",2,"173 190","174:173 189:191"
"رشید","مظفر بھائی",1,"107","109:105"
"رشید","ملک صاحب",9,"32 33 35 107 108 111 181 189 303","30:35 32:35 35:35 109:106 109:108 109:113 181:181 189:189 302:304"
"رشید","ملکہ صاحبہ",2,"189 302","189:190 302:303"
"رشید","مہ پارہ",3,"19 23 190","17:21 25:21 189:192"
"رشید","نانی اماں",1,"15","17:13"
"رشید","نذیراں",1,"111","109:114"
"رشید","نظر",17,"1 15 26 27 28 29 37 74 107 174 179 181 187 190 302","1:1 17:13 25:27 26:27 28:27 28:28 30:28 30:29 35:39 74:75 109:105 174:175 181:177 181:182 189:185 189:192 302:302"
"رشید","نمازی",8,"2 25 26 27 28 29 72 302","1:3 25:26 26:26 28:26 28:28 30:28 74:71 302:302"
"رشید","ومیلا",1,"190","189:192"
"رشید","پروفیسر ضیا",1,"24","25:24"
"رشید","پیارا",1,"111","109:113"
"رشید","چودھری نیاز محمد",1,"111","109:113"
"رشید","ڈاکٹر اعجاز حسین",10,"14 26 27 34 35 73 74 174 179","17:12 25:27 26:27 28:27 32:36 35:36 74:73 74:74 174:175 181:178"
"رشید","ڈمپل",17,"19 23 24 37 73 74 110 171 172 173 174 178 180 299 300 301","17:22 25:22 25:23 25:24 35:40 74:73 74:74 109:112 174:169 174:170 174:172 174:175 181:176 181:179 302:297 302:298 302:301"
"رشید","ڈیوڈ",2,"172 190","174:171 189:191"
"رشید","گلنار",1,"36","35:38"
"رشید","گوارہ شاہ",1,"111","109:113"
"رشیدہ میر","رمضان",42,"1 2 3 4 5 6 39 40 41 44 46 47 57 58 59 79 80 81 83 158 160 169 170 171 172 173 190 193 194 195 198","1:2 2:2 4:2 4:3 4:4 5:4 5:5 7:5 7:6 37:41 39:41 40:41 41:41 42:41 42:47 46:47 48:47 56:58 58:58 61:58 77:81 78:81 79:81 80:81 81:81 86:81 157:160 161:160 168:171 169:171 170:171 171:171 172:171 172:173 173:173 174:173 188:193 193:193 194:193 194:195 195:195 201:196"
"رشیدہ میر","ریاض",20,"39 40 41 42 44 56 57 58 60 167 169 170 171 172 173","37:42 39:42 40:42 41:42 42:42 46:42 56:57 58:57 58:59 61:59 165:170 168:170 169:170 170:170 171:170 171:172 172:172 173:172 173:173 174:173"
"رشیدہ میر","زاہدہ",10,"104 105 107 232 233 235 236 237","103:106 104:106 109:106 231:234 232:234 233:234 237:234 237:236 237:237 238:237"
"رشیدہ میر","زاہدہ کے والد",5,"232 233 235 236","231:234 232:234 233:234 237:234 237:236"
"رشیدہ میر","زبیر خان",2,"56 57","56:56 58:56"
"رشیدہ میر","زری",9,"1 2 3 4 48 49 63","1:2 2:2 4:2 4:4 5:4 46:50 48:50 49:50 61:65"
"رشیدہ میر","زماں",8,"58 59 61 75 76 77 78","56:61 58:61 61:61 73:78 75:78 77:78 78:78 79:78"
"رشیدہ میر","ساجھا",9,"111 112 114 150 151 152","109:113 110:113 112:113 116:113 148:152 149:152 150:152 152:152 153:152"
"رشیدہ میر","سجیلا",2,"190 192","188:192 193:192"
"رشیدہ میر","سعیدہ",5,"183 184 185 186 187","182:185 183:185 185:185 188:185 188:187"
"رشیدہ میر","سیم صاحبہ",6,"208 209 210 211","206:211 207:211 208:211 209:211 210:211 212:211"
"رشیدہ میر","شیخ جی",1,"278","280:276"
"رشیدہ میر","صاحب خان",7,"214 216 218 289 290 295","212:217 215:217 219:217 287:291 288:291 289:291 297:294"
"رشیدہ میر","صغراں",4,"111 112 114","109:113 110:113 112:113 116:113"
"رشیدہ میر","طاہرہ",3,"1 2 3","1:2 2:2 4:2"
"رشیدہ میر","طلعت",1,"142","143:142"
"رشیدہ میر","طیبہ",26,"19 20 21 22 100 101 103 110 111 112 114 260 261 264 265 266 286 288 289","17:22 18:22 19:22 20:22 21:22 22:22 23:22 98:103 99:103 103:103 104:103 109:112 110:112 112:112 116:112 258:263 259:263 265:263 265:265 266:265 266:266 267:266 284:289 287:289 288:289 289:289"
"رشیدہ میر","ظفر احمد",238,"17 18 19 20 22 23 26 27 28 29 30 37 38 39 40 50 54 58 59 61 70 71 72 73 74 76 77 78 79 83 86 88 89 90 98 99 100 102 103 104 106 107 108 109 110 111 112 114 115 116 118 142 143 144 146 147 148 151 152 153 154 155 156 157 159 160 161 162 163 164 165 167 168 169 170 171 172 175 176 177 179 180 181 182 187 189 191 196 197 200 202 203 204 206 207 208 209 210 211 214 215 217 225 226 229 230 231 232 238 239 240 241 243 244 245 246 247 248 249 252 253 256 257 258 265 266 267 268 269 271 282 283 284 285 286 287 288 289 295 298 299 301 302 304 305 306 307 308 309 310 312 314 315 316 317 318 319 320 321 324 325 326 327 328 329","15:20 16:20 17:20 18:20 19:20 20:20 21:20 21:23 22:23 23:23 29:24 29:25 29:26 29:27 29:28 29:29 32:29 35:40 37:40 39:40 40:40 41:40 48:52 49:52 56:52 56:61 58:61 61:61 73:68 73:70 73:71 73:72 73:73 75:73 75:74 75:77 77:77 78:77 78:78 79:78 79:79 80:79 81:86 86:86 91:86 91:87 91:89 96:101 97:101 98:101 99:101 103:101 103:102 103:103 104:103 104:104 109:104 109:105 109:106 109:107 109:108 109:109 110:109 110:110 112:110 112:112 116:112 116:115 116:116 120:116 120:117 143:141 143:142 143:143 144:143 144:144 148:144 148:145 148:146 148:148 149:148 149:154 150:154 152:154 153:154 154:154 157:154 157:156 157:157 161:157 161:158 161:159 161:161 162:161 162:162 163:162 163:163 164:163 164:164 165:164 165:166 168:166 168:168 169:168 169:169 170:169 170:170 171:170 171:172 172:172 173:172 173:177 174:177 175:177 176:177 177:177 182:177 182:178 182:179 182:181 182:182 183:182 185:190 188:190 193:190 194:199 195:199 201:199 201:204 202:204 203:204 204:204 205:204 205:208 206:208 207:208 208:208 209:208 209:209 210:209 210:210 212:210 212:216 215:216 219:216 224:227 225:227 231:227 231:230 231:231 232:231 232:232 233:232 237:240 238:240 239:240 241:240 241:241 242:241 242:244 243:244 244:244 245:244 245:246 246:246 247:246 247:248 249:248 249:249 250:249 250:254 251:254 252:254 258:254 258:255 258:257 258:258 259:258 265:266 266:266 267:266 267:267 268:267 268:268 269:268 269:269 270:269 270:272 280:284 281:284 282:284 283:284 284:284 287:284 287:285 287:286 287:287 288:287 288:288 289:288 289:289 297:293 297:294 297:300 299:300 302:300 302:301 302:302 306:302 306:303 306:305 306:307 308:307 308:308 309:308 309:309 311:309 311:313 315:313 315:315 317:315 317:317 319:317 319:318 319:319 320:319 320:320 322:320 322:326 323:326 324:326 325:326 326:326 327:326 327:328 328:328 330:328 330:329"
"رشیدہ میر","عذرا",1,"63","61:66"
"رشیدہ میر","عرفان صاحب",6,"187 189 191 192 197 200","185:190 188:190 193:190 193:192 195:200 201:200"
"رشیدہ میر","عیدو",2,"272 277","270:275 280:275"
"رشیدہ میر","غلام رسول",9,"170 171 172 173 189 192","168:173 169:173 170:173 171:173 172:173 173:173 174:173 188:191 193:191"
"رشیدہ میر","ماسی جیونی",7,"41 42 44 45","39:43 40:43 41:43 42:43 46:43 46:44 46:45"
"رشیدہ میر","مسز سید",6,"220 222 223 224","219:221 220:221 224:221 224:223 224:224 225:224"
"رشیدہ میر","مسٹر سید",24,"204 205 206 207 220 222 223 224 225 228 238 239 240 316 317 318","202:207 203:207 204:207 205:207 206:207 207:207 208:207 219:221 220:221 224:221 224:222 224:223 224:224 225:224 225:225 231:226 237:239 238:239 239:239 241:239 315:317 317:317 319:317 319:318"
"رشیدہ میر","مسٹر عبد الباری",2,"56 57","56:57 58:57"
"رشیدہ میر","مظفر بھائی",6,"63 104 107 117 119","61:66 103:105 104:105 109:105 116:118 120:118"
"رشیدہ میر","ملک بختیار علی",13,"259 260 263 272 277 278 279 319 320 321","258:261 259:261 265:261 265:262 270:275 280:275 280:276 280:277 280:278 317:321 319:321 320:321 322:321"
"رشیدہ میر","ملک صاحب",163,"6 7 8 33 34 35 36 93 94 95 104 105 107 108 111 112 114 115 117 119 159 161 162 163 164 178 179 181 187 188 191 201 202 203 204 205 206 207 208 209 210 211 212 213 217 219 220 222 225 228 229 230 231 232 234 236 239 240 241 242 243 244 245 246 247 248 249 250 251 252 256 257 258 259 263 264 265 267 268 269 270 280 281 282 283 284 285 286 287 301 303 305 306 307 308 309 310 311 313 315 316 317 318 319 320 321 322 323 324 325 327 328 329","4:8 5:8 7:8 9:8 32:35 33:35 34:35 35:35 37:35 91:95 93:95 94:95 95:95 96:95 103:106 104:106 109:106 109:108 109:113 110:113 112:113 116:113 116:114 116:118 120:118 120:119 157:161 161:161 162:161 162:162 163:162 163:164 164:164 165:164 176:181 177:181 182:181 185:189 188:189 193:189 201:201 202:201 202:203 203:203 204:203 204:204 205:204 205:205 206:205 206:206 207:206 207:207 208:207 208:208 209:208 209:209 210:209 210:210 212:210 212:212 215:212 215:219 219:219 220:219 220:220 224:220 224:226 225:226 231:226 231:227 231:228 231:229 231:232 232:232 233:232 233:236 237:236 237:241 238:241 239:241 241:241 242:241 242:242 243:242 243:243 244:243 244:245 245:245 246:245 246:246 247:246 247:247 249:247 249:249 250:249 250:250 251:250 251:252 252:252 258:254 258:255 258:256 258:257 258:258 259:258 259:259 265:262 265:263 265:265 266:265 266:269 267:269 268:269 269:269 270:269 270:271 280:281 281:281 282:281 282:282 283:282 283:283 284:283 284:284 287:284 287:285 287:286 287:287 288:287 299:304 302:304 306:304 306:305 306:306 308:306 308:307 308:308 309:308 309:309 311:309 311:311 315:311 315:316 317:316 317:317 319:317 319:319 320:319 320:320 322:320 322:321 322:322 323:322 323:323 324:323 324:324 325:324 325:325 326:325 326:328 327:328 328:328 330:328"
"رشیدہ میر","ملکہ صاحبہ",6,"187 189 191 301 302 304","185:190 188:190 193:190 299:303 302:303 306:303"
"رشیدہ میر","منظر",10,"60 61 221 222 224 226 229 265","58:62 61:62 219:224 220:224 224:224 225:224 225:227 231:227 265:265 266:265"
"رشیدہ میر","منی",35,"51 55 112 113 115 149 150 151 164 165 166 167 197 200 201 208 209 210 211 213 214 221 223 259 260 263 279","49:54 56:54 110:115 112:115 116:115 148:151 149:151 150:151 152:151 162:167 163:167 164:167 165:167 168:167 195:200 201:200 201:201 202:201 206:211 207:211 208:211 209:211 210:211 212:211 212:214 215:214 219:223 220:223 224:223 258:261 259:261 265:261 265:262 280:278 280:279"
"رشیدہ میر","مہ پارہ",15,"18 19 20 21 190 192 208 209 210 211","16:21 17:21 18:21 19:21 20:21 21:21 22:21 188:192 193:192 206:211 207:211 208:211 209:211 210:211 212:211"
"رشیدہ میر","مہران",4,"42 43 45","40:45 41:45 42:45 46:45"
"رشیدہ میر","نانی اماں",17,"11 12 13 39 40 41 42 44 45 46 47","9:13 10:13 11:13 12:13 13:13 14:13 37:42 39:42 40:42 41:42 42:42 46:42 46:43 46:44 46:45 46:46 48:46"
"رشیدہ میر","نذیراں",4,"111 112 113 115","109:114 110:114 112:114 116:114"
"رشیدہ میر","نظر",186,"1 2 3 5 6 8 9 10 11 12 13 24 25 28 29 30 36 37 38 39 41 42 44 45 46 47 49 70 74 75 76 77 78 79 82 83 85 86 88 93 94 95 96 97 99 100 102 104 107 117 119 120 142 145 147 149 150 151 152 156 158 160 161 162 164 165 167 172 173 174 175 176 177 179 182 183 184 185 186 190 192 195 196 199 203 204 205 206 221 222 224 225 228 233 234 236 238 239 240 241 242 244 245 246 253 254 257 258 259 262 264 265 266 267 272 277 278 279 280 283 284 286 287 288 289 299 300 302 304 307 308 311 312 314 316 317 318","1:1 2:1 2:2 4:2 4:6 5:6 7:6 7:10 9:10 10:10 11:10 11:11 12:11 12:13 13:13 14:13 22:27 23:27 29:27 29:28 29:29 32:29 34:39 35:39 37:39 39:39 40:39 40:42 41:42 42:42 46:42 46:44 46:47 48:47 48:50 49:50 73:68 73:75 75:75 77:75 77:76 77:77 78:77 78:79 79:79 80:79 80:85 81:85 86:85 86:86 91:86 91:96 93:96 94:96 95:96 96:96 97:96 97:97 98:97 98:101 99:101 103:101 103:105 104:105 109:105 116:118 120:118 120:120 143:141 143:147 144:147 148:147 148:151 149:151 150:151 152:151 152:152 153:152 154:159 157:159 161:159 161:160 161:162 162:162 163:162 163:166 164:166 165:166 168:166 170:175 171:175 172:175 173:175 174:175 175:175 176:175 176:177 177:177 182:177 182:182 183:182 183:183 185:183 185:185 188:185 188:192 193:192 193:197 194:197 195:197 201:197 201:205 202:205 203:205 204:205 205:205 206:205 206:206 207:206 219:224 220:224 224:224 225:224 225:226 231:226 231:235 232:235 233:235 237:235 237:239 238:239 239:239 241:239 241:242 242:242 243:242 243:245 244:245 245:245 246:245 246:246 247:246 251:256 252:256 258:256 258:257 258:259 259:259 265:260 265:263 265:264 265:266 266:266 267:266 267:267 268:267 270:275 280:275 280:276 280:279 280:280 281:280 281:285 282:285 283:285 284:285 287:285 287:288 288:288 289:288 289:289 297:302 299:302 302:302 306:302 306:303 306:308 308:308 309:308 309:313 311:313 315:313 315:317 317:317 319:317 319:318"
"رشیدہ میر","نمازی",32,"2 3 23 24 27 28 72 88 90 97 98 99 101 102 117 119 152 153 154 156 289 290 299 300 302 304","1:3 2:3 4:3 21:26 22:26 23:26 29:26 29:28 73:71 86:90 91:90 95:100 96:100 97:100 98:100 99:100 103:100 103:101 116:119 120:119 150:155 152:155 153:155 154:155 157:155 287:291 288:291 289:291 297:302 299:302 302:302 306:302"
"رشیدہ میر","ومیلا",2,"190 192","188:192 193:192"
"رشیدہ میر","پاپا",6,"208 209 210 211","206:211 207:211 208:211 209:211 210:211 212:211"
"رشیدہ میر","پروفیسر بیگ",3,"48 49","46:50 48:50 49:50"
"رشیدہ میر","پروفیسر ضیا",6,"21 22 23 26","19:24 20:24 21:24 22:24 23:24 29:24"
"رشیدہ میر","پیارا",4,"111 112 114","109:113 110:113 112:113 116:113"
"رشیدہ میر","چاچا دارا",5,"41 42 44","39:43 40:43 41:43 42:43 46:43"
"رشیدہ میر","چاچا کرم داد",4,"88 90 91 92","86:90 91:90 91:92 93:92"
"رشیدہ میر","چودھری نیاز محمد",13,"91 92 97 98 99 101 111 112 114 115","91:92 93:92 95:100 96:100 97:100 98:100 99:100 103:100 109:113 110:113 112:113 116:113 116:114"
"رشیدہ میر","ڈاکٹر اعجاز حسین",66,"7 8 9 10 11 12 24 25 28 34 35 36 37 38 39 48 49 54 73 74 76 77 78 79 88 91 92 94 95 172 173 174 175 177 180 210 211 212 214 217 219 220 222 232 233 235 316 317 318","5:10 7:10 9:10 10:10 11:10 11:12 12:12 13:12 22:27 23:27 29:27 32:36 33:36 34:36 35:36 37:36 37:38 39:38 39:39 40:39 46:50 48:50 49:50 56:52 73:73 75:73 75:74 75:77 77:77 78:77 78:79 79:79 80:79 86:91 91:91 93:91 93:95 94:95 95:95 96:95 170:175 171:175 172:175 173:175 174:175 175:175 176:175 176:178 177:178 182:178 208:213 209:213 210:213 212:213 215:213 215:220 219:220 220:220 224:220 231:233 232:233 233:233 237:233 315:317 317:317 319:317"
"رشیدہ میر","ڈمپل",146,"19 20 21 22 23 26 37 38 39 40 48 49 73 74 76 77 78 79 88 91 92 110 111 112 114 145 146 148 159 161 162 164 165 166 168 169 170 171 172 174 175 176 178 180 201 202 203 205 206 207 209 210 211 212 213 214 215 217 219 220 222 223 224 235 237 238 240 241 242 243 244 246 247 248 249 258 259 262 265 266 267 268 269 270 280 281 282 283 297 298 300 301 316 317 318 319 322 323 324 325","17:22 18:22 19:22 20:22 21:22 22:22 23:22 23:23 29:24 35:40 37:40 39:40 40:40 41:40 46:50 48:50 49:50 73:73 75:73 75:74 75:77 77:77 78:77 78:79 79:79 80:79 86:91 91:91 93:91 109:112 110:112 112:112 116:112 143:148 144:148 148:148 149:148 157:162 161:162 162:162 163:162 163:165 164:165 165:165 168:165 168:169 169:169 170:169 170:170 171:170 171:172 172:172 173:172 173:175 174:175 175:175 176:175 176:176 177:176 177:179 182:179 201:202 202:202 203:202 203:203 204:203 204:206 205:206 206:206 207:206 207:207 208:207 208:211 209:211 210:211 212:211 212:212 215:212 215:213 215:214 215:215 219:215 219:220 220:220 224:220 224:221 224:222 224:223 224:224 225:224 233:238 237:238 238:238 239:238 239:241 241:241 242:241 242:242 243:242 243:243 244:243 244:244 245:244 245:247 246:247 247:247 249:247 249:249 250:249 258:258 259:258 259:259 265:260 265:265 266:265 266:267 267:267 268:267 268:269 269:269 270:269 270:271 280:281 281:281 282:281 282:282 283:282 283:283 284:283 297:297 299:297 299:298 299:301 302:301 315:317 317:317 319:317 319:318 319:319 320:319 320:325 322:325 323:325 324:325 325:325 326:325"
"رشیدہ میر","ڈیوڈ",9,"169 170 171 189 192 193","168:171 169:171 170:171 171:171 172:171 188:191 193:191 193:193 194:193"
"رشیدہ میر","کیزو",6,"93 94 95 96","91:96 93:96 94:96 95:96 96:96 97:96"
"رشیدہ میر","گلنار",50,"35 36 37 38 87 90 91 92 98 99 100 102 103 112 113 115 116 118 119 214 216 218 232 233 235 265 266 268 269 270 280 286 288 289 295 296","33:38 34:38 35:38 37:38 39:38 86:89 91:89 91:90 91:92 93:92 96:101 97:101 98:101 99:101 103:101 103:102 103:103 104:103 110:115 112:115 116:115 116:116 120:116 120:117 120:118 120:119 212:217 215:217 219:217 231:233 232:233 233:233 237:233 265:265 266:265 266:266 267:266 267:270 268:270 269:270 270:270 280:280 281:280 284:289 287:289 288:289 289:289 297:293 297:294 297:295"
"رشیدہ میر","گوارہ شاہ",4,"111 112 114","109:113 110:113 112:113 116:113"
"رمضان","ریاض",8,"41 44 57 58 170 171 172 173","41:42 47:42 58:57 58:59 171:170 171:172 173:172 173:173"
"رمضان","زبیر خان",1,"57","58:56"
"رمضان","زری",6,"2 3 4 48","2:2 3:2 3:4 4:4 5:4 47:50"
"رمضان","زماں",2,"59 79","58:61 81:78"
"رمضان","سجیلا",1,"192","193:192"
"رمضان","طاہرہ",2,"2","2:2 3:2"
"رمضان","ظفر احمد",22,"40 49 59 79 80 83 158 159 160 168 169 170 171 172 175 191 197","41:40 47:52 58:61 81:77 81:78 81:79 81:86 160:156 160:157 160:158 160:159 160:161 171:166 171:168 171:169 171:170 171:172 173:172 173:177 193:190 195:199 196:199"
"رمضان","عرفان صاحب",4,"191 192 197 198","193:190 193:192 195:200 196:200"
"رمضان","غلام رسول",3,"172 173 192","171:173 173:173 193:191"
"رمضان","ماسی جیونی",4,"42 45 46","41:43 47:43 47:44 47:45"
"رمضان","مسٹر عبد الباری",1,"57","58:57"
"رمضان","ملک صاحب",7,"5 6 7 160 191 198","3:8 4:8 5:8 6:8 160:161 193:189 196:201"
"رمضان","ملکہ صاحبہ",1,"191","193:190"
"رمضان","منظر",1,"60","58:62"
"رمضان","منی",4,"56 169 197 198","58:54 171:167 195:200 196:200"
"رمضان","مہ پارہ",1,"192","193:192"
"رمضان","مہران",2,"43 46","41:45 47:45"
"رمضان","نانی اماں",6,"41 44 45 46","41:42 47:42 47:43 47:44 47:45 47:46"
"رمضان","نظر",25,"1 2 4 5 6 40 41 44 45 47 78 79 80 83 159 160 168 173 174 192 195 196","2:1 2:2 3:2 3:6 4:6 5:6 6:6 41:39 41:42 47:42 47:44 47:47 81:76 81:77 81:79 81:85 160:159 160:160 171:166 171:175 173:175 193:192 193:197 195:197 196:197"
"رمضان","نمازی",4,"2 3 157","2:3 3:3 4:3 160:155"
"رمضان","ومیلا",1,"192","193:192"
"رمضان","پروفیسر بیگ",1,"48","47:50"
"رمضان","چاچا دارا",2,"42 45","41:43 47:43"
"رمضان","ڈاکٹر اعجاز حسین",10,"7 8 38 39 40 48 79 80 173 174","5:10 6:10 41:36 41:38 41:39 47:50 81:77 81:79 171:175 173:175"
"رمضان","ڈمپل",10,"40 48 79 80 161 170 171 172 174","41:40 47:50 81:77 81:79 160:162 171:169 171:170 171:172 173:172 173:175"
"رمضان","ڈیوڈ",5,"171 172 192 193 194","171:171 173:171 193:191 193:193 195:193"
"رمضان","گلنار",1,"39","41:38"
"ریاض","زبیر خان",1,"56","57:56"
"ریاض","زماں",2,"59 60","57:61 59:61"
"ریاض","ظفر احمد",12,"41 54 59 60 168 169 170 171 172 175","42:40 57:52 57:61 59:61 170:166 170:168 170:169 170:170 172:170 172:172 173:172 173:177"
"ریاض","غلام رسول",3,"171 172 173","170:173 172:173 173:173"
"ریاض","ماسی جیونی",1,"42","42:43"
"ریاض","مسٹر عبد الباری",2,"57 58","57:57 59:57"
"ریاض","منظر",2,"59 60","57:62 59:62"
"ریاض","منی",2,"55 168","57:54 170:167"
"ریاض","مہران",1,"43","42:45"
"ریاض","نانی اماں",1,"42","42:42"
"ریاض","نظر",6,"40 42 168 172 173 174","42:39 42:42 170:166 170:175 172:175 173:175"
"ریاض","چاچا دارا",1,"42","42:43"
"ریاض","ڈاکٹر اعجاز حسین",6,"40 54 172 173 174","42:38 42:39 57:52 170:175 172:175 173:175"
"ریاض","ڈمپل",8,"41 167 169 170 171 172 174","42:40 170:165 170:169 170:170 172:170 172:172 173:172 173:175"
"ریاض","ڈیوڈ",2,"170 171","170:171 172:171"
"ریاض","گلنار",1,"40","42:38"
"زاہدہ","زاہدہ کے والد",4,"234 235 236","234:234 236:234 236:236 237:236"
"زاہدہ","طیبہ",1,"104","106:103"
"زاہدہ","ظفر احمد",11,"103 104 105 106 232 233 238","106:101 106:102 106:103 106:104 106:105 106:106 234:230 234:231 234:232 236:240 237:240"
"زاہدہ","مسٹر سید",3,"236 237 238","234:239 236:239 237:239"
"زاہدہ","مظفر بھائی",1,"105","106:105"
"زاہدہ","ملک صاحب",7,"106 231 233 235 236 239","106:106 234:229 234:232 234:236 236:236 237:236 237:241"
"زاہدہ","نظر",6,"103 105 234 235 237 238","106:101 106:105 234:235 236:235 236:239 237:239"
"زاہدہ","نمازی",1,"103","106:101"
"زاہدہ","ڈاکٹر اعجاز حسین",1,"233","234:233"
"زاہدہ","ڈمپل",3,"236 237","234:238 236:238 237:238"
"زاہدہ","گلنار",4,"103 104 233","106:101 106:102 106:103 234:233"
"زاہدہ کے والد","ظفر احمد",4,"232 233 238","234:230 234:231 234:232 236:240"
"زاہدہ کے والد","مسٹر سید",2,"236 237","234:239 236:239"
"زاہدہ کے والد","ملک صاحب",4,"231 233 235 236","234:229 234:232 234:236 236:236"
"زاہدہ کے والد","نظر",3,"234 235 237","234:235 236:235 236:239"
"زاہدہ کے والد","ڈاکٹر اعجاز حسین",1,"233","234:233"
"زاہدہ کے والد","ڈمپل",2,"236 237","234:238 236:238"
"زاہدہ کے والد","گلنار",1,"233","234:233"
"زبیر خان","زماں",1,"58","56:61"
"زبیر خان","ظفر احمد",2,"54 58","56:52 56:61"
"زبیر خان","مسٹر عبد الباری",1,"56","56:57"
"زبیر خان","منی",1,"55","56:54"
"زبیر خان","ڈاکٹر اعجاز حسین",1,"54","56:52"
"زری","زماں",1,"63","65:61"
"زری","طاہرہ",2,"2 3","2:2 4:2"
"زری","ظفر احمد",6,"51 63 64 65","50:52 65:61 65:62 65:63 65:64 65:65"
"زری","عذرا",1,"65","65:66"
"زری","ماسی جیونی",1,"47","50:45"
"زری","مظفر بھائی",1,"65","65:66"
"زری","ملک صاحب",1,"6","4:8"
"زری","منظر",2,"63 64","65:62 65:64"
"زری","منی",2,"52 66","50:54 65:67"
"زری","مہران",1,"47","50:45"
"زری","نانی اماں",2,"47 48","50:45 50:46"
"زری","نظر",7,"1 2 3 5 48 50 66","2:1 2:2 4:2 4:6 50:47 50:50 65:67"
"زری","نمازی",2,"2 3","2:3 4:3"
"زری","پروفیسر بیگ",1,"50","50:50"
"زری","ڈاکٹر اعجاز حسین",1,"50","50:50"
"زری","ڈمپل",1,"50","50:50"
"زماں","ظفر احمد",5,"61 75 76 77 78","61:61 78:73 78:74 78:77 78:78"
"زماں","عذرا",1,"63","61:66"
"زماں","مسٹر عبد الباری",1,"59","61:57"
"زماں","مظفر بھائی",1,"63","61:66"
"زماں","منظر",1,"61","61:62"
"زماں","نظر",4,"76 77 78","78:75 78:76 78:77 78:79"
"زماں","ڈاکٹر اعجاز حسین",4,"75 76 77 78","78:73 78:74 78:77 78:79"
"زماں","ڈمپل",4,"75 76 77 78","78:73 78:74 78:77 78:79"
"ساجھا","صغراں",1,"113","113:113"
"ساجھا","طیبہ",1,"112","113:112"
"ساجھا","ظفر احمد",7,"110 111 112 114 150 153","113:108 113:109 113:110 113:112 113:115 152:148 152:154"
"ساجھا","مظفر بھائی",1,"115","113:118"
"ساجھا","ملک صاحب",2,"110 113","113:108 113:113"
"ساجھا","منی",2,"114 151","113:115 152:151"
"ساجھا","نذیراں",1,"113","113:114"
"ساجھا","نظر",4,"115 149 151 152","113:118 152:147 152:151 152:152"
"ساجھا","نمازی",1,"153","152:155"
"ساجھا","پیارا",1,"113","113:113"
"ساجھا","چودھری نیاز محمد",1,"113","113:113"
"ساجھا","ڈمپل",2,"112 150","113:112 152:148"
"ساجھا","گلنار",1,"114","113:115"
"ساجھا","گوارہ شاہ",1,"113","113:113"
"سجیلا","سعیدہ",1,"189","192:187"
"سجیلا","ظفر احمد",1,"191","192:190"
"سجیلا","عرفان صاحب",2,"191 192","192:190 192:192"
"سجیلا","غلام رسول",1,"191","192:191"
"سجیلا","ملک صاحب",1,"190","192:189"
"سجیلا","ملکہ صاحبہ",1,"191","192:190"
"سجیلا","مہ پارہ",1,"192","192:192"
"سجیلا","نظر",1,"192","192:192"
"سجیلا","ومیلا",1,"192","192:192"
"سجیلا","ڈیوڈ",2,"191 192","192:191 192:193"
"سعیدہ","ظفر احمد",4,"183 187 188","185:181 185:182 185:190 187:190"
"سعیدہ","عرفان صاحب",2,"187 188","185:190 187:190"
"سعیدہ","غلام رسول",1,"189","187:191"
"سعیدہ","ملک صاحب",3,"183 187 188","185:181 185:189 187:189"
"سعیدہ","ملکہ صاحبہ",2,"187 188","185:190 187:190"
"سعیدہ","مہ پارہ",1,"189","187:192"
"سعیدہ","نظر",5,"183 184 185 186 189","185:182 185:183 185:185 187:185 187:192"
"سعیدہ","ومیلا",1,"189","187:192"
"سعیدہ","ڈیوڈ",1,"189","187:191"
"سیم صاحبہ","ظفر احمد",4,"209 210 213","211:208 211:209 211:210 211:216"
"سیم صاحبہ","مسٹر سید",1,"209","211:207"
"سیم صاحبہ","ملک صاحب",6,"208 209 210 211","211:206 211:207 211:208 211:209 211:210 211:212"
"سیم صاحبہ","منی",1,"211","211:211"
"سیم صاحبہ","مہ پارہ",1,"211","211:211"
"سیم صاحبہ","نظر",1,"208","211:206"
"سیم صاحبہ","پاپا",1,"211","211:211"
"سیم صاحبہ","ڈاکٹر اعجاز حسین",1,"212","211:213"
"سیم صاحبہ","ڈمپل",3,"208 209 211","211:206 211:207 211:211"
"شیخ جی","ظفر احمد",2,"274","276:272 276:273"
"شیخ جی","عیدو",1,"275","276:275"
"شیخ جی","ملک بختیار علی",2,"275 276","276:275 276:276"
"شیخ جی","ملک صاحب",4,"273 274 278","276:271 276:272 276:273 276:281"
"شیخ جی","منی",1,"277","276:278"
"شیخ جی","نظر",2,"275 276","276:275 276:276"
"شیخ جی","ڈمپل",3,"273 274 278","276:271 276:273 276:281"
"شیخ جی","گلنار",2,"274 278","276:272 276:280"
"صاحب خان","طیبہ",1,"290","291:289"
"صاحب خان","ظفر احمد",9,"216 288 289 290 291 292 293 294","217:216 291:286 291:287 291:288 291:289 291:291 294:291 294:293 294:294"
"صاحب خان","مسز سید",1,"219","217:221"
"صاحب خان","مسٹر سید",1,"219","217:221"
"صاحب خان","ملک صاحب",4,"214 218 288 289","217:212 217:219 291:286 291:287"
"صاحب خان","منی",1,"215","217:214"
"صاحب خان","نظر",4,"289 290 291 292","291:288 291:289 291:291 294:291"
"صاحب خان","نمازی",2,"291 292","291:291 294:291"
"صاحب خان","ڈاکٹر اعجاز حسین",2,"215 218","217:213 217:220"
"صاحب خان","ڈمپل",6,"214 215 216 218 295","217:212 217:213 217:214 217:215 217:220 294:297"
"صاحب خان","گلنار",6,"217 290 291 292 293 294","217:217 291:289 291:291 294:291 294:293 294:294"
"صغراں","طیبہ",1,"112","113:112"
"صغراں","ظفر احمد",5,"110 111 112 114","113:108 113:109 113:110 113:112 113:115"
"صغراں","مظفر بھائی",1,"115","113:118"
"صغراں","ملک صاحب",2,"110 113","113:108 113:113"
"صغراں","منی",1,"114","113:115"
"صغراں","نذیراں",1,"113","113:114"
"صغراں","نظر",1,"115","113:118"
"صغراں","پیارا",1,"113","113:113"
"صغراں","چودھری نیاز محمد",1,"113","113:113"
"صغراں","ڈمپل",1,"112","113:112"
"صغراں","گلنار",1,"114","113:115"
"صغراں","گوارہ شاہ",1,"113","113:113"
"طاہرہ","نظر",2,"1 2","2:1 2:2"
"طاہرہ","نمازی",1,"2","2:3"
"طلعت","ظفر احمد",2,"141 142","142:141 142:142"
"طلعت","نظر",2,"141 144","142:141 142:147"
"طیبہ","ظفر احمد",20,"21 22 102 103 109 110 111 112 260 264 265 266 286 287 288 289","22:20 22:23 103:101 103:102 103:103 112:107 112:108 112:109 112:110 112:112 263:258 263:266 265:266 266:266 289:284 289:285 289:286 289:287 289:288 289:289"
"طیبہ","مظفر بھائی",1,"104","103:105"
"طیبہ","ملک بختیار علی",2,"262","263:261 263:262"
"طیبہ","ملک صاحب",15,"104 110 112 260 261 262 263 264 265 267 286 287 288","103:106 112:108 112:113 263:258 263:259 263:262 263:263 265:263 265:265 266:265 266:269 289:284 289:285 289:286 289:287"
"طیبہ","منظر",3,"264 265","263:265 265:265 266:265"
"طیبہ","منی",3,"113 262","112:115 263:261 263:262"
"طیبہ","مہ پارہ",1,"21","22:21"
"طیبہ","نذیراں",1,"113","112:114"
"طیبہ","نظر",13,"24 102 104 261 263 264 265 266 287 288 289","22:27 103:101 103:105 263:259 263:260 263:263 265:263 265:264 265:266 266:266 289:285 289:288 289:289"
"طیبہ","نمازی",4,"24 101 102 290","22:26 103:100 103:101 289:291"
"طیبہ","پروفیسر ضیا",1,"23","22:24"
"طیبہ","پیارا",1,"112","112:113"
"طیبہ","چودھری نیاز محمد",2,"101 112","103:100 112:113"
"طیبہ","ڈاکٹر اعجاز حسین",1,"24","22:27"
"طیبہ","ڈمپل",9,"22 112 260 261 264 265 266","22:22 112:112 263:258 263:259 263:260 263:265 265:265 266:265 266:267"
"طیبہ","گلنار",9,"102 103 113 264 265 266 289","103:101 103:102 103:103 112:115 263:265 265:265 266:265 266:266 289:289"
"طیبہ","گوارہ شاہ",1,"112","112:113"
"ظفر احمد","عذرا",9,"63 64 65 66 67","61:66 62:66 63:66 64:66 65:66 66:66 67:66 67:67 68:67"
"ظفر احمد","عرفان صاحب",3,"190 199 202","190:190 199:200 204:200"
"ظفر احمد","عیدو",2,"273 274","272:275 273:275"
"ظفر احمد","غلام رسول",6,"170 171 172 175 190","168:173 169:173 170:173 172:173 177:173 190:191"
"ظفر احمد","ماسی جیونی",1,"41","40:43"
"ظفر احمد","مسز سید",3,"218 225","216:221 227:223 227:224"
"ظفر احمد","مسٹر سید",15,"205 207 218 224 225 226 239 315 316 317 318","204:207 208:207 216:221 227:222 227:223 227:224 227:225 227:226 240:239 313:317 315:317 317:317 318:317 318:318 319:318"
"ظفر احمد","مسٹر عبد الباری",2,"54 59","52:57 61:57"
"ظفر احمد","مظفر بھائی",16,"63 64 65 66 103 104 105 116 117","61:66 62:66 63:66 64:66 65:66 66:66 67:66 101:105 102:105 103:105 104:105 105:105 106:105 115:118 116:118 117:118"
"ظفر احمد","ملک بختیار علی",11,"259 263 264 273 274 319 320 323","257:261 258:261 266:261 266:262 272:275 273:275 317:321 318:321 319:321 320:321 326:321"
"ظفر احمد","ملک صاحب",138,"37 103 104 105 106 107 108 111 112 114 116 117 158 159 160 161 162 163 164 165 179 180 181 189 200 202 203 204 206 207 208 209 210 214 217 226 227 228 229 231 232 238 240 241 242 243 244 245 246 247 248 249 251 252 253 254 255 256 257 258 264 265 267 268 269 270 271 272 273 282 283 284 285 286 287 302 303 304 305 306 307 308 309 311 312 314 315 316 317 318 319 320 323 324 325 327 328","40:35 101:106 102:106 103:106 104:106 105:106 106:106 107:106 107:108 108:108 109:108 109:113 110:113 112:113 115:113 115:114 115:118 116:118 117:118 156:161 157:161 158:161 159:161 161:161 162:161 162:162 163:162 163:164 164:164 166:164 177:181 178:181 179:181 181:181 182:181 190:189 199:201 204:201 204:203 204:204 208:204 208:205 208:206 208:207 208:208 209:208 209:209 210:209 210:210 216:212 216:219 227:226 227:227 230:227 230:228 230:229 230:232 231:232 232:232 240:236 240:241 241:241 244:241 244:242 244:243 244:245 246:245 246:246 248:246 248:247 248:249 249:249 254:249 254:250 254:252 254:254 255:254 255:255 257:255 257:256 257:257 258:257 258:258 266:262 266:263 266:265 266:269 267:269 268:269 269:269 272:269 272:271 272:272 273:272 273:273 284:281 284:282 284:283 284:284 285:284 285:285 286:285 286:286 287:286 287:287 288:287 300:304 301:304 302:304 303:304 305:304 305:305 307:305 307:306 307:307 308:307 308:308 309:308 309:309 313:309 313:311 313:316 315:316 317:316 317:317 318:317 318:319 319:319 320:319 320:320 326:321 326:322 326:323 326:324 326:325 326:328 328:328 329:328"
"ظفر احمد","ملکہ صاحبہ",6,"190 301 302 303 304","190:190 300:303 301:303 302:303 303:303 305:303"
"ظفر احمد","منظر",10,"61 62 63 64 225 227 228 265","61:62 62:62 63:62 63:64 64:64 65:64 227:224 227:227 230:227 266:265"
"ظفر احمد","منی",35,"53 64 65 66 67 112 113 115 148 149 152 164 165 166 167 199 202 209 210 213 215 225 259 263 264 275 281","52:54 62:67 63:67 64:67 65:67 66:67 67:67 68:67 110:115 112:115 115:115 116:115 146:151 148:151 154:151 162:167 163:167 164:167 166:167 168:167 199:200 204:200 204:201 208:211 209:211 210:211 216:211 216:214 227:223 257:261 258:261 266:261 266:262 273:278 284:279"
"ظفر احمد","مہ پارہ",7,"20 22 191 209 210 213","20:21 23:21 190:192 208:211 209:211 210:211 216:211"
"ظفر احمد","مہران",1,"42","40:45"
"ظفر احمد","نانی اماں",1,"41","40:42"
"ظفر احمد","نذیراں",4,"111 112 113 114","109:114 110:114 112:114 115:114"
"ظفر احمد","نظر",147,"25 26 27 28 29 39 41 49 51 64 65 66 67 68 69 72 73 74 76 77 78 79 85 86 98 99 101 103 104 105 116 117 141 144 145 146 147 149 152 153 156 157 158 159 160 161 162 164 165 166 167 172 173 176 177 180 181 182 187 191 198 204 206 207 225 226 232 233 237 239 241 243 244 245 246 247 255 256 257 258 264 265 266 267 273 274 281 282 284 285 287 288 289 290 291 292 301 302 303 304 306 307 308 311 313 314 316 317 318","23:27 24:27 25:27 26:27 27:27 28:27 28:28 29:28 29:29 40:39 40:42 52:47 52:50 62:67 63:67 64:67 65:67 66:67 67:67 68:67 68:68 70:68 70:75 71:75 72:75 73:75 74:75 77:75 77:76 77:77 78:77 78:79 79:79 86:85 86:86 87:86 101:96 101:97 101:101 102:101 102:105 103:105 104:105 105:105 106:105 115:118 116:118 117:118 141:141 142:141 142:147 143:147 144:147 145:147 146:147 148:147 148:151 154:151 154:152 154:159 156:159 157:159 158:159 159:159 161:159 161:160 161:162 162:162 163:162 163:166 164:166 166:166 168:166 170:175 172:175 177:175 177:177 178:177 178:182 179:182 181:182 182:182 190:185 190:192 199:197 204:205 208:205 208:206 227:224 227:226 230:235 231:235 232:235 240:235 240:239 240:242 241:242 244:242 244:245 246:245 246:246 248:246 254:256 255:256 257:256 257:257 258:257 258:259 266:263 266:264 266:266 267:266 267:267 268:267 272:275 273:275 284:279 284:280 284:285 285:285 286:285 286:288 287:288 288:288 289:288 289:289 291:289 291:291 293:291 300:302 301:302 302:302 303:302 303:303 305:303 305:308 307:308 308:308 309:308 309:313 313:313 315:313 315:317 317:317 318:317 318:318 319:318"
"ظفر احمد","نمازی",35,"24 25 26 27 28 68 69 70 71 88 89 100 101 117 118 154 155 288 289 290 291 292 301 302","23:26 24:26 25:26 26:26 27:26 27:28 28:28 29:28 66:71 67:71 68:71 70:71 71:71 72:71 86:90 87:90 89:90 101:100 101:101 102:101 115:119 116:119 117:119 154:155 156:155 286:291 287:291 288:291 289:291 291:291 293:291 300:302 301:302 302:302 303:302"
"ظفر احمد","ومیلا",1,"191","190:192"
"ظفر احمد","پاپا",4,"209 210 213","208:211 209:211 210:211 216:211"
"ظفر احمد","پروفیسر بیگ",1,"51","52:50"
"ظفر احمد","پروفیسر ضیا",4,"22 23 24","20:24 23:24 24:24 25:24"
"ظفر احمد","پیارا",5,"110 111 112 114","108:113 109:113 110:113 112:113 115:113"
"ظفر احمد","چاچا دارا",1,"41","40:43"
"ظفر احمد","چاچا کرم داد",3,"88 89","86:90 87:90 89:90"
"ظفر احمد","چودھری نیاز محمد",9,"89 90 100 110 111 112 114","87:92 89:92 101:100 108:113 109:113 110:113 112:113 115:113 115:114"
"ظفر احمد","ڈاکٹر اعجاز حسین",44,"25 26 27 38 39 51 52 70 71 72 73 74 75 77 78 79 88 89 90 172 173 176 177 178 210 211 214 218 231 232 315 316 317","23:27 24:27 25:27 26:27 27:27 28:27 40:36 40:38 40:39 52:50 52:52 68:73 70:73 71:73 72:73 73:73 74:73 74:74 77:74 77:77 78:77 78:79 79:79 86:91 87:91 89:91 170:175 172:175 177:175 177:178 178:178 179:178 208:213 209:213 210:213 216:213 216:220 230:233 231:233 232:233 313:317 315:317 317:317 318:317"
"ظفر احمد","ڈمپل",122,"21 22 23 24 40 51 70 71 72 73 74 75 77 78 79 88 89 90 109 110 111 112 113 145 146 147 148 159 160 161 162 164 165 167 168 169 170 171 172 174 176 178 179 180 200 203 205 207 209 210 213 214 215 218 224 225 239 240 241 242 243 244 245 246 247 248 249 251 256 257 258 265 266 267 268 269 270 271 272 273 282 283 295 298 299 300 301 315 316 317 318 319 322 325","20:22 23:22 23:23 24:23 24:24 25:24 40:40 52:50 68:73 70:73 71:73 72:73 73:73 74:73 74:74 77:74 77:77 78:77 78:79 79:79 86:91 87:91 89:91 107:112 108:112 109:112 110:112 112:112 115:112 143:148 144:148 145:148 146:148 148:148 157:162 158:162 159:162 161:162 162:162 163:162 163:165 164:165 166:165 166:169 168:169 169:169 170:169 170:170 172:170 172:172 177:172 177:175 177:176 177:179 178:179 179:179 181:179 199:202 204:202 204:203 204:206 208:206 208:207 208:211 209:211 210:211 216:211 216:212 216:213 216:214 216:215 216:220 227:222 227:223 227:224 240:238 240:241 241:241 244:241 244:242 244:243 244:244 246:244 246:247 248:247 248:249 249:249 254:249 254:258 255:258 257:258 258:258 266:265 266:267 267:267 268:267 268:269 269:269 272:269 272:271 272:273 273:273 284:281 284:282 284:283 293:297 294:297 300:297 300:298 300:301 301:301 302:301 313:317 315:317 317:317 318:317 318:318 319:318 319:319 320:319 320:325 326:325"
"ظفر احمد","ڈیوڈ",6,"168 169 170 171 190","166:171 168:171 169:171 170:171 172:171 190:191"
"ظفر احمد","کیزو",1,"98","101:96"
"ظفر احمد","گلنار",44,"39 87 88 89 101 102 103 112 113 115 116 117 216 231 232 265 266 268 269 271 272 282 286 287 288 289 290 291 292 293 294 297","40:38 86:89 87:89 89:89 101:101 102:101 102:102 103:102 103:103 104:103 110:115 112:115 115:115 116:115 116:116 117:116 117:117 216:217 230:233 231:233 232:233 266:265 266:266 267:266 267:270 268:270 269:270 272:270 272:272 273:272 284:280 284:289 285:289 286:289 287:289 288:289 289:289 291:289 291:291 293:291 293:293 294:293 294:294 300:295"
"ظفر احمد","گوارہ شاہ",5,"110 111 112 114","108:113 109:113 110:113 112:113 115:113"
"عذرا","مظفر بھائی",2,"66","66:66 67:66"
"عذرا","منظر",2,"64 65","66:62 66:64"
"عذرا","منی",2,"66 67","66:67 67:67"
"عذرا","نظر",2,"66 67","66:67 67:67"
"عذرا","نمازی",2,"68 69","66:71 67:71"
"عرفان صاحب","غلام رسول",2,"190 191","190:191 192:191"
"عرفان صاحب","ملک صاحب",2,"189 200","190:189 200:201"
"عرفان صاحب","ملکہ صاحبہ",2,"190 191","190:190 192:190"
"عرفان صاحب","منی",1,"200","200:200"
"عرفان صاحب","مہ پارہ",2,"191 192","190:192 192:192"
"عرفان صاحب","نظر",5,"187 191 192 198 202","190:185 190:192 192:192 200:197 200:205"
"عرفان صاحب","ومیلا",2,"191 192","190:192 192:192"
"عرفان صاحب","ڈمپل",1,"201","200:202"
"عرفان صاحب","ڈیوڈ",3,"190 191 192","190:191 192:191 192:193"
"عیدو","ملک بختیار علی",1,"275","275:275"
"عیدو","ملک صاحب",3,"273 274","275:271 275:272 275:273"
"عیدو","منی",1,"276","275:278"
"عیدو","نظر",1,"275","275:275"
"عیدو","ڈمپل",2,"273 274","275:271 275:273"
"عیدو","گلنار",3,"272 273 277","275:270 275:272 275:280"
"غلام رسول","ملک صاحب",1,"190","191:189"
"غلام رسول","ملکہ صاحبہ",1,"190","191:190"
"غلام رسول","مہ پارہ",1,"191","191:192"
"غلام رسول","نظر",2,"174 191","173:175 191:192"
"غلام رسول","ومیلا",1,"191","191:192"
"غلام رسول","ڈاکٹر اعجاز حسین",1,"174","173:175"
"غلام رسول","ڈمپل",4,"171 172 174","173:169 173:170 173:172 173:175"
"غلام رسول","ڈیوڈ",2,"172 191","173:171 191:191"
"ماسی جیونی","مہران",3,"44 45","43:45 44:45 45:45"
"ماسی جیونی","نانی اماں",6,"42 43 44 45","43:42 43:43 44:43 44:44 45:44 45:45"
"ماسی جیونی","نظر",6,"41 42 43 44 46","43:39 43:42 43:44 44:44 45:44 45:47"
"ماسی جیونی","پروفیسر بیگ",1,"47","45:50"
"ماسی جیونی","چاچا دارا",2,"43","43:43 44:43"
"ماسی جیونی","ڈاکٹر اعجاز حسین",3,"40 41 47","43:38 43:39 45:50"
"ماسی جیونی","ڈمپل",2,"41 47","43:40 45:50"
"ماسی جیونی","گلنار",1,"40","43:38"
"مسز سید","مسٹر سید",6,"221 222 223 224","221:221 223:221 223:222 223:223 224:223 224:224"
"مسز سید","ملک صاحب",5,"220 223 224 225","221:219 221:220 221:226 223:226 224:226"
"مسز سید","منظر",3,"222 223 224","221:224 223:224 224:224"
"مسز سید","منی",3,"222 223","221:223 223:223 224:223"
"مسز سید","نظر",3,"222 223 224","221:224 223:224 224:224"
"مسز سید","ڈاکٹر اعجاز حسین",1,"220","221:220"
"مسز سید","ڈمپل",7,"220 221 222 223 224","221:220 221:221 223:221 223:222 223:223 224:223 224:224"
"مسز سید","گلنار",1,"219","221:217"
"مسٹر سید","ملک بختیار علی",2,"319","317:321 318:321"
"مسٹر سید","ملک صاحب",19,"205 206 207 220 223 224 225 226 237 240 316 317 318","207:203 207:204 207:205 207:206 207:207 221:219 221:220 221:226 222:226 223:226 224:226 225:226 226:226 239:236 239:241 317:316 317:317 318:317 318:319"
"مسٹر سید","منظر",7,"222 223 224 226","221:224 222:224 223:224 224:224 225:224 225:227 226:227"
"مسٹر سید","منی",5,"209 222 223","207:211 221:223 222:223 223:223 224:223"
"مسٹر سید","مہ پارہ",1,"209","207:211"
"مسٹر سید","نظر",15,"206 222 223 224 225 226 237 239 315 317 318","207:205 207:206 221:224 222:224 223:224 224:224 225:224 225:226 226:226 239:235 239:239 317:313 317:317 318:317 318:318"
"مسٹر سید","پاپا",1,"209","207:211"
"مسٹر سید","ڈاکٹر اعجاز حسین",3,"220 317","221:220 317:317 318:317"
"مسٹر سید","ڈمپل",18,"204 205 206 207 220 221 222 223 224 238 240 317 318","207:202 207:203 207:206 207:207 221:220 221:221 222:221 222:222 223:222 223:223 224:223 224:224 225:224 239:238 239:241 317:317 318:317 318:318"
"مسٹر سید","گلنار",1,"219","221:217"
"مسٹر عبد الباری","منظر",1,"59","57:62"
"مسٹر عبد الباری","منی",1,"55","57:54"
"مسٹر عبد الباری","ڈاکٹر اعجاز حسین",1,"54","57:52"
"مظفر بھائی","ملک صاحب",4,"105 115 116 118","105:106 118:113 118:114 118:118"
"مظفر بھائی","منظر",2,"64 65","66:62 66:64"
"مظفر بھائی","منی",2,"66 116","66:67 118:115"
"مظفر بھائی","نذیراں",1,"116","118:114"
"مظفر بھائی","نظر",4,"66 103 105 118","66:67 105:101 105:105 118:118"
"مظفر بھائی","نمازی",4,"68 102 103 118","66:71 105:100 105:101 118:119"
"مظفر بھائی","پیارا",1,"115","118:113"
"مظفر بھائی","چودھری نیاز محمد",3,"102 115 116","105:100 118:113 118:114"
"مظفر بھائی","گلنار",7,"103 104 116 117 118","105:101 105:102 105:103 118:115 118:116 118:117 118:118"
"مظفر بھائی","گوارہ شاہ",1,"115","118:113"
"ملک بختیار علی","ملک صاحب",17,"258 259 260 261 262 273 274 278 279 318 319 320 321","261:256 261:257 261:258 261:259 261:262 262:262 275:271 275:272 275:273 276:281 277:281 278:281 321:316 321:317 321:319 321:320 321:321"
"ملک بختیار علی","منظر",2,"263","261:265 262:265"
"ملک بختیار علی","منی",7,"261 262 276 277 278","261:261 262:261 262:262 275:278 276:278 277:278 278:278"
"ملک بختیار علی","نظر",14,"258 259 260 262 275 276 278 319","261:256 261:257 261:259 261:260 261:263 262:263 275:275 276:275 276:276 277:276 277:279 278:279 321:317 321:318"
"ملک بختیار علی","ڈاکٹر اعجاز حسین",1,"319","321:317"
"ملک بختیار علی","ڈمپل",14,"259 260 263 273 274 278 279 319 320 323","261:258 261:259 261:260 261:265 262:265 275:271 275:273 276:281 277:281 278:281 321:317 321:318 321:319 321:325"
"ملک بختیار علی","گلنار",8,"263 272 273 277 278 279","261:265 262:265 275:270 275:272 275:280 276:280 277:280 278:280"
"ملک صاحب","ملکہ صاحبہ",2,"189 303","189:190 304:303"
"ملک صاحب","منظر",10,"221 222 225 226 227 263 264 265 267","219:224 220:224 226:224 226:227 227:227 228:227 262:265 263:265 265:265 269:265"
"ملک صاحب","منی",29,"114 116 164 165 200 201 202 208 209 210 211 213 216 221 224 258 259 260 261 262 275 279 280","113:115 114:115 118:115 162:167 164:167 201:200 201:201 203:201 206:211 207:211 208:211 209:211 210:211 212:211 212:214 219:214 219:223 220:223 226:223 256:261 257:261 258:261 259:261 262:261 262:262 263:262 273:278 281:278 281:279"
"ملک صاحب","مہ پارہ",7,"190 208 209 210 211","189:192 206:211 207:211 208:211 209:211 210:211 212:211"
"ملک صاحب","نانی اماں",1,"10","8:13"
"ملک صاحب","نذیراں",3,"113 114 116","113:114 114:114 118:114"
"ملک صاحب","نظر",93,"7 9 37 95 103 105 115 116 118 119 160 161 162 163 165 179 181 187 190 199 203 204 205 206 221 222 225 226 233 235 237 240 241 242 244 245 246 254 255 256 257 258 259 260 261 262 263 264 265 267 268 273 274 278 280 283 284 285 287 303 306 307 308 311 312 314 316 317 318","8:6 8:10 35:39 95:96 106:101 106:105 113:118 114:118 118:118 119:118 119:120 161:159 161:160 161:162 162:162 164:162 164:166 181:177 181:182 189:185 189:192 201:197 201:205 203:205 204:205 205:205 206:205 206:206 207:206 219:224 220:224 226:224 226:226 227:226 232:235 236:235 236:239 241:239 241:242 242:242 243:242 243:245 245:245 246:245 246:246 247:246 252:256 254:256 255:256 256:256 257:256 257:257 258:257 258:259 259:259 262:259 262:260 262:263 263:263 265:263 265:264 265:266 269:266 269:267 271:275 272:275 273:275 281:276 281:279 281:280 281:285 282:285 283:285 284:285 285:285 286:285 286:288 287:288 304:302 304:303 304:308 305:308 306:308 307:308 308:308 309:308 309:313 311:313 316:313 316:317 317:317 319:317 319:318"
"ملک صاحب","نمازی",10,"5 92 97 103 116 118 119 288 289 303","8:3 95:90 95:100 106:101 114:119 118:119 119:119 286:291 287:291 304:302"
"ملک صاحب","ومیلا",1,"190","189:192"
"ملک صاحب","پاپا",6,"208 209 210 211","206:211 207:211 208:211 209:211 210:211 212:211"
"ملک صاحب","پیارا",3,"110 113","108:113 113:113 114:113"
"ملک صاحب","چاچا کرم داد",2,"92 93","95:90 95:92"
"ملک صاحب","چودھری نیاز محمد",7,"93 97 110 113 114 116","95:92 95:100 108:113 113:113 114:113 114:114 118:114"
"ملک صاحب","ڈاکٹر اعجاز حسین",18,"9 35 93 95 179 210 211 212 219 220 230 231 232 234 316 317 318","8:10 35:36 95:91 95:95 181:178 208:213 209:213 210:213 212:213 219:220 220:220 228:233 229:233 232:233 236:233 316:317 317:317 319:317"
"ملک صاحب","ڈمپل",88,"37 93 110 112 161 162 163 164 178 180 201 202 203 205 206 207 209 210 211 212 216 217 219 220 223 224 225 237 239 241 242 243 244 246 247 248 249 256 257 258 259 260 261 263 264 265 267 268 269 270 271 272 273 281 282 283 302 316 317 318 319 322 323 324 325 326","35:40 95:91 108:112 113:112 161:162 162:162 164:162 164:165 181:176 181:179 201:202 203:202 203:203 204:203 204:206 205:206 206:206 207:206 207:207 208:207 208:211 209:211 210:211 212:211 212:212 219:214 219:215 219:220 220:220 226:221 226:222 226:223 226:224 236:238 241:238 241:241 242:241 242:242 243:242 243:243 245:243 245:244 245:247 246:247 247:247 249:247 249:249 250:249 254:258 255:258 256:258 257:258 258:258 259:258 259:259 262:259 262:260 262:265 263:265 265:265 269:265 269:267 269:269 271:269 271:271 272:271 272:273 273:273 281:281 282:281 282:282 283:282 283:283 284:283 304:301 316:317 317:317 319:317 319:318 319:319 320:319 320:325 321:325 322:325 323:325 324:325 325:325 328:325"
"ملک صاحب","ڈیوڈ",1,"190","189:191"
"ملک صاحب","کیزو",1,"95","95:96"
"ملک صاحب","گلنار",35,"36 92 93 103 104 114 116 117 118 119 214 218 230 231 232 234 263 264 265 267 269 270 271 272 280 286 287 288","35:38 95:90 95:92 106:101 106:102 106:103 113:115 114:115 118:115 118:116 118:117 118:118 119:118 119:119 212:217 219:217 228:233 229:233 232:233 236:233 262:265 263:265 265:265 269:265 269:266 269:270 271:270 271:272 272:272 273:272 281:280 284:289 285:289 286:289 287:289"
"ملک صاحب","گوارہ شاہ",3,"110 113","108:113 113:113 114:113"
"ملکہ صاحبہ","مہ پارہ",1,"191","190:192"
"ملکہ صاحبہ","نظر",4,"187 191 302 303","190:185 190:192 303:302 303:303"
"ملکہ صاحبہ","نمازی",1,"302","303:302"
"ملکہ صاحبہ","ومیلا",1,"191","190:192"
"ملکہ صاحبہ","ڈمپل",2,"300 302","303:298 303:301"
"ملکہ صاحبہ","ڈیوڈ",1,"190","190:191"
"منظر","منی",5,"64 65 223 263","62:67 64:67 224:223 265:261 265:262"
"منظر","نظر",9,"64 65 224 225 226 262 264 265","62:67 64:67 224:224 227:224 227:226 265:260 265:263 265:264 265:266"
"منظر","ڈاکٹر اعجاز حسین",1,"222","224:220"
"منظر","ڈمپل",8,"222 223 224 225 262 265","224:220 224:221 224:222 224:223 224:224 227:224 265:260 265:265"
"منظر","گلنار",1,"265","265:265"
"منی","مہ پارہ",2,"211 212","211:211 214:211"
"منی","نذیراں",1,"114","115:114"
"منی","نظر",22,"52 67 116 149 151 164 166 198 202 203 208 223 258 259 260 262 276 277 278 279","54:50 67:67 115:118 151:147 151:151 167:162 167:166 200:197 200:205 201:205 211:206 223:224 261:256 261:257 261:259 261:260 261:263 262:263 278:275 278:276 278:279 279:279"
"منی","نمازی",3,"69 117 153","67:71 115:119 151:155"
"منی","پاپا",2,"211 212","211:211 214:211"
"منی","پروفیسر بیگ",1,"52","54:50"
"منی","پیارا",1,"114","115:113"
"منی","چودھری نیاز محمد",2,"114","115:113 115:114"
"منی","ڈاکٹر اعجاز حسین",5,"52 53 212 213 221","54:50 54:52 211:213 214:213 223:220"
"منی","ڈمپل",27,"52 113 149 164 166 168 201 208 209 211 212 213 214 221 222 223 259 260 263 275 279 280","54:50 115:112 151:148 167:162 167:165 167:169 200:202 201:202 211:206 211:207 211:211 214:211 214:212 214:213 214:214 223:220 223:221 223:222 223:223 261:258 261:259 261:260 261:265 262:265 278:273 278:281 279:281"
"منی","ڈیوڈ",1,"169","167:171"
"منی","گلنار",6,"115 215 263 279","115:115 214:217 261:265 262:265 278:280 279:280"
"منی","گوارہ شاہ",1,"114","115:113"
"مہ پارہ","نظر",2,"192 208","192:192 211:206"
"مہ پارہ","نمازی",1,"23","21:26"
"مہ پارہ","ومیلا",1,"192","192:192"
"مہ پارہ","پاپا",1,"211","211:211"
"مہ پارہ","پروفیسر ضیا",1,"22","21:24"
"مہ پارہ","ڈاکٹر اعجاز حسین",1,"212","211:213"
"مہ پارہ","ڈمپل",4,"21 208 209 211","21:22 211:206 211:207 211:211"
"مہ پارہ","ڈیوڈ",2,"191 192","192:191 192:193"
"مہران","نانی اماں",4,"43 44 45","45:42 45:43 45:44 45:45"
"مہران","نظر",3,"43 44 46","45:42 45:44 45:47"
"مہران","پروفیسر بیگ",1,"47","45:50"
"مہران","چاچا دارا",1,"44","45:43"
"مہران","ڈاکٹر اعجاز حسین",1,"47","45:50"
"مہران","ڈمپل",2,"42 47","45:40 45:50"
"نانی اماں","نظر",11,"11 12 13 40 42 43 44 46","13:10 13:11 13:13 42:39 42:42 43:42 43:44 44:44 45:44 45:47 46:47"
"نانی اماں","پروفیسر بیگ",2,"47 48","45:50 46:50"
"نانی اماں","چاچا دارا",3,"42 43","42:43 43:43 44:43"
"نانی اماں","ڈاکٹر اعجاز حسین",6,"11 12 40 47 48","13:10 13:12 42:38 42:39 45:50 46:50"
"نانی اماں","ڈمپل",3,"41 47 48","42:40 45:50 46:50"
"نانی اماں","گلنار",1,"40","42:38"
"نذیراں","نظر",1,"116","114:118"
"نذیراں","نمازی",1,"116","114:119"
"نذیراں","پیارا",1,"113","114:113"
"نذیراں","چودھری نیاز محمد",2,"113 114","114:113 114:114"
"نذیراں","ڈمپل",1,"113","114:112"
"نذیراں","گلنار",1,"114","114:115"
"نذیراں","گوارہ شاہ",1,"113","114:113"
"نظر","نمازی",27,"2 4 26 27 28 69 73 87 88 98 100 101 103 118 119 153 157 289 290 291 302","1:3 2:3 6:3 27:26 27:28 28:28 29:28 67:71 68:71 75:71 85:90 86:90 96:100 97:100 101:100 101:101 105:101 118:119 120:119 151:155 152:155 159:155 288:291 289:291 291:291 302:302 303:302"
"نظر","ومیلا",2,"192 194","192:192 197:192"
"نظر","پاپا",1,"208","206:211"
"نظر","پروفیسر بیگ",2,"48 50","47:50 50:50"
"نظر","پروفیسر ضیا",1,"25","27:24"
"نظر","پیارا",1,"115","118:113"
"نظر","چاچا دارا",3,"41 42 43","39:43 42:43 44:43"
"نظر","چاچا کرم داد",3,"87 88 94","85:90 86:90 96:92"
"نظر","چودھری نیاز محمد",6,"94 98 100 115 116","96:92 96:100 97:100 101:100 118:113 118:114"
"نظر","ڈاکٹر اعجاز حسین",33,"8 10 11 12 27 37 38 39 40 48 50 70 74 76 77 78 79 88 93 95 175 176 177 180 222 234 315 317","6:10 10:10 11:10 11:12 13:12 27:27 28:27 39:36 39:38 39:39 42:39 47:50 50:50 68:73 75:73 75:74 75:77 76:77 77:77 79:77 79:79 86:91 96:91 96:95 175:175 177:175 177:178 182:178 224:220 235:233 313:317 317:317 318:317"
"نظر","ڈمپل",80,"24 25 39 41 48 50 70 74 76 77 78 79 88 93 147 149 160 161 162 164 165 167 172 173 175 176 178 180 199 203 204 205 206 222 223 224 225 236 238 240 241 242 243 244 246 257 258 259 260 261 264 265 266 267 273 274 278 280 283 284 299 300 301 315 317 318","27:22 27:23 27:24 39:40 42:40 47:50 50:50 68:73 75:73 75:74 75:77 76:77 77:77 79:77 79:79 86:91 96:91 147:148 151:148 159:162 160:162 162:162 166:162 166:165 166:169 175:170 175:172 175:175 177:175 177:176 177:179 182:179 197:202 205:202 205:203 205:206 206:206 224:220 224:221 224:222 224:223 224:224 226:224 235:238 239:238 239:241 242:241 242:242 245:242 245:243 245:244 245:247 246:247 256:258 257:258 259:258 259:259 260:259 260:260 263:260 263:265 264:265 266:265 266:267 267:267 275:271 275:273 276:281 279:281 280:281 285:281 285:282 285:283 302:297 302:298 302:301 313:317 317:317 318:317 318:318"
"نظر","ڈیوڈ",5,"168 173 191 192 195","166:171 175:171 192:191 192:193 197:193"
"نظر","کیزو",2,"96","96:96 97:96"
"نظر","گلنار",36,"38 87 94 98 99 101 103 104 116 117 118 119 234 262 264 265 266 268 272 273 277 278 279 280 282 287 288 289 290 291","39:38 85:89 86:89 96:92 96:101 97:101 101:101 105:101 105:102 105:103 118:115 118:116 118:117 118:118 120:118 120:119 235:233 260:265 263:265 264:265 266:265 266:266 267:266 267:270 275:270 275:272 275:280 276:280 279:280 280:280 285:280 285:289 288:289 289:289 291:289 291:291"
"نظر","گوارہ شاہ",1,"115","118:113"
"نمازی","پروفیسر ضیا",1,"25","26:24"
"نمازی","چاچا کرم داد",1,"90","90:90"
"نمازی","چودھری نیاز محمد",4,"91 100 116","90:92 100:100 101:100 119:114"
"نمازی","ڈاکٹر اعجاز حسین",5,"26 27 72 90 97","26:27 28:27 71:73 90:91 100:95"
"نمازی","ڈمپل",8,"24 25 72 90 299 300 301","26:22 26:23 26:24 71:73 90:91 302:297 302:298 302:301"
"نمازی","کیزو",1,"98","100:96"
"نمازی","گلنار",11,"89 90 100 101 117 118 119 290 291","90:89 90:90 100:101 101:101 119:115 119:116 119:117 119:118 119:119 291:289 291:291"
"ومیلا","ڈیوڈ",2,"191 192","192:191 192:193"
"پاپا","ڈاکٹر اعجاز حسین",1,"212","211:213"
"پاپا","ڈمپل",3,"208 209 211","211:206 211:207 211:211"
"پروفیسر بیگ","ڈاکٹر اعجاز حسین",1,"50","50:50"
"پروفیسر بیگ","ڈمپل",1,"50","50:50"
"پروفیسر ضیا","ڈاکٹر اعجاز حسین",1,"25","24:27"
"پروفیسر ضیا","ڈمپل",3,"23 24","24:22 24:23 24:24"
"پیارا","چودھری نیاز محمد",1,"113","113:113"
"پیارا","ڈمپل",1,"112","113:112"
"پیارا","گلنار",1,"114","113:115"
"پیارا","گوارہ شاہ",1,"113","113:113"
"چاچا دارا","ڈاکٹر اعجاز حسین",2,"40 41","43:38 43:39"
"چاچا دارا","ڈمپل",1,"41","43:40"
"چاچا دارا","گلنار",1,"40","43:38"
"چاچا کرم داد","چودھری نیاز محمد",2,"91 92","90:92 92:92"
"چاچا کرم داد","ڈاکٹر اعجاز حسین",3,"90 91 93","90:91 92:91 92:95"
"چاچا کرم داد","ڈمپل",2,"90 91","90:91 92:91"
"چاچا کرم داد","کیزو",1,"94","92:96"
"چاچا کرم داد","گلنار",4,"89 90 91 92","90:89 90:90 92:90 92:92"
"چودھری نیاز محمد","ڈاکٹر اعجاز حسین",3,"91 93 97","92:91 92:95 100:95"
"چودھری نیاز محمد","ڈمپل",2,"91 112","92:91 113:112"
"چودھری نیاز محمد","کیزو",2,"94 98","92:96 100:96"
"چودھری نیاز محمد","گلنار",6,"90 91 92 100 114","92:89 92:90 92:92 100:101 113:115 114:115"
"چودھری نیاز محمد","گوارہ شاہ",2,"113","113:113 114:113"
"ڈاکٹر اعجاز حسین","ڈمپل",30,"24 25 38 39 50 51 73 74 75 77 78 79 91 93 172 173 175 176 177 178 212 213 217 220 235 317","27:22 27:23 27:24 36:40 38:40 39:40 50:50 52:50 73:73 74:73 74:74 77:74 77:77 79:77 79:79 91:91 95:91 175:170 175:172 175:175 178:175 178:176 178:179 213:211 213:212 213:213 220:215 220:220 233:238 317:317"
"ڈاکٹر اعجاز حسین","ڈیوڈ",1,"173","175:171"
"ڈاکٹر اعجاز حسین","کیزو",2,"93 95","91:96 95:96"
"ڈاکٹر اعجاز حسین","گلنار",10,"37 38 90 91 93 215 218 233","36:38 38:38 39:38 91:89 91:90 91:92 95:92 213:217 220:217 233:233"
"ڈمپل","ڈیوڈ",3,"170 171","169:171 170:171 172:171"
"ڈمپل","کیزو",1,"93","91:96"
"ڈمپل","گلنار",24,"39 90 91 113 214 215 216 218 235 262 265 266 268 269 270 271 272 280 295 296","40:38 91:89 91:90 91:92 112:115 212:217 213:217 214:217 215:217 220:217 238:233 260:265 265:265 267:265 267:266 267:270 269:270 271:270 271:272 273:272 281:280 297:293 297:294 297:295"
"ڈمپل","گوارہ شاہ",1,"112","112:113"
"کیزو","گلنار",2,"94 98","96:92 96:101"
"گلنار","گوارہ شاہ",1,"114","115:113"
