Character_A,Character_B,Weight,Pages(centers),Pairs(pa:pb)
"استاد فضلی","افتخار سلیم",158,"22 23 24 28 29 30 31 32 34 36 39 41 43 55 64 65 67 69 70 71 72 73 75 78 79 80 81 82 85 86 87 90 92 93 94 97 117 118 119 121 122 126 127 128 129 149 150 151 152 156 158 159 161 166 168 169 191 192 193 194 195 196 197 198 206 207 208 209 210 211 212 213 234 236 237 240 256 257 258 259 263 265 268 269 270 271 279 283 284 285 288 289 290 292 296 297 298 300 305 307 308 309 310 311 312 313 317 318 319 324 325 326 328 329 331 334 335 348 367 372 376 377 380","18:26 19:26 20:26 23:26 31:26 31:27 31:28 31:29 31:30 31:32 33:32 33:36 36:36 43:36 43:40 43:43 60:50 60:69 61:69 65:69 69:69 71:69 71:70 71:72 73:72 73:74 76:74 76:75 76:80 77:80 78:80 79:80 81:80 81:82 82:82 89:82 89:83 89:84 89:85 89:91 90:91 94:91 94:93 94:94 100:94 112:122 115:122 116:122 120:122 122:122 130:122 130:124 130:125 130:126 130:127 130:128 151:148 151:149 151:150 151:152 153:152 153:160 157:160 158:160 163:160 163:169 168:169 169:169 196:186 196:187 196:188 196:189 196:190 196:191 196:192 196:193 196:194 196:195 196:197 198:197 198:198 211:201 211:202 211:204 211:205 211:206 211:208 211:210 211:212 213:212 213:213 239:229 239:233 239:234 239:235 239:236 239:241 260:253 260:254 260:255 260:257 260:258 260:259 260:266 264:266 265:266 271:266 271:267 271:268 271:269 271:270 271:271 284:274 284:275 284:283 284:284 285:284 285:285 292:285 292:286 292:287 292:288 292:293 300:293 300:294 300:295 300:296 300:301 310:301 310:304 310:305 310:306 310:308 310:309 310:310 311:310 311:311 313:311 313:313 321:313 321:314 321:315 321:318 321:328 322:328 325:328 329:328 329:329 333:329 333:336 334:336 353:344 363:372 372:372 381:372 381:373 381:374 381:379"
"استاد فضلی","جلیل",20,"98 101 105 106 107 112 113 114 115 116 118 337 373 377 378","94:102 100:102 109:102 109:103 109:104 109:105 109:106 109:116 110:116 111:116 112:116 115:116 116:116 120:116 333:341 334:341 372:374 381:374 381:375 381:376"
"استاد فضلی","جمیلہ",23,"168 170 171 197 198 215 216 284 285 288 289 296 300 305 306 308 329 331 333 335","163:173 168:173 169:173 196:199 198:199 211:219 213:219 284:284 285:284 285:285 292:285 292:286 292:301 300:301 310:301 310:302 310:306 310:307 325:333 329:333 333:333 334:333 334:336"
"استاد فضلی","جنجوعہ",8,"46 55 56 70 72 73 74 75","43:50 60:50 60:52 65:75 69:75 71:75 73:75 76:75"
"استاد فضلی","حمیہ",4,"157 159 160 162","153:162 157:162 158:162 163:162"
"استاد فضلی","راشدہ",40,"105 109 110 111 112 113 117 118 120 121 156 157 159 162 165 168 169 216 217 261 263 310 311 312 329 331 333 334 353 354 355 359 362 363 367","100:110 109:110 110:110 111:110 111:112 112:112 115:112 115:120 116:120 120:120 122:120 151:161 153:161 157:161 158:161 163:161 163:162 163:168 168:168 169:168 169:169 211:221 213:221 260:263 264:263 310:311 311:311 313:311 325:334 329:334 333:334 334:334 353:353 355:353 355:354 355:355 363:355 363:362 363:363 372:363"
"استاد فضلی","ستارہ فیروز",301,"3 4 5 6 7 8 9 10 11 12 13 15 16 17 18 19 20 22 23 27 28 29 30 31 32 33 34 35 36 40 41 42 43 55 56 57 58 59 60 61 63 64 65 67 68 69 70 71 72 73 74 75 76 77 78 79 80 81 82 85 86 87 88 89 90 92 93 94 97 98 99 100 104 105 106 107 108 109 110 111 112 113 114 115 116 118 119 120 121 122 126 127 128 129 130 131 132 146 147 148 149 150 151 152 153 155 156 157 158 160 161 164 166 168 169 192 193 194 195 197 198 206 207 208 209 210 211 212 213 234 235 236 237 239 255 256 257 258 259 260 262 263 264 265 268 269 270 271 279 280 281 282 283 285 289 290 291 292 296 297 298 299 300 305 306 307 308 309 310 312 313 317 318 319 320 321 322 323 326 328 330 332 335 350 353 354 355 359 363 367 368 369 373 377 380 381 382 383 384 385 386","6:1 6:2 6:3 6:4 6:5 6:6 9:6 9:7 9:8 9:9 11:9 11:10 11:11 13:11 13:12 13:13 18:13 18:14 18:15 18:16 18:17 18:18 19:18 19:19 20:19 20:21 23:21 23:22 23:23 31:23 31:25 31:26 31:27 31:28 31:29 31:30 31:31 33:31 33:32 33:33 36:33 36:34 36:35 36:37 43:37 43:38 43:39 43:40 43:41 43:42 43:43 60:50 60:51 60:52 60:53 60:54 60:56 60:57 60:58 60:59 60:60 61:60 61:61 65:61 65:62 65:63 65:64 65:65 69:65 69:66 69:67 69:68 69:70 71:70 71:71 73:71 73:72 73:73 76:73 76:74 76:76 77:76 77:77 78:77 78:78 79:78 79:79 81:79 81:80 81:81 82:81 82:82 89:82 89:83 89:84 89:85 89:86 89:88 89:89 90:89 90:90 94:90 94:91 94:92 94:93 94:94 100:94 100:95 100:96 100:97 100:98 100:99 100:100 109:100 109:101 109:102 109:104 109:105 109:106 109:107 109:108 109:109 110:109 110:110 111:110 111:111 112:111 112:112 115:112 115:113 115:114 115:115 116:115 116:116 120:116 120:117 120:118 120:119 120:120 122:120 122:123 130:123 130:124 130:125 130:126 130:127 130:128 130:129 130:130 132:130 132:131 132:133 151:141 151:142 151:143 151:144 151:145 151:146 151:148 151:149 151:151 153:151 153:152 153:153 157:153 157:155 157:156 157:157 158:157 158:158 163:158 163:159 163:165 168:165 168:168 169:168 169:169 196:189 196:190 196:191 196:193 196:195 196:198 198:198 211:202 211:203 211:204 211:205 211:206 211:208 211:209 211:210 211:212 213:212 213:214 239:229 239:230 239:231 239:233 239:234 239:235 239:236 239:240 260:251 260:252 260:253 260:254 260:255 260:256 260:259 260:260 264:260 264:262 264:263 264:264 265:264 265:265 271:265 271:266 271:267 271:268 271:269 271:271 284:274 284:275 284:276 284:277 284:278 284:279 284:280 284:281 284:282 284:286 285:286 292:286 292:287 292:288 292:289 292:290 292:291 292:293 300:293 300:294 300:295 300:296 300:298 300:301 310:301 310:302 310:303 310:304 310:305 310:306 310:308 310:309 310:310 311:310 311:313 313:313 321:313 321:314 321:315 321:316 321:317 321:318 321:319 321:320 321:322 322:322 325:322 325:328 329:328 329:331 333:331 333:337 334:337 353:348 353:354 355:354 355:355 363:355 363:356 363:363 372:363 372:364 372:366 372:367 372:374 381:374 381:379 381:380 381:381 383:381 383:382 383:383 384:383 384:384 385:384 385:385 386:385 386:386"
"استاد فضلی","سلطان",17,"123 124 128 202 209 234 235 236 239 255 256 260 262 276 282 295 299","120:127 122:127 130:127 198:207 211:207 239:230 239:232 239:234 239:240 260:250 260:252 260:260 264:260 271:281 284:281 292:299 300:299"
"استاد فضلی","سکندر گل رخ",264,"15 16 19 20 21 22 25 29 30 31 32 34 35 36 39 40 41 42 43 58 59 61 63 64 65 67 68 69 70 71 72 74 76 77 79 80 81 82 86 87 88 89 90 92 93 94 97 98 99 100 104 105 106 107 108 109 110 111 114 115 116 118 119 120 121 122 126 127 128 129 130 131 132 146 147 148 149 150 152 153 155 156 157 158 160 161 166 168 169 191 192 193 194 196 197 199 206 207 208 209 212 213 234 235 236 237 238 239 258 259 261 263 265 268 269 270 271 279 280 281 282 283 285 289 290 291 292 296 297 298 299 301 306 307 308 310 311 312 313 317 318 320 321 322 323 324 325 327 328 329 331 332 334 348 349 350 351 352 354 355 359 360 361 362 363 368 369 370 371 372 376 377 378 379 380 381 382 383 384 385","11:20 13:20 18:20 19:20 20:20 23:20 23:21 23:28 31:28 31:29 31:30 31:32 33:32 33:35 36:35 36:36 43:36 43:37 43:38 43:39 43:41 43:42 43:43 60:56 60:57 60:58 60:59 60:62 61:62 65:62 65:63 65:64 65:65 69:65 69:66 69:67 69:68 69:69 71:69 71:70 71:72 73:72 73:76 76:76 77:76 77:77 78:77 78:80 79:80 81:80 81:81 82:81 82:83 89:83 89:85 89:86 89:87 89:88 89:89 90:89 90:90 94:90 94:91 94:93 94:95 100:95 100:96 100:97 100:98 100:99 100:100 109:100 109:101 109:102 109:103 109:104 109:105 109:106 109:107 109:108 109:109 110:109 110:111 111:111 112:111 112:116 115:116 116:116 120:116 120:117 120:118 120:119 120:120 122:120 122:121 122:122 130:122 130:123 130:125 130:126 130:127 130:128 130:129 130:131 132:131 132:133 151:141 151:142 151:144 151:145 151:146 151:147 151:148 151:149 151:150 151:153 153:153 157:153 157:154 157:155 157:156 157:157 158:157 158:158 163:158 163:159 163:169 168:169 169:169 196:186 196:189 196:190 196:192 196:193 196:197 198:197 198:201 211:201 211:202 211:203 211:204 211:205 211:206 211:207 211:214 213:214 239:229 239:231 239:233 239:235 239:237 239:238 239:239 260:256 260:257 260:258 260:259 260:262 264:262 264:266 265:266 271:266 271:267 271:268 271:269 271:272 284:274 284:275 284:276 284:277 284:278 284:279 284:280 284:281 284:282 284:283 284:286 285:286 292:286 292:287 292:288 292:289 292:290 292:291 292:293 300:293 300:295 300:297 300:298 300:302 310:302 310:303 310:304 310:305 310:307 310:310 311:310 311:311 313:311 313:312 313:313 321:313 321:314 321:315 321:320 321:322 322:322 325:322 325:323 325:324 325:325 329:325 329:326 329:327 329:328 329:329 333:329 333:330 333:331 333:332 333:335 334:335 353:343 353:344 353:345 353:346 353:347 353:348 353:349 353:350 353:351 353:352 353:356 355:356 363:356 363:357 363:358 363:359 363:360 363:361 363:364 372:364 372:365 372:366 372:367 372:369 372:370 372:372 381:372 381:373 381:374 381:375 381:376 381:377 381:378 381:379 381:381 383:381 383:383 384:383 384:384 385:384 385:385 386:385"
"استاد فضلی","سیٹھ",33,"4 5 6 7 117 118 119 121 122 126 128 153 154 156 157 158 160 268 271 294 298 299 351 356 357 361 373 378","6:2 6:3 6:4 6:5 6:6 9:6 112:122 115:122 116:122 120:122 122:122 130:122 130:127 151:156 153:156 157:156 157:157 158:157 158:158 163:158 264:272 265:272 271:272 292:296 300:296 300:297 300:298 353:350 353:360 355:360 363:360 372:375 381:375"
"استاد فضلی","سیٹھ صاحب",26,"4 5 6 7 153 154 156 157 158 160 268 271 294 298 299 351 356 357 361 373 378","6:2 6:3 6:4 6:5 6:6 9:6 151:156 153:156 157:156 157:157 158:157 158:158 163:158 264:272 265:272 271:272 292:296 300:296 300:297 300:298 353:350 353:360 355:360 363:360 372:375 381:375"
"استاد فضلی","شاہ جمال",10,"93 94 96 99 154 155 157 158 160 237","89:98 90:98 94:98 100:98 151:158 153:158 157:158 158:158 163:158 239:236"
"استاد فضلی","ظہیر",18,"4 5 33 34 36 39 41 42 43 55 56 64 65 67 69 70","6:2 6:3 6:4 6:5 31:36 33:36 36:36 43:36 43:40 43:42 43:43 60:51 60:53 60:69 61:69 65:69 69:69 71:69"
"استاد فضلی","عاشی",129,"40 43 57 65 67 69 70 71 72 73 74 75 117 118 119 121 122 126 129 131 132 146 147 150 152 153 155 158 161 166 168 169 191 192 193 194 196 197 199 206 207 208 209 212 213 234 236 240 258 259 263 265 268 269 270 271 280 281 282 285 286 289 290 291 292 296 300 305 306 308 310 311 312 316 320 321 322 323 324 325 327 328 329 331 332 336 348 350 351 352 354 355 359 360 361 368 372 377 378 380","36:44 43:44 60:54 60:70 61:70 65:70 69:70 71:70 71:72 73:72 73:73 76:73 76:74 112:122 115:122 116:122 120:122 122:122 130:122 130:123 130:128 130:129 130:133 132:133 151:141 151:142 151:144 151:150 151:153 153:153 157:153 157:154 157:159 158:159 163:159 163:169 168:169 169:169 196:186 196:187 196:188 196:189 196:190 196:192 196:193 196:197 198:197 198:201 211:201 211:203 211:206 211:207 211:213 213:213 239:229 239:233 239:241 260:256 260:257 260:258 260:259 260:266 264:266 265:266 271:266 271:267 271:268 271:269 271:272 284:276 284:277 284:279 284:280 284:287 285:287 292:287 292:288 292:289 292:290 292:291 292:293 300:293 300:301 310:301 310:303 310:306 310:307 310:310 311:310 311:312 313:312 313:320 321:320 321:322 322:322 325:322 325:323 325:324 325:325 329:325 329:326 329:327 329:328 329:329 333:329 333:331 333:332 333:339 334:339 353:344 353:347 353:349 353:350 353:351 353:352 353:356 355:356 363:356 363:357 363:358 363:359 363:360 363:373 372:373 381:373 381:374 381:375 381:376 381:379"
"استاد فضلی","عاصم",110,"3 10 12 13 14 16 17 18 19 21 23 27 38 39 43 56 60 65 67 69 70 71 72 73 74 84 85 89 90 92 93 97 100 104 109 110 111 112 113 114 117 118 120 121 127 131 132 150 156 157 159 162 164 167 174 197 198 209 216 217 234 235 236 239 256 258 260 262 263 268 271 288 292 296 299 300 305 310 311 312 315 319 320 321 329 331 333 354 355 359 382 383","6:1 6:15 9:15 11:15 13:15 18:15 18:16 18:17 18:18 19:18 19:19 20:19 20:23 23:23 31:23 33:43 36:43 43:43 60:52 60:60 61:60 61:69 65:69 69:69 71:69 71:71 73:71 73:73 76:73 79:89 81:89 82:89 89:89 90:89 90:90 94:90 94:92 94:100 100:100 109:100 109:110 110:110 111:110 111:111 112:111 112:112 115:112 115:114 115:120 116:120 120:120 122:120 122:132 130:132 132:132 151:150 151:161 153:161 157:161 158:161 163:161 163:162 163:166 168:166 168:167 169:179 196:198 198:198 211:207 211:221 213:221 239:230 239:232 239:234 239:239 260:252 260:257 260:260 264:260 264:263 264:272 265:272 271:272 284:292 285:292 292:292 300:292 300:299 300:300 310:300 310:301 310:311 311:311 313:311 313:317 321:317 321:318 321:319 321:321 322:321 325:333 329:333 333:333 334:333 353:355 355:355 363:355 381:383 383:383 384:383"
"استاد فضلی","غوری صاحب",26,"191 192 193 194 195 196 197 236 240 255 256 257 288 289 292 296 298 324 326 328 376 381 382","196:187 196:188 196:189 196:191 196:192 196:193 196:194 196:197 198:197 239:233 239:242 260:251 260:253 260:254 284:293 285:293 292:293 300:293 300:297 321:327 322:327 325:327 329:327 372:381 381:381 383:381"
"استاد فضلی","فوزیہ لطیف",30,"9 10 11 12 158 160 163 165 349 350 357 358 362 363 367 368 369 370 374 379 380 381 382","6:12 9:12 11:12 13:12 153:163 157:163 158:163 163:163 168:163 353:345 353:346 353:347 353:348 353:361 355:361 363:361 363:362 363:363 372:363 372:364 372:366 372:367 372:368 372:377 381:377 381:378 381:379 381:381 383:381 383:382"
"استاد فضلی","فیروزہ",32,"27 31 32 33 34 35 73 74 75 76 77 157 159 160 162 163 165 166 210 359 363 368 376 381 382 385 386","23:31 31:31 33:31 33:33 36:33 36:34 69:77 71:77 73:77 76:77 77:77 78:77 153:162 157:162 158:162 163:162 163:163 168:163 168:164 168:165 211:210 355:364 363:364 372:364 372:381 381:381 383:381 383:382 383:387 384:387 385:387 386:387"
"استاد فضلی","ماسٹر فضلی",120,"8 10 11 12 15 18 19 22 23 27 33 34 36 39 59 60 61 63 65 67 70 71 72 73 74 76 77 78 79 80 81 82 85 88 89 90 92 93 97 100 104 109 110 111 112 113 114 127 131 132 150 152 153 155 159 162 163 165 167 168 169 195 196 197 198 210 211 212 216 240 255 256 258 259 260 262 264 268 271 288 292 296 298 305 310 313 314 318 319 321 353 354 357 361 365 370 382 383 384","6:11 9:11 11:11 13:11 13:18 18:18 19:18 19:19 20:19 20:24 23:24 31:24 31:36 33:36 36:36 43:36 60:59 60:60 61:60 61:61 65:61 65:62 65:66 69:66 69:71 71:71 73:71 73:73 76:73 76:77 77:77 78:77 78:79 79:79 81:79 81:81 82:81 82:82 89:82 89:87 89:90 90:90 94:90 94:92 94:100 100:100 109:100 109:110 110:110 111:110 111:111 112:111 112:112 115:112 115:113 115:114 122:132 130:132 132:132 151:150 151:153 153:153 157:153 157:161 158:161 163:161 163:162 163:163 168:163 168:166 168:167 168:168 169:168 169:169 196:195 196:197 198:197 198:198 211:210 211:211 213:211 213:220 239:241 260:250 260:252 260:257 260:259 260:260 264:260 264:264 265:264 265:272 271:272 284:292 285:292 292:292 300:292 300:293 300:296 300:310 310:310 311:310 311:316 313:316 321:316 321:318 321:321 322:321 353:353 355:353 355:354 355:360 363:360 363:368 372:368 381:383 383:383 384:383 384:384 385:384"
"استاد فضلی","ماسٹر لطیف",94,"3 9 10 11 12 18 20 21 23 27 31 32 33 34 35 36 39 43 72 73 74 76 77 78 80 81 91 93 94 97 98 99 117 118 119 121 122 126 136 146 147 149 150 153 154 156 157 158 160 162 163 165 166 173 202 209 210 211 212 216 337 349 350 357 358 362 363 367 368 375 379 380 381 382 385 386","6:1 6:12 9:12 11:12 13:12 13:23 18:23 19:23 20:23 23:23 31:23 31:31 33:31 33:33 36:33 36:34 36:36 43:36 43:43 69:76 71:76 73:76 76:76 77:76 77:77 78:77 78:78 79:78 79:81 81:81 82:81 89:93 90:93 94:93 94:95 100:95 100:96 100:97 100:99 112:122 115:122 116:122 120:122 122:122 130:122 132:141 151:141 151:142 151:143 151:148 151:150 151:156 153:156 157:156 157:157 158:157 158:158 163:158 163:162 163:163 168:163 168:164 168:165 168:178 169:178 198:207 211:207 211:209 211:210 211:212 213:212 213:220 333:341 334:341 353:345 353:347 353:348 353:361 355:361 363:361 363:362 363:363 372:363 372:364 372:378 381:378 381:379 381:381 383:381 383:382 383:387 384:387 385:387 386:387"
"استاد فضلی","منظور",26,"73 74 75 77 78 117 118 119 121 122 126 131 132 151 152 242 255 258 303 308 316 317 321","69:78 71:78 73:78 76:78 77:78 78:78 79:78 112:122 115:122 116:122 120:122 122:122 130:122 130:132 132:132 151:151 153:151 239:245 260:250 260:257 300:307 310:307 311:321 313:321 321:321 322:321"
"استاد فضلی","نائیکہ",11,"117 118 119 121 122 126 136 146 147 234","112:122 115:122 116:122 120:122 122:122 130:122 132:141 151:141 151:142 151:143 239:229"
"استاد فضلی","نواز",38,"4 9 10 11 12 18 20 21 23 27 91 93 117 118 119 121 122 126 173 303 308 323 325 327 328 330 332 336 337 352 354 355 359","6:3 6:12 9:12 11:12 13:12 13:23 18:23 19:23 20:23 23:23 31:23 89:93 90:93 94:93 112:122 115:122 116:122 120:122 122:122 130:122 168:178 169:178 300:307 310:307 321:325 322:325 325:325 329:325 329:326 329:327 329:332 333:332 333:340 334:340 353:351 353:356 355:356 363:356"
"استاد فضلی","نگینہ",58,"3 10 11 12 13 16 18 35 36 37 41 66 68 70 71 72 85 86 89 90 92 93 135 136 156 157 159 162 164 167 168 211 212 239 256 260 262 263 264 265 268 296 300 305 329 331 333 382 383","6:1 6:14 9:14 11:14 13:14 18:14 18:15 18:18 19:18 31:39 33:39 36:39 43:39 61:71 65:71 69:71 71:71 73:71 81:90 82:90 89:90 90:90 94:90 94:92 130:140 132:140 151:161 153:161 157:161 158:161 163:161 163:166 168:166 168:167 168:168 169:168 211:211 213:211 239:239 260:252 260:261 264:261 264:262 264:263 264:265 265:265 271:265 271:266 292:300 300:300 310:300 325:333 329:333 333:333 334:333 381:383 383:383 384:383"
"استاد فضلی","ڈاکٹر نذیر",14,"171 199 200 206 210 211 212 237 240 332 334 335","168:174 169:174 196:202 198:202 211:202 211:209 211:210 211:212 213:212 239:235 239:241 329:336 333:336 334:336"
"افتخار سلیم","جلیل",13,"97 98 119 338 339 340 341 373 374 376 377","93:102 94:102 122:116 336:341 337:341 339:341 342:341 372:374 373:374 374:374 379:374 379:375 379:376"
"افتخار سلیم","جمیلہ",65,"171 172 173 174 178 181 182 183 194 195 196 197 198 199 200 214 215 216 217 218 219 279 283 284 285 286 297 298 301 302 303 305 306 307 330 331 334 336 337 338","169:173 170:173 171:173 172:173 173:173 174:173 174:174 175:174 175:181 181:181 182:181 182:182 183:182 183:183 184:183 189:199 190:199 191:199 192:199 193:199 194:199 195:199 197:199 198:199 199:199 200:199 200:200 201:200 210:219 212:219 213:219 215:219 216:219 217:219 219:219 220:219 274:284 275:284 283:284 284:284 285:284 285:285 286:285 286:286 287:286 293:301 294:301 295:301 296:301 301:301 304:301 304:302 304:306 305:306 306:306 308:306 308:307 328:333 329:333 336:333 336:336 337:336 337:337 339:337 339:338"
"افتخار سلیم","جنجوعہ",13,"45 46 48 49 50 72 73 74 75 77","40:50 43:50 46:50 47:50 48:50 49:50 50:50 69:75 70:75 72:75 74:75 75:75 80:75"
"افتخار سلیم","حمیہ",3,"157 161 165","152:162 160:162 169:162"
"افتخار سلیم","راشدہ",45,"117 121 156 160 165 168 169 216 217 218 219 220 224 258 259 260 261 264 306 307 308 309 310 311 312 331 335 337 338 339 340 348 367","122:112 122:120 152:161 160:161 169:161 169:162 169:168 169:169 170:169 212:221 213:221 215:221 216:221 217:221 219:221 220:221 227:221 227:222 253:263 254:263 255:263 257:263 258:263 259:263 266:263 301:311 304:311 305:311 306:311 308:311 309:311 310:311 311:311 313:311 328:334 329:334 336:334 336:335 336:339 337:339 339:339 342:339 344:353 372:362 372:363"
"افتخار سلیم","ستارہ فیروز",354,"21 22 23 24 25 26 27 28 29 30 31 32 34 35 36 38 39 40 41 42 43 44 45 46 47 48 49 50 64 65 66 67 68 69 70 71 72 73 74 75 78 79 80 81 82 83 84 85 88 89 90 91 92 93 94 117 118 119 120 121 122 123 124 125 126 127 128 143 144 145 146 147 148 149 150 151 152 156 157 158 159 162 167 168 169 170 171 172 173 174 175 178 180 181 182 183 184 185 187 188 189 190 191 192 193 194 195 196 197 198 199 200 201 202 203 204 205 206 207 208 209 210 211 212 213 214 215 216 217 218 219 220 223 224 225 226 227 228 229 231 232 233 234 235 236 238 240 241 242 243 248 251 252 253 254 255 256 258 259 262 263 264 265 266 267 268 269 270 271 272 273 274 275 279 280 281 282 284 285 286 287 288 290 291 292 293 294 295 296 298 299 301 302 303 304 305 306 307 308 309 310 312 313 314 315 316 317 318 323 324 325 328 330 333 336 337 338 339 340 345 346 367 368 369 373 374 376 379","26:16 26:17 26:18 26:19 26:21 26:22 26:23 26:25 26:26 27:26 27:27 28:27 28:28 29:28 29:29 30:29 30:30 32:30 32:31 32:32 36:32 36:33 36:34 36:35 36:37 40:37 40:38 40:39 40:40 43:40 43:41 43:42 43:43 46:43 46:44 46:45 46:46 47:46 47:47 48:47 48:48 49:48 49:49 50:49 50:50 69:59 69:60 69:61 69:62 69:63 69:64 69:65 69:66 69:67 69:68 69:70 70:70 72:70 72:71 72:72 74:72 74:73 74:74 75:74 75:76 80:76 80:77 80:78 80:79 80:80 82:80 82:81 82:82 83:82 83:83 84:83 84:84 85:84 85:85 91:85 91:86 91:88 91:89 91:90 91:91 93:91 93:92 93:93 94:93 94:94 122:112 122:113 122:114 122:115 122:116 122:117 122:118 122:119 122:120 122:123 124:123 124:124 125:124 125:125 126:125 126:126 127:126 127:127 128:127 128:128 148:138 148:139 148:141 148:142 148:143 148:144 148:145 148:146 148:148 149:148 149:149 150:149 150:151 152:151 152:152 160:152 160:153 160:155 160:156 160:157 160:158 160:159 160:165 169:165 169:168 169:169 170:169 170:170 171:170 171:171 172:171 172:172 173:172 173:173 174:173 174:174 175:174 175:175 181:175 181:176 181:179 181:181 182:181 182:182 183:182 183:183 184:183 184:185 186:185 186:189 187:189 188:189 189:189 190:189 190:190 191:190 191:191 192:191 192:193 193:193 194:193 194:195 195:195 197:195 197:198 198:198 199:198 199:199 200:199 200:200 201:200 201:202 202:202 204:202 204:203 204:204 205:204 205:205 206:205 206:206 208:206 208:208 210:208 210:209 210:210 212:210 212:212 213:212 213:214 215:214 215:216 216:216 217:216 217:217 219:217 219:218 219:219 220:219 220:220 227:220 227:221 227:222 227:224 227:225 227:227 228:227 228:229 229:229 233:229 233:230 233:231 233:233 234:233 234:234 235:234 235:235 236:235 236:236 241:236 241:240 241:241 242:241 242:242 243:242 243:243 253:243 253:244 253:249 253:251 253:252 253:253 254:253 254:254 255:254 255:255 257:255 257:256 257:259 258:259 259:259 266:259 266:260 266:262 266:263 266:264 266:265 266:266 267:266 267:267 268:267 268:268 269:268 269:269 270:269 270:271 271:271 272:271 272:272 273:272 273:273 274:273 274:274 275:274 275:275 283:275 283:276 283:277 283:278 283:279 283:280 283:281 283:282 283:286 284:286 285:286 286:286 287:286 287:287 288:287 288:288 293:288 293:289 293:290 293:291 293:293 294:293 294:294 295:294 295:295 296:295 296:296 301:296 301:298 301:301 304:301 304:302 304:303 304:304 305:304 305:305 306:305 306:306 308:306 308:308 309:308 309:309 310:309 310:310 311:310 311:313 313:313 314:313 314:314 315:314 315:315 318:315 318:316 318:317 318:318 328:318 328:319 328:320 328:322 328:328 329:328 329:331 336:331 336:337 337:337 339:337 339:338 339:339 342:339 342:348 344:348 372:363 372:364 372:366 372:367 372:374 373:374 374:374 379:374 379:379"
"افتخار سلیم","سلطان",51,"124 125 126 127 202 203 204 205 206 207 225 228 229 231 232 233 234 237 238 240 245 246 251 252 256 257 258 259 263 276 277 278 282 296 297 300","122:127 124:127 125:127 126:127 127:127 128:127 197:207 198:207 199:207 200:207 201:207 202:207 204:207 205:207 206:207 208:207 220:230 227:230 228:230 229:230 233:230 233:232 233:234 234:234 235:234 235:240 236:240 241:240 241:250 242:250 243:250 253:250 253:252 253:260 254:260 255:260 257:260 258:260 259:260 266:260 271:281 272:281 273:281 274:281 275:281 283:281 293:299 294:299 295:299 296:299 301:299"
"افتخار سلیم","سکندر گل رخ",326,"23 27 28 29 30 31 32 34 35 36 38 39 40 42 43 44 45 46 51 52 53 64 65 66 67 68 69 70 71 72 73 75 78 80 81 82 83 84 85 88 89 90 91 92 93 94 119 120 121 122 123 124 125 126 127 128 143 144 145 146 147 148 149 150 151 152 156 157 158 159 164 169 171 172 173 174 175 178 179 182 183 184 185 186 188 189 190 191 192 193 195 196 197 199 200 201 202 203 204 205 206 207 211 212 213 214 215 216 217 218 219 220 223 224 225 226 227 228 229 231 232 233 234 235 236 239 240 241 242 243 248 249 254 255 256 257 258 259 262 264 266 267 268 269 271 272 273 274 275 279 280 281 282 283 285 286 287 288 290 291 292 293 294 295 296 299 301 303 304 305 306 307 309 310 311 312 313 314 315 316 319 324 325 326 327 328 329 332 333 334 335 336 337 338 339 340 341 342 343 344 368 369 370 371 372 373 374 376 377 378 379","26:20 26:21 26:28 27:28 28:28 29:28 29:29 30:29 30:30 32:30 32:32 36:32 36:35 36:36 40:36 40:37 40:38 40:39 40:41 43:41 43:42 43:43 46:43 46:44 46:45 46:46 47:46 47:56 48:56 49:56 50:56 69:59 69:62 69:63 69:64 69:65 69:66 69:67 69:68 69:69 70:69 70:70 72:70 72:72 74:72 74:76 75:76 80:76 80:77 80:80 82:80 82:81 82:83 83:83 84:83 84:85 85:85 91:85 91:86 91:87 91:88 91:89 91:90 91:91 93:91 93:93 94:93 94:95 122:116 122:117 122:118 122:119 122:120 122:121 122:122 124:122 124:123 124:125 125:125 126:125 126:126 127:126 127:127 128:127 128:128 148:139 148:141 148:142 148:144 148:145 148:146 148:147 148:148 149:148 149:149 150:149 150:150 152:150 152:153 160:153 160:154 160:155 160:156 160:157 160:158 160:159 160:169 169:169 170:169 170:173 171:173 172:173 173:173 174:173 174:175 175:175 181:175 181:177 181:178 181:183 182:183 183:183 184:183 184:184 186:184 186:185 186:186 187:186 187:189 188:189 189:189 190:189 190:190 191:190 191:192 192:192 193:192 193:193 194:193 194:197 195:197 197:197 198:197 198:201 199:201 200:201 201:201 202:201 202:202 204:202 204:203 204:204 205:204 205:205 206:205 206:206 208:206 208:207 208:214 210:214 212:214 213:214 215:214 215:215 216:215 216:216 217:216 217:217 219:217 219:220 220:220 227:220 227:222 227:223 227:224 227:225 227:226 227:227 228:227 228:228 229:228 229:229 233:229 233:231 233:233 234:233 234:235 235:235 236:235 236:237 241:237 241:238 241:239 241:241 242:241 242:242 243:242 243:243 253:243 253:244 253:245 253:256 254:256 255:256 257:256 257:257 258:257 258:258 259:258 259:259 266:259 266:262 266:266 267:266 267:267 268:267 268:268 269:268 269:269 270:269 270:272 271:272 272:272 273:272 273:273 274:273 274:274 275:274 275:275 283:275 283:276 283:277 283:278 283:279 283:280 283:281 283:282 283:283 284:283 284:286 285:286 286:286 287:286 287:287 288:287 288:288 293:288 293:289 293:290 293:291 293:293 294:293 294:295 295:295 296:295 296:297 301:297 301:298 301:302 304:302 304:303 304:304 305:304 305:305 306:305 306:307 308:307 308:310 309:310 310:310 311:310 311:311 313:311 313:312 313:313 314:313 314:314 315:314 315:315 318:315 318:320 328:320 328:322 328:323 328:324 328:325 328:326 328:327 328:328 329:328 329:329 336:329 336:330 336:331 336:332 336:335 336:336 337:336 337:337 339:337 339:338 339:339 342:339 342:340 342:341 342:342 344:342 344:343 344:344 372:364 372:365 372:366 372:367 372:369 372:370 372:372 373:372 373:373 374:373 374:374 379:374 379:375 379:376 379:377 379:378 379:379"
"افتخار سلیم","سیٹھ",38,"122 123 125 126 127 152 153 154 158 159 269 270 271 272 291 292 294 295 296 298 299 346 347 373 374 377","122:122 124:122 124:127 125:127 126:127 127:127 128:127 148:156 149:156 150:156 152:156 160:156 160:157 160:158 266:272 267:272 268:272 269:272 270:272 271:272 272:272 273:272 286:296 287:296 288:296 293:296 294:296 295:296 296:296 301:296 301:297 301:298 342:350 344:350 372:375 373:375 374:375 379:375"
"افتخار سلیم","سیٹھ صاحب",31,"152 153 154 158 159 269 270 271 272 291 292 294 295 296 298 299 346 347 373 374 377","148:156 149:156 150:156 152:156 160:156 160:157 160:158 266:272 267:272 268:272 269:272 270:272 271:272 272:272 273:272 286:296 287:296 288:296 293:296 294:296 295:296 296:296 301:296 301:297 301:298 342:350 344:350 372:375 373:375 374:375 379:375"
"افتخار سلیم","شاہ جمال",16,"94 95 96 153 154 155 159 231 232 234 235 236 238","91:98 93:98 94:98 148:158 149:158 150:158 152:158 160:158 227:236 228:236 229:236 233:236 234:236 235:236 236:236 241:236"
"افتخار سلیم","ظہیر",23,"31 32 33 34 36 38 40 41 42 43 44 45 46 49 50 69","26:36 27:36 28:36 29:36 30:36 32:36 36:36 40:36 40:40 43:40 43:42 43:43 46:43 46:44 46:45 46:46 47:46 47:51 48:51 49:51 50:51 69:69 70:69"
"افتخار سلیم","عاشی",215,"40 42 43 45 46 50 51 52 69 70 71 72 73 74 122 123 126 127 128 144 145 146 149 150 151 152 156 157 159 164 169 170 174 175 176 179 181 182 183 184 185 186 187 188 189 190 191 192 193 195 196 197 199 200 201 202 203 205 206 207 210 211 212 213 214 215 216 220 221 225 226 227 228 229 231 233 237 238 241 242 243 248 249 254 255 256 257 258 259 262 266 267 268 269 271 272 274 275 279 280 281 285 286 287 288 290 291 292 293 297 298 301 302 303 305 306 307 309 310 311 312 316 317 319 324 325 326 327 328 329 332 333 334 337 338 339 340 341 343 344 372 373 374 376 377 379","36:44 40:44 43:44 46:44 46:45 46:46 47:46 47:54 48:54 49:54 50:54 69:70 70:70 72:70 72:72 74:72 74:73 74:74 75:74 122:122 124:122 124:123 124:128 125:128 126:128 127:128 128:128 148:141 148:142 148:144 148:150 149:150 150:150 152:150 152:153 160:153 160:154 160:159 160:169 169:169 170:169 170:170 171:170 171:177 172:177 173:177 174:177 175:177 181:177 181:178 181:181 182:181 182:183 183:183 184:183 184:184 186:184 186:186 187:186 187:187 188:187 188:188 189:188 189:189 190:189 190:190 191:190 191:192 192:192 193:192 193:193 194:193 194:197 195:197 197:197 198:197 198:201 199:201 200:201 201:201 202:201 202:203 204:203 204:206 205:206 206:206 208:206 208:207 208:213 210:213 212:213 213:213 215:213 215:214 215:215 216:215 216:216 217:216 217:223 219:223 220:223 227:223 227:224 227:225 227:226 227:227 228:227 228:228 229:228 229:229 233:229 233:233 234:233 234:241 235:241 236:241 241:241 242:241 242:243 243:243 253:243 253:244 253:245 253:256 254:256 255:256 257:256 257:257 258:257 258:258 259:258 259:259 266:259 266:266 267:266 267:267 268:267 268:268 269:268 269:269 270:269 270:272 271:272 272:272 273:272 273:276 274:276 275:276 283:276 283:277 283:279 283:280 283:287 284:287 285:287 286:287 287:287 288:287 288:288 293:288 293:289 293:290 293:291 293:293 294:293 294:301 295:301 296:301 301:301 304:301 304:303 304:306 305:306 306:306 308:306 308:307 308:310 309:310 310:310 311:310 311:312 313:312 313:320 314:320 315:320 318:320 328:320 328:322 328:323 328:324 328:325 328:326 328:327 328:328 329:328 329:329 336:329 336:331 336:332 336:339 337:339 339:339 342:339 342:340 342:341 342:344 344:344 372:373 373:373 374:373 374:374 379:374 379:375 379:376 379:379"
"افتخار سلیم","عاصم",162,"21 22 24 39 41 43 44 49 50 51 64 69 70 71 72 73 84 85 86 87 90 91 92 96 97 117 118 121 127 128 129 130 149 150 151 156 160 165 167 168 174 175 176 177 180 193 194 195 196 197 198 203 204 205 206 207 216 217 218 219 220 224 228 229 231 232 233 234 237 240 243 244 249 250 251 252 255 256 257 259 263 264 269 270 271 272 287 288 289 290 292 296 297 300 301 302 307 308 309 310 311 312 315 316 317 318 323 324 330 331 334 378 381","26:16 26:17 26:18 26:19 26:23 36:43 40:43 43:43 46:43 46:52 47:52 48:52 49:52 50:52 69:60 69:69 70:69 70:71 72:71 72:73 74:73 80:89 82:89 83:89 84:89 85:89 91:89 91:90 91:92 93:92 93:100 94:100 122:112 122:114 122:120 122:132 124:132 125:132 126:132 127:132 128:132 148:150 149:150 150:150 152:150 152:161 160:161 169:161 169:162 169:166 169:167 169:179 170:179 171:179 172:179 173:179 174:179 175:179 181:179 188:198 189:198 190:198 191:198 192:198 193:198 194:198 195:198 197:198 198:198 199:198 199:207 200:207 201:207 202:207 204:207 205:207 206:207 208:207 212:221 213:221 215:221 216:221 217:221 219:221 220:221 227:221 227:222 227:230 228:230 229:230 233:230 233:232 233:234 234:234 235:234 235:239 236:239 241:239 241:240 241:245 242:245 243:245 253:245 253:246 253:247 253:248 253:249 253:252 253:257 254:257 255:257 257:257 258:257 258:260 259:260 266:260 266:263 266:272 267:272 268:272 269:272 270:272 271:272 272:272 273:272 283:292 284:292 285:292 286:292 287:292 288:292 293:292 293:299 294:299 295:299 296:299 301:299 301:300 301:301 304:301 304:311 305:311 306:311 308:311 309:311 310:311 311:311 313:311 313:317 314:317 315:317 318:317 318:318 328:318 328:319 328:321 328:333 329:333 336:333 373:383 374:383 379:383"
"افتخار سلیم","غوری صاحب",68,"176 177 178 181 182 183 185 186 187 188 189 190 191 192 193 194 196 197 223 224 227 228 231 233 238 239 241 242 247 252 253 254 288 289 290 293 295 296 299 322 327 376 377 380","171:181 172:181 173:181 174:181 175:181 181:181 182:181 182:183 183:183 184:183 184:187 186:187 187:187 188:187 188:188 189:188 189:189 190:189 190:191 191:191 192:191 192:192 193:192 193:193 194:193 194:194 195:194 195:197 197:197 198:197 219:228 220:228 227:228 228:228 229:228 229:233 233:233 234:233 234:242 235:242 236:242 241:242 242:242 243:242 243:251 253:251 253:253 254:253 254:254 255:254 283:293 284:293 285:293 286:293 287:293 288:293 293:293 294:293 294:297 295:297 296:297 301:297 318:327 328:327 372:381 373:381 374:381 379:381"
"افتخار سلیم","فوزیہ لطیف",19,"161 166 340 341 342 343 344 367 368 369 370 374 375 378 379","160:163 169:163 336:345 337:345 339:345 342:345 344:345 372:362 372:363 372:364 372:366 372:367 372:368 372:377 373:377 374:377 379:377 379:378 379:379"
"افتخار سلیم","فیروزہ",35,"28 29 30 31 32 34 35 73 74 75 76 78 157 161 165 166 167 205 206 207 208 209 210 211 368 376 377 380","26:31 27:31 28:31 29:31 30:31 32:31 32:33 36:33 36:34 69:77 70:77 72:77 74:77 75:77 80:77 152:162 160:162 169:162 169:163 169:164 169:165 200:210 201:210 202:210 204:210 205:210 206:210 208:210 210:210 212:210 372:364 372:381 373:381 374:381 379:381"
"افتخار سلیم","ماسٹر فضلی",171,"22 25 31 32 33 34 36 38 54 64 65 67 70 71 72 73 75 76 78 79 80 81 82 85 86 89 90 91 92 96 97 117 118 127 128 129 130 149 150 151 152 156 160 165 166 167 168 169 174 175 176 177 180 190 191 192 193 194 195 196 197 198 199 205 206 207 208 209 210 211 216 217 218 219 220 223 237 238 241 242 244 249 250 251 252 255 256 257 258 259 262 263 265 269 270 271 272 287 288 289 290 292 293 295 296 298 305 307 308 309 310 313 314 315 317 318 323 324 348 370 378 381","26:18 26:19 26:24 26:36 27:36 28:36 29:36 30:36 32:36 36:36 40:36 49:59 50:59 69:59 69:60 69:61 69:62 69:66 69:71 70:71 72:71 72:73 74:73 74:77 75:77 80:77 80:79 80:81 82:81 82:82 83:82 83:87 84:87 85:87 91:87 91:90 91:92 93:92 93:100 94:100 122:112 122:113 122:114 122:132 124:132 125:132 126:132 127:132 128:132 148:150 149:150 150:150 152:150 152:153 160:153 160:161 169:161 169:162 169:163 169:166 169:167 169:168 169:169 170:169 170:179 171:179 172:179 173:179 174:179 175:179 181:179 186:195 187:195 188:195 189:195 190:195 191:195 192:195 193:195 194:195 195:195 197:195 197:197 198:197 198:198 199:198 199:199 200:199 200:210 201:210 202:210 204:210 205:210 206:210 208:210 210:210 212:210 212:211 212:220 213:220 215:220 216:220 217:220 219:220 220:220 227:220 233:241 234:241 235:241 236:241 241:241 242:241 242:242 243:242 243:245 253:245 253:248 253:250 253:252 253:257 254:257 255:257 257:257 258:257 258:259 259:259 266:259 266:260 266:264 266:272 267:272 268:272 269:272 270:272 271:272 272:272 273:272 283:292 284:292 285:292 286:292 287:292 288:292 293:292 293:293 294:293 294:296 295:296 296:296 301:296 301:310 304:310 305:310 306:310 308:310 309:310 310:310 311:310 311:316 313:316 314:316 315:316 318:316 318:318 328:318 328:321 344:353 372:368 373:383 374:383 379:383"
"افتخار سلیم","ماسٹر لطیف",97,"24 28 29 30 31 32 34 35 36 38 41 43 44 72 73 74 75 78 79 80 81 88 89 92 93 94 122 123 144 145 148 149 150 151 154 158 159 161 165 166 167 173 174 175 176 179 180 202 203 204 205 206 207 208 209 210 211 212 216 217 218 219 220 223 338 339 340 341 343 344 367 368 375 376 378 379","26:23 26:31 27:31 28:31 29:31 30:31 32:31 32:33 36:33 36:34 36:36 40:36 40:43 43:43 46:43 69:76 70:76 72:76 74:76 75:76 80:76 80:77 80:78 80:81 82:81 83:93 84:93 85:93 91:93 93:93 94:93 94:95 122:122 124:122 148:141 148:142 148:143 148:148 149:148 149:150 150:150 152:150 152:156 160:156 160:157 160:158 160:162 169:162 169:163 169:164 169:165 169:178 170:178 171:178 172:178 173:178 174:178 175:178 181:178 181:179 197:207 198:207 199:207 200:207 201:207 202:207 204:207 205:207 206:207 208:207 208:209 210:209 210:210 212:210 212:212 213:212 213:220 215:220 216:220 217:220 219:220 220:220 227:220 336:341 337:341 339:341 342:341 342:345 344:345 372:362 372:363 372:364 372:378 373:378 374:378 379:378 379:379"
"افتخار سلیم","منظور",44,"73 74 75 76 79 122 123 128 129 130 144 149 150 151 240 243 244 249 250 251 255 256 257 304 305 306 307 316 317 318 319 324","69:78 70:78 72:78 74:78 75:78 80:78 122:122 124:122 124:132 125:132 126:132 127:132 128:132 148:140 148:151 149:151 150:151 152:151 235:245 236:245 241:245 242:245 243:245 253:245 253:247 253:248 253:249 253:250 253:257 254:257 255:257 257:257 258:257 301:307 304:307 305:307 306:307 308:307 311:321 313:321 314:321 315:321 318:321 328:321"
"افتخار سلیم","نائیکہ",16,"122 123 144 145 219 220 221 222 225 227 228 229 231","122:122 124:122 148:141 148:142 148:143 215:224 216:224 217:224 219:224 220:224 227:224 227:228 228:228 229:228 229:229 233:229"
"افتخار سلیم","نواز",36,"24 88 89 92 93 122 123 173 174 175 176 179 304 305 306 307 320 321 326 327 330 334 338 339 341 346 347","26:23 83:93 84:93 85:93 91:93 93:93 94:93 122:122 124:122 169:178 170:178 171:178 172:178 173:178 174:178 175:178 181:178 301:307 304:307 305:307 306:307 308:307 315:325 318:325 328:325 328:326 328:327 328:332 329:332 336:332 336:340 337:340 339:340 342:340 342:351 344:351"
"افتخار سلیم","نگینہ",66,"22 34 35 37 39 70 71 85 86 87 90 91 92 144 156 160 165 167 168 206 207 208 209 210 211 234 236 237 240 244 245 250 252 257 258 259 260 263 264 265 266 296 297 298 300 330 331 334 378 381","26:18 29:39 30:39 32:39 36:39 40:39 69:71 70:71 72:71 80:90 82:90 83:90 84:90 85:90 91:90 91:92 93:92 148:140 152:161 160:161 169:161 169:166 169:167 169:168 201:211 202:211 204:211 205:211 206:211 208:211 210:211 212:211 229:239 233:239 234:239 235:239 236:239 241:239 241:247 242:247 243:247 253:247 253:252 253:261 254:261 255:261 257:261 258:261 259:261 266:261 266:262 266:263 266:265 266:266 267:266 293:300 294:300 295:300 296:300 301:300 328:333 329:333 336:333 373:383 374:383 379:383"
"افتخار سلیم","ڈاکٹر نذیر",53,"171 172 173 174 178 181 182 183 197 198 199 200 201 202 203 206 207 208 209 210 211 212 231 232 234 235 238 241 332 336 337 338 340 342 343","169:174 170:174 171:174 172:174 173:174 174:174 175:174 175:181 181:181 182:181 182:183 183:183 184:183 192:202 193:202 194:202 195:202 197:202 198:202 199:202 200:202 201:202 202:202 204:202 204:209 205:209 206:209 208:209 210:209 210:210 212:210 212:212 213:212 227:235 228:235 229:235 233:235 234:235 235:235 236:235 236:241 241:241 242:241 328:336 329:336 336:336 337:336 337:337 339:337 339:338 339:342 342:342 344:342"
"جلیل","جمیلہ",4,"337 338 339","341:333 341:336 341:337 341:338"
"جلیل","راشدہ",11,"106 107 108 113 114 118 337 338 340","102:110 103:110 104:110 105:110 106:110 116:110 116:112 116:120 341:334 341:335 341:339"
"جلیل","ستارہ فیروز",41,"97 98 99 100 101 102 103 104 105 106 111 112 113 114 115 116 336 339 340 344 369 370 374 377","102:92 102:93 102:94 102:95 102:96 102:97 102:98 102:99 102:100 102:101 102:102 103:102 103:104 104:104 105:104 105:105 106:105 106:106 116:106 116:107 116:108 116:109 116:110 116:111 116:112 116:113 116:114 116:115 116:116 341:331 341:337 341:338 341:339 341:348 374:364 374:366 374:367 374:374 375:374 375:379 376:379"
"جلیل","سکندر گل رخ",45,"97 98 99 100 101 102 103 104 105 106 111 112 113 116 336 338 339 340 341 369 370 371 372 373 374 375 376","102:93 102:95 102:96 102:97 102:98 102:99 102:100 102:101 102:102 103:102 103:103 104:103 104:104 105:104 105:105 106:105 106:106 116:106 116:107 116:108 116:109 116:111 116:116 341:331 341:332 341:335 341:336 341:337 341:338 341:339 341:340 341:341 374:364 374:365 374:366 374:367 374:369 374:370 374:372 374:373 374:374 375:374 375:375 376:375 376:376"
"جلیل","سیٹھ",5,"119 345 374 375","116:122 341:350 374:375 375:375 376:375"
"جلیل","سیٹھ صاحب",4,"345 374 375","341:350 374:375 375:375 376:375"
"جلیل","شاہ جمال",1,"100","102:98"
"جلیل","عاشی",12,"119 336 340 341 373 374 375 376","116:122 341:331 341:332 341:339 341:340 341:341 374:373 374:374 375:374 375:375 376:375 376:376"
"جلیل","عاصم",16,"97 101 106 107 108 113 114 115 118 337 378 379","102:92 102:100 102:110 103:110 104:110 105:110 106:110 116:110 116:111 116:112 116:114 116:120 341:333 374:383 375:383 376:383"
"جلیل","غوری صاحب",3,"377 378","374:381 375:381 376:381"
"جلیل","فوزیہ لطیف",8,"343 369 370 371 375 376","341:345 374:364 374:366 374:367 374:368 374:377 375:377 376:377"
"جلیل","فیروزہ",4,"369 377 378","374:364 374:381 375:381 376:381"
"جلیل","ماسٹر فضلی",16,"97 101 106 107 108 113 114 115 371 378 379","102:92 102:100 102:110 103:110 104:110 105:110 106:110 116:110 116:111 116:112 116:113 116:114 374:368 374:383 375:383 376:383"
"جلیل","ماسٹر لطیف",11,"97 98 99 100 119 341 369 376 377","102:93 102:95 102:96 102:97 102:99 116:122 341:341 374:364 374:378 375:378 376:378"
"جلیل","منظور",1,"119","116:122"
"جلیل","نائیکہ",1,"119","116:122"
"جلیل","نواز",5,"97 119 336 340 346","102:93 116:122 341:332 341:340 341:351"
"جلیل","نگینہ",5,"97 337 378 379","102:92 341:333 374:383 375:383 376:383"
"جلیل","ڈاکٹر نذیر",4,"338 339 341","341:336 341:337 341:338 341:342"
"جمیلہ","راشدہ",13,"170 171 220 306 308 309 333 335 337 338","173:168 173:169 219:221 301:311 302:311 306:311 307:311 333:334 336:334 336:335 336:339 337:339 338:339"
"جمیلہ","ستارہ فیروز",70,"169 170 171 172 173 174 177 178 180 181 182 183 194 195 196 197 198 199 200 214 215 216 217 218 219 279 280 281 282 283 285 286 296 297 298 299 301 302 304 305 306 307 330 332 335 336 337 338","173:165 173:168 173:169 173:170 173:171 173:172 173:173 174:173 174:174 181:174 181:175 181:176 181:179 181:181 182:181 182:182 183:182 183:183 199:189 199:190 199:191 199:193 199:195 199:198 199:199 200:199 200:200 219:209 219:210 219:212 219:214 219:216 219:217 219:218 219:219 284:274 284:275 284:276 284:277 284:278 284:279 284:280 284:281 284:282 284:286 285:286 286:286 301:291 301:293 301:294 301:295 301:296 301:298 301:301 302:301 302:302 306:302 306:303 306:304 306:305 306:306 307:306 307:308 333:328 333:331 333:337 336:337 337:337 338:337 338:338"
"جمیلہ","سلطان",4,"203 282 300","199:207 200:207 284:281 301:299"
"جمیلہ","سکندر گل رخ",65,"171 173 174 178 179 182 183 194 195 196 198 200 216 217 218 219 279 280 281 282 283 285 286 296 297 298 299 301 302 304 305 306 307 328 329 330 331 332 334 335 336 337 338","173:169 173:173 174:173 174:175 181:175 181:177 181:178 181:183 182:183 183:183 199:189 199:190 199:192 199:193 199:197 199:201 200:201 219:214 219:215 219:216 219:217 219:220 284:274 284:275 284:276 284:277 284:278 284:279 284:280 284:281 284:282 284:283 284:286 285:286 286:286 301:291 301:293 301:295 301:297 301:298 301:302 302:302 306:302 306:303 306:304 306:305 306:307 307:307 333:323 333:324 333:325 333:326 333:327 333:328 333:329 333:330 333:331 333:332 333:335 336:335 336:336 337:336 337:337 338:337 338:338"
"جمیلہ","سیٹھ",4,"291 298 299","286:296 301:296 301:297 301:298"
"جمیلہ","سیٹھ صاحب",4,"291 298 299","286:296 301:296 301:297 301:298"
"جمیلہ","عاشی",51,"171 175 179 181 182 183 194 195 196 198 200 216 217 221 280 281 282 285 286 296 297 301 302 304 306 307 328 329 330 331 332 336 337 338","173:169 173:170 173:177 174:177 181:177 181:178 181:181 182:181 182:183 183:183 199:189 199:190 199:192 199:193 199:197 199:201 200:201 219:213 219:214 219:215 219:216 219:223 284:276 284:277 284:279 284:280 284:287 285:287 286:287 301:291 301:293 301:301 302:301 302:303 306:303 306:306 307:306 307:307 333:323 333:324 333:325 333:326 333:327 333:328 333:329 333:331 333:332 333:339 336:339 337:339 338:339"
"جمیلہ","عاصم",22,"169 170 176 180 198 203 220 288 289 296 300 301 306 308 309 333 334","173:166 173:167 173:179 174:179 181:179 199:198 199:207 200:207 219:221 284:292 285:292 286:292 301:292 301:299 301:300 301:301 302:301 302:311 306:311 307:311 333:333 336:333"
"جمیلہ","غوری صاحب",19,"177 181 182 183 194 195 196 198 223 288 289 297 299 330","173:181 174:181 181:181 182:181 182:183 183:183 199:189 199:191 199:192 199:193 199:194 199:197 219:228 284:293 285:293 286:293 301:293 301:297 333:327"
"جمیلہ","فوزیہ لطیف",4,"168 340 341","173:163 336:345 337:345 338:345"
"جمیلہ","فیروزہ",5,"168 169 205 214","173:163 173:164 173:165 200:210 219:210"
"جمیلہ","ماسٹر فضلی",27,"168 169 170 171 176 180 197 198 199 205 214 215 219 288 289 296 297 298 305 306 308","173:163 173:166 173:167 173:168 173:169 173:179 174:179 181:179 199:195 199:197 199:198 199:199 200:199 200:210 219:210 219:211 219:220 284:292 285:292 286:292 301:292 301:293 301:296 301:310 302:310 306:310 307:310"
"جمیلہ","ماسٹر لطیف",17,"168 169 175 176 179 180 203 214 215 219 337 338 339","173:163 173:164 173:165 173:178 174:178 181:178 181:179 199:207 200:207 219:209 219:210 219:212 219:220 333:341 336:341 337:341 338:341"
"جمیلہ","منظور",4,"304 306 307","301:307 302:307 306:307 307:307"
"جمیلہ","نائیکہ",1,"221","219:224"
"جمیلہ","نواز",15,"175 176 179 304 306 307 329 330 332 336 338 339","173:178 174:178 181:178 301:307 302:307 306:307 307:307 333:325 333:326 333:327 333:332 333:340 336:340 337:340 338:340"
"جمیلہ","نگینہ",7,"169 170 215 300 333 334","173:166 173:167 173:168 219:211 301:300 333:333 336:333"
"جمیلہ","ڈاکٹر نذیر",18,"173 174 177 181 182 183 200 201 214 215 334 336 337 338","173:174 174:174 181:174 181:181 182:181 182:183 183:183 199:202 200:202 219:209 219:210 219:212 333:336 336:336 337:336 337:337 338:337 338:338"
"جنجوعہ","ستارہ فیروز",24,"45 46 47 48 49 50 51 52 70 71 72 73 74 75","50:40 50:41 50:42 50:43 50:44 50:45 50:46 50:47 50:48 50:49 50:50 52:50 52:51 52:52 75:65 75:66 75:67 75:68 75:70 75:71 75:72 75:73 75:74 75:76"
"جنجوعہ","سکندر گل رخ",16,"45 46 47 48 53 54 70 71 72 73 75","50:41 50:42 50:43 50:44 50:45 50:46 50:56 52:56 75:65 75:66 75:67 75:68 75:69 75:70 75:72 75:76"
"جنجوعہ","ظہیر",10,"45 46 47 48 50 51 52 72","50:40 50:42 50:43 50:44 50:45 50:46 50:51 52:51 52:53 75:69"
"جنجوعہ","عاشی",9,"47 48 52 53 72 73 74","50:44 50:45 50:46 50:54 52:54 75:70 75:72 75:73 75:74"
"جنجوعہ","عاصم",6,"46 51 52 72 73 74","50:43 50:52 52:52 75:69 75:71 75:73"
"جنجوعہ","فیروزہ",1,"76","75:77"
"جنجوعہ","ماسٹر فضلی",6,"54 55 70 73 74 76","50:59 52:59 75:66 75:71 75:73 75:77"
"جنجوعہ","ماسٹر لطیف",2,"46 75","50:43 75:76"
"جنجوعہ","منظور",1,"76","75:78"
"جنجوعہ","نگینہ",1,"73","75:71"
"حمیہ","راشدہ",2,"161 162","162:161 162:162"
"حمیہ","ستارہ فیروز",8,"157 158 159 160 163","162:152 162:153 162:155 162:156 162:157 162:158 162:159 162:165"
"حمیہ","سکندر گل رخ",8,"157 158 159 160 165","162:153 162:154 162:155 162:156 162:157 162:158 162:159 162:169"
"حمیہ","سیٹھ",3,"159 160","162:156 162:157 162:158"
"حمیہ","سیٹھ صاحب",3,"159 160","162:156 162:157 162:158"
"حمیہ","شاہ جمال",1,"160","162:158"
"حمیہ","عاشی",4,"157 158 160 165","162:153 162:154 162:159 162:169"
"حمیہ","عاصم",2,"161 162","162:161 162:162"
"حمیہ","فوزیہ لطیف",1,"162","162:163"
"حمیہ","فیروزہ",1,"162","162:162"
"حمیہ","ماسٹر فضلی",3,"157 161 162","162:153 162:161 162:162"
"حمیہ","ماسٹر لطیف",4,"159 160 162","162:156 162:157 162:158 162:162"
"حمیہ","نگینہ",2,"161 164","162:161 162:166"
"راشدہ","ستارہ فیروز",80,"105 106 107 108 109 110 111 112 116 117 118 119 120 156 157 158 159 160 163 166 168 169 216 217 218 219 220 221 222 258 259 261 262 263 306 307 308 309 310 312 331 332 335 336 338 339 350 353 354 355 358 359 362 363","110:100 110:101 110:102 110:104 110:105 110:106 110:107 110:108 110:109 110:110 112:110 112:111 112:112 120:112 120:113 120:114 120:115 120:116 120:117 120:118 120:119 120:120 161:151 161:152 161:153 161:155 161:156 161:157 161:158 161:159 161:165 162:165 168:165 168:168 169:168 169:169 221:212 221:214 221:216 221:217 221:218 221:219 221:220 221:221 222:221 222:222 263:253 263:254 263:255 263:256 263:259 263:260 263:262 263:263 311:301 311:302 311:303 311:304 311:305 311:306 311:308 311:309 311:310 311:313 334:328 334:331 334:337 335:337 339:337 339:338 339:339 353:348 353:354 354:354 355:354 355:355 362:355 362:356 362:363 363:363"
"راشدہ","سلطان",4,"123 225 226 261","120:127 221:230 222:230 263:260"
"راشدہ","سکندر گل رخ",86,"105 106 107 108 109 110 111 114 118 119 120 157 158 159 160 165 168 169 217 218 219 220 221 222 259 260 261 262 264 306 307 308 309 310 311 329 330 331 332 333 334 335 337 338 339 348 349 350 351 352 354 355 359 360 361 363","110:100 110:101 110:102 110:103 110:104 110:105 110:106 110:107 110:108 110:109 110:111 112:111 112:116 120:116 120:117 120:118 120:119 120:120 161:153 161:154 161:155 161:156 161:157 161:158 161:159 161:169 162:169 168:169 169:169 221:214 221:215 221:216 221:217 221:220 221:222 222:222 263:256 263:257 263:258 263:259 263:262 263:266 311:302 311:303 311:304 311:305 311:307 311:310 311:311 334:324 334:325 334:326 334:327 334:328 334:329 334:330 334:331 334:332 334:335 335:335 339:335 339:336 339:337 339:338 339:339 353:343 353:344 353:345 353:346 353:347 353:348 353:349 353:350 353:351 353:352 353:356 354:356 355:356 362:356 362:357 362:358 362:359 362:360 362:361 362:364 363:364"
"راشدہ","سیٹھ",11,"117 121 158 159 267 351 356 357 361","112:122 120:122 161:156 161:157 161:158 263:272 353:350 353:360 354:360 355:360 362:360"
"راشدہ","سیٹھ صاحب",9,"158 159 267 351 356 357 361","161:156 161:157 161:158 263:272 353:350 353:360 354:360 355:360 362:360"
"راشدہ","شاہ جمال",1,"159","161:158"
"راشدہ","عاشی",52,"117 121 157 160 165 168 169 217 218 222 259 260 261 264 306 307 308 309 310 311 329 330 331 332 333 336 337 339 348 350 351 352 354 355 359 360 361 368","112:122 120:122 161:153 161:154 161:159 161:169 162:169 168:169 169:169 221:213 221:214 221:215 221:216 221:223 222:223 263:256 263:257 263:258 263:259 263:266 311:301 311:303 311:306 311:307 311:310 311:312 334:324 334:325 334:326 334:327 334:328 334:329 334:331 334:332 334:339 335:339 339:339 353:344 353:347 353:349 353:350 353:351 353:352 353:356 354:356 355:356 362:356 362:357 362:358 362:359 362:360 363:373"
"راشدہ","عاصم",28,"105 110 111 112 116 117 120 161 162 165 167 174 221 222 260 261 263 306 311 333 354 355 358","110:100 110:110 112:110 112:111 112:112 120:112 120:114 120:120 161:161 162:161 162:162 168:162 168:166 168:167 169:179 221:221 222:221 222:222 263:257 263:260 263:263 311:301 311:311 334:333 353:355 354:355 355:355 362:355"
"راشدہ","غوری صاحب",5,"224 225 258 330","221:228 222:228 263:253 263:254 334:327"
"راشدہ","فوزیہ لطیف",16,"162 165 340 342 349 350 357 358 361 362 363","161:163 162:163 168:163 335:345 339:345 353:345 353:346 353:347 353:348 353:361 354:361 355:361 362:361 362:362 363:362 363:363"
"راشدہ","فیروزہ",10,"161 162 165 166 359 363","161:162 162:162 168:162 168:163 168:164 168:165 354:364 355:364 362:364 363:364"
"راشدہ","ماسٹر فضلی",35,"105 110 111 112 116 117 157 161 162 165 167 168 169 216 220 260 261 263 310 313 353 354 357 361 365","110:100 110:110 112:110 112:111 112:112 120:112 120:113 120:114 161:153 161:161 162:161 162:162 168:162 168:163 168:166 168:167 168:168 169:168 169:169 221:211 221:220 263:257 263:259 263:260 263:264 311:310 311:316 353:353 354:353 354:354 355:354 355:360 362:360 362:368 363:368"
"راشدہ","ماسٹر لطیف",28,"117 121 158 159 161 162 165 166 173 216 220 337 338 340 349 350 357 358 361 362 363","112:122 120:122 161:156 161:157 161:158 161:162 162:162 168:162 168:163 168:164 168:165 168:178 169:178 221:212 221:220 334:341 335:341 339:341 353:345 353:347 353:348 353:361 354:361 355:361 362:361 362:362 363:362 363:363"
"راشدہ","منظور",6,"117 121 156 260 309 316","112:122 120:122 161:151 263:257 311:307 311:321"
"راشدہ","نائیکہ",4,"117 121 222 223","112:122 120:122 221:224 222:224"
"راشدہ","نواز",17,"117 121 173 309 329 330 333 337 339 352 354 355 359","112:122 120:122 168:178 169:178 311:307 334:325 334:326 334:327 334:332 334:340 335:340 339:340 353:351 353:356 354:356 355:356 362:356"
"راشدہ","نگینہ",12,"161 164 167 168 216 262 263 333","161:161 162:161 162:166 168:166 168:167 168:168 169:168 221:211 263:261 263:262 263:263 334:333"
"راشدہ","ڈاکٹر نذیر",9,"171 216 335 337 338 340","168:174 169:174 221:212 334:336 335:336 339:336 339:337 339:338 339:342"
"ستارہ فیروز","سلطان",74,"122 123 125 126 127 202 203 204 205 206 207 225 226 227 228 229 230 231 232 233 234 237 238 240 245 246 247 249 250 251 252 256 257 258 259 260 261 276 277 278 279 280 281 294 295 296 297 298 300","117:127 118:127 119:127 120:127 123:127 124:127 125:127 126:127 127:127 128:127 198:207 199:207 200:207 202:207 203:207 204:207 205:207 206:207 208:207 220:230 221:230 222:230 224:230 225:230 227:230 229:230 230:230 231:230 231:232 233:232 233:234 234:234 235:234 235:240 236:240 240:240 241:240 241:250 242:250 243:250 244:250 249:250 251:250 251:252 252:252 253:252 253:260 254:260 255:260 256:260 259:260 260:260 262:260 271:281 272:281 273:281 274:281 275:281 276:281 277:281 278:281 279:281 280:281 281:281 282:281 289:299 290:299 291:299 293:299 294:299 295:299 296:299 298:299 301:299"
"ستارہ فیروز","سکندر گل رخ",505,"15 16 17 18 19 20 21 25 26 27 28 29 30 31 32 34 35 36 37 38 39 40 41 42 43 44 45 46 51 52 53 54 55 56 57 58 59 61 62 63 64 65 66 67 68 69 70 71 72 74 75 76 77 79 80 81 82 83 84 85 86 87 88 89 90 91 92 93 94 95 96 97 98 99 100 101 102 103 104 105 106 107 108 109 110 111 114 115 116 117 118 119 120 121 122 123 124 125 126 127 128 129 130 131 132 133 134 135 136 138 139 140 141 142 143 144 145 146 147 148 149 150 152 153 154 155 156 157 158 159 162 167 168 169 171 172 173 174 175 176 178 181 182 183 184 185 187 189 190 191 192 193 194 196 197 199 200 201 202 203 204 205 206 207 211 212 213 214 215 216 217 219 220 221 222 223 224 225 226 227 228 229 230 231 232 233 234 235 236 238 239 240 241 242 243 244 246 247 252 253 254 255 256 257 258 259 261 262 264 265 266 267 268 269 270 271 272 273 274 275 276 277 278 279 280 281 282 284 286 287 288 289 290 291 292 293 294 295 296 297 298 299 301 302 303 304 305 306 307 309 310 311 312 313 314 315 318 319 320 321 322 325 326 327 328 329 330 331 334 336 337 338 339 343 344 345 346 347 348 351 352 353 355 356 359 360 361 362 363 364 365 366 367 370 371 372 373 374 376 377 378 379 380 381 382 383 384 385","10:20 11:20 12:20 13:20 14:20 15:20 16:20 17:20 18:20 19:20 21:20 21:21 22:21 22:28 23:28 25:28 26:28 27:28 28:28 29:28 29:29 30:29 30:30 31:30 31:32 32:32 33:32 33:35 34:35 35:35 37:35 37:36 37:37 38:37 38:38 39:38 39:39 40:39 40:41 41:41 42:41 42:42 43:42 43:43 44:43 44:44 45:44 45:45 46:45 46:46 47:46 47:56 48:56 49:56 50:56 51:56 52:56 53:56 54:56 56:56 57:56 57:57 58:57 58:58 59:58 59:59 60:59 60:62 61:62 62:62 63:62 63:63 64:63 64:64 65:64 65:65 66:65 66:66 67:66 67:67 68:67 68:68 70:68 70:69 70:70 71:70 71:72 72:72 73:72 73:76 74:76 76:76 77:76 77:77 78:77 78:80 79:80 80:80 81:80 81:81 82:81 82:83 83:83 84:83 84:85 85:85 86:85 86:86 88:86 88:87 88:88 89:88 89:89 90:89 90:90 91:90 91:91 92:91 92:93 93:93 94:93 94:95 95:95 96:95 96:96 97:96 97:97 98:97 98:98 99:98 99:99 100:99 100:100 101:100 101:101 102:101 102:102 104:102 104:103 104:104 105:104 105:105 106:105 106:106 107:106 107:107 108:107 108:108 109:108 109:109 110:109 110:111 111:111 112:111 112:116 113:116 114:116 115:116 116:116 117:116 117:117 118:117 118:118 119:118 119:119 120:119 120:120 123:120 123:121 123:122 123:123 124:123 124:125 125:125 126:125 126:126 127:126 127:127 128:127 128:128 129:128 129:129 130:129 130:131 131:131 133:131 133:133 134:133 134:134 135:134 135:135 136:135 136:136 137:136 137:139 138:139 139:139 141:139 141:141 142:141 142:142 143:142 143:144 144:144 145:144 145:145 146:145 146:146 148:146 148:147 148:148 149:148 149:149 151:149 151:150 151:153 152:153 153:153 155:153 155:154 155:155 156:155 156:156 157:156 157:157 158:157 158:158 159:158 159:159 165:159 165:169 168:169 169:169 170:169 170:173 171:173 172:173 173:173 174:173 174:175 175:175 176:175 176:177 179:177 179:178 179:183 181:183 182:183 183:183 185:183 185:184 185:185 189:185 189:186 189:189 190:189 190:190 191:190 191:192 193:192 193:193 195:193 195:197 198:197 198:201 199:201 200:201 202:201 202:202 203:202 203:203 204:203 204:204 205:204 205:205 206:205 206:206 208:206 208:207 208:214 209:214 210:214 212:214 214:214 216:214 216:215 216:216 217:216 217:217 218:217 218:220 219:220 220:220 221:220 221:222 222:222 224:222 224:223 224:224 225:224 225:225 227:225 227:226 227:227 229:227 229:228 229:229 230:229 230:231 231:231 233:231 233:233 234:233 234:235 235:235 236:235 236:237 240:237 240:238 240:239 240:241 241:241 242:241 242:242 243:242 243:243 244:243 244:244 249:244 249:245 249:256 251:256 252:256 253:256 254:256 255:256 256:256 259:256 259:257 259:258 259:259 260:259 260:262 262:262 263:262 263:266 264:266 265:266 266:266 267:266 267:267 268:267 268:268 269:268 269:269 271:269 271:272 272:272 273:272 273:273 274:273 274:274 275:274 275:275 276:275 276:276 277:276 277:277 278:277 278:278 279:278 279:279 280:279 280:280 281:280 281:281 282:281 282:282 286:282 286:283 286:286 287:286 287:287 288:287 288:288 289:288 289:289 290:289 290:290 291:290 291:291 293:291 293:293 294:293 294:295 295:295 296:295 296:297 298:297 298:298 301:298 301:302 302:302 303:302 303:303 304:303 304:304 305:304 305:305 306:305 306:307 308:307 308:310 309:310 310:310 313:310 313:311 313:312 313:313 314:313 314:314 315:314 315:315 316:315 316:320 317:320 318:320 319:320 320:320 322:320 322:322 328:322 328:323 328:324 328:325 328:326 328:327 328:328 331:328 331:329 331:330 331:331 337:331 337:332 337:335 337:336 337:337 338:337 338:338 339:338 339:339 348:339 348:340 348:341 348:342 348:343 348:344 348:345 348:346 348:347 348:348 354:348 354:349 354:350 354:351 354:352 354:356 355:356 356:356 363:356 363:357 363:358 363:359 363:360 363:361 363:364 364:364 366:364 366:365 366:366 367:366 367:367 374:367 374:369 374:370 374:372 374:373 374:374 379:374 379:375 379:376 379:377 379:378 379:379 380:379 380:381 381:381 382:381 382:383 383:383 384:383 384:384 385:384 385:385 386:385"
"ستارہ فیروز","سیٹھ",75,"1 2 3 4 5 6 117 118 119 120 121 122 125 126 127 151 152 153 154 155 156 157 158 267 268 269 270 271 272 291 292 293 294 295 296 297 298 299 349 352 357 358 361 370 371 374 377","1:2 2:2 3:2 3:3 4:3 4:4 5:4 5:5 6:5 6:6 7:6 112:122 113:122 114:122 115:122 116:122 117:122 118:122 119:122 120:122 123:122 123:127 124:127 125:127 126:127 127:127 128:127 146:156 148:156 149:156 151:156 152:156 153:156 155:156 156:156 157:156 157:157 158:157 158:158 159:158 262:272 263:272 264:272 265:272 266:272 267:272 268:272 269:272 271:272 272:272 273:272 286:296 287:296 288:296 289:296 290:296 291:296 293:296 294:296 295:296 296:296 298:296 298:297 298:298 301:298 348:350 354:350 354:360 355:360 356:360 363:360 366:375 367:375 374:375 379:375"
"ستارہ فیروز","سیٹھ صاحب",59,"1 2 3 4 5 6 151 152 153 154 155 156 157 158 267 268 269 270 271 272 291 292 293 294 295 296 297 298 299 349 352 357 358 361 370 371 374 377","1:2 2:2 3:2 3:3 4:3 4:4 5:4 5:5 6:5 6:6 7:6 146:156 148:156 149:156 151:156 152:156 153:156 155:156 156:156 157:156 157:157 158:157 158:158 159:158 262:272 263:272 264:272 265:272 266:272 267:272 268:272 269:272 271:272 272:272 273:272 286:296 287:296 288:296 289:296 290:296 291:296 293:296 294:296 295:296 296:296 298:296 298:297 298:298 301:298 348:350 354:350 354:360 355:360 356:360 363:360 366:375 367:375 374:375 379:375"
"ستارہ فیروز","شاہ جمال",31,"93 94 95 96 97 98 153 154 155 156 157 158 231 232 233 234 235 236 238","88:98 89:98 90:98 91:98 92:98 93:98 94:98 95:98 96:98 97:98 98:98 99:98 148:158 149:158 151:158 152:158 153:158 155:158 156:158 157:158 158:158 159:158 227:236 229:236 230:236 231:236 233:236 234:236 235:236 236:236 240:236"
"ستارہ فیروز","ظہیر",56,"1 2 3 4 5 31 32 33 34 35 36 38 39 40 41 42 43 44 45 46 49 50 51 52 53 64 65 66 67 68 69","1:2 2:2 3:2 3:3 4:3 4:4 5:4 5:5 6:5 26:36 27:36 28:36 29:36 30:36 31:36 32:36 33:36 34:36 35:36 37:36 37:40 38:40 39:40 40:40 41:40 41:42 42:42 43:42 43:43 44:43 44:44 45:44 45:45 46:45 46:46 47:46 47:51 48:51 49:51 50:51 51:51 52:51 52:53 53:53 54:53 59:69 60:69 61:69 62:69 63:69 64:69 65:69 66:69 67:69 68:69 70:69"
"ستارہ فیروز","عاشی",313,"39 40 41 42 43 44 45 46 50 51 52 53 54 55 65 66 67 68 69 70 71 72 73 74 75 117 118 119 120 121 122 123 126 127 128 129 131 132 133 137 138 139 140 141 142 143 144 147 148 149 150 152 153 154 157 158 159 162 167 168 169 170 174 175 176 178 180 181 182 183 184 185 187 188 189 190 191 192 193 194 196 197 199 200 201 202 203 205 206 207 210 211 212 213 214 215 216 220 221 222 223 224 225 226 227 228 229 231 232 233 237 238 240 241 242 243 244 246 247 252 253 254 255 256 257 258 259 263 264 265 266 267 268 269 270 271 272 274 275 276 277 278 279 280 284 286 287 288 289 290 291 292 293 297 298 299 301 302 303 305 306 307 309 310 311 312 316 317 318 319 320 321 322 325 326 327 328 329 330 331 334 338 339 343 344 346 347 348 351 352 353 355 356 359 360 361 368 369 370 373 374 376 377 379","34:44 35:44 37:44 38:44 39:44 40:44 41:44 42:44 43:44 44:44 45:44 45:45 46:45 46:46 47:46 47:54 48:54 49:54 50:54 51:54 52:54 53:54 54:54 56:54 60:70 61:70 62:70 63:70 64:70 65:70 66:70 67:70 68:70 70:70 71:70 71:72 72:72 73:72 73:73 74:73 74:74 76:74 112:122 113:122 114:122 115:122 116:122 117:122 118:122 119:122 120:122 123:122 123:123 124:123 124:128 125:128 126:128 127:128 128:128 129:128 129:129 130:129 130:133 131:133 133:133 134:133 134:141 135:141 136:141 137:141 138:141 139:141 141:141 142:141 142:142 143:142 143:144 144:144 145:144 145:150 146:150 148:150 149:150 151:150 151:153 152:153 153:153 155:153 155:154 155:159 156:159 157:159 158:159 159:159 165:159 165:169 168:169 169:169 170:169 170:170 171:170 171:177 172:177 173:177 174:177 175:177 176:177 179:177 179:178 179:181 181:181 182:181 182:183 183:183 185:183 185:184 185:186 189:186 189:187 189:188 189:189 190:189 190:190 191:190 191:192 193:192 193:193 195:193 195:197 198:197 198:201 199:201 200:201 202:201 202:203 203:203 204:203 204:206 205:206 206:206 208:206 208:207 208:213 209:213 210:213 212:213 214:213 214:214 216:214 216:215 216:216 217:216 217:223 218:223 219:223 220:223 221:223 222:223 224:223 224:224 225:224 225:225 227:225 227:226 227:227 229:227 229:228 229:229 230:229 230:233 231:233 233:233 234:233 234:241 235:241 236:241 240:241 241:241 242:241 242:243 243:243 244:243 244:244 249:244 249:245 249:256 251:256 252:256 253:256 254:256 255:256 256:256 259:256 259:257 259:258 259:259 260:259 260:266 262:266 263:266 264:266 265:266 266:266 267:266 267:267 268:267 268:268 269:268 269:269 271:269 271:272 272:272 273:272 273:276 274:276 275:276 276:276 277:276 277:277 278:277 278:279 279:279 280:279 280:280 281:280 281:287 282:287 286:287 287:287 288:287 288:288 289:288 289:289 290:289 290:290 291:290 291:291 293:291 293:293 294:293 294:301 295:301 296:301 298:301 301:301 302:301 302:303 303:303 304:303 304:306 305:306 306:306 308:306 308:307 308:310 309:310 310:310 313:310 313:312 313:320 314:320 315:320 316:320 317:320 318:320 319:320 320:320 322:320 322:322 328:322 328:323 328:324 328:325 328:326 328:327 328:328 331:328 331:329 331:331 337:331 337:332 337:339 338:339 339:339 348:339 348:340 348:341 348:344 348:347 348:349 354:349 354:350 354:351 354:352 354:356 355:356 356:356 363:356 363:357 363:358 363:359 363:360 363:373 364:373 366:373 367:373 374:373 374:374 379:374 379:375 379:376 379:379 380:379"
"ستارہ فیروز","عاصم",288,"1 10 11 12 13 14 15 16 17 18 19 20 22 23 24 38 39 40 41 42 43 48 49 50 51 52 56 57 58 59 60 65 66 67 68 69 70 71 72 73 84 85 86 87 88 89 90 91 92 96 97 98 99 100 105 106 107 108 109 110 111 112 113 114 117 118 119 120 121 127 128 129 130 131 132 145 146 147 148 149 150 156 157 158 159 160 163 165 167 174 175 176 177 179 180 193 194 195 196 198 203 204 205 206 207 216 217 218 219 220 221 222 223 227 228 229 230 231 232 233 234 237 239 240 243 244 247 248 249 250 251 252 255 256 258 259 260 261 262 263 268 269 270 271 272 287 289 290 291 292 296 297 298 300 301 306 307 308 309 310 312 315 316 317 318 319 320 321 330 332 335 351 354 355 378 381 382 383","1:1 2:1 5:15 6:15 7:15 8:15 9:15 10:15 11:15 12:15 13:15 14:15 15:15 16:15 16:16 17:16 17:17 18:17 18:18 19:18 19:19 21:19 21:23 22:23 23:23 25:23 33:43 34:43 35:43 37:43 38:43 39:43 40:43 41:43 42:43 43:43 44:43 44:52 45:52 46:52 47:52 48:52 49:52 50:52 51:52 52:52 53:52 53:60 54:60 56:60 57:60 58:60 59:60 60:60 61:60 61:69 62:69 63:69 64:69 65:69 66:69 67:69 68:69 70:69 70:71 71:71 72:71 72:73 73:73 74:73 79:89 80:89 81:89 82:89 83:89 84:89 85:89 86:89 88:89 89:89 90:89 90:90 91:90 91:92 92:92 93:92 93:100 94:100 95:100 96:100 97:100 98:100 99:100 100:100 101:100 101:110 102:110 104:110 105:110 106:110 107:110 108:110 109:110 110:110 111:110 111:111 112:111 112:112 113:112 113:114 114:114 115:114 115:120 116:120 117:120 118:120 119:120 120:120 123:120 123:132 124:132 125:132 126:132 127:132 128:132 129:132 130:132 131:132 133:132 141:150 142:150 143:150 144:150 145:150 146:150 148:150 149:150 151:150 151:161 152:161 153:161 155:161 156:161 157:161 158:161 159:161 165:161 165:162 165:166 168:166 168:167 169:179 170:179 171:179 172:179 173:179 174:179 175:179 176:179 179:179 181:179 189:198 190:198 191:198 193:198 195:198 198:198 199:198 199:207 200:207 202:207 203:207 204:207 205:207 206:207 208:207 212:221 214:221 216:221 217:221 218:221 219:221 220:221 221:221 222:221 222:222 224:222 224:230 225:230 227:230 229:230 230:230 231:230 231:232 233:232 233:234 234:234 235:234 235:239 236:239 240:239 240:240 241:240 241:245 242:245 243:245 244:245 249:245 249:246 249:247 249:248 249:249 251:249 251:252 252:252 253:252 253:257 254:257 255:257 256:257 259:257 259:260 260:260 262:260 262:263 263:263 264:263 264:272 265:272 266:272 267:272 268:272 269:272 271:272 272:272 273:272 282:292 286:292 287:292 288:292 289:292 290:292 291:292 293:292 293:299 294:299 295:299 296:299 298:299 301:299 301:300 301:301 302:301 302:311 303:311 304:311 305:311 306:311 308:311 309:311 310:311 313:311 313:317 314:317 315:317 316:317 317:317 318:317 318:318 319:318 319:319 320:319 320:321 322:321 328:333 331:333 337:333 348:355 354:355 355:355 356:355 374:383 379:383 380:383 381:383 382:383 383:383 384:383"
"ستارہ فیروز","غوری صاحب",80,"176 177 178 180 181 182 183 184 186 188 189 190 191 192 193 194 196 197 223 224 225 226 227 228 231 232 233 238 239 241 242 247 250 251 252 253 254 289 290 291 292 293 295 296 297 322 323 324 327 377 380 381","171:181 172:181 173:181 174:181 175:181 176:181 179:181 181:181 182:181 182:183 183:183 185:183 185:187 189:187 189:188 189:189 190:189 190:191 191:191 193:191 193:192 193:193 195:193 195:194 195:197 198:197 218:228 219:228 220:228 221:228 222:228 224:228 225:228 227:228 229:228 229:233 230:233 231:233 233:233 234:233 234:242 235:242 236:242 240:242 241:242 242:242 243:242 243:251 244:251 249:251 251:251 252:251 252:253 253:253 254:253 254:254 255:254 286:293 287:293 288:293 289:293 290:293 291:293 293:293 294:293 294:297 295:297 296:297 298:297 317:327 318:327 319:327 320:327 322:327 328:327 374:381 379:381 380:381 381:381 382:381"
"ستارہ فیروز","فوزیہ لطیف",51,"7 8 9 10 11 12 158 159 160 161 164 341 342 346 347 348 351 357 358 362 363 364 365 366 367 370 371 375 378 379 380 381 382","2:12 3:12 4:12 5:12 6:12 7:12 8:12 9:12 10:12 11:12 12:12 13:12 153:163 155:163 156:163 157:163 158:163 159:163 165:163 337:345 338:345 339:345 348:345 348:346 348:347 348:348 354:348 354:361 355:361 356:361 363:361 363:362 363:363 364:363 364:364 366:364 366:366 367:366 367:367 374:367 374:368 374:377 379:377 379:378 379:379 380:379 380:381 381:381 382:381 382:382 383:382"
"ستارہ فیروز","فیروزہ",66,"26 27 28 29 30 31 32 33 34 72 73 74 75 76 77 157 158 159 160 163 164 165 166 205 206 207 208 209 210 211 359 360 363 364 365 377 380 381 382 385 386 387","21:31 22:31 23:31 25:31 26:31 27:31 28:31 29:31 30:31 31:31 32:31 32:33 33:33 34:33 34:34 35:34 67:77 68:77 70:77 71:77 72:77 73:77 74:77 76:77 77:77 78:77 152:162 153:162 155:162 156:162 157:162 158:162 159:162 165:162 165:163 165:164 165:165 168:165 200:210 202:210 203:210 204:210 205:210 206:210 208:210 209:210 210:210 212:210 354:364 355:364 356:364 363:364 364:364 366:364 374:381 379:381 380:381 381:381 382:381 382:382 383:382 383:387 384:387 385:387 386:387 387:387"
"ستارہ فیروز","ماسٹر فضلی",292,"6 7 8 9 10 11 15 16 17 18 19 20 22 23 24 31 32 33 34 35 36 54 55 56 57 58 59 60 61 62 64 65 66 69 70 71 72 73 75 76 77 78 79 80 81 82 85 86 87 89 90 91 92 96 97 98 99 100 105 106 107 108 109 110 111 112 113 114 127 128 129 130 131 132 145 146 147 148 149 150 152 153 154 158 159 160 163 164 165 167 168 169 174 175 176 177 179 180 190 192 193 194 195 196 197 198 199 205 206 207 208 209 210 211 216 217 218 219 220 236 237 238 240 241 242 244 247 248 249 250 251 252 255 256 258 259 260 261 263 264 268 269 270 271 272 287 289 290 291 292 293 295 296 297 305 306 307 308 309 310 311 314 315 316 317 318 320 321 350 353 354 357 358 361 365 366 367 371 378 381 382 383 384","1:11 2:11 3:11 4:11 5:11 6:11 7:11 8:11 9:11 10:11 11:11 12:11 12:18 13:18 14:18 15:18 16:18 17:18 18:18 19:18 19:19 21:19 21:24 22:24 23:24 25:24 26:36 27:36 28:36 29:36 30:36 31:36 32:36 33:36 34:36 35:36 37:36 49:59 50:59 51:59 52:59 53:59 54:59 56:59 57:59 58:59 59:59 60:59 60:60 61:60 61:61 62:61 62:62 63:62 63:66 64:66 65:66 66:66 67:66 67:71 68:71 70:71 71:71 72:71 72:73 73:73 74:73 74:77 76:77 77:77 78:77 78:79 79:79 80:79 80:81 81:81 82:81 82:82 83:82 83:87 84:87 85:87 86:87 88:87 88:90 89:90 90:90 91:90 91:92 92:92 93:92 93:100 94:100 95:100 96:100 97:100 98:100 99:100 100:100 101:100 101:110 102:110 104:110 105:110 106:110 107:110 108:110 109:110 110:110 111:110 111:111 112:111 112:112 113:112 113:113 114:113 114:114 115:114 123:132 124:132 125:132 126:132 127:132 128:132 129:132 130:132 131:132 133:132 141:150 142:150 143:150 144:150 145:150 146:150 148:150 149:150 151:150 151:153 152:153 153:153 155:153 155:161 156:161 157:161 158:161 159:161 165:161 165:162 165:163 165:166 168:166 168:167 168:168 169:168 169:169 170:169 170:179 171:179 172:179 173:179 174:179 175:179 176:179 179:179 181:179 185:195 189:195 190:195 191:195 193:195 195:195 198:195 198:197 198:198 199:198 199:199 200:199 200:210 202:210 203:210 204:210 205:210 206:210 208:210 209:210 210:210 212:210 212:211 212:220 214:220 216:220 217:220 218:220 219:220 220:220 221:220 231:241 233:241 234:241 235:241 236:241 240:241 241:241 242:241 242:242 243:242 243:245 244:245 249:245 249:248 249:250 251:250 251:252 252:252 253:252 253:257 254:257 255:257 256:257 259:257 259:259 260:259 260:260 262:260 262:264 263:264 264:264 265:264 265:272 266:272 267:272 268:272 269:272 271:272 272:272 273:272 282:292 286:292 287:292 288:292 289:292 290:292 291:292 293:292 293:293 294:293 294:296 295:296 296:296 298:296 301:310 302:310 303:310 304:310 305:310 306:310 308:310 309:310 310:310 313:310 313:316 314:316 315:316 316:316 317:316 317:318 318:318 319:318 319:321 320:321 322:321 348:353 354:353 354:354 355:354 355:360 356:360 363:360 363:368 364:368 366:368 367:368 374:368 374:383 379:383 380:383 381:383 382:383 383:383 384:383 384:384 385:384"
"ستارہ فیروز","ماسٹر لطیف",201,"1 7 8 9 10 11 12 18 19 20 21 22 23 24 28 29 30 31 32 33 34 35 36 40 41 42 43 71 72 73 74 75 76 77 78 80 81 88 89 90 91 92 93 94 95 96 97 98 99 117 118 119 120 121 122 136 137 138 139 140 141 142 143 146 147 148 149 150 153 154 155 156 157 158 160 163 164 165 166 173 174 175 176 177 178 179 180 202 203 204 205 206 207 208 209 210 211 212 213 217 218 219 220 336 339 340 344 346 347 348 351 357 358 362 363 364 365 376 378 379 380 381 382 385 386 387","1:1 2:1 2:12 3:12 4:12 5:12 6:12 7:12 8:12 9:12 10:12 11:12 12:12 13:12 13:23 14:23 15:23 16:23 17:23 18:23 19:23 21:23 22:23 23:23 25:23 25:31 26:31 27:31 28:31 29:31 30:31 31:31 32:31 32:33 33:33 34:33 34:34 35:34 35:36 37:36 37:43 38:43 39:43 40:43 41:43 42:43 43:43 44:43 66:76 67:76 68:76 70:76 71:76 72:76 73:76 74:76 76:76 77:76 77:77 78:77 78:78 79:78 79:81 80:81 81:81 82:81 83:93 84:93 85:93 86:93 88:93 89:93 90:93 91:93 92:93 93:93 94:93 94:95 95:95 96:95 96:96 97:96 97:97 98:97 98:99 99:99 100:99 112:122 113:122 114:122 115:122 116:122 117:122 118:122 119:122 120:122 123:122 131:141 133:141 134:141 135:141 136:141 137:141 138:141 139:141 141:141 142:141 142:142 143:142 143:143 144:143 144:148 145:148 146:148 148:148 149:148 149:150 151:150 151:156 152:156 153:156 155:156 156:156 157:156 157:157 158:157 158:158 159:158 159:162 165:162 165:163 165:164 165:165 168:165 168:178 169:178 170:178 171:178 172:178 173:178 174:178 175:178 176:178 179:178 179:179 181:179 198:207 199:207 200:207 202:207 203:207 204:207 205:207 206:207 208:207 208:209 209:209 210:209 210:210 212:210 212:212 214:212 214:220 216:220 217:220 218:220 219:220 220:220 221:220 331:341 337:341 338:341 339:341 348:341 348:345 348:347 348:348 354:348 354:361 355:361 356:361 363:361 363:362 363:363 364:363 364:364 366:364 374:378 379:378 379:379 380:379 380:381 381:381 382:381 382:382 383:382 383:387 384:387 385:387 386:387 387:387"
"ستارہ فیروز","منظور",85,"73 74 75 76 77 78 117 118 119 120 121 122 127 128 129 130 131 132 136 137 138 139 140 146 147 148 149 150 151 240 242 243 244 247 248 249 250 254 255 256 258 302 304 305 306 307 317 318 319 320 321","68:78 70:78 71:78 72:78 73:78 74:78 76:78 77:78 78:78 79:78 112:122 113:122 114:122 115:122 116:122 117:122 118:122 119:122 120:122 123:122 123:132 124:132 125:132 126:132 127:132 128:132 129:132 130:132 131:132 133:132 133:140 134:140 135:140 136:140 137:140 138:140 139:140 141:140 141:151 142:151 143:151 144:151 145:151 146:151 148:151 149:151 151:151 152:151 235:245 236:245 240:245 241:245 242:245 243:245 244:245 249:245 249:247 249:248 249:249 251:249 251:250 251:257 252:257 253:257 254:257 255:257 256:257 259:257 298:307 301:307 302:307 303:307 304:307 305:307 306:307 308:307 313:321 314:321 315:321 316:321 317:321 318:321 319:321 320:321 322:321"
"ستارہ فیروز","نائیکہ",39,"117 118 119 120 121 122 136 137 138 139 140 141 142 143 219 220 221 222 223 224 226 227 228 229","112:122 113:122 114:122 115:122 116:122 117:122 118:122 119:122 120:122 123:122 131:141 133:141 134:141 135:141 136:141 137:141 138:141 139:141 141:141 142:141 142:142 143:142 143:143 144:143 214:224 216:224 217:224 218:224 219:224 220:224 221:224 222:224 224:224 225:224 225:228 227:228 229:228 229:229 230:229"
"ستارہ فیروز","نواز",87,"2 3 8 9 10 11 12 18 19 20 21 22 23 24 88 89 90 91 92 93 117 118 119 120 121 122 173 174 175 176 177 178 302 304 305 306 307 320 321 322 323 326 327 330 331 334 338 339 344 349 352 355 356 359","1:3 2:3 3:3 4:3 4:12 5:12 6:12 7:12 8:12 9:12 10:12 11:12 12:12 13:12 13:23 14:23 15:23 16:23 17:23 18:23 19:23 21:23 22:23 23:23 25:23 83:93 84:93 85:93 86:93 88:93 89:93 90:93 91:93 92:93 93:93 94:93 112:122 113:122 114:122 115:122 116:122 117:122 118:122 119:122 120:122 123:122 168:178 169:178 170:178 171:178 172:178 173:178 174:178 175:178 176:178 179:178 298:307 301:307 302:307 303:307 304:307 305:307 306:307 308:307 315:325 316:325 317:325 318:325 319:325 320:325 322:325 328:325 328:326 328:327 328:332 331:332 337:332 337:340 338:340 339:340 348:340 348:351 354:351 354:356 355:356 356:356 363:356"
"ستارہ فیروز","نگینہ",141,"1 9 10 11 12 13 14 15 17 18 34 35 36 37 38 39 66 67 68 69 70 71 85 86 87 88 89 90 91 92 135 136 137 138 139 140 156 157 158 159 160 163 165 167 168 206 207 208 209 210 211 234 235 236 237 239 243 244 245 248 250 251 252 257 258 260 261 262 263 264 265 266 295 296 297 298 299 300 330 332 335 378 381 382 383","1:1 2:1 4:14 5:14 6:14 7:14 8:14 9:14 10:14 11:14 12:14 13:14 14:14 15:14 15:15 16:15 16:18 17:18 18:18 19:18 29:39 30:39 31:39 32:39 33:39 34:39 35:39 37:39 38:39 39:39 40:39 61:71 62:71 63:71 64:71 65:71 66:71 67:71 68:71 70:71 71:71 72:71 80:90 81:90 82:90 83:90 84:90 85:90 86:90 88:90 89:90 90:90 91:90 91:92 92:92 93:92 130:140 131:140 133:140 134:140 135:140 136:140 137:140 138:140 139:140 141:140 151:161 152:161 153:161 155:161 156:161 157:161 158:161 159:161 165:161 165:166 168:166 168:167 168:168 169:168 202:211 203:211 204:211 205:211 206:211 208:211 209:211 210:211 212:211 229:239 230:239 231:239 233:239 234:239 235:239 236:239 240:239 240:247 241:247 242:247 243:247 244:247 249:247 249:252 251:252 252:252 253:252 253:261 254:261 255:261 256:261 259:261 260:261 262:261 262:262 263:262 263:263 264:263 264:265 265:265 266:265 266:266 267:266 290:300 291:300 293:300 294:300 295:300 296:300 298:300 301:300 328:333 331:333 337:333 374:383 379:383 380:383 381:383 382:383 383:383 384:383"
"ستارہ فیروز","ڈاکٹر نذیر",57,"169 171 172 173 174 178 180 181 182 183 184 197 198 200 201 202 206 207 208 209 210 211 212 213 230 231 232 233 234 235 238 240 241 332 333 336 337 338 340 345","165:174 168:174 169:174 170:174 171:174 172:174 173:174 174:174 175:174 175:181 176:181 179:181 181:181 182:181 182:183 183:183 185:183 193:202 195:202 198:202 199:202 200:202 202:202 203:202 203:209 204:209 205:209 206:209 208:209 209:209 210:209 210:210 212:210 212:212 214:212 225:235 227:235 229:235 230:235 231:235 233:235 234:235 235:235 236:235 236:241 240:241 241:241 242:241 328:336 331:336 337:336 337:337 338:337 338:338 339:338 339:342 348:342"
"سلطان","سکندر گل رخ",67,"122 123 124 125 126 127 202 204 205 206 207 225 226 227 228 229 230 231 232 233 234 237 238 239 240 245 246 247 253 254 258 259 261 276 277 278 279 280 281 294 295 296 297 298 300","127:117 127:118 127:119 127:120 127:121 127:122 127:123 127:125 127:126 127:127 207:197 207:201 207:202 207:203 207:204 207:205 207:206 207:207 230:220 230:222 230:223 230:224 230:225 230:226 230:227 230:228 230:229 230:231 232:231 232:233 234:233 234:235 240:235 240:237 240:238 240:239 240:241 250:241 250:242 250:243 250:244 250:245 250:256 252:256 260:256 260:257 260:258 260:259 260:262 281:272 281:273 281:274 281:275 281:276 281:277 281:278 281:279 281:280 281:281 299:289 299:290 299:291 299:293 299:295 299:297 299:298 299:302"
"سلطان","سیٹھ",6,"124 127 276 297 298","127:122 127:127 281:272 299:296 299:297 299:298"
"سلطان","سیٹھ صاحب",4,"276 297 298","281:272 299:296 299:297 299:298"
"سلطان","شاہ جمال",4,"233 234 235 238","230:236 232:236 234:236 240:236"
"سلطان","عاشی",42,"124 125 127 202 204 205 206 207 226 227 228 229 231 232 233 237 240 245 246 247 253 254 258 259 263 276 278 279 280 284 294 295 296 300","127:122 127:123 127:128 207:197 207:201 207:203 207:206 207:207 230:223 230:224 230:225 230:226 230:227 230:228 230:229 230:233 232:233 234:233 234:241 240:241 250:241 250:243 250:244 250:245 250:256 252:256 260:256 260:257 260:258 260:259 260:266 281:272 281:276 281:277 281:279 281:280 281:287 299:289 299:290 299:291 299:293 299:301"
"سلطان","عاصم",28,"123 129 202 207 225 226 230 231 232 233 234 237 239 240 245 247 248 249 251 252 256 258 260 276 295 299","127:120 127:132 207:198 207:207 230:221 230:222 230:230 232:230 232:232 234:232 234:234 240:234 240:239 240:240 250:240 250:245 250:246 250:247 250:248 250:249 250:252 252:252 260:252 260:257 260:260 281:272 299:292 299:299"
"سلطان","غوری صاحب",15,"202 229 231 232 233 238 241 246 250 251 252 256 257 296 298","207:197 230:228 230:233 232:233 234:233 234:242 240:242 250:242 250:251 252:251 252:253 260:253 260:254 299:293 299:297"
"سلطان","فیروزہ",1,"208","207:210"
"سلطان","ماسٹر فضلی",24,"129 202 203 208 225 236 237 240 245 246 247 249 250 251 252 256 258 259 260 276 295 296 297","127:132 207:197 207:198 207:199 207:210 230:220 232:241 234:241 240:241 250:241 250:242 250:245 250:248 250:250 252:250 252:252 260:252 260:257 260:259 260:260 281:272 299:292 299:293 299:296"
"سلطان","ماسٹر لطیف",3,"124 207 225","127:122 207:207 230:220"
"سلطان","منظور",12,"124 129 242 247 248 249 250 251 254 258 303","127:122 127:132 240:245 250:245 250:247 250:248 250:249 250:250 252:250 252:257 260:257 299:307"
"سلطان","نائیکہ",4,"124 227 229","127:122 230:224 230:228 230:229"
"سلطان","نواز",2,"124 303","127:122 299:307"
"سلطان","نگینہ",12,"209 234 235 236 239 243 248 251 252 256 260 299","207:211 230:239 232:239 234:239 240:239 240:247 250:247 250:252 252:252 260:252 260:261 299:300"
"سلطان","ڈاکٹر نذیر",8,"204 208 232 233 234 237 240 245","207:202 207:209 230:235 232:235 234:235 240:235 240:241 250:241"
"سکندر گل رخ","سیٹھ",77,"119 120 121 122 125 126 127 151 152 153 154 155 156 157 158 267 269 270 272 291 292 293 294 295 296 297 298 300 345 346 347 348 349 350 355 356 358 359 360 370 371 372 373 374 375","116:122 117:122 118:122 119:122 120:122 121:122 122:122 123:122 123:127 125:127 126:127 127:127 128:127 146:156 147:156 148:156 149:156 150:156 153:156 154:156 155:156 156:156 157:156 157:157 158:157 158:158 159:158 262:272 266:272 267:272 268:272 269:272 272:272 273:272 286:296 287:296 288:296 289:296 290:296 291:296 293:296 295:296 297:296 297:297 298:297 298:298 302:298 340:350 341:350 342:350 343:350 344:350 345:350 346:350 347:350 348:350 349:350 350:350 351:350 351:360 352:360 356:360 357:360 358:360 359:360 360:360 361:360 365:375 366:375 367:375 369:375 370:375 372:375 373:375 374:375 375:375 376:375"
"سکندر گل رخ","سیٹھ صاحب",64,"151 152 153 154 155 156 157 158 267 269 270 272 291 292 293 294 295 296 297 298 300 345 346 347 348 349 350 355 356 358 359 360 370 371 372 373 374 375","146:156 147:156 148:156 149:156 150:156 153:156 154:156 155:156 156:156 157:156 157:157 158:157 158:158 159:158 262:272 266:272 267:272 268:272 269:272 272:272 273:272 286:296 287:296 288:296 289:296 290:296 291:296 293:296 295:296 297:296 297:297 298:297 298:298 302:298 340:350 341:350 342:350 343:350 344:350 345:350 346:350 347:350 348:350 349:350 350:350 351:350 351:360 352:360 356:360 357:360 358:360 359:360 360:360 361:360 365:375 366:375 367:375 369:375 370:375 372:375 373:375 374:375 375:375 376:375"
"سکندر گل رخ","شاہ جمال",28,"93 94 95 96 97 98 153 154 155 156 157 158 231 232 233 234 235 236","88:98 89:98 90:98 91:98 93:98 95:98 96:98 97:98 98:98 99:98 148:158 149:158 150:158 153:158 154:158 155:158 156:158 157:158 158:158 159:158 226:236 227:236 228:236 229:236 231:236 233:236 235:236 237:236"
"سکندر گل رخ","ظہیر",34,"32 33 34 35 36 38 39 40 41 42 43 44 45 46 51 53 54 64 65 66 67 68 69","28:36 29:36 30:36 32:36 35:36 36:36 37:36 37:40 38:40 39:40 41:40 41:42 42:42 43:42 43:43 44:43 44:44 45:44 45:45 46:45 46:46 56:46 56:51 56:53 59:69 62:69 63:69 64:69 65:69 66:69 67:69 68:69 69:69 70:69"
"سکندر گل رخ","عاشی",301,"39 40 41 42 43 44 45 46 51 55 66 67 68 69 70 71 72 74 75 119 120 121 122 123 124 126 127 128 129 130 132 133 137 138 140 141 142 143 144 147 148 149 150 151 153 154 157 158 159 164 169 171 175 176 177 178 180 182 183 184 185 186 187 188 189 190 191 192 193 195 197 199 201 202 203 205 206 207 210 213 214 215 216 220 221 222 223 224 225 226 227 228 229 230 232 233 234 238 239 240 241 242 243 244 245 256 257 258 259 260 264 266 267 268 269 270 272 274 275 276 277 278 279 280 284 285 286 287 288 289 290 291 292 293 294 298 299 301 302 303 305 306 307 308 310 311 312 316 317 320 321 322 323 324 325 326 327 328 329 330 331 332 333 337 338 339 340 341 343 344 346 347 348 349 350 351 352 354 356 357 358 359 360 368 369 370 371 372 373 374 375 376 378 379 380","35:44 36:44 37:44 38:44 39:44 41:44 42:44 43:44 44:44 45:44 45:45 46:45 46:46 56:46 56:54 62:70 63:70 64:70 65:70 66:70 67:70 68:70 69:70 70:70 72:70 72:72 76:72 76:73 76:74 116:122 117:122 118:122 119:122 120:122 121:122 122:122 123:122 123:123 125:123 125:128 126:128 127:128 128:128 129:128 129:129 131:129 131:133 133:133 134:133 134:141 135:141 136:141 139:141 141:141 142:141 142:142 144:142 144:144 145:144 145:150 146:150 147:150 148:150 149:150 150:150 153:150 153:153 154:153 154:154 155:154 155:159 156:159 157:159 158:159 159:159 169:159 169:169 173:169 173:170 173:177 175:177 177:177 178:177 178:178 183:178 183:181 183:183 184:183 184:184 185:184 185:186 186:186 189:186 189:187 189:188 189:189 190:189 190:190 192:190 192:192 193:192 193:193 197:193 197:197 201:197 201:201 202:201 202:203 203:203 204:203 204:206 205:206 206:206 207:206 207:207 214:207 214:213 214:214 215:214 215:215 216:215 216:216 217:216 217:223 220:223 222:223 223:223 224:223 224:224 225:224 225:225 226:225 226:226 227:226 227:227 228:227 228:228 229:228 229:229 231:229 231:233 233:233 235:233 235:241 237:241 238:241 239:241 241:241 242:241 242:243 243:243 244:243 244:244 245:244 245:245 256:256 257:256 257:257 258:257 258:258 259:258 259:259 262:259 262:266 266:266 267:266 267:267 268:267 268:268 269:268 269:269 272:269 272:272 273:272 273:276 274:276 275:276 276:276 277:276 277:277 278:277 278:279 279:279 280:279 280:280 281:280 281:287 282:287 283:287 286:287 287:287 288:287 288:288 289:288 289:289 290:289 290:290 291:290 291:291 293:291 293:293 295:293 295:301 297:301 298:301 302:301 302:303 303:303 304:303 304:306 305:306 307:306 307:307 310:307 310:310 311:310 311:312 312:312 313:312 313:320 314:320 315:320 320:320 322:320 322:322 323:322 323:323 324:323 324:324 325:324 325:325 326:325 326:326 327:326 327:327 328:327 328:328 329:328 329:329 330:329 330:331 331:331 332:331 332:332 335:332 335:339 336:339 337:339 338:339 339:339 340:339 340:340 341:340 341:341 342:341 342:344 343:344 344:344 345:344 345:347 346:347 347:347 348:347 348:349 349:349 350:349 350:350 351:350 351:351 352:351 352:352 356:352 356:356 357:356 357:357 358:357 358:358 359:358 359:359 360:359 360:360 361:360 364:373 365:373 366:373 367:373 369:373 370:373 372:373 373:373 374:373 374:374 375:374 375:375 376:375 376:376 377:376 377:379 378:379 379:379 381:379"
"سکندر گل رخ","عاصم",243,"17 18 19 21 22 25 39 40 41 42 43 48 49 54 58 59 61 65 66 67 68 69 70 71 72 74 84 85 86 87 88 89 90 91 92 96 97 98 99 100 105 106 107 108 109 110 111 113 114 115 118 119 120 127 128 129 130 131 132 145 146 147 148 149 150 151 157 158 159 160 165 167 168 174 176 177 178 181 193 194 195 197 199 204 205 206 207 210 217 218 219 220 221 222 226 227 228 229 230 231 232 233 234 237 238 239 240 243 244 245 251 252 254 256 257 259 261 262 264 269 270 272 287 289 290 291 292 296 297 298 300 301 306 307 308 309 310 311 314 315 316 318 319 320 321 328 329 330 331 332 334 350 351 352 353 355 378 379 380 381 382 383","20:15 20:16 20:17 20:18 20:19 20:23 21:23 28:23 35:43 36:43 37:43 38:43 39:43 41:43 42:43 43:43 44:43 44:52 45:52 46:52 56:52 56:60 57:60 58:60 59:60 62:60 62:69 63:69 64:69 65:69 66:69 67:69 68:69 69:69 70:69 70:71 72:71 72:73 76:73 80:89 81:89 83:89 85:89 86:89 87:89 88:89 89:89 90:89 90:90 91:90 91:92 93:92 93:100 95:100 96:100 97:100 98:100 99:100 100:100 101:100 101:110 102:110 103:110 104:110 105:110 106:110 107:110 108:110 109:110 111:110 111:111 116:111 116:112 116:114 116:120 117:120 118:120 119:120 120:120 121:120 122:132 123:132 125:132 126:132 127:132 128:132 129:132 131:132 133:132 141:150 142:150 144:150 145:150 146:150 147:150 148:150 149:150 150:150 153:150 153:161 154:161 155:161 156:161 157:161 158:161 159:161 169:161 169:162 169:166 169:167 169:179 173:179 175:179 177:179 178:179 183:179 189:198 190:198 192:198 193:198 197:198 201:198 201:207 202:207 203:207 204:207 205:207 206:207 207:207 214:207 214:221 215:221 216:221 217:221 220:221 222:221 222:222 223:222 223:230 224:230 225:230 226:230 227:230 228:230 229:230 231:230 231:232 233:232 233:234 235:234 235:239 237:239 238:239 239:239 241:239 241:240 241:245 242:245 243:245 244:245 245:245 256:246 256:247 256:248 256:249 256:252 256:257 257:257 258:257 258:260 259:260 262:260 262:263 266:263 266:272 267:272 268:272 269:272 272:272 273:272 282:292 283:292 286:292 287:292 288:292 289:292 290:292 291:292 293:292 293:299 295:299 297:299 298:299 302:299 302:300 302:301 302:311 303:311 304:311 305:311 307:311 310:311 311:311 312:311 312:317 313:317 314:317 315:317 320:317 320:318 320:319 320:321 322:321 323:333 324:333 325:333 326:333 327:333 328:333 329:333 330:333 331:333 332:333 335:333 345:355 346:355 347:355 348:355 349:355 350:355 351:355 352:355 356:355 373:383 374:383 375:383 376:383 377:383 378:383 379:383 381:383 383:383 384:383"
"سکندر گل رخ","غوری صاحب",79,"177 178 179 182 183 185 186 188 189 190 191 192 193 195 197 199 224 225 226 227 228 231 232 233 234 238 239 240 241 242 247 248 253 254 255 288 289 290 291 292 293 294 296 297 323 324 325 326 327 376 377 378 379 380 381 382","173:181 175:181 177:181 178:181 183:181 183:183 184:183 184:187 185:187 186:187 189:187 189:188 189:189 190:189 190:191 192:191 192:192 193:192 193:193 197:193 197:194 197:197 201:197 220:228 222:228 223:228 224:228 225:228 226:228 227:228 228:228 229:228 229:233 231:233 233:233 235:233 235:242 237:242 238:242 239:242 241:242 242:242 243:242 243:251 244:251 245:251 256:251 256:253 256:254 283:293 286:293 287:293 288:293 289:293 290:293 291:293 293:293 295:293 295:297 297:297 298:297 320:327 322:327 323:327 324:327 325:327 326:327 327:327 328:327 372:381 373:381 374:381 375:381 376:381 377:381 378:381 379:381 381:381 383:381"
"سکندر گل رخ","فوزیہ لطیف",62,"16 158 159 160 161 166 340 341 342 343 344 345 346 347 348 356 358 359 360 361 362 363 364 365 366 367 368 373 374 375 376 377 378 379 380 381 382","20:12 153:163 154:163 155:163 156:163 157:163 158:163 159:163 169:163 335:345 336:345 337:345 338:345 339:345 340:345 341:345 342:345 343:345 344:345 345:345 346:345 346:346 347:346 347:347 348:347 348:348 349:348 351:361 352:361 356:361 357:361 358:361 359:361 360:361 361:361 364:361 364:362 364:363 364:364 365:364 365:366 366:366 367:366 367:367 369:367 369:368 369:377 370:377 372:377 373:377 374:377 375:377 376:377 377:377 378:377 378:378 379:378 379:379 381:379 381:381 383:381 383:382"
"سکندر گل رخ","فیروزہ",57,"26 29 30 31 32 34 72 73 74 76 77 78 157 158 159 160 165 166 167 205 206 207 208 212 360 361 362 364 376 377 378 379 380 381 382 385 386","21:31 28:31 29:31 30:31 32:31 32:33 35:33 35:34 67:77 68:77 69:77 70:77 72:77 76:77 77:77 80:77 153:162 154:162 155:162 156:162 157:162 158:162 159:162 169:162 169:163 169:164 169:165 201:210 202:210 203:210 204:210 205:210 206:210 207:210 214:210 356:364 357:364 358:364 359:364 360:364 361:364 364:364 365:364 372:381 373:381 374:381 375:381 376:381 377:381 378:381 379:381 381:381 383:381 383:382 383:387 384:387 385:387"
"سکندر گل رخ","ماسٹر فضلی",238,"15 19 22 26 32 33 34 35 36 57 58 59 60 61 62 64 65 66 69 70 71 72 74 76 77 78 79 80 81 82 85 86 87 89 90 91 92 96 97 98 99 100 105 106 107 108 109 110 111 113 114 115 127 128 129 130 131 132 145 146 147 148 149 150 151 153 157 158 159 160 165 166 167 168 169 171 176 177 178 181 190 192 193 194 196 197 199 200 205 206 207 208 212 217 218 220 221 236 237 238 239 240 241 242 244 245 252 253 254 256 257 258 259 260 261 263 265 269 270 272 287 289 290 291 292 293 294 295 296 306 307 308 310 313 314 315 318 319 320 321 348 349 350 351 352 354 355 358 359 360 364 366 367 368 378 379 380 381 382 383 384","20:11 20:18 20:19 20:24 21:24 28:24 28:36 29:36 30:36 32:36 35:36 36:36 37:36 56:59 57:59 58:59 59:59 62:59 62:60 62:61 62:62 63:62 63:66 64:66 65:66 66:66 67:66 67:71 68:71 69:71 70:71 72:71 72:73 76:73 76:77 77:77 80:77 80:79 80:81 81:81 83:81 83:82 83:87 85:87 86:87 87:87 88:87 88:90 89:90 90:90 91:90 91:92 93:92 93:100 95:100 96:100 97:100 98:100 99:100 100:100 101:100 101:110 102:110 103:110 104:110 105:110 106:110 107:110 108:110 109:110 111:110 111:111 116:111 116:112 116:113 116:114 122:132 123:132 125:132 126:132 127:132 128:132 129:132 131:132 133:132 141:150 142:150 144:150 145:150 146:150 147:150 148:150 149:150 150:150 153:150 153:153 154:153 154:161 155:161 156:161 157:161 158:161 159:161 169:161 169:162 169:163 169:166 169:167 169:168 169:169 173:169 173:179 175:179 177:179 178:179 183:179 185:195 186:195 189:195 190:195 192:195 193:195 197:195 197:197 201:197 201:198 201:199 201:210 202:210 203:210 204:210 205:210 206:210 207:210 214:210 214:211 214:220 215:220 216:220 217:220 220:220 222:220 231:241 233:241 235:241 237:241 238:241 239:241 241:241 242:241 242:242 243:242 243:245 244:245 245:245 256:248 256:250 256:252 256:257 257:257 258:257 258:259 259:259 262:259 262:260 262:264 266:264 266:272 267:272 268:272 269:272 272:272 273:272 282:292 283:292 286:292 287:292 288:292 289:292 290:292 291:292 293:292 293:293 295:293 295:296 297:296 302:310 303:310 304:310 305:310 307:310 310:310 311:310 311:316 312:316 313:316 314:316 315:316 320:316 320:318 320:321 322:321 343:353 344:353 345:353 346:353 347:353 348:353 349:353 350:353 351:353 352:353 356:353 356:354 356:360 357:360 358:360 359:360 360:360 361:360 361:368 364:368 365:368 366:368 367:368 369:368 373:383 374:383 375:383 376:383 377:383 378:383 379:383 381:383 383:383 384:383 384:384 385:384"
"سکندر گل رخ","ماسٹر لطیف",172,"16 21 22 25 29 30 31 32 34 35 36 40 41 42 43 71 72 73 74 76 77 78 79 80 81 82 88 89 90 91 92 93 94 95 96 97 98 99 119 120 121 122 136 137 138 140 141 142 143 146 147 148 149 150 151 154 155 156 157 158 160 165 166 167 173 175 176 177 178 180 181 202 204 205 206 207 210 211 212 213 217 218 220 221 336 338 339 340 341 343 344 345 346 347 348 356 358 359 360 361 362 363 364 373 374 375 376 377 378 379 380 381 382 385 386","20:12 20:23 21:23 28:23 28:31 29:31 30:31 32:31 32:33 35:33 35:34 35:36 36:36 37:36 37:43 38:43 39:43 41:43 42:43 43:43 44:43 66:76 67:76 68:76 69:76 70:76 72:76 76:76 77:76 77:77 80:77 80:78 80:81 81:81 83:81 83:93 85:93 86:93 87:93 88:93 89:93 90:93 91:93 93:93 95:93 95:95 96:95 96:96 97:96 97:97 98:97 98:99 99:99 100:99 116:122 117:122 118:122 119:122 120:122 121:122 122:122 123:122 131:141 133:141 134:141 135:141 136:141 139:141 141:141 142:141 142:142 144:142 144:143 144:148 145:148 146:148 147:148 148:148 149:148 149:150 150:150 153:150 153:156 154:156 155:156 156:156 157:156 157:157 158:157 158:158 159:158 159:162 169:162 169:163 169:164 169:165 169:178 173:178 175:178 177:178 178:178 183:178 183:179 197:207 201:207 202:207 203:207 204:207 205:207 206:207 207:207 214:207 214:209 214:210 214:212 214:220 215:220 216:220 217:220 220:220 222:220 331:341 332:341 335:341 336:341 337:341 338:341 339:341 340:341 341:341 342:341 342:345 343:345 344:345 345:345 346:345 346:347 347:347 348:347 348:348 349:348 351:361 352:361 356:361 357:361 358:361 359:361 360:361 361:361 364:361 364:362 364:363 364:364 365:364 369:378 370:378 372:378 373:378 374:378 375:378 376:378 377:378 378:378 379:378 379:379 381:379 381:381 383:381 383:382 383:387 384:387 385:387"
"سکندر گل رخ","منظور",70,"73 74 75 77 79 119 120 121 122 127 128 129 130 131 132 136 137 138 139 140 146 147 148 149 150 152 240 241 242 243 244 245 251 252 253 256 257 302 304 305 306 307 308 316 317 318 320 321","68:78 69:78 70:78 72:78 76:78 77:78 80:78 116:122 117:122 118:122 119:122 120:122 121:122 122:122 123:122 123:132 125:132 126:132 127:132 128:132 129:132 131:132 133:132 133:140 134:140 135:140 136:140 139:140 141:140 141:151 142:151 144:151 145:151 146:151 147:151 148:151 149:151 150:151 153:151 235:245 237:245 238:245 239:245 241:245 242:245 243:245 244:245 245:245 256:247 256:248 256:249 256:250 256:257 257:257 258:257 297:307 298:307 302:307 303:307 304:307 305:307 307:307 310:307 311:321 312:321 313:321 314:321 315:321 320:321 322:321"
"سکندر گل رخ","نائیکہ",35,"119 120 121 122 136 137 138 140 141 142 143 219 220 222 223 224 226 227 228 229 230","116:122 117:122 118:122 119:122 120:122 121:122 122:122 123:122 131:141 133:141 134:141 135:141 136:141 139:141 141:141 142:141 142:142 144:142 144:143 214:224 215:224 216:224 217:224 220:224 222:224 223:224 224:224 225:224 225:228 226:228 227:228 228:228 229:228 229:229 231:229"
"سکندر گل رخ","نواز",75,"16 21 22 25 88 89 90 91 92 93 94 119 120 121 122 173 175 176 177 178 180 302 304 305 306 307 308 320 322 323 324 325 326 327 330 331 332 333 337 338 339 340 346 347 348 349 350 351 354 356","20:12 20:23 21:23 28:23 83:93 85:93 86:93 87:93 88:93 89:93 90:93 91:93 93:93 95:93 116:122 117:122 118:122 119:122 120:122 121:122 122:122 123:122 169:178 173:178 175:178 177:178 178:178 183:178 297:307 298:307 302:307 303:307 304:307 305:307 307:307 310:307 315:325 320:325 322:325 323:325 324:325 325:325 326:325 326:326 327:326 327:327 328:327 328:332 329:332 330:332 331:332 332:332 335:332 335:340 336:340 337:340 338:340 339:340 340:340 341:340 341:351 342:351 343:351 344:351 345:351 346:351 347:351 348:351 349:351 350:351 351:351 352:351 352:356 356:356 357:356"
"سکندر گل رخ","نگینہ",114,"17 19 34 35 37 38 39 40 66 67 68 69 70 71 85 86 87 88 89 90 91 92 135 136 137 138 139 140 157 158 159 160 165 167 168 206 207 208 209 212 234 235 236 237 238 239 240 244 245 246 251 254 258 259 260 261 262 264 265 266 295 296 297 298 299 301 328 329 330 331 332 334 378 379 380 381 382 383","20:14 20:15 20:18 29:39 30:39 32:39 35:39 36:39 37:39 38:39 39:39 41:39 62:71 63:71 64:71 65:71 66:71 67:71 68:71 69:71 70:71 72:71 80:90 81:90 83:90 85:90 86:90 87:90 88:90 89:90 90:90 91:90 91:92 93:92 131:140 133:140 134:140 135:140 136:140 139:140 141:140 153:161 154:161 155:161 156:161 157:161 158:161 159:161 169:161 169:166 169:167 169:168 201:211 202:211 203:211 204:211 205:211 206:211 207:211 214:211 229:239 231:239 233:239 235:239 237:239 238:239 239:239 241:239 241:247 242:247 243:247 244:247 245:247 256:247 256:252 256:261 257:261 258:261 259:261 262:261 262:262 266:262 266:263 266:265 266:266 267:266 290:300 291:300 293:300 295:300 297:300 298:300 302:300 323:333 324:333 325:333 326:333 327:333 328:333 329:333 330:333 331:333 332:333 335:333 373:383 374:383 375:383 376:383 377:383 378:383 379:383 381:383 383:383 384:383"
"سکندر گل رخ","ڈاکٹر نذیر",56,"171 173 174 178 179 182 183 197 199 201 202 206 207 208 211 212 213 230 231 232 233 234 235 236 239 240 241 331 332 333 334 335 336 337 338 340 341 342","169:174 173:174 175:174 175:181 177:181 178:181 183:181 183:183 184:183 192:202 193:202 197:202 201:202 202:202 203:202 203:209 204:209 205:209 206:209 207:209 214:209 214:210 214:212 225:235 226:235 227:235 228:235 229:235 231:235 233:235 235:235 237:235 237:241 238:241 239:241 241:241 242:241 326:336 327:336 328:336 329:336 330:336 331:336 332:336 335:336 336:336 337:336 337:337 338:337 338:338 339:338 339:342 340:342 341:342 342:342 343:342"
"سیٹھ","سیٹھ صاحب",24,"2 3 4 5 6 156 157 158 272 296 297 298 350 355 360 375","2:2 3:2 3:3 4:3 4:4 5:4 5:5 6:5 6:6 156:156 157:156 157:157 158:157 158:158 272:272 296:296 297:296 297:297 298:297 298:298 350:350 360:350 360:360 375:375"
"سیٹھ","شاہ جمال",3,"157 158","156:158 157:158 158:158"
"سیٹھ","ظہیر",8,"2 3 4 5","2:2 3:2 3:3 4:3 4:4 5:4 5:5 6:5"
"سیٹھ","عاشی",41,"122 124 125 127 153 154 155 157 158 269 270 272 291 292 293 294 298 299 345 347 348 349 350 355 356 358 359 360 374 375","122:122 127:122 127:123 127:128 156:150 156:153 156:154 156:159 157:159 158:159 272:266 272:267 272:268 272:269 272:272 296:287 296:288 296:289 296:290 296:291 296:293 296:301 297:301 298:301 350:340 350:341 350:344 350:347 350:349 350:350 360:350 360:351 360:352 360:356 360:357 360:358 360:359 360:360 375:373 375:374 375:375"
"سیٹھ","عاصم",21,"1 10 117 118 121 127 129 153 158 159 267 272 294 297 298 352 357 379","2:1 5:15 6:15 122:112 122:114 122:120 122:132 127:132 156:150 156:161 157:161 158:161 272:263 272:272 296:292 296:299 297:299 298:299 350:355 360:355 375:383"
"سیٹھ","غوری صاحب",5,"294 296 297 378","296:293 296:297 297:297 298:297 375:381"
"سیٹھ","فوزیہ لطیف",17,"7 8 9 159 160 347 348 349 360 370 371 376","2:12 3:12 4:12 5:12 6:12 156:163 157:163 158:163 350:345 350:346 350:347 350:348 360:361 375:366 375:367 375:368 375:377"
"سیٹھ","فیروزہ",5,"159 160 362 378","156:162 157:162 158:162 360:364 375:381"
"سیٹھ","ماسٹر فضلی",27,"6 7 8 117 118 127 129 153 154 158 159 268 272 294 296 351 356 357 360 371 379","2:11 3:11 4:11 5:11 6:11 122:112 122:113 122:114 122:132 127:132 156:150 156:153 156:161 157:161 158:161 272:264 272:272 296:292 296:293 296:296 297:296 350:353 360:353 360:354 360:360 375:368 375:383"
"سیٹھ","ماسٹر لطیف",21,"1 7 8 9 122 124 152 153 156 157 158 345 347 348 349 360 376","2:1 2:12 3:12 4:12 5:12 6:12 122:122 127:122 156:148 156:150 156:156 157:156 157:157 158:157 158:158 350:341 350:345 350:347 350:348 360:361 375:378"
"سیٹھ","منظور",6,"122 124 129 153 302","122:122 127:122 127:132 156:151 297:307 298:307"
"سیٹھ","نائیکہ",2,"122 124","122:122 127:122"
"سیٹھ","نواز",14,"2 3 8 9 122 124 302 345 350 355 358","2:3 3:3 4:3 4:12 5:12 6:12 122:122 127:122 297:307 298:307 350:340 350:351 360:351 360:356"
"سیٹھ","نگینہ",15,"1 9 10 158 159 267 268 269 298 299 379","2:1 4:14 5:14 6:14 156:161 157:161 158:161 272:262 272:263 272:265 272:266 296:300 297:300 298:300 375:383"
"سیٹھ","ڈاکٹر نذیر",1,"346","350:342"
"سیٹھ صاحب","شاہ جمال",3,"157 158","156:158 157:158 158:158"
"سیٹھ صاحب","ظہیر",8,"2 3 4 5","2:2 3:2 3:3 4:3 4:4 5:4 5:5 6:5"
"سیٹھ صاحب","عاشی",37,"153 154 155 157 158 269 270 272 291 292 293 294 298 299 345 347 348 349 350 355 356 358 359 360 374 375","156:150 156:153 156:154 156:159 157:159 158:159 272:266 272:267 272:268 272:269 272:272 296:287 296:288 296:289 296:290 296:291 296:293 296:301 297:301 298:301 350:340 350:341 350:344 350:347 350:349 350:350 360:350 360:351 360:352 360:356 360:357 360:358 360:359 360:360 375:373 375:374 375:375"
"سیٹھ صاحب","عاصم",16,"1 10 153 158 159 267 272 294 297 298 352 357 379","2:1 5:15 6:15 156:150 156:161 157:161 158:161 272:263 272:272 296:292 296:299 297:299 298:299 350:355 360:355 375:383"
"سیٹھ صاحب","غوری صاحب",5,"294 296 297 378","296:293 296:297 297:297 298:297 375:381"
"سیٹھ صاحب","فوزیہ لطیف",17,"7 8 9 159 160 347 348 349 360 370 371 376","2:12 3:12 4:12 5:12 6:12 156:163 157:163 158:163 350:345 350:346 350:347 350:348 360:361 375:366 375:367 375:368 375:377"
"سیٹھ صاحب","فیروزہ",5,"159 160 362 378","156:162 157:162 158:162 360:364 375:381"
"سیٹھ صاحب","ماسٹر فضلی",22,"6 7 8 153 154 158 159 268 272 294 296 351 356 357 360 371 379","2:11 3:11 4:11 5:11 6:11 156:150 156:153 156:161 157:161 158:161 272:264 272:272 296:292 296:293 296:296 297:296 350:353 360:353 360:354 360:360 375:368 375:383"
"سیٹھ صاحب","ماسٹر لطیف",19,"1 7 8 9 152 153 156 157 158 345 347 348 349 360 376","2:1 2:12 3:12 4:12 5:12 6:12 156:148 156:150 156:156 157:156 157:157 158:157 158:158 350:341 350:345 350:347 350:348 360:361 375:378"
"سیٹھ صاحب","منظور",3,"153 302","156:151 297:307 298:307"
"سیٹھ صاحب","نواز",12,"2 3 8 9 302 345 350 355 358","2:3 3:3 4:3 4:12 5:12 6:12 297:307 298:307 350:340 350:351 360:351 360:356"
"سیٹھ صاحب","نگینہ",15,"1 9 10 158 159 267 268 269 298 299 379","2:1 4:14 5:14 6:14 156:161 157:161 158:161 272:262 272:263 272:265 272:266 296:300 297:300 298:300 375:383"
"سیٹھ صاحب","ڈاکٹر نذیر",1,"346","350:342"
"شاہ جمال","عاشی",10,"154 155 156 158 231 232 234 238","158:150 158:153 158:154 158:159 236:226 236:227 236:228 236:229 236:233 236:241"
"شاہ جمال","عاصم",10,"93 94 95 99 154 159 233 234 235 237","98:89 98:90 98:92 98:100 158:150 158:161 236:230 236:232 236:234 236:239"
"شاہ جمال","غوری صاحب",3,"232 234 239","236:228 236:233 236:242"
"شاہ جمال","فوزیہ لطیف",1,"160","158:163"
"شاہ جمال","فیروزہ",1,"160","158:162"
"شاہ جمال","ماسٹر فضلی",7,"94 95 99 154 155 159 238","98:90 98:92 98:100 158:150 158:153 158:161 236:241"
"شاہ جمال","ماسٹر لطیف",10,"95 96 97 98 153 154 157 158","98:93 98:95 98:96 98:97 98:99 158:148 158:150 158:156 158:157 158:158"
"شاہ جمال","منظور",2,"154 240","158:151 236:245"
"شاہ جمال","نائیکہ",2,"232","236:228 236:229"
"شاہ جمال","نواز",1,"95","98:93"
"شاہ جمال","نگینہ",4,"94 95 159 237","98:90 98:92 158:161 236:239"
"شاہ جمال","ڈاکٹر نذیر",2,"235 238","236:235 236:241"
"ظہیر","عاشی",13,"40 42 43 44 45 46 48 52 53 69","36:44 40:44 42:44 43:44 44:44 45:44 45:45 46:45 46:46 51:46 51:54 53:54 69:70"
"ظہیر","عاصم",15,"1 10 39 41 42 43 48 49 51 52 56 64 69","2:1 5:15 36:43 40:43 42:43 43:43 44:43 44:52 45:52 46:52 51:52 53:52 53:60 69:60 69:69"
"ظہیر","فوزیہ لطیف",4,"7 8","2:12 3:12 4:12 5:12"
"ظہیر","فیروزہ",4,"33 34 35 73","36:31 36:33 36:34 69:77"
"ظہیر","ماسٹر فضلی",14,"6 7 8 36 38 55 56 64 65 67 70","2:11 3:11 4:11 5:11 36:36 40:36 51:59 53:59 69:59 69:60 69:61 69:62 69:66 69:71"
"ظہیر","ماسٹر لطیف",15,"1 7 8 33 34 35 36 38 41 42 43 72","2:1 2:12 3:12 4:12 5:12 36:31 36:33 36:34 36:36 40:36 40:43 42:43 43:43 44:43 69:76"
"ظہیر","منظور",1,"73","69:78"
"ظہیر","نواز",5,"2 3 8","2:3 3:3 4:3 4:12 5:12"
"ظہیر","نگینہ",6,"1 9 37 39 70","2:1 4:14 5:14 36:39 40:39 69:71"
"عاشی","عاصم",134,"43 48 49 53 57 65 69 70 71 72 73 117 118 121 127 130 132 145 146 147 150 151 157 160 165 167 168 174 178 180 193 194 195 197 199 204 205 206 207 210 217 218 222 226 227 228 229 231 232 233 237 240 243 244 245 251 252 254 256 257 259 263 264 269 270 272 274 289 290 291 292 296 300 301 302 307 308 309 310 311 314 318 319 320 321 328 329 330 331 332 336 351 352 353 355 378 379 381","44:43 44:52 45:52 46:52 54:52 54:60 70:60 70:69 70:71 72:71 72:73 73:73 74:73 122:112 122:114 122:120 122:132 123:132 128:132 129:132 133:132 141:150 142:150 144:150 150:150 153:150 153:161 154:161 159:161 169:161 169:162 169:166 169:167 169:179 170:179 177:179 178:179 181:179 188:198 189:198 190:198 192:198 193:198 197:198 201:198 201:207 203:207 206:207 207:207 213:207 213:221 214:221 215:221 216:221 223:221 223:222 223:230 224:230 225:230 226:230 227:230 228:230 229:230 233:230 233:232 233:234 241:234 241:239 241:240 241:245 243:245 244:245 245:245 256:246 256:247 256:248 256:249 256:252 256:257 257:257 258:257 258:260 259:260 266:260 266:263 266:272 267:272 268:272 269:272 272:272 276:272 287:292 288:292 289:292 290:292 291:292 293:292 293:299 301:299 301:300 301:301 303:301 303:311 306:311 307:311 310:311 312:311 312:317 320:317 320:318 320:319 320:321 322:321 323:333 324:333 325:333 326:333 327:333 328:333 329:333 331:333 332:333 339:333 347:355 349:355 350:355 351:355 352:355 356:355 373:383 374:383 375:383 376:383 379:383"
"عاشی","غوری صاحب",62,"179 181 182 183 185 186 187 188 189 190 191 192 193 195 197 199 225 226 227 228 231 233 237 241 242 247 248 253 254 255 290 291 292 293 297 299 323 324 325 326 327 377 378 380","177:181 178:181 181:181 183:181 183:183 184:183 184:187 186:187 187:187 188:187 188:188 189:188 189:189 190:189 190:191 192:191 192:192 193:192 193:193 197:193 197:194 197:197 201:197 223:228 224:228 225:228 226:228 227:228 228:228 229:228 229:233 233:233 241:233 241:242 243:242 243:251 244:251 245:251 256:251 256:253 256:254 287:293 288:293 289:293 290:293 291:293 293:293 301:293 301:297 320:327 322:327 323:327 324:327 325:327 326:327 327:327 328:327 373:381 374:381 375:381 376:381 379:381"
"عاشی","فوزیہ لطیف",32,"158 161 166 342 343 344 346 347 348 356 358 359 360 368 369 370 375 376 378 379","153:163 154:163 159:163 169:163 339:345 340:345 341:345 344:345 347:345 347:346 347:347 349:347 349:348 351:361 352:361 356:361 357:361 358:361 359:361 360:361 373:363 373:364 373:366 373:367 373:368 373:377 374:377 375:377 376:377 379:377 379:378 379:379"
"عاشی","فیروزہ",28,"39 73 74 75 157 158 160 165 166 167 205 206 208 211 360 361 362 368 377 378 380","44:34 70:77 72:77 73:77 74:77 153:162 154:162 159:162 169:162 169:163 169:164 169:165 201:210 203:210 206:210 207:210 213:210 356:364 357:364 358:364 359:364 360:364 373:364 373:381 374:381 375:381 376:381 379:381"
"عاشی","ماسٹر فضلی",127,"40 56 65 66 68 70 71 72 73 75 117 118 127 130 132 145 146 147 150 151 153 157 160 165 166 167 168 169 174 178 180 190 191 192 193 194 196 197 199 200 205 206 208 211 212 216 217 218 221 237 241 242 244 245 252 253 254 256 257 258 259 262 263 265 269 270 272 274 289 290 291 292 293 297 298 305 306 308 310 311 314 318 319 320 321 348 350 351 352 354 355 358 359 360 370 378 379 381","44:36 54:59 70:60 70:61 70:62 70:66 70:71 72:71 72:73 73:73 74:73 74:77 122:112 122:113 122:114 122:132 123:132 128:132 129:132 133:132 141:150 142:150 144:150 150:150 153:150 153:153 154:153 154:161 159:161 169:161 169:162 169:163 169:166 169:167 169:168 169:169 170:169 170:179 177:179 178:179 181:179 186:195 187:195 188:195 189:195 190:195 192:195 193:195 197:195 197:197 201:197 201:198 201:199 201:210 203:210 206:210 207:210 213:210 213:211 213:220 214:220 215:220 216:220 223:220 233:241 241:241 243:241 243:242 243:245 244:245 245:245 256:248 256:250 256:252 256:257 257:257 258:257 258:259 259:259 266:259 266:260 266:264 266:272 267:272 268:272 269:272 272:272 276:272 287:292 288:292 289:292 290:292 291:292 293:292 293:293 301:293 301:296 301:310 303:310 306:310 307:310 310:310 312:310 312:316 320:316 320:318 320:321 322:321 344:353 347:353 349:353 350:353 351:353 352:353 356:353 356:354 356:360 357:360 358:360 359:360 360:360 373:368 373:383 374:383 375:383 376:383 379:383"
"عاشی","ماسٹر لطیف",75,"39 40 43 73 74 75 122 137 141 142 143 146 149 150 151 154 155 157 158 160 165 166 167 173 174 177 178 179 180 202 204 205 206 207 210 211 212 216 217 218 221 336 340 341 342 344 346 347 348 356 358 359 360 368 375 376 377 378 379","44:34 44:36 44:43 70:76 72:76 73:76 74:76 122:122 123:122 133:141 141:141 142:141 142:142 144:142 144:143 144:148 150:148 150:150 153:150 153:156 154:156 159:156 159:157 159:158 159:162 169:162 169:163 169:164 169:165 169:178 170:178 177:178 178:178 181:178 181:179 197:207 201:207 203:207 206:207 207:207 213:207 213:209 213:210 213:212 213:220 214:220 215:220 216:220 223:220 331:341 332:341 339:341 340:341 341:341 344:341 344:345 347:345 347:347 349:347 349:348 351:361 352:361 356:361 357:361 358:361 359:361 360:361 373:363 373:364 373:378 374:378 375:378 376:378 379:378 379:379"
"عاشی","منظور",36,"74 75 76 122 127 130 132 136 140 146 147 150 152 243 244 245 251 252 253 256 257 304 305 306 307 308 316 320 321","70:78 72:78 73:78 74:78 122:122 123:122 123:132 128:132 129:132 133:132 133:140 141:140 141:151 142:151 144:151 150:151 153:151 241:245 243:245 244:245 245:245 256:247 256:248 256:249 256:250 256:257 257:257 258:257 301:307 303:307 306:307 307:307 310:307 312:321 320:321 322:321"
"عاشی","نائیکہ",21,"122 137 141 142 143 219 220 223 224 226 227 228 229 231","122:122 123:122 133:141 141:141 142:141 142:142 144:142 144:143 214:224 215:224 216:224 223:224 224:224 225:224 225:228 226:228 227:228 228:228 229:228 229:229 233:229"
"عاشی","نواز",40,"122 173 174 177 178 179 304 305 306 307 308 322 323 324 325 326 327 330 331 332 335 339 340 346 347 349 350 351 354 356","122:122 123:122 169:178 170:178 177:178 178:178 181:178 301:307 303:307 306:307 307:307 310:307 320:325 322:325 323:325 324:325 325:325 326:325 326:326 327:326 327:327 328:327 328:332 329:332 331:332 332:332 339:332 339:340 340:340 341:340 341:351 344:351 347:351 349:351 350:351 351:351 352:351 352:356 356:356 357:356"
"عاشی","نگینہ",55,"41 70 71 136 140 157 160 165 167 168 206 207 208 209 212 234 236 240 244 245 246 251 254 258 259 260 263 264 265 266 295 296 300 328 329 330 331 332 336 378 379 381","44:39 70:71 72:71 133:140 141:140 153:161 154:161 159:161 169:161 169:166 169:167 169:168 201:211 203:211 206:211 207:211 213:211 229:239 233:239 241:239 241:247 243:247 244:247 245:247 256:247 256:252 256:261 257:261 258:261 259:261 266:261 266:262 266:263 266:265 266:266 267:266 290:300 291:300 293:300 301:300 323:333 324:333 325:333 326:333 327:333 328:333 329:333 331:333 332:333 339:333 373:383 374:383 375:383 376:383 379:383"
"عاشی","ڈاکٹر نذیر",42,"171 172 175 179 181 182 183 197 199 201 202 206 207 208 211 212 230 231 232 234 238 241 242 331 332 333 334 337 338 340 341 343","169:174 170:174 177:174 177:181 178:181 181:181 183:181 183:183 184:183 192:202 193:202 197:202 201:202 203:202 203:209 206:209 207:209 213:209 213:210 213:212 225:235 226:235 227:235 228:235 229:235 233:235 241:235 241:241 243:241 326:336 327:336 328:336 329:336 331:336 332:336 339:336 339:337 339:338 339:342 340:342 341:342 344:342"
"عاصم","غوری صاحب",36,"180 193 194 195 196 197 224 225 229 231 232 233 238 240 241 243 248 249 250 251 252 255 292 296 298 322 323 324 330 382","179:181 198:188 198:189 198:191 198:192 198:193 198:194 198:197 221:228 222:228 230:228 230:233 232:233 234:233 234:242 239:242 240:242 245:242 245:251 246:251 247:251 248:251 249:251 252:251 252:253 257:253 257:254 292:293 299:293 299:297 317:327 318:327 319:327 321:327 333:327 383:381"
"عاصم","فوزیہ لطیف",14,"13 162 164 350 351 358 380 381 382","15:12 161:163 162:163 166:163 355:345 355:346 355:347 355:348 355:361 383:377 383:378 383:379 383:381 383:382"
"عاصم","فیروزہ",17,"27 38 73 74 75 161 162 164 165 208 359 382 385","23:31 43:33 43:34 69:77 71:77 73:77 161:162 162:162 166:162 166:163 166:164 166:165 207:210 355:364 383:381 383:382 383:387"
"عاصم","ماسٹر فضلی",105,"6 13 16 17 18 19 21 23 39 55 59 60 64 65 67 70 71 72 73 84 85 88 89 90 91 92 96 100 105 110 111 112 113 114 117 132 150 157 161 162 164 166 167 174 179 196 197 198 202 203 208 216 220 236 237 240 243 245 247 248 249 251 252 254 257 258 259 260 261 263 268 272 292 295 296 297 305 310 313 316 317 318 320 321 354 357 383","1:11 15:11 15:18 16:18 17:18 18:18 19:18 19:19 23:19 23:24 43:36 52:59 60:59 60:60 69:60 69:61 69:62 69:66 69:71 71:71 73:71 73:73 89:79 89:81 89:82 89:87 89:90 90:90 92:90 92:92 100:92 100:100 110:100 110:110 111:110 111:111 112:111 112:112 114:112 114:113 114:114 120:114 132:132 150:150 161:153 161:161 162:161 162:162 166:162 166:163 166:166 167:166 167:167 179:169 179:179 198:195 198:197 198:198 207:198 207:199 207:210 221:211 221:220 232:241 234:241 239:241 240:241 245:241 245:242 245:245 246:245 246:248 247:248 248:248 249:248 249:250 252:250 252:252 257:252 257:257 260:257 260:259 260:260 263:260 263:264 272:264 272:272 292:292 299:292 299:293 299:296 300:310 301:310 311:310 311:316 317:316 317:318 318:318 319:318 319:321 321:321 355:353 355:354 355:360 383:383"
"عاصم","ماسٹر لطیف",60,"1 13 19 20 21 23 38 39 43 47 72 73 74 85 91 92 96 97 98 99 117 118 121 127 136 145 146 149 150 158 159 161 162 164 165 178 179 202 207 216 220 337 350 351 358 380 381 382 385","1:1 15:12 15:23 16:23 17:23 18:23 19:23 23:23 43:33 43:34 43:36 43:43 52:43 69:76 71:76 73:76 89:81 89:93 90:93 92:93 100:93 100:95 100:96 100:97 100:99 112:122 114:122 120:122 132:122 132:141 150:141 150:142 150:143 150:148 150:150 161:156 161:157 161:158 161:162 162:162 166:162 166:163 166:164 166:165 179:178 179:179 198:207 207:207 221:212 221:220 333:341 355:345 355:347 355:348 355:361 383:378 383:379 383:381 383:382 383:387"
"عاصم","منظور",35,"73 74 75 117 118 121 127 132 145 150 156 242 245 246 247 248 249 250 251 254 257 258 303 304 309 316 319 320 321","69:78 71:78 73:78 112:122 114:122 120:122 132:122 132:132 150:140 150:151 161:151 239:245 240:245 245:245 246:245 246:247 247:247 248:247 248:248 249:248 249:249 252:249 252:250 252:257 257:257 260:257 299:307 300:307 301:307 311:307 311:321 317:321 318:321 319:321 321:321"
"عاصم","نائیکہ",13,"117 118 121 127 136 145 146 222 223 227 229","112:122 114:122 120:122 132:122 132:141 150:141 150:142 150:143 221:224 222:224 230:224 230:228 230:229"
"عاصم","نواز",32,"2 13 19 20 21 23 91 92 96 117 118 121 127 178 303 304 309 321 322 323 329 330 332 336 353 355","1:3 15:12 15:23 16:23 17:23 18:23 19:23 23:23 89:93 90:93 92:93 100:93 112:122 114:122 120:122 132:122 179:178 299:307 300:307 301:307 311:307 317:325 318:325 319:325 321:325 333:325 333:326 333:327 333:332 333:340 355:351 355:356"
"عاصم","نگینہ",55,"1 14 15 17 18 41 70 71 72 89 90 91 92 96 136 145 161 164 166 167 209 216 234 235 236 239 243 246 247 250 252 254 259 260 262 263 267 268 269 296 299 300 333 383","1:1 15:14 15:15 16:15 16:18 17:18 18:18 19:18 43:39 69:71 71:71 73:71 89:90 90:90 92:90 92:92 100:92 132:140 150:140 161:161 162:161 162:166 166:166 167:166 167:167 207:211 221:211 230:239 232:239 234:239 239:239 240:239 240:247 245:247 246:247 247:247 248:247 248:252 249:252 252:252 257:252 257:261 260:261 263:261 263:262 263:263 272:263 272:265 272:266 292:300 299:300 300:300 301:300 333:333 383:383"
"عاصم","ڈاکٹر نذیر",16,"170 176 180 200 204 208 216 232 233 234 237 240 243 334","166:174 167:174 179:174 179:181 198:202 207:202 207:209 221:212 230:235 232:235 234:235 239:235 239:241 240:241 245:241 333:336"
"غوری صاحب","فوزیہ لطیف",4,"379 380 381","381:377 381:378 381:379 381:381"
"غوری صاحب","فیروزہ",1,"381","381:381"
"غوری صاحب","ماسٹر فضلی",29,"180 191 192 193 194 196 197 224 237 241 242 246 248 249 250 251 252 255 292 293 295 296 322 324 382","181:179 187:195 188:195 189:195 191:195 192:195 193:195 194:195 197:195 197:197 228:220 233:241 242:241 242:242 251:242 251:245 251:248 251:250 251:252 253:252 253:257 254:257 293:292 293:293 297:293 297:296 327:318 327:321 381:383"
"غوری صاحب","ماسٹر لطیف",7,"179 180 202 224 379 380 381","181:178 181:179 197:207 228:220 381:378 381:379 381:381"
"غوری صاحب","منظور",11,"243 248 249 250 254 255 302 324","242:245 251:245 251:247 251:248 251:249 251:250 251:257 253:257 254:257 297:307 327:321"
"غوری صاحب","نائیکہ",4,"226 228 230 231","228:224 228:228 233:228 233:229"
"غوری صاحب","نواز",5,"179 302 326 327","181:178 297:307 327:325 327:326 327:327"
"غوری صاحب","نگینہ",12,"236 240 244 249 251 252 257 296 298 330 382","233:239 242:239 242:247 251:247 251:252 253:252 253:261 254:261 293:300 297:300 327:333 381:383"
"غوری صاحب","ڈاکٹر نذیر",14,"177 181 182 183 185 197 198 199 231 234 238 241 331","181:174 181:181 183:181 183:183 187:183 192:202 193:202 194:202 197:202 228:235 233:235 242:235 242:241 327:336"
"فوزیہ لطیف","فیروزہ",13,"162 163 362 363 364 365 379 380 381 382","163:162 163:163 361:364 362:364 363:364 364:364 366:364 377:381 378:381 379:381 381:381 382:381 382:382"
"فوزیہ لطیف","ماسٹر فضلی",26,"11 15 158 162 163 349 350 357 360 364 365 366 367 368 372 380 381 382","12:11 12:18 163:153 163:161 163:162 163:163 345:353 346:353 347:353 348:353 361:353 361:354 361:360 361:368 362:368 363:368 364:368 366:368 367:368 368:368 377:368 377:383 378:383 379:383 381:383 382:383"
"فوزیہ لطیف","ماسٹر لطیف",30,"12 159 160 162 163 343 345 346 347 348 361 362 363 364 365 373 377 378 379 380 381 382","12:12 163:156 163:157 163:158 163:162 163:163 345:341 345:345 346:345 346:347 347:347 348:347 348:348 361:361 362:361 362:362 363:362 363:363 364:363 364:364 366:364 368:378 377:378 378:378 379:378 379:379 381:379 381:381 382:381 382:382"
"فوزیہ لطیف","نواز",9,"7 12 342 348 349 356 358","12:3 12:12 345:340 345:351 346:351 347:351 348:351 361:351 361:356"
"فوزیہ لطیف","نگینہ",8,"13 162 164 380 381 382","12:14 163:161 163:166 377:383 378:383 379:383 381:383 382:383"
"فوزیہ لطیف","ڈاکٹر نذیر",4,"340 341 343","345:336 345:337 345:338 345:342"
"فیروزہ","ماسٹر فضلی",23,"27 33 34 35 74 75 77 157 161 162 163 165 210 359 362 366 382 385","31:24 31:36 33:36 34:36 77:71 77:73 77:77 162:153 162:161 162:162 163:162 163:163 164:163 164:166 165:166 210:210 364:354 364:360 364:368 381:383 382:383 387:383 387:384"
"فیروزہ","ماسٹر لطیف",32,"27 31 32 33 34 76 77 159 160 162 163 164 165 208 209 210 362 363 364 379 380 381 382 384 387","31:23 31:31 33:31 33:33 34:33 34:34 77:76 77:77 162:156 162:157 162:158 162:162 163:162 163:163 164:163 164:164 165:164 165:165 210:207 210:209 210:210 364:361 364:362 364:363 364:364 381:378 381:379 381:381 382:381 382:382 387:382 387:387"
"فیروزہ","منظور",1,"77","77:78"
"فیروزہ","نواز",2,"27 360","31:23 364:356"
"فیروزہ","نگینہ",13,"35 36 74 161 164 165 210 382 385","31:39 33:39 34:39 77:71 162:161 162:166 163:166 164:166 165:166 210:211 381:383 382:383 387:383"
"فیروزہ","ڈاکٹر نذیر",5,"169 206 209 210","164:174 165:174 210:202 210:209 210:210"
"ماسٹر فضلی","ماسٹر لطیف",82,"6 11 15 20 21 23 27 33 34 35 36 71 73 74 76 77 78 80 81 90 91 92 96 97 98 99 117 118 127 136 145 146 149 150 151 154 158 159 161 162 163 164 165 173 178 179 202 203 208 209 210 211 216 220 349 350 357 360 364 365 366 373 380 381 382 385","11:1 11:12 18:12 18:23 19:23 24:23 24:31 36:31 36:33 36:34 36:36 66:76 71:76 73:76 77:76 77:77 79:77 79:78 79:81 81:81 82:81 87:93 90:93 92:93 100:93 100:95 100:96 100:97 100:99 112:122 113:122 114:122 132:122 132:141 150:141 150:142 150:143 150:148 150:150 153:150 153:156 161:156 161:157 161:158 161:162 162:162 163:162 163:163 166:163 166:164 166:165 168:178 169:178 179:178 179:179 197:207 198:207 199:207 210:207 210:209 210:210 211:210 211:212 220:212 220:220 353:345 353:347 353:348 353:361 354:361 360:361 368:361 368:362 368:363 368:364 368:378 383:378 383:379 383:381 383:382 383:387 384:387"
"ماسٹر فضلی","منظور",29,"74 75 77 78 117 118 127 132 145 150 152 243 245 246 247 248 249 250 251 254 257 258 308 318 319 321","71:78 73:78 77:78 79:78 112:122 113:122 114:122 132:122 132:132 150:140 150:151 153:151 241:245 242:245 245:245 248:245 248:247 248:248 250:248 250:249 250:250 252:250 252:257 257:257 259:257 310:307 316:321 318:321 321:321"
"ماسٹر فضلی","نائیکہ",9,"117 118 127 136 145 146 222","112:122 113:122 114:122 132:122 132:141 150:141 150:142 150:143 220:224"
"ماسٹر فضلی","نواز",25,"7 11 15 20 21 23 90 91 92 96 117 118 127 173 178 308 320 321 323 352 354 355 358","11:3 11:12 18:12 18:23 19:23 24:23 87:93 90:93 92:93 100:93 112:122 113:122 114:122 132:122 168:178 169:178 179:178 310:307 316:325 318:325 321:325 353:351 353:356 354:356 360:356"
"ماسٹر فضلی","نگینہ",59,"6 12 16 18 37 66 68 71 72 85 86 88 90 91 92 96 136 145 157 161 164 166 167 168 210 211 215 240 244 246 247 250 251 252 254 259 260 262 263 264 268 269 296 298 305 383","11:1 11:14 18:14 18:15 18:18 19:18 36:39 61:71 62:71 66:71 71:71 73:71 81:90 82:90 87:90 90:90 92:90 92:92 100:92 132:140 150:140 153:161 161:161 162:161 162:166 163:166 166:166 167:166 167:167 168:167 168:168 169:168 210:211 211:211 220:211 241:239 241:247 242:247 245:247 248:247 248:252 250:252 252:252 257:252 257:261 259:261 260:261 264:261 264:262 264:263 264:265 272:265 272:266 292:300 293:300 296:300 310:300 383:383 384:383"
"ماسٹر فضلی","ڈاکٹر نذیر",19,"170 171 176 180 198 199 200 206 209 210 211 216 238 241","166:174 167:174 168:174 169:174 179:174 179:181 195:202 197:202 198:202 199:202 210:202 210:209 210:210 211:210 211:212 220:212 241:235 241:241 242:241"
"ماسٹر لطیف","منظور",13,"77 78 79 122 136 140 146 147 149 150 153","76:78 77:78 78:78 81:78 122:122 141:132 141:140 141:151 142:151 143:151 148:151 150:151 156:151"
"ماسٹر لطیف","نائیکہ",8,"122 141 142 143 145 222","122:122 141:141 142:141 142:142 143:142 143:143 148:143 220:224"
"ماسٹر لطیف","نواز",18,"2 7 12 23 27 93 94 122 178 336 340 346 348 349 356 358","1:3 12:3 12:12 23:23 31:23 93:93 95:93 122:122 178:178 179:178 341:332 341:340 341:351 345:351 347:351 348:351 361:351 361:356"
"ماسٹر لطیف","نگینہ",34,"1 13 18 19 20 35 36 37 41 73 85 91 92 140 158 159 161 164 165 173 209 210 211 337 380 381 382 385","1:1 12:14 23:14 23:15 23:18 31:39 33:39 34:39 36:39 43:39 76:71 81:90 93:90 93:92 141:140 156:161 157:161 158:161 162:161 162:166 163:166 164:166 165:166 178:168 207:211 209:211 210:211 212:211 341:333 378:383 379:383 381:383 382:383 387:383"
"ماسٹر لطیف","ڈاکٹر نذیر",18,"169 176 179 180 204 208 209 210 211 212 216 338 339 341 343","164:174 165:174 178:174 178:181 179:181 207:202 207:209 209:209 210:209 210:210 212:210 212:212 220:212 341:336 341:337 341:338 341:342 345:342"
"منظور","نائیکہ",7,"122 127 136 140 146 147","122:122 132:122 132:141 140:141 151:141 151:142 151:143"
"منظور","نواز",4,"122 127 307 323","122:122 132:122 307:307 321:325"
"منظور","نگینہ",14,"74 136 140 156 242 246 247 250 251 254 259 303","78:71 132:140 140:140 151:161 245:239 245:247 247:247 248:247 248:252 249:252 250:252 257:252 257:261 307:300"
"منظور","ڈاکٹر نذیر",2,"240 243","245:235 245:241"
"نائیکہ","نواز",1,"122","122:122"
"نائیکہ","نگینہ",2,"140 234","141:140 229:239"
"نائیکہ","ڈاکٹر نذیر",2,"231 232","228:235 229:235"
"نواز","نگینہ",14,"2 13 18 19 20 91 92 173 303 329 330 332 336","3:1 12:14 23:14 23:15 23:18 93:90 93:92 178:168 307:300 325:333 326:333 327:333 332:333 340:333"
"نواز","ڈاکٹر نذیر",10,"176 179 331 334 338 339 341 346","178:174 178:181 326:336 327:336 332:336 340:336 340:337 340:338 340:342 351:342"
"نگینہ","ڈاکٹر نذیر",11,"170 171 206 210 211 237 240 244 334","166:174 167:174 168:174 211:202 211:209 211:210 211:212 239:235 239:241 247:241 333:336"
