Character_A,Character_B,Weight,Pages(centers),Pairs(pa:pb)
"آغا داؤد","اشفاق",2,"23 29","20:27 31:27"
"آغا داؤد","اظہر (صابر کا پرانا دوست)",1,"16","20:13"
"آغا داؤد","بابا",6,"20 27 28 29 30","20:20 31:24 31:26 31:27 31:28 31:29"
"آغا داؤد","تیمور",22,"15 16 17 18 19 20 26 27 29 30 31 32 33","20:10 20:11 20:12 20:13 20:14 20:15 20:16 20:17 20:18 20:19 20:20 31:21 31:22 31:23 31:24 31:28 31:29 31:30 31:31 33:31 33:32 33:33"
"آغا داؤد","ثروت",1,"20","20:20"
"آغا داؤد","ثریا",2,"22 27","20:24 31:24"
"آغا داؤد","حسن بانو",2,"22 28","20:25 31:25"
"آغا داؤد","حسن بانو کا باپ",2,"22 28","20:25 31:25"
"آغا داؤد","حسن بانو کے بھائی",2,"22 28","20:25 31:25"
"آغا داؤد","خان زمان",4,"22 27 36 37","20:24 31:24 31:41 33:41"
"آغا داؤد","خانم",2,"22 27","20:24 31:24"
"آغا داؤد","صالح",2,"22 27","20:24 31:24"
"آغا داؤد","صورت خان",8,"15 16 18 20 26 28 32 33","20:11 20:13 20:17 20:20 31:21 31:26 31:34 33:34"
"آغا داؤد","عمران (انشورنس دفتر)",6,"16 18 20 31 32 33","20:12 20:17 20:20 31:31 33:31 33:34"
"آغا داؤد","غلام مصطفی",3,"22 27 28","20:24 31:24 31:25"
"آغا داؤد","قاسم",8,"18 22 27 29 30 31 32 36","20:16 20:24 31:24 31:27 31:29 31:32 33:32 33:40"
"آغا داؤد","قاضی (پی اے تیمور)",7,"22 27 30 31 32 37","20:24 31:24 31:29 31:30 31:32 33:32 33:41"
"آغا داؤد","مراد (روشن کا بیٹا)",8,"22 27 28 29 30 36 37","20:24 31:24 31:26 31:27 31:28 31:29 31:41 33:41"
"آغا داؤد","مراد بابا",5,"22 27 28 29 30","20:24 31:24 31:26 31:28 31:29"
"آغا داؤد","منیجر",3,"16 18 19","20:12 20:17 20:18"
"آغا داؤد","مورت خان",12,"15 17 18 19 21 26 27 32 33","20:10 20:11 20:14 20:15 20:16 20:17 20:18 20:22 31:22 31:23 31:34 33:34"
"آغا داؤد","میاں ریاض",2,"32 33","31:34 33:34"
"آغا داؤد","نسرین حیات",2,"34 35","31:38 33:38"
"آغا داؤد","پیر خان",2,"22 28","20:25 31:25"
"آغا داؤد","کریم",2,"17 18","20:14 20:16"
"آغا داؤد","کمال (صابر کا دوست)",3,"19 32 33","20:19 31:33 33:33"
"آغا داؤد","کیٹی قاسم",9,"22 27 28 29 30 31 32 36","20:24 31:24 31:26 31:27 31:28 31:29 31:32 33:32 33:40"
"آغا داؤد","گل شیر",3,"22 27 28","20:24 31:24 31:25"
"آنٹی (جلال کی)","تیمور",3,"135 136","135:136 136:136 137:136"
"آنٹی (جلال کی)","ثروت",10,"130 131 132 136 137 138","135:125 135:126 135:127 135:128 135:129 135:137 136:137 137:137 138:137 138:138"
"آنٹی (جلال کی)","جلال",8,"134 135 136 137 138","135:134 135:135 136:135 136:136 137:136 137:137 138:137 138:138"
"آنٹی (جلال کی)","جنتے",5,"133 139 140","135:131 135:143 136:143 137:143 138:143"
"آنٹی (جلال کی)","را بیاں",6,"133 134 137 138","135:131 135:133 135:139 136:139 137:139 138:139"
"آنٹی (جلال کی)","روشن دین",13,"130 131 132 133 134 135 137 138","135:125 135:126 135:127 135:128 135:129 135:131 135:133 135:134 135:135 136:135 136:139 137:139 138:139"
"آنٹی (جلال کی)","زبیدہ",4,"137 138 139","135:140 136:140 137:140 138:140"
"آنٹی (جلال کی)","صابر کی ماں",3,"135 136","135:136 136:136 137:136"
"آنٹی (جلال کی)","صورت خان",4,"139 140 141","135:144 136:144 137:144 138:144"
"آنٹی (جلال کی)","عارف",6,"132 133 137 138 139","135:130 135:132 135:140 136:140 137:140 138:140"
"آنٹی (جلال کی)","غلام مصطفی",9,"132 133 134 135 136 137 138","135:130 135:132 135:133 135:136 136:136 137:136 137:137 138:137 138:139"
"آنٹی (جلال کی)","فرید کی ماں",3,"135 136","135:136 136:136 137:136"
"آنٹی (جلال کی)","فضل خان",6,"132 133 138 139","135:130 135:132 135:141 136:141 137:141 138:141"
"آنٹی (جلال کی)","فیض",4,"137 138 139","135:140 136:140 137:140 138:140"
"آنٹی (جلال کی)","مراد (روشن کا بیٹا)",14,"130 131 132 133 134 135 136 137 138","135:125 135:126 135:127 135:129 135:131 135:133 135:134 135:135 136:135 136:136 137:136 137:137 138:137 138:138"
"آنٹی (جلال کی)","مریم فضل خان",6,"132 133 137 138 139","135:130 135:132 135:140 136:140 137:140 138:140"
"آنٹی (جلال کی)","مہربان",4,"140 141","135:145 136:145 137:145 138:145"
"آنٹی (جلال کی)","چاچا حلوائی",8,"131 133 134 137 138","135:127 135:131 135:133 135:134 135:139 136:139 137:139 138:139"
"اشفاق","بابا",8,"23 25 26 27 47 48 50 51","27:20 27:24 27:26 27:27 51:44 51:46 51:50 51:51"
"اشفاق","تیمور",18,"22 23 24 25 27 46 47 48 49 50 51","27:17 27:18 27:19 27:20 27:21 27:22 27:23 27:24 27:28 51:41 51:42 51:43 51:44 51:46 51:47 51:48 51:49 51:51"
"اشفاق","ثروت",1,"23","27:20"
"اشفاق","ثریا",2,"25 52","27:24 51:54"
"اشفاق","جہان شیر",1,"55","51:60"
"اشفاق","حسن بانو",3,"26 50 51","27:25 51:50 51:52"
"اشفاق","حسن بانو کا باپ",1,"26","27:25"
"اشفاق","حسن بانو کے بھائی",1,"26","27:25"
"اشفاق","خان زمان",7,"25 46 47 48 52","27:24 51:41 51:42 51:43 51:44 51:45 51:54"
"اشفاق","خانم",2,"25 52","27:24 51:54"
"اشفاق","صابر",1,"56","51:61"
"اشفاق","صابر کی ماں",1,"53","51:56"
"اشفاق","صالح",2,"25 52","27:24 51:53"
"اشفاق","صورت خان",5,"22 23 24 26 30","27:17 27:20 27:21 27:26 27:34"
"اشفاق","عمران (انشورنس دفتر)",3,"22 23 29","27:17 27:20 27:31"
"اشفاق","غلام مصطفی",3,"25 26 56","27:24 27:25 51:61"
"اشفاق","فرید کی ماں",1,"53","51:56"
"اشفاق","قاسم",7,"25 27 46 48 49 51","27:24 27:27 51:41 51:45 51:46 51:47 51:51"
"اشفاق","قاضی (پی اے تیمور)",9,"25 28 46 47 48 49 50","27:24 27:29 51:41 51:43 51:44 51:46 51:47 51:48 51:49"
"اشفاق","مراد (روشن کا بیٹا)",8,"25 26 27 46 47 49 51","27:24 27:26 27:27 51:41 51:43 51:44 51:48 51:51"
"اشفاق","مراد بابا",5,"25 26 27 47 51","27:24 27:26 27:28 51:44 51:51"
"اشفاق","منیجر",2,"22","27:17 27:18"
"اشفاق","مورت خان",5,"22 24 25 30","27:17 27:18 27:22 27:23 27:34"
"اشفاق","میاں ریاض",1,"30","27:34"
"اشفاق","پیر خان",5,"26 47 49 50","27:25 51:44 51:47 51:48 51:49"
"اشفاق","کمال (صابر کا دوست)",3,"23 30 52","27:19 27:33 51:53"
"اشفاق","کیٹی قاسم",13,"25 26 27 46 47 48 49 50 51","27:24 27:26 27:27 51:41 51:42 51:43 51:44 51:45 51:46 51:47 51:49 51:50 51:51"
"اشفاق","گل شیر",7,"25 26 48 50 51","27:24 27:25 51:45 51:46 51:49 51:50 51:52"
"اظہر (صابر کا پرانا دوست)","بابا",8,"4 5 16 91 92 94 95","8:1 8:2 13:20 94:89 94:90 94:95 95:95 96:95"
"اظہر (صابر کا پرانا دوست)","تیمور",17,"4 5 6 7 8 10 11 12 13 92 94","8:1 8:2 8:3 8:4 8:5 8:6 8:7 8:8 13:8 13:9 13:10 13:11 13:12 13:13 94:90 94:94 95:94"
"اظہر (صابر کا پرانا دوست)","ثروت",1,"16","13:20"
"اظہر (صابر کا پرانا دوست)","را بیاں",3,"97 98","94:101 95:101 96:101"
"اظہر (صابر کا پرانا دوست)","روشن دین",4,"93 97 98","94:92 94:101 95:101 96:101"
"اظہر (صابر کا پرانا دوست)","شریف",4,"91 97 98","94:88 94:101 95:101 96:101"
"اظہر (صابر کا پرانا دوست)","صابر",15,"89 90 91 92 93 94 95 96","94:84 94:85 94:86 94:87 94:88 94:89 94:90 94:91 94:92 94:93 94:94 95:94 95:95 96:95 96:96"
"اظہر (صابر کا پرانا دوست)","صابر کی ماں",7,"89 90 91 95 96","94:84 94:85 94:86 94:88 94:97 95:97 96:97"
"اظہر (صابر کا پرانا دوست)","صورت خان",11,"5 6 7 9 12 13 89 90 97 98","8:3 8:5 8:6 8:11 13:11 13:13 94:85 94:86 94:100 95:100 96:100"
"اظہر (صابر کا پرانا دوست)","عائشہ",6,"90 93 95 96","94:86 94:87 94:93 94:97 95:97 96:97"
"اظہر (صابر کا پرانا دوست)","عمران (انشورنس دفتر)",3,"10 12 15","8:12 13:12 13:17"
"اظہر (صابر کا پرانا دوست)","غلام مصطفی",8,"89 90 91 93 95 96","94:84 94:86 94:87 94:88 94:93 94:96 95:96 96:96"
"اظہر (صابر کا پرانا دوست)","فاطمہ (پڑوسن)",3,"97 98","94:101 95:101 96:101"
"اظہر (صابر کا پرانا دوست)","فرید کی ماں",6,"89 91 95 96","94:84 94:85 94:88 94:97 95:97 96:97"
"اظہر (صابر کا پرانا دوست)","فضل خان",2,"90 91","94:87 94:89"
"اظہر (صابر کا پرانا دوست)","قاسم",4,"4 7 12 14","8:1 8:6 8:16 13:16"
"اظہر (صابر کا پرانا دوست)","مراد (روشن کا بیٹا)",3,"97 98","94:101 95:101 96:101"
"اظہر (صابر کا پرانا دوست)","مریم فضل خان",1,"6","8:5"
"اظہر (صابر کا پرانا دوست)","منیجر",3,"10 12 15","8:12 13:12 13:17"
"اظہر (صابر کا پرانا دوست)","مورت خان",11,"5 6 7 8 10 11 12 13","8:3 8:4 8:5 8:6 8:7 8:8 13:8 13:9 13:10 13:11 13:14"
"اظہر (صابر کا پرانا دوست)","مہربان",3,"98 99","94:103 95:103 96:103"
"اظہر (صابر کا پرانا دوست)","نرگس بیٹی",6,"89 90 91 93","94:84 94:85 94:86 94:87 94:88 94:92"
"اظہر (صابر کا پرانا دوست)","چاچا حلوائی",3,"98 99","94:103 95:103 96:103"
"اظہر (صابر کا پرانا دوست)","کریم",5,"6 7 11 13","8:4 8:5 8:6 8:14 13:14"
"اظہر (صابر کا پرانا دوست)","کمال (صابر کا دوست)",8,"16 92 93 94 95 96","13:19 94:91 94:93 94:94 95:94 95:95 96:95 96:96"
"بابا","تیمور",74,"1 2 15 16 17 18 19 20 22 23 24 25 27 28 29 39 40 41 42 43 44 45 46 48 49 50 51 52 53 54 55 56 57 58 59 61 66 68 70 71 73 74 89 90 92 94 119 178 193 195 198","1:1 2:1 2:2 20:10 20:11 20:12 20:13 20:14 20:15 20:16 20:17 20:18 20:19 20:20 24:20 24:21 24:22 24:23 24:24 26:24 26:28 27:28 28:28 29:28 29:29 44:34 44:35 44:36 44:37 44:38 44:39 44:40 44:41 44:42 44:43 44:44 46:44 46:46 50:46 50:47 50:48 50:49 50:51 51:51 53:51 53:53 54:53 54:54 56:54 56:57 57:57 58:57 58:58 59:58 59:59 60:59 60:62 71:62 71:65 71:70 71:72 74:72 74:75 89:90 90:90 95:90 95:94 122:116 175:181 197:189 197:190 197:193 197:194 197:199"
"بابا","ثروت",3,"20 22 122","20:20 24:20 122:123"
"بابا","ثریا",18,"22 24 25 49 50 52 53 54 55 56 60 61 67","20:24 24:24 26:24 44:54 46:54 50:54 51:54 53:54 54:54 56:54 56:55 56:56 57:56 57:63 58:63 59:63 60:63 71:63"
"بابا","جمیلہ",2,"178 197","175:181 197:198"
"بابا","جنتے",3,"117 126 176","122:112 122:131 175:177"
"بابا","جہان شیر",12,"55 56 57 58 59 60 71 72 73","50:60 51:60 53:60 54:60 56:60 57:60 58:60 59:60 60:60 71:71 74:71 74:73"
"بابا","حسن بانو",20,"22 24 25 47 48 50 51 52 56 57 58 59 60 71 72 73 74","20:25 24:25 26:25 44:50 46:50 50:50 51:50 51:52 53:52 53:60 54:60 56:60 57:60 58:60 59:60 60:60 71:71 74:71 74:73 74:74"
"بابا","حسن بانو کا باپ",5,"22 24 25 72 73","20:25 24:25 26:25 71:73 74:73"
"بابا","حسن بانو کے بھائی",5,"22 24 25 71 72","20:25 24:25 26:25 71:71 74:71"
"بابا","خان زمان",24,"22 24 25 42 43 44 45 50 52 53 54 55 56 57 58 59","20:24 24:24 26:24 44:41 44:42 44:43 44:44 46:44 46:45 46:54 50:54 51:54 53:54 54:54 56:54 56:55 56:56 57:56 57:57 58:57 58:58 59:58 59:59 60:59"
"بابا","خانم",13,"22 24 25 49 50 52 53 54 55 56","20:24 24:24 26:24 44:54 46:54 50:54 51:54 53:54 54:54 56:54 56:55 56:56 57:56"
"بابا","خورشید",5,"171 172 196 198","175:167 175:168 175:170 197:195 197:200"
"بابا","را بیاں",4,"98 117 121 122","95:101 122:112 122:121 122:122"
"بابا","روشن دین",21,"74 75 84 90 91 93 98 117 118 119 120 121 122 173 174 175 194","71:77 74:77 89:79 89:92 90:92 95:92 95:101 122:112 122:115 122:116 122:117 122:118 122:119 122:120 122:121 122:122 175:171 175:173 175:174 175:175 197:192"
"بابا","زبیدہ",3,"173 174 175","175:171 175:174 175:175"
"بابا","سویرا شہریار",7,"178 192 193 194 197","175:181 197:187 197:188 197:189 197:190 197:192 197:197"
"بابا","شریف",2,"88 98","89:88 95:101"
"بابا","شہریار",2,"179 198","175:184 197:199"
"بابا","صابر",42,"56 57 58 59 60 66 67 68 69 70 71 73 75 84 85 86 87 88 89 90 92 93 94 95 117 118 170","51:61 53:61 54:61 56:61 57:61 58:61 59:61 60:61 71:61 71:63 71:64 71:65 71:66 71:67 71:68 71:69 71:70 71:72 74:72 74:77 89:79 89:80 89:81 89:82 89:83 89:84 89:85 89:86 89:87 89:88 89:89 90:89 90:90 95:90 95:91 95:92 95:93 95:94 95:95 122:113 122:114 175:166"
"بابا","صابر کی ماں",42,"51 53 54 55 56 59 60 66 67 71 72 73 75 84 86 87 88 93 96 118 120 170 171 172 173 176 194 195 196 197","46:56 50:56 51:56 53:56 54:56 56:56 57:56 57:61 58:61 59:61 60:61 71:61 71:62 71:63 71:64 71:71 74:71 74:73 74:77 89:79 89:83 89:84 89:85 89:86 89:88 89:97 90:97 95:97 122:114 122:118 175:166 175:167 175:168 175:169 175:170 175:172 175:178 197:191 197:194 197:195 197:196 197:197"
"بابا","صالح",14,"22 24 25 48 49 51 52 53 54 55 56","20:24 24:24 26:24 44:53 46:53 50:53 51:53 53:53 54:53 54:54 56:54 56:55 56:56 57:56"
"بابا","صورت خان",33,"2 15 16 18 20 22 25 26 30 31 39 40 58 59 60 61 67 87 95 97 178 192 193 197","1:3 2:3 20:11 20:13 20:17 20:20 24:20 24:21 24:26 26:26 27:26 27:34 28:34 29:34 44:34 44:35 44:37 53:63 54:63 56:63 57:63 58:63 59:63 60:63 71:63 89:85 89:86 90:100 95:100 175:181 197:187 197:190 197:197"
"بابا","طاہرہ",1,"197","197:198"
"بابا","عائشہ",22,"58 59 60 61 67 70 76 77 85 86 87 88 91 94 96 118","53:63 54:63 56:63 57:63 58:63 59:63 60:63 71:63 71:64 71:70 71:81 74:81 89:81 89:82 89:83 89:86 89:87 89:93 90:93 95:93 95:97 122:114"
"بابا","عارف",5,"126 173 174 175","122:130 175:171 175:173 175:174 175:175"
"بابا","عمران (انشورنس دفتر)",11,"7 16 18 20 22 27 28 29 30 39","2:12 20:12 20:17 20:20 24:20 24:31 26:31 27:31 28:31 29:31 44:34"
"بابا","غلام مصطفی",40,"22 24 25 56 57 58 59 60 66 67 68 70 71 72 73 75 86 87 88 91 94 95 118 119 120 121 126 171 175 196 197","20:24 24:24 26:24 26:25 51:61 53:61 54:61 56:61 57:61 58:61 59:61 60:61 71:61 71:62 71:63 71:64 71:65 71:69 71:71 74:71 74:73 74:77 89:83 89:84 89:86 89:87 89:88 89:93 90:93 95:93 95:96 122:114 122:117 122:119 122:121 122:130 175:168 175:175 197:195 197:197"
"بابا","فاطمہ (پڑوسن)",2,"98 120","95:101 122:119"
"بابا","فرید",19,"170 171 172 173 178 192 193 194 195 196 197","175:165 175:166 175:167 175:168 175:169 175:170 175:172 175:181 197:187 197:188 197:189 197:190 197:191 197:192 197:193 197:194 197:195 197:196 197:197"
"بابا","فرید کی ماں",44,"51 53 54 55 56 59 60 66 67 71 72 73 75 84 86 87 88 93 96 118 120 170 171 172 173 176 192 193 194 195 196 197","46:56 50:56 51:56 53:56 54:56 56:56 57:56 57:61 58:61 59:61 60:61 71:61 71:62 71:63 71:64 71:71 74:71 74:73 74:77 89:79 89:83 89:84 89:85 89:88 89:97 90:97 95:97 122:114 122:118 175:166 175:167 175:168 175:169 175:170 175:172 175:178 197:188 197:189 197:190 197:191 197:194 197:195 197:196 197:197"
"بابا","فضل خان",5,"88 89 126 176","89:87 89:89 90:89 122:130 175:177"
"بابا","فیض",1,"176","175:177"
"بابا","قاسم",30,"1 4 18 22 24 25 26 27 28 29 42 44 45 46 48 50 51 52 53 56 57 58 59","1:1 2:1 2:6 20:16 20:24 24:24 26:24 26:27 27:27 28:27 28:29 29:29 44:40 44:41 44:45 46:45 46:46 50:46 50:47 50:51 51:51 53:51 53:53 54:53 54:59 56:59 57:59 58:59 59:59 60:59"
"بابا","قاضی (پی اے تیمور)",16,"22 24 25 27 28 29 42 43 44 45 46 48 49","20:24 24:24 26:24 26:29 27:29 28:29 29:29 44:41 44:43 44:44 46:44 46:46 50:46 50:47 50:48 50:49"
"بابا","مراد (روشن کا بیٹا)",38,"22 24 25 26 27 28 29 42 43 44 45 47 49 50 51 52 53 54 55 56 57 58 59 98 117 118 121 122","20:24 24:24 26:24 26:26 27:26 27:27 28:27 28:28 29:28 29:29 44:41 44:43 44:44 46:44 46:48 50:48 50:51 51:51 53:51 53:53 54:53 54:54 56:54 56:55 56:56 57:56 57:57 58:57 58:58 59:58 59:59 60:59 95:101 122:112 122:114 122:120 122:121 122:122"
"بابا","مراد بابا",24,"22 24 25 26 27 28 29 44 45 48 50 51 52 53 54 55 56 57 58 59","20:24 24:24 26:24 26:26 27:26 27:28 28:28 29:28 29:29 44:44 46:44 46:51 50:51 51:51 53:51 53:54 54:54 56:54 56:57 57:57 58:57 58:59 59:59 60:59"
"بابا","مریم فضل خان",7,"3 126 173 174 175","1:5 2:5 122:130 175:171 175:173 175:174 175:175"
"بابا","منیجر",4,"7 16 18 19","2:12 20:12 20:17 20:18"
"بابا","مورت خان",23,"2 15 17 18 19 21 23 29 30 31 39 40 41","1:3 2:3 20:10 20:11 20:14 20:15 20:16 20:17 20:18 20:22 24:22 24:23 24:34 26:34 27:34 28:34 29:34 44:34 44:35 44:36 44:37 44:38 44:39"
"بابا","مہربان",2,"99 177","95:103 175:179"
"بابا","میاں ریاض",7,"29 30 31 39 40","24:34 26:34 27:34 28:34 29:34 44:34 44:36"
"بابا","نرگس بیٹی",19,"57 58 59 60 61 66 78 85 86 87 88 90 91 93","53:62 54:62 56:62 57:62 58:62 59:62 60:62 71:62 74:82 89:82 89:83 89:84 89:85 89:86 89:87 89:88 89:92 90:92 95:92"
"بابا","نسرین حیات",3,"33 41","28:38 29:38 44:38"
"بابا","پیر خان",9,"22 24 25 44 45 46 48 49","20:25 24:25 26:25 44:44 46:44 46:47 50:47 50:48 50:49"
"بابا","چاچا حلوائی",5,"99 119 121 122","95:103 122:117 122:120 122:121 122:122"
"بابا","ڈاکٹر ناصر",1,"200","197:204"
"بابا","کریم",4,"2 3 17 18","1:4 2:4 20:14 20:16"
"بابا","کلثوم",1,"197","197:198"
"بابا","کمال (صابر کا دوست)",24,"19 28 29 30 31 48 49 51 52 53 65 70 71 73 77 84 90 93 94 95","20:19 24:33 26:33 27:33 28:33 29:33 44:53 46:53 50:53 51:53 53:53 54:53 60:70 71:70 71:72 74:72 74:80 89:80 89:91 90:91 95:91 95:93 95:94 95:95"
"بابا","کیٹی قاسم",40,"22 24 25 26 27 28 29 42 43 44 45 46 48 49 50 51 52 53 54 55 56 57 58 59 72 74","20:24 24:24 26:24 26:26 27:26 27:27 28:27 28:28 29:28 29:29 44:40 44:41 44:42 44:43 44:44 46:44 46:45 46:46 50:46 50:47 50:49 50:50 51:50 51:51 53:51 53:53 54:53 54:54 56:54 56:55 56:56 57:56 57:57 58:57 58:58 59:58 59:59 60:59 71:74 74:74"
"بابا","گل شیر",24,"22 24 25 44 45 46 48 49 50 51 52 56 57 58 59 60 71 72 73 74","20:24 24:24 26:24 26:25 44:45 46:45 46:46 50:46 50:49 50:50 51:50 51:52 53:52 53:60 54:60 56:60 57:60 58:60 59:60 60:60 71:71 74:71 74:73 74:74"
"تیمور","ثروت",18,"15 16 17 18 19 20 119 131 132 136","10:20 11:20 12:20 13:20 14:20 15:20 16:20 17:20 18:20 19:20 20:20 21:20 116:123 136:126 136:127 136:128 136:129 136:137"
"تیمور","ثریا",28,"19 20 21 22 23 24 26 49 50 51 52 53 54 55 56 60 61 62 64","14:24 15:24 16:24 17:24 18:24 19:24 20:24 21:24 22:24 23:24 24:24 28:24 44:54 46:54 47:54 48:54 49:54 51:54 53:54 54:54 57:54 57:55 57:56 57:63 58:63 59:63 62:63 65:63"
"تیمور","جلال",3,"135 136","136:134 136:135 136:136"
"تیمور","جمیلہ",7,"181 182 193 194 195 196 198","181:181 183:181 189:198 190:198 193:198 194:198 199:198"
"تیمور","جنتے",17,"114 133 139 150 151 152 153 154 155 156 179 180","116:112 136:131 136:143 154:146 154:147 154:148 154:149 154:150 154:151 154:152 154:153 154:154 156:154 156:156 181:177 181:178 181:179"
"تیمور","جہان شیر",13,"55 56 57 58 59 61 66 68 70 71 72 74","51:60 53:60 54:60 57:60 58:60 59:60 62:60 62:71 65:71 70:71 72:71 72:73 75:73"
"تیمور","حسن بانو",38,"20 21 22 23 24 26 45 46 47 48 49 50 51 52 56 57 58 59 61 66 68 70 71 72 74 75","15:25 16:25 17:25 18:25 19:25 20:25 21:25 22:25 23:25 24:25 28:25 40:50 41:50 42:50 43:50 44:50 46:50 47:50 48:50 49:50 51:50 51:52 53:52 53:60 54:60 57:60 58:60 59:60 62:60 62:71 65:71 70:71 72:71 72:73 75:73 75:74 75:75 76:75"
"تیمور","حسن بانو کا باپ",15,"20 21 22 23 24 26 69 71 72 74","15:25 16:25 17:25 18:25 19:25 20:25 21:25 22:25 23:25 24:25 28:25 65:73 70:73 72:73 75:73"
"تیمور","حسن بانو کے بھائی",15,"20 21 22 23 24 26 66 68 70 71","15:25 16:25 17:25 18:25 19:25 20:25 21:25 22:25 23:25 24:25 28:25 62:71 65:71 70:71 72:71"
"تیمور","خان زمان",47,"19 20 21 22 23 24 26 36 37 38 39 40 41 42 43 44 45 50 51 52 53 54 55 56 57 58 59 60","14:24 15:24 16:24 17:24 18:24 19:24 20:24 21:24 22:24 23:24 24:24 28:24 31:41 32:41 33:41 34:41 35:41 36:41 37:41 38:41 39:41 40:41 41:41 42:41 42:42 43:42 43:43 44:43 44:44 46:44 46:45 46:54 47:54 48:54 49:54 51:54 53:54 54:54 57:54 57:55 57:56 57:57 58:57 58:58 59:58 59:59 62:59"
"تیمور","خانم",23,"19 20 21 22 23 24 26 49 50 51 52 53 54 55 56","14:24 15:24 16:24 17:24 18:24 19:24 20:24 21:24 22:24 23:24 24:24 28:24 44:54 46:54 47:54 48:54 49:54 51:54 53:54 54:54 57:54 57:55 57:56"
"تیمور","خورشید",7,"192 194 197 199 203","189:195 190:195 193:195 194:195 199:195 199:200 206:200"
"تیمور","را بیاں",7,"97 113 114 118 133 134 137","94:101 116:110 116:112 116:121 136:131 136:133 136:139"
"تیمور","روشن دین",43,"73 74 76 91 93 97 111 112 113 114 115 116 131 132 133 134 135 137 150 151 152 153 155 156 176 177 178 179 180 187 190 191 192","70:77 72:77 75:77 76:77 90:92 94:92 94:101 116:106 116:107 116:108 116:109 116:110 116:112 116:115 116:116 136:126 136:127 136:128 136:129 136:131 136:133 136:134 136:135 136:139 154:147 154:149 154:150 154:152 154:153 154:156 156:156 181:171 181:173 181:174 181:175 181:176 181:177 181:178 181:179 183:192 189:192 190:192 193:192"
"تیمور","زبیدہ",18,"138 150 151 152 153 154 155 156 176 177 178 179 180","136:140 154:146 154:147 154:149 154:151 154:152 154:153 154:154 156:154 156:155 156:156 181:171 181:174 181:175 181:176 181:177 181:178 181:179"
"تیمور","سویرا شہریار",29,"181 182 183 186 187 188 189 190 191 192 195 198 199 202 203 204 205 206 207 208","181:181 183:181 183:183 189:183 189:184 189:185 189:186 189:187 189:188 189:189 190:189 190:190 193:190 193:192 193:197 194:197 199:197 199:198 199:199 206:199 206:200 206:201 206:202 206:203 206:204 206:205 206:206 209:206 209:207"
"تیمور","شریف",2,"89 97","90:88 94:101"
"تیمور","شہریار",16,"182 183 186 187 194 196 199 202 203 204 206 207 208","181:184 183:184 189:184 189:185 189:186 189:199 190:199 193:199 194:199 199:199 206:199 206:201 206:202 206:206 209:206 209:207"
"تیمور","صابر",42,"56 57 59 60 61 62 64 65 67 68 69 70 71 72 73 76 85 86 87 88 89 90 92 93 94 113 114 115 161","51:61 53:61 54:61 57:61 58:61 59:61 62:61 62:63 65:63 65:64 65:65 70:65 70:66 70:67 70:68 70:69 70:70 72:70 72:72 75:72 75:77 76:77 90:80 90:81 90:82 90:83 90:84 90:85 90:86 90:87 90:88 90:89 90:90 94:90 94:91 94:92 94:93 94:94 116:111 116:113 116:114 156:166"
"تیمور","صابر کی ماں",52,"51 52 53 54 55 56 59 60 61 62 63 64 68 70 71 72 74 76 86 87 88 89 93 95 113 115 117 136 152 155 156 176 179 186 187 190 192 193 194 196 197 198 199 203","46:56 47:56 48:56 49:56 51:56 53:56 54:56 57:56 57:61 58:61 59:61 62:61 62:62 65:62 65:63 65:64 65:71 70:71 72:71 72:73 75:73 75:77 76:77 90:83 90:84 90:85 90:86 90:88 90:97 94:97 116:111 116:114 116:118 136:136 154:150 154:156 156:156 181:172 181:178 181:191 183:191 189:191 190:191 193:191 193:194 194:194 199:194 199:195 199:196 199:197 199:200 206:200"
"تیمور","صالح",25,"19 20 21 22 23 24 26 48 49 50 51 52 53 54 55 56","14:24 15:24 16:24 17:24 18:24 19:24 20:24 21:24 22:24 23:24 24:24 28:24 43:53 44:53 46:53 47:53 48:53 49:53 51:53 53:53 54:53 54:54 57:54 57:55 57:56"
"تیمور","صورت خان",76,"2 3 4 5 6 9 10 11 12 13 15 16 17 19 20 21 24 25 27 31 32 33 34 35 36 37 58 60 61 62 64 80 87 88 95 97 140 149 181 182 183 186 187 188 189 190 191 195 198 203 206 208","1:3 2:3 3:3 4:3 4:5 5:5 6:5 6:6 7:6 7:11 8:11 9:11 10:11 11:11 12:11 12:13 13:13 14:13 14:17 15:17 16:17 17:17 18:17 18:20 19:20 20:20 21:20 21:21 22:21 22:26 23:26 24:26 28:26 28:34 29:34 30:34 31:34 32:34 33:34 34:34 35:34 35:35 36:35 36:37 37:37 38:37 53:63 54:63 57:63 58:63 59:63 62:63 65:63 75:85 76:85 90:85 90:86 90:100 94:100 136:144 154:144 181:181 183:181 183:184 189:184 189:186 189:187 189:190 190:190 193:190 193:197 194:197 199:197 199:207 206:207 209:207"
"تیمور","طاہرہ",5,"193 194 195 196 198","189:198 190:198 193:198 194:198 199:198"
"تیمور","عائشہ",24,"58 60 61 62 64 67 70 71 76 78 85 86 88 91 93 95 113 115","53:63 54:63 57:63 58:63 59:63 62:63 65:63 65:64 65:70 70:70 72:70 72:81 75:81 76:81 90:81 90:82 90:83 90:86 90:87 90:93 94:93 94:97 116:111 116:114"
"تیمور","عارف",24,"133 134 138 149 150 151 152 153 154 155 156 176 177 178 179 180","136:130 136:132 136:140 154:144 154:145 154:146 154:147 154:148 154:149 154:150 154:151 154:152 154:153 154:155 156:155 156:157 181:171 181:173 181:174 181:175 181:176 181:177 181:178 181:179"
"تیمور","عمران (انشورنس دفتر)",35,"7 8 9 10 11 12 15 16 17 19 20 26 27 29 30 31 33 34","2:12 3:12 4:12 5:12 6:12 7:12 8:12 9:12 10:12 11:12 12:12 13:12 13:17 14:17 15:17 16:17 17:17 18:17 18:20 19:20 20:20 21:20 21:31 22:31 23:31 24:31 28:31 29:31 30:31 31:31 32:31 32:34 33:34 34:34 35:34"
"تیمور","غلام مصطفی",77,"19 20 21 22 23 24 26 56 57 59 60 61 62 63 64 65 67 69 70 71 72 74 76 86 87 88 89 91 93 95 112 115 116 133 134 136 149 151 152 154 155 156 178 179 180 182 183 186 187 192 194 197 198 199 202 203 204","14:24 15:24 16:24 17:24 18:24 19:24 20:24 21:24 22:24 23:24 24:24 28:24 28:25 51:61 53:61 54:61 57:61 58:61 59:61 62:61 62:62 65:62 65:63 65:64 65:65 70:65 70:69 70:71 72:71 72:73 75:73 75:77 76:77 90:83 90:84 90:86 90:87 90:88 90:93 94:93 94:96 116:108 116:109 116:114 116:117 136:130 136:132 136:133 136:136 154:144 154:145 154:148 154:150 154:151 154:154 156:154 156:155 156:156 181:175 181:178 181:179 181:184 183:184 189:184 189:185 189:186 189:195 190:195 193:195 194:195 199:195 199:197 199:198 199:199 206:199 206:201 206:202"
"تیمور","فاطمہ (پڑوسن)",2,"97 117","94:101 116:119"
"تیمور","فرید",34,"160 176 181 182 183 186 187 188 189 190 191 192 193 194 196 197 198 199 202 203 204 205 206 207 208 209","156:165 181:172 181:181 183:181 183:182 183:183 189:183 189:186 189:187 189:188 189:189 190:189 190:190 193:190 193:191 193:192 193:193 194:193 194:194 199:194 199:195 199:196 199:197 199:199 206:199 206:200 206:201 206:202 206:203 206:205 206:206 209:206 209:207 209:209"
"تیمور","فرید کی ماں",60,"51 52 53 54 55 56 59 60 61 62 63 64 68 70 71 72 74 76 86 87 89 93 95 113 115 117 136 152 153 155 156 176 179 184 185 188 189 190 191 192 193 194 196 197 198 199 203 204 205 206 207","46:56 47:56 48:56 49:56 51:56 53:56 54:56 57:56 57:61 58:61 59:61 62:61 62:62 65:62 65:63 65:64 65:71 70:71 72:71 72:73 75:73 75:77 76:77 90:83 90:84 90:85 90:88 90:97 94:97 116:111 116:114 116:118 136:136 154:150 154:151 154:152 154:156 156:156 181:172 181:178 181:188 183:188 189:188 189:189 190:189 190:190 193:190 193:191 193:194 194:194 199:194 199:195 199:196 199:197 199:200 206:200 206:202 206:205 206:206 209:206"
"تیمور","فضل خان",16,"88 89 133 134 138 149 150 152 153 154 155 156 179 180","90:87 90:89 136:130 136:132 136:141 154:144 154:147 154:150 154:153 154:154 156:154 156:155 156:156 181:177 181:178 181:179"
"تیمور","فیض",9,"138 150 153 154 155 156 179 180","136:140 154:147 154:153 154:155 156:155 156:156 181:177 181:178 181:179"
"تیمور","قاسم",66,"1 4 5 6 11 12 13 14 15 16 20 21 22 23 24 26 27 28 29 31 32 36 37 38 39 40 41 43 44 45 46 47 49 50 51 52 53 56 58 59 60","1:1 2:1 2:6 3:6 4:6 5:6 6:6 7:6 7:16 8:16 9:16 10:16 11:16 12:16 13:16 14:16 15:16 16:16 17:16 17:24 18:24 19:24 20:24 21:24 22:24 23:24 24:24 28:24 28:27 28:29 29:29 30:29 30:32 31:32 32:32 33:32 33:40 34:40 35:40 36:40 37:40 38:40 39:40 40:40 41:40 41:41 42:41 42:45 43:45 44:45 46:45 46:46 47:46 47:47 48:47 48:51 49:51 51:51 53:51 53:53 54:53 54:59 57:59 58:59 59:59 62:59"
"تیمور","قاضی (پی اے تیمور)",43,"19 20 21 22 23 24 26 28 29 30 31 32 37 38 39 40 41 42 43 44 45 46 47 48 49 50","14:24 15:24 16:24 17:24 18:24 19:24 20:24 21:24 22:24 23:24 24:24 28:24 28:29 29:29 30:29 30:30 31:30 31:32 32:32 33:32 33:41 34:41 35:41 36:41 37:41 38:41 39:41 40:41 41:41 42:41 42:43 43:43 44:43 44:44 46:44 46:46 47:46 47:47 48:47 48:48 49:48 49:49 51:49"
"تیمور","مراد (روشن کا بیٹا)",71,"19 20 21 22 23 24 26 27 28 29 36 37 38 39 40 41 42 43 44 45 47 48 50 51 52 53 54 55 56 57 58 59 60 97 111 112 113 114 115 118 131 132 133 134 135 136","14:24 15:24 16:24 17:24 18:24 19:24 20:24 21:24 22:24 23:24 24:24 28:24 28:26 28:27 28:28 29:28 29:29 30:29 31:41 32:41 33:41 34:41 35:41 36:41 37:41 38:41 39:41 40:41 41:41 42:41 42:43 43:43 44:43 44:44 46:44 46:48 47:48 48:48 49:48 49:51 51:51 53:51 53:53 54:53 54:54 57:54 57:55 57:56 57:57 58:57 58:58 59:58 59:59 62:59 94:101 116:106 116:107 116:108 116:109 116:110 116:112 116:114 116:120 136:126 136:127 136:129 136:131 136:133 136:134 136:135 136:136"
"تیمور","مراد بابا",43,"19 20 21 22 23 24 26 27 28 29 39 40 41 42 43 44 45 48 49 50 51 52 53 54 55 57 58 59 60","14:24 15:24 16:24 17:24 18:24 19:24 20:24 21:24 22:24 23:24 24:24 28:24 28:26 28:28 29:28 29:29 30:29 34:44 35:44 36:44 37:44 38:44 39:44 40:44 41:44 42:44 43:44 44:44 46:44 46:51 47:51 48:51 49:51 51:51 53:51 53:54 54:54 57:54 57:57 58:57 58:59 59:59 62:59"
"تیمور","مریم فضل خان",30,"3 4 5 133 134 138 149 150 151 152 153 154 155 156 176 177 178 179 180","1:5 2:5 3:5 4:5 5:5 6:5 136:130 136:132 136:140 154:144 154:145 154:146 154:147 154:148 154:149 154:150 154:151 154:152 154:153 154:155 156:155 156:156 181:171 181:173 181:174 181:175 181:176 181:177 181:178 181:179"
"تیمور","منیجر",20,"7 8 9 10 11 12 15 16 17 18","2:12 3:12 4:12 5:12 6:12 7:12 8:12 9:12 10:12 11:12 12:12 13:12 13:17 14:17 15:17 16:17 17:17 18:17 18:18 19:18"
"تیمور","مورت خان",61,"2 3 4 5 6 7 8 9 10 11 13 14 15 16 17 18 20 21 22 23 29 31 32 33 34 35 36 37 38 39 204 207 209","1:3 2:3 3:3 4:3 4:4 5:4 5:5 6:5 6:6 7:6 7:7 8:7 8:8 9:8 9:9 10:9 10:10 11:10 11:11 12:11 12:14 13:14 14:14 15:14 15:15 16:15 16:16 17:16 17:17 18:17 18:18 19:18 19:22 20:22 21:22 22:22 23:22 23:23 24:23 24:34 28:34 29:34 30:34 31:34 32:34 33:34 34:34 35:34 35:35 36:35 36:36 37:36 37:37 38:37 38:38 39:38 39:39 40:39 199:209 206:209 209:209"
"تیمور","مہربان",8,"98 140 149 151 154 155 156 180","94:103 136:145 154:145 154:149 154:155 156:155 156:156 181:179"
"تیمور","میاں ریاض",12,"29 31 32 33 34 35 36","24:34 28:34 29:34 30:34 31:34 32:34 33:34 34:34 35:34 35:36 36:36 37:36"
"تیمور","نذرا",2,"155 156","154:156 156:156"
"تیمور","نرگس بیٹی",19,"57 58 59 60 62 63 77 78 79 86 87 88 89 91 93","53:62 54:62 57:62 58:62 59:62 62:62 65:62 72:82 75:82 76:82 90:82 90:83 90:84 90:85 90:86 90:87 90:88 90:92 94:92"
"تیمور","نسرین حیات",12,"33 34 35 36 37 38","28:38 29:38 30:38 31:38 32:38 33:38 34:38 35:38 36:38 37:38 38:38 39:38"
"تیمور","پیر خان",30,"20 21 22 23 24 26 39 40 41 42 43 44 45 46 47 48 49 50","15:25 16:25 17:25 18:25 19:25 20:25 21:25 22:25 23:25 24:25 28:25 34:44 35:44 36:44 37:44 38:44 39:44 40:44 41:44 42:44 43:44 44:44 46:44 46:47 47:47 48:47 48:48 49:48 49:49 51:49"
"تیمور","چاچا حلوائی",9,"98 111 116 131 133 134 135 137","94:103 116:106 116:107 116:117 136:127 136:131 136:133 136:134 136:139"
"تیمور","ڈاکٹر ناصر",5,"199 201 205 207 208","194:204 199:204 206:204 206:208 209:208"
"تیمور","کریم",21,"2 3 4 5 6 10 11 12 13 14 15 16","1:4 2:4 3:4 4:4 5:4 5:5 6:5 6:6 7:6 7:14 8:14 9:14 10:14 11:14 12:14 13:14 14:14 15:14 15:16 16:16 17:16"
"تیمور","کلثوم",5,"193 194 195 196 198","189:198 190:198 193:198 194:198 199:198"
"تیمور","کمال (صابر کا دوست)",43,"14 15 16 17 18 19 28 30 31 32 33 48 49 50 51 52 53 66 67 70 71 72 73 77 78 85 90 92 93 94","9:19 10:19 11:19 12:19 13:19 14:19 15:19 16:19 17:19 18:19 19:19 20:19 23:33 24:33 28:33 29:33 30:33 31:33 32:33 33:33 34:33 43:53 44:53 46:53 47:53 48:53 49:53 51:53 53:53 54:53 62:70 65:70 70:70 72:70 72:72 75:72 75:80 76:80 90:80 90:91 94:91 94:93 94:94"
"تیمور","کیٹی قاسم",69,"19 20 21 22 23 24 26 27 28 29 31 32 36 37 38 39 40 41 42 43 44 45 46 47 48 49 50 51 52 53 54 55 56 57 58 59 60 69 72 73 74 75 76","14:24 15:24 16:24 17:24 18:24 19:24 20:24 21:24 22:24 23:24 24:24 28:24 28:26 28:27 28:28 29:28 29:29 30:29 30:32 31:32 32:32 33:32 33:40 34:40 35:40 36:40 37:40 38:40 39:40 40:40 41:40 41:41 42:41 42:42 43:42 43:43 44:43 44:44 46:44 46:45 46:46 47:46 47:47 48:47 48:49 49:49 51:49 51:50 51:51 53:51 53:53 54:53 54:54 57:54 57:55 57:56 57:57 58:57 58:58 59:58 59:59 62:59 65:74 70:74 72:74 75:74 75:75 76:75 76:76"
"تیمور","گل شیر",48,"19 20 21 22 23 24 26 40 41 42 43 44 45 46 48 49 50 51 52 56 57 58 59 61 66 68 70 71 72 74 75","14:24 15:24 16:24 17:24 18:24 19:24 20:24 21:24 22:24 23:24 24:24 28:24 28:25 35:45 36:45 37:45 38:45 39:45 40:45 41:45 42:45 43:45 44:45 46:45 46:46 47:46 47:49 48:49 49:49 51:49 51:50 51:52 53:52 53:60 54:60 57:60 58:60 59:60 62:60 62:71 65:71 70:71 72:71 72:73 75:73 75:74 75:75 76:75"
"ثروت","ثریا",1,"22","20:24"
"ثروت","جلال",13,"129 130 131 135 136 137 138","124:134 125:134 126:134 127:134 128:134 129:134 137:134 137:135 137:136 137:137 138:137 138:138 139:138"
"ثروت","جنتے",11,"127 128 129 130 134 140 141","123:131 124:131 125:131 126:131 127:131 128:131 129:131 137:131 137:143 138:143 139:143"
"ثروت","حسن بانو",1,"22","20:25"
"ثروت","حسن بانو کا باپ",1,"22","20:25"
"ثروت","حسن بانو کے بھائی",1,"22","20:25"
"ثروت","خان زمان",1,"22","20:24"
"ثروت","خانم",1,"22","20:24"
"ثروت","را بیاں",16,"122 123 124 128 129 130 134 135 138 139","123:121 123:122 123:123 124:123 124:124 125:124 125:131 126:131 127:131 128:131 129:131 137:131 137:133 137:139 138:139 139:139"
"ثروت","روشن دین",29,"119 120 121 122 123 124 125 126 127 128 129 133 134 135 136 138 139","123:115 123:116 123:117 123:118 123:119 123:120 123:121 123:122 123:123 124:123 124:124 125:124 125:125 126:125 126:126 127:126 127:127 128:127 128:128 129:128 129:129 137:129 137:131 137:133 137:134 137:135 137:139 138:139 139:139"
"ثروت","زبیدہ",3,"138 139","137:140 138:140 139:140"
"ثروت","صابر",2,"118","123:113 123:114"
"ثروت","صابر کی ماں",7,"118 120 131 132 136","123:114 123:118 126:136 127:136 128:136 129:136 137:136"
"ثروت","صالح",1,"22","20:24"
"ثروت","صورت خان",7,"15 16 18 20 140 141","20:11 20:13 20:17 20:20 137:144 138:144 139:144"
"ثروت","عائشہ",1,"118","123:114"
"ثروت","عارف",12,"126 127 128 129 133 134 138 139","123:130 124:130 125:130 126:130 127:130 128:130 129:130 137:130 137:132 137:140 138:140 139:140"
"ثروت","عمران (انشورنس دفتر)",3,"16 18 20","20:12 20:17 20:20"
"ثروت","غلام مصطفی",20,"22 118 120 121 122 126 127 128 129 133 134 135 136 137 138 139","20:24 123:114 123:117 123:119 123:121 123:130 124:130 125:130 126:130 127:130 128:130 129:130 137:130 137:132 137:133 137:136 137:137 138:137 138:139 139:139"
"ثروت","فاطمہ (پڑوسن)",1,"121","123:119"
"ثروت","فرید کی ماں",7,"118 120 131 132 136","123:114 123:118 126:136 127:136 128:136 129:136 137:136"
"ثروت","فضل خان",12,"126 127 128 129 133 134 139 140","123:130 124:130 125:130 126:130 127:130 128:130 129:130 137:130 137:132 137:141 138:141 139:141"
"ثروت","فیض",3,"138 139","137:140 138:140 139:140"
"ثروت","قاسم",2,"18 22","20:16 20:24"
"ثروت","قاضی (پی اے تیمور)",1,"22","20:24"
"ثروت","مراد (روشن کا بیٹا)",28,"22 118 121 122 123 124 125 126 127 128 129 133 134 135 136 137 138 139","20:24 123:114 123:120 123:121 123:122 123:123 124:123 124:124 125:124 125:125 126:125 126:126 127:126 127:127 128:127 128:129 129:129 137:129 137:131 137:133 137:134 137:135 137:136 137:137 138:137 138:138 139:138 139:139"
"ثروت","مراد بابا",1,"22","20:24"
"ثروت","مریم فضل خان",12,"126 127 128 129 133 134 138 139","123:130 124:130 125:130 126:130 127:130 128:130 129:130 137:130 137:132 137:140 138:140 139:140"
"ثروت","منیجر",3,"16 18 19","20:12 20:17 20:18"
"ثروت","مورت خان",8,"15 17 18 19 21","20:10 20:11 20:14 20:15 20:16 20:17 20:18 20:22"
"ثروت","مہربان",3,"141 142","137:145 138:145 139:145"
"ثروت","پیر خان",1,"22","20:25"
"ثروت","چاچا حلوائی",20,"120 121 122 123 124 126 127 129 130 134 135 138 139","123:117 123:120 123:121 123:122 123:123 124:123 124:124 125:124 125:127 126:127 127:127 128:127 128:131 129:131 137:131 137:133 137:134 137:139 138:139 139:139"
"ثروت","کریم",2,"17 18","20:14 20:16"
"ثروت","کمال (صابر کا دوست)",1,"19","20:19"
"ثروت","کیٹی قاسم",1,"22","20:24"
"ثروت","گل شیر",1,"22","20:24"
"ثریا","جہان شیر",5,"57 58 61 67","54:60 55:60 56:60 63:60 63:71"
"ثریا","حسن بانو",8,"24 52 53 57 58 61 67","24:25 54:50 54:52 54:60 55:60 56:60 63:60 63:71"
"ثریا","حسن بانو کا باپ",2,"24 68","24:25 63:73"
"ثریا","حسن بانو کے بھائی",2,"24 67","24:25 63:71"
"ثریا","خان زمان",12,"24 49 54 55 56 59 60 61","24:24 54:44 54:45 54:54 55:54 55:55 56:55 56:56 63:56 63:57 63:58 63:59"
"ثریا","خانم",7,"24 54 55 56 59","24:24 54:54 55:54 55:55 56:55 56:56 63:56"
"ثریا","صابر",5,"57 58 62 63","54:61 55:61 56:61 63:61 63:63"
"ثریا","صابر کی ماں",7,"55 56 59 62 63","54:56 55:56 56:56 63:56 63:61 63:62 63:63"
"ثریا","صالح",8,"24 53 54 55 56 59","24:24 54:53 54:54 55:54 55:55 56:55 56:56 63:56"
"ثریا","صورت خان",8,"20 22 25 58 59 63","24:17 24:20 24:21 24:26 54:63 55:63 56:63 63:63"
"ثریا","عائشہ",4,"58 59 63","54:63 55:63 56:63 63:63"
"ثریا","عمران (انشورنس دفتر)",3,"20 22 27","24:17 24:20 24:31"
"ثریا","غلام مصطفی",7,"24 57 58 62 63","24:24 54:61 55:61 56:61 63:61 63:62 63:63"
"ثریا","فرید کی ماں",7,"55 56 59 62 63","54:56 55:56 56:56 63:56 63:61 63:62 63:63"
"ثریا","قاسم",11,"20 24 49 50 52 53 56 57 61","24:16 24:24 54:45 54:46 54:47 54:51 54:53 54:59 55:59 56:59 63:59"
"ثریا","قاضی (پی اے تیمور)",6,"24 49 50 51","24:24 54:44 54:46 54:47 54:48 54:49"
"ثریا","مراد (روشن کا بیٹا)",14,"24 49 51 52 53 54 55 56 59 60 61","24:24 54:44 54:48 54:51 54:53 54:54 55:54 55:55 56:55 56:56 63:56 63:57 63:58 63:59"
"ثریا","مراد بابا",9,"24 49 52 54 56 60 61","24:24 54:44 54:51 54:54 55:54 55:57 56:57 63:57 63:59"
"ثریا","منیجر",2,"20 21","24:17 24:18"
"ثریا","مورت خان",8,"19 20 21 23 29","24:14 24:15 24:16 24:17 24:18 24:22 24:23 24:34"
"ثریا","میاں ریاض",1,"29","24:34"
"ثریا","نرگس بیٹی",4,"58 59 62","54:62 55:62 56:62 63:62"
"ثریا","پیر خان",5,"24 49 50 51","24:25 54:44 54:47 54:48 54:49"
"ثریا","کریم",2,"19 20","24:14 24:16"
"ثریا","کمال (صابر کا دوست)",4,"21 28 53 66","24:19 24:33 54:53 63:70"
"ثریا","کیٹی قاسم",18,"24 49 50 51 52 53 54 55 56 59 60 61","24:24 54:44 54:45 54:46 54:47 54:49 54:50 54:51 54:53 54:54 55:54 55:55 56:55 56:56 63:56 63:57 63:58 63:59"
"ثریا","گل شیر",11,"24 49 50 51 52 53 57 58 61 67","24:24 54:45 54:46 54:49 54:50 54:52 54:60 55:60 56:60 63:60 63:71"
"جلال","جنتے",6,"132 138 139 140","134:131 134:143 135:143 136:143 137:143 138:143"
"جلال","را بیاں",8,"129 132 133 136 137 138","134:124 134:131 134:133 134:139 135:139 136:139 137:139 138:139"
"جلال","روشن دین",15,"129 130 131 132 133 134 135 137 138","134:124 134:125 134:126 134:127 134:128 134:129 134:131 134:133 134:134 135:134 135:135 136:135 136:139 137:139 138:139"
"جلال","زبیدہ",5,"137 138 139","134:140 135:140 136:140 137:140 138:140"
"جلال","صابر کی ماں",4,"135 136","134:136 135:136 136:136 137:136"
"جلال","صورت خان",5,"139 140 141","134:144 135:144 136:144 137:144 138:144"
"جلال","عارف",7,"132 133 137 138 139","134:130 134:132 134:140 135:140 136:140 137:140 138:140"
"جلال","غلام مصطفی",10,"132 133 135 136 137 138","134:130 134:132 134:133 134:136 135:136 136:136 137:136 137:137 138:137 138:139"
"جلال","فرید کی ماں",4,"135 136","134:136 135:136 136:136 137:136"
"جلال","فضل خان",7,"132 133 137 138 139","134:130 134:132 134:141 135:141 136:141 137:141 138:141"
"جلال","فیض",5,"137 138 139","134:140 135:140 136:140 137:140 138:140"
"جلال","مراد (روشن کا بیٹا)",16,"129 130 131 132 133 134 135 136 137 138","134:124 134:125 134:126 134:127 134:129 134:131 134:133 134:134 135:134 135:135 136:135 136:136 137:136 137:137 138:137 138:138"
"جلال","مریم فضل خان",7,"132 133 137 138 139","134:130 134:132 134:140 135:140 136:140 137:140 138:140"
"جلال","مہربان",4,"140 141","135:145 136:145 137:145 138:145"
"جلال","چاچا حلوائی",10,"129 130 132 133 134 137 138","134:124 134:127 134:131 134:133 134:134 135:134 135:139 136:139 137:139 138:139"
"جمیلہ","جنتے",3,"179 180","181:177 181:178 181:179"
"جمیلہ","خورشید",2,"196 199","198:195 198:200"
"جمیلہ","روشن دین",9,"176 177 178 179 180 195","181:171 181:173 181:174 181:175 181:176 181:177 181:178 181:179 198:192"
"جمیلہ","زبیدہ",7,"176 177 178 179 180","181:171 181:174 181:175 181:176 181:177 181:178 181:179"
"جمیلہ","سویرا شہریار",7,"181 193 194 195 197 198","181:181 198:188 198:189 198:190 198:192 198:197 198:198"
"جمیلہ","شہریار",2,"182 198","181:184 198:199"
"جمیلہ","صابر کی ماں",9,"176 179 186 194 196 197 199","181:172 181:178 181:191 198:191 198:194 198:195 198:196 198:197 198:200"
"جمیلہ","صورت خان",4,"181 194 197 202","181:181 198:190 198:197 198:207"
"جمیلہ","طاہرہ",1,"198","198:198"
"جمیلہ","عارف",8,"176 177 178 179 180","181:171 181:173 181:174 181:175 181:176 181:177 181:178 181:179"
"جمیلہ","غلام مصطفی",7,"178 179 180 182 196 197 198","181:175 181:178 181:179 181:184 198:195 198:197 198:198"
"جمیلہ","فرید",13,"176 181 193 194 195 196 197 198","181:172 181:181 198:188 198:189 198:190 198:191 198:192 198:193 198:194 198:195 198:196 198:197 198:199"
"جمیلہ","فرید کی ماں",12,"176 179 184 193 194 196 197 199","181:172 181:178 181:188 198:188 198:189 198:190 198:191 198:194 198:195 198:196 198:197 198:200"
"جمیلہ","فضل خان",3,"179 180","181:177 181:178 181:179"
"جمیلہ","فیض",3,"179 180","181:177 181:178 181:179"
"جمیلہ","مریم فضل خان",8,"176 177 178 179 180","181:171 181:173 181:174 181:175 181:176 181:177 181:178 181:179"
"جمیلہ","مہربان",1,"180","181:179"
"جمیلہ","ڈاکٹر ناصر",1,"201","198:204"
"جمیلہ","کلثوم",1,"198","198:198"
"جنتے","خورشید",7,"162 163 164 172 173","157:167 158:167 160:167 162:167 177:167 177:168 177:170"
"جنتے","را بیاں",9,"111 112 126 127 131 138 141","112:110 112:112 131:121 131:122 131:123 131:124 131:131 143:133 143:139"
"جنتے","روشن دین",60,"107 108 109 110 111 112 126 127 128 129 130 131 138 139 141 142 145 146 147 148 149 150 151 152 153 155 156 157 158 159 160 161 162 174 175 176 177 178 179","112:102 112:103 112:104 112:105 112:106 112:107 112:108 112:109 112:110 112:112 131:121 131:122 131:123 131:124 131:125 131:126 131:127 131:128 131:129 131:131 143:133 143:134 143:135 143:139 143:141 143:142 143:147 146:147 147:147 148:147 148:149 149:149 150:149 150:150 151:150 151:152 152:152 153:152 153:153 154:153 154:156 156:156 157:156 157:158 158:158 160:158 160:160 162:160 162:161 162:162 177:171 177:173 177:174 177:175 177:176 177:177 178:177 178:178 179:178 179:179"
"جنتے","زبیدہ",40,"135 141 143 144 146 147 148 149 150 151 152 153 154 155 156 157 158 159 160 161 162 174 175 176 177 178 179","131:140 143:140 143:143 146:143 146:146 147:146 147:147 148:147 148:149 149:149 150:149 150:151 151:151 152:151 152:152 153:152 153:153 154:153 154:154 156:154 156:155 156:156 157:156 157:157 158:157 158:158 160:158 160:159 160:160 162:160 162:162 177:171 177:174 177:175 177:176 177:177 178:177 178:178 179:178 179:179"
"جنتے","سویرا شہریار",3,"179 180","177:181 178:181 179:181"
"جنتے","شہریار",3,"180 181","177:184 178:184 179:184"
"جنتے","صابر",7,"111 112 161 162 163 164","112:111 112:113 156:166 157:166 158:166 160:166 162:166"
"جنتے","صابر کی ماں",30,"108 111 113 133 139 146 148 149 150 153 154 155 156 160 161 162 172 173 174 177 178","112:104 112:111 112:114 131:136 143:136 143:150 146:150 147:150 148:150 149:150 150:150 151:150 151:156 152:156 153:156 154:156 156:156 157:156 157:163 158:163 160:163 162:163 177:167 177:168 177:169 177:170 177:172 177:178 178:178 179:178"
"جنتے","صورت خان",6,"108 143 145 179 180","112:105 143:144 146:144 177:181 178:181 179:181"
"جنتے","عائشہ",2,"111 113","112:111 112:114"
"جنتے","عارف",45,"130 131 141 143 144 145 146 147 148 149 150 151 152 153 154 155 156 157 158 159 160 161 162 174 175 176 177 178 179","131:130 131:132 143:140 143:143 146:143 146:144 146:145 146:146 147:146 147:147 148:147 148:148 149:148 149:149 150:149 150:150 151:150 151:151 152:151 152:152 153:152 153:153 154:153 154:155 156:155 156:157 157:157 158:157 158:158 160:158 160:159 160:160 162:160 162:161 162:162 177:171 177:173 177:174 177:175 177:176 177:177 178:177 178:178 179:178 179:179"
"جنتے","غلام مصطفی",40,"108 110 113 126 130 131 138 139 140 141 143 144 145 147 148 149 150 151 153 154 155 156 163 164 165 172 176 177 178 179","112:105 112:108 112:109 112:114 131:121 131:130 131:132 143:133 143:136 143:137 143:139 143:143 146:143 146:144 146:145 146:148 147:148 148:148 149:148 149:150 150:150 151:150 151:151 152:151 152:154 153:154 154:154 156:154 156:155 156:156 157:156 158:168 160:168 162:168 177:168 177:175 177:178 178:178 179:178 179:179"
"جنتے","فاطمہ (پڑوسن)",2,"107 115","112:102 112:119"
"جنتے","فرید",13,"160 161 162 163 172 173 174 179 180","156:165 157:165 158:165 160:165 162:165 177:167 177:168 177:169 177:170 177:172 177:181 178:181 179:181"
"جنتے","فرید کی ماں",34,"108 111 113 133 139 146 148 149 150 151 152 154 155 156 158 159 160 161 162 172 173 174 177 178 183","112:104 112:111 112:114 131:136 143:136 143:150 146:150 147:150 148:150 149:150 150:150 151:150 151:151 152:151 152:152 153:152 153:156 154:156 156:156 157:156 157:160 158:160 160:160 162:160 162:163 177:167 177:168 177:169 177:170 177:172 177:178 178:178 179:178 179:188"
"جنتے","فضل خان",34,"130 131 142 143 145 146 147 149 150 152 153 154 155 156 157 158 159 160 161 162 177 178 179","131:130 131:132 143:141 143:142 143:144 146:144 146:147 147:147 148:147 148:150 149:150 150:150 151:150 151:153 152:153 153:153 154:153 154:154 156:154 156:155 156:156 157:156 157:158 158:158 160:158 160:159 160:161 162:161 162:162 177:177 178:177 178:178 179:178 179:179"
"جنتے","فیض",30,"135 141 142 145 146 147 150 151 152 153 154 155 156 157 158 159 161 162 177 178 179","131:140 143:140 143:141 143:142 143:147 146:147 147:147 148:147 148:153 149:153 150:153 151:153 152:153 153:153 154:153 154:155 156:155 156:156 157:156 157:158 158:158 160:158 160:159 160:162 162:162 177:177 178:177 178:178 179:178 179:179"
"جنتے","مراد (روشن کا بیٹا)",26,"107 108 109 110 111 112 126 127 128 129 130 131 138 139 140 141","112:102 112:103 112:104 112:105 112:106 112:107 112:108 112:109 112:110 112:112 131:121 131:122 131:123 131:124 131:125 131:126 131:127 131:129 131:131 143:133 143:134 143:135 143:136 143:137 143:138 143:139"
"جنتے","مریم فضل خان",46,"130 131 141 143 144 145 146 147 148 149 150 151 152 153 154 155 156 157 158 159 160 161 162 174 175 176 177 178 179","131:130 131:132 143:140 143:143 146:143 146:144 146:145 146:146 147:146 147:147 148:147 148:148 149:148 149:149 150:149 150:150 151:150 151:151 152:151 152:152 153:152 153:153 154:153 154:155 156:155 156:156 157:156 157:157 158:157 158:158 160:158 160:159 160:160 162:160 162:161 162:162 177:171 177:173 177:174 177:175 177:176 177:177 178:177 178:178 179:178 179:179"
"جنتے","مہربان",21,"107 144 145 147 148 149 152 153 154 155 156 157 178 179","112:103 143:145 146:145 146:149 147:149 148:149 149:149 150:149 150:155 151:155 152:155 153:155 154:155 156:155 156:156 157:156 157:157 158:157 177:179 178:179 179:179"
"جنتے","نذرا",15,"151 152 153 154 155 156 157 158 159","146:156 147:156 148:156 149:156 150:156 151:156 152:156 153:156 154:156 156:156 157:156 157:157 158:157 158:158 160:158"
"جنتے","چاچا حلوائی",14,"107 108 109 114 126 127 129 131 138 141","112:103 112:104 112:106 112:107 112:117 131:121 131:122 131:123 131:124 131:127 131:131 143:133 143:134 143:139"
"جہان شیر","حسن بانو",6,"55 56 60 71 72 73","60:50 60:52 60:60 71:71 73:71 73:73"
"جہان شیر","حسن بانو کا باپ",2,"72 73","71:73 73:73"
"جہان شیر","حسن بانو کے بھائی",2,"71 72","71:71 73:71"
"جہان شیر","خان زمان",6,"57 58 59","60:54 60:55 60:56 60:57 60:58 60:59"
"جہان شیر","خانم",3,"57 58","60:54 60:55 60:56"
"جہان شیر","روشن دین",2,"74 75","71:77 73:77"
"جہان شیر","صابر",13,"60 66 67 68 69 70 71 72 75","60:61 71:61 71:63 71:64 71:65 71:66 71:67 71:68 71:69 71:70 71:72 73:72 73:77"
"جہان شیر","صابر کی ماں",9,"58 60 66 67 71 72 73","60:56 60:61 71:61 71:62 71:63 71:64 71:71 73:71 73:73"
"جہان شیر","صالح",4,"56 57 58","60:53 60:54 60:55 60:56"
"جہان شیر","صورت خان",2,"61 67","60:63 71:63"
"جہان شیر","عائشہ",6,"61 67 70 76 77","60:63 71:63 71:64 71:70 71:81 73:81"
"جہان شیر","غلام مصطفی",10,"60 66 67 68 70 71 72 73","60:61 71:61 71:62 71:63 71:64 71:65 71:69 71:71 73:71 73:73"
"جہان شیر","فرید کی ماں",9,"58 60 66 67 71 72 73","60:56 60:61 71:61 71:62 71:63 71:64 71:71 73:71 73:73"
"جہان شیر","قاسم",3,"55 56 59","60:51 60:53 60:59"
"جہان شیر","مراد (روشن کا بیٹا)",8,"55 56 57 58 59","60:51 60:53 60:54 60:55 60:56 60:57 60:58 60:59"
"جہان شیر","مراد بابا",4,"55 57 58 59","60:51 60:54 60:57 60:59"
"جہان شیر","نرگس بیٹی",3,"61 66 77","60:62 71:62 73:82"
"جہان شیر","کمال (صابر کا دوست)",6,"56 65 70 71 72 76","60:53 60:70 71:70 71:72 73:72 73:80"
"جہان شیر","کیٹی قاسم",11,"55 56 57 58 59 72 73","60:50 60:51 60:53 60:54 60:55 60:56 60:57 60:58 60:59 71:74 73:74"
"جہان شیر","گل شیر",6,"55 56 60 71 72 73","60:50 60:52 60:60 71:71 73:71 73:73"
"حسن بانو","حسن بانو کا باپ",4,"25 72 73","25:25 71:73 73:73 74:73"
"حسن بانو","حسن بانو کے بھائی",3,"25 71 72","25:25 71:71 73:71"
"حسن بانو","خان زمان",14,"24 45 46 47 52 53 57 58 59","25:24 50:41 50:42 50:43 50:44 50:45 50:54 52:54 60:54 60:55 60:56 60:57 60:58 60:59"
"حسن بانو","خانم",6,"24 52 53 57 58","25:24 50:54 52:54 60:54 60:55 60:56"
"حسن بانو","روشن دین",4,"74 75 76","71:77 73:77 74:77 75:77"
"حسن بانو","صابر",16,"56 60 66 67 68 69 70 71 72 75 76","52:61 60:61 71:61 71:63 71:64 71:65 71:66 71:67 71:68 71:69 71:70 71:72 73:72 73:77 74:77 75:77"
"حسن بانو","صابر کی ماں",14,"53 54 58 60 66 67 71 72 73 75 76","50:56 52:56 60:56 60:61 71:61 71:62 71:63 71:64 71:71 73:71 73:73 74:73 74:77 75:77"
"حسن بانو","صالح",7,"24 51 52 56 57 58","25:24 50:53 52:53 60:53 60:54 60:55 60:56"
"حسن بانو","صورت خان",7,"21 22 23 25 61 67 80","25:17 25:20 25:21 25:26 60:63 71:63 75:85"
"حسن بانو","عائشہ",8,"61 67 70 76 77 78","60:63 71:63 71:64 71:70 71:81 73:81 74:81 75:81"
"حسن بانو","عمران (انشورنس دفتر)",3,"21 22 28","25:17 25:20 25:31"
"حسن بانو","غلام مصطفی",16,"24 25 56 60 66 67 68 70 71 72 73 75 76","25:24 25:25 52:61 60:61 71:61 71:62 71:63 71:64 71:65 71:69 71:71 73:71 73:73 74:73 74:77 75:77"
"حسن بانو","فرید کی ماں",14,"53 54 58 60 66 67 71 72 73 75 76","50:56 52:56 60:56 60:61 71:61 71:62 71:63 71:64 71:71 73:71 73:73 74:73 74:77 75:77"
"حسن بانو","قاسم",13,"20 24 26 45 47 48 50 51 52 56 59","25:16 25:24 25:27 50:40 50:41 50:45 50:46 50:47 50:51 52:51 52:53 60:53 60:59"
"حسن بانو","قاضی (پی اے تیمور)",9,"24 27 45 46 47 48 49","25:24 25:29 50:41 50:43 50:44 50:46 50:47 50:48 50:49"
"حسن بانو","مراد (روشن کا بیٹا)",16,"24 25 45 46 47 49 50 51 52 56 57 58 59","25:24 25:26 50:41 50:43 50:44 50:48 50:51 52:51 52:53 60:53 60:54 60:55 60:56 60:57 60:58 60:59"
"حسن بانو","مراد بابا",9,"24 25 47 50 51 53 57 58 59","25:24 25:26 50:44 50:51 52:51 52:54 60:54 60:57 60:59"
"حسن بانو","منیجر",2,"21","25:17 25:18"
"حسن بانو","مورت خان",7,"20 21 23 24 29","25:15 25:16 25:17 25:18 25:22 25:23 25:34"
"حسن بانو","میاں ریاض",1,"29","25:34"
"حسن بانو","نرگس بیٹی",6,"57 61 66 77 78","52:62 60:62 71:62 73:82 74:82 75:82"
"حسن بانو","پیر خان",5,"25 47 48 49","25:25 50:44 50:47 50:48 50:49"
"حسن بانو","کریم",1,"20","25:16"
"حسن بانو","کمال (صابر کا دوست)",12,"22 29 51 52 56 65 70 71 72 76 77","25:19 25:33 50:53 52:53 60:53 60:70 71:70 71:72 73:72 73:80 74:80 75:80"
"حسن بانو","کیٹی قاسم",27,"24 25 45 46 47 48 49 50 51 52 56 57 58 59 72 73 74 75","25:24 25:26 50:40 50:41 50:42 50:43 50:44 50:45 50:46 50:47 50:49 50:50 52:50 52:51 52:53 60:53 60:54 60:55 60:56 60:57 60:58 60:59 71:74 73:74 74:74 75:74 75:75"
"حسن بانو","گل شیر",17,"24 25 47 48 49 50 51 52 56 60 71 72 73 74 75","25:24 25:25 50:45 50:46 50:49 50:50 52:50 52:52 60:52 60:60 71:71 73:71 73:73 74:73 74:74 75:74 75:75"
"حسن بانو کا باپ","حسن بانو کے بھائی",2,"25 72","25:25 73:71"
"حسن بانو کا باپ","خان زمان",1,"24","25:24"
"حسن بانو کا باپ","خانم",1,"24","25:24"
"حسن بانو کا باپ","روشن دین",1,"75","73:77"
"حسن بانو کا باپ","صابر",10,"68 69 70 71 72 75","73:63 73:64 73:65 73:66 73:67 73:68 73:69 73:70 73:72 73:77"
"حسن بانو کا باپ","صابر کی ماں",4,"68 72 73","73:63 73:64 73:71 73:73"
"حسن بانو کا باپ","صالح",1,"24","25:24"
"حسن بانو کا باپ","صورت خان",5,"21 22 23 25 68","25:17 25:20 25:21 25:26 73:63"
"حسن بانو کا باپ","عائشہ",4,"68 71 77","73:63 73:64 73:70 73:81"
"حسن بانو کا باپ","عمران (انشورنس دفتر)",3,"21 22 28","25:17 25:20 25:31"
"حسن بانو کا باپ","غلام مصطفی",8,"24 25 68 69 71 72 73","25:24 25:25 73:63 73:64 73:65 73:69 73:71 73:73"
"حسن بانو کا باپ","فرید کی ماں",4,"68 72 73","73:63 73:64 73:71 73:73"
"حسن بانو کا باپ","قاسم",3,"20 24 26","25:16 25:24 25:27"
"حسن بانو کا باپ","قاضی (پی اے تیمور)",2,"24 27","25:24 25:29"
"حسن بانو کا باپ","مراد (روشن کا بیٹا)",2,"24 25","25:24 25:26"
"حسن بانو کا باپ","مراد بابا",2,"24 25","25:24 25:26"
"حسن بانو کا باپ","منیجر",2,"21","25:17 25:18"
"حسن بانو کا باپ","مورت خان",7,"20 21 23 24 29","25:15 25:16 25:17 25:18 25:22 25:23 25:34"
"حسن بانو کا باپ","میاں ریاض",1,"29","25:34"
"حسن بانو کا باپ","نرگس بیٹی",1,"77","73:82"
"حسن بانو کا باپ","پیر خان",1,"25","25:25"
"حسن بانو کا باپ","کریم",1,"20","25:16"
"حسن بانو کا باپ","کمال (صابر کا دوست)",5,"22 29 71 72 76","25:19 25:33 73:70 73:72 73:80"
"حسن بانو کا باپ","کیٹی قاسم",3,"24 25 73","25:24 25:26 73:74"
"حسن بانو کا باپ","گل شیر",4,"24 25 72 73","25:24 25:25 73:71 73:73"
"حسن بانو کے بھائی","خان زمان",1,"24","25:24"
"حسن بانو کے بھائی","خانم",1,"24","25:24"
"حسن بانو کے بھائی","روشن دین",1,"74","71:77"
"حسن بانو کے بھائی","صابر",10,"66 67 68 69 70 71","71:61 71:63 71:64 71:65 71:66 71:67 71:68 71:69 71:70 71:72"
"حسن بانو کے بھائی","صابر کی ماں",5,"66 67 71","71:61 71:62 71:63 71:64 71:71"
"حسن بانو کے بھائی","صالح",1,"24","25:24"
"حسن بانو کے بھائی","صورت خان",5,"21 22 23 25 67","25:17 25:20 25:21 25:26 71:63"
"حسن بانو کے بھائی","عائشہ",4,"67 70 76","71:63 71:64 71:70 71:81"
"حسن بانو کے بھائی","عمران (انشورنس دفتر)",3,"21 22 28","25:17 25:20 25:31"
"حسن بانو کے بھائی","غلام مصطفی",9,"24 25 66 67 68 70 71","25:24 25:25 71:61 71:62 71:63 71:64 71:65 71:69 71:71"
"حسن بانو کے بھائی","فرید کی ماں",5,"66 67 71","71:61 71:62 71:63 71:64 71:71"
"حسن بانو کے بھائی","قاسم",3,"20 24 26","25:16 25:24 25:27"
"حسن بانو کے بھائی","قاضی (پی اے تیمور)",2,"24 27","25:24 25:29"
"حسن بانو کے بھائی","مراد (روشن کا بیٹا)",2,"24 25","25:24 25:26"
"حسن بانو کے بھائی","مراد بابا",2,"24 25","25:24 25:26"
"حسن بانو کے بھائی","منیجر",2,"21","25:17 25:18"
"حسن بانو کے بھائی","مورت خان",7,"20 21 23 24 29","25:15 25:16 25:17 25:18 25:22 25:23 25:34"
"حسن بانو کے بھائی","میاں ریاض",1,"29","25:34"
"حسن بانو کے بھائی","نرگس بیٹی",1,"66","71:62"
"حسن بانو کے بھائی","پیر خان",1,"25","25:25"
"حسن بانو کے بھائی","کریم",1,"20","25:16"
"حسن بانو کے بھائی","کمال (صابر کا دوست)",4,"22 29 70 71","25:19 25:33 71:70 71:72"
"حسن بانو کے بھائی","کیٹی قاسم",3,"24 25 72","25:24 25:26 71:74"
"حسن بانو کے بھائی","گل شیر",3,"24 25 71","25:24 25:25 71:71"
"خان زمان","خانم",9,"24 49 54 55 56","24:24 44:54 45:54 54:54 55:54 55:55 56:55 56:56 57:56"
"خان زمان","صابر",6,"57 58 59 60","54:61 55:61 56:61 57:61 58:61 59:61"
"خان زمان","صابر کی ماں",7,"55 56 59 60","54:56 55:56 56:56 57:56 57:61 58:61 59:61"
"خان زمان","صالح",11,"24 48 49 53 54 55 56","24:24 43:53 44:53 45:53 54:53 54:54 55:54 55:55 56:55 56:56 57:56"
"خان زمان","صورت خان",13,"20 22 25 37 38 39 58 59 60 61","24:17 24:20 24:21 24:26 41:34 41:35 41:37 54:63 55:63 56:63 57:63 58:63 59:63"
"خان زمان","عائشہ",6,"58 59 60 61","54:63 55:63 56:63 57:63 58:63 59:63"
"خان زمان","عمران (انشورنس دفتر)",5,"20 22 27 36 37","24:17 24:20 24:31 41:31 41:34"
"خان زمان","غلام مصطفی",7,"24 57 58 59 60","24:24 54:61 55:61 56:61 57:61 58:61 59:61"
"خان زمان","فرید کی ماں",7,"55 56 59 60","54:56 55:56 56:56 57:56 57:61 58:61 59:61"
"خان زمان","قاسم",21,"20 24 36 40 41 43 44 45 49 50 52 53 56 57 58 59","24:16 24:24 41:32 41:40 41:41 42:41 42:45 43:45 44:45 45:45 54:45 54:46 54:47 54:51 54:53 54:59 55:59 56:59 57:59 58:59 59:59"
"خان زمان","قاضی (پی اے تیمور)",14,"24 36 41 42 43 44 45 50 51","24:24 41:32 41:41 42:41 42:43 43:43 44:43 44:44 45:44 45:46 54:46 54:47 54:48 54:49"
"خان زمان","مراد (روشن کا بیٹا)",23,"24 41 42 43 44 46 51 52 53 54 55 56 57 58 59","24:24 41:41 42:41 42:43 43:43 44:43 44:44 45:44 45:48 54:48 54:51 54:53 54:54 55:54 55:55 56:55 56:56 57:56 57:57 58:57 58:58 59:58 59:59"
"خان زمان","مراد بابا",16,"24 42 43 44 48 52 54 56 57 58 59","24:24 41:44 42:44 43:44 44:44 45:44 45:51 54:51 54:54 55:54 55:57 56:57 57:57 58:57 58:59 59:59"
"خان زمان","منیجر",2,"20 21","24:17 24:18"
"خان زمان","مورت خان",14,"19 20 21 23 29 37 38 39 40","24:14 24:15 24:16 24:17 24:18 24:22 24:23 24:34 41:34 41:35 41:36 41:37 41:38 41:39"
"خان زمان","میاں ریاض",3,"29 37 38","24:34 41:34 41:36"
"خان زمان","نرگس بیٹی",6,"58 59 60","54:62 55:62 56:62 57:62 58:62 59:62"
"خان زمان","نسرین حیات",1,"39","41:38"
"خان زمان","پیر خان",10,"24 42 43 44 46 50 51","24:25 41:44 42:44 43:44 44:44 45:44 45:47 54:47 54:48 54:49"
"خان زمان","کریم",2,"19 20","24:14 24:16"
"خان زمان","کمال (صابر کا دوست)",7,"21 28 37 48 49 53","24:19 24:33 41:33 43:53 44:53 45:53 54:53"
"خان زمان","کیٹی قاسم",30,"24 36 40 41 42 43 44 45 49 50 51 52 53 54 55 56 57 58 59","24:24 41:32 41:40 41:41 42:41 42:42 43:42 43:43 44:43 44:44 45:44 45:45 54:45 54:46 54:47 54:49 54:50 54:51 54:53 54:54 55:54 55:55 56:55 56:56 57:56 57:57 58:57 58:58 59:58 59:59"
"خان زمان","گل شیر",17,"24 43 44 45 49 50 51 52 53 57 58 59","24:24 41:45 42:45 43:45 44:45 45:45 54:45 54:46 54:49 54:50 54:52 54:60 55:60 56:60 57:60 58:60 59:60"
"خانم","صابر",3,"57 58","54:61 55:61 56:61"
"خانم","صابر کی ماں",3,"55 56","54:56 55:56 56:56"
"خانم","صالح",7,"24 53 54 55 56","24:24 54:53 54:54 55:54 55:55 56:55 56:56"
"خانم","صورت خان",7,"20 22 25 58 59","24:17 24:20 24:21 24:26 54:63 55:63 56:63"
"خانم","عائشہ",3,"58 59","54:63 55:63 56:63"
"خانم","عمران (انشورنس دفتر)",3,"20 22 27","24:17 24:20 24:31"
"خانم","غلام مصطفی",4,"24 57 58","24:24 54:61 55:61 56:61"
"خانم","فرید کی ماں",3,"55 56","54:56 55:56 56:56"
"خانم","قاسم",10,"20 24 49 50 52 53 56 57","24:16 24:24 54:45 54:46 54:47 54:51 54:53 54:59 55:59 56:59"
"خانم","قاضی (پی اے تیمور)",6,"24 49 50 51","24:24 54:44 54:46 54:47 54:48 54:49"
"خانم","مراد (روشن کا بیٹا)",10,"24 49 51 52 53 54 55 56","24:24 54:44 54:48 54:51 54:53 54:54 55:54 55:55 56:55 56:56"
"خانم","مراد بابا",7,"24 49 52 54 56","24:24 54:44 54:51 54:54 55:54 55:57 56:57"
"خانم","منیجر",2,"20 21","24:17 24:18"
"خانم","مورت خان",8,"19 20 21 23 29","24:14 24:15 24:16 24:17 24:18 24:22 24:23 24:34"
"خانم","میاں ریاض",1,"29","24:34"
"خانم","نرگس بیٹی",3,"58 59","54:62 55:62 56:62"
"خانم","پیر خان",5,"24 49 50 51","24:25 54:44 54:47 54:48 54:49"
"خانم","کریم",2,"19 20","24:14 24:16"
"خانم","کمال (صابر کا دوست)",3,"21 28 53","24:19 24:33 54:53"
"خانم","کیٹی قاسم",14,"24 49 50 51 52 53 54 55 56","24:24 54:44 54:45 54:46 54:47 54:49 54:50 54:51 54:53 54:54 55:54 55:55 56:55 56:56"
"خانم","گل شیر",9,"24 49 50 51 52 53 57 58","24:24 54:45 54:46 54:49 54:50 54:52 54:60 55:60 56:60"
"خورشید","روشن دین",10,"162 163 164 165 169 170 193","167:158 167:160 167:161 167:162 167:163 167:164 167:171 168:171 170:171 195:192"
"خورشید","زبیدہ",8,"162 163 164 169 170","167:157 167:158 167:159 167:160 167:162 167:171 168:171 170:171"
"خورشید","سویرا شہریار",12,"190 191 192 193 196 198 199 200","195:185 195:186 195:187 195:188 195:189 195:190 195:192 195:197 200:197 200:198 200:199 200:200"
"خورشید","شہریار",5,"190 197 199 200","195:185 195:186 195:199 200:199 200:201"
"خورشید","صابر",1,"166","167:166"
"خورشید","صابر کی ماں",15,"165 166 167 168 169 170 193 194 195 197 198 200","167:163 167:166 167:167 168:167 168:168 170:168 170:169 170:170 195:191 195:194 195:195 200:195 200:196 200:197 200:200"
"خورشید","صورت خان",6,"190 191 192 196 198 203","195:186 195:187 195:190 195:197 200:197 200:207"
"خورشید","طاہرہ",2,"196 199","195:198 200:198"
"خورشید","عارف",9,"162 163 164 169 170","167:157 167:158 167:159 167:160 167:161 167:162 167:171 168:171 170:171"
"خورشید","غلام مصطفی",12,"167 168 169 172 190 195 197 198 199 200","167:168 168:168 170:168 170:175 195:185 195:186 195:195 200:195 200:197 200:198 200:199 200:201"
"خورشید","فرید",23,"166 167 168 169 170 190 191 192 193 194 195 197 198 199 200","167:165 167:166 167:167 168:167 168:168 170:168 170:169 170:170 195:186 195:187 195:188 195:189 195:190 195:191 195:192 195:193 195:194 195:195 200:195 200:196 200:197 200:199 200:200"
"خورشید","فرید کی ماں",19,"163 165 166 167 168 169 170 191 192 193 194 195 197 198 200","167:160 167:163 167:166 167:167 168:167 168:168 170:168 170:169 170:170 195:188 195:189 195:190 195:191 195:194 195:195 200:195 200:196 200:197 200:200"
"خورشید","فضل خان",7,"162 163 164 172 173","167:158 167:159 167:161 167:162 167:177 168:177 170:177"
"خورشید","فیض",6,"162 163 164 172 173","167:158 167:159 167:162 167:177 168:177 170:177"
"خورشید","مریم فضل خان",11,"162 163 164 165 169 170","167:157 167:158 167:159 167:160 167:161 167:162 167:163 167:164 167:171 168:171 170:171"
"خورشید","مورت خان",1,"204","200:209"
"خورشید","مہربان",2,"162 174","167:157 170:179"
"خورشید","نذرا",2,"162","167:157 167:158"
"خورشید","ڈاکٹر ناصر",2,"199 202","195:204 200:204"
"خورشید","کلثوم",2,"196 199","195:198 200:198"
"را بیاں","روشن دین",41,"96 101 105 106 107 108 109 110 111 112 116 118 119 120 121 122 123 124 127 128 129 130 131 132 133 136 137 139","101:92 101:101 110:101 110:102 110:103 110:104 110:105 110:106 110:107 110:108 110:109 110:110 112:110 112:112 121:112 121:115 121:116 121:117 121:118 121:119 121:120 121:121 122:121 122:122 123:122 123:123 124:123 124:124 131:124 131:125 131:126 131:127 131:128 131:129 131:131 133:131 133:133 139:133 139:134 139:135 139:139"
"را بیاں","زبیدہ",3,"135 136 139","131:140 133:140 139:140"
"را بیاں","شریف",2,"101 105","101:101 110:101"
"را بیاں","صابر",16,"96 97 98 99 100 106 110 111 112 117","101:91 101:92 101:93 101:94 101:95 101:96 101:97 101:98 101:99 101:100 101:111 110:111 112:111 112:113 121:113 121:114"
"را بیاں","صابر کی ماں",14,"99 100 102 107 110 111 113 117 119 133 134 137","101:97 101:98 101:99 101:100 101:104 110:104 110:111 112:111 112:114 121:114 121:118 131:136 133:136 139:136"
"را بیاں","صورت خان",4,"100 103 107 141","101:100 101:105 110:105 139:144"
"را بیاں","عائشہ",10,"97 99 100 106 110 111 113 117","101:93 101:97 101:98 101:99 101:100 101:111 110:111 112:111 112:114 121:114"
"را بیاں","عارف",9,"125 126 127 130 131 132 136 139","121:130 122:130 123:130 124:130 131:130 131:132 133:132 133:140 139:140"
"را بیاں","غلام مصطفی",25,"97 98 99 103 107 109 112 113 117 119 120 121 126 127 130 131 132 133 136 137 138 139","101:93 101:96 101:97 101:105 110:105 110:108 110:109 110:114 112:114 121:114 121:117 121:119 121:121 122:121 122:130 123:130 124:130 131:130 131:132 133:132 133:133 139:133 139:136 139:137 139:139"
"را بیاں","فاطمہ (پڑوسن)",6,"101 105 106 114 115 120","101:101 110:101 110:102 110:119 112:119 121:119"
"را بیاں","فرید کی ماں",12,"99 100 102 107 110 111 113 117 119 133 134 137","101:97 101:99 101:104 110:104 110:111 112:111 112:114 121:114 121:118 131:136 133:136 139:136"
"را بیاں","فضل خان",9,"125 126 127 130 131 132 137 140","121:130 122:130 123:130 124:130 131:130 131:132 133:132 133:141 139:141"
"را بیاں","فیض",3,"135 136 139","131:140 133:140 139:140"
"را بیاں","مراد (روشن کا بیٹا)",38,"101 105 106 107 108 109 110 111 112 116 117 120 121 122 123 124 127 128 129 130 131 132 133 136 137 138 139","101:101 110:101 110:102 110:103 110:104 110:105 110:106 110:107 110:108 110:109 110:110 112:110 112:112 121:112 121:114 121:120 121:121 122:121 122:122 123:122 123:123 124:123 124:124 131:124 131:125 131:126 131:127 131:129 131:131 133:131 133:133 139:133 139:134 139:135 139:136 139:137 139:138 139:139"
"را بیاں","مریم فضل خان",9,"125 126 127 130 131 132 136 139","121:130 122:130 123:130 124:130 131:130 131:132 133:132 133:140 139:140"
"را بیاں","مہربان",3,"102 106 142","101:103 110:103 139:145"
"را بیاں","نرگس بیٹی",1,"96","101:92"
"را بیاں","چاچا حلوائی",24,"102 106 107 108 113 114 119 120 121 122 123 124 127 129 131 132 133 136 139","101:103 110:103 110:104 110:106 110:107 110:117 112:117 121:117 121:120 121:121 122:121 122:122 123:122 123:123 124:123 124:124 131:124 131:127 131:131 133:131 133:133 139:133 139:134 139:139"
"را بیاں","کمال (صابر کا دوست)",6,"96 97 98 99","101:91 101:93 101:94 101:95 101:96 101:97"
"روشن دین","زبیدہ",49,"135 136 137 139 140 142 145 146 147 148 149 150 151 152 153 154 155 156 157 158 159 160 161 162 167 171 172 173 174 175 176 177 178 179","131:140 133:140 134:140 135:140 139:140 141:140 141:143 142:143 147:143 147:146 147:147 149:147 149:149 150:149 150:151 152:151 152:152 153:152 153:153 156:153 156:154 156:155 156:156 158:156 158:157 158:158 160:158 160:159 160:160 161:160 161:162 162:162 163:162 163:171 164:171 171:171 173:171 173:174 174:174 175:174 175:175 176:175 176:176 177:176 177:177 178:177 178:178 179:178 179:179"
"روشن دین","سویرا شہریار",17,"176 177 178 179 180 187 188 189 190 191 192","171:181 173:181 174:181 175:181 176:181 177:181 178:181 179:181 192:183 192:184 192:185 192:186 192:187 192:188 192:189 192:190 192:192"
"روشن دین","شریف",6,"83 90 96 101","78:88 79:88 92:88 92:101 101:101 102:101"
"روشن دین","شہریار",10,"179 180 181 188 189 195","174:184 175:184 176:184 177:184 178:184 179:184 192:184 192:185 192:186 192:199"
"روشن دین","صابر",52,"72 73 74 77 78 79 87 88 89 90 91 92 96 97 98 99 100 106 107 108 109 110 111 112 114 161 162 163 164 165 168","77:67 77:68 77:69 77:70 77:72 77:77 78:77 78:78 79:78 79:79 92:82 92:83 92:84 92:85 92:86 92:87 92:88 92:89 92:90 92:91 92:92 101:92 101:93 101:94 101:95 101:96 101:97 101:98 101:99 101:100 101:111 102:111 103:111 104:111 105:111 106:111 107:111 108:111 109:111 110:111 112:111 112:113 115:113 115:114 156:166 158:166 160:166 161:166 162:166 163:166 164:166 171:166"
"روشن دین","صابر کی ماں",78,"74 75 77 78 79 87 88 89 90 94 99 100 102 103 104 108 109 110 111 113 114 116 117 118 131 132 133 134 135 137 145 146 148 149 150 151 154 156 157 160 161 162 163 165 168 169 170 171 172 175 176 177 178 191 193","77:71 77:73 77:77 78:77 78:78 79:78 79:79 92:83 92:84 92:85 92:86 92:88 92:97 101:97 101:98 101:99 101:100 101:104 102:104 103:104 104:104 105:104 105:111 106:111 107:111 108:111 109:111 110:111 112:111 112:114 115:114 115:118 116:118 117:118 118:118 119:118 126:136 127:136 128:136 129:136 131:136 133:136 134:136 135:136 139:136 141:150 142:150 147:150 149:150 150:150 152:150 152:156 153:156 156:156 158:156 158:163 160:163 161:163 162:163 163:163 164:163 164:166 171:166 171:167 171:168 171:169 171:170 171:172 173:172 173:178 174:178 175:178 176:178 177:178 178:178 179:178 192:191 192:194"
"روشن دین","صورت خان",32,"81 82 88 89 96 100 103 104 105 139 141 142 143 145 176 177 178 179 180 188 189 191 194","77:85 78:85 79:85 92:85 92:86 92:100 101:100 101:105 102:105 103:105 104:105 105:105 106:105 134:144 135:144 139:144 141:144 142:144 147:144 171:181 173:181 174:181 175:181 176:181 177:181 178:181 179:181 192:184 192:186 192:187 192:190 192:197"
"روشن دین","طاہرہ",1,"195","192:198"
"روشن دین","عائشہ",27,"73 79 80 87 89 92 97 99 100 106 107 108 109 110 111 113 114","77:70 77:81 78:81 79:81 92:82 92:83 92:86 92:87 92:93 101:93 101:97 101:98 101:99 101:100 101:111 102:111 103:111 104:111 105:111 106:111 107:111 108:111 109:111 110:111 112:111 112:114 115:114"
"روشن دین","عارف",65,"125 126 127 128 129 130 131 132 136 137 139 140 142 145 146 147 148 149 150 151 152 153 154 155 156 157 158 159 160 161 162 167 171 172 173 174 175 176 177 178 179","120:130 121:130 122:130 123:130 124:130 125:130 126:130 127:130 128:130 129:130 131:130 131:132 133:132 133:140 134:140 135:140 139:140 141:140 141:143 142:143 147:143 147:144 147:145 147:146 147:147 149:147 149:148 149:149 150:149 150:150 152:150 152:151 152:152 153:152 153:153 156:153 156:155 156:157 158:157 158:158 160:158 160:159 160:160 161:160 161:161 162:161 162:162 163:162 163:171 164:171 171:171 173:171 173:173 174:173 174:174 175:174 175:175 176:175 176:176 177:176 177:177 178:177 178:178 179:178 179:179"
"روشن دین","غلام مصطفی",99,"73 74 75 77 78 81 87 88 89 90 92 97 98 99 103 104 105 107 108 109 112 113 114 116 117 118 119 120 121 126 127 128 129 130 131 132 133 135 137 138 139 140 142 145 146 147 148 149 150 151 153 155 156 157 163 164 165 166 169 173 174 175 177 178 179 188 189 193","77:69 77:71 77:73 77:77 78:77 78:78 79:78 79:83 92:83 92:84 92:86 92:87 92:88 92:93 101:93 101:96 101:97 101:105 102:105 103:105 104:105 105:105 106:105 106:108 107:108 108:108 109:108 109:109 110:109 110:114 112:114 115:114 115:117 116:117 117:117 118:117 118:119 119:119 120:119 120:121 121:121 122:121 122:130 123:130 124:130 125:130 126:130 127:130 128:130 129:130 131:130 131:132 133:132 133:133 134:133 134:136 135:136 139:136 139:137 139:139 141:139 141:143 142:143 147:143 147:144 147:145 147:148 149:148 149:150 150:150 152:150 152:151 152:154 153:154 156:154 156:155 156:156 158:156 158:168 160:168 161:168 162:168 163:168 164:168 171:168 171:175 173:175 174:175 175:175 176:175 176:178 177:178 178:178 179:178 179:179 192:184 192:185 192:186 192:195"
"روشن دین","فاطمہ (پڑوسن)",14,"96 101 102 114 115 117 118 119","92:101 101:101 102:101 102:102 103:102 109:119 110:119 112:119 115:119 116:119 117:119 118:119 119:119 120:119"
"روشن دین","فرید",31,"160 161 162 163 164 168 169 170 171 172 177 178 179 180 187 189 190 191 192","156:165 158:165 160:165 161:165 162:165 163:165 164:165 171:165 171:166 171:167 171:168 171:169 171:170 171:172 173:172 173:181 174:181 175:181 176:181 177:181 178:181 179:181 192:182 192:183 192:186 192:187 192:188 192:189 192:190 192:191 192:192"
"روشن دین","فرید کی ماں",82,"74 75 77 78 79 87 88 90 94 99 100 102 103 104 108 109 110 111 113 114 116 117 118 131 132 133 134 135 137 145 146 148 149 150 151 152 154 156 157 159 160 162 163 165 168 169 170 171 172 175 176 177 178 183 190 191 193","77:71 77:73 77:77 78:77 78:78 79:78 79:79 92:83 92:84 92:85 92:88 92:97 101:97 101:99 101:104 102:104 103:104 104:104 105:104 105:111 106:111 107:111 108:111 109:111 110:111 112:111 112:114 115:114 115:118 116:118 117:118 118:118 119:118 126:136 127:136 128:136 129:136 131:136 133:136 134:136 135:136 139:136 141:150 142:150 147:150 149:150 150:150 152:150 152:151 152:152 153:152 153:156 156:156 158:156 158:160 160:160 161:160 161:163 162:163 163:163 164:163 164:166 171:166 171:167 171:168 171:169 171:170 171:172 173:172 173:178 174:178 175:178 176:178 177:178 178:178 179:178 179:188 192:188 192:189 192:190 192:191 192:194"
"روشن دین","فضل خان",57,"82 83 89 90 125 126 127 128 129 130 131 132 137 138 140 141 142 144 145 147 148 149 150 151 152 153 154 155 156 157 158 159 160 161 162 174 175 176 177 178 179","77:87 78:87 79:87 92:87 92:89 120:130 121:130 122:130 123:130 124:130 125:130 126:130 127:130 128:130 129:130 131:130 131:132 133:132 133:141 134:141 135:141 139:141 141:141 142:141 142:142 147:142 147:144 147:147 149:147 149:150 150:150 152:150 152:153 153:153 156:153 156:154 156:155 156:156 158:156 158:158 160:158 160:159 160:161 161:161 162:161 162:162 163:162 171:177 173:177 174:177 175:177 176:177 177:177 178:177 178:178 179:178 179:179"
"روشن دین","فیض",37,"135 136 137 139 140 141 142 144 147 148 151 152 153 154 155 156 157 158 159 161 162 174 175 176 177 178 179","131:140 133:140 134:140 135:140 139:140 141:140 141:141 142:141 142:142 147:142 147:147 149:147 149:153 150:153 152:153 153:153 156:153 156:155 156:156 158:156 158:158 160:158 160:159 160:162 161:162 162:162 163:162 171:177 173:177 174:177 175:177 176:177 177:177 178:177 178:178 179:178 179:179"
"روشن دین","مراد (روشن کا بیٹا)",61,"96 101 102 103 104 105 106 107 108 109 110 111 112 113 114 117 118 119 120 121 122 123 124 125 126 127 128 129 130 131 132 133 134 135 137 138 139 140","92:101 101:101 102:101 102:102 103:102 103:103 104:103 104:104 105:104 105:105 106:105 106:106 107:106 107:107 108:107 108:108 109:108 109:109 110:109 110:110 112:110 112:112 115:112 115:114 115:120 116:120 117:120 118:120 119:120 120:120 121:120 121:121 122:121 122:122 123:122 123:123 124:123 124:124 125:124 125:125 126:125 126:126 127:126 127:127 128:127 128:129 129:129 131:129 131:131 133:131 133:133 134:133 134:134 135:134 135:135 139:135 139:136 139:137 139:138 139:139 141:139"
"روشن دین","مریم فضل خان",68,"125 126 127 128 129 130 131 132 136 137 139 140 142 145 146 147 148 149 150 151 152 153 154 155 156 157 158 159 160 161 162 163 164 167 171 172 173 174 175 176 177 178 179","120:130 121:130 122:130 123:130 124:130 125:130 126:130 127:130 128:130 129:130 131:130 131:132 133:132 133:140 134:140 135:140 139:140 141:140 141:143 142:143 147:143 147:144 147:145 147:146 147:147 149:147 149:148 149:149 150:149 150:150 152:150 152:151 152:152 153:152 153:153 156:153 156:155 156:156 158:156 158:157 158:158 160:158 160:159 160:160 161:160 161:161 162:161 162:162 163:162 163:163 164:163 164:164 171:164 171:171 173:171 173:173 174:173 174:174 175:174 175:175 176:175 176:176 177:176 177:177 178:177 178:178 179:178 179:179"
"روشن دین","مہربان",27,"102 103 140 142 143 146 148 149 152 153 154 155 156 157 175 176 177 178 179","101:103 102:103 103:103 104:103 135:145 139:145 141:145 142:145 147:145 147:149 149:149 150:149 150:155 152:155 153:155 156:155 156:156 158:156 158:157 171:179 173:179 174:179 175:179 176:179 177:179 178:179 179:179"
"روشن دین","نذرا",10,"151 152 153 154 156 157 158 159","147:156 149:156 150:156 152:156 153:156 156:156 158:156 158:157 158:158 160:158"
"روشن دین","نرگس بیٹی",12,"79 80 87 88 89 90 92 96","77:82 78:82 79:82 92:82 92:83 92:84 92:85 92:86 92:87 92:88 92:92 101:92"
"روشن دین","چاچا حلوائی",46,"102 103 104 105 106 107 112 113 114 116 117 119 120 121 122 123 124 126 127 129 130 131 132 133 134 137 139 140","101:103 102:103 103:103 104:103 104:104 105:104 105:106 106:106 107:106 107:107 108:107 108:117 109:117 110:117 112:117 115:117 116:117 117:117 118:117 118:120 119:120 120:120 121:120 121:121 122:121 122:122 123:122 123:123 124:123 124:124 125:124 125:127 126:127 127:127 128:127 128:131 129:131 131:131 133:131 133:133 134:133 134:134 135:134 135:139 139:139 141:139"
"روشن دین","کلثوم",1,"195","192:198"
"روشن دین","کمال (صابر کا دوست)",12,"73 74 78 79 91 92 97 98 99","77:70 77:72 77:80 78:80 79:80 92:91 92:93 101:93 101:94 101:95 101:96 101:97"
"روشن دین","کیٹی قاسم",3,"75 76","77:74 77:75 77:76"
"روشن دین","گل شیر",4,"74 75 76","77:71 77:73 77:74 77:75"
"زبیدہ","سویرا شہریار",7,"176 177 178 179 180","171:181 174:181 175:181 176:181 177:181 178:181 179:181"
"زبیدہ","شہریار",6,"179 180 181","174:184 175:184 176:184 177:184 178:184 179:184"
"زبیدہ","صابر",7,"161 162 163 164 168","156:166 157:166 158:166 159:166 160:166 162:166 171:166"
"زبیدہ","صابر کی ماں",33,"138 145 146 148 149 150 153 154 155 156 160 161 162 167 168 169 170 171 173 176 177 178","140:136 140:150 143:150 146:150 147:150 149:150 151:150 151:156 152:156 153:156 154:156 155:156 156:156 157:156 157:163 158:163 159:163 160:163 162:163 171:163 171:166 171:167 171:168 171:169 171:170 171:172 174:172 174:178 175:178 176:178 177:178 178:178 179:178"
"زبیدہ","صورت خان",10,"142 143 145 176 177 178 179 180","140:144 143:144 146:144 171:181 174:181 175:181 176:181 177:181 178:181 179:181"
"زبیدہ","عارف",51,"135 136 140 141 143 144 145 146 147 148 149 150 151 152 153 154 155 156 157 158 159 160 161 162 166 171 172 173 174 175 176 177 178 179","140:130 140:132 140:140 143:140 143:143 146:143 146:144 146:145 146:146 147:146 147:147 149:147 149:148 149:149 151:149 151:150 151:151 152:151 152:152 153:152 153:153 154:153 154:155 155:155 156:155 156:157 157:157 158:157 158:158 159:158 159:159 160:159 160:160 162:160 162:161 162:162 171:162 171:171 174:171 174:173 174:174 175:174 175:175 176:175 176:176 177:176 177:177 178:177 178:178 179:178 179:179"
"زبیدہ","غلام مصطفی",40,"135 136 138 139 141 143 144 145 147 148 149 150 151 153 154 155 156 163 164 165 169 173 174 175 177 178 179","140:130 140:132 140:133 140:136 140:137 140:139 140:143 143:143 146:143 146:144 146:145 146:148 147:148 149:148 149:150 151:150 151:151 152:151 152:154 153:154 154:154 155:154 155:155 156:155 156:156 157:156 158:168 159:168 160:168 162:168 171:168 171:175 174:175 175:175 176:175 176:178 177:178 178:178 179:178 179:179"
"زبیدہ","فرید",21,"160 161 162 163 168 169 170 171 173 177 178 179 180","155:165 156:165 157:165 158:165 159:165 160:165 162:165 171:165 171:166 171:167 171:168 171:169 171:170 171:172 174:172 174:181 175:181 176:181 177:181 178:181 179:181"
"زبیدہ","فرید کی ماں",37,"138 145 146 148 149 150 151 152 154 155 156 158 159 160 161 162 167 168 169 170 171 173 176 177 178 183","140:136 140:150 143:150 146:150 147:150 149:150 151:150 151:151 152:151 152:152 153:152 153:156 154:156 155:156 156:156 157:156 157:160 158:160 159:160 160:160 162:160 162:163 171:163 171:166 171:167 171:168 171:169 171:170 171:172 174:172 174:178 175:178 176:178 177:178 178:178 179:178 179:188"
"زبیدہ","فضل خان",40,"135 136 140 142 143 145 146 147 148 149 150 152 153 154 155 156 157 158 159 160 161 162 166 174 175 176 177 178 179","140:130 140:132 140:141 143:141 143:142 143:144 146:144 146:147 147:147 149:147 149:150 151:150 151:153 152:153 153:153 154:153 154:154 155:154 155:155 156:155 156:156 157:156 157:158 158:158 159:158 159:159 160:159 160:161 162:161 162:162 171:162 171:177 174:177 175:177 176:177 177:177 178:177 178:178 179:178 179:179"
"زبیدہ","فیض",35,"140 141 142 145 146 147 148 151 152 153 154 155 156 157 158 159 161 162 166 174 175 176 177 178 179","140:140 143:140 143:141 143:142 143:147 146:147 147:147 149:147 149:153 151:153 152:153 153:153 154:153 154:155 155:155 156:155 156:156 157:156 157:158 158:158 159:158 159:159 160:159 160:162 162:162 171:162 171:177 174:177 175:177 176:177 177:177 178:177 178:178 179:178 179:179"
"زبیدہ","مراد (روشن کا بیٹا)",8,"135 136 137 138 139","140:131 140:133 140:134 140:135 140:136 140:137 140:138 140:139"
"زبیدہ","مریم فضل خان",54,"135 136 140 141 143 144 145 146 147 148 149 150 151 152 153 154 155 156 157 158 159 160 161 162 166 167 171 172 173 174 175 176 177 178 179","140:130 140:132 140:140 143:140 143:143 146:143 146:144 146:145 146:146 147:146 147:147 149:147 149:148 149:149 151:149 151:150 151:151 152:151 152:152 153:152 153:153 154:153 154:155 155:155 156:155 156:156 157:156 157:157 158:157 158:158 159:158 159:159 160:159 160:160 162:160 162:161 162:162 171:162 171:163 171:164 171:171 174:171 174:173 174:174 175:174 175:175 176:175 176:176 177:176 177:177 178:177 178:178 179:178 179:179"
"زبیدہ","مہربان",24,"142 144 145 147 148 149 150 153 154 155 156 157 175 176 177 178 179","140:145 143:145 146:145 146:149 147:149 149:149 151:149 151:155 152:155 153:155 154:155 155:155 156:155 156:156 157:156 157:157 158:157 171:179 174:179 175:179 176:179 177:179 178:179 179:179"
"زبیدہ","نذرا",14,"151 152 153 154 155 156 157 158","146:156 147:156 149:156 151:156 152:156 153:156 154:156 155:156 156:156 157:156 157:157 158:157 158:158 159:158"
"زبیدہ","چاچا حلوائی",4,"135 136 137 139","140:131 140:133 140:134 140:139"
"سویرا شہریار","شہریار",26,"182 183 184 185 186 194 195 198 199 200 201 202 204 205 206 207","181:184 183:184 184:184 185:184 185:185 186:185 186:186 187:186 189:199 190:199 192:199 197:199 198:199 199:199 200:199 200:201 201:201 202:201 202:202 203:202 203:206 204:206 205:206 206:206 207:206 207:207"
"سویرا شہریار","صابر کی ماں",22,"176 179 186 187 188 189 190 191 193 195 196 197 199 200","181:172 181:178 181:191 183:191 184:191 185:191 186:191 187:191 188:191 189:191 190:191 192:191 192:194 197:194 197:195 197:196 197:197 198:197 198:200 199:200 200:200 201:200"
"سویرا شہریار","صورت خان",27,"181 182 183 184 185 186 187 189 190 191 194 197 202 203 204 205 206 207","181:181 183:181 183:184 184:184 185:184 185:186 186:186 187:186 187:187 188:187 188:190 189:190 190:190 192:190 192:197 197:197 198:197 198:207 199:207 200:207 201:207 202:207 203:207 204:207 205:207 206:207 207:207"
"سویرا شہریار","طاہرہ",7,"193 194 195 197 198","188:198 189:198 190:198 192:198 197:198 198:198 199:198"
"سویرا شہریار","عارف",8,"176 177 178 179 180","181:171 181:173 181:174 181:175 181:176 181:177 181:178 181:179"
"سویرا شہریار","غلام مصطفی",28,"178 179 180 182 183 184 185 186 191 192 193 196 197 198 199 200 201 202","181:175 181:178 181:179 181:184 183:184 184:184 185:184 185:185 186:185 186:186 187:186 187:195 188:195 189:195 190:195 192:195 197:195 197:197 198:197 198:198 199:198 199:199 200:199 200:201 201:201 202:201 202:202 203:202"
"سویرا شہریار","فرید",44,"176 181 182 183 185 186 187 188 189 190 191 192 194 195 196 197 198 199 200 201 202 203 204 205 206 207","181:172 181:181 183:181 183:182 183:183 184:183 184:186 185:186 186:186 187:186 187:187 188:187 188:188 189:188 189:189 190:189 190:190 192:190 192:191 192:192 197:192 197:193 197:194 197:195 197:196 197:197 198:197 198:199 199:199 200:199 200:200 201:200 201:201 202:201 202:202 203:202 203:203 204:203 204:205 205:205 206:205 206:206 207:206 207:207"
"سویرا شہریار","فرید کی ماں",34,"176 179 184 185 186 187 188 189 190 191 193 195 196 197 199 200 201 202 204 205 206","181:172 181:178 181:188 183:188 184:188 185:188 186:188 187:188 188:188 189:188 189:189 190:189 190:190 192:190 192:191 192:194 197:194 197:195 197:196 197:197 198:197 198:200 199:200 200:200 201:200 201:202 202:202 203:202 203:205 204:205 205:205 206:205 206:206 207:206"
"سویرا شہریار","فضل خان",3,"179 180","181:177 181:178 181:179"
"سویرا شہریار","فیض",3,"179 180","181:177 181:178 181:179"
"سویرا شہریار","مریم فضل خان",8,"176 177 178 179 180","181:171 181:173 181:174 181:175 181:176 181:177 181:178 181:179"
"سویرا شہریار","مورت خان",9,"204 205 206 207 208","199:209 200:209 201:209 202:209 203:209 204:209 205:209 206:209 207:209"
"سویرا شہریار","مہربان",1,"180","181:179"
"سویرا شہریار","ڈاکٹر ناصر",12,"200 201 202 203 204 206 207","197:204 198:204 199:204 200:204 201:204 202:204 203:204 204:204 205:204 205:208 206:208 207:208"
"سویرا شہریار","کلثوم",7,"193 194 195 197 198","188:198 189:198 190:198 192:198 197:198 198:198 199:198"
"شریف","صابر",22,"83 84 85 86 87 88 96 97 98 99 100 106","88:78 88:79 88:80 88:81 88:82 88:83 88:84 88:85 88:86 88:87 88:88 101:91 101:92 101:93 101:94 101:95 101:96 101:97 101:98 101:99 101:100 101:111"
"شریف","صابر کی ماں",12,"83 85 86 87 88 99 100 102","88:78 88:79 88:83 88:84 88:85 88:86 88:88 101:97 101:98 101:99 101:100 101:104"
"شریف","صورت خان",4,"86 87 100 103","88:85 88:86 101:100 101:105"
"شریف","عائشہ",12,"84 85 87 90 97 99 100 106","88:81 88:82 88:83 88:86 88:87 88:93 101:93 101:97 101:98 101:99 101:100 101:111"
"شریف","غلام مصطفی",10,"83 85 86 87 88 97 98 99 103","88:78 88:83 88:84 88:86 88:87 88:88 101:93 101:96 101:97 101:105"
"شریف","فاطمہ (پڑوسن)",1,"101","101:101"
"شریف","فرید کی ماں",9,"83 85 86 88 99 100 102","88:78 88:79 88:83 88:84 88:85 88:88 101:97 101:99 101:104"
"شریف","فضل خان",2,"87 88","88:87 88:89"
"شریف","مراد (روشن کا بیٹا)",1,"101","101:101"
"شریف","مہربان",1,"102","101:103"
"شریف","نرگس بیٹی",8,"85 86 87 88 96","88:82 88:83 88:84 88:85 88:86 88:87 88:88 101:92"
"شریف","چاچا حلوائی",1,"102","101:103"
"شریف","کمال (صابر کا دوست)",8,"84 89 96 97 98 99","88:80 88:91 101:91 101:93 101:94 101:95 101:96 101:97"
"شہریار","صابر کی ماں",11,"181 187 188 195 196 197 198 199 200","184:178 184:191 185:191 186:191 199:191 199:194 199:195 199:196 199:197 199:200 201:200"
"شہریار","صورت خان",12,"182 184 185 186 194 198 203 204 206 207","184:181 184:184 185:184 185:186 186:186 199:190 199:197 199:207 201:207 202:207 206:207 207:207"
"شہریار","طاہرہ",1,"198","199:198"
"شہریار","عارف",6,"179 180 181","184:174 184:175 184:176 184:177 184:178 184:179"
"شہریار","غلام مصطفی",17,"179 181 184 185 186 197 198 199 200 201 202 204","184:175 184:178 184:179 184:184 185:184 185:185 186:185 186:186 199:195 199:197 199:198 199:199 201:199 201:201 202:201 202:202 206:202"
"شہریار","فرید",27,"182 183 185 186 194 195 196 197 198 199 200 201 202 204 205 206 207","184:181 184:182 184:183 184:186 185:186 186:186 199:189 199:190 199:191 199:192 199:193 199:194 199:195 199:196 199:197 199:199 201:199 201:200 201:201 202:201 202:202 206:202 206:203 206:205 206:206 207:206 207:207"
"شہریار","فرید کی ماں",19,"181 186 187 194 195 196 197 198 199 200 201 202 204 205 206","184:178 184:188 185:188 186:188 199:189 199:190 199:191 199:194 199:195 199:196 199:197 199:200 201:200 201:202 202:202 206:202 206:205 206:206 207:206"
"شہریار","فضل خان",3,"180 181","184:177 184:178 184:179"
"شہریار","فیض",3,"180 181","184:177 184:178 184:179"
"شہریار","مریم فضل خان",6,"179 180 181","184:174 184:175 184:176 184:177 184:178 184:179"
"شہریار","مورت خان",5,"204 205 207 208","199:209 201:209 202:209 206:209 207:209"
"شہریار","مہربان",1,"181","184:179"
"شہریار","ڈاکٹر ناصر",6,"201 202 203 205 207","199:204 201:204 202:204 206:204 206:208 207:208"
"شہریار","کلثوم",1,"198","199:198"
"صابر","صابر کی ماں",60,"58 61 62 63 64 68 69 70 71 72 75 77 78 79 81 82 83 84 85 86 87 88 93 94 95 96 97 98 99 100 107 111 112 113 114 161 164 166","61:56 61:61 63:61 63:62 63:63 64:63 64:64 65:64 65:71 66:71 67:71 68:71 69:71 70:71 72:71 72:73 77:73 77:77 78:77 78:78 79:78 79:79 80:79 80:83 81:83 82:83 83:83 84:83 84:84 85:84 85:85 86:85 86:86 87:86 87:88 88:88 89:88 89:97 90:97 91:97 92:97 93:97 94:97 95:97 96:97 97:97 98:97 98:98 99:98 99:99 100:99 100:100 111:104 111:111 113:111 113:114 114:114 166:156 166:163 166:166"
"صابر","صالح",4,"57 58","61:53 61:54 61:55 61:56"
"صابر","صورت خان",27,"62 63 81 82 83 84 85 86 95 96 97 98 99 100 108","61:63 63:63 64:63 77:85 78:85 79:85 80:85 81:85 82:85 83:85 84:85 85:85 86:85 86:86 87:86 90:100 91:100 92:100 93:100 94:100 95:100 96:100 97:100 98:100 99:100 100:100 111:105"
"صابر","عائشہ",50,"62 63 64 67 68 69 70 71 76 79 80 81 82 83 85 86 87 90 91 92 93 95 96 97 98 99 100 111 112 113 114","61:63 63:63 64:63 64:64 65:64 65:70 66:70 67:70 68:70 69:70 70:70 72:70 72:81 77:81 78:81 79:81 80:81 81:81 82:81 82:82 83:82 83:83 84:83 84:86 85:86 86:86 87:86 87:87 88:87 88:93 89:93 90:93 91:93 92:93 93:93 94:93 94:97 95:97 96:97 97:97 98:97 98:98 99:98 99:99 100:99 100:100 111:111 113:111 113:114 114:114"
"صابر","عارف",7,"161 162 163 164 168","166:157 166:158 166:159 166:160 166:161 166:162 166:171"
"صابر","غلام مصطفی",60,"61 62 63 64 65 67 68 69 70 71 72 75 77 78 81 82 83 84 85 86 87 88 91 92 93 95 96 97 101 102 108 109 110 112 113 114 161 167","61:61 63:61 63:62 63:63 64:63 64:64 65:64 65:65 66:65 66:69 67:69 68:69 69:69 70:69 70:71 72:71 72:73 77:73 77:77 78:77 78:78 79:78 79:83 80:83 81:83 82:83 83:83 84:83 84:84 85:84 85:86 86:86 87:86 87:87 88:87 88:88 89:88 89:93 90:93 91:93 92:93 93:93 94:93 94:96 95:96 96:96 97:96 97:97 98:97 98:105 99:105 100:105 111:105 111:108 111:109 111:114 113:114 114:114 166:156 166:168"
"صابر","فاطمہ (پڑوسن)",15,"96 97 98 99 100 106 115 116","91:101 92:101 93:101 94:101 95:101 96:101 97:101 98:101 99:101 100:101 111:101 111:102 111:119 113:119 114:119"
"صابر","فرید",2,"165 166","166:165 166:166"
"صابر","فرید کی ماں",59,"58 61 62 63 64 68 69 70 71 72 75 77 78 79 81 82 83 84 85 87 88 93 94 95 96 97 98 99 102 107 111 112 113 114 161 163 164 166","61:56 61:61 63:61 63:62 63:63 64:63 64:64 65:64 65:71 66:71 67:71 68:71 69:71 70:71 72:71 72:73 77:73 77:77 78:77 78:78 79:78 79:79 80:79 80:83 81:83 82:83 83:83 84:83 84:84 85:84 85:85 86:85 86:88 87:88 88:88 89:88 89:97 90:97 91:97 92:97 93:97 94:97 95:97 96:97 97:97 98:97 98:99 99:99 100:99 100:104 111:104 111:111 113:111 113:114 114:114 166:156 166:160 166:163 166:166"
"صابر","فضل خان",20,"82 83 84 85 86 87 88 89 161 162 163 164","77:87 78:87 79:87 80:87 81:87 82:87 83:87 84:87 85:87 86:87 87:87 88:87 88:89 89:89 90:89 166:156 166:158 166:159 166:161 166:162"
"صابر","فیض",4,"161 162 164","166:156 166:158 166:159 166:162"
"صابر","قاسم",3,"56 57 60","61:51 61:53 61:59"
"صابر","مراد (روشن کا بیٹا)",32,"56 57 58 59 60 96 97 98 99 100 106 107 108 109 110 111 112 113 114","61:51 61:53 61:54 61:55 61:56 61:57 61:58 61:59 91:101 92:101 93:101 94:101 95:101 96:101 97:101 98:101 99:101 100:101 111:101 111:102 111:103 111:104 111:105 111:106 111:107 111:108 111:109 111:110 111:112 113:112 113:114 114:114"
"صابر","مراد بابا",4,"56 57 59 60","61:51 61:54 61:57 61:59"
"صابر","مریم فضل خان",10,"161 162 163 164 165 168","166:156 166:157 166:158 166:159 166:160 166:161 166:162 166:163 166:164 166:171"
"صابر","مہربان",11,"98 99 100 101 107 161","93:103 94:103 95:103 96:103 97:103 98:103 99:103 100:103 111:103 166:156 166:157"
"صابر","نذرا",3,"161 162","166:156 166:157 166:158"
"صابر","نرگس بیٹی",27,"61 62 77 79 80 81 82 83 84 85 86 87 88 90 91 92","61:62 63:62 72:82 77:82 78:82 79:82 80:82 81:82 82:82 83:82 83:83 84:83 84:84 85:84 85:85 86:85 86:86 87:86 87:87 88:87 88:88 89:88 89:92 90:92 91:92 92:92 93:92"
"صابر","چاچا حلوائی",15,"98 99 100 101 107 108 109 114 115","93:103 94:103 95:103 96:103 97:103 98:103 99:103 100:103 111:103 111:104 111:106 111:107 111:117 113:117 114:117"
"صابر","کمال (صابر کا دوست)",41,"57 65 66 67 68 69 70 71 72 74 78 79 80 86 87 88 89 90 91 92 93 94 95 96 97","61:53 61:70 63:70 64:70 65:70 66:70 67:70 68:70 69:70 70:70 72:70 72:72 77:72 77:80 78:80 79:80 80:80 81:80 81:91 82:91 83:91 84:91 85:91 86:91 87:91 88:91 89:91 90:91 91:91 92:91 92:93 93:93 94:93 94:94 95:94 95:95 96:95 96:96 97:96 97:97 98:97"
"صابر","کیٹی قاسم",19,"56 57 58 59 60 69 70 71 72 73 75 76","61:51 61:53 61:54 61:55 61:56 61:57 61:58 61:59 64:74 65:74 66:74 67:74 68:74 69:74 70:74 72:74 77:74 77:75 77:76"
"صابر","گل شیر",16,"56 60 66 67 68 69 70 71 72 75 76","61:52 61:60 61:71 63:71 64:71 65:71 66:71 67:71 68:71 69:71 70:71 72:71 72:73 77:73 77:74 77:75"
"صابر کی ماں","صالح",5,"54 55 56 58","56:53 56:54 56:55 56:56 61:56"
"صابر کی ماں","صورت خان",37,"59 62 63 81 82 84 85 86 87 98 99 100 102 104 108 140 147 176 179 186 187 188 189 190 194 195 196 197 198 203","56:63 61:63 62:63 63:63 64:63 77:85 78:85 79:85 83:85 84:85 85:85 86:85 86:86 88:86 97:100 98:100 99:100 100:100 104:100 104:105 111:105 136:144 150:144 172:181 178:181 191:181 191:184 191:186 191:187 191:190 191:197 194:197 195:197 196:197 197:197 200:197 200:207"
"صابر کی ماں","طاہرہ",6,"194 196 197 199","191:198 194:198 195:198 196:198 197:198 200:198"
"صابر کی ماں","عائشہ",37,"59 62 63 64 67 70 76 77 79 80 82 83 85 86 87 90 95 97 98 99 100 102 107 111 112 114 116","56:63 61:63 62:63 63:63 64:63 64:64 71:64 71:70 71:81 73:81 77:81 78:81 79:81 83:81 83:82 83:83 84:83 84:86 85:86 86:86 88:86 88:87 88:93 97:93 97:97 98:97 98:98 99:98 99:99 100:99 100:100 104:100 104:111 111:111 114:111 114:114 118:114"
"صابر کی ماں","عارف",38,"133 134 138 145 146 147 148 149 150 153 154 155 156 160 161 162 167 168 169 170 171 172 175 176 177 178","136:130 136:132 136:140 150:140 150:143 150:144 150:145 150:146 150:147 150:148 150:149 150:150 156:150 156:151 156:152 156:153 156:155 156:157 163:157 163:158 163:159 163:160 163:161 163:162 163:171 166:171 167:171 168:171 169:171 170:171 172:171 172:173 178:173 178:174 178:175 178:176 178:177 178:178"
"صابر کی ماں","غلام مصطفی",84,"58 61 62 63 64 67 68 70 71 72 73 75 77 78 81 83 84 85 86 87 88 92 95 96 97 101 102 104 108 109 110 112 114 116 117 118 133 134 136 146 147 149 150 153 155 156 159 165 167 168 172 173 176 178 187 188 193 194 195 196 197 198 199 200","56:61 61:61 62:61 62:62 63:62 63:63 64:63 64:64 71:64 71:65 71:69 71:71 73:71 73:73 77:73 77:77 78:77 78:78 79:78 79:83 83:83 84:83 84:84 85:84 85:86 86:86 88:86 88:87 88:88 97:88 97:93 97:96 97:97 98:97 98:105 99:105 100:105 104:105 111:105 111:108 111:109 111:114 114:114 118:114 118:117 118:119 136:130 136:132 136:133 136:136 150:143 150:144 150:145 150:148 150:150 156:150 156:151 156:154 156:155 156:156 163:156 163:168 166:168 167:168 168:168 169:168 169:175 170:175 172:175 178:175 178:178 191:184 191:185 191:186 191:195 194:195 195:195 196:195 196:197 197:197 200:197 200:198 200:199 200:201"
"صابر کی ماں","فاطمہ (پڑوسن)",9,"99 100 102 103 115 116 118","97:101 98:101 99:101 100:101 104:101 104:102 111:119 114:119 118:119"
"صابر کی ماں","فرید",38,"160 164 165 166 167 168 169 170 171 172 175 179 186 187 188 189 190 191 192 193 194 195 196 197 198 199 200","156:165 163:165 166:165 166:166 167:166 167:167 168:167 168:168 169:168 169:169 170:169 170:170 172:170 172:172 178:172 178:181 191:181 191:182 191:183 191:186 191:187 191:188 191:189 191:190 191:191 194:191 194:192 194:193 194:194 195:194 195:195 196:195 196:196 197:196 197:197 200:197 200:199 200:200"
"صابر کی ماں","فرید کی ماں",79,"56 58 61 62 63 64 67 71 72 73 75 77 78 79 81 83 84 85 87 88 92 97 98 99 102 104 107 111 112 114 116 118 136 150 153 154 156 159 161 163 164 166 167 168 169 170 171 172 175 178 189 190 191 192 194 195 196 197 198 200","56:56 61:56 61:61 62:61 62:62 63:62 63:63 64:63 64:64 71:64 71:71 73:71 73:73 77:73 77:77 78:77 78:78 79:78 79:79 83:79 83:83 84:83 84:84 85:84 85:85 86:85 86:88 88:88 97:88 97:97 98:97 98:99 99:99 100:99 100:104 104:104 111:104 111:111 114:111 114:114 118:114 118:118 136:136 150:150 156:150 156:151 156:152 156:156 163:156 163:160 163:163 166:163 166:166 167:166 167:167 168:167 168:168 169:168 169:169 170:169 170:170 172:170 172:172 178:172 178:178 191:188 191:189 191:190 191:191 194:191 194:194 195:194 195:195 196:195 196:196 197:196 197:197 200:197 200:200"
"صابر کی ماں","فضل خان",35,"82 83 85 86 87 88 93 133 134 138 145 146 147 148 150 153 154 155 156 159 160 161 162 172 173 174 177 178","77:87 78:87 79:87 83:87 84:87 85:87 86:87 88:87 88:89 97:89 136:130 136:132 136:141 150:141 150:142 150:144 150:147 150:150 156:150 156:153 156:154 156:155 156:156 163:156 163:158 163:159 163:161 163:162 167:177 168:177 169:177 170:177 172:177 178:177 178:178"
"صابر کی ماں","فیض",20,"138 145 146 148 151 154 155 156 159 160 161 162 172 173 174 177 178","136:140 150:140 150:141 150:142 150:147 150:153 156:153 156:155 156:156 163:156 163:158 163:159 163:162 167:177 168:177 169:177 170:177 172:177 178:177 178:178"
"صابر کی ماں","قاسم",6,"51 53 54 57 60","56:46 56:47 56:51 56:53 56:59 61:59"
"صابر کی ماں","قاضی (پی اے تیمور)",4,"51 52","56:46 56:47 56:48 56:49"
"صابر کی ماں","مراد (روشن کا بیٹا)",38,"52 53 54 55 56 58 59 60 99 100 102 103 104 107 108 109 110 111 113 114 116 119 131 132 133 134 135 136","56:48 56:51 56:53 56:54 56:55 56:56 61:56 61:57 61:58 61:59 97:101 98:101 99:101 100:101 104:101 104:102 104:103 104:104 111:104 111:105 111:106 111:107 111:108 111:109 111:110 111:112 114:112 114:114 118:114 118:120 136:126 136:127 136:129 136:131 136:133 136:134 136:135 136:136"
"صابر کی ماں","مراد بابا",5,"53 55 56 59 60","56:51 56:54 56:57 61:57 61:59"
"صابر کی ماں","مریم فضل خان",41,"133 134 138 145 146 147 148 149 150 153 154 155 156 159 160 161 162 163 164 165 168 169 170 171 172 175 176 177 178","136:130 136:132 136:140 150:140 150:143 150:144 150:145 150:146 150:147 150:148 150:149 150:150 156:150 156:151 156:152 156:153 156:155 156:156 163:156 163:157 163:158 163:159 163:160 163:161 163:162 163:163 166:163 166:164 166:171 167:171 168:171 169:171 170:171 172:171 172:173 178:173 178:174 178:175 178:176 178:177 178:178"
"صابر کی ماں","مورت خان",1,"204","200:209"
"صابر کی ماں","مہربان",17,"100 101 103 140 147 149 152 155 156 159 160 174 175 178","97:103 98:103 99:103 100:103 104:103 136:145 150:145 150:149 150:155 156:155 156:156 163:156 163:157 169:179 170:179 172:179 178:179"
"صابر کی ماں","نذرا",5,"153 156 159 160","150:156 156:156 163:156 163:157 163:158"
"صابر کی ماں","نرگس بیٹی",21,"59 61 62 77 79 80 82 83 84 85 86 87 88 92 94","56:62 61:62 62:62 63:62 73:82 77:82 78:82 79:82 83:82 83:83 84:83 84:84 85:84 85:85 86:85 86:86 88:86 88:87 88:88 97:88 97:92"
"صابر کی ماں","پیر خان",3,"51 52","56:47 56:48 56:49"
"صابر کی ماں","چاچا حلوائی",18,"100 101 103 104 107 108 109 114 115 117 119 131 133 134 135 137","97:103 98:103 99:103 100:103 104:103 104:104 111:104 111:106 111:107 111:117 114:117 118:117 118:120 136:127 136:131 136:133 136:134 136:139"
"صابر کی ماں","ڈاکٹر ناصر",5,"199 200 202","194:204 195:204 196:204 197:204 200:204"
"صابر کی ماں","کلثوم",6,"194 196 197 199","191:198 194:198 195:198 196:198 197:198 200:198"
"صابر کی ماں","کمال (صابر کا دوست)",25,"54 65 66 67 70 71 72 76 78 79 81 87 88 89 94 95 96 97","56:53 61:70 62:70 63:70 64:70 71:70 71:72 73:72 73:80 77:80 78:80 79:80 83:80 83:91 84:91 85:91 86:91 88:91 97:91 97:93 97:94 97:95 97:96 97:97 98:97"
"صابر کی ماں","کیٹی قاسم",19,"51 52 53 54 55 56 58 59 60 69 72 73 75 76","56:46 56:47 56:49 56:50 56:51 56:53 56:54 56:55 56:56 61:56 61:57 61:58 61:59 64:74 71:74 73:74 77:74 77:75 77:76"
"صابر کی ماں","گل شیر",16,"51 52 53 54 58 60 66 67 71 72 73 75 76","56:46 56:49 56:50 56:52 56:60 61:60 61:71 62:71 63:71 64:71 71:71 73:71 73:73 77:73 77:74 77:75"
"صالح","صورت خان",8,"20 22 25 58 59","24:17 24:20 24:21 24:26 53:63 54:63 55:63 56:63"
"صالح","عائشہ",4,"58 59","53:63 54:63 55:63 56:63"
"صالح","عمران (انشورنس دفتر)",3,"20 22 27","24:17 24:20 24:31"
"صالح","غلام مصطفی",5,"24 57 58","24:24 53:61 54:61 55:61 56:61"
"صالح","فرید کی ماں",4,"54 55 56","53:56 54:56 55:56 56:56"
"صالح","قاسم",11,"20 24 49 50 52 53 56 57","24:16 24:24 53:45 53:46 53:47 53:51 53:53 54:53 54:59 55:59 56:59"
"صالح","قاضی (پی اے تیمور)",7,"24 48 49 50 51","24:24 53:43 53:44 53:46 53:47 53:48 53:49"
"صالح","مراد (روشن کا بیٹا)",12,"24 48 50 52 53 54 55 56","24:24 53:43 53:44 53:48 53:51 53:53 54:53 54:54 55:54 55:55 56:55 56:56"
"صالح","مراد بابا",8,"24 48 52 53 54 56","24:24 53:44 53:51 53:54 54:54 55:54 55:57 56:57"
"صالح","منیجر",2,"20 21","24:17 24:18"
"صالح","مورت خان",8,"19 20 21 23 29","24:14 24:15 24:16 24:17 24:18 24:22 24:23 24:34"
"صالح","میاں ریاض",1,"29","24:34"
"صالح","نرگس بیٹی",4,"57 58 59","53:62 54:62 55:62 56:62"
"صالح","پیر خان",5,"24 48 50 51","24:25 53:44 53:47 53:48 53:49"
"صالح","کریم",2,"19 20","24:14 24:16"
"صالح","کمال (صابر کا دوست)",4,"21 28 53","24:19 24:33 53:53 54:53"
"صالح","کیٹی قاسم",16,"24 48 49 50 51 52 53 54 55 56","24:24 53:43 53:44 53:45 53:46 53:47 53:49 53:50 53:51 53:53 54:53 54:54 55:54 55:55 56:55 56:56"
"صالح","گل شیر",10,"24 49 51 52 56 57 58","24:24 53:45 53:46 53:49 53:50 53:52 53:60 54:60 55:60 56:60"
"صورت خان","طاہرہ",3,"194 197 202","190:198 197:198 207:198"
"صورت خان","عائشہ",13,"63 83 84 85 86 96 98 99 100 102 108","63:63 85:81 85:82 85:83 85:86 86:86 100:93 100:97 100:98 100:99 100:100 105:100 105:111"
"صورت خان","عارف",11,"142 143 144 176 177 178 179 180","144:140 144:143 144:144 181:171 181:173 181:174 181:175 181:176 181:177 181:178 181:179"
"صورت خان","عمران (انشورنس دفتر)",15,"7 8 9 11 12 15 17 18 20 26 28 32 34","3:12 5:12 6:12 11:12 13:12 13:17 17:17 20:17 20:20 21:20 21:31 26:31 34:31 34:34 35:34"
"صورت خان","غلام مصطفی",42,"20 22 25 62 63 81 84 85 86 96 98 102 105 140 141 143 144 178 179 180 182 184 185 186 191 192 196 197 202 203 204","17:24 20:24 21:24 26:24 26:25 63:61 63:62 63:63 85:77 85:78 85:83 85:84 85:86 86:86 100:93 100:96 100:97 100:105 105:105 144:136 144:137 144:139 144:143 144:144 181:175 181:178 181:179 181:184 184:184 186:184 186:185 186:186 187:186 187:195 190:195 197:195 197:197 207:197 207:198 207:199 207:201 207:202"
"صورت خان","فاطمہ (پڑوسن)",3,"100 103","100:101 105:101 105:102"
"صورت خان","فرید",30,"176 181 182 183 185 186 187 188 189 190 193 194 195 196 197 202 203 204 205 206 207","181:172 181:181 184:181 184:182 184:183 184:186 186:186 187:186 187:187 190:187 190:188 190:189 190:190 197:190 197:191 197:192 197:193 197:194 197:195 197:196 197:197 207:197 207:199 207:200 207:201 207:202 207:203 207:205 207:206 207:207"
"صورت خان","فرید کی ماں",39,"59 62 63 81 82 84 85 87 98 99 102 104 108 140 147 176 179 184 186 187 189 190 193 194 195 196 197 202 203 204 206","63:56 63:61 63:62 63:63 85:77 85:78 85:79 85:83 85:84 85:85 86:85 86:88 100:97 100:99 100:104 105:104 105:111 144:136 144:150 181:172 181:178 181:188 184:188 186:188 187:188 190:188 190:189 190:190 197:190 197:191 197:194 197:195 197:196 197:197 207:197 207:200 207:202 207:205 207:206"
"صورت خان","فضل خان",8,"86 142 143 144 179 180","85:87 86:87 144:141 144:142 144:144 181:177 181:178 181:179"
"صورت خان","فیض",7,"142 143 145 179 180","144:140 144:141 144:142 144:147 181:177 181:178 181:179"
"صورت خان","قاسم",21,"2 4 5 6 8 13 14 16 20 22 25 26 30 31 33 37 38 58 61","3:1 3:6 5:6 6:6 11:6 11:16 13:16 17:16 17:24 20:24 21:24 26:24 26:27 34:27 34:29 34:32 34:40 35:40 37:40 63:53 63:59"
"صورت خان","قاضی (پی اے تیمور)",11,"20 22 25 27 31 32 33 37 38 39","17:24 20:24 21:24 26:24 26:29 34:29 34:30 34:32 34:41 35:41 37:41"
"صورت خان","مراد (روشن کا بیٹا)",31,"20 22 25 26 30 31 37 38 39 58 59 60 61 100 103 104 105 139 140 141","17:24 20:24 21:24 26:24 26:26 34:26 34:27 34:28 34:29 34:41 35:41 37:41 63:53 63:54 63:55 63:56 63:57 63:58 63:59 100:101 105:101 105:102 105:103 105:104 105:105 144:134 144:135 144:136 144:137 144:138 144:139"
"صورت خان","مراد بابا",14,"20 22 25 26 30 31 39 40 58 60 61","17:24 20:24 21:24 26:24 26:26 34:26 34:28 34:29 34:44 35:44 37:44 63:54 63:57 63:59"
"صورت خان","مریم فضل خان",14,"4 5 142 143 144 176 177 178 179 180","3:5 5:5 6:5 144:140 144:143 144:144 181:171 181:173 181:174 181:175 181:176 181:177 181:178 181:179"
"صورت خان","منیجر",9,"7 8 9 11 12 15 17 18 19","3:12 5:12 6:12 11:12 13:12 13:17 17:17 20:17 20:18"
"صورت خان","مورت خان",32,"3 4 5 6 8 9 10 11 12 13 15 16 17 18 19 21 24 30 34 35 36 37 208","3:3 5:3 5:4 5:5 6:5 6:6 11:6 11:7 11:8 11:9 11:10 11:11 13:11 13:14 17:14 17:15 17:16 17:17 20:17 20:18 20:22 21:22 26:22 26:23 26:34 34:34 35:34 35:35 37:35 37:36 37:37 207:209"
"صورت خان","مہربان",4,"101 104 144 180","100:103 105:103 144:145 181:179"
"صورت خان","میاں ریاض",5,"30 34 35 36","26:34 34:34 35:34 35:36 37:36"
"صورت خان","نرگس بیٹی",8,"62 83 84 85 86 96","63:62 85:82 85:83 85:84 85:85 86:85 86:86 100:92"
"صورت خان","نسرین حیات",3,"36 37","34:38 35:38 37:38"
"صورت خان","پیر خان",7,"21 22 23 25 39 40","17:25 20:25 21:25 26:25 34:44 35:44 37:44"
"صورت خان","چاچا حلوائی",6,"101 104 105 139 141","100:103 105:103 105:104 105:106 144:134 144:139"
"صورت خان","ڈاکٹر ناصر",3,"200 205 207","197:204 207:204 207:208"
"صورت خان","کریم",10,"3 4 5 6 8 12 13 15 16","3:4 5:4 5:5 6:5 6:6 11:6 11:14 13:14 17:14 17:16"
"صورت خان","کلثوم",3,"194 197 202","190:198 197:198 207:198"
"صورت خان","کمال (صابر کا دوست)",17,"15 16 18 19 29 33 58 66 82 88 95 96 97 98","11:19 13:19 17:19 20:19 26:33 34:33 63:53 63:70 85:80 85:91 86:91 100:91 100:93 100:94 100:95 100:96 100:97"
"صورت خان","کیٹی قاسم",22,"20 22 25 26 30 31 33 37 38 58 59 60 61 80","17:24 20:24 21:24 26:24 26:26 34:26 34:27 34:28 34:29 34:32 34:40 35:40 37:40 63:53 63:54 63:55 63:56 63:57 63:58 63:59 85:75 85:76"
"صورت خان","گل شیر",10,"20 22 25 40 41 61 67 80","17:24 20:24 21:24 26:24 26:25 35:45 37:45 63:60 63:71 85:75"
"طاہرہ","غلام مصطفی",3,"196 197 198","198:195 198:197 198:198"
"طاہرہ","فرید",11,"193 194 195 196 197 198","198:188 198:189 198:190 198:191 198:192 198:193 198:194 198:195 198:196 198:197 198:199"
"طاہرہ","فرید کی ماں",9,"193 194 196 197 199","198:188 198:189 198:190 198:191 198:194 198:195 198:196 198:197 198:200"
"طاہرہ","ڈاکٹر ناصر",1,"201","198:204"
"طاہرہ","کلثوم",1,"198","198:198"
"عائشہ","غلام مصطفی",36,"62 63 64 67 69 70 76 77 79 82 83 84 85 86 87 90 93 95 96 97 101 102 108 109 110 112 114","63:61 63:62 63:63 64:63 64:64 70:64 70:65 70:69 70:71 81:71 81:73 81:77 81:78 81:83 82:83 83:83 86:83 86:84 86:86 87:86 87:87 93:87 93:88 93:93 97:93 97:96 97:97 98:97 98:105 99:105 100:105 111:105 111:108 111:109 111:114 114:114"
"عائشہ","فاطمہ (پڑوسن)",9,"97 99 100 106 115 116","93:101 97:101 98:101 99:101 100:101 111:101 111:102 111:119 114:119"
"عائشہ","فرید کی ماں",33,"59 62 63 64 67 70 76 77 79 80 82 83 84 85 87 90 95 97 98 99 102 107 111 112 114","63:56 63:61 63:62 63:63 64:63 64:64 70:64 70:71 81:71 81:73 81:77 81:78 81:79 81:83 82:83 83:83 86:83 86:84 86:85 86:88 87:88 93:88 93:97 97:97 98:97 98:99 99:99 100:99 100:104 111:104 111:111 114:111 114:114"
"عائشہ","فضل خان",7,"84 85 86 87 90 91","81:87 82:87 83:87 86:87 87:87 93:87 93:89"
"عائشہ","قاسم",2,"58 61","63:53 63:59"
"عائشہ","مراد (روشن کا بیٹا)",25,"58 59 60 61 97 99 100 106 107 108 109 110 111 113 114","63:53 63:54 63:55 63:56 63:57 63:58 63:59 93:101 97:101 98:101 99:101 100:101 111:101 111:102 111:103 111:104 111:105 111:106 111:107 111:108 111:109 111:110 111:112 114:112 114:114"
"عائشہ","مراد بابا",3,"58 60 61","63:54 63:57 63:59"
"عائشہ","مہربان",6,"98 100 101 107","93:103 97:103 98:103 99:103 100:103 111:103"
"عائشہ","نرگس بیٹی",14,"62 81 82 83 84 85 86 87 90 92","63:62 81:82 82:82 83:82 83:83 86:83 86:84 86:85 86:86 87:86 87:87 93:87 93:88 93:92"
"عائشہ","چاچا حلوائی",11,"98 100 101 107 108 109 114 115","93:103 97:103 98:103 99:103 100:103 111:103 111:104 111:106 111:107 111:117 114:117"
"عائشہ","کمال (صابر کا دوست)",19,"58 66 67 70 76 80 86 87 88 89 92 93 95 96 97","63:53 63:70 64:70 70:70 81:72 81:80 81:91 82:91 83:91 86:91 87:91 93:91 93:93 97:93 97:94 97:95 97:96 97:97 98:97"
"عائشہ","کیٹی قاسم",12,"58 59 60 61 69 72 77 78","63:53 63:54 63:55 63:56 63:57 63:58 63:59 64:74 70:74 81:74 81:75 81:76"
"عائشہ","گل شیر",8,"61 67 70 76 77 78","63:60 63:71 64:71 70:71 81:71 81:73 81:74 81:75"
"عارف","غلام مصطفی",47,"125 130 131 132 136 138 139 141 143 144 145 147 148 149 150 151 153 154 155 156 163 164 165 169 173 174 175 177 178 179","130:121 130:130 132:130 132:132 140:132 140:133 140:136 140:137 140:139 140:143 143:143 144:143 144:144 145:144 145:145 146:145 146:148 147:148 148:148 149:148 149:150 150:150 151:150 151:151 152:151 152:154 153:154 155:154 155:155 157:155 157:156 158:168 159:168 160:168 161:168 162:168 171:168 171:175 173:175 174:175 175:175 176:175 176:178 177:178 178:178 179:178 179:179"
"عارف","فرید",22,"160 161 162 163 168 169 170 171 172 177 178 179 180","155:165 157:165 158:165 159:165 160:165 161:165 162:165 171:165 171:166 171:167 171:168 171:169 171:170 171:172 173:172 173:181 174:181 175:181 176:181 177:181 178:181 179:181"
"عارف","فرید کی ماں",43,"133 134 138 145 146 147 148 149 150 151 152 154 155 156 158 159 160 162 167 168 169 170 171 172 175 176 177 178 183","130:136 132:136 140:136 140:150 143:150 144:150 145:150 146:150 147:150 148:150 149:150 150:150 151:150 151:151 152:151 152:152 153:152 153:156 155:156 157:156 157:160 158:160 159:160 160:160 161:160 161:163 162:163 171:163 171:166 171:167 171:168 171:169 171:170 171:172 173:172 173:178 174:178 175:178 176:178 177:178 178:178 179:178 179:188"
"عارف","فضل خان",46,"130 131 132 136 140 142 143 144 146 147 149 150 152 153 154 155 156 157 158 159 160 161 162 166 174 175 176 177 178 179","130:130 132:130 132:132 140:132 140:141 143:141 143:142 143:144 144:144 145:144 145:147 146:147 147:147 148:147 148:150 149:150 150:150 151:150 151:153 152:153 153:153 155:153 155:154 155:155 157:155 157:156 157:158 158:158 159:158 159:159 160:159 160:161 161:161 162:161 162:162 171:162 171:177 173:177 174:177 175:177 176:177 177:177 178:177 178:178 179:178 179:179"
"عارف","فیض",41,"135 136 140 141 142 145 146 147 150 151 152 153 154 155 156 157 158 159 161 162 166 174 175 176 177 178 179","130:140 132:140 140:140 143:140 143:141 143:142 143:147 144:147 145:147 146:147 147:147 148:147 148:153 149:153 150:153 151:153 152:153 153:153 155:153 155:155 157:155 157:156 157:158 158:158 159:158 159:159 160:159 160:162 161:162 162:162 171:162 171:177 173:177 174:177 175:177 176:177 177:177 178:177 178:178 179:178 179:179"
"عارف","مراد (روشن کا بیٹا)",19,"125 126 127 128 129 130 131 132 136 137 138 139","130:120 130:121 130:122 130:123 130:124 130:125 130:126 130:127 130:129 130:131 132:131 132:133 140:133 140:134 140:135 140:136 140:137 140:138 140:139"
"عارف","مریم فضل خان",60,"130 131 132 136 140 141 143 144 145 146 147 148 149 150 151 152 153 154 155 156 157 158 159 160 161 162 166 167 171 172 173 174 175 176 177 178 179","130:130 132:130 132:132 140:132 140:140 143:140 143:143 144:143 144:144 145:144 145:145 146:145 146:146 147:146 147:147 148:147 148:148 149:148 149:149 150:149 150:150 151:150 151:151 152:151 152:152 153:152 153:153 155:153 155:155 157:155 157:156 157:157 158:157 158:158 159:158 159:159 160:159 160:160 161:160 161:161 162:161 162:162 171:162 171:163 171:164 171:171 173:171 173:173 174:173 174:174 175:174 175:175 176:175 176:176 177:176 177:177 178:177 178:178 179:178 179:179"
"عارف","مہربان",27,"142 144 145 147 148 149 152 153 154 155 156 157 175 176 177 178 179","140:145 143:145 144:145 145:145 146:145 146:149 147:149 148:149 149:149 150:149 150:155 151:155 152:155 153:155 155:155 157:155 157:156 157:157 158:157 171:179 173:179 174:179 175:179 176:179 177:179 178:179 179:179"
"عارف","نذرا",14,"151 152 153 154 155 156 157 158","146:156 147:156 148:156 149:156 150:156 151:156 152:156 153:156 155:156 157:156 157:157 158:157 158:158 159:158"
"عارف","چاچا حلوائی",12,"125 126 127 128 130 131 132 136 137 139","130:120 130:121 130:122 130:123 130:124 130:127 130:131 132:131 132:133 140:133 140:134 140:139"
"عمران (انشورنس دفتر)","غلام مصطفی",4,"20 22 27 28","17:24 20:24 31:24 31:25"
"عمران (انشورنس دفتر)","قاسم",11,"9 14 16 20 22 27 29 30 31 33 37","12:6 12:16 17:16 17:24 20:24 31:24 31:27 31:29 31:32 34:32 34:40"
"عمران (انشورنس دفتر)","قاضی (پی اے تیمور)",8,"20 22 27 30 31 33 37","17:24 20:24 31:24 31:29 31:30 31:32 34:32 34:41"
"عمران (انشورنس دفتر)","مراد (روشن کا بیٹا)",9,"20 22 27 28 29 30 36 37","17:24 20:24 31:24 31:26 31:27 31:28 31:29 31:41 34:41"
"عمران (انشورنس دفتر)","مراد بابا",7,"20 22 27 28 29 30 39","17:24 20:24 31:24 31:26 31:28 31:29 34:44"
"عمران (انشورنس دفتر)","مریم فضل خان",1,"8","12:5"
"عمران (انشورنس دفتر)","منیجر",5,"12 14 17 18 19","12:12 17:12 17:17 20:17 20:18"
"عمران (انشورنس دفتر)","مورت خان",21,"7 8 9 10 11 13 15 16 17 18 19 21 26 27 32 34","12:3 12:4 12:5 12:6 12:7 12:8 12:9 12:10 12:11 12:14 17:14 17:15 17:16 17:17 20:17 20:18 20:22 31:22 31:23 31:34 34:34"
"عمران (انشورنس دفتر)","میاں ریاض",2,"32 34","31:34 34:34"
"عمران (انشورنس دفتر)","نسرین حیات",2,"34 36","31:38 34:38"
"عمران (انشورنس دفتر)","پیر خان",4,"21 22 28 39","17:25 20:25 31:25 34:44"
"عمران (انشورنس دفتر)","کریم",6,"8 9 13 15 16","12:4 12:5 12:6 12:14 17:14 17:16"
"عمران (انشورنس دفتر)","کمال (صابر کا دوست)",5,"15 18 19 32 33","12:19 17:19 20:19 31:33 34:33"
"عمران (انشورنس دفتر)","کیٹی قاسم",10,"20 22 27 28 29 30 31 33 37","17:24 20:24 31:24 31:26 31:27 31:28 31:29 31:32 34:32 34:40"
"عمران (انشورنس دفتر)","گل شیر",4,"20 22 27 28","17:24 20:24 31:24 31:25"
"غلام مصطفی","فاطمہ (پڑوسن)",10,"97 98 99 103 114 116 118 119 120","93:101 96:101 97:101 105:101 105:102 109:119 114:119 117:119 119:119 121:119"
"غلام مصطفی","فرید",40,"160 166 167 168 171 172 173 178 179 180 182 183 185 186 190 191 192 193 194 195 196 197 198 199 200 201 202","155:165 156:165 168:165 168:166 168:167 168:168 175:168 175:169 175:170 175:172 175:181 178:181 179:181 184:181 184:182 184:183 184:186 185:186 186:186 195:186 195:187 195:188 195:189 195:190 195:191 195:192 195:193 195:194 195:195 197:195 197:196 197:197 198:197 198:199 199:199 201:199 201:200 201:201 202:201 202:202"
"غلام مصطفی","فرید کی ماں",91,"58 61 62 63 64 68 70 71 72 73 75 77 78 80 81 83 84 85 87 88 90 95 96 97 101 102 104 108 109 110 112 114 115 117 118 133 134 136 146 147 149 150 151 152 153 155 156 164 165 167 168 171 172 173 176 178 183 186 187 191 192 193 194 195 196 197 199 200 201 202","61:56 61:61 62:61 62:62 63:62 63:63 64:63 64:64 65:64 65:71 69:71 71:71 73:71 73:73 77:73 77:77 78:77 78:78 83:78 83:79 83:83 84:83 84:84 86:84 86:85 86:88 87:88 88:88 93:88 93:97 96:97 97:97 105:97 105:99 105:104 105:111 108:111 109:111 114:111 114:114 117:114 117:118 119:118 130:136 132:136 133:136 136:136 137:136 143:150 144:150 145:150 148:150 150:150 151:150 151:151 154:151 154:152 154:156 155:156 156:156 168:160 168:163 168:166 168:167 168:168 175:168 175:169 175:170 175:172 175:178 178:178 179:178 179:188 184:188 185:188 186:188 195:188 195:189 195:190 195:191 195:194 195:195 197:195 197:196 197:197 198:197 198:200 199:200 201:200 201:202 202:202"
"غلام مصطفی","فضل خان",46,"82 85 86 87 88 91 125 130 131 132 137 138 139 140 142 143 144 146 147 149 150 152 153 154 155 156 163 164 165 172 176 177 178 179 181","77:87 78:87 83:87 84:87 86:87 87:87 88:87 88:89 93:89 121:130 130:130 132:130 132:132 133:132 133:141 136:141 137:141 139:141 143:141 143:142 143:144 144:144 145:144 145:147 148:147 148:150 150:150 151:150 151:153 154:153 154:154 155:154 155:155 156:155 156:156 168:158 168:159 168:161 168:162 168:177 175:177 178:177 178:178 179:178 179:179 184:179"
"غلام مصطفی","فیض",31,"135 136 138 139 141 142 145 146 147 150 151 152 153 154 155 156 163 165 172 176 177 178 179 181","130:140 132:140 133:140 136:140 137:140 139:140 143:140 143:141 143:142 143:147 144:147 145:147 148:147 148:153 150:153 151:153 154:153 154:155 155:155 156:155 156:156 168:158 168:159 168:162 168:177 175:177 178:177 178:178 179:178 179:179 184:179"
"غلام مصطفی","قاسم",7,"20 24 26 56 57 60","24:16 24:24 25:24 25:27 61:51 61:53 61:59"
"غلام مصطفی","قاضی (پی اے تیمور)",3,"24 27","24:24 25:24 25:29"
"غلام مصطفی","مراد (روشن کا بیٹا)",56,"24 25 56 57 58 59 60 97 98 99 103 104 105 106 107 108 109 111 112 113 114 115 118 119 120 121 125 126 127 128 129 130 131 132 133 134 135 136 137 138 139 141","24:24 25:24 25:26 61:51 61:53 61:54 61:55 61:56 61:57 61:58 61:59 93:101 96:101 97:101 105:101 105:102 105:103 105:104 105:105 108:105 108:106 108:107 108:108 109:108 109:109 114:109 114:110 114:112 114:114 117:114 117:120 119:120 121:120 121:121 130:121 130:122 130:123 130:124 130:125 130:126 130:127 130:129 130:131 132:131 132:133 133:133 136:133 136:134 136:135 136:136 137:136 137:137 139:137 139:138 139:139 143:139"
"غلام مصطفی","مراد بابا",7,"24 25 56 57 59 60","24:24 25:24 25:26 61:51 61:54 61:57 61:59"
"غلام مصطفی","مریم فضل خان",50,"125 130 131 132 136 138 139 141 143 144 145 146 147 148 149 150 151 152 153 154 155 156 163 164 165 166 169 173 174 175 176 177 178 179 181","121:130 130:130 132:130 132:132 133:132 133:140 136:140 137:140 139:140 143:140 143:143 144:143 144:144 145:144 145:145 148:145 148:146 148:147 148:148 150:148 150:149 150:150 151:150 151:151 154:151 154:152 154:153 154:155 155:155 156:155 156:156 168:158 168:159 168:160 168:161 168:162 168:163 168:164 168:171 175:171 175:173 175:174 175:175 178:175 178:176 178:177 178:178 179:178 179:179 184:179"
"غلام مصطفی","منیجر",2,"20 21","24:17 24:18"
"غلام مصطفی","مورت خان",12,"19 20 21 23 29 204 205","24:14 24:15 24:16 24:17 24:18 24:22 24:23 24:34 25:34 199:209 201:209 202:209"
"غلام مصطفی","مہربان",23,"98 99 100 104 140 141 142 144 145 146 148 149 152 153 154 155 156 177 178 179 181","93:103 96:103 97:103 105:103 136:145 137:145 139:145 143:145 144:145 145:145 148:145 148:149 150:149 150:155 151:155 154:155 155:155 156:155 156:156 175:179 178:179 179:179 184:179"
"غلام مصطفی","میاں ریاض",2,"29","24:34 25:34"
"غلام مصطفی","نذرا",7,"152 153 155 156 163","148:156 150:156 151:156 154:156 155:156 156:156 168:158"
"غلام مصطفی","نرگس بیٹی",19,"61 62 77 79 80 82 83 84 85 86 87 88 90 92","61:62 62:62 63:62 73:82 77:82 78:82 83:82 83:83 84:83 84:84 86:84 86:85 86:86 87:86 87:87 88:87 88:88 93:88 93:92"
"غلام مصطفی","پیر خان",2,"24 25","24:25 25:25"
"غلام مصطفی","چاچا حلوائی",31,"98 99 100 104 105 107 112 113 115 117 118 119 120 121 125 126 127 128 130 131 132 133 134 135 137 138 139 141","93:103 96:103 97:103 105:103 105:104 105:106 108:106 108:107 108:117 109:117 114:117 117:117 119:117 119:120 121:120 121:121 130:121 130:122 130:123 130:124 130:127 130:131 132:131 132:133 133:133 136:133 136:134 136:139 137:139 139:139 143:139"
"غلام مصطفی","ڈاکٹر ناصر",6,"199 200 201 202 203","195:204 197:204 198:204 199:204 201:204 202:204"
"غلام مصطفی","کریم",2,"19 20","24:14 24:16"
"غلام مصطفی","کلثوم",4,"196 197 198","195:198 197:198 198:198 199:198"
"غلام مصطفی","کمال (صابر کا دوست)",31,"21 28 29 57 65 66 67 69 70 71 72 76 78 79 81 87 88 89 92 93 94 95 96 97 101","24:19 24:33 25:33 61:53 61:70 62:70 63:70 64:70 65:70 69:70 71:70 71:72 73:72 73:80 77:80 78:80 83:80 83:91 84:91 86:91 87:91 88:91 93:91 93:93 96:93 96:94 96:95 96:96 97:96 97:97 105:97"
"غلام مصطفی","کیٹی قاسم",19,"24 25 56 57 58 59 60 69 71 72 73 75 76","24:24 25:24 25:26 61:51 61:53 61:54 61:55 61:56 61:57 61:58 61:59 64:74 65:74 69:74 71:74 73:74 77:74 77:75 77:76"
"غلام مصطفی","گل شیر",17,"24 25 56 60 66 67 68 70 71 72 73 75 76","24:24 25:24 25:25 61:52 61:60 61:71 62:71 63:71 64:71 65:71 69:71 71:71 73:71 73:73 77:73 77:74 77:75"
"فاطمہ (پڑوسن)","فرید کی ماں",7,"99 100 102 103 115 116 118","101:97 101:99 101:104 102:104 119:111 119:114 119:118"
"فاطمہ (پڑوسن)","مراد (روشن کا بیٹا)",8,"101 102 114 115 116 119","101:101 102:101 102:102 119:109 119:110 119:112 119:114 119:120"
"فاطمہ (پڑوسن)","مہربان",2,"102","101:103 102:103"
"فاطمہ (پڑوسن)","نرگس بیٹی",1,"96","101:92"
"فاطمہ (پڑوسن)","چاچا حلوائی",4,"102 118 119","101:103 102:103 119:117 119:120"
"فاطمہ (پڑوسن)","کمال (صابر کا دوست)",6,"96 97 98 99","101:91 101:93 101:94 101:95 101:96 101:97"
"فرید","فرید کی ماں",51,"160 162 164 165 166 167 168 169 170 171 172 176 179 184 185 187 188 189 190 191 193 194 195 196 197 198 199 200 201 202 204 205 206","165:156 165:160 165:163 165:166 166:166 167:166 167:167 168:167 168:168 169:168 169:169 170:169 170:170 172:170 172:172 181:172 181:178 181:188 182:188 183:188 186:188 187:188 188:188 189:188 189:189 190:189 190:190 191:190 191:191 192:191 192:194 193:194 194:194 195:194 195:195 196:195 196:196 197:196 197:197 199:197 199:200 200:200 201:200 201:202 202:202 203:202 203:205 205:205 206:205 206:206 207:206"
"فرید","فضل خان",14,"160 161 162 163 172 173 174 179 180","165:155 165:156 165:158 165:159 165:161 165:162 167:177 168:177 169:177 170:177 172:177 181:177 181:178 181:179"
"فرید","فیض",13,"160 161 162 163 172 173 174 179 180","165:155 165:156 165:158 165:159 165:162 167:177 168:177 169:177 170:177 172:177 181:177 181:178 181:179"
"فرید","مریم فضل خان",25,"160 161 162 163 164 168 169 170 171 172 177 178 179 180","165:155 165:156 165:157 165:158 165:159 165:160 165:161 165:162 165:163 165:164 165:171 166:171 167:171 168:171 169:171 170:171 172:171 172:173 181:173 181:174 181:175 181:176 181:177 181:178 181:179"
"فرید","مورت خان",9,"204 205 206 207 208 209","199:209 200:209 201:209 202:209 203:209 205:209 206:209 207:209 209:209"
"فرید","مہربان",7,"160 161 174 175 180","165:155 165:156 165:157 169:179 170:179 172:179 181:179"
"فرید","نذرا",3,"160 161","165:156 165:157 165:158"
"فرید","ڈاکٹر ناصر",14,"199 200 201 202 203 204 206 207 208","194:204 195:204 196:204 197:204 199:204 200:204 201:204 202:204 203:204 205:204 205:208 206:208 207:208 209:208"
"فرید","کلثوم",11,"193 194 195 196 197 198","188:198 189:198 190:198 191:198 192:198 193:198 194:198 195:198 196:198 197:198 199:198"
"فرید کی ماں","فضل خان",39,"82 83 85 86 87 88 93 133 134 138 145 146 147 148 150 152 154 155 156 158 159 160 162 172 173 174 177 178 183","77:87 78:87 79:87 83:87 84:87 85:87 88:87 88:89 97:89 136:130 136:132 136:141 150:141 150:142 150:144 150:147 150:150 151:150 151:153 152:153 156:153 156:154 156:155 156:156 160:156 160:158 160:159 160:161 163:161 163:162 167:177 168:177 169:177 170:177 172:177 178:177 178:178 188:178 188:179"
"فرید کی ماں","فیض",25,"138 145 146 148 151 152 154 155 156 158 159 161 162 172 173 174 177 178 183","136:140 150:140 150:141 150:142 150:147 150:153 151:153 152:153 156:153 156:155 156:156 160:156 160:158 160:159 160:162 163:162 167:177 168:177 169:177 170:177 172:177 178:177 178:178 188:178 188:179"
"فرید کی ماں","قاسم",6,"51 53 54 57 60","56:46 56:47 56:51 56:53 56:59 61:59"
"فرید کی ماں","قاضی (پی اے تیمور)",4,"51 52","56:46 56:47 56:48 56:49"
"فرید کی ماں","مراد (روشن کا بیٹا)",36,"52 53 54 55 56 58 59 60 99 100 102 103 104 107 108 109 110 111 113 114 116 119 131 132 133 134 135 136","56:48 56:51 56:53 56:54 56:55 56:56 61:56 61:57 61:58 61:59 97:101 99:101 104:101 104:102 104:103 104:104 111:104 111:105 111:106 111:107 111:108 111:109 111:110 111:112 114:112 114:114 118:114 118:120 136:126 136:127 136:129 136:131 136:133 136:134 136:135 136:136"
"فرید کی ماں","مراد بابا",5,"53 55 56 59 60","56:51 56:54 56:57 61:57 61:59"
"فرید کی ماں","مریم فضل خان",46,"133 134 138 145 146 147 148 149 150 151 152 154 155 156 158 159 160 161 162 163 164 165 168 169 170 171 172 175 176 177 178 183","136:130 136:132 136:140 150:140 150:143 150:144 150:145 150:146 150:147 150:148 150:149 150:150 151:150 151:151 152:151 152:152 156:152 156:153 156:155 156:156 160:156 160:157 160:158 160:159 160:160 163:160 163:161 163:162 163:163 166:163 166:164 166:171 167:171 168:171 169:171 170:171 172:171 172:173 178:173 178:174 178:175 178:176 178:177 178:178 188:178 188:179"
"فرید کی ماں","مورت خان",4,"204 205 207","200:209 202:209 205:209 206:209"
"فرید کی ماں","مہربان",18,"100 101 103 140 147 149 152 153 155 156 158 174 175 178 183","97:103 99:103 104:103 136:145 150:145 150:149 150:155 151:155 152:155 156:155 156:156 160:156 160:157 169:179 170:179 172:179 178:179 188:179"
"فرید کی ماں","نذرا",7,"153 154 156 158 159","150:156 151:156 152:156 156:156 160:156 160:157 160:158"
"فرید کی ماں","نرگس بیٹی",20,"59 61 62 77 79 80 82 83 84 85 86 87 88 92 94","56:62 61:62 62:62 63:62 73:82 77:82 78:82 79:82 83:82 83:83 84:83 84:84 85:84 85:85 88:85 88:86 88:87 88:88 97:88 97:92"
"فرید کی ماں","پیر خان",3,"51 52","56:47 56:48 56:49"
"فرید کی ماں","چاچا حلوائی",16,"100 101 103 104 107 108 109 114 115 117 119 131 133 134 135 137","97:103 99:103 104:103 104:104 111:104 111:106 111:107 111:117 114:117 118:117 118:120 136:127 136:131 136:133 136:134 136:139"
"فرید کی ماں","ڈاکٹر ناصر",9,"199 200 202 203 204 206 207","194:204 195:204 196:204 197:204 200:204 202:204 205:204 205:208 206:208"
"فرید کی ماں","کلثوم",9,"193 194 196 197 199","188:198 189:198 190:198 191:198 194:198 195:198 196:198 197:198 200:198"
"فرید کی ماں","کمال (صابر کا دوست)",24,"54 65 66 67 70 71 72 76 78 79 81 87 88 89 94 95 96 97 98","56:53 61:70 62:70 63:70 64:70 71:70 71:72 73:72 73:80 77:80 78:80 79:80 83:80 83:91 84:91 85:91 88:91 97:91 97:93 97:94 97:95 97:96 97:97 99:97"
"فرید کی ماں","کیٹی قاسم",19,"51 52 53 54 55 56 58 59 60 69 72 73 75 76","56:46 56:47 56:49 56:50 56:51 56:53 56:54 56:55 56:56 61:56 61:57 61:58 61:59 64:74 71:74 73:74 77:74 77:75 77:76"
"فرید کی ماں","گل شیر",16,"51 52 53 54 58 60 66 67 71 72 73 75 76","56:46 56:49 56:50 56:52 56:60 61:60 61:71 62:71 63:71 64:71 71:71 73:71 73:73 77:73 77:74 77:75"
"فضل خان","فیض",29,"135 136 140 141 142 143 145 147 148 151 153 154 155 156 157 158 159 160 161 162 177 178 179","130:140 132:140 141:140 141:141 142:141 142:142 144:142 144:147 147:147 150:147 150:153 153:153 154:153 154:155 155:155 156:155 156:156 158:156 158:158 159:158 159:159 161:159 161:162 162:162 177:177 178:177 178:178 179:178 179:179"
"فضل خان","مراد (روشن کا بیٹا)",19,"125 126 127 128 129 130 131 132 137 138 139 140","130:120 130:121 130:122 130:123 130:124 130:125 130:126 130:127 130:129 130:131 132:131 132:133 141:133 141:134 141:135 141:136 141:137 141:138 141:139"
"فضل خان","مریم فضل خان",46,"130 131 132 136 140 142 143 144 145 146 147 148 149 150 151 152 153 154 155 156 157 158 159 160 161 162 174 175 176 177 178 179","130:130 132:130 132:132 141:132 141:140 141:143 142:143 144:143 144:144 147:144 147:145 147:146 147:147 150:147 150:148 150:149 150:150 153:150 153:151 153:152 153:153 154:153 154:155 155:155 156:155 156:156 158:156 158:157 158:158 159:158 159:159 161:159 161:160 161:161 162:161 162:162 177:171 177:173 177:174 177:175 177:176 177:177 178:177 178:178 179:178 179:179"
"فضل خان","مہربان",17,"143 144 146 148 149 152 154 155 156 157 178 179","141:145 142:145 144:145 147:145 147:149 150:149 150:155 153:155 154:155 155:155 156:155 156:156 158:156 158:157 177:179 178:179 179:179"
"فضل خان","نذرا",10,"151 153 154 155 156 157 158","147:156 150:156 153:156 154:156 155:156 156:156 158:156 158:157 158:158 159:158"
"فضل خان","نرگس بیٹی",9,"84 85 86 87 88 90","87:82 87:83 87:84 87:85 87:86 87:87 89:87 89:88 89:92"
"فضل خان","چاچا حلوائی",12,"125 126 127 128 130 131 132 137 140","130:120 130:121 130:122 130:123 130:124 130:127 130:131 132:131 132:133 141:133 141:134 141:139"
"فضل خان","کمال (صابر کا دوست)",3,"83 89 90","87:80 87:91 89:91"
"فیض","مراد (روشن کا بیٹا)",8,"135 136 137 138 139","140:131 140:133 140:134 140:135 140:136 140:137 140:138 140:139"
"فیض","مریم فضل خان",41,"135 136 140 142 145 146 147 150 151 152 153 154 155 156 157 158 159 160 161 162 174 175 176 177 178 179","140:130 140:132 140:140 141:140 141:143 142:143 147:143 147:144 147:145 147:146 147:147 153:147 153:148 153:149 153:150 153:151 153:152 153:153 155:153 155:155 156:155 156:156 158:156 158:157 158:158 159:158 159:159 162:159 162:160 162:161 162:162 177:171 177:173 177:174 177:175 177:176 177:177 178:177 178:178 179:178 179:179"
"فیض","مہربان",15,"142 143 146 148 151 154 155 156 157 178 179","140:145 141:145 142:145 147:145 147:149 153:149 153:155 155:155 156:155 156:156 158:156 158:157 177:179 178:179 179:179"
"فیض","نذرا",8,"151 154 155 156 157 158","147:156 153:156 155:156 156:156 158:156 158:157 158:158 159:158"
"فیض","چاچا حلوائی",4,"135 136 137 139","140:131 140:133 140:134 140:139"
"قاسم","قاضی (پی اے تیمور)",21,"20 24 25 28 29 30 31 32 36 40 41 43 44 45 46 47 49 50","16:24 24:24 27:24 27:29 29:29 32:29 32:30 32:32 40:32 40:41 41:41 45:41 45:43 45:44 45:46 46:46 47:46 47:47 51:47 51:48 51:49"
"قاسم","مراد (روشن کا بیٹا)",29,"20 24 25 26 27 28 29 30 36 40 41 43 44 46 47 49 51 52 53 56 57 58 59","16:24 24:24 27:24 27:26 27:27 29:27 29:28 29:29 32:29 32:41 40:41 41:41 45:41 45:43 45:44 45:48 46:48 47:48 51:48 51:51 53:51 53:53 59:53 59:54 59:55 59:56 59:57 59:58 59:59"
"قاسم","مراد بابا",20,"20 24 25 26 27 28 29 30 42 44 48 49 51 52 53 56 58 59","16:24 24:24 27:24 27:26 27:28 29:28 29:29 32:29 40:44 41:44 45:44 45:51 46:51 47:51 51:51 53:51 53:54 59:54 59:57 59:59"
"قاسم","مریم فضل خان",2,"3 5","1:5 6:5"
"قاسم","منیجر",5,"9 14 16 20 21","6:12 16:12 16:17 24:17 24:18"
"قاسم","مورت خان",29,"2 4 5 6 11 12 13 15 16 20 21 23 29 30 31 33 37 38 39","1:3 6:3 6:4 6:5 6:6 16:6 16:7 16:8 16:9 16:10 16:11 16:14 16:15 16:16 24:16 24:17 24:18 24:22 24:23 24:34 27:34 29:34 32:34 40:34 40:35 40:36 40:37 40:38 40:39"
"قاسم","میاں ریاض",6,"29 30 31 33 37 38","24:34 27:34 29:34 32:34 40:34 40:36"
"قاسم","نرگس بیٹی",2,"57 60","53:62 59:62"
"قاسم","نسرین حیات",3,"33 35 39","29:38 32:38 40:38"
"قاسم","پیر خان",12,"20 24 26 42 44 46 47 49 50","16:25 24:25 27:25 40:44 41:44 45:44 45:47 46:47 47:47 51:47 51:48 51:49"
"قاسم","کریم",8,"2 5 6 11 15 16 20","1:4 6:4 6:5 6:6 16:6 16:14 16:16 24:16"
"قاسم","کمال (صابر کا دوست)",13,"17 21 28 30 31 32 36 49 50 52 53 56","16:19 24:19 24:33 27:33 29:33 32:33 40:33 45:53 46:53 47:53 51:53 53:53 59:53"
"قاسم","کیٹی قاسم",36,"20 24 25 26 27 28 29 30 32 36 40 41 43 44 45 46 47 49 50 51 52 53 56 57 58 59","16:24 24:24 27:24 27:26 27:27 29:27 29:28 29:29 32:29 32:32 40:32 40:40 41:40 41:41 45:41 45:42 45:43 45:44 45:45 46:45 46:46 47:46 47:47 51:47 51:49 51:50 51:51 53:51 53:53 59:53 59:54 59:55 59:56 59:57 59:58 59:59"
"قاسم","گل شیر",17,"20 24 25 26 42 43 45 46 48 50 51 52 56 59","16:24 24:24 27:24 27:25 40:45 41:45 45:45 46:45 46:46 47:46 47:49 51:49 51:50 51:52 53:52 53:60 59:60"
"قاضی (پی اے تیمور)","مراد (روشن کا بیٹا)",19,"24 26 27 28 29 36 41 42 43 44 45 47 48 50","24:24 29:24 29:26 29:27 29:28 29:29 30:29 32:41 41:41 43:41 43:43 44:43 44:44 46:44 46:48 47:48 48:48 49:48 49:51"
"قاضی (پی اے تیمور)","مراد بابا",14,"24 26 27 28 29 42 43 44 45 48 49 50","24:24 29:24 29:26 29:28 29:29 30:29 41:44 43:44 44:44 46:44 46:51 47:51 48:51 49:51"
"قاضی (پی اے تیمور)","منیجر",2,"20 21","24:17 24:18"
"قاضی (پی اے تیمور)","مورت خان",17,"19 20 21 23 29 31 32 33 37 38 39 40","24:14 24:15 24:16 24:17 24:18 24:22 24:23 24:34 29:34 30:34 32:34 41:34 41:35 41:36 41:37 41:38 41:39"
"قاضی (پی اے تیمور)","میاں ریاض",6,"29 31 32 33 37 38","24:34 29:34 30:34 32:34 41:34 41:36"
"قاضی (پی اے تیمور)","نسرین حیات",4,"33 34 35 39","29:38 30:38 32:38 41:38"
"قاضی (پی اے تیمور)","پیر خان",12,"24 27 42 43 44 45 46 47 48 49","24:25 29:25 41:44 43:44 44:44 46:44 46:47 47:47 48:47 48:48 49:48 49:49"
"قاضی (پی اے تیمور)","کریم",2,"19 20","24:14 24:16"
"قاضی (پی اے تیمور)","کمال (صابر کا دوست)",12,"21 28 31 32 37 48 49 50 51","24:19 24:33 29:33 30:33 32:33 41:33 43:53 44:53 46:53 47:53 48:53 49:53"
"قاضی (پی اے تیمور)","کیٹی قاسم",25,"24 26 27 28 29 31 32 36 40 41 42 43 44 45 46 47 48 49","24:24 29:24 29:26 29:27 29:28 29:29 30:29 30:32 32:32 41:32 41:40 41:41 43:41 43:42 43:43 44:43 44:44 46:44 46:45 46:46 47:46 47:47 48:47 48:49 49:49"
"قاضی (پی اے تیمور)","گل شیر",12,"24 26 27 43 44 45 46 48 49","24:24 29:24 29:25 41:45 43:45 44:45 46:45 46:46 47:46 47:49 48:49 49:49"
"مراد (روشن کا بیٹا)","مراد بابا",24,"24 25 26 27 28 29 42 43 44 46 49 51 52 53 54 56 57 58 59","24:24 26:24 26:26 27:26 27:28 28:28 29:28 29:29 41:44 43:44 44:44 48:44 48:51 51:51 53:51 53:54 54:54 55:54 55:57 56:57 57:57 58:57 58:59 59:59"
"مراد (روشن کا بیٹا)","مریم فضل خان",19,"125 126 127 128 129 130 131 132 136 137 138 139","120:130 121:130 122:130 123:130 124:130 125:130 126:130 127:130 129:130 131:130 131:132 133:132 133:140 134:140 135:140 136:140 137:140 138:140 139:140"
"مراد (روشن کا بیٹا)","منیجر",2,"20 21","24:17 24:18"
"مراد (روشن کا بیٹا)","مورت خان",18,"19 20 21 23 29 30 31 37 38 39 40","24:14 24:15 24:16 24:17 24:18 24:22 24:23 24:34 26:34 27:34 28:34 29:34 41:34 41:35 41:36 41:37 41:38 41:39"
"مراد (روشن کا بیٹا)","مہربان",9,"102 103 140 141 142","101:103 102:103 103:103 104:103 135:145 136:145 137:145 138:145 139:145"
"مراد (روشن کا بیٹا)","میاں ریاض",7,"29 30 31 37 38","24:34 26:34 27:34 28:34 29:34 41:34 41:36"
"مراد (روشن کا بیٹا)","نرگس بیٹی",8,"57 58 59 60 96","53:62 54:62 55:62 56:62 57:62 58:62 59:62 101:92"
"مراد (روشن کا بیٹا)","نسرین حیات",3,"33 39","28:38 29:38 41:38"
"مراد (روشن کا بیٹا)","پیر خان",10,"24 25 42 43 44 46 47 48 49 50","24:25 26:25 41:44 43:44 44:44 48:44 48:47 48:48 51:48 51:49"
"مراد (روشن کا بیٹا)","چاچا حلوائی",43,"102 103 104 105 106 107 112 113 114 115 118 120 121 122 123 124 126 127 128 130 131 132 133 134 137 138 139","101:103 102:103 103:103 104:103 104:104 105:104 105:106 106:106 107:106 107:107 108:107 108:117 109:117 110:117 112:117 114:117 120:117 120:120 121:120 121:121 122:121 122:122 123:122 123:123 124:123 124:124 125:124 125:127 126:127 127:127 129:127 129:131 131:131 133:131 133:133 134:133 134:134 135:134 135:139 136:139 137:139 138:139 139:139"
"مراد (روشن کا بیٹا)","کریم",2,"19 20","24:14 24:16"
"مراد (روشن کا بیٹا)","کمال (صابر کا دوست)",19,"21 28 29 30 31 37 48 50 52 53 96 97 98 99","24:19 24:33 26:33 27:33 28:33 29:33 41:33 43:53 44:53 48:53 51:53 53:53 54:53 101:91 101:93 101:94 101:95 101:96 101:97"
"مراد (روشن کا بیٹا)","کیٹی قاسم",39,"24 25 26 27 28 29 36 40 41 42 43 44 46 47 48 50 51 52 53 54 55 56 57 58 59","24:24 26:24 26:26 27:26 27:27 28:27 28:28 29:28 29:29 41:32 41:40 41:41 43:41 43:42 43:43 44:43 44:44 48:44 48:45 48:46 48:47 48:49 51:49 51:50 51:51 53:51 53:53 54:53 54:54 55:54 55:55 56:55 56:56 57:56 57:57 58:57 58:58 59:58 59:59"
"مراد (روشن کا بیٹا)","گل شیر",20,"24 25 43 44 46 47 48 50 51 52 56 57 58 59","24:24 26:24 26:25 41:45 43:45 44:45 48:45 48:46 48:49 51:49 51:50 51:52 53:52 53:60 54:60 55:60 56:60 57:60 58:60 59:60"
"مراد بابا","منیجر",2,"20 21","24:17 24:18"
"مراد بابا","مورت خان",17,"19 20 21 23 29 30 31 39 40 41","24:14 24:15 24:16 24:17 24:18 24:22 24:23 24:34 26:34 28:34 29:34 44:34 44:35 44:36 44:37 44:38 44:39"
"مراد بابا","میاں ریاض",6,"29 30 31 39 40","24:34 26:34 28:34 29:34 44:34 44:36"
"مراد بابا","نرگس بیٹی",3,"58 59 60","54:62 57:62 59:62"
"مراد بابا","نسرین حیات",3,"33 41","28:38 29:38 44:38"
"مراد بابا","پیر خان",7,"24 25 44 47 49 50","24:25 26:25 44:44 51:44 51:47 51:48 51:49"
"مراد بابا","کریم",2,"19 20","24:14 24:16"
"مراد بابا","کمال (صابر کا دوست)",8,"21 28 29 30 31 48 52 53","24:19 24:33 26:33 28:33 29:33 44:53 51:53 54:53"
"مراد بابا","کیٹی قاسم",30,"24 25 26 27 28 29 42 43 44 47 48 49 50 51 52 53 54 55 56 57 58 59","24:24 26:24 26:26 28:26 28:27 28:28 29:28 29:29 44:40 44:41 44:42 44:43 44:44 51:44 51:45 51:46 51:47 51:49 51:50 51:51 54:51 54:53 54:54 57:54 57:55 57:56 57:57 59:57 59:58 59:59"
"مراد بابا","گل شیر",13,"24 25 44 48 50 51 53 57 58 59","24:24 26:24 26:25 44:45 51:45 51:46 51:49 51:50 51:52 54:52 54:60 57:60 59:60"
"مریم فضل خان","منیجر",1,"8","5:12"
"مریم فضل خان","مورت خان",3,"4 5","5:3 5:4 5:5"
"مریم فضل خان","مہربان",28,"142 144 145 147 148 149 152 153 154 155 156 157 175 176 177 178 179","140:145 143:145 144:145 145:145 146:145 146:149 147:149 148:149 149:149 150:149 150:155 151:155 152:155 153:155 155:155 156:155 156:156 157:156 157:157 158:157 171:179 173:179 174:179 175:179 176:179 177:179 178:179 179:179"
"مریم فضل خان","نذرا",15,"151 152 153 154 155 156 157 158","146:156 147:156 148:156 149:156 150:156 151:156 152:156 153:156 155:156 156:156 157:156 157:157 158:157 158:158 159:158"
"مریم فضل خان","چاچا حلوائی",12,"125 126 127 128 130 131 132 136 137 139","130:120 130:121 130:122 130:123 130:124 130:127 130:131 132:131 132:133 140:133 140:134 140:139"
"مریم فضل خان","کریم",2,"4 5","5:4 5:5"
"منیجر","مورت خان",16,"7 8 9 10 11 13 15 16 17 18","12:3 12:4 12:5 12:6 12:7 12:8 12:9 12:10 12:11 12:14 17:14 17:15 17:16 17:17 18:17 18:18"
"منیجر","پیر خان",2,"21","17:25 18:25"
"منیجر","کریم",6,"8 9 13 15 16","12:4 12:5 12:6 12:14 17:14 17:16"
"منیجر","کمال (صابر کا دوست)",3,"15 18","12:19 17:19 18:19"
"منیجر","کیٹی قاسم",2,"20 21","17:24 18:24"
"منیجر","گل شیر",2,"20 21","17:24 18:24"
"مورت خان","میاں ریاض",5,"34 35 36","34:34 35:34 35:36 36:36 37:36"
"مورت خان","نسرین حیات",6,"36 37 38","34:38 35:38 36:38 37:38 38:38 39:38"
"مورت خان","پیر خان",13,"20 21 23 24 29 39 40 41","15:25 16:25 17:25 18:25 22:25 23:25 34:25 34:44 35:44 36:44 37:44 38:44 39:44"
"مورت خان","ڈاکٹر ناصر",2,"206 208","209:204 209:208"
"مورت خان","کریم",17,"3 4 5 6 10 11 12 14 15 16","3:4 4:4 5:4 5:5 6:5 6:6 7:6 7:14 8:14 9:14 10:14 11:14 14:14 15:14 15:16 16:16 17:16"
"مورت خان","کمال (صابر کا دوست)",11,"14 15 16 17 18 20 28 33","9:19 10:19 11:19 14:19 15:19 16:19 17:19 18:19 22:19 23:33 34:33"
"مورت خان","کیٹی قاسم",19,"19 20 21 23 29 30 31 33 37 38 39","14:24 15:24 16:24 17:24 18:24 22:24 23:24 34:24 34:26 34:27 34:28 34:29 34:32 34:40 35:40 36:40 37:40 38:40 39:40"
"مورت خان","گل شیر",14,"19 20 21 23 29 40 41 42","14:24 15:24 16:24 17:24 18:24 22:24 23:24 34:24 34:25 35:45 36:45 37:45 38:45 39:45"
"مہربان","نذرا",5,"152 155 156 157","149:156 155:156 156:156 157:156 157:157"
"مہربان","چاچا حلوائی",2,"103 142","103:103 145:139"
"مہربان","کمال (صابر کا دوست)",5,"98 99 100","103:93 103:94 103:95 103:96 103:97"
"میاں ریاض","نسرین حیات",2,"36 37","34:38 36:38"
"میاں ریاض","پیر خان",3,"29 39 40","34:25 34:44 36:44"
"میاں ریاض","کمال (صابر کا دوست)",1,"33","34:33"
"میاں ریاض","کیٹی قاسم",8,"29 30 31 33 37 38","34:24 34:26 34:27 34:28 34:29 34:32 34:40 36:40"
"میاں ریاض","گل شیر",3,"29 40","34:24 34:25 36:45"
"نرگس بیٹی","کمال (صابر کا دوست)",13,"57 66 77 81 86 87 88 89 91 92","62:53 62:70 82:72 82:80 82:91 83:91 84:91 85:91 86:91 87:91 88:91 92:91 92:93"
"نرگس بیٹی","کیٹی قاسم",10,"57 58 59 60 78 79","62:53 62:54 62:55 62:56 62:57 62:58 62:59 82:74 82:75 82:76"
"نرگس بیٹی","گل شیر",6,"57 61 66 77 78","62:52 62:60 62:71 82:73 82:74 82:75"
"نسرین حیات","پیر خان",1,"41","38:44"
"نسرین حیات","کمال (صابر کا دوست)",1,"35","38:33"
"نسرین حیات","کیٹی قاسم",4,"33 35 39","38:28 38:29 38:32 38:40"
"نسرین حیات","گل شیر",1,"41","38:45"
"پیر خان","کریم",1,"20","25:16"
"پیر خان","کمال (صابر کا دوست)",6,"22 29 48 50 51","25:19 25:33 44:53 47:53 48:53 49:53"
"پیر خان","کیٹی قاسم",14,"24 25 42 43 44 45 46 47 48 49","25:24 25:26 44:40 44:41 44:42 44:43 44:44 47:44 47:45 47:46 47:47 48:47 48:49 49:49"
"پیر خان","گل شیر",8,"24 25 44 46 48 49","25:24 25:25 44:45 47:45 47:46 47:49 48:49 49:49"
"چاچا حلوائی","کمال (صابر کا دوست)",5,"98 99 100","103:93 103:94 103:95 103:96 103:97"
"ڈاکٹر ناصر","کلثوم",1,"201","204:198"
"کریم","کمال (صابر کا دوست)",2,"16 17","14:19 16:19"
"کریم","کیٹی قاسم",2,"19 20","14:24 16:24"
"کریم","گل شیر",2,"19 20","14:24 16:24"
"کمال (صابر کا دوست)","کیٹی قاسم",22,"21 28 29 30 31 32 36 48 49 50 51 52 53 72 73 77 78","19:24 33:24 33:26 33:27 33:28 33:29 33:32 33:40 53:43 53:44 53:45 53:46 53:47 53:49 53:50 53:51 53:53 70:74 72:74 80:74 80:75 80:76"
"کمال (صابر کا دوست)","گل شیر",16,"21 28 29 49 51 52 56 65 70 71 72 76 77","19:24 33:24 33:25 53:45 53:46 53:49 53:50 53:52 53:60 70:60 70:71 72:71 72:73 80:73 80:74 80:75"
"کیٹی قاسم","گل شیر",32,"24 25 42 43 44 45 46 48 49 50 51 52 56 57 58 59 72 73 74 75","24:24 26:24 26:25 40:45 41:45 42:45 43:45 44:45 45:45 46:45 46:46 47:46 47:49 49:49 50:49 50:50 51:50 51:52 53:52 53:60 54:60 55:60 56:60 57:60 58:60 59:60 74:71 74:73 74:74 75:74 75:75 76:75"
