Character_A,Character_B,Weight,Pages(centers),Pairs(pa:pb)
"آفتاب","آلاجی",28,"2 4 14 15 16 17 30 33 36 37 39 40 104 105 106 107 109 111 115 116 117","3:1 3:6 15:14 15:15 16:15 16:16 17:16 17:17 32:28 32:34 39:34 39:35 39:36 39:40 41:40 106:102 106:104 106:105 106:106 107:106 107:108 110:108 110:109 110:113 117:113 117:114 117:116 117:118"
"آفتاب","آنا",7,"58 59 60 107 108 109","56:61 57:61 58:61 59:61 106:109 107:109 110:109"
"آفتاب","ارشد",1,"90","90:91"
"آفتاب","افضل",4,"40 41 42","39:42 41:42 42:42 43:42"
"آفتاب","اماں",8,"2 16 17 39 40 51 52","3:1 15:17 16:17 17:17 39:40 41:40 51:51 54:51"
"آفتاب","امی (ثریا کی)",17,"2 4 14 15 16 17 30 33 36 37 39 40 112 115","3:1 3:6 15:14 15:15 16:15 16:16 17:16 17:17 32:28 32:34 39:34 39:35 39:36 39:40 41:40 110:114 117:114"
"آفتاب","امی چند",14,"2 4 14 15 16 17 30 33 36 37 39 40","3:1 3:6 15:14 15:15 16:15 16:17 17:17 32:28 32:34 39:34 39:35 39:36 39:40 41:40"
"آفتاب","امینہ",1,"119","117:122"
"آفتاب","انجم",16,"103 104 105 106 107 108 109 110 115 116 117","106:101 106:102 106:103 106:104 106:105 106:106 107:106 107:107 110:107 110:108 110:109 110:110 117:114 117:115 117:116 117:117"
"آفتاب","باجی (ثریا کی بڑی بہن)",1,"119","117:121"
"آفتاب","بلقیس",1,"90","90:91"
"آفتاب","بڑا بھائی (پروفیسر کا)",7,"39 40 55 56 57","39:39 41:39 54:57 55:57 56:57 57:57 58:57"
"آفتاب","بھائی جان (ثریا کے)",1,"119","117:121"
"آفتاب","بی بی (قرۃ العین)",13,"5 12 13 17 18 32 37 39 40 111 115","3:7 15:10 15:12 15:19 16:19 17:19 32:33 39:35 39:36 39:40 41:40 110:113 117:113"
"آفتاب","بے بے",17,"5 12 13 15 16 17 30 32 36 37 39 40 51 52","3:7 15:10 15:12 15:15 16:15 16:16 17:16 17:17 32:28 32:29 32:32 39:34 39:35 39:40 41:40 51:51 54:51"
"آفتاب","ثریا",4,"109 111 114 118","107:112 110:112 117:112 117:120"
"آفتاب","جعفری",4,"109 111 114 119","107:112 110:112 117:112 117:121"
"آفتاب","جمیل",3,"61 81 90","59:64 83:80 90:91"
"آفتاب","جیجا رام پرتاپ",2,"33 37","32:35 39:35"
"آفتاب","حبیب عینی",1,"83","83:83"
"آفتاب","داؤ جی",27,"2 3 12 13 14 15 16 17 29 30 31 32 36 37 38 39 40 51 52 53","3:2 3:3 15:10 15:11 15:12 15:13 15:14 15:16 16:16 17:16 17:17 32:27 32:28 32:29 32:30 32:31 32:32 39:34 39:35 39:36 39:37 39:39 41:39 41:40 51:51 54:51 54:53"
"آفتاب","دادا (حقیقت نیوش کا راوی)",3,"13 60 61","15:12 58:63 59:63"
"آفتاب","دیسو",1,"2","3:2"
"آفتاب","رانو",8,"13 30 34 37 38 51 52 53","15:11 32:28 32:36 39:36 39:37 51:51 54:51 54:53"
"آفتاب","راوی (صفدر ٹھیلا قصہ)",86,"2 3 12 13 14 15 16 17 29 30 31 32 36 37 38 39 40 41 42 43 44 45 48 49 50 51 52 53 54 55 56 57 58 59 80 81 82 83 87 88 89 90 103 104 105 106 107 108 109 110 114 115 116 117","3:1 3:2 3:3 15:10 15:11 15:12 15:13 15:14 15:15 16:15 16:16 17:16 17:17 32:27 32:28 32:29 32:30 32:31 32:32 39:34 39:35 39:36 39:37 39:38 39:39 41:39 41:40 41:41 42:41 42:42 43:42 43:43 44:43 44:44 45:44 45:45 51:46 51:47 51:48 51:49 51:50 51:51 54:51 54:52 54:53 54:54 55:54 55:55 56:55 56:56 57:56 57:57 58:57 58:58 59:58 59:59 83:78 83:79 83:80 83:81 83:82 83:83 90:85 90:86 90:87 90:88 90:89 90:90 106:101 106:102 106:103 106:104 106:105 106:106 107:106 107:107 110:107 110:108 110:109 110:110 117:112 117:113 117:114 117:115 117:116 117:117"
"آفتاب","راوی (گولو/طنبورے کا قصہ)",86,"2 3 12 13 14 15 16 17 29 30 31 32 36 37 38 39 40 41 42 43 44 45 48 49 50 51 52 53 54 55 56 57 58 59 80 81 82 83 87 88 89 90 103 104 105 106 107 108 109 110 114 115 116 117","3:1 3:2 3:3 15:10 15:11 15:12 15:13 15:14 15:15 16:15 16:16 17:16 17:17 32:27 32:28 32:29 32:30 32:31 32:32 39:34 39:35 39:36 39:37 39:38 39:39 41:39 41:40 41:41 42:41 42:42 43:42 43:43 44:43 44:44 45:44 45:45 51:46 51:47 51:48 51:49 51:50 51:51 54:51 54:52 54:53 54:54 55:54 55:55 56:55 56:56 57:56 57:57 58:57 58:58 59:58 59:59 83:78 83:79 83:80 83:81 83:82 83:83 90:85 90:86 90:87 90:88 90:89 90:90 106:101 106:102 106:103 106:104 106:105 106:106 107:106 107:107 110:107 110:108 110:109 110:110 117:112 117:113 117:114 117:115 117:116 117:117"
"آفتاب","زبیدہ",2,"81 90","83:80 90:91"
"آفتاب","سرور",17,"44 45 46 49 50 51 53 57 58 59 80 81","42:47 43:47 44:47 45:47 51:47 51:48 51:49 51:50 51:52 54:52 55:60 56:60 57:60 58:60 59:60 83:78 83:79"
"آفتاب","سعدی",3,"60 61 81","58:63 59:63 83:80"
"آفتاب","صفدر ٹھیلا",6,"83 87 88 89","83:83 90:85 90:86 90:87 90:88 90:89"
"آفتاب","طلعت",6,"104 105 106 107 108 117","106:102 106:105 106:107 107:107 110:107 117:117"
"آفتاب","عزیز الدین",1,"80","83:78"
"آفتاب","عطیہ بانو پیر زادی",4,"45 46 49","43:48 44:48 45:48 51:48"
"آفتاب","فرخ",3,"82 92","83:81 83:82 90:95"
"آفتاب","فرخ کی بیوی",2,"82","83:81 83:82"
"آفتاب","مانی",3,"112 115 119","110:114 117:114 117:121"
"آفتاب","مولوی ابوالحسن",4,"83 87 88 89","83:84 90:85 90:86 90:88"
"آفتاب","نظر",18,"3 18 19 51 52 54 57 58 59 81 92 105 106 107 108","3:4 16:21 17:21 51:51 54:51 54:54 55:54 55:60 56:60 57:60 58:60 59:60 83:79 90:95 106:105 106:107 107:107 110:107"
"آفتاب","پروفیسر (روما والا راوی)",86,"2 3 12 13 14 15 16 17 29 30 31 32 36 37 38 39 40 41 42 43 44 45 48 49 50 51 52 53 54 55 56 57 58 59 80 81 82 83 87 88 89 90 103 104 105 106 107 108 109 110 114 115 116 117","3:1 3:2 3:3 15:10 15:11 15:12 15:13 15:14 15:15 16:15 16:16 17:16 17:17 32:27 32:28 32:29 32:30 32:31 32:32 39:34 39:35 39:36 39:37 39:38 39:39 41:39 41:40 41:41 42:41 42:42 43:42 43:43 44:43 44:44 45:44 45:45 51:46 51:47 51:48 51:49 51:50 51:51 54:51 54:52 54:53 54:54 55:54 55:55 56:55 56:56 57:56 57:57 58:57 58:58 59:58 59:59 83:78 83:79 83:80 83:81 83:82 83:83 90:85 90:86 90:87 90:88 90:89 90:90 106:101 106:102 106:103 106:104 106:105 106:106 107:106 107:107 110:107 110:108 110:109 110:110 117:112 117:113 117:114 117:115 117:116 117:117"
"آفتاب","پنڈت امرناتھ",7,"83 87 88 89 90","83:84 90:85 90:86 90:87 90:88 90:89 90:90"
"آفتاب","ڈاکٹر صاحب (اباجی)",32,"2 3 15 16 17 32 36 38 39 40 41 42 43 53 55 56 57 91 107 109 111 115 118","3:1 3:2 3:3 15:15 16:15 16:16 17:16 17:17 32:32 39:34 39:37 39:40 41:40 41:42 42:42 43:42 43:43 44:43 51:56 54:56 55:56 56:56 57:56 57:57 58:57 90:93 106:108 107:108 110:108 110:113 117:113 117:119"
"آفتاب","ڈیڈی",10,"103 104 107 109 111 115 116 117","106:101 106:102 106:108 107:108 110:108 110:113 117:113 117:114 117:116 117:117"
"آفتاب","کوڈو",1,"2","3:1"
"آلاجی","آنا",15,"25 63 65 66 67 106 107 108 109 111 140 149 151 152","28:23 65:61 65:66 66:66 68:66 104:109 105:109 106:109 108:109 109:109 113:109 138:143 152:147 152:151 152:152"
"آلاجی","ابا جان (پروفیسر کے)",2,"150 151","152:148 152:150"
"آلاجی","افضل",1,"41","40:42"
"آلاجی","اماں",13,"1 3 7 8 11 15 16 17 37 38 40 152","1:1 6:1 6:9 7:9 14:9 14:17 15:17 16:17 17:17 35:40 36:40 40:40 152:153"
"آلاجی","امی (ثریا کی)",34,"1 3 6 7 14 15 16 17 28 34 35 36 38 40 65 66 67 68 111 113 114 115 131 137 138 152","1:1 6:1 6:6 7:6 7:7 14:14 15:14 15:15 16:15 16:16 17:16 17:17 28:28 34:34 35:34 35:35 36:35 36:36 40:36 40:40 65:65 66:65 66:66 68:66 68:68 109:114 113:114 114:114 116:114 131:131 137:137 138:137 138:138 152:152"
"آلاجی","امی چند",19,"1 3 6 7 14 15 16 17 28 34 35 36 38 40","1:1 6:1 6:6 7:6 7:7 14:14 15:14 15:15 16:15 16:17 17:17 28:28 34:34 35:34 35:35 36:35 36:36 40:36 40:40"
"آلاجی","امینہ",7,"120 131 135 136","118:122 119:122 131:131 137:133 137:134 137:135 137:136"
"آلاجی","امینہ کے ڈیڈی",2,"132 135","131:134 137:134"
"آلاجی","انجم",26,"101 102 103 104 105 106 107 108 109 111 113 114 115 116 117 118 119","102:101 102:102 104:102 104:103 104:104 105:104 105:105 106:105 106:106 108:106 108:107 108:108 109:108 109:109 113:109 113:110 113:114 114:114 116:114 116:115 116:116 118:116 118:117 118:118 119:118 119:119"
"آلاجی","ایل ویرا",5,"121 139 151 152","119:124 137:141 138:141 152:150 152:153"
"آلاجی","باجی (ثریا کی بڑی بہن)",6,"118 119 120 131 138","116:121 118:121 119:121 131:131 137:139 138:139"
"آلاجی","بادسانی",3,"138 139 150","137:140 138:140 152:148"
"آلاجی","بڑا بھائی (پروفیسر کا)",6,"36 37 39 139 140","34:39 35:39 36:39 40:39 137:142 138:142"
"آلاجی","بھائی جان (ثریا کے)",7,"118 119 120 131 136 137 138","116:121 118:121 119:121 131:131 137:136 137:138 138:138"
"آلاجی","بی بی (قرۃ العین)",21,"6 7 11 12 13 16 17 18 30 33 34 35 36 38 40 110 111 113","6:7 7:7 14:9 14:10 14:12 14:19 15:19 16:19 17:19 28:33 34:33 34:35 35:35 36:35 36:36 40:36 40:40 108:113 109:113 113:113 114:113"
"آلاجی","بے بے",21,"6 7 11 12 13 14 15 16 17 28 31 33 34 35 38 40","6:7 7:7 14:9 14:10 14:12 14:15 15:15 16:15 16:16 17:16 17:17 28:28 34:29 34:32 34:33 34:34 35:34 35:35 36:35 36:40 40:40"
"آلاجی","ثریا",14,"110 112 118 119 131 135 136 137 138","108:112 109:112 113:112 116:120 118:120 119:120 131:131 137:133 137:134 137:135 137:136 137:137 138:137 138:138"
"آلاجی","جعفری",9,"110 112 118 119 120 131 137","108:112 109:112 113:112 116:121 118:121 119:121 131:131 137:137 138:137"
"آلاجی","جمیل",7,"64 65 66 67 68","65:64 65:65 66:65 66:66 68:66 68:67 68:68"
"آلاجی","جیجا رام پرتاپ",3,"34 35","34:35 35:35 36:35"
"آلاجی","داؤ جی",38,"1 4 5 6 7 11 12 13 14 15 16 17 26 27 28 31 32 33 34 35 36 38 39 40","1:2 6:2 6:3 6:4 6:5 6:6 7:6 7:7 14:9 14:10 14:11 14:12 14:13 14:14 15:14 15:16 16:16 17:16 17:17 28:24 28:25 28:26 28:27 28:28 34:29 34:30 34:31 34:32 34:33 34:34 35:34 35:35 36:35 36:36 40:36 40:37 40:39 40:40"
"آلاجی","دادا (حقیقت نیوش کا راوی)",4,"9 13 64 129","7:12 14:12 65:63 131:128"
"آلاجی","دیسو",2,"1 4","1:2 6:2"
"آلاجی","رانو",9,"8 9 12 28 35 36 38","6:11 7:11 14:11 28:28 34:36 35:36 36:36 40:36 40:37"
"آلاجی","راوی (صفدر ٹھیلا قصہ)",106,"1 3 4 5 6 7 11 12 13 14 15 16 17 25 26 27 28 31 32 33 34 35 36 38 39 40 62 63 64 65 66 67 68 99 100 101 102 103 104 105 106 107 108 109 111 112 113 114 115 116 117 118 119 128 129 130 131 134 135 136 137 138 149 150 151 152","1:1 6:1 6:2 6:3 6:4 6:5 6:6 7:6 7:7 14:9 14:10 14:11 14:12 14:13 14:14 15:14 15:15 16:15 16:16 17:16 17:17 28:23 28:24 28:25 28:26 28:27 28:28 34:29 34:30 34:31 34:32 34:33 34:34 35:34 35:35 36:35 36:36 40:36 40:37 40:38 40:39 40:40 65:60 65:61 65:62 65:63 65:64 65:65 66:65 66:66 68:66 68:67 68:68 102:97 102:98 102:99 102:100 102:101 102:102 104:102 104:103 104:104 105:104 105:105 106:105 106:106 108:106 108:107 108:108 109:108 109:109 113:109 113:110 113:111 113:112 113:113 114:113 114:114 116:114 116:115 116:116 118:116 118:117 118:118 119:118 119:119 131:126 131:127 131:128 131:129 131:130 131:131 137:132 137:133 137:134 137:135 137:136 137:137 138:137 138:138 152:147 152:148 152:149 152:150 152:151 152:152"
"آلاجی","راوی (گولو/طنبورے کا قصہ)",106,"1 3 4 5 6 7 11 12 13 14 15 16 17 25 26 27 28 31 32 33 34 35 36 38 39 40 62 63 64 65 66 67 68 99 100 101 102 103 104 105 106 107 108 109 111 112 113 114 115 116 117 118 119 128 129 130 131 134 135 136 137 138 149 150 151 152","1:1 6:1 6:2 6:3 6:4 6:5 6:6 7:6 7:7 14:9 14:10 14:11 14:12 14:13 14:14 15:14 15:15 16:15 16:16 17:16 17:17 28:23 28:24 28:25 28:26 28:27 28:28 34:29 34:30 34:31 34:32 34:33 34:34 35:34 35:35 36:35 36:36 40:36 40:37 40:38 40:39 40:40 65:60 65:61 65:62 65:63 65:64 65:65 66:65 66:66 68:66 68:67 68:68 102:97 102:98 102:99 102:100 102:101 102:102 104:102 104:103 104:104 105:104 105:105 106:105 106:106 108:106 108:107 108:108 109:108 109:109 113:109 113:110 113:111 113:112 113:113 114:113 114:114 116:114 116:115 116:116 118:116 118:117 118:118 119:118 119:119 131:126 131:127 131:128 131:129 131:130 131:131 137:132 137:133 137:134 137:135 137:136 137:137 138:137 138:138 152:147 152:148 152:149 152:150 152:151 152:152"
"آلاجی","ریکٹر صاحب (یونیورسٹی)",2,"138 139","137:140 138:140"
"آلاجی","زبیدہ",6,"65 66 67 68","65:65 66:65 66:66 68:66 68:67 68:68"
"آلاجی","سرور",5,"62 63 68 69","65:60 65:61 65:62 66:71 68:71"
"آلاجی","سعدی",6,"64 66 67 68","65:63 65:64 65:67 66:67 68:67 68:69"
"آلاجی","صفدر ٹھیلا",1,"101","102:100"
"آلاجی","طلعت",11,"102 103 104 105 106 107 115 116 117","102:102 104:102 104:105 105:105 106:105 106:107 108:107 113:117 114:117 116:117 118:117"
"آلاجی","عزیز الدین",1,"70","68:73"
"آلاجی","فرخ",3,"99 100","102:97 102:98 102:99"
"آلاجی","فرخ کی بیوی",3,"99 100","102:97 102:98 102:99"
"آلاجی","فیرا کونی",4,"138 139 150 151","137:140 138:140 152:148 152:150"
"آلاجی","لطیف صاحب",5,"120 121 131 136","118:123 119:123 131:131 137:135 137:136"
"آلاجی","لطیف صاحب کا بھانجا",1,"131","131:131"
"آلاجی","ماریا",3,"139 140 152","137:142 138:142 152:153"
"آلاجی","مانی",11,"111 113 114 115 118 119 120 131 136 138","109:114 113:114 114:114 116:114 116:121 118:121 119:121 131:131 137:136 137:139 138:139"
"آلاجی","مس تیلما",3,"67 68 69","65:70 66:70 68:70"
"آلاجی","نظر",20,"2 5 18 19 26 62 63 64 100 103 104 105 106 107 129 131 134 140 151","1:4 6:4 16:21 17:21 28:25 65:60 65:62 65:63 102:98 102:105 104:105 105:105 106:105 106:107 108:107 131:128 131:132 137:132 138:143 152:150"
"آلاجی","نواب بیگم (ستا تالی)",5,"138 139 149 151 152","137:140 138:140 152:147 152:151 152:152"
"آلاجی","نواب صاحب (ستا تالی)",4,"140 149 150 151","138:143 152:147 152:148 152:150"
"آلاجی","ٹھاکر",7,"128 129 130 131 134","131:126 131:127 131:128 131:129 131:130 131:132 137:132"
"آلاجی","پروفیسر (روما والا راوی)",106,"1 3 4 5 6 7 11 12 13 14 15 16 17 25 26 27 28 31 32 33 34 35 36 38 39 40 62 63 64 65 66 67 68 99 100 101 102 103 104 105 106 107 108 109 111 112 113 114 115 116 117 118 119 128 129 130 131 134 135 136 137 138 149 150 151 152","1:1 6:1 6:2 6:3 6:4 6:5 6:6 7:6 7:7 14:9 14:10 14:11 14:12 14:13 14:14 15:14 15:15 16:15 16:16 17:16 17:17 28:23 28:24 28:25 28:26 28:27 28:28 34:29 34:30 34:31 34:32 34:33 34:34 35:34 35:35 36:35 36:36 40:36 40:37 40:38 40:39 40:40 65:60 65:61 65:62 65:63 65:64 65:65 66:65 66:66 68:66 68:67 68:68 102:97 102:98 102:99 102:100 102:101 102:102 104:102 104:103 104:104 105:104 105:105 106:105 106:106 108:106 108:107 108:108 109:108 109:109 113:109 113:110 113:111 113:112 113:113 114:113 114:114 116:114 116:115 116:116 118:116 118:117 118:118 119:118 119:119 131:126 131:127 131:128 131:129 131:130 131:131 137:132 137:133 137:134 137:135 137:136 137:137 138:137 138:138 152:147 152:148 152:149 152:150 152:151 152:152"
"آلاجی","پنڈت امرناتھ",1,"101","102:100"
"آلاجی","ڈاکٹر صاحب (اباجی)",34,"1 3 4 5 14 15 16 17 30 33 34 36 38 40 70 106 107 108 111 113 116 117 118 119 131 136","1:1 6:1 6:2 6:3 6:4 14:15 15:15 16:15 16:16 17:16 17:17 28:32 34:32 34:34 35:34 35:37 36:37 40:37 40:40 68:73 104:108 105:108 106:108 108:108 109:108 109:113 113:113 114:113 114:119 116:119 118:119 119:119 131:131 137:136"
"آلاجی","ڈیڈی",21,"101 102 103 106 107 108 111 113 114 115 116 117 118 119 132 135","102:101 102:102 104:102 104:108 105:108 106:108 108:108 109:108 109:113 113:113 114:113 114:114 116:114 116:116 118:116 118:117 118:119 119:119 131:133 137:133 137:134"
"آلاجی","کوڈو",2,"1 3","1:1 6:1"
"آنا","ابا جان (پروفیسر کے)",6,"145 146 147 149 150","143:148 144:148 146:148 147:148 151:148 151:150"
"آنا","اماں",4,"20 21 152","23:18 23:19 151:153 152:153"
"آنا","امی (ثریا کی)",9,"25 63 65 66 111 140 149 151 152","23:28 61:65 66:65 66:66 109:114 143:138 147:152 151:152 152:152"
"آنا","امی چند",1,"25","23:28"
"آنا","انجم",6,"106 107 108 109","109:104 109:105 109:106 109:107 109:108 109:109"
"آنا","ایل ویرا",11,"142 143 144 145 148 150 152","143:141 143:142 143:143 144:143 144:144 146:144 146:150 147:150 151:150 151:153 152:153"
"آنا","باجی (ثریا کی بڑی بہن)",1,"141","143:139"
"آنا","بادسانی",6,"141 145 146 147 149","143:140 143:148 144:148 146:148 147:148 151:148"
"آنا","بڑا بھائی (پروفیسر کا)",2,"59 142","61:57 143:142"
"آنا","بھائی جان (ثریا کے)",1,"140","143:138"
"آنا","بی بی (قرۃ العین)",2,"21 111","23:19 109:113"
"آنا","بے بے",2,"21 25","23:19 23:28"
"آنا","ثریا",3,"110 140 141","109:112 143:138 143:139"
"آنا","جعفری",1,"110","109:112"
"آنا","جمیل",7,"62 65 66 72 73 77","61:64 66:64 66:65 66:66 75:70 75:72 75:80"
"آنا","داؤ جی",5,"21 22 23","23:19 23:20 23:21 23:22 23:24"
"آنا","دادا (حقیقت نیوش کا راوی)",2,"62 64","61:63 66:63"
"آنا","رانو",1,"25","23:28"
"آنا","راوی (صفدر ٹھیلا قصہ)",50,"20 21 22 23 58 59 60 61 63 64 65 66 72 73 74 75 106 107 108 109 140 141 142 143 144 145 146 147 149 150 151 152","23:18 23:19 23:20 23:21 23:22 23:23 61:56 61:57 61:58 61:59 61:60 61:61 66:61 66:62 66:63 66:64 66:65 66:66 75:70 75:71 75:72 75:73 75:74 75:75 109:104 109:105 109:106 109:107 109:108 109:109 143:138 143:139 143:140 143:141 143:142 143:143 144:143 144:144 146:144 146:145 146:146 147:146 147:147 151:147 151:148 151:149 151:150 151:151 152:151 152:152"
"آنا","راوی (گولو/طنبورے کا قصہ)",50,"20 21 22 23 58 59 60 61 63 64 65 66 72 73 74 75 106 107 108 109 140 141 142 143 144 145 146 147 149 150 151 152","23:18 23:19 23:20 23:21 23:22 23:23 61:56 61:57 61:58 61:59 61:60 61:61 66:61 66:62 66:63 66:64 66:65 66:66 75:70 75:71 75:72 75:73 75:74 75:75 109:104 109:105 109:106 109:107 109:108 109:109 143:138 143:139 143:140 143:141 143:142 143:143 144:143 144:144 146:144 146:145 146:146 147:146 147:147 151:147 151:148 151:149 151:150 151:151 152:151 152:152"
"آنا","ریکٹر صاحب (یونیورسٹی)",5,"141 144 145 146","143:140 143:146 144:146 146:146 147:146"
"آنا","زبیدہ",4,"63 65 66 77","61:65 66:65 66:66 75:80"
"آنا","سرور",9,"60 61 63 64 68 73 74 75","61:60 61:61 66:61 66:62 66:71 75:71 75:73 75:74 75:75"
"آنا","سعدی",6,"62 64 65 66 72 77","61:63 66:63 66:64 66:67 75:70 75:80"
"آنا","طلعت",2,"107 108","109:105 109:107"
"آنا","عزیز الدین",2,"74 76","75:73 75:78"
"آنا","فیرا کونی",7,"141 145 146 147 149 150","143:140 143:148 144:148 146:148 147:148 151:148 151:150"
"آنا","ماریا",8,"142 143 144 145 152","143:142 143:143 144:143 144:144 146:144 146:145 151:153 152:153"
"آنا","مانی",2,"111 141","109:114 143:139"
"آنا","مس تیلما",2,"68 72","66:70 75:70"
"آنا","نظر",14,"22 24 60 61 64 77 107 108 143 148 150","23:21 23:25 61:60 61:62 66:62 66:63 75:79 109:105 109:107 143:143 144:143 146:150 147:150 151:150"
"آنا","نواب بیگم (ستا تالی)",12,"141 143 144 145 146 147 149 151 152","143:140 143:143 144:143 144:144 146:144 146:146 147:146 147:147 151:147 151:151 152:151 152:152"
"آنا","نواب صاحب (ستا تالی)",10,"143 144 145 146 147 149 150","143:143 144:143 144:144 146:144 146:146 147:146 147:147 151:147 151:148 151:150"
"آنا","پروفیسر (روما والا راوی)",50,"20 21 22 23 58 59 60 61 63 64 65 66 72 73 74 75 106 107 108 109 140 141 142 143 144 145 146 147 149 150 151 152","23:18 23:19 23:20 23:21 23:22 23:23 61:56 61:57 61:58 61:59 61:60 61:61 66:61 66:62 66:63 66:64 66:65 66:66 75:70 75:71 75:72 75:73 75:74 75:75 109:104 109:105 109:106 109:107 109:108 109:109 143:138 143:139 143:140 143:141 143:142 143:143 144:143 144:144 146:144 146:145 146:146 147:146 147:147 151:147 151:148 151:149 151:150 151:151 152:151 152:152"
"آنا","ڈاکٹر صاحب (اباجی)",9,"20 21 58 59 74 75 108 111","23:18 23:19 61:56 61:57 75:73 75:74 75:75 109:108 109:113"
"آنا","ڈیڈی",2,"108 111","109:108 109:113"
"ابا جان (پروفیسر کے)","اماں",2,"150 151","148:153 150:153"
"ابا جان (پروفیسر کے)","امی (ثریا کی)",2,"150 151","148:152 150:152"
"ابا جان (پروفیسر کے)","ایل ویرا",4,"145 146 149 150","148:143 148:144 148:150 150:150"
"ابا جان (پروفیسر کے)","بادسانی",2,"148 149","148:148 150:148"
"ابا جان (پروفیسر کے)","راوی (صفدر ٹھیلا قصہ)",9,"145 146 147 148 149 150","148:143 148:144 148:145 148:146 148:147 148:148 150:148 150:149 150:150"
"ابا جان (پروفیسر کے)","راوی (گولو/طنبورے کا قصہ)",9,"145 146 147 148 149 150","148:143 148:144 148:145 148:146 148:147 148:148 150:148 150:149 150:150"
"ابا جان (پروفیسر کے)","ریکٹر صاحب (یونیورسٹی)",1,"147","148:146"
"ابا جان (پروفیسر کے)","فیرا کونی",3,"148 149 150","148:148 150:148 150:150"
"ابا جان (پروفیسر کے)","ماریا",5,"145 146 150 151","148:143 148:144 148:145 148:153 150:153"
"ابا جان (پروفیسر کے)","نظر",3,"145 149 150","148:143 148:150 150:150"
"ابا جان (پروفیسر کے)","نواب بیگم (ستا تالی)",6,"145 146 147 149 150","148:143 148:144 148:146 148:147 148:151 150:151"
"ابا جان (پروفیسر کے)","نواب صاحب (ستا تالی)",7,"145 146 147 148 149 150","148:143 148:144 148:146 148:147 148:148 150:148 150:150"
"ابا جان (پروفیسر کے)","پروفیسر (روما والا راوی)",9,"145 146 147 148 149 150","148:143 148:144 148:145 148:146 148:147 148:148 150:148 150:149 150:150"
"ارشد","بلقیس",3,"91 92 93","91:91 93:91 93:93"
"ارشد","جمیل",3,"91 92 93","91:91 93:91 93:93"
"ارشد","راوی (صفدر ٹھیلا قصہ)",9,"88 89 90 91 92 93","91:86 91:87 91:88 91:89 91:90 91:91 93:91 93:92 93:93"
"ارشد","راوی (گولو/طنبورے کا قصہ)",9,"88 89 90 91 92 93","91:86 91:87 91:88 91:89 91:90 91:91 93:91 93:92 93:93"
"ارشد","زبیدہ",3,"91 92 93","91:91 93:91 93:93"
"ارشد","صفدر ٹھیلا",4,"88 89 90","91:86 91:87 91:88 91:89"
"ارشد","فرخ",2,"93 94","91:95 93:95"
"ارشد","فرخ کی بیوی",1,"95","93:97"
"ارشد","مولوی ابوالحسن",2,"88 89","91:86 91:88"
"ارشد","نظر",2,"93 94","91:95 93:95"
"ارشد","پروفیسر (روما والا راوی)",9,"88 89 90 91 92 93","91:86 91:87 91:88 91:89 91:90 91:91 93:91 93:92 93:93"
"ارشد","پنڈت امرناتھ",5,"88 89 90","91:86 91:87 91:88 91:89 91:90"
"ارشد","ڈاکٹر صاحب (اباجی)",2,"92 93","91:93 93:93"
"افضل","اماں",1,"41","42:40"
"افضل","امی (ثریا کی)",1,"41","42:40"
"افضل","امی چند",1,"41","42:40"
"افضل","بڑا بھائی (پروفیسر کا)",1,"40","42:39"
"افضل","بی بی (قرۃ العین)",1,"41","42:40"
"افضل","بے بے",1,"41","42:40"
"افضل","داؤ جی",3,"39 40 41","42:37 42:39 42:40"
"افضل","رانو",1,"39","42:37"
"افضل","راوی (صفدر ٹھیلا قصہ)",6,"39 40 41 42","42:37 42:38 42:39 42:40 42:41 42:42"
"افضل","راوی (گولو/طنبورے کا قصہ)",6,"39 40 41 42","42:37 42:38 42:39 42:40 42:41 42:42"
"افضل","سرور",1,"44","42:47"
"افضل","پروفیسر (روما والا راوی)",6,"39 40 41 42","42:37 42:38 42:39 42:40 42:41 42:42"
"افضل","ڈاکٹر صاحب (اباجی)",3,"39 41 42","42:37 42:40 42:42"
"اماں","امی (ثریا کی)",13,"1 7 8 11 15 16 17 37 38 40 152","1:1 9:6 9:7 9:14 17:14 17:15 17:16 17:17 18:17 40:35 40:36 40:40 153:152"
"اماں","امی چند",11,"1 7 8 11 15 16 17 37 38 40","1:1 9:6 9:7 9:14 17:14 17:15 17:17 18:17 40:35 40:36 40:40"
"اماں","ایل ویرا",2,"151 153","153:150 153:153"
"اماں","بادسانی",1,"150","153:148"
"اماں","بڑا بھائی (پروفیسر کا)",1,"39","40:39"
"اماں","بی بی (قرۃ العین)",10,"8 9 14 18 19 37 38 40","9:7 9:8 9:9 17:12 17:19 18:19 19:19 40:35 40:36 40:40"
"اماں","بے بے",13,"8 9 14 16 17 18 19 37 40 51","9:7 9:8 9:9 17:12 17:15 17:16 17:17 18:17 18:19 19:19 40:35 40:40 51:51"
"اماں","جیجا رام پرتاپ",1,"37","40:35"
"اماں","داؤ جی",21,"1 6 7 8 9 14 15 16 17 18 19 37 38 39 40 51","1:2 9:4 9:5 9:6 9:7 9:8 9:9 17:12 17:13 17:14 17:16 17:17 18:17 18:19 19:19 40:35 40:36 40:37 40:39 40:40 51:51"
"اماں","دادا (حقیقت نیوش کا راوی)",2,"10 14","9:12 17:12"
"اماں","دیسو",1,"1","1:2"
"اماں","رانو",4,"10 38 51","9:11 40:36 40:37 51:51"
"اماں","راوی (صفدر ٹھیلا قصہ)",35,"1 6 7 8 9 14 15 16 17 18 19 37 38 39 40 48 49 50 51 150 151 152 153","1:1 9:4 9:5 9:6 9:7 9:8 9:9 17:12 17:13 17:14 17:15 17:16 17:17 18:17 18:18 19:18 19:19 40:35 40:36 40:37 40:38 40:39 40:40 51:46 51:47 51:48 51:49 51:50 51:51 153:148 153:149 153:150 153:151 153:152 153:153"
"اماں","راوی (گولو/طنبورے کا قصہ)",35,"1 6 7 8 9 14 15 16 17 18 19 37 38 39 40 48 49 50 51 150 151 152 153","1:1 9:4 9:5 9:6 9:7 9:8 9:9 17:12 17:13 17:14 17:15 17:16 17:17 18:17 18:18 19:18 19:19 40:35 40:36 40:37 40:38 40:39 40:40 51:46 51:47 51:48 51:49 51:50 51:51 153:148 153:149 153:150 153:151 153:152 153:153"
"اماں","سرور",5,"49 50 51","51:47 51:48 51:49 51:50 51:52"
"اماں","عطیہ بانو پیر زادی",1,"49","51:48"
"اماں","فیرا کونی",2,"150 151","153:148 153:150"
"اماں","ماریا",1,"153","153:153"
"اماں","نظر",7,"2 6 19 20 51 151","1:4 9:4 17:21 18:21 19:21 51:51 153:150"
"اماں","نواب بیگم (ستا تالی)",2,"152","153:151 153:152"
"اماں","نواب صاحب (ستا تالی)",2,"150 151","153:148 153:150"
"اماں","پروفیسر (روما والا راوی)",35,"1 6 7 8 9 14 15 16 17 18 19 37 38 39 40 48 49 50 51 150 151 152 153","1:1 9:4 9:5 9:6 9:7 9:8 9:9 17:12 17:13 17:14 17:15 17:16 17:17 18:17 18:18 19:18 19:19 40:35 40:36 40:37 40:38 40:39 40:40 51:46 51:47 51:48 51:49 51:50 51:51 153:148 153:149 153:150 153:151 153:152 153:153"
"اماں","ڈاکٹر صاحب (اباجی)",12,"1 6 16 17 18 19 38 40 53","1:1 9:4 17:15 17:16 17:17 18:17 18:18 19:18 19:19 40:37 40:40 51:56"
"اماں","کوڈو",1,"1","1:1"
"امی (ثریا کی)","امی چند",19,"1 3 6 7 14 15 16 17 28 34 35 36 38 40","1:1 6:1 6:6 7:6 7:7 14:14 15:14 15:15 16:15 16:17 17:17 28:28 34:34 35:34 35:35 36:35 36:36 40:36 40:40"
"امی (ثریا کی)","امینہ",5,"131 135 136","131:131 137:133 137:134 137:135 137:136"
"امی (ثریا کی)","امینہ کے ڈیڈی",2,"132 135","131:134 137:134"
"امی (ثریا کی)","انجم",3,"111 112 114","114:109 114:110 114:114"
"امی (ثریا کی)","ایل ویرا",4,"139 151 152","137:141 138:141 152:150 152:153"
"امی (ثریا کی)","باجی (ثریا کی بڑی بہن)",3,"131 138","131:131 137:139 138:139"
"امی (ثریا کی)","بادسانی",3,"138 139 150","137:140 138:140 152:148"
"امی (ثریا کی)","بڑا بھائی (پروفیسر کا)",6,"36 37 39 139 140","34:39 35:39 36:39 40:39 137:142 138:142"
"امی (ثریا کی)","بھائی جان (ثریا کے)",4,"131 136 137 138","131:131 137:136 137:138 138:138"
"امی (ثریا کی)","بی بی (قرۃ العین)",18,"6 7 11 12 13 16 17 18 30 33 34 35 36 38 40 113","6:7 7:7 14:9 14:10 14:12 14:19 15:19 16:19 17:19 28:33 34:33 34:35 35:35 36:35 36:36 40:36 40:40 114:113"
"امی (ثریا کی)","بے بے",21,"6 7 11 12 13 14 15 16 17 28 31 33 34 35 38 40","6:7 7:7 14:9 14:10 14:12 14:15 15:15 16:15 16:16 17:16 17:17 28:28 34:29 34:32 34:33 34:34 35:34 35:35 36:35 36:40 40:40"
"امی (ثریا کی)","ثریا",9,"113 131 135 136 137 138","114:112 131:131 137:133 137:134 137:135 137:136 137:137 138:137 138:138"
"امی (ثریا کی)","جعفری",4,"113 131 137","114:112 131:131 137:137 138:137"
"امی (ثریا کی)","جمیل",7,"64 65 66 67 68","65:64 65:65 66:65 66:66 68:66 68:67 68:68"
"امی (ثریا کی)","جیجا رام پرتاپ",3,"34 35","34:35 35:35 36:35"
"امی (ثریا کی)","داؤ جی",38,"1 4 5 6 7 11 12 13 14 15 16 17 26 27 28 31 32 33 34 35 36 38 39 40","1:2 6:2 6:3 6:4 6:5 6:6 7:6 7:7 14:9 14:10 14:11 14:12 14:13 14:14 15:14 15:16 16:16 17:16 17:17 28:24 28:25 28:26 28:27 28:28 34:29 34:30 34:31 34:32 34:33 34:34 35:34 35:35 36:35 36:36 40:36 40:37 40:39 40:40"
"امی (ثریا کی)","دادا (حقیقت نیوش کا راوی)",4,"9 13 64 129","7:12 14:12 65:63 131:128"
"امی (ثریا کی)","دیسو",2,"1 4","1:2 6:2"
"امی (ثریا کی)","رانو",9,"8 9 12 28 35 36 38","6:11 7:11 14:11 28:28 34:36 35:36 36:36 40:36 40:37"
"امی (ثریا کی)","راوی (صفدر ٹھیلا قصہ)",79,"1 3 4 5 6 7 11 12 13 14 15 16 17 25 26 27 28 31 32 33 34 35 36 38 39 40 62 63 64 65 66 67 68 111 112 113 114 128 129 130 131 134 135 136 137 138 149 150 151 152","1:1 6:1 6:2 6:3 6:4 6:5 6:6 7:6 7:7 14:9 14:10 14:11 14:12 14:13 14:14 15:14 15:15 16:15 16:16 17:16 17:17 28:23 28:24 28:25 28:26 28:27 28:28 34:29 34:30 34:31 34:32 34:33 34:34 35:34 35:35 36:35 36:36 40:36 40:37 40:38 40:39 40:40 65:60 65:61 65:62 65:63 65:64 65:65 66:65 66:66 68:66 68:67 68:68 114:109 114:110 114:111 114:112 114:113 114:114 131:126 131:127 131:128 131:129 131:130 131:131 137:132 137:133 137:134 137:135 137:136 137:137 138:137 138:138 152:147 152:148 152:149 152:150 152:151 152:152"
"امی (ثریا کی)","راوی (گولو/طنبورے کا قصہ)",79,"1 3 4 5 6 7 11 12 13 14 15 16 17 25 26 27 28 31 32 33 34 35 36 38 39 40 62 63 64 65 66 67 68 111 112 113 114 128 129 130 131 134 135 136 137 138 149 150 151 152","1:1 6:1 6:2 6:3 6:4 6:5 6:6 7:6 7:7 14:9 14:10 14:11 14:12 14:13 14:14 15:14 15:15 16:15 16:16 17:16 17:17 28:23 28:24 28:25 28:26 28:27 28:28 34:29 34:30 34:31 34:32 34:33 34:34 35:34 35:35 36:35 36:36 40:36 40:37 40:38 40:39 40:40 65:60 65:61 65:62 65:63 65:64 65:65 66:65 66:66 68:66 68:67 68:68 114:109 114:110 114:111 114:112 114:113 114:114 131:126 131:127 131:128 131:129 131:130 131:131 137:132 137:133 137:134 137:135 137:136 137:137 138:137 138:138 152:147 152:148 152:149 152:150 152:151 152:152"
"امی (ثریا کی)","ریکٹر صاحب (یونیورسٹی)",2,"138 139","137:140 138:140"
"امی (ثریا کی)","زبیدہ",6,"65 66 67 68","65:65 66:65 66:66 68:66 68:67 68:68"
"امی (ثریا کی)","سرور",5,"62 63 68 69","65:60 65:61 65:62 66:71 68:71"
"امی (ثریا کی)","سعدی",6,"64 66 67 68","65:63 65:64 65:67 66:67 68:67 68:69"
"امی (ثریا کی)","طلعت",1,"115","114:117"
"امی (ثریا کی)","عزیز الدین",1,"70","68:73"
"امی (ثریا کی)","فیرا کونی",4,"138 139 150 151","137:140 138:140 152:148 152:150"
"امی (ثریا کی)","لطیف صاحب",3,"131 136","131:131 137:135 137:136"
"امی (ثریا کی)","لطیف صاحب کا بھانجا",1,"131","131:131"
"امی (ثریا کی)","ماریا",3,"139 140 152","137:142 138:142 152:153"
"امی (ثریا کی)","مانی",5,"114 131 136 138","114:114 131:131 137:136 137:139 138:139"
"امی (ثریا کی)","مس تیلما",3,"67 68 69","65:70 66:70 68:70"
"امی (ثریا کی)","نظر",13,"2 5 18 19 26 62 63 64 129 131 134 140 151","1:4 6:4 16:21 17:21 28:25 65:60 65:62 65:63 131:128 131:132 137:132 138:143 152:150"
"امی (ثریا کی)","نواب بیگم (ستا تالی)",5,"138 139 149 151 152","137:140 138:140 152:147 152:151 152:152"
"امی (ثریا کی)","نواب صاحب (ستا تالی)",4,"140 149 150 151","138:143 152:147 152:148 152:150"
"امی (ثریا کی)","ٹھاکر",7,"128 129 130 131 134","131:126 131:127 131:128 131:129 131:130 131:132 137:132"
"امی (ثریا کی)","پروفیسر (روما والا راوی)",79,"1 3 4 5 6 7 11 12 13 14 15 16 17 25 26 27 28 31 32 33 34 35 36 38 39 40 62 63 64 65 66 67 68 111 112 113 114 128 129 130 131 134 135 136 137 138 149 150 151 152","1:1 6:1 6:2 6:3 6:4 6:5 6:6 7:6 7:7 14:9 14:10 14:11 14:12 14:13 14:14 15:14 15:15 16:15 16:16 17:16 17:17 28:23 28:24 28:25 28:26 28:27 28:28 34:29 34:30 34:31 34:32 34:33 34:34 35:34 35:35 36:35 36:36 40:36 40:37 40:38 40:39 40:40 65:60 65:61 65:62 65:63 65:64 65:65 66:65 66:66 68:66 68:67 68:68 114:109 114:110 114:111 114:112 114:113 114:114 131:126 131:127 131:128 131:129 131:130 131:131 137:132 137:133 137:134 137:135 137:136 137:137 138:137 138:138 152:147 152:148 152:149 152:150 152:151 152:152"
"امی (ثریا کی)","ڈاکٹر صاحب (اباجی)",24,"1 3 4 5 14 15 16 17 30 33 34 36 38 40 70 113 116 131 136","1:1 6:1 6:2 6:3 6:4 14:15 15:15 16:15 16:16 17:16 17:17 28:32 34:32 34:34 35:34 35:37 36:37 40:37 40:40 68:73 114:113 114:119 131:131 137:136"
"امی (ثریا کی)","ڈیڈی",5,"113 114 132 135","114:113 114:114 131:133 137:133 137:134"
"امی (ثریا کی)","کوڈو",2,"1 3","1:1 6:1"
"امی چند","بڑا بھائی (پروفیسر کا)",4,"36 37 39","34:39 35:39 36:39 40:39"
"امی چند","بی بی (قرۃ العین)",16,"6 7 11 12 13 16 17 18 30 33 34 35 36 38 40","6:7 7:7 14:9 14:10 14:12 14:19 15:19 17:19 28:33 34:33 34:35 35:35 36:35 36:36 40:36 40:40"
"امی چند","بے بے",20,"6 7 11 12 13 14 15 16 17 28 31 33 34 35 38 40","6:7 7:7 14:9 14:10 14:12 14:15 15:15 17:15 17:16 17:17 28:28 34:29 34:32 34:33 34:34 35:34 35:35 36:35 36:40 40:40"
"امی چند","جیجا رام پرتاپ",3,"34 35","34:35 35:35 36:35"
"امی چند","داؤ جی",37,"1 4 5 6 7 11 12 13 14 15 16 17 26 27 28 31 32 33 34 35 36 38 39 40","1:2 6:2 6:3 6:4 6:5 6:6 7:6 7:7 14:9 14:10 14:11 14:12 14:13 14:14 15:14 15:16 17:16 17:17 28:24 28:25 28:26 28:27 28:28 34:29 34:30 34:31 34:32 34:33 34:34 35:34 35:35 36:35 36:36 40:36 40:37 40:39 40:40"
"امی چند","دادا (حقیقت نیوش کا راوی)",2,"9 13","7:12 14:12"
"امی چند","دیسو",2,"1 4","1:2 6:2"
"امی چند","رانو",9,"8 9 12 28 35 36 38","6:11 7:11 14:11 28:28 34:36 35:36 36:36 40:36 40:37"
"امی چند","راوی (صفدر ٹھیلا قصہ)",41,"1 3 4 5 6 7 11 12 13 14 15 16 17 25 26 27 28 31 32 33 34 35 36 38 39 40","1:1 6:1 6:2 6:3 6:4 6:5 6:6 7:6 7:7 14:9 14:10 14:11 14:12 14:13 14:14 15:14 15:15 17:15 17:16 17:17 28:23 28:24 28:25 28:26 28:27 28:28 34:29 34:30 34:31 34:32 34:33 34:34 35:34 35:35 36:35 36:36 40:36 40:37 40:38 40:39 40:40"
"امی چند","راوی (گولو/طنبورے کا قصہ)",41,"1 3 4 5 6 7 11 12 13 14 15 16 17 25 26 27 28 31 32 33 34 35 36 38 39 40","1:1 6:1 6:2 6:3 6:4 6:5 6:6 7:6 7:7 14:9 14:10 14:11 14:12 14:13 14:14 15:14 15:15 17:15 17:16 17:17 28:23 28:24 28:25 28:26 28:27 28:28 34:29 34:30 34:31 34:32 34:33 34:34 35:34 35:35 36:35 36:36 40:36 40:37 40:38 40:39 40:40"
"امی چند","نظر",4,"2 5 19 26","1:4 6:4 17:21 28:25"
"امی چند","پروفیسر (روما والا راوی)",41,"1 3 4 5 6 7 11 12 13 14 15 16 17 25 26 27 28 31 32 33 34 35 36 38 39 40","1:1 6:1 6:2 6:3 6:4 6:5 6:6 7:6 7:7 14:9 14:10 14:11 14:12 14:13 14:14 15:14 15:15 17:15 17:16 17:17 28:23 28:24 28:25 28:26 28:27 28:28 34:29 34:30 34:31 34:32 34:33 34:34 35:34 35:35 36:35 36:36 40:36 40:37 40:38 40:39 40:40"
"امی چند","ڈاکٹر صاحب (اباجی)",18,"1 3 4 5 14 15 16 17 30 33 34 36 38 40","1:1 6:1 6:2 6:3 6:4 14:15 15:15 17:15 17:16 17:17 28:32 34:32 34:34 35:34 35:37 36:37 40:37 40:40"
"امی چند","کوڈو",2,"1 3","1:1 6:1"
"امینہ","امینہ کے ڈیڈی",4,"132 133 134","131:134 133:134 134:134 135:134"
"امینہ","انجم",3,"119 120","122:117 122:118 122:119"
"امینہ","ایل ویرا",2,"123 138","122:124 136:141"
"امینہ","باجی (ثریا کی بڑی بہن)",6,"121 131 132 136 137","122:121 131:131 133:131 134:139 135:139 136:139"
"امینہ","بادسانی",2,"137 138","135:140 136:140"
"امینہ","بھائی جان (ثریا کے)",7,"121 131 132 134 135 136","122:121 131:131 133:131 133:136 134:136 135:136 136:136"
"امینہ","ثریا",12,"121 122 131 132 133 134 135 136","122:120 122:121 122:122 131:131 133:131 133:133 134:133 134:134 135:134 135:135 136:135 136:136"
"امینہ","جعفری",8,"121 122 131 132 135 136","122:121 122:122 131:131 133:131 133:137 134:137 135:137 136:137"
"امینہ","دادا (حقیقت نیوش کا راوی)",1,"129","131:128"
"امینہ","راوی (صفدر ٹھیلا قصہ)",21,"119 120 121 122 128 129 130 131 132 133 134 135 136","122:117 122:118 122:119 122:120 122:121 122:122 131:126 131:127 131:128 131:129 131:130 131:131 133:131 133:132 133:133 134:133 134:134 135:134 135:135 136:135 136:136"
"امینہ","راوی (گولو/طنبورے کا قصہ)",21,"119 120 121 122 128 129 130 131 132 133 134 135 136","122:117 122:118 122:119 122:120 122:121 122:122 131:126 131:127 131:128 131:129 131:130 131:131 133:131 133:132 133:133 134:133 134:134 135:134 135:135 136:135 136:136"
"امینہ","ریکٹر صاحب (یونیورسٹی)",2,"137 138","135:140 136:140"
"امینہ","طلعت",1,"119","122:117"
"امینہ","فیرا کونی",2,"137 138","135:140 136:140"
"امینہ","لطیف صاحب",8,"122 131 132 134 135 136","122:123 131:131 133:131 133:135 134:135 135:135 136:135 136:136"
"امینہ","لطیف صاحب کا بھانجا",2,"131 132","131:131 133:131"
"امینہ","مانی",7,"121 131 132 134 135 136","122:121 131:131 133:131 133:136 134:136 135:136 136:136"
"امینہ","نظر",3,"129 131 132","131:128 131:132 133:132"
"امینہ","نواب بیگم (ستا تالی)",2,"137 138","135:140 136:140"
"امینہ","ٹھاکر",8,"123 128 129 130 131 132","122:125 131:126 131:127 131:128 131:129 131:130 131:132 133:132"
"امینہ","پروفیسر (روما والا راوی)",21,"119 120 121 122 128 129 130 131 132 133 134 135 136","122:117 122:118 122:119 122:120 122:121 122:122 131:126 131:127 131:128 131:129 131:130 131:131 133:131 133:132 133:133 134:133 134:134 135:134 135:135 136:135 136:136"
"امینہ","ڈاکٹر صاحب (اباجی)",7,"120 131 132 134 135 136","122:119 131:131 133:131 133:136 134:136 135:136 136:136"
"امینہ","ڈیڈی",8,"119 120 122 132 133 134","122:117 122:119 122:122 131:133 133:133 134:133 134:134 135:134"
"امینہ کے ڈیڈی","باجی (ثریا کی بڑی بہن)",2,"132 136","134:131 134:139"
"امینہ کے ڈیڈی","بھائی جان (ثریا کے)",2,"132 135","134:131 134:136"
"امینہ کے ڈیڈی","ثریا",3,"132 133 134","134:131 134:133 134:134"
"امینہ کے ڈیڈی","جعفری",2,"132 135","134:131 134:137"
"امینہ کے ڈیڈی","راوی (صفدر ٹھیلا قصہ)",6,"131 132 133 134","134:129 134:130 134:131 134:132 134:133 134:134"
"امینہ کے ڈیڈی","راوی (گولو/طنبورے کا قصہ)",6,"131 132 133 134","134:129 134:130 134:131 134:132 134:133 134:134"
"امینہ کے ڈیڈی","لطیف صاحب",2,"132 134","134:131 134:135"
"امینہ کے ڈیڈی","لطیف صاحب کا بھانجا",1,"132","134:131"
"امینہ کے ڈیڈی","مانی",2,"132 135","134:131 134:136"
"امینہ کے ڈیڈی","نظر",1,"133","134:132"
"امینہ کے ڈیڈی","ٹھاکر",3,"131 132 133","134:129 134:130 134:132"
"امینہ کے ڈیڈی","پروفیسر (روما والا راوی)",6,"131 132 133 134","134:129 134:130 134:131 134:132 134:133 134:134"
"امینہ کے ڈیڈی","ڈاکٹر صاحب (اباجی)",2,"132 135","134:131 134:136"
"امینہ کے ڈیڈی","ڈیڈی",2,"133 134","134:133 134:134"
"انجم","ایل ویرا",1,"121","119:124"
"انجم","باجی (ثریا کی بڑی بہن)",4,"118 119 120","116:121 117:121 118:121 119:121"
"انجم","بھائی جان (ثریا کے)",4,"118 119 120","116:121 117:121 118:121 119:121"
"انجم","بی بی (قرۃ العین)",4,"110 111 113","108:113 109:113 110:113 114:113"
"انجم","ثریا",10,"109 110 111 113 117 118 119","107:112 108:112 109:112 110:112 114:112 115:120 116:120 117:120 118:120 119:120"
"انجم","جعفری",9,"109 110 111 113 118 119 120","107:112 108:112 109:112 110:112 114:112 116:121 117:121 118:121 119:121"
"انجم","جمیل",1,"98","101:96"
"انجم","راوی (صفدر ٹھیلا قصہ)",39,"98 99 100 101 102 103 104 105 106 107 108 109 110 112 113 114 115 116 117 118 119","101:96 101:97 101:98 101:99 101:100 101:101 102:101 102:102 103:102 103:103 104:103 104:104 105:104 105:105 106:105 106:106 107:106 107:107 108:107 108:108 109:108 109:109 110:109 110:110 114:110 114:111 114:112 114:113 114:114 115:114 115:115 116:115 116:116 117:116 117:117 118:117 118:118 119:118 119:119"
"انجم","راوی (گولو/طنبورے کا قصہ)",39,"98 99 100 101 102 103 104 105 106 107 108 109 110 112 113 114 115 116 117 118 119","101:96 101:97 101:98 101:99 101:100 101:101 102:101 102:102 103:102 103:103 104:103 104:104 105:104 105:105 106:105 106:106 107:106 107:107 108:107 108:108 109:108 109:109 110:109 110:110 114:110 114:111 114:112 114:113 114:114 115:114 115:115 116:115 116:116 117:116 117:117 118:117 118:118 119:118 119:119"
"انجم","صفدر ٹھیلا",1,"100","101:100"
"انجم","طلعت",15,"101 102 104 105 106 107 115 116 117","101:102 102:102 103:102 103:105 104:105 105:105 106:105 106:107 107:107 108:107 114:117 115:117 116:117 117:117 118:117"
"انجم","فرخ",4,"98 99 100","101:96 101:97 101:98 101:99"
"انجم","فرخ کی بیوی",3,"99 100","101:97 101:98 101:99"
"انجم","لطیف صاحب",2,"120 121","118:123 119:123"
"انجم","مانی",8,"111 112 114 118 119 120","109:114 110:114 114:114 115:114 116:121 117:121 118:121 119:121"
"انجم","نظر",10,"99 103 104 105 106 107","101:98 101:105 102:105 103:105 104:105 105:105 106:105 106:107 107:107 108:107"
"انجم","پروفیسر (روما والا راوی)",39,"98 99 100 101 102 103 104 105 106 107 108 109 110 112 113 114 115 116 117 118 119","101:96 101:97 101:98 101:99 101:100 101:101 102:101 102:102 103:102 103:103 104:103 104:104 105:104 105:105 106:105 106:106 107:106 107:107 108:107 108:108 109:108 109:109 110:109 110:110 114:110 114:111 114:112 114:113 114:114 115:114 115:115 116:115 116:116 117:116 117:117 118:117 118:118 119:118 119:119"
"انجم","پنڈت امرناتھ",1,"100","101:100"
"انجم","ڈاکٹر صاحب (اباجی)",16,"105 106 107 108 111 113 116 117 118 119","103:108 104:108 105:108 106:108 107:108 108:108 109:108 109:113 110:113 114:113 114:119 115:119 116:119 117:119 118:119 119:119"
"انجم","ڈیڈی",23,"101 102 105 106 107 108 111 113 114 115 116 117 118 119","101:101 102:101 102:102 103:102 103:108 104:108 105:108 106:108 107:108 108:108 109:108 109:113 110:113 114:113 114:114 115:114 115:116 116:116 117:116 117:117 118:117 118:119 119:119"
"ایل ویرا","باجی (ثریا کی بڑی بہن)",2,"122 140","124:121 141:139"
"ایل ویرا","بادسانی",4,"140 145 146 149","141:140 143:148 144:148 150:148"
"ایل ویرا","بڑا بھائی (پروفیسر کا)",3,"141 142","141:142 142:142 143:142"
"ایل ویرا","بھائی جان (ثریا کے)",3,"122 138 139","124:121 141:136 141:138"
"ایل ویرا","ثریا",8,"122 123 138 139 140","124:120 124:121 124:122 124:123 141:136 141:137 141:138 141:139"
"ایل ویرا","جعفری",3,"122 123 139","124:121 124:122 141:137"
"ایل ویرا","دادا (حقیقت نیوش کا راوی)",1,"126","124:128"
"ایل ویرا","راوی (صفدر ٹھیلا قصہ)",28,"121 122 123 124 138 139 140 141 142 143 144 147 148 149 150 151 152 153","124:119 124:120 124:121 124:122 124:123 124:124 141:136 141:137 141:138 141:139 141:140 141:141 142:141 142:142 143:142 143:143 144:143 144:144 150:145 150:146 150:147 150:148 150:149 150:150 153:150 153:151 153:152 153:153"
"ایل ویرا","راوی (گولو/طنبورے کا قصہ)",28,"121 122 123 124 138 139 140 141 142 143 144 147 148 149 150 151 152 153","124:119 124:120 124:121 124:122 124:123 124:124 141:136 141:137 141:138 141:139 141:140 141:141 142:141 142:142 143:142 143:143 144:143 144:144 150:145 150:146 150:147 150:148 150:149 150:150 153:150 153:151 153:152 153:153"
"ایل ویرا","ریکٹر صاحب (یونیورسٹی)",6,"140 143 144 145 148","141:140 141:146 142:146 143:146 144:146 150:146"
"ایل ویرا","فیرا کونی",6,"140 145 146 149 150 151","141:140 143:148 144:148 150:148 150:150 153:150"
"ایل ویرا","لطیف صاحب",2,"123 138","124:123 141:136"
"ایل ویرا","ماریا",9,"141 142 143 144 147 151 153","141:142 142:142 143:142 143:143 144:143 144:144 150:145 150:153 153:153"
"ایل ویرا","مانی",3,"122 138 140","124:121 141:136 141:139"
"ایل ویرا","نظر",7,"126 142 143 150 151","124:128 141:143 142:143 143:143 144:143 150:150 153:150"
"ایل ویرا","نواب بیگم (ستا تالی)",11,"140 142 143 144 148 150 152","141:140 141:143 142:143 143:143 144:143 144:144 150:146 150:147 150:151 153:151 153:152"
"ایل ویرا","نواب صاحب (ستا تالی)",10,"142 143 144 148 149 150 151","141:143 142:143 143:143 144:143 144:144 150:146 150:147 150:148 150:150 153:150"
"ایل ویرا","ٹھاکر",1,"124","124:125"
"ایل ویرا","پروفیسر (روما والا راوی)",28,"121 122 123 124 138 139 140 141 142 143 144 147 148 149 150 151 152 153","124:119 124:120 124:121 124:122 124:123 124:124 141:136 141:137 141:138 141:139 141:140 141:141 142:141 142:142 143:142 143:143 144:143 144:144 150:145 150:146 150:147 150:148 150:149 150:150 153:150 153:151 153:152 153:153"
"ایل ویرا","ڈاکٹر صاحب (اباجی)",2,"121 138","124:119 141:136"
"ایل ویرا","ڈیڈی",2,"121 123","124:119 124:122"
"باجی (ثریا کی بڑی بہن)","بادسانی",1,"139","139:140"
"باجی (ثریا کی بڑی بہن)","بڑا بھائی (پروفیسر کا)",1,"140","139:142"
"باجی (ثریا کی بڑی بہن)","بھائی جان (ثریا کے)",4,"121 131 137 138","121:121 131:131 139:136 139:138"
"باجی (ثریا کی بڑی بہن)","ثریا",9,"120 121 131 136 137 138 139","121:120 121:121 131:131 139:134 139:135 139:136 139:137 139:138 139:139"
"باجی (ثریا کی بڑی بہن)","جعفری",3,"121 131 138","121:121 131:131 139:137"
"باجی (ثریا کی بڑی بہن)","دادا (حقیقت نیوش کا راوی)",1,"129","131:128"
"باجی (ثریا کی بڑی بہن)","راوی (صفدر ٹھیلا قصہ)",18,"118 119 120 121 128 129 130 131 136 137 138 139","121:116 121:117 121:118 121:119 121:120 121:121 131:126 131:127 131:128 131:129 131:130 131:131 139:134 139:135 139:136 139:137 139:138 139:139"
"باجی (ثریا کی بڑی بہن)","راوی (گولو/طنبورے کا قصہ)",18,"118 119 120 121 128 129 130 131 136 137 138 139","121:116 121:117 121:118 121:119 121:120 121:121 131:126 131:127 131:128 131:129 131:130 131:131 139:134 139:135 139:136 139:137 139:138 139:139"
"باجی (ثریا کی بڑی بہن)","ریکٹر صاحب (یونیورسٹی)",1,"139","139:140"
"باجی (ثریا کی بڑی بہن)","طلعت",1,"119","121:117"
"باجی (ثریا کی بڑی بہن)","فیرا کونی",1,"139","139:140"
"باجی (ثریا کی بڑی بہن)","لطیف صاحب",4,"122 131 137","121:123 131:131 139:135 139:136"
"باجی (ثریا کی بڑی بہن)","لطیف صاحب کا بھانجا",1,"131","131:131"
"باجی (ثریا کی بڑی بہن)","ماریا",1,"140","139:142"
"باجی (ثریا کی بڑی بہن)","مانی",4,"121 131 137 139","121:121 131:131 139:136 139:139"
"باجی (ثریا کی بڑی بہن)","نظر",3,"129 131 141","131:128 131:132 139:143"
"باجی (ثریا کی بڑی بہن)","نواب بیگم (ستا تالی)",1,"139","139:140"
"باجی (ثریا کی بڑی بہن)","نواب صاحب (ستا تالی)",1,"141","139:143"
"باجی (ثریا کی بڑی بہن)","ٹھاکر",7,"123 128 129 130 131","121:125 131:126 131:127 131:128 131:129 131:130 131:132"
"باجی (ثریا کی بڑی بہن)","پروفیسر (روما والا راوی)",18,"118 119 120 121 128 129 130 131 136 137 138 139","121:116 121:117 121:118 121:119 121:120 121:121 131:126 131:127 131:128 131:129 131:130 131:131 139:134 139:135 139:136 139:137 139:138 139:139"
"باجی (ثریا کی بڑی بہن)","ڈاکٹر صاحب (اباجی)",3,"120 131 137","121:119 131:131 139:136"
"باجی (ثریا کی بڑی بہن)","ڈیڈی",6,"118 119 120 121 132 136","121:116 121:117 121:119 121:122 131:133 139:134"
"بادسانی","بڑا بھائی (پروفیسر کا)",1,"141","140:142"
"بادسانی","بھائی جان (ثریا کے)",2,"138 139","140:136 140:138"
"بادسانی","ثریا",5,"137 138 139","140:135 140:136 140:137 140:138 140:139"
"بادسانی","جعفری",1,"138","140:137"
"بادسانی","راوی (صفدر ٹھیلا قصہ)",12,"137 138 139 140 145 146 147 148","140:135 140:136 140:137 140:138 140:139 140:140 148:143 148:144 148:145 148:146 148:147 148:148"
"بادسانی","راوی (گولو/طنبورے کا قصہ)",12,"137 138 139 140 145 146 147 148","140:135 140:136 140:137 140:138 140:139 140:140 148:143 148:144 148:145 148:146 148:147 148:148"
"بادسانی","ریکٹر صاحب (یونیورسٹی)",2,"140 147","140:140 148:146"
"بادسانی","فیرا کونی",2,"140 148","140:140 148:148"
"بادسانی","لطیف صاحب",2,"137 138","140:135 140:136"
"بادسانی","ماریا",5,"141 145 146 150","140:142 148:143 148:144 148:145 148:153"
"بادسانی","مانی",2,"138 139","140:136 140:139"
"بادسانی","نظر",3,"141 145 149","140:143 148:143 148:150"
"بادسانی","نواب بیگم (ستا تالی)",6,"140 145 146 147 149","140:140 148:143 148:144 148:146 148:147 148:151"
"بادسانی","نواب صاحب (ستا تالی)",6,"141 145 146 147 148","140:143 148:143 148:144 148:146 148:147 148:148"
"بادسانی","پروفیسر (روما والا راوی)",12,"137 138 139 140 145 146 147 148","140:135 140:136 140:137 140:138 140:139 140:140 148:143 148:144 148:145 148:146 148:147 148:148"
"بادسانی","ڈاکٹر صاحب (اباجی)",1,"138","140:136"
"بلقیس","جمیل",5,"91 92 93 94","91:91 93:91 93:93 94:93 94:94"
"بلقیس","راوی (صفدر ٹھیلا قصہ)",11,"88 89 90 91 92 93 94","91:86 91:87 91:88 91:89 91:90 91:91 93:91 93:92 93:93 94:93 94:94"
"بلقیس","راوی (گولو/طنبورے کا قصہ)",11,"88 89 90 91 92 93 94","91:86 91:87 91:88 91:89 91:90 91:91 93:91 93:92 93:93 94:93 94:94"
"بلقیس","زبیدہ",5,"91 92 93 94","91:91 93:91 93:93 94:93 94:94"
"بلقیس","صفدر ٹھیلا",4,"88 89 90","91:86 91:87 91:88 91:89"
"بلقیس","فرخ",3,"93 94","91:95 93:95 94:95"
"بلقیس","فرخ کی بیوی",2,"95","93:97 94:97"
"بلقیس","مولوی ابوالحسن",2,"88 89","91:86 91:88"
"بلقیس","نظر",3,"93 94","91:95 93:95 94:95"
"بلقیس","پروفیسر (روما والا راوی)",11,"88 89 90 91 92 93 94","91:86 91:87 91:88 91:89 91:90 91:91 93:91 93:92 93:93 94:93 94:94"
"بلقیس","پنڈت امرناتھ",5,"88 89 90","91:86 91:87 91:88 91:89 91:90"
"بلقیس","ڈاکٹر صاحب (اباجی)",3,"92 93","91:93 93:93 94:93"
"بڑا بھائی (پروفیسر کا)","بھائی جان (ثریا کے)",1,"140","142:138"
"بڑا بھائی (پروفیسر کا)","بی بی (قرۃ العین)",3,"37 39","39:35 39:36 39:40"
"بڑا بھائی (پروفیسر کا)","بے بے",3,"36 37 39","39:34 39:35 39:40"
"بڑا بھائی (پروفیسر کا)","ثریا",3,"139 140","142:137 142:138 142:139"
"بڑا بھائی (پروفیسر کا)","جعفری",1,"139","142:137"
"بڑا بھائی (پروفیسر کا)","جیجا رام پرتاپ",1,"37","39:35"
"بڑا بھائی (پروفیسر کا)","داؤ جی",6,"36 37 38 39 55","39:34 39:35 39:36 39:37 39:39 57:53"
"بڑا بھائی (پروفیسر کا)","رانو",3,"37 38 55","39:36 39:37 57:53"
"بڑا بھائی (پروفیسر کا)","راوی (صفدر ٹھیلا قصہ)",18,"36 37 38 39 54 55 56 57 139 140 141 142","39:34 39:35 39:36 39:37 39:38 39:39 57:52 57:53 57:54 57:55 57:56 57:57 142:137 142:138 142:139 142:140 142:141 142:142"
"بڑا بھائی (پروفیسر کا)","راوی (گولو/طنبورے کا قصہ)",18,"36 37 38 39 54 55 56 57 139 140 141 142","39:34 39:35 39:36 39:37 39:38 39:39 57:52 57:53 57:54 57:55 57:56 57:57 142:137 142:138 142:139 142:140 142:141 142:142"
"بڑا بھائی (پروفیسر کا)","ریکٹر صاحب (یونیورسٹی)",2,"141 144","142:140 142:146"
"بڑا بھائی (پروفیسر کا)","سرور",2,"54 58","57:52 57:60"
"بڑا بھائی (پروفیسر کا)","فیرا کونی",1,"141","142:140"
"بڑا بھائی (پروفیسر کا)","ماریا",1,"142","142:142"
"بڑا بھائی (پروفیسر کا)","مانی",1,"140","142:139"
"بڑا بھائی (پروفیسر کا)","نظر",3,"55 58 142","57:54 57:60 142:143"
"بڑا بھائی (پروفیسر کا)","نواب بیگم (ستا تالی)",2,"141 142","142:140 142:143"
"بڑا بھائی (پروفیسر کا)","نواب صاحب (ستا تالی)",1,"142","142:143"
"بڑا بھائی (پروفیسر کا)","پروفیسر (روما والا راوی)",18,"36 37 38 39 54 55 56 57 139 140 141 142","39:34 39:35 39:36 39:37 39:38 39:39 57:52 57:53 57:54 57:55 57:56 57:57 142:137 142:138 142:139 142:140 142:141 142:142"
"بڑا بھائی (پروفیسر کا)","ڈاکٹر صاحب (اباجی)",5,"36 38 39 56 57","39:34 39:37 39:40 57:56 57:57"
"بھائی جان (ثریا کے)","ثریا",11,"120 121 131 133 134 135 136 137 138","121:120 121:121 131:131 136:131 136:133 136:134 136:135 136:136 138:136 138:137 138:138"
"بھائی جان (ثریا کے)","جعفری",5,"121 131 133 136 137","121:121 131:131 136:131 136:137 138:137"
"بھائی جان (ثریا کے)","دادا (حقیقت نیوش کا راوی)",1,"129","131:128"
"بھائی جان (ثریا کے)","راوی (صفدر ٹھیلا قصہ)",21,"118 119 120 121 128 129 130 131 133 134 135 136 137 138","121:116 121:117 121:118 121:119 121:120 121:121 131:126 131:127 131:128 131:129 131:130 131:131 136:131 136:132 136:133 136:134 136:135 136:136 138:136 138:137 138:138"
"بھائی جان (ثریا کے)","راوی (گولو/طنبورے کا قصہ)",21,"118 119 120 121 128 129 130 131 133 134 135 136 137 138","121:116 121:117 121:118 121:119 121:120 121:121 131:126 131:127 131:128 131:129 131:130 131:131 136:131 136:132 136:133 136:134 136:135 136:136 138:136 138:137 138:138"
"بھائی جان (ثریا کے)","ریکٹر صاحب (یونیورسٹی)",2,"138 139","136:140 138:140"
"بھائی جان (ثریا کے)","طلعت",1,"119","121:117"
"بھائی جان (ثریا کے)","فیرا کونی",2,"138 139","136:140 138:140"
"بھائی جان (ثریا کے)","لطیف صاحب",6,"122 131 133 135 136 137","121:123 131:131 136:131 136:135 136:136 138:136"
"بھائی جان (ثریا کے)","لطیف صاحب کا بھانجا",2,"131 133","131:131 136:131"
"بھائی جان (ثریا کے)","ماریا",1,"140","138:142"
"بھائی جان (ثریا کے)","مانی",6,"121 131 133 136 137 138","121:121 131:131 136:131 136:136 138:136 138:139"
"بھائی جان (ثریا کے)","نظر",4,"129 131 134 140","131:128 131:132 136:132 138:143"
"بھائی جان (ثریا کے)","نواب بیگم (ستا تالی)",2,"138 139","136:140 138:140"
"بھائی جان (ثریا کے)","نواب صاحب (ستا تالی)",1,"140","138:143"
"بھائی جان (ثریا کے)","ٹھاکر",8,"123 128 129 130 131 134","121:125 131:126 131:127 131:128 131:129 131:130 131:132 136:132"
"بھائی جان (ثریا کے)","پروفیسر (روما والا راوی)",21,"118 119 120 121 128 129 130 131 133 134 135 136 137 138","121:116 121:117 121:118 121:119 121:120 121:121 131:126 131:127 131:128 131:129 131:130 131:131 136:131 136:132 136:133 136:134 136:135 136:136 138:136 138:137 138:138"
"بھائی جان (ثریا کے)","ڈاکٹر صاحب (اباجی)",5,"120 131 133 136 137","121:119 131:131 136:131 136:136 138:136"
"بھائی جان (ثریا کے)","ڈیڈی",7,"118 119 120 121 132 134 135","121:116 121:117 121:119 121:122 131:133 136:133 136:134"
"بی بی (قرۃ العین)","بے بے",23,"7 8 9 10 11 12 17 18 19 30 31 32 33 34 35 38 40","7:7 8:7 8:8 9:8 9:9 10:9 10:10 12:10 12:12 19:15 19:16 19:17 19:19 33:28 33:29 33:32 33:33 35:33 35:34 35:35 36:35 36:40 40:40"
"بی بی (قرۃ العین)","ثریا",1,"112","113:112"
"بی بی (قرۃ العین)","جعفری",1,"112","113:112"
"بی بی (قرۃ العین)","جیجا رام پرتاپ",3,"34 35","33:35 35:35 36:35"
"بی بی (قرۃ العین)","داؤ جی",34,"4 5 6 7 8 9 10 11 12 16 17 18 19 30 31 32 33 34 35 36 38 39 40","7:2 7:3 7:4 7:5 7:6 7:7 8:7 8:8 9:8 9:9 10:9 10:10 12:10 12:11 12:12 19:14 19:16 19:17 19:19 33:28 33:29 33:30 33:31 33:32 33:33 35:33 35:34 35:35 36:35 36:36 40:36 40:37 40:39 40:40"
"بی بی (قرۃ العین)","دادا (حقیقت نیوش کا راوی)",5,"9 10 11 12","7:12 8:12 9:12 10:12 12:12"
"بی بی (قرۃ العین)","دیسو",1,"4","7:2"
"بی بی (قرۃ العین)","رانو",11,"9 10 11 30 34 35 36 38","7:11 8:11 9:11 10:11 12:11 33:28 33:36 35:36 36:36 40:36 40:37"
"بی بی (قرۃ العین)","راوی (صفدر ٹھیلا قصہ)",43,"4 5 6 7 8 9 10 11 12 16 17 18 19 30 31 32 33 34 35 36 38 39 40 110 111 112 113","7:2 7:3 7:4 7:5 7:6 7:7 8:7 8:8 9:8 9:9 10:9 10:10 12:10 12:11 12:12 19:14 19:15 19:16 19:17 19:18 19:19 33:28 33:29 33:30 33:31 33:32 33:33 35:33 35:34 35:35 36:35 36:36 40:36 40:37 40:38 40:39 40:40 113:108 113:109 113:110 113:111 113:112 113:113"
"بی بی (قرۃ العین)","راوی (گولو/طنبورے کا قصہ)",43,"4 5 6 7 8 9 10 11 12 16 17 18 19 30 31 32 33 34 35 36 38 39 40 110 111 112 113","7:2 7:3 7:4 7:5 7:6 7:7 8:7 8:8 9:8 9:9 10:9 10:10 12:10 12:11 12:12 19:14 19:15 19:16 19:17 19:18 19:19 33:28 33:29 33:30 33:31 33:32 33:33 35:33 35:34 35:35 36:35 36:36 40:36 40:37 40:38 40:39 40:40 113:108 113:109 113:110 113:111 113:112 113:113"
"بی بی (قرۃ العین)","طلعت",1,"115","113:117"
"بی بی (قرۃ العین)","مانی",1,"113","113:114"
"بی بی (قرۃ العین)","نظر",2,"5 20","7:4 19:21"
"بی بی (قرۃ العین)","پروفیسر (روما والا راوی)",43,"4 5 6 7 8 9 10 11 12 16 17 18 19 30 31 32 33 34 35 36 38 39 40 110 111 112 113","7:2 7:3 7:4 7:5 7:6 7:7 8:7 8:8 9:8 9:9 10:9 10:10 12:10 12:11 12:12 19:14 19:15 19:16 19:17 19:18 19:19 33:28 33:29 33:30 33:31 33:32 33:33 35:33 35:34 35:35 36:35 36:36 40:36 40:37 40:38 40:39 40:40 113:108 113:109 113:110 113:111 113:112 113:113"
"بی بی (قرۃ العین)","ڈاکٹر صاحب (اباجی)",19,"4 5 12 13 17 18 19 32 33 34 36 38 40 110 113","7:2 7:3 7:4 10:15 12:15 19:15 19:16 19:17 19:18 19:19 33:32 33:34 35:34 35:37 36:37 40:37 40:40 113:108 113:113"
"بی بی (قرۃ العین)","ڈیڈی",2,"110 113","113:108 113:113"
"بے بے","جیجا رام پرتاپ",5,"33 34 35 37","32:35 33:35 34:35 35:35 40:35"
"بے بے","داؤ جی",47,"4 5 6 7 8 9 10 11 12 13 14 15 16 17 18 19 26 27 28 29 30 31 32 33 34 35 37 38 39 40 51","7:2 7:3 7:4 7:5 7:6 7:7 8:7 8:8 9:8 9:9 10:9 10:10 12:10 12:11 12:12 15:12 15:13 15:14 15:16 16:16 17:16 17:17 19:17 19:19 28:24 28:25 28:26 28:27 28:28 29:28 29:29 32:29 32:30 32:31 32:32 33:32 33:33 34:33 34:34 35:34 35:35 40:35 40:36 40:37 40:39 40:40 51:51"
"بے بے","دادا (حقیقت نیوش کا راوی)",6,"9 10 11 12 13","7:12 8:12 9:12 10:12 12:12 15:12"
"بے بے","دیسو",1,"4","7:2"
"بے بے","رانو",14,"9 10 11 28 34 35 38 51","7:11 8:11 9:11 10:11 12:11 28:28 29:28 32:36 33:36 34:36 35:36 40:36 40:37 51:51"
"بے بے","راوی (صفدر ٹھیلا قصہ)",56,"4 5 6 7 8 9 10 11 12 13 14 15 16 17 18 19 25 26 27 28 29 30 31 32 33 34 35 37 38 39 40 48 49 50 51","7:2 7:3 7:4 7:5 7:6 7:7 8:7 8:8 9:8 9:9 10:9 10:10 12:10 12:11 12:12 15:12 15:13 15:14 15:15 16:15 16:16 17:16 17:17 19:17 19:18 19:19 28:23 28:24 28:25 28:26 28:27 28:28 29:28 29:29 32:29 32:30 32:31 32:32 33:32 33:33 34:33 34:34 35:34 35:35 40:35 40:36 40:37 40:38 40:39 40:40 51:46 51:47 51:48 51:49 51:50 51:51"
"بے بے","راوی (گولو/طنبورے کا قصہ)",56,"4 5 6 7 8 9 10 11 12 13 14 15 16 17 18 19 25 26 27 28 29 30 31 32 33 34 35 37 38 39 40 48 49 50 51","7:2 7:3 7:4 7:5 7:6 7:7 8:7 8:8 9:8 9:9 10:9 10:10 12:10 12:11 12:12 15:12 15:13 15:14 15:15 16:15 16:16 17:16 17:17 19:17 19:18 19:19 28:23 28:24 28:25 28:26 28:27 28:28 29:28 29:29 32:29 32:30 32:31 32:32 33:32 33:33 34:33 34:34 35:34 35:35 40:35 40:36 40:37 40:38 40:39 40:40 51:46 51:47 51:48 51:49 51:50 51:51"
"بے بے","سرور",5,"49 50 51","51:47 51:48 51:49 51:50 51:52"
"بے بے","عطیہ بانو پیر زادی",1,"49","51:48"
"بے بے","نظر",6,"5 18 19 20 26 51","7:4 16:21 17:21 19:21 28:25 51:51"
"بے بے","پروفیسر (روما والا راوی)",56,"4 5 6 7 8 9 10 11 12 13 14 15 16 17 18 19 25 26 27 28 29 30 31 32 33 34 35 37 38 39 40 48 49 50 51","7:2 7:3 7:4 7:5 7:6 7:7 8:7 8:8 9:8 9:9 10:9 10:10 12:10 12:11 12:12 15:12 15:13 15:14 15:15 16:15 16:16 17:16 17:17 19:17 19:18 19:19 28:23 28:24 28:25 28:26 28:27 28:28 29:28 29:29 32:29 32:30 32:31 32:32 33:32 33:33 34:33 34:34 35:34 35:35 40:35 40:36 40:37 40:38 40:39 40:40 51:46 51:47 51:48 51:49 51:50 51:51"
"بے بے","ڈاکٹر صاحب (اباجی)",24,"4 5 12 13 15 16 17 18 19 30 32 33 34 36 38 40 53","7:2 7:3 7:4 10:15 12:15 15:15 16:15 16:16 17:16 17:17 19:17 19:18 19:19 28:32 29:32 32:32 33:32 33:34 34:34 35:34 35:37 40:37 40:40 51:56"
"ثریا","جعفری",14,"112 120 121 122 131 132 135 136 137","112:112 120:121 121:121 122:121 122:122 123:122 131:131 133:131 133:137 134:137 135:137 136:137 137:137 138:137"
"ثریا","دادا (حقیقت نیوش کا راوی)",2,"125 129","123:128 131:128"
"ثریا","راوی (صفدر ٹھیلا قصہ)",39,"109 110 111 112 117 118 119 120 121 122 123 128 129 130 131 132 133 134 135 136 137 138 139","112:107 112:108 112:109 112:110 112:111 112:112 120:115 120:116 120:117 120:118 120:119 120:120 121:120 121:121 122:121 122:122 123:122 123:123 131:126 131:127 131:128 131:129 131:130 131:131 133:131 133:132 133:133 134:133 134:134 135:134 135:135 136:135 136:136 137:136 137:137 138:137 138:138 139:138 139:139"
"ثریا","راوی (گولو/طنبورے کا قصہ)",39,"109 110 111 112 117 118 119 120 121 122 123 128 129 130 131 132 133 134 135 136 137 138 139","112:107 112:108 112:109 112:110 112:111 112:112 120:115 120:116 120:117 120:118 120:119 120:120 121:120 121:121 122:121 122:122 123:122 123:123 131:126 131:127 131:128 131:129 131:130 131:131 133:131 133:132 133:133 134:133 134:134 135:134 135:135 136:135 136:136 137:136 137:137 138:137 138:138 139:138 139:139"
"ثریا","ریکٹر صاحب (یونیورسٹی)",5,"137 138 139","135:140 136:140 137:140 138:140 139:140"
"ثریا","طلعت",3,"109 114 118","112:107 112:117 120:117"
"ثریا","فیرا کونی",5,"137 138 139","135:140 136:140 137:140 138:140 139:140"
"ثریا","لطیف صاحب",12,"121 122 123 131 132 134 135 136","120:123 121:123 122:123 123:123 131:131 133:131 133:135 134:135 135:135 136:135 136:136 137:136"
"ثریا","لطیف صاحب کا بھانجا",2,"131 132","131:131 133:131"
"ثریا","ماریا",3,"139 140","137:142 138:142 139:142"
"ثریا","مانی",14,"113 120 121 131 132 134 135 136 138 139","112:114 120:121 121:121 122:121 131:131 133:131 133:136 134:136 135:136 136:136 137:136 137:139 138:139 139:139"
"ثریا","نظر",7,"109 125 129 131 132 140 141","112:107 123:128 131:128 131:132 133:132 138:143 139:143"
"ثریا","نواب بیگم (ستا تالی)",5,"137 138 139","135:140 136:140 137:140 138:140 139:140"
"ثریا","نواب صاحب (ستا تالی)",2,"140 141","138:143 139:143"
"ثریا","ٹھاکر",11,"122 123 124 128 129 130 131 132","120:125 121:125 122:125 123:125 131:126 131:127 131:128 131:129 131:130 131:132 133:132"
"ثریا","پروفیسر (روما والا راوی)",39,"109 110 111 112 117 118 119 120 121 122 123 128 129 130 131 132 133 134 135 136 137 138 139","112:107 112:108 112:109 112:110 112:111 112:112 120:115 120:116 120:117 120:118 120:119 120:120 121:120 121:121 122:121 122:122 123:122 123:123 131:126 131:127 131:128 131:129 131:130 131:131 133:131 133:132 133:133 134:133 134:134 135:134 135:135 136:135 136:136 137:136 137:137 138:137 138:138 139:138 139:139"
"ثریا","ڈاکٹر صاحب (اباجی)",10,"110 112 119 131 132 134 135 136","112:108 112:113 120:119 131:131 133:131 133:136 134:136 135:136 136:136 137:136"
"ثریا","ڈیڈی",14,"110 112 118 119 121 122 132 133 134","112:108 112:113 120:116 120:117 120:119 120:122 121:122 122:122 123:122 131:133 133:133 134:133 134:134 135:134"
"جعفری","دادا (حقیقت نیوش کا راوی)",1,"129","131:128"
"جعفری","راوی (صفدر ٹھیلا قصہ)",26,"109 110 111 112 118 119 120 121 122 128 129 130 131 134 135 136 137","112:107 112:108 112:109 112:110 112:111 112:112 121:116 121:117 121:118 121:119 121:120 121:121 122:121 122:122 131:126 131:127 131:128 131:129 131:130 131:131 137:132 137:133 137:134 137:135 137:136 137:137"
"جعفری","راوی (گولو/طنبورے کا قصہ)",26,"109 110 111 112 118 119 120 121 122 128 129 130 131 134 135 136 137","112:107 112:108 112:109 112:110 112:111 112:112 121:116 121:117 121:118 121:119 121:120 121:121 122:121 122:122 131:126 131:127 131:128 131:129 131:130 131:131 137:132 137:133 137:134 137:135 137:136 137:137"
"جعفری","ریکٹر صاحب (یونیورسٹی)",1,"138","137:140"
"جعفری","طلعت",3,"109 114 119","112:107 112:117 121:117"
"جعفری","فیرا کونی",1,"138","137:140"
"جعفری","لطیف صاحب",5,"122 131 136","121:123 122:123 131:131 137:135 137:136"
"جعفری","لطیف صاحب کا بھانجا",1,"131","131:131"
"جعفری","ماریا",1,"139","137:142"
"جعفری","مانی",6,"113 121 131 136 138","112:114 121:121 122:121 131:131 137:136 137:139"
"جعفری","نظر",4,"109 129 131 134","112:107 131:128 131:132 137:132"
"جعفری","نواب بیگم (ستا تالی)",1,"138","137:140"
"جعفری","ٹھاکر",9,"123 128 129 130 131 134","121:125 122:125 131:126 131:127 131:128 131:129 131:130 131:132 137:132"
"جعفری","پروفیسر (روما والا راوی)",26,"109 110 111 112 118 119 120 121 122 128 129 130 131 134 135 136 137","112:107 112:108 112:109 112:110 112:111 112:112 121:116 121:117 121:118 121:119 121:120 121:121 122:121 122:122 131:126 131:127 131:128 131:129 131:130 131:131 137:132 137:133 137:134 137:135 137:136 137:137"
"جعفری","ڈاکٹر صاحب (اباجی)",5,"110 112 120 131 136","112:108 112:113 121:119 131:131 137:136"
"جعفری","ڈیڈی",10,"110 112 118 119 120 121 122 132 135","112:108 112:113 121:116 121:117 121:119 121:122 122:122 131:133 137:133 137:134"
"جمیل","حبیب عینی",1,"81","80:83"
"جمیل","دادا (حقیقت نیوش کا راوی)",1,"63","64:63"
"جمیل","راوی (صفدر ٹھیلا قصہ)",41,"61 62 63 64 65 66 67 68 69 70 71 72 77 78 79 80 88 89 90 91 92 93 94 95 96","64:59 64:60 64:61 64:62 64:63 64:64 65:64 65:65 66:65 66:66 67:66 67:67 68:67 68:68 69:68 69:69 70:69 70:70 72:70 72:71 72:72 80:75 80:76 80:77 80:78 80:79 80:80 91:86 91:87 91:88 91:89 91:90 91:91 93:91 93:92 93:93 94:93 94:94 96:94 96:95 96:96"
"جمیل","راوی (گولو/طنبورے کا قصہ)",41,"61 62 63 64 65 66 67 68 69 70 71 72 77 78 79 80 88 89 90 91 92 93 94 95 96","64:59 64:60 64:61 64:62 64:63 64:64 65:64 65:65 66:65 66:66 67:66 67:67 68:67 68:68 69:68 69:69 70:69 70:70 72:70 72:71 72:72 80:75 80:76 80:77 80:78 80:79 80:80 91:86 91:87 91:88 91:89 91:90 91:91 93:91 93:92 93:93 94:93 94:94 96:94 96:95 96:96"
"جمیل","زبیدہ",18,"64 65 66 67 68 69 80 91 92 93 94 95","64:65 65:65 66:65 66:66 67:66 67:67 68:67 68:68 69:68 69:69 70:69 80:80 91:91 93:91 93:93 94:93 94:94 96:94"
"جمیل","سرور",15,"62 63 68 69 70 71 72 77 78 79","64:60 64:61 64:62 66:71 67:71 68:71 69:71 70:71 72:71 72:73 80:75 80:76 80:77 80:78 80:79"
"جمیل","سعدی",13,"63 64 66 67 68 69 70 71 80","64:63 64:64 65:64 65:67 66:67 67:67 68:67 68:69 69:69 70:69 70:70 72:70 80:80"
"جمیل","صفدر ٹھیلا",6,"81 88 89 90 98","80:83 91:86 91:87 91:88 91:89 96:100"
"جمیل","عزیز الدین",5,"70 71 72 79","68:73 69:73 70:73 72:73 80:78"
"جمیل","فرخ",6,"80 93 94 95 96","80:81 91:95 93:95 94:95 96:95 96:96"
"جمیل","فرخ کی بیوی",4,"80 95 96","80:81 93:97 94:97 96:97"
"جمیل","مس تیلما",7,"67 68 69 70 71","65:70 66:70 67:70 68:70 69:70 70:70 72:70"
"جمیل","مولوی ابوالحسن",3,"82 88 89","80:84 91:86 91:88"
"جمیل","نظر",9,"62 63 79 93 94 95 97","64:60 64:62 64:63 80:79 91:95 93:95 94:95 96:95 96:98"
"جمیل","پروفیسر (روما والا راوی)",41,"61 62 63 64 65 66 67 68 69 70 71 72 77 78 79 80 88 89 90 91 92 93 94 95 96","64:59 64:60 64:61 64:62 64:63 64:64 65:64 65:65 66:65 66:66 67:66 67:67 68:67 68:68 69:68 69:69 70:69 70:70 72:70 72:71 72:72 80:75 80:76 80:77 80:78 80:79 80:80 91:86 91:87 91:88 91:89 91:90 91:91 93:91 93:92 93:93 94:93 94:94 96:94 96:95 96:96"
"جمیل","پنڈت امرناتھ",7,"82 88 89 90 98","80:84 91:86 91:87 91:88 91:89 91:90 96:100"
"جمیل","ڈاکٹر صاحب (اباجی)",8,"70 71 72 77 92 93","68:73 69:73 70:73 72:73 80:75 91:93 93:93 94:93"
"جمیل","ڈیڈی",1,"98","96:101"
"جیجا رام پرتاپ","داؤ جی",6,"32 33 34 35","35:30 35:31 35:32 35:33 35:34 35:35"
"جیجا رام پرتاپ","رانو",1,"35","35:36"
"جیجا رام پرتاپ","راوی (صفدر ٹھیلا قصہ)",6,"32 33 34 35","35:30 35:31 35:32 35:33 35:34 35:35"
"جیجا رام پرتاپ","راوی (گولو/طنبورے کا قصہ)",6,"32 33 34 35","35:30 35:31 35:32 35:33 35:34 35:35"
"جیجا رام پرتاپ","پروفیسر (روما والا راوی)",6,"32 33 34 35","35:30 35:31 35:32 35:33 35:34 35:35"
"جیجا رام پرتاپ","ڈاکٹر صاحب (اباجی)",3,"33 34 36","35:32 35:34 35:37"
"حبیب عینی","راوی (صفدر ٹھیلا قصہ)",6,"80 81 82 83","83:78 83:79 83:80 83:81 83:82 83:83"
"حبیب عینی","راوی (گولو/طنبورے کا قصہ)",6,"80 81 82 83","83:78 83:79 83:80 83:81 83:82 83:83"
"حبیب عینی","زبیدہ",1,"81","83:80"
"حبیب عینی","سرور",2,"80 81","83:78 83:79"
"حبیب عینی","سعدی",1,"81","83:80"
"حبیب عینی","صفدر ٹھیلا",1,"83","83:83"
"حبیب عینی","عزیز الدین",1,"80","83:78"
"حبیب عینی","فرخ",2,"82","83:81 83:82"
"حبیب عینی","فرخ کی بیوی",2,"82","83:81 83:82"
"حبیب عینی","مولوی ابوالحسن",1,"83","83:84"
"حبیب عینی","نظر",1,"81","83:79"
"حبیب عینی","پروفیسر (روما والا راوی)",6,"80 81 82 83","83:78 83:79 83:80 83:81 83:82 83:83"
"حبیب عینی","پنڈت امرناتھ",1,"83","83:84"
"داؤ جی","دادا (حقیقت نیوش کا راوی)",7,"9 10 11 12","7:12 8:12 9:12 10:12 11:12 12:12 13:12"
"داؤ جی","دیسو",2,"2","2:2 3:2"
"داؤ جی","رانو",25,"8 9 10 11 26 27 28 33 34 35 36 37 38 51 52 53","6:11 7:11 8:11 9:11 10:11 11:11 12:11 24:28 25:28 26:28 27:28 28:28 29:28 31:36 32:36 33:36 34:36 35:36 36:36 37:36 37:37 39:37 51:51 53:51 53:53"
"داؤ جی","راوی (صفدر ٹھیلا قصہ)",83,"1 2 3 4 5 6 7 8 9 10 11 12 13 14 15 16 17 18 19 20 21 22 23 24 25 26 27 28 29 30 31 32 33 34 35 36 37 38 39 40 48 49 50 51 52 53","2:1 2:2 3:2 3:3 4:3 4:4 5:4 5:5 6:5 6:6 7:6 7:7 8:7 8:8 9:8 9:9 10:9 10:10 11:10 11:11 12:11 12:12 13:12 13:13 14:13 14:14 16:14 16:15 16:16 17:16 17:17 19:17 19:18 19:19 20:19 20:20 21:20 21:21 22:21 22:22 24:22 24:23 24:24 25:24 25:25 26:25 26:26 27:26 27:27 28:27 28:28 29:28 29:29 30:29 30:30 31:30 31:31 32:31 32:32 33:32 33:33 34:33 34:34 35:34 35:35 36:35 36:36 37:36 37:37 39:37 39:38 39:39 40:39 40:40 51:46 51:47 51:48 51:49 51:50 51:51 53:51 53:52 53:53"
"داؤ جی","راوی (گولو/طنبورے کا قصہ)",83,"1 2 3 4 5 6 7 8 9 10 11 12 13 14 15 16 17 18 19 20 21 22 23 24 25 26 27 28 29 30 31 32 33 34 35 36 37 38 39 40 48 49 50 51 52 53","2:1 2:2 3:2 3:3 4:3 4:4 5:4 5:5 6:5 6:6 7:6 7:7 8:7 8:8 9:8 9:9 10:9 10:10 11:10 11:11 12:11 12:12 13:12 13:13 14:13 14:14 16:14 16:15 16:16 17:16 17:17 19:17 19:18 19:19 20:19 20:20 21:20 21:21 22:21 22:22 24:22 24:23 24:24 25:24 25:25 26:25 26:26 27:26 27:27 28:27 28:28 29:28 29:29 30:29 30:30 31:30 31:31 32:31 32:32 33:32 33:33 34:33 34:34 35:34 35:35 36:35 36:36 37:36 37:37 39:37 39:38 39:39 40:39 40:40 51:46 51:47 51:48 51:49 51:50 51:51 53:51 53:52 53:53"
"داؤ جی","سرور",6,"49 50 51 52","51:47 51:48 51:49 51:50 51:52 53:52"
"داؤ جی","عطیہ بانو پیر زادی",1,"49","51:48"
"داؤ جی","نظر",17,"3 4 18 19 20 21 23 24 25 51 52 53","2:4 3:4 4:4 5:4 16:21 17:21 19:21 20:21 21:21 22:21 22:25 24:25 25:25 26:25 51:51 53:51 53:54"
"داؤ جی","پروفیسر (روما والا راوی)",83,"1 2 3 4 5 6 7 8 9 10 11 12 13 14 15 16 17 18 19 20 21 22 23 24 25 26 27 28 29 30 31 32 33 34 35 36 37 38 39 40 48 49 50 51 52 53","2:1 2:2 3:2 3:3 4:3 4:4 5:4 5:5 6:5 6:6 7:6 7:7 8:7 8:8 9:8 9:9 10:9 10:10 11:10 11:11 12:11 12:12 13:12 13:13 14:13 14:14 16:14 16:15 16:16 17:16 17:17 19:17 19:18 19:19 20:19 20:20 21:20 21:21 22:21 22:22 24:22 24:23 24:24 25:24 25:25 26:25 26:26 27:26 27:27 28:27 28:28 29:28 29:29 30:29 30:30 31:30 31:31 32:31 32:32 33:32 33:33 34:33 34:34 35:34 35:35 36:35 36:36 37:36 37:37 39:37 39:38 39:39 40:39 40:40 51:46 51:47 51:48 51:49 51:50 51:51 53:51 53:52 53:53"
"داؤ جی","ڈاکٹر صاحب (اباجی)",38,"1 2 3 4 12 13 14 15 16 17 18 19 29 30 31 32 33 34 36 37 38 39 40 53 54","2:1 2:2 3:2 3:3 4:3 4:4 5:4 10:15 11:15 12:15 13:15 14:15 16:15 16:16 17:16 17:17 19:17 19:18 19:19 20:19 27:32 28:32 29:32 30:32 31:32 32:32 33:32 33:34 34:34 35:34 35:37 36:37 37:37 39:37 39:40 40:40 51:56 53:56"
"داؤ جی","کوڈو",1,"1","2:1"
"دادا (حقیقت نیوش کا راوی)","رانو",1,"11","12:11"
"دادا (حقیقت نیوش کا راوی)","راوی (صفدر ٹھیلا قصہ)",18,"9 10 11 12 60 61 62 63 125 126 127 128","12:7 12:8 12:9 12:10 12:11 12:12 63:58 63:59 63:60 63:61 63:62 63:63 128:123 128:124 128:125 128:126 128:127 128:128"
"دادا (حقیقت نیوش کا راوی)","راوی (گولو/طنبورے کا قصہ)",18,"9 10 11 12 60 61 62 63 125 126 127 128","12:7 12:8 12:9 12:10 12:11 12:12 63:58 63:59 63:60 63:61 63:62 63:63 128:123 128:124 128:125 128:126 128:127 128:128"
"دادا (حقیقت نیوش کا راوی)","زبیدہ",1,"64","63:65"
"دادا (حقیقت نیوش کا راوی)","سرور",3,"61 62","63:60 63:61 63:62"
"دادا (حقیقت نیوش کا راوی)","سعدی",1,"63","63:63"
"دادا (حقیقت نیوش کا راوی)","لطیف صاحب",2,"125 129","128:123 128:131"
"دادا (حقیقت نیوش کا راوی)","لطیف صاحب کا بھانجا",1,"129","128:131"
"دادا (حقیقت نیوش کا راوی)","مانی",1,"129","128:131"
"دادا (حقیقت نیوش کا راوی)","نظر",4,"61 62 63 128","63:60 63:62 63:63 128:128"
"دادا (حقیقت نیوش کا راوی)","ٹھاکر",4,"126 127 128","128:125 128:126 128:127 128:128"
"دادا (حقیقت نیوش کا راوی)","پروفیسر (روما والا راوی)",18,"9 10 11 12 60 61 62 63 125 126 127 128","12:7 12:8 12:9 12:10 12:11 12:12 63:58 63:59 63:60 63:61 63:62 63:63 128:123 128:124 128:125 128:126 128:127 128:128"
"دادا (حقیقت نیوش کا راوی)","ڈاکٹر صاحب (اباجی)",2,"13 129","12:15 128:131"
"دادا (حقیقت نیوش کا راوی)","ڈیڈی",1,"130","128:133"
"دیسو","راوی (صفدر ٹھیلا قصہ)",2,"1 2","2:1 2:2"
"دیسو","راوی (گولو/طنبورے کا قصہ)",2,"1 2","2:1 2:2"
"دیسو","نظر",1,"3","2:4"
"دیسو","پروفیسر (روما والا راوی)",2,"1 2","2:1 2:2"
"دیسو","ڈاکٹر صاحب (اباجی)",2,"1 2","2:1 2:2"
"دیسو","کوڈو",1,"1","2:1"
"رانو","راوی (صفدر ٹھیلا قصہ)",29,"8 9 10 11 25 26 27 28 33 34 35 36 37 48 49 50 51 52 53","11:6 11:7 11:8 11:9 11:10 11:11 28:23 28:24 28:25 28:26 28:27 28:28 36:31 36:32 36:33 36:34 36:35 36:36 37:36 37:37 51:46 51:47 51:48 51:49 51:50 51:51 53:51 53:52 53:53"
"رانو","راوی (گولو/طنبورے کا قصہ)",29,"8 9 10 11 25 26 27 28 33 34 35 36 37 48 49 50 51 52 53","11:6 11:7 11:8 11:9 11:10 11:11 28:23 28:24 28:25 28:26 28:27 28:28 36:31 36:32 36:33 36:34 36:35 36:36 37:36 37:37 51:46 51:47 51:48 51:49 51:50 51:51 53:51 53:52 53:53"
"رانو","سرور",6,"49 50 51 52","51:47 51:48 51:49 51:50 51:52 53:52"
"رانو","عطیہ بانو پیر زادی",1,"49","51:48"
"رانو","نظر",4,"26 51 52 53","28:25 51:51 53:51 53:54"
"رانو","پروفیسر (روما والا راوی)",29,"8 9 10 11 25 26 27 28 33 34 35 36 37 48 49 50 51 52 53","11:6 11:7 11:8 11:9 11:10 11:11 28:23 28:24 28:25 28:26 28:27 28:28 36:31 36:32 36:33 36:34 36:35 36:36 37:36 37:37 51:46 51:47 51:48 51:49 51:50 51:51 53:51 53:52 53:53"
"رانو","ڈاکٹر صاحب (اباجی)",8,"13 30 34 35 36 37 53 54","11:15 28:32 36:32 36:34 36:37 37:37 51:56 53:56"
"راوی (صفدر ٹھیلا قصہ)","راوی (گولو/طنبورے کا قصہ)",305,"1 2 3 4 5 6 7 8 9 10 11 12 13 14 15 16 17 18 19 20 21 22 23 24 25 26 27 28 29 30 31 32 33 34 35 36 37 38 39 40 41 42 43 44 45 46 47 48 49 50 51 52 53 54 55 56 57 58 59 60 61 62 63 64 65 66 67 68 69 70 71 72 73 74 75 76 77 78 79 80 81 82 83 84 85 86 87 88 89 90 91 92 93 94 95 96 97 98 99 100 101 102 103 104 105 106 107 108 109 110 111 112 113 114 115 116 117 118 119 120 121 122 123 124 125 126 127 128 129 130 131 132 133 134 135 136 137 138 139 140 141 142 143 144 145 146 147 148 149 150 151 152 153","1:1 2:1 2:2 3:2 3:3 4:3 4:4 5:4 5:5 6:5 6:6 7:6 7:7 8:7 8:8 9:8 9:9 10:9 10:10 11:10 11:11 12:11 12:12 13:12 13:13 14:13 14:14 15:14 15:15 16:15 16:16 17:16 17:17 18:17 18:18 19:18 19:19 20:19 20:20 21:20 21:21 22:21 22:22 23:22 23:23 24:23 24:24 25:24 25:25 26:25 26:26 27:26 27:27 28:27 28:28 29:28 29:29 30:29 30:30 31:30 31:31 32:31 32:32 33:32 33:33 34:33 34:34 35:34 35:35 36:35 36:36 37:36 37:37 38:37 38:38 39:38 39:39 40:39 40:40 41:40 41:41 42:41 42:42 43:42 43:43 44:43 44:44 45:44 45:45 46:45 46:46 47:46 47:47 48:47 48:48 49:48 49:49 50:49 50:50 51:50 51:51 52:51 52:52 53:52 53:53 54:53 54:54 55:54 55:55 56:55 56:56 57:56 57:57 58:57 58:58 59:58 59:59 60:59 60:60 61:60 61:61 62:61 62:62 63:62 63:63 64:63 64:64 65:64 65:65 66:65 66:66 67:66 67:67 68:67 68:68 69:68 69:69 70:69 70:70 71:70 71:71 72:71 72:72 73:72 73:73 74:73 74:74 75:74 75:75 76:75 76:76 77:76 77:77 78:77 78:78 79:78 79:79 80:79 80:80 81:80 81:81 82:81 82:82 83:82 83:83 84:83 84:84 85:84 85:85 86:85 86:86 87:86 87:87 88:87 88:88 89:88 89:89 90:89 90:90 91:90 91:91 92:91 92:92 93:92 93:93 94:93 94:94 95:94 95:95 96:95 96:96 97:96 97:97 98:97 98:98 99:98 99:99 100:99 100:100 101:100 101:101 102:101 102:102 103:102 103:103 104:103 104:104 105:104 105:105 106:105 106:106 107:106 107:107 108:107 108:108 109:108 109:109 110:109 110:110 111:110 111:111 112:111 112:112 113:112 113:113 114:113 114:114 115:114 115:115 116:115 116:116 117:116 117:117 118:117 118:118 119:118 119:119 120:119 120:120 121:120 121:121 122:121 122:122 123:122 123:123 124:123 124:124 125:124 125:125 126:125 126:126 127:126 127:127 128:127 128:128 129:128 129:129 130:129 130:130 131:130 131:131 132:131 132:132 133:132 133:133 134:133 134:134 135:134 135:135 136:135 136:136 137:136 137:137 138:137 138:138 139:138 139:139 140:139 140:140 141:140 141:141 142:141 142:142 143:142 143:143 144:143 144:144 145:144 145:145 146:145 146:146 147:146 147:147 148:147 148:148 149:148 149:149 150:149 150:150 151:150 151:151 152:151 152:152 153:152 153:153"
"راوی (صفدر ٹھیلا قصہ)","ریکٹر صاحب (یونیورسٹی)",14,"137 138 139 140 143 144 145 146","135:140 136:140 137:140 138:140 139:140 140:140 141:140 141:146 142:146 143:146 144:146 145:146 146:146 147:146"
"راوی (صفدر ٹھیلا قصہ)","زبیدہ",34,"62 63 64 65 66 67 68 69 77 78 79 80 88 89 90 91 92 93 94","60:65 61:65 62:65 63:65 64:65 65:65 66:65 66:66 67:66 67:67 68:67 68:68 69:68 69:69 70:69 75:80 76:80 77:80 78:80 79:80 80:80 81:80 86:91 87:91 88:91 89:91 90:91 91:91 92:91 92:93 93:93 94:93 94:94 95:94"
"راوی (صفدر ٹھیلا قصہ)","سرور",49,"44 45 46 47 48 49 50 51 52 57 58 59 60 61 62 68 69 70 71 72 73 74 75 76 77 78 79","42:47 43:47 44:47 45:47 46:47 47:47 48:47 48:48 49:48 49:49 50:49 50:50 51:50 51:52 52:52 53:52 55:60 56:60 57:60 58:60 59:60 60:60 61:60 61:61 62:61 62:62 63:62 66:71 67:71 68:71 69:71 70:71 71:71 72:71 72:73 73:73 74:73 74:74 75:74 75:75 76:75 76:76 77:76 77:77 78:77 78:78 79:78 79:79 80:79"
"راوی (صفدر ٹھیلا قصہ)","سعدی",25,"60 61 62 63 64 66 67 68 69 70 77 78 79 80","58:63 59:63 60:63 61:63 62:63 63:63 64:63 64:64 65:64 65:67 66:67 67:67 68:67 68:69 69:69 70:69 70:70 71:70 75:80 76:80 77:80 78:80 79:80 80:80 81:80"
"راوی (صفدر ٹھیلا قصہ)","صفدر ٹھیلا",26,"80 81 82 83 84 85 86 87 88 89 97 98 99 100","78:83 79:83 80:83 81:83 82:83 83:83 84:83 84:84 85:84 85:85 86:85 86:86 87:86 87:87 88:87 88:88 89:88 89:89 90:89 95:100 96:100 97:100 98:100 99:100 100:100 101:100"
"راوی (صفدر ٹھیلا قصہ)","طلعت",21,"99 100 101 102 104 105 106 107 114 115 116 117","97:102 98:102 99:102 100:102 101:102 102:102 103:102 103:105 104:105 105:105 106:105 106:107 107:107 108:107 112:117 113:117 114:117 115:117 116:117 117:117 118:117"
"راوی (صفدر ٹھیلا قصہ)","عزیز الدین",13,"70 71 72 73 76 77 78","68:73 69:73 70:73 71:73 72:73 73:73 74:73 74:78 75:78 76:78 77:78 78:78 79:78"
"راوی (صفدر ٹھیلا قصہ)","عطیہ بانو پیر زادی",7,"45 46 47 48","43:48 44:48 45:48 46:48 47:48 48:48 49:48"
"راوی (صفدر ٹھیلا قصہ)","فرخ",24,"78 79 80 81 82 92 93 94 95 96 97 98 99","76:81 77:81 78:81 79:81 80:81 81:81 82:81 82:82 83:82 90:95 91:95 92:95 93:95 94:95 95:95 96:95 96:96 97:96 97:97 98:97 98:98 99:98 99:99 100:99"
"راوی (صفدر ٹھیلا قصہ)","فرخ کی بیوی",20,"78 79 80 81 82 94 95 96 97 98 99","76:81 77:81 78:81 79:81 80:81 81:81 82:81 82:82 83:82 92:97 93:97 94:97 95:97 96:97 97:97 98:97 98:98 99:98 99:99 100:99"
"راوی (صفدر ٹھیلا قصہ)","فیرا کونی",17,"137 138 139 140 145 146 147 148 149 150","135:140 136:140 137:140 138:140 139:140 140:140 141:140 143:148 144:148 145:148 146:148 147:148 148:148 149:148 149:150 150:150 151:150"
"راوی (صفدر ٹھیلا قصہ)","لطیف صاحب",21,"120 121 122 123 128 129 130 131 133 134 135 136","118:123 119:123 120:123 121:123 122:123 123:123 124:123 126:131 127:131 128:131 129:131 130:131 131:131 132:131 132:135 133:135 134:135 135:135 136:135 136:136 137:136"
"راوی (صفدر ٹھیلا قصہ)","لطیف صاحب کا بھانجا",7,"128 129 130 131","126:131 127:131 128:131 129:131 130:131 131:131 132:131"
"راوی (صفدر ٹھیلا قصہ)","ماریا",19,"139 140 141 142 143 144 145 150 151 152 153","137:142 138:142 139:142 140:142 141:142 142:142 143:142 143:143 144:143 144:144 145:144 145:145 146:145 148:153 149:153 150:153 151:153 152:153 153:153"
"راوی (صفدر ٹھیلا قصہ)","مانی",31,"111 112 113 114 118 119 120 121 128 129 130 131 134 135 136 138 139","109:114 110:114 111:114 112:114 113:114 114:114 115:114 116:121 117:121 118:121 119:121 120:121 121:121 122:121 126:131 127:131 128:131 129:131 130:131 131:131 132:131 132:136 133:136 134:136 135:136 136:136 137:136 137:139 138:139 139:139 140:139"
"راوی (صفدر ٹھیلا قصہ)","مس تیلما",7,"67 68 69 70","65:70 66:70 67:70 68:70 69:70 70:70 71:70"
"راوی (صفدر ٹھیلا قصہ)","مولوی ابوالحسن",14,"81 82 83 84 85 86 87 88","79:84 80:84 81:84 82:84 83:84 84:84 85:84 85:85 86:85 86:86 87:86 87:88 88:88 89:88"
"راوی (صفدر ٹھیلا قصہ)","نظر",94,"2 3 4 18 19 20 21 23 24 25 48 49 50 51 53 54 57 58 59 60 61 62 63 76 77 78 79 92 93 94 95 97 98 102 103 104 105 106 107 125 126 127 128 130 131 132 140 141 142 143 147 148 149 150","1:4 2:4 3:4 4:4 5:4 16:21 17:21 18:21 19:21 20:21 21:21 22:21 22:25 23:25 24:25 25:25 26:25 46:51 47:51 48:51 49:51 50:51 51:51 52:51 52:54 53:54 54:54 55:54 55:60 56:60 57:60 58:60 59:60 60:60 61:60 61:62 62:62 63:62 63:63 64:63 74:79 75:79 76:79 77:79 78:79 79:79 80:79 90:95 91:95 92:95 93:95 94:95 95:95 96:95 96:98 97:98 98:98 99:98 100:105 101:105 102:105 103:105 104:105 105:105 106:105 106:107 107:107 108:107 123:128 124:128 125:128 126:128 127:128 128:128 129:128 129:132 130:132 131:132 132:132 133:132 138:143 139:143 140:143 141:143 142:143 143:143 144:143 145:150 146:150 147:150 148:150 149:150 150:150 151:150"
"راوی (صفدر ٹھیلا قصہ)","نواب بیگم (ستا تالی)",25,"137 138 139 140 142 143 144 145 146 147 149 150 151 152","135:140 136:140 137:140 138:140 139:140 140:140 141:140 141:143 142:143 143:143 144:143 144:144 145:144 145:146 146:146 147:146 147:147 148:147 148:151 149:151 150:151 151:151 152:151 152:152 153:152"
"راوی (صفدر ٹھیلا قصہ)","نواب صاحب (ستا تالی)",19,"140 141 142 143 144 145 146 147 148 149 150","138:143 139:143 140:143 141:143 142:143 143:143 144:143 144:144 145:144 145:146 146:146 147:146 147:147 148:147 148:148 149:148 149:150 150:150 151:150"
"راوی (صفدر ٹھیلا قصہ)","ٹھاکر",20,"122 123 124 125 126 127 128 129 130 131 132","120:125 121:125 122:125 123:125 124:125 125:125 126:125 126:126 127:126 127:127 128:127 128:128 129:128 129:129 130:129 130:130 131:130 131:132 132:132 133:132"
"راوی (صفدر ٹھیلا قصہ)","پروفیسر (روما والا راوی)",305,"1 2 3 4 5 6 7 8 9 10 11 12 13 14 15 16 17 18 19 20 21 22 23 24 25 26 27 28 29 30 31 32 33 34 35 36 37 38 39 40 41 42 43 44 45 46 47 48 49 50 51 52 53 54 55 56 57 58 59 60 61 62 63 64 65 66 67 68 69 70 71 72 73 74 75 76 77 78 79 80 81 82 83 84 85 86 87 88 89 90 91 92 93 94 95 96 97 98 99 100 101 102 103 104 105 106 107 108 109 110 111 112 113 114 115 116 117 118 119 120 121 122 123 124 125 126 127 128 129 130 131 132 133 134 135 136 137 138 139 140 141 142 143 144 145 146 147 148 149 150 151 152 153","1:1 2:1 2:2 3:2 3:3 4:3 4:4 5:4 5:5 6:5 6:6 7:6 7:7 8:7 8:8 9:8 9:9 10:9 10:10 11:10 11:11 12:11 12:12 13:12 13:13 14:13 14:14 15:14 15:15 16:15 16:16 17:16 17:17 18:17 18:18 19:18 19:19 20:19 20:20 21:20 21:21 22:21 22:22 23:22 23:23 24:23 24:24 25:24 25:25 26:25 26:26 27:26 27:27 28:27 28:28 29:28 29:29 30:29 30:30 31:30 31:31 32:31 32:32 33:32 33:33 34:33 34:34 35:34 35:35 36:35 36:36 37:36 37:37 38:37 38:38 39:38 39:39 40:39 40:40 41:40 41:41 42:41 42:42 43:42 43:43 44:43 44:44 45:44 45:45 46:45 46:46 47:46 47:47 48:47 48:48 49:48 49:49 50:49 50:50 51:50 51:51 52:51 52:52 53:52 53:53 54:53 54:54 55:54 55:55 56:55 56:56 57:56 57:57 58:57 58:58 59:58 59:59 60:59 60:60 61:60 61:61 62:61 62:62 63:62 63:63 64:63 64:64 65:64 65:65 66:65 66:66 67:66 67:67 68:67 68:68 69:68 69:69 70:69 70:70 71:70 71:71 72:71 72:72 73:72 73:73 74:73 74:74 75:74 75:75 76:75 76:76 77:76 77:77 78:77 78:78 79:78 79:79 80:79 80:80 81:80 81:81 82:81 82:82 83:82 83:83 84:83 84:84 85:84 85:85 86:85 86:86 87:86 87:87 88:87 88:88 89:88 89:89 90:89 90:90 91:90 91:91 92:91 92:92 93:92 93:93 94:93 94:94 95:94 95:95 96:95 96:96 97:96 97:97 98:97 98:98 99:98 99:99 100:99 100:100 101:100 101:101 102:101 102:102 103:102 103:103 104:103 104:104 105:104 105:105 106:105 106:106 107:106 107:107 108:107 108:108 109:108 109:109 110:109 110:110 111:110 111:111 112:111 112:112 113:112 113:113 114:113 114:114 115:114 115:115 116:115 116:116 117:116 117:117 118:117 118:118 119:118 119:119 120:119 120:120 121:120 121:121 122:121 122:122 123:122 123:123 124:123 124:124 125:124 125:125 126:125 126:126 127:126 127:127 128:127 128:128 129:128 129:129 130:129 130:130 131:130 131:131 132:131 132:132 133:132 133:133 134:133 134:134 135:134 135:135 136:135 136:136 137:136 137:137 138:137 138:138 139:138 139:139 140:139 140:140 141:140 141:141 142:141 142:142 143:142 143:143 144:143 144:144 145:144 145:145 146:145 146:146 147:146 147:147 148:147 148:148 149:148 149:149 150:149 150:150 151:150 151:151 152:151 152:152 153:152 153:153"
"راوی (صفدر ٹھیلا قصہ)","پنڈت امرناتھ",26,"81 82 83 84 85 86 87 88 89 90 97 98 99 100","79:84 80:84 81:84 82:84 83:84 84:84 85:84 85:85 86:85 86:86 87:86 87:87 88:87 88:88 89:88 89:89 90:89 90:90 91:90 95:100 96:100 97:100 98:100 99:100 100:100 101:100"
"راوی (صفدر ٹھیلا قصہ)","ڈاکٹر صاحب (اباجی)",106,"1 2 3 4 12 13 14 15 16 17 18 19 29 30 31 32 33 34 36 37 39 40 41 42 43 53 54 55 56 57 70 71 72 73 74 75 90 91 92 93 105 106 107 108 111 112 113 116 117 118 119 128 129 130 131 134 135 136","1:1 2:1 2:2 3:2 3:3 4:3 4:4 5:4 10:15 11:15 12:15 13:15 14:15 15:15 16:15 16:16 17:16 17:17 18:17 18:18 19:18 19:19 20:19 27:32 28:32 29:32 30:32 31:32 32:32 33:32 33:34 34:34 35:34 35:37 36:37 37:37 38:37 38:40 39:40 40:40 41:40 41:42 42:42 43:42 43:43 44:43 51:56 52:56 53:56 54:56 55:56 56:56 57:56 57:57 58:57 68:73 69:73 70:73 71:73 72:73 73:73 74:73 74:74 75:74 75:75 76:75 88:93 89:93 90:93 91:93 92:93 93:93 94:93 103:108 104:108 105:108 106:108 107:108 108:108 109:108 109:113 110:113 111:113 112:113 113:113 114:113 114:119 115:119 116:119 117:119 118:119 119:119 120:119 126:131 127:131 128:131 129:131 130:131 131:131 132:131 132:136 133:136 134:136 135:136 136:136 137:136"
"راوی (صفدر ٹھیلا قصہ)","ڈیڈی",45,"98 99 100 101 102 105 106 107 108 111 112 113 114 115 116 117 118 119 121 122 130 131 132 133 134","96:101 97:101 98:101 99:101 100:101 101:101 102:101 102:102 103:102 103:108 104:108 105:108 106:108 107:108 108:108 109:108 109:113 110:113 111:113 112:113 113:113 114:113 114:114 115:114 115:116 116:116 117:116 117:117 118:117 118:119 119:119 120:119 120:122 121:122 122:122 123:122 128:133 129:133 130:133 131:133 132:133 133:133 134:133 134:134 135:134"
"راوی (صفدر ٹھیلا قصہ)","کوڈو",2,"1","1:1 2:1"
"راوی (گولو/طنبورے کا قصہ)","ریکٹر صاحب (یونیورسٹی)",14,"137 138 139 140 143 144 145 146","135:140 136:140 137:140 138:140 139:140 140:140 141:140 141:146 142:146 143:146 144:146 145:146 146:146 147:146"
"راوی (گولو/طنبورے کا قصہ)","زبیدہ",34,"62 63 64 65 66 67 68 69 77 78 79 80 88 89 90 91 92 93 94","60:65 61:65 62:65 63:65 64:65 65:65 66:65 66:66 67:66 67:67 68:67 68:68 69:68 69:69 70:69 75:80 76:80 77:80 78:80 79:80 80:80 81:80 86:91 87:91 88:91 89:91 90:91 91:91 92:91 92:93 93:93 94:93 94:94 95:94"
"راوی (گولو/طنبورے کا قصہ)","سرور",49,"44 45 46 47 48 49 50 51 52 57 58 59 60 61 62 68 69 70 71 72 73 74 75 76 77 78 79","42:47 43:47 44:47 45:47 46:47 47:47 48:47 48:48 49:48 49:49 50:49 50:50 51:50 51:52 52:52 53:52 55:60 56:60 57:60 58:60 59:60 60:60 61:60 61:61 62:61 62:62 63:62 66:71 67:71 68:71 69:71 70:71 71:71 72:71 72:73 73:73 74:73 74:74 75:74 75:75 76:75 76:76 77:76 77:77 78:77 78:78 79:78 79:79 80:79"
"راوی (گولو/طنبورے کا قصہ)","سعدی",25,"60 61 62 63 64 66 67 68 69 70 77 78 79 80","58:63 59:63 60:63 61:63 62:63 63:63 64:63 64:64 65:64 65:67 66:67 67:67 68:67 68:69 69:69 70:69 70:70 71:70 75:80 76:80 77:80 78:80 79:80 80:80 81:80"
"راوی (گولو/طنبورے کا قصہ)","صفدر ٹھیلا",26,"80 81 82 83 84 85 86 87 88 89 97 98 99 100","78:83 79:83 80:83 81:83 82:83 83:83 84:83 84:84 85:84 85:85 86:85 86:86 87:86 87:87 88:87 88:88 89:88 89:89 90:89 95:100 96:100 97:100 98:100 99:100 100:100 101:100"
"راوی (گولو/طنبورے کا قصہ)","طلعت",21,"99 100 101 102 104 105 106 107 114 115 116 117","97:102 98:102 99:102 100:102 101:102 102:102 103:102 103:105 104:105 105:105 106:105 106:107 107:107 108:107 112:117 113:117 114:117 115:117 116:117 117:117 118:117"
"راوی (گولو/طنبورے کا قصہ)","عزیز الدین",13,"70 71 72 73 76 77 78","68:73 69:73 70:73 71:73 72:73 73:73 74:73 74:78 75:78 76:78 77:78 78:78 79:78"
"راوی (گولو/طنبورے کا قصہ)","عطیہ بانو پیر زادی",7,"45 46 47 48","43:48 44:48 45:48 46:48 47:48 48:48 49:48"
"راوی (گولو/طنبورے کا قصہ)","فرخ",24,"78 79 80 81 82 92 93 94 95 96 97 98 99","76:81 77:81 78:81 79:81 80:81 81:81 82:81 82:82 83:82 90:95 91:95 92:95 93:95 94:95 95:95 96:95 96:96 97:96 97:97 98:97 98:98 99:98 99:99 100:99"
"راوی (گولو/طنبورے کا قصہ)","فرخ کی بیوی",20,"78 79 80 81 82 94 95 96 97 98 99","76:81 77:81 78:81 79:81 80:81 81:81 82:81 82:82 83:82 92:97 93:97 94:97 95:97 96:97 97:97 98:97 98:98 99:98 99:99 100:99"
"راوی (گولو/طنبورے کا قصہ)","فیرا کونی",17,"137 138 139 140 145 146 147 148 149 150","135:140 136:140 137:140 138:140 139:140 140:140 141:140 143:148 144:148 145:148 146:148 147:148 148:148 149:148 149:150 150:150 151:150"
"راوی (گولو/طنبورے کا قصہ)","لطیف صاحب",21,"120 121 122 123 128 129 130 131 133 134 135 136","118:123 119:123 120:123 121:123 122:123 123:123 124:123 126:131 127:131 128:131 129:131 130:131 131:131 132:131 132:135 133:135 134:135 135:135 136:135 136:136 137:136"
"راوی (گولو/طنبورے کا قصہ)","لطیف صاحب کا بھانجا",7,"128 129 130 131","126:131 127:131 128:131 129:131 130:131 131:131 132:131"
"راوی (گولو/طنبورے کا قصہ)","ماریا",19,"139 140 141 142 143 144 145 150 151 152 153","137:142 138:142 139:142 140:142 141:142 142:142 143:142 143:143 144:143 144:144 145:144 145:145 146:145 148:153 149:153 150:153 151:153 152:153 153:153"
"راوی (گولو/طنبورے کا قصہ)","مانی",31,"111 112 113 114 118 119 120 121 128 129 130 131 134 135 136 138 139","109:114 110:114 111:114 112:114 113:114 114:114 115:114 116:121 117:121 118:121 119:121 120:121 121:121 122:121 126:131 127:131 128:131 129:131 130:131 131:131 132:131 132:136 133:136 134:136 135:136 136:136 137:136 137:139 138:139 139:139 140:139"
"راوی (گولو/طنبورے کا قصہ)","مس تیلما",7,"67 68 69 70","65:70 66:70 67:70 68:70 69:70 70:70 71:70"
"راوی (گولو/طنبورے کا قصہ)","مولوی ابوالحسن",14,"81 82 83 84 85 86 87 88","79:84 80:84 81:84 82:84 83:84 84:84 85:84 85:85 86:85 86:86 87:86 87:88 88:88 89:88"
"راوی (گولو/طنبورے کا قصہ)","نظر",94,"2 3 4 18 19 20 21 23 24 25 48 49 50 51 53 54 57 58 59 60 61 62 63 76 77 78 79 92 93 94 95 97 98 102 103 104 105 106 107 125 126 127 128 130 131 132 140 141 142 143 147 148 149 150","1:4 2:4 3:4 4:4 5:4 16:21 17:21 18:21 19:21 20:21 21:21 22:21 22:25 23:25 24:25 25:25 26:25 46:51 47:51 48:51 49:51 50:51 51:51 52:51 52:54 53:54 54:54 55:54 55:60 56:60 57:60 58:60 59:60 60:60 61:60 61:62 62:62 63:62 63:63 64:63 74:79 75:79 76:79 77:79 78:79 79:79 80:79 90:95 91:95 92:95 93:95 94:95 95:95 96:95 96:98 97:98 98:98 99:98 100:105 101:105 102:105 103:105 104:105 105:105 106:105 106:107 107:107 108:107 123:128 124:128 125:128 126:128 127:128 128:128 129:128 129:132 130:132 131:132 132:132 133:132 138:143 139:143 140:143 141:143 142:143 143:143 144:143 145:150 146:150 147:150 148:150 149:150 150:150 151:150"
"راوی (گولو/طنبورے کا قصہ)","نواب بیگم (ستا تالی)",25,"137 138 139 140 142 143 144 145 146 147 149 150 151 152","135:140 136:140 137:140 138:140 139:140 140:140 141:140 141:143 142:143 143:143 144:143 144:144 145:144 145:146 146:146 147:146 147:147 148:147 148:151 149:151 150:151 151:151 152:151 152:152 153:152"
"راوی (گولو/طنبورے کا قصہ)","نواب صاحب (ستا تالی)",19,"140 141 142 143 144 145 146 147 148 149 150","138:143 139:143 140:143 141:143 142:143 143:143 144:143 144:144 145:144 145:146 146:146 147:146 147:147 148:147 148:148 149:148 149:150 150:150 151:150"
"راوی (گولو/طنبورے کا قصہ)","ٹھاکر",20,"122 123 124 125 126 127 128 129 130 131 132","120:125 121:125 122:125 123:125 124:125 125:125 126:125 126:126 127:126 127:127 128:127 128:128 129:128 129:129 130:129 130:130 131:130 131:132 132:132 133:132"
"راوی (گولو/طنبورے کا قصہ)","پروفیسر (روما والا راوی)",305,"1 2 3 4 5 6 7 8 9 10 11 12 13 14 15 16 17 18 19 20 21 22 23 24 25 26 27 28 29 30 31 32 33 34 35 36 37 38 39 40 41 42 43 44 45 46 47 48 49 50 51 52 53 54 55 56 57 58 59 60 61 62 63 64 65 66 67 68 69 70 71 72 73 74 75 76 77 78 79 80 81 82 83 84 85 86 87 88 89 90 91 92 93 94 95 96 97 98 99 100 101 102 103 104 105 106 107 108 109 110 111 112 113 114 115 116 117 118 119 120 121 122 123 124 125 126 127 128 129 130 131 132 133 134 135 136 137 138 139 140 141 142 143 144 145 146 147 148 149 150 151 152 153","1:1 2:1 2:2 3:2 3:3 4:3 4:4 5:4 5:5 6:5 6:6 7:6 7:7 8:7 8:8 9:8 9:9 10:9 10:10 11:10 11:11 12:11 12:12 13:12 13:13 14:13 14:14 15:14 15:15 16:15 16:16 17:16 17:17 18:17 18:18 19:18 19:19 20:19 20:20 21:20 21:21 22:21 22:22 23:22 23:23 24:23 24:24 25:24 25:25 26:25 26:26 27:26 27:27 28:27 28:28 29:28 29:29 30:29 30:30 31:30 31:31 32:31 32:32 33:32 33:33 34:33 34:34 35:34 35:35 36:35 36:36 37:36 37:37 38:37 38:38 39:38 39:39 40:39 40:40 41:40 41:41 42:41 42:42 43:42 43:43 44:43 44:44 45:44 45:45 46:45 46:46 47:46 47:47 48:47 48:48 49:48 49:49 50:49 50:50 51:50 51:51 52:51 52:52 53:52 53:53 54:53 54:54 55:54 55:55 56:55 56:56 57:56 57:57 58:57 58:58 59:58 59:59 60:59 60:60 61:60 61:61 62:61 62:62 63:62 63:63 64:63 64:64 65:64 65:65 66:65 66:66 67:66 67:67 68:67 68:68 69:68 69:69 70:69 70:70 71:70 71:71 72:71 72:72 73:72 73:73 74:73 74:74 75:74 75:75 76:75 76:76 77:76 77:77 78:77 78:78 79:78 79:79 80:79 80:80 81:80 81:81 82:81 82:82 83:82 83:83 84:83 84:84 85:84 85:85 86:85 86:86 87:86 87:87 88:87 88:88 89:88 89:89 90:89 90:90 91:90 91:91 92:91 92:92 93:92 93:93 94:93 94:94 95:94 95:95 96:95 96:96 97:96 97:97 98:97 98:98 99:98 99:99 100:99 100:100 101:100 101:101 102:101 102:102 103:102 103:103 104:103 104:104 105:104 105:105 106:105 106:106 107:106 107:107 108:107 108:108 109:108 109:109 110:109 110:110 111:110 111:111 112:111 112:112 113:112 113:113 114:113 114:114 115:114 115:115 116:115 116:116 117:116 117:117 118:117 118:118 119:118 119:119 120:119 120:120 121:120 121:121 122:121 122:122 123:122 123:123 124:123 124:124 125:124 125:125 126:125 126:126 127:126 127:127 128:127 128:128 129:128 129:129 130:129 130:130 131:130 131:131 132:131 132:132 133:132 133:133 134:133 134:134 135:134 135:135 136:135 136:136 137:136 137:137 138:137 138:138 139:138 139:139 140:139 140:140 141:140 141:141 142:141 142:142 143:142 143:143 144:143 144:144 145:144 145:145 146:145 146:146 147:146 147:147 148:147 148:148 149:148 149:149 150:149 150:150 151:150 151:151 152:151 152:152 153:152 153:153"
"راوی (گولو/طنبورے کا قصہ)","پنڈت امرناتھ",26,"81 82 83 84 85 86 87 88 89 90 97 98 99 100","79:84 80:84 81:84 82:84 83:84 84:84 85:84 85:85 86:85 86:86 87:86 87:87 88:87 88:88 89:88 89:89 90:89 90:90 91:90 95:100 96:100 97:100 98:100 99:100 100:100 101:100"
"راوی (گولو/طنبورے کا قصہ)","ڈاکٹر صاحب (اباجی)",106,"1 2 3 4 12 13 14 15 16 17 18 19 29 30 31 32 33 34 36 37 39 40 41 42 43 53 54 55 56 57 70 71 72 73 74 75 90 91 92 93 105 106 107 108 111 112 113 116 117 118 119 128 129 130 131 134 135 136","1:1 2:1 2:2 3:2 3:3 4:3 4:4 5:4 10:15 11:15 12:15 13:15 14:15 15:15 16:15 16:16 17:16 17:17 18:17 18:18 19:18 19:19 20:19 27:32 28:32 29:32 30:32 31:32 32:32 33:32 33:34 34:34 35:34 35:37 36:37 37:37 38:37 38:40 39:40 40:40 41:40 41:42 42:42 43:42 43:43 44:43 51:56 52:56 53:56 54:56 55:56 56:56 57:56 57:57 58:57 68:73 69:73 70:73 71:73 72:73 73:73 74:73 74:74 75:74 75:75 76:75 88:93 89:93 90:93 91:93 92:93 93:93 94:93 103:108 104:108 105:108 106:108 107:108 108:108 109:108 109:113 110:113 111:113 112:113 113:113 114:113 114:119 115:119 116:119 117:119 118:119 119:119 120:119 126:131 127:131 128:131 129:131 130:131 131:131 132:131 132:136 133:136 134:136 135:136 136:136 137:136"
"راوی (گولو/طنبورے کا قصہ)","ڈیڈی",45,"98 99 100 101 102 105 106 107 108 111 112 113 114 115 116 117 118 119 121 122 130 131 132 133 134","96:101 97:101 98:101 99:101 100:101 101:101 102:101 102:102 103:102 103:108 104:108 105:108 106:108 107:108 108:108 109:108 109:113 110:113 111:113 112:113 113:113 114:113 114:114 115:114 115:116 116:116 117:116 117:117 118:117 118:119 119:119 120:119 120:122 121:122 122:122 123:122 128:133 129:133 130:133 131:133 132:133 133:133 134:133 134:134 135:134"
"راوی (گولو/طنبورے کا قصہ)","کوڈو",2,"1","1:1 2:1"
"ریکٹر صاحب (یونیورسٹی)","فیرا کونی",2,"140 147","140:140 146:148"
"ریکٹر صاحب (یونیورسٹی)","لطیف صاحب",2,"137 138","140:135 140:136"
"ریکٹر صاحب (یونیورسٹی)","ماریا",5,"141 144 145","140:142 146:142 146:143 146:144 146:145"
"ریکٹر صاحب (یونیورسٹی)","مانی",2,"138 139","140:136 140:139"
"ریکٹر صاحب (یونیورسٹی)","نظر",3,"141 144 148","140:143 146:143 146:150"
"ریکٹر صاحب (یونیورسٹی)","نواب بیگم (ستا تالی)",4,"140 144 145 146","140:140 146:143 146:144 146:146"
"ریکٹر صاحب (یونیورسٹی)","نواب صاحب (ستا تالی)",4,"141 144 145 146","140:143 146:143 146:144 146:146"
"ریکٹر صاحب (یونیورسٹی)","پروفیسر (روما والا راوی)",12,"137 138 139 140 143 144 145 146","140:135 140:136 140:137 140:138 140:139 140:140 146:141 146:142 146:143 146:144 146:145 146:146"
"ریکٹر صاحب (یونیورسٹی)","ڈاکٹر صاحب (اباجی)",1,"138","140:136"
"زبیدہ","سرور",12,"62 63 68 69 70 77 78 79","65:60 65:61 65:62 66:71 67:71 68:71 69:71 80:75 80:76 80:77 80:78 80:79"
"زبیدہ","سعدی",9,"64 66 67 68 69 80","65:63 65:64 65:67 66:67 67:67 68:67 68:69 69:69 80:80"
"زبیدہ","صفدر ٹھیلا",5,"81 88 89 90","80:83 91:86 91:87 91:88 91:89"
"زبیدہ","عزیز الدین",3,"70 71 79","68:73 69:73 80:78"
"زبیدہ","فرخ",4,"80 93 94","80:81 91:95 93:95 94:95"
"زبیدہ","فرخ کی بیوی",3,"80 95","80:81 93:97 94:97"
"زبیدہ","مس تیلما",5,"67 68 69","65:70 66:70 67:70 68:70 69:70"
"زبیدہ","مولوی ابوالحسن",3,"82 88 89","80:84 91:86 91:88"
"زبیدہ","نظر",7,"62 63 64 79 93 94","65:60 65:62 65:63 80:79 91:95 93:95 94:95"
"زبیدہ","پروفیسر (روما والا راوی)",31,"62 63 64 65 66 67 68 69 77 78 79 80 88 89 90 91 92 93 94","65:60 65:61 65:62 65:63 65:64 65:65 66:65 66:66 67:66 67:67 68:67 68:68 69:68 69:69 80:75 80:76 80:77 80:78 80:79 80:80 91:86 91:87 91:88 91:89 91:90 91:91 93:91 93:92 93:93 94:93 94:94"
"زبیدہ","پنڈت امرناتھ",6,"82 88 89 90","80:84 91:86 91:87 91:88 91:89 91:90"
"زبیدہ","ڈاکٹر صاحب (اباجی)",6,"70 71 77 92 93","68:73 69:73 80:75 91:93 93:93 94:93"
"سرور","سعدی",11,"61 62 69 70 77 78 79","60:63 61:63 62:63 71:67 71:69 71:70 75:80 76:80 77:80 78:80 79:80"
"سرور","صفدر ٹھیلا",2,"80 81","78:83 79:83"
"سرور","عزیز الدین",9,"72 73 76 77 78","71:73 73:73 74:73 74:78 75:78 76:78 77:78 78:78 79:78"
"سرور","عطیہ بانو پیر زادی",3,"47 48","47:48 48:48 49:48"
"سرور","فرخ",4,"78 79 80","76:81 77:81 78:81 79:81"
"سرور","فرخ کی بیوی",4,"78 79 80","76:81 77:81 78:81 79:81"
"سرور","مس تیلما",1,"70","71:70"
"سرور","مولوی ابوالحسن",1,"81","79:84"
"سرور","نظر",16,"49 50 51 53 60 61 62 76 77 78 79","47:51 48:51 49:51 50:51 52:51 52:54 60:60 61:60 61:62 62:62 74:79 75:79 76:79 77:79 78:79 79:79"
"سرور","پروفیسر (روما والا راوی)",46,"44 45 46 47 48 49 50 51 52 57 58 59 60 61 62 68 69 70 71 72 73 74 75 76 77 78 79","47:42 47:43 47:44 47:45 47:46 47:47 48:47 48:48 49:48 49:49 50:49 50:50 52:50 52:51 52:52 60:55 60:56 60:57 60:58 60:59 60:60 61:60 61:61 62:61 62:62 71:66 71:67 71:68 71:69 71:70 71:71 73:71 73:72 73:73 74:73 74:74 75:74 75:75 76:75 76:76 77:76 77:77 78:77 78:78 79:78 79:79"
"سرور","پنڈت امرناتھ",1,"81","79:84"
"سرور","ڈاکٹر صاحب (اباجی)",12,"44 45 54 58 72 73 74 75","47:42 47:43 52:56 60:56 60:57 71:73 73:73 74:73 74:74 75:74 75:75 76:75"
"سعدی","صفدر ٹھیلا",1,"81","80:83"
"سعدی","عزیز الدین",3,"71 79","69:73 70:73 80:78"
"سعدی","فرخ",1,"80","80:81"
"سعدی","فرخ کی بیوی",1,"80","80:81"
"سعدی","مس تیلما",3,"68 69 70","67:70 69:70 70:70"
"سعدی","مولوی ابوالحسن",1,"82","80:84"
"سعدی","نظر",5,"61 62 63 79","63:60 63:62 63:63 64:63 80:79"
"سعدی","پروفیسر (روما والا راوی)",23,"60 61 62 63 64 65 66 67 68 69 70 77 78 79 80","63:58 63:59 63:60 63:61 63:62 63:63 64:63 64:64 67:64 67:65 67:66 67:67 69:67 69:68 69:69 70:69 70:70 80:75 80:76 80:77 80:78 80:79 80:80"
"سعدی","پنڈت امرناتھ",1,"82","80:84"
"سعدی","ڈاکٹر صاحب (اباجی)",3,"71 77","69:73 70:73 80:75"
"صفدر ٹھیلا","طلعت",1,"101","100:102"
"صفدر ٹھیلا","عزیز الدین",1,"80","83:78"
"صفدر ٹھیلا","فرخ",7,"82 97 98 99","83:81 83:82 100:95 100:96 100:97 100:98 100:99"
"صفدر ٹھیلا","فرخ کی بیوی",5,"82 98 99","83:81 83:82 100:97 100:98 100:99"
"صفدر ٹھیلا","مولوی ابوالحسن",10,"83 84 85 86 87 88","83:84 84:84 85:84 85:85 86:85 86:86 87:86 87:88 88:88 89:88"
"صفدر ٹھیلا","نظر",4,"81 97 99 102","83:79 100:95 100:98 100:105"
"صفدر ٹھیلا","پروفیسر (روما والا راوی)",24,"80 81 82 83 84 85 86 87 88 89 97 98 99 100","83:78 83:79 83:80 83:81 83:82 83:83 84:83 84:84 85:84 85:85 86:85 86:86 87:86 87:87 88:87 88:88 89:88 89:89 100:95 100:96 100:97 100:98 100:99 100:100"
"صفدر ٹھیلا","پنڈت امرناتھ",13,"83 84 85 86 87 88 89 100","83:84 84:84 85:84 85:85 86:85 86:86 87:86 87:87 88:87 88:88 89:88 89:89 100:100"
"صفدر ٹھیلا","ڈاکٹر صاحب (اباجی)",2,"90 91","88:93 89:93"
"صفدر ٹھیلا","ڈیڈی",1,"100","100:101"
"طلعت","فرخ",3,"99 100","102:97 102:98 102:99"
"طلعت","فرخ کی بیوی",3,"99 100","102:97 102:98 102:99"
"طلعت","مانی",2,"115 119","117:114 117:121"
"طلعت","نظر",5,"100 103 105 106 107","102:98 102:105 105:105 107:105 107:107"
"طلعت","پروفیسر (روما والا راوی)",19,"99 100 101 102 103 104 105 106 107 114 115 116 117","102:97 102:98 102:99 102:100 102:101 102:102 105:102 105:103 105:104 105:105 107:105 107:106 107:107 117:112 117:113 117:114 117:115 117:116 117:117"
"طلعت","پنڈت امرناتھ",1,"101","102:100"
"طلعت","ڈاکٹر صاحب (اباجی)",4,"106 107 115 118","105:108 107:108 117:113 117:119"
"طلعت","ڈیڈی",9,"101 102 103 106 107 115 116 117","102:101 102:102 105:102 105:108 107:108 117:113 117:114 117:116 117:117"
"عزیز الدین","فرخ",1,"79","78:81"
"عزیز الدین","فرخ کی بیوی",1,"79","78:81"
"عزیز الدین","مس تیلما",1,"71","73:70"
"عزیز الدین","نظر",1,"78","78:79"
"عزیز الدین","پروفیسر (روما والا راوی)",12,"70 71 72 73 75 76 77 78","73:68 73:69 73:70 73:71 73:72 73:73 78:73 78:74 78:75 78:76 78:77 78:78"
"عزیز الدین","ڈاکٹر صاحب (اباجی)",4,"73 75 76","73:73 78:73 78:74 78:75"
"عطیہ بانو پیر زادی","نظر",1,"49","48:51"
"عطیہ بانو پیر زادی","پروفیسر (روما والا راوی)",6,"45 46 47 48","48:43 48:44 48:45 48:46 48:47 48:48"
"عطیہ بانو پیر زادی","ڈاکٹر صاحب (اباجی)",1,"45","48:43"
"فرخ","فرخ کی بیوی",10,"81 82 96 97 98 99","81:81 82:81 82:82 95:97 96:97 97:97 98:97 98:98 99:98 99:99"
"فرخ","مولوی ابوالحسن",2,"82 83","81:84 82:84"
"فرخ","نظر",7,"80 95 97 98","81:79 95:95 96:95 96:98 97:98 98:98 99:98"
"فرخ","پروفیسر (روما والا راوی)",22,"78 79 80 81 82 92 93 94 95 96 97 98 99","81:76 81:77 81:78 81:79 81:80 81:81 82:81 82:82 95:90 95:91 95:92 95:93 95:94 95:95 96:95 96:96 97:96 97:97 98:97 98:98 99:98 99:99"
"فرخ","پنڈت امرناتھ",8,"82 83 92 97 98 99","81:84 82:84 95:90 95:100 96:100 97:100 98:100 99:100"
"فرخ","ڈاکٹر صاحب (اباجی)",1,"94","95:93"
"فرخ","ڈیڈی",4,"98 99 100","96:101 97:101 98:101 99:101"
"فرخ کی بیوی","مولوی ابوالحسن",2,"82 83","81:84 82:84"
"فرخ کی بیوی","نظر",5,"80 96 97 98","81:79 97:95 97:98 98:98 99:98"
"فرخ کی بیوی","پروفیسر (روما والا راوی)",18,"78 79 80 81 82 94 95 96 97 98 99","81:76 81:77 81:78 81:79 81:80 81:81 82:81 82:82 97:92 97:93 97:94 97:95 97:96 97:97 98:97 98:98 99:98 99:99"
"فرخ کی بیوی","پنڈت امرناتھ",5,"82 83 98 99","81:84 82:84 97:100 98:100 99:100"
"فرخ کی بیوی","ڈاکٹر صاحب (اباجی)",1,"95","97:93"
"فرخ کی بیوی","ڈیڈی",3,"99 100","97:101 98:101 99:101"
"فیرا کونی","لطیف صاحب",2,"137 138","140:135 140:136"
"فیرا کونی","ماریا",6,"141 145 146 150 151","140:142 148:143 148:144 148:145 148:153 150:153"
"فیرا کونی","مانی",2,"138 139","140:136 140:139"
"فیرا کونی","نظر",4,"141 145 149 150","140:143 148:143 148:150 150:150"
"فیرا کونی","نواب بیگم (ستا تالی)",7,"140 145 146 147 149 150","140:140 148:143 148:144 148:146 148:147 148:151 150:151"
"فیرا کونی","نواب صاحب (ستا تالی)",8,"141 145 146 147 148 149 150","140:143 148:143 148:144 148:146 148:147 148:148 150:148 150:150"
"فیرا کونی","پروفیسر (روما والا راوی)",15,"137 138 139 140 145 146 147 148 149 150","140:135 140:136 140:137 140:138 140:139 140:140 148:143 148:144 148:145 148:146 148:147 148:148 150:148 150:149 150:150"
"فیرا کونی","ڈاکٹر صاحب (اباجی)",1,"138","140:136"
"لطیف صاحب","لطیف صاحب کا بھانجا",2,"131 133","131:131 135:131"
"لطیف صاحب","مانی",5,"122 131 133 135 136","123:121 131:131 135:131 135:136 136:136"
"لطیف صاحب","نظر",4,"125 129 131 133","123:128 131:128 131:132 135:132"
"لطیف صاحب","نواب بیگم (ستا تالی)",2,"137 138","135:140 136:140"
"لطیف صاحب","ٹھاکر",8,"124 128 129 130 131 133","123:125 131:126 131:127 131:128 131:129 131:130 131:132 135:132"
"لطیف صاحب","پروفیسر (روما والا راوی)",19,"120 121 122 123 128 129 130 131 133 134 135 136","123:118 123:119 123:120 123:121 123:122 123:123 131:126 131:127 131:128 131:129 131:130 131:131 135:131 135:132 135:133 135:134 135:135 136:135 136:136"
"لطیف صاحب","ڈاکٹر صاحب (اباجی)",5,"121 131 133 135 136","123:119 131:131 135:131 135:136 136:136"
"لطیف صاحب","ڈیڈی",5,"121 122 132 134","123:119 123:122 131:133 135:133 135:134"
"لطیف صاحب کا بھانجا","مانی",1,"131","131:131"
"لطیف صاحب کا بھانجا","نظر",2,"129 131","131:128 131:132"
"لطیف صاحب کا بھانجا","ٹھاکر",6,"128 129 130 131","131:126 131:127 131:128 131:129 131:130 131:132"
"لطیف صاحب کا بھانجا","پروفیسر (روما والا راوی)",6,"128 129 130 131","131:126 131:127 131:128 131:129 131:130 131:131"
"لطیف صاحب کا بھانجا","ڈاکٹر صاحب (اباجی)",1,"131","131:131"
"لطیف صاحب کا بھانجا","ڈیڈی",1,"132","131:133"
"ماریا","مانی",1,"140","142:139"
"ماریا","نظر",5,"142 143 147 151","142:143 143:143 144:143 145:150 153:150"
"ماریا","نواب بیگم (ستا تالی)",9,"141 142 143 144 145 152","142:140 142:143 143:143 144:143 144:144 145:144 145:146 153:151 153:152"
"ماریا","نواب صاحب (ستا تالی)",8,"142 143 144 145 150 151","142:143 143:143 144:143 144:144 145:144 145:146 153:148 153:150"
"ماریا","پروفیسر (روما والا راوی)",18,"139 140 141 142 143 144 145 150 151 152 153","142:137 142:138 142:139 142:140 142:141 142:142 143:142 143:143 144:143 144:144 145:144 145:145 153:148 153:149 153:150 153:151 153:152 153:153"
"مانی","نظر",4,"129 131 134 141","131:128 131:132 136:132 139:143"
"مانی","نواب بیگم (ستا تالی)",2,"138 139","136:140 139:140"
"مانی","نواب صاحب (ستا تالی)",1,"141","139:143"
"مانی","ٹھاکر",8,"123 128 129 130 131 134","121:125 131:126 131:127 131:128 131:129 131:130 131:132 136:132"
"مانی","پروفیسر (روما والا راوی)",28,"111 112 113 114 118 119 120 121 128 129 130 131 133 134 135 136 137 138 139","114:109 114:110 114:111 114:112 114:113 114:114 121:116 121:117 121:118 121:119 121:120 121:121 131:126 131:127 131:128 131:129 131:130 131:131 136:131 136:132 136:133 136:134 136:135 136:136 139:136 139:137 139:138 139:139"
"مانی","ڈاکٹر صاحب (اباجی)",7,"113 116 120 131 133 136 137","114:113 114:119 121:119 131:131 136:131 136:136 139:136"
"مانی","ڈیڈی",9,"113 114 118 119 120 121 132 134 135","114:113 114:114 121:116 121:117 121:119 121:122 131:133 136:133 136:134"
"مس تیلما","پروفیسر (روما والا راوی)",6,"67 68 69 70","70:65 70:66 70:67 70:68 70:69 70:70"
"مس تیلما","ڈاکٹر صاحب (اباجی)",1,"71","70:73"
"مولوی ابوالحسن","نظر",1,"81","84:79"
"مولوی ابوالحسن","پروفیسر (روما والا راوی)",13,"81 82 83 84 85 86 87 88","84:79 84:80 84:81 84:82 84:83 84:84 85:84 85:85 86:85 86:86 88:86 88:87 88:88"
"مولوی ابوالحسن","پنڈت امرناتھ",8,"84 85 86 87 88","84:84 85:84 85:85 86:85 86:86 88:86 88:87 88:88"
"مولوی ابوالحسن","ڈاکٹر صاحب (اباجی)",1,"90","88:93"
"نظر","نواب بیگم (ستا تالی)",5,"141 143 148 150","143:140 143:143 150:146 150:147 150:151"
"نظر","نواب صاحب (ستا تالی)",5,"143 148 149 150","143:143 150:146 150:147 150:148 150:150"
"نظر","ٹھاکر",8,"126 127 128 130 131 132","128:125 128:126 128:127 128:128 132:128 132:129 132:130 132:132"
"نظر","پروفیسر (روما والا راوی)",84,"2 3 4 18 19 20 21 23 24 25 48 49 50 51 52 53 54 57 58 59 60 61 62 63 76 77 78 79 92 93 94 95 96 97 98 102 103 104 105 106 107 125 126 127 128 130 131 132 140 141 142 143 147 148 149 150","4:1 4:2 4:3 4:4 21:16 21:17 21:18 21:19 21:20 21:21 25:21 25:22 25:23 25:24 25:25 51:46 51:47 51:48 51:49 51:50 51:51 54:51 54:52 54:53 54:54 60:55 60:56 60:57 60:58 60:59 60:60 62:60 62:61 62:62 63:62 63:63 79:74 79:75 79:76 79:77 79:78 79:79 95:90 95:91 95:92 95:93 95:94 95:95 98:95 98:96 98:97 98:98 105:100 105:101 105:102 105:103 105:104 105:105 107:105 107:106 107:107 128:123 128:124 128:125 128:126 128:127 128:128 132:128 132:129 132:130 132:131 132:132 143:138 143:139 143:140 143:141 143:142 143:143 150:145 150:146 150:147 150:148 150:149 150:150"
"نظر","پنڈت امرناتھ",5,"81 92 97 99 102","79:84 95:90 95:100 98:100 105:100"
"نظر","ڈاکٹر صاحب (اباجی)",20,"2 3 4 18 19 20 53 55 58 76 77 94 106 107 129 131 134","4:1 4:2 4:3 4:4 21:16 21:17 21:18 21:19 51:56 54:56 60:56 60:57 79:74 79:75 95:93 105:108 107:108 128:131 132:131 132:136"
"نظر","ڈیڈی",7,"99 103 106 107 130 132","98:101 105:101 105:102 105:108 107:108 128:133 132:133"
"نظر","کوڈو",1,"2","4:1"
"نواب بیگم (ستا تالی)","نواب صاحب (ستا تالی)",11,"141 143 144 145 146 147 149 150","140:143 143:143 144:143 144:144 146:144 146:146 147:146 147:147 151:147 151:148 151:150"
"نواب بیگم (ستا تالی)","پروفیسر (روما والا راوی)",24,"137 138 139 140 141 142 143 144 145 146 147 149 150 151 152","140:135 140:136 140:137 140:138 140:139 140:140 143:140 143:141 143:142 143:143 144:143 144:144 146:144 146:145 146:146 147:146 147:147 151:147 151:148 151:149 151:150 151:151 152:151 152:152"
"نواب بیگم (ستا تالی)","ڈاکٹر صاحب (اباجی)",1,"138","140:136"
"نواب صاحب (ستا تالی)","پروفیسر (روما والا راوی)",18,"140 141 142 143 144 145 146 147 148 149 150","143:138 143:139 143:140 143:141 143:142 143:143 144:143 144:144 146:144 146:145 146:146 147:146 147:147 148:147 148:148 150:148 150:149 150:150"
"ٹھاکر","پروفیسر (روما والا راوی)",19,"122 123 124 125 126 127 128 129 130 131 132","125:120 125:121 125:122 125:123 125:124 125:125 126:125 126:126 127:126 127:127 128:127 128:128 129:128 129:129 130:129 130:130 132:130 132:131 132:132"
"ٹھاکر","ڈاکٹر صاحب (اباجی)",7,"128 129 130 131 134","126:131 127:131 128:131 129:131 130:131 132:131 132:136"
"ٹھاکر","ڈیڈی",5,"123 130 131 132","125:122 128:133 129:133 130:133 132:133"
"پروفیسر (روما والا راوی)","پنڈت امرناتھ",26,"81 82 83 84 85 86 87 88 89 90 97 98 99 100","79:84 80:84 81:84 82:84 83:84 84:84 85:84 85:85 86:85 86:86 87:86 87:87 88:87 88:88 89:88 89:89 90:89 90:90 91:90 95:100 96:100 97:100 98:100 99:100 100:100 101:100"
"پروفیسر (روما والا راوی)","ڈاکٹر صاحب (اباجی)",106,"1 2 3 4 12 13 14 15 16 17 18 19 29 30 31 32 33 34 36 37 39 40 41 42 43 53 54 55 56 57 70 71 72 73 74 75 90 91 92 93 105 106 107 108 111 112 113 116 117 118 119 128 129 130 131 134 135 136","1:1 2:1 2:2 3:2 3:3 4:3 4:4 5:4 10:15 11:15 12:15 13:15 14:15 15:15 16:15 16:16 17:16 17:17 18:17 18:18 19:18 19:19 20:19 27:32 28:32 29:32 30:32 31:32 32:32 33:32 33:34 34:34 35:34 35:37 36:37 37:37 38:37 38:40 39:40 40:40 41:40 41:42 42:42 43:42 43:43 44:43 51:56 52:56 53:56 54:56 55:56 56:56 57:56 57:57 58:57 68:73 69:73 70:73 71:73 72:73 73:73 74:73 74:74 75:74 75:75 76:75 88:93 89:93 90:93 91:93 92:93 93:93 94:93 103:108 104:108 105:108 106:108 107:108 108:108 109:108 109:113 110:113 111:113 112:113 113:113 114:113 114:119 115:119 116:119 117:119 118:119 119:119 120:119 126:131 127:131 128:131 129:131 130:131 131:131 132:131 132:136 133:136 134:136 135:136 136:136 137:136"
"پروفیسر (روما والا راوی)","ڈیڈی",45,"98 99 100 101 102 105 106 107 108 111 112 113 114 115 116 117 118 119 121 122 130 131 132 133 134","96:101 97:101 98:101 99:101 100:101 101:101 102:101 102:102 103:102 103:108 104:108 105:108 106:108 107:108 108:108 109:108 109:113 110:113 111:113 112:113 113:113 114:113 114:114 115:114 115:116 116:116 117:116 117:117 118:117 118:119 119:119 120:119 120:122 121:122 122:122 123:122 128:133 129:133 130:133 131:133 132:133 133:133 134:133 134:134 135:134"
"پروفیسر (روما والا راوی)","کوڈو",2,"1","1:1 2:1"
"پنڈت امرناتھ","ڈاکٹر صاحب (اباجی)",3,"90 91","88:93 89:93 90:93"
"پنڈت امرناتھ","ڈیڈی",1,"100","100:101"
"ڈاکٹر صاحب (اباجی)","ڈیڈی",10,"108 110 113 116 117 118 119 132 134 135","108:108 113:108 113:113 119:114 119:116 119:117 119:119 131:133 136:133 136:134"
"ڈاکٹر صاحب (اباجی)","کوڈو",2,"1","1:1 2:1"
