Character_A,Character_B,Weight,Pages(centers),Pairs(pa:pb)
"آپا جی","اظہار اعوان",16,"50 51 52 89 90 91 93 95 117 118 119 120 285 286 321","50:50 52:50 52:53 86:93 88:93 89:93 93:93 98:93 113:121 114:121 115:121 118:121 119:121 286:285 286:286 321:322"
"آپا جی","اچھو ترکھان",3,"97 99 102","93:101 98:101 104:101"
"آپا جی","اکبر",3,"66 70 75","69:63 69:71 80:71"
"آپا جی","بابا نذیر احمد",5,"122 123 513 515 526","118:127 119:127 516:511 516:514 522:531"
"آپا جی","بابو",14,"97 99 102 261 262 268 282 283 512 517 520 523","93:101 98:101 104:101 265:258 265:259 265:260 265:271 286:278 286:279 286:281 516:508 516:519 522:519 522:524"
"آپا جی","بابو راؤ پٹیل",3,"283 517 520","286:281 516:519 522:519"
"آپا جی","باجی ہاں ہاں",7,"68 102 105 106 109 323","69:68 98:106 104:106 105:106 106:106 113:106 321:325"
"آپا جی","باقر",6,"57 65 66 70 75","52:62 69:62 69:63 69:64 69:71 80:71"
"آپا جی","بخت نصیب",2,"520 523","516:525 522:525"
"آپا جی","برکت مسیح",10,"97 99 102 103 116 117 118 119","93:101 98:101 104:101 104:102 104:103 113:119 114:119 115:119 118:119 119:119"
"آپا جی","برگیتا",28,"46 50 51 52 64 117 118 120 267 289 316 317 318 322 511 512 514 515 516 519 520 521 522","50:42 50:43 50:51 52:51 52:53 69:59 113:122 114:122 115:122 118:122 119:122 265:269 286:292 321:311 321:314 321:316 321:324 516:506 516:509 516:512 516:515 516:517 522:517 522:518 522:519 522:520 522:521 522:522"
"آپا جی","بلخ",3,"66 67","69:64 69:65 69:66"
"آپا جی","بلقیس",1,"68","69:68"
"آپا جی","بندو رام",7,"81 84 88 89 91 92","80:83 86:83 86:90 88:90 89:90 93:90 93:92"
"آپا جی","بیرٹ",6,"69 75 88 89 90 92","69:69 80:71 86:91 88:91 89:91 93:91"
"آپا جی","بیٹ مین بشیر",9,"47 54 55 64 117 118 120","50:44 50:59 52:59 69:59 113:122 114:122 115:122 118:122 119:122"
"آپا جی","تاج",16,"57 65 66 67 70 75 76 77 103 106 107 110 111 514","52:62 69:62 69:64 69:65 69:71 80:71 80:73 80:74 98:108 104:108 105:108 106:108 113:108 113:109 113:110 516:513"
"آپا جی","جاوید اثر",8,"70 75 80 83 107 108 111","69:71 80:71 80:81 86:81 104:110 105:110 106:110 113:110"
"آپا جی","جی۔ ایم۔ اثر",2,"70 75","69:71 80:71"
"آپا جی","خورشید شاہد",7,"70 75 90 91 92 94 96","69:71 80:71 86:95 88:95 89:95 93:95 98:95"
"آپا جی","خیر دین تانگے والا",8,"109 110 113 114 115 116","104:114 105:114 106:114 113:114 114:114 115:114 115:115 118:115"
"آپا جی","داؤد احمد",1,"290","286:295"
"آپا جی","دادا جی (مشاہد کے دادا)",6,"111 114 115 117","106:116 113:116 114:116 115:116 118:116 118:117"
"آپا جی","دارو",5,"90 91 93 96","86:94 88:94 89:94 93:94 98:94"
"آپا جی","دانش",3,"81 84 514","80:82 86:82 516:512"
"آپا جی","راڈنی ایز برگ",3,"316 320 321","321:312 321:320 321:321"
"آپا جی","روزی",4,"107 108 111","104:110 105:110 106:110 113:110"
"آپا جی","روندر/افتخار",5,"90 91 92 94 96","86:95 88:95 89:95 93:95 98:95"
"آپا جی","زاہد کالیا",11,"82 85 97 99 102 266 289 324 516 519 523","80:84 86:84 93:101 98:101 104:101 265:267 286:292 321:328 516:516 522:516 522:525"
"آپا جی","ساحِب (انگلو انڈین)",51,"48 51 52 65 66 67 68 69 75 76 77 78 80 83 84 88 89 90 92 93 95 96 97 98 101 106 107 111 112 113 114 117 119 287 317 318 319 323 516 519 522","50:46 50:52 52:52 69:61 69:62 69:63 69:64 69:65 69:66 69:68 69:69 80:70 80:71 80:72 80:73 80:74 80:76 80:80 86:80 86:82 86:91 88:91 89:91 93:91 93:93 98:93 98:94 98:96 98:98 104:98 104:109 105:109 106:109 113:109 113:110 113:111 113:112 113:114 114:114 115:114 115:120 118:120 119:120 286:289 321:313 321:315 321:317 321:325 516:516 522:516 522:522"
"آپا جی","سعادت حسن منٹو",37,"56 65 66 67 69 75 76 77 80 83 88 89 90 92 93 95 96 97 103 106 107 110 111 112 116 117 119 516 519 522","52:61 69:61 69:62 69:64 69:65 69:66 69:69 80:70 80:72 80:73 80:74 80:80 86:80 86:91 88:91 89:91 93:91 93:93 98:93 98:94 98:97 98:108 104:108 105:108 106:108 113:108 113:109 113:110 113:112 113:120 114:120 115:120 118:120 119:120 516:516 522:516 522:522"
"آپا جی","سعید",5,"90 91 92 94 96","86:95 88:95 89:95 93:95 98:95"
"آپا جی","سمیعہ",23,"67 68 69 75 76 80 83 84 90 91 93 96 103 106 107 110 516 519 522","69:66 69:67 69:68 69:70 80:70 80:72 80:80 86:80 86:83 86:94 88:94 89:94 93:94 98:94 98:108 104:108 105:108 106:108 113:108 516:516 522:516 522:517 522:522"
"آپا جی","سور",5,"120 121 122 520 523","115:125 118:125 119:125 516:525 522:525"
"آپا جی","شاہ شہید",8,"72 78 89 90 91 93 95 96","69:76 80:76 86:93 88:93 89:93 93:93 98:93 98:94"
"آپا جی","شاہ صاحب (سات پھولوں والے)",12,"72 78 89 90 91 93 95 96 107 108 112","69:76 80:76 86:93 88:93 89:93 93:93 98:93 98:94 104:111 105:111 106:111 113:111"
"آپا جی","شوبھا مردان",12,"45 47 54 55 64 117 118 119 120 518 521","50:40 50:44 50:58 52:58 69:59 113:121 114:121 115:121 118:121 119:121 516:520 522:520"
"آپا جی","صادق",6,"90 91 92 94 96 320","86:95 88:95 89:95 93:95 98:95 321:319"
"آپا جی","صفیہ",13,"57 65 67 71 76 77 106 107 111 516 519 522","52:62 69:62 69:66 69:73 80:73 80:74 104:109 105:109 106:109 113:109 516:516 522:516 522:522"
"آپا جی","عارفین بابر",3,"45 122 123","50:40 118:127 119:127"
"آپا جی","فاطمہ",13,"268 282 283 284 512 513 514 517 520 521 522","265:271 286:278 286:281 286:282 516:508 516:510 516:512 516:518 522:518 522:519 522:520 522:521 522:522"
"آپا جی","لاری صاحب",7,"70 75 89 90 91 93 95","69:71 80:71 86:93 88:93 89:93 93:93 98:93"
"آپا جی","مالی شریف",3,"512 519 522","516:509 516:523 522:523"
"آپا جی","ماموں ہیرس",6,"88 89 90 92 93 95","86:91 88:91 89:91 93:91 93:93 98:93"
"آپا جی","محمد غنی چیمہ",2,"73 78","69:77 80:77"
"آپا جی","مردان",44,"45 46 47 48 49 50 51 53 64 67 69 75 76 93 95 98 101 104 105 106 109 112 113 114 115 116 117 119 286 321 511 512 514 518 521 522","50:41 50:42 50:43 50:44 50:45 50:46 50:48 50:50 52:50 52:54 69:59 69:66 69:70 80:70 80:73 88:98 89:98 93:98 98:98 104:98 104:105 105:105 106:105 106:106 113:106 113:112 113:113 114:113 114:115 115:115 118:115 118:116 118:117 118:120 119:120 286:286 321:321 516:506 516:507 516:508 516:512 516:520 522:520 522:522"
"آپا جی","مرزا بیٹریاں",7,"73 79 90 91 93 96","69:78 80:78 86:94 88:94 89:94 93:94 98:94"
"آپا جی","مشائلہ",3,"316 320 321","321:312 321:320 321:321"
"آپا جی","مشاہد",105,"45 46 48 49 50 51 52 64 65 66 67 68 69 75 76 77 78 79 80 83 84 85 86 87 88 89 91 92 93 95 96 97 98 101 104 105 106 109 110 111 112 113 114 115 116 117 118 119 260 261 262 263 264 265 281 283 284 285 286 316 317 318 319 320 321 511 512 513 515 516 519 520 521 522","50:41 50:42 50:46 50:47 50:48 50:49 50:50 52:50 52:51 52:52 69:60 69:61 69:62 69:63 69:64 69:66 69:67 69:68 69:69 80:70 80:71 80:72 80:73 80:74 80:76 80:77 80:78 80:79 80:80 86:80 86:81 86:83 86:84 86:85 86:86 88:86 88:88 89:88 89:90 93:90 93:92 93:93 98:93 98:94 98:97 98:98 104:98 104:99 104:104 105:104 105:106 106:106 113:106 113:107 113:108 113:110 113:112 113:113 114:113 114:115 115:115 118:115 118:116 118:117 118:118 119:118 119:119 265:255 265:256 265:257 265:258 265:259 265:260 265:261 265:263 265:264 265:266 286:276 286:277 286:281 286:283 286:284 286:286 321:312 321:313 321:314 321:316 321:317 321:318 321:319 321:320 321:321 516:506 516:507 516:508 516:509 516:510 516:515 516:516 522:516 522:517 522:519 522:520 522:521 522:522"
"آپا جی","مشتاق واہ واہ",5,"90 91 92 94 96","86:95 88:95 89:95 93:95 98:95"
"آپا جی","مظہر شاہ",5,"89 90 91 93 95","86:93 88:93 89:93 93:93 98:93"
"آپا جی","ملک معراج",4,"107 108 111","104:110 105:110 106:110 113:110"
"آپا جی","موسیقار آقا نواز",3,"318 319","321:316 321:317 321:318"
"آپا جی","نازنین بابر",2,"122 123","118:127 119:127"
"آپا جی","ٹریور",5,"90 91 92 94 96","86:95 88:95 89:95 93:95 98:95"
"آپا جی","پال",6,"49 51 52 64 70 75","50:49 50:52 52:52 69:60 69:71 80:71"
"آپا جی","پیٹر",17,"49 51 52 64 70 75 80 83 93 95 98 101 105 106 110","50:49 50:52 52:52 69:60 69:71 80:71 80:81 86:81 88:98 89:98 93:98 98:98 104:98 104:107 105:107 106:107 113:107"
"آپا جی","چاچا محمد بخش",9,"49 110 114 115 116 117","50:48 105:115 106:115 113:115 114:115 115:115 118:115 118:116 118:117"
"آپا جی","چاچی رابیاں",5,"108 109 113","104:113 105:113 106:113 113:113 114:113"
"آپا جی","چاچی مہراں",3,"97 99 102","93:101 98:101 104:101"
"آپا جی","چراغ دین",5,"97 99 102 103","93:101 98:101 104:101 104:102 104:103"
"آپا جی","چوہدری اللہ داد خان",43,"49 51 52 64 66 80 83 86 87 88 90 92 93 95 97 99 102 104 105 106 109 110 112 113 114 115 117 118 119 263 286 317 326 519 522","50:48 50:53 52:53 69:59 69:64 80:80 86:80 86:86 88:86 88:87 88:88 89:88 89:92 93:92 93:93 98:93 98:97 98:100 104:100 104:104 105:104 105:105 106:105 106:106 113:106 113:107 113:111 113:113 114:113 114:114 115:114 115:116 118:116 118:117 118:118 119:118 119:119 265:262 286:286 321:313 321:331 516:522 522:522"
"آپا جی","ڈاکٹر ارشد احمد",8,"117 118 120 289 519 522","113:122 114:122 115:122 118:122 119:122 286:292 516:523 522:523"
"آپا جی","کانی",7,"82 85 90 91 93 96","80:84 86:84 86:94 88:94 89:94 93:94 98:94"
"آپا جی","کمال",28,"50 51 56 65 66 73 79 80 83 90 91 92 94 96 97 98 101 106 107 110 324 516 519 526","50:50 52:50 52:61 69:61 69:62 69:63 69:64 69:78 80:78 80:79 80:81 86:81 86:95 88:95 89:95 93:95 98:95 98:97 98:99 104:99 104:108 105:108 106:108 113:108 321:328 516:517 522:517 522:530"
"آپا جی","کنیز",5,"90 91 92 94 96","86:95 88:95 89:95 93:95 98:95"
"آپا جی","ہاتھی دانت",8,"66 70 75 89 90 91 93 95","69:63 69:71 80:71 86:93 88:93 89:93 93:93 98:93"
"آپا جی","ہیری",7,"88 89 90 92 95 98 101","86:91 88:91 89:91 93:91 93:98 98:98 104:98"
"اظہار اعوان","اقبال مسیح",6,"21 344 345 346 350","20:23 340:349 341:349 342:349 343:349 351:349"
"اظہار اعوان","اچھو ترکھان",1,"97","93:101"
"اظہار اعوان","اکبر",1,"58","53:63"
"اظہار اعوان","بابا نذیر احمد",5,"24 124 130 132","20:29 121:127 122:127 134:127 134:130"
"اظہار اعوان","بابو",27,"97 223 227 228 233 234 235 239 280 281 282 283 333 335 337 448 452 453 457 458 459 460 493","93:101 219:227 228:227 228:228 238:228 238:229 238:230 238:232 238:241 285:275 285:278 285:279 285:281 332:335 335:335 340:335 453:443 453:444 453:451 453:453 461:453 461:454 461:455 461:456 461:457 461:459 491:495"
"اظہار اعوان","بابو راؤ پٹیل",8,"241 283 333 335 337 452 456 460","238:244 285:281 332:335 335:335 340:335 453:451 453:459 461:459"
"اظہار اعوان","باجی ہاں ہاں",8,"223 227 323 328 398 402 451 569","219:227 228:227 322:325 332:325 395:402 403:402 453:449 564:574"
"اظہار اعوان","باقر",1,"57","53:62"
"اظہار اعوان","برکت مسیح",11,"97 120 201 202 207 210 215 216 390 391","93:101 121:119 201:202 203:202 203:211 210:211 219:211 219:213 395:386 395:387 395:388"
"اظہار اعوان","برگیتا",58,"16 17 19 20 46 50 52 53 121 122 141 143 145 178 180 186 196 198 200 201 202 212 216 217 219 223 288 289 318 319 323 328 390 391 392 395 399 402 403 451 454 458 476 478 480 481 486 490 491 561 562 563 564","20:12 20:14 20:18 20:19 20:21 50:42 50:43 50:51 53:51 53:53 121:122 122:122 136:146 137:146 140:146 145:146 183:173 183:177 183:189 201:192 201:196 201:200 201:201 203:201 210:214 219:214 219:215 219:219 228:219 285:292 286:292 322:314 322:316 322:324 332:324 395:385 395:386 395:387 395:389 395:396 403:396 403:401 403:404 453:449 453:455 461:455 472:481 476:481 480:481 482:481 482:490 491:490 491:492 564:558 564:559 564:561 564:562 564:565"
"اظہار اعوان","بندو رام",3,"88 91 92","93:83 93:90 93:92"
"اظہار اعوان","بیرٹ",1,"92","93:91"
"اظہار اعوان","بیٹ مین بشیر",34,"47 54 56 121 122 131 136 137 138 139 183 212 216 218 343 344 348 357 358 359 360 406 474 476 478 479 482 483 488","50:44 50:59 53:59 121:122 122:122 134:129 134:139 136:139 137:139 140:139 183:184 210:214 219:214 219:217 340:346 341:346 342:346 343:346 351:346 353:362 354:362 355:362 356:362 357:362 358:362 359:362 403:409 472:476 476:476 480:476 480:478 480:485 482:485 491:485"
"اظہار اعوان","بیگم بابر",19,"137 138 140 142 148 355 356 357 358 359 400 404 475 477 479","134:140 136:140 137:140 140:140 145:140 145:151 351:360 353:360 354:360 355:360 356:360 357:360 358:360 359:360 395:405 403:405 472:479 476:479 480:479"
"اظہار اعوان","تاج",3,"57 454 458","53:62 453:455 461:455"
"اظہار اعوان","جی۔ ایم۔ اثر",1,"20","20:21"
"اظہار اعوان","خورشید شاہد",1,"94","93:95"
"اظہار اعوان","خیر دین تانگے والا",2,"117 118","121:114 121:115"
"اظہار اعوان","داؤد احمد",33,"134 135 136 137 138 290 336 337 340 341 342 348 352 353 355 356 357 358 467 472 474 475 478 480 481","134:135 136:135 136:137 137:137 140:137 285:295 286:295 332:340 335:340 340:340 341:340 341:341 342:341 342:342 343:342 343:353 351:353 353:353 354:353 354:357 355:357 356:357 357:357 358:357 358:358 359:358 462:472 472:472 476:472 476:475 476:480 480:480 482:480"
"اظہار اعوان","دادا جی (مشاہد کے دادا)",2,"118 119","121:116 121:117"
"اظہار اعوان","دارو",5,"93 393 394 395 399","93:94 395:391 395:394 395:396 403:396"
"اظہار اعوان","دانش",33,"133 134 135 136 180 213 218 336 337 340 341 342 347 351 352 353 354 356 357 358 467 472 474 475","134:133 134:134 136:134 136:135 136:136 137:136 183:177 210:217 219:217 332:340 335:340 340:340 341:340 341:341 342:341 342:342 343:342 343:351 351:351 353:351 353:353 354:353 354:354 355:354 355:358 356:358 357:358 358:358 359:358 462:472 472:472 476:472 476:475"
"اظہار اعوان","راڈنی ایز برگ",22,"317 321 322 327 328 329 331 332 334 335 337 338 339 391 396 400 401 451","322:312 322:320 322:321 322:322 332:322 332:325 332:326 332:331 332:333 335:333 335:334 335:335 340:335 340:336 340:337 340:339 395:388 395:397 403:397 403:398 403:399 453:449"
"اظہار اعوان","رحمان گل",43,"133 134 135 136 137 138 336 337 340 341 342 347 351 352 354 355 356 357 358 359 457 461 467 472 474 475 476 478 479 480 481 486 491","134:133 134:134 136:134 136:135 136:136 137:136 137:137 140:137 332:340 335:340 340:340 341:340 341:341 342:341 342:342 343:342 343:351 351:351 353:351 353:356 354:356 355:356 356:356 357:356 357:357 358:357 358:358 359:358 359:359 453:461 461:461 462:461 462:472 472:472 476:472 476:475 476:476 480:476 480:479 480:480 482:480 482:491 491:491"
"اظہار اعوان","روزی",4,"187 196 197 564","183:191 201:191 201:193 564:565"
"اظہار اعوان","روندر/افتخار",1,"94","93:95"
"اظہار اعوان","زاہد کالیا",67,"19 88 97 137 138 139 140 143 144 145 178 179 180 181 182 183 196 197 198 199 200 201 202 205 209 212 216 217 218 219 223 232 237 288 289 325 330 335 336 339 348 352 353 390 392 393 397 401 402 403 484 485 489 559 560 561","20:19 93:84 93:101 134:141 136:141 137:141 140:141 145:141 145:142 145:144 145:145 183:173 183:174 183:175 183:176 183:177 183:178 183:179 183:182 183:183 201:191 201:193 201:194 201:195 201:197 201:198 201:199 201:200 201:201 203:201 203:208 210:208 210:214 219:214 219:215 219:216 219:217 219:218 219:219 228:219 228:237 238:237 285:292 286:292 322:328 332:328 332:338 335:338 340:338 343:353 351:353 353:353 354:353 395:386 395:390 395:392 395:400 403:400 403:402 403:403 480:488 482:488 491:488 564:555 564:556 564:557 564:558"
"اظہار اعوان","ساحِب (انگلو انڈین)",93,"15 16 20 48 51 52 57 92 93 116 117 120 121 122 132 140 141 142 145 180 182 183 201 202 204 208 210 215 216 217 218 219 223 242 287 317 318 319 323 328 329 330 331 332 333 334 336 338 339 340 347 351 352 353 355 356 359 360 390 391 395 399 400 404 462 463 468 470 474 476 478 480 481 482 486 487 488 565","20:11 20:13 20:21 50:46 50:52 53:52 53:61 93:91 93:93 121:111 121:112 121:114 121:120 121:122 122:122 134:131 136:145 137:145 140:145 145:145 183:177 183:181 183:182 183:183 201:201 203:201 203:202 203:206 210:206 210:207 210:211 219:211 219:213 219:216 219:217 219:219 228:219 238:246 285:289 286:289 322:313 322:315 322:317 322:325 332:325 332:326 332:328 332:329 332:330 332:331 332:332 335:332 335:333 335:337 340:337 340:338 340:340 341:340 342:352 343:352 351:352 353:352 353:353 354:353 354:356 355:356 356:356 357:356 357:362 358:362 359:362 395:386 395:387 395:388 395:395 403:395 403:397 403:406 461:464 462:464 472:464 472:469 472:476 476:476 480:476 480:480 482:480 482:482 491:482 491:484 491:485 491:486 564:566"
"اظہار اعوان","ستار نقوی",27,"133 134 135 136 337 338 341 342 343 347 354 355 356 357 358 359 398 402 473 475","134:133 134:134 136:134 136:135 136:136 137:136 332:342 335:342 340:342 341:342 342:342 343:342 343:344 351:344 351:358 353:358 354:358 355:358 356:358 357:358 358:358 359:358 359:360 395:402 403:402 472:475 476:475"
"اظہار اعوان","سعادت حسن منٹو",13,"20 57 92 93 116 120 126 132 182 203 204 208","20:21 53:61 93:91 93:93 121:112 121:120 121:131 122:131 134:131 183:181 201:206 203:206 210:206"
"اظہار اعوان","سعید",8,"21 94 220 225 230 235 236 238","20:23 93:95 219:222 228:222 228:233 238:233 238:235 238:239"
"اظہار اعوان","سمیعہ",12,"20 88 93 203 204 207 208 209 221 226 332 334","20:21 93:83 93:94 201:205 203:205 210:205 210:206 210:208 219:224 228:224 332:333 335:333"
"اظہار اعوان","سور",7,"15 123 129 144 146 243","20:11 121:125 122:125 134:125 140:148 145:148 238:248"
"اظہار اعوان","شاہ شہید",3,"93 395 399","93:93 395:395 403:395"
"اظہار اعوان","شاہ صاحب (سات پھولوں والے)",4,"93 116 395 399","93:93 121:111 395:395 403:395"
"اظہار اعوان","شوبھا مردان",74,"45 47 54 55 121 122 129 130 131 132 133 134 135 136 137 138 139 140 142 148 337 338 341 342 343 347 348 349 350 355 356 357 358 359 398 402 403 457 461 462 467 470 472 474 476 478 479 481 482 486 487 488 489 491 563 564","50:40 50:44 50:58 53:58 121:121 122:121 122:122 134:124 134:125 134:126 134:127 134:129 134:130 134:132 134:135 136:135 136:136 137:136 137:137 140:137 140:138 140:139 140:140 145:140 145:151 332:342 335:342 340:342 341:342 342:342 343:342 343:343 351:343 351:344 351:345 351:346 351:347 351:350 351:359 353:359 354:359 355:359 356:359 357:359 358:359 359:359 395:401 403:401 403:402 403:404 453:461 461:461 462:461 462:462 472:462 472:468 472:469 472:472 476:472 476:477 480:477 480:479 480:482 482:482 491:482 491:483 491:484 491:485 491:486 491:487 491:491 564:562 564:563 564:564"
"اظہار اعوان","صادق",2,"94 320","93:95 322:319"
"اظہار اعوان","صباحت بیگم",29,"133 134 135 327 332 333 338 340 341 348 352 353 354 355 356 357 358 473 475 477 479 480 481","134:133 134:134 136:134 136:135 322:332 332:332 335:332 335:341 340:341 341:341 342:341 343:353 351:353 353:353 354:353 354:355 355:355 356:355 356:357 357:357 358:357 358:358 359:358 472:475 476:475 476:479 480:479 480:480 482:480"
"اظہار اعوان","صفیہ",2,"20 57","20:21 53:62"
"اظہار اعوان","ظہیر الدین بابر",21,"20 137 138 140 142 148 355 356 357 358 359 400 404 475 477 479 563","20:20 134:140 136:140 137:140 140:140 145:140 145:151 351:360 353:360 354:360 355:360 356:360 357:360 358:360 359:360 395:405 403:405 472:479 476:479 480:479 564:563"
"اظہار اعوان","عارفین بابر",24,"45 124 130 149 357 358 359 360 400 404 475 477 479 481 482 486 563 564","50:40 121:127 122:127 134:127 145:154 353:362 354:362 355:362 356:362 357:362 358:362 359:362 395:405 403:405 472:478 476:478 480:478 480:479 480:482 482:482 491:482 564:562 564:563 564:564"
"اظہار اعوان","عاشق علی",1,"566","564:568"
"اظہار اعوان","فاطمہ",21,"241 281 283 333 335 337 448 452 453 457 458 459 460 487 491 562 567","238:244 285:278 285:281 285:282 332:335 335:335 340:335 453:443 453:444 453:451 453:453 461:453 461:455 461:456 461:457 461:458 461:459 482:492 491:492 564:560 564:571"
"اظہار اعوان","لاری صاحب",1,"93","93:93"
"اظہار اعوان","ماموں ہیرس",2,"92 93","93:91 93:93"
"اظہار اعوان","مردان",109,"20 45 46 47 48 49 50 51 53 95 116 117 118 119 120 121 122 129 130 131 132 133 135 136 137 138 139 140 142 146 179 187 196 239 285 286 321 323 328 331 335 337 339 342 343 344 348 349 350 355 356 357 358 359 393 398 402 403 449 451 452 456 460 461 462 467 468 469 470 471 472 474 475 476 478 479 480 481 483 487 488 489 491 562 563 564","20:21 50:41 50:42 50:43 50:44 50:45 50:46 50:48 50:50 53:50 53:54 93:98 121:112 121:113 121:115 121:116 121:117 121:120 121:121 122:121 122:122 134:124 134:126 134:127 134:129 134:130 134:132 134:136 136:136 137:136 137:137 140:137 140:138 140:139 140:140 145:140 145:147 183:176 183:192 201:192 238:240 285:286 286:286 322:321 322:325 332:325 332:331 332:339 335:339 340:339 340:345 341:345 342:345 343:345 351:345 351:346 351:348 351:349 351:350 351:360 353:360 354:360 355:360 356:360 357:360 358:360 359:360 395:391 395:392 395:401 403:401 403:402 403:404 453:446 453:449 453:452 453:460 461:460 461:461 462:461 462:462 472:462 472:463 472:464 472:465 472:466 472:468 472:469 472:470 472:472 476:472 476:474 476:476 480:476 480:477 480:478 480:479 480:480 482:480 482:484 491:484 491:485 491:486 491:487 491:491 564:561 564:562 564:563 564:564"
"اظہار اعوان","مرزا بیٹریاں",6,"93 477 479 481 482 486","93:94 472:482 476:482 480:482 482:482 491:482"
"اظہار اعوان","مسز حسین",15,"359 360 361 406 456 460 462 467 472 474 475","354:364 355:364 356:364 357:364 358:364 359:364 403:410 453:460 461:460 461:463 462:463 472:463 472:473 476:473 476:474"
"اظہار اعوان","مشائلہ",21,"317 321 322 327 328 329 331 334 335 338 339 391 396 400 401","322:312 322:320 322:321 322:322 332:322 332:323 332:324 332:325 332:326 332:331 332:336 335:336 340:336 340:337 340:338 340:339 395:388 395:397 403:397 403:398 403:399"
"اظہار اعوان","مشاہد",178,"15 17 18 19 20 45 46 48 49 50 51 52 53 88 89 90 91 92 93 116 117 118 119 120 121 122 129 132 136 137 138 139 140 143 144 145 178 179 180 181 186 196 197 198 199 200 201 202 204 207 208 209 210 214 215 216 219 223 224 225 226 227 228 233 234 235 237 238 280 281 283 284 285 286 317 318 319 320 321 322 327 328 329 331 332 334 335 337 338 339 390 391 393 394 395 399 400 401 402 403 448 449 450 451 452 453 457 458 459 460 465 470 471 472 474 475 478 480 481 486 490 491 559 560 561 562 563 567","20:10 20:14 20:16 20:18 20:19 20:20 50:41 50:42 50:46 50:47 50:48 50:49 50:50 53:50 53:51 53:52 53:53 93:83 93:84 93:85 93:86 93:88 93:90 93:92 93:93 121:112 121:113 121:115 121:116 121:117 121:118 121:119 121:120 121:121 122:121 122:122 134:124 134:131 134:139 136:139 137:139 140:139 140:141 145:141 145:142 145:143 145:144 145:146 183:173 183:174 183:176 183:177 183:178 183:179 183:189 201:191 201:192 201:193 201:195 201:196 201:197 201:198 201:199 201:200 201:202 203:202 203:205 210:205 210:206 210:207 210:208 210:209 210:210 219:210 219:212 219:214 219:219 228:219 228:220 228:221 228:222 228:223 228:225 228:227 228:228 238:228 238:229 238:230 238:231 238:232 238:233 238:236 238:237 238:238 285:276 285:277 285:281 285:283 285:284 285:286 286:286 322:312 322:313 322:314 322:316 322:317 322:318 322:319 322:320 322:321 322:322 332:322 332:324 332:325 332:326 332:331 332:333 335:333 335:334 335:335 340:335 340:337 340:338 395:385 395:386 395:387 395:388 395:391 395:393 395:394 395:395 403:395 403:396 403:397 403:399 403:401 403:402 403:403 453:443 453:444 453:446 453:447 453:448 453:449 453:450 453:451 453:452 453:453 461:453 461:454 461:455 461:456 461:457 461:458 461:459 461:460 461:469 462:469 472:469 472:470 472:473 476:473 476:474 476:481 480:481 482:481 482:490 491:490 491:492 564:554 564:555 564:556 564:557 564:558 564:560 564:561 564:562 564:571"
"اظہار اعوان","مشتاق واہ واہ",2,"94 133","93:95 134:133"
"اظہار اعوان","مظہر شاہ",1,"93","93:93"
"اظہار اعوان","موسیقار آقا نواز",3,"319 320","322:316 322:317 322:318"
"اظہار اعوان","مولوی احتشام الدین",10,"347 351 352 458 462 467 468 470","342:352 343:352 351:352 353:352 453:463 461:463 462:463 472:463 472:464 472:468"
"اظہار اعوان","مہر النساء",3,"464 465 470","461:468 462:468 472:468"
"اظہار اعوان","نازنین بابر",17,"124 130 149 357 358 359 360 400 404 475 477 479 563","121:127 122:127 134:127 145:153 353:362 354:362 355:362 356:362 357:362 358:362 359:362 395:405 403:405 472:478 476:478 480:478 564:563"
"اظہار اعوان","نمبردار اللہ دوایا",1,"405","403:408"
"اظہار اعوان","نور الہدی",23,"134 135 136 339 341 342 343 347 352 353 354 355 356 473 475 478 480 481","134:134 136:134 136:135 136:136 137:136 335:343 340:343 341:343 342:343 343:343 351:343 351:354 353:354 354:354 355:354 355:356 356:356 357:356 472:475 476:475 476:480 480:480 482:480"
"اظہار اعوان","نوراں",3,"364 394","359:369 395:393 395:394"
"اظہار اعوان","ٹریور",1,"94","93:95"
"اظہار اعوان","پال",5,"49 51 52 56 239","50:49 50:52 53:52 53:60 238:240"
"اظہار اعوان","پروفیسر مشتاق",1,"133","134:133"
"اظہار اعوان","پیٹر",8,"49 51 52 56 95 205 206 209","50:49 50:52 53:52 53:60 93:98 201:209 203:209 210:209"
"اظہار اعوان","چاچا محمد بخش",4,"49 118 119","50:48 121:115 121:116 121:117"
"اظہار اعوان","چاچی رابیاں",1,"117","121:113"
"اظہار اعوان","چاچی مہراں",1,"97","93:101"
"اظہار اعوان","چراغ دین",6,"97 185 206 207 210 215","93:101 183:188 201:211 203:211 210:211 219:211"
"اظہار اعوان","چوہدری اللہ داد خان",39,"49 51 53 89 90 92 93 116 117 118 119 120 122 123 129 203 204 208 209 285 286 317 326 331 345 346 350 391 405 463 468 568","50:48 50:53 53:53 93:86 93:87 93:88 93:92 93:93 121:111 121:113 121:114 121:116 121:117 121:118 121:119 121:124 122:124 134:124 201:206 203:206 210:206 210:207 210:209 285:286 286:286 322:313 322:331 332:331 340:350 341:350 342:350 343:350 351:350 395:388 403:407 461:465 462:465 472:465 564:572"
"اظہار اعوان","ڈاکٹر ارشد احمد",28,"19 121 122 140 141 142 145 180 181 183 196 198 200 212 216 217 218 219 223 288 289 399 403 484 485 489 490 492","20:19 121:122 122:122 136:145 137:145 140:145 145:145 183:178 183:179 183:183 201:192 201:195 201:200 210:214 219:214 219:215 219:218 219:219 228:219 285:292 286:292 395:403 403:403 480:488 482:488 491:488 491:489 491:493"
"اظہار اعوان","کانی",2,"88 93","93:84 93:94"
"اظہار اعوان","کمال",44,"22 50 51 57 94 148 182 183 201 202 207 210 215 216 217 218 219 223 230 235 325 330 331 332 333 358 359 360 361 474 476 478 482 483 487 488","20:25 50:50 53:50 53:61 93:95 145:151 183:181 183:182 183:183 201:201 203:201 203:202 203:211 210:211 219:211 219:213 219:214 219:216 219:217 219:219 228:219 228:232 238:232 322:328 332:328 332:329 332:330 332:332 335:332 353:363 354:363 355:363 356:363 357:363 358:363 359:363 472:476 476:476 480:476 480:484 482:484 491:484 491:485 491:486"
"اظہار اعوان","کمند علی خان",31,"134 135 336 337 340 341 342 343 347 352 353 354 355 356 357 358 473 475 476 478 480 481","134:134 136:134 136:135 332:340 335:340 340:340 341:340 341:342 342:342 343:342 343:343 351:343 351:353 353:353 354:353 354:354 355:354 355:355 356:355 356:356 357:356 357:357 358:357 358:358 359:358 472:475 476:475 476:476 480:476 480:480 482:480"
"اظہار اعوان","کنیز",1,"94","93:95"
"اظہار اعوان","کیپٹن خانزادہ",1,"564","564:564"
"اظہار اعوان","کیپٹن گل ریز",9,"357 358 359 360 563 566","353:362 354:362 355:362 356:362 357:362 358:362 359:362 564:562 564:568"
"اظہار اعوان","ہاتھی دانت",2,"58 93","53:63 93:93"
"اظہار اعوان","ہیری",3,"92 95 240","93:91 93:98 238:242"
"اقبال مسیح","بابا نذیر احمد",1,"26","23:29"
"اقبال مسیح","بابو",2,"434","429:439 430:439"
"اقبال مسیح","برکت مسیح",3,"429 430","429:429 430:429 430:430"
"اقبال مسیح","برگیتا",10,"18 20 21 22 23 424 426 428","23:14 23:18 23:19 23:21 23:22 23:23 429:419 429:424 429:427 429:428"
"اقبال مسیح","بیٹ مین بشیر",1,"347","349:346"
"اقبال مسیح","جی۔ ایم۔ اثر",1,"22","23:21"
"اقبال مسیح","داؤد احمد",4,"344 345 351","349:340 349:341 349:342 349:353"
"اقبال مسیح","دانش",7,"344 345 350 424 430","349:340 349:341 349:342 349:351 429:420 429:431 430:431"
"اقبال مسیح","راڈنی ایز برگ",3,"344 433 434","349:339 429:438 430:438"
"اقبال مسیح","رحمان گل",4,"344 345 350","349:340 349:341 349:342 349:351"
"اقبال مسیح","زاہد کالیا",10,"21 351 424 425 426 427 428 430 431","23:19 349:353 429:419 429:422 429:423 429:424 429:425 429:428 429:432 430:432"
"اقبال مسیح","ساحِب (انگلو انڈین)",11,"18 22 24 344 350 424 425 429 430","23:13 23:21 23:22 23:26 349:340 349:352 429:420 429:421 429:429 430:429 430:430"
"اقبال مسیح","ستار نقوی",3,"345 346 353","349:342 349:344 349:358"
"اقبال مسیح","سعادت حسن منٹو",1,"22","23:21"
"اقبال مسیح","سعید",1,"23","23:23"
"اقبال مسیح","سمیعہ",1,"22","23:21"
"اقبال مسیح","شوبھا مردان",11,"345 346 347 348 349 425 426 433 434","349:342 349:343 349:344 349:345 349:346 349:347 349:350 429:421 429:424 429:438 430:438"
"اقبال مسیح","صباحت بیگم",2,"345 351","349:341 349:353"
"اقبال مسیح","صفیہ",1,"22","23:21"
"اقبال مسیح","ظہیر الدین بابر",3,"21 432 433","23:20 429:436 430:436"
"اقبال مسیح","فاطمہ",2,"433","429:437 430:437"
"اقبال مسیح","مالی شریف",2,"429 430","429:430 430:430"
"اقبال مسیح","مردان",16,"22 23 344 347 348 349 424 425 426 427 429 430","23:21 23:22 23:23 349:339 349:345 349:346 349:348 349:349 429:420 429:421 429:422 429:423 429:424 429:425 429:430 430:430"
"اقبال مسیح","مسز حسین",4,"424 425 430","429:420 429:421 429:431 430:431"
"اقبال مسیح","مشائلہ",3,"344 429 430","349:339 429:430 430:430"
"اقبال مسیح","مشاہد",16,"18 19 20 21 22 23 424 426 427 428 429 430","23:14 23:16 23:18 23:19 23:20 23:21 23:22 23:23 429:419 429:424 429:425 429:427 429:428 429:429 430:429 430:430"
"اقبال مسیح","مولوی احتشام الدین",1,"350","349:352"
"اقبال مسیح","نمبردار اللہ دوایا",8,"424 425 426 427 433 434","429:419 429:421 429:422 429:423 429:424 429:425 429:438 430:438"
"اقبال مسیح","نور الہدی",2,"346 351","349:343 349:354"
"اقبال مسیح","چوہدری اللہ داد خان",3,"349 424","349:350 429:419 429:420"
"اقبال مسیح","ڈاکٹر ارشد احمد",5,"21 426 427 430 431","23:19 429:424 429:425 429:432 430:432"
"اقبال مسیح","کمال",1,"24","23:25"
"اقبال مسیح","کمند علی خان",4,"344 345 346 351","349:340 349:342 349:343 349:353"
"اچھو ترکھان","بابو",1,"101","101:101"
"اچھو ترکھان","باجی ہاں ہاں",1,"103","101:106"
"اچھو ترکھان","برکت مسیح",1,"101","101:101"
"اچھو ترکھان","بندو رام",1,"96","101:92"
"اچھو ترکھان","بیرٹ",1,"96","101:91"
"اچھو ترکھان","تاج",1,"104","101:108"
"اچھو ترکھان","جاوید اثر",1,"105","101:110"
"اچھو ترکھان","خورشید شاہد",1,"98","101:95"
"اچھو ترکھان","دارو",1,"97","101:94"
"اچھو ترکھان","روزی",1,"105","101:110"
"اچھو ترکھان","روندر/افتخار",1,"98","101:95"
"اچھو ترکھان","زاہد کالیا",1,"101","101:101"
"اچھو ترکھان","ساحِب (انگلو انڈین)",6,"96 97 98 99 105","101:91 101:93 101:94 101:96 101:98 101:109"
"اچھو ترکھان","سعادت حسن منٹو",5,"96 97 99 104","101:91 101:93 101:94 101:97 101:108"
"اچھو ترکھان","سعید",1,"98","101:95"
"اچھو ترکھان","سمیعہ",2,"97 104","101:94 101:108"
"اچھو ترکھان","شاہ شہید",2,"97","101:93 101:94"
"اچھو ترکھان","شاہ صاحب (سات پھولوں والے)",3,"97 106","101:93 101:94 101:111"
"اچھو ترکھان","صادق",1,"98","101:95"
"اچھو ترکھان","صفیہ",1,"105","101:109"
"اچھو ترکھان","لاری صاحب",1,"97","101:93"
"اچھو ترکھان","ماموں ہیرس",2,"96 97","101:91 101:93"
"اچھو ترکھان","مردان",2,"99 103","101:98 101:105"
"اچھو ترکھان","مرزا بیٹریاں",1,"97","101:94"
"اچھو ترکھان","مشاہد",7,"96 97 99 100 102","101:92 101:93 101:94 101:97 101:98 101:99 101:104"
"اچھو ترکھان","مشتاق واہ واہ",1,"98","101:95"
"اچھو ترکھان","مظہر شاہ",1,"97","101:93"
"اچھو ترکھان","ملک معراج",1,"105","101:110"
"اچھو ترکھان","ٹریور",1,"98","101:95"
"اچھو ترکھان","پیٹر",2,"99 104","101:98 101:107"
"اچھو ترکھان","چاچی مہراں",1,"101","101:101"
"اچھو ترکھان","چراغ دین",1,"101","101:101"
"اچھو ترکھان","چوہدری اللہ داد خان",5,"96 97 99 100 102","101:92 101:93 101:97 101:100 101:104"
"اچھو ترکھان","کانی",1,"97","101:94"
"اچھو ترکھان","کمال",4,"98 99 100 104","101:95 101:97 101:99 101:108"
"اچھو ترکھان","کنیز",1,"98","101:95"
"اچھو ترکھان","ہاتھی دانت",1,"97","101:93"
"اچھو ترکھان","ہیری",2,"96 99","101:91 101:98"
"اکبر","باجی ہاں ہاں",2,"65 69","63:68 71:68"
"اکبر","باقر",5,"62 63 67 71","63:62 63:63 71:63 71:64 71:71"
"اکبر","برگیتا",7,"58 59 60 61","63:53 63:54 63:55 63:56 63:57 63:58 63:59"
"اکبر","بلخ",4,"63 67 68","63:64 71:64 71:65 71:66"
"اکبر","بلقیس",2,"65 69","63:68 71:68"
"اکبر","بیرٹ",3,"66 70 71","63:69 71:69 71:71"
"اکبر","بیٹ مین بشیر",1,"61","63:59"
"اکبر","تاج",5,"62 63 67 68 71","63:62 63:64 71:64 71:65 71:71"
"اکبر","جاوید اثر",2,"67 71","63:71 71:71"
"اکبر","جی۔ ایم۔ اثر",2,"67 71","63:71 71:71"
"اکبر","خورشید شاہد",2,"67 71","63:71 71:71"
"اکبر","ساحِب (انگلو انڈین)",11,"62 63 67 68 69 70 71","63:61 63:62 63:63 71:63 71:64 71:65 71:66 71:68 71:69 71:70 71:71"
"اکبر","سعادت حسن منٹو",9,"62 63 67 68 70 71","63:61 63:62 63:64 71:64 71:65 71:66 71:69 71:70 71:72"
"اکبر","سمیعہ",6,"64 68 69 70 71","63:66 71:66 71:67 71:68 71:70 71:72"
"اکبر","شاہ شہید",1,"73","71:76"
"اکبر","شاہ صاحب (سات پھولوں والے)",1,"73","71:76"
"اکبر","شوبھا مردان",2,"60 61","63:58 63:59"
"اکبر","صفیہ",4,"62 64 68 72","63:62 63:66 71:66 71:73"
"اکبر","لاری صاحب",2,"67 71","63:71 71:71"
"اکبر","محمد غنی چیمہ",1,"74","71:77"
"اکبر","مردان",10,"58 59 60 61 64 68 70 72","63:54 63:55 63:56 63:57 63:58 63:59 63:66 71:66 71:70 71:73"
"اکبر","مرزا بیٹریاں",1,"74","71:78"
"اکبر","مشاہد",17,"58 59 60 61 62 63 67 68 69 70 71","63:53 63:54 63:56 63:57 63:58 63:60 63:61 63:62 63:63 71:63 71:64 71:66 71:67 71:68 71:69 71:70 71:71"
"اکبر","پال",3,"61 67 71","63:60 63:71 71:71"
"اکبر","پیٹر",3,"61 67 71","63:60 63:71 71:71"
"اکبر","چوہدری اللہ داد خان",5,"58 61 63 67 75","63:53 63:59 63:64 71:64 71:80"
"اکبر","کمال",6,"62 63 67 74","63:61 63:62 63:63 71:63 71:64 71:78"
"اکبر","ہاتھی دانت",3,"63 67 71","63:63 71:63 71:71"
"بابا نذیر احمد","بابو",9,"506 509 515 516 527 532 536 537 539","511:501 511:508 511:519 514:519 531:524 531:534 539:534 539:535 539:540"
"بابا نذیر احمد","بابو راؤ پٹیل",2,"515 516","511:519 514:519"
"بابا نذیر احمد","بخت نصیب",6,"528 529 530","531:525 531:526 531:527 531:528 531:529 531:530"
"بابا نذیر احمد","برکت مسیح",1,"123","127:119"
"بابا نذیر احمد","برگیتا",25,"24 25 26 27 29 30 124 506 508 510 511 513 514 526 533 537 538 539","29:19 29:21 29:22 29:23 29:24 29:25 29:29 30:29 30:30 127:122 511:501 511:502 511:506 511:509 511:512 514:512 514:515 531:521 531:522 531:535 539:535 539:536 539:537 539:538 539:540"
"بابا نذیر احمد","بندو رام",1,"543","539:548"
"بابا نذیر احمد","بیٹ مین بشیر",5,"124 125 128 129 134","127:122 127:123 127:129 130:129 130:139"
"بابا نذیر احمد","بیگم بابر",4,"135 533 537 538","130:140 531:535 539:535 539:538"
"بابا نذیر احمد","تاج",2,"512 513","511:513 514:513"
"بابا نذیر احمد","جی۔ ایم۔ اثر",1,"25","29:21"
"بابا نذیر احمد","داؤد احمد",2,"131 132","127:135 130:135"
"بابا نذیر احمد","دادا جی (مشاہد کے دادا)",1,"122","127:117"
"بابا نذیر احمد","دانش",5,"130 131 507 511 513","127:133 130:133 511:504 511:512 514:512"
"بابا نذیر احمد","رحمان گل",2,"130 131","127:133 130:133"
"بابا نذیر احمد","زاہد کالیا",12,"24 507 513 515 528 529 530 531 535 539","29:19 511:503 511:516 514:516 531:525 531:526 531:527 531:529 531:530 531:532 539:532 539:540"
"بابا نذیر احمد","ساحِب (انگلو انڈین)",13,"25 27 123 124 129 130 513 515 526 531 535 541","29:21 29:22 29:26 127:120 127:122 127:131 130:131 511:516 514:516 531:522 531:531 539:531 539:543"
"بابا نذیر احمد","ستار نقوی",2,"130 131","127:133 130:133"
"بابا نذیر احمد","سعادت حسن منٹو",7,"25 123 129 130 513 515 526","29:21 127:120 127:131 130:131 511:516 514:516 531:522"
"بابا نذیر احمد","سعید",1,"26","29:23"
"بابا نذیر احمد","سمیعہ",5,"25 513 515 526 543","29:21 511:516 514:516 531:522 539:548"
"بابا نذیر احمد","سور",2,"126 528","127:125 531:525"
"بابا نذیر احمد","شوبھا مردان",18,"35 124 125 126 127 128 129 130 515 517 533 537 538","30:40 127:121 127:122 127:123 127:124 127:125 127:126 127:127 130:127 130:129 130:130 511:520 514:520 531:535 539:535 539:536 539:537 539:538"
"بابا نذیر احمد","صباحت بیگم",2,"130 131","127:133 130:133"
"بابا نذیر احمد","صفیہ",4,"25 513 515 526","29:21 511:516 514:516 531:522"
"بابا نذیر احمد","ظہیر الدین بابر",5,"24 135 533 537 538","29:20 130:140 531:535 539:535 539:538"
"بابا نذیر احمد","عارفین بابر",6,"35 127 128 533 537 538","30:40 127:127 130:127 531:535 539:535 539:537"
"بابا نذیر احمد","فاطمہ",14,"506 509 510 511 513 516 526 527 530 531 535 537 539","511:501 511:508 511:510 511:512 514:512 514:518 531:521 531:522 531:523 531:529 531:531 539:531 539:535 539:539"
"بابا نذیر احمد","مالی شریف",4,"510 518 527 541","511:509 514:523 531:523 539:543"
"بابا نذیر احمد","مردان",38,"25 26 27 28 29 30 122 123 124 125 126 127 128 129 130 506 508 509 511 513 517 526 531 535 536 537 538 539","29:21 29:22 29:23 29:24 29:25 29:26 29:27 29:28 29:30 30:30 127:117 127:120 127:121 127:122 127:123 127:124 127:126 127:127 130:127 130:129 130:130 511:501 511:505 511:506 511:507 511:508 511:512 514:512 514:520 531:522 531:531 539:531 539:533 539:535 539:536 539:537 539:538 539:539"
"بابا نذیر احمد","مشاہد",49,"24 25 26 27 28 29 30 122 123 124 125 129 130 506 507 508 509 510 513 514 526 527 528 529 530 531 535 536 537 538 539","29:19 29:20 29:21 29:22 29:23 29:24 29:25 29:26 29:27 29:28 29:29 30:29 30:30 127:117 127:118 127:119 127:120 127:121 127:122 127:124 127:131 130:131 511:501 511:502 511:504 511:506 511:507 511:508 511:509 511:510 511:515 514:515 531:521 531:522 531:523 531:525 531:526 531:527 531:529 531:531 539:531 539:532 539:533 539:534 539:535 539:536 539:537 539:538 539:539"
"بابا نذیر احمد","مشتاق واہ واہ",2,"130 131","127:133 130:133"
"بابا نذیر احمد","نازنین بابر",2,"127 128","127:127 130:127"
"بابا نذیر احمد","نور الہدی",2,"130 132","127:134 130:134"
"بابا نذیر احمد","نوراں",1,"542","539:546"
"بابا نذیر احمد","پال",1,"507","511:503"
"بابا نذیر احمد","پروفیسر مشتاق",2,"130 131","127:133 130:133"
"بابا نذیر احمد","چاچا محمد بخش",1,"122","127:117"
"بابا نذیر احمد","چوہدری اللہ داد خان",8,"122 123 125 518 526 533 537","127:117 127:118 127:119 127:124 514:522 531:522 531:536 539:536"
"بابا نذیر احمد","ڈاکٹر ارشد احمد",7,"24 124 518 527 528 531 535","29:19 127:122 514:523 531:523 531:525 531:532 539:532"
"بابا نذیر احمد","کمال",4,"27 514 515 530","29:25 511:517 514:517 531:530"
"بابا نذیر احمد","کمند علی خان",2,"130 132","127:134 130:134"
"بابو","بابو راؤ پٹیل",28,"242 243 244 245 276 277 278 279 280 281 335 446 447 451 452 456 457 458 459 519 521","241:244 242:244 243:244 244:244 245:244 245:245 246:245 271:281 273:281 274:281 275:281 278:281 279:281 281:281 335:335 442:451 443:451 444:451 451:451 453:451 453:459 454:459 455:459 456:459 457:459 459:459 519:519 524:519"
"بابو","باجی ہاں ہاں",9,"103 227 330 444 445 446 450","101:106 227:227 228:227 335:325 439:449 442:449 443:449 444:449 451:449"
"بابو","بخت نصیب",8,"522 524 529 530 531 532","519:525 524:525 534:525 534:526 534:527 534:528 534:529 534:530"
"بابو","برکت مسیح",3,"101 434","101:101 439:429 439:430"
"بابو","برگیتا",56,"223 264 270 295 299 440 441 442 446 450 453 454 455 492 493 494 495 498 499 500 501 504 505 507 508 514 515 517 518 519 521 522 523 534 535 537 538 539 540 541 544 545 548","227:219 259:269 260:269 271:269 299:292 299:300 439:441 442:441 442:442 443:442 443:449 444:449 451:449 451:455 453:455 454:455 455:455 456:455 495:490 495:492 495:493 495:494 495:495 501:495 501:496 501:497 501:498 501:499 501:500 501:501 508:501 508:502 508:506 508:509 519:509 519:512 519:515 519:517 519:518 519:519 524:519 524:520 524:521 524:522 534:535 535:535 540:535 540:536 540:537 540:538 540:540 541:540 541:541 548:541 548:543 548:549"
"بابو","بندو رام",4,"96 544 548","101:92 540:548 541:548 548:548"
"بابو","بیرٹ",1,"96","101:91"
"بابو","بیٹ مین بشیر",2,"222 490","227:217 495:485"
"بابو","بیگم بابر",4,"534 535 537 539","534:535 535:535 540:535 540:538"
"بابو","تاج",8,"104 453 454 455 510 516","101:108 451:455 453:455 454:455 455:455 456:455 508:513 519:513"
"بابو","جاوید اثر",1,"105","101:110"
"بابو","خورشید شاہد",1,"98","101:95"
"بابو","داؤد احمد",2,"297 337","299:295 335:340"
"بابو","دارو",2,"97 300","101:94 299:301"
"بابو","دانش",8,"222 337 435 499 502 506 510 515","227:217 335:340 439:431 495:504 501:504 508:504 508:512 519:512"
"بابو","راڈنی ایز برگ",12,"330 333 334 335 438 444 445 446 450","335:325 335:326 335:331 335:333 335:334 335:335 439:438 439:449 442:449 443:449 444:449 451:449"
"بابو","رحمان گل",9,"337 456 457 458 459 460 493","335:340 451:461 453:461 454:461 455:461 456:461 457:461 459:461 495:491"
"بابو","روزی",1,"105","101:110"
"بابو","روندر/افتخار",1,"98","101:95"
"بابو","زاہد کالیا",44,"101 222 223 232 233 234 239 262 263 269 295 331 336 435 436 437 438 491 499 502 505 512 517 522 524 529 530 531 532 533 537 540 541 544 549","101:101 227:217 227:218 227:219 227:237 228:237 229:237 230:237 232:237 241:237 258:267 259:267 260:267 271:267 299:292 335:328 335:338 439:432 439:433 439:434 439:435 439:436 439:437 495:488 495:503 501:503 508:503 508:516 519:516 519:525 524:525 534:525 534:526 534:527 534:529 534:530 534:532 534:540 535:540 540:540 541:540 541:541 548:541 548:551"
"بابو","ساحِب (انگلو انڈین)",53,"96 97 98 99 105 222 223 243 244 245 246 247 284 285 294 300 330 331 332 333 334 336 434 435 437 459 460 461 490 512 517 520 523 527 532 538 539 541 542 545 547","101:91 101:93 101:94 101:96 101:98 101:109 227:217 227:219 241:246 242:246 243:246 244:246 245:246 246:246 247:246 247:247 248:247 279:289 281:289 299:289 299:302 335:325 335:326 335:328 335:329 335:330 335:331 335:332 335:333 335:337 439:429 439:430 439:431 439:435 454:464 455:464 456:464 457:464 459:464 495:485 495:486 508:516 519:516 519:522 524:522 524:531 534:531 534:543 535:543 540:543 541:543 548:543 548:546"
"بابو","ستار نقوی",1,"338","335:342"
"بابو","سعادت حسن منٹو",9,"96 97 99 104 512 517 520 523","101:91 101:93 101:94 101:97 101:108 508:516 519:516 519:522 524:522"
"بابو","سعید",11,"98 224 230 231 232 237 238 240 300","101:95 227:222 227:233 228:233 229:233 230:233 232:233 241:233 241:235 241:239 299:301"
"بابو","سمیعہ",12,"97 104 225 334 512 517 518 520 523 544 548","101:94 101:108 227:224 335:333 508:516 519:516 519:517 519:522 524:522 540:548 541:548 548:548"
"بابو","سور",13,"244 245 246 247 248 249 522 524 529","241:248 242:248 243:248 244:248 245:248 246:248 247:248 248:248 250:248 250:249 519:525 524:525 534:525"
"بابو","شاہ شہید",2,"97","101:93 101:94"
"بابو","شاہ صاحب (سات پھولوں والے)",4,"97 106 304","101:93 101:94 101:111 299:309"
"بابو","شوبھا مردان",23,"338 438 456 457 458 459 460 490 491 493 519 522 534 535 537 538 539 546 549","335:342 439:438 451:461 453:461 454:461 455:461 456:461 457:461 459:461 495:485 495:486 495:487 495:491 519:520 524:520 534:535 535:535 540:535 540:536 540:537 540:538 541:551 548:551"
"بابو","صادق",1,"98","101:95"
"بابو","صباحت بیگم",2,"333 338","335:332 335:341"
"بابو","صفیہ",5,"105 512 517 520 523","101:109 508:516 519:516 519:522 524:522"
"بابو","ظہیر الدین بابر",5,"437 534 535 537 539","439:436 534:535 535:535 540:535 540:538"
"بابو","عارفین بابر",4,"534 535 537 538","534:535 535:535 540:535 540:537"
"بابو","غفور",1,"300","299:302"
"بابو","فاطمہ",79,"242 243 244 246 247 271 272 273 276 278 280 281 299 335 438 439 440 441 442 443 444 447 451 452 453 454 455 456 457 458 459 493 495 498 500 501 504 508 514 515 518 519 521 522 523 526 531 532 534 535 537 539 540 541 544 545 546 547 548","241:244 242:244 243:244 244:244 245:244 245:247 246:247 247:247 248:247 271:271 273:271 273:273 274:273 274:278 275:278 278:278 279:278 279:281 281:281 299:299 335:335 439:437 439:439 442:439 442:441 442:442 443:442 443:443 444:443 444:444 451:444 451:451 453:451 453:453 454:453 454:455 455:455 456:455 456:456 457:456 457:457 459:457 459:458 459:459 495:492 495:495 501:495 501:496 501:500 501:501 508:501 508:508 519:510 519:512 519:518 519:519 524:519 524:520 524:521 524:522 524:523 524:529 534:529 534:531 534:535 535:535 540:535 540:539 540:540 541:540 541:541 548:541 548:542 548:543 548:544 548:545 548:546 548:547 548:548"
"بابو","لاری صاحب",1,"97","101:93"
"بابو","مالی شریف",12,"434 505 508 514 521 523 538 539 541 542 545 546","439:430 501:509 508:509 519:509 519:523 524:523 534:543 535:543 540:543 541:543 548:543 548:544"
"بابو","ماموں ہیرس",2,"96 97","101:91 101:93"
"بابو","مردان",58,"99 103 235 236 240 282 283 330 333 337 434 435 437 442 444 445 448 450 451 452 456 457 458 459 490 491 493 494 498 501 504 506 507 508 515 519 522 523 527 532 533 534 535 537 538 539 540 546 549","101:98 101:105 230:240 232:240 241:240 278:286 279:286 281:286 335:325 335:331 335:339 439:430 439:431 439:435 439:446 442:446 443:446 444:446 451:446 451:449 451:452 453:452 453:460 454:460 455:460 456:460 457:460 459:460 495:485 495:486 495:487 495:491 495:494 495:501 501:501 508:501 508:505 508:506 508:507 508:508 519:512 519:520 524:520 524:522 524:531 534:531 534:533 534:535 535:535 540:535 540:536 540:537 540:538 540:539 540:540 541:540 541:551 548:551"
"بابو","مرزا بیٹریاں",1,"97","101:94"
"بابو","مسز حسین",9,"435 455 456 457 458 459","439:431 439:432 451:460 453:460 454:460 455:460 456:460 457:460 459:460"
"بابو","مشائلہ",5,"330 333 335 434","335:325 335:326 335:331 335:336 439:430"
"بابو","مشاہد",188,"96 97 99 100 102 223 224 225 226 227 228 229 230 231 232 236 237 238 239 240 241 242 243 244 245 246 247 248 249 250 251 252 253 255 256 257 258 259 260 266 267 268 269 270 271 272 273 274 275 277 279 280 281 294 295 296 297 298 299 330 333 334 335 434 435 436 438 439 440 441 442 443 444 447 448 449 450 451 452 453 454 455 456 457 458 459 492 493 494 495 498 499 500 501 504 505 506 507 508 514 517 518 519 521 522 523 524 529 530 531 532 533 534 535 537 538 539 540 541 544 545 546 547 548","101:92 101:93 101:94 101:97 101:98 101:99 101:104 227:219 227:220 227:221 227:222 227:223 227:225 227:227 228:227 228:228 229:228 229:229 230:229 230:230 232:230 232:231 232:232 241:232 241:233 241:236 241:237 241:238 241:239 241:240 241:241 242:241 242:243 243:243 244:243 244:244 245:244 245:245 246:245 246:246 247:246 247:247 248:247 248:248 250:248 250:249 250:250 251:250 251:251 252:251 252:252 253:252 253:253 258:253 258:254 258:255 258:256 258:257 258:258 259:258 259:259 260:259 260:260 271:261 271:263 271:264 271:266 271:267 271:268 271:269 271:271 273:271 273:272 273:273 274:273 274:274 275:274 275:276 278:276 278:277 278:281 279:281 281:281 299:289 299:291 299:292 299:293 299:294 299:295 299:296 299:298 299:299 335:325 335:326 335:331 335:333 335:334 335:335 439:429 439:430 439:431 439:433 439:438 439:439 442:439 442:441 442:442 443:442 443:443 444:443 444:444 451:444 451:446 451:447 451:448 451:449 451:450 451:451 453:451 453:452 453:453 454:453 454:454 455:454 455:455 456:455 456:456 457:456 457:457 459:457 459:458 459:459 495:490 495:492 495:493 495:494 495:495 501:495 501:496 501:497 501:498 501:499 501:500 501:501 508:501 508:502 508:504 508:506 508:507 508:508 519:509 519:510 519:515 519:516 519:517 519:519 524:519 524:520 524:521 524:522 524:523 524:525 534:525 534:526 534:527 534:529 534:531 534:532 534:533 534:534 535:534 535:535 540:535 540:536 540:537 540:538 540:539 540:540 541:540 541:541 548:541 548:542 548:543 548:544 548:545 548:546 548:547 548:548"
"بابو","مشتاق واہ واہ",1,"98","101:95"
"بابو","مظہر شاہ",1,"97","101:93"
"بابو","ملک معراج",1,"105","101:110"
"بابو","مولوی احتشام الدین",6,"458 459 460 461","453:463 454:463 455:463 456:463 457:463 459:463"
"بابو","مہر النساء",1,"463","459:468"
"بابو","نمبردار اللہ دوایا",1,"438","439:438"
"بابو","نور الہدی",1,"339","335:343"
"بابو","نوراں",6,"302 543 547 548","299:305 540:546 541:546 548:546 548:547 548:548"
"بابو","ٹریور",1,"98","101:95"
"بابو","پال",6,"235 236 240 499 502 505","230:240 232:240 241:240 495:503 501:503 508:503"
"بابو","پیٹر",2,"99 104","101:98 101:107"
"بابو","چاچی مہراں",1,"101","101:101"
"بابو","چراغ دین",1,"101","101:101"
"بابو","چوہدری اللہ داد خان",24,"96 97 99 100 102 257 260 261 266 282 283 333 460 461 462 520 523 535 538","101:92 101:93 101:97 101:100 101:104 252:262 253:262 258:262 259:262 260:262 271:262 278:286 279:286 281:286 335:331 455:465 456:465 457:465 459:465 519:522 524:522 534:536 535:536 540:536"
"بابو","ڈاکٹر ارشد احمد",19,"222 223 295 435 436 437 491 492 494 495 498 521 523 524 529 533","227:218 227:219 299:292 439:432 439:433 439:434 439:435 439:436 495:488 495:489 495:493 495:494 495:495 501:495 519:523 524:523 524:525 534:525 534:532"
"بابو","کانی",1,"97","101:94"
"بابو","کمال",23,"98 99 100 104 222 223 229 230 231 232 236 301 331 332 333 490 512 518 527 532","101:95 101:97 101:99 101:108 227:217 227:219 227:232 228:232 229:232 230:232 232:232 241:232 299:303 335:328 335:329 335:330 335:332 495:485 495:486 508:517 519:517 524:530 534:530"
"بابو","کمند علی خان",1,"337","335:340"
"بابو","کنیز",2,"98 301","101:95 299:304"
"بابو","ہاتھی دانت",1,"97","101:93"
"بابو","ہیری",6,"96 99 237 241 242","101:91 101:98 232:242 241:242 242:242 243:242"
"بابو راؤ پٹیل","باجی ہاں ہاں",2,"330 450","335:325 451:449"
"بابو راؤ پٹیل","بخت نصیب",1,"522","519:525"
"بابو راؤ پٹیل","برگیتا",11,"446 450 453 457 514 515 517 518 519","451:441 451:442 451:449 451:455 459:455 519:509 519:512 519:515 519:517 519:518 519:519"
"بابو راؤ پٹیل","تاج",3,"453 457 516","451:455 459:455 519:513"
"بابو راؤ پٹیل","داؤد احمد",1,"337","335:340"
"بابو راؤ پٹیل","دانش",2,"337 515","335:340 519:512"
"بابو راؤ پٹیل","راڈنی ایز برگ",7,"330 333 334 335 450","335:325 335:326 335:331 335:333 335:334 335:335 451:449"
"بابو راؤ پٹیل","رحمان گل",3,"337 456 460","335:340 451:461 459:461"
"بابو راؤ پٹیل","زاہد کالیا",5,"240 331 336 517 522","244:237 335:328 335:338 519:516 519:525"
"بابو راؤ پٹیل","ساحِب (انگلو انڈین)",15,"245 285 330 331 332 333 334 336 461 517 520","244:246 245:246 281:289 335:325 335:326 335:328 335:329 335:330 335:331 335:332 335:333 335:337 459:464 519:516 519:522"
"بابو راؤ پٹیل","ستار نقوی",1,"338","335:342"
"بابو راؤ پٹیل","سعادت حسن منٹو",2,"517 520","519:516 519:522"
"بابو راؤ پٹیل","سعید",2,"239 241","244:235 244:239"
"بابو راؤ پٹیل","سمیعہ",4,"334 517 518 520","335:333 519:516 519:517 519:522"
"بابو راؤ پٹیل","سور",3,"246 522","244:248 245:248 519:525"
"بابو راؤ پٹیل","شوبھا مردان",4,"338 456 460 519","335:342 451:461 459:461 519:520"
"بابو راؤ پٹیل","صباحت بیگم",2,"333 338","335:332 335:341"
"بابو راؤ پٹیل","صفیہ",2,"517 520","519:516 519:522"
"بابو راؤ پٹیل","فاطمہ",24,"244 246 276 277 279 281 335 446 447 451 455 456 457 458 459 514 515 518 519","244:244 245:244 245:247 281:271 281:273 281:278 281:281 335:335 451:441 451:442 451:443 451:444 451:451 459:451 459:453 459:455 459:456 459:457 459:458 459:459 519:510 519:512 519:518 519:519"
"بابو راؤ پٹیل","مالی شریف",2,"514 521","519:509 519:523"
"بابو راؤ پٹیل","مردان",12,"242 283 330 333 337 448 450 451 455 459 515 519","244:240 281:286 335:325 335:331 335:339 451:446 451:449 451:452 459:452 459:460 519:512 519:520"
"بابو راؤ پٹیل","مسز حسین",2,"455 459","451:460 459:460"
"بابو راؤ پٹیل","مشائلہ",4,"330 333 335","335:325 335:326 335:331 335:336"
"بابو راؤ پٹیل","مشاہد",48,"240 241 242 243 244 245 276 277 278 279 281 330 333 334 335 446 447 448 449 450 451 455 456 457 458 459 514 517 518 519","244:236 244:237 244:238 244:239 244:240 244:241 244:243 244:244 245:244 245:245 281:271 281:272 281:273 281:274 281:276 281:277 281:281 335:325 335:326 335:331 335:333 335:334 335:335 451:441 451:442 451:443 451:444 451:446 451:447 451:448 451:449 451:450 451:451 459:451 459:452 459:453 459:454 459:455 459:456 459:457 459:458 459:459 519:509 519:510 519:515 519:516 519:517 519:519"
"بابو راؤ پٹیل","مولوی احتشام الدین",1,"461","459:463"
"بابو راؤ پٹیل","مہر النساء",1,"463","459:468"
"بابو راؤ پٹیل","نور الہدی",1,"339","335:343"
"بابو راؤ پٹیل","پال",1,"242","244:240"
"بابو راؤ پٹیل","چوہدری اللہ داد خان",4,"283 333 462 520","281:286 335:331 459:465 519:522"
"بابو راؤ پٹیل","ڈاکٹر ارشد احمد",1,"521","519:523"
"بابو راؤ پٹیل","کمال",5,"331 332 333 518","335:328 335:329 335:330 335:332 519:517"
"بابو راؤ پٹیل","کمند علی خان",1,"337","335:340"
"بابو راؤ پٹیل","ہیری",1,"243","244:242"
"باجی ہاں ہاں","باقر",4,"65 66 69","68:62 68:63 68:64 68:71"
"باجی ہاں ہاں","برکت مسیح",3,"103 104","106:101 106:102 106:103"
"باجی ہاں ہاں","برگیتا",14,"63 223 320 324 399 401 403 445 449 569 576 578","68:58 68:59 227:219 325:316 325:324 402:396 402:401 402:404 449:441 449:442 449:449 574:565 574:578 579:578"
"باجی ہاں ہاں","بلخ",3,"66 67","68:64 68:65 68:66"
"باجی ہاں ہاں","بلقیس",1,"68","68:68"
"باجی ہاں ہاں","بیرٹ",1,"68","68:69"
"باجی ہاں ہاں","بیٹ مین بشیر",3,"63 222 405","68:59 227:217 402:409"
"باجی ہاں ہاں","بیگم بابر",1,"403","402:405"
"باجی ہاں ہاں","تاج",6,"65 66 69 107 452","68:62 68:64 68:65 68:71 106:108 449:455"
"باجی ہاں ہاں","جاوید اثر",2,"69 108","68:71 106:110"
"باجی ہاں ہاں","جی۔ ایم۔ اثر",1,"69","68:71"
"باجی ہاں ہاں","خورشید شاہد",1,"69","68:71"
"باجی ہاں ہاں","خیر دین تانگے والا",1,"110","106:114"
"باجی ہاں ہاں","دادا جی (مشاہد کے دادا)",1,"111","106:116"
"باجی ہاں ہاں","دارو",2,"398 399","402:394 402:396"
"باجی ہاں ہاں","دانش",1,"222","227:217"
"باجی ہاں ہاں","راڈنی ایز برگ",8,"322 323 325 399 400 449","325:320 325:321 325:322 325:325 402:397 402:398 402:399 449:449"
"باجی ہاں ہاں","روزی",2,"108 569","106:110 574:565"
"باجی ہاں ہاں","زاہد کالیا",9,"103 222 223 232 326 397 401 402","106:101 227:217 227:218 227:219 227:237 325:328 402:392 402:400 402:402"
"باجی ہاں ہاں","ساحِب (انگلو انڈین)",23,"64 65 66 67 68 101 102 107 222 223 320 321 325 398 399 404 570 573 576 578 579","68:61 68:62 68:63 68:64 68:65 68:66 68:68 106:96 106:98 106:109 227:217 227:219 325:315 325:317 325:325 402:395 402:397 402:406 574:566 574:573 574:578 579:578 579:579"
"باجی ہاں ہاں","ستار نقوی",1,"402","402:402"
"باجی ہاں ہاں","سعادت حسن منٹو",8,"64 65 66 67 68 101 107","68:61 68:62 68:64 68:65 68:66 68:69 106:97 106:108"
"باجی ہاں ہاں","سعید",2,"224 230","227:222 227:233"
"باجی ہاں ہاں","سمیعہ",6,"67 68 107 225 329","68:66 68:67 68:68 106:108 227:224 325:333"
"باجی ہاں ہاں","شاہ شہید",2,"72 398","68:76 402:395"
"باجی ہاں ہاں","شاہ صاحب (سات پھولوں والے)",3,"72 108 398","68:76 106:111 402:395"
"باجی ہاں ہاں","شوبھا مردان",8,"63 401 402 569 570 577 580","68:58 68:59 402:401 402:402 574:564 574:566 574:581 579:581"
"باجی ہاں ہاں","صادق",1,"322","325:319"
"باجی ہاں ہاں","صباحت بیگم",1,"328","325:332"
"باجی ہاں ہاں","صفیہ",4,"65 67 70 107","68:62 68:66 68:73 106:109"
"باجی ہاں ہاں","ظہیر الدین بابر",1,"403","402:405"
"باجی ہاں ہاں","عارفین بابر",3,"403 569 570","402:405 574:564 574:566"
"باجی ہاں ہاں","عاشق علی",2,"571","574:568 574:569"
"باجی ہاں ہاں","فاطمہ",14,"330 444 445 446 450 572 573 574 576 577 578","325:335 449:439 449:441 449:442 449:443 449:444 449:451 574:571 574:573 574:574 579:574 579:575 579:576 579:577"
"باجی ہاں ہاں","لاری صاحب",1,"69","68:71"
"باجی ہاں ہاں","مالی شریف",2,"575 578","574:577 579:577"
"باجی ہاں ہاں","محمد غنی چیمہ",1,"72","68:77"
"باجی ہاں ہاں","مردان",22,"63 67 69 102 105 106 323 325 397 401 402 447 449 569 570 571 572 573 577 579","68:58 68:59 68:66 68:70 106:98 106:105 106:106 325:321 325:325 402:392 402:401 402:402 449:446 449:449 574:564 574:566 574:568 574:569 574:570 574:572 574:580 579:580"
"باجی ہاں ہاں","مرزا بیٹریاں",1,"73","68:78"
"باجی ہاں ہاں","مسز حسین",1,"406","402:410"
"باجی ہاں ہاں","مشائلہ",9,"322 323 324 325 399 400","325:320 325:321 325:322 325:323 325:324 325:325 402:397 402:398 402:399"
"باجی ہاں ہاں","مشاہد",56,"63 64 65 66 67 68 101 102 105 106 223 224 225 226 227 320 321 322 323 324 325 397 398 399 400 401 402 444 445 446 447 448 449 572 573 574 576 577 578 579","68:58 68:60 68:61 68:62 68:63 68:64 68:66 68:67 68:68 106:97 106:98 106:99 106:104 106:106 227:219 227:220 227:221 227:222 227:223 227:225 227:227 325:316 325:317 325:318 325:319 325:320 325:321 325:322 325:324 325:325 402:393 402:394 402:395 402:396 402:397 402:399 402:401 402:402 449:439 449:441 449:442 449:443 449:444 449:446 449:447 449:448 449:449 574:571 574:573 574:574 579:574 579:575 579:576 579:577 579:578 579:579"
"باجی ہاں ہاں","ملک معراج",1,"108","106:110"
"باجی ہاں ہاں","موسیقار آقا نواز",3,"320 321","325:316 325:317 325:318"
"باجی ہاں ہاں","نازنین بابر",1,"403","402:405"
"باجی ہاں ہاں","نمبردار اللہ دوایا",1,"405","402:408"
"باجی ہاں ہاں","نوراں",2,"397 398","402:393 402:394"
"باجی ہاں ہاں","پال",2,"64 69","68:60 68:71"
"باجی ہاں ہاں","پیٹر",4,"64 69 102 106","68:60 68:71 106:98 106:107"
"باجی ہاں ہاں","چاچا محمد بخش",1,"110","106:115"
"باجی ہاں ہاں","چاچی رابیاں",1,"109","106:113"
"باجی ہاں ہاں","چاچی مہراں",1,"103","106:101"
"باجی ہاں ہاں","چراغ دین",3,"103 104","106:101 106:102 106:103"
"باجی ہاں ہاں","چوہدری اللہ داد خان",10,"63 66 101 103 105 106 328 404 573","68:59 68:64 106:97 106:100 106:104 106:105 106:106 325:331 402:407 574:572"
"باجی ہاں ہاں","ڈاکٹر ارشد احمد",3,"222 223 402","227:218 227:219 402:403"
"باجی ہاں ہاں","کمال",12,"64 65 66 73 101 102 107 222 223 229 326","68:61 68:62 68:63 68:64 68:78 106:97 106:99 106:108 227:217 227:219 227:232 325:328"
"باجی ہاں ہاں","کیپٹن خانزادہ",4,"569 571 572","574:564 574:568 574:569 574:570"
"باجی ہاں ہاں","کیپٹن گل ریز",3,"571 572","574:568 574:569 574:570"
"باجی ہاں ہاں","ہاتھی دانت",2,"65 69","68:63 68:71"
"باجی ہاں ہاں","ہیری",1,"102","106:98"
"باقر","برگیتا",7,"57 58 59 60","62:53 62:54 62:55 62:56 62:57 62:58 62:59"
"باقر","بلخ",6,"63 64 67 68","62:64 63:64 64:64 71:64 71:65 71:66"
"باقر","بلقیس",4,"65 66 69","62:68 63:68 64:68 71:68"
"باقر","بیرٹ",5,"65 66 70 71","62:69 63:69 64:69 71:69 71:71"
"باقر","بیٹ مین بشیر",1,"60","62:59"
"باقر","تاج",7,"62 63 64 67 68 71","62:62 63:62 63:64 64:64 71:64 71:65 71:71"
"باقر","جاوید اثر",4,"66 67 71","62:71 63:71 64:71 71:71"
"باقر","جی۔ ایم۔ اثر",4,"66 67 71","62:71 63:71 64:71 71:71"
"باقر","خورشید شاہد",4,"66 67 71","62:71 63:71 64:71 71:71"
"باقر","ساحِب (انگلو انڈین)",14,"57 61 62 63 64 67 68 69 70 71","62:52 62:61 62:62 63:62 63:63 64:63 64:64 71:64 71:65 71:66 71:68 71:69 71:70 71:71"
"باقر","سعادت حسن منٹو",11,"61 62 63 64 67 68 70 71","62:61 62:62 63:62 63:64 64:64 71:64 71:65 71:66 71:69 71:70 71:72"
"باقر","سمیعہ",8,"64 65 68 69 70 71","62:66 63:66 64:66 71:66 71:67 71:68 71:70 71:72"
"باقر","شاہ شہید",1,"73","71:76"
"باقر","شاہ صاحب (سات پھولوں والے)",1,"73","71:76"
"باقر","شوبھا مردان",2,"60","62:58 62:59"
"باقر","صفیہ",6,"62 64 65 68 72","62:62 63:62 63:66 64:66 71:66 71:73"
"باقر","لاری صاحب",4,"66 67 71","62:71 63:71 64:71 71:71"
"باقر","محمد غنی چیمہ",1,"74","71:77"
"باقر","مردان",12,"58 59 60 64 65 68 70 72","62:54 62:55 62:56 62:57 62:58 62:59 62:66 63:66 64:66 71:66 71:70 71:73"
"باقر","مرزا بیٹریاں",1,"74","71:78"
"باقر","مشاہد",20,"57 58 59 60 61 62 63 64 67 68 69 70 71","62:52 62:53 62:54 62:56 62:57 62:58 62:60 62:61 62:62 63:62 63:63 64:63 64:64 71:64 71:66 71:67 71:68 71:69 71:70 71:71"
"باقر","پال",6,"57 61 66 67 71","62:52 62:60 62:71 63:71 64:71 71:71"
"باقر","پیٹر",6,"57 61 66 67 71","62:52 62:60 62:71 63:71 64:71 71:71"
"باقر","چوہدری اللہ داد خان",7,"57 60 63 64 67 75","62:53 62:59 62:64 63:64 64:64 71:64 71:80"
"باقر","کمال",8,"61 62 63 64 67 74","62:61 62:62 63:62 63:63 64:63 64:64 71:64 71:78"
"باقر","ہاتھی دانت",5,"62 63 67 71","62:63 63:63 64:63 64:71 71:71"
"بخت نصیب","برگیتا",13,"520 521 522 523 530 531 532","525:515 525:517 525:518 525:519 525:520 525:521 525:522 525:535 526:535 527:535 528:535 529:535 530:535"
"بخت نصیب","بیگم بابر",6,"530 531 532","525:535 526:535 527:535 528:535 529:535 530:535"
"بخت نصیب","زاہد کالیا",11,"520 525 526 527 528 529 530","525:516 525:525 526:525 526:526 527:526 527:527 528:527 528:529 529:529 530:529 530:530"
"بخت نصیب","ساحِب (انگلو انڈین)",8,"520 523 528 529 530","525:516 525:522 525:531 526:531 527:531 528:531 529:531 530:531"
"بخت نصیب","سعادت حسن منٹو",2,"520 523","525:516 525:522"
"بخت نصیب","سمیعہ",3,"520 521 523","525:516 525:517 525:522"
"بخت نصیب","سور",2,"525","525:525 526:525"
"بخت نصیب","شوبھا مردان",7,"522 530 531 532","525:520 525:535 526:535 527:535 528:535 529:535 530:535"
"بخت نصیب","صفیہ",2,"520 523","525:516 525:522"
"بخت نصیب","ظہیر الدین بابر",6,"530 531 532","525:535 526:535 527:535 528:535 529:535 530:535"
"بخت نصیب","عارفین بابر",6,"530 531 532","525:535 526:535 527:535 528:535 529:535 530:535"
"بخت نصیب","فاطمہ",13,"521 522 523 524 527 528 529 530","525:518 525:519 525:520 525:521 525:522 525:523 525:529 526:529 527:529 528:529 529:529 530:529 530:531"
"بخت نصیب","مالی شریف",1,"524","525:523"
"بخت نصیب","مردان",8,"522 523 528 529 530","525:520 525:522 525:531 526:531 527:531 528:531 529:531 530:531"
"بخت نصیب","مشاہد",18,"520 521 522 523 524 525 526 527 528 529 530","525:515 525:516 525:517 525:519 525:520 525:521 525:522 525:523 525:525 526:525 526:526 527:526 527:527 528:527 528:529 529:529 530:529 530:531"
"بخت نصیب","چوہدری اللہ داد خان",6,"523 531 532 533","525:522 526:536 527:536 528:536 529:536 530:536"
"بخت نصیب","ڈاکٹر ارشد احمد",8,"524 525 529 530 531","525:523 525:525 526:525 526:532 527:532 528:532 529:532 530:532"
"بخت نصیب","کمال",7,"521 527 528 529 530","525:517 525:530 526:530 527:530 528:530 529:530 530:530"
"برکت مسیح","برگیتا",18,"120 197 199 201 212 213 385 386 387 388 424 426 428","119:122 202:192 202:196 202:200 202:201 211:214 213:214 386:384 386:385 386:386 387:386 387:387 388:387 388:389 429:419 429:424 429:427 429:428"
"برکت مسیح","بندو رام",1,"96","101:92"
"برکت مسیح","بیرٹ",1,"96","101:91"
"برکت مسیح","بیٹ مین بشیر",4,"120 212 213 381","119:122 211:214 213:214 386:376"
"برکت مسیح","بیگم بابر",2,"381 382","386:377 386:378"
"برکت مسیح","تاج",5,"104 105 114","101:108 102:108 103:108 119:109 119:110"
"برکت مسیح","جاوید اثر",4,"105 106 114","101:110 102:110 103:110 119:110"
"برکت مسیح","خورشید شاہد",1,"98","101:95"
"برکت مسیح","خیر دین تانگے والا",2,"116 117","119:114 119:115"
"برکت مسیح","دادا جی (مشاہد کے دادا)",2,"117 118","119:116 119:117"
"برکت مسیح","دارو",4,"97 388 389","101:94 386:391 387:391 388:391"
"برکت مسیح","دانش",5,"214 215 424 430","211:217 213:217 429:420 429:431 430:431"
"برکت مسیح","راڈنی ایز برگ",8,"383 384 385 387 388 433 434","386:381 386:383 386:384 386:388 387:388 388:388 429:438 430:438"
"برکت مسیح","روزی",5,"105 106 114 197","101:110 102:110 103:110 119:110 202:193"
"برکت مسیح","روندر/افتخار",1,"98","101:95"
"برکت مسیح","زاہد کالیا",26,"101 197 198 199 200 201 205 209 212 213 386 388 389 424 425 426 427 428 430 431","101:101 102:101 202:193 202:194 202:195 202:197 202:198 202:199 202:200 202:201 202:208 211:208 211:214 213:214 386:386 387:386 387:390 388:390 429:419 429:422 429:423 429:424 429:425 429:428 429:432 430:432"
"برکت مسیح","ساحِب (انگلو انڈین)",32,"96 97 98 99 105 106 114 115 116 119 201 202 206 208 209 211 212 213 386 387 388 424 425 429 430","101:91 101:93 101:94 101:96 101:98 101:109 102:109 103:109 119:109 119:110 119:111 119:112 119:114 119:120 202:201 202:202 211:202 211:206 211:207 211:211 213:211 213:213 386:386 387:386 387:387 388:387 388:388 429:420 429:421 429:429 430:429 430:430"
"برکت مسیح","ستار نقوی",1,"381","386:377"
"برکت مسیح","سعادت حسن منٹو",13,"96 97 99 104 105 114 115 119 204 208","101:91 101:93 101:94 101:97 101:108 102:108 103:108 119:109 119:110 119:112 119:120 202:206 211:206"
"برکت مسیح","سعید",2,"98 217","101:95 213:222"
"برکت مسیح","سمیعہ",8,"97 104 105 203 208 209","101:94 101:108 102:108 103:108 202:205 211:205 211:206 211:208"
"برکت مسیح","سور",1,"122","119:125"
"برکت مسیح","شاہ شہید",5,"97 390 391","101:93 101:94 386:395 387:395 388:395"
"برکت مسیح","شاہ صاحب (سات پھولوں والے)",9,"97 106 107 115 390 391","101:93 101:94 101:111 102:111 103:111 119:111 386:395 387:395 388:395"
"برکت مسیح","شوبھا مردان",8,"120 381 382 425 426 433 434","119:121 386:376 386:377 386:379 429:421 429:424 429:438 430:438"
"برکت مسیح","صادق",1,"98","101:95"
"برکت مسیح","صفیہ",4,"105 106 114","101:109 102:109 103:109 119:109"
"برکت مسیح","ظہیر الدین بابر",4,"381 382 432 433","386:377 386:378 429:436 430:436"
"برکت مسیح","عارفین بابر",5,"123 381 382","119:127 386:376 386:377 386:378 386:379"
"برکت مسیح","فاطمہ",2,"433","429:437 430:437"
"برکت مسیح","لاری صاحب",1,"97","101:93"
"برکت مسیح","مالی شریف",2,"429 430","429:430 430:430"
"برکت مسیح","ماموں ہیرس",2,"96 97","101:91 101:93"
"برکت مسیح","مردان",27,"99 103 104 115 116 117 118 119 197 381 382 384 388 389 424 425 426 427 429 430","101:98 101:105 102:105 103:105 119:112 119:113 119:115 119:116 119:117 119:120 202:192 386:376 386:377 386:378 386:379 386:382 386:391 387:391 388:391 429:420 429:421 429:422 429:423 429:424 429:425 429:430 430:430"
"برکت مسیح","مرزا بیٹریاں",1,"97","101:94"
"برکت مسیح","مسز حسین",4,"424 425 430","429:420 429:421 429:431 430:431"
"برکت مسیح","مشائلہ",7,"384 385 387 388 429 430","386:383 386:384 386:388 387:388 388:388 429:430 430:430"
"برکت مسیح","مشاہد",53,"96 97 99 100 102 103 114 115 116 117 118 119 197 198 199 200 201 202 206 208 209 210 211 212 213 383 384 385 386 387 388 424 426 427 428 429 430","101:92 101:93 101:94 101:97 101:98 101:99 101:104 102:104 103:104 119:110 119:112 119:113 119:115 119:116 119:117 119:118 119:119 202:192 202:193 202:195 202:196 202:197 202:198 202:199 202:200 202:202 211:202 211:205 211:206 211:207 211:208 211:209 211:210 211:212 213:212 213:214 386:381 386:382 386:384 386:385 386:386 387:386 387:387 388:387 388:388 429:419 429:424 429:425 429:427 429:428 429:429 430:429 430:430"
"برکت مسیح","مشتاق واہ واہ",1,"98","101:95"
"برکت مسیح","مظہر شاہ",1,"97","101:93"
"برکت مسیح","ملک معراج",4,"105 106 114","101:110 102:110 103:110 119:110"
"برکت مسیح","نازنین بابر",4,"123 381 382","119:127 386:377 386:378 386:379"
"برکت مسیح","نمبردار اللہ دوایا",8,"424 425 426 427 433 434","429:419 429:421 429:422 429:423 429:424 429:425 429:438 430:438"
"برکت مسیح","نوراں",4,"383 389 390","386:381 386:393 387:393 388:393"
"برکت مسیح","ٹریور",1,"98","101:95"
"برکت مسیح","پیٹر",6,"99 104 105 205 210","101:98 101:107 102:107 103:107 202:209 211:209"
"برکت مسیح","چاچا محمد بخش",3,"117 118","119:115 119:116 119:117"
"برکت مسیح","چاچی رابیاں",2,"108 116","103:113 119:113"
"برکت مسیح","چاچی مہراں",2,"101","101:101 102:101"
"برکت مسیح","چراغ دین",8,"101 102 103 206 211 212","101:101 102:101 102:102 103:102 103:103 202:211 211:211 213:211"
"برکت مسیح","چوہدری اللہ داد خان",24,"96 97 99 100 102 103 115 116 117 118 119 204 208 209 210 384 387 388 424","101:92 101:93 101:97 101:100 101:104 102:104 103:104 119:111 119:113 119:114 119:116 119:117 119:118 119:119 202:206 211:206 211:207 211:209 386:382 386:388 387:388 388:388 429:419 429:420"
"برکت مسیح","ڈاکٹر ارشد احمد",10,"120 197 198 201 212 213 426 427 430 431","119:122 202:192 202:195 202:200 211:214 213:214 429:424 429:425 429:432 430:432"
"برکت مسیح","کانی",1,"97","101:94"
"برکت مسیح","کمال",12,"98 99 100 104 105 201 202 206 211 212 213","101:95 101:97 101:99 101:108 102:108 103:108 202:201 202:202 211:202 211:211 213:211 213:213"
"برکت مسیح","کنیز",1,"98","101:95"
"برکت مسیح","ہاتھی دانت",1,"97","101:93"
"برکت مسیح","ہیری",2,"96 99","101:91 101:98"
"برگیتا","بلخ",6,"59 60 61","54:64 55:64 56:64 57:64 58:64 59:64"
"برگیتا","بلقیس",2,"63","58:68 59:68"
"برگیتا","بندو رام",8,"543 544 545 548 549 553 554","538:548 540:548 541:548 543:548 549:548 549:549 558:549 558:550"
"برگیتا","بیرٹ",1,"64","59:69"
"برگیتا","بیٹ مین بشیر",34,"39 41 43 47 55 56 57 58 59 122 142 180 186 187 188 214 216 218 380 405 406 408 410 478 479 483 487","34:44 35:44 38:44 42:44 43:44 51:44 51:59 53:59 54:59 55:59 56:59 57:59 58:59 59:59 122:122 146:139 177:184 189:184 189:185 189:187 214:214 215:214 215:217 219:217 384:376 401:409 404:409 408:409 411:409 411:410 481:476 481:478 481:485 490:485"
"برگیتا","بیگم بابر",17,"143 148 380 381 400 403 404 406 409 410 480 535 537 538 539","146:140 146:151 384:377 384:378 396:405 401:405 404:405 408:405 408:410 411:410 481:479 535:535 536:535 536:538 537:538 538:538 540:538"
"برگیتا","تاج",13,"57 58 59 60 452 455 509 511 512 514","53:62 54:62 55:62 56:62 57:62 58:62 59:62 449:455 455:455 506:513 509:513 512:513 515:513"
"برگیتا","جی۔ ایم۔ اثر",6,"16 17 19 20 21","12:21 14:21 18:21 19:21 21:21 22:21"
"برگیتا","خیر دین تانگے والا",2,"118","122:114 122:115"
"برگیتا","داؤد احمد",6,"141 293 297 476 478 480","146:137 292:295 300:295 481:472 481:475 481:480"
"برگیتا","دادا جی (مشاہد کے دادا)",2,"119","122:116 122:117"
"برگیتا","دارو",22,"296 300 301 304 305 306 307 308 309 310 387 388 389 390 393 395 396 398","292:301 300:301 301:301 302:301 302:307 303:307 304:307 305:307 307:307 308:307 308:308 311:308 311:309 384:391 385:391 386:391 387:391 389:391 396:391 396:394 396:396 401:396"
"برگیتا","دانش",32,"141 170 175 177 215 216 218 415 418 419 422 427 429 436 476 478 499 500 501 502 503 505 509 510 512 513","146:136 173:168 173:177 177:177 214:217 215:217 219:217 411:420 417:420 418:420 419:420 424:420 424:431 427:431 428:431 441:431 481:472 481:475 494:504 495:504 496:504 497:504 498:504 499:504 500:504 501:504 502:504 506:504 506:512 509:512 512:512 515:512"
"برگیتا","راڈنی ایز برگ",33,"307 308 309 310 311 313 317 318 322 323 324 382 383 384 386 387 388 393 396 399 400 433 439 445 449 452","302:312 303:312 304:312 305:312 307:312 308:312 311:312 314:312 314:320 316:320 324:320 324:321 324:322 324:325 384:381 384:383 384:384 385:384 385:388 386:388 387:388 389:388 389:397 396:397 401:397 401:398 401:399 428:438 441:438 441:449 442:449 449:449 455:449"
"برگیتا","رحمان گل",11,"141 458 476 478 480 486 490 491","146:136 146:137 455:461 481:472 481:475 481:476 481:479 481:480 481:491 490:491 492:491"
"برگیتا","روزی",12,"171 172 190 191 192 194 561 562 563 565","173:170 173:172 189:191 190:191 192:191 192:193 196:193 558:565 559:565 561:565 562:565 565:565"
"برگیتا","زاہد کالیا",148,"4 5 14 15 16 18 19 20 143 144 145 146 168 169 170 171 172 173 175 176 177 184 185 186 187 189 190 191 192 194 195 196 198 199 200 201 211 214 215 217 218 219 268 292 296 326 385 386 388 389 393 394 398 400 401 403 407 409 411 414 415 416 417 418 419 421 423 424 425 426 427 428 436 437 438 439 484 489 498 499 500 501 502 504 511 512 514 515 516 521 522 523 530 531 532 533 537 538 539 540 541 542 547 550 554 556 557 558","7:1 7:2 7:4 9:19 12:19 14:19 18:19 19:19 21:19 146:141 146:142 146:144 146:145 146:146 173:163 173:164 173:165 173:166 173:167 173:168 173:169 173:170 173:171 173:173 177:173 177:174 177:175 177:176 177:177 189:179 189:182 189:183 189:184 189:185 189:189 190:189 190:190 192:190 192:191 192:193 196:193 196:194 196:195 196:197 200:197 200:198 200:199 200:200 201:200 201:201 214:208 214:214 215:214 215:215 219:215 219:216 219:217 219:218 219:219 269:267 292:292 300:292 324:328 384:386 385:386 386:386 387:386 387:390 389:390 396:390 396:392 396:400 401:400 401:402 404:402 404:403 404:411 408:411 411:411 417:411 417:414 417:415 417:416 417:417 418:417 418:418 419:418 419:419 424:419 424:422 424:423 424:424 427:424 427:425 427:428 428:428 441:432 441:433 441:434 441:435 441:436 441:437 481:488 490:488 493:503 494:503 495:503 496:503 497:503 498:503 499:503 500:503 501:503 502:503 506:503 506:516 509:516 512:516 515:516 517:516 517:525 518:525 519:525 520:525 521:525 522:525 535:525 535:526 535:527 535:529 535:530 535:532 535:540 536:540 537:540 538:540 540:540 541:540 541:541 543:541 543:551 549:551 558:551 558:555 558:556 558:557 558:558 559:558"
"برگیتا","ساحِب (انگلو انڈین)",145,"9 10 11 12 13 17 19 20 21 22 24 25 27 42 44 48 51 52 57 58 59 60 117 118 121 122 145 148 170 175 177 185 186 187 188 196 198 200 201 210 212 213 215 217 218 219 290 297 301 302 308 309 310 312 313 314 315 316 320 324 379 385 386 387 388 392 395 396 399 403 405 407 408 409 413 416 417 418 419 422 426 428 436 438 459 478 480 481 486 487 488 511 512 514 515 516 519 520 521 522 533 539 540 541 542 543 546 547 562 563 564 565 575 578","7:11 8:11 9:11 12:11 12:13 14:13 14:21 18:21 19:21 21:21 22:21 22:22 23:22 23:26 24:26 25:26 29:26 38:46 42:46 43:46 51:46 51:52 53:52 53:61 54:61 55:61 56:61 57:61 58:61 59:61 122:112 122:114 122:120 122:122 146:145 146:150 173:167 173:177 177:177 189:181 189:182 189:183 189:184 189:185 189:186 189:187 189:188 192:201 196:201 200:201 201:201 214:206 214:207 214:211 214:213 214:216 215:216 219:216 219:217 219:219 292:289 292:302 300:302 301:302 302:302 303:302 303:313 304:313 305:313 307:313 308:313 311:313 314:313 314:315 316:315 316:317 324:317 324:325 384:374 384:386 385:386 386:386 387:386 387:387 389:387 389:388 389:395 396:395 396:397 401:397 401:406 404:406 408:406 408:408 411:408 411:415 417:415 417:416 417:418 418:418 419:418 419:420 424:420 424:421 424:429 427:429 428:429 441:431 441:435 455:464 481:476 481:480 481:482 490:482 490:484 490:485 490:486 506:516 509:516 512:516 515:516 517:516 517:522 518:522 519:522 520:522 521:522 522:522 535:531 535:543 536:543 537:543 538:543 540:543 541:543 543:543 549:543 549:546 558:566 559:566 561:566 562:566 565:566 578:573 578:578"
"برگیتا","ستار نقوی",7,"141 379 380 399 401 403 478","146:136 384:374 384:377 396:402 401:402 404:402 481:475"
"برگیتا","سعادت حسن منٹو",35,"16 17 19 20 21 56 57 58 59 60 117 121 126 177 179 185 201 203 210 511 512 514 515 516 519 520 521 522","12:21 14:21 18:21 19:21 21:21 22:21 51:61 53:61 54:61 55:61 56:61 57:61 58:61 59:61 122:112 122:120 122:131 173:181 177:181 189:181 196:206 200:206 201:206 214:206 506:516 509:516 512:516 515:516 517:516 517:522 518:522 519:522 520:522 521:522 522:522"
"برگیتا","سعید",14,"18 20 21 22 23 218 220 296 300 301","14:23 18:23 19:23 21:23 22:23 23:23 24:23 214:222 215:222 219:222 292:301 300:301 301:301 302:301"
"برگیتا","سمیعہ",37,"16 17 19 20 21 61 62 200 202 203 209 210 211 219 221 328 511 512 514 515 516 517 520 521 522 543 544 545 548","12:21 14:21 18:21 19:21 21:21 22:21 56:66 57:66 58:66 59:66 196:205 200:205 201:205 214:205 214:206 214:208 214:224 215:224 219:224 324:333 506:516 509:516 512:516 515:516 517:516 517:517 518:517 518:522 519:522 520:522 521:522 522:522 538:548 540:548 541:548 543:548 549:548"
"برگیتا","سور",14,"9 10 11 123 147 520 521 522 523 530","7:11 8:11 9:11 12:11 122:125 146:148 515:525 517:525 518:525 519:525 520:525 521:525 522:525 535:525"
"برگیتا","شاہ شہید",5,"390 391 392 395","385:395 386:395 387:395 389:395 396:395"
"برگیتا","شاہ صاحب (سات پھولوں والے)",14,"304 305 306 307 308 310 390 391 392 395","300:309 301:309 302:309 303:309 304:309 305:309 307:309 308:309 311:309 385:395 386:395 387:395 389:395 396:395"
"برگیتا","شوبھا مردان",94,"35 37 39 41 43 47 54 55 56 57 58 59 121 122 141 142 143 148 379 380 381 398 401 402 403 404 406 407 408 409 410 416 419 420 422 424 425 433 439 458 476 479 480 481 486 487 488 490 491 516 517 518 519 520 535 536 537 538 539 546 547 550 554 560 561 562 563 564 565 579","30:40 31:40 34:40 35:40 38:40 42:40 42:44 43:44 51:44 51:58 53:58 54:58 55:58 56:58 57:58 58:58 59:58 59:59 122:121 122:122 146:136 146:137 146:138 146:139 146:140 146:151 384:374 384:375 384:376 384:377 384:379 396:401 401:401 404:401 404:402 404:404 408:404 408:405 408:406 408:407 408:408 411:408 411:409 411:410 411:421 417:421 418:421 419:421 424:421 424:424 427:424 428:438 441:438 455:461 481:472 481:477 481:479 481:482 490:482 490:483 490:484 490:485 490:486 490:487 490:491 492:491 512:520 515:520 517:520 518:520 519:520 520:520 521:520 535:535 536:535 536:536 537:536 537:537 538:537 538:538 540:538 541:551 543:551 549:551 558:551 558:562 559:562 561:562 562:562 565:562 565:563 565:564 565:566 578:581"
"برگیتا","صادق",4,"315 316 317 321","311:319 314:319 316:319 324:319"
"برگیتا","صباحت بیگم",4,"328 478 480","324:332 481:475 481:479 481:480"
"برگیتا","صفیہ",24,"16 17 19 20 21 57 58 59 60 511 512 514 515 516 519 520 521 522","12:21 14:21 18:21 19:21 21:21 22:21 53:62 54:62 55:62 56:62 57:62 58:62 59:62 506:516 509:516 512:516 515:516 517:516 517:522 518:522 519:522 520:522 521:522 522:522"
"برگیتا","ظہیر الدین بابر",30,"16 17 19 20 143 148 380 381 400 403 404 406 409 410 431 432 438 480 535 537 538 539 560 561 562 564","12:20 14:20 18:20 19:20 21:20 146:140 146:151 384:377 384:378 396:405 401:405 404:405 408:405 408:410 411:410 427:436 428:436 441:436 481:479 535:535 536:535 536:538 537:538 538:538 540:538 558:563 559:563 561:563 562:563 565:563"
"برگیتا","عارفین بابر",37,"35 37 39 41 124 150 380 381 400 403 404 406 407 408 410 479 480 481 486 535 536 537 560 561 562 563 564 565","30:40 31:40 34:40 35:40 38:40 42:40 122:127 146:154 384:376 384:377 384:378 384:379 396:405 401:405 404:405 408:405 408:406 408:409 411:409 411:410 481:478 481:479 481:482 490:482 535:535 536:535 536:537 537:537 538:537 558:562 559:562 561:562 562:562 565:562 565:563 565:564 565:566"
"برگیتا","عاشق علی",7,"563 564 565 566 573","558:568 559:568 561:568 562:568 565:568 578:568 578:569"
"برگیتا","غفور",8,"297 301 302 303 304","292:302 300:302 301:302 302:302 303:302 303:304 304:304 305:304"
"برگیتا","فاطمہ",89,"270 287 295 299 432 439 440 441 442 445 446 450 453 454 455 491 492 494 495 496 498 499 500 501 505 507 508 509 511 512 513 516 517 518 519 520 521 522 532 533 535 537 538 539 540 541 542 543 546 547 548 549 553 554 555 559 560 566 568 574 575 576 577","269:271 292:282 292:299 300:299 427:437 428:437 441:437 441:439 441:441 442:441 442:442 449:442 449:443 449:444 449:451 455:451 455:453 455:455 490:492 492:492 493:492 493:495 494:495 495:495 496:495 496:496 497:496 497:500 498:500 499:500 500:500 501:500 501:501 502:501 502:508 506:508 509:508 509:510 512:510 512:512 515:512 515:518 517:518 518:518 519:518 519:519 520:519 520:520 521:520 521:521 522:521 522:522 535:529 535:531 535:535 536:535 536:539 537:539 538:539 540:539 540:540 541:540 541:541 543:541 543:542 543:543 549:543 549:544 549:545 549:546 549:547 549:548 549:549 558:549 558:550 558:551 558:552 558:560 559:560 561:560 561:571 562:571 565:571 578:571 578:573 578:574 578:575 578:576 578:577"
"برگیتا","مالی شریف",27,"427 428 429 504 505 507 509 510 519 520 521 522 539 540 541 542 543 546 577","424:430 427:430 428:430 499:509 500:509 501:509 502:509 506:509 509:509 512:509 515:523 517:523 518:523 519:523 520:523 521:523 522:523 535:543 536:543 537:543 538:543 540:543 541:543 543:543 549:543 549:544 578:577"
"برگیتا","مردان",206,"16 17 19 20 21 22 23 24 25 27 28 29 30 31 32 33 34 35 36 37 38 40 41 42 43 47 48 49 50 52 53 54 55 56 57 58 59 117 118 119 121 122 141 142 143 146 168 174 176 190 191 192 194 289 316 317 318 322 324 379 380 381 383 387 388 389 390 393 394 398 401 402 403 404 406 407 408 409 410 411 414 418 419 422 423 424 425 426 428 429 436 438 443 444 447 449 452 453 457 476 477 478 479 480 482 487 488 490 491 493 494 498 499 500 501 503 505 506 507 508 510 512 513 517 518 519 520 521 522 533 534 535 536 537 538 539 540 546 547 550 554 559 560 561 562 563 564 565 573 574 575 579","12:21 14:21 18:21 19:21 21:21 22:21 22:22 23:22 23:23 24:23 24:24 25:24 25:25 29:25 29:26 29:27 29:28 29:30 30:30 31:30 31:31 34:31 34:33 34:34 35:34 35:35 38:35 38:36 38:37 38:38 42:38 42:39 42:41 42:42 43:42 43:43 51:43 51:44 51:45 51:46 51:48 51:50 51:54 53:54 54:54 55:54 55:55 56:55 56:56 57:56 57:57 58:57 58:58 59:58 59:59 122:112 122:113 122:115 122:116 122:117 122:120 122:121 122:122 146:136 146:137 146:138 146:139 146:140 146:147 173:164 173:176 177:176 189:192 190:192 192:192 196:192 292:286 311:321 314:321 316:321 324:321 324:325 384:374 384:375 384:376 384:377 384:378 384:379 384:382 384:391 385:391 386:391 387:391 389:391 396:391 396:392 396:401 401:401 404:401 404:402 404:404 408:404 408:405 408:406 408:407 408:408 411:408 411:409 411:410 411:412 417:412 417:420 418:420 419:420 424:420 424:421 424:422 424:423 424:424 427:424 427:425 427:430 428:430 441:431 441:435 441:446 442:446 449:446 449:449 455:449 455:452 455:460 481:472 481:474 481:476 481:477 481:478 481:479 481:480 481:484 490:484 490:485 490:486 490:487 490:491 492:491 492:494 493:494 494:494 495:494 495:501 496:501 497:501 498:501 499:501 500:501 501:501 502:501 502:505 506:505 506:506 509:506 509:507 509:508 509:512 512:512 515:512 515:520 517:520 518:520 519:520 520:520 521:520 521:522 522:522 535:531 535:533 535:535 536:535 536:536 537:536 537:537 538:537 538:538 540:538 540:539 540:540 541:540 541:551 543:551 549:551 558:551 558:561 559:561 561:561 562:561 562:562 565:562 565:563 565:564 565:566 578:568 578:569 578:570 578:572 578:580"
"برگیتا","مرزا بیٹریاں",2,"481 486","481:482 490:482"
"برگیتا","مسز حسین",19,"405 407 409 410 411 414 418 419 422 427 429 436 457 477","401:410 404:410 408:410 411:410 411:412 417:412 417:420 418:420 419:420 424:420 424:421 424:431 427:431 428:431 441:431 441:432 455:460 481:473 481:474"
"برگیتا","مشائلہ",30,"307 308 309 310 311 313 317 318 322 323 324 383 384 386 387 388 393 396 399 400 427 428 429","302:312 303:312 304:312 305:312 307:312 308:312 311:312 314:312 314:320 316:320 324:320 324:321 324:322 324:323 324:324 384:383 384:384 385:384 385:388 386:388 387:388 389:388 389:397 396:397 401:397 401:398 401:399 424:430 427:430 428:430"
"برگیتا","مشاہد",350,"4 5 6 7 8 9 10 11 13 14 16 17 18 19 20 21 22 23 24 25 27 28 29 30 31 32 33 34 35 37 38 40 41 42 44 48 49 50 51 52 53 54 55 56 57 58 59 117 118 119 120 121 122 142 143 144 145 146 168 170 171 172 173 175 176 177 184 189 190 191 192 194 195 196 198 199 200 201 209 210 211 212 213 214 217 219 264 265 266 267 268 269 287 288 289 290 291 292 296 297 298 299 300 301 302 303 304 305 306 307 308 309 311 313 314 315 316 320 321 322 323 324 382 383 384 385 386 387 388 390 393 394 395 396 398 399 400 401 402 403 404 406 407 408 409 411 414 417 418 419 421 424 425 426 427 428 436 437 439 440 441 442 445 446 447 448 449 452 453 454 455 477 481 485 490 491 492 493 494 495 496 497 498 499 500 501 502 504 505 506 507 508 509 510 511 513 515 516 517 518 519 520 521 522 530 531 532 533 534 535 536 537 538 539 540 541 542 543 546 547 548 549 553 554 555 556 557 558 559 560 561 562 563 568 574 575 576 577 578","7:1 7:2 7:3 7:4 7:5 7:8 8:8 9:8 9:9 12:9 12:10 12:14 14:14 18:14 18:16 18:18 19:18 19:19 21:19 21:20 21:21 22:21 22:22 23:22 23:23 24:23 24:24 25:24 25:25 29:25 29:26 29:27 29:28 29:29 30:29 30:30 31:30 31:31 34:31 34:32 34:33 34:34 35:34 35:36 38:36 38:37 38:38 42:38 42:39 42:41 42:42 43:42 43:46 51:46 51:47 51:48 51:49 51:50 51:51 53:51 53:52 53:53 54:53 54:54 55:54 55:56 56:56 57:56 57:57 58:57 58:58 59:58 59:60 122:112 122:113 122:115 122:116 122:117 122:118 122:119 122:120 122:121 122:122 146:139 146:141 146:142 146:143 146:144 146:146 173:164 173:167 173:168 173:169 173:170 173:171 173:172 173:173 177:173 177:174 177:176 177:177 189:179 189:189 190:189 190:190 192:190 192:191 192:192 196:192 196:193 196:195 196:196 200:196 200:197 200:198 200:199 200:200 201:200 201:202 214:205 214:206 214:207 214:208 214:209 214:210 214:212 214:214 215:214 215:219 219:219 269:259 269:260 269:261 269:263 269:264 269:266 269:267 269:268 269:269 292:283 292:284 292:286 292:289 292:291 292:292 300:292 300:293 300:294 300:295 300:296 300:298 300:299 300:300 301:300 301:302 302:302 303:302 303:304 304:304 305:304 305:305 307:305 307:306 307:307 308:307 308:308 311:308 311:312 314:312 314:313 314:314 316:314 316:316 324:316 324:317 324:318 324:319 324:320 324:321 324:322 324:324 384:381 384:382 384:384 385:384 385:385 386:385 386:386 387:386 387:387 389:387 389:388 389:391 396:391 396:393 396:394 396:395 396:396 401:396 401:397 401:399 401:401 404:401 404:402 404:403 404:404 408:404 408:406 408:407 408:408 411:408 411:411 417:411 417:418 418:418 419:418 419:419 424:419 424:424 427:424 427:425 427:427 428:427 428:428 441:431 441:433 441:438 441:439 441:441 442:441 442:442 449:442 449:443 449:444 449:446 449:447 449:448 449:449 455:449 455:450 455:451 455:452 455:453 455:454 455:455 481:473 481:474 481:481 490:481 490:490 492:490 492:492 493:492 493:493 494:493 494:494 495:494 495:495 496:495 496:496 497:496 497:497 498:497 498:498 499:498 499:499 500:499 500:500 501:500 501:501 502:501 502:502 506:502 506:504 506:506 509:506 509:507 509:508 509:509 512:509 512:510 512:515 515:515 517:515 517:516 517:517 518:517 518:519 519:519 520:519 520:520 521:520 521:521 522:521 522:522 535:525 535:526 535:527 535:529 535:531 535:532 535:533 535:534 535:535 536:535 536:536 537:536 537:537 538:537 538:538 540:538 540:539 540:540 541:540 541:541 543:541 543:542 543:543 549:543 549:544 549:545 549:546 549:547 549:548 549:549 558:549 558:550 558:551 558:552 558:553 558:554 558:555 558:556 558:557 558:558 559:558 559:560 561:560 561:561 562:561 562:562 565:562 565:571 578:571 578:573 578:574 578:575 578:576 578:577 578:578"
"برگیتا","موسیقار آقا نواز",8,"311 312 313 315 316 320 321","307:316 308:316 311:316 314:316 316:316 324:316 324:317 324:318"
"برگیتا","مولوی احتشام الدین",1,"459","455:463"
"برگیتا","نازنین بابر",19,"124 149 380 381 400 403 404 406 407 408 410 479 560 561 562 564","122:127 146:153 384:377 384:378 384:379 396:405 401:405 404:405 408:405 408:406 408:409 411:409 411:410 481:478 558:563 559:563 561:563 562:563 565:563"
"برگیتا","نمبردار اللہ دوایا",20,"404 406 408 409 413 416 417 418 419 421 422 423 424 425 426 433 439","401:408 404:408 408:408 411:408 411:415 417:415 417:416 417:417 418:417 418:419 419:419 424:419 424:421 424:422 424:423 424:424 427:424 427:425 428:438 441:438"
"برگیتا","نور الہدی",3,"141 478 480","146:136 481:475 481:480"
"برگیتا","نوراں",30,"302 303 304 305 306 307 308 309 310 382 388 389 390 391 394 395 541 542 543 544 547 548","300:305 301:305 302:305 303:305 304:305 305:305 307:305 307:306 307:307 308:307 308:308 311:308 311:309 384:381 384:393 385:393 386:393 387:393 389:393 396:393 396:394 536:546 537:546 538:546 540:546 541:546 543:546 549:546 549:547 549:548"
"برگیتا","پال",24,"4 45 46 50 51 52 56 57 58 59 498 499 500 501 502 504","7:1 42:49 43:49 51:49 51:52 53:52 53:60 54:60 55:60 56:60 57:60 58:60 59:60 493:503 494:503 495:503 496:503 497:503 498:503 499:503 500:503 501:503 502:503 506:503"
"برگیتا","پیٹر",15,"45 46 50 51 52 56 57 58 59 204 205 211","42:49 43:49 51:49 51:52 53:52 53:60 54:60 55:60 56:60 57:60 58:60 59:60 200:209 201:209 214:209"
"برگیتا","چاچا محمد بخش",7,"43 45 49 118 119","38:48 42:48 43:48 51:48 122:115 122:116 122:117"
"برگیتا","چاچی رابیاں",1,"117","122:113"
"برگیتا","چراغ دین",3,"188 206 212","189:188 201:211 214:211"
"برگیتا","چوہدری اللہ داد خان",66,"43 45 49 52 53 56 57 58 59 117 118 119 120 123 201 203 210 211 265 289 308 309 310 312 313 327 383 386 387 388 404 405 407 415 418 419 421 422 460 517 518 519 520 521 522 535 536 567 568 575","38:48 42:48 43:48 51:48 51:53 53:53 54:53 54:59 55:59 56:59 57:59 58:59 59:59 122:113 122:114 122:116 122:117 122:118 122:119 122:124 196:206 200:206 201:206 214:206 214:207 214:209 269:262 292:286 303:313 304:313 305:313 307:313 308:313 311:313 314:313 324:331 384:382 384:388 385:388 386:388 387:388 389:388 401:407 404:407 408:407 411:419 417:419 418:419 419:419 424:419 424:420 455:465 512:522 515:522 517:522 518:522 519:522 520:522 521:522 522:522 535:536 536:536 537:536 562:572 565:572 578:572"
"برگیتا","ڈاکٹر ارشد احمد",75,"4 5 14 15 16 18 19 20 122 145 146 170 171 175 177 184 186 189 190 191 192 194 195 198 200 214 215 217 218 219 292 296 399 402 403 404 406 420 421 424 425 426 429 430 436 437 438 484 489 491 492 493 494 495 519 520 521 522 530 533","7:1 7:2 7:3 9:19 12:19 14:19 18:19 19:19 21:19 122:122 146:145 146:147 173:168 173:169 173:170 173:178 177:178 189:179 189:183 189:189 190:189 190:190 192:190 192:192 196:192 196:195 196:200 200:200 201:200 214:214 215:214 215:215 219:215 219:218 219:219 292:292 300:292 396:403 401:403 404:403 404:404 408:404 417:424 418:424 419:424 424:424 427:424 427:425 427:432 428:432 441:432 441:433 441:434 441:435 441:436 481:488 490:488 490:489 490:493 492:493 493:493 494:493 494:494 495:494 495:495 496:495 515:523 517:523 518:523 519:523 520:523 521:523 522:523 535:525 535:532"
"برگیتا","کمال",63,"21 22 23 24 25 27 46 50 56 57 58 59 60 148 170 177 179 185 186 187 188 196 198 200 201 212 213 214 215 217 218 219 301 302 303 326 478 482 487 488 513 514 516 517 525 526 532","18:25 19:25 21:25 22:25 23:25 24:25 25:25 29:25 42:50 43:50 51:50 51:61 53:61 54:61 55:61 56:61 57:61 58:61 59:61 146:151 173:168 173:181 177:181 189:181 189:182 189:183 189:184 189:185 189:186 189:187 189:188 192:201 196:201 200:201 201:201 214:211 214:213 214:214 215:214 215:216 219:216 219:217 219:219 300:303 301:303 302:303 303:303 304:303 324:328 481:476 481:484 490:484 490:485 490:486 509:517 512:517 515:517 517:517 518:517 520:530 521:530 522:530 535:530"
"برگیتا","کمند علی خان",3,"478 480","481:475 481:476 481:480"
"برگیتا","کنیز",6,"302 303 304","300:304 301:304 302:304 303:304 304:304 305:304"
"برگیتا","کیپٹن خانزادہ",9,"561 562 563 564 566 573 574","558:564 559:564 561:564 562:564 565:564 565:568 578:568 578:569 578:570"
"برگیتا","کیپٹن گل ریز",10,"151 560 561 562 563 566 573 574","146:156 558:562 559:562 561:562 562:562 565:562 565:568 578:568 578:569 578:570"
"برگیتا","ہاتھی دانت",7,"58 59 60 61","53:63 54:63 55:63 56:63 57:63 58:63 59:63"
"بلخ","بلقیس",3,"66 67","64:68 65:68 66:68"
"بلخ","بیرٹ",3,"66 67","64:69 65:69 66:69"
"بلخ","بیٹ مین بشیر",1,"61","64:59"
"بلخ","تاج",6,"63 64 65 68","64:62 64:64 65:64 65:65 66:65 66:71"
"بلخ","جاوید اثر",3,"67 68","64:71 65:71 66:71"
"بلخ","جی۔ ایم۔ اثر",3,"67 68","64:71 65:71 66:71"
"بلخ","خورشید شاہد",3,"67 68","64:71 65:71 66:71"
"بلخ","ساحِب (انگلو انڈین)",8,"62 63 64 65 66","64:61 64:62 64:63 64:64 65:64 65:65 66:65 66:66"
"بلخ","سعادت حسن منٹو",7,"62 63 64 65 66","64:61 64:62 64:64 65:64 65:65 66:65 66:66"
"بلخ","سمیعہ",3,"65 66","64:66 65:66 66:66"
"بلخ","شاہ شہید",1,"71","66:76"
"بلخ","شاہ صاحب (سات پھولوں والے)",1,"71","66:76"
"بلخ","شوبھا مردان",2,"61","64:58 64:59"
"بلخ","صفیہ",4,"63 65 66","64:62 64:66 65:66 66:66"
"بلخ","لاری صاحب",3,"67 68","64:71 65:71 66:71"
"بلخ","مردان",9,"59 60 61 65 66","64:54 64:55 64:56 64:57 64:58 64:59 64:66 65:66 66:66"
"بلخ","مشاہد",12,"59 60 61 62 63 64 65 66","64:54 64:56 64:57 64:58 64:60 64:61 64:62 64:63 64:64 65:64 65:66 66:66"
"بلخ","پال",4,"62 67 68","64:60 64:71 65:71 66:71"
"بلخ","پیٹر",4,"62 67 68","64:60 64:71 65:71 66:71"
"بلخ","چوہدری اللہ داد خان",3,"61 64","64:59 64:64 65:64"
"بلخ","کمال",5,"62 63 64","64:61 64:62 64:63 64:64 65:64"
"بلخ","ہاتھی دانت",4,"63 67 68","64:63 64:71 65:71 66:71"
"بلقیس","بیرٹ",1,"68","68:69"
"بلقیس","بیٹ مین بشیر",1,"63","68:59"
"بلقیس","تاج",4,"65 66 69","68:62 68:64 68:65 68:71"
"بلقیس","جاوید اثر",1,"69","68:71"
"بلقیس","جی۔ ایم۔ اثر",1,"69","68:71"
"بلقیس","خورشید شاہد",1,"69","68:71"
"بلقیس","ساحِب (انگلو انڈین)",7,"64 65 66 67 68","68:61 68:62 68:63 68:64 68:65 68:66 68:68"
"بلقیس","سعادت حسن منٹو",6,"64 65 66 67 68","68:61 68:62 68:64 68:65 68:66 68:69"
"بلقیس","سمیعہ",3,"67 68","68:66 68:67 68:68"
"بلقیس","شاہ شہید",1,"72","68:76"
"بلقیس","شاہ صاحب (سات پھولوں والے)",1,"72","68:76"
"بلقیس","شوبھا مردان",2,"63","68:58 68:59"
"بلقیس","صفیہ",3,"65 67 70","68:62 68:66 68:73"
"بلقیس","لاری صاحب",1,"69","68:71"
"بلقیس","محمد غنی چیمہ",1,"72","68:77"
"بلقیس","مردان",4,"63 67 69","68:58 68:59 68:66 68:70"
"بلقیس","مرزا بیٹریاں",1,"73","68:78"
"بلقیس","مشاہد",9,"63 64 65 66 67 68","68:58 68:60 68:61 68:62 68:63 68:64 68:66 68:67 68:68"
"بلقیس","پال",2,"64 69","68:60 68:71"
"بلقیس","پیٹر",2,"64 69","68:60 68:71"
"بلقیس","چوہدری اللہ داد خان",2,"63 66","68:59 68:64"
"بلقیس","کمال",5,"64 65 66 73","68:61 68:62 68:63 68:64 68:78"
"بلقیس","ہاتھی دانت",2,"65 69","68:63 68:71"
"بندو رام","بیرٹ",3,"87 90 91","83:91 90:91 92:91"
"بندو رام","بیگم بابر",1,"543","548:538"
"بندو رام","تاج",2,"78","83:73 83:74"
"بندو رام","جاوید اثر",1,"82","83:81"
"بندو رام","خورشید شاہد",2,"92 93","90:95 92:95"
"بندو رام","دارو",2,"92 93","90:94 92:94"
"بندو رام","دانش",1,"82","83:82"
"بندو رام","روندر/افتخار",2,"92 93","90:95 92:95"
"بندو رام","زاہد کالیا",8,"83 87 96 544 549 550","83:84 90:84 92:101 548:540 548:541 548:551 549:551 550:551"
"بندو رام","ساحِب (انگلو انڈین)",11,"78 79 81 82 87 90 91 92 545 547","83:73 83:74 83:76 83:80 83:82 83:91 90:91 92:91 92:93 548:543 548:546"
"بندو رام","سعادت حسن منٹو",7,"78 81 87 90 91 92","83:73 83:74 83:80 83:91 90:91 92:91 92:93"
"بندو رام","سعید",2,"92 93","90:95 92:95"
"بندو رام","سمیعہ",7,"81 83 86 92 93 548","83:80 83:83 90:83 90:94 92:94 548:548 549:548"
"بندو رام","شاہ شہید",4,"79 88 91 92","83:76 83:93 90:93 92:93"
"بندو رام","شاہ صاحب (سات پھولوں والے)",4,"79 88 91 92","83:76 83:93 90:93 92:93"
"بندو رام","شوبھا مردان",4,"543 549 550","548:538 548:551 549:551 550:551"
"بندو رام","صادق",2,"92 93","90:95 92:95"
"بندو رام","صفیہ",2,"78","83:73 83:74"
"بندو رام","ظہیر الدین بابر",1,"543","548:538"
"بندو رام","فاطمہ",14,"543 544 545 546 547 548 549 550","548:539 548:540 548:541 548:542 548:543 548:544 548:545 548:546 548:547 548:548 549:548 549:549 550:549 550:550"
"بندو رام","لاری صاحب",3,"88 91 92","83:93 90:93 92:93"
"بندو رام","مالی شریف",2,"545 546","548:543 548:544"
"بندو رام","ماموں ہیرس",4,"87 90 91 92","83:91 90:91 92:91 92:93"
"بندو رام","محمد غنی چیمہ",1,"80","83:77"
"بندو رام","مردان",9,"78 94 95 543 544 549 550","83:73 90:98 92:98 548:538 548:539 548:540 548:551 549:551 550:551"
"بندو رام","مرزا بیٹریاں",3,"80 92 93","83:78 90:94 92:94"
"بندو رام","مشاہد",32,"78 79 80 81 82 83 86 87 88 89 90 91 92 543 544 545 546 547 548 549 550","83:73 83:74 83:76 83:77 83:78 83:79 83:80 83:81 83:83 90:83 90:84 90:85 90:86 90:88 90:90 92:90 92:92 548:538 548:539 548:540 548:541 548:542 548:543 548:544 548:545 548:546 548:547 548:548 549:548 549:549 550:549 550:550"
"بندو رام","مشتاق واہ واہ",2,"92 93","90:95 92:95"
"بندو رام","مظہر شاہ",3,"88 91 92","83:93 90:93 92:93"
"بندو رام","نوراں",4,"547 548","548:546 548:547 548:548 549:548"
"بندو رام","ٹریور",2,"92 93","90:95 92:95"
"بندو رام","پیٹر",3,"82 94 95","83:81 90:98 92:98"
"بندو رام","چاچی مہراں",1,"96","92:101"
"بندو رام","چراغ دین",1,"96","92:101"
"بندو رام","چوہدری اللہ داد خان",7,"81 84 88 89 91 92","83:80 83:86 90:86 90:87 90:88 90:92 92:92"
"بندو رام","کانی",4,"83 87 92 93","83:84 90:84 90:94 92:94"
"بندو رام","کمال",5,"80 81 82 92 93","83:78 83:79 83:81 90:95 92:95"
"بندو رام","کنیز",2,"92 93","90:95 92:95"
"بندو رام","ہاتھی دانت",3,"88 91 92","83:93 90:93 92:93"
"بندو رام","ہیری",4,"87 90 91 95","83:91 90:91 92:91 92:98"
"بیرٹ","بیٹ مین بشیر",1,"64","69:59"
"بیرٹ","تاج",5,"65 66 67 70 71","69:62 69:64 69:65 69:71 71:71"
"بیرٹ","جاوید اثر",3,"70 71 86","69:71 71:71 91:81"
"بیرٹ","جی۔ ایم۔ اثر",2,"70 71","69:71 71:71"
"بیرٹ","خورشید شاہد",3,"70 71 93","69:71 71:71 91:95"
"بیرٹ","دارو",1,"92","91:94"
"بیرٹ","دانش",1,"86","91:82"
"بیرٹ","روندر/افتخار",1,"93","91:95"
"بیرٹ","زاہد کالیا",2,"87 96","91:84 91:101"
"بیرٹ","ساحِب (انگلو انڈین)",13,"65 66 67 68 69 70 71 86 91","69:61 69:62 69:63 69:64 69:65 69:66 69:68 69:69 71:69 71:70 71:71 91:82 91:91"
"بیرٹ","سعادت حسن منٹو",10,"65 66 67 69 70 71 91","69:61 69:62 69:64 69:65 69:66 69:69 71:69 71:70 71:72 91:91"
"بیرٹ","سعید",1,"93","91:95"
"بیرٹ","سمیعہ",8,"67 68 69 70 71 87 92","69:66 69:67 69:68 69:70 71:70 71:72 91:83 91:94"
"بیرٹ","شاہ شہید",3,"72 73 92","69:76 71:76 91:93"
"بیرٹ","شاہ صاحب (سات پھولوں والے)",3,"72 73 92","69:76 71:76 91:93"
"بیرٹ","شوبھا مردان",1,"64","69:59"
"بیرٹ","صادق",1,"93","91:95"
"بیرٹ","صفیہ",4,"65 67 71 72","69:62 69:66 69:73 71:73"
"بیرٹ","لاری صاحب",3,"70 71 92","69:71 71:71 91:93"
"بیرٹ","ماموں ہیرس",1,"91","91:91"
"بیرٹ","محمد غنی چیمہ",2,"73 74","69:77 71:77"
"بیرٹ","مردان",6,"64 67 69 70 72 94","69:59 69:66 69:70 71:70 71:73 91:98"
"بیرٹ","مرزا بیٹریاں",3,"73 74 92","69:78 71:78 91:94"
"بیرٹ","مشاہد",20,"64 65 66 67 68 69 70 71 86 87 88 89 90 91","69:60 69:61 69:62 69:63 69:64 69:66 69:67 69:68 69:69 71:69 71:70 71:71 91:81 91:83 91:84 91:85 91:86 91:88 91:90 91:92"
"بیرٹ","مشتاق واہ واہ",1,"93","91:95"
"بیرٹ","مظہر شاہ",1,"92","91:93"
"بیرٹ","ٹریور",1,"93","91:95"
"بیرٹ","پال",3,"64 70 71","69:60 69:71 71:71"
"بیرٹ","پیٹر",5,"64 70 71 86 94","69:60 69:71 71:71 91:81 91:98"
"بیرٹ","چاچی مہراں",1,"96","91:101"
"بیرٹ","چراغ دین",1,"96","91:101"
"بیرٹ","چوہدری اللہ داد خان",7,"64 66 75 88 89 91","69:59 69:64 71:80 91:86 91:87 91:88 91:92"
"بیرٹ","کانی",2,"87 92","91:84 91:94"
"بیرٹ","کمال",8,"65 66 73 74 86 93","69:61 69:62 69:63 69:64 69:78 71:78 91:81 91:95"
"بیرٹ","کنیز",1,"93","91:95"
"بیرٹ","ہاتھی دانت",4,"66 70 71 92","69:63 69:71 71:71 91:93"
"بیرٹ","ہیری",1,"91","91:91"
"بیٹ مین بشیر","بیگم بابر",20,"139 361 362 366 367 368 369 374 375 376 407 409 410 477 478 482","139:140 362:360 362:361 362:362 371:362 371:363 371:364 371:365 371:366 371:367 371:368 371:377 373:377 376:377 409:405 409:410 410:410 476:479 478:479 485:479"
"بیٹ مین بشیر","تاج",1,"60","59:62"
"بیٹ مین بشیر","خیر دین تانگے والا",2,"118","122:114 122:115"
"بیٹ مین بشیر","داؤد احمد",15,"132 137 138 343 344 349 357 359 360 474 475 478 479 482","129:135 139:135 139:137 346:340 346:341 346:342 346:353 362:353 362:357 362:358 476:472 476:475 476:480 478:480 485:480"
"بیٹ مین بشیر","دادا جی (مشاہد کے دادا)",2,"119","122:116 122:117"
"بیٹ مین بشیر","دانش",19,"128 131 136 137 180 215 217 343 344 348 357 358 360 415 474 475","123:133 129:133 139:133 139:134 139:135 139:136 184:177 214:217 217:217 346:340 346:341 346:342 346:351 362:353 362:354 362:358 410:420 476:472 476:475"
"بیٹ مین بشیر","راڈنی ایز برگ",7,"341 342 376 377 378 404","346:336 346:337 346:339 371:381 373:381 376:381 409:399"
"بیٹ مین بشیر","رحمان گل",23,"128 131 136 137 138 343 344 348 359 360 474 475 476 477 478 482 488","123:133 129:133 139:133 139:134 139:135 139:136 139:137 346:340 346:341 346:342 346:351 362:356 362:357 362:358 362:359 476:472 476:475 476:476 478:476 478:479 485:479 485:480 485:491"
"بیٹ مین بشیر","روزی",3,"187 188 189","184:191 185:191 187:191"
"بیٹ مین بشیر","زاہد کالیا",31,"140 179 180 181 183 184 185 186 188 211 214 215 216 217 342 349 357 381 404 405 406 410 483 486","139:141 184:174 184:175 184:176 184:177 184:178 184:179 184:182 184:183 184:184 185:184 185:185 187:185 187:189 214:208 214:214 217:214 217:215 217:216 217:217 346:338 346:353 362:353 376:386 409:400 409:402 409:403 409:411 410:411 478:488 485:488"
"بیٹ مین بشیر","ساحِب (انگلو انڈین)",56,"45 55 60 117 118 121 122 127 130 135 142 180 182 183 184 185 186 187 210 212 213 215 216 217 341 342 343 349 357 359 362 366 370 372 373 374 375 381 407 408 412 472 476 477 479 482 483 484 485","44:46 59:52 59:61 122:112 122:114 122:120 122:122 123:122 123:131 129:131 139:131 139:145 184:177 184:181 184:182 184:183 184:184 185:184 185:185 187:185 187:186 187:187 214:206 214:207 214:211 214:213 214:216 217:216 217:217 346:337 346:338 346:340 346:352 362:352 362:353 362:356 362:362 371:362 371:370 371:373 373:373 376:373 376:374 376:386 409:406 409:408 409:415 410:415 476:469 476:476 478:476 478:480 485:480 485:482 485:484 485:485"
"بیٹ مین بشیر","ستار نقوی",16,"128 131 136 137 344 345 360 361 372 373 375 376 405 475","123:133 129:133 139:133 139:134 139:135 139:136 346:342 346:344 362:358 362:360 371:374 373:374 376:374 376:377 409:402 476:475"
"بیٹ مین بشیر","سعادت حسن منٹو",9,"60 117 121 126 127 130 135 182 210","59:61 122:112 122:120 122:131 123:131 129:131 139:131 184:181 214:206"
"بیٹ مین بشیر","سعید",2,"218 219","214:222 217:222"
"بیٹ مین بشیر","سمیعہ",6,"62 209 210 211 219 220","59:66 214:205 214:206 214:208 214:224 217:224"
"بیٹ مین بشیر","سور",4,"123 124 127 143","122:125 123:125 129:125 139:148"
"بیٹ مین بشیر","شوبھا مردان",59,"42 44 58 59 121 122 123 126 127 128 129 134 135 137 138 139 344 345 346 360 361 365 369 371 372 373 374 375 376 405 406 407 408 409 410 472 474 476 477 478 482 483 484 485","44:40 44:44 59:58 59:59 122:121 122:122 123:122 123:123 129:123 129:124 129:125 129:126 129:127 129:129 139:129 139:130 139:132 139:135 139:136 139:137 139:138 139:139 346:342 346:343 346:344 346:345 346:346 362:359 362:360 362:368 371:368 371:371 373:371 373:373 376:373 376:374 376:375 376:376 409:401 409:402 409:404 409:405 409:406 409:407 409:408 409:409 410:409 410:410 476:468 476:469 476:472 476:477 478:477 478:479 485:479 485:482 485:483 485:484 485:485"
"بیٹ مین بشیر","صباحت بیگم",16,"128 131 136 137 343 349 357 358 359 360 475 477 478 482","123:133 129:133 139:133 139:134 139:135 346:341 346:353 362:353 362:355 362:357 362:358 476:475 476:479 478:479 485:479 485:480"
"بیٹ مین بشیر","صفیہ",1,"60","59:62"
"بیٹ مین بشیر","ظہیر الدین بابر",20,"139 361 362 366 367 368 369 374 375 376 407 409 410 477 478 482","139:140 362:360 362:361 362:362 371:362 371:363 371:364 371:365 371:366 371:367 371:368 371:377 373:377 376:377 409:405 409:410 410:410 476:479 478:479 485:479"
"بیٹ مین بشیر","عارفین بابر",23,"42 124 125 128 362 366 367 369 371 372 374 376 407 409 410 477 478 481 482 483","44:40 122:127 123:127 129:127 362:362 371:362 371:364 371:367 371:368 371:371 373:371 373:376 376:376 409:405 409:406 409:409 410:409 410:410 476:478 478:478 485:478 485:479 485:482"
"بیٹ مین بشیر","فاطمہ",1,"488","485:492"
"بیٹ مین بشیر","مردان",87,"39 40 41 42 43 44 54 56 57 58 59 117 118 119 121 122 123 126 127 128 129 134 135 137 138 139 180 188 189 342 345 346 361 362 367 368 369 371 372 373 374 375 376 405 406 407 408 409 410 471 472 473 474 475 476 477 478 481 482 484 485","44:34 44:35 44:36 44:37 44:38 44:39 44:41 44:42 44:43 44:44 59:50 59:54 59:55 59:56 59:57 59:58 59:59 122:112 122:113 122:115 122:116 122:117 122:120 122:121 122:122 123:122 123:123 129:123 129:124 129:126 129:127 129:129 139:129 139:130 139:132 139:136 139:137 139:138 139:139 184:176 184:192 185:192 187:192 346:339 346:345 346:346 362:360 362:361 362:363 371:363 371:364 371:365 371:366 371:367 371:368 371:371 373:371 373:373 376:373 376:374 376:375 376:376 409:401 409:402 409:404 409:405 409:406 409:407 409:408 409:409 410:409 410:410 476:466 476:468 476:469 476:470 476:472 476:474 476:476 478:476 478:477 478:478 485:478 485:479 485:480 485:484 485:485"
"بیٹ مین بشیر","مرزا بیٹریاں",3,"479 480 483","476:482 478:482 485:482"
"بیٹ مین بشیر","مسز حسین",10,"363 367 368 369 409 410 474 475","362:364 371:364 371:365 371:366 371:367 371:368 409:410 410:410 476:473 476:474"
"بیٹ مین بشیر","مشائلہ",7,"341 342 378 379 404","346:336 346:337 346:338 346:339 373:383 376:383 409:399"
"بیٹ مین بشیر","مشاہد",77,"39 40 41 42 43 45 54 55 56 57 58 59 117 118 119 120 121 122 123 126 130 135 139 179 180 181 186 187 188 209 210 211 212 213 214 215 218 341 342 366 370 376 377 378 404 405 406 407 408 410 472 473 474 475 478 479 483 487","44:34 44:36 44:37 44:38 44:39 44:41 44:42 44:46 59:49 59:50 59:51 59:52 59:53 59:54 59:56 59:57 59:58 59:60 122:112 122:113 122:115 122:116 122:117 122:118 122:119 122:120 122:121 122:122 123:122 123:124 129:124 129:131 139:131 139:139 184:174 184:176 184:177 184:178 184:179 184:189 185:189 187:189 214:205 214:206 214:207 214:208 214:209 214:210 214:212 214:214 217:214 217:219 346:337 346:338 362:370 371:370 371:381 373:381 376:381 409:399 409:401 409:402 409:403 409:404 409:406 409:407 409:408 409:411 410:411 476:469 476:470 476:473 476:474 476:481 478:481 485:481 485:490"
"بیٹ مین بشیر","مشتاق واہ واہ",3,"128 131 136","123:133 129:133 139:133"
"بیٹ مین بشیر","مولوی احتشام الدین",3,"349 357 472","346:352 362:352 476:468"
"بیٹ مین بشیر","مہر النساء",1,"472","476:468"
"بیٹ مین بشیر","نازنین بابر",18,"124 125 128 362 366 369 371 372 375 376 407 409 410 477 478 481","122:127 123:127 129:127 362:362 371:362 371:368 371:371 373:371 373:377 376:377 409:405 409:406 409:409 410:409 410:410 476:478 478:478 485:478"
"بیٹ مین بشیر","نمبردار اللہ دوایا",3,"408 412","409:408 409:415 410:415"
"بیٹ مین بشیر","نور الہدی",12,"131 136 137 344 350 358 359 475 478 479 482","129:134 139:134 139:135 139:136 346:343 346:354 362:354 362:356 476:475 476:480 478:480 485:480"
"بیٹ مین بشیر","نوراں",5,"365 370 376 377 378","362:369 371:369 371:381 373:381 376:381"
"بیٹ مین بشیر","پال",4,"46 54 55 59","44:49 59:49 59:52 59:60"
"بیٹ مین بشیر","پروفیسر مشتاق",3,"128 131 136","123:133 129:133 139:133"
"بیٹ مین بشیر","پیٹر",5,"46 54 55 59 211","44:49 59:49 59:52 59:60 214:209"
"بیٹ مین بشیر","چاچا محمد بخش",4,"46 118 119","44:48 122:115 122:116 122:117"
"بیٹ مین بشیر","چاچی رابیاں",1,"117","122:113"
"بیٹ مین بشیر","چراغ دین",4,"186 187 212","184:188 185:188 187:188 214:211"
"بیٹ مین بشیر","چوہدری اللہ داد خان",21,"46 56 59 117 118 119 120 123 126 210 211 348 377 379 408 414","44:48 59:53 59:59 122:113 122:114 122:116 122:117 122:118 122:119 122:124 123:124 129:124 214:206 214:207 214:209 346:350 373:382 376:382 409:407 409:419 410:419"
"بیٹ مین بشیر","ڈاکٹر ارشد احمد",17,"122 142 181 183 186 187 188 214 215 216 217 406 483 486","122:122 123:122 139:145 184:178 184:179 184:183 184:189 185:189 187:189 214:214 217:214 217:215 217:218 409:403 409:404 478:488 485:488"
"بیٹ مین بشیر","کمال",25,"47 54 60 182 183 184 185 186 187 212 213 214 215 216 217 362 367 476 477 481 484 485","44:50 59:50 59:61 184:181 184:182 184:183 184:184 185:184 185:185 187:185 187:186 187:187 214:211 214:213 214:214 217:214 217:216 217:217 362:363 371:363 476:476 478:476 478:484 485:484 485:485"
"بیٹ مین بشیر","کمند علی خان",18,"131 136 137 343 344 349 357 358 359 360 475 476 477 479 482","129:134 139:134 139:135 346:340 346:342 346:343 346:353 362:353 362:354 362:355 362:356 362:357 362:358 476:475 476:476 478:476 478:480 485:480"
"بیٹ مین بشیر","کیپٹن گل ریز",3,"362 366 367","362:362 371:362 371:363"
"بیٹ مین بشیر","ہاتھی دانت",1,"61","59:63"
"بیگم بابر","داؤد احمد",8,"137 138 356 358 359 475 477 479","140:135 140:137 360:353 360:357 360:358 479:472 479:475 479:480"
"بیگم بابر","دارو",1,"400","405:396"
"بیگم بابر","دانش",13,"136 137 138 163 355 356 357 359 415 475 477","140:133 140:134 140:135 140:136 158:168 159:168 360:351 360:353 360:354 360:358 410:420 479:472 479:475"
"بیگم بابر","راڈنی ایز برگ",5,"379 401 402","377:381 378:381 405:397 405:398 405:399"
"بیگم بابر","رحمان گل",14,"136 137 138 355 358 359 475 477 479","140:133 140:134 140:135 140:136 140:137 360:351 360:356 360:357 360:358 360:359 479:472 479:475 479:476 479:479"
"بیگم بابر","زاہد کالیا",35,"140 146 147 148 149 150 151 153 155 156 157 159 356 381 382 402 403 404 408 410 483 530 531 532 533 537 539","140:141 151:141 151:142 151:144 151:145 151:146 151:147 151:148 151:149 151:150 151:152 154:152 154:157 155:157 156:157 158:157 158:160 159:160 360:353 377:386 378:386 405:400 405:402 405:403 405:411 410:411 479:488 535:525 535:526 535:527 535:529 535:530 535:532 535:540 538:540"
"بیگم بابر","ساحِب (انگلو انڈین)",42,"135 142 148 150 153 155 156 157 158 159 356 358 361 362 366 367 368 369 373 375 381 382 400 401 405 408 409 412 474 477 479 533 539 540","140:131 140:145 151:145 151:150 151:156 154:156 155:156 156:156 158:156 158:158 159:158 159:159 360:352 360:353 360:356 360:362 361:362 362:362 363:362 363:370 364:370 365:370 366:370 367:370 368:370 377:370 377:373 377:374 377:386 378:386 405:395 405:397 405:406 410:406 410:408 410:415 479:469 479:476 479:480 535:531 535:543 538:543"
"بیگم بابر","ستار نقوی",17,"136 137 138 359 360 369 370 371 375 377 403 477","140:133 140:134 140:135 140:136 360:358 360:360 361:360 364:374 365:374 366:374 367:374 368:374 377:374 377:377 378:377 405:402 479:475"
"بیگم بابر","سعادت حسن منٹو",1,"135","140:131"
"بیگم بابر","سمیعہ",1,"543","538:548"
"بیگم بابر","سور",3,"144 149 530","140:148 151:148 535:525"
"بیگم بابر","شاہ شہید",1,"400","405:395"
"بیگم بابر","شاہ صاحب (سات پھولوں والے)",1,"400","405:395"
"بیگم بابر","شوبھا مردان",53,"135 136 137 138 139 140 151 152 153 154 355 359 360 364 365 366 367 368 372 374 375 376 377 378 403 404 405 407 408 409 410 474 475 478 479 535 536 537 538","140:130 140:132 140:135 140:136 140:137 140:138 140:139 140:140 151:151 154:151 154:153 154:154 155:154 360:350 360:359 360:360 361:360 361:368 362:368 363:368 364:368 365:368 366:368 367:368 368:368 377:368 377:371 377:373 377:374 377:375 377:376 377:377 378:377 378:379 405:401 405:402 405:404 405:405 410:405 410:406 410:407 410:408 410:409 410:410 479:469 479:472 479:477 479:479 535:535 538:535 538:536 538:537 538:538"
"بیگم بابر","صباحت بیگم",9,"136 137 356 357 358 359 477 479","140:133 140:134 140:135 360:353 360:355 360:357 360:358 479:475 479:479"
"بیگم بابر","ظہیر الدین بابر",42,"140 151 152 153 154 155 156 157 158 159 360 361 362 363 364 365 366 367 368 372 377 378 405 407 410 479 535 536 538","140:140 151:151 154:151 154:153 154:154 155:154 155:155 156:155 156:156 158:156 158:157 158:158 159:158 159:159 360:360 361:360 361:361 362:361 362:362 363:362 363:363 364:363 364:364 365:364 365:365 366:365 366:366 367:366 367:367 368:367 368:368 377:368 377:377 378:377 378:378 405:405 410:405 410:410 479:479 535:535 538:535 538:538"
"بیگم بابر","عارفین بابر",38,"152 154 155 156 157 158 159 361 362 363 364 366 367 368 372 374 376 377 378 405 407 408 409 410 478 479 535 536 537","151:154 154:154 155:154 155:155 156:155 156:156 158:156 158:157 158:159 159:159 360:362 361:362 362:362 363:362 363:364 364:364 365:364 365:367 366:367 367:367 368:367 368:368 377:368 377:371 377:376 377:377 378:377 378:378 405:405 410:405 410:406 410:409 410:410 479:478 479:479 535:535 538:535 538:537"
"بیگم بابر","فاطمہ",5,"532 533 535 536 538","535:529 535:531 535:535 538:535 538:539"
"بیگم بابر","مالی شریف",2,"539 540","535:543 538:543"
"بیگم بابر","مردان",72,"135 136 138 139 140 149 151 152 153 154 155 156 157 158 159 355 360 361 362 363 364 365 366 367 368 372 374 375 376 377 378 403 404 405 407 408 409 410 474 475 476 477 478 479 533 534 535 536 537 538","140:130 140:132 140:136 140:137 140:138 140:139 140:140 151:147 151:151 154:151 154:153 154:154 155:154 155:155 156:155 156:156 158:156 158:157 158:158 159:158 159:159 360:350 360:360 361:360 361:361 362:361 362:363 363:363 364:363 364:364 365:364 365:365 366:365 366:366 367:366 367:367 368:367 368:368 377:368 377:371 377:373 377:374 377:375 377:376 377:377 378:377 378:378 405:401 405:402 405:404 405:405 410:405 410:406 410:407 410:408 410:409 410:410 479:469 479:470 479:472 479:474 479:476 479:477 479:478 479:479 535:531 535:533 535:535 538:535 538:536 538:537 538:538"
"بیگم بابر","مرزا بیٹریاں",1,"480","479:482"
"بیگم بابر","مسز حسین",18,"362 363 364 365 366 367 368 372 407 410 476","360:364 361:364 362:364 363:364 364:364 365:364 365:365 366:365 366:366 367:366 367:367 368:367 368:368 377:368 405:410 410:410 479:473 479:474"
"بیگم بابر","مشائلہ",5,"380 401 402","377:383 378:383 405:397 405:398 405:399"
"بیگم بابر","مشاہد",60,"135 139 140 146 147 148 149 150 151 153 157 158 159 365 366 367 368 369 373 379 400 401 402 403 404 405 408 409 410 474 476 480 530 531 532 533 534 535 536 537 538","140:131 140:139 140:141 151:141 151:142 151:143 151:144 151:146 151:147 151:149 151:152 154:152 154:160 155:160 156:160 158:160 159:160 360:370 361:370 362:370 363:370 364:370 365:370 366:370 367:370 368:370 377:370 377:381 378:381 405:395 405:396 405:397 405:399 405:401 405:402 405:403 405:404 405:406 410:406 410:407 410:408 410:411 479:469 479:470 479:473 479:474 479:481 535:525 535:526 535:527 535:529 535:531 535:532 535:533 535:534 535:535 538:535 538:536 538:537 538:538"
"بیگم بابر","مشتاق واہ واہ",1,"136","140:133"
"بیگم بابر","مولوی احتشام الدین",1,"356","360:352"
"بیگم بابر","نازنین بابر",31,"152 153 154 155 156 157 158 159 361 362 365 366 367 368 372 374 377 378 405 407 408 409 410 478","151:153 154:153 154:154 155:154 155:156 156:156 158:156 158:157 158:159 159:159 360:362 361:362 362:362 363:362 363:368 364:368 365:368 366:368 367:368 368:368 377:368 377:371 377:377 378:377 378:378 405:405 410:405 410:406 410:409 410:410 479:478"
"بیگم بابر","نمبردار اللہ دوایا",3,"406 409 412","405:408 410:408 410:415"
"بیگم بابر","نور الہدی",7,"137 138 357 358 477 479","140:134 140:135 140:136 360:354 360:356 479:475 479:480"
"بیگم بابر","نوراں",13,"364 365 366 367 368 373 379 542","360:369 361:369 362:369 363:369 364:369 365:369 366:369 367:369 368:369 377:369 377:381 378:381 538:546"
"بیگم بابر","پروفیسر مشتاق",1,"136","140:133"
"بیگم بابر","چوہدری اللہ داد خان",8,"355 379 380 406 408 414 535 537","360:350 377:382 378:382 405:407 410:407 410:419 535:536 538:536"
"بیگم بابر","ڈاکٹر ارشد احمد",16,"142 148 149 150 156 157 158 159 160 404 483 530 533","140:145 151:145 151:147 151:149 151:150 151:161 154:161 155:161 156:161 158:161 159:161 405:403 405:404 479:488 535:525 535:532"
"بیگم بابر","کمال",12,"151 152 163 361 362 363 477 481 532","151:151 154:151 158:168 159:168 360:363 361:363 362:363 363:363 364:363 479:476 479:484 535:530"
"بیگم بابر","کمند علی خان",11,"137 356 357 358 359 477 479","140:134 140:135 360:353 360:354 360:355 360:356 360:357 360:358 479:475 479:476 479:480"
"بیگم بابر","کیپٹن گل ریز",11,"153 155 156 157 361 362 363","151:156 154:156 155:156 156:156 158:156 360:362 361:362 362:362 363:362 363:363 364:363"
"تاج","جاوید اثر",10,"66 67 68 71 72 77 109 110","62:71 64:71 65:71 71:71 73:71 73:81 74:81 108:110 109:110 110:110"
"تاج","جی۔ ایم۔ اثر",5,"66 67 68 71 72","62:71 64:71 65:71 71:71 73:71"
"تاج","خورشید شاہد",5,"66 67 68 71 72","62:71 64:71 65:71 71:71 73:71"
"تاج","خیر دین تانگے والا",3,"111 112","108:114 109:114 110:114"
"تاج","دادا جی (مشاہد کے دادا)",3,"112 113","108:116 109:116 110:116"
"تاج","دانش",4,"77 78 508 512","73:82 74:82 513:504 513:512"
"تاج","راڈنی ایز برگ",1,"452","455:449"
"تاج","رحمان گل",1,"458","455:461"
"تاج","روزی",3,"109 110","108:110 109:110 110:110"
"تاج","زاہد کالیا",4,"79 104 508 514","74:84 108:101 513:503 513:516"
"تاج","ساحِب (انگلو انڈین)",26,"57 61 62 63 64 65 68 69 70 71 72 73 74 103 108 109 110 459 514","62:52 62:61 62:62 64:62 64:63 64:64 65:64 65:65 71:65 71:66 71:68 71:69 71:70 71:71 73:71 73:72 73:73 74:73 74:74 108:98 108:109 109:109 110:109 110:110 455:464 513:516"
"تاج","سعادت حسن منٹو",21,"61 62 63 64 65 68 70 71 72 73 74 108 109 110 514","62:61 62:62 64:62 64:64 65:64 65:65 71:65 71:66 71:69 71:70 71:72 73:72 73:73 74:73 74:74 108:108 109:108 109:109 110:109 110:110 513:516"
"تاج","سمیعہ",14,"64 65 68 69 70 71 72 76 77 108 514","62:66 64:66 65:66 71:66 71:67 71:68 71:70 71:72 73:72 73:80 74:80 108:108 109:108 513:516"
"تاج","شاہ شہید",3,"73 74 75","71:76 73:76 74:76"
"تاج","شاہ صاحب (سات پھولوں والے)",6,"73 74 75 109 110","71:76 73:76 74:76 108:111 109:111 110:111"
"تاج","شوبھا مردان",4,"60 458 516","62:58 62:59 455:461 513:520"
"تاج","صفیہ",13,"62 63 65 68 72 73 74 108 109 514","62:62 64:62 64:66 65:66 71:66 71:73 73:73 74:73 74:74 108:109 109:109 110:109 513:516"
"تاج","فاطمہ",7,"453 454 455 510 511 512 515","455:451 455:453 455:455 513:508 513:510 513:512 513:518"
"تاج","لاری صاحب",5,"66 67 68 71 72","62:71 64:71 65:71 71:71 73:71"
"تاج","مالی شریف",2,"511 518","513:509 513:523"
"تاج","محمد غنی چیمہ",3,"74 75","71:77 73:77 74:77"
"تاج","مردان",30,"58 59 60 64 65 68 70 72 73 103 106 107 110 111 450 452 453 457 509 510 512 516","62:54 62:55 62:56 62:57 62:58 62:59 62:66 64:66 65:66 71:66 71:70 71:73 73:73 74:73 108:98 108:105 108:106 108:112 109:112 110:112 455:446 455:449 455:452 455:460 513:505 513:506 513:507 513:508 513:512 513:520"
"تاج","مرزا بیٹریاں",3,"74 75 76","71:78 73:78 74:78"
"تاج","مسز حسین",1,"457","455:460"
"تاج","مشاہد",51,"57 58 59 60 61 62 63 64 65 68 69 70 71 72 73 74 103 106 107 108 109 110 450 451 452 453 454 455 508 509 510 511 514","62:52 62:53 62:54 62:56 62:57 62:58 62:60 62:61 62:62 64:62 64:63 64:64 65:64 65:66 71:66 71:67 71:68 71:69 71:70 71:71 73:71 73:72 73:73 74:73 74:74 108:98 108:99 108:104 108:106 108:107 108:108 109:108 109:110 110:110 455:446 455:447 455:448 455:449 455:450 455:451 455:452 455:453 455:454 455:455 513:504 513:506 513:507 513:508 513:509 513:510 513:515"
"تاج","ملک معراج",3,"109 110","108:110 109:110 110:110"
"تاج","مولوی احتشام الدین",1,"459","455:463"
"تاج","پال",8,"57 61 66 67 68 71 72 508","62:52 62:60 62:71 64:71 65:71 71:71 73:71 513:503"
"تاج","پیٹر",11,"57 61 66 67 68 71 72 77 103 107","62:52 62:60 62:71 64:71 65:71 71:71 73:71 73:81 74:81 108:98 108:107"
"تاج","چاچا محمد بخش",3,"111 112","108:115 109:115 110:115"
"تاج","چاچی رابیاں",3,"110 111","108:113 109:113 110:113"
"تاج","چاچی مہراں",1,"104","108:101"
"تاج","چراغ دین",3,"104 105","108:101 108:102 108:103"
"تاج","چوہدری اللہ داد خان",18,"57 60 63 64 75 76 77 104 106 107 109 110 460 517","62:53 62:59 62:64 64:64 65:64 71:80 73:80 74:80 108:100 108:104 108:105 108:106 108:107 108:111 109:111 110:111 455:465 513:522"
"تاج","ڈاکٹر ارشد احمد",1,"518","513:523"
"تاج","کانی",1,"79","74:84"
"تاج","کمال",13,"61 62 63 64 74 75 76 103 108 515","62:61 62:62 64:62 64:63 64:64 65:64 71:78 73:78 74:78 108:99 108:108 109:108 513:517"
"تاج","ہاتھی دانت",6,"62 63 67 68 71 72","62:63 64:63 64:71 65:71 71:71 73:71"
"تاج","ہیری",1,"103","108:98"
"جاوید اثر","جی۔ ایم۔ اثر",2,"71 76","71:71 81:71"
"جاوید اثر","خورشید شاہد",2,"71 76","71:71 81:71"
"جاوید اثر","خیر دین تانگے والا",1,"112","110:114"
"جاوید اثر","دادا جی (مشاہد کے دادا)",1,"113","110:116"
"جاوید اثر","دانش",1,"81","81:82"
"جاوید اثر","روزی",1,"110","110:110"
"جاوید اثر","زاہد کالیا",2,"82 105","81:84 110:101"
"جاوید اثر","ساحِب (انگلو انڈین)",19,"66 67 68 69 70 71 76 77 78 80 81 109 110","71:61 71:62 71:63 71:64 71:65 71:66 71:68 71:69 71:70 71:71 81:71 81:72 81:73 81:74 81:76 81:80 81:82 110:109 110:110"
"جاوید اثر","سعادت حسن منٹو",16,"66 67 68 70 71 76 77 80 86 109 110","71:61 71:62 71:64 71:65 71:66 71:69 71:70 71:72 81:72 81:73 81:74 81:80 81:91 110:108 110:109 110:110"
"جاوید اثر","سمیعہ",9,"68 69 70 71 76 80 82 109","71:66 71:67 71:68 71:70 71:72 81:72 81:80 81:83 110:108"
"جاوید اثر","شاہ شہید",2,"73 78","71:76 81:76"
"جاوید اثر","شاہ صاحب (سات پھولوں والے)",3,"73 78 110","71:76 81:76 110:111"
"جاوید اثر","صفیہ",6,"66 68 72 77 109","71:62 71:66 71:73 81:73 81:74 110:109"
"جاوید اثر","لاری صاحب",2,"71 76","71:71 81:71"
"جاوید اثر","ماموں ہیرس",1,"86","81:91"
"جاوید اثر","محمد غنی چیمہ",2,"74 79","71:77 81:77"
"جاوید اثر","مردان",7,"68 70 72 77 107 108 111","71:66 71:70 71:73 81:73 110:105 110:106 110:112"
"جاوید اثر","مرزا بیٹریاں",2,"74 79","71:78 81:78"
"جاوید اثر","مشاہد",25,"66 67 68 69 70 71 76 77 78 79 80 81 107 108 109 110","71:61 71:62 71:63 71:64 71:66 71:67 71:68 71:69 71:70 71:71 81:71 81:72 81:73 81:74 81:76 81:77 81:78 81:79 81:80 81:81 110:104 110:106 110:107 110:108 110:110"
"جاوید اثر","ملک معراج",1,"110","110:110"
"جاوید اثر","پال",2,"71 76","71:71 81:71"
"جاوید اثر","پیٹر",4,"71 76 81 108","71:71 81:71 81:81 110:107"
"جاوید اثر","چاچا محمد بخش",1,"112","110:115"
"جاوید اثر","چاچی رابیاں",1,"111","110:113"
"جاوید اثر","چاچی مہراں",1,"105","110:101"
"جاوید اثر","چراغ دین",3,"105 106","110:101 110:102 110:103"
"جاوید اثر","چوہدری اللہ داد خان",10,"67 75 80 83 105 107 108 110","71:64 71:80 81:80 81:86 110:100 110:104 110:105 110:106 110:107 110:111"
"جاوید اثر","کانی",1,"82","81:84"
"جاوید اثر","کمال",9,"66 67 74 79 80 81 109","71:61 71:62 71:63 71:64 71:78 81:78 81:79 81:81 110:108"
"جاوید اثر","ہاتھی دانت",3,"67 71 76","71:63 71:71 81:71"
"جاوید اثر","ہیری",1,"86","81:91"
"جی۔ ایم۔ اثر","خورشید شاہد",1,"71","71:71"
"جی۔ ایم۔ اثر","زاہد کالیا",1,"20","21:19"
"جی۔ ایم۔ اثر","ساحِب (انگلو انڈین)",13,"16 17 21 66 67 68 69 70 71","21:11 21:13 21:21 71:61 71:62 71:63 71:64 71:65 71:66 71:68 71:69 71:70 71:71"
"جی۔ ایم۔ اثر","سعادت حسن منٹو",9,"21 66 67 68 70 71","21:21 71:61 71:62 71:64 71:65 71:66 71:69 71:70 71:72"
"جی۔ ایم۔ اثر","سعید",1,"22","21:23"
"جی۔ ایم۔ اثر","سمیعہ",6,"21 68 69 70 71","21:21 71:66 71:67 71:68 71:70 71:72"
"جی۔ ایم۔ اثر","سور",1,"16","21:11"
"جی۔ ایم۔ اثر","شاہ شہید",1,"73","71:76"
"جی۔ ایم۔ اثر","شاہ صاحب (سات پھولوں والے)",1,"73","71:76"
"جی۔ ایم۔ اثر","صفیہ",4,"21 66 68 72","21:21 71:62 71:66 71:73"
"جی۔ ایم۔ اثر","ظہیر الدین بابر",1,"20","21:20"
"جی۔ ایم۔ اثر","لاری صاحب",1,"71","71:71"
"جی۔ ایم۔ اثر","محمد غنی چیمہ",1,"74","71:77"
"جی۔ ایم۔ اثر","مردان",4,"21 68 70 72","21:21 71:66 71:70 71:73"
"جی۔ ایم۔ اثر","مرزا بیٹریاں",1,"74","71:78"
"جی۔ ایم۔ اثر","مشاہد",16,"17 18 19 20 21 66 67 68 69 70 71","21:14 21:16 21:18 21:19 21:20 21:21 71:61 71:62 71:63 71:64 71:66 71:67 71:68 71:69 71:70 71:71"
"جی۔ ایم۔ اثر","پال",1,"71","71:71"
"جی۔ ایم۔ اثر","پیٹر",1,"71","71:71"
"جی۔ ایم۔ اثر","چوہدری اللہ داد خان",2,"67 75","71:64 71:80"
"جی۔ ایم۔ اثر","ڈاکٹر ارشد احمد",1,"20","21:19"
"جی۔ ایم۔ اثر","کمال",6,"23 66 67 74","21:25 71:61 71:62 71:63 71:64 71:78"
"جی۔ ایم۔ اثر","ہاتھی دانت",2,"67 71","71:63 71:71"
"خورشید شاہد","دارو",1,"94","95:94"
"خورشید شاہد","روندر/افتخار",1,"95","95:95"
"خورشید شاہد","زاہد کالیا",1,"98","95:101"
"خورشید شاہد","ساحِب (انگلو انڈین)",14,"66 67 68 69 70 71 93 94 95","71:61 71:62 71:63 71:64 71:65 71:66 71:68 71:69 71:70 71:71 95:91 95:93 95:94 95:96"
"خورشید شاہد","سعادت حسن منٹو",12,"66 67 68 70 71 93 94 96","71:61 71:62 71:64 71:65 71:66 71:69 71:70 71:72 95:91 95:93 95:94 95:97"
"خورشید شاہد","سعید",1,"95","95:95"
"خورشید شاہد","سمیعہ",6,"68 69 70 71 94","71:66 71:67 71:68 71:70 71:72 95:94"
"خورشید شاہد","شاہ شہید",3,"73 94","71:76 95:93 95:94"
"خورشید شاہد","شاہ صاحب (سات پھولوں والے)",3,"73 94","71:76 95:93 95:94"
"خورشید شاہد","صادق",1,"95","95:95"
"خورشید شاہد","صفیہ",3,"66 68 72","71:62 71:66 71:73"
"خورشید شاہد","لاری صاحب",2,"71 94","71:71 95:93"
"خورشید شاہد","ماموں ہیرس",2,"93 94","95:91 95:93"
"خورشید شاہد","محمد غنی چیمہ",1,"74","71:77"
"خورشید شاہد","مردان",4,"68 70 72 96","71:66 71:70 71:73 95:98"
"خورشید شاہد","مرزا بیٹریاں",2,"74 94","71:78 95:94"
"خورشید شاہد","مشاہد",18,"66 67 68 69 70 71 90 91 92 93 94 96","71:61 71:62 71:63 71:64 71:66 71:67 71:68 71:69 71:70 71:71 95:85 95:86 95:88 95:90 95:92 95:93 95:94 95:97"
"خورشید شاہد","مشتاق واہ واہ",1,"95","95:95"
"خورشید شاہد","مظہر شاہ",1,"94","95:93"
"خورشید شاہد","ٹریور",1,"95","95:95"
"خورشید شاہد","پال",1,"71","71:71"
"خورشید شاہد","پیٹر",2,"71 96","71:71 95:98"
"خورشید شاہد","چاچی مہراں",1,"98","95:101"
"خورشید شاہد","چراغ دین",1,"98","95:101"
"خورشید شاہد","چوہدری اللہ داد خان",8,"67 75 90 91 93 94 96","71:64 71:80 95:86 95:87 95:88 95:92 95:93 95:97"
"خورشید شاہد","کانی",1,"94","95:94"
"خورشید شاہد","کمال",6,"66 67 74 95","71:61 71:62 71:63 71:64 71:78 95:95"
"خورشید شاہد","کنیز",1,"95","95:95"
"خورشید شاہد","ہاتھی دانت",3,"67 71 94","71:63 71:71 95:93"
"خورشید شاہد","ہیری",2,"93 96","95:91 95:98"
"خیر دین تانگے والا","دادا جی (مشاہد کے دادا)",2,"115","114:116 115:116"
"خیر دین تانگے والا","روزی",1,"112","114:110"
"خیر دین تانگے والا","ساحِب (انگلو انڈین)",7,"111 112 113 114 117","114:109 114:110 114:111 114:112 114:114 115:114 115:120"
"خیر دین تانگے والا","سعادت حسن منٹو",6,"111 112 113 117","114:108 114:109 114:110 114:112 114:120 115:120"
"خیر دین تانگے والا","سمیعہ",1,"111","114:108"
"خیر دین تانگے والا","سور",1,"120","115:125"
"خیر دین تانگے والا","شاہ صاحب (سات پھولوں والے)",1,"112","114:111"
"خیر دین تانگے والا","شوبھا مردان",2,"117 118","114:121 115:121"
"خیر دین تانگے والا","صفیہ",1,"111","114:109"
"خیر دین تانگے والا","مردان",6,"109 110 113 114 115","114:105 114:106 114:112 114:113 114:115 115:115"
"خیر دین تانگے والا","مشاہد",9,"109 110 111 112 113 114 115","114:104 114:106 114:107 114:108 114:110 114:112 114:113 114:115 115:115"
"خیر دین تانگے والا","ملک معراج",1,"112","114:110"
"خیر دین تانگے والا","پیٹر",1,"110","114:107"
"خیر دین تانگے والا","چاچا محمد بخش",2,"114 115","114:115 115:115"
"خیر دین تانگے والا","چاچی رابیاں",1,"113","114:113"
"خیر دین تانگے والا","چوہدری اللہ داد خان",9,"109 110 112 113 114 115","114:104 114:105 114:106 114:107 114:111 114:113 114:114 115:114 115:116"
"خیر دین تانگے والا","ڈاکٹر ارشد احمد",2,"118","114:122 115:122"
"خیر دین تانگے والا","کمال",1,"111","114:108"
"داؤد احمد","دارو",1,"298","295:301"
"داؤد احمد","دانش",20,"134 135 136 340 341 342 352 353 355 357 358 472 473 475 477","135:133 135:134 135:135 137:135 137:136 340:340 341:340 341:341 342:341 342:342 353:351 353:353 357:353 357:354 357:358 358:358 472:472 475:472 475:475 480:475"
"داؤد احمد","راڈنی ایز برگ",7,"335 336 337 338 339","340:331 340:333 340:334 340:335 340:336 340:337 340:339"
"داؤد احمد","رحمان گل",24,"134 135 136 137 340 341 342 352 354 356 357 358 472 473 475 477 478 479 480","135:133 135:134 135:135 137:135 137:136 137:137 340:340 341:340 341:341 342:341 342:342 353:351 353:356 357:356 357:357 358:357 358:358 472:472 475:472 475:475 480:475 480:476 480:479 480:480"
"داؤد احمد","زاہد کالیا",7,"138 139 293 339 353 355 484","135:141 137:141 295:292 340:338 353:353 357:353 480:488"
"داؤد احمد","ساحِب (انگلو انڈین)",26,"133 140 141 292 298 335 336 338 339 340 347 352 353 355 356 359 360 468 470 474 475 478 480","135:131 135:145 137:145 295:289 295:302 340:330 340:331 340:332 340:333 340:337 340:338 340:340 341:340 342:352 353:352 353:353 357:353 357:356 357:362 358:362 472:464 472:469 472:476 475:476 480:476 480:480"
"داؤد احمد","ستار نقوی",15,"134 135 136 341 342 348 355 357 358 473 475 477","135:133 135:134 135:135 137:135 137:136 340:342 341:342 342:342 353:344 353:358 357:358 358:358 472:475 475:475 480:475"
"داؤد احمد","سعادت حسن منٹو",1,"133","135:131"
"داؤد احمد","سعید",1,"298","295:301"
"داؤد احمد","سمیعہ",1,"336","340:333"
"داؤد احمد","سور",1,"130","135:125"
"داؤد احمد","شوبھا مردان",31,"130 131 132 133 135 136 137 341 342 348 349 350 351 356 358 467 470 472 473 476 478 479 481","135:125 135:126 135:127 135:129 135:130 135:132 135:135 137:135 137:136 137:137 340:342 341:342 342:342 353:343 353:344 353:345 353:346 353:347 353:350 353:359 357:359 358:359 472:462 472:468 472:469 472:472 475:472 475:477 480:477 480:479 480:482"
"داؤد احمد","صباحت بیگم",19,"134 135 136 336 340 341 353 355 356 357 358 473 475 477 479 480","135:133 135:134 135:135 137:135 340:332 340:341 341:341 342:341 353:353 357:353 357:355 357:357 358:357 358:358 472:475 475:475 480:475 480:479 480:480"
"داؤد احمد","ظہیر الدین بابر",8,"137 138 356 358 359 475 477 479","135:140 137:140 353:360 357:360 358:360 472:479 475:479 480:479"
"داؤد احمد","عارفین بابر",9,"131 357 359 360 475 476 479 481","135:127 353:362 357:362 358:362 472:478 475:478 480:478 480:479 480:482"
"داؤد احمد","غفور",1,"298","295:302"
"داؤد احمد","فاطمہ",2,"297 337","295:299 340:335"
"داؤد احمد","مردان",39,"130 131 132 133 135 136 137 290 335 339 342 343 349 350 351 356 358 359 467 468 469 470 471 472 473 474 475 478 479 480","135:126 135:127 135:129 135:130 135:132 135:136 137:136 137:137 295:286 340:331 340:339 340:345 341:345 342:345 353:345 353:346 353:348 353:349 353:350 353:360 357:360 358:360 472:462 472:463 472:464 472:465 472:466 472:468 472:469 472:470 472:472 475:472 475:474 475:476 480:476 480:477 480:478 480:479 480:480"
"داؤد احمد","مرزا بیٹریاں",3,"477 478 481","472:482 475:482 480:482"
"داؤد احمد","مسز حسین",6,"360 361 467 472 474","357:364 358:364 472:463 472:473 475:473 475:474"
"داؤد احمد","مشائلہ",5,"335 338 339","340:331 340:336 340:337 340:338 340:339"
"داؤد احمد","مشاہد",23,"133 137 138 290 292 293 294 295 335 336 337 338 339 470 471 472 474 478 480","135:131 135:139 137:139 295:286 295:289 295:291 295:292 295:293 295:294 295:295 340:331 340:333 340:334 340:335 340:337 340:338 472:469 472:470 472:473 475:473 475:474 475:481 480:481"
"داؤد احمد","مشتاق واہ واہ",1,"134","135:133"
"داؤد احمد","مولوی احتشام الدین",5,"347 352 467 468 470","342:352 353:352 472:463 472:464 472:468"
"داؤد احمد","مہر النساء",1,"470","472:468"
"داؤد احمد","نازنین بابر",7,"131 357 359 360 475 476 479","135:127 353:362 357:362 358:362 472:478 475:478 480:478"
"داؤد احمد","نور الہدی",15,"134 135 136 341 342 348 353 355 356 473 475 477 480","135:134 135:135 137:135 137:136 340:343 341:343 342:343 353:343 353:354 357:354 357:356 472:475 475:475 480:475 480:480"
"داؤد احمد","نوراں",1,"300","295:305"
"داؤد احمد","پروفیسر مشتاق",1,"134","135:133"
"داؤد احمد","چوہدری اللہ داد خان",7,"290 335 345 346 351 468","295:286 340:331 340:350 341:350 342:350 353:350 472:465"
"داؤد احمد","ڈاکٹر ارشد احمد",4,"140 141 293 484","135:145 137:145 295:292 480:488"
"داؤد احمد","کمال",10,"299 335 336 358 360 474 475 478 482","295:303 340:330 340:332 353:363 357:363 358:363 472:476 475:476 480:476 480:484"
"داؤد احمد","کمند علی خان",21,"134 135 136 340 341 342 348 353 355 356 357 358 473 475 477 478 480","135:134 135:135 137:135 340:340 341:340 341:342 342:342 353:343 353:353 357:353 357:354 357:355 357:356 357:357 358:357 358:358 472:475 475:475 480:475 480:476 480:480"
"داؤد احمد","کنیز",1,"299","295:304"
"داؤد احمد","کیپٹن گل ریز",3,"357 359 360","353:362 357:362 358:362"
"دادا جی (مشاہد کے دادا)","روزی",1,"113","116:110"
"دادا جی (مشاہد کے دادا)","ساحِب (انگلو انڈین)",7,"112 113 114 115 118","116:109 116:110 116:111 116:112 116:114 116:120 117:120"
"دادا جی (مشاہد کے دادا)","سعادت حسن منٹو",6,"112 113 114 118","116:108 116:109 116:110 116:112 116:120 117:120"
"دادا جی (مشاہد کے دادا)","سمیعہ",1,"112","116:108"
"دادا جی (مشاہد کے دادا)","سور",2,"120 121","116:125 117:125"
"دادا جی (مشاہد کے دادا)","شاہ صاحب (سات پھولوں والے)",1,"113","116:111"
"دادا جی (مشاہد کے دادا)","شوبھا مردان",2,"118 119","116:121 117:121"
"دادا جی (مشاہد کے دادا)","صفیہ",1,"112","116:109"
"دادا جی (مشاہد کے دادا)","عارفین بابر",1,"122","117:127"
"دادا جی (مشاہد کے دادا)","مردان",7,"111 114 115 116 117","116:106 116:112 116:113 116:115 116:116 117:116 117:117"
"دادا جی (مشاہد کے دادا)","مشاہد",10,"111 112 113 114 115 116 117","116:106 116:107 116:108 116:110 116:112 116:113 116:115 116:116 117:116 117:117"
"دادا جی (مشاہد کے دادا)","ملک معراج",1,"113","116:110"
"دادا جی (مشاہد کے دادا)","نازنین بابر",1,"122","117:127"
"دادا جی (مشاہد کے دادا)","پیٹر",1,"111","116:107"
"دادا جی (مشاہد کے دادا)","چاچا محمد بخش",4,"115 116 117","116:115 116:116 117:116 117:117"
"دادا جی (مشاہد کے دادا)","چاچی رابیاں",1,"114","116:113"
"دادا جی (مشاہد کے دادا)","چوہدری اللہ داد خان",8,"111 113 114 115 116 117","116:106 116:107 116:111 116:113 116:114 116:116 117:116 117:117"
"دادا جی (مشاہد کے دادا)","ڈاکٹر ارشد احمد",2,"119","116:122 117:122"
"دادا جی (مشاہد کے دادا)","کمال",1,"112","116:108"
"دارو","راڈنی ایز برگ",10,"309 310 386 387 389 394 395 396","307:312 308:312 309:312 391:381 391:383 391:384 391:388 391:397 394:397 396:397"
"دارو","روندر/افتخار",1,"94","94:95"
"دارو","زاہد کالیا",9,"89 97 296 388 390 391 393 397 398","94:84 94:101 301:292 391:386 391:390 391:392 394:392 394:400 396:400"
"دارو","ساحِب (انگلو انڈین)",15,"92 93 94 301 304 310 311 388 389 393 394 395 396","94:91 94:93 94:94 301:302 307:302 307:313 308:313 309:313 391:386 391:387 391:388 391:395 394:395 396:395 396:397"
"دارو","ستار نقوی",2,"398 399","394:402 396:402"
"دارو","سعادت حسن منٹو",3,"92 93 94","94:91 94:93 94:94"
"دارو","سعید",3,"94 301 304","94:95 301:301 307:301"
"دارو","سمیعہ",1,"94","94:94"
"دارو","شاہ شہید",5,"93 94 393 394 395","94:93 94:94 391:395 394:395 396:395"
"دارو","شاہ صاحب (سات پھولوں والے)",9,"93 94 305 308 309 393 394 395","94:93 94:94 301:309 307:309 308:309 309:309 391:395 394:395 396:395"
"دارو","شوبھا مردان",3,"396 397 398","391:401 394:401 396:401"
"دارو","صادق",2,"94 314","94:95 309:319"
"دارو","ظہیر الدین بابر",1,"400","396:405"
"دارو","عارفین بابر",1,"400","396:405"
"دارو","غفور",3,"301 304 305","301:302 307:302 307:304"
"دارو","فاطمہ",1,"300","301:299"
"دارو","لاری صاحب",1,"93","94:93"
"دارو","ماموں ہیرس",2,"92 93","94:91 94:93"
"دارو","مردان",7,"96 386 391 392 393 397 398","94:98 391:382 391:391 394:391 394:392 394:401 396:401"
"دارو","مرزا بیٹریاں",1,"94","94:94"
"دارو","مشائلہ",9,"309 310 387 389 394 395 396","307:312 308:312 309:312 391:383 391:384 391:388 391:397 394:397 396:397"
"دارو","مشاہد",41,"89 90 91 92 93 94 296 297 298 299 300 301 304 305 306 307 308 310 386 387 388 389 391 392 393 394 395 396","94:84 94:85 94:86 94:88 94:90 94:92 94:93 94:94 301:291 301:292 301:293 301:294 301:295 301:296 301:298 301:299 301:300 301:302 307:302 307:304 307:305 307:306 307:307 308:307 308:308 309:308 309:312 391:381 391:382 391:384 391:385 391:386 391:387 391:388 391:391 394:391 394:393 394:394 396:394 396:395 396:396"
"دارو","مشتاق واہ واہ",1,"94","94:95"
"دارو","مظہر شاہ",1,"93","94:93"
"دارو","موسیقار آقا نواز",3,"311 312","307:316 308:316 309:316"
"دارو","نازنین بابر",1,"400","396:405"
"دارو","نوراں",13,"303 306 307 308 309 386 392 393 394 395","301:305 307:305 307:306 307:307 308:307 308:308 309:308 309:309 391:381 391:393 394:393 394:394 396:394"
"دارو","ٹریور",1,"94","94:95"
"دارو","پیٹر",1,"96","94:98"
"دارو","چاچی مہراں",1,"97","94:101"
"دارو","چراغ دین",1,"97","94:101"
"دارو","چوہدری اللہ داد خان",11,"90 91 93 95 310 311 386 389","94:86 94:87 94:88 94:92 94:93 94:97 307:313 308:313 309:313 391:382 391:388"
"دارو","ڈاکٹر ارشد احمد",3,"296 398 399","301:292 394:403 396:403"
"دارو","کانی",2,"89 94","94:84 94:94"
"دارو","کمال",3,"94 302 305","94:95 301:303 307:303"
"دارو","کنیز",3,"94 302 305","94:95 301:304 307:304"
"دارو","ہاتھی دانت",1,"93","94:93"
"دارو","ہیری",2,"92 96","94:91 94:98"
"دانش","راڈنی ایز برگ",8,"335 336 337 338 339 434","340:331 340:333 340:334 340:335 340:336 340:337 340:339 431:438"
"دانش","رحمان گل",23,"133 134 135 136 340 341 342 346 351 352 354 355 357 358 472 473 475","133:133 134:133 134:134 135:134 135:135 136:135 136:136 340:340 341:340 341:341 342:341 342:342 351:342 351:351 353:351 353:356 354:356 358:356 358:357 358:358 472:472 475:472 475:475"
"دانش","روزی",3,"169 173 174","168:170 177:170 177:172"
"دانش","زاہد کالیا",48,"83 137 138 164 165 166 167 168 172 173 174 175 176 177 212 215 216 217 339 352 353 415 417 418 419 421 426 427 428 429 431 503 514","82:84 133:141 134:141 135:141 136:141 168:160 168:161 168:162 168:163 168:164 168:165 168:166 168:167 168:168 177:168 177:169 177:170 177:171 177:173 177:174 177:175 177:176 177:177 217:208 217:214 217:215 217:216 217:217 340:338 351:353 353:353 354:353 420:411 420:414 420:415 420:416 420:417 420:418 420:419 420:422 431:422 431:423 431:424 431:425 431:428 431:432 504:503 512:516"
"دانش","ساحِب (انگلو انڈین)",49,"77 78 79 81 82 132 140 163 164 167 172 177 212 214 215 216 217 335 336 338 339 340 347 351 352 353 355 357 360 417 418 419 420 426 430 431 468 470 474 475 514","82:72 82:73 82:74 82:76 82:80 82:82 133:131 135:145 136:145 168:158 168:159 168:161 168:167 168:177 177:177 217:207 217:211 217:213 217:216 217:217 340:330 340:331 340:332 340:333 340:337 340:338 340:340 341:340 342:352 351:352 353:352 353:353 354:353 354:356 358:356 358:362 420:415 420:416 420:418 420:420 431:421 431:429 431:430 431:431 472:464 472:469 472:476 475:476 512:516"
"دانش","ستار نقوی",18,"133 134 135 136 341 342 346 347 354 355 356 358 473 475","133:133 134:133 134:134 135:134 135:135 136:135 136:136 340:342 341:342 342:342 351:342 351:344 351:358 353:358 354:358 358:358 472:475 475:475"
"دانش","سعادت حسن منٹو",8,"77 78 81 86 132 179 514","82:72 82:73 82:74 82:80 82:91 133:131 177:181 512:516"
"دانش","سعید",1,"219","217:222"
"دانش","سمیعہ",7,"77 81 82 212 220 336 514","82:72 82:80 82:83 217:208 217:224 340:333 512:516"
"دانش","سور",1,"129","133:125"
"دانش","شاہ شہید",1,"79","82:76"
"دانش","شاہ صاحب (سات پھولوں والے)",1,"79","82:76"
"دانش","شوبھا مردان",39,"128 129 130 131 132 134 135 136 341 342 346 347 348 349 350 355 356 358 415 420 426 427 434 467 470 472 473 476 516","133:123 133:124 133:125 133:126 133:127 133:129 133:130 133:132 133:135 134:135 135:135 136:135 136:136 340:342 341:342 342:342 351:342 351:343 351:344 351:345 351:346 351:347 351:350 351:359 353:359 354:359 358:359 420:410 420:421 431:421 431:424 431:438 472:462 472:468 472:469 472:472 475:472 475:477 512:520"
"دانش","صباحت بیگم",19,"133 134 135 336 340 341 352 353 354 356 357 358 473 475","133:133 134:133 134:134 135:134 135:135 136:135 340:332 340:341 341:341 342:341 351:353 353:353 354:353 354:355 358:355 358:357 358:358 472:475 475:475"
"دانش","صفیہ",3,"77 78 514","82:73 82:74 512:516"
"دانش","ظہیر الدین بابر",14,"136 137 138 163 355 356 357 359 415 433 475 477","133:140 134:140 135:140 136:140 168:158 168:159 351:360 353:360 354:360 358:360 420:410 431:436 472:479 475:479"
"دانش","عارفین بابر",8,"130 163 357 358 360 415 475 476","133:127 168:159 353:362 354:362 358:362 420:410 472:478 475:478"
"دانش","فاطمہ",10,"337 434 499 500 502 506 510 511 512","340:335 431:437 504:495 504:496 504:500 504:501 504:508 512:508 512:510 512:512"
"دانش","مالی شریف",4,"425 430 506 510","420:430 431:430 504:509 512:509"
"دانش","ماموں ہیرس",1,"86","82:91"
"دانش","محمد غنی چیمہ",1,"79","82:77"
"دانش","مردان",61,"77 128 129 130 131 132 134 135 136 163 166 172 176 335 339 342 343 348 349 350 355 356 357 359 415 416 420 426 427 428 430 431 467 468 469 470 471 472 473 474 475 499 502 504 508 509 510 512","82:73 133:123 133:124 133:126 133:127 133:129 133:130 133:132 133:136 134:136 135:136 136:136 168:158 168:159 168:164 168:176 177:176 340:331 340:339 340:345 341:345 342:345 351:345 351:346 351:348 351:349 351:350 351:360 353:360 354:360 358:360 420:410 420:412 420:420 431:421 431:422 431:423 431:424 431:425 431:430 431:431 472:462 472:463 472:464 472:465 472:466 472:468 472:469 472:470 472:472 475:472 475:474 475:476 504:494 504:501 504:505 512:505 512:506 512:507 512:508 512:512"
"دانش","مرزا بیٹریاں",3,"80 477 478","82:78 472:482 475:482"
"دانش","مسز حسین",11,"359 361 415 416 420 426 431 467 472 474","354:364 358:364 420:410 420:412 420:420 431:421 431:431 472:463 472:473 475:473 475:474"
"دانش","مشائلہ",7,"335 338 339 425 430","340:331 340:336 340:337 340:338 340:339 420:430 431:430"
"دانش","مشاہد",77,"77 78 79 80 81 82 128 132 136 137 164 166 167 168 172 173 174 175 176 177 212 213 214 215 218 335 336 337 338 339 415 419 422 427 428 429 430 431 470 471 472 474 478 499 500 501 502 503 504 508 509 510 511 513","82:72 82:73 82:74 82:76 82:77 82:78 82:79 82:80 82:81 82:83 133:124 133:131 133:139 134:139 135:139 136:139 168:160 168:161 168:164 168:167 168:168 177:168 177:169 177:170 177:171 177:172 177:173 177:174 177:176 177:177 217:207 217:208 217:209 217:210 217:212 217:214 217:219 340:331 340:333 340:334 340:335 340:337 340:338 420:411 420:418 420:419 420:424 431:424 431:425 431:427 431:428 431:429 431:430 431:431 472:469 472:470 472:473 475:473 475:474 475:481 504:494 504:495 504:496 504:497 504:498 504:499 504:500 504:501 504:502 504:504 512:504 512:506 512:507 512:508 512:509 512:510 512:515"
"دانش","مشتاق واہ واہ",2,"133","133:133 134:133"
"دانش","مولوی احتشام الدین",6,"347 351 352 467 468 470","342:352 351:352 353:352 472:463 472:464 472:468"
"دانش","مہر النساء",1,"470","472:468"
"دانش","نازنین بابر",8,"130 163 357 358 360 415 475 476","133:127 168:159 353:362 354:362 358:362 420:410 472:478 475:478"
"دانش","نمبردار اللہ دوایا",11,"417 418 419 420 426 427 428 434","420:415 420:416 420:417 420:419 420:421 431:421 431:422 431:423 431:424 431:425 431:438"
"دانش","نور الہدی",17,"133 134 135 136 341 342 347 352 353 354 356 357 473 475","133:134 134:134 135:134 135:135 136:135 136:136 340:343 341:343 342:343 351:343 351:354 353:354 354:354 358:354 358:356 472:475 475:475"
"دانش","پال",1,"503","504:503"
"دانش","پروفیسر مشتاق",2,"133","133:133 134:133"
"دانش","پیٹر",2,"81 213","82:81 217:209"
"دانش","چراغ دین",1,"214","217:211"
"دانش","چوہدری اللہ داد خان",14,"81 84 128 212 213 335 345 346 350 419 420 468 517","82:80 82:86 133:124 217:207 217:209 340:331 340:350 341:350 342:350 351:350 420:419 420:420 472:465 512:522"
"دانش","ڈاکٹر ارشد احمد",17,"140 164 168 172 173 177 215 216 217 422 427 428 431 499","135:145 136:145 168:161 168:168 177:168 177:169 177:170 177:178 217:214 217:215 217:218 420:424 431:424 431:425 431:432 504:494 504:495"
"دانش","کانی",1,"83","82:84"
"دانش","کمال",19,"80 81 168 172 179 214 215 216 217 335 336 358 360 474 475 514","82:78 82:79 82:81 168:168 177:168 177:181 217:211 217:213 217:214 217:216 217:217 340:330 340:332 353:363 354:363 358:363 472:476 475:476 512:517"
"دانش","کمند علی خان",22,"133 134 135 340 341 342 346 347 352 353 354 356 357 358 473 475","133:134 134:134 135:134 135:135 136:135 340:340 341:340 341:342 342:342 351:342 351:343 351:353 353:353 354:353 354:354 358:354 358:355 358:356 358:357 358:358 472:475 475:475"
"دانش","کیپٹن گل ریز",3,"357 358 360","353:362 354:362 358:362"
"دانش","ہیری",1,"86","82:91"
"راڈنی ایز برگ","رحمان گل",7,"335 336 337 338 339","331:340 333:340 334:340 335:340 336:340 337:340 339:340"
"راڈنی ایز برگ","زاہد کالیا",30,"324 325 326 327 329 334 335 336 337 338 383 384 385 387 389 393 394 398 399 433 435 436 437","320:328 321:328 322:328 325:328 326:328 331:328 331:338 333:338 334:338 335:338 336:338 337:338 339:338 381:386 383:386 384:386 388:386 388:390 397:390 397:392 397:400 398:400 399:400 438:428 438:432 438:433 438:434 438:435 438:436 438:437"
"راڈنی ایز برگ","ساحِب (انگلو انڈین)",45,"307 312 316 317 318 322 323 325 326 328 329 330 331 332 333 335 336 337 338 339 377 383 384 385 387 388 392 396 397 402 433 434 436","312:302 312:313 320:313 320:315 320:317 320:325 321:325 322:325 325:325 326:325 326:326 331:326 331:328 331:329 331:330 331:331 333:331 333:332 333:333 334:333 334:337 335:337 336:337 337:337 339:337 339:338 339:340 381:373 381:374 381:386 383:386 384:386 388:386 388:387 388:388 397:388 397:395 397:397 398:397 398:406 399:406 438:429 438:430 438:431 438:435"
"راڈنی ایز برگ","ستار نقوی",11,"337 338 339 340 377 379 399 400","333:342 334:342 335:342 336:342 337:342 339:342 381:374 381:377 397:402 398:402 399:402"
"راڈنی ایز برگ","سمیعہ",5,"329 332 333","325:333 326:333 331:333 333:333 334:333"
"راڈنی ایز برگ","شاہ شہید",2,"391 396","388:395 397:395"
"راڈنی ایز برگ","شاہ صاحب (سات پھولوں والے)",3,"310 391 396","312:309 388:395 397:395"
"راڈنی ایز برگ","شوبھا مردان",17,"337 338 339 340 376 377 378 379 380 399 400 438","333:342 334:342 335:342 336:342 337:342 339:342 381:371 381:373 381:374 381:375 381:376 381:377 381:379 397:401 398:401 399:401 438:438"
"راڈنی ایز برگ","صادق",2,"315 319","312:319 320:319"
"راڈنی ایز برگ","صباحت بیگم",11,"327 328 329 331 332 337 338 339 340","322:332 325:332 326:332 331:332 333:332 333:341 334:341 335:341 336:341 337:341 339:341"
"راڈنی ایز برگ","ظہیر الدین بابر",6,"379 401 402 437","381:377 381:378 397:405 398:405 399:405 438:436"
"راڈنی ایز برگ","عارفین بابر",8,"376 378 379 380 401 402","381:371 381:376 381:377 381:378 381:379 397:405 398:405 399:405"
"راڈنی ایز برگ","غفور",2,"307 308","312:302 312:304"
"راڈنی ایز برگ","فاطمہ",15,"330 333 334 335 437 438 444 445 446 450","325:335 326:335 331:335 333:335 334:335 335:335 336:335 438:437 438:439 449:439 449:441 449:442 449:443 449:444 449:451"
"راڈنی ایز برگ","مالی شریف",1,"434","438:430"
"راڈنی ایز برگ","مردان",40,"316 320 321 323 325 328 331 332 336 337 338 339 376 377 378 379 380 381 382 387 389 394 399 400 434 436 442 447 449","312:321 320:321 321:321 322:321 322:325 325:325 326:325 326:331 331:331 333:331 333:339 334:339 335:339 336:339 337:339 339:339 381:371 381:373 381:374 381:375 381:376 381:377 381:378 381:379 381:382 383:382 383:391 384:391 388:391 397:391 397:392 397:401 398:401 399:401 438:430 438:431 438:435 438:446 449:446 449:449"
"راڈنی ایز برگ","مسز حسین",2,"434 435","438:431 438:432"
"راڈنی ایز برگ","مشائلہ",38,"312 316 320 321 322 323 324 325 326 328 331 332 334 335 336 337 338 339 382 383 384 386 388 392 397 398 399 434","312:312 320:312 320:320 321:320 321:321 322:321 322:322 325:322 325:323 325:324 325:325 326:325 326:326 331:326 331:331 333:331 333:336 334:336 335:336 336:336 337:336 337:337 339:337 339:338 339:339 381:383 383:383 384:383 384:384 388:384 388:388 397:388 397:397 398:397 398:398 399:398 399:399 438:430"
"راڈنی ایز برگ","مشاہد",72,"307 308 309 310 312 316 317 318 319 320 321 322 323 324 325 326 328 331 332 333 334 335 336 337 338 381 382 383 384 386 387 388 392 394 395 396 397 398 399 433 434 435 438 444 445 446 447 448 449","312:302 312:304 312:305 312:306 312:307 312:308 312:312 320:312 320:313 320:314 320:316 320:317 320:318 320:319 320:320 321:320 321:321 322:321 322:322 325:322 325:324 325:325 326:325 326:326 331:326 331:331 333:331 333:333 334:333 334:334 335:334 335:335 336:335 336:337 337:337 339:337 339:338 381:381 383:381 383:382 383:384 384:384 388:384 388:385 388:386 388:387 388:388 397:388 397:391 397:393 397:394 397:395 397:396 397:397 398:397 398:399 399:399 438:428 438:429 438:430 438:431 438:433 438:438 449:439 449:441 449:442 449:443 449:444 449:446 449:447 449:448 449:449"
"راڈنی ایز برگ","موسیقار آقا نواز",4,"314 318 319","312:316 320:316 320:317 320:318"
"راڈنی ایز برگ","نازنین بابر",7,"376 379 380 401 402","381:371 381:377 381:378 381:379 397:405 398:405 399:405"
"راڈنی ایز برگ","نمبردار اللہ دوایا",3,"403 438","398:408 399:408 438:438"
"راڈنی ایز برگ","نور الہدی",6,"338 339 340 341","333:343 334:343 335:343 336:343 337:343 339:343"
"راڈنی ایز برگ","نوراں",12,"308 309 310 381 382 388 390 395","312:305 312:306 312:307 312:308 312:309 381:381 383:381 383:393 384:393 388:393 397:393 397:394"
"راڈنی ایز برگ","چوہدری اللہ داد خان",17,"312 316 326 328 331 332 381 382 385 386 388 392 402 403","312:313 320:313 321:331 322:331 325:331 326:331 331:331 333:331 381:382 383:382 383:388 384:388 388:388 397:388 397:407 398:407 399:407"
"راڈنی ایز برگ","ڈاکٹر ارشد احمد",8,"400 401 435 436 437","397:403 398:403 399:403 438:432 438:433 438:434 438:435 438:436"
"راڈنی ایز برگ","کمال",11,"307 324 325 326 327 329 330 331 332","312:303 320:328 321:328 322:328 325:328 326:328 331:328 331:329 331:330 331:332 333:332"
"راڈنی ایز برگ","کمند علی خان",7,"335 336 337 338 339","331:340 333:340 334:340 335:340 336:340 337:340 339:340"
"راڈنی ایز برگ","کنیز",1,"308","312:304"
"رحمان گل","زاہد کالیا",11,"137 138 139 339 352 354 483 484 489","133:141 134:141 135:141 136:141 137:141 340:338 351:353 356:353 479:488 480:488 491:488"
"رحمان گل","ساحِب (انگلو انڈین)",34,"132 140 141 335 336 338 339 340 347 351 354 356 359 360 462 468 470 474 475 476 477 479 480 486 487 488","133:131 135:145 136:145 137:145 340:330 340:331 340:332 340:333 340:337 340:338 340:340 341:340 342:352 351:352 356:352 356:353 356:356 357:356 357:362 358:362 359:362 461:464 472:464 472:469 472:476 475:476 476:476 479:476 479:480 480:480 491:482 491:484 491:485 491:486"
"رحمان گل","ستار نقوی",22,"133 134 135 136 341 342 346 347 354 357 358 359 473 475","133:133 134:133 134:134 135:134 135:135 136:135 136:136 137:136 340:342 341:342 342:342 351:342 351:344 351:358 356:358 357:358 358:358 359:358 359:360 472:475 475:475 476:475"
"رحمان گل","سعادت حسن منٹو",1,"132","133:131"
"رحمان گل","سمیعہ",1,"336","340:333"
"رحمان گل","سور",1,"129","133:125"
"رحمان گل","شوبھا مردان",49,"128 129 130 131 132 134 135 136 137 341 342 346 347 348 349 350 355 357 358 359 461 467 470 472 473 476 478 479 481 486 487 488 489 491","133:123 133:124 133:125 133:126 133:127 133:129 133:130 133:132 133:135 134:135 135:135 136:135 136:136 137:136 137:137 340:342 341:342 342:342 351:342 351:343 351:344 351:345 351:346 351:347 351:350 351:359 356:359 357:359 358:359 359:359 461:461 472:462 472:468 472:469 472:472 475:472 475:477 476:477 479:477 479:479 480:479 480:482 491:482 491:483 491:484 491:485 491:486 491:487 491:491"
"رحمان گل","صباحت بیگم",25,"133 134 135 336 340 341 352 354 355 356 357 358 473 475 477 479 480","133:133 134:133 134:134 135:134 135:135 136:135 340:332 340:341 341:341 342:341 351:353 356:353 356:355 356:357 357:357 358:357 358:358 359:358 472:475 475:475 476:475 476:479 479:479 480:479 480:480"
"رحمان گل","ظہیر الدین بابر",15,"136 137 138 355 358 359 475 477 479","133:140 134:140 135:140 136:140 137:140 351:360 356:360 357:360 358:360 359:360 472:479 475:479 476:479 479:479 480:479"
"رحمان گل","عارفین بابر",13,"130 359 360 475 476 477 478 479 481 486","133:127 356:362 357:362 358:362 359:362 472:478 475:478 476:478 479:478 479:479 480:479 480:482 491:482"
"رحمان گل","فاطمہ",9,"337 456 457 458 459 460 491","340:335 461:451 461:453 461:455 461:456 461:457 461:458 461:459 491:492"
"رحمان گل","مردان",55,"128 129 130 131 132 134 135 136 137 335 339 342 343 348 349 350 355 358 359 456 460 461 467 468 469 470 471 472 473 474 475 476 477 478 479 480 487 488 489 491","133:123 133:124 133:126 133:127 133:129 133:130 133:132 133:136 134:136 135:136 136:136 137:136 137:137 340:331 340:339 340:345 341:345 342:345 351:345 351:346 351:348 351:349 351:350 351:360 356:360 357:360 358:360 359:360 461:452 461:460 461:461 472:462 472:463 472:464 472:465 472:466 472:468 472:469 472:470 472:472 475:472 475:474 475:476 476:476 479:476 479:477 479:478 479:479 480:479 480:480 491:484 491:485 491:486 491:487 491:491"
"رحمان گل","مرزا بیٹریاں",6,"477 478 479 480 481 486","472:482 475:482 476:482 479:482 480:482 491:482"
"رحمان گل","مسز حسین",10,"360 361 460 462 467 472 474","356:364 357:364 358:364 359:364 461:460 461:463 472:463 472:473 475:473 475:474"
"رحمان گل","مشائلہ",5,"335 338 339","340:331 340:336 340:337 340:338 340:339"
"رحمان گل","مشاہد",36,"128 132 136 137 138 335 336 337 338 339 456 457 458 459 460 465 470 471 472 474 478 480 486 490 491","133:124 133:131 133:139 134:139 135:139 136:139 137:139 340:331 340:333 340:334 340:335 340:337 340:338 461:451 461:452 461:453 461:454 461:455 461:456 461:457 461:458 461:459 461:460 461:469 472:469 472:470 472:473 475:473 475:474 475:481 476:481 479:481 480:481 491:481 491:490 491:492"
"رحمان گل","مشتاق واہ واہ",2,"133","133:133 134:133"
"رحمان گل","مولوی احتشام الدین",7,"347 351 354 462 467 468 470","342:352 351:352 356:352 461:463 472:463 472:464 472:468"
"رحمان گل","مہر النساء",2,"464 470","461:468 472:468"
"رحمان گل","نازنین بابر",9,"130 359 360 475 476 477 478","133:127 356:362 357:362 358:362 359:362 472:478 475:478 476:478 479:478"
"رحمان گل","نور الہدی",21,"133 134 135 136 341 342 347 352 355 356 473 475 478 479 480","133:134 134:134 135:134 135:135 136:135 136:136 137:136 340:343 341:343 342:343 351:343 351:354 356:354 356:356 357:356 472:475 475:475 476:475 476:480 479:480 480:480"
"رحمان گل","نوراں",1,"364","359:369"
"رحمان گل","پروفیسر مشتاق",2,"133","133:133 134:133"
"رحمان گل","چوہدری اللہ داد خان",8,"128 335 345 346 350 463 468","133:124 340:331 340:350 341:350 342:350 351:350 461:465 472:465"
"رحمان گل","ڈاکٹر ارشد احمد",8,"140 141 483 484 489 490 492","135:145 136:145 137:145 479:488 480:488 491:488 491:489 491:493"
"رحمان گل","کمال",15,"335 336 359 360 361 474 475 476 477 481 482 487 488","340:330 340:332 356:363 357:363 358:363 359:363 472:476 475:476 476:476 479:476 479:484 480:484 491:484 491:485 491:486"
"رحمان گل","کمند علی خان",28,"133 134 135 340 341 342 346 347 352 354 355 356 357 358 473 475 476 477 479 480","133:134 134:134 135:134 135:135 136:135 340:340 341:340 341:342 342:342 351:342 351:343 351:353 356:353 356:354 356:355 356:356 357:356 357:357 358:357 358:358 359:358 472:475 475:475 476:475 476:476 479:476 479:480 480:480"
"رحمان گل","کیپٹن گل ریز",4,"359 360","356:362 357:362 358:362 359:362"
"روزی","زاہد کالیا",28,"105 165 166 167 168 169 170 171 172 186 187 188 190 191 192 193 560 561","110:101 170:160 170:161 170:162 170:163 170:164 170:165 170:166 170:167 170:168 170:169 170:170 172:170 172:171 172:173 191:182 191:183 191:184 191:185 191:189 191:190 191:191 193:191 193:193 565:555 565:556 565:557 565:558"
"روزی","ساحِب (انگلو انڈین)",17,"109 110 165 168 173 174 186 187 188 189 196 197 565","110:109 110:110 170:161 170:167 170:177 172:177 191:181 191:182 191:183 191:184 191:185 191:186 191:187 191:188 191:201 193:201 565:566"
"روزی","سعادت حسن منٹو",5,"109 110 176 186","110:108 110:109 110:110 172:181 191:181"
"روزی","سمیعہ",1,"109","110:108"
"روزی","شاہ صاحب (سات پھولوں والے)",1,"110","110:111"
"روزی","شوبھا مردان",4,"563 564 565","565:562 565:563 565:564 565:566"
"روزی","صفیہ",1,"109","110:109"
"روزی","ظہیر الدین بابر",1,"564","565:563"
"روزی","عارفین بابر",4,"563 564 565","565:562 565:563 565:564 565:566"
"روزی","عاشق علی",1,"566","565:568"
"روزی","فاطمہ",2,"562 568","565:560 565:571"
"روزی","مردان",13,"107 108 111 167 173 174 191 192 563 564 565","110:105 110:106 110:112 170:164 170:176 172:176 191:192 193:192 565:561 565:562 565:563 565:564 565:566"
"روزی","مشاہد",29,"107 108 109 110 165 167 168 169 170 171 172 190 191 192 193 560 561 562 563 568","110:104 110:106 110:107 110:108 110:110 170:160 170:161 170:164 170:167 170:168 170:169 170:170 172:170 172:171 172:172 191:189 191:190 191:191 193:191 193:192 193:193 565:555 565:556 565:557 565:558 565:560 565:561 565:562 565:571"
"روزی","ملک معراج",1,"110","110:110"
"روزی","نازنین بابر",1,"564","565:563"
"روزی","پیٹر",1,"108","110:107"
"روزی","چاچا محمد بخش",1,"112","110:115"
"روزی","چاچی رابیاں",1,"111","110:113"
"روزی","چاچی مہراں",1,"105","110:101"
"روزی","چراغ دین",4,"105 106 189","110:101 110:102 110:103 191:188"
"روزی","چوہدری اللہ داد خان",7,"105 107 108 110 568","110:100 110:104 110:105 110:106 110:107 110:111 565:572"
"روزی","ڈاکٹر ارشد احمد",12,"165 169 170 171 175 187 190 191 192 194","170:161 170:168 170:169 170:170 172:170 172:178 191:183 191:189 191:190 191:192 193:192 193:195"
"روزی","کمال",13,"109 169 176 186 187 188 189 196 197","110:108 170:168 172:181 191:181 191:182 191:183 191:184 191:185 191:186 191:187 191:188 191:201 193:201"
"روزی","کیپٹن خانزادہ",2,"564 566","565:564 565:568"
"روزی","کیپٹن گل ریز",2,"563 566","565:562 565:568"
"روندر/افتخار","زاہد کالیا",1,"98","95:101"
"روندر/افتخار","ساحِب (انگلو انڈین)",4,"93 94 95","95:91 95:93 95:94 95:96"
"روندر/افتخار","سعادت حسن منٹو",4,"93 94 96","95:91 95:93 95:94 95:97"
"روندر/افتخار","سعید",1,"95","95:95"
"روندر/افتخار","سمیعہ",1,"94","95:94"
"روندر/افتخار","شاہ شہید",2,"94","95:93 95:94"
"روندر/افتخار","شاہ صاحب (سات پھولوں والے)",2,"94","95:93 95:94"
"روندر/افتخار","صادق",1,"95","95:95"
"روندر/افتخار","لاری صاحب",1,"94","95:93"
"روندر/افتخار","ماموں ہیرس",2,"93 94","95:91 95:93"
"روندر/افتخار","مردان",1,"96","95:98"
"روندر/افتخار","مرزا بیٹریاں",1,"94","95:94"
"روندر/افتخار","مشاہد",8,"90 91 92 93 94 96","95:85 95:86 95:88 95:90 95:92 95:93 95:94 95:97"
"روندر/افتخار","مشتاق واہ واہ",1,"95","95:95"
"روندر/افتخار","مظہر شاہ",1,"94","95:93"
"روندر/افتخار","ٹریور",1,"95","95:95"
"روندر/افتخار","پیٹر",1,"96","95:98"
"روندر/افتخار","چاچی مہراں",1,"98","95:101"
"روندر/افتخار","چراغ دین",1,"98","95:101"
"روندر/افتخار","چوہدری اللہ داد خان",6,"90 91 93 94 96","95:86 95:87 95:88 95:92 95:93 95:97"
"روندر/افتخار","کانی",1,"94","95:94"
"روندر/افتخار","کمال",1,"95","95:95"
"روندر/افتخار","کنیز",1,"95","95:95"
"روندر/افتخار","ہاتھی دانت",1,"94","95:93"
"روندر/افتخار","ہیری",2,"93 96","95:91 95:98"
"زاہد کالیا","ساحِب (انگلو انڈین)",167,"6 7 15 16 20 79 80 82 83 87 96 97 98 99 105 136 143 144 145 148 149 150 151 154 156 157 159 160 161 164 165 166 167 172 173 174 175 176 177 179 180 181 182 183 184 185 187 188 196 197 198 199 200 201 204 205 207 209 212 213 215 216 217 218 219 241 290 297 326 327 328 333 334 335 337 338 352 353 386 388 389 392 393 397 398 403 404 408 409 413 414 415 416 417 418 419 421 425 426 427 428 430 431 433 434 435 484 485 486 487 516 520 523 528 529 530 531 541 542 547 548 561 562","1:11 2:11 4:11 19:11 19:13 19:21 84:74 84:76 84:80 84:82 84:91 101:91 101:93 101:94 101:96 101:98 101:109 141:131 141:145 142:145 144:145 145:145 146:145 146:150 147:150 148:150 149:150 150:150 152:150 152:156 157:156 157:158 160:158 160:159 160:161 161:161 162:161 162:167 163:167 164:167 165:167 166:167 167:167 168:167 168:177 169:177 170:177 171:177 173:177 174:177 175:177 176:177 177:177 178:177 178:181 179:181 182:181 182:182 183:182 183:183 184:183 184:184 185:184 185:185 189:185 189:186 189:187 189:188 191:201 193:201 194:201 195:201 197:201 198:201 199:201 200:201 201:201 208:201 208:202 208:206 208:207 208:211 214:211 214:213 214:216 215:216 216:216 217:216 217:217 218:217 218:219 219:219 237:246 292:289 292:302 328:325 328:326 328:328 338:328 338:329 338:330 338:331 338:332 338:333 338:337 338:338 353:352 353:353 386:386 390:386 390:387 390:388 390:395 392:395 400:395 400:397 400:406 402:406 403:406 411:406 411:408 411:415 414:415 415:415 416:415 416:416 417:416 417:418 418:418 419:418 419:420 422:420 422:421 422:429 423:429 424:429 425:429 428:429 432:429 432:430 432:431 432:435 433:435 434:435 435:435 436:435 488:480 488:482 488:484 488:485 488:486 516:516 525:516 525:522 525:531 526:531 527:531 529:531 530:531 532:531 540:543 541:543 551:543 551:546 556:566 557:566 558:566"
"زاہد کالیا","ستار نقوی",12,"137 138 340 348 355 381 397 401 402","141:133 141:134 141:135 141:136 338:342 353:344 353:358 386:377 392:402 400:402 402:402 403:402"
"زاہد کالیا","سعادت حسن منٹو",28,"20 79 82 87 96 97 99 104 136 176 177 178 179 180 181 201 202 203 207 516 520 523","19:21 84:74 84:80 84:91 101:91 101:93 101:94 101:97 101:108 141:131 171:181 173:181 174:181 175:181 176:181 177:181 178:181 179:181 182:181 197:206 198:206 199:206 200:206 201:206 208:206 516:516 525:516 525:522"
"زاہد کالیا","سعید",12,"21 98 218 219 220 235 236 238 296","19:23 101:95 214:222 215:222 216:222 217:222 218:222 219:222 237:233 237:235 237:239 292:301"
"زاہد کالیا","سمیعہ",31,"20 82 83 89 97 104 200 201 202 203 206 207 208 211 219 220 221 330 335 516 520 521 523 544 549","19:21 84:80 84:83 84:94 101:94 101:108 195:205 197:205 198:205 199:205 200:205 201:205 208:205 208:206 208:208 214:208 214:224 215:224 216:224 217:224 218:224 219:224 328:333 338:333 516:516 525:516 525:517 525:522 540:548 541:548 551:548"
"زاہد کالیا","سور",15,"6 7 15 144 145 146 147 148 520 525","1:11 2:11 4:11 19:11 141:148 142:148 144:148 145:148 146:148 147:148 148:148 149:148 516:525 525:525 526:525"
"زاہد کالیا","شاہ شہید",8,"80 88 97 390 392 393 397","84:76 84:93 101:93 101:94 386:395 390:395 392:395 400:395"
"زاہد کالیا","شاہ صاحب (سات پھولوں والے)",9,"80 88 97 106 390 392 393 397","84:76 84:93 101:93 101:94 101:111 386:395 390:395 392:395 400:395"
"زاہد کالیا","شوبھا مردان",90,"136 138 139 140 146 147 148 149 150 151 152 155 340 348 349 350 351 356 381 382 396 400 401 402 403 407 408 409 410 416 417 418 419 420 421 423 424 433 435 436 437 483 485 486 487 489 518 522 530 531 532 533 537 538 539 546 551 553 558 559 560","141:132 141:135 141:136 141:137 141:138 141:139 141:140 141:151 142:151 144:151 145:151 146:151 147:151 148:151 149:151 150:151 152:151 152:153 157:153 157:154 338:342 353:343 353:344 353:345 353:346 353:347 353:350 353:359 386:376 386:377 386:379 392:401 400:401 402:401 402:402 403:402 403:404 411:404 411:405 411:406 411:407 411:408 411:409 411:410 411:421 414:421 415:421 416:421 417:421 418:421 419:421 422:421 422:424 423:424 424:424 425:424 428:438 432:438 433:438 434:438 435:438 436:438 437:438 488:479 488:482 488:483 488:484 488:485 488:486 488:487 488:491 516:520 525:520 525:535 526:535 527:535 529:535 530:535 532:535 540:535 540:536 540:537 540:538 541:551 551:551 555:551 555:562 556:562 557:562 558:562"
"زاہد کالیا","صادق",2,"98 323","101:95 328:319"
"زاہد کالیا","صباحت بیگم",9,"137 138 330 335 339 353 483 484","141:133 141:134 141:135 328:332 338:332 338:341 353:353 488:479 488:480"
"زاہد کالیا","صفیہ",6,"20 79 105 516 520 523","19:21 84:74 101:109 516:516 525:516 525:522"
"زاہد کالیا","ظہیر الدین بابر",49,"19 140 146 147 148 149 150 151 152 155 156 157 158 159 356 381 382 402 403 404 408 410 432 434 435 436 483 530 531 532 533 537 539 559 560","19:20 141:140 141:151 142:151 144:151 145:151 146:151 147:151 148:151 149:151 150:151 152:151 152:153 157:153 157:154 157:155 157:156 157:157 160:157 160:158 160:159 353:360 386:377 386:378 400:405 402:405 403:405 411:405 411:410 428:436 432:436 433:436 434:436 435:436 436:436 437:436 488:479 525:535 526:535 527:535 529:535 530:535 532:535 540:535 540:538 555:563 556:563 557:563 558:563"
"زاہد کالیا","عارفین بابر",41,"149 150 151 152 153 155 156 157 158 159 357 381 382 402 403 404 408 410 483 485 530 531 532 533 537 538 558 559 560","144:154 145:154 146:154 147:154 148:154 149:154 150:154 152:154 157:154 157:155 157:156 157:157 160:157 160:159 353:362 386:376 386:377 386:378 386:379 400:405 402:405 403:405 411:405 411:406 411:409 411:410 488:478 488:479 488:482 525:535 526:535 527:535 529:535 530:535 532:535 540:535 540:537 555:562 556:562 557:562 558:562"
"زاہد کالیا","عاشق علی",1,"563","558:568"
"زاہد کالیا","غفور",1,"297","292:302"
"زاہد کالیا","فاطمہ",59,"240 269 287 295 331 336 432 434 435 436 437 490 499 501 502 505 512 513 514 517 521 522 523 524 527 528 529 530 531 533 537 539 540 541 546 547 548 549 550 551 553 557 558 559","237:244 267:271 292:282 292:299 328:335 338:335 428:437 432:437 433:437 434:437 435:437 436:437 437:437 488:492 503:495 503:496 503:500 503:501 503:508 516:508 516:510 516:512 516:518 525:518 525:519 525:520 525:521 525:522 525:523 525:529 526:529 527:529 529:529 530:529 530:531 532:531 532:535 540:535 540:539 540:540 541:540 541:541 551:541 551:542 551:543 551:544 551:545 551:546 551:547 551:548 551:549 551:550 551:551 555:551 555:552 555:560 556:560 557:560 558:560"
"زاہد کالیا","لاری صاحب",2,"88 97","84:93 101:93"
"زاہد کالیا","مالی شریف",14,"426 427 429 431 506 512 519 524 541 542 547","422:430 423:430 424:430 425:430 428:430 432:430 503:509 516:509 516:523 525:523 540:543 541:543 551:543 551:544"
"زاہد کالیا","ماموں ہیرس",3,"87 96 97","84:91 101:91 101:93"
"زاہد کالیا","محمد غنی چیمہ",1,"80","84:77"
"زاہد کالیا","مردان",157,"20 99 103 136 138 139 140 144 145 146 147 149 150 151 152 155 156 157 158 159 162 163 164 171 172 173 174 175 176 187 188 190 191 192 238 289 324 326 329 334 338 349 350 351 356 381 382 384 388 390 391 392 396 400 401 402 403 407 408 409 410 411 413 417 418 419 421 422 423 424 425 426 429 431 433 434 435 441 483 484 486 487 489 498 502 504 511 512 514 518 522 523 528 529 530 531 532 536 537 538 539 540 546 551 553 558 559","19:21 101:98 101:105 141:132 141:136 141:137 141:138 141:139 141:140 141:147 142:147 144:147 145:147 146:147 147:147 148:147 148:151 149:151 150:151 152:151 152:153 157:153 157:154 157:155 157:156 157:157 160:157 160:158 160:159 160:164 161:164 162:164 163:164 164:164 165:164 166:176 167:176 168:176 169:176 170:176 171:176 173:176 174:176 175:176 176:176 177:176 182:192 183:192 184:192 185:192 189:192 190:192 191:192 193:192 237:240 292:286 328:321 328:325 328:331 338:331 338:339 353:345 353:346 353:348 353:349 353:350 353:360 386:376 386:377 386:378 386:379 386:382 386:391 390:391 392:391 392:392 400:392 400:401 402:401 402:402 403:402 403:404 411:404 411:405 411:406 411:407 411:408 411:409 411:410 411:412 414:412 414:420 415:420 416:420 417:420 418:420 419:420 422:420 422:421 422:422 423:422 423:423 424:423 424:424 425:424 425:425 428:425 428:430 432:430 432:431 432:435 433:435 434:435 435:435 436:435 436:446 437:446 488:478 488:479 488:480 488:484 488:485 488:486 488:487 488:491 503:494 503:501 503:505 516:506 516:507 516:508 516:512 516:520 525:520 525:522 525:531 526:531 527:531 529:531 530:531 532:531 532:533 540:533 540:535 540:536 540:537 540:538 540:539 540:540 541:540 541:551 551:551 555:551 555:561 556:561 557:561 558:561"
"زاہد کالیا","مرزا بیٹریاں",4,"81 89 97 485","84:78 84:94 101:94 488:482"
"زاہد کالیا","مسز حسین",22,"405 406 410 411 413 417 418 419 421 426 427 428 429 431 432","400:410 402:410 403:410 411:410 411:412 414:412 414:420 415:420 416:420 417:420 418:420 419:420 422:420 422:421 422:431 423:431 424:431 425:431 428:431 432:431 432:432 433:432"
"زاہد کالیا","مشائلہ",27,"324 325 326 327 329 334 337 338 384 385 387 389 393 394 398 399 426 427 429 431","328:320 328:321 328:322 328:323 328:324 328:325 328:326 328:331 338:331 338:336 338:337 338:338 386:383 386:384 386:388 390:388 390:397 392:397 400:397 400:398 400:399 422:430 423:430 424:430 425:430 428:430 432:430"
"زاہد کالیا","مشاہد",291,"1 2 3 4 14 16 17 18 19 79 80 81 82 83 84 96 97 99 100 102 136 140 141 142 143 144 145 146 147 148 149 151 152 154 158 160 161 163 164 166 167 168 169 170 171 172 173 174 175 176 177 178 179 180 185 186 187 189 190 191 192 193 194 195 196 197 198 199 200 201 205 206 207 208 211 212 213 214 217 218 219 232 233 234 235 236 237 262 263 264 265 266 267 287 288 289 290 291 292 323 324 325 326 327 329 334 335 336 337 338 383 384 385 386 388 389 390 391 392 396 397 398 399 400 401 402 403 407 408 409 411 412 416 417 418 419 420 423 424 425 426 427 428 430 431 432 433 436 437 484 489 498 499 500 501 502 503 511 512 513 515 516 520 521 522 523 524 525 526 527 528 529 530 531 532 536 537 538 539 540 541 546 547 548 549 550 551 553 554 555 556 557 558","1:1 2:1 2:2 4:2 4:3 4:4 19:9 19:10 19:14 19:16 19:18 19:19 84:74 84:76 84:77 84:78 84:79 84:80 84:81 84:83 84:84 101:92 101:93 101:94 101:97 101:98 101:99 101:104 141:131 141:139 141:141 142:141 142:142 144:142 144:143 144:144 145:144 145:146 146:146 147:146 147:147 148:147 148:149 149:149 150:149 150:152 152:152 157:152 157:160 160:160 161:160 161:161 162:161 162:164 163:164 164:164 165:164 165:167 166:167 167:167 168:167 168:168 169:168 169:169 170:169 170:170 171:170 171:171 173:171 173:172 173:173 174:173 174:174 175:174 175:176 176:176 177:176 177:177 178:177 178:178 179:178 179:179 182:179 182:189 183:189 184:189 185:189 189:189 190:189 190:190 191:190 191:191 193:191 193:192 193:193 194:193 194:195 195:195 197:195 197:196 197:197 198:197 198:198 199:198 199:199 200:199 200:200 201:200 201:202 208:202 208:205 208:206 208:207 208:208 214:208 214:209 214:210 214:212 214:214 215:214 215:219 216:219 217:219 218:219 219:219 237:227 237:228 237:229 237:230 237:231 237:232 237:233 237:236 237:237 267:257 267:258 267:259 267:260 267:261 267:263 267:264 267:266 267:267 292:283 292:284 292:286 292:289 292:291 292:292 328:318 328:319 328:320 328:321 328:322 328:324 328:325 328:326 328:331 338:331 338:333 338:334 338:335 338:337 338:338 386:381 386:382 386:384 386:385 386:386 390:386 390:387 390:388 390:391 392:391 392:393 400:393 400:394 400:395 400:396 400:397 400:399 400:401 402:401 402:402 403:402 403:403 411:403 411:404 411:406 411:407 411:408 411:411 414:411 414:418 415:418 416:418 417:418 418:418 419:418 419:419 422:419 422:424 423:424 424:424 425:424 425:425 428:425 428:427 428:428 432:428 432:429 432:430 432:431 432:433 433:433 434:433 434:438 435:438 436:438 437:438 488:481 488:490 503:493 503:494 503:495 503:496 503:497 503:498 503:499 503:500 503:501 503:502 503:504 516:506 516:507 516:508 516:509 516:510 516:515 516:516 525:516 525:517 525:519 525:520 525:521 525:522 525:523 525:525 526:525 526:526 527:526 527:527 529:527 529:529 530:529 530:531 532:531 532:532 540:532 540:533 540:534 540:535 540:536 540:537 540:538 540:539 540:540 541:540 541:541 551:541 551:542 551:543 551:544 551:545 551:546 551:547 551:548 551:549 551:550 551:551 555:551 555:552 555:553 555:554 555:555 556:555 556:556 557:556 557:557 558:557 558:558"
"زاہد کالیا","مشتاق واہ واہ",2,"98 137","101:95 141:133"
"زاہد کالیا","مظہر شاہ",2,"88 97","84:93 101:93"
"زاہد کالیا","ملک معراج",1,"105","101:110"
"زاہد کالیا","موسیقار آقا نواز",1,"323","328:318"
"زاہد کالیا","مولوی احتشام الدین",1,"352","353:352"
"زاہد کالیا","نازنین بابر",30,"148 149 150 151 152 155 156 157 158 159 357 381 382 402 403 404 408 410 483 559 560","144:153 145:153 146:153 147:153 148:153 149:153 150:153 152:153 157:153 157:154 157:156 157:157 160:157 160:159 353:362 386:377 386:378 386:379 400:405 402:405 403:405 411:405 411:406 411:409 411:410 488:478 555:563 556:563 557:563 558:563"
"زاہد کالیا","نمبردار اللہ دوایا",31,"404 405 409 413 414 415 416 417 418 419 420 421 422 423 424 425 426 433 435 436 437","400:408 402:408 403:408 411:408 411:415 414:415 415:415 416:415 416:416 417:416 417:417 418:417 418:419 419:419 422:419 422:421 422:422 423:422 423:423 424:423 424:424 425:424 425:425 428:425 428:438 432:438 433:438 434:438 435:438 436:438 437:438"
"زاہد کالیا","نور الہدی",7,"137 138 340 348 353 484","141:134 141:135 141:136 338:343 353:343 353:354 488:480"
"زاہد کالیا","نوراں",11,"383 389 391 392 396 397 543 548 549","386:381 386:393 390:393 392:393 400:393 400:394 540:546 541:546 551:546 551:547 551:548"
"زاہد کالیا","ٹریور",1,"98","101:95"
"زاہد کالیا","پال",4,"1 238 503","1:1 2:1 237:240 503:503"
"زاہد کالیا","پروفیسر مشتاق",1,"137","141:133"
"زاہد کالیا","پیٹر",8,"82 99 104 204 205 208 211","84:81 101:98 101:107 199:209 200:209 201:209 208:209 214:209"
"زاہد کالیا","چاچی مہراں",1,"101","101:101"
"زاہد کالیا","چراغ دین",11,"101 183 185 186 188 206 209 212","101:101 178:188 179:188 182:188 183:188 184:188 185:188 189:188 201:211 208:211 214:211"
"زاہد کالیا","چوہدری اللہ داد خان",45,"82 85 96 97 99 100 102 201 202 203 207 208 211 264 289 329 334 351 384 387 389 403 404 405 409 415 416 417 418 419 420 421 519 523 531 532 533 534 538","84:80 84:86 101:92 101:93 101:97 101:100 101:104 197:206 198:206 199:206 200:206 201:206 208:206 208:207 208:209 214:209 267:262 292:286 328:331 338:331 353:350 386:382 386:388 390:388 400:407 402:407 403:407 411:407 411:419 414:419 415:419 416:419 417:419 418:419 419:419 422:419 422:420 516:522 525:522 526:536 527:536 529:536 530:536 532:536 540:536"
"زاہد کالیا","ڈاکٹر ارشد احمد",119,"1 2 3 19 143 144 145 146 147 148 149 150 151 156 159 160 161 165 166 167 168 169 170 174 175 176 177 178 179 180 182 183 186 187 189 190 191 192 194 195 196 198 199 200 211 214 215 217 218 219 292 401 402 403 407 419 420 421 423 424 425 426 430 432 433 434 435 436 488 498 499 519 524 525 529 530 531 532 536","1:1 2:1 2:2 4:2 4:3 19:19 141:145 142:145 144:145 145:145 146:145 146:147 147:147 148:147 148:149 149:149 150:149 150:150 152:150 152:161 157:161 160:161 161:161 162:161 162:168 163:168 164:168 165:168 166:168 167:168 168:168 169:168 169:169 170:169 170:170 171:170 171:178 173:178 174:178 175:178 176:178 177:178 178:178 179:178 179:179 182:179 182:183 183:183 184:183 184:189 185:189 189:189 190:189 190:190 191:190 191:192 193:192 193:195 194:195 195:195 197:195 197:200 198:200 199:200 200:200 201:200 208:214 214:214 215:214 215:215 216:215 216:218 217:218 218:218 219:218 219:219 292:292 400:403 402:403 403:403 411:403 411:404 414:424 415:424 416:424 417:424 418:424 419:424 422:424 423:424 424:424 425:424 425:425 428:425 428:432 432:432 433:432 433:433 434:433 434:434 435:434 435:435 436:435 436:436 437:436 488:488 503:493 503:494 503:495 516:523 525:523 525:525 526:525 526:532 527:532 529:532 530:532 532:532 540:532"
"زاہد کالیا","کانی",2,"84 97","84:84 101:94"
"زاہد کالیا","کمال",89,"22 81 82 98 99 100 104 146 147 148 149 150 151 164 165 166 167 168 176 177 178 179 180 181 182 183 184 185 187 188 196 197 198 199 200 201 204 205 209 212 213 214 215 216 217 218 219 234 328 333 334 335 358 486 487 516 521 527 528 529 530 531","19:25 84:78 84:79 84:81 101:95 101:97 101:99 101:108 141:151 142:151 144:151 145:151 146:151 147:151 148:151 149:151 150:151 152:151 160:168 161:168 162:168 163:168 164:168 165:168 166:168 167:168 168:168 169:168 171:181 173:181 174:181 175:181 176:181 177:181 178:181 179:181 182:181 182:182 183:182 183:183 184:183 184:184 185:184 185:185 189:185 189:186 189:187 189:188 191:201 193:201 194:201 195:201 197:201 198:201 199:201 200:201 201:201 208:201 208:202 208:211 214:211 214:213 214:214 215:214 215:216 216:216 217:216 217:217 218:217 218:219 219:219 237:232 328:328 338:328 338:329 338:330 338:332 353:363 488:484 488:485 488:486 516:517 525:517 525:530 526:530 527:530 529:530 530:530 532:530"
"زاہد کالیا","کمند علی خان",6,"137 138 339 348 353 484","141:134 141:135 338:340 353:343 353:353 488:480"
"زاہد کالیا","کنیز",1,"98","101:95"
"زاہد کالیا","کیپٹن خانزادہ",4,"559 560 561","555:564 556:564 557:564 558:564"
"زاہد کالیا","کیپٹن گل ریز",12,"151 152 153 154 156 357 558 559 560","146:156 147:156 148:156 149:156 150:156 152:156 157:156 353:362 555:562 556:562 557:562 558:562"
"زاہد کالیا","ہاتھی دانت",2,"88 97","84:93 101:93"
"زاہد کالیا","ہیری",4,"87 96 99 239","84:91 101:91 101:98 237:242"
"ساحِب (انگلو انڈین)","ستار نقوی",24,"132 140 337 339 340 341 347 348 355 357 360 361 372 373 374 381 398 399 404 472 475","131:133 145:135 145:136 332:342 333:342 337:342 338:342 340:342 352:342 352:344 352:358 353:358 356:358 362:358 362:360 370:374 373:374 374:374 386:377 395:402 397:402 406:402 469:475 476:475"
"ساحِب (انگلو انڈین)","سعادت حسن منٹو",65,"16 17 21 56 61 62 63 64 65 66 67 68 69 70 71 72 73 74 75 78 80 81 86 91 92 93 94 95 96 97 103 108 109 110 111 112 113 117 120 121 126 131 179 181 203 204 206 516 519 522 526","11:21 13:21 21:21 22:21 52:61 61:61 62:61 62:62 63:62 63:64 64:64 65:64 65:65 66:65 66:66 68:66 68:69 69:69 70:69 70:70 71:70 71:72 72:72 73:72 73:73 74:73 74:74 76:74 76:80 80:80 82:80 82:91 91:91 93:91 93:93 94:93 94:94 96:94 96:97 98:97 98:108 109:108 109:109 110:109 110:110 111:110 111:112 112:112 114:112 114:120 120:120 122:120 122:131 131:131 177:181 181:181 182:181 201:206 202:206 206:206 207:206 516:516 522:516 522:522 531:522"
"ساحِب (انگلو انڈین)","سعید",14,"18 22 24 93 94 95 217 219 220 242 301","13:23 21:23 22:23 26:23 91:95 93:95 94:95 96:95 213:222 216:222 217:222 219:222 246:239 302:301"
"ساحِب (انگلو انڈین)","سمیعہ",59,"16 17 21 63 64 65 66 67 68 69 70 71 72 76 77 78 80 81 82 87 92 93 94 95 103 108 203 205 206 207 209 220 221 329 330 331 332 333 335 516 519 522 526 545 547","11:21 13:21 21:21 22:21 61:66 62:66 63:66 64:66 65:66 66:66 68:66 68:67 68:68 69:68 69:70 70:70 71:70 71:72 72:72 73:72 73:80 74:80 76:80 80:80 82:80 82:83 91:83 91:94 93:94 94:94 96:94 98:108 109:108 201:205 202:205 206:205 206:206 207:206 207:208 211:208 216:224 217:224 219:224 325:333 326:333 328:333 329:333 330:333 331:333 332:333 333:333 337:333 516:516 522:516 522:517 522:522 531:522 543:548 546:548"
"ساحِب (انگلو انڈین)","سور",12,"11 12 122 123 128 146 149 247 520 523 528","11:11 13:11 120:125 122:125 131:125 145:148 150:148 246:248 247:248 516:525 522:525 531:525"
"ساحِب (انگلو انڈین)","شاہ شہید",20,"71 72 73 74 75 76 78 92 93 94 95 390 391 395 396","66:76 68:76 69:76 70:76 71:76 72:76 73:76 74:76 76:76 80:76 91:93 93:93 94:93 94:94 96:94 386:395 387:395 388:395 395:395 397:395"
"ساحِب (انگلو انڈین)","شاہ صاحب (سات پھولوں والے)",26,"71 72 73 74 75 76 78 92 93 94 95 110 111 305 311 390 391 395 396","66:76 68:76 69:76 70:76 71:76 72:76 73:76 74:76 76:76 80:76 91:93 93:93 94:93 94:94 96:94 109:111 110:111 111:111 112:111 302:309 313:309 386:395 387:395 388:395 395:395 397:395"
"ساحِب (انگلو انڈین)","شوبھا مردان",118,"43 45 55 59 60 116 117 120 121 122 126 127 128 129 130 131 140 141 142 148 150 153 154 155 337 339 340 341 347 348 349 351 355 356 357 360 361 365 369 370 372 373 374 381 382 398 399 403 404 405 406 407 408 411 412 418 419 420 421 425 426 433 434 436 462 463 466 468 469 472 474 476 478 479 481 482 483 484 485 486 518 521 533 539 540 547 548 564 565 566 569 577 579 580","46:40 46:44 52:58 61:58 61:59 111:121 112:121 114:121 120:121 122:121 122:122 131:122 131:123 131:124 131:125 131:126 131:127 131:129 131:130 131:132 145:135 145:136 145:137 145:138 145:139 145:140 145:151 150:151 156:151 156:153 156:154 332:342 333:342 337:342 338:342 340:342 352:342 352:343 352:344 352:345 352:346 352:347 352:350 352:359 353:359 356:359 362:359 362:360 362:368 370:368 370:371 373:371 373:373 374:373 374:374 386:376 386:377 386:379 395:401 397:401 406:401 406:402 406:404 406:405 406:406 408:406 408:407 408:408 415:408 415:409 415:410 415:421 416:421 418:421 420:421 421:421 429:421 429:424 429:438 430:438 431:438 435:438 464:461 464:462 464:468 469:468 469:469 476:469 476:472 476:477 480:477 480:479 480:482 482:482 484:482 484:483 484:484 485:484 485:485 486:485 486:486 516:520 522:520 531:535 543:535 543:536 543:537 543:538 543:551 546:551 566:562 566:563 566:564 566:566 573:566 573:581 578:581 579:581"
"ساحِب (انگلو انڈین)","صادق",8,"93 94 95 316 317 318 322","91:95 93:95 94:95 96:95 313:319 315:319 317:319 325:319"
"ساحِب (انگلو انڈین)","صباحت بیگم",27,"132 140 328 329 330 331 332 337 339 340 352 353 354 355 356 359 360 472 475 477 479 480 481","131:133 145:135 325:332 326:332 328:332 329:332 330:332 331:332 332:332 333:332 333:341 337:341 338:341 340:341 352:353 353:353 356:353 356:355 356:357 362:357 362:358 469:475 476:475 476:479 480:479 480:480 482:480"
"ساحِب (انگلو انڈین)","صفیہ",28,"16 17 21 57 61 62 64 65 66 67 70 71 72 73 74 75 109 516 519 522 526","11:21 13:21 21:21 22:21 52:62 61:62 62:62 63:62 63:66 64:66 65:66 66:66 68:66 68:73 69:73 70:73 71:73 72:73 73:73 74:73 74:74 76:74 109:109 110:109 516:516 522:516 522:522 531:522"
"ساحِب (انگلو انڈین)","ظہیر الدین بابر",53,"15 16 20 135 142 148 150 153 154 155 156 157 158 159 160 356 358 361 362 366 367 368 369 373 375 381 382 400 401 405 408 409 412 432 433 435 474 477 479 533 539 540 564","11:20 13:20 21:20 131:140 145:140 145:151 150:151 156:151 156:153 156:154 156:155 156:156 158:156 158:157 158:158 159:158 159:159 161:159 352:360 353:360 356:360 362:360 362:361 362:362 370:362 370:363 370:364 370:365 370:366 370:367 370:368 370:377 373:377 374:377 386:377 386:378 395:405 397:405 406:405 406:410 408:410 415:410 429:436 430:436 431:436 435:436 469:479 476:479 480:479 531:535 543:535 543:538 566:563"
"ساحِب (انگلو انڈین)","عارفین بابر",53,"43 123 124 129 149 152 155 156 157 158 159 160 357 359 362 366 367 368 369 370 372 374 375 381 382 400 401 405 406 407 408 412 473 477 479 481 482 483 533 539 540 564 565 566 569","46:40 120:127 122:127 131:127 145:154 150:154 156:154 156:155 156:156 158:156 158:157 158:159 159:159 161:159 352:362 353:362 356:362 362:362 370:362 370:364 370:367 370:368 370:371 373:371 373:376 374:376 386:376 386:377 386:378 386:379 395:405 397:405 406:405 406:406 408:406 408:409 415:409 415:410 469:478 476:478 480:478 480:479 480:482 482:482 484:482 531:535 543:535 543:537 566:562 566:563 566:564 566:566 573:566"
"ساحِب (انگلو انڈین)","عاشق علی",3,"567 570 571","566:568 573:568 573:569"
"ساحِب (انگلو انڈین)","غفور",2,"302 308","302:302 313:304"
"ساحِب (انگلو انڈین)","فاطمہ",61,"245 246 247 285 294 300 330 331 332 333 334 336 433 434 436 459 460 461 487 488 489 512 513 514 517 520 521 522 526 527 530 531 539 541 542 543 544 545 546 563 568 572 573 575 576 577","246:244 246:247 247:247 289:281 289:282 289:299 302:299 325:335 326:335 328:335 329:335 330:335 331:335 332:335 333:335 337:335 429:437 430:437 431:437 435:437 464:455 464:456 464:457 464:458 464:459 482:492 484:492 485:492 486:492 516:508 516:510 516:512 516:518 522:518 522:519 522:520 522:521 522:522 531:522 531:523 531:529 531:531 543:535 543:539 543:540 543:541 543:542 543:543 546:543 546:544 546:545 546:546 566:560 566:571 573:571 573:573 578:573 578:574 578:575 578:576 578:577"
"ساحِب (انگلو انڈین)","لاری صاحب",14,"66 67 68 69 70 71 92 93","61:71 62:71 63:71 64:71 65:71 66:71 68:71 69:71 70:71 71:71 72:71 91:93 93:93 94:93"
"ساحِب (انگلو انڈین)","مالی شریف",14,"425 429 430 512 519 522 527 543 544 545 575 577","420:430 421:430 429:430 430:430 431:430 516:509 516:523 522:523 531:523 543:543 546:543 546:544 573:577 578:577"
"ساحِب (انگلو انڈین)","ماموں ہیرس",5,"86 91 92 93","82:91 91:91 93:91 93:93 94:93"
"ساحِب (انگلو انڈین)","محمد غنی چیمہ",9,"72 73 74 75 76 78","68:77 69:77 70:77 71:77 72:77 73:77 74:77 76:77 80:77"
"ساحِب (انگلو انڈین)","مردان",246,"16 17 21 22 24 25 26 41 42 43 44 45 46 49 50 51 53 57 58 59 60 63 64 65 66 67 69 70 72 73 94 95 96 97 98 107 110 111 112 113 114 117 118 120 121 122 126 127 128 129 130 131 140 141 142 146 148 150 153 154 155 156 157 158 159 160 162 165 171 176 187 188 189 190 196 243 287 317 318 319 323 325 328 329 330 331 335 336 338 339 342 348 349 350 351 356 358 361 362 366 367 368 369 370 372 373 374 381 382 384 388 389 393 398 399 403 404 405 406 407 408 411 412 413 417 418 419 420 421 425 426 427 429 430 431 433 435 462 463 464 466 467 468 469 472 473 474 475 476 478 479 480 481 483 484 485 486 511 512 514 518 521 522 526 531 538 539 540 541 547 548 563 564 565 566 569 570 571 572 576 579","11:21 13:21 21:21 22:21 22:22 26:22 26:23 26:24 26:25 26:26 46:36 46:37 46:38 46:39 46:41 46:42 46:43 46:44 46:45 46:46 52:46 52:48 52:50 52:54 61:54 61:55 61:56 61:57 61:58 61:59 61:66 62:66 63:66 64:66 65:66 66:66 68:66 68:70 69:70 70:70 71:70 71:73 72:73 73:73 74:73 91:98 93:98 94:98 96:98 98:98 109:105 109:106 109:112 110:112 111:112 112:112 114:112 114:113 114:115 120:115 120:116 120:117 120:120 122:120 122:121 122:122 131:122 131:123 131:124 131:126 131:127 131:129 131:130 131:132 145:136 145:137 145:138 145:139 145:140 145:147 150:147 150:151 156:151 156:153 156:154 156:155 156:156 158:156 158:157 158:158 159:158 159:159 161:159 161:164 167:164 167:176 177:176 182:192 183:192 184:192 185:192 186:192 187:192 188:192 201:192 246:240 289:286 313:321 315:321 317:321 325:321 325:325 326:325 326:331 328:331 329:331 330:331 331:331 332:331 332:339 333:339 337:339 338:339 340:339 340:345 352:345 352:346 352:348 352:349 352:350 352:360 353:360 356:360 362:360 362:361 362:363 370:363 370:364 370:365 370:366 370:367 370:368 370:371 373:371 373:373 374:373 374:374 386:376 386:377 386:378 386:379 386:382 386:391 387:391 388:391 395:391 395:392 395:401 397:401 406:401 406:402 406:404 406:405 406:406 408:406 408:407 408:408 415:408 415:409 415:410 415:412 415:420 416:420 418:420 420:420 421:420 421:421 429:421 429:422 429:423 429:424 429:425 429:430 430:430 431:430 431:431 435:431 435:435 464:460 464:461 464:462 464:463 464:464 469:464 469:465 469:466 469:468 469:469 476:469 476:470 476:472 476:474 476:476 480:476 480:477 480:478 480:479 480:480 482:480 482:484 484:484 485:484 485:485 486:485 486:486 516:506 516:507 516:508 516:512 516:520 522:520 522:522 531:522 531:531 543:533 543:535 543:536 543:537 543:538 543:539 543:540 543:551 546:551 566:561 566:562 566:563 566:564 566:566 573:566 573:568 573:569 573:570 573:572 573:580 578:580 579:580"
"ساحِب (انگلو انڈین)","مرزا بیٹریاں",17,"73 74 75 76 77 79 92 93 94 95 479 481 482 483","68:78 69:78 70:78 71:78 72:78 73:78 74:78 76:78 80:78 91:94 93:94 94:94 96:94 476:482 480:482 482:482 484:482"
"ساحِب (انگلو انڈین)","مسز حسین",29,"360 363 367 368 369 408 409 412 413 417 418 419 420 421 425 430 431 433 462 463 468 471 474 475","356:364 362:364 370:364 370:365 370:366 370:367 370:368 406:410 408:410 415:410 415:412 415:420 416:420 418:420 420:420 421:420 421:421 429:421 429:431 430:431 431:431 435:431 435:432 464:460 464:463 464:473 469:473 476:473 476:474"
"ساحِب (انگلو انڈین)","مشائلہ",45,"307 312 316 317 318 322 323 324 325 326 327 329 330 331 334 336 337 338 339 378 384 385 387 388 391 396 397 401 402 425 429 430","302:312 313:312 313:320 315:320 317:320 325:320 325:321 325:322 325:323 325:324 325:325 326:325 326:326 328:326 328:331 329:331 330:331 331:331 332:331 332:336 333:336 337:336 337:337 338:337 338:338 340:338 340:339 373:383 374:383 386:383 386:384 386:388 387:388 388:388 395:388 395:397 397:397 406:397 406:398 406:399 420:430 421:430 429:430 430:430 431:430"
"ساحِب (انگلو انڈین)","مشاہد",374,"6 7 8 9 10 12 13 17 18 19 20 21 22 24 25 26 41 42 43 44 46 49 50 51 52 56 57 58 59 60 61 62 63 64 65 66 67 68 69 70 71 72 73 74 75 76 78 79 80 81 82 87 88 89 90 91 92 93 94 95 96 97 98 104 106 107 108 109 110 111 112 113 114 117 118 119 120 121 122 126 127 131 142 143 144 145 148 149 151 154 158 159 160 161 164 165 167 172 173 174 175 176 177 179 180 185 186 187 188 196 197 198 199 200 201 202 204 205 206 207 209 210 211 212 213 215 217 218 219 241 242 243 244 245 246 247 285 286 287 289 297 298 299 300 301 302 308 309 310 312 313 314 315 316 317 321 322 323 324 325 326 327 329 330 331 332 333 335 336 337 338 339 366 370 371 377 383 384 385 386 387 388 391 393 394 395 396 397 401 402 403 404 405 406 407 408 411 413 416 417 418 419 422 426 427 428 429 430 431 433 434 436 459 460 461 462 466 469 472 473 474 475 478 480 481 486 487 488 511 512 513 515 516 519 520 521 522 526 527 528 529 530 531 538 539 540 541 542 543 544 545 546 561 562 563 564 568 572 573 575 576 577 578 579","11:1 11:2 11:3 11:4 11:5 11:8 11:9 11:10 11:14 13:14 21:14 21:16 21:18 21:19 21:20 21:21 22:21 22:22 26:22 26:23 26:24 26:25 26:26 46:36 46:37 46:38 46:39 46:41 46:42 46:46 52:46 52:47 52:48 52:49 52:50 52:51 52:52 61:52 61:53 61:54 61:56 61:57 61:58 61:60 61:61 62:61 62:62 63:62 63:63 64:63 64:64 65:64 65:66 66:66 68:66 68:67 68:68 69:68 69:69 70:69 70:70 71:70 71:71 72:71 72:72 73:72 73:73 74:73 74:74 76:74 76:76 80:76 80:77 80:78 80:79 80:80 82:80 82:81 82:83 91:83 91:84 91:85 91:86 91:88 91:90 91:92 93:92 93:93 94:93 94:94 96:94 96:97 98:97 98:98 109:99 109:104 109:106 109:107 109:108 109:110 110:110 111:110 111:112 112:112 114:112 114:113 114:115 120:115 120:116 120:117 120:118 120:119 120:120 122:120 122:121 122:122 131:122 131:124 131:131 145:139 145:141 145:142 145:143 145:144 145:146 150:146 150:147 150:149 150:152 156:152 156:160 158:160 159:160 161:160 161:161 167:161 167:164 167:167 177:167 177:168 177:169 177:170 177:171 177:172 177:173 177:174 177:176 177:177 181:177 181:178 181:179 181:189 182:189 183:189 184:189 185:189 186:189 187:189 188:189 201:191 201:192 201:193 201:195 201:196 201:197 201:198 201:199 201:200 201:202 202:202 206:202 206:205 206:206 207:206 207:207 211:207 211:208 211:209 211:210 211:212 213:212 213:214 216:214 216:219 217:219 219:219 246:236 246:237 246:238 246:239 246:240 246:241 246:243 246:244 246:245 246:246 247:246 247:247 289:281 289:283 289:284 289:286 289:289 302:292 302:293 302:294 302:295 302:296 302:298 302:299 302:300 302:302 313:304 313:305 313:306 313:307 313:308 313:312 313:313 315:313 315:314 315:316 317:316 317:317 325:317 325:318 325:319 325:320 325:321 325:322 325:324 325:325 326:325 326:326 328:326 328:331 329:331 330:331 331:331 332:331 332:333 333:333 337:333 337:334 337:335 337:337 338:337 338:338 340:338 362:370 370:370 373:370 373:381 374:381 386:381 386:382 386:384 386:385 386:386 387:386 387:387 388:387 388:388 395:388 395:391 395:393 395:394 395:395 397:395 397:396 397:397 406:397 406:399 406:401 406:402 406:403 406:404 406:406 408:406 408:407 408:408 415:408 415:411 415:418 416:418 418:418 420:418 420:419 420:424 421:424 429:424 429:425 429:427 429:428 429:429 430:429 430:430 431:430 431:431 435:431 435:433 435:438 464:454 464:455 464:456 464:457 464:458 464:459 464:460 464:469 469:469 476:469 476:470 476:473 476:474 476:481 480:481 482:481 482:490 484:490 485:490 486:490 516:506 516:507 516:508 516:509 516:510 516:515 516:516 522:516 522:517 522:519 522:520 522:521 522:522 531:522 531:523 531:525 531:526 531:527 531:529 531:531 543:533 543:534 543:535 543:536 543:537 543:538 543:539 543:540 543:541 543:542 543:543 546:543 546:544 546:545 546:546 566:556 566:557 566:558 566:560 566:561 566:562 566:571 573:571 573:573 578:573 578:574 578:575 578:576 578:577 578:578 579:578 579:579"
"ساحِب (انگلو انڈین)","مشتاق واہ واہ",5,"93 94 95 132","91:95 93:95 94:95 96:95 131:133"
"ساحِب (انگلو انڈین)","مظہر شاہ",3,"92 93","91:93 93:93 94:93"
"ساحِب (انگلو انڈین)","ملک معراج",3,"109 110","109:110 110:110 111:110"
"ساحِب (انگلو انڈین)","موسیقار آقا نواز",6,"314 315 316 317 321","313:316 315:316 317:316 317:317 325:317 325:318"
"ساحِب (انگلو انڈین)","مولوی احتشام الدین",6,"352 463 464 466 468","352:352 353:352 464:463 464:464 469:464 469:468"
"ساحِب (انگلو انڈین)","مہر النساء",2,"466 468","464:468 469:468"
"ساحِب (انگلو انڈین)","نازنین بابر",38,"123 124 129 149 151 154 155 156 157 158 159 160 357 359 362 366 369 370 372 375 381 382 400 401 405 406 407 408 412 473 477 479 564","120:127 122:127 131:127 145:153 150:153 156:153 156:154 156:156 158:156 158:157 158:159 159:159 161:159 352:362 353:362 356:362 362:362 370:362 370:368 370:371 373:371 373:377 374:377 386:377 386:378 386:379 395:405 397:405 406:405 406:406 408:406 408:409 415:409 415:410 469:478 476:478 480:478 566:563"
"ساحِب (انگلو انڈین)","نمبردار اللہ دوایا",21,"407 408 411 415 416 417 418 419 420 421 425 426 427 433 434 436","406:408 408:408 415:408 415:415 416:415 416:416 418:416 418:417 418:419 420:419 420:421 421:421 429:421 429:422 429:423 429:424 429:425 429:438 430:438 431:438 435:438"
"ساحِب (انگلو انڈین)","نور الہدی",18,"132 140 338 340 341 347 353 355 356 359 472 475 478 480 481","131:134 145:135 145:136 333:343 337:343 338:343 340:343 352:343 352:354 353:354 356:354 356:356 362:356 469:475 476:475 476:480 480:480 482:480"
"ساحِب (انگلو انڈین)","نوراں",18,"303 309 310 311 365 369 377 383 389 390 394 544 546","302:305 313:305 313:306 313:307 313:308 313:309 362:369 370:369 373:381 374:381 386:381 386:393 387:393 388:393 395:393 395:394 543:546 546:546"
"ساحِب (انگلو انڈین)","ٹریور",4,"93 94 95","91:95 93:95 94:95 96:95"
"ساحِب (انگلو انڈین)","پال",18,"6 47 50 52 56 60 66 67 68 69 70 71 243","11:1 46:49 52:49 52:52 61:52 61:60 61:71 62:71 63:71 64:71 65:71 66:71 68:71 69:71 70:71 71:71 72:71 246:240"
"ساحِب (انگلو انڈین)","پروفیسر مشتاق",1,"132","131:133"
"ساحِب (انگلو انڈین)","پیٹر",33,"47 50 52 56 60 66 67 68 69 70 71 76 77 78 80 81 94 95 96 97 98 108 205 207 208 210","46:49 52:49 52:52 61:52 61:60 61:71 62:71 63:71 64:71 65:71 66:71 68:71 69:71 70:71 71:71 72:71 72:81 73:81 74:81 76:81 80:81 82:81 91:98 93:98 94:98 96:98 98:98 109:107 201:209 202:209 206:209 207:209 211:209"
"ساحِب (انگلو انڈین)","چاچا محمد بخش",10,"47 50 112 113 114 117 118","46:48 52:48 109:115 110:115 111:115 112:115 114:115 120:115 120:116 120:117"
"ساحِب (انگلو انڈین)","چاچی رابیاں",5,"111 112 113","109:113 110:113 111:113 112:113 114:113"
"ساحِب (انگلو انڈین)","چاچی مہراں",6,"96 97 98 99 105","91:101 93:101 94:101 96:101 98:101 109:101"
"ساحِب (انگلو انڈین)","چراغ دین",22,"96 97 98 99 105 106 184 185 186 187 188 206 208 209 211 212","91:101 93:101 94:101 96:101 98:101 109:101 109:102 109:103 181:188 182:188 183:188 184:188 185:188 186:188 187:188 188:188 201:211 202:211 206:211 207:211 211:211 213:211"
"ساحِب (انگلو انڈین)","چوہدری اللہ داد خان",94,"47 50 52 57 60 62 63 64 75 76 77 78 80 81 84 88 89 91 92 93 95 96 97 99 104 106 107 108 110 111 112 113 114 117 118 119 122 123 127 203 204 206 207 209 210 287 313 314 328 329 330 331 345 351 377 378 384 387 388 391 402 406 407 417 418 419 420 464 467 519 522 526 533 539 569 572","46:48 52:48 52:53 61:53 61:59 61:64 62:64 63:64 64:64 65:64 70:80 71:80 72:80 73:80 74:80 76:80 80:80 82:80 82:86 91:86 91:87 91:88 91:92 93:92 93:93 94:93 94:97 96:97 98:97 98:100 109:100 109:104 109:105 109:106 109:107 109:111 110:111 111:111 112:111 112:113 114:113 114:114 120:114 120:116 120:117 120:118 120:119 120:124 122:124 131:124 201:206 202:206 206:206 207:206 207:207 211:207 211:209 289:286 313:313 315:313 325:331 326:331 328:331 329:331 330:331 331:331 332:331 340:350 352:350 373:382 374:382 386:382 386:388 387:388 388:388 395:388 397:407 406:407 408:407 415:419 416:419 418:419 420:419 420:420 421:420 464:465 469:465 516:522 522:522 531:522 531:536 543:536 566:572 573:572"
"ساحِب (انگلو انڈین)","ڈاکٹر ارشد احمد",81,"6 7 15 16 20 117 118 121 122 126 145 147 148 149 150 153 158 159 160 161 164 167 172 173 177 179 180 182 183 186 187 188 196 198 200 210 212 213 215 217 218 219 290 297 399 400 404 405 419 420 421 422 426 427 430 431 433 434 435 484 485 486 487 519 522 527 528 531","11:1 11:2 11:3 11:19 13:19 21:19 112:122 114:122 120:122 122:122 131:122 145:145 150:145 150:147 150:149 150:150 156:150 156:161 158:161 159:161 161:161 167:161 167:168 177:168 177:169 177:170 177:178 181:178 181:179 181:183 182:183 183:183 184:183 184:189 185:189 186:189 187:189 188:189 201:192 201:195 201:200 206:214 207:214 211:214 213:214 216:214 216:215 216:218 217:218 219:218 219:219 289:292 302:292 395:403 397:403 406:403 406:404 415:424 416:424 418:424 420:424 421:424 429:424 429:425 429:432 430:432 431:432 435:432 435:433 435:434 435:435 480:488 482:488 484:488 485:488 486:488 516:523 522:523 531:523 531:525 531:532"
"ساحِب (انگلو انڈین)","کانی",9,"79 80 82 83 87 92 93 94 95","74:84 76:84 80:84 82:84 91:84 91:94 93:94 94:94 96:94"
"ساحِب (انگلو انڈین)","کمال",106,"23 25 48 51 56 61 62 63 64 73 74 75 76 77 79 80 81 93 94 95 96 97 98 104 108 148 150 153 163 164 167 172 179 181 182 183 184 185 186 187 188 201 202 204 208 209 211 212 213 214 215 216 217 218 219 302 308 326 327 328 329 330 331 332 358 359 362 366 472 476 478 482 483 484 485 486 516 519 526 530","21:25 22:25 26:25 46:50 52:50 52:61 61:61 62:61 62:62 63:62 63:63 64:63 64:64 65:64 68:78 69:78 70:78 71:78 72:78 73:78 74:78 76:78 80:78 80:79 80:81 82:81 91:95 93:95 94:95 96:95 96:97 98:97 98:99 109:99 109:108 145:151 150:151 156:151 158:168 159:168 161:168 167:168 177:168 177:181 181:181 182:181 182:182 183:182 183:183 184:183 184:184 185:184 185:185 186:185 186:186 187:186 187:187 188:187 188:188 201:201 202:201 202:202 206:202 206:211 207:211 211:211 213:211 213:213 216:213 216:214 216:216 217:216 217:217 219:217 219:219 302:303 313:303 325:328 326:328 328:328 329:328 329:329 330:329 330:330 331:330 331:332 332:332 333:332 353:363 356:363 362:363 370:363 469:476 476:476 480:476 480:484 482:484 484:484 485:484 485:485 486:485 486:486 516:517 522:517 522:530 531:530"
"ساحِب (انگلو انڈین)","کمند علی خان",26,"132 140 335 336 338 339 340 347 352 353 354 355 356 359 360 472 475 476 478 480 481","131:134 145:135 330:340 331:340 332:340 333:340 337:340 338:340 340:340 352:342 352:343 352:353 353:353 356:353 356:354 356:355 356:356 362:356 362:357 362:358 469:475 476:475 476:476 480:476 480:480 482:480"
"ساحِب (انگلو انڈین)","کنیز",6,"93 94 95 303 308","91:95 93:95 94:95 96:95 302:304 313:304"
"ساحِب (انگلو انڈین)","کیپٹن خانزادہ",5,"565 567 570 571","566:564 566:568 573:568 573:569 573:570"
"ساحِب (انگلو انڈین)","کیپٹن گل ریز",14,"153 156 157 357 359 362 366 564 567 570 571","150:156 156:156 158:156 352:362 353:362 356:362 362:362 370:362 370:363 566:562 566:568 573:568 573:569 573:570"
"ساحِب (انگلو انڈین)","ہاتھی دانت",15,"62 63 67 68 69 70 71 92 93","61:63 62:63 63:63 64:63 64:71 65:71 66:71 68:71 69:71 70:71 71:71 72:71 91:93 93:93 94:93"
"ساحِب (انگلو انڈین)","ہیری",8,"86 91 92 95 96 97 98 244","82:91 91:91 93:91 93:98 94:98 96:98 98:98 246:242"
"ستار نقوی","سعادت حسن منٹو",1,"132","133:131"
"ستار نقوی","سمیعہ",1,"337","342:333"
"ستار نقوی","سور",1,"129","133:125"
"ستار نقوی","شاہ شہید",1,"398","402:395"
"ستار نقوی","شاہ صاحب (سات پھولوں والے)",1,"398","402:395"
"ستار نقوی","شوبھا مردان",35,"128 129 130 131 132 134 135 136 342 343 344 354 358 359 360 371 372 373 374 375 376 377 401 402 471 472 473 476","133:123 133:124 133:125 133:126 133:127 133:129 133:130 133:132 133:135 134:135 135:135 136:135 136:136 342:342 344:342 344:343 344:344 358:350 358:359 360:359 360:360 374:368 374:371 374:373 374:374 377:374 377:375 377:376 377:377 402:401 402:402 475:468 475:469 475:472 475:477"
"ستار نقوی","صباحت بیگم",15,"133 134 135 337 341 348 355 356 357 358 359 475","133:133 134:133 134:134 135:134 135:135 136:135 342:332 342:341 344:353 358:353 358:355 358:357 358:358 360:358 475:475"
"ستار نقوی","ظہیر الدین بابر",15,"136 137 138 359 360 369 370 371 375 377 403 477","133:140 134:140 135:140 136:140 358:360 360:360 374:364 374:365 374:366 374:367 374:368 374:377 377:377 402:405 475:479"
"ستار نقوی","عارفین بابر",12,"130 360 361 369 370 371 372 375 376 377 403 476","133:127 358:362 360:362 374:364 374:367 374:368 374:371 374:376 377:376 377:377 402:405 475:478"
"ستار نقوی","فاطمہ",1,"338","342:335"
"ستار نقوی","مردان",42,"128 129 130 131 132 134 135 136 340 343 344 353 354 359 360 369 370 371 372 373 374 375 376 377 397 401 402 470 471 472 473 474 475","133:123 133:124 133:126 133:127 133:129 133:130 133:132 133:136 134:136 135:136 136:136 342:339 342:345 344:345 358:348 358:349 358:350 358:360 360:360 374:364 374:365 374:366 374:367 374:368 374:371 374:373 374:374 377:374 377:375 377:376 377:377 402:392 402:401 402:402 475:465 475:466 475:468 475:469 475:470 475:472 475:474 475:476"
"ستار نقوی","مرزا بیٹریاں",1,"478","475:482"
"ستار نقوی","مسز حسین",10,"361 362 369 370 371 406 474","358:364 360:364 374:364 374:365 374:366 374:367 374:368 402:410 475:473 475:474"
"ستار نقوی","مشائلہ",9,"339 340 378 380 399 400","342:336 342:337 342:338 342:339 374:383 377:383 402:397 402:398 402:399"
"ستار نقوی","مشاہد",28,"128 132 136 137 337 338 339 340 365 372 377 379 397 398 399 400 401 402 472 474 478","133:124 133:131 133:139 134:139 135:139 136:139 342:333 342:334 342:335 342:337 342:338 360:370 374:370 374:381 377:381 402:393 402:394 402:395 402:396 402:397 402:399 402:401 402:402 475:469 475:470 475:473 475:474 475:481"
"ستار نقوی","مشتاق واہ واہ",2,"133","133:133 134:133"
"ستار نقوی","مولوی احتشام الدین",4,"347 348 355 471","342:352 344:352 358:352 475:468"
"ستار نقوی","مہر النساء",1,"471","475:468"
"ستار نقوی","نازنین بابر",9,"130 360 361 371 372 375 377 403 476","133:127 358:362 360:362 374:368 374:371 374:377 377:377 402:405 475:478"
"ستار نقوی","نمبردار اللہ دوایا",1,"405","402:408"
"ستار نقوی","نور الہدی",12,"133 134 135 136 342 343 349 356 357 475","133:134 134:134 135:134 135:135 136:135 136:136 342:343 344:343 344:354 358:354 358:356 475:475"
"ستار نقوی","نوراں",6,"364 371 377 379 397 398","360:369 374:369 374:381 377:381 402:393 402:394"
"ستار نقوی","پروفیسر مشتاق",2,"133","133:133 134:133"
"ستار نقوی","چوہدری اللہ داد خان",8,"128 346 347 354 378 379 404 470","133:124 342:350 344:350 358:350 374:382 377:382 402:407 475:465"
"ستار نقوی","ڈاکٹر ارشد احمد",3,"140 402","135:145 136:145 402:403"
"ستار نقوی","کمال",4,"337 360 361 475","342:332 358:363 360:363 475:476"
"ستار نقوی","کمند علی خان",18,"133 134 135 341 342 343 348 355 356 357 358 359 475","133:134 134:134 135:134 135:135 136:135 342:340 342:342 344:342 344:343 344:353 358:353 358:354 358:355 358:356 358:357 358:358 360:358 475:475"
"ستار نقوی","کیپٹن گل ریز",2,"360 361","358:362 360:362"
"سعادت حسن منٹو","سعید",5,"22 93 94 96","21:23 91:95 93:95 94:95 97:95"
"سعادت حسن منٹو","سمیعہ",30,"21 63 64 65 66 67 68 69 70 71 72 76 77 80 87 92 93 94 95 108 205 206 516 519 522","21:21 61:66 62:66 64:66 65:66 66:66 69:66 69:67 69:68 69:70 70:70 72:70 72:72 73:72 73:80 74:80 80:80 91:83 91:94 93:94 94:94 97:94 108:108 109:108 206:205 206:206 516:516 522:516 522:517 522:522"
"سعادت حسن منٹو","سور",5,"16 122 128 520 523","21:11 120:125 131:125 516:525 522:525"
"سعادت حسن منٹو","شاہ شہید",12,"71 72 73 74 75 78 92 93 94 95","66:76 69:76 70:76 72:76 73:76 74:76 80:76 91:93 93:93 94:93 94:94 97:94"
"سعادت حسن منٹو","شاہ صاحب (سات پھولوں والے)",16,"71 72 73 74 75 78 92 93 94 95 109 110 111","66:76 69:76 70:76 72:76 73:76 74:76 80:76 91:93 93:93 94:93 94:94 97:94 108:111 109:111 110:111 112:111"
"سعادت حسن منٹو","شوبھا مردان",16,"59 60 116 120 126 127 128 129 130 131 518 521","61:58 61:59 112:121 120:121 131:121 131:122 131:123 131:124 131:125 131:126 131:127 131:129 131:130 131:132 516:520 522:520"
"سعادت حسن منٹو","صادق",4,"93 94 96","91:95 93:95 94:95 97:95"
"سعادت حسن منٹو","صباحت بیگم",1,"132","131:133"
"سعادت حسن منٹو","صفیہ",21,"21 61 62 63 65 66 67 71 72 73 74 77 108 109 516 519 522","21:21 61:62 62:62 64:62 64:66 65:66 66:66 69:66 69:73 70:73 72:73 73:73 74:73 74:74 80:74 108:109 109:109 110:109 516:516 522:516 522:522"
"سعادت حسن منٹو","ظہیر الدین بابر",2,"20 135","21:20 131:140"
"سعادت حسن منٹو","عارفین بابر",2,"123 129","120:127 131:127"
"سعادت حسن منٹو","فاطمہ",9,"512 513 514 517 520 521 522","516:508 516:510 516:512 516:518 522:518 522:519 522:520 522:521 522:522"
"سعادت حسن منٹو","لاری صاحب",11,"66 67 68 70 71 92 93","61:71 62:71 64:71 65:71 66:71 69:71 70:71 72:71 91:93 93:93 94:93"
"سعادت حسن منٹو","مالی شریف",3,"512 519 522","516:509 516:523 522:523"
"سعادت حسن منٹو","ماموں ہیرس",4,"91 92 93","91:91 93:91 93:93 94:93"
"سعادت حسن منٹو","محمد غنی چیمہ",6,"73 74 75 78","69:77 70:77 72:77 73:77 74:77 80:77"
"سعادت حسن منٹو","مردان",53,"21 57 58 59 60 63 64 65 66 67 69 70 71 72 73 94 95 96 97 103 106 107 110 111 112 116 117 118 120 126 127 128 129 130 131 178 511 512 514 518 521 522","21:21 61:54 61:55 61:56 61:57 61:58 61:59 61:66 62:66 64:66 65:66 66:66 69:66 69:70 70:70 72:70 72:73 73:73 74:73 91:98 93:98 94:98 97:98 108:98 108:105 108:106 108:112 109:112 110:112 112:112 120:112 120:113 120:115 120:116 120:117 120:120 131:121 131:122 131:123 131:124 131:126 131:127 131:129 131:130 131:132 181:176 516:506 516:507 516:508 516:512 516:520 522:520 522:522"
"سعادت حسن منٹو","مرزا بیٹریاں",10,"73 74 75 76 79 92 93 94 95","69:78 70:78 72:78 73:78 74:78 80:78 91:94 93:94 94:94 97:94"
"سعادت حسن منٹو","مشاہد",109,"17 18 19 20 21 56 57 58 59 60 61 62 63 64 65 66 67 68 69 70 71 72 73 74 77 78 79 80 86 87 88 89 90 91 92 93 94 95 97 103 106 107 108 109 110 111 112 116 117 118 119 120 126 127 131 176 177 178 179 180 185 201 202 203 204 205 206 511 512 513 515 516 519 520 521 522","21:14 21:16 21:18 21:19 21:20 21:21 61:51 61:52 61:53 61:54 61:56 61:57 61:58 61:60 61:61 62:61 62:62 64:62 64:63 64:64 65:64 65:66 66:66 69:66 69:67 69:68 69:69 70:69 70:70 72:70 72:71 72:72 73:72 73:73 74:73 74:74 80:74 80:76 80:77 80:78 80:79 80:80 91:81 91:83 91:84 91:85 91:86 91:88 91:90 91:92 93:92 93:93 94:93 94:94 97:94 97:97 108:98 108:99 108:104 108:106 108:107 108:108 109:108 109:110 110:110 112:110 112:112 120:112 120:113 120:115 120:116 120:117 120:118 120:119 120:120 131:121 131:122 131:124 131:131 181:171 181:172 181:173 181:174 181:176 181:177 181:178 181:179 181:189 206:196 206:197 206:198 206:199 206:200 206:202 206:205 206:206 516:506 516:507 516:508 516:509 516:510 516:515 516:516 522:516 522:517 522:519 522:520 522:521 522:522"
"سعادت حسن منٹو","مشتاق واہ واہ",5,"93 94 96 132","91:95 93:95 94:95 97:95 131:133"
"سعادت حسن منٹو","مظہر شاہ",3,"92 93","91:93 93:93 94:93"
"سعادت حسن منٹو","ملک معراج",4,"109 110 111","108:110 109:110 110:110 112:110"
"سعادت حسن منٹو","نازنین بابر",2,"123 129","120:127 131:127"
"سعادت حسن منٹو","نور الہدی",1,"132","131:134"
"سعادت حسن منٹو","ٹریور",4,"93 94 96","91:95 93:95 94:95 97:95"
"سعادت حسن منٹو","پال",10,"56 60 66 67 68 70 71","61:52 61:60 61:71 62:71 64:71 65:71 66:71 69:71 70:71 72:71"
"سعادت حسن منٹو","پروفیسر مشتاق",1,"132","131:133"
"سعادت حسن منٹو","پیٹر",22,"56 60 66 67 68 70 71 76 77 80 86 94 95 96 97 103 107 207","61:52 61:60 61:71 62:71 64:71 65:71 66:71 69:71 70:71 72:71 72:81 73:81 74:81 80:81 91:81 91:98 93:98 94:98 97:98 108:98 108:107 206:209"
"سعادت حسن منٹو","چاچا محمد بخش",7,"111 112 113 117 118","108:115 109:115 110:115 112:115 120:115 120:116 120:117"
"سعادت حسن منٹو","چاچی رابیاں",5,"110 111 112 116","108:113 109:113 110:113 112:113 120:113"
"سعادت حسن منٹو","چاچی مہراں",5,"96 97 99 104","91:101 93:101 94:101 97:101 108:101"
"سعادت حسن منٹو","چراغ دین",9,"96 97 99 104 105 184 208","91:101 93:101 94:101 97:101 108:101 108:102 108:103 181:188 206:211"
"سعادت حسن منٹو","چوہدری اللہ داد خان",41,"57 60 62 63 64 75 76 77 80 88 89 91 92 93 95 97 104 106 107 109 110 111 112 116 117 118 119 122 127 206 519 522","61:53 61:59 61:64 62:64 64:64 65:64 70:80 72:80 73:80 74:80 80:80 91:86 91:87 91:88 91:92 93:92 93:93 94:93 94:97 97:97 108:100 108:104 108:105 108:106 108:107 108:111 109:111 110:111 112:111 112:113 120:113 120:114 120:116 120:117 120:118 120:119 120:124 131:124 206:206 516:522 522:522"
"سعادت حسن منٹو","ڈاکٹر ارشد احمد",11,"20 117 121 126 179 180 182 203 210 519 522","21:19 112:122 120:122 131:122 181:178 181:179 181:183 206:200 206:214 516:523 522:523"
"سعادت حسن منٹو","کانی",7,"79 82 87 92 93 94 95","74:84 80:84 91:84 91:94 93:94 94:94 97:94"
"سعادت حسن منٹو","کمال",32,"23 61 62 63 64 73 74 75 76 79 80 86 93 94 96 97 103 108 181 203 204 208 516 519 526","21:25 61:61 62:61 62:62 64:62 64:63 64:64 65:64 69:78 70:78 72:78 73:78 74:78 80:78 80:79 80:81 91:81 91:95 93:95 94:95 97:95 97:97 108:99 108:108 109:108 181:181 206:201 206:202 206:211 516:517 522:517 522:530"
"سعادت حسن منٹو","کمند علی خان",1,"132","131:134"
"سعادت حسن منٹو","کنیز",4,"93 94 96","91:95 93:95 94:95 97:95"
"سعادت حسن منٹو","ہاتھی دانت",12,"62 63 67 68 70 71 92 93","61:63 62:63 64:63 64:71 65:71 66:71 69:71 70:71 72:71 91:93 93:93 94:93"
"سعادت حسن منٹو","ہیری",6,"91 92 95 96 97 103","91:91 93:91 93:98 94:98 97:98 108:98"
"سعید","سمیعہ",4,"22 94 223 228","23:21 95:94 222:224 233:224"
"سعید","سور",1,"243","239:248"
"سعید","شاہ شہید",2,"94","95:93 95:94"
"سعید","شاہ صاحب (سات پھولوں والے)",3,"94 305","95:93 95:94 301:309"
"سعید","صادق",1,"95","95:95"
"سعید","صفیہ",1,"22","23:21"
"سعید","ظہیر الدین بابر",1,"21","23:20"
"سعید","غفور",1,"301","301:302"
"سعید","فاطمہ",3,"239 241 300","235:244 239:244 301:299"
"سعید","لاری صاحب",1,"94","95:93"
"سعید","ماموں ہیرس",2,"93 94","95:91 95:93"
"سعید","مردان",7,"22 23 96 236 237 239","23:21 23:22 23:23 95:98 233:240 235:240 239:240"
"سعید","مرزا بیٹریاں",1,"94","95:94"
"سعید","مشاہد",47,"18 19 20 21 22 23 90 91 92 93 94 96 217 218 220 221 222 228 229 230 231 232 233 234 235 237 238 239 296 297 298 299 300 301","23:14 23:16 23:18 23:19 23:20 23:21 23:22 23:23 95:85 95:86 95:88 95:90 95:92 95:93 95:94 95:97 222:212 222:214 222:219 222:220 222:221 222:222 233:223 233:225 233:227 233:228 233:229 233:230 233:231 233:232 233:233 235:233 235:236 239:236 239:237 239:238 239:239 301:291 301:292 301:293 301:294 301:295 301:296 301:298 301:299 301:300 301:302"
"سعید","مشتاق واہ واہ",1,"95","95:95"
"سعید","مظہر شاہ",1,"94","95:93"
"سعید","نوراں",1,"303","301:305"
"سعید","ٹریور",1,"95","95:95"
"سعید","پال",3,"236 237 239","233:240 235:240 239:240"
"سعید","پیٹر",1,"96","95:98"
"سعید","چاچی مہراں",1,"98","95:101"
"سعید","چراغ دین",1,"98","95:101"
"سعید","چوہدری اللہ داد خان",6,"90 91 93 94 96","95:86 95:87 95:88 95:92 95:93 95:97"
"سعید","ڈاکٹر ارشد احمد",6,"21 218 220 296","23:19 222:214 222:215 222:218 222:219 301:292"
"سعید","کانی",1,"94","95:94"
"سعید","کمال",10,"24 95 217 218 219 220 227 232 302","23:25 95:95 222:213 222:214 222:216 222:217 222:219 222:232 233:232 301:303"
"سعید","کنیز",2,"95 302","95:95 301:304"
"سعید","ہاتھی دانت",1,"94","95:93"
"سعید","ہیری",5,"93 96 237 238 240","95:91 95:98 233:242 235:242 239:242"
"سمیعہ","سور",4,"16 520 521 523","21:11 516:525 517:525 522:525"
"سمیعہ","شاہ شہید",9,"71 72 73 74 78 88 93 94","66:76 67:76 68:76 70:76 72:76 80:76 83:93 94:93 94:94"
"سمیعہ","شاہ صاحب (سات پھولوں والے)",10,"71 72 73 74 78 88 93 94 109","66:76 67:76 68:76 70:76 72:76 80:76 83:93 94:93 94:94 108:111"
"سمیعہ","شوبھا مردان",8,"62 337 518 521 543 549","66:58 66:59 333:342 516:520 517:520 522:520 548:538 548:551"
"سمیعہ","صادق",1,"94","94:95"
"سمیعہ","صباحت بیگم",2,"332 337","333:332 333:341"
"سمیعہ","صفیہ",15,"21 64 66 70 71 72 76 77 108 516 519 522","21:21 66:62 66:66 67:66 67:73 68:73 70:73 72:73 80:73 80:74 108:109 516:516 517:516 517:522 522:522"
"سمیعہ","ظہیر الدین بابر",2,"20 543","21:20 548:538"
"سمیعہ","فاطمہ",21,"334 512 513 514 517 520 521 522 543 544 545 546 547 548","333:335 516:508 516:510 516:512 516:518 517:518 522:518 522:519 522:520 522:521 522:522 548:539 548:540 548:541 548:542 548:543 548:544 548:545 548:546 548:547 548:548"
"سمیعہ","لاری صاحب",7,"68 69 70 71 88 93","66:71 67:71 68:71 70:71 72:71 83:93 94:93"
"سمیعہ","مالی شریف",6,"512 519 520 522 545 546","516:509 516:523 517:523 522:523 548:543 548:544"
"سمیعہ","ماموں ہیرس",3,"87 92 93","83:91 94:91 94:93"
"سمیعہ","محمد غنی چیمہ",5,"72 73 74 78","67:77 68:77 70:77 72:77 80:77"
"سمیعہ","مردان",33,"21 61 62 66 68 69 70 71 72 76 96 103 106 107 110 329 332 336 511 512 514 518 521 522 543 544 549","21:21 66:56 66:57 66:58 66:59 66:66 67:66 67:70 68:70 70:70 72:70 72:73 80:73 94:98 108:98 108:105 108:106 108:112 333:325 333:331 333:339 516:506 516:507 516:508 516:512 516:520 517:520 522:520 522:522 548:538 548:539 548:540 548:551"
"سمیعہ","مرزا بیٹریاں",5,"73 74 75 79 94","68:78 70:78 72:78 80:78 94:94"
"سمیعہ","مشائلہ",6,"328 329 332 334","333:323 333:324 333:325 333:326 333:331 333:336"
"سمیعہ","مشاہد",100,"17 18 19 20 21 61 62 63 64 65 66 67 68 69 70 71 72 76 77 78 79 80 81 82 83 89 90 91 92 93 94 103 106 107 108 200 201 202 203 205 206 207 208 219 221 222 223 224 328 329 332 333 511 512 513 515 516 517 519 520 521 522 543 544 545 546 547 548","21:14 21:16 21:18 21:19 21:20 21:21 66:56 66:57 66:58 66:60 66:61 66:62 66:63 66:64 66:66 67:66 67:67 68:67 68:68 70:68 70:69 70:70 72:70 72:71 72:72 80:72 80:73 80:74 80:76 80:77 80:78 80:79 80:80 83:80 83:81 83:83 94:84 94:85 94:86 94:88 94:90 94:92 94:93 94:94 108:98 108:99 108:104 108:106 108:107 108:108 205:195 205:196 205:197 205:198 205:199 205:200 205:202 205:205 206:205 206:206 208:206 208:207 208:208 224:214 224:219 224:220 224:221 224:222 224:223 224:225 333:324 333:325 333:326 333:331 333:333 516:506 516:507 516:508 516:509 516:510 516:515 516:516 517:516 517:517 522:517 522:519 522:520 522:521 522:522 548:538 548:539 548:540 548:541 548:542 548:543 548:544 548:545 548:546 548:547 548:548"
"سمیعہ","مشتاق واہ واہ",1,"94","94:95"
"سمیعہ","مظہر شاہ",2,"88 93","83:93 94:93"
"سمیعہ","ملک معراج",1,"109","108:110"
"سمیعہ","نور الہدی",1,"338","333:343"
"سمیعہ","نوراں",3,"547 548","548:546 548:547 548:548"
"سمیعہ","ٹریور",1,"94","94:95"
"سمیعہ","پال",6,"63 68 69 70 71","66:60 66:71 67:71 68:71 70:71 72:71"
"سمیعہ","پیٹر",15,"63 68 69 70 71 76 80 82 96 103 107 207 208","66:60 66:71 67:71 68:71 70:71 72:71 72:81 80:81 83:81 94:98 108:98 108:107 205:209 206:209 208:209"
"سمیعہ","چاچا محمد بخش",1,"111","108:115"
"سمیعہ","چاچی رابیاں",1,"110","108:113"
"سمیعہ","چاچی مہراں",2,"97 104","94:101 108:101"
"سمیعہ","چراغ دین",7,"97 104 105 208 209","94:101 108:101 108:102 108:103 205:211 206:211 208:211"
"سمیعہ","چوہدری اللہ داد خان",28,"62 65 75 76 80 81 84 90 91 93 95 104 106 107 109 205 206 207 208 332 519 522","66:59 66:64 70:80 72:80 80:80 83:80 83:86 94:86 94:87 94:88 94:92 94:93 94:97 108:100 108:104 108:105 108:106 108:107 108:111 205:206 206:206 208:206 208:207 208:209 333:331 516:522 517:522 522:522"
"سمیعہ","ڈاکٹر ارشد احمد",13,"20 200 202 209 210 211 219 221 519 520 522","21:19 205:195 205:200 205:214 206:214 208:214 224:214 224:215 224:218 224:219 516:523 517:523 522:523"
"سمیعہ","کانی",4,"82 83 89 94","80:84 83:84 94:84 94:94"
"سمیعہ","کمال",33,"23 63 64 65 73 74 75 79 80 82 94 103 108 203 208 209 219 220 221 228 330 331 332 516 517 519 526","21:25 66:61 66:62 66:63 66:64 68:78 70:78 72:78 80:78 80:79 80:81 83:81 94:95 108:99 108:108 205:201 205:202 205:211 206:211 208:211 224:214 224:216 224:217 224:219 224:232 333:328 333:329 333:330 333:332 516:517 517:517 522:517 522:530"
"سمیعہ","کمند علی خان",1,"336","333:340"
"سمیعہ","کنیز",1,"94","94:95"
"سمیعہ","ہاتھی دانت",8,"64 68 69 70 71 88 93","66:63 66:71 67:71 68:71 70:71 72:71 83:93 94:93"
"سمیعہ","ہیری",4,"87 92 96 103","83:91 94:91 94:98 108:98"
"سور","شوبھا مردان",11,"123 124 125 143 144 149 522 530","125:121 125:122 125:123 125:124 125:125 148:138 148:139 148:140 148:151 525:520 525:535"
"سور","صباحت بیگم",1,"129","125:133"
"سور","صفیہ",3,"16 520 523","11:21 525:516 525:522"
"سور","ظہیر الدین بابر",4,"15 144 149 530","11:20 148:140 148:151 525:535"
"سور","عارفین بابر",3,"126 151 530","125:127 148:154 525:535"
"سور","فاطمہ",9,"246 247 521 522 523 524 527","248:244 248:247 525:518 525:519 525:520 525:521 525:522 525:523 525:529"
"سور","مالی شریف",1,"524","525:523"
"سور","مردان",19,"16 120 121 122 123 124 125 143 144 147 149 244 522 523 528","11:21 125:115 125:116 125:117 125:120 125:121 125:122 125:123 125:124 125:126 148:138 148:139 148:140 148:147 148:151 248:240 525:520 525:522 525:531"
"سور","مشاہد",48,"6 7 8 9 10 12 120 121 122 123 124 128 143 144 145 146 147 148 243 244 245 246 247 248 249 520 521 522 523 524 525","11:1 11:2 11:3 11:4 11:5 11:8 11:9 11:10 11:14 125:115 125:116 125:117 125:118 125:119 125:120 125:121 125:122 125:124 125:131 148:139 148:141 148:142 148:143 148:144 148:146 148:147 148:149 248:238 248:239 248:240 248:241 248:243 248:244 248:245 248:246 248:247 248:248 249:248 249:249 525:515 525:516 525:517 525:519 525:520 525:521 525:522 525:523 525:525"
"سور","مشتاق واہ واہ",1,"129","125:133"
"سور","نازنین بابر",2,"126 150","125:127 148:153"
"سور","نور الہدی",1,"129","125:134"
"سور","پال",2,"6 244","11:1 248:240"
"سور","پروفیسر مشتاق",1,"129","125:133"
"سور","چاچا محمد بخش",3,"120 121","125:115 125:116 125:117"
"سور","چوہدری اللہ داد خان",6,"120 121 122 124 523","125:116 125:117 125:118 125:119 125:124 525:522"
"سور","ڈاکٹر ارشد احمد",10,"6 7 15 123 146 147 148 524 525","11:1 11:2 11:3 11:19 125:122 148:145 148:147 148:149 525:523 525:525"
"سور","کمال",3,"149 521 527","148:151 525:517 525:530"
"سور","کمند علی خان",1,"129","125:134"
"سور","کیپٹن گل ریز",1,"152","148:156"
"سور","ہیری",1,"245","248:242"
"شاہ شہید","شاہ صاحب (سات پھولوں والے)",5,"76 93 94 395","76:76 93:93 94:93 94:94 395:395"
"شاہ شہید","شوبھا مردان",1,"398","395:401"
"شاہ شہید","صادق",2,"94","93:95 94:95"
"شاہ شہید","صفیہ",3,"71 74 75","76:66 76:73 76:74"
"شاہ شہید","ظہیر الدین بابر",1,"400","395:405"
"شاہ شہید","عارفین بابر",1,"400","395:405"
"شاہ شہید","لاری صاحب",3,"73 93","76:71 93:93 94:93"
"شاہ شہید","ماموں ہیرس",3,"92 93","93:91 93:93 94:93"
"شاہ شہید","محمد غنی چیمہ",1,"76","76:77"
"شاہ شہید","مردان",8,"71 73 74 95 96 393 398","76:66 76:70 76:73 93:98 94:98 395:391 395:392 395:401"
"شاہ شہید","مرزا بیٹریاں",3,"77 93 94","76:78 93:94 94:94"
"شاہ شہید","مشائلہ",2,"391 396","395:388 395:397"
"شاہ شہید","مشاہد",28,"71 72 73 74 75 76 88 89 90 91 92 93 94 390 391 393 394 395","76:66 76:67 76:68 76:69 76:70 76:71 76:72 76:73 76:74 76:76 93:83 93:84 93:85 93:86 93:88 93:90 93:92 93:93 94:93 94:94 395:385 395:386 395:387 395:388 395:391 395:393 395:394 395:395"
"شاہ شہید","مشتاق واہ واہ",2,"94","93:95 94:95"
"شاہ شہید","مظہر شاہ",2,"93","93:93 94:93"
"شاہ شہید","نازنین بابر",1,"400","395:405"
"شاہ شہید","نوراں",2,"394","395:393 395:394"
"شاہ شہید","ٹریور",2,"94","93:95 94:95"
"شاہ شہید","پال",1,"73","76:71"
"شاہ شہید","پیٹر",4,"73 78 95 96","76:71 76:81 93:98 94:98"
"شاہ شہید","چاچی مہراں",2,"97","93:101 94:101"
"شاہ شہید","چراغ دین",2,"97","93:101 94:101"
"شاہ شہید","چوہدری اللہ داد خان",9,"78 89 90 92 93 95 391","76:80 93:86 93:87 93:88 93:92 93:93 94:93 94:97 395:388"
"شاہ شہید","ڈاکٹر ارشد احمد",1,"399","395:403"
"شاہ شہید","کانی",4,"80 88 93 94","76:84 93:84 93:94 94:94"
"شاہ شہید","کمال",3,"77 94","76:78 93:95 94:95"
"شاہ شہید","کنیز",2,"94","93:95 94:95"
"شاہ شہید","ہاتھی دانت",3,"73 93","76:71 93:93 94:93"
"شاہ شہید","ہیری",3,"92 95 96","93:91 93:98 94:98"
"شاہ صاحب (سات پھولوں والے)","شوبھا مردان",2,"116 398","111:121 395:401"
"شاہ صاحب (سات پھولوں والے)","صادق",3,"94 314","93:95 94:95 309:319"
"شاہ صاحب (سات پھولوں والے)","صفیہ",4,"71 74 75 110","76:66 76:73 76:74 111:109"
"شاہ صاحب (سات پھولوں والے)","ظہیر الدین بابر",1,"400","395:405"
"شاہ صاحب (سات پھولوں والے)","عارفین بابر",1,"400","395:405"
"شاہ صاحب (سات پھولوں والے)","غفور",2,"305 306","309:302 309:304"
"شاہ صاحب (سات پھولوں والے)","فاطمہ",1,"304","309:299"
"شاہ صاحب (سات پھولوں والے)","لاری صاحب",3,"73 93","76:71 93:93 94:93"
"شاہ صاحب (سات پھولوں والے)","ماموں ہیرس",3,"92 93","93:91 93:93 94:93"
"شاہ صاحب (سات پھولوں والے)","محمد غنی چیمہ",1,"76","76:77"
"شاہ صاحب (سات پھولوں والے)","مردان",11,"71 73 74 95 96 108 111 393 398","76:66 76:70 76:73 93:98 94:98 111:105 111:106 111:112 395:391 395:392 395:401"
"شاہ صاحب (سات پھولوں والے)","مرزا بیٹریاں",3,"77 93 94","76:78 93:94 94:94"
"شاہ صاحب (سات پھولوں والے)","مشائلہ",3,"310 391 396","309:312 395:388 395:397"
"شاہ صاحب (سات پھولوں والے)","مشاہد",43,"71 72 73 74 75 76 88 89 90 91 92 93 94 107 108 109 110 111 304 305 306 307 308 310 390 391 393 394 395","76:66 76:67 76:68 76:69 76:70 76:71 76:72 76:73 76:74 76:76 93:83 93:84 93:85 93:86 93:88 93:90 93:92 93:93 94:93 94:94 111:104 111:106 111:107 111:108 111:110 111:112 309:299 309:300 309:302 309:304 309:305 309:306 309:307 309:308 309:312 395:385 395:386 395:387 395:388 395:391 395:393 395:394 395:395"
"شاہ صاحب (سات پھولوں والے)","مشتاق واہ واہ",2,"94","93:95 94:95"
"شاہ صاحب (سات پھولوں والے)","مظہر شاہ",2,"93","93:93 94:93"
"شاہ صاحب (سات پھولوں والے)","ملک معراج",1,"110","111:110"
"شاہ صاحب (سات پھولوں والے)","موسیقار آقا نواز",1,"312","309:316"
"شاہ صاحب (سات پھولوں والے)","نازنین بابر",1,"400","395:405"
"شاہ صاحب (سات پھولوں والے)","نوراں",7,"307 308 309 394","309:305 309:306 309:307 309:308 309:309 395:393 395:394"
"شاہ صاحب (سات پھولوں والے)","ٹریور",2,"94","93:95 94:95"
"شاہ صاحب (سات پھولوں والے)","پال",1,"73","76:71"
"شاہ صاحب (سات پھولوں والے)","پیٹر",5,"73 78 95 96 109","76:71 76:81 93:98 94:98 111:107"
"شاہ صاحب (سات پھولوں والے)","چاچا محمد بخش",1,"113","111:115"
"شاہ صاحب (سات پھولوں والے)","چاچی رابیاں",1,"112","111:113"
"شاہ صاحب (سات پھولوں والے)","چاچی مہراں",3,"97 106","93:101 94:101 111:101"
"شاہ صاحب (سات پھولوں والے)","چراغ دین",5,"97 106 107","93:101 94:101 111:101 111:102 111:103"
"شاہ صاحب (سات پھولوں والے)","چوہدری اللہ داد خان",15,"78 89 90 92 93 95 107 108 109 111 311 391","76:80 93:86 93:87 93:88 93:92 93:93 94:93 94:97 111:104 111:105 111:106 111:107 111:111 309:313 395:388"
"شاہ صاحب (سات پھولوں والے)","ڈاکٹر ارشد احمد",1,"399","395:403"
"شاہ صاحب (سات پھولوں والے)","کانی",4,"80 88 93 94","76:84 93:84 93:94 94:94"
"شاہ صاحب (سات پھولوں والے)","کمال",5,"77 94 109 306","76:78 93:95 94:95 111:108 309:303"
"شاہ صاحب (سات پھولوں والے)","کنیز",3,"94 306","93:95 94:95 309:304"
"شاہ صاحب (سات پھولوں والے)","ہاتھی دانت",3,"73 93","76:71 93:93 94:93"
"شاہ صاحب (سات پھولوں والے)","ہیری",3,"92 95 96","93:91 93:98 94:98"
"شوبھا مردان","صباحت بیگم",32,"128 129 130 131 132 134 135 337 341 348 349 350 351 356 357 358 471 472 473 476 478 479 480 481","123:133 124:133 125:133 126:133 127:133 129:133 130:133 132:133 135:133 135:134 135:135 136:135 342:332 342:341 343:353 344:353 345:353 346:353 347:353 350:353 359:353 359:355 359:357 359:358 468:475 469:475 472:475 477:475 477:479 479:479 482:479 482:480"
"شوبھا مردان","صفیہ",4,"60 518 521","58:62 59:62 520:516 520:522"
"شوبھا مردان","ظہیر الدین بابر",58,"135 136 137 138 139 140 151 152 153 154 355 359 360 364 365 366 367 368 369 374 375 376 377 378 403 404 405 408 409 410 437 474 475 478 479 480 535 537 538 562 563","130:140 132:140 135:140 136:140 137:140 138:140 139:140 140:140 151:151 153:151 153:153 154:153 154:154 350:360 359:360 360:360 368:360 368:361 368:362 368:363 368:364 368:365 368:366 368:367 368:368 371:368 371:377 373:377 374:377 375:377 376:377 377:377 379:377 379:378 401:405 402:405 404:405 405:405 406:405 406:410 407:410 408:410 409:410 410:410 438:436 469:479 472:479 477:479 479:479 482:479 535:535 536:535 536:538 537:538 538:538 562:563 563:563 564:563"
"شوبھا مردان","عارفین بابر",64,"40 42 124 125 126 127 128 152 153 154 360 361 365 366 367 368 369 371 372 374 375 376 377 378 379 403 404 405 406 408 409 410 473 475 477 478 479 480 482 535 536 537 562 563 564 565 566","40:40 44:40 121:127 122:127 123:127 124:127 125:127 126:127 127:127 129:127 151:154 153:154 154:154 359:362 360:362 368:362 368:364 368:367 368:368 371:368 371:371 373:371 373:376 374:376 375:376 376:376 377:376 377:377 379:377 379:378 379:379 401:405 402:405 404:405 405:405 406:405 406:406 407:406 407:409 408:409 409:409 410:409 410:410 468:478 469:478 472:478 477:478 479:478 479:479 482:479 482:482 483:482 535:535 536:535 536:537 537:537 538:537 562:562 563:562 563:563 564:563 564:564 566:564 566:566"
"شوبھا مردان","عاشق علی",4,"565 566 567","562:568 563:568 564:568 566:568"
"شوبھا مردان","فاطمہ",52,"338 437 438 456 457 458 459 460 487 488 489 491 515 516 519 520 532 533 535 537 538 546 547 548 549 550 551 557 561 566 567 568 576 577 578 579","342:335 438:437 438:439 461:451 461:453 461:455 461:456 461:457 461:458 461:459 482:492 483:492 484:492 485:492 486:492 487:492 491:492 520:510 520:512 520:518 520:519 520:520 535:529 535:531 535:535 536:535 536:539 537:539 538:539 551:541 551:542 551:543 551:544 551:545 551:546 551:547 551:548 551:549 551:550 551:551 562:552 562:560 562:571 563:571 564:571 566:571 581:571 581:573 581:574 581:575 581:576 581:577"
"شوبھا مردان","مالی شریف",11,"425 427 434 521 539 540 547 579","421:430 424:430 438:430 520:523 535:543 536:543 537:543 538:543 551:543 551:544 581:577"
"شوبھا مردان","مردان",191,"35 36 37 38 39 40 42 43 44 53 54 56 57 58 59 116 117 118 119 120 121 122 123 124 125 126 127 128 129 130 131 132 133 135 136 137 138 139 140 149 151 152 153 154 340 343 344 345 346 347 349 350 354 359 360 364 365 366 367 368 369 371 372 373 374 375 376 377 378 379 396 401 402 403 404 405 406 407 408 409 410 416 420 421 422 423 424 434 436 442 456 460 461 462 465 466 467 468 469 470 471 472 474 475 476 477 478 479 480 481 483 484 485 486 487 489 491 516 520 533 534 535 536 537 538 551 561 562 563 564 565 566 576 580 581","40:30 40:31 40:33 40:34 40:35 40:36 40:37 40:38 40:39 40:41 44:41 44:42 44:43 44:44 58:48 58:50 58:54 58:55 58:56 58:57 58:58 59:58 59:59 121:112 121:113 121:115 121:116 121:117 121:120 121:121 122:121 122:122 123:122 123:123 124:123 124:124 125:124 125:126 126:126 127:126 127:127 129:127 129:129 130:129 130:130 132:130 132:132 135:132 135:136 136:136 137:136 137:137 138:137 138:138 139:138 139:139 140:139 140:140 151:147 151:151 153:151 153:153 154:153 154:154 342:339 342:345 343:345 344:345 345:345 346:345 346:346 347:346 347:348 350:348 350:349 350:350 359:350 359:360 360:360 368:360 368:361 368:363 368:364 368:365 368:366 368:367 368:368 371:368 371:371 373:371 373:373 374:373 374:374 375:374 375:375 376:375 376:376 377:376 377:377 379:377 379:378 379:379 401:391 401:392 401:401 402:401 402:402 404:402 404:404 405:404 405:405 406:405 406:406 407:406 407:407 408:407 408:408 409:408 409:409 410:409 410:410 421:412 421:420 421:421 424:421 424:422 424:423 424:424 438:430 438:431 438:435 438:446 461:452 461:460 461:461 462:461 462:462 468:462 468:463 468:464 468:465 468:466 468:468 469:468 469:469 472:469 472:470 472:472 477:472 477:474 477:476 477:477 479:477 479:478 479:479 482:479 482:480 482:484 483:484 484:484 485:484 485:485 486:485 486:486 487:486 487:487 491:487 491:491 520:512 520:520 535:531 535:533 535:535 536:535 536:536 537:536 537:537 538:537 538:538 551:551 562:561 562:562 563:562 563:563 564:563 564:564 566:564 566:566 581:572 581:580 581:582"
"شوبھا مردان","مرزا بیٹریاں",5,"477 479 480 482","472:482 477:482 479:482 482:482 483:482"
"شوبھا مردان","مسز حسین",33,"361 362 366 367 368 369 405 406 407 408 409 410 416 420 421 422 427 434 435 460 462 465 470 471 472 475","359:364 360:364 368:364 368:365 368:366 368:367 368:368 371:368 401:410 402:410 404:410 405:410 406:410 407:410 408:410 409:410 410:410 421:412 421:420 421:421 424:421 424:431 438:431 438:432 461:460 461:463 462:463 468:463 468:473 469:473 472:473 477:473 477:474"
"شوبھا مردان","مشائلہ",16,"339 340 378 379 380 381 399 400 425 427 434","342:336 342:337 342:338 342:339 373:383 374:383 375:383 376:383 377:383 379:383 401:397 401:398 401:399 421:430 424:430 438:430"
"شوبھا مردان","مشاہد",200,"35 36 37 38 39 40 42 43 45 53 54 55 56 57 58 59 116 117 118 119 120 121 122 123 124 128 129 130 131 135 137 138 139 140 146 147 148 149 150 151 152 156 157 337 338 339 340 365 369 370 376 377 378 379 380 396 397 398 399 400 401 402 403 404 405 406 407 408 410 416 419 420 422 424 433 434 435 438 456 457 458 459 460 465 468 469 470 471 472 475 479 480 481 486 487 488 490 491 515 517 518 519 520 530 531 532 533 534 535 536 537 538 546 547 548 549 550 551 557 558 559 560 561 562 567 568 576 577 578 579 580 581","40:30 40:31 40:32 40:33 40:34 40:36 40:37 40:38 40:39 40:41 44:41 44:42 44:46 58:48 58:49 58:50 58:51 58:52 58:53 58:54 58:56 58:57 58:58 59:58 59:60 121:112 121:113 121:115 121:116 121:117 121:118 121:119 121:120 121:121 122:121 122:122 123:122 123:124 124:124 125:124 125:131 126:131 127:131 129:131 130:131 132:131 132:139 135:139 136:139 137:139 138:139 139:139 140:139 140:141 151:141 151:142 151:143 151:144 151:146 151:147 151:149 151:152 153:152 153:160 154:160 342:333 342:334 342:335 342:337 342:338 360:370 368:370 371:370 371:381 373:381 374:381 375:381 376:381 377:381 379:381 401:391 401:393 401:394 401:395 401:396 401:397 401:399 401:401 402:401 402:402 404:402 404:403 404:404 405:404 405:406 406:406 407:406 407:407 408:407 408:408 409:408 409:411 410:411 421:411 421:418 421:419 421:424 424:424 438:428 438:429 438:430 438:431 438:433 438:438 461:451 461:452 461:453 461:454 461:455 461:456 461:457 461:458 461:459 461:460 461:469 462:469 468:469 469:469 472:469 472:470 472:473 477:473 477:474 477:481 479:481 482:481 482:490 483:490 484:490 485:490 486:490 487:490 491:490 491:492 520:510 520:515 520:516 520:517 520:519 520:520 535:525 535:526 535:527 535:529 535:531 535:532 535:533 535:534 535:535 536:535 536:536 537:536 537:537 538:537 538:538 551:541 551:542 551:543 551:544 551:545 551:546 551:547 551:548 551:549 551:550 551:551 562:552 562:553 562:554 562:555 562:556 562:557 562:558 562:560 562:561 562:562 563:562 563:571 564:571 566:571 581:571 581:573 581:574 581:575 581:576 581:577 581:578 581:579 581:580 581:582"
"شوبھا مردان","مشتاق واہ واہ",9,"128 129 130 131 132 134","123:133 124:133 125:133 126:133 127:133 129:133 130:133 132:133 135:133"
"شوبھا مردان","مولوی احتشام الدین",14,"347 348 349 351 355 462 465 466 468","342:352 343:352 344:352 345:352 346:352 347:352 350:352 359:352 461:463 462:463 468:463 468:464 468:468 469:468"
"شوبھا مردان","مہر النساء",4,"464 465 468","461:468 462:468 468:468 469:468"
"شوبھا مردان","نازنین بابر",47,"124 125 126 127 128 152 153 154 360 361 365 368 369 371 372 375 376 377 378 379 403 404 405 406 408 409 410 473 475 477 478 562 563","121:127 122:127 123:127 124:127 125:127 126:127 127:127 129:127 151:153 153:153 154:153 154:154 359:362 360:362 368:362 368:368 371:368 371:371 373:371 373:377 374:377 375:377 376:377 377:377 379:377 379:378 379:379 401:405 402:405 404:405 405:405 406:405 406:406 407:406 407:409 408:409 409:409 410:409 410:410 468:478 469:478 472:478 477:478 479:478 562:563 563:563 564:563"
"شوبھا مردان","نمبردار اللہ دوایا",20,"404 405 406 407 408 412 418 419 420 421 422 423 424 438","401:408 402:408 404:408 405:408 406:408 407:408 408:408 409:408 409:415 410:415 421:415 421:416 421:417 421:419 421:421 424:421 424:422 424:423 424:424 438:438"
"شوبھا مردان","نور الہدی",29,"129 130 131 132 133 134 135 136 342 343 349 350 352 356 357 471 472 473 476 478 479 481","124:134 125:134 126:134 127:134 129:134 130:134 132:134 135:134 135:135 136:135 136:136 137:136 342:343 343:343 344:343 344:354 345:354 346:354 347:354 350:354 359:354 359:356 468:475 469:475 472:475 477:475 477:480 479:480 482:480"
"شوبھا مردان","نوراں",19,"364 368 370 376 377 378 379 380 397 541 542 548 549","359:369 360:369 368:369 371:369 371:381 373:381 374:381 375:381 376:381 377:381 379:381 401:393 401:394 536:546 537:546 538:546 551:546 551:547 551:548"
"شوبھا مردان","پال",6,"44 46 53 55 59","40:49 44:49 58:49 58:52 58:60 59:60"
"شوبھا مردان","پروفیسر مشتاق",9,"128 129 130 131 132 134","123:133 124:133 125:133 126:133 127:133 129:133 130:133 132:133 135:133"
"شوبھا مردان","پیٹر",6,"44 46 53 55 59","40:49 44:49 58:49 58:52 58:60 59:60"
"شوبھا مردان","چاچا محمد بخش",6,"44 46 53 118 119","40:48 44:48 58:48 121:115 121:116 121:117"
"شوبھا مردان","چاچی رابیاں",1,"117","121:113"
"شوبھا مردان","چوہدری اللہ داد خان",55,"44 46 53 55 58 59 116 117 118 119 120 122 123 124 346 347 348 350 354 377 378 379 380 404 405 406 407 414 420 463 466 521 535 536 567 568 569 576","40:48 44:48 58:48 58:53 58:59 59:59 121:111 121:113 121:114 121:116 121:117 121:118 121:119 121:124 122:124 123:124 124:124 125:124 342:350 343:350 344:350 345:350 346:350 347:350 350:350 359:350 373:382 374:382 375:382 376:382 377:382 379:382 401:407 402:407 404:407 405:407 406:407 407:407 408:407 409:419 410:419 421:419 421:420 461:465 462:465 468:465 520:522 535:536 536:536 537:536 562:572 563:572 564:572 566:572 581:572"
"شوبھا مردان","ڈاکٹر ارشد احمد",41,"121 122 140 141 142 148 149 150 156 157 402 403 404 422 424 435 436 437 483 485 486 487 489 490 492 521 530 533","121:122 122:122 123:122 135:145 136:145 137:145 138:145 139:145 140:145 151:145 151:147 151:149 151:150 151:161 153:161 154:161 401:403 402:403 404:403 404:404 405:404 421:424 424:424 438:432 438:433 438:434 438:435 438:436 479:488 482:488 483:488 484:488 485:488 486:488 487:488 491:488 491:489 491:493 520:523 535:525 535:532"
"شوبھا مردان","کمال",28,"45 47 54 59 60 151 152 337 361 365 472 474 476 480 481 483 484 485 486 518 525 532","40:50 44:50 58:50 58:61 59:61 151:151 153:151 342:332 359:363 360:363 368:363 468:476 469:476 472:476 477:476 477:484 479:484 482:484 483:484 484:484 485:484 485:485 486:485 486:486 487:486 520:517 520:530 535:530"
"شوبھا مردان","کمند علی خان",34,"129 130 131 132 133 134 135 341 342 343 348 349 350 351 356 357 358 471 472 473 476 478 479 481","124:134 125:134 126:134 127:134 129:134 130:134 132:134 135:134 135:135 136:135 342:340 342:342 343:342 343:343 344:343 344:353 345:353 346:353 347:353 350:353 359:353 359:354 359:355 359:356 359:357 359:358 468:475 469:475 472:475 477:475 477:476 477:480 479:480 482:480"
"شوبھا مردان","کیپٹن خانزادہ",5,"563 564 565 567","562:564 563:564 564:564 566:564 566:568"
"شوبھا مردان","کیپٹن گل ریز",12,"153 154 155 360 361 365 562 565 566 567","151:156 153:156 154:156 359:362 360:362 368:362 368:363 562:562 563:562 563:568 564:568 566:568"
"شوبھا مردان","ہاتھی دانت",2,"60 61","58:63 59:63"
"صادق","لاری صاحب",1,"94","95:93"
"صادق","ماموں ہیرس",2,"93 94","95:91 95:93"
"صادق","مردان",2,"96 320","95:98 319:321"
"صادق","مرزا بیٹریاں",1,"94","95:94"
"صادق","مشائلہ",2,"315 319","319:312 319:320"
"صادق","مشاہد",15,"90 91 92 93 94 96 315 316 317 318 319","95:85 95:86 95:88 95:90 95:92 95:93 95:94 95:97 319:312 319:313 319:314 319:316 319:317 319:318 319:319"
"صادق","مشتاق واہ واہ",1,"95","95:95"
"صادق","مظہر شاہ",1,"94","95:93"
"صادق","موسیقار آقا نواز",3,"317 318","319:316 319:317 319:318"
"صادق","نوراں",1,"314","319:309"
"صادق","ٹریور",1,"95","95:95"
"صادق","پیٹر",1,"96","95:98"
"صادق","چاچی مہراں",1,"98","95:101"
"صادق","چراغ دین",1,"98","95:101"
"صادق","چوہدری اللہ داد خان",7,"90 91 93 94 96 316","95:86 95:87 95:88 95:92 95:93 95:97 319:313"
"صادق","کانی",1,"94","95:94"
"صادق","کمال",2,"95 323","95:95 319:328"
"صادق","کنیز",1,"95","95:95"
"صادق","ہاتھی دانت",1,"94","95:93"
"صادق","ہیری",2,"93 96","95:91 95:98"
"صباحت بیگم","ظہیر الدین بابر",10,"136 137 356 357 358 359 477 479","133:140 134:140 135:140 353:360 355:360 357:360 358:360 475:479 479:479 480:479"
"صباحت بیگم","عارفین بابر",10,"130 357 358 359 360 476 478 479 481","133:127 353:362 355:362 357:362 358:362 475:478 479:478 479:479 480:479 480:482"
"صباحت بیگم","فاطمہ",2,"333 338","332:335 341:335"
"صباحت بیگم","مردان",38,"128 129 130 131 132 134 135 328 331 335 340 343 349 350 351 356 357 358 359 470 471 472 473 474 475 477 478 479 480","133:123 133:124 133:126 133:127 133:129 133:130 133:132 133:136 134:136 135:136 332:325 332:331 332:339 341:339 341:345 353:345 353:346 353:348 353:349 353:350 353:360 355:360 357:360 358:360 475:465 475:466 475:468 475:469 475:470 475:472 475:474 475:476 479:476 479:477 479:478 479:479 480:479 480:480"
"صباحت بیگم","مرزا بیٹریاں",3,"478 480 481","475:482 479:482 480:482"
"صباحت بیگم","مسز حسین",5,"359 360 361 474","355:364 357:364 358:364 475:473 475:474"
"صباحت بیگم","مشائلہ",11,"327 328 329 331 334 338 339 340","332:322 332:323 332:324 332:325 332:326 332:331 332:336 341:336 341:337 341:338 341:339"
"صباحت بیگم","مشاہد",23,"128 132 136 137 327 328 329 331 332 337 338 339 472 474 478 480","133:124 133:131 133:139 134:139 135:139 332:322 332:324 332:325 332:326 332:331 332:333 341:333 341:334 341:335 341:337 341:338 475:469 475:470 475:473 475:474 475:481 479:481 480:481"
"صباحت بیگم","مشتاق واہ واہ",2,"133","133:133 134:133"
"صباحت بیگم","مولوی احتشام الدین",2,"352 471","353:352 475:468"
"صباحت بیگم","مہر النساء",1,"471","475:468"
"صباحت بیگم","نازنین بابر",7,"130 357 358 359 360 476 478","133:127 353:362 355:362 357:362 358:362 475:478 479:478"
"صباحت بیگم","نور الہدی",14,"133 134 135 342 348 353 354 355 356 475 477 479 480","133:134 134:134 135:134 135:135 341:343 353:343 353:354 355:354 355:356 357:356 475:475 479:475 479:480 480:480"
"صباحت بیگم","پروفیسر مشتاق",2,"133","133:133 134:133"
"صباحت بیگم","چوہدری اللہ داد خان",5,"128 331 345 351 470","133:124 332:331 341:350 353:350 475:465"
"صباحت بیگم","ڈاکٹر ارشد احمد",3,"140 483 484","135:145 479:488 480:488"
"صباحت بیگم","کمال",13,"330 331 332 336 358 359 360 475 477 481 482","332:328 332:329 332:330 332:332 341:332 353:363 355:363 357:363 358:363 475:476 479:476 479:484 480:484"
"صباحت بیگم","کمند علی خان",22,"133 134 135 336 340 341 348 353 354 355 356 357 358 475 477 479 480","133:134 134:134 135:134 135:135 332:340 341:340 341:342 353:343 353:353 355:353 355:354 355:355 357:355 357:356 357:357 358:357 358:358 475:475 479:475 479:476 479:480 480:480"
"صباحت بیگم","کیپٹن گل ریز",4,"357 358 359 360","353:362 355:362 357:362 358:362"
"صفیہ","ظہیر الدین بابر",1,"20","21:20"
"صفیہ","فاطمہ",9,"512 513 514 517 520 521 522","516:508 516:510 516:512 516:518 522:518 522:519 522:520 522:521 522:522"
"صفیہ","لاری صاحب",3,"66 68 72","62:71 66:71 73:71"
"صفیہ","مالی شریف",3,"512 519 522","516:509 516:523 522:523"
"صفیہ","محمد غنی چیمہ",2,"75","73:77 74:77"
"صفیہ","مردان",23,"21 58 59 60 64 66 69 71 73 107 110 511 512 514 518 521 522","21:21 62:54 62:55 62:56 62:57 62:58 62:59 62:66 66:66 73:66 73:70 73:73 74:73 109:105 109:106 109:112 516:506 516:507 516:508 516:512 516:520 522:520 522:522"
"صفیہ","مرزا بیٹریاں",2,"75 76","73:78 74:78"
"صفیہ","مشاہد",48,"17 18 19 20 21 57 58 59 60 61 62 64 65 66 69 70 71 72 73 74 104 106 107 108 109 511 512 513 515 516 519 520 521 522","21:14 21:16 21:18 21:19 21:20 21:21 62:52 62:53 62:54 62:56 62:57 62:58 62:60 62:61 62:62 66:62 66:63 66:64 66:66 73:66 73:67 73:68 73:69 73:70 73:71 73:72 73:73 74:73 74:74 109:99 109:104 109:106 109:107 109:108 109:110 516:506 516:507 516:508 516:509 516:510 516:515 516:516 522:516 522:517 522:519 522:520 522:521 522:522"
"صفیہ","ملک معراج",1,"109","109:110"
"صفیہ","پال",5,"57 61 66 68 72","62:52 62:60 62:71 66:71 73:71"
"صفیہ","پیٹر",8,"57 61 66 68 72 77 108","62:52 62:60 62:71 66:71 73:71 73:81 74:81 109:107"
"صفیہ","چاچا محمد بخش",1,"112","109:115"
"صفیہ","چاچی رابیاں",1,"111","109:113"
"صفیہ","چاچی مہراں",1,"105","109:101"
"صفیہ","چراغ دین",3,"105 106","109:101 109:102 109:103"
"صفیہ","چوہدری اللہ داد خان",14,"57 60 63 65 76 77 104 106 107 108 110 519 522","62:53 62:59 62:64 66:64 73:80 74:80 109:100 109:104 109:105 109:106 109:107 109:111 516:522 522:522"
"صفیہ","ڈاکٹر ارشد احمد",3,"20 519 522","21:19 516:523 522:523"
"صفیہ","کانی",1,"79","74:84"
"صفیہ","کمال",13,"23 61 62 64 65 75 76 104 108 516 519 526","21:25 62:61 62:62 66:62 66:63 66:64 73:78 74:78 109:99 109:108 516:517 522:517 522:530"
"صفیہ","ہاتھی دانت",4,"62 64 68 72","62:63 66:63 66:71 73:71"
"ظہیر الدین بابر","عارفین بابر",42,"152 153 154 155 156 157 158 159 361 362 363 364 366 367 368 372 374 376 377 378 405 407 408 409 410 478 479 535 536 537 562 563","151:154 153:154 154:154 155:154 155:155 156:155 156:156 157:156 157:157 158:157 158:159 159:159 360:362 361:362 362:362 363:362 363:364 364:364 365:364 365:367 366:367 367:367 368:367 368:368 377:368 377:371 377:376 377:377 378:377 378:378 405:405 410:405 410:406 410:409 410:410 479:478 479:479 535:535 538:535 538:537 563:562 563:563"
"ظہیر الدین بابر","عاشق علی",1,"565","563:568"
"ظہیر الدین بابر","فاطمہ",8,"436 532 533 535 536 538 561 567","436:437 535:529 535:531 535:535 538:535 538:539 563:560 563:571"
"ظہیر الدین بابر","مالی شریف",3,"433 539 540","436:430 535:543 538:543"
"ظہیر الدین بابر","مردان",82,"20 135 136 138 139 140 149 151 152 153 154 155 156 157 158 159 355 360 361 362 363 364 365 366 367 368 372 374 375 376 377 378 403 404 405 407 408 409 410 433 435 441 474 475 476 477 478 479 533 534 535 536 537 538 562 563","20:21 140:130 140:132 140:136 140:137 140:138 140:139 140:140 151:147 151:151 153:151 153:153 154:153 154:154 155:154 155:155 156:155 156:156 157:156 157:157 158:157 158:158 159:158 159:159 360:350 360:360 361:360 361:361 362:361 362:363 363:363 364:363 364:364 365:364 365:365 366:365 366:366 367:366 367:367 368:367 368:368 377:368 377:371 377:373 377:374 377:375 377:376 377:377 378:377 378:378 405:401 405:402 405:404 405:405 410:405 410:406 410:407 410:408 410:409 410:410 436:430 436:431 436:435 436:446 479:469 479:470 479:472 479:474 479:476 479:477 479:478 479:479 535:531 535:533 535:535 538:535 538:536 538:537 538:538 563:561 563:562 563:563"
"ظہیر الدین بابر","مرزا بیٹریاں",1,"480","479:482"
"ظہیر الدین بابر","مسز حسین",20,"362 363 364 365 366 367 368 372 407 410 433 434 476","360:364 361:364 362:364 363:364 364:364 365:364 365:365 366:365 366:366 367:366 367:367 368:367 368:368 377:368 405:410 410:410 436:431 436:432 479:473 479:474"
"ظہیر الدین بابر","مشائلہ",6,"380 401 402 433","377:383 378:383 405:397 405:398 405:399 436:430"
"ظہیر الدین بابر","مشاہد",85,"15 17 18 19 20 135 139 140 146 147 148 149 150 151 152 156 157 158 159 365 366 367 368 369 373 379 400 401 402 403 404 405 408 409 410 431 432 433 434 437 474 476 480 530 531 532 533 534 535 536 537 538 558 559 560 561 562 567","20:10 20:14 20:16 20:18 20:19 20:20 140:131 140:139 140:141 151:141 151:142 151:143 151:144 151:146 151:147 151:149 151:152 153:152 153:160 154:160 155:160 156:160 157:160 158:160 159:160 360:370 361:370 362:370 363:370 364:370 365:370 366:370 367:370 368:370 377:370 377:381 378:381 405:395 405:396 405:397 405:399 405:401 405:402 405:403 405:404 405:406 410:406 410:407 410:408 410:411 436:427 436:428 436:429 436:430 436:431 436:433 436:438 479:469 479:470 479:473 479:474 479:481 535:525 535:526 535:527 535:529 535:531 535:532 535:533 535:534 535:535 538:535 538:536 538:537 538:538 563:553 563:554 563:555 563:556 563:557 563:558 563:560 563:561 563:562 563:571"
"ظہیر الدین بابر","مشتاق واہ واہ",1,"136","140:133"
"ظہیر الدین بابر","مولوی احتشام الدین",1,"356","360:352"
"ظہیر الدین بابر","نازنین بابر",34,"152 153 154 155 156 157 158 159 361 362 365 366 367 368 372 374 377 378 405 407 408 409 410 478 563","151:153 153:153 154:153 154:154 155:154 155:156 156:156 157:156 157:157 158:157 158:159 159:159 360:362 361:362 362:362 363:362 363:368 364:368 365:368 366:368 367:368 368:368 377:368 377:371 377:377 378:377 378:378 405:405 410:405 410:406 410:409 410:410 479:478 563:563"
"ظہیر الدین بابر","نمبردار اللہ دوایا",4,"406 409 412 437","405:408 410:408 410:415 436:438"
"ظہیر الدین بابر","نور الہدی",7,"137 138 357 358 477 479","140:134 140:135 140:136 360:354 360:356 479:475 479:480"
"ظہیر الدین بابر","نوراں",13,"364 365 366 367 368 373 379 542","360:369 361:369 362:369 363:369 364:369 365:369 366:369 367:369 368:369 377:369 377:381 378:381 538:546"
"ظہیر الدین بابر","پروفیسر مشتاق",1,"136","140:133"
"ظہیر الدین بابر","چوہدری اللہ داد خان",9,"355 379 380 406 408 414 535 537 567","360:350 377:382 378:382 405:407 410:407 410:419 535:536 538:536 563:572"
"ظہیر الدین بابر","ڈاکٹر ارشد احمد",24,"19 142 148 149 150 156 157 158 159 160 404 434 435 436 483 530 533","20:19 140:145 151:145 151:147 151:149 151:150 151:161 153:161 154:161 155:161 156:161 157:161 158:161 159:161 405:403 405:404 436:432 436:433 436:434 436:435 436:436 479:488 535:525 535:532"
"ظہیر الدین بابر","کمال",13,"22 151 152 163 361 362 363 477 481 532","20:25 151:151 153:151 158:168 159:168 360:363 361:363 362:363 363:363 364:363 479:476 479:484 535:530"
"ظہیر الدین بابر","کمند علی خان",11,"137 356 357 358 359 477 479","140:134 140:135 360:353 360:354 360:355 360:356 360:357 360:358 479:475 479:476 479:480"
"ظہیر الدین بابر","کیپٹن خانزادہ",1,"563","563:564"
"ظہیر الدین بابر","کیپٹن گل ریز",14,"153 154 155 156 361 362 363 562 565","151:156 153:156 154:156 155:156 156:156 157:156 360:362 361:362 362:362 363:362 363:363 364:363 563:562 563:568"
"عارفین بابر","عاشق علی",4,"565 566 567","562:568 563:568 564:568 566:568"
"عارفین بابر","فاطمہ",12,"487 532 533 535 536 538 557 561 566 567 568","482:492 535:529 535:531 535:535 537:535 537:539 562:552 562:560 562:571 563:571 564:571 566:571"
"عارفین بابر","مالی شریف",2,"539 540","535:543 537:543"
"عارفین بابر","مردان",94,"35 36 37 38 39 40 122 123 124 125 126 127 150 152 153 154 155 156 157 158 159 361 362 363 364 365 366 367 368 369 371 373 374 375 376 377 378 379 403 404 405 406 407 408 409 410 473 474 475 476 477 478 479 480 481 483 533 534 535 536 537 561 562 563 564 565 566","40:30 40:31 40:33 40:34 40:35 40:36 40:37 40:38 40:39 40:41 127:117 127:120 127:121 127:122 127:123 127:124 127:126 127:127 154:147 154:151 154:153 154:154 155:154 155:155 156:155 156:156 157:156 157:157 159:157 159:158 159:159 362:360 362:361 362:363 364:363 364:364 367:364 367:365 367:366 367:367 368:367 368:368 371:368 371:371 376:371 376:373 376:374 376:375 376:376 377:376 377:377 378:377 378:378 379:378 379:379 405:401 405:402 405:404 405:405 406:405 406:406 409:406 409:407 409:408 409:409 410:409 410:410 478:468 478:469 478:470 478:472 478:474 478:476 478:477 478:478 479:478 479:479 482:479 482:480 482:484 535:531 535:533 535:535 537:535 537:536 537:537 562:561 562:562 563:562 563:563 564:563 564:564 566:564 566:566"
"عارفین بابر","مرزا بیٹریاں",3,"480 482","478:482 479:482 482:482"
"عارفین بابر","مسز حسین",15,"363 364 365 366 367 368 369 407 408 409 410 475 476","362:364 364:364 367:364 367:365 367:366 367:367 368:367 368:368 371:368 405:410 406:410 409:410 410:410 478:473 478:474"
"عارفین بابر","مشائلہ",7,"379 380 381 401 402","376:383 377:383 378:383 379:383 405:397 405:398 405:399"
"عارفین بابر","مشاہد",87,"35 36 37 38 39 40 122 123 124 125 129 149 150 151 153 157 158 159 366 367 368 369 370 376 378 379 380 400 401 402 403 404 405 406 407 408 410 473 474 475 476 479 480 481 486 530 531 532 533 534 535 536 537 557 558 559 560 561 562 567 568","40:30 40:31 40:32 40:33 40:34 40:36 40:37 40:38 40:39 40:41 127:117 127:118 127:119 127:120 127:121 127:122 127:124 127:131 154:144 154:146 154:147 154:149 154:152 154:160 155:160 156:160 157:160 159:160 362:370 364:370 367:370 368:370 371:370 371:381 376:381 377:381 378:381 379:381 405:395 405:396 405:397 405:399 405:401 405:402 405:403 405:404 405:406 406:406 409:406 409:407 409:408 409:411 410:411 478:469 478:470 478:473 478:474 478:481 479:481 482:481 482:490 535:525 535:526 535:527 535:529 535:531 535:532 535:533 535:534 535:535 537:535 537:536 537:537 562:552 562:553 562:554 562:555 562:556 562:557 562:558 562:560 562:561 562:562 563:562 563:571 564:571 566:571"
"عارفین بابر","مشتاق واہ واہ",1,"130","127:133"
"عارفین بابر","مولوی احتشام الدین",2,"357 473","362:352 478:468"
"عارفین بابر","مہر النساء",1,"473","478:468"
"عارفین بابر","نازنین بابر",36,"127 153 154 155 156 157 158 159 362 363 366 367 368 369 371 373 376 377 378 379 405 406 407 409 410 478 562 563","127:127 154:153 154:154 155:154 155:156 156:156 157:156 157:157 159:157 159:159 362:362 364:362 364:368 367:368 368:368 371:368 371:371 376:371 376:377 377:377 378:377 378:378 379:378 379:379 405:405 406:405 406:406 409:406 409:409 410:409 410:410 478:478 479:478 562:563 563:563 564:563"
"عارفین بابر","نمبردار اللہ دوایا",5,"406 407 408 412","405:408 406:408 409:408 409:415 410:415"
"عارفین بابر","نور الہدی",7,"130 358 359 476 479 481","127:134 362:354 362:356 478:475 478:480 479:480 482:480"
"عارفین بابر","نوراں",11,"365 366 368 370 376 378 379 380 541","362:369 364:369 367:369 368:369 371:369 371:381 376:381 377:381 378:381 379:381 537:546"
"عارفین بابر","پال",1,"44","40:49"
"عارفین بابر","پروفیسر مشتاق",1,"130","127:133"
"عارفین بابر","پیٹر",1,"44","40:49"
"عارفین بابر","چاچا محمد بخش",2,"44 122","40:48 127:117"
"عارفین بابر","چوہدری اللہ داد خان",20,"44 122 123 125 379 380 406 408 414 535 536 567 568 569","40:48 127:117 127:118 127:119 127:124 376:382 377:382 378:382 379:382 405:407 406:407 409:407 409:419 410:419 535:536 537:536 562:572 563:572 564:572 566:572"
"عارفین بابر","ڈاکٹر ارشد احمد",17,"124 149 150 151 152 157 158 159 160 404 483 485 530 533","127:122 154:145 154:147 154:149 154:150 154:161 155:161 156:161 157:161 159:161 405:403 405:404 478:488 479:488 482:488 535:525 535:532"
"عارفین بابر","کمال",10,"45 152 163 362 363 477 481 483 532","40:50 154:151 159:168 362:363 364:363 478:476 478:484 479:484 482:484 535:530"
"عارفین بابر","کمند علی خان",12,"130 357 358 359 360 476 477 479 481","127:134 362:353 362:354 362:355 362:356 362:357 362:358 478:475 478:476 478:480 479:480 482:480"
"عارفین بابر","کیپٹن خانزادہ",5,"563 564 565 567","562:564 563:564 564:564 566:564 566:568"
"عارفین بابر","کیپٹن گل ریز",12,"155 156 362 363 562 565 566 567","154:156 155:156 156:156 157:156 362:362 364:362 364:363 562:562 563:562 563:568 564:568 566:568"
"عاشق علی","فاطمہ",3,"564 569 570","568:560 568:571 569:571"
"عاشق علی","مالی شریف",2,"572 573","568:577 569:577"
"عاشق علی","مردان",8,"564 565 566 567 568 569","568:561 568:562 568:563 568:564 568:566 568:568 569:568 569:569"
"عاشق علی","مشاہد",6,"563 564 565 569 570","568:558 568:560 568:561 568:562 568:571 569:571"
"عاشق علی","نازنین بابر",1,"565","568:563"
"عاشق علی","چوہدری اللہ داد خان",2,"570","568:572 569:572"
"عاشق علی","کیپٹن خانزادہ",4,"566 568 569","568:564 568:568 569:568 569:569"
"عاشق علی","کیپٹن گل ریز",4,"565 568 569","568:562 568:568 569:568 569:569"
"غفور","فاطمہ",1,"300","302:299"
"غفور","مشائلہ",2,"307 308","302:312 304:312"
"غفور","مشاہد",11,"297 298 299 300 301 302 303 304","302:292 302:293 302:294 302:295 302:296 302:298 302:299 302:300 302:302 304:302 304:304"
"غفور","نوراں",2,"303 304","302:305 304:305"
"غفور","چوہدری اللہ داد خان",1,"308","304:313"
"غفور","ڈاکٹر ارشد احمد",1,"297","302:292"
"غفور","کمال",2,"302 303","302:303 304:303"
"غفور","کنیز",2,"303 304","302:304 304:304"
"فاطمہ","مالی شریف",27,"433 504 505 508 509 520 521 522 523 526 539 541 542 543 544 574 575 576 577","437:430 500:509 501:509 508:509 510:509 518:523 519:523 520:523 521:523 522:523 523:523 529:523 535:543 539:543 540:543 541:543 542:543 543:543 544:543 544:544 545:544 571:577 573:577 574:577 575:577 576:577 577:577"
"فاطمہ","مردان",96,"242 282 283 284 330 333 337 433 434 436 441 442 443 444 445 448 450 451 452 456 457 458 459 488 489 491 493 494 498 500 501 504 506 507 508 509 511 512 515 519 520 521 522 527 530 531 533 534 535 537 538 539 540 546 547 548 549 550 551 556 560 566 567 568 569 570 571 572 576 577 578","244:240 278:286 281:286 282:286 335:325 335:331 335:339 437:430 437:431 437:435 437:446 439:446 441:446 442:446 443:446 444:446 451:446 451:449 451:452 453:452 453:460 455:460 456:460 457:460 458:460 459:460 492:484 492:485 492:486 492:487 492:491 492:494 495:494 495:501 496:501 500:501 501:501 508:501 508:505 508:506 508:507 508:508 510:508 510:512 512:512 518:512 518:520 519:520 520:520 521:520 521:522 522:522 523:522 523:531 529:531 531:531 535:531 535:533 535:535 539:535 539:536 539:537 539:538 539:539 540:539 540:540 541:540 541:551 542:551 543:551 544:551 545:551 546:551 547:551 548:551 549:551 550:551 551:551 552:551 552:561 560:561 571:561 571:562 571:563 571:564 571:566 571:568 571:569 571:570 571:572 573:572 573:580 574:580 575:580 576:580 577:580"
"فاطمہ","مرزا بیٹریاں",1,"487","492:482"
"فاطمہ","مسز حسین",9,"434 455 456 457 458 459","437:431 437:432 451:460 453:460 455:460 456:460 457:460 458:460 459:460"
"فاطمہ","مشائلہ",5,"330 333 335 433","335:325 335:326 335:331 335:336 437:430"
"فاطمہ","مشاہد",187,"240 241 242 243 244 245 246 247 266 267 268 269 270 271 272 273 275 276 277 279 281 282 294 295 296 297 298 299 330 333 334 335 432 433 434 435 437 438 439 440 441 442 443 444 447 448 449 450 451 452 453 454 455 456 457 458 459 491 492 493 494 495 496 498 499 500 501 504 505 506 507 508 509 510 511 513 516 517 518 519 520 521 522 523 526 527 528 529 530 531 533 534 535 537 538 539 540 541 542 543 544 545 546 547 548 549 550 551 552 556 557 558 559 560 566 571 572 573 574 575 576 577","244:236 244:237 244:238 244:239 244:240 244:241 244:243 244:244 247:244 247:245 247:246 247:247 271:261 271:263 271:264 271:266 271:267 271:268 271:269 271:271 273:271 273:272 273:273 278:273 278:274 278:276 278:277 278:281 281:281 282:281 282:283 299:289 299:291 299:292 299:293 299:294 299:295 299:296 299:298 299:299 335:325 335:326 335:331 335:333 335:334 335:335 437:427 437:428 437:429 437:430 437:431 437:433 437:438 439:438 439:439 441:439 441:441 442:441 442:442 443:442 443:443 444:443 444:444 451:444 451:446 451:447 451:448 451:449 451:450 451:451 453:451 453:452 453:453 455:453 455:454 455:455 456:455 456:456 457:456 457:457 458:457 458:458 459:458 459:459 492:490 492:492 495:492 495:493 495:494 495:495 496:495 496:496 500:496 500:497 500:498 500:499 500:500 501:500 501:501 508:501 508:502 508:504 508:506 508:507 508:508 510:508 510:509 510:510 512:510 512:515 518:515 518:516 518:517 518:519 519:519 520:519 520:520 521:520 521:521 522:521 522:522 523:522 523:523 529:523 529:525 529:526 529:527 529:529 531:529 531:531 535:531 535:532 535:533 535:534 535:535 539:535 539:536 539:537 539:538 539:539 540:539 540:540 541:540 541:541 542:541 542:542 543:542 543:543 544:543 544:544 545:544 545:545 546:545 546:546 547:546 547:547 548:547 548:548 549:548 549:549 550:549 550:550 551:550 551:551 552:551 552:552 560:552 560:553 560:554 560:555 560:556 560:557 560:558 560:560 571:561 571:562 571:571 573:571 573:573 574:573 574:574 575:574 575:575 576:575 576:576 577:576 577:577"
"فاطمہ","مولوی احتشام الدین",6,"458 459 460 461","453:463 455:463 456:463 457:463 458:463 459:463"
"فاطمہ","مہر النساء",2,"463","458:468 459:468"
"فاطمہ","نازنین بابر",2,"561 567","560:563 571:563"
"فاطمہ","نمبردار اللہ دوایا",2,"437 438","437:438 439:438"
"فاطمہ","نور الہدی",1,"339","335:343"
"فاطمہ","نوراں",14,"302 542 543 544 545 546 547 548","299:305 539:546 540:546 541:546 542:546 543:546 544:546 545:546 546:546 547:546 547:547 548:547 548:548 549:548"
"فاطمہ","پال",6,"242 499 501 502 505","244:240 495:503 496:503 500:503 501:503 508:503"
"فاطمہ","چوہدری اللہ داد خان",23,"266 282 283 284 333 460 461 462 517 520 521 522 532 533 535 537 571 572","271:262 278:286 281:286 282:286 335:331 455:465 456:465 457:465 458:465 459:465 512:522 518:522 519:522 520:522 521:522 522:522 523:522 529:536 531:536 535:536 539:536 571:572 573:572"
"فاطمہ","ڈاکٹر ارشد احمد",25,"287 295 434 435 436 490 492 494 495 520 521 522 523 526 527 530 531 533","282:292 299:292 437:432 437:433 437:434 437:435 437:436 492:488 492:489 492:493 495:493 495:494 495:495 496:495 518:523 519:523 520:523 521:523 522:523 523:523 529:523 529:525 529:532 531:532 535:532"
"فاطمہ","کمال",18,"301 331 332 333 488 489 512 513 514 517 525 526 529 530","299:303 335:328 335:329 335:330 335:332 492:484 492:485 492:486 508:517 510:517 512:517 518:517 520:530 521:530 522:530 523:530 529:530 531:530"
"فاطمہ","کمند علی خان",1,"337","335:340"
"فاطمہ","کنیز",1,"301","299:304"
"فاطمہ","کیپٹن خانزادہ",5,"562 567 569 570","560:564 571:564 571:568 571:569 571:570"
"فاطمہ","کیپٹن گل ریز",6,"557 561 566 569 570","552:562 560:562 571:562 571:568 571:569 571:570"
"فاطمہ","ہیری",1,"243","244:242"
"لاری صاحب","ماموں ہیرس",2,"92 93","93:91 93:93"
"لاری صاحب","محمد غنی چیمہ",1,"74","71:77"
"لاری صاحب","مردان",4,"68 70 72 95","71:66 71:70 71:73 93:98"
"لاری صاحب","مرزا بیٹریاں",2,"74 93","71:78 93:94"
"لاری صاحب","مشاہد",18,"66 67 68 69 70 71 88 89 90 91 92 93","71:61 71:62 71:63 71:64 71:66 71:67 71:68 71:69 71:70 71:71 93:83 93:84 93:85 93:86 93:88 93:90 93:92 93:93"
"لاری صاحب","مشتاق واہ واہ",1,"94","93:95"
"لاری صاحب","مظہر شاہ",1,"93","93:93"
"لاری صاحب","ٹریور",1,"94","93:95"
"لاری صاحب","پال",1,"71","71:71"
"لاری صاحب","پیٹر",2,"71 95","71:71 93:98"
"لاری صاحب","چاچی مہراں",1,"97","93:101"
"لاری صاحب","چراغ دین",1,"97","93:101"
"لاری صاحب","چوہدری اللہ داد خان",7,"67 75 89 90 92 93","71:64 71:80 93:86 93:87 93:88 93:92 93:93"
"لاری صاحب","کانی",2,"88 93","93:84 93:94"
"لاری صاحب","کمال",6,"66 67 74 94","71:61 71:62 71:63 71:64 71:78 93:95"
"لاری صاحب","کنیز",1,"94","93:95"
"لاری صاحب","ہاتھی دانت",3,"67 71 93","71:63 71:71 93:93"
"لاری صاحب","ہیری",2,"92 95","93:91 93:98"
"مالی شریف","مردان",30,"425 426 427 430 505 507 508 510 521 522 527 538 539 540 541 547 572 573 574 578","430:420 430:421 430:422 430:423 430:424 430:425 430:430 509:501 509:505 509:506 509:507 509:508 509:512 523:520 523:522 523:531 543:533 543:535 543:536 543:537 543:538 543:539 543:540 543:551 544:551 577:568 577:569 577:570 577:572 577:580"
"مالی شریف","مسز حسین",3,"425 430","430:420 430:421 430:431"
"مالی شریف","مشائلہ",1,"430","430:430"
"مالی شریف","مشاہد",42,"427 428 429 430 504 505 506 507 508 509 519 520 521 522 523 538 539 540 541 542 543 544 574 575 576 577","430:424 430:425 430:427 430:428 430:429 430:430 509:499 509:500 509:501 509:502 509:504 509:506 509:507 509:508 509:509 523:515 523:516 523:517 523:519 523:520 523:521 523:522 523:523 543:533 543:534 543:535 543:536 543:537 543:538 543:539 543:540 543:541 543:542 543:543 544:543 544:544 577:571 577:573 577:574 577:575 577:576 577:577"
"مالی شریف","نمبردار اللہ دوایا",6,"425 426 427 434","430:421 430:422 430:423 430:424 430:425 430:438"
"مالی شریف","نوراں",2,"544 545","543:546 544:546"
"مالی شریف","پال",1,"506","509:503"
"مالی شریف","چوہدری اللہ داد خان",4,"425 522 539 574","430:420 523:522 543:536 577:572"
"مالی شریف","ڈاکٹر ارشد احمد",4,"427 431 523","430:424 430:425 430:432 523:523"
"مالی شریف","کمال",3,"513 520 526","509:517 523:517 523:530"
"مالی شریف","کیپٹن خانزادہ",3,"572 573","577:568 577:569 577:570"
"مالی شریف","کیپٹن گل ریز",3,"572 573","577:568 577:569 577:570"
"ماموں ہیرس","مردان",2,"94 95","91:98 93:98"
"ماموں ہیرس","مرزا بیٹریاں",2,"92 93","91:94 93:94"
"ماموں ہیرس","مشاہد",10,"86 87 88 89 90 91 92 93","91:81 91:83 91:84 91:85 91:86 91:88 91:90 91:92 93:92 93:93"
"ماموں ہیرس","مشتاق واہ واہ",2,"93 94","91:95 93:95"
"ماموں ہیرس","مظہر شاہ",2,"92 93","91:93 93:93"
"ماموں ہیرس","ٹریور",2,"93 94","91:95 93:95"
"ماموں ہیرس","پیٹر",3,"86 94 95","91:81 91:98 93:98"
"ماموں ہیرس","چاچی مہراں",2,"96 97","91:101 93:101"
"ماموں ہیرس","چراغ دین",2,"96 97","91:101 93:101"
"ماموں ہیرس","چوہدری اللہ داد خان",6,"88 89 91 92 93","91:86 91:87 91:88 91:92 93:92 93:93"
"ماموں ہیرس","کانی",3,"87 92 93","91:84 91:94 93:94"
"ماموں ہیرس","کمال",3,"86 93 94","91:81 91:95 93:95"
"ماموں ہیرس","کنیز",2,"93 94","91:95 93:95"
"ماموں ہیرس","ہاتھی دانت",2,"92 93","91:93 93:93"
"ماموں ہیرس","ہیری",3,"91 92 95","91:91 93:91 93:98"
"محمد غنی چیمہ","مردان",2,"73 75","77:70 77:73"
"محمد غنی چیمہ","مرزا بیٹریاں",1,"77","77:78"
"محمد غنی چیمہ","مشاہد",10,"72 73 74 75 76 77","77:67 77:68 77:69 77:70 77:71 77:72 77:73 77:74 77:76 77:77"
"محمد غنی چیمہ","پال",1,"74","77:71"
"محمد غنی چیمہ","پیٹر",2,"74 79","77:71 77:81"
"محمد غنی چیمہ","چوہدری اللہ داد خان",1,"78","77:80"
"محمد غنی چیمہ","کانی",1,"80","77:84"
"محمد غنی چیمہ","کمال",1,"77","77:78"
"محمد غنی چیمہ","ہاتھی دانت",1,"74","77:71"
"مردان","مرزا بیٹریاں",11,"74 75 96 477 478 479 480 481 483","70:78 73:78 98:94 472:482 474:482 476:482 477:482 478:482 479:482 480:482 484:482"
"مردان","مسز حسین",54,"362 363 364 365 366 367 368 369 405 406 407 408 409 410 411 412 416 420 421 426 427 428 430 431 433 456 460 462 463 468 469 470 471 472 473 474 475","360:364 361:364 363:364 364:364 365:364 365:365 366:365 366:366 367:366 367:367 368:367 368:368 371:368 401:410 402:410 404:410 405:410 406:410 407:410 408:410 409:410 410:410 412:410 412:412 420:412 420:420 421:420 421:421 422:421 422:431 423:431 424:431 425:431 430:431 431:431 435:431 435:432 452:460 460:460 461:460 461:463 462:463 463:463 464:463 464:473 465:473 466:473 468:473 469:473 470:473 472:473 474:473 474:474 476:474"
"مردان","مشائلہ",41,"316 320 321 323 324 325 328 331 335 337 338 339 342 378 379 380 381 382 387 389 394 399 400 425 426 427 430","321:312 321:320 321:321 325:321 325:322 325:323 325:324 325:325 331:325 331:326 331:331 339:331 339:336 339:337 339:338 339:339 345:339 373:383 374:383 375:383 376:383 377:383 378:383 379:383 382:383 391:383 391:384 391:388 391:397 392:397 401:397 401:398 401:399 420:430 421:430 422:430 423:430 424:430 425:430 430:430 431:430"
"مردان","مشاہد",422,"17 18 19 20 21 22 23 24 25 26 27 28 29 30 31 32 33 34 35 36 37 38 39 40 41 42 44 45 46 47 48 49 50 52 53 54 55 56 57 58 59 63 64 65 66 68 69 70 71 72 73 93 94 95 96 97 98 101 102 104 105 106 109 110 111 112 113 114 115 116 117 118 119 120 121 122 123 124 125 128 129 130 131 135 137 138 139 140 144 145 146 147 149 150 151 152 156 157 158 159 162 164 171 172 173 174 175 176 190 191 192 235 236 238 239 240 281 283 284 285 286 316 317 318 319 320 321 323 324 325 328 331 335 336 337 338 365 366 367 368 369 370 376 377 378 379 380 381 382 386 387 388 389 391 392 397 398 399 400 401 402 403 404 405 406 407 408 410 411 415 419 422 423 424 425 427 428 429 430 431 433 434 436 442 443 444 445 446 447 448 449 450 451 452 456 457 458 459 460 465 466 467 468 469 470 471 472 473 474 475 478 479 480 482 487 488 490 491 493 494 497 498 499 500 501 503 504 505 506 507 508 510 511 513 517 518 519 520 521 522 526 527 528 529 530 531 532 533 534 535 536 537 538 539 540 546 547 548 549 550 551 556 557 558 559 560 561 562 567 568 569 570 571 572 576 577 578 579 580 581 582","21:14 21:16 21:18 21:19 21:20 21:21 22:21 22:22 23:22 23:23 24:23 24:24 25:24 25:25 26:25 26:26 27:26 27:27 28:27 28:28 30:28 30:29 30:30 31:30 31:31 33:31 33:32 33:33 34:33 34:34 35:34 35:36 36:36 37:36 37:37 38:37 38:38 39:38 39:39 41:39 41:41 42:41 42:42 43:42 43:46 44:46 45:46 46:46 48:46 48:47 48:48 50:48 50:49 50:50 54:50 54:51 54:52 54:53 54:54 55:54 55:56 56:56 57:56 57:57 58:57 58:58 59:58 59:60 66:60 66:61 66:62 66:63 66:64 66:66 70:66 70:67 70:68 70:69 70:70 73:70 73:71 73:72 73:73 98:88 98:90 98:92 98:93 98:94 98:97 98:98 105:98 105:99 105:104 105:106 106:106 112:106 112:107 112:108 112:110 112:112 113:112 113:113 115:113 115:115 116:115 116:116 117:116 117:117 120:117 120:118 120:119 120:120 121:120 121:121 122:121 122:122 123:122 123:124 124:124 126:124 126:131 127:131 129:131 130:131 132:131 132:139 136:139 137:139 138:139 139:139 140:139 140:141 147:141 147:142 147:143 147:144 147:146 147:147 151:147 151:149 151:152 153:152 153:160 154:160 155:160 156:160 157:160 158:160 159:160 164:160 164:161 164:164 176:167 176:168 176:169 176:170 176:171 176:172 176:173 176:174 176:176 192:189 192:190 192:191 192:192 240:230 240:231 240:232 240:233 240:236 240:237 240:238 240:239 240:240 286:276 286:277 286:281 286:283 286:284 286:286 321:312 321:313 321:314 321:316 321:317 321:318 321:319 321:320 321:321 325:321 325:322 325:324 325:325 331:325 331:326 331:331 339:331 339:333 339:334 339:335 339:337 339:338 360:370 361:370 363:370 364:370 365:370 366:370 367:370 368:370 371:370 371:381 373:381 374:381 375:381 376:381 377:381 378:381 379:381 382:381 382:382 391:382 391:384 391:385 391:386 391:387 391:388 391:391 392:391 392:393 401:393 401:394 401:395 401:396 401:397 401:399 401:401 402:401 402:402 404:402 404:403 404:404 405:404 405:406 406:406 407:406 407:407 408:407 408:408 409:408 409:411 410:411 412:411 412:418 420:418 420:419 420:424 421:424 422:424 423:424 424:424 425:424 425:425 430:425 430:427 430:428 430:429 430:430 431:430 431:431 435:431 435:433 435:438 446:438 446:439 446:441 446:442 446:443 446:444 446:446 449:446 449:447 449:448 449:449 452:449 452:450 452:451 452:452 460:452 460:453 460:454 460:455 460:456 460:457 460:458 460:459 460:460 461:460 461:469 462:469 463:469 464:469 465:469 466:469 468:469 469:469 470:469 470:470 472:470 472:473 474:473 474:474 476:474 476:481 477:481 478:481 479:481 480:481 484:481 484:490 485:490 486:490 487:490 491:490 491:492 494:492 494:493 494:494 501:494 501:495 501:496 501:497 501:498 501:499 501:500 501:501 505:501 505:502 505:504 505:506 506:506 507:506 507:507 508:507 508:508 512:508 512:509 512:510 512:515 520:515 520:516 520:517 520:519 520:520 522:520 522:521 522:522 531:522 531:523 531:525 531:526 531:527 531:529 531:531 533:531 533:532 533:533 535:533 535:534 535:535 536:535 536:536 537:536 537:537 538:537 538:538 539:538 539:539 540:539 540:540 551:541 551:542 551:543 551:544 551:545 551:546 551:547 551:548 551:549 551:550 551:551 561:551 561:552 561:553 561:554 561:555 561:556 561:557 561:558 561:560 561:561 562:561 562:562 563:562 563:571 564:571 566:571 568:571 569:571 570:571 572:571 572:573 580:573 580:574 580:575 580:576 580:577 580:578 580:579 580:580 582:580 582:582"
"مردان","مشتاق واہ واہ",9,"96 128 129 130 131 132 134","98:95 123:133 124:133 126:133 127:133 129:133 130:133 132:133 136:133"
"مردان","مظہر شاہ",1,"95","98:93"
"مردان","ملک معراج",3,"107 108 111","105:110 106:110 112:110"
"مردان","موسیقار آقا نواز",3,"318 319","321:316 321:317 321:318"
"مردان","مولوی احتشام الدین",17,"348 349 350 351 356 461 462 463 464 466 467 468","345:352 346:352 348:352 349:352 350:352 360:352 460:463 461:463 462:463 463:463 464:463 464:464 465:464 465:468 466:468 468:468 469:468"
"مردان","مہر النساء",9,"464 465 466 467 468","460:468 461:468 462:468 463:468 464:468 465:468 466:468 468:468 469:468"
"مردان","نازنین بابر",71,"122 123 124 125 126 127 128 150 152 153 154 155 156 157 158 159 161 361 362 365 366 367 368 369 371 372 375 376 377 378 379 380 403 404 405 406 408 409 410 411 473 474 475 476 477 478 562 563","117:127 120:127 121:127 122:127 123:127 124:127 126:127 127:127 129:127 147:153 151:153 153:153 154:153 154:154 155:154 155:156 156:156 157:156 157:157 158:157 158:159 159:159 164:159 360:362 361:362 363:362 363:368 364:368 365:368 366:368 367:368 368:368 371:368 371:371 373:371 373:377 374:377 375:377 376:377 377:377 378:377 378:378 379:378 379:379 382:379 401:405 402:405 404:405 405:405 406:405 406:406 407:406 407:409 408:409 409:409 410:409 410:410 412:410 468:478 469:478 470:478 472:478 474:478 476:478 477:478 478:478 479:478 561:563 562:563 563:563 564:563"
"مردان","نمبردار اللہ دوایا",30,"404 405 406 407 408 412 413 417 418 419 420 421 422 423 424 425 427 434 436 442","401:408 402:408 404:408 405:408 406:408 407:408 408:408 409:408 409:415 410:415 412:415 420:415 420:416 420:417 420:419 420:421 421:421 422:421 422:422 423:422 423:423 424:423 424:424 425:424 425:425 430:425 430:438 431:438 435:438 446:438"
"مردان","نور الہدی",33,"129 130 131 132 133 135 136 341 344 349 350 351 352 357 358 470 471 472 473 474 475 478 479 480 482","124:134 126:134 127:134 129:134 130:134 132:134 136:134 136:135 136:136 137:136 339:343 345:343 345:354 346:354 348:354 349:354 350:354 360:354 360:356 465:475 466:475 468:475 469:475 470:475 472:475 474:475 476:475 476:480 477:480 478:480 479:480 480:480 484:480"
"مردان","نوراں",30,"364 365 366 367 368 370 376 377 378 379 380 381 392 397 541 542 543 548 549","360:369 361:369 363:369 364:369 365:369 366:369 367:369 368:369 371:369 371:381 373:381 374:381 375:381 376:381 377:381 378:381 379:381 382:381 391:393 392:393 401:393 401:394 536:546 537:546 538:546 539:546 540:546 551:546 551:547 551:548"
"مردان","ٹریور",1,"96","98:95"
"مردان","پال",25,"44 45 46 47 48 49 51 53 57 58 59 63 68 70 72 240 498 502 504","39:49 41:49 42:49 43:49 44:49 45:49 46:49 48:49 50:49 50:52 54:52 54:60 55:60 56:60 57:60 58:60 59:60 66:60 66:71 70:71 73:71 240:240 494:503 501:503 505:503"
"مردان","پروفیسر مشتاق",8,"128 129 130 131 132 134","123:133 124:133 126:133 127:133 129:133 130:133 132:133 136:133"
"مردان","پیٹر",27,"44 45 46 47 48 49 51 53 57 58 59 63 68 70 72 77 98 101 106 109","39:49 41:49 42:49 43:49 44:49 45:49 46:49 48:49 50:49 50:52 54:52 54:60 55:60 56:60 57:60 58:60 59:60 66:60 66:71 70:71 73:71 73:81 98:98 105:98 105:107 106:107 112:107"
"مردان","چاچا محمد بخش",20,"43 44 45 46 47 48 49 110 113 114 115 116 117 118","38:48 39:48 41:48 42:48 43:48 44:48 45:48 46:48 48:48 50:48 105:115 106:115 112:115 113:115 115:115 116:115 116:116 117:116 117:117 120:117"
"مردان","چاچی رابیاں",5,"109 112 113 114","105:113 106:113 112:113 113:113 115:113"
"مردان","چاچی مہراں",2,"99 103","98:101 105:101"
"مردان","چراغ دین",5,"99 103 104 190","98:101 105:101 105:102 105:103 192:188"
"مردان","چوہدری اللہ داد خان",112,"43 44 45 46 47 48 49 51 53 56 57 58 59 62 65 75 76 93 95 97 99 102 104 105 106 109 111 112 113 114 115 116 117 118 119 122 123 124 125 286 317 326 328 331 335 347 348 349 350 355 377 378 379 380 382 386 389 404 405 406 407 414 415 419 420 462 463 464 465 517 521 522 526 533 534 535 536 567 568 569 570 571 572 576","38:48 39:48 41:48 42:48 43:48 44:48 45:48 46:48 48:48 50:48 50:53 54:53 54:59 55:59 56:59 57:59 58:59 59:59 66:59 66:64 70:80 73:80 98:88 98:92 98:93 98:97 98:100 105:100 105:104 105:105 106:105 106:106 112:106 112:107 112:111 112:113 113:113 115:113 115:114 115:116 116:116 117:116 117:117 120:117 120:118 120:119 120:124 121:124 122:124 123:124 124:124 126:124 286:286 321:313 321:331 325:331 331:331 339:331 345:350 346:350 348:350 349:350 350:350 360:350 373:382 374:382 375:382 376:382 377:382 378:382 379:382 382:382 391:382 391:388 401:407 402:407 404:407 405:407 406:407 407:407 408:407 409:419 410:419 412:419 420:419 420:420 421:420 460:465 461:465 462:465 463:465 464:465 465:465 466:465 512:522 520:522 522:522 531:522 531:536 533:536 535:536 536:536 537:536 562:572 563:572 564:572 566:572 568:572 569:572 570:572 572:572 580:572"
"مردان","ڈاکٹر ارشد احمد",79,"20 117 118 119 121 122 140 141 142 146 147 149 150 156 157 158 159 160 162 166 172 173 177 187 190 191 192 289 402 403 404 422 423 424 425 427 431 433 434 435 441 483 484 486 487 489 490 492 493 494 497 498 521 522 527 528 531 532","21:19 112:122 113:122 115:122 116:122 117:122 120:122 121:122 122:122 123:122 136:145 137:145 138:145 139:145 140:145 147:145 147:147 151:147 151:149 151:150 151:161 153:161 154:161 155:161 156:161 157:161 158:161 159:161 164:161 164:168 176:168 176:169 176:170 176:178 192:183 192:189 192:190 192:192 286:292 401:403 402:403 404:403 404:404 405:404 420:424 421:424 422:424 423:424 424:424 425:424 425:425 430:425 430:432 431:432 435:432 435:433 435:434 435:435 446:436 478:488 479:488 480:488 484:488 485:488 486:488 487:488 491:488 491:489 491:493 494:493 494:494 501:494 501:495 520:523 522:523 531:523 531:525 531:532 533:532"
"مردان","کانی",1,"96","98:94"
"مردان","کمال",87,"23 24 25 45 46 47 48 49 50 52 57 58 59 60 63 64 65 74 75 96 97 98 102 106 107 110 149 151 152 163 166 172 178 187 188 189 190 196 236 324 326 329 330 331 335 361 362 363 471 472 473 474 475 476 480 481 482 484 485 486 512 514 518 525 526 530","21:25 22:25 23:25 24:25 25:25 26:25 41:50 42:50 43:50 44:50 45:50 46:50 48:50 50:50 54:50 54:61 55:61 56:61 57:61 58:61 59:61 66:61 66:62 66:63 66:64 70:78 73:78 98:95 98:97 98:99 105:99 105:108 106:108 112:108 147:151 151:151 153:151 158:168 159:168 164:168 176:168 176:181 192:182 192:183 192:184 192:185 192:186 192:187 192:188 192:201 240:232 321:328 325:328 331:328 331:329 331:330 331:332 339:332 360:363 361:363 363:363 364:363 466:476 468:476 469:476 470:476 472:476 474:476 476:476 477:476 477:484 478:484 479:484 480:484 484:484 485:484 485:485 486:485 486:486 487:486 507:517 508:517 512:517 520:517 520:530 522:530 531:530"
"مردان","کمند علی خان",39,"129 130 131 132 133 135 335 339 342 343 344 349 350 351 356 357 358 359 470 471 472 473 474 475 476 478 479 480 482","124:134 126:134 127:134 129:134 130:134 132:134 136:134 136:135 331:340 339:340 345:340 345:342 345:343 345:353 346:353 348:353 349:353 350:353 360:353 360:354 360:355 360:356 360:357 360:358 465:475 466:475 468:475 469:475 470:475 472:475 474:475 476:475 476:476 477:476 477:480 478:480 479:480 480:480 484:480"
"مردان","کنیز",1,"96","98:95"
"مردان","کیپٹن خانزادہ",12,"562 563 564 565 567 568 569 570 571","561:564 562:564 563:564 564:564 566:564 566:568 568:568 569:568 569:569 570:569 570:570 572:570"
"مردان","کیپٹن گل ریز",24,"151 153 154 155 156 361 362 363 561 562 565 566 567 568 569 570 571","147:156 151:156 153:156 154:156 155:156 156:156 157:156 360:362 361:362 363:362 363:363 364:363 561:562 562:562 563:562 563:568 564:568 566:568 568:568 569:568 569:569 570:569 570:570 572:570"
"مردان","ہاتھی دانت",11,"58 59 60 61 64 68 70 72 95","54:63 55:63 56:63 57:63 58:63 59:63 66:63 66:71 70:71 73:71 98:93"
"مردان","ہیری",4,"94 98 101 241","98:91 98:98 105:98 240:242"
"مرزا بیٹریاں","مسز حسین",2,"477 478","482:473 482:474"
"مرزا بیٹریاں","مشاہد",22,"73 74 75 76 77 78 89 90 91 92 93 94 477 478 481 486","78:68 78:69 78:70 78:71 78:72 78:73 78:74 78:76 78:77 78:78 94:84 94:85 94:86 94:88 94:90 94:92 94:93 94:94 482:473 482:474 482:481 482:490"
"مرزا بیٹریاں","مشتاق واہ واہ",1,"94","94:95"
"مرزا بیٹریاں","مظہر شاہ",1,"93","94:93"
"مرزا بیٹریاں","نازنین بابر",1,"480","482:478"
"مرزا بیٹریاں","نور الہدی",2,"478 481","482:475 482:480"
"مرزا بیٹریاں","ٹریور",1,"94","94:95"
"مرزا بیٹریاں","پال",1,"74","78:71"
"مرزا بیٹریاں","پیٹر",3,"74 79 96","78:71 78:81 94:98"
"مرزا بیٹریاں","چاچی مہراں",1,"97","94:101"
"مرزا بیٹریاں","چراغ دین",1,"97","94:101"
"مرزا بیٹریاں","چوہدری اللہ داد خان",7,"79 90 91 93 95","78:80 94:86 94:87 94:88 94:92 94:93 94:97"
"مرزا بیٹریاں","ڈاکٹر ارشد احمد",1,"485","482:488"
"مرزا بیٹریاں","کانی",3,"81 89 94","78:84 94:84 94:94"
"مرزا بیٹریاں","کمال",4,"78 94 479 483","78:78 94:95 482:476 482:484"
"مرزا بیٹریاں","کمند علی خان",3,"478 479 481","482:475 482:476 482:480"
"مرزا بیٹریاں","کنیز",1,"94","94:95"
"مرزا بیٹریاں","ہاتھی دانت",2,"74 93","78:71 94:93"
"مرزا بیٹریاں","ہیری",2,"92 96","94:91 94:98"
"مسز حسین","مشائلہ",3,"425 430","420:430 421:430 431:430"
"مسز حسین","مشاہد",46,"367 368 369 405 406 407 408 409 410 411 415 419 422 427 428 429 430 431 432 455 456 457 458 459 460 461 466 471 473 474","364:370 365:370 366:370 367:370 368:370 410:401 410:402 410:403 410:404 410:406 410:407 410:408 410:411 412:411 412:418 420:418 420:419 420:424 421:424 431:424 431:425 431:427 431:428 431:429 431:430 431:431 432:431 432:433 460:450 460:451 460:452 460:453 460:454 460:455 460:456 460:457 460:458 460:459 460:460 463:460 463:469 473:469 473:470 473:473 474:473 474:474"
"مسز حسین","مولوی احتشام الدین",5,"461 463 468 470","460:463 463:463 473:463 473:464 473:468"
"مسز حسین","مہر النساء",3,"464 465 470","460:468 463:468 473:468"
"مسز حسین","نازنین بابر",13,"363 366 367 368 407 408 409 410 411 475 476","364:362 364:368 365:368 366:368 367:368 368:368 410:405 410:406 410:409 410:410 412:410 473:478 474:478"
"مسز حسین","نمبردار اللہ دوایا",16,"409 412 413 417 418 419 420 421 426 427 428 434 435","410:408 410:415 412:415 420:415 420:416 420:417 420:419 420:421 421:421 431:421 431:422 431:423 431:424 431:425 431:438 432:438"
"مسز حسین","نور الہدی",4,"359 360 474","364:354 364:356 473:475 474:475"
"مسز حسین","نوراں",5,"366 367 368","364:369 365:369 366:369 367:369 368:369"
"مسز حسین","چوہدری اللہ داد خان",9,"408 414 415 419 420 462 464 469","410:407 410:419 412:419 420:419 420:420 421:420 460:465 463:465 473:465"
"مسز حسین","ڈاکٹر ارشد احمد",8,"406 407 422 427 428 431 432","410:403 410:404 420:424 421:424 431:424 431:425 431:432 432:432"
"مسز حسین","کمال",3,"363 474 475","364:363 473:476 474:476"
"مسز حسین","کمند علی خان",7,"359 360 361 474","364:354 364:355 364:356 364:357 364:358 473:475 474:475"
"مسز حسین","کیپٹن گل ریز",2,"363","364:362 364:363"
"مشائلہ","مشاہد",62,"307 308 309 310 312 316 317 318 319 320 321 322 323 324 325 326 328 331 333 334 335 336 337 338 382 383 384 386 387 388 392 394 395 396 397 398 399 427 428 429 430","312:302 312:304 312:305 312:306 312:307 312:308 312:312 320:312 320:313 320:314 320:316 320:317 320:318 320:319 320:320 321:320 321:321 322:321 322:322 323:322 323:324 324:324 325:324 325:325 326:325 326:326 331:326 331:331 336:331 336:333 336:334 336:335 336:337 337:337 338:337 338:338 339:338 383:381 383:382 383:384 384:384 388:384 388:385 388:386 388:387 388:388 397:388 397:391 397:393 397:394 397:395 397:396 397:397 398:397 398:399 399:399 430:424 430:425 430:427 430:428 430:429 430:430"
"مشائلہ","موسیقار آقا نواز",4,"314 318 319","312:316 320:316 320:317 320:318"
"مشائلہ","نازنین بابر",6,"380 381 401 402","383:377 383:378 383:379 397:405 398:405 399:405"
"مشائلہ","نمبردار اللہ دوایا",8,"403 425 426 427 434","398:408 399:408 430:421 430:422 430:423 430:424 430:425 430:438"
"مشائلہ","نور الہدی",4,"339 340 341","336:343 337:343 338:343 339:343"
"مشائلہ","نوراں",11,"308 309 310 382 388 390 395","312:305 312:306 312:307 312:308 312:309 383:381 383:393 384:393 388:393 397:393 397:394"
"مشائلہ","چوہدری اللہ داد خان",19,"312 316 326 327 328 331 333 382 385 386 388 392 402 403 425","312:313 320:313 321:331 322:331 323:331 324:331 325:331 326:331 331:331 336:331 383:382 383:388 384:388 388:388 397:388 397:407 398:407 399:407 430:420"
"مشائلہ","ڈاکٹر ارشد احمد",6,"400 401 427 431","397:403 398:403 399:403 430:424 430:425 430:432"
"مشائلہ","کمال",13,"307 324 325 326 327 329 330 331 334","312:303 320:328 321:328 322:328 323:328 324:328 325:328 326:328 331:328 331:329 331:330 331:332 336:332"
"مشائلہ","کمند علی خان",5,"335 338 339","331:340 336:340 337:340 338:340 339:340"
"مشائلہ","کنیز",1,"308","312:304"
"مشاہد","مشتاق واہ واہ",11,"90 91 92 93 94 96 128 132 136","85:95 86:95 88:95 90:95 92:95 93:95 94:95 97:95 124:133 131:133 139:133"
"مشاہد","مظہر شاہ",9,"88 89 90 91 92 93","83:93 84:93 85:93 86:93 88:93 90:93 92:93 93:93 94:93"
"مشاہد","ملک معراج",6,"107 108 109 110 111","104:110 106:110 107:110 108:110 110:110 112:110"
"مشاہد","موسیقار آقا نواز",12,"311 312 314 315 316 317 318","306:316 307:316 308:316 312:316 313:316 314:316 316:316 317:316 317:317 318:317 318:318 319:318"
"مشاہد","مولوی احتشام الدین",11,"458 459 460 461 466 468","453:463 454:463 455:463 456:463 457:463 458:463 459:463 460:463 469:463 469:464 469:468"
"مشاہد","مہر النساء",4,"463 464 468","458:468 459:468 460:468 469:468"
"مشاہد","نازنین بابر",56,"122 123 124 125 129 148 149 150 151 152 156 157 158 159 366 369 370 376 379 380 400 401 402 403 404 405 406 408 410 473 474 475 476 479 558 559 560 561 562 567","117:127 118:127 119:127 120:127 121:127 122:127 124:127 131:127 143:153 144:153 146:153 147:153 149:153 152:153 160:153 160:154 160:156 160:157 160:159 370:362 370:368 370:371 381:371 381:377 381:378 381:379 395:405 396:405 397:405 399:405 401:405 402:405 403:405 404:405 406:405 406:406 407:406 407:409 408:409 411:409 411:410 469:478 470:478 473:478 474:478 481:478 553:563 554:563 555:563 556:563 557:563 558:563 560:563 561:563 562:563 571:563"
"مشاہد","نمبردار اللہ دوایا",30,"403 404 405 406 407 408 409 413 416 417 418 419 421 422 423 424 425 426 433 434 435 438","399:408 401:408 402:408 403:408 404:408 406:408 407:408 408:408 411:408 411:415 418:415 418:416 418:417 418:419 419:419 424:419 424:421 424:422 424:423 424:424 425:424 425:425 427:425 428:438 429:438 430:438 431:438 433:438 438:438 439:438"
"مشاہد","نور الہدی",16,"129 132 136 137 338 339 340 472 474 478 480","124:134 131:134 139:134 139:135 139:136 333:343 334:343 335:343 337:343 338:343 469:475 470:475 473:475 474:475 481:475 481:480"
"مشاہد","نوراں",45,"300 301 302 303 304 305 306 307 308 310 369 381 388 389 390 392 393 394 541 542 543 544 545 546 547 548","295:305 296:305 298:305 299:305 300:305 302:305 304:305 305:305 306:305 306:306 307:306 307:307 308:307 308:308 312:308 312:309 370:369 381:381 382:381 384:393 385:393 386:393 387:393 388:393 391:393 393:393 394:393 394:394 395:394 536:546 537:546 538:546 539:546 540:546 541:546 542:546 543:546 544:546 545:546 546:546 547:546 547:547 548:547 548:548 549:548"
"مشاہد","ٹریور",8,"90 91 92 93 94 96","85:95 86:95 88:95 90:95 92:95 93:95 94:95 97:95"
"مشاہد","پال",53,"1 44 45 47 48 49 51 52 56 57 58 59 60 66 67 68 69 70 71 235 236 238 239 240 498 499 500 501 502 503","1:1 2:1 39:49 41:49 42:49 46:49 47:49 48:49 49:49 50:49 50:52 51:52 52:52 53:52 53:60 54:60 56:60 57:60 58:60 60:60 61:60 61:71 62:71 63:71 64:71 66:71 67:71 68:71 69:71 70:71 71:71 72:71 230:240 231:240 232:240 233:240 236:240 237:240 238:240 239:240 240:240 241:240 493:503 494:503 495:503 496:503 497:503 498:503 499:503 500:503 501:503 502:503 504:503"
"مشاہد","پروفیسر مشتاق",3,"128 132 136","124:133 131:133 139:133"
"مشاہد","پیٹر",62,"44 45 47 48 49 51 52 56 57 58 59 60 66 67 68 69 70 71 76 77 78 79 80 81 82 93 94 95 96 97 98 103 105 106 107 204 205 207 208 209","39:49 41:49 42:49 46:49 47:49 48:49 49:49 50:49 50:52 51:52 52:52 53:52 53:60 54:60 56:60 57:60 58:60 60:60 61:60 61:71 62:71 63:71 64:71 66:71 67:71 68:71 69:71 70:71 71:71 72:71 72:81 73:81 74:81 76:81 77:81 78:81 79:81 80:81 81:81 83:81 88:98 90:98 92:98 93:98 94:98 97:98 98:98 99:98 99:107 104:107 106:107 107:107 108:107 199:209 200:209 202:209 205:209 206:209 207:209 208:209 209:209 210:209"
"مشاہد","چاچا محمد بخش",20,"43 44 45 47 48 110 111 112 113 114 115 116 117","38:48 39:48 41:48 42:48 46:48 47:48 48:48 49:48 106:115 107:115 108:115 110:115 112:115 113:115 115:115 116:115 116:116 117:116 117:117 118:117"
"مشاہد","چاچی رابیاں",8,"108 109 110 111 112 113 114","104:113 106:113 107:113 108:113 110:113 112:113 113:113 115:113"
"مشاہد","چاچی مہراں",7,"96 97 99 100 102","92:101 93:101 94:101 97:101 98:101 99:101 104:101"
"مشاہد","چراغ دین",20,"96 97 99 100 102 103 183 188 206 208 209 210 211","92:101 93:101 94:101 97:101 98:101 99:101 104:101 104:102 104:103 178:188 179:188 189:188 202:211 205:211 206:211 207:211 208:211 209:211 210:211 212:211"
"مشاہد","چوہدری اللہ داد خان",182,"43 44 45 47 48 51 52 53 56 57 58 59 62 63 64 65 75 76 77 78 79 80 83 84 85 86 87 88 89 91 92 93 95 97 99 102 104 105 106 107 109 110 111 112 113 114 115 116 117 118 119 122 123 124 127 201 202 203 204 205 206 207 208 209 257 258 259 260 261 262 281 283 284 285 286 287 308 309 310 312 313 326 327 328 331 332 381 382 383 386 387 388 389 402 403 404 405 406 407 415 418 419 421 422 460 461 462 467 518 519 520 521 522 531 532 533 534 535 536 567 571 572","38:48 39:48 41:48 42:48 46:48 47:48 48:48 49:48 49:53 50:53 51:53 52:53 53:53 54:53 54:59 56:59 57:59 58:59 60:59 60:64 61:64 62:64 63:64 64:64 66:64 70:80 71:80 72:80 73:80 74:80 76:80 77:80 78:80 79:80 80:80 81:80 81:86 83:86 84:86 85:86 86:86 88:86 88:87 88:88 90:88 90:92 92:92 93:92 93:93 94:93 94:97 97:97 98:97 98:100 99:100 104:100 104:104 106:104 106:105 106:106 107:106 107:107 108:107 108:111 110:111 112:111 112:113 113:113 115:113 115:114 115:116 116:116 117:116 117:117 118:117 118:118 119:118 119:119 120:119 120:124 121:124 122:124 124:124 131:124 196:206 197:206 198:206 199:206 200:206 202:206 205:206 206:206 207:206 207:207 208:207 208:209 209:209 210:209 252:262 253:262 254:262 255:262 256:262 257:262 258:262 259:262 260:262 261:262 263:262 276:286 277:286 281:286 283:286 284:286 286:286 289:286 304:313 305:313 306:313 307:313 308:313 312:313 313:313 314:313 321:331 322:331 324:331 325:331 326:331 331:331 333:331 381:382 382:382 384:382 384:388 385:388 386:388 387:388 388:388 391:388 397:407 399:407 401:407 402:407 403:407 404:407 406:407 407:407 408:407 411:419 418:419 419:419 424:419 424:420 455:465 456:465 457:465 458:465 459:465 460:465 469:465 515:522 516:522 517:522 519:522 520:522 521:522 522:522 523:522 526:536 527:536 529:536 531:536 532:536 533:536 534:536 535:536 536:536 537:536 562:572 571:572 573:572"
"مشاہد","ڈاکٹر ارشد احمد",152,"1 2 3 14 16 17 18 19 117 118 119 120 121 122 123 142 143 144 145 146 147 148 149 150 151 156 160 161 162 166 167 168 169 170 174 175 176 177 178 179 184 186 189 190 191 192 194 195 198 199 200 201 209 210 211 212 213 214 216 217 218 219 287 288 289 290 291 292 398 399 400 401 402 403 404 405 421 424 425 426 429 430 431 432 433 435 436 437 484 489 491 492 493 494 495 519 520 521 522 523 524 525 529 530 531 532","1:1 2:1 2:2 3:2 3:3 4:3 9:19 10:19 14:19 16:19 18:19 19:19 20:19 112:122 113:122 115:122 116:122 117:122 118:122 119:122 120:122 121:122 122:122 124:122 139:145 141:145 142:145 143:145 144:145 146:145 146:147 147:147 149:147 149:149 152:149 152:150 152:161 160:161 161:161 164:161 164:168 167:168 168:168 169:168 169:169 170:169 170:170 171:170 171:178 172:178 173:178 174:178 176:178 177:178 178:178 179:178 179:179 189:179 189:183 189:189 190:189 190:190 191:190 191:192 192:192 193:192 193:195 195:195 196:195 196:200 197:200 198:200 199:200 200:200 202:200 205:214 206:214 207:214 208:214 209:214 210:214 212:214 214:214 219:214 219:215 219:218 219:219 220:219 283:292 284:292 286:292 289:292 291:292 292:292 293:292 393:403 394:403 395:403 396:403 397:403 399:403 401:403 402:403 403:403 404:403 404:404 406:404 418:424 419:424 424:424 425:424 425:425 427:425 427:432 428:432 429:432 430:432 431:432 433:432 433:433 438:433 438:434 438:435 438:436 481:488 490:488 490:489 490:493 492:493 493:493 494:493 494:494 495:494 495:495 496:495 515:523 516:523 517:523 519:523 520:523 521:523 522:523 523:523 525:523 525:525 526:525 526:532 527:532 529:532 531:532 532:532 533:532"
"مشاہد","کانی",18,"79 80 81 82 83 84 89 90 91 92 93 94 95","74:84 76:84 77:84 78:84 79:84 80:84 81:84 83:84 84:84 85:84 85:94 86:94 88:94 90:94 92:94 93:94 94:94 97:94"
"مشاہد","کمال",184,"20 21 22 23 24 25 45 46 48 49 50 56 57 58 59 60 61 62 63 64 65 73 74 75 76 77 78 79 80 81 82 90 91 92 93 94 96 97 98 99 101 106 107 108 109 146 147 148 149 150 151 164 166 167 168 176 177 178 179 180 185 186 187 188 196 197 198 199 200 201 202 203 208 209 210 211 212 213 214 216 217 218 219 227 228 229 230 231 232 298 299 300 301 302 303 323 324 325 326 327 329 330 331 332 366 472 473 474 475 478 482 487 488 512 513 516 517 518 525 526 527 528 529 530","16:25 18:25 19:25 20:25 21:25 22:25 23:25 24:25 25:25 26:25 41:50 42:50 46:50 47:50 48:50 49:50 50:50 51:50 51:61 52:61 53:61 54:61 56:61 57:61 58:61 60:61 61:61 62:61 62:62 63:62 63:63 64:63 64:64 66:64 68:78 69:78 70:78 71:78 72:78 73:78 74:78 76:78 77:78 78:78 79:78 79:79 80:79 80:81 81:81 83:81 85:95 86:95 88:95 90:95 92:95 93:95 94:95 97:95 97:97 98:97 98:99 99:99 104:99 104:108 106:108 107:108 108:108 110:108 141:151 142:151 143:151 144:151 146:151 147:151 149:151 152:151 160:168 161:168 164:168 167:168 168:168 169:168 171:181 172:181 173:181 174:181 176:181 177:181 178:181 179:181 189:181 189:182 189:183 189:184 189:185 189:186 189:187 189:188 191:201 192:201 193:201 195:201 196:201 197:201 198:201 199:201 200:201 202:201 202:202 205:202 205:211 206:211 207:211 208:211 209:211 210:211 212:211 212:213 214:213 214:214 219:214 219:216 219:217 219:219 220:219 222:232 223:232 225:232 227:232 228:232 229:232 230:232 231:232 232:232 233:232 293:303 294:303 295:303 296:303 298:303 299:303 300:303 302:303 304:303 318:328 319:328 320:328 321:328 322:328 324:328 325:328 326:328 331:328 331:329 331:330 331:332 333:332 370:363 469:476 470:476 473:476 474:476 481:476 481:484 490:484 490:485 490:486 507:517 508:517 509:517 510:517 515:517 516:517 517:517 519:517 520:530 521:530 522:530 523:530 525:530 526:530 527:530 529:530 531:530"
"مشاہد","کمند علی خان",17,"129 132 136 137 335 336 337 338 339 472 474 478 480","124:134 131:134 139:134 139:135 331:340 333:340 334:340 335:340 337:340 338:340 469:475 470:475 473:475 474:475 481:475 481:476 481:480"
"مشاہد","کنیز",17,"90 91 92 93 94 96 299 300 301 302 303 304","85:95 86:95 88:95 90:95 92:95 93:95 94:95 97:95 294:304 295:304 296:304 298:304 299:304 300:304 302:304 304:304 305:304"
"مشاہد","کیپٹن خانزادہ",12,"559 560 561 562 563 567 569 570","554:564 555:564 556:564 557:564 558:564 560:564 561:564 562:564 571:564 571:568 571:569 571:570"
"مشاہد","کیپٹن گل ریز",21,"151 152 154 158 366 557 558 559 560 561 562 566 569 570","146:156 147:156 149:156 152:156 160:156 370:362 370:363 552:562 553:562 554:562 555:562 556:562 557:562 558:562 560:562 561:562 562:562 571:562 571:568 571:569 571:570"
"مشاہد","ہاتھی دانت",27,"58 59 60 61 62 63 67 68 69 70 71 88 89 90 91 92 93","53:63 54:63 56:63 57:63 58:63 60:63 61:63 62:63 63:63 64:63 64:71 66:71 67:71 68:71 69:71 70:71 71:71 72:71 83:93 84:93 85:93 86:93 88:93 90:93 92:93 93:93 94:93"
"مشاہد","ہیری",23,"86 87 88 89 90 91 95 96 97 98 237 239 240 241 242","81:91 83:91 84:91 85:91 86:91 88:91 90:91 92:91 92:98 93:98 94:98 97:98 98:98 99:98 232:242 233:242 236:242 237:242 238:242 239:242 240:242 241:242 243:242"
"مشتاق واہ واہ","مظہر شاہ",1,"94","95:93"
"مشتاق واہ واہ","نازنین بابر",1,"130","133:127"
"مشتاق واہ واہ","نور الہدی",1,"133","133:134"
"مشتاق واہ واہ","ٹریور",1,"95","95:95"
"مشتاق واہ واہ","پروفیسر مشتاق",1,"133","133:133"
"مشتاق واہ واہ","پیٹر",1,"96","95:98"
"مشتاق واہ واہ","چاچی مہراں",1,"98","95:101"
"مشتاق واہ واہ","چراغ دین",1,"98","95:101"
"مشتاق واہ واہ","چوہدری اللہ داد خان",7,"90 91 93 94 96 128","95:86 95:87 95:88 95:92 95:93 95:97 133:124"
"مشتاق واہ واہ","کانی",1,"94","95:94"
"مشتاق واہ واہ","کمال",1,"95","95:95"
"مشتاق واہ واہ","کمند علی خان",1,"133","133:134"
"مشتاق واہ واہ","کنیز",1,"95","95:95"
"مشتاق واہ واہ","ہاتھی دانت",1,"94","95:93"
"مشتاق واہ واہ","ہیری",2,"93 96","95:91 95:98"
"مظہر شاہ","ٹریور",1,"94","93:95"
"مظہر شاہ","پیٹر",1,"95","93:98"
"مظہر شاہ","چاچی مہراں",1,"97","93:101"
"مظہر شاہ","چراغ دین",1,"97","93:101"
"مظہر شاہ","چوہدری اللہ داد خان",5,"89 90 92 93","93:86 93:87 93:88 93:92 93:93"
"مظہر شاہ","کانی",2,"88 93","93:84 93:94"
"مظہر شاہ","کمال",1,"94","93:95"
"مظہر شاہ","کنیز",1,"94","93:95"
"مظہر شاہ","ہاتھی دانت",1,"93","93:93"
"مظہر شاہ","ہیری",2,"92 95","93:91 93:98"
"ملک معراج","پیٹر",1,"108","110:107"
"ملک معراج","چاچا محمد بخش",1,"112","110:115"
"ملک معراج","چاچی رابیاں",1,"111","110:113"
"ملک معراج","چاچی مہراں",1,"105","110:101"
"ملک معراج","چراغ دین",3,"105 106","110:101 110:102 110:103"
"ملک معراج","چوہدری اللہ داد خان",6,"105 107 108 110","110:100 110:104 110:105 110:106 110:107 110:111"
"ملک معراج","کمال",1,"109","110:108"
"موسیقار آقا نواز","نوراں",4,"311 312","316:306 316:307 316:308 316:309"
"موسیقار آقا نواز","چوہدری اللہ داد خان",1,"314","316:313"
"موسیقار آقا نواز","کمال",1,"323","318:328"
"مولوی احتشام الدین","مہر النساء",3,"465 466 468","463:468 464:468 468:468"
"مولوی احتشام الدین","نازنین بابر",2,"357 473","352:362 468:478"
"مولوی احتشام الدین","نور الہدی",3,"347 353 471","352:343 352:354 468:475"
"مولوی احتشام الدین","چوہدری اللہ داد خان",4,"351 464 466","352:350 463:465 464:465 468:465"
"مولوی احتشام الدین","کمال",1,"472","468:476"
"مولوی احتشام الدین","کمند علی خان",4,"347 352 471","352:342 352:343 352:353 468:475"
"مولوی احتشام الدین","کیپٹن گل ریز",1,"357","352:362"
"مہر النساء","نازنین بابر",1,"473","468:478"
"مہر النساء","نور الہدی",1,"471","468:475"
"مہر النساء","چوہدری اللہ داد خان",1,"466","468:465"
"مہر النساء","کمال",1,"472","468:476"
"مہر النساء","کمند علی خان",1,"471","468:475"
"نازنین بابر","نمبردار اللہ دوایا",5,"406 407 408 412","405:408 406:408 409:408 409:415 410:415"
"نازنین بابر","نور الہدی",5,"130 358 359 476 479","127:134 362:354 362:356 478:475 478:480"
"نازنین بابر","نوراں",7,"365 368 370 376 379 380","362:369 368:369 371:369 371:381 377:381 378:381 379:381"
"نازنین بابر","پروفیسر مشتاق",1,"130","127:133"
"نازنین بابر","چاچا محمد بخش",1,"122","127:117"
"نازنین بابر","چوہدری اللہ داد خان",13,"122 123 125 379 380 406 408 414 567","127:117 127:118 127:119 127:124 377:382 378:382 379:382 405:407 406:407 409:407 409:419 410:419 563:572"
"نازنین بابر","ڈاکٹر ارشد احمد",13,"124 149 150 151 157 158 159 160 404 483","127:122 153:145 153:147 153:149 153:150 153:161 154:161 156:161 157:161 159:161 405:403 405:404 478:488"
"نازنین بابر","کمال",6,"152 163 362 365 477 481","153:151 159:168 362:363 368:363 478:476 478:484"
"نازنین بابر","کمند علی خان",10,"130 357 358 359 360 476 477 479","127:134 362:353 362:354 362:355 362:356 362:357 362:358 478:475 478:476 478:480"
"نازنین بابر","کیپٹن خانزادہ",1,"563","563:564"
"نازنین بابر","کیپٹن گل ریز",9,"154 155 156 362 365 562 565","153:156 154:156 156:156 157:156 362:362 368:362 368:363 563:562 563:568"
"نمبردار اللہ دوایا","چوہدری اللہ داد خان",7,"407 417 418 419 420","408:407 415:419 416:419 417:419 419:419 421:419 421:420"
"نمبردار اللہ دوایا","ڈاکٹر ارشد احمد",17,"405 406 419 420 421 422 423 424 425 435 436 437","408:403 408:404 415:424 416:424 417:424 419:424 421:424 422:424 423:424 424:424 425:424 425:425 438:432 438:433 438:434 438:435 438:436"
"نور الہدی","پروفیسر مشتاق",1,"133","134:133"
"نور الہدی","چوہدری اللہ داد خان",4,"129 346 352 470","134:124 343:350 354:350 475:465"
"نور الہدی","ڈاکٹر ارشد احمد",3,"140 484","135:145 136:145 480:488"
"نور الہدی","کمال",5,"358 359 475 478 482","354:363 356:363 475:476 480:476 480:484"
"نور الہدی","کمند علی خان",16,"134 135 341 342 343 353 354 355 356 475 477 478 480","134:134 135:134 135:135 136:135 343:340 343:342 343:343 354:353 354:354 356:354 356:355 356:356 475:475 480:475 480:476 480:480"
"نور الہدی","کیپٹن گل ریز",2,"358 359","354:362 356:362"
"نوراں","چوہدری اللہ داد خان",8,"309 310 311 381 390 541","305:313 306:313 307:313 308:313 309:313 381:382 393:388 546:536"
"نوراں","ڈاکٹر ارشد احمد",2,"398","393:403 394:403"
"نوراں","کمال",2,"304 366","305:303 369:363"
"نوراں","کنیز",1,"304","305:304"
"نوراں","کیپٹن گل ریز",2,"365 366","369:362 369:363"
"ٹریور","پیٹر",1,"96","95:98"
"ٹریور","چاچی مہراں",1,"98","95:101"
"ٹریور","چراغ دین",1,"98","95:101"
"ٹریور","چوہدری اللہ داد خان",6,"90 91 93 94 96","95:86 95:87 95:88 95:92 95:93 95:97"
"ٹریور","کانی",1,"94","95:94"
"ٹریور","کمال",1,"95","95:95"
"ٹریور","کنیز",1,"95","95:95"
"ٹریور","ہاتھی دانت",1,"94","95:93"
"ٹریور","ہیری",2,"93 96","95:91 95:98"
"پال","پیٹر",6,"49 50 52 56 60 71","49:49 52:49 52:52 60:52 60:60 71:71"
"پال","چاچا محمد بخش",1,"48","49:48"
"پال","چوہدری اللہ داد خان",8,"48 51 52 56 59 62 67 75","49:48 49:53 52:53 60:53 60:59 60:64 71:64 71:80"
"پال","ڈاکٹر ارشد احمد",4,"1 498 499","1:1 503:493 503:494 503:495"
"پال","کمال",10,"49 51 56 60 66 67 74 236","49:50 52:50 52:61 60:61 71:61 71:62 71:63 71:64 71:78 240:232"
"پال","ہاتھی دانت",3,"61 67 71","60:63 71:63 71:71"
"پال","ہیری",1,"241","240:242"
"پروفیسر مشتاق","چوہدری اللہ داد خان",1,"128","133:124"
"پروفیسر مشتاق","کمند علی خان",1,"133","133:134"
"پیٹر","چاچا محمد بخش",2,"48 111","49:48 107:115"
"پیٹر","چاچی رابیاں",1,"110","107:113"
"پیٹر","چاچی مہراں",2,"99 104","98:101 107:101"
"پیٹر","چراغ دین",5,"99 104 105 210","98:101 107:101 107:102 107:103 209:211"
"پیٹر","چوہدری اللہ داد خان",23,"48 51 52 56 59 62 67 75 80 83 93 95 97 99 103 105 106 107 207 208 209","49:48 49:53 52:53 60:53 60:59 60:64 71:64 71:80 81:80 81:86 98:88 98:92 98:93 98:97 98:100 107:100 107:104 107:105 107:106 107:107 209:206 209:207 209:209"
"پیٹر","ڈاکٹر ارشد احمد",2,"204 211","209:200 209:214"
"پیٹر","کانی",2,"82 96","81:84 98:94"
"پیٹر","کمال",20,"49 51 56 60 66 67 74 79 80 81 96 97 98 103 107 205 210","49:50 52:50 52:61 60:61 71:61 71:62 71:63 71:64 71:78 81:78 81:79 81:81 98:95 98:97 98:99 107:99 107:108 209:201 209:202 209:211"
"پیٹر","کنیز",1,"96","98:95"
"پیٹر","ہاتھی دانت",5,"61 67 71 76 95","60:63 71:63 71:71 81:71 98:93"
"پیٹر","ہیری",4,"86 94 98 102","81:91 98:91 98:98 107:98"
"چاچا محمد بخش","چاچی رابیاں",1,"114","115:113"
"چاچا محمد بخش","چوہدری اللہ داد خان",11,"48 110 111 113 114 115 116 117","48:48 115:105 115:106 115:107 115:111 115:113 115:114 115:116 116:116 117:116 117:117"
"چاچا محمد بخش","ڈاکٹر ارشد احمد",3,"118 119","115:122 116:122 117:122"
"چاچا محمد بخش","کمال",2,"49 111","48:50 115:108"
"چاچی رابیاں","چراغ دین",1,"108","113:103"
"چاچی رابیاں","چوہدری اللہ داد خان",6,"108 109 110 112 113","113:104 113:105 113:106 113:107 113:111 113:113"
"چاچی رابیاں","ڈاکٹر ارشد احمد",1,"117","113:122"
"چاچی رابیاں","کمال",1,"110","113:108"
"چاچی مہراں","چراغ دین",1,"101","101:101"
"چاچی مہراں","چوہدری اللہ داد خان",5,"96 97 99 100 102","101:92 101:93 101:97 101:100 101:104"
"چاچی مہراں","کانی",1,"97","101:94"
"چاچی مہراں","کمال",4,"98 99 100 104","101:95 101:97 101:99 101:108"
"چاچی مہراں","کنیز",1,"98","101:95"
"چاچی مہراں","ہاتھی دانت",1,"97","101:93"
"چاچی مہراں","ہیری",2,"96 99","101:91 101:98"
"چراغ دین","چوہدری اللہ داد خان",10,"96 97 99 100 102 103 208 209 210","101:92 101:93 101:97 101:100 101:104 102:104 103:104 211:206 211:207 211:209"
"چراغ دین","ڈاکٹر ارشد احمد",5,"183 185 188 212","188:178 188:179 188:183 188:189 211:214"
"چراغ دین","کانی",1,"97","101:94"
"چراغ دین","کمال",17,"98 99 100 104 105 184 185 186 187 188 206 211","101:95 101:97 101:99 101:108 102:108 103:108 188:181 188:182 188:183 188:184 188:185 188:186 188:187 188:188 211:201 211:202 211:211"
"چراغ دین","کنیز",1,"98","101:95"
"چراغ دین","ہاتھی دانت",1,"97","101:93"
"چراغ دین","ہیری",2,"96 99","101:91 101:98"
"چوہدری اللہ داد خان","ڈاکٹر ارشد احمد",18,"117 118 119 120 123 203 210 211 289 405 421 422 522 534","113:122 114:122 116:122 117:122 118:122 119:122 124:122 206:200 206:214 207:214 209:214 286:292 407:403 407:404 419:424 420:424 522:523 536:532"
"چوہدری اللہ داد خان","کانی",8,"82 85 90 91 93 95","80:84 86:84 86:94 87:94 88:94 92:94 93:94 97:94"
"چوہدری اللہ داد خان","کمال",40,"49 51 57 60 62 63 64 79 80 83 90 91 93 94 96 97 98 99 104 106 107 109 203 204 208 209 210 308 329 330 331 519 526 533","48:50 53:50 53:61 59:61 64:61 64:62 64:63 64:64 80:78 80:79 80:81 86:81 86:95 87:95 88:95 92:95 93:95 97:95 97:97 100:97 100:99 100:108 104:108 105:108 106:108 107:108 111:108 206:201 206:202 206:211 207:211 209:211 313:303 331:328 331:329 331:330 331:332 522:517 522:530 536:530"
"چوہدری اللہ داد خان","کمند علی خان",7,"129 335 345 346 351 470","124:134 331:340 350:340 350:342 350:343 350:353 465:475"
"چوہدری اللہ داد خان","کنیز",7,"90 91 93 94 96 308","86:95 87:95 88:95 92:95 93:95 97:95 313:304"
"چوہدری اللہ داد خان","کیپٹن خانزادہ",4,"568 570 571","572:564 572:568 572:569 572:570"
"چوہدری اللہ داد خان","کیپٹن گل ریز",4,"567 570 571","572:562 572:568 572:569 572:570"
"چوہدری اللہ داد خان","ہاتھی دانت",11,"58 61 63 67 75 89 90 92 93 95","53:63 59:63 64:63 64:71 80:71 86:93 87:93 88:93 92:93 93:93 97:93"
"چوہدری اللہ داد خان","ہیری",8,"88 89 91 95 97 99","86:91 87:91 88:91 92:91 92:98 93:98 97:98 100:98"
"ڈاکٹر ارشد احمد","کمال",39,"22 148 149 150 156 164 168 179 180 182 183 186 187 188 196 198 200 212 213 214 215 217 218 219 486 487 520 526 527 531","19:25 145:151 147:151 149:151 150:151 161:151 161:168 168:168 169:168 178:181 179:181 183:181 183:182 183:183 189:183 189:184 189:185 189:186 189:187 189:188 192:201 195:201 200:201 214:211 214:213 214:214 215:214 215:216 218:216 218:217 218:219 219:219 488:484 488:485 488:486 523:517 523:530 525:530 532:530"
"ڈاکٹر ارشد احمد","کمند علی خان",2,"140 484","145:135 488:480"
"ڈاکٹر ارشد احمد","کیپٹن گل ریز",4,"151 152 153 158","147:156 149:156 150:156 161:156"
"کانی","کمال",4,"81 82 94","84:78 84:79 84:81 94:95"
"کانی","کنیز",1,"94","94:95"
"کانی","ہاتھی دانت",2,"88 93","84:93 94:93"
"کانی","ہیری",3,"87 92 96","84:91 94:91 94:98"
"کمال","کمند علی خان",12,"335 336 358 359 360 475 476 480 482","330:340 332:340 363:353 363:354 363:355 363:356 363:357 363:358 476:475 476:476 484:476 484:480"
"کمال","کنیز",3,"95 96 303","95:95 97:95 303:304"
"کمال","کیپٹن گل ریز",3,"153 362 363","151:156 363:362 363:363"
"کمال","ہاتھی دانت",7,"62 63 67 74 94","61:63 62:63 63:63 64:63 64:71 78:71 95:93"
"کمال","ہیری",6,"86 93 96 97 98 237","81:91 95:91 95:98 97:98 99:98 232:242"
"کمند علی خان","کیپٹن گل ریز",6,"357 358 359 360","353:362 354:362 355:362 356:362 357:362 358:362"
"کنیز","ہاتھی دانت",1,"94","95:93"
"کنیز","ہیری",2,"93 96","95:91 95:98"
"کیپٹن خانزادہ","کیپٹن گل ریز",7,"563 566 568 569 570","564:562 564:568 568:568 569:568 569:569 570:569 570:570"
"ہاتھی دانت","ہیری",2,"92 95","93:91 93:98"
