Character_A,Character_B,Weight,Pages(centers),Pairs(pa:pb)
"آپا جی","اظہار اعوان",12,"50 51 52 90 91 93 95 119 120 285 286 321","50:50 52:50 52:53 88:93 89:93 93:93 98:93 118:121 119:121 286:285 286:286 321:322"
"آپا جی","اچھو ترکھان",2,"99 102","98:101 104:101"
"آپا جی","اکبر",1,"70","69:71"
"آپا جی","بابا نذیر احمد",2,"513 515","516:511 516:514"
"آپا جی","بابو",7,"99 102 262 283 517 520 523","98:101 104:101 265:260 286:281 516:519 522:519 522:524"
"آپا جی","بابو راؤ پٹیل",3,"283 517 520","286:281 516:519 522:519"
"آپا جی","باجی ہاں ہاں",5,"68 105 106 323","69:68 104:106 105:106 106:106 321:325"
"آپا جی","باقر",2,"66 70","69:64 69:71"
"آپا جی","بخت نصیب",1,"523","522:525"
"آپا جی","برکت مسیح",8,"99 102 103 116 117 118 119","98:101 104:101 104:102 104:103 114:119 115:119 118:119 119:119"
"آپا جی","برگیتا",17,"50 51 52 120 267 318 322 514 515 516 519 520 521 522","50:51 52:51 52:53 118:122 119:122 265:269 321:316 321:324 516:512 516:515 516:517 522:517 522:518 522:519 522:520 522:521 522:522"
"آپا جی","بلخ",3,"66 67","69:64 69:65 69:66"
"آپا جی","بلقیس",1,"68","69:68"
"آپا جی","بندو رام",7,"81 84 88 89 91 92","80:83 86:83 86:90 88:90 89:90 93:90 93:92"
"آپا جی","بیرٹ",5,"69 88 89 90 92","69:69 86:91 88:91 89:91 93:91"
"آپا جی","بیٹ مین بشیر",2,"120","118:122 119:122"
"آپا جی","تاج",10,"66 67 70 106 107 110 111 514","69:64 69:65 69:71 104:108 105:108 106:108 113:108 113:109 113:110 516:513"
"آپا جی","جاوید اثر",6,"70 80 83 107 108 111","69:71 80:81 86:81 105:110 106:110 113:110"
"آپا جی","جی۔ ایم۔ اثر",1,"70","69:71"
"آپا جی","خورشید شاہد",3,"70 94 96","69:71 93:95 98:95"
"آپا جی","خیر دین تانگے والا",5,"113 114 115 116","113:114 114:114 115:114 115:115 118:115"
"آپا جی","دادا جی (مشاہد کے دادا)",5,"114 115 117","113:116 114:116 115:116 118:116 118:117"
"آپا جی","دارو",3,"91 93 96","89:94 93:94 98:94"
"آپا جی","دانش",3,"81 84 514","80:82 86:82 516:512"
"آپا جی","راڈنی ایز برگ",2,"320 321","321:320 321:321"
"آپا جی","روزی",3,"107 108 111","105:110 106:110 113:110"
"آپا جی","روندر/افتخار",2,"94 96","93:95 98:95"
"آپا جی","زاہد کالیا",7,"82 85 99 102 266 516 523","80:84 86:84 98:101 104:101 265:267 516:516 522:525"
"آپا جی","ساحِب (انگلو انڈین)",38,"48 51 52 66 67 68 69 78 80 84 88 89 90 92 93 95 96 97 98 106 107 111 112 113 114 117 119 287 319 323 516 522","50:46 50:52 52:52 69:64 69:65 69:66 69:68 69:69 80:76 80:80 86:82 86:91 88:91 89:91 93:91 93:93 98:93 98:94 98:96 98:98 104:109 105:109 106:109 113:109 113:110 113:111 113:112 113:114 114:114 115:114 115:120 118:120 119:120 286:289 321:317 321:325 516:516 522:522"
"آپا جی","سعادت حسن منٹو",25,"66 67 69 80 88 89 90 92 93 95 96 97 106 107 110 111 112 117 119 516 522","69:64 69:65 69:66 69:69 80:80 86:91 88:91 89:91 93:91 93:93 98:93 98:94 98:97 104:108 105:108 106:108 113:108 113:109 113:110 113:112 115:120 118:120 119:120 516:516 522:522"
"آپا جی","سعید",2,"94 96","93:95 98:95"
"آپا جی","سمیعہ",16,"67 68 69 80 84 91 93 96 106 107 110 516 519 522","69:66 69:67 69:68 69:70 80:80 86:83 89:94 93:94 98:94 104:108 105:108 106:108 113:108 516:516 522:517 522:522"
"آپا جی","سور",1,"523","522:525"
"آپا جی","شاہ شہید",6,"78 90 91 93 95 96","80:76 88:93 89:93 93:93 98:93 98:94"
"آپا جی","شاہ صاحب (سات پھولوں والے)",8,"78 90 91 93 95 96 108 112","80:76 88:93 89:93 93:93 98:93 98:94 106:111 113:111"
"آپا جی","شوبھا مردان",4,"119 120 518 521","118:121 119:121 516:520 522:520"
"آپا جی","صادق",3,"94 96 320","93:95 98:95 321:319"
"آپا جی","صفیہ",8,"67 71 106 107 111 516 522","69:66 69:73 104:109 105:109 106:109 113:109 516:516 522:522"
"آپا جی","فاطمہ",9,"283 284 514 517 520 521 522","286:281 286:282 516:512 516:518 522:518 522:519 522:520 522:521 522:522"
"آپا جی","لاری صاحب",5,"70 90 91 93 95","69:71 88:93 89:93 93:93 98:93"
"آپا جی","مالی شریف",1,"522","522:523"
"آپا جی","ماموں ہیرس",6,"88 89 90 92 93 95","86:91 88:91 89:91 93:91 93:93 98:93"
"آپا جی","محمد غنی چیمہ",1,"78","80:77"
"آپا جی","مردان",30,"47 48 49 50 51 53 67 69 95 98 104 105 106 112 113 114 115 116 117 119 286 321 514 518 521 522","50:45 50:46 50:48 50:50 52:50 52:54 69:66 69:70 93:98 98:98 104:105 105:105 106:105 106:106 113:112 113:113 114:113 114:115 115:115 118:115 118:116 118:117 118:120 119:120 286:286 321:321 516:512 516:520 522:520 522:522"
"آپا جی","مرزا بیٹریاں",4,"79 91 93 96","80:78 89:94 93:94 98:94"
"آپا جی","مشائلہ",2,"320 321","321:320 321:321"
"آپا جی","مشاہد",74,"48 49 50 51 52 66 67 68 69 78 79 80 83 84 85 86 87 88 89 91 92 93 95 96 97 98 101 104 105 106 110 111 112 113 114 115 116 117 118 119 262 263 264 265 283 284 285 286 318 319 320 321 515 516 519 520 521 522","50:46 50:47 50:48 50:49 50:50 52:50 52:51 52:52 69:64 69:66 69:67 69:68 69:69 80:76 80:77 80:78 80:79 80:80 86:81 86:83 86:84 86:85 86:86 88:86 88:88 89:88 89:90 93:90 93:92 93:93 98:93 98:94 98:97 98:98 104:99 104:104 105:104 105:106 106:106 113:108 113:110 113:112 113:113 114:113 114:115 115:115 118:115 118:116 118:117 118:118 119:118 119:119 265:260 265:261 265:263 265:264 265:266 286:281 286:283 286:284 286:286 321:316 321:317 321:318 321:319 321:320 321:321 516:515 516:516 522:517 522:519 522:520 522:521 522:522"
"آپا جی","مشتاق واہ واہ",2,"94 96","93:95 98:95"
"آپا جی","مظہر شاہ",4,"90 91 93 95","88:93 89:93 93:93 98:93"
"آپا جی","ملک معراج",3,"107 108 111","105:110 106:110 113:110"
"آپا جی","موسیقار آقا نواز",3,"318 319","321:316 321:317 321:318"
"آپا جی","ٹریور",2,"94 96","93:95 98:95"
"آپا جی","پال",4,"49 51 52 70","50:49 50:52 52:52 69:71"
"آپا جی","پیٹر",11,"49 51 52 70 80 83 95 98 105 106","50:49 50:52 52:52 69:71 80:81 86:81 93:98 98:98 104:107 105:107 106:107"
"آپا جی","چاچا محمد بخش",7,"49 114 115 116 117","50:48 113:115 114:115 115:115 118:115 118:116 118:117"
"آپا جی","چاچی رابیاں",2,"113","113:113 114:113"
"آپا جی","چاچی مہراں",2,"99 102","98:101 104:101"
"آپا جی","چراغ دین",4,"99 102 103","98:101 104:101 104:102 104:103"
"آپا جی","چوہدری اللہ داد خان",36,"49 51 52 66 80 86 87 88 90 92 93 95 97 99 102 104 105 106 112 113 114 115 117 118 119 263 286 522","50:48 50:53 52:53 69:64 80:80 86:86 88:86 88:87 88:88 89:88 89:92 93:92 93:93 98:93 98:97 98:100 104:100 104:104 105:104 105:105 106:105 106:106 113:111 113:113 114:113 114:114 115:114 115:116 118:116 118:117 118:118 119:118 119:119 265:262 286:286 522:522"
"آپا جی","ڈاکٹر ارشد احمد",3,"120 522","118:122 119:122 522:523"
"آپا جی","کانی",5,"82 85 91 93 96","80:84 86:84 89:94 93:94 98:94"
"آپا جی","کمال",18,"50 51 66 79 80 83 94 96 97 98 101 106 107 110 516 519","50:50 52:50 69:64 80:78 80:79 80:81 86:81 93:95 98:95 98:97 98:99 104:99 104:108 105:108 106:108 113:108 516:517 522:517"
"آپا جی","کنیز",2,"94 96","93:95 98:95"
"آپا جی","ہاتھی دانت",5,"70 90 91 93 95","69:71 88:93 89:93 93:93 98:93"
"آپا جی","ہیری",6,"88 89 90 92 95 98","86:91 88:91 89:91 93:91 93:98 98:98"
"اظہار اعوان","اقبال مسیح",2,"21 350","20:23 351:349"
"اظہار اعوان","بابا نذیر احمد",2,"124 132","122:127 134:130"
"اظہار اعوان","بابو",13,"227 228 239 283 333 335 337 452 453 458 459 460 493","228:227 228:228 238:241 285:281 332:335 335:335 340:335 453:451 453:453 461:456 461:457 461:459 491:495"
"اظہار اعوان","بابو راؤ پٹیل",6,"283 333 335 337 452 460","285:281 332:335 335:335 340:335 453:451 461:459"
"اظہار اعوان","باجی ہاں ہاں",4,"227 323 402 451","228:227 322:325 403:402 453:449"
"اظہار اعوان","برکت مسیح",4,"120 201 202 210","121:119 201:202 203:202 210:211"
"اظہار اعوان","برگیتا",32,"19 20 50 52 53 121 122 145 198 200 201 202 212 216 217 219 323 395 402 403 451 454 478 480 481 490 491 561 562 563 564","20:18 20:19 20:21 50:51 53:51 53:53 121:122 122:122 145:146 201:196 201:200 201:201 203:201 210:214 219:214 219:215 219:219 322:324 395:396 403:401 403:404 453:449 453:455 476:481 480:481 482:481 491:490 491:492 564:559 564:561 564:562 564:565"
"اظہار اعوان","بندو رام",2,"91 92","93:90 93:92"
"اظہار اعوان","بیرٹ",1,"92","93:91"
"اظہار اعوان","بیٹ مین بشیر",24,"121 122 131 136 137 138 139 183 212 216 218 343 344 348 359 360 474 476 478 479 482 483","121:122 122:122 134:129 134:139 136:139 137:139 140:139 183:184 210:214 219:214 219:217 341:346 342:346 343:346 351:346 357:362 358:362 359:362 472:476 476:476 480:476 480:478 480:485 482:485"
"اظہار اعوان","بیگم بابر",12,"138 140 142 357 358 359 404 477 479","136:140 137:140 140:140 145:140 355:360 356:360 357:360 358:360 359:360 403:405 476:479 480:479"
"اظہار اعوان","تاج",1,"454","453:455"
"اظہار اعوان","جی۔ ایم۔ اثر",1,"20","20:21"
"اظہار اعوان","خورشید شاہد",1,"94","93:95"
"اظہار اعوان","داؤد احمد",28,"134 135 136 137 138 337 340 341 342 352 353 355 356 357 358 472 474 475 478 480 481","134:135 136:135 136:137 137:137 140:137 335:340 340:340 341:340 341:341 342:341 342:342 343:342 351:353 353:353 354:353 354:357 355:357 356:357 357:357 358:357 358:358 359:358 472:472 476:472 476:475 476:480 480:480 482:480"
"اظہار اعوان","دادا جی (مشاہد کے دادا)",2,"118 119","121:116 121:117"
"اظہار اعوان","دارو",4,"93 393 394 395","93:94 395:391 395:394 395:396"
"اظہار اعوان","دانش",28,"133 134 135 136 218 337 340 341 342 351 352 353 354 356 357 358 472 474 475","134:133 134:134 136:134 136:135 136:136 137:136 219:217 335:340 340:340 341:340 341:341 342:341 342:342 343:342 351:351 353:351 353:353 354:353 354:354 355:354 355:358 356:358 357:358 358:358 359:358 472:472 476:472 476:475"
"اظہار اعوان","راڈنی ایز برگ",16,"321 322 331 332 334 335 337 338 339 396 400 401 451","322:320 322:321 322:322 332:331 332:333 335:333 335:334 335:335 340:335 340:336 340:337 340:339 395:397 403:398 403:399 453:449"
"اظہار اعوان","رحمان گل",38,"133 134 135 136 137 138 337 340 341 342 351 352 354 355 356 357 358 359 461 472 474 475 476 478 479 480 481 491","134:133 134:134 136:134 136:135 136:136 137:136 137:137 140:137 335:340 340:340 341:340 341:341 342:341 342:342 343:342 351:351 353:351 353:356 354:356 355:356 356:356 357:356 357:357 358:357 358:358 359:358 359:359 461:461 462:461 472:472 476:472 476:475 476:476 480:476 480:479 480:480 482:480 491:491"
"اظہار اعوان","روزی",1,"564","564:565"
"اظہار اعوان","روندر/افتخار",1,"94","93:95"
"اظہار اعوان","زاہد کالیا",41,"19 138 139 140 143 144 145 180 181 182 183 199 200 201 202 205 209 212 216 217 218 219 237 330 336 339 352 353 392 393 397 401 402 403 489","20:19 136:141 137:141 140:141 145:141 145:142 145:144 145:145 183:178 183:179 183:182 183:183 201:197 201:198 201:199 201:200 201:201 203:201 203:208 210:208 210:214 219:214 219:215 219:216 219:217 219:218 219:219 238:237 332:328 335:338 340:338 351:353 353:353 354:353 395:390 395:392 395:400 403:400 403:402 403:403 491:488"
"اظہار اعوان","ساحِب (انگلو انڈین)",65,"20 48 51 52 92 93 120 121 122 132 142 145 182 183 201 202 204 208 210 217 218 219 287 319 323 330 331 332 333 334 336 338 339 340 351 352 353 355 356 359 360 395 404 462 463 470 474 476 478 480 481 482 488 565","20:21 50:46 50:52 53:52 93:91 93:93 121:120 121:122 122:122 134:131 140:145 145:145 183:181 183:182 183:183 201:201 203:201 203:202 203:206 210:206 210:207 210:211 219:216 219:217 219:219 285:289 286:289 322:317 322:325 332:328 332:329 332:330 332:331 332:332 335:332 335:333 335:337 340:337 340:338 340:340 341:340 351:352 353:352 353:353 354:353 354:356 355:356 356:356 357:356 357:362 358:362 359:362 395:395 403:406 461:464 462:464 472:469 472:476 476:476 480:476 480:480 482:480 482:482 491:486 564:566"
"اظہار اعوان","ستار نقوی",22,"133 134 135 136 341 342 343 355 356 357 358 359 402 473 475","134:133 134:134 136:134 136:135 136:136 137:136 340:342 341:342 342:342 343:342 343:344 353:358 354:358 355:358 356:358 357:358 358:358 359:358 359:360 403:402 472:475 476:475"
"اظہار اعوان","سعادت حسن منٹو",9,"20 92 93 120 132 182 203 204 208","20:21 93:91 93:93 121:120 134:131 183:181 201:206 203:206 210:206"
"اظہار اعوان","سعید",7,"21 94 220 230 235 236 238","20:23 93:95 219:222 228:233 238:233 238:235 238:239"
"اظہار اعوان","سمیعہ",11,"20 93 203 204 207 208 209 221 226 332 334","20:21 93:94 201:205 203:205 210:205 210:206 210:208 219:224 228:224 332:333 335:333"
"اظہار اعوان","سور",3,"123 146","121:125 122:125 145:148"
"اظہار اعوان","شاہ شہید",2,"93 395","93:93 395:395"
"اظہار اعوان","شاہ صاحب (سات پھولوں والے)",2,"93 395","93:93 395:395"
"اظہار اعوان","شوبھا مردان",52,"55 121 122 131 132 133 134 135 136 137 138 139 140 142 341 342 343 348 349 350 356 357 358 359 402 403 461 462 470 472 474 476 478 479 481 482 488 489 491 563 564","53:58 121:121 122:121 122:122 134:129 134:130 134:132 134:135 136:135 136:136 137:136 137:137 140:137 140:138 140:139 140:140 145:140 340:342 341:342 342:342 343:342 343:343 351:346 351:347 351:350 354:359 355:359 356:359 357:359 358:359 359:359 403:401 403:402 403:404 461:461 462:461 462:462 472:468 472:469 472:472 476:472 476:477 480:477 480:479 480:482 482:482 491:486 491:487 491:491 564:562 564:563 564:564"
"اظہار اعوان","صادق",2,"94 320","93:95 322:319"
"اظہار اعوان","صباحت بیگم",26,"133 134 135 332 333 340 341 352 353 354 355 356 357 358 473 475 477 479 480 481","134:133 134:134 136:134 136:135 332:332 335:332 340:341 341:341 342:341 351:353 353:353 354:353 354:355 355:355 356:355 356:357 357:357 358:357 358:358 359:358 472:475 476:475 476:479 480:479 480:480 482:480"
"اظہار اعوان","صفیہ",1,"20","20:21"
"اظہار اعوان","ظہیر الدین بابر",14,"20 138 140 142 357 358 359 404 477 479 563","20:20 136:140 137:140 140:140 145:140 355:360 356:360 357:360 358:360 359:360 403:405 476:479 480:479 564:563"
"اظہار اعوان","عارفین بابر",13,"124 359 360 404 477 479 481 482 563 564","122:127 357:362 358:362 359:362 403:405 476:478 480:478 480:479 480:482 482:482 564:562 564:563 564:564"
"اظہار اعوان","عاشق علی",1,"566","564:568"
"اظہار اعوان","فاطمہ",13,"283 333 335 337 452 453 458 459 460 491 562","285:281 285:282 332:335 335:335 340:335 453:451 453:453 461:456 461:457 461:458 461:459 491:492 564:560"
"اظہار اعوان","لاری صاحب",1,"93","93:93"
"اظہار اعوان","ماموں ہیرس",2,"92 93","93:91 93:93"
"اظہار اعوان","مردان",80,"20 47 48 49 50 51 53 95 118 119 120 121 122 131 132 133 135 136 137 138 139 140 142 146 239 285 286 321 323 331 337 339 342 343 344 348 349 350 357 358 359 393 402 403 451 452 460 461 462 470 471 472 474 475 476 478 479 480 481 483 488 489 491 562 563 564","20:21 50:45 50:46 50:48 50:50 53:50 53:54 93:98 121:116 121:117 121:120 121:121 122:121 122:122 134:129 134:130 134:132 134:136 136:136 137:136 137:137 140:137 140:138 140:139 140:140 145:140 145:147 238:240 285:286 286:286 322:321 322:325 332:331 335:339 340:339 340:345 341:345 342:345 343:345 351:346 351:348 351:349 351:350 355:360 356:360 357:360 358:360 359:360 395:391 395:392 403:401 403:402 403:404 453:449 453:452 461:460 461:461 462:461 462:462 472:468 472:469 472:470 472:472 476:472 476:474 476:476 480:476 480:477 480:478 480:479 480:480 482:480 482:484 491:486 491:487 491:491 564:561 564:562 564:563 564:564"
"اظہار اعوان","مرزا بیٹریاں",3,"93 481 482","93:94 480:482 482:482"
"اظہار اعوان","مسز حسین",7,"361 460 462 472 474 475","359:364 461:460 461:463 462:463 472:473 476:473 476:474"
"اظہار اعوان","مشائلہ",13,"321 322 331 334 335 338 339 396 400 401","322:320 322:321 322:322 332:331 332:336 335:336 340:336 340:337 340:338 340:339 395:397 403:398 403:399"
"اظہار اعوان","مشاہد",113,"18 19 20 48 49 50 51 52 53 90 91 92 93 118 119 120 121 122 132 136 137 138 139 140 143 144 145 180 181 198 199 200 201 202 204 207 208 209 210 216 219 225 226 227 228 235 237 238 283 284 285 286 319 320 321 322 331 332 334 335 337 338 339 393 394 395 401 402 403 450 451 452 453 458 459 460 470 471 472 474 475 478 480 481 490 491 562 563","20:16 20:18 20:19 20:20 50:46 50:47 50:48 50:49 50:50 53:50 53:51 53:52 53:53 93:88 93:90 93:92 93:93 121:116 121:117 121:118 121:119 121:120 121:121 122:121 122:122 134:131 134:139 136:139 137:139 140:139 140:141 145:141 145:142 145:143 145:144 145:146 183:178 183:179 201:196 201:197 201:198 201:199 201:200 201:202 203:202 203:205 210:205 210:206 210:207 210:208 210:209 210:210 219:214 219:219 228:223 228:225 228:227 228:228 238:233 238:236 238:237 238:238 285:281 285:283 285:284 285:286 286:286 322:317 322:318 322:319 322:320 322:321 322:322 332:331 332:333 335:333 335:334 335:335 340:335 340:337 340:338 395:391 395:393 395:394 395:395 403:399 403:401 403:402 403:403 453:448 453:449 453:450 453:451 453:452 453:453 461:456 461:457 461:458 461:459 461:460 472:469 472:470 472:473 476:473 476:474 476:481 480:481 482:481 491:490 491:492 564:560 564:561 564:562"
"اظہار اعوان","مشتاق واہ واہ",2,"94 133","93:95 134:133"
"اظہار اعوان","مظہر شاہ",1,"93","93:93"
"اظہار اعوان","موسیقار آقا نواز",2,"319 320","322:317 322:318"
"اظہار اعوان","مولوی احتشام الدین",5,"351 352 462 470","351:352 353:352 461:463 462:463 472:468"
"اظہار اعوان","مہر النساء",1,"470","472:468"
"اظہار اعوان","نازنین بابر",8,"124 359 360 404 477 479 563","122:127 357:362 358:362 359:362 403:405 476:478 480:478 564:563"
"اظہار اعوان","نمبردار اللہ دوایا",1,"405","403:408"
"اظہار اعوان","نور الہدی",21,"134 135 136 341 342 343 352 353 354 355 356 473 475 478 480 481","134:134 136:134 136:135 136:136 137:136 340:343 341:343 342:343 343:343 351:354 353:354 354:354 355:354 355:356 356:356 357:356 472:475 476:475 476:480 480:480 482:480"
"اظہار اعوان","نوراں",2,"394","395:393 395:394"
"اظہار اعوان","ٹریور",1,"94","93:95"
"اظہار اعوان","پال",4,"49 51 52 239","50:49 50:52 53:52 238:240"
"اظہار اعوان","پروفیسر مشتاق",1,"133","134:133"
"اظہار اعوان","پیٹر",5,"49 51 52 95 209","50:49 50:52 53:52 93:98 210:209"
"اظہار اعوان","چاچا محمد بخش",3,"49 118 119","50:48 121:116 121:117"
"اظہار اعوان","چراغ دین",2,"185 210","183:188 210:211"
"اظہار اعوان","چوہدری اللہ داد خان",24,"49 51 53 90 92 93 118 119 120 122 123 203 204 208 209 285 286 331 350 405 463","50:48 50:53 53:53 93:88 93:92 93:93 121:116 121:117 121:118 121:119 121:124 122:124 201:206 203:206 210:206 210:207 210:209 285:286 286:286 332:331 351:350 403:407 461:465 462:465"
"اظہار اعوان","ڈاکٹر ارشد احمد",18,"19 121 122 142 145 180 181 183 200 212 216 217 218 219 403 489 490 492","20:19 121:122 122:122 140:145 145:145 183:178 183:179 183:183 201:200 210:214 219:214 219:215 219:218 219:219 403:403 491:488 491:489 491:493"
"اظہار اعوان","کانی",1,"93","93:94"
"اظہار اعوان","کمال",29,"22 50 51 94 182 183 201 202 210 216 217 218 219 230 330 331 332 333 360 361 474 476 478 482 483 488","20:25 50:50 53:50 93:95 183:181 183:182 183:183 201:201 203:201 203:202 210:211 219:214 219:216 219:217 219:219 228:232 332:328 332:329 332:330 332:332 335:332 358:363 359:363 472:476 476:476 480:476 480:484 482:484 491:486"
"اظہار اعوان","کمند علی خان",29,"134 135 337 340 341 342 343 352 353 354 355 356 357 358 473 475 476 478 480 481","134:134 136:134 136:135 335:340 340:340 341:340 341:342 342:342 343:342 343:343 351:353 353:353 354:353 354:354 355:354 355:355 356:355 356:356 357:356 357:357 358:357 358:358 359:358 472:475 476:475 476:476 480:476 480:480 482:480"
"اظہار اعوان","کنیز",1,"94","93:95"
"اظہار اعوان","کیپٹن خانزادہ",1,"564","564:564"
"اظہار اعوان","کیپٹن گل ریز",5,"359 360 563 566","357:362 358:362 359:362 564:562 564:568"
"اظہار اعوان","ہاتھی دانت",1,"93","93:93"
"اظہار اعوان","ہیری",3,"92 95 240","93:91 93:98 238:242"
"اقبال مسیح","برکت مسیح",3,"429 430","429:429 430:429 430:430"
"اقبال مسیح","برگیتا",8,"20 21 22 23 426 428","23:18 23:19 23:21 23:22 23:23 429:424 429:427 429:428"
"اقبال مسیح","بیٹ مین بشیر",1,"347","349:346"
"اقبال مسیح","جی۔ ایم۔ اثر",1,"22","23:21"
"اقبال مسیح","داؤد احمد",1,"351","349:353"
"اقبال مسیح","دانش",3,"350 430","349:351 429:431 430:431"
"اقبال مسیح","رحمان گل",1,"350","349:351"
"اقبال مسیح","زاہد کالیا",7,"21 351 426 427 428 430 431","23:19 349:353 429:424 429:425 429:428 429:432 430:432"
"اقبال مسیح","ساحِب (انگلو انڈین)",7,"22 24 350 429 430","23:21 23:22 23:26 349:352 429:429 430:429 430:430"
"اقبال مسیح","ستار نقوی",1,"346","349:344"
"اقبال مسیح","سعادت حسن منٹو",1,"22","23:21"
"اقبال مسیح","سعید",1,"23","23:23"
"اقبال مسیح","سمیعہ",1,"22","23:21"
"اقبال مسیح","شوبھا مردان",6,"346 347 348 349 426","349:344 349:345 349:346 349:347 349:350 429:424"
"اقبال مسیح","صباحت بیگم",1,"351","349:353"
"اقبال مسیح","صفیہ",1,"22","23:21"
"اقبال مسیح","ظہیر الدین بابر",1,"21","23:20"
"اقبال مسیح","مالی شریف",2,"429 430","429:430 430:430"
"اقبال مسیح","مردان",11,"22 23 347 348 349 426 427 429 430","23:21 23:22 23:23 349:345 349:346 349:348 349:349 429:424 429:425 429:430 430:430"
"اقبال مسیح","مسز حسین",2,"430","429:431 430:431"
"اقبال مسیح","مشائلہ",2,"429 430","429:430 430:430"
"اقبال مسیح","مشاہد",13,"20 21 22 23 426 427 428 429 430","23:18 23:19 23:20 23:21 23:22 23:23 429:424 429:425 429:427 429:428 429:429 430:429 430:430"
"اقبال مسیح","مولوی احتشام الدین",1,"350","349:352"
"اقبال مسیح","نمبردار اللہ دوایا",2,"426 427","429:424 429:425"
"اقبال مسیح","نور الہدی",1,"351","349:354"
"اقبال مسیح","چوہدری اللہ داد خان",1,"349","349:350"
"اقبال مسیح","ڈاکٹر ارشد احمد",5,"21 426 427 430 431","23:19 429:424 429:425 429:432 430:432"
"اقبال مسیح","کمال",1,"24","23:25"
"اقبال مسیح","کمند علی خان",1,"351","349:353"
"اچھو ترکھان","بابو",1,"101","101:101"
"اچھو ترکھان","باجی ہاں ہاں",1,"103","101:106"
"اچھو ترکھان","برکت مسیح",1,"101","101:101"
"اچھو ترکھان","زاہد کالیا",1,"101","101:101"
"اچھو ترکھان","ساحِب (انگلو انڈین)",2,"98 99","101:96 101:98"
"اچھو ترکھان","سعادت حسن منٹو",1,"99","101:97"
"اچھو ترکھان","مردان",2,"99 103","101:98 101:105"
"اچھو ترکھان","مشاہد",4,"99 100 102","101:97 101:98 101:99 101:104"
"اچھو ترکھان","پیٹر",1,"99","101:98"
"اچھو ترکھان","چاچی مہراں",1,"101","101:101"
"اچھو ترکھان","چراغ دین",1,"101","101:101"
"اچھو ترکھان","چوہدری اللہ داد خان",3,"99 100 102","101:97 101:100 101:104"
"اچھو ترکھان","کمال",2,"99 100","101:97 101:99"
"اچھو ترکھان","ہیری",1,"99","101:98"
"اکبر","باجی ہاں ہاں",2,"65 69","63:68 71:68"
"اکبر","باقر",3,"62 63 71","63:62 63:63 71:71"
"اکبر","برگیتا",2,"60 61","63:58 63:59"
"اکبر","بلخ",2,"63 68","63:64 71:66"
"اکبر","بلقیس",2,"65 69","63:68 71:68"
"اکبر","بیرٹ",2,"70 71","71:69 71:71"
"اکبر","بیٹ مین بشیر",1,"61","63:59"
"اکبر","تاج",3,"62 63 71","63:62 63:64 71:71"
"اکبر","جاوید اثر",1,"71","71:71"
"اکبر","جی۔ ایم۔ اثر",1,"71","71:71"
"اکبر","خورشید شاہد",1,"71","71:71"
"اکبر","ساحِب (انگلو انڈین)",8,"62 63 68 69 70 71","63:61 63:62 63:63 71:66 71:68 71:69 71:70 71:71"
"اکبر","سعادت حسن منٹو",7,"62 63 68 70 71","63:61 63:62 63:64 71:66 71:69 71:70 71:72"
"اکبر","سمیعہ",6,"64 68 69 70 71","63:66 71:66 71:67 71:68 71:70 71:72"
"اکبر","شاہ شہید",1,"73","71:76"
"اکبر","شاہ صاحب (سات پھولوں والے)",1,"73","71:76"
"اکبر","شوبھا مردان",2,"60 61","63:58 63:59"
"اکبر","صفیہ",4,"62 64 68 72","63:62 63:66 71:66 71:73"
"اکبر","لاری صاحب",1,"71","71:71"
"اکبر","مردان",6,"60 61 64 68 70 72","63:58 63:59 63:66 71:66 71:70 71:73"
"اکبر","مشاہد",11,"60 61 62 63 68 69 70 71","63:58 63:60 63:61 63:62 63:63 71:66 71:67 71:68 71:69 71:70 71:71"
"اکبر","پال",2,"61 71","63:60 71:71"
"اکبر","پیٹر",2,"61 71","63:60 71:71"
"اکبر","چوہدری اللہ داد خان",2,"61 63","63:59 63:64"
"اکبر","کمال",3,"62 63","63:61 63:62 63:63"
"اکبر","ہاتھی دانت",2,"63 71","63:63 71:71"
"بابا نذیر احمد","بابو",6,"509 516 532 536 537 539","511:508 514:519 531:534 539:534 539:535 539:540"
"بابا نذیر احمد","بابو راؤ پٹیل",1,"516","514:519"
"بابا نذیر احمد","بخت نصیب",5,"528 529 530","531:526 531:527 531:528 531:529 531:530"
"بابا نذیر احمد","برگیتا",17,"26 27 29 30 124 508 510 511 513 514 533 537 538 539","29:24 29:25 29:29 30:29 30:30 127:122 511:506 511:509 511:512 514:512 514:515 531:535 539:535 539:536 539:537 539:538 539:540"
"بابا نذیر احمد","بیٹ مین بشیر",4,"124 125 128 129","127:122 127:123 127:129 130:129"
"بابا نذیر احمد","بیگم بابر",3,"533 537 538","531:535 539:535 539:538"
"بابا نذیر احمد","تاج",2,"512 513","511:513 514:513"
"بابا نذیر احمد","داؤد احمد",1,"132","130:135"
"بابا نذیر احمد","دانش",3,"131 511 513","130:133 511:512 514:512"
"بابا نذیر احمد","رحمان گل",1,"131","130:133"
"بابا نذیر احمد","زاہد کالیا",8,"513 515 528 529 530 531 539","511:516 514:516 531:526 531:527 531:529 531:530 531:532 539:540"
"بابا نذیر احمد","ساحِب (انگلو انڈین)",8,"27 124 129 130 513 515 531 541","29:26 127:122 127:131 130:131 511:516 514:516 531:531 539:543"
"بابا نذیر احمد","ستار نقوی",1,"131","130:133"
"بابا نذیر احمد","سعادت حسن منٹو",4,"129 130 513 515","127:131 130:131 511:516 514:516"
"بابا نذیر احمد","سمیعہ",2,"513 515","511:516 514:516"
"بابا نذیر احمد","سور",1,"126","127:125"
"بابا نذیر احمد","شوبھا مردان",14,"124 125 126 127 128 129 130 533 537 538","127:122 127:123 127:124 127:125 127:126 127:127 130:127 130:129 130:130 531:535 539:535 539:536 539:537 539:538"
"بابا نذیر احمد","صباحت بیگم",1,"131","130:133"
"بابا نذیر احمد","صفیہ",2,"513 515","511:516 514:516"
"بابا نذیر احمد","ظہیر الدین بابر",3,"533 537 538","531:535 539:535 539:538"
"بابا نذیر احمد","عارفین بابر",5,"127 128 533 537 538","127:127 130:127 531:535 539:535 539:537"
"بابا نذیر احمد","فاطمہ",9,"509 510 511 513 516 530 531 537 539","511:508 511:510 511:512 514:512 514:518 531:529 531:531 539:535 539:539"
"بابا نذیر احمد","مالی شریف",2,"510 541","511:509 539:543"
"بابا نذیر احمد","مردان",26,"26 27 28 29 30 124 125 126 127 128 129 130 508 509 511 513 531 537 538 539","29:24 29:25 29:26 29:27 29:28 29:30 30:30 127:122 127:123 127:124 127:126 127:127 130:127 130:129 130:130 511:506 511:507 511:508 511:512 514:512 531:531 539:535 539:536 539:537 539:538 539:539"
"بابا نذیر احمد","مشاہد",29,"26 27 28 29 30 124 125 129 130 508 509 510 513 514 528 529 530 531 536 537 538 539","29:24 29:25 29:26 29:27 29:28 29:29 30:29 30:30 127:122 127:124 127:131 130:131 511:506 511:507 511:508 511:509 511:510 511:515 514:515 531:526 531:527 531:529 531:531 539:534 539:535 539:536 539:537 539:538 539:539"
"بابا نذیر احمد","مشتاق واہ واہ",1,"131","130:133"
"بابا نذیر احمد","نازنین بابر",2,"127 128","127:127 130:127"
"بابا نذیر احمد","نور الہدی",1,"132","130:134"
"بابا نذیر احمد","پروفیسر مشتاق",1,"131","130:133"
"بابا نذیر احمد","چوہدری اللہ داد خان",3,"125 533 537","127:124 531:536 539:536"
"بابا نذیر احمد","ڈاکٹر ارشد احمد",2,"124 531","127:122 531:532"
"بابا نذیر احمد","کمال",3,"27 515 530","29:25 514:517 531:530"
"بابا نذیر احمد","کمند علی خان",1,"132","130:134"
"بابو","بابو راؤ پٹیل",20,"242 243 244 245 279 280 281 335 451 452 456 457 458 459 519 521","241:244 242:244 243:244 244:244 245:244 245:245 246:245 278:281 279:281 281:281 335:335 451:451 453:451 454:459 455:459 456:459 457:459 459:459 519:519 524:519"
"بابو","باجی ہاں ہاں",5,"103 227 446 450","101:106 227:227 228:227 444:449 451:449"
"بابو","بخت نصیب",3,"524 531 532","524:525 534:529 534:530"
"بابو","برکت مسیح",1,"101","101:101"
"بابو","برگیتا",45,"270 299 440 441 442 446 450 453 454 455 492 493 494 495 498 499 500 501 507 508 517 518 519 521 522 523 534 535 537 538 539 540 541 545 548","271:269 299:300 439:441 442:441 442:442 443:442 444:449 451:449 451:455 453:455 454:455 455:455 456:455 495:490 495:492 495:493 495:494 495:495 501:496 501:497 501:498 501:499 501:500 501:501 508:506 508:509 519:515 519:517 519:518 519:519 524:519 524:520 524:521 524:522 534:535 535:535 540:535 540:536 540:537 540:538 540:540 541:540 541:541 548:543 548:549"
"بابو","بندو رام",1,"548","548:548"
"بابو","بیگم بابر",4,"534 535 537 539","534:535 535:535 540:535 540:538"
"بابو","تاج",6,"453 454 455 510","451:455 453:455 454:455 455:455 456:455 508:513"
"بابو","داؤد احمد",2,"297 337","299:295 335:340"
"بابو","دارو",1,"300","299:301"
"بابو","دانش",4,"337 502 506 510","335:340 501:504 508:504 508:512"
"بابو","راڈنی ایز برگ",7,"333 334 335 438 446 450","335:331 335:333 335:334 335:335 439:438 444:449 451:449"
"بابو","رحمان گل",5,"337 458 459 460 493","335:340 456:461 457:461 459:461 495:491"
"بابو","زاہد کالیا",21,"101 234 239 269 336 436 437 438 502 505 517 524 531 532 533 537 540 541 549","101:101 232:237 241:237 271:267 335:338 439:434 439:435 439:436 439:437 501:503 508:503 519:516 524:525 534:529 534:530 534:532 535:540 540:540 541:540 541:541 548:551"
"بابو","ساحِب (انگلو انڈین)",27,"98 99 243 244 245 246 247 300 332 333 334 336 437 461 517 520 523 532 541 542 545 547","101:96 101:98 241:246 242:246 243:246 244:246 245:246 246:246 247:246 247:247 248:247 299:302 335:330 335:331 335:332 335:333 335:337 439:435 459:464 519:516 519:522 524:522 534:531 540:543 541:543 548:543 548:546"
"بابو","سعادت حسن منٹو",4,"99 517 520 523","101:97 519:516 519:522 524:522"
"بابو","سعید",7,"224 230 231 232 240 300","227:222 228:233 229:233 230:233 232:233 241:239 299:301"
"بابو","سمیعہ",7,"225 334 517 518 520 523 548","227:224 335:333 519:516 519:517 519:522 524:522 548:548"
"بابو","سور",9,"245 246 247 248 249 524","243:248 244:248 245:248 246:248 247:248 248:248 250:248 250:249 524:525"
"بابو","شوبھا مردان",14,"438 458 459 460 493 519 522 534 535 537 538 539 549","439:438 456:461 457:461 459:461 495:491 519:520 524:520 534:535 535:535 540:535 540:536 540:537 540:538 548:551"
"بابو","صباحت بیگم",1,"333","335:332"
"بابو","صفیہ",3,"517 520 523","519:516 519:522 524:522"
"بابو","ظہیر الدین بابر",5,"437 534 535 537 539","439:436 534:535 535:535 540:535 540:538"
"بابو","عارفین بابر",4,"534 535 537 538","534:535 535:535 540:535 540:537"
"بابو","غفور",1,"300","299:302"
"بابو","فاطمہ",72,"242 243 244 246 247 271 272 273 276 278 280 281 299 335 438 439 440 441 442 443 444 451 452 453 454 455 456 457 458 459 493 495 498 500 501 508 518 519 521 522 523 526 531 532 534 535 537 539 540 541 545 546 547 548","241:244 242:244 243:244 244:244 245:244 245:247 246:247 247:247 248:247 271:271 273:271 273:273 274:273 274:278 275:278 278:278 279:278 279:281 281:281 299:299 335:335 439:437 439:439 442:439 442:441 442:442 443:442 443:443 444:443 444:444 451:451 453:451 453:453 454:453 454:455 455:455 456:455 456:456 457:456 457:457 459:457 459:458 459:459 495:492 495:495 501:496 501:500 501:501 508:508 519:518 519:519 524:519 524:520 524:521 524:522 524:523 524:529 534:529 534:531 534:535 535:535 540:535 540:539 540:540 541:540 541:541 548:543 548:544 548:545 548:546 548:547 548:548"
"بابو","مالی شریف",7,"508 521 523 541 542 545 546","508:509 519:523 524:523 540:543 541:543 548:543 548:544"
"بابو","مردان",40,"99 103 240 283 333 337 437 444 445 448 450 451 452 457 458 459 493 494 501 506 507 508 519 522 523 532 533 534 535 537 538 539 540 549","101:98 101:105 241:240 281:286 335:331 335:339 439:435 442:446 443:446 444:446 451:446 451:449 451:452 453:452 455:460 456:460 457:460 459:460 495:491 495:494 501:501 508:505 508:506 508:507 508:508 519:520 524:520 524:522 534:531 534:533 534:535 535:535 540:535 540:536 540:537 540:538 540:539 540:540 541:540 548:551"
"بابو","مسز حسین",4,"457 458 459","455:460 456:460 457:460 459:460"
"بابو","مشائلہ",2,"333 335","335:331 335:336"
"بابو","مشاہد",156,"99 100 102 224 225 226 227 228 229 230 231 232 238 239 240 241 242 243 244 245 246 247 248 249 250 251 252 253 255 256 257 258 259 260 268 269 270 271 272 273 274 275 277 279 280 281 296 297 298 299 333 334 335 438 439 440 441 442 443 444 448 449 450 451 452 453 454 455 456 457 458 459 492 493 494 495 498 499 500 501 506 507 508 517 518 519 521 522 523 524 531 532 533 534 535 537 538 539 540 541 545 546 547 548","101:97 101:98 101:99 101:104 227:222 227:223 227:225 227:227 228:227 228:228 229:228 229:229 230:229 230:230 232:230 232:231 232:232 241:236 241:237 241:238 241:239 241:240 241:241 242:241 242:243 243:243 244:243 244:244 245:244 245:245 246:245 246:246 247:246 247:247 248:247 248:248 250:248 250:249 250:250 251:250 251:251 252:251 252:252 253:252 253:253 258:253 258:254 258:255 258:256 258:257 258:258 259:258 259:259 260:259 260:260 271:266 271:267 271:268 271:269 271:271 273:271 273:272 273:273 274:273 274:274 275:274 275:276 278:276 278:277 278:281 279:281 281:281 299:294 299:295 299:296 299:298 299:299 335:331 335:333 335:334 335:335 439:438 439:439 442:439 442:441 442:442 443:442 443:443 444:443 444:444 451:446 451:447 451:448 451:449 451:450 451:451 453:451 453:452 453:453 454:453 454:454 455:454 455:455 456:455 456:456 457:456 457:457 459:457 459:458 459:459 495:490 495:492 495:493 495:494 495:495 501:496 501:497 501:498 501:499 501:500 501:501 508:504 508:506 508:507 508:508 519:515 519:516 519:517 519:519 524:519 524:520 524:521 524:522 524:523 524:525 534:529 534:531 534:532 534:533 534:534 535:534 535:535 540:535 540:536 540:537 540:538 540:539 540:540 541:540 541:541 548:543 548:544 548:545 548:546 548:547 548:548"
"بابو","مولوی احتشام الدین",1,"461","459:463"
"بابو","نمبردار اللہ دوایا",1,"438","439:438"
"بابو","نوراں",4,"543 547 548","541:546 548:546 548:547 548:548"
"بابو","پال",3,"240 502 505","241:240 501:503 508:503"
"بابو","پیٹر",1,"99","101:98"
"بابو","چاچی مہراں",1,"101","101:101"
"بابو","چراغ دین",1,"101","101:101"
"بابو","چوہدری اللہ داد خان",13,"99 100 102 260 261 283 333 520 523 535 538","101:97 101:100 101:104 258:262 259:262 260:262 281:286 335:331 519:522 524:522 534:536 535:536 540:536"
"بابو","ڈاکٹر ارشد احمد",10,"436 437 494 495 521 523 524 533","439:434 439:435 439:436 495:493 495:494 495:495 519:523 524:523 524:525 534:532"
"بابو","کمال",12,"99 100 229 230 231 232 301 332 333 518 532","101:97 101:99 227:232 228:232 229:232 230:232 232:232 299:303 335:330 335:332 519:517 534:530"
"بابو","کمند علی خان",1,"337","335:340"
"بابو","کنیز",1,"301","299:304"
"بابو","ہیری",4,"99 241 242","101:98 241:242 242:242 243:242"
"بابو راؤ پٹیل","باجی ہاں ہاں",1,"450","451:449"
"بابو راؤ پٹیل","برگیتا",7,"450 453 457 517 518 519","451:449 451:455 459:455 519:515 519:517 519:518 519:519"
"بابو راؤ پٹیل","تاج",2,"453 457","451:455 459:455"
"بابو راؤ پٹیل","داؤد احمد",1,"337","335:340"
"بابو راؤ پٹیل","دانش",1,"337","335:340"
"بابو راؤ پٹیل","راڈنی ایز برگ",5,"333 334 335 450","335:331 335:333 335:334 335:335 451:449"
"بابو راؤ پٹیل","رحمان گل",2,"337 460","335:340 459:461"
"بابو راؤ پٹیل","زاہد کالیا",2,"336 517","335:338 519:516"
"بابو راؤ پٹیل","ساحِب (انگلو انڈین)",10,"245 332 333 334 336 461 517 520","244:246 245:246 335:330 335:331 335:332 335:333 335:337 459:464 519:516 519:522"
"بابو راؤ پٹیل","سعادت حسن منٹو",2,"517 520","519:516 519:522"
"بابو راؤ پٹیل","سعید",1,"241","244:239"
"بابو راؤ پٹیل","سمیعہ",4,"334 517 518 520","335:333 519:516 519:517 519:522"
"بابو راؤ پٹیل","سور",2,"246","244:248 245:248"
"بابو راؤ پٹیل","شوبھا مردان",2,"460 519","459:461 519:520"
"بابو راؤ پٹیل","صباحت بیگم",1,"333","335:332"
"بابو راؤ پٹیل","صفیہ",2,"517 520","519:516 519:522"
"بابو راؤ پٹیل","فاطمہ",14,"244 246 279 281 335 451 457 458 459 518 519","244:244 245:244 245:247 281:278 281:281 335:335 451:451 459:455 459:456 459:457 459:458 459:459 519:518 519:519"
"بابو راؤ پٹیل","مالی شریف",1,"521","519:523"
"بابو راؤ پٹیل","مردان",9,"242 283 333 337 448 450 451 459 519","244:240 281:286 335:331 335:339 451:446 451:449 451:452 459:460 519:520"
"بابو راؤ پٹیل","مسز حسین",1,"459","459:460"
"بابو راؤ پٹیل","مشائلہ",2,"333 335","335:331 335:336"
"بابو راؤ پٹیل","مشاہد",30,"241 242 243 244 245 278 279 281 333 334 335 448 449 450 451 456 457 458 459 517 518 519","244:239 244:240 244:241 244:243 244:244 245:244 245:245 281:276 281:277 281:281 335:331 335:333 335:334 335:335 451:446 451:447 451:448 451:449 451:450 451:451 459:454 459:455 459:456 459:457 459:458 459:459 519:515 519:516 519:517 519:519"
"بابو راؤ پٹیل","مولوی احتشام الدین",1,"461","459:463"
"بابو راؤ پٹیل","پال",1,"242","244:240"
"بابو راؤ پٹیل","چوہدری اللہ داد خان",3,"283 333 520","281:286 335:331 519:522"
"بابو راؤ پٹیل","ڈاکٹر ارشد احمد",1,"521","519:523"
"بابو راؤ پٹیل","کمال",3,"332 333 518","335:330 335:332 519:517"
"بابو راؤ پٹیل","کمند علی خان",1,"337","335:340"
"بابو راؤ پٹیل","ہیری",1,"243","244:242"
"باجی ہاں ہاں","باقر",3,"65 66 69","68:63 68:64 68:71"
"باجی ہاں ہاں","برکت مسیح",3,"103 104","106:101 106:102 106:103"
"باجی ہاں ہاں","برگیتا",6,"324 401 403 449 576 578","325:324 402:401 402:404 449:449 574:578 579:578"
"باجی ہاں ہاں","بلخ",3,"66 67","68:64 68:65 68:66"
"باجی ہاں ہاں","بلقیس",1,"68","68:68"
"باجی ہاں ہاں","بیرٹ",1,"68","68:69"
"باجی ہاں ہاں","بیگم بابر",1,"403","402:405"
"باجی ہاں ہاں","تاج",4,"66 69 107","68:64 68:65 68:71 106:108"
"باجی ہاں ہاں","جاوید اثر",2,"69 108","68:71 106:110"
"باجی ہاں ہاں","جی۔ ایم۔ اثر",1,"69","68:71"
"باجی ہاں ہاں","خورشید شاہد",1,"69","68:71"
"باجی ہاں ہاں","راڈنی ایز برگ",8,"322 323 325 399 400 449","325:320 325:321 325:322 325:325 402:397 402:398 402:399 449:449"
"باجی ہاں ہاں","روزی",1,"108","106:110"
"باجی ہاں ہاں","زاہد کالیا",4,"103 326 401 402","106:101 325:328 402:400 402:402"
"باجی ہاں ہاں","ساحِب (انگلو انڈین)",13,"65 66 67 68 107 325 399 404 573 576 578 579","68:63 68:64 68:65 68:66 68:68 106:109 325:325 402:397 402:406 574:573 574:578 579:578 579:579"
"باجی ہاں ہاں","ستار نقوی",1,"402","402:402"
"باجی ہاں ہاں","سعادت حسن منٹو",5,"66 67 68 107","68:64 68:65 68:66 68:69 106:108"
"باجی ہاں ہاں","سعید",1,"224","227:222"
"باجی ہاں ہاں","سمیعہ",5,"67 68 107 225","68:66 68:67 68:68 106:108 227:224"
"باجی ہاں ہاں","شاہ صاحب (سات پھولوں والے)",1,"108","106:111"
"باجی ہاں ہاں","شوبھا مردان",3,"401 402 580","402:401 402:402 579:581"
"باجی ہاں ہاں","صفیہ",3,"67 70 107","68:66 68:73 106:109"
"باجی ہاں ہاں","ظہیر الدین بابر",1,"403","402:405"
"باجی ہاں ہاں","عارفین بابر",1,"403","402:405"
"باجی ہاں ہاں","عاشق علی",1,"571","574:569"
"باجی ہاں ہاں","فاطمہ",9,"446 450 572 573 574 576 577 578","449:444 449:451 574:571 574:573 574:574 579:574 579:575 579:576 579:577"
"باجی ہاں ہاں","لاری صاحب",1,"69","68:71"
"باجی ہاں ہاں","مالی شریف",2,"575 578","574:577 579:577"
"باجی ہاں ہاں","مردان",14,"67 69 105 106 323 325 401 402 447 449 571 572 573 579","68:66 68:70 106:105 106:106 325:321 325:325 402:401 402:402 449:446 449:449 574:569 574:570 574:572 579:580"
"باجی ہاں ہاں","مشائلہ",9,"322 323 324 325 399 400","325:320 325:321 325:322 325:323 325:324 325:325 402:397 402:398 402:399"
"باجی ہاں ہاں","مشاہد",34,"65 66 67 68 105 106 224 225 226 227 322 323 324 325 399 400 401 402 446 447 448 449 572 573 574 576 577 578 579","68:63 68:64 68:66 68:67 68:68 106:104 106:106 227:222 227:223 227:225 227:227 325:320 325:321 325:322 325:324 325:325 402:397 402:399 402:401 402:402 449:444 449:446 449:447 449:448 449:449 574:571 574:573 574:574 579:574 579:575 579:576 579:577 579:578 579:579"
"باجی ہاں ہاں","ملک معراج",1,"108","106:110"
"باجی ہاں ہاں","نازنین بابر",1,"403","402:405"
"باجی ہاں ہاں","پال",1,"69","68:71"
"باجی ہاں ہاں","پیٹر",2,"69 106","68:71 106:107"
"باجی ہاں ہاں","چاچی مہراں",1,"103","106:101"
"باجی ہاں ہاں","چراغ دین",3,"103 104","106:101 106:102 106:103"
"باجی ہاں ہاں","چوہدری اللہ داد خان",6,"66 105 106 404 573","68:64 106:104 106:105 106:106 402:407 574:572"
"باجی ہاں ہاں","ڈاکٹر ارشد احمد",1,"402","402:403"
"باجی ہاں ہاں","کمال",5,"65 66 107 229 326","68:63 68:64 106:108 227:232 325:328"
"باجی ہاں ہاں","کیپٹن خانزادہ",2,"571 572","574:569 574:570"
"باجی ہاں ہاں","کیپٹن گل ریز",2,"571 572","574:569 574:570"
"باجی ہاں ہاں","ہاتھی دانت",2,"65 69","68:63 68:71"
"باقر","برگیتا",3,"59 60","62:57 62:58 62:59"
"باقر","بلخ",4,"63 64 68","62:64 63:64 64:64 71:66"
"باقر","بلقیس",3,"65 66 69","63:68 64:68 71:68"
"باقر","بیرٹ",3,"66 70 71","64:69 71:69 71:71"
"باقر","بیٹ مین بشیر",1,"60","62:59"
"باقر","تاج",5,"62 63 64 71","62:62 63:62 63:64 64:64 71:71"
"باقر","جاوید اثر",1,"71","71:71"
"باقر","جی۔ ایم۔ اثر",1,"71","71:71"
"باقر","خورشید شاہد",1,"71","71:71"
"باقر","ساحِب (انگلو انڈین)",11,"61 62 63 64 68 69 70 71","62:61 62:62 63:62 63:63 64:63 64:64 71:66 71:68 71:69 71:70 71:71"
"باقر","سعادت حسن منٹو",9,"61 62 63 64 68 70 71","62:61 62:62 63:62 63:64 64:64 71:66 71:69 71:70 71:72"
"باقر","سمیعہ",8,"64 65 68 69 70 71","62:66 63:66 64:66 71:66 71:67 71:68 71:70 71:72"
"باقر","شاہ شہید",1,"73","71:76"
"باقر","شاہ صاحب (سات پھولوں والے)",1,"73","71:76"
"باقر","شوبھا مردان",2,"60","62:58 62:59"
"باقر","صفیہ",6,"62 64 65 68 72","62:62 63:62 63:66 64:66 71:66 71:73"
"باقر","لاری صاحب",1,"71","71:71"
"باقر","مردان",9,"59 60 64 65 68 70 72","62:57 62:58 62:59 62:66 63:66 64:66 71:66 71:70 71:73"
"باقر","مشاہد",15,"59 60 61 62 63 64 68 69 70 71","62:57 62:58 62:60 62:61 62:62 63:62 63:63 64:63 64:64 71:66 71:67 71:68 71:69 71:70 71:71"
"باقر","پال",2,"61 71","62:60 71:71"
"باقر","پیٹر",2,"61 71","62:60 71:71"
"باقر","چوہدری اللہ داد خان",4,"60 63 64","62:59 62:64 63:64 64:64"
"باقر","کمال",6,"61 62 63 64","62:61 62:62 63:62 63:63 64:63 64:64"
"باقر","ہاتھی دانت",4,"62 63 71","62:63 63:63 64:63 71:71"
"بخت نصیب","برگیتا",4,"522 523 532","525:520 525:521 525:522 530:535"
"بخت نصیب","بیگم بابر",1,"532","530:535"
"بخت نصیب","زاہد کالیا",10,"525 526 527 528 529 530","525:525 526:525 526:526 527:526 527:527 528:527 528:529 529:529 530:529 530:530"
"بخت نصیب","ساحِب (انگلو انڈین)",6,"523 528 529 530","525:522 526:531 527:531 528:531 529:531 530:531"
"بخت نصیب","سعادت حسن منٹو",1,"523","525:522"
"بخت نصیب","سمیعہ",1,"523","525:522"
"بخت نصیب","سور",2,"525","525:525 526:525"
"بخت نصیب","شوبھا مردان",2,"522 532","525:520 530:535"
"بخت نصیب","صفیہ",1,"523","525:522"
"بخت نصیب","ظہیر الدین بابر",1,"532","530:535"
"بخت نصیب","عارفین بابر",1,"532","530:535"
"بخت نصیب","فاطمہ",11,"522 523 524 527 528 529 530","525:520 525:521 525:522 525:523 525:529 526:529 527:529 528:529 529:529 530:529 530:531"
"بخت نصیب","مالی شریف",1,"524","525:523"
"بخت نصیب","مردان",7,"522 523 528 529 530","525:520 525:522 526:531 527:531 528:531 529:531 530:531"
"بخت نصیب","مشاہد",14,"522 523 524 525 526 527 528 529 530","525:520 525:521 525:522 525:523 525:525 526:525 526:526 527:526 527:527 528:527 528:529 529:529 530:529 530:531"
"بخت نصیب","چوہدری اللہ داد خان",1,"523","525:522"
"بخت نصیب","ڈاکٹر ارشد احمد",7,"524 525 529 530 531","525:523 525:525 526:525 527:532 528:532 529:532 530:532"
"بخت نصیب","کمال",6,"527 528 529 530","525:530 526:530 527:530 528:530 529:530 530:530"
"برکت مسیح","برگیتا",15,"120 201 212 213 385 386 387 388 426 428","119:122 202:200 202:201 211:214 213:214 386:384 386:385 386:386 387:386 387:387 388:387 388:389 429:424 429:427 429:428"
"برکت مسیح","بیٹ مین بشیر",3,"120 212 213","119:122 211:214 213:214"
"برکت مسیح","تاج",1,"105","103:108"
"برکت مسیح","خیر دین تانگے والا",2,"116 117","119:114 119:115"
"برکت مسیح","دادا جی (مشاہد کے دادا)",2,"117 118","119:116 119:117"
"برکت مسیح","دارو",3,"388 389","386:391 387:391 388:391"
"برکت مسیح","دانش",3,"215 430","213:217 429:431 430:431"
"برکت مسیح","راڈنی ایز برگ",6,"383 384 385 387 388","386:381 386:383 386:384 386:388 387:388 388:388"
"برکت مسیح","زاہد کالیا",19,"101 199 200 201 209 212 213 386 388 389 426 427 428 430 431","101:101 102:101 202:197 202:198 202:199 202:200 202:201 211:208 211:214 213:214 386:386 387:386 387:390 388:390 429:424 429:425 429:428 429:432 430:432"
"برکت مسیح","ساحِب (انگلو انڈین)",19,"98 99 116 119 201 202 208 209 211 212 213 386 387 388 429 430","101:96 101:98 119:114 119:120 202:201 202:202 211:206 211:207 211:211 213:211 213:213 386:386 387:386 387:387 388:387 388:388 429:429 430:429 430:430"
"برکت مسیح","سعادت حسن منٹو",5,"99 105 119 204 208","101:97 103:108 119:120 202:206 211:206"
"برکت مسیح","سمیعہ",4,"105 203 208 209","103:108 202:205 211:206 211:208"
"برکت مسیح","شوبھا مردان",2,"120 426","119:121 429:424"
"برکت مسیح","مالی شریف",2,"429 430","429:430 430:430"
"برکت مسیح","مردان",16,"99 103 104 117 118 119 384 388 389 426 427 429 430","101:98 101:105 102:105 103:105 119:115 119:116 119:117 119:120 386:382 386:391 387:391 388:391 429:424 429:425 429:430 430:430"
"برکت مسیح","مسز حسین",2,"430","429:431 430:431"
"برکت مسیح","مشائلہ",7,"384 385 387 388 429 430","386:383 386:384 386:388 387:388 388:388 429:430 430:430"
"برکت مسیح","مشاہد",40,"99 100 102 103 117 118 119 199 200 201 202 208 209 210 211 212 213 383 384 385 386 387 388 426 427 428 429 430","101:97 101:98 101:99 101:104 102:104 103:104 119:115 119:116 119:117 119:118 119:119 202:197 202:198 202:199 202:200 202:202 211:206 211:207 211:208 211:209 211:210 211:212 213:212 213:214 386:381 386:382 386:384 386:385 386:386 387:386 387:387 388:387 388:388 429:424 429:425 429:427 429:428 429:429 430:429 430:430"
"برکت مسیح","نمبردار اللہ دوایا",2,"426 427","429:424 429:425"
"برکت مسیح","نوراں",2,"383 390","386:381 388:393"
"برکت مسیح","پیٹر",4,"99 104 105 210","101:98 102:107 103:107 211:209"
"برکت مسیح","چاچا محمد بخش",3,"117 118","119:115 119:116 119:117"
"برکت مسیح","چاچی مہراں",2,"101","101:101 102:101"
"برکت مسیح","چراغ دین",7,"101 102 103 211 212","101:101 102:101 102:102 103:102 103:103 211:211 213:211"
"برکت مسیح","چوہدری اللہ داد خان",18,"99 100 102 103 116 117 118 119 204 208 209 210 384 387 388","101:97 101:100 101:104 102:104 103:104 119:114 119:116 119:117 119:118 119:119 202:206 211:206 211:207 211:209 386:382 386:388 387:388 388:388"
"برکت مسیح","ڈاکٹر ارشد احمد",8,"120 201 212 213 426 427 430 431","119:122 202:200 211:214 213:214 429:424 429:425 429:432 430:432"
"برکت مسیح","کمال",8,"99 100 105 201 202 211 212 213","101:97 101:99 103:108 202:201 202:202 211:211 213:211 213:213"
"برکت مسیح","ہیری",1,"99","101:98"
"برگیتا","بلخ",1,"61","59:64"
"برگیتا","بندو رام",3,"545 548 549","543:548 549:548 549:549"
"برگیتا","بیٹ مین بشیر",24,"43 56 57 58 59 122 186 187 188 214 216 218 406 408 410 478 479 483 487","42:44 43:44 54:59 55:59 56:59 57:59 58:59 59:59 122:122 189:184 189:185 189:187 214:214 215:214 215:217 219:217 404:409 408:409 411:409 411:410 481:476 481:478 481:485 490:485"
"برگیتا","بیگم بابر",13,"148 403 404 406 409 410 480 535 537 538 539","146:151 401:405 404:405 408:405 408:410 411:410 481:479 535:535 536:535 536:538 537:538 538:538 540:538"
"برگیتا","تاج",7,"59 60 455 511 512 514","57:62 58:62 59:62 455:455 509:513 512:513 515:513"
"برگیتا","جی۔ ایم۔ اثر",4,"19 20 21","18:21 19:21 21:21 22:21"
"برگیتا","داؤد احمد",3,"293 297 480","292:295 300:295 481:480"
"برگیتا","دادا جی (مشاہد کے دادا)",1,"119","122:117"
"برگیتا","دارو",19,"300 301 304 305 306 307 308 309 310 388 389 390 393 395 396 398","300:301 301:301 302:301 302:307 303:307 304:307 305:307 307:307 308:307 308:308 311:308 311:309 386:391 387:391 389:391 396:391 396:394 396:396 401:396"
"برگیتا","دانش",20,"170 175 177 215 216 218 418 419 422 429 501 502 503 505 510 512 513","173:168 173:177 177:177 214:217 215:217 219:217 417:420 418:420 419:420 424:420 427:431 428:431 499:504 500:504 501:504 502:504 506:504 509:512 512:512 515:512"
"برگیتا","راڈنی ایز برگ",23,"309 310 311 313 318 322 323 324 382 383 384 386 387 388 396 399 400 439 449","307:312 308:312 311:312 314:312 316:320 324:320 324:321 324:322 324:325 384:381 384:383 384:384 385:384 385:388 386:388 387:388 389:388 396:397 401:397 401:398 401:399 441:438 449:449"
"برگیتا","رحمان گل",5,"478 480 490 491","481:476 481:479 481:480 490:491 492:491"
"برگیتا","روزی",10,"171 172 190 191 192 194 563 565","173:170 173:172 189:191 190:191 192:191 192:193 196:193 561:565 562:565 565:565"
"برگیتا","زاہد کالیا",111,"4 5 16 18 19 20 143 144 145 146 170 171 172 173 175 176 177 186 187 189 190 191 192 194 195 196 198 199 200 201 214 215 217 218 219 268 292 326 385 386 388 389 394 398 400 401 403 409 411 415 416 417 418 419 421 423 424 425 426 427 428 438 439 489 500 501 502 504 514 515 516 522 523 532 533 537 538 539 540 541 542 550 556 557 558","7:2 7:4 14:19 18:19 19:19 21:19 146:141 146:142 146:144 146:145 146:146 173:168 173:169 173:170 173:171 173:173 177:173 177:174 177:175 177:176 177:177 189:184 189:185 189:189 190:189 190:190 192:190 192:191 192:193 196:193 196:194 196:195 196:197 200:197 200:198 200:199 200:200 201:200 201:201 214:214 215:214 215:215 219:215 219:216 219:217 219:218 219:219 269:267 292:292 324:328 384:386 385:386 386:386 387:386 387:390 389:390 396:392 396:400 401:400 401:402 404:402 404:403 408:411 411:411 417:414 417:415 417:416 417:417 418:417 418:418 419:418 419:419 424:419 424:422 424:423 424:424 427:424 427:425 427:428 428:428 441:436 441:437 490:488 498:503 499:503 500:503 501:503 502:503 506:503 512:516 515:516 517:516 520:525 521:525 522:525 535:530 535:532 535:540 536:540 537:540 538:540 540:540 541:540 541:541 543:541 549:551 558:555 558:556 558:557 558:558 559:558"
"برگیتا","ساحِب (انگلو انڈین)",110,"9 10 11 12 13 19 20 21 22 24 25 27 44 48 51 52 58 59 60 121 122 145 148 175 177 186 187 188 198 200 201 212 213 215 217 218 219 290 301 302 310 312 313 314 315 316 324 385 386 387 388 395 396 399 403 405 407 408 409 413 416 417 418 419 422 426 428 478 480 481 487 488 514 515 516 519 520 521 522 533 540 541 542 543 547 563 564 565 575 578","7:11 8:11 9:11 12:11 12:13 14:13 18:21 19:21 21:21 22:21 22:22 23:22 23:26 24:26 25:26 29:26 42:46 43:46 51:46 51:52 53:52 56:61 57:61 58:61 59:61 122:120 122:122 146:145 146:150 173:177 177:177 189:184 189:185 189:186 189:187 189:188 196:201 200:201 201:201 214:211 214:213 214:216 215:216 219:216 219:217 219:219 292:289 300:302 301:302 302:302 303:302 308:313 311:313 314:313 314:315 316:315 316:317 324:325 384:386 385:386 386:386 387:386 387:387 389:387 389:388 396:395 396:397 401:397 401:406 404:406 408:406 408:408 411:408 411:415 417:415 417:416 417:418 418:418 419:418 419:420 424:420 424:421 424:429 427:429 428:429 481:476 481:480 481:482 490:485 490:486 512:516 515:516 517:516 517:522 518:522 519:522 520:522 521:522 522:522 535:531 538:543 540:543 541:543 543:543 549:546 561:566 562:566 565:566 578:573 578:578"
"برگیتا","ستار نقوی",2,"401 403","401:402 404:402"
"برگیتا","سعادت حسن منٹو",20,"19 20 21 58 59 60 121 179 203 514 515 516 519 520 521 522","18:21 19:21 21:21 22:21 56:61 57:61 58:61 59:61 122:120 177:181 201:206 512:516 515:516 517:516 517:522 518:522 519:522 520:522 521:522 522:522"
"برگیتا","سعید",10,"20 21 22 23 220 300 301","18:23 19:23 21:23 22:23 23:23 24:23 219:222 300:301 301:301 302:301"
"برگیتا","سمیعہ",19,"19 20 21 202 203 221 514 515 516 517 520 521 522 545 548","18:21 19:21 21:21 22:21 200:205 201:205 219:224 512:516 515:516 517:516 517:517 518:517 518:522 519:522 520:522 521:522 522:522 543:548 549:548"
"برگیتا","سور",9,"9 10 11 123 147 522 523","7:11 8:11 9:11 12:11 122:125 146:148 520:525 521:525 522:525"
"برگیتا","شاہ شہید",1,"395","396:395"
"برگیتا","شاہ صاحب (سات پھولوں والے)",6,"306 307 308 310 395","304:309 305:309 307:309 308:309 311:309 396:395"
"برگیتا","شوبھا مردان",69,"37 39 41 43 55 56 57 58 59 121 122 148 381 398 401 402 403 404 406 407 408 409 410 419 420 422 424 425 439 479 480 481 487 488 490 491 517 518 519 520 535 536 537 538 539 550 560 561 562 563 564 565 579","35:40 38:40 42:40 42:44 43:44 53:58 54:58 55:58 56:58 57:58 58:58 59:58 59:59 122:121 122:122 146:151 384:379 396:401 401:401 404:401 404:402 404:404 408:404 408:405 408:406 408:407 408:408 411:408 411:409 411:410 417:421 418:421 419:421 424:421 424:424 427:424 441:438 481:477 481:479 481:482 490:485 490:486 490:487 490:491 492:491 515:520 517:520 518:520 519:520 520:520 521:520 535:535 536:535 536:536 537:536 537:537 538:537 538:538 540:538 549:551 558:562 559:562 561:562 562:562 565:562 565:563 565:564 565:566 578:581"
"برگیتا","صادق",3,"316 317 321","314:319 316:319 324:319"
"برگیتا","صباحت بیگم",2,"480","481:479 481:480"
"برگیتا","صفیہ",16,"19 20 21 59 60 514 515 516 519 520 521 522","18:21 19:21 21:21 22:21 57:62 58:62 59:62 512:516 515:516 517:516 517:522 518:522 519:522 520:522 521:522 522:522"
"برگیتا","ظہیر الدین بابر",22,"19 20 148 403 404 406 409 410 438 480 535 537 538 539 560 561 562 564","18:20 19:20 21:20 146:151 401:405 404:405 408:405 408:410 411:410 441:436 481:479 535:535 536:535 536:538 537:538 538:538 540:538 558:563 559:563 561:563 562:563 565:563"
"برگیتا","عارفین بابر",28,"37 39 41 124 381 403 404 406 407 408 410 479 480 481 535 536 537 560 561 562 563 564 565","35:40 38:40 42:40 122:127 384:379 401:405 404:405 408:405 408:406 408:409 411:409 411:410 481:478 481:479 481:482 535:535 536:535 536:537 537:537 538:537 558:562 559:562 561:562 562:562 565:562 565:563 565:564 565:566"
"برگیتا","عاشق علی",1,"566","565:568"
"برگیتا","غفور",7,"301 302 303 304","300:302 301:302 302:302 303:302 303:304 304:304 305:304"
"برگیتا","فاطمہ",72,"270 299 439 440 441 442 446 450 453 454 455 491 492 494 495 496 498 499 500 501 507 508 509 511 512 513 516 517 518 519 520 521 522 533 535 537 538 539 540 541 542 543 546 547 548 549 559 560 575 576 577","269:271 300:299 441:437 441:439 441:441 442:441 442:442 449:444 449:451 455:451 455:453 455:455 490:492 492:492 493:492 493:495 494:495 495:495 496:495 496:496 497:496 497:500 498:500 499:500 500:500 501:500 501:501 502:501 506:508 509:508 509:510 512:510 512:512 515:512 515:518 517:518 518:518 519:518 519:519 520:519 520:520 521:520 521:521 522:521 522:522 535:531 535:535 536:535 536:539 537:539 538:539 540:539 540:540 541:540 541:541 543:541 543:542 543:543 549:544 549:545 549:546 549:547 549:548 549:549 558:560 559:560 561:560 578:573 578:574 578:575 578:576 578:577"
"برگیتا","مالی شریف",16,"428 429 507 509 510 520 521 522 540 541 542 543 546 577","427:430 428:430 506:509 509:509 512:509 518:523 519:523 520:523 521:523 522:523 538:543 540:543 541:543 543:543 549:544 578:577"
"برگیتا","مردان",167,"19 20 21 22 23 24 25 27 28 29 30 31 32 33 34 35 36 37 38 40 41 42 43 48 49 50 52 53 54 55 56 57 58 59 119 121 122 146 174 176 190 191 192 194 318 322 324 381 383 388 389 390 393 394 398 401 402 403 404 406 407 408 409 410 411 414 418 419 422 423 424 425 426 428 429 443 444 447 449 453 457 478 479 480 482 487 488 490 491 493 494 498 499 500 501 503 505 506 507 508 510 512 513 517 518 519 520 521 522 533 534 535 536 537 538 539 540 550 559 560 561 562 563 564 565 579","18:21 19:21 21:21 22:21 22:22 23:22 23:23 24:23 24:24 25:24 25:25 29:25 29:26 29:27 29:28 29:30 30:30 31:30 31:31 34:31 34:33 34:34 35:34 35:35 38:35 38:36 38:37 38:38 42:38 42:39 42:41 42:42 43:42 43:43 51:46 51:48 51:50 51:54 53:54 54:54 55:54 55:55 56:55 56:56 57:56 57:57 58:57 58:58 59:58 59:59 122:117 122:120 122:121 122:122 146:147 173:176 177:176 189:192 190:192 192:192 196:192 316:321 324:321 324:325 384:379 384:382 386:391 387:391 389:391 396:391 396:392 396:401 401:401 404:401 404:402 404:404 408:404 408:405 408:406 408:407 408:408 411:408 411:409 411:410 411:412 417:412 417:420 418:420 419:420 424:420 424:421 424:422 424:423 424:424 427:424 427:425 427:430 428:430 441:446 442:446 449:446 449:449 455:452 455:460 481:476 481:477 481:478 481:479 481:480 481:484 490:485 490:486 490:487 490:491 492:491 492:494 493:494 494:494 495:494 496:501 497:501 498:501 499:501 500:501 501:501 502:501 502:505 506:505 506:506 509:506 509:507 509:508 509:512 512:512 515:512 515:520 517:520 518:520 519:520 520:520 521:520 521:522 522:522 535:531 535:533 535:535 536:535 536:536 537:536 537:537 538:537 538:538 540:538 540:539 540:540 541:540 549:551 558:561 559:561 561:561 562:561 562:562 565:562 565:563 565:564 565:566 578:580"
"برگیتا","مرزا بیٹریاں",1,"481","481:482"
"برگیتا","مسز حسین",12,"409 410 411 414 418 419 422 429 457","408:410 411:410 411:412 417:412 417:420 418:420 419:420 424:420 424:421 427:431 428:431 455:460"
"برگیتا","مشائلہ",23,"309 310 311 313 318 322 323 324 383 384 386 387 388 396 399 400 428 429","307:312 308:312 311:312 314:312 316:320 324:320 324:321 324:322 324:323 324:324 384:383 384:384 385:384 385:388 386:388 387:388 389:388 396:397 401:397 401:398 401:399 427:430 428:430"
"برگیتا","مشاہد",304,"4 5 6 7 8 9 10 11 13 14 16 17 18 19 20 21 22 23 24 25 27 28 29 30 31 32 33 34 35 37 38 40 41 42 44 48 49 50 51 52 53 54 55 56 57 58 59 119 120 121 122 143 144 145 146 170 171 172 173 175 176 177 189 190 191 192 194 195 196 198 199 200 201 211 212 213 214 217 219 266 267 268 269 290 291 292 297 298 299 300 301 302 303 304 305 306 307 308 309 311 313 314 315 316 321 322 323 324 382 383 384 385 386 387 388 390 393 394 395 396 398 399 400 401 402 403 404 406 407 408 409 411 417 418 419 421 424 425 426 427 428 439 440 441 442 446 447 448 449 452 453 454 455 481 490 491 492 493 494 495 496 497 498 499 500 501 502 504 505 506 507 508 509 510 511 513 515 516 517 518 519 520 521 522 533 534 535 536 537 538 539 540 541 542 543 546 547 548 549 555 556 557 558 559 560 561 562 563 575 576 577 578","7:2 7:3 7:4 7:5 7:8 8:8 9:8 9:9 12:9 12:10 12:14 14:14 18:14 18:16 18:18 19:18 19:19 21:19 21:20 21:21 22:21 22:22 23:22 23:23 24:23 24:24 25:24 25:25 29:25 29:26 29:27 29:28 29:29 30:29 30:30 31:30 31:31 34:31 34:32 34:33 34:34 35:34 35:36 38:36 38:37 38:38 42:38 42:39 42:41 42:42 43:42 43:46 51:46 51:47 51:48 51:49 51:50 51:51 53:51 53:52 53:53 54:53 54:54 55:54 55:56 56:56 57:56 57:57 58:57 58:58 59:58 59:60 122:117 122:118 122:119 122:120 122:121 122:122 146:141 146:142 146:143 146:144 146:146 173:168 173:169 173:170 173:171 173:172 173:173 177:173 177:174 177:176 177:177 189:189 190:189 190:190 192:190 192:191 192:192 196:192 196:193 196:195 196:196 200:196 200:197 200:198 200:199 200:200 201:200 201:202 214:209 214:210 214:212 214:214 215:214 215:219 219:219 269:264 269:266 269:267 269:268 269:269 292:289 292:291 292:292 300:295 300:296 300:298 300:299 300:300 301:300 301:302 302:302 303:302 303:304 304:304 305:304 305:305 307:305 307:306 307:307 308:307 308:308 311:308 311:312 314:312 314:313 314:314 316:314 316:316 324:319 324:320 324:321 324:322 324:324 384:381 384:382 384:384 385:384 385:385 386:385 386:386 387:386 387:387 389:387 389:388 389:391 396:391 396:393 396:394 396:395 396:396 401:396 401:397 401:399 401:401 404:401 404:402 404:403 404:404 408:404 408:406 408:407 408:408 411:408 411:411 417:418 418:418 419:418 419:419 424:419 424:424 427:424 427:425 427:427 428:427 428:428 441:438 441:439 441:441 442:441 442:442 449:444 449:446 449:447 449:448 449:449 455:450 455:451 455:452 455:453 455:454 455:455 481:481 490:490 492:490 492:492 493:492 493:493 494:493 494:494 495:494 495:495 496:495 496:496 497:496 497:497 498:497 498:498 499:498 499:499 500:499 500:500 501:500 501:501 502:501 502:502 506:502 506:504 506:506 509:506 509:507 509:508 509:509 512:509 512:510 512:515 515:515 517:515 517:516 517:517 518:517 518:519 519:519 520:519 520:520 521:520 521:521 522:521 522:522 535:531 535:532 535:533 535:534 535:535 536:535 536:536 537:536 537:537 538:537 538:538 540:538 540:539 540:540 541:540 541:541 543:541 543:542 543:543 549:544 549:545 549:546 549:547 549:548 549:549 558:553 558:554 558:555 558:556 558:557 558:558 559:558 559:560 561:560 561:561 562:561 562:562 565:562 578:573 578:574 578:575 578:576 578:577 578:578"
"برگیتا","موسیقار آقا نواز",3,"313 315 316","311:316 314:316 316:316"
"برگیتا","نازنین بابر",15,"124 381 403 404 406 407 408 410 479 560 561 562 564","122:127 384:379 401:405 404:405 408:405 408:406 408:409 411:409 411:410 481:478 558:563 559:563 561:563 562:563 565:563"
"برگیتا","نمبردار اللہ دوایا",18,"406 408 409 413 416 417 418 419 421 422 423 424 425 426 439","404:408 408:408 411:408 411:415 417:415 417:416 417:417 418:417 418:419 419:419 424:419 424:421 424:422 424:423 424:424 427:424 427:425 441:438"
"برگیتا","نور الہدی",1,"480","481:480"
"برگیتا","نوراں",22,"302 303 304 305 306 307 308 309 310 382 391 394 395 543 544 547 548","300:305 301:305 302:305 303:305 304:305 305:305 307:305 307:306 307:307 308:307 308:308 311:308 311:309 384:381 389:393 396:393 396:394 541:546 543:546 549:546 549:547 549:548"
"برگیتا","پال",14,"50 51 52 57 58 59 500 501 502 504","51:49 51:52 53:52 55:60 56:60 57:60 58:60 59:60 498:503 499:503 500:503 501:503 502:503 506:503"
"برگیتا","پیٹر",9,"50 51 52 57 58 59 211","51:49 51:52 53:52 55:60 56:60 57:60 58:60 59:60 214:209"
"برگیتا","چاچا محمد بخش",3,"45 49 119","43:48 51:48 122:117"
"برگیتا","چراغ دین",2,"188 212","189:188 214:211"
"برگیتا","چوہدری اللہ داد خان",42,"45 49 52 53 56 57 58 59 119 120 123 203 211 310 312 313 383 386 387 388 405 407 418 419 421 422 519 520 521 522 535 536","43:48 51:48 51:53 53:53 54:53 54:59 55:59 56:59 57:59 58:59 59:59 122:117 122:118 122:119 122:124 201:206 214:209 308:313 311:313 314:313 384:382 384:388 385:388 386:388 387:388 389:388 404:407 408:407 417:419 418:419 419:419 424:419 424:420 517:522 518:522 519:522 520:522 521:522 522:522 535:536 536:536 537:536"
"برگیتا","ڈاکٹر ارشد احمد",58,"4 5 16 18 19 20 122 145 146 170 171 175 177 189 190 191 192 194 195 198 200 214 215 217 218 219 292 402 403 404 406 421 424 425 426 429 430 438 489 491 492 493 494 495 520 521 522 533","7:2 7:3 14:19 18:19 19:19 21:19 122:122 146:145 146:147 173:168 173:169 173:170 173:178 177:178 189:189 190:189 190:190 192:190 192:192 196:192 196:195 196:200 200:200 201:200 214:214 215:214 215:215 219:215 219:218 219:219 292:292 401:403 404:403 404:404 408:404 419:424 424:424 427:424 427:425 427:432 428:432 441:436 490:488 490:489 490:493 492:493 493:493 494:493 494:494 495:494 495:495 496:495 518:523 519:523 520:523 521:523 522:523 535:532"
"برگیتا","کمال",45,"23 24 25 27 50 58 59 60 148 170 179 186 187 188 198 200 201 212 213 214 215 217 218 219 301 302 303 326 478 482 487 488 514 516 517 532","21:25 22:25 23:25 24:25 25:25 29:25 51:50 56:61 57:61 58:61 59:61 146:151 173:168 177:181 189:184 189:185 189:186 189:187 189:188 196:201 200:201 201:201 214:211 214:213 214:214 215:214 215:216 219:216 219:217 219:219 300:303 301:303 302:303 303:303 304:303 324:328 481:476 481:484 490:485 490:486 512:517 515:517 517:517 518:517 535:530"
"برگیتا","کمند علی خان",2,"478 480","481:476 481:480"
"برگیتا","کنیز",6,"302 303 304","300:304 301:304 302:304 303:304 304:304 305:304"
"برگیتا","کیپٹن خانزادہ",5,"561 562 563 564 566","559:564 561:564 562:564 565:564 565:568"
"برگیتا","کیپٹن گل ریز",6,"560 561 562 563 566","558:562 559:562 561:562 562:562 565:562 565:568"
"برگیتا","ہاتھی دانت",2,"60 61","58:63 59:63"
"بلخ","بلقیس",3,"66 67","64:68 65:68 66:68"
"بلخ","بیرٹ",3,"66 67","64:69 65:69 66:69"
"بلخ","بیٹ مین بشیر",1,"61","64:59"
"بلخ","تاج",6,"63 64 65 68","64:62 64:64 65:64 65:65 66:65 66:71"
"بلخ","جاوید اثر",1,"68","66:71"
"بلخ","جی۔ ایم۔ اثر",1,"68","66:71"
"بلخ","خورشید شاہد",1,"68","66:71"
"بلخ","ساحِب (انگلو انڈین)",8,"62 63 64 65 66","64:61 64:62 64:63 64:64 65:64 65:65 66:65 66:66"
"بلخ","سعادت حسن منٹو",7,"62 63 64 65 66","64:61 64:62 64:64 65:64 65:65 66:65 66:66"
"بلخ","سمیعہ",3,"65 66","64:66 65:66 66:66"
"بلخ","شوبھا مردان",1,"61","64:59"
"بلخ","صفیہ",4,"63 65 66","64:62 64:66 65:66 66:66"
"بلخ","لاری صاحب",1,"68","66:71"
"بلخ","مردان",4,"61 65 66","64:59 64:66 65:66 66:66"
"بلخ","مشاہد",8,"62 63 64 65 66","64:60 64:61 64:62 64:63 64:64 65:64 65:66 66:66"
"بلخ","پال",2,"62 68","64:60 66:71"
"بلخ","پیٹر",2,"62 68","64:60 66:71"
"بلخ","چوہدری اللہ داد خان",3,"61 64","64:59 64:64 65:64"
"بلخ","کمال",5,"62 63 64","64:61 64:62 64:63 64:64 65:64"
"بلخ","ہاتھی دانت",2,"63 68","64:63 66:71"
"بلقیس","بیرٹ",1,"68","68:69"
"بلقیس","تاج",3,"66 69","68:64 68:65 68:71"
"بلقیس","جاوید اثر",1,"69","68:71"
"بلقیس","جی۔ ایم۔ اثر",1,"69","68:71"
"بلقیس","خورشید شاہد",1,"69","68:71"
"بلقیس","ساحِب (انگلو انڈین)",5,"65 66 67 68","68:63 68:64 68:65 68:66 68:68"
"بلقیس","سعادت حسن منٹو",4,"66 67 68","68:64 68:65 68:66 68:69"
"بلقیس","سمیعہ",3,"67 68","68:66 68:67 68:68"
"بلقیس","صفیہ",2,"67 70","68:66 68:73"
"بلقیس","لاری صاحب",1,"69","68:71"
"بلقیس","مردان",2,"67 69","68:66 68:70"
"بلقیس","مشاہد",5,"65 66 67 68","68:63 68:64 68:66 68:67 68:68"
"بلقیس","پال",1,"69","68:71"
"بلقیس","پیٹر",1,"69","68:71"
"بلقیس","چوہدری اللہ داد خان",1,"66","68:64"
"بلقیس","کمال",2,"65 66","68:63 68:64"
"بلقیس","ہاتھی دانت",2,"65 69","68:63 68:71"
"بندو رام","بیرٹ",2,"90 91","90:91 92:91"
"بندو رام","جاوید اثر",1,"82","83:81"
"بندو رام","خورشید شاہد",2,"92 93","90:95 92:95"
"بندو رام","دارو",2,"92 93","90:94 92:94"
"بندو رام","دانش",1,"82","83:82"
"بندو رام","روندر/افتخار",2,"92 93","90:95 92:95"
"بندو رام","زاہد کالیا",4,"83 549 550","83:84 548:551 549:551 550:551"
"بندو رام","ساحِب (انگلو انڈین)",7,"81 82 90 91 92 545 547","83:80 83:82 90:91 92:91 92:93 548:543 548:546"
"بندو رام","سعادت حسن منٹو",4,"81 90 91 92","83:80 90:91 92:91 92:93"
"بندو رام","سعید",2,"92 93","90:95 92:95"
"بندو رام","سمیعہ",6,"81 83 92 93 548","83:80 83:83 90:94 92:94 548:548 549:548"
"بندو رام","شاہ شہید",2,"91 92","90:93 92:93"
"بندو رام","شاہ صاحب (سات پھولوں والے)",2,"91 92","90:93 92:93"
"بندو رام","شوبھا مردان",3,"549 550","548:551 549:551 550:551"
"بندو رام","صادق",2,"92 93","90:95 92:95"
"بندو رام","فاطمہ",10,"545 546 547 548 549 550","548:543 548:544 548:545 548:546 548:547 548:548 549:548 549:549 550:549 550:550"
"بندو رام","لاری صاحب",2,"91 92","90:93 92:93"
"بندو رام","مالی شریف",2,"545 546","548:543 548:544"
"بندو رام","ماموں ہیرس",3,"90 91 92","90:91 92:91 92:93"
"بندو رام","مردان",3,"549 550","548:551 549:551 550:551"
"بندو رام","مرزا بیٹریاں",3,"80 92 93","83:78 90:94 92:94"
"بندو رام","مشاہد",21,"80 81 82 83 87 88 89 90 91 92 545 546 547 548 549 550","83:78 83:79 83:80 83:81 83:83 90:85 90:86 90:88 90:90 92:90 92:92 548:543 548:544 548:545 548:546 548:547 548:548 549:548 549:549 550:549 550:550"
"بندو رام","مشتاق واہ واہ",2,"92 93","90:95 92:95"
"بندو رام","مظہر شاہ",2,"91 92","90:93 92:93"
"بندو رام","نوراں",4,"547 548","548:546 548:547 548:548 549:548"
"بندو رام","ٹریور",2,"92 93","90:95 92:95"
"بندو رام","پیٹر",1,"82","83:81"
"بندو رام","چوہدری اللہ داد خان",7,"81 84 88 89 91 92","83:80 83:86 90:86 90:87 90:88 90:92 92:92"
"بندو رام","کانی",3,"83 92 93","83:84 90:94 92:94"
"بندو رام","کمال",5,"80 81 82 92 93","83:78 83:79 83:81 90:95 92:95"
"بندو رام","کنیز",2,"92 93","90:95 92:95"
"بندو رام","ہاتھی دانت",2,"91 92","90:93 92:93"
"بندو رام","ہیری",2,"90 91","90:91 92:91"
"بیرٹ","تاج",4,"66 67 70 71","69:64 69:65 69:71 71:71"
"بیرٹ","جاوید اثر",2,"70 71","69:71 71:71"
"بیرٹ","جی۔ ایم۔ اثر",2,"70 71","69:71 71:71"
"بیرٹ","خورشید شاہد",3,"70 71 93","69:71 71:71 91:95"
"بیرٹ","دارو",1,"92","91:94"
"بیرٹ","روندر/افتخار",1,"93","91:95"
"بیرٹ","ساحِب (انگلو انڈین)",9,"66 67 68 69 70 71 91","69:64 69:65 69:66 69:68 69:69 71:69 71:70 71:71 91:91"
"بیرٹ","سعادت حسن منٹو",8,"66 67 69 70 71 91","69:64 69:65 69:66 69:69 71:69 71:70 71:72 91:91"
"بیرٹ","سعید",1,"93","91:95"
"بیرٹ","سمیعہ",7,"67 68 69 70 71 92","69:66 69:67 69:68 69:70 71:70 71:72 91:94"
"بیرٹ","شاہ شہید",2,"73 92","71:76 91:93"
"بیرٹ","شاہ صاحب (سات پھولوں والے)",2,"73 92","71:76 91:93"
"بیرٹ","صادق",1,"93","91:95"
"بیرٹ","صفیہ",3,"67 71 72","69:66 69:73 71:73"
"بیرٹ","لاری صاحب",3,"70 71 92","69:71 71:71 91:93"
"بیرٹ","ماموں ہیرس",1,"91","91:91"
"بیرٹ","مردان",4,"67 69 70 72","69:66 69:70 71:70 71:73"
"بیرٹ","مرزا بیٹریاں",1,"92","91:94"
"بیرٹ","مشاہد",12,"66 67 68 69 70 71 88 89 90 91","69:64 69:66 69:67 69:68 69:69 71:69 71:70 71:71 91:86 91:88 91:90 91:92"
"بیرٹ","مشتاق واہ واہ",1,"93","91:95"
"بیرٹ","مظہر شاہ",1,"92","91:93"
"بیرٹ","ٹریور",1,"93","91:95"
"بیرٹ","پال",2,"70 71","69:71 71:71"
"بیرٹ","پیٹر",2,"70 71","69:71 71:71"
"بیرٹ","چوہدری اللہ داد خان",5,"66 88 89 91","69:64 91:86 91:87 91:88 91:92"
"بیرٹ","کانی",1,"92","91:94"
"بیرٹ","کمال",2,"66 93","69:64 91:95"
"بیرٹ","کنیز",1,"93","91:95"
"بیرٹ","ہاتھی دانت",3,"70 71 92","69:71 71:71 91:93"
"بیرٹ","ہیری",1,"91","91:91"
"بیٹ مین بشیر","بیگم بابر",14,"139 361 362 368 369 375 376 407 409 410 477 478","139:140 362:360 362:361 362:362 371:366 371:367 371:368 373:377 376:377 409:405 409:410 410:410 476:479 478:479"
"بیٹ مین بشیر","تاج",1,"60","59:62"
"بیٹ مین بشیر","داؤد احمد",11,"137 138 343 344 359 360 474 475 478 479 482","139:135 139:137 346:341 346:342 362:357 362:358 476:472 476:475 476:480 478:480 485:480"
"بیٹ مین بشیر","دادا جی (مشاہد کے دادا)",1,"119","122:117"
"بیٹ مین بشیر","دانش",12,"131 136 137 215 217 343 344 348 360 474 475","129:133 139:134 139:135 139:136 214:217 217:217 346:341 346:342 346:351 362:358 476:472 476:475"
"بیٹ مین بشیر","راڈنی ایز برگ",1,"378","376:381"
"بیٹ مین بشیر","رحمان گل",17,"131 136 137 138 343 344 348 359 360 474 475 476 477 478 482","129:133 139:134 139:135 139:136 139:137 346:341 346:342 346:351 362:357 362:358 362:359 476:472 476:475 476:476 478:476 478:479 485:480"
"بیٹ مین بشیر","روزی",1,"189","187:191"
"بیٹ مین بشیر","زاہد کالیا",17,"140 181 183 184 185 186 188 214 215 216 217 410 486","139:141 184:179 184:182 184:183 184:184 185:184 185:185 187:185 187:189 214:214 217:214 217:215 217:216 217:217 409:411 410:411 485:488"
"بیٹ مین بشیر","ساحِب (انگلو انڈین)",36,"45 60 121 122 130 182 183 184 185 186 187 212 213 215 216 217 362 370 372 373 374 375 407 408 412 476 477 479 482 483 484 485","44:46 59:61 122:120 122:122 123:122 129:131 184:181 184:182 184:183 184:184 185:184 185:185 187:185 187:186 187:187 214:211 214:213 214:216 217:216 217:217 362:362 371:370 371:373 373:373 376:373 376:374 409:406 409:408 410:415 476:476 478:476 478:480 485:480 485:482 485:484 485:485"
"بیٹ مین بشیر","ستار نقوی",13,"131 136 137 344 345 360 361 372 373 375 376 475","129:133 139:134 139:135 139:136 346:342 346:344 362:358 362:360 371:374 373:374 376:374 376:377 476:475"
"بیٹ مین بشیر","سعادت حسن منٹو",4,"60 121 130 182","59:61 122:120 129:131 184:181"
"بیٹ مین بشیر","سعید",1,"219","217:222"
"بیٹ مین بشیر","سور",3,"123 124 127","122:125 123:125 129:125"
"بیٹ مین بشیر","شوبھا مردان",49,"42 44 58 59 121 122 123 126 127 128 129 137 138 139 344 345 346 360 361 369 371 372 373 374 375 376 406 407 408 409 410 474 476 477 478 483 484 485","44:40 44:44 59:58 59:59 122:121 122:122 123:122 123:123 129:124 129:125 129:126 129:127 129:129 139:135 139:136 139:137 139:138 139:139 346:342 346:343 346:344 346:345 346:346 362:359 362:360 371:368 371:371 373:371 373:373 376:373 376:374 376:375 376:376 409:404 409:405 409:406 409:407 409:408 409:409 410:409 410:410 476:472 476:477 478:477 478:479 485:482 485:483 485:484 485:485"
"بیٹ مین بشیر","صباحت بیگم",10,"131 136 137 343 359 360 475 477 478 482","129:133 139:134 139:135 346:341 362:357 362:358 476:475 476:479 478:479 485:480"
"بیٹ مین بشیر","صفیہ",1,"60","59:62"
"بیٹ مین بشیر","ظہیر الدین بابر",14,"139 361 362 368 369 375 376 407 409 410 477 478","139:140 362:360 362:361 362:362 371:366 371:367 371:368 373:377 376:377 409:405 409:410 410:410 476:479 478:479"
"بیٹ مین بشیر","عارفین بابر",19,"42 124 125 128 362 369 371 372 374 376 407 409 410 477 478 483","44:40 122:127 123:127 129:127 362:362 371:367 371:368 371:371 373:371 373:376 376:376 409:405 409:406 409:409 410:409 410:410 476:478 478:478 485:482"
"بیٹ مین بشیر","مردان",58,"41 42 43 44 56 57 58 59 119 121 122 123 126 127 128 129 137 138 139 189 345 346 361 362 368 369 371 372 373 374 375 376 406 407 408 409 410 474 475 476 477 478 482 484 485","44:39 44:41 44:42 44:43 44:44 59:54 59:55 59:56 59:57 59:58 59:59 122:117 122:120 122:121 122:122 123:122 123:123 129:124 129:126 129:127 129:129 139:136 139:137 139:138 139:139 187:192 346:345 346:346 362:360 362:361 362:363 371:366 371:367 371:368 371:371 373:371 373:373 376:373 376:374 376:375 376:376 409:404 409:405 409:406 409:407 409:408 409:409 410:409 410:410 476:472 476:474 476:476 478:476 478:477 478:478 485:480 485:484 485:485"
"بیٹ مین بشیر","مرزا بیٹریاں",2,"480 483","478:482 485:482"
"بیٹ مین بشیر","مسز حسین",8,"363 368 369 409 410 474 475","362:364 371:366 371:367 371:368 409:410 410:410 476:473 476:474"
"بیٹ مین بشیر","مشاہد",44,"41 42 43 45 56 57 58 59 119 120 121 122 123 126 130 139 181 186 187 188 211 212 213 214 215 218 370 378 406 407 408 410 474 475 478 479 483 487","44:39 44:41 44:42 44:46 59:54 59:56 59:57 59:58 59:60 122:117 122:118 122:119 122:120 122:121 122:122 123:122 123:124 129:124 129:131 139:139 184:179 184:189 185:189 187:189 214:209 214:210 214:212 214:214 217:214 217:219 371:370 376:381 409:404 409:406 409:407 409:408 409:411 410:411 476:473 476:474 476:481 478:481 485:481 485:490"
"بیٹ مین بشیر","مشتاق واہ واہ",1,"131","129:133"
"بیٹ مین بشیر","نازنین بابر",16,"124 125 128 362 369 371 372 375 376 407 409 410 477 478","122:127 123:127 129:127 362:362 371:368 371:371 373:371 373:377 376:377 409:405 409:406 409:409 410:409 410:410 476:478 478:478"
"بیٹ مین بشیر","نمبردار اللہ دوایا",2,"408 412","409:408 410:415"
"بیٹ مین بشیر","نور الہدی",9,"131 136 137 344 475 478 479 482","129:134 139:134 139:135 139:136 346:343 476:475 476:480 478:480 485:480"
"بیٹ مین بشیر","نوراں",2,"370 378","371:369 376:381"
"بیٹ مین بشیر","پال",2,"46 59","44:49 59:60"
"بیٹ مین بشیر","پروفیسر مشتاق",1,"131","129:133"
"بیٹ مین بشیر","پیٹر",3,"46 59 211","44:49 59:60 214:209"
"بیٹ مین بشیر","چاچا محمد بخش",2,"46 119","44:48 122:117"
"بیٹ مین بشیر","چراغ دین",4,"186 187 212","184:188 185:188 187:188 214:211"
"بیٹ مین بشیر","چوہدری اللہ داد خان",11,"46 59 119 120 123 126 211 348 408","44:48 59:59 122:117 122:118 122:119 122:124 123:124 129:124 214:209 346:350 409:407"
"بیٹ مین بشیر","ڈاکٹر ارشد احمد",13,"122 181 183 186 187 188 214 215 216 217 406 486","122:122 123:122 184:179 184:183 184:189 185:189 187:189 214:214 217:214 217:215 217:218 409:404 485:488"
"بیٹ مین بشیر","کمال",21,"60 182 183 184 185 186 187 212 213 214 215 216 217 362 476 477 484 485","59:61 184:181 184:182 184:183 184:184 185:184 185:185 187:185 187:186 187:187 214:211 214:213 214:214 217:214 217:216 217:217 362:363 476:476 478:476 485:484 485:485"
"بیٹ مین بشیر","کمند علی خان",12,"131 136 137 344 359 360 475 476 477 479 482","129:134 139:134 139:135 346:342 346:343 362:357 362:358 476:475 476:476 478:476 478:480 485:480"
"بیٹ مین بشیر","کیپٹن گل ریز",1,"362","362:362"
"بیٹ مین بشیر","ہاتھی دانت",1,"61","59:63"
"بیگم بابر","داؤد احمد",6,"137 138 358 359 477 479","140:135 140:137 360:357 360:358 479:475 479:480"
"بیگم بابر","دانش",4,"137 138 359 477","140:135 140:136 360:358 479:475"
"بیگم بابر","راڈنی ایز برگ",2,"379","377:381 378:381"
"بیگم بابر","رحمان گل",10,"137 138 358 359 477 479","140:135 140:136 140:137 360:356 360:357 360:358 360:359 479:475 479:476 479:479"
"بیگم بابر","زاہد کالیا",22,"140 148 149 150 151 153 155 156 157 159 402 403 404 410 532 533 537 539","140:141 151:146 151:147 151:148 151:149 151:150 151:152 154:152 154:157 155:157 156:157 158:157 158:160 159:160 405:400 405:402 405:403 410:411 535:530 535:532 535:540 538:540"
"بیگم بابر","ساحِب (انگلو انڈین)",29,"142 150 153 155 156 157 158 159 358 361 362 367 368 369 375 405 408 409 412 477 479 533 540","140:145 151:150 151:156 154:156 155:156 156:156 158:156 158:158 159:158 159:159 360:356 360:362 361:362 362:362 363:362 365:370 366:370 367:370 368:370 377:373 377:374 405:406 410:406 410:408 410:415 479:476 479:480 535:531 538:543"
"بیگم بابر","ستار نقوی",10,"137 138 359 360 375 377 403 477","140:135 140:136 360:358 360:360 361:360 377:374 377:377 378:377 405:402 479:475"
"بیگم بابر","سور",1,"149","151:148"
"بیگم بابر","شوبھا مردان",44,"137 138 139 140 151 152 153 154 359 360 365 366 367 368 375 376 377 378 403 404 405 407 408 409 410 478 479 535 536 537 538","140:135 140:136 140:137 140:138 140:139 140:140 151:151 154:151 154:153 154:154 155:154 360:359 360:360 361:360 363:368 364:368 365:368 366:368 367:368 368:368 377:373 377:374 377:375 377:376 377:377 378:377 378:379 405:401 405:402 405:404 405:405 410:405 410:406 410:407 410:408 410:409 410:410 479:477 479:479 535:535 538:535 538:536 538:537 538:538"
"بیگم بابر","صباحت بیگم",6,"137 357 358 359 477 479","140:135 360:355 360:357 360:358 479:475 479:479"
"بیگم بابر","ظہیر الدین بابر",41,"140 151 152 153 154 155 156 157 158 159 360 361 362 363 364 365 366 367 368 377 378 405 407 410 479 535 536 538","140:140 151:151 154:151 154:153 154:154 155:154 155:155 156:155 156:156 158:156 158:157 158:158 159:158 159:159 360:360 361:360 361:361 362:361 362:362 363:362 363:363 364:363 364:364 365:364 365:365 366:365 366:366 367:366 367:367 368:367 368:368 377:377 378:377 378:378 405:405 410:405 410:410 479:479 535:535 538:535 538:538"
"بیگم بابر","عارفین بابر",36,"152 154 155 156 157 158 159 361 362 363 364 366 367 368 376 377 378 405 407 408 409 410 478 479 535 536 537","151:154 154:154 155:154 155:155 156:155 156:156 158:156 158:157 158:159 159:159 360:362 361:362 362:362 363:362 363:364 364:364 365:364 365:367 366:367 367:367 368:367 368:368 377:376 377:377 378:377 378:378 405:405 410:405 410:406 410:409 410:410 479:478 479:479 535:535 538:535 538:537"
"بیگم بابر","فاطمہ",4,"533 535 536 538","535:531 535:535 538:535 538:539"
"بیگم بابر","مالی شریف",1,"540","538:543"
"بیگم بابر","مردان",64,"138 139 140 149 151 152 153 154 155 156 157 158 159 360 361 362 363 364 365 366 367 368 375 376 377 378 403 404 405 407 408 409 410 476 477 478 479 533 534 535 536 537 538","140:136 140:137 140:138 140:139 140:140 151:147 151:151 154:151 154:153 154:154 155:154 155:155 156:155 156:156 158:156 158:157 158:158 159:158 159:159 360:360 361:360 361:361 362:361 362:363 363:363 364:363 364:364 365:364 365:365 366:365 366:366 367:366 367:367 368:367 368:368 377:373 377:374 377:375 377:376 377:377 378:377 378:378 405:401 405:402 405:404 405:405 410:405 410:406 410:407 410:408 410:409 410:410 479:474 479:476 479:477 479:478 479:479 535:531 535:533 535:535 538:535 538:536 538:537 538:538"
"بیگم بابر","مرزا بیٹریاں",1,"480","479:482"
"بیگم بابر","مسز حسین",16,"362 363 364 365 366 367 368 407 410 476","360:364 361:364 362:364 363:364 364:364 365:364 365:365 366:365 366:366 367:366 367:367 368:367 368:368 405:410 410:410 479:474"
"بیگم بابر","مشائلہ",1,"380","378:383"
"بیگم بابر","مشاہد",37,"139 140 148 149 150 151 153 157 158 159 367 368 369 379 403 404 405 408 409 410 476 480 533 534 535 536 537 538","140:139 140:141 151:146 151:147 151:149 151:152 154:152 155:160 156:160 158:160 159:160 365:370 366:370 367:370 368:370 377:381 378:381 405:401 405:402 405:403 405:404 405:406 410:406 410:407 410:408 410:411 479:474 479:481 535:531 535:532 535:533 535:534 535:535 538:535 538:536 538:537 538:538"
"بیگم بابر","نازنین بابر",29,"152 153 154 155 156 157 158 159 361 362 365 366 367 368 377 378 405 407 408 409 410 478","151:153 154:153 154:154 155:154 155:156 156:156 158:156 158:157 158:159 159:159 360:362 361:362 362:362 363:362 363:368 364:368 365:368 366:368 367:368 368:368 377:377 378:377 378:378 405:405 410:405 410:406 410:409 410:410 479:478"
"بیگم بابر","نمبردار اللہ دوایا",3,"406 409 412","405:408 410:408 410:415"
"بیگم بابر","نور الہدی",5,"137 138 358 477 479","140:135 140:136 360:356 479:475 479:480"
"بیگم بابر","نوراں",7,"366 367 368 379","364:369 365:369 366:369 367:369 368:369 377:381 378:381"
"بیگم بابر","چوہدری اللہ داد خان",6,"379 380 406 408 535 537","377:382 378:382 405:407 410:407 535:536 538:536"
"بیگم بابر","ڈاکٹر ارشد احمد",10,"142 149 150 158 159 160 404 533","140:145 151:147 151:149 151:150 156:161 158:161 159:161 405:403 405:404 535:532"
"بیگم بابر","کمال",10,"151 152 361 362 363 477 481 532","151:151 154:151 360:363 361:363 362:363 363:363 364:363 479:476 479:484 535:530"
"بیگم بابر","کمند علی خان",8,"137 357 358 359 477 479","140:135 360:355 360:356 360:357 360:358 479:475 479:476 479:480"
"بیگم بابر","کیپٹن گل ریز",11,"153 155 156 157 361 362 363","151:156 154:156 155:156 156:156 158:156 360:362 361:362 362:362 363:362 363:363 364:363"
"تاج","جاوید اثر",5,"71 72 109 110","71:71 73:71 108:110 109:110 110:110"
"تاج","جی۔ ایم۔ اثر",2,"71 72","71:71 73:71"
"تاج","خورشید شاہد",2,"71 72","71:71 73:71"
"تاج","خیر دین تانگے والا",2,"111 112","109:114 110:114"
"تاج","دانش",1,"512","513:512"
"تاج","روزی",3,"109 110","108:110 109:110 110:110"
"تاج","زاہد کالیا",1,"514","513:516"
"تاج","ساحِب (انگلو انڈین)",22,"61 62 63 64 65 68 69 70 71 72 73 74 108 109 110 514","62:61 62:62 64:62 64:63 64:64 65:64 65:65 71:66 71:68 71:69 71:70 71:71 73:71 73:72 73:73 74:73 74:74 108:109 109:109 110:109 110:110 513:516"
"تاج","سعادت حسن منٹو",20,"61 62 63 64 65 68 70 71 72 73 74 108 109 110 514","62:61 62:62 64:62 64:64 65:64 65:65 71:66 71:69 71:70 71:72 73:72 73:73 74:73 74:74 108:108 109:108 109:109 110:109 110:110 513:516"
"تاج","سمیعہ",12,"64 65 68 69 70 71 72 108 514","62:66 64:66 65:66 71:66 71:67 71:68 71:70 71:72 73:72 108:108 109:108 513:516"
"تاج","شاہ شہید",3,"73 74 75","71:76 73:76 74:76"
"تاج","شاہ صاحب (سات پھولوں والے)",6,"73 74 75 109 110","71:76 73:76 74:76 108:111 109:111 110:111"
"تاج","شوبھا مردان",2,"60","62:58 62:59"
"تاج","صفیہ",13,"62 63 65 68 72 73 74 108 109 514","62:62 64:62 64:66 65:66 71:66 71:73 73:73 74:73 74:74 108:109 109:109 110:109 513:516"
"تاج","فاطمہ",7,"453 454 455 510 511 512 515","455:451 455:453 455:455 513:508 513:510 513:512 513:518"
"تاج","لاری صاحب",2,"71 72","71:71 73:71"
"تاج","مالی شریف",1,"511","513:509"
"تاج","محمد غنی چیمہ",2,"75","73:77 74:77"
"تاج","مردان",20,"59 60 64 65 68 70 72 73 106 107 110 111 453 457 510 512","62:57 62:58 62:59 62:66 64:66 65:66 71:66 71:70 71:73 73:73 74:73 108:105 108:106 108:112 109:112 110:112 455:452 455:460 513:508 513:512"
"تاج","مرزا بیٹریاں",2,"75 76","73:78 74:78"
"تاج","مسز حسین",1,"457","455:460"
"تاج","مشاہد",38,"59 60 61 62 63 64 65 68 69 70 71 72 73 74 106 107 108 109 110 452 453 454 455 510 511 514","62:57 62:58 62:60 62:61 62:62 64:62 64:63 64:64 65:64 65:66 71:66 71:67 71:68 71:69 71:70 71:71 73:71 73:72 73:73 74:73 74:74 108:104 108:106 108:107 108:108 109:108 109:110 110:110 455:450 455:451 455:452 455:453 455:454 455:455 513:508 513:509 513:510 513:515"
"تاج","ملک معراج",3,"109 110","108:110 109:110 110:110"
"تاج","پال",3,"61 71 72","62:60 71:71 73:71"
"تاج","پیٹر",4,"61 71 72 107","62:60 71:71 73:71 108:107"
"تاج","چاچا محمد بخش",1,"112","110:115"
"تاج","چاچی رابیاں",3,"110 111","108:113 109:113 110:113"
"تاج","چراغ دین",1,"105","108:103"
"تاج","چوہدری اللہ داد خان",11,"60 63 64 106 107 109 110","62:59 62:64 64:64 65:64 108:104 108:105 108:106 108:107 108:111 109:111 110:111"
"تاج","کمال",11,"61 62 63 64 75 76 108 515","62:61 62:62 64:62 64:63 64:64 65:64 73:78 74:78 108:108 109:108 513:517"
"تاج","ہاتھی دانت",4,"62 63 71 72","62:63 64:63 71:71 73:71"
"جاوید اثر","جی۔ ایم۔ اثر",1,"71","71:71"
"جاوید اثر","خورشید شاہد",1,"71","71:71"
"جاوید اثر","خیر دین تانگے والا",1,"112","110:114"
"جاوید اثر","دانش",1,"81","81:82"
"جاوید اثر","روزی",1,"110","110:110"
"جاوید اثر","زاہد کالیا",1,"82","81:84"
"جاوید اثر","ساحِب (انگلو انڈین)",10,"68 69 70 71 78 80 81 109 110","71:66 71:68 71:69 71:70 71:71 81:76 81:80 81:82 110:109 110:110"
"جاوید اثر","سعادت حسن منٹو",8,"68 70 71 80 109 110","71:66 71:69 71:70 71:72 81:80 110:108 110:109 110:110"
"جاوید اثر","سمیعہ",8,"68 69 70 71 80 82 109","71:66 71:67 71:68 71:70 71:72 81:80 81:83 110:108"
"جاوید اثر","شاہ شہید",2,"73 78","71:76 81:76"
"جاوید اثر","شاہ صاحب (سات پھولوں والے)",3,"73 78 110","71:76 81:76 110:111"
"جاوید اثر","صفیہ",3,"68 72 109","71:66 71:73 110:109"
"جاوید اثر","لاری صاحب",1,"71","71:71"
"جاوید اثر","محمد غنی چیمہ",1,"79","81:77"
"جاوید اثر","مردان",6,"68 70 72 107 108 111","71:66 71:70 71:73 110:105 110:106 110:112"
"جاوید اثر","مرزا بیٹریاں",1,"79","81:78"
"جاوید اثر","مشاہد",16,"68 69 70 71 78 79 80 81 108 109 110","71:66 71:67 71:68 71:69 71:70 71:71 81:76 81:77 81:78 81:79 81:80 81:81 110:106 110:107 110:108 110:110"
"جاوید اثر","ملک معراج",1,"110","110:110"
"جاوید اثر","پال",1,"71","71:71"
"جاوید اثر","پیٹر",3,"71 81 108","71:71 81:81 110:107"
"جاوید اثر","چاچا محمد بخش",1,"112","110:115"
"جاوید اثر","چاچی رابیاں",1,"111","110:113"
"جاوید اثر","چوہدری اللہ داد خان",6,"80 83 107 108 110","81:80 81:86 110:105 110:106 110:107 110:111"
"جاوید اثر","کانی",1,"82","81:84"
"جاوید اثر","کمال",4,"79 80 81 109","81:78 81:79 81:81 110:108"
"جاوید اثر","ہاتھی دانت",1,"71","71:71"
"جی۔ ایم۔ اثر","خورشید شاہد",1,"71","71:71"
"جی۔ ایم۔ اثر","زاہد کالیا",1,"20","21:19"
"جی۔ ایم۔ اثر","ساحِب (انگلو انڈین)",6,"21 68 69 70 71","21:21 71:66 71:68 71:69 71:70 71:71"
"جی۔ ایم۔ اثر","سعادت حسن منٹو",5,"21 68 70 71","21:21 71:66 71:69 71:70 71:72"
"جی۔ ایم۔ اثر","سعید",1,"22","21:23"
"جی۔ ایم۔ اثر","سمیعہ",6,"21 68 69 70 71","21:21 71:66 71:67 71:68 71:70 71:72"
"جی۔ ایم۔ اثر","شاہ شہید",1,"73","71:76"
"جی۔ ایم۔ اثر","شاہ صاحب (سات پھولوں والے)",1,"73","71:76"
"جی۔ ایم۔ اثر","صفیہ",3,"21 68 72","21:21 71:66 71:73"
"جی۔ ایم۔ اثر","ظہیر الدین بابر",1,"20","21:20"
"جی۔ ایم۔ اثر","لاری صاحب",1,"71","71:71"
"جی۔ ایم۔ اثر","مردان",4,"21 68 70 72","21:21 71:66 71:70 71:73"
"جی۔ ایم۔ اثر","مشاہد",11,"18 19 20 21 68 69 70 71","21:16 21:18 21:19 21:20 21:21 71:66 71:67 71:68 71:69 71:70 71:71"
"جی۔ ایم۔ اثر","پال",1,"71","71:71"
"جی۔ ایم۔ اثر","پیٹر",1,"71","71:71"
"جی۔ ایم۔ اثر","ڈاکٹر ارشد احمد",1,"20","21:19"
"جی۔ ایم۔ اثر","کمال",1,"23","21:25"
"جی۔ ایم۔ اثر","ہاتھی دانت",1,"71","71:71"
"خورشید شاہد","دارو",1,"94","95:94"
"خورشید شاہد","روندر/افتخار",1,"95","95:95"
"خورشید شاہد","ساحِب (انگلو انڈین)",9,"68 69 70 71 93 94 95","71:66 71:68 71:69 71:70 71:71 95:91 95:93 95:94 95:96"
"خورشید شاہد","سعادت حسن منٹو",8,"68 70 71 93 94 96","71:66 71:69 71:70 71:72 95:91 95:93 95:94 95:97"
"خورشید شاہد","سعید",1,"95","95:95"
"خورشید شاہد","سمیعہ",6,"68 69 70 71 94","71:66 71:67 71:68 71:70 71:72 95:94"
"خورشید شاہد","شاہ شہید",3,"73 94","71:76 95:93 95:94"
"خورشید شاہد","شاہ صاحب (سات پھولوں والے)",3,"73 94","71:76 95:93 95:94"
"خورشید شاہد","صادق",1,"95","95:95"
"خورشید شاہد","صفیہ",2,"68 72","71:66 71:73"
"خورشید شاہد","لاری صاحب",2,"71 94","71:71 95:93"
"خورشید شاہد","ماموں ہیرس",2,"93 94","95:91 95:93"
"خورشید شاہد","مردان",4,"68 70 72 96","71:66 71:70 71:73 95:98"
"خورشید شاہد","مرزا بیٹریاں",1,"94","95:94"
"خورشید شاہد","مشاہد",11,"68 69 70 71 92 93 94 96","71:66 71:67 71:68 71:69 71:70 71:71 95:90 95:92 95:93 95:94 95:97"
"خورشید شاہد","مشتاق واہ واہ",1,"95","95:95"
"خورشید شاہد","مظہر شاہ",1,"94","95:93"
"خورشید شاہد","ٹریور",1,"95","95:95"
"خورشید شاہد","پال",1,"71","71:71"
"خورشید شاہد","پیٹر",2,"71 96","71:71 95:98"
"خورشید شاہد","چوہدری اللہ داد خان",3,"93 94 96","95:92 95:93 95:97"
"خورشید شاہد","کانی",1,"94","95:94"
"خورشید شاہد","کمال",1,"95","95:95"
"خورشید شاہد","کنیز",1,"95","95:95"
"خورشید شاہد","ہاتھی دانت",2,"71 94","71:71 95:93"
"خورشید شاہد","ہیری",2,"93 96","95:91 95:98"
"خیر دین تانگے والا","دادا جی (مشاہد کے دادا)",2,"115","114:116 115:116"
"خیر دین تانگے والا","روزی",1,"112","114:110"
"خیر دین تانگے والا","ساحِب (انگلو انڈین)",7,"111 112 113 114 117","114:109 114:110 114:111 114:112 114:114 115:114 115:120"
"خیر دین تانگے والا","سعادت حسن منٹو",4,"111 112 113 117","114:109 114:110 114:112 115:120"
"خیر دین تانگے والا","شاہ صاحب (سات پھولوں والے)",1,"112","114:111"
"خیر دین تانگے والا","صفیہ",1,"111","114:109"
"خیر دین تانگے والا","مردان",4,"113 114 115","114:112 114:113 114:115 115:115"
"خیر دین تانگے والا","مشاہد",5,"112 113 114 115","114:110 114:112 114:113 114:115 115:115"
"خیر دین تانگے والا","ملک معراج",1,"112","114:110"
"خیر دین تانگے والا","چاچا محمد بخش",2,"114 115","114:115 115:115"
"خیر دین تانگے والا","چاچی رابیاں",1,"113","114:113"
"خیر دین تانگے والا","چوہدری اللہ داد خان",5,"112 113 114 115","114:111 114:113 114:114 115:114 115:116"
"داؤد احمد","دانش",20,"134 135 136 340 341 342 352 353 355 357 358 472 473 475 477","135:133 135:134 135:135 137:135 137:136 340:340 341:340 341:341 342:341 342:342 353:351 353:353 357:353 357:354 357:358 358:358 472:472 475:472 475:475 480:475"
"داؤد احمد","راڈنی ایز برگ",4,"337 338 339","340:335 340:336 340:337 340:339"
"داؤد احمد","رحمان گل",24,"134 135 136 137 340 341 342 352 354 356 357 358 472 473 475 477 478 479 480","135:133 135:134 135:135 137:135 137:136 137:137 340:340 341:340 341:341 342:341 342:342 353:351 353:356 357:356 357:357 358:357 358:358 472:472 475:472 475:475 480:475 480:476 480:479 480:480"
"داؤد احمد","زاہد کالیا",5,"139 293 339 353 355","137:141 295:292 340:338 353:353 357:353"
"داؤد احمد","ساحِب (انگلو انڈین)",16,"133 338 339 340 352 353 355 356 359 360 470 474 475 478 480","135:131 340:337 340:338 340:340 341:340 353:352 353:353 357:353 357:356 357:362 358:362 472:469 472:476 475:476 480:476 480:480"
"داؤد احمد","ستار نقوی",14,"134 135 136 341 342 355 357 358 473 475 477","135:133 135:134 135:135 137:135 137:136 340:342 341:342 342:342 353:358 357:358 358:358 472:475 475:475 480:475"
"داؤد احمد","سعادت حسن منٹو",1,"133","135:131"
"داؤد احمد","شوبھا مردان",20,"132 133 135 136 137 341 342 351 358 470 472 473 476 478 479 481","135:130 135:132 135:135 137:135 137:136 137:137 340:342 341:342 342:342 353:350 357:359 358:359 472:468 472:469 472:472 475:472 475:477 480:477 480:479 480:482"
"داؤد احمد","صباحت بیگم",18,"134 135 136 340 341 353 355 356 357 358 473 475 477 479 480","135:133 135:134 135:135 137:135 340:341 341:341 342:341 353:353 357:353 357:355 357:357 358:357 358:358 472:475 475:475 480:475 480:479 480:480"
"داؤد احمد","ظہیر الدین بابر",6,"137 138 358 359 477 479","135:140 137:140 357:360 358:360 475:479 480:479"
"داؤد احمد","عارفین بابر",6,"359 360 476 479 481","357:362 358:362 475:478 480:478 480:479 480:482"
"داؤد احمد","فاطمہ",2,"297 337","295:299 340:335"
"داؤد احمد","مردان",26,"132 133 135 136 137 339 342 343 350 351 358 359 470 471 472 473 474 475 478 479 480","135:130 135:132 135:136 137:136 137:137 340:339 340:345 341:345 342:345 353:348 353:349 353:350 357:360 358:360 472:468 472:469 472:470 472:472 475:472 475:474 475:476 480:476 480:477 480:478 480:479 480:480"
"داؤد احمد","مرزا بیٹریاں",1,"481","480:482"
"داؤد احمد","مسز حسین",3,"472 474","472:473 475:473 475:474"
"داؤد احمد","مشائلہ",4,"338 339","340:336 340:337 340:338 340:339"
"داؤد احمد","مشاہد",17,"133 137 138 293 294 295 337 338 339 470 471 472 474 480","135:131 135:139 137:139 295:291 295:292 295:293 295:294 295:295 340:335 340:337 340:338 472:469 472:470 472:473 475:473 475:474 480:481"
"داؤد احمد","مشتاق واہ واہ",1,"134","135:133"
"داؤد احمد","مولوی احتشام الدین",2,"352 470","353:352 472:468"
"داؤد احمد","مہر النساء",1,"470","472:468"
"داؤد احمد","نازنین بابر",4,"359 360 476 479","357:362 358:362 475:478 480:478"
"داؤد احمد","نور الہدی",14,"134 135 136 341 342 353 355 356 473 475 477 480","135:134 135:135 137:135 137:136 340:343 341:343 342:343 353:354 357:354 357:356 472:475 475:475 480:475 480:480"
"داؤد احمد","پروفیسر مشتاق",1,"134","135:133"
"داؤد احمد","چوہدری اللہ داد خان",1,"351","353:350"
"داؤد احمد","ڈاکٹر ارشد احمد",1,"293","295:292"
"داؤد احمد","کمال",5,"360 474 475 478 482","358:363 472:476 475:476 480:476 480:484"
"داؤد احمد","کمند علی خان",20,"134 135 136 340 341 342 353 355 356 357 358 473 475 477 478 480","135:134 135:135 137:135 340:340 341:340 341:342 342:342 353:353 357:353 357:354 357:355 357:356 357:357 358:357 358:358 472:475 475:475 480:475 480:476 480:480"
"داؤد احمد","کیپٹن گل ریز",2,"359 360","357:362 358:362"
"دادا جی (مشاہد کے دادا)","ساحِب (انگلو انڈین)",5,"113 114 115 118","116:111 116:112 116:114 116:120 117:120"
"دادا جی (مشاہد کے دادا)","سعادت حسن منٹو",3,"114 118","116:112 116:120 117:120"
"دادا جی (مشاہد کے دادا)","شاہ صاحب (سات پھولوں والے)",1,"113","116:111"
"دادا جی (مشاہد کے دادا)","شوبھا مردان",2,"118 119","116:121 117:121"
"دادا جی (مشاہد کے دادا)","مردان",6,"114 115 116 117","116:112 116:113 116:115 116:116 117:116 117:117"
"دادا جی (مشاہد کے دادا)","مشاہد",6,"114 115 116 117","116:112 116:113 116:115 116:116 117:116 117:117"
"دادا جی (مشاہد کے دادا)","چاچا محمد بخش",4,"115 116 117","116:115 116:116 117:116 117:117"
"دادا جی (مشاہد کے دادا)","چاچی رابیاں",1,"114","116:113"
"دادا جی (مشاہد کے دادا)","چوہدری اللہ داد خان",6,"113 114 115 116 117","116:111 116:113 116:114 116:116 117:116 117:117"
"دادا جی (مشاہد کے دادا)","ڈاکٹر ارشد احمد",1,"119","117:122"
"دارو","راڈنی ایز برگ",6,"309 310 389 395 396","307:312 308:312 309:312 391:388 394:397 396:397"
"دارو","روندر/افتخار",1,"94","94:95"
"دارو","زاہد کالیا",5,"388 390 391 393 398","391:386 391:390 391:392 394:392 396:400"
"دارو","ساحِب (انگلو انڈین)",14,"92 93 94 301 304 310 311 388 389 393 394 395 396","94:91 94:93 94:94 301:302 307:302 308:313 309:313 391:386 391:387 391:388 391:395 394:395 396:395 396:397"
"دارو","سعادت حسن منٹو",3,"92 93 94","94:91 94:93 94:94"
"دارو","سعید",2,"94 301","94:95 301:301"
"دارو","سمیعہ",1,"94","94:94"
"دارو","شاہ شہید",5,"93 94 393 394 395","94:93 94:94 391:395 394:395 396:395"
"دارو","شاہ صاحب (سات پھولوں والے)",8,"93 94 308 309 393 394 395","94:93 94:94 307:309 308:309 309:309 391:395 394:395 396:395"
"دارو","شوبھا مردان",1,"398","396:401"
"دارو","صادق",1,"94","94:95"
"دارو","غفور",3,"301 304 305","301:302 307:302 307:304"
"دارو","فاطمہ",1,"300","301:299"
"دارو","لاری صاحب",1,"93","94:93"
"دارو","ماموں ہیرس",2,"92 93","94:91 94:93"
"دارو","مردان",5,"96 391 392 393 398","94:98 391:391 394:391 394:392 396:401"
"دارو","مرزا بیٹریاں",1,"94","94:94"
"دارو","مشائلہ",6,"309 310 389 395 396","307:312 308:312 309:312 391:388 394:397 396:397"
"دارو","مشاہد",28,"92 93 94 298 299 300 301 304 305 306 307 308 310 388 389 391 392 393 394 395 396","94:90 94:92 94:93 94:94 301:296 301:298 301:299 301:300 301:302 307:302 307:304 307:305 307:306 307:307 308:307 308:308 309:308 309:312 391:386 391:387 391:388 391:391 394:391 394:393 394:394 396:394 396:395 396:396"
"دارو","مشتاق واہ واہ",1,"94","94:95"
"دارو","مظہر شاہ",1,"93","94:93"
"دارو","نوراں",12,"303 306 307 308 309 392 393 394 395","301:305 307:305 307:306 307:307 308:307 308:308 309:308 309:309 391:393 394:393 394:394 396:394"
"دارو","ٹریور",1,"94","94:95"
"دارو","پیٹر",1,"96","94:98"
"دارو","چوہدری اللہ داد خان",6,"93 95 310 311 389","94:92 94:93 94:97 308:313 309:313 391:388"
"دارو","کانی",1,"94","94:94"
"دارو","کمال",3,"94 302 305","94:95 301:303 307:303"
"دارو","کنیز",3,"94 302 305","94:95 301:304 307:304"
"دارو","ہاتھی دانت",1,"93","94:93"
"دارو","ہیری",2,"92 96","94:91 94:98"
"دانش","راڈنی ایز برگ",4,"337 338 339","340:335 340:336 340:337 340:339"
"دانش","رحمان گل",22,"133 134 135 136 340 341 342 351 352 354 355 357 358 472 473 475","133:133 134:133 134:134 135:134 135:135 136:135 136:136 340:340 341:340 341:341 342:341 342:342 351:351 353:351 353:356 354:356 358:356 358:357 358:358 472:472 475:472 475:475"
"دانش","روزی",2,"169 174","168:170 177:172"
"دانش","زاہد کالیا",31,"83 138 165 166 167 168 175 176 177 215 216 217 339 352 353 417 418 419 421 429 431 503 514","82:84 136:141 168:163 168:164 168:165 168:166 168:167 168:168 177:173 177:174 177:175 177:176 177:177 217:214 217:215 217:216 217:217 340:338 351:353 353:353 354:353 420:415 420:416 420:417 420:418 420:419 420:422 431:428 431:432 504:503 512:516"
"دانش","ساحِب (انگلو انڈین)",30,"81 82 132 167 177 215 216 217 338 339 340 351 352 353 355 357 360 417 418 419 420 430 431 470 474 475 514","82:80 82:82 133:131 168:167 177:177 217:213 217:216 217:217 340:337 340:338 340:340 341:340 351:352 353:352 353:353 354:353 354:356 358:356 358:362 420:415 420:416 420:418 420:420 431:429 431:430 431:431 472:469 472:476 475:476 512:516"
"دانش","ستار نقوی",15,"133 134 135 136 341 342 355 356 358 473 475","133:133 134:133 134:134 135:134 135:135 136:135 136:136 340:342 341:342 342:342 353:358 354:358 358:358 472:475 475:475"
"دانش","سعادت حسن منٹو",4,"81 132 179 514","82:80 133:131 177:181 512:516"
"دانش","سعید",1,"219","217:222"
"دانش","سمیعہ",3,"81 82 514","82:80 82:83 512:516"
"دانش","شوبھا مردان",22,"131 132 134 135 136 341 342 348 349 350 356 358 420 470 472 473 476","133:129 133:130 133:132 133:135 134:135 135:135 136:135 136:136 340:342 341:342 342:342 351:346 351:347 351:350 354:359 358:359 420:421 472:468 472:469 472:472 475:472 475:477"
"دانش","صباحت بیگم",18,"133 134 135 340 341 352 353 354 356 357 358 473 475","133:133 134:133 134:134 135:134 135:135 136:135 340:341 341:341 342:341 351:353 353:353 354:353 354:355 358:355 358:357 358:358 472:475 475:475"
"دانش","صفیہ",1,"514","512:516"
"دانش","ظہیر الدین بابر",5,"137 138 359 433 477","135:140 136:140 358:360 431:436 475:479"
"دانش","عارفین بابر",2,"360 476","358:362 475:478"
"دانش","فاطمہ",7,"337 502 506 510 511 512","340:335 504:500 504:501 504:508 512:508 512:510 512:512"
"دانش","مالی شریف",3,"430 506 510","431:430 504:509 512:509"
"دانش","محمد غنی چیمہ",1,"79","82:77"
"دانش","مردان",33,"131 132 134 135 136 166 176 339 342 343 348 349 350 359 420 430 431 470 471 472 473 474 475 502 504 509 510 512","133:129 133:130 133:132 133:136 134:136 135:136 136:136 168:164 177:176 340:339 340:345 341:345 342:345 351:346 351:348 351:349 351:350 358:360 420:420 431:430 431:431 472:468 472:469 472:470 472:472 475:472 475:474 475:476 504:501 504:505 512:507 512:508 512:512"
"دانش","مرزا بیٹریاں",1,"80","82:78"
"دانش","مسز حسین",5,"420 431 472 474","420:420 431:431 472:473 475:473 475:474"
"دانش","مشائلہ",5,"338 339 430","340:336 340:337 340:338 340:339 431:430"
"دانش","مشاہد",47,"79 80 81 82 132 136 137 166 167 168 174 175 176 177 214 215 218 337 338 339 419 422 429 430 431 470 471 472 474 501 502 503 504 509 510 511 513","82:77 82:78 82:79 82:80 82:81 82:83 133:131 134:139 135:139 136:139 168:164 168:167 168:168 177:172 177:173 177:174 177:176 177:177 217:212 217:214 217:219 340:335 340:337 340:338 420:418 420:419 420:424 431:427 431:428 431:429 431:430 431:431 472:469 472:470 472:473 475:473 475:474 504:499 504:500 504:501 504:502 504:504 512:507 512:508 512:509 512:510 512:515"
"دانش","مشتاق واہ واہ",2,"133","133:133 134:133"
"دانش","مولوی احتشام الدین",3,"351 352 470","351:352 353:352 472:468"
"دانش","مہر النساء",1,"470","472:468"
"دانش","نازنین بابر",2,"360 476","358:362 475:478"
"دانش","نمبردار اللہ دوایا",5,"417 418 419 420","420:415 420:416 420:417 420:419 420:421"
"دانش","نور الہدی",16,"133 134 135 136 341 342 352 353 354 356 357 473 475","133:134 134:134 135:134 135:135 136:135 136:136 340:343 341:343 342:343 351:354 353:354 354:354 358:354 358:356 472:475 475:475"
"دانش","پال",1,"503","504:503"
"دانش","پروفیسر مشتاق",2,"133","133:133 134:133"
"دانش","پیٹر",1,"81","82:81"
"دانش","چوہدری اللہ داد خان",5,"81 84 350 419 420","82:80 82:86 351:350 420:419 420:420"
"دانش","ڈاکٹر ارشد احمد",7,"168 177 215 216 217 422 431","168:168 177:178 217:214 217:215 217:218 420:424 431:432"
"دانش","کانی",1,"83","82:84"
"دانش","کمال",13,"80 81 168 179 215 216 217 360 474 475 514","82:78 82:79 82:81 168:168 177:181 217:213 217:214 217:216 217:217 358:363 472:476 475:476 512:517"
"دانش","کمند علی خان",20,"133 134 135 340 341 342 352 353 354 356 357 358 473 475","133:134 134:134 135:134 135:135 136:135 340:340 341:340 341:342 342:342 351:353 353:353 354:353 354:354 358:354 358:355 358:356 358:357 358:358 472:475 475:475"
"دانش","کیپٹن گل ریز",1,"360","358:362"
"راڈنی ایز برگ","رحمان گل",4,"337 338 339","335:340 336:340 337:340 339:340"
"راڈنی ایز برگ","زاہد کالیا",23,"326 327 329 335 336 337 338 383 384 385 387 389 394 398 399 435 436 437","325:328 326:328 331:328 333:338 334:338 335:338 336:338 337:338 339:338 381:386 383:386 384:386 388:386 388:390 397:392 397:400 398:400 399:400 438:433 438:434 438:435 438:436 438:437"
"راڈنی ایز برگ","ساحِب (انگلو انڈین)",35,"312 317 318 322 323 325 326 328 329 330 331 332 333 335 336 337 338 339 383 384 385 387 388 396 397 436","312:313 320:315 320:317 320:325 321:325 322:325 325:325 326:325 326:326 331:326 331:328 331:329 331:330 331:331 333:331 333:332 333:333 334:333 334:337 335:337 336:337 337:337 339:337 339:338 339:340 381:386 383:386 384:386 388:386 388:387 388:388 397:395 397:397 398:397 438:435"
"راڈنی ایز برگ","ستار نقوی",6,"339 340 379 399 400","337:342 339:342 381:377 397:402 398:402 399:402"
"راڈنی ایز برگ","سمیعہ",3,"332 333","331:333 333:333 334:333"
"راڈنی ایز برگ","شاہ شہید",1,"396","397:395"
"راڈنی ایز برگ","شاہ صاحب (سات پھولوں والے)",2,"310 396","312:309 397:395"
"راڈنی ایز برگ","شوبھا مردان",9,"339 340 378 379 380 399 400 438","337:342 339:342 381:376 381:377 381:379 397:401 398:401 399:401 438:438"
"راڈنی ایز برگ","صادق",1,"319","320:319"
"راڈنی ایز برگ","صباحت بیگم",5,"331 332 338 339 340","331:332 333:332 336:341 337:341 339:341"
"راڈنی ایز برگ","ظہیر الدین بابر",3,"379 437","381:377 381:378 438:436"
"راڈنی ایز برگ","عارفین بابر",4,"378 379 380","381:376 381:377 381:378 381:379"
"راڈنی ایز برگ","فاطمہ",9,"333 334 335 437 438 446 450","331:335 333:335 334:335 335:335 336:335 438:437 438:439 449:444 449:451"
"راڈنی ایز برگ","مردان",28,"320 321 323 325 328 331 332 336 337 338 339 378 379 380 381 382 389 394 399 400 436 447 449","320:321 321:321 322:321 322:325 325:325 326:325 326:331 331:331 333:331 334:339 335:339 336:339 337:339 339:339 381:376 381:377 381:378 381:379 381:382 383:382 388:391 397:392 397:401 398:401 399:401 438:435 449:446 449:449"
"راڈنی ایز برگ","مشائلہ",35,"312 320 321 322 323 324 325 326 328 331 332 334 335 336 337 338 339 382 383 384 386 388 397 398 399","312:312 320:320 321:320 321:321 322:321 322:322 325:322 325:323 325:324 325:325 326:325 326:326 331:326 331:331 333:331 333:336 334:336 335:336 336:336 337:336 337:337 339:337 339:338 339:339 381:383 383:383 384:383 384:384 388:384 388:388 397:397 398:397 398:398 399:398 399:399"
"راڈنی ایز برگ","مشاہد",55,"309 310 312 318 319 320 321 322 323 324 325 326 328 331 332 333 334 335 336 337 338 381 382 383 384 386 387 388 395 396 397 398 399 435 438 446 447 448 449","312:307 312:308 312:312 320:316 320:317 320:318 320:319 320:320 321:320 321:321 322:321 322:322 325:322 325:324 325:325 326:325 326:326 331:326 331:331 333:331 333:333 334:333 334:334 335:334 335:335 336:335 336:337 337:337 339:337 339:338 381:381 383:381 383:382 383:384 384:384 388:384 388:385 388:386 388:387 388:388 397:393 397:394 397:395 397:396 397:397 398:397 398:399 399:399 438:433 438:438 449:444 449:446 449:447 449:448 449:449"
"راڈنی ایز برگ","موسیقار آقا نواز",4,"314 318 319","312:316 320:316 320:317 320:318"
"راڈنی ایز برگ","نازنین بابر",3,"379 380","381:377 381:378 381:379"
"راڈنی ایز برگ","نمبردار اللہ دوایا",1,"438","438:438"
"راڈنی ایز برگ","نور الہدی",1,"341","339:343"
"راڈنی ایز برگ","نوراں",8,"309 310 381 382 390 395","312:307 312:308 312:309 381:381 383:381 388:393 397:393 397:394"
"راڈنی ایز برگ","چوہدری اللہ داد خان",9,"312 328 331 332 381 382 385 386 388","312:313 326:331 331:331 333:331 381:382 383:382 383:388 384:388 388:388"
"راڈنی ایز برگ","ڈاکٹر ارشد احمد",6,"400 401 435 436 437","398:403 399:403 438:433 438:434 438:435 438:436"
"راڈنی ایز برگ","کمال",7,"326 327 329 330 331 332","325:328 326:328 331:328 331:329 331:330 331:332 333:332"
"راڈنی ایز برگ","کمند علی خان",4,"337 338 339","335:340 336:340 337:340 339:340"
"رحمان گل","زاہد کالیا",6,"138 139 339 352 354 489","136:141 137:141 340:338 351:353 356:353 491:488"
"رحمان گل","ساحِب (انگلو انڈین)",22,"132 338 339 340 351 354 356 359 360 462 470 474 475 476 477 479 480 488","133:131 340:337 340:338 340:340 341:340 351:352 356:352 356:353 356:356 357:356 357:362 358:362 359:362 461:464 472:469 472:476 475:476 476:476 479:476 479:480 480:480 491:486"
"رحمان گل","ستار نقوی",19,"133 134 135 136 341 342 357 358 359 473 475","133:133 134:133 134:134 135:134 135:135 136:135 136:136 137:136 340:342 341:342 342:342 356:358 357:358 358:358 359:358 359:360 472:475 475:475 476:475"
"رحمان گل","سعادت حسن منٹو",1,"132","133:131"
"رحمان گل","شوبھا مردان",34,"131 132 134 135 136 137 341 342 348 349 350 357 358 359 461 470 472 473 476 478 479 481 488 489 491","133:129 133:130 133:132 133:135 134:135 135:135 136:135 136:136 137:136 137:137 340:342 341:342 342:342 351:346 351:347 351:350 356:359 357:359 358:359 359:359 461:461 472:468 472:469 472:472 475:472 475:477 476:477 479:477 479:479 480:479 480:482 491:486 491:487 491:491"
"رحمان گل","صباحت بیگم",24,"133 134 135 340 341 352 354 355 356 357 358 473 475 477 479 480","133:133 134:133 134:134 135:134 135:135 136:135 340:341 341:341 342:341 351:353 356:353 356:355 356:357 357:357 358:357 358:358 359:358 472:475 475:475 476:475 476:479 479:479 480:479 480:480"
"رحمان گل","ظہیر الدین بابر",11,"137 138 358 359 477 479","135:140 136:140 137:140 356:360 357:360 358:360 359:360 475:479 476:479 479:479 480:479"
"رحمان گل","عارفین بابر",9,"359 360 476 477 478 479 481","357:362 358:362 359:362 475:478 476:478 479:478 479:479 480:479 480:482"
"رحمان گل","فاطمہ",6,"337 458 459 460 491","340:335 461:456 461:457 461:458 461:459 491:492"
"رحمان گل","مردان",40,"131 132 134 135 136 137 339 342 343 348 349 350 358 359 460 461 470 471 472 473 474 475 476 477 478 479 480 488 489 491","133:129 133:130 133:132 133:136 134:136 135:136 136:136 137:136 137:137 340:339 340:345 341:345 342:345 351:346 351:348 351:349 351:350 356:360 357:360 358:360 359:360 461:460 461:461 472:468 472:469 472:470 472:472 475:472 475:474 475:476 476:476 479:476 479:477 479:478 479:479 480:479 480:480 491:486 491:487 491:491"
"رحمان گل","مرزا بیٹریاں",2,"480 481","479:482 480:482"
"رحمان گل","مسز حسین",6,"361 460 462 472 474","359:364 461:460 461:463 472:473 475:473 475:474"
"رحمان گل","مشائلہ",4,"338 339","340:336 340:337 340:338 340:339"
"رحمان گل","مشاہد",23,"132 136 137 138 337 338 339 458 459 460 470 471 472 474 478 480 490 491","133:131 134:139 135:139 136:139 137:139 340:335 340:337 340:338 461:456 461:457 461:458 461:459 461:460 472:469 472:470 472:473 475:473 475:474 476:481 479:481 480:481 491:490 491:492"
"رحمان گل","مشتاق واہ واہ",2,"133","133:133 134:133"
"رحمان گل","مولوی احتشام الدین",4,"351 354 462 470","351:352 356:352 461:463 472:468"
"رحمان گل","مہر النساء",1,"470","472:468"
"رحمان گل","نازنین بابر",6,"359 360 476 477 478","357:362 358:362 359:362 475:478 476:478 479:478"
"رحمان گل","نور الہدی",20,"133 134 135 136 341 342 352 355 356 473 475 478 479 480","133:134 134:134 135:134 135:135 136:135 136:136 137:136 340:343 341:343 342:343 351:354 356:354 356:356 357:356 472:475 475:475 476:475 476:480 479:480 480:480"
"رحمان گل","پروفیسر مشتاق",2,"133","133:133 134:133"
"رحمان گل","چوہدری اللہ داد خان",2,"350 463","351:350 461:465"
"رحمان گل","ڈاکٹر ارشد احمد",3,"489 490 492","491:488 491:489 491:493"
"رحمان گل","کمال",9,"360 361 474 475 476 477 481 482 488","358:363 359:363 472:476 475:476 476:476 479:476 479:484 480:484 491:486"
"رحمان گل","کمند علی خان",26,"133 134 135 340 341 342 352 354 355 356 357 358 473 475 476 477 479 480","133:134 134:134 135:134 135:135 136:135 340:340 341:340 341:342 342:342 351:353 356:353 356:354 356:355 356:356 357:356 357:357 358:357 358:358 359:358 472:475 475:475 476:475 476:476 479:476 479:480 480:480"
"رحمان گل","کیپٹن گل ریز",3,"359 360","357:362 358:362 359:362"
"روزی","زاہد کالیا",14,"167 168 169 170 171 172 190 191 192 193","170:165 170:166 170:167 170:168 170:169 170:170 172:170 172:171 172:173 191:189 191:190 191:191 193:191 193:193"
"روزی","ساحِب (انگلو انڈین)",8,"109 110 168 174 188 189 565","110:109 110:110 170:167 172:177 191:186 191:187 191:188 565:566"
"روزی","سعادت حسن منٹو",3,"109 110","110:108 110:109 110:110"
"روزی","سمیعہ",1,"109","110:108"
"روزی","شاہ صاحب (سات پھولوں والے)",1,"110","110:111"
"روزی","شوبھا مردان",4,"563 564 565","565:562 565:563 565:564 565:566"
"روزی","صفیہ",1,"109","110:109"
"روزی","ظہیر الدین بابر",1,"564","565:563"
"روزی","عارفین بابر",4,"563 564 565","565:562 565:563 565:564 565:566"
"روزی","عاشق علی",1,"566","565:568"
"روزی","فاطمہ",1,"562","565:560"
"روزی","مردان",11,"107 108 111 174 191 192 563 564 565","110:105 110:106 110:112 172:176 191:192 193:192 565:561 565:562 565:563 565:564 565:566"
"روزی","مشاہد",20,"108 109 110 168 169 170 171 172 190 191 192 193 562 563","110:106 110:107 110:108 110:110 170:167 170:168 170:169 170:170 172:170 172:171 172:172 191:189 191:190 191:191 193:191 193:192 193:193 565:560 565:561 565:562"
"روزی","ملک معراج",1,"110","110:110"
"روزی","نازنین بابر",1,"564","565:563"
"روزی","پیٹر",1,"108","110:107"
"روزی","چاچا محمد بخش",1,"112","110:115"
"روزی","چاچی رابیاں",1,"111","110:113"
"روزی","چراغ دین",1,"189","191:188"
"روزی","چوہدری اللہ داد خان",4,"107 108 110","110:105 110:106 110:107 110:111"
"روزی","ڈاکٹر ارشد احمد",9,"169 170 171 190 191 192 194","170:168 170:169 170:170 172:170 191:189 191:190 191:192 193:192 193:195"
"روزی","کمال",5,"109 169 188 189","110:108 170:168 191:186 191:187 191:188"
"روزی","کیپٹن خانزادہ",2,"564 566","565:564 565:568"
"روزی","کیپٹن گل ریز",2,"563 566","565:562 565:568"
"روندر/افتخار","ساحِب (انگلو انڈین)",4,"93 94 95","95:91 95:93 95:94 95:96"
"روندر/افتخار","سعادت حسن منٹو",4,"93 94 96","95:91 95:93 95:94 95:97"
"روندر/افتخار","سعید",1,"95","95:95"
"روندر/افتخار","سمیعہ",1,"94","95:94"
"روندر/افتخار","شاہ شہید",2,"94","95:93 95:94"
"روندر/افتخار","شاہ صاحب (سات پھولوں والے)",2,"94","95:93 95:94"
"روندر/افتخار","صادق",1,"95","95:95"
"روندر/افتخار","لاری صاحب",1,"94","95:93"
"روندر/افتخار","ماموں ہیرس",2,"93 94","95:91 95:93"
"روندر/افتخار","مردان",1,"96","95:98"
"روندر/افتخار","مرزا بیٹریاں",1,"94","95:94"
"روندر/افتخار","مشاہد",5,"92 93 94 96","95:90 95:92 95:93 95:94 95:97"
"روندر/افتخار","مشتاق واہ واہ",1,"95","95:95"
"روندر/افتخار","مظہر شاہ",1,"94","95:93"
"روندر/افتخار","ٹریور",1,"95","95:95"
"روندر/افتخار","پیٹر",1,"96","95:98"
"روندر/افتخار","چوہدری اللہ داد خان",3,"93 94 96","95:92 95:93 95:97"
"روندر/افتخار","کانی",1,"94","95:94"
"روندر/افتخار","کمال",1,"95","95:95"
"روندر/افتخار","کنیز",1,"95","95:95"
"روندر/افتخار","ہاتھی دانت",1,"94","95:93"
"روندر/افتخار","ہیری",2,"93 96","95:91 95:98"
"زاہد کالیا","ساحِب (انگلو انڈین)",126,"20 82 83 98 99 143 144 145 148 149 150 151 154 156 157 159 160 161 164 165 166 167 175 176 177 179 180 181 182 183 184 185 187 188 199 200 201 207 209 212 213 215 216 217 218 219 290 326 327 328 335 337 338 352 353 386 388 389 392 393 397 398 404 408 409 413 414 415 416 417 418 419 421 426 427 428 430 431 433 434 435 486 487 516 523 528 529 530 531 541 542 548","19:21 84:80 84:82 101:96 101:98 141:145 142:145 144:145 145:145 146:145 146:150 147:150 148:150 149:150 150:150 152:150 152:156 157:156 157:158 160:158 160:159 160:161 161:161 162:161 162:167 163:167 164:167 165:167 166:167 167:167 168:167 173:177 174:177 175:177 176:177 177:177 178:177 178:181 179:181 182:181 182:182 183:182 183:183 184:183 184:184 185:184 185:185 189:185 189:186 189:187 189:188 197:201 198:201 199:201 200:201 201:201 208:206 208:207 208:211 214:211 214:213 214:216 215:216 216:216 217:216 217:217 218:217 218:219 219:219 292:289 328:325 328:326 328:328 338:333 338:337 338:338 353:352 353:353 386:386 390:386 390:387 390:388 390:395 392:395 400:395 400:397 402:406 403:406 411:406 411:408 411:415 414:415 415:415 416:415 416:416 417:416 417:418 418:418 419:418 419:420 422:420 422:421 424:429 425:429 428:429 432:429 432:430 432:431 432:435 433:435 434:435 435:435 436:435 488:484 488:485 488:486 516:516 525:522 526:531 527:531 529:531 530:531 532:531 540:543 541:543 551:546"
"زاہد کالیا","ستار نقوی",6,"138 340 355 401 402","141:136 338:342 353:358 400:402 402:402 403:402"
"زاہد کالیا","سعادت حسن منٹو",12,"20 82 99 178 179 180 181 203 207 516 523","19:21 84:80 101:97 176:181 177:181 178:181 179:181 182:181 201:206 208:206 516:516 525:522"
"زاہد کالیا","سعید",7,"21 219 220 235 236 238","19:23 217:222 218:222 219:222 237:233 237:235 237:239"
"زاہد کالیا","سمیعہ",14,"20 82 83 202 203 206 207 208 221 330 335 516 523 549","19:21 84:80 84:83 200:205 201:205 208:205 208:206 208:208 219:224 328:333 338:333 516:516 525:522 551:548"
"زاہد کالیا","سور",8,"146 147 148 525","144:148 145:148 146:148 147:148 148:148 149:148 525:525 526:525"
"زاہد کالیا","شاہ شہید",3,"392 393 397","390:395 392:395 400:395"
"زاہد کالیا","شاہ صاحب (سات پھولوں والے)",3,"392 393 397","390:395 392:395 400:395"
"زاہد کالیا","شوبھا مردان",58,"138 139 140 148 149 150 151 152 155 340 351 400 401 402 403 408 409 410 418 419 420 421 423 424 435 436 437 485 486 487 489 518 522 532 533 537 538 539 551 553 559 560","141:136 141:137 141:138 141:139 141:140 146:151 147:151 148:151 149:151 150:151 152:151 152:153 157:153 157:154 338:342 353:350 400:401 402:401 402:402 403:402 403:404 411:406 411:407 411:408 411:409 411:410 416:421 417:421 418:421 419:421 422:421 422:424 423:424 424:424 425:424 433:438 434:438 435:438 436:438 437:438 488:483 488:484 488:485 488:486 488:487 488:491 516:520 525:520 530:535 532:535 540:535 540:536 540:537 540:538 551:551 555:551 557:562 558:562"
"زاہد کالیا","صباحت بیگم",3,"330 339 353","328:332 338:341 353:353"
"زاہد کالیا","صفیہ",3,"20 516 523","19:21 516:516 525:522"
"زاہد کالیا","ظہیر الدین بابر",32,"19 140 148 149 150 151 152 155 156 157 158 159 402 403 404 410 434 435 436 532 533 537 539 560","19:20 141:140 146:151 147:151 148:151 149:151 150:151 152:151 152:153 157:153 157:154 157:155 157:156 157:157 160:157 160:158 160:159 400:405 402:405 403:405 411:410 432:436 433:436 434:436 435:436 436:436 437:436 530:535 532:535 540:535 540:538 558:563"
"زاہد کالیا","عارفین بابر",21,"151 152 153 155 156 157 158 159 402 403 404 408 410 532 533 537 538 559 560","149:154 150:154 152:154 157:154 157:155 157:156 157:157 160:157 160:159 400:405 402:405 403:405 411:406 411:409 411:410 530:535 532:535 540:535 540:537 557:562 558:562"
"زاہد کالیا","فاطمہ",43,"269 336 434 435 436 437 490 501 502 505 514 517 522 523 524 527 528 529 530 531 533 537 539 540 541 548 549 550 551 553 557 558 559","267:271 338:335 432:437 433:437 434:437 435:437 436:437 437:437 488:492 503:500 503:501 503:508 516:512 516:518 525:520 525:521 525:522 525:523 525:529 526:529 527:529 529:529 530:529 530:531 532:531 532:535 540:535 540:539 540:540 541:540 541:541 551:546 551:547 551:548 551:549 551:550 551:551 555:551 555:552 555:560 556:560 557:560 558:560"
"زاہد کالیا","مالی شریف",6,"427 429 431 524 541 542","425:430 428:430 432:430 525:523 540:543 541:543"
"زاہد کالیا","مردان",119,"20 99 103 138 139 140 144 145 146 147 149 150 151 152 155 156 157 158 159 162 163 164 173 174 175 176 190 191 192 238 326 329 338 350 351 384 388 390 391 392 400 401 402 403 408 409 410 411 413 417 418 419 421 422 423 424 425 426 429 431 433 434 435 486 487 489 502 504 514 518 522 523 528 529 530 531 532 537 538 539 540 551 553 558 559","19:21 101:98 101:105 141:136 141:137 141:138 141:139 141:140 142:147 144:147 145:147 146:147 147:147 148:147 148:151 149:151 150:151 152:151 152:153 157:153 157:154 157:155 157:156 157:157 160:157 160:158 160:159 160:164 161:164 162:164 163:164 164:164 165:164 171:176 173:176 174:176 175:176 176:176 177:176 189:192 190:192 191:192 193:192 237:240 328:325 328:331 338:339 353:348 353:349 353:350 386:382 386:391 390:391 392:391 392:392 400:401 402:401 402:402 403:402 403:404 411:406 411:407 411:408 411:409 411:410 411:412 414:412 415:420 416:420 417:420 418:420 419:420 422:420 422:421 422:422 423:422 423:423 424:423 424:424 425:424 425:425 428:425 428:430 432:430 432:431 432:435 433:435 434:435 435:435 436:435 488:484 488:485 488:486 488:487 488:491 503:501 503:505 516:512 516:520 525:520 525:522 526:531 527:531 529:531 530:531 532:531 532:533 540:535 540:536 540:537 540:538 540:539 540:540 541:540 551:551 555:551 556:561 557:561 558:561"
"زاہد کالیا","مسز حسین",14,"410 411 413 417 418 419 421 429 431 432","411:410 411:412 414:412 415:420 416:420 417:420 418:420 419:420 422:420 422:421 428:431 432:431 432:432 433:432"
"زاہد کالیا","مشائلہ",19,"325 326 327 329 337 338 384 385 387 389 394 398 399 427 429 431","328:323 328:324 328:325 328:326 328:331 338:336 338:337 338:338 386:383 386:384 386:388 390:388 392:397 400:397 400:398 400:399 425:430 428:430 432:430"
"زاہد کالیا","مشاہد",232,"1 2 3 4 16 17 18 19 81 82 83 84 99 100 102 140 141 142 143 144 145 146 147 148 149 151 152 154 158 160 161 163 164 166 167 168 169 170 171 172 173 174 175 176 177 178 179 180 186 187 189 190 191 192 193 194 195 196 197 198 199 200 201 206 207 208 211 212 213 214 217 218 219 234 235 236 237 265 266 267 290 291 292 326 327 329 335 336 337 338 383 384 385 386 388 389 390 391 392 397 398 399 400 401 402 403 408 409 411 412 416 417 418 419 420 423 424 425 426 427 428 430 431 432 433 436 437 489 500 501 502 503 515 516 522 523 524 525 526 527 528 529 530 531 532 537 538 539 540 541 548 549 550 551 553 554 555 556 557 558","1:1 2:1 2:2 4:2 4:3 4:4 19:14 19:16 19:18 19:19 84:79 84:80 84:81 84:83 84:84 101:97 101:98 101:99 101:104 141:139 141:141 142:141 142:142 144:142 144:143 144:144 145:144 145:146 146:146 147:146 147:147 148:147 148:149 149:149 150:149 150:152 152:152 157:152 157:160 160:160 161:160 161:161 162:161 162:164 163:164 164:164 165:164 165:167 166:167 167:167 168:167 168:168 169:168 169:169 170:169 170:170 171:170 171:171 173:171 173:172 173:173 174:173 174:174 175:174 175:176 176:176 177:176 177:177 178:177 178:178 179:178 179:179 182:179 184:189 185:189 189:189 190:189 190:190 191:190 191:191 193:191 193:192 193:193 194:193 194:195 195:195 197:195 197:196 197:197 198:197 198:198 199:198 199:199 200:199 200:200 201:200 201:202 208:205 208:206 208:207 208:208 214:209 214:210 214:212 214:214 215:214 215:219 216:219 217:219 218:219 219:219 237:232 237:233 237:236 237:237 267:263 267:264 267:266 267:267 292:289 292:291 292:292 328:324 328:325 328:326 328:331 338:333 338:334 338:335 338:337 338:338 386:381 386:382 386:384 386:385 386:386 390:386 390:387 390:388 390:391 392:391 392:393 400:395 400:396 400:397 400:399 400:401 402:401 402:402 403:402 403:403 411:406 411:407 411:408 411:411 414:411 414:418 415:418 416:418 417:418 418:418 419:418 419:419 422:419 422:424 423:424 424:424 425:424 425:425 428:425 428:427 428:428 432:428 432:429 432:430 432:431 432:433 433:433 434:433 434:438 435:438 436:438 437:438 488:490 503:498 503:499 503:500 503:501 503:502 503:504 516:515 516:516 525:520 525:521 525:522 525:523 525:525 526:525 526:526 527:526 527:527 529:527 529:529 530:529 530:531 532:531 532:532 540:535 540:536 540:537 540:538 540:539 540:540 541:540 541:541 551:546 551:547 551:548 551:549 551:550 551:551 555:551 555:552 555:553 555:554 555:555 556:555 556:556 557:556 557:557 558:557 558:558"
"زاہد کالیا","مولوی احتشام الدین",1,"352","353:352"
"زاہد کالیا","نازنین بابر",17,"150 151 152 155 156 157 158 159 402 403 404 408 410 560","148:153 149:153 150:153 152:153 157:153 157:154 157:156 157:157 160:157 160:159 400:405 402:405 403:405 411:406 411:409 411:410 558:563"
"زاہد کالیا","نمبردار اللہ دوایا",27,"405 409 413 414 415 416 417 418 419 420 421 422 423 424 425 426 435 436 437","403:408 411:408 411:415 414:415 415:415 416:415 416:416 417:416 417:417 418:417 418:419 419:419 422:419 422:421 422:422 423:422 423:423 424:423 424:424 425:424 425:425 428:425 433:438 434:438 435:438 436:438 437:438"
"زاہد کالیا","نور الہدی",3,"138 340 353","141:136 338:343 353:354"
"زاہد کالیا","نوراں",7,"383 391 392 543 548 549","386:381 390:393 392:393 541:546 551:546 551:547 551:548"
"زاہد کالیا","پال",4,"1 238 503","1:1 2:1 237:240 503:503"
"زاہد کالیا","پیٹر",4,"82 99 208 211","84:81 101:98 208:209 214:209"
"زاہد کالیا","چاچی مہراں",1,"101","101:101"
"زاہد کالیا","چراغ دین",7,"101 185 186 188 209 212","101:101 183:188 184:188 185:188 189:188 208:211 214:211"
"زاہد کالیا","چوہدری اللہ داد خان",30,"82 85 99 100 102 203 207 208 211 264 329 351 384 387 389 404 405 409 416 417 418 419 420 421 523 534 538","84:80 84:86 101:97 101:100 101:104 201:206 208:206 208:207 208:209 214:209 267:262 328:331 353:350 386:382 386:388 390:388 402:407 403:407 411:407 414:419 415:419 416:419 417:419 418:419 419:419 422:419 422:420 525:522 532:536 540:536"
"زاہد کالیا","ڈاکٹر ارشد احمد",102,"1 2 3 19 143 144 145 146 147 148 149 150 151 159 160 161 165 166 167 168 169 170 175 176 177 178 179 180 182 183 186 187 189 190 191 192 194 195 196 198 199 200 214 215 217 218 219 292 401 402 403 421 423 424 425 426 430 432 433 434 435 436 488 524 525 529 530 531 532","1:1 2:1 2:2 4:2 4:3 19:19 141:145 142:145 144:145 145:145 146:145 146:147 147:147 148:147 148:149 149:149 150:149 150:150 152:150 157:161 160:161 161:161 162:161 163:168 164:168 165:168 166:168 167:168 168:168 169:168 169:169 170:169 170:170 171:170 173:178 174:178 175:178 176:178 177:178 178:178 179:178 179:179 182:179 182:183 183:183 184:183 184:189 185:189 189:189 190:189 190:190 191:190 191:192 193:192 193:195 194:195 195:195 197:195 197:200 198:200 199:200 200:200 201:200 214:214 215:214 215:215 216:215 216:218 217:218 218:218 219:218 219:219 292:292 400:403 402:403 403:403 419:424 422:424 423:424 424:424 425:424 425:425 428:425 428:432 432:432 433:432 433:433 434:433 434:434 435:434 435:435 436:435 436:436 437:436 488:488 525:523 525:525 526:525 527:532 529:532 530:532 532:532"
"زاہد کالیا","کانی",1,"84","84:84"
"زاہد کالیا","کمال",62,"81 82 99 100 148 149 150 151 165 166 167 168 178 179 180 181 182 183 184 185 187 188 199 200 201 209 212 213 214 215 216 217 218 219 234 328 486 487 516 527 528 529 530 531","84:79 84:81 101:97 101:99 146:151 147:151 148:151 149:151 150:151 152:151 163:168 164:168 165:168 166:168 167:168 168:168 169:168 176:181 177:181 178:181 179:181 182:181 182:182 183:182 183:183 184:183 184:184 185:184 185:185 189:185 189:186 189:187 189:188 197:201 198:201 199:201 200:201 201:201 208:211 214:211 214:213 214:214 215:214 215:216 216:216 217:216 217:217 218:217 218:219 219:219 237:232 328:328 488:484 488:485 488:486 516:517 525:530 526:530 527:530 529:530 530:530 532:530"
"زاہد کالیا","کمند علی خان",2,"339 353","338:340 353:353"
"زاہد کالیا","کیپٹن گل ریز",4,"154 156 559 560","152:156 157:156 557:562 558:562"
"زاہد کالیا","ہیری",2,"99 239","101:98 237:242"
"ساحِب (انگلو انڈین)","ستار نقوی",14,"132 339 340 341 355 357 360 361 372 373 374 399 404 475","131:133 337:342 338:342 340:342 353:358 356:358 362:358 362:360 370:374 373:374 374:374 397:402 406:402 476:475"
"ساحِب (انگلو انڈین)","سعادت حسن منٹو",56,"21 61 62 63 64 65 66 67 68 69 70 71 72 73 74 75 78 80 81 91 92 93 94 95 96 97 108 109 110 111 112 113 120 121 131 179 181 203 204 206 516 522","21:21 22:21 61:61 62:61 62:62 63:62 63:64 64:64 65:64 65:65 66:65 66:66 68:66 68:69 69:69 70:69 70:70 71:70 71:72 72:72 73:72 73:73 74:73 74:74 76:74 76:80 80:80 82:80 91:91 93:91 93:93 94:93 94:94 96:94 96:97 98:97 109:108 109:109 110:109 110:110 111:110 111:112 112:112 114:112 120:120 122:120 131:131 177:181 181:181 182:181 201:206 202:206 206:206 207:206 516:516 522:522"
"ساحِب (انگلو انڈین)","سعید",10,"22 24 93 94 95 219 220 301","21:23 22:23 26:23 91:95 93:95 94:95 96:95 217:222 219:222 302:301"
"ساحِب (انگلو انڈین)","سمیعہ",47,"21 63 64 65 66 67 68 69 70 71 72 78 80 81 82 92 93 94 95 108 203 205 206 207 209 221 330 331 332 333 335 516 519 522 545 547","21:21 22:21 61:66 62:66 63:66 64:66 65:66 66:66 68:66 68:67 68:68 69:68 69:70 70:70 71:70 71:72 72:72 73:72 76:80 80:80 82:80 82:83 91:94 93:94 94:94 96:94 109:108 201:205 202:205 206:205 206:206 207:206 207:208 211:208 219:224 328:333 329:333 330:333 331:333 332:333 333:333 337:333 516:516 522:517 522:522 543:548 546:548"
"ساحِب (انگلو انڈین)","سور",9,"11 12 122 123 146 149 247 523","11:11 13:11 120:125 122:125 145:148 150:148 246:248 247:248 522:525"
"ساحِب (انگلو انڈین)","شاہ شہید",13,"73 74 75 76 78 92 93 94 95 395 396","71:76 72:76 73:76 74:76 76:76 80:76 91:93 93:93 94:93 94:94 96:94 395:395 397:395"
"ساحِب (انگلو انڈین)","شاہ صاحب (سات پھولوں والے)",18,"73 74 75 76 78 92 93 94 95 110 111 311 395 396","71:76 72:76 73:76 74:76 76:76 80:76 91:93 93:93 94:93 94:94 96:94 109:111 110:111 111:111 112:111 313:309 395:395 397:395"
"ساحِب (انگلو انڈین)","شوبھا مردان",75,"45 59 60 120 121 122 128 129 130 131 142 150 153 154 155 339 340 341 349 351 357 360 361 369 370 372 373 374 399 403 404 405 406 407 408 412 418 419 420 421 426 436 462 463 466 468 469 474 476 478 479 481 482 483 484 485 486 518 521 533 540 548 564 565 566 579 580","46:44 61:58 61:59 120:121 122:121 122:122 131:126 131:127 131:129 131:130 131:132 145:140 150:151 156:151 156:153 156:154 337:342 338:342 340:342 352:347 352:350 356:359 362:359 362:360 370:368 370:371 373:371 373:373 374:373 374:374 397:401 406:401 406:402 406:404 406:405 406:406 408:406 408:407 408:408 415:410 416:421 418:421 420:421 421:421 429:424 435:438 464:461 464:462 464:468 469:468 469:469 476:472 476:477 480:477 480:479 480:482 482:482 484:482 484:483 484:484 485:484 485:485 486:485 486:486 516:520 522:520 531:535 543:538 546:551 566:562 566:563 566:564 566:566 578:581 579:581"
"ساحِب (انگلو انڈین)","صادق",6,"93 94 95 317 318","91:95 93:95 94:95 96:95 315:319 317:319"
"ساحِب (انگلو انڈین)","صباحت بیگم",22,"132 330 331 332 339 340 352 353 354 355 356 359 360 475 477 479 480 481","131:133 328:332 329:332 330:332 331:332 332:332 333:332 337:341 338:341 340:341 352:353 353:353 356:353 356:355 356:357 362:357 362:358 476:475 476:479 480:479 480:480 482:480"
"ساحِب (انگلو انڈین)","صفیہ",23,"21 61 62 64 65 66 67 70 71 72 73 74 75 109 516 522","21:21 22:21 61:62 62:62 63:62 63:66 64:66 65:66 66:66 68:66 68:73 69:73 70:73 71:73 72:73 73:73 74:73 74:74 76:74 109:109 110:109 516:516 522:522"
"ساحِب (انگلو انڈین)","ظہیر الدین بابر",35,"20 142 150 153 154 155 156 157 158 159 160 358 361 362 367 368 369 375 405 408 409 412 433 435 477 479 533 540 564","21:20 145:140 150:151 156:151 156:153 156:154 156:155 156:156 158:156 158:157 158:158 159:158 159:159 161:159 356:360 362:360 362:361 362:362 370:365 370:366 370:367 370:368 373:377 374:377 406:405 406:410 408:410 415:410 431:436 435:436 476:479 480:479 531:535 543:538 566:563"
"ساحِب (انگلو انڈین)","عارفین بابر",34,"124 129 152 155 156 157 158 159 160 362 368 369 370 372 374 375 405 406 407 408 412 477 479 481 482 483 533 564 565 566","122:127 131:127 150:154 156:154 156:155 156:156 158:156 158:157 158:159 159:159 161:159 362:362 370:367 370:368 370:371 373:371 373:376 374:376 406:405 406:406 408:406 408:409 415:410 476:478 480:478 480:479 480:482 482:482 484:482 531:535 566:562 566:563 566:564 566:566"
"ساحِب (انگلو انڈین)","عاشق علی",3,"567 570 571","566:568 573:568 573:569"
"ساحِب (انگلو انڈین)","غفور",1,"302","302:302"
"ساحِب (انگلو انڈین)","فاطمہ",37,"245 246 247 300 332 333 334 336 436 461 514 517 520 521 522 530 531 541 542 543 544 545 546 568 572 573 575 576 577","246:244 246:247 247:247 302:299 330:335 331:335 332:335 333:335 337:335 435:437 464:459 516:512 516:518 522:518 522:519 522:520 522:521 522:522 531:529 531:531 543:539 543:540 543:541 543:542 543:543 546:543 546:544 546:545 546:546 566:571 573:571 573:573 578:573 578:574 578:575 578:576 578:577"
"ساحِب (انگلو انڈین)","لاری صاحب",9,"68 69 70 71 92 93","66:71 68:71 69:71 70:71 71:71 72:71 91:93 93:93 94:93"
"ساحِب (انگلو انڈین)","مالی شریف",9,"429 430 522 543 544 545 575 577","429:430 430:430 431:430 522:523 543:543 546:543 546:544 573:577 578:577"
"ساحِب (انگلو انڈین)","ماموں ہیرس",4,"91 92 93","91:91 93:91 93:93 94:93"
"ساحِب (انگلو انڈین)","محمد غنی چیمہ",5,"74 75 76 78","72:77 73:77 74:77 76:77 80:77"
"ساحِب (انگلو انڈین)","مردان",188,"21 22 24 25 26 43 44 45 46 50 51 53 58 59 60 63 64 65 66 67 69 70 72 73 95 96 97 98 107 110 111 112 113 114 117 118 120 121 122 128 129 130 131 142 146 148 150 153 154 155 156 157 158 159 160 162 165 176 189 190 287 319 323 325 328 329 330 331 338 339 342 350 351 358 361 362 367 368 369 370 372 373 374 384 388 389 393 399 403 404 405 406 407 408 412 413 417 418 419 420 421 426 427 429 430 431 433 435 462 463 464 466 467 468 469 474 475 476 478 479 480 481 483 484 485 486 514 518 521 522 531 540 541 548 563 564 565 566 570 571 572 579","21:21 22:21 22:22 26:22 26:23 26:24 26:25 26:26 46:41 46:42 46:43 46:44 46:45 46:46 52:48 52:50 52:54 61:56 61:57 61:58 61:59 61:66 62:66 63:66 64:66 65:66 66:66 68:66 68:70 69:70 70:70 71:70 71:73 72:73 73:73 74:73 93:98 94:98 96:98 98:98 109:105 109:106 109:112 110:112 111:112 112:112 114:112 114:113 114:115 120:115 120:116 120:117 120:120 122:120 122:121 122:122 131:126 131:127 131:129 131:130 131:132 145:140 145:147 150:147 150:151 156:151 156:153 156:154 156:155 156:156 158:156 158:157 158:158 159:158 159:159 161:159 161:164 167:164 177:176 187:192 188:192 289:286 317:321 325:321 325:325 326:325 326:331 328:331 329:331 330:331 331:331 332:331 337:339 338:339 340:339 340:345 352:348 352:349 352:350 356:360 362:360 362:361 362:363 370:365 370:366 370:367 370:368 370:371 373:371 373:373 374:373 374:374 386:382 386:391 387:391 388:391 395:391 395:392 397:401 406:401 406:402 406:404 406:405 406:406 408:406 408:407 408:408 415:410 415:412 415:420 416:420 418:420 420:420 421:420 421:421 429:424 429:425 429:430 430:430 431:430 431:431 435:431 435:435 464:460 464:461 464:462 464:463 464:464 469:464 469:465 469:466 469:468 469:469 476:472 476:474 476:476 480:476 480:477 480:478 480:479 480:480 482:480 482:484 484:484 485:484 485:485 486:485 486:486 516:512 516:520 522:520 522:522 531:531 543:538 543:539 543:540 546:551 566:561 566:562 566:563 566:564 566:566 573:568 573:569 573:570 573:572 578:580 579:580"
"ساحِب (انگلو انڈین)","مرزا بیٹریاں",11,"75 76 77 79 92 93 94 95 481 482 483","73:78 74:78 76:78 80:78 91:94 93:94 94:94 96:94 480:482 482:482 484:482"
"ساحِب (انگلو انڈین)","مسز حسین",25,"363 367 368 369 408 409 412 413 417 418 419 420 421 430 431 433 462 463 471 474 475","362:364 370:365 370:366 370:367 370:368 406:410 408:410 415:410 415:412 415:420 416:420 418:420 420:420 421:420 421:421 429:431 430:431 431:431 435:431 435:432 464:460 464:463 469:473 476:473 476:474"
"ساحِب (انگلو انڈین)","مشائلہ",35,"312 317 318 322 323 324 325 326 327 329 330 331 334 336 337 338 339 384 385 387 388 396 397 429 430","313:312 315:320 317:320 325:320 325:321 325:322 325:323 325:324 325:325 326:325 326:326 328:326 328:331 329:331 330:331 331:331 332:331 332:336 333:336 337:336 337:337 338:337 338:338 340:338 340:339 386:383 386:384 386:388 387:388 388:388 395:397 397:397 429:430 430:430 431:430"
"ساحِب (انگلو انڈین)","مشاہد",287,"9 10 12 13 18 19 20 21 22 24 25 26 43 44 46 49 50 51 52 58 59 60 61 62 63 64 65 66 67 68 69 70 71 72 73 74 75 76 78 79 80 81 82 88 89 90 91 92 93 94 95 96 97 98 106 107 108 109 110 111 112 113 114 117 118 119 120 121 122 131 143 144 145 148 149 151 154 158 159 160 161 165 167 174 175 176 177 179 180 186 187 188 198 199 200 201 202 204 205 206 207 209 210 211 212 213 215 217 218 219 243 244 245 246 247 286 287 289 300 301 302 310 312 313 314 315 316 317 322 323 324 325 326 327 329 330 331 332 333 335 336 337 338 339 370 371 383 384 385 386 387 388 393 394 395 396 397 403 404 405 406 407 408 413 416 417 418 419 422 426 427 428 429 430 431 433 434 436 461 462 466 469 474 475 478 480 481 487 488 515 516 519 520 521 522 528 529 530 531 540 541 542 543 544 545 546 563 564 568 572 573 575 576 577 578 579","11:8 11:9 11:10 11:14 13:14 21:16 21:18 21:19 21:20 21:21 22:21 22:22 26:22 26:23 26:24 26:25 26:26 46:41 46:42 46:46 52:47 52:48 52:49 52:50 52:51 52:52 61:56 61:57 61:58 61:60 61:61 62:61 62:62 63:62 63:63 64:63 64:64 65:64 65:66 66:66 68:66 68:67 68:68 69:68 69:69 70:69 70:70 71:70 71:71 72:71 72:72 73:72 73:73 74:73 74:74 76:74 76:76 80:76 80:77 80:78 80:79 80:80 82:80 82:81 82:83 91:86 91:88 91:90 91:92 93:92 93:93 94:93 94:94 96:94 96:97 98:97 98:98 109:104 109:106 109:107 109:108 109:110 110:110 111:110 111:112 112:112 114:112 114:113 114:115 120:115 120:116 120:117 120:118 120:119 120:120 122:120 122:121 122:122 131:131 145:141 145:142 145:143 145:144 145:146 150:146 150:147 150:149 150:152 156:152 156:160 158:160 159:160 161:160 161:161 167:164 167:167 177:172 177:173 177:174 177:176 177:177 181:177 181:178 181:179 184:189 185:189 186:189 187:189 188:189 201:196 201:197 201:198 201:199 201:200 201:202 202:202 206:202 206:205 206:206 207:206 207:207 211:207 211:208 211:209 211:210 211:212 213:212 213:214 216:214 216:219 217:219 219:219 246:241 246:243 246:244 246:245 246:246 247:246 247:247 289:284 289:286 289:289 302:298 302:299 302:300 302:302 313:308 313:312 313:313 315:313 315:314 315:316 317:316 317:317 325:320 325:321 325:322 325:324 325:325 326:325 326:326 328:326 328:331 329:331 330:331 331:331 332:331 332:333 333:333 337:333 337:334 337:335 337:337 338:337 338:338 340:338 370:370 373:370 386:381 386:382 386:384 386:385 386:386 387:386 387:387 388:387 388:388 395:391 395:393 395:394 395:395 397:395 397:396 397:397 406:401 406:402 406:403 406:404 406:406 408:406 408:407 408:408 415:411 415:418 416:418 418:418 420:418 420:419 420:424 421:424 429:424 429:425 429:427 429:428 429:429 430:429 430:430 431:430 431:431 435:431 435:433 435:438 464:459 464:460 464:469 469:469 476:473 476:474 476:481 480:481 482:481 485:490 486:490 516:515 516:516 522:517 522:519 522:520 522:521 522:522 531:526 531:527 531:529 531:531 543:538 543:539 543:540 543:541 543:542 543:543 546:543 546:544 546:545 546:546 566:561 566:562 566:571 573:571 573:573 578:573 578:574 578:575 578:576 578:577 578:578 579:578 579:579"
"ساحِب (انگلو انڈین)","مشتاق واہ واہ",5,"93 94 95 132","91:95 93:95 94:95 96:95 131:133"
"ساحِب (انگلو انڈین)","مظہر شاہ",3,"92 93","91:93 93:93 94:93"
"ساحِب (انگلو انڈین)","ملک معراج",3,"109 110","109:110 110:110 111:110"
"ساحِب (انگلو انڈین)","موسیقار آقا نواز",4,"314 315 316 317","313:316 315:316 317:316 317:317"
"ساحِب (انگلو انڈین)","مولوی احتشام الدین",6,"352 463 464 466 468","352:352 353:352 464:463 464:464 469:464 469:468"
"ساحِب (انگلو انڈین)","مہر النساء",2,"466 468","464:468 469:468"
"ساحِب (انگلو انڈین)","نازنین بابر",25,"124 129 151 154 155 156 157 158 159 160 362 369 370 372 375 405 406 407 408 412 477 479 564","122:127 131:127 150:153 156:153 156:154 156:156 158:156 158:157 158:159 159:159 161:159 362:362 370:368 370:371 373:371 373:377 374:377 406:405 406:406 408:406 408:409 415:410 476:478 480:478 566:563"
"ساحِب (انگلو انڈین)","نمبردار اللہ دوایا",14,"407 408 415 416 417 418 419 420 421 426 427 436","406:408 408:408 415:415 416:415 416:416 418:416 418:417 418:419 420:419 420:421 421:421 429:424 429:425 435:438"
"ساحِب (انگلو انڈین)","نور الہدی",11,"132 340 341 353 355 356 475 478 480 481","131:134 338:343 340:343 352:354 353:354 356:354 356:356 476:475 476:480 480:480 482:480"
"ساحِب (انگلو انڈین)","نوراں",10,"303 310 311 369 383 390 394 544 546","302:305 313:308 313:309 370:369 386:381 388:393 395:393 395:394 543:546 546:546"
"ساحِب (انگلو انڈین)","ٹریور",4,"93 94 95","91:95 93:95 94:95 96:95"
"ساحِب (انگلو انڈین)","پال",10,"47 50 52 60 68 69 70 71","46:49 52:49 52:52 61:60 66:71 68:71 69:71 70:71 71:71 72:71"
"ساحِب (انگلو انڈین)","پروفیسر مشتاق",1,"132","131:133"
"ساحِب (انگلو انڈین)","پیٹر",21,"47 50 52 60 68 69 70 71 78 80 81 95 96 97 98 108 207 208 210","46:49 52:49 52:52 61:60 66:71 68:71 69:71 70:71 71:71 72:71 76:81 80:81 82:81 93:98 94:98 96:98 98:98 109:107 206:209 207:209 211:209"
"ساحِب (انگلو انڈین)","چاچا محمد بخش",9,"47 50 112 113 114 117 118","46:48 52:48 110:115 111:115 112:115 114:115 120:115 120:116 120:117"
"ساحِب (انگلو انڈین)","چاچی رابیاں",5,"111 112 113","109:113 110:113 111:113 112:113 114:113"
"ساحِب (انگلو انڈین)","چاچی مہراں",2,"98 99","96:101 98:101"
"ساحِب (انگلو انڈین)","چراغ دین",12,"98 99 185 186 187 188 208 209 211 212","96:101 98:101 183:188 184:188 185:188 186:188 187:188 188:188 206:211 207:211 211:211 213:211"
"ساحِب (انگلو انڈین)","چوہدری اللہ داد خان",75,"47 50 52 60 62 63 64 78 80 81 84 88 89 91 92 93 95 96 97 99 106 107 108 110 111 112 113 114 118 119 122 123 203 204 206 207 209 210 287 313 314 328 329 330 331 351 384 387 388 406 407 417 418 419 420 464 467 522 533 572","46:48 52:48 52:53 61:59 61:64 62:64 63:64 64:64 65:64 76:80 80:80 82:80 82:86 91:86 91:87 91:88 91:92 93:92 93:93 94:93 94:97 96:97 98:97 98:100 109:104 109:105 109:106 109:107 109:111 110:111 111:111 112:111 112:113 114:113 114:114 120:116 120:117 120:118 120:119 120:124 122:124 201:206 202:206 206:206 207:206 207:207 211:207 211:209 289:286 313:313 315:313 326:331 328:331 329:331 330:331 331:331 332:331 352:350 386:382 386:388 387:388 388:388 406:407 408:407 415:419 416:419 418:419 420:419 420:420 421:420 464:465 469:465 522:522 531:536 573:572"
"ساحِب (انگلو انڈین)","ڈاکٹر ارشد احمد",53,"20 121 122 145 147 148 149 150 158 159 160 161 167 177 179 180 182 183 186 187 188 200 212 213 215 217 218 219 290 404 405 422 426 427 430 431 433 434 435 486 487 522 531","21:19 120:122 122:122 145:145 150:145 150:147 150:149 150:150 156:161 158:161 159:161 161:161 167:168 177:178 181:178 181:179 181:183 182:183 183:183 184:183 184:189 185:189 186:189 187:189 188:189 201:200 211:214 213:214 216:214 216:215 216:218 217:218 219:218 219:219 289:292 406:403 406:404 420:424 421:424 429:424 429:425 429:432 430:432 431:432 435:432 435:433 435:434 435:435 484:488 485:488 486:488 522:523 531:532"
"ساحِب (انگلو انڈین)","کانی",6,"82 83 92 93 94 95","80:84 82:84 91:94 93:94 94:94 96:94"
"ساحِب (انگلو انڈین)","کمال",88,"23 25 48 51 61 62 63 64 75 76 77 79 80 81 93 94 95 96 97 98 108 150 153 167 179 181 182 183 184 185 186 187 188 201 202 204 208 209 211 212 213 214 215 216 217 218 219 302 326 327 328 329 330 331 332 362 476 478 482 483 484 485 486 516 519 530","21:25 22:25 26:25 46:50 52:50 61:61 62:61 62:62 63:62 63:63 64:63 64:64 65:64 73:78 74:78 76:78 80:78 80:79 80:81 82:81 91:95 93:95 94:95 96:95 96:97 98:97 98:99 109:108 150:151 156:151 167:168 177:181 181:181 182:181 182:182 183:182 183:183 184:183 184:184 185:184 185:185 186:185 186:186 187:186 187:187 188:187 188:188 201:201 202:201 202:202 206:202 206:211 207:211 211:211 213:211 213:213 216:213 216:214 216:216 217:216 217:217 219:217 219:219 302:303 325:328 326:328 328:328 329:328 329:329 330:329 330:330 331:330 331:332 332:332 333:332 362:363 476:476 480:476 480:484 482:484 484:484 485:484 485:485 486:485 486:486 516:517 522:517 531:530"
"ساحِب (انگلو انڈین)","کمند علی خان",17,"132 338 339 340 352 353 354 355 356 359 360 475 476 478 480 481","131:134 337:340 338:340 340:340 352:353 353:353 356:353 356:354 356:355 356:356 362:357 362:358 476:475 476:476 480:476 480:480 482:480"
"ساحِب (انگلو انڈین)","کنیز",5,"93 94 95 303","91:95 93:95 94:95 96:95 302:304"
"ساحِب (انگلو انڈین)","کیپٹن خانزادہ",5,"565 567 570 571","566:564 566:568 573:568 573:569 573:570"
"ساحِب (انگلو انڈین)","کیپٹن گل ریز",8,"156 157 362 564 567 570 571","156:156 158:156 362:362 566:562 566:568 573:568 573:569 573:570"
"ساحِب (انگلو انڈین)","ہاتھی دانت",13,"62 63 68 69 70 71 92 93","61:63 62:63 63:63 64:63 66:71 68:71 69:71 70:71 71:71 72:71 91:93 93:93 94:93"
"ساحِب (انگلو انڈین)","ہیری",7,"91 92 95 96 97 98 244","91:91 93:91 93:98 94:98 96:98 98:98 246:242"
"ستار نقوی","سعادت حسن منٹو",1,"132","133:131"
"ستار نقوی","شوبھا مردان",26,"131 132 134 135 136 342 343 344 358 359 360 372 373 374 375 376 377 401 402 473 476","133:129 133:130 133:132 133:135 134:135 135:135 136:135 136:136 342:342 344:342 344:343 344:344 358:359 360:359 360:360 374:371 374:373 374:374 377:374 377:375 377:376 377:377 402:401 402:402 475:472 475:477"
"ستار نقوی","صباحت بیگم",13,"133 134 135 341 355 356 357 358 359 475","133:133 134:133 134:134 135:134 135:135 136:135 342:341 358:353 358:355 358:357 358:358 360:358 475:475"
"ستار نقوی","ظہیر الدین بابر",8,"137 138 359 360 375 377 403 477","135:140 136:140 358:360 360:360 374:377 377:377 402:405 475:479"
"ستار نقوی","عارفین بابر",8,"360 361 372 375 376 377 403 476","358:362 360:362 374:371 374:376 377:376 377:377 402:405 475:478"
"ستار نقوی","مردان",25,"131 132 134 135 136 340 343 344 359 360 372 373 374 375 376 377 401 402 472 473 474 475","133:129 133:130 133:132 133:136 134:136 135:136 136:136 342:339 342:345 344:345 358:360 360:360 374:371 374:373 374:374 377:374 377:375 377:376 377:377 402:401 402:402 475:470 475:472 475:474 475:476"
"ستار نقوی","مسز حسین",3,"362 474","360:364 475:473 475:474"
"ستار نقوی","مشائلہ",6,"339 340 399 400","342:337 342:338 342:339 402:397 402:398 402:399"
"ستار نقوی","مشاہد",15,"132 136 137 339 340 372 379 399 400 401 402 472 474","133:131 134:139 135:139 136:139 342:337 342:338 374:370 377:381 402:397 402:399 402:401 402:402 475:470 475:473 475:474"
"ستار نقوی","مشتاق واہ واہ",2,"133","133:133 134:133"
"ستار نقوی","نازنین بابر",7,"360 361 372 375 377 403 476","358:362 360:362 374:371 374:377 377:377 402:405 475:478"
"ستار نقوی","نور الہدی",11,"133 134 135 136 342 343 356 357 475","133:134 134:134 135:134 135:135 136:135 136:136 342:343 344:343 358:354 358:356 475:475"
"ستار نقوی","نوراں",2,"371 379","374:369 377:381"
"ستار نقوی","پروفیسر مشتاق",2,"133","133:133 134:133"
"ستار نقوی","چوہدری اللہ داد خان",2,"379 404","377:382 402:407"
"ستار نقوی","ڈاکٹر ارشد احمد",1,"402","402:403"
"ستار نقوی","کمال",3,"360 361 475","358:363 360:363 475:476"
"ستار نقوی","کمند علی خان",17,"133 134 135 341 342 343 355 356 357 358 359 475","133:134 134:134 135:134 135:135 136:135 342:340 342:342 344:342 344:343 358:353 358:354 358:355 358:356 358:357 358:358 360:358 475:475"
"ستار نقوی","کیپٹن گل ریز",2,"360 361","358:362 360:362"
"سعادت حسن منٹو","سعید",5,"22 93 94 96","21:23 91:95 93:95 94:95 97:95"
"سعادت حسن منٹو","سمیعہ",26,"21 63 64 65 66 67 68 69 70 71 72 80 92 93 94 95 108 205 206 516 519 522","21:21 61:66 62:66 64:66 65:66 66:66 69:66 69:67 69:68 69:70 70:70 72:70 72:72 73:72 80:80 91:94 93:94 94:94 97:94 108:108 109:108 206:205 206:206 516:516 522:517 522:522"
"سعادت حسن منٹو","سور",2,"122 523","120:125 522:525"
"سعادت حسن منٹو","شاہ شہید",9,"74 75 78 92 93 94 95","72:76 73:76 74:76 80:76 91:93 93:93 94:93 94:94 97:94"
"سعادت حسن منٹو","شاہ صاحب (سات پھولوں والے)",13,"74 75 78 92 93 94 95 109 110 111","72:76 73:76 74:76 80:76 91:93 93:93 94:93 94:94 97:94 108:111 109:111 110:111 112:111"
"سعادت حسن منٹو","شوبھا مردان",10,"59 60 120 128 129 130 131 518 521","61:58 61:59 120:121 131:126 131:127 131:129 131:130 131:132 516:520 522:520"
"سعادت حسن منٹو","صادق",4,"93 94 96","91:95 93:95 94:95 97:95"
"سعادت حسن منٹو","صباحت بیگم",1,"132","131:133"
"سعادت حسن منٹو","صفیہ",19,"21 61 62 63 65 66 67 71 72 73 74 108 109 516 522","21:21 61:62 62:62 64:62 64:66 65:66 66:66 69:66 69:73 70:73 72:73 73:73 74:73 74:74 108:109 109:109 110:109 516:516 522:522"
"سعادت حسن منٹو","ظہیر الدین بابر",1,"20","21:20"
"سعادت حسن منٹو","عارفین بابر",1,"129","131:127"
"سعادت حسن منٹو","فاطمہ",7,"514 517 520 521 522","516:512 516:518 522:518 522:519 522:520 522:521 522:522"
"سعادت حسن منٹو","لاری صاحب",7,"68 70 71 92 93","66:71 69:71 70:71 72:71 91:93 93:93 94:93"
"سعادت حسن منٹو","مالی شریف",1,"522","522:523"
"سعادت حسن منٹو","ماموں ہیرس",4,"91 92 93","91:91 93:91 93:93 94:93"
"سعادت حسن منٹو","محمد غنی چیمہ",4,"74 75 78","72:77 73:77 74:77 80:77"
"سعادت حسن منٹو","مردان",40,"21 58 59 60 63 64 65 66 67 69 70 71 72 73 95 96 97 106 107 110 111 112 117 118 120 128 129 130 131 178 514 518 521 522","21:21 61:56 61:57 61:58 61:59 61:66 62:66 64:66 65:66 66:66 69:66 69:70 70:70 72:70 72:73 73:73 74:73 93:98 94:98 97:98 108:105 108:106 108:112 109:112 110:112 112:112 120:115 120:116 120:117 120:120 131:126 131:127 131:129 131:130 131:132 181:176 516:512 516:520 522:520 522:522"
"سعادت حسن منٹو","مرزا بیٹریاں",7,"75 76 79 92 93 94 95","73:78 74:78 80:78 91:94 93:94 94:94 97:94"
"سعادت حسن منٹو","مشاہد",76,"18 19 20 21 58 59 60 61 62 63 64 65 66 67 68 69 70 71 72 73 74 78 79 80 88 89 90 91 92 93 94 95 97 106 107 108 109 110 111 112 117 118 119 120 131 178 179 180 204 205 206 515 516 519 520 521 522","21:16 21:18 21:19 21:20 21:21 61:56 61:57 61:58 61:60 61:61 62:61 62:62 64:62 64:63 64:64 65:64 65:66 66:66 69:66 69:67 69:68 69:69 70:69 70:70 72:70 72:71 72:72 73:72 73:73 74:73 74:74 80:76 80:77 80:78 80:79 80:80 91:86 91:88 91:90 91:92 93:92 93:93 94:93 94:94 97:94 97:97 108:104 108:106 108:107 108:108 109:108 109:110 110:110 112:110 112:112 120:115 120:116 120:117 120:118 120:119 120:120 131:131 181:176 181:177 181:178 181:179 206:202 206:205 206:206 516:515 516:516 522:517 522:519 522:520 522:521 522:522"
"سعادت حسن منٹو","مشتاق واہ واہ",5,"93 94 96 132","91:95 93:95 94:95 97:95 131:133"
"سعادت حسن منٹو","مظہر شاہ",3,"92 93","91:93 93:93 94:93"
"سعادت حسن منٹو","ملک معراج",4,"109 110 111","108:110 109:110 110:110 112:110"
"سعادت حسن منٹو","نازنین بابر",1,"129","131:127"
"سعادت حسن منٹو","نور الہدی",1,"132","131:134"
"سعادت حسن منٹو","ٹریور",4,"93 94 96","91:95 93:95 94:95 97:95"
"سعادت حسن منٹو","پال",5,"60 68 70 71","61:60 66:71 69:71 70:71 72:71"
"سعادت حسن منٹو","پروفیسر مشتاق",1,"132","131:133"
"سعادت حسن منٹو","پیٹر",11,"60 68 70 71 80 95 96 97 107 207","61:60 66:71 69:71 70:71 72:71 80:81 93:98 94:98 97:98 108:107 206:209"
"سعادت حسن منٹو","چاچا محمد بخش",5,"112 113 117 118","110:115 112:115 120:115 120:116 120:117"
"سعادت حسن منٹو","چاچی رابیاں",4,"110 111 112","108:113 109:113 110:113 112:113"
"سعادت حسن منٹو","چاچی مہراں",1,"99","97:101"
"سعادت حسن منٹو","چراغ دین",3,"99 105 208","97:101 108:103 206:211"
"سعادت حسن منٹو","چوہدری اللہ داد خان",31,"60 62 63 64 80 88 89 91 92 93 95 97 106 107 109 110 111 112 118 119 122 206 522","61:59 61:64 62:64 64:64 65:64 80:80 91:86 91:87 91:88 91:92 93:92 93:93 94:93 94:97 97:97 108:104 108:105 108:106 108:107 108:111 109:111 110:111 112:111 112:113 120:116 120:117 120:118 120:119 120:124 206:206 522:522"
"سعادت حسن منٹو","ڈاکٹر ارشد احمد",6,"20 121 179 180 182 522","21:19 120:122 181:178 181:179 181:183 522:523"
"سعادت حسن منٹو","کانی",5,"82 92 93 94 95","80:84 91:94 93:94 94:94 97:94"
"سعادت حسن منٹو","کمال",26,"23 61 62 63 64 75 76 79 80 93 94 96 97 108 181 203 204 208 516 519","21:25 61:61 62:61 62:62 64:62 64:63 64:64 65:64 73:78 74:78 80:78 80:79 80:81 91:95 93:95 94:95 97:95 97:97 108:108 109:108 181:181 206:201 206:202 206:211 516:517 522:517"
"سعادت حسن منٹو","کمند علی خان",1,"132","131:134"
"سعادت حسن منٹو","کنیز",4,"93 94 96","91:95 93:95 94:95 97:95"
"سعادت حسن منٹو","ہاتھی دانت",10,"62 63 68 70 71 92 93","61:63 62:63 64:63 66:71 69:71 70:71 72:71 91:93 93:93 94:93"
"سعادت حسن منٹو","ہیری",5,"91 92 95 96 97","91:91 93:91 93:98 94:98 97:98"
"سعید","سمیعہ",3,"22 94 223","23:21 95:94 222:224"
"سعید","شاہ شہید",2,"94","95:93 95:94"
"سعید","شاہ صاحب (سات پھولوں والے)",2,"94","95:93 95:94"
"سعید","صادق",1,"95","95:95"
"سعید","صفیہ",1,"22","23:21"
"سعید","ظہیر الدین بابر",1,"21","23:20"
"سعید","غفور",1,"301","301:302"
"سعید","فاطمہ",2,"241 300","239:244 301:299"
"سعید","لاری صاحب",1,"94","95:93"
"سعید","ماموں ہیرس",2,"93 94","95:91 95:93"
"سعید","مردان",6,"22 23 96 237 239","23:21 23:22 23:23 95:98 235:240 239:240"
"سعید","مرزا بیٹریاں",1,"94","95:94"
"سعید","مشاہد",32,"20 21 22 23 92 93 94 96 220 221 222 230 231 232 233 234 235 237 238 239 298 299 300 301","23:18 23:19 23:20 23:21 23:22 23:23 95:90 95:92 95:93 95:94 95:97 222:219 222:220 222:221 222:222 233:228 233:229 233:230 233:231 233:232 233:233 235:233 235:236 239:236 239:237 239:238 239:239 301:296 301:298 301:299 301:300 301:302"
"سعید","مشتاق واہ واہ",1,"95","95:95"
"سعید","مظہر شاہ",1,"94","95:93"
"سعید","نوراں",1,"303","301:305"
"سعید","ٹریور",1,"95","95:95"
"سعید","پال",2,"237 239","235:240 239:240"
"سعید","پیٹر",1,"96","95:98"
"سعید","چوہدری اللہ داد خان",3,"93 94 96","95:92 95:93 95:97"
"سعید","ڈاکٹر ارشد احمد",3,"21 220","23:19 222:218 222:219"
"سعید","کانی",1,"94","95:94"
"سعید","کمال",6,"24 95 219 220 232 302","23:25 95:95 222:217 222:219 233:232 301:303"
"سعید","کنیز",2,"95 302","95:95 301:304"
"سعید","ہاتھی دانت",1,"94","95:93"
"سعید","ہیری",3,"93 96 240","95:91 95:98 239:242"
"سمیعہ","سور",1,"523","522:525"
"سمیعہ","شاہ شہید",4,"74 78 93 94","72:76 80:76 94:93 94:94"
"سمیعہ","شاہ صاحب (سات پھولوں والے)",5,"74 78 93 94 109","72:76 80:76 94:93 94:94 108:111"
"سمیعہ","شوبھا مردان",4,"518 521 549","516:520 517:520 522:520 548:551"
"سمیعہ","صادق",1,"94","94:95"
"سمیعہ","صباحت بیگم",1,"332","333:332"
"سمیعہ","صفیہ",12,"21 64 66 70 71 72 108 516 519 522","21:21 66:62 66:66 67:66 68:73 70:73 72:73 108:109 516:516 517:516 517:522 522:522"
"سمیعہ","ظہیر الدین بابر",1,"20","21:20"
"سمیعہ","فاطمہ",15,"334 514 517 520 521 522 545 546 547 548","333:335 516:512 516:518 517:518 522:518 522:519 522:520 522:521 522:522 548:543 548:544 548:545 548:546 548:547 548:548"
"سمیعہ","لاری صاحب",6,"68 69 70 71 93","66:71 67:71 68:71 70:71 72:71 94:93"
"سمیعہ","مالی شریف",3,"522 545 546","522:523 548:543 548:544"
"سمیعہ","ماموں ہیرس",2,"92 93","94:91 94:93"
"سمیعہ","محمد غنی چیمہ",2,"74 78","72:77 80:77"
"سمیعہ","مردان",19,"21 66 68 69 70 71 72 96 106 107 110 332 514 518 521 522 549","21:21 66:66 67:66 67:70 68:70 70:70 72:70 72:73 94:98 108:105 108:106 108:112 333:331 516:512 516:520 517:520 522:520 522:522 548:551"
"سمیعہ","مرزا بیٹریاں",2,"79 94","80:78 94:94"
"سمیعہ","مشائلہ",2,"332 334","333:331 333:336"
"سمیعہ","مشاہد",67,"18 19 20 21 63 64 65 66 67 68 69 70 71 72 78 79 80 81 82 83 92 93 94 106 107 108 202 203 205 206 207 208 221 222 223 224 332 333 515 516 517 519 520 521 522 545 546 547 548","21:16 21:18 21:19 21:20 21:21 66:61 66:62 66:63 66:64 66:66 67:66 67:67 68:67 68:68 70:68 70:69 70:70 72:70 72:71 72:72 80:76 80:77 80:78 80:79 80:80 83:80 83:81 83:83 94:90 94:92 94:93 94:94 108:104 108:106 108:107 108:108 205:200 205:202 205:205 206:205 206:206 208:206 208:207 208:208 224:219 224:220 224:221 224:222 224:223 224:225 333:331 333:333 516:515 516:516 517:516 517:517 522:517 522:519 522:520 522:521 522:522 548:543 548:544 548:545 548:546 548:547 548:548"
"سمیعہ","مشتاق واہ واہ",1,"94","94:95"
"سمیعہ","مظہر شاہ",1,"93","94:93"
"سمیعہ","ملک معراج",1,"109","108:110"
"سمیعہ","نوراں",3,"547 548","548:546 548:547 548:548"
"سمیعہ","ٹریور",1,"94","94:95"
"سمیعہ","پال",5,"68 69 70 71","66:71 67:71 68:71 70:71 72:71"
"سمیعہ","پیٹر",12,"68 69 70 71 80 82 96 107 207 208","66:71 67:71 68:71 70:71 72:71 80:81 83:81 94:98 108:107 205:209 206:209 208:209"
"سمیعہ","چاچی رابیاں",1,"110","108:113"
"سمیعہ","چراغ دین",3,"105 208 209","108:103 206:211 208:211"
"سمیعہ","چوہدری اللہ داد خان",20,"65 80 81 84 93 95 106 107 109 205 206 207 208 332 519 522","66:64 80:80 83:80 83:86 94:92 94:93 94:97 108:104 108:105 108:106 108:107 108:111 205:206 206:206 208:206 208:207 208:209 333:331 517:522 522:522"
"سمیعہ","ڈاکٹر ارشد احمد",4,"20 202 221 522","21:19 205:200 224:219 522:523"
"سمیعہ","کانی",3,"82 83 94","80:84 83:84 94:94"
"سمیعہ","کمال",23,"23 63 64 65 79 80 82 94 108 203 208 209 221 330 331 332 516 517 519","21:25 66:61 66:62 66:63 66:64 80:78 80:79 80:81 83:81 94:95 108:108 205:201 205:202 206:211 208:211 224:219 333:328 333:329 333:330 333:332 516:517 517:517 522:517"
"سمیعہ","کنیز",1,"94","94:95"
"سمیعہ","ہاتھی دانت",7,"64 68 69 70 71 93","66:63 66:71 67:71 68:71 70:71 72:71 94:93"
"سمیعہ","ہیری",2,"92 96","94:91 94:98"
"سور","شوبھا مردان",7,"123 124 125 149 522","125:121 125:122 125:123 125:124 125:125 148:151 525:520"
"سور","صفیہ",1,"523","525:522"
"سور","ظہیر الدین بابر",1,"149","148:151"
"سور","عارفین بابر",1,"126","125:127"
"سور","فاطمہ",7,"246 247 522 523 524 527","248:244 248:247 525:520 525:521 525:522 525:523 525:529"
"سور","مالی شریف",1,"524","525:523"
"سور","مردان",10,"122 123 124 125 147 149 522 523","125:120 125:121 125:122 125:123 125:124 125:126 148:147 148:151 525:520 525:522"
"سور","مشاہد",26,"9 10 12 122 123 124 145 146 147 148 245 246 247 248 249 522 523 524 525","11:8 11:9 11:10 11:14 125:120 125:121 125:122 125:124 148:143 148:144 148:146 148:147 148:149 248:243 248:244 248:245 248:246 248:247 248:248 249:248 249:249 525:520 525:521 525:522 525:523 525:525"
"سور","نازنین بابر",2,"126 150","125:127 148:153"
"سور","چوہدری اللہ داد خان",2,"124 523","125:124 525:522"
"سور","ڈاکٹر ارشد احمد",6,"123 146 147 148 524 525","125:122 148:145 148:147 148:149 525:523 525:525"
"سور","کمال",2,"149 527","148:151 525:530"
"شاہ شہید","شاہ صاحب (سات پھولوں والے)",5,"76 93 94 395","76:76 93:93 94:93 94:94 395:395"
"شاہ شہید","صادق",2,"94","93:95 94:95"
"شاہ شہید","صفیہ",2,"74 75","76:73 76:74"
"شاہ شہید","لاری صاحب",3,"73 93","76:71 93:93 94:93"
"شاہ شہید","ماموں ہیرس",3,"92 93","93:91 93:93 94:93"
"شاہ شہید","محمد غنی چیمہ",1,"76","76:77"
"شاہ شہید","مردان",5,"74 95 96 393","76:73 93:98 94:98 395:391 395:392"
"شاہ شہید","مرزا بیٹریاں",3,"77 93 94","76:78 93:94 94:94"
"شاہ شہید","مشائلہ",1,"396","395:397"
"شاہ شہید","مشاہد",15,"73 74 75 76 90 91 92 93 94 393 394 395","76:71 76:72 76:73 76:74 76:76 93:88 93:90 93:92 93:93 94:93 94:94 395:391 395:393 395:394 395:395"
"شاہ شہید","مشتاق واہ واہ",2,"94","93:95 94:95"
"شاہ شہید","مظہر شاہ",2,"93","93:93 94:93"
"شاہ شہید","نوراں",2,"394","395:393 395:394"
"شاہ شہید","ٹریور",2,"94","93:95 94:95"
"شاہ شہید","پال",1,"73","76:71"
"شاہ شہید","پیٹر",4,"73 78 95 96","76:71 76:81 93:98 94:98"
"شاہ شہید","چوہدری اللہ داد خان",6,"78 90 92 93 95","76:80 93:88 93:92 93:93 94:93 94:97"
"شاہ شہید","کانی",2,"93 94","93:94 94:94"
"شاہ شہید","کمال",3,"77 94","76:78 93:95 94:95"
"شاہ شہید","کنیز",2,"94","93:95 94:95"
"شاہ شہید","ہاتھی دانت",3,"73 93","76:71 93:93 94:93"
"شاہ شہید","ہیری",3,"92 95 96","93:91 93:98 94:98"
"شاہ صاحب (سات پھولوں والے)","صادق",2,"94","93:95 94:95"
"شاہ صاحب (سات پھولوں والے)","صفیہ",3,"74 75 110","76:73 76:74 111:109"
"شاہ صاحب (سات پھولوں والے)","غفور",1,"306","309:304"
"شاہ صاحب (سات پھولوں والے)","لاری صاحب",3,"73 93","76:71 93:93 94:93"
"شاہ صاحب (سات پھولوں والے)","ماموں ہیرس",3,"92 93","93:91 93:93 94:93"
"شاہ صاحب (سات پھولوں والے)","محمد غنی چیمہ",1,"76","76:77"
"شاہ صاحب (سات پھولوں والے)","مردان",7,"74 95 96 108 111 393","76:73 93:98 94:98 111:106 111:112 395:391 395:392"
"شاہ صاحب (سات پھولوں والے)","مرزا بیٹریاں",3,"77 93 94","76:78 93:94 94:94"
"شاہ صاحب (سات پھولوں والے)","مشائلہ",2,"310 396","309:312 395:397"
"شاہ صاحب (سات پھولوں والے)","مشاہد",26,"73 74 75 76 90 91 92 93 94 108 109 110 111 306 307 308 310 393 394 395","76:71 76:72 76:73 76:74 76:76 93:88 93:90 93:92 93:93 94:93 94:94 111:106 111:107 111:108 111:110 111:112 309:304 309:305 309:306 309:307 309:308 309:312 395:391 395:393 395:394 395:395"
"شاہ صاحب (سات پھولوں والے)","مشتاق واہ واہ",2,"94","93:95 94:95"
"شاہ صاحب (سات پھولوں والے)","مظہر شاہ",2,"93","93:93 94:93"
"شاہ صاحب (سات پھولوں والے)","ملک معراج",1,"110","111:110"
"شاہ صاحب (سات پھولوں والے)","نوراں",7,"307 308 309 394","309:305 309:306 309:307 309:308 309:309 395:393 395:394"
"شاہ صاحب (سات پھولوں والے)","ٹریور",2,"94","93:95 94:95"
"شاہ صاحب (سات پھولوں والے)","پال",1,"73","76:71"
"شاہ صاحب (سات پھولوں والے)","پیٹر",5,"73 78 95 96 109","76:71 76:81 93:98 94:98 111:107"
"شاہ صاحب (سات پھولوں والے)","چاچا محمد بخش",1,"113","111:115"
"شاہ صاحب (سات پھولوں والے)","چاچی رابیاں",1,"112","111:113"
"شاہ صاحب (سات پھولوں والے)","چوہدری اللہ داد خان",10,"78 90 92 93 95 108 109 111 311","76:80 93:88 93:92 93:93 94:93 94:97 111:106 111:107 111:111 309:313"
"شاہ صاحب (سات پھولوں والے)","کانی",2,"93 94","93:94 94:94"
"شاہ صاحب (سات پھولوں والے)","کمال",4,"77 94 109","76:78 93:95 94:95 111:108"
"شاہ صاحب (سات پھولوں والے)","کنیز",3,"94 306","93:95 94:95 309:304"
"شاہ صاحب (سات پھولوں والے)","ہاتھی دانت",3,"73 93","76:71 93:93 94:93"
"شاہ صاحب (سات پھولوں والے)","ہیری",3,"92 95 96","93:91 93:98 94:98"
"شوبھا مردان","صباحت بیگم",18,"131 132 134 135 341 351 357 358 473 476 478 479 480 481","129:133 130:133 132:133 135:133 135:134 135:135 136:135 342:341 350:353 359:355 359:357 359:358 472:475 477:475 477:479 479:479 482:479 482:480"
"شوبھا مردان","صفیہ",4,"60 518 521","58:62 59:62 520:516 520:522"
"شوبھا مردان","ظہیر الدین بابر",49,"137 138 139 140 151 152 153 154 359 360 365 366 367 368 369 375 376 377 378 403 404 405 408 409 410 437 478 479 480 535 537 538 562 563","135:140 136:140 137:140 138:140 139:140 140:140 151:151 153:151 153:153 154:153 154:154 359:360 360:360 368:363 368:364 368:365 368:366 368:367 368:368 371:368 373:377 374:377 375:377 376:377 377:377 379:377 379:378 401:405 402:405 404:405 405:405 406:405 406:410 407:410 408:410 409:410 410:410 438:436 477:479 479:479 482:479 535:535 536:535 536:538 537:538 538:538 562:563 563:563 564:563"
"شوبھا مردان","عارفین بابر",59,"40 42 124 125 126 127 128 152 153 154 360 361 366 367 368 369 371 372 374 375 376 377 378 379 403 404 405 406 408 409 410 477 478 479 480 482 535 536 537 562 563 564 565 566","40:40 44:40 122:127 123:127 124:127 125:127 126:127 127:127 129:127 151:154 153:154 154:154 359:362 360:362 368:364 368:367 368:368 371:368 371:371 373:371 373:376 374:376 375:376 376:376 377:376 377:377 379:377 379:378 379:379 401:405 402:405 404:405 405:405 406:405 406:406 407:406 407:409 408:409 409:409 410:409 410:410 477:478 479:478 479:479 482:479 482:482 483:482 535:535 536:535 536:537 537:537 538:537 562:562 563:562 563:563 564:563 564:564 566:564 566:566"
"شوبھا مردان","عاشق علی",3,"565 566 567","563:568 564:568 566:568"
"شوبھا مردان","فاطمہ",27,"437 438 458 459 460 489 491 519 520 533 535 537 538 548 549 550 551 561 568 578 579","438:437 438:439 461:456 461:457 461:458 461:459 487:492 491:492 520:518 520:519 520:520 535:531 535:535 536:535 536:539 537:539 538:539 551:546 551:547 551:548 551:549 551:550 551:551 562:560 566:571 581:576 581:577"
"شوبھا مردان","مالی شریف",3,"521 540 579","520:523 538:543 581:577"
"شوبھا مردان","مردان",169,"37 38 39 40 42 43 44 56 57 58 59 118 119 120 121 122 123 124 125 126 127 128 129 130 131 132 133 135 136 137 138 139 140 149 151 152 153 154 340 343 344 345 346 347 349 350 359 360 365 366 367 368 369 371 372 373 374 375 376 377 378 379 401 402 403 404 405 406 407 408 409 410 420 421 422 423 424 436 460 461 462 465 466 467 468 469 470 471 472 474 475 476 477 478 479 480 481 483 484 485 486 487 489 491 520 533 534 535 536 537 538 551 561 562 563 564 565 566 580 581","40:35 40:36 40:37 40:38 40:39 40:41 44:41 44:42 44:43 44:44 58:54 58:55 58:56 58:57 58:58 59:58 59:59 121:116 121:117 121:120 121:121 122:121 122:122 123:122 123:123 124:123 124:124 125:124 125:126 126:126 127:126 127:127 129:127 129:129 130:129 130:130 132:130 132:132 135:132 135:136 136:136 137:136 137:137 138:137 138:138 139:138 139:139 140:139 140:140 151:147 151:151 153:151 153:153 154:153 154:154 342:339 342:345 343:345 344:345 345:345 346:345 346:346 347:346 347:348 350:348 350:349 350:350 359:360 360:360 368:363 368:364 368:365 368:366 368:367 368:368 371:368 371:371 373:371 373:373 374:373 374:374 375:374 375:375 376:375 376:376 377:376 377:377 379:377 379:378 379:379 401:401 402:401 402:402 404:402 404:404 405:404 405:405 406:405 406:406 407:406 407:407 408:407 408:408 409:408 409:409 410:409 410:410 421:420 421:421 424:421 424:422 424:423 424:424 438:435 461:460 461:461 462:461 462:462 468:463 468:464 468:465 468:466 468:468 469:468 469:469 472:469 472:470 472:472 477:472 477:474 477:476 477:477 479:477 479:478 479:479 482:479 482:480 482:484 483:484 484:484 485:484 485:485 486:485 486:486 487:486 487:487 491:487 491:491 520:520 535:531 535:533 535:535 536:535 536:536 537:536 537:537 538:537 538:538 551:551 562:561 562:562 563:562 563:563 564:563 564:564 566:564 566:566 581:580 581:582"
"شوبھا مردان","مرزا بیٹریاں",4,"479 480 482","477:482 479:482 482:482 483:482"
"شوبھا مردان","مسز حسین",26,"361 362 366 367 368 369 407 408 409 410 420 421 422 460 462 465 470 471 472 475","359:364 360:364 368:364 368:365 368:366 368:367 368:368 371:368 405:410 406:410 407:410 408:410 409:410 410:410 421:420 421:421 424:421 461:460 461:463 462:463 468:463 468:473 469:473 472:473 477:473 477:474"
"شوبھا مردان","مشائلہ",7,"339 340 381 399 400","342:337 342:338 342:339 379:383 401:397 401:398 401:399"
"شوبھا مردان","مشاہد",131,"38 39 40 42 43 45 55 56 57 58 59 118 119 120 121 122 123 124 128 129 130 131 137 138 139 140 148 149 150 151 152 339 340 369 370 378 379 380 398 399 400 401 402 403 404 405 406 407 408 410 419 420 422 424 435 438 458 459 460 468 469 470 471 472 475 479 480 481 487 488 490 491 517 518 519 520 533 534 535 536 537 538 548 549 550 551 559 560 561 562 568 578 579 580 581","40:36 40:37 40:38 40:39 40:41 44:41 44:42 44:46 58:53 58:54 58:56 58:57 58:58 59:58 59:60 121:116 121:117 121:118 121:119 121:120 121:121 122:121 122:122 123:122 123:124 124:124 125:124 126:131 127:131 129:131 130:131 132:131 135:139 136:139 137:139 138:139 139:139 140:139 140:141 151:146 151:147 151:149 151:152 153:152 342:337 342:338 368:370 371:370 376:381 377:381 379:381 401:396 401:397 401:399 401:401 402:401 402:402 404:402 404:403 404:404 405:404 405:406 406:406 407:406 407:407 408:407 408:408 409:408 409:411 410:411 421:418 421:419 421:424 424:424 438:433 438:438 461:456 461:457 461:458 461:459 461:460 468:469 469:469 472:469 472:470 472:473 477:473 477:474 477:481 479:481 482:481 485:490 486:490 487:490 491:490 491:492 520:515 520:516 520:517 520:519 520:520 535:531 535:532 535:533 535:534 535:535 536:535 536:536 537:536 537:537 538:537 538:538 551:546 551:547 551:548 551:549 551:550 551:551 562:557 562:558 562:560 562:561 562:562 563:562 566:571 581:576 581:577 581:578 581:579 581:580 581:582"
"شوبھا مردان","مشتاق واہ واہ",4,"131 132 134","129:133 130:133 132:133 135:133"
"شوبھا مردان","مولوی احتشام الدین",8,"349 351 462 465 466 468","347:352 350:352 461:463 462:463 468:463 468:464 468:468 469:468"
"شوبھا مردان","مہر النساء",2,"468","468:468 469:468"
"شوبھا مردان","نازنین بابر",42,"124 125 126 127 128 152 153 154 360 361 368 369 371 372 375 376 377 378 379 403 404 405 406 408 409 410 477 478 562 563","122:127 123:127 124:127 125:127 126:127 127:127 129:127 151:153 153:153 154:153 154:154 359:362 360:362 368:368 371:368 371:371 373:371 373:377 374:377 375:377 376:377 377:377 379:377 379:378 379:379 401:405 402:405 404:405 405:405 406:405 406:406 407:406 407:409 408:409 409:409 410:409 410:410 477:478 479:478 562:563 563:563 564:563"
"شوبھا مردان","نمبردار اللہ دوایا",16,"406 407 408 412 418 419 420 421 422 423 424 438","404:408 405:408 406:408 407:408 408:408 409:408 410:415 421:416 421:417 421:419 421:421 424:421 424:422 424:423 424:424 438:438"
"شوبھا مردان","نور الہدی",19,"131 132 133 134 135 136 342 343 352 356 357 473 476 478 479 481","129:134 130:134 132:134 135:134 135:135 136:135 136:136 137:136 342:343 343:343 344:343 350:354 359:354 359:356 472:475 477:475 477:480 479:480 482:480"
"شوبھا مردان","نوراں",8,"368 370 378 379 380 548 549","368:369 371:369 376:381 377:381 379:381 551:546 551:547 551:548"
"شوبھا مردان","پال",3,"46 59","44:49 58:60 59:60"
"شوبھا مردان","پروفیسر مشتاق",4,"131 132 134","129:133 130:133 132:133 135:133"
"شوبھا مردان","پیٹر",3,"46 59","44:49 58:60 59:60"
"شوبھا مردان","چاچا محمد بخش",3,"46 118 119","44:48 121:116 121:117"
"شوبھا مردان","چوہدری اللہ داد خان",34,"46 55 58 59 118 119 120 122 123 124 347 348 350 379 380 404 405 406 407 420 463 466 521 535 536","44:48 58:53 58:59 59:59 121:116 121:117 121:118 121:119 121:124 122:124 123:124 124:124 125:124 345:350 346:350 347:350 350:350 377:382 379:382 402:407 404:407 405:407 406:407 407:407 408:407 421:419 421:420 461:465 462:465 468:465 520:522 535:536 536:536 537:536"
"شوبھا مردان","ڈاکٹر ارشد احمد",28,"121 122 142 149 150 402 403 404 422 424 435 436 437 485 486 487 489 490 492 521 533","121:122 122:122 123:122 140:145 151:147 151:149 151:150 401:403 402:403 404:403 404:404 405:404 421:424 424:424 438:433 438:434 438:435 438:436 483:488 484:488 485:488 486:488 487:488 491:488 491:489 491:493 520:523 535:532"
"شوبھا مردان","کمال",20,"59 60 151 152 361 365 474 476 481 483 484 485 486 518 532","58:61 59:61 151:151 153:151 359:363 360:363 368:363 472:476 477:476 479:484 482:484 483:484 484:484 485:484 485:485 486:485 486:486 487:486 520:517 535:530"
"شوبھا مردان","کمند علی خان",23,"131 132 133 134 135 341 342 343 351 356 357 358 473 476 478 479 481","129:134 130:134 132:134 135:134 135:135 136:135 342:340 342:342 343:342 343:343 344:343 350:353 359:354 359:355 359:356 359:357 359:358 472:475 477:475 477:476 477:480 479:480 482:480"
"شوبھا مردان","کیپٹن خانزادہ",5,"563 564 565 567","562:564 563:564 564:564 566:564 566:568"
"شوبھا مردان","کیپٹن گل ریز",11,"153 154 155 360 361 365 562 565 566 567","151:156 153:156 154:156 359:362 360:362 368:363 562:562 563:562 563:568 564:568 566:568"
"شوبھا مردان","ہاتھی دانت",2,"60 61","58:63 59:63"
"صادق","لاری صاحب",1,"94","95:93"
"صادق","ماموں ہیرس",2,"93 94","95:91 95:93"
"صادق","مردان",2,"96 320","95:98 319:321"
"صادق","مرزا بیٹریاں",1,"94","95:94"
"صادق","مشائلہ",1,"319","319:320"
"صادق","مشاہد",10,"92 93 94 96 316 317 318 319","95:90 95:92 95:93 95:94 95:97 319:314 319:316 319:317 319:318 319:319"
"صادق","مشتاق واہ واہ",1,"95","95:95"
"صادق","مظہر شاہ",1,"94","95:93"
"صادق","موسیقار آقا نواز",3,"317 318","319:316 319:317 319:318"
"صادق","ٹریور",1,"95","95:95"
"صادق","پیٹر",1,"96","95:98"
"صادق","چوہدری اللہ داد خان",3,"93 94 96","95:92 95:93 95:97"
"صادق","کانی",1,"94","95:94"
"صادق","کمال",1,"95","95:95"
"صادق","کنیز",1,"95","95:95"
"صادق","ہاتھی دانت",1,"94","95:93"
"صادق","ہیری",2,"93 96","95:91 95:98"
"صباحت بیگم","ظہیر الدین بابر",7,"137 357 358 359 477 479","135:140 355:360 357:360 358:360 475:479 479:479 480:479"
"صباحت بیگم","عارفین بابر",7,"359 360 476 478 479 481","357:362 358:362 475:478 479:478 479:479 480:479 480:482"
"صباحت بیگم","فاطمہ",1,"333","332:335"
"صباحت بیگم","مردان",25,"131 132 134 135 331 340 343 350 351 357 358 359 472 473 474 475 477 478 479 480","133:129 133:130 133:132 133:136 134:136 135:136 332:331 341:339 341:345 353:348 353:349 353:350 355:360 357:360 358:360 475:470 475:472 475:474 475:476 479:476 479:477 479:478 479:479 480:479 480:480"
"صباحت بیگم","مرزا بیٹریاں",2,"480 481","479:482 480:482"
"صباحت بیگم","مسز حسین",2,"474","475:473 475:474"
"صباحت بیگم","مشائلہ",6,"331 334 338 339 340","332:331 332:336 341:336 341:337 341:338 341:339"
"صباحت بیگم","مشاہد",12,"132 136 137 331 332 339 472 474 480","133:131 134:139 135:139 332:331 332:333 341:337 341:338 475:470 475:473 475:474 479:481 480:481"
"صباحت بیگم","مشتاق واہ واہ",2,"133","133:133 134:133"
"صباحت بیگم","مولوی احتشام الدین",1,"352","353:352"
"صباحت بیگم","نازنین بابر",4,"359 360 476 478","357:362 358:362 475:478 479:478"
"صباحت بیگم","نور الہدی",13,"133 134 135 342 353 354 355 356 475 477 479 480","133:134 134:134 135:134 135:135 341:343 353:354 355:354 355:356 357:356 475:475 479:475 479:480 480:480"
"صباحت بیگم","پروفیسر مشتاق",2,"133","133:133 134:133"
"صباحت بیگم","چوہدری اللہ داد خان",2,"331 351","332:331 353:350"
"صباحت بیگم","کمال",9,"330 331 332 360 475 477 481 482","332:328 332:329 332:330 332:332 358:363 475:476 479:476 479:484 480:484"
"صباحت بیگم","کمند علی خان",20,"133 134 135 340 341 353 354 355 356 357 358 475 477 479 480","133:134 134:134 135:134 135:135 341:340 341:342 353:353 355:353 355:354 355:355 357:355 357:356 357:357 358:357 358:358 475:475 479:475 479:476 479:480 480:480"
"صباحت بیگم","کیپٹن گل ریز",2,"359 360","357:362 358:362"
"صفیہ","ظہیر الدین بابر",1,"20","21:20"
"صفیہ","فاطمہ",7,"514 517 520 521 522","516:512 516:518 522:518 522:519 522:520 522:521 522:522"
"صفیہ","لاری صاحب",2,"68 72","66:71 73:71"
"صفیہ","مالی شریف",1,"522","522:523"
"صفیہ","محمد غنی چیمہ",2,"75","73:77 74:77"
"صفیہ","مردان",16,"21 59 60 64 66 71 73 107 110 514 518 521 522","21:21 62:57 62:58 62:59 62:66 66:66 73:70 73:73 74:73 109:105 109:106 109:112 516:512 516:520 522:520 522:522"
"صفیہ","مرزا بیٹریاں",2,"75 76","73:78 74:78"
"صفیہ","مشاہد",34,"18 19 20 21 59 60 61 62 64 65 66 70 71 72 73 74 106 107 108 109 515 516 519 520 521 522","21:16 21:18 21:19 21:20 21:21 62:57 62:58 62:60 62:61 62:62 66:62 66:63 66:64 66:66 73:68 73:69 73:70 73:71 73:72 73:73 74:73 74:74 109:104 109:106 109:107 109:108 109:110 516:515 516:516 522:517 522:519 522:520 522:521 522:522"
"صفیہ","ملک معراج",1,"109","109:110"
"صفیہ","پال",3,"61 68 72","62:60 66:71 73:71"
"صفیہ","پیٹر",4,"61 68 72 108","62:60 66:71 73:71 109:107"
"صفیہ","چاچی رابیاں",1,"111","109:113"
"صفیہ","چوہدری اللہ داد خان",9,"60 63 65 106 107 108 110 522","62:59 62:64 66:64 109:104 109:105 109:106 109:107 109:111 522:522"
"صفیہ","ڈاکٹر ارشد احمد",2,"20 522","21:19 522:523"
"صفیہ","کمال",11,"23 61 62 64 65 75 76 108 516 519","21:25 62:61 62:62 66:62 66:63 66:64 73:78 74:78 109:108 516:517 522:517"
"صفیہ","ہاتھی دانت",4,"62 64 68 72","62:63 66:63 66:71 73:71"
"ظہیر الدین بابر","عارفین بابر",40,"152 153 154 155 156 157 158 159 361 362 363 364 366 367 368 376 377 378 405 407 408 409 410 478 479 535 536 537 562 563","151:154 153:154 154:154 155:154 155:155 156:155 156:156 157:156 157:157 158:157 158:159 159:159 360:362 361:362 362:362 363:362 363:364 364:364 365:364 365:367 366:367 367:367 368:367 368:368 377:376 377:377 378:377 378:378 405:405 410:405 410:406 410:409 410:410 479:478 479:479 535:535 538:535 538:537 563:562 563:563"
"ظہیر الدین بابر","عاشق علی",1,"565","563:568"
"ظہیر الدین بابر","فاطمہ",6,"436 533 535 536 538 561","436:437 535:531 535:535 538:535 538:539 563:560"
"ظہیر الدین بابر","مالی شریف",1,"540","538:543"
"ظہیر الدین بابر","مردان",72,"20 138 139 140 149 151 152 153 154 155 156 157 158 159 360 361 362 363 364 365 366 367 368 375 376 377 378 403 404 405 407 408 409 410 433 435 476 477 478 479 533 534 535 536 537 538 562 563","20:21 140:136 140:137 140:138 140:139 140:140 151:147 151:151 153:151 153:153 154:153 154:154 155:154 155:155 156:155 156:156 157:156 157:157 158:157 158:158 159:158 159:159 360:360 361:360 361:361 362:361 362:363 363:363 364:363 364:364 365:364 365:365 366:365 366:366 367:366 367:367 368:367 368:368 377:373 377:374 377:375 377:376 377:377 378:377 378:378 405:401 405:402 405:404 405:405 410:405 410:406 410:407 410:408 410:409 410:410 436:431 436:435 479:474 479:476 479:477 479:478 479:479 535:531 535:533 535:535 538:535 538:536 538:537 538:538 563:561 563:562 563:563"
"ظہیر الدین بابر","مرزا بیٹریاں",1,"480","479:482"
"ظہیر الدین بابر","مسز حسین",18,"362 363 364 365 366 367 368 407 410 433 434 476","360:364 361:364 362:364 363:364 364:364 365:364 365:365 366:365 366:366 367:366 367:367 368:367 368:368 405:410 410:410 436:431 436:432 479:474"
"ظہیر الدین بابر","مشائلہ",1,"380","378:383"
"ظہیر الدین بابر","مشاہد",49,"18 19 20 139 140 148 149 150 151 152 157 158 159 367 368 369 379 403 404 405 408 409 410 433 434 437 476 480 533 534 535 536 537 538 560 561 562","20:16 20:18 20:19 20:20 140:139 140:141 151:146 151:147 151:149 151:152 153:152 155:160 156:160 157:160 158:160 159:160 365:370 366:370 367:370 368:370 377:381 378:381 405:401 405:402 405:403 405:404 405:406 410:406 410:407 410:408 410:411 436:431 436:433 436:438 479:474 479:481 535:531 535:532 535:533 535:534 535:535 538:535 538:536 538:537 538:538 563:558 563:560 563:561 563:562"
"ظہیر الدین بابر","نازنین بابر",32,"152 153 154 155 156 157 158 159 361 362 365 366 367 368 377 378 405 407 408 409 410 478 563","151:153 153:153 154:153 154:154 155:154 155:156 156:156 157:156 157:157 158:157 158:159 159:159 360:362 361:362 362:362 363:362 363:368 364:368 365:368 366:368 367:368 368:368 377:377 378:377 378:378 405:405 410:405 410:406 410:409 410:410 479:478 563:563"
"ظہیر الدین بابر","نمبردار اللہ دوایا",4,"406 409 412 437","405:408 410:408 410:415 436:438"
"ظہیر الدین بابر","نور الہدی",5,"137 138 358 477 479","140:135 140:136 360:356 479:475 479:480"
"ظہیر الدین بابر","نوراں",7,"366 367 368 379","364:369 365:369 366:369 367:369 368:369 377:381 378:381"
"ظہیر الدین بابر","چوہدری اللہ داد خان",6,"379 380 406 408 535 537","377:382 378:382 405:407 410:407 535:536 538:536"
"ظہیر الدین بابر","ڈاکٹر ارشد احمد",17,"19 142 149 150 158 159 160 404 434 435 436 533","20:19 140:145 151:147 151:149 151:150 156:161 157:161 158:161 159:161 405:403 405:404 436:432 436:433 436:434 436:435 436:436 535:532"
"ظہیر الدین بابر","کمال",11,"22 151 152 361 362 363 477 481 532","20:25 151:151 153:151 360:363 361:363 362:363 363:363 364:363 479:476 479:484 535:530"
"ظہیر الدین بابر","کمند علی خان",8,"137 357 358 359 477 479","140:135 360:355 360:356 360:357 360:358 479:475 479:476 479:480"
"ظہیر الدین بابر","کیپٹن خانزادہ",1,"563","563:564"
"ظہیر الدین بابر","کیپٹن گل ریز",14,"153 154 155 156 361 362 363 562 565","151:156 153:156 154:156 155:156 156:156 157:156 360:362 361:362 362:362 363:362 363:363 364:363 563:562 563:568"
"عارفین بابر","عاشق علی",3,"565 566 567","563:568 564:568 566:568"
"عارفین بابر","فاطمہ",6,"533 535 536 538 561 568","535:531 535:535 537:535 537:539 562:560 566:571"
"عارفین بابر","مردان",82,"37 38 39 40 124 125 126 127 152 153 154 155 156 157 158 159 361 362 363 364 365 366 367 368 369 371 373 374 375 376 377 378 379 403 404 405 406 407 408 409 410 476 477 478 479 480 481 483 533 534 535 536 537 561 562 563 564 565 566","40:35 40:36 40:37 40:38 40:39 40:41 127:122 127:123 127:124 127:126 127:127 154:151 154:153 154:154 155:154 155:155 156:155 156:156 157:156 157:157 159:157 159:158 159:159 362:360 362:361 362:363 364:363 364:364 367:364 367:365 367:366 367:367 368:367 368:368 371:368 371:371 376:371 376:373 376:374 376:375 376:376 377:376 377:377 378:377 378:378 379:378 379:379 405:401 405:402 405:404 405:405 406:405 406:406 409:406 409:407 409:408 409:409 410:409 410:410 478:474 478:476 478:477 478:478 479:478 479:479 482:479 482:480 482:484 535:531 535:533 535:535 537:535 537:536 537:537 562:561 562:562 563:562 563:563 564:563 564:564 566:564 566:566"
"عارفین بابر","مرزا بیٹریاں",3,"480 482","478:482 479:482 482:482"
"عارفین بابر","مسز حسین",15,"363 364 365 366 367 368 369 407 408 409 410 475 476","362:364 364:364 367:364 367:365 367:366 367:367 368:367 368:368 371:368 405:410 406:410 409:410 410:410 478:473 478:474"
"عارفین بابر","مشائلہ",2,"380 381","378:383 379:383"
"عارفین بابر","مشاہد",52,"38 39 40 124 125 129 151 153 157 158 159 368 369 370 378 379 380 403 404 405 406 407 408 410 475 476 479 480 481 533 534 535 536 537 559 560 561 562 568","40:36 40:37 40:38 40:39 40:41 127:122 127:124 127:131 154:149 154:152 155:160 156:160 157:160 159:160 367:370 368:370 371:370 376:381 377:381 378:381 379:381 405:401 405:402 405:403 405:404 405:406 406:406 409:406 409:407 409:408 409:411 410:411 478:473 478:474 478:481 479:481 482:481 535:531 535:532 535:533 535:534 535:535 537:535 537:536 537:537 562:557 562:558 562:560 562:561 562:562 563:562 566:571"
"عارفین بابر","نازنین بابر",36,"127 153 154 155 156 157 158 159 362 363 366 367 368 369 371 373 376 377 378 379 405 406 407 409 410 478 562 563","127:127 154:153 154:154 155:154 155:156 156:156 157:156 157:157 159:157 159:159 362:362 364:362 364:368 367:368 368:368 371:368 371:371 376:371 376:377 377:377 378:377 378:378 379:378 379:379 405:405 406:405 406:406 409:406 409:409 410:409 410:410 478:478 479:478 562:563 563:563 564:563"
"عارفین بابر","نمبردار اللہ دوایا",4,"406 407 408 412","405:408 406:408 409:408 410:415"
"عارفین بابر","نور الہدی",4,"476 479 481","478:475 478:480 479:480 482:480"
"عارفین بابر","نوراں",8,"366 368 370 378 379 380","364:369 367:369 368:369 371:369 376:381 377:381 378:381 379:381"
"عارفین بابر","چوہدری اللہ داد خان",9,"125 379 380 406 408 535 536","127:124 377:382 378:382 379:382 405:407 406:407 409:407 535:536 537:536"
"عارفین بابر","ڈاکٹر ارشد احمد",9,"124 151 152 158 159 160 404 533","127:122 154:149 154:150 156:161 157:161 159:161 405:403 405:404 535:532"
"عارفین بابر","کمال",7,"152 362 363 477 481 483 532","154:151 362:363 364:363 478:476 479:484 482:484 535:530"
"عارفین بابر","کمند علی خان",7,"359 360 476 477 479 481","362:357 362:358 478:475 478:476 478:480 479:480 482:480"
"عارفین بابر","کیپٹن خانزادہ",5,"563 564 565 567","562:564 563:564 564:564 566:564 566:568"
"عارفین بابر","کیپٹن گل ریز",12,"155 156 362 363 562 565 566 567","154:156 155:156 156:156 157:156 362:362 364:362 364:363 562:562 563:562 563:568 564:568 566:568"
"عاشق علی","فاطمہ",2,"569 570","568:571 569:571"
"عاشق علی","مردان",6,"565 566 567 568 569","568:563 568:564 568:566 568:568 569:568 569:569"
"عاشق علی","مشاہد",2,"569 570","568:571 569:571"
"عاشق علی","نازنین بابر",1,"565","568:563"
"عاشق علی","چوہدری اللہ داد خان",2,"570","568:572 569:572"
"عاشق علی","کیپٹن خانزادہ",4,"566 568 569","568:564 568:568 569:568 569:569"
"عاشق علی","کیپٹن گل ریز",3,"568 569","568:568 569:568 569:569"
"غفور","فاطمہ",1,"300","302:299"
"غفور","مشاہد",6,"300 301 302 303 304","302:298 302:299 302:300 302:302 304:302 304:304"
"غفور","نوراں",2,"303 304","302:305 304:305"
"غفور","کمال",2,"302 303","302:303 304:303"
"غفور","کنیز",2,"303 304","302:304 304:304"
"فاطمہ","مالی شریف",21,"508 509 520 521 522 523 541 542 543 544 575 576 577","508:509 510:509 518:523 519:523 520:523 521:523 522:523 523:523 539:543 540:543 541:543 542:543 543:543 544:543 544:544 545:544 573:577 574:577 575:577 576:577 577:577"
"فاطمہ","مردان",70,"242 283 284 333 337 436 443 444 445 448 450 451 452 457 458 459 489 491 493 494 498 500 501 506 507 508 509 511 512 519 520 521 522 530 531 533 534 535 537 538 539 540 548 549 550 551 560 568 569 570 571 572 577 578","244:240 281:286 282:286 335:331 335:339 437:435 441:446 442:446 443:446 444:446 451:446 451:449 451:452 453:452 455:460 456:460 457:460 458:460 459:460 492:487 492:491 492:494 495:494 496:501 500:501 501:501 508:505 508:506 508:507 508:508 510:508 510:512 512:512 518:520 519:520 520:520 521:520 521:522 522:522 523:522 529:531 531:531 535:531 535:533 535:535 539:535 539:536 539:537 539:538 539:539 540:539 540:540 541:540 546:551 547:551 548:551 549:551 550:551 551:551 552:551 560:561 571:566 571:568 571:569 571:570 571:572 573:572 575:580 576:580 577:580"
"فاطمہ","مسز حسین",6,"434 457 458 459","437:432 455:460 456:460 457:460 458:460 459:460"
"فاطمہ","مشائلہ",2,"333 335","335:331 335:336"
"فاطمہ","مشاہد",161,"241 242 243 244 245 246 247 268 269 270 271 272 273 275 276 277 279 281 282 296 297 298 299 333 334 335 435 437 438 439 440 441 442 443 444 448 449 450 451 452 453 454 455 456 457 458 459 491 492 493 494 495 496 498 499 500 501 506 507 508 509 510 511 513 516 517 518 519 520 521 522 523 527 528 529 530 531 533 534 535 537 538 539 540 541 542 543 544 545 546 547 548 549 550 551 552 557 558 559 560 571 572 573 574 575 576 577","244:239 244:240 244:241 244:243 244:244 247:244 247:245 247:246 247:247 271:266 271:267 271:268 271:269 271:271 273:271 273:272 273:273 278:273 278:274 278:276 278:277 278:281 281:281 282:281 282:283 299:294 299:295 299:296 299:298 299:299 335:331 335:333 335:334 335:335 437:433 437:438 439:438 439:439 441:439 441:441 442:441 442:442 443:442 443:443 444:443 444:444 451:446 451:447 451:448 451:449 451:450 451:451 453:451 453:452 453:453 455:453 455:454 455:455 456:455 456:456 457:456 457:457 458:457 458:458 459:458 459:459 492:490 492:492 495:492 495:493 495:494 495:495 496:495 496:496 500:496 500:497 500:498 500:499 500:500 501:500 501:501 508:504 508:506 508:507 508:508 510:508 510:509 510:510 512:510 512:515 518:515 518:516 518:517 518:519 519:519 520:519 520:520 521:520 521:521 522:521 522:522 523:522 523:523 529:525 529:526 529:527 529:529 531:529 531:531 535:531 535:532 535:533 535:534 535:535 539:535 539:536 539:537 539:538 539:539 540:539 540:540 541:540 541:541 542:541 542:542 543:542 543:543 544:543 544:544 545:544 545:545 546:545 546:546 547:546 547:547 548:547 548:548 549:548 549:549 550:549 550:550 551:550 551:551 552:551 552:552 560:555 560:556 560:557 560:558 560:560 571:571 573:571 573:573 574:573 574:574 575:574 575:575 576:575 576:576 577:576 577:577"
"فاطمہ","مولوی احتشام الدین",2,"460 461","458:463 459:463"
"فاطمہ","نازنین بابر",1,"561","560:563"
"فاطمہ","نمبردار اللہ دوایا",2,"437 438","437:438 439:438"
"فاطمہ","نوراں",11,"543 544 545 546 547 548","541:546 542:546 543:546 544:546 545:546 546:546 547:546 547:547 548:547 548:548 549:548"
"فاطمہ","پال",4,"242 501 502 505","244:240 500:503 501:503 508:503"
"فاطمہ","چوہدری اللہ داد خان",14,"283 284 333 520 521 522 533 535 537 571 572","281:286 282:286 335:331 518:522 519:522 520:522 521:522 522:522 523:522 531:536 535:536 539:536 571:572 573:572"
"فاطمہ","ڈاکٹر ارشد احمد",22,"434 435 436 490 492 494 495 520 521 522 523 527 530 531 533","437:432 437:433 437:434 437:435 437:436 492:488 492:489 492:493 495:493 495:494 495:495 496:495 518:523 519:523 520:523 521:523 522:523 523:523 529:525 529:532 531:532 535:532"
"فاطمہ","کمال",7,"301 332 333 514 517 529 530","299:303 335:330 335:332 512:517 518:517 529:530 531:530"
"فاطمہ","کمند علی خان",1,"337","335:340"
"فاطمہ","کنیز",1,"301","299:304"
"فاطمہ","کیپٹن خانزادہ",4,"562 569 570","560:564 571:568 571:569 571:570"
"فاطمہ","کیپٹن گل ریز",4,"561 569 570","560:562 571:568 571:569 571:570"
"فاطمہ","ہیری",1,"243","244:242"
"لاری صاحب","ماموں ہیرس",2,"92 93","93:91 93:93"
"لاری صاحب","مردان",4,"68 70 72 95","71:66 71:70 71:73 93:98"
"لاری صاحب","مرزا بیٹریاں",1,"93","93:94"
"لاری صاحب","مشاہد",10,"68 69 70 71 90 91 92 93","71:66 71:67 71:68 71:69 71:70 71:71 93:88 93:90 93:92 93:93"
"لاری صاحب","مشتاق واہ واہ",1,"94","93:95"
"لاری صاحب","مظہر شاہ",1,"93","93:93"
"لاری صاحب","ٹریور",1,"94","93:95"
"لاری صاحب","پال",1,"71","71:71"
"لاری صاحب","پیٹر",2,"71 95","71:71 93:98"
"لاری صاحب","چوہدری اللہ داد خان",3,"90 92 93","93:88 93:92 93:93"
"لاری صاحب","کانی",1,"93","93:94"
"لاری صاحب","کمال",1,"94","93:95"
"لاری صاحب","کنیز",1,"94","93:95"
"لاری صاحب","ہاتھی دانت",2,"71 93","71:71 93:93"
"لاری صاحب","ہیری",2,"92 95","93:91 93:98"
"مالی شریف","مردان",14,"427 430 507 508 510 521 522 540 541 574 578","430:425 430:430 509:505 509:506 509:507 509:508 509:512 523:520 523:522 543:538 543:539 543:540 577:572 577:580"
"مالی شریف","مسز حسین",1,"430","430:431"
"مالی شریف","مشائلہ",1,"430","430:430"
"مالی شریف","مشاہد",28,"427 428 429 430 506 507 508 509 521 522 523 540 541 542 543 544 575 576 577","430:425 430:427 430:428 430:429 430:430 509:504 509:506 509:507 509:508 509:509 523:519 523:520 523:521 523:522 523:523 543:538 543:539 543:540 543:541 543:542 543:543 544:543 544:544 577:573 577:574 577:575 577:576 577:577"
"مالی شریف","نمبردار اللہ دوایا",1,"427","430:425"
"مالی شریف","نوراں",2,"544 545","543:546 544:546"
"مالی شریف","چوہدری اللہ داد خان",2,"522 574","523:522 577:572"
"مالی شریف","ڈاکٹر ارشد احمد",3,"427 431 523","430:425 430:432 523:523"
"ماموں ہیرس","مردان",1,"95","93:98"
"ماموں ہیرس","مرزا بیٹریاں",2,"92 93","91:94 93:94"
"ماموں ہیرس","مشاہد",6,"88 89 90 91 92 93","91:86 91:88 91:90 91:92 93:92 93:93"
"ماموں ہیرس","مشتاق واہ واہ",2,"93 94","91:95 93:95"
"ماموں ہیرس","مظہر شاہ",2,"92 93","91:93 93:93"
"ماموں ہیرس","ٹریور",2,"93 94","91:95 93:95"
"ماموں ہیرس","پیٹر",1,"95","93:98"
"ماموں ہیرس","چوہدری اللہ داد خان",6,"88 89 91 92 93","91:86 91:87 91:88 91:92 93:92 93:93"
"ماموں ہیرس","کانی",2,"92 93","91:94 93:94"
"ماموں ہیرس","کمال",2,"93 94","91:95 93:95"
"ماموں ہیرس","کنیز",2,"93 94","91:95 93:95"
"ماموں ہیرس","ہاتھی دانت",2,"92 93","91:93 93:93"
"ماموں ہیرس","ہیری",3,"91 92 95","91:91 93:91 93:98"
"محمد غنی چیمہ","مردان",1,"75","77:73"
"محمد غنی چیمہ","مرزا بیٹریاں",1,"77","77:78"
"محمد غنی چیمہ","مشاہد",5,"74 75 76 77","77:72 77:73 77:74 77:76 77:77"
"محمد غنی چیمہ","پیٹر",1,"79","77:81"
"محمد غنی چیمہ","چوہدری اللہ داد خان",1,"78","77:80"
"محمد غنی چیمہ","کمال",1,"77","77:78"
"مردان","مرزا بیٹریاں",7,"75 96 479 480 481 483","73:78 98:94 477:482 478:482 479:482 480:482 484:482"
"مردان","مسز حسین",42,"362 363 364 365 366 367 368 369 407 408 409 410 411 412 420 421 430 431 433 460 462 463 470 471 472 473 474 475","360:364 361:364 363:364 364:364 365:364 365:365 366:365 366:366 367:366 367:367 368:367 368:368 371:368 405:410 406:410 407:410 408:410 409:410 410:410 412:410 412:412 420:420 421:420 421:421 422:421 430:431 431:431 435:431 435:432 460:460 461:460 461:463 462:463 463:463 464:463 468:473 469:473 470:473 472:473 474:473 474:474 476:474"
"مردان","مشائلہ",24,"320 321 323 324 325 328 331 337 338 339 380 381 382 389 394 399 400 427 430","321:320 321:321 325:321 325:322 325:323 325:324 325:325 331:326 331:331 339:336 339:337 339:338 339:339 378:383 379:383 382:383 391:388 392:397 401:397 401:398 401:399 425:430 430:430 431:430"
"مردان","مشاہد",351,"18 19 20 21 22 23 24 25 26 27 28 29 30 31 32 33 34 35 36 37 38 39 40 41 42 44 45 46 47 48 49 50 52 53 54 55 56 57 58 59 63 64 65 66 68 69 70 71 72 73 95 96 97 98 104 105 106 109 110 111 112 113 114 115 116 117 118 119 120 121 122 123 124 125 128 129 130 131 137 138 139 140 144 145 146 147 149 150 151 152 157 158 159 162 164 173 174 175 176 190 191 192 238 239 240 283 284 285 286 318 319 320 321 323 324 325 328 331 336 337 338 367 368 369 370 378 379 380 381 382 388 389 391 392 398 399 400 401 402 403 404 405 406 407 408 410 411 419 422 423 424 425 427 428 429 430 431 433 434 436 443 444 445 446 447 448 449 450 451 452 457 458 459 460 466 467 468 469 470 471 472 473 474 475 478 479 480 482 487 488 490 491 493 494 498 499 500 501 503 504 505 506 507 508 510 511 513 517 518 519 520 521 522 528 529 530 531 532 533 534 535 536 537 538 539 540 548 549 550 551 558 559 560 561 562 568 569 570 571 572 577 578 579 580 581 582","21:16 21:18 21:19 21:20 21:21 22:21 22:22 23:22 23:23 24:23 24:24 25:24 25:25 26:25 26:26 27:26 27:27 28:27 28:28 30:28 30:29 30:30 31:30 31:31 33:31 33:32 33:33 34:33 34:34 35:34 35:36 36:36 37:36 37:37 38:37 38:38 39:38 39:39 41:39 41:41 42:41 42:42 43:42 43:46 44:46 45:46 46:46 48:46 48:47 48:48 50:48 50:49 50:50 54:50 54:51 54:52 54:53 54:54 55:54 55:56 56:56 57:56 57:57 58:57 58:58 59:58 59:60 66:61 66:62 66:63 66:64 66:66 70:66 70:67 70:68 70:69 70:70 73:70 73:71 73:72 73:73 98:93 98:94 98:97 98:98 105:104 105:106 106:106 112:107 112:108 112:110 112:112 113:112 113:113 115:113 115:115 116:115 116:116 117:116 117:117 120:117 120:118 120:119 120:120 121:120 121:121 122:121 122:122 123:122 123:124 124:124 126:124 126:131 127:131 129:131 130:131 132:131 136:139 137:139 138:139 139:139 140:139 140:141 147:142 147:143 147:144 147:146 147:147 151:147 151:149 151:152 153:152 155:160 156:160 157:160 158:160 159:160 164:160 164:161 164:164 176:171 176:172 176:173 176:174 176:176 192:189 192:190 192:191 192:192 240:236 240:237 240:238 240:239 240:240 286:281 286:283 286:284 286:286 321:316 321:317 321:318 321:319 321:320 321:321 325:321 325:322 325:324 325:325 331:326 331:331 339:334 339:335 339:337 339:338 365:370 366:370 367:370 368:370 371:370 376:381 377:381 378:381 379:381 382:381 382:382 391:386 391:387 391:388 391:391 392:391 392:393 401:396 401:397 401:399 401:401 402:401 402:402 404:402 404:403 404:404 405:404 405:406 406:406 407:406 407:407 408:407 408:408 409:408 409:411 410:411 412:411 420:418 420:419 420:424 421:424 422:424 423:424 424:424 425:424 425:425 430:425 430:427 430:428 430:429 430:430 431:430 431:431 435:431 435:433 435:438 446:441 446:442 446:443 446:444 446:446 449:446 449:447 449:448 449:449 452:449 452:450 452:451 452:452 460:455 460:456 460:457 460:458 460:459 460:460 461:460 464:469 465:469 466:469 468:469 469:469 470:469 470:470 472:470 472:473 474:473 474:474 476:474 476:481 477:481 478:481 479:481 480:481 484:481 485:490 486:490 487:490 491:490 491:492 494:492 494:493 494:494 501:496 501:497 501:498 501:499 501:500 501:501 505:501 505:502 505:504 505:506 506:506 507:506 507:507 508:507 508:508 512:508 512:509 512:510 512:515 520:515 520:516 520:517 520:519 520:520 522:520 522:521 522:522 531:526 531:527 531:529 531:531 533:531 533:532 533:533 535:533 535:534 535:535 536:535 536:536 537:536 537:537 538:537 538:538 539:538 539:539 540:539 540:540 551:546 551:547 551:548 551:549 551:550 551:551 561:556 561:557 561:558 561:560 561:561 562:561 562:562 563:562 566:571 568:571 569:571 570:571 572:571 572:573 580:575 580:576 580:577 580:578 580:579 580:580 582:580 582:582"
"مردان","مشتاق واہ واہ",5,"96 131 132 134","98:95 129:133 130:133 132:133 136:133"
"مردان","مظہر شاہ",1,"95","98:93"
"مردان","ملک معراج",3,"107 108 111","105:110 106:110 112:110"
"مردان","موسیقار آقا نواز",3,"318 319","321:316 321:317 321:318"
"مردان","مولوی احتشام الدین",14,"350 351 461 462 463 464 466 467 468","348:352 349:352 350:352 460:463 461:463 462:463 463:463 464:463 464:464 465:464 465:468 466:468 468:468 469:468"
"مردان","مہر النساء",6,"465 466 467 468","463:468 464:468 465:468 466:468 468:468 469:468"
"مردان","نازنین بابر",63,"124 125 126 127 128 152 153 154 155 156 157 158 159 161 361 362 365 366 367 368 369 371 372 375 376 377 378 379 380 403 404 405 406 408 409 410 411 476 477 478 562 563","122:127 123:127 124:127 126:127 127:127 129:127 151:153 153:153 154:153 154:154 155:154 155:156 156:156 157:156 157:157 158:157 158:159 159:159 164:159 360:362 361:362 363:362 363:368 364:368 365:368 366:368 367:368 368:368 371:368 371:371 373:371 373:377 374:377 375:377 376:377 377:377 378:377 378:378 379:378 379:379 382:379 401:405 402:405 404:405 405:405 406:405 406:406 407:406 407:409 408:409 409:409 410:409 410:410 412:410 474:478 476:478 477:478 478:478 479:478 561:563 562:563 563:563 564:563"
"مردان","نمبردار اللہ دوایا",24,"406 407 408 412 413 417 418 419 420 421 422 423 424 425 427 436","404:408 405:408 406:408 407:408 408:408 409:408 410:415 412:415 420:415 420:416 420:417 420:419 420:421 421:421 422:421 422:422 423:422 423:423 424:423 424:424 425:424 425:425 430:425 435:438"
"مردان","نور الہدی",22,"131 132 133 135 136 341 344 351 352 358 472 473 474 475 478 479 480 482","129:134 130:134 132:134 136:134 136:135 136:136 137:136 339:343 345:343 349:354 350:354 360:356 470:475 472:475 474:475 476:475 476:480 477:480 478:480 479:480 480:480 484:480"
"مردان","نوراں",16,"366 367 368 370 378 379 380 381 392 548 549","364:369 365:369 366:369 367:369 368:369 371:369 376:381 377:381 378:381 379:381 382:381 391:393 392:393 551:546 551:547 551:548"
"مردان","ٹریور",1,"96","98:95"
"مردان","پال",18,"46 47 48 49 51 53 57 58 59 68 70 72 240 502 504","44:49 45:49 46:49 48:49 50:49 50:52 54:52 55:60 56:60 57:60 58:60 59:60 66:71 70:71 73:71 240:240 501:503 505:503"
"مردان","پروفیسر مشتاق",4,"131 132 134","129:133 130:133 132:133 136:133"
"مردان","پیٹر",19,"46 47 48 49 51 53 57 58 59 68 70 72 98 106 109","44:49 45:49 46:49 48:49 50:49 50:52 54:52 55:60 56:60 57:60 58:60 59:60 66:71 70:71 73:71 98:98 105:107 106:107 112:107"
"مردان","چاچا محمد بخش",14,"45 46 47 48 49 113 114 115 116 117 118","43:48 44:48 45:48 46:48 48:48 50:48 112:115 113:115 115:115 116:115 116:116 117:116 117:117 120:117"
"مردان","چاچی رابیاں",3,"112 113 114","112:113 113:113 115:113"
"مردان","چاچی مہراں",2,"99 103","98:101 105:101"
"مردان","چراغ دین",5,"99 103 104 190","98:101 105:101 105:102 105:103 192:188"
"مردان","چوہدری اللہ داد خان",81,"45 46 47 48 49 51 53 56 57 58 59 65 95 97 99 102 104 105 106 109 111 112 113 114 115 116 117 118 119 122 123 124 125 286 331 347 348 349 350 379 380 382 389 404 405 406 407 419 420 462 463 464 465 521 522 533 534 535 536 570 571 572","43:48 44:48 45:48 46:48 48:48 50:48 50:53 54:53 54:59 55:59 56:59 57:59 58:59 59:59 66:64 98:93 98:97 98:100 105:100 105:104 105:105 106:105 106:106 112:107 112:111 112:113 113:113 115:113 115:114 115:116 116:116 117:116 117:117 120:117 120:118 120:119 120:124 121:124 122:124 123:124 124:124 126:124 286:286 331:331 345:350 346:350 348:350 349:350 350:350 377:382 378:382 379:382 382:382 391:388 402:407 404:407 405:407 406:407 407:407 408:407 420:419 420:420 421:420 460:465 461:465 462:465 463:465 464:465 465:465 466:465 520:522 522:522 531:536 533:536 535:536 536:536 537:536 568:572 569:572 570:572 572:572"
"مردان","ڈاکٹر ارشد احمد",54,"20 119 121 122 142 146 147 149 150 158 159 160 162 166 177 190 191 192 402 403 404 422 423 424 425 427 431 433 434 435 486 487 489 490 492 493 494 521 522 531 532","21:19 117:122 120:122 121:122 122:122 123:122 140:145 147:145 147:147 151:147 151:149 151:150 156:161 157:161 158:161 159:161 164:161 164:168 176:178 192:189 192:190 192:192 401:403 402:403 404:403 404:404 405:404 420:424 421:424 422:424 423:424 424:424 425:424 425:425 430:425 430:432 431:432 435:432 435:433 435:434 435:435 484:488 485:488 486:488 487:488 491:488 491:489 491:493 494:493 494:494 520:523 522:523 531:532 533:532"
"مردان","کانی",1,"96","98:94"
"مردان","کمال",57,"23 24 25 47 48 49 50 52 58 59 60 63 64 65 75 96 97 98 106 107 110 149 151 152 166 178 189 190 326 329 330 331 361 362 363 474 475 476 481 482 484 485 486 514 518 530","21:25 22:25 23:25 24:25 25:25 26:25 45:50 46:50 48:50 50:50 54:50 56:61 57:61 58:61 59:61 66:61 66:62 66:63 66:64 73:78 98:95 98:97 98:99 105:108 106:108 112:108 147:151 151:151 153:151 164:168 176:181 192:187 192:188 325:328 331:328 331:329 331:330 331:332 360:363 361:363 363:363 364:363 472:476 474:476 476:476 477:476 479:484 480:484 484:484 485:484 485:485 486:485 486:486 487:486 512:517 520:517 531:530"
"مردان","کمند علی خان",27,"131 132 133 135 339 342 343 344 350 351 357 358 359 472 473 474 475 476 478 479 480 482","129:134 130:134 132:134 136:134 136:135 339:340 345:340 345:342 345:343 348:353 349:353 350:353 360:355 360:356 360:357 360:358 470:475 472:475 474:475 476:475 476:476 477:476 477:480 478:480 479:480 480:480 484:480"
"مردان","کنیز",1,"96","98:95"
"مردان","کیپٹن خانزادہ",12,"562 563 564 565 567 568 569 570 571","561:564 562:564 563:564 564:564 566:564 566:568 568:568 569:568 569:569 570:569 570:570 572:570"
"مردان","کیپٹن گل ریز",23,"153 154 155 156 361 362 363 561 562 565 566 567 568 569 570 571","151:156 153:156 154:156 155:156 156:156 157:156 360:362 361:362 363:362 363:363 364:363 561:562 562:562 563:562 563:568 564:568 566:568 568:568 569:568 569:569 570:569 570:570 572:570"
"مردان","ہاتھی دانت",7,"60 61 64 68 70 72 95","58:63 59:63 66:63 66:71 70:71 73:71 98:93"
"مردان","ہیری",2,"98 241","98:98 240:242"
"مرزا بیٹریاں","مشاہد",10,"75 76 77 78 92 93 94 481","78:73 78:74 78:76 78:77 78:78 94:90 94:92 94:93 94:94 482:481"
"مرزا بیٹریاں","مشتاق واہ واہ",1,"94","94:95"
"مرزا بیٹریاں","مظہر شاہ",1,"93","94:93"
"مرزا بیٹریاں","نازنین بابر",1,"480","482:478"
"مرزا بیٹریاں","نور الہدی",1,"481","482:480"
"مرزا بیٹریاں","ٹریور",1,"94","94:95"
"مرزا بیٹریاں","پیٹر",2,"79 96","78:81 94:98"
"مرزا بیٹریاں","چوہدری اللہ داد خان",4,"79 93 95","78:80 94:92 94:93 94:97"
"مرزا بیٹریاں","کانی",1,"94","94:94"
"مرزا بیٹریاں","کمال",3,"78 94 483","78:78 94:95 482:484"
"مرزا بیٹریاں","کمند علی خان",1,"481","482:480"
"مرزا بیٹریاں","کنیز",1,"94","94:95"
"مرزا بیٹریاں","ہاتھی دانت",1,"93","94:93"
"مرزا بیٹریاں","ہیری",2,"92 96","94:91 94:98"
"مسز حسین","مشائلہ",1,"430","431:430"
"مسز حسین","مشاہد",32,"367 368 369 408 409 410 411 419 422 429 430 431 432 457 458 459 460 461 471 473 474","365:370 366:370 367:370 368:370 410:406 410:407 410:408 410:411 412:411 420:418 420:419 420:424 421:424 431:427 431:428 431:429 431:430 431:431 432:431 432:433 460:455 460:456 460:457 460:458 460:459 460:460 463:460 473:469 473:470 473:473 474:473 474:474"
"مسز حسین","مولوی احتشام الدین",3,"461 463 470","460:463 463:463 473:468"
"مسز حسین","مہر النساء",2,"465 470","463:468 473:468"
"مسز حسین","نازنین بابر",13,"363 366 367 368 407 408 409 410 411 475 476","364:362 364:368 365:368 366:368 367:368 368:368 410:405 410:406 410:409 410:410 412:410 473:478 474:478"
"مسز حسین","نمبردار اللہ دوایا",9,"409 412 413 417 418 419 420 421","410:408 410:415 412:415 420:415 420:416 420:417 420:419 420:421 421:421"
"مسز حسین","نور الہدی",2,"474","473:475 474:475"
"مسز حسین","نوراں",5,"366 367 368","364:369 365:369 366:369 367:369 368:369"
"مسز حسین","چوہدری اللہ داد خان",6,"408 419 420 462 464","410:407 420:419 420:420 421:420 460:465 463:465"
"مسز حسین","ڈاکٹر ارشد احمد",4,"422 431 432","420:424 421:424 431:432 432:432"
"مسز حسین","کمال",3,"363 474 475","364:363 473:476 474:476"
"مسز حسین","کمند علی خان",2,"474","473:475 474:475"
"مسز حسین","کیپٹن گل ریز",2,"363","364:362 364:363"
"مشائلہ","مشاہد",52,"309 310 312 318 319 320 321 322 323 324 325 326 328 331 333 334 335 336 337 338 382 383 384 386 387 388 395 396 397 398 399 427 428 429 430","312:307 312:308 312:312 320:316 320:317 320:318 320:319 320:320 321:320 321:321 322:321 322:322 323:322 323:324 324:324 325:324 325:325 326:325 326:326 331:326 331:331 336:331 336:333 336:334 336:335 336:337 337:337 338:337 338:338 339:338 383:381 383:382 383:384 384:384 388:384 388:385 388:386 388:387 388:388 397:393 397:394 397:395 397:396 397:397 398:397 398:399 399:399 430:425 430:427 430:428 430:429 430:430"
"مشائلہ","موسیقار آقا نواز",4,"314 318 319","312:316 320:316 320:317 320:318"
"مشائلہ","نازنین بابر",2,"380 381","383:378 383:379"
"مشائلہ","نمبردار اللہ دوایا",1,"427","430:425"
"مشائلہ","نور الہدی",2,"340 341","338:343 339:343"
"مشائلہ","نوراں",7,"309 310 382 390 395","312:307 312:308 312:309 383:381 388:393 397:393 397:394"
"مشائلہ","چوہدری اللہ داد خان",8,"312 328 331 333 382 385 386 388","312:313 326:331 331:331 336:331 383:382 383:388 384:388 388:388"
"مشائلہ","ڈاکٹر ارشد احمد",4,"400 401 427 431","398:403 399:403 430:425 430:432"
"مشائلہ","کمال",9,"325 326 327 329 330 331 334","323:328 324:328 325:328 326:328 331:328 331:329 331:330 331:332 336:332"
"مشائلہ","کمند علی خان",4,"338 339","336:340 337:340 338:340 339:340"
"مشاہد","مشتاق واہ واہ",6,"92 93 94 96 132","90:95 92:95 93:95 94:95 97:95 131:133"
"مشاہد","مظہر شاہ",5,"90 91 92 93","88:93 90:93 92:93 93:93 94:93"
"مشاہد","ملک معراج",5,"108 109 110 111","106:110 107:110 108:110 110:110 112:110"
"مشاہد","موسیقار آقا نواز",9,"314 315 316 317 318","312:316 313:316 314:316 316:316 317:316 317:317 318:317 318:318 319:318"
"مشاہد","مولوی احتشام الدین",5,"460 461 466 468","458:463 459:463 460:463 469:464 469:468"
"مشاہد","مہر النساء",1,"468","469:468"
"مشاہد","نازنین بابر",31,"124 125 129 151 152 158 159 369 370 379 380 403 404 405 406 408 410 475 476 479 560 561 562","122:127 124:127 131:127 149:153 152:153 160:156 160:157 160:159 370:368 370:371 381:377 381:378 381:379 401:405 402:405 403:405 404:405 406:405 406:406 407:406 407:409 408:409 411:409 411:410 473:478 474:478 481:478 558:563 560:563 561:563 562:563"
"مشاہد","نمبردار اللہ دوایا",23,"405 406 407 408 409 413 416 417 418 419 421 422 423 424 425 426 435 438","403:408 404:408 406:408 407:408 408:408 411:408 411:415 418:415 418:416 418:417 418:419 419:419 424:419 424:421 424:422 424:423 424:424 425:424 425:425 427:425 433:438 438:438 439:438"
"مشاہد","نور الہدی",9,"132 136 137 340 472 474 480","131:134 139:134 139:135 139:136 338:343 470:475 473:475 474:475 481:480"
"مشاہد","نوراں",32,"302 303 304 305 306 307 308 310 369 381 390 392 393 394 543 544 545 546 547 548","300:305 302:305 304:305 305:305 306:305 306:306 307:306 307:307 308:307 308:308 312:308 312:309 370:369 381:381 382:381 388:393 391:393 393:393 394:393 394:394 395:394 541:546 542:546 543:546 544:546 545:546 546:546 547:546 547:547 548:547 548:548 549:548"
"مشاہد","ٹریور",5,"92 93 94 96","90:95 92:95 93:95 94:95 97:95"
"مشاہد","پال",35,"1 47 48 49 51 52 58 59 60 68 69 70 71 238 239 240 500 501 502 503","1:1 2:1 46:49 47:49 48:49 49:49 50:49 50:52 51:52 52:52 53:52 56:60 57:60 58:60 60:60 61:60 66:71 67:71 68:71 69:71 70:71 71:71 72:71 236:240 237:240 238:240 239:240 240:240 241:240 498:503 499:503 500:503 501:503 502:503 504:503"
"مشاہد","پروفیسر مشتاق",1,"132","131:133"
"مشاہد","پیٹر",43,"47 48 49 51 52 58 59 60 68 69 70 71 78 79 80 81 82 95 96 97 98 105 106 107 207 208 209","46:49 47:49 48:49 49:49 50:49 50:52 51:52 52:52 53:52 56:60 57:60 58:60 60:60 61:60 66:71 67:71 68:71 69:71 70:71 71:71 72:71 76:81 77:81 78:81 79:81 80:81 81:81 83:81 93:98 94:98 97:98 98:98 99:98 104:107 106:107 107:107 108:107 205:209 206:209 207:209 208:209 209:209 210:209"
"مشاہد","چاچا محمد بخش",13,"47 48 112 113 114 115 116 117","46:48 47:48 48:48 49:48 110:115 112:115 113:115 115:115 116:115 116:116 117:116 117:117 118:117"
"مشاہد","چاچی رابیاں",5,"110 111 112 113 114","108:113 110:113 112:113 113:113 115:113"
"مشاہد","چاچی مہراں",4,"99 100 102","97:101 98:101 99:101 104:101"
"مشاہد","چراغ دین",13,"99 100 102 103 188 208 209 210 211","97:101 98:101 99:101 104:101 104:102 104:103 189:188 206:211 207:211 208:211 209:211 210:211 212:211"
"مشاہد","چوہدری اللہ داد خان",137,"47 48 51 52 53 56 57 58 59 62 63 64 65 78 79 80 83 84 85 86 87 88 89 91 92 93 95 97 99 102 104 105 106 107 109 110 111 112 113 114 115 116 117 118 119 122 123 124 204 205 206 207 208 209 259 260 261 262 283 284 285 286 287 310 312 313 328 331 332 381 382 383 386 387 388 389 404 405 406 407 418 419 421 422 462 467 519 520 521 522 533 534 535 536 571 572","46:48 47:48 48:48 49:48 49:53 50:53 51:53 52:53 53:53 54:53 54:59 56:59 57:59 58:59 60:59 60:64 61:64 62:64 63:64 64:64 66:64 76:80 77:80 78:80 79:80 80:80 81:80 81:86 83:86 84:86 85:86 86:86 88:86 88:87 88:88 90:88 90:92 92:92 93:92 93:93 94:93 94:97 97:97 98:97 98:100 99:100 104:100 104:104 106:104 106:105 106:106 107:106 107:107 108:107 108:111 110:111 112:111 112:113 113:113 115:113 115:114 115:116 116:116 117:116 117:117 118:117 118:118 119:118 119:119 120:119 120:124 121:124 122:124 124:124 202:206 205:206 206:206 207:206 207:207 208:207 208:209 209:209 210:209 257:262 258:262 259:262 260:262 261:262 263:262 281:286 283:286 284:286 286:286 289:286 308:313 312:313 313:313 314:313 326:331 331:331 333:331 381:382 382:382 384:382 384:388 385:388 386:388 387:388 388:388 391:388 402:407 403:407 404:407 406:407 407:407 408:407 418:419 419:419 424:419 424:420 460:465 469:465 517:522 519:522 520:522 521:522 522:522 523:522 531:536 532:536 533:536 534:536 535:536 536:536 537:536 571:572 573:572"
"مشاہد","ڈاکٹر ارشد احمد",122,"1 2 3 16 17 18 19 119 120 121 122 123 143 144 145 146 147 148 149 150 151 160 161 162 166 167 168 169 170 175 176 177 178 179 189 190 191 192 194 195 198 199 200 201 211 212 213 214 216 217 218 219 290 291 292 401 402 403 404 405 421 424 425 426 429 430 431 432 433 435 436 437 489 491 492 493 494 495 521 522 523 524 525 529 530 531 532","1:1 2:1 2:2 3:2 3:3 4:3 14:19 16:19 18:19 19:19 20:19 117:122 118:122 119:122 120:122 121:122 122:122 124:122 141:145 142:145 143:145 144:145 146:145 146:147 147:147 149:147 149:149 152:149 152:150 160:161 161:161 164:161 164:168 167:168 168:168 169:168 169:169 170:169 170:170 171:170 173:178 174:178 176:178 177:178 178:178 179:178 179:179 189:189 190:189 190:190 191:190 191:192 192:192 193:192 193:195 195:195 196:195 196:200 197:200 198:200 199:200 200:200 202:200 209:214 210:214 212:214 214:214 219:214 219:215 219:218 219:219 220:219 289:292 291:292 292:292 293:292 399:403 401:403 402:403 403:403 404:403 404:404 406:404 419:424 424:424 425:424 425:425 427:425 427:432 428:432 429:432 430:432 431:432 433:432 433:433 438:433 438:434 438:435 438:436 490:488 490:489 490:493 492:493 493:493 494:493 494:494 495:494 495:495 496:495 519:523 520:523 521:523 522:523 523:523 525:523 525:525 526:525 527:532 529:532 531:532 532:532 533:532"
"مشاہد","کانی",11,"81 82 83 84 92 93 94 95","79:84 80:84 81:84 83:84 84:84 85:84 90:94 92:94 93:94 94:94 97:94"
"مشاہد","کمال",125,"22 23 24 25 48 49 50 58 59 60 61 62 63 64 65 75 76 77 78 79 80 81 82 92 93 94 96 97 98 99 101 106 107 108 109 148 149 150 151 166 167 168 178 179 180 186 187 188 198 199 200 201 202 203 208 209 210 211 212 213 214 216 217 218 219 229 230 231 232 300 301 302 303 326 327 329 330 331 332 474 475 478 482 487 488 516 517 518 527 528 529 530","20:25 21:25 22:25 23:25 24:25 25:25 26:25 46:50 47:50 48:50 49:50 50:50 51:50 56:61 57:61 58:61 60:61 61:61 62:61 62:62 63:62 63:63 64:63 64:64 66:64 73:78 74:78 76:78 77:78 78:78 79:78 79:79 80:79 80:81 81:81 83:81 90:95 92:95 93:95 94:95 97:95 97:97 98:97 98:99 99:99 104:99 104:108 106:108 107:108 108:108 110:108 146:151 147:151 149:151 152:151 164:168 167:168 168:168 169:168 176:181 177:181 178:181 179:181 189:184 189:185 189:186 189:187 189:188 196:201 197:201 198:201 199:201 200:201 202:201 202:202 205:202 206:211 207:211 208:211 209:211 210:211 212:211 212:213 214:213 214:214 219:214 219:216 219:217 219:219 220:219 227:232 228:232 229:232 230:232 231:232 232:232 233:232 298:303 299:303 300:303 302:303 304:303 324:328 325:328 326:328 331:328 331:329 331:330 331:332 333:332 473:476 474:476 481:476 481:484 490:485 490:486 515:517 516:517 517:517 519:517 525:530 526:530 527:530 529:530 531:530"
"مشاہد","کمند علی خان",11,"132 136 137 337 338 339 472 474 478 480","131:134 139:134 139:135 335:340 337:340 338:340 470:475 473:475 474:475 481:476 481:480"
"مشاہد","کنیز",10,"92 93 94 96 301 302 303 304","90:95 92:95 93:95 94:95 97:95 299:304 300:304 302:304 304:304 305:304"
"مشاہد","کیپٹن خانزادہ",6,"562 563 569 570","560:564 561:564 562:564 571:568 571:569 571:570"
"مشاہد","کیپٹن گل ریز",10,"154 158 559 560 561 562 569 570","152:156 160:156 557:562 558:562 560:562 561:562 562:562 571:568 571:569 571:570"
"مشاہد","ہاتھی دانت",18,"60 61 62 63 68 69 70 71 90 91 92 93","58:63 60:63 61:63 62:63 63:63 64:63 66:71 67:71 68:71 69:71 70:71 71:71 72:71 88:93 90:93 92:93 93:93 94:93"
"مشاہد","ہیری",15,"88 89 90 91 95 96 97 98 239 240 241 242","86:91 88:91 90:91 92:91 93:98 94:98 97:98 98:98 99:98 237:242 238:242 239:242 240:242 241:242 243:242"
"مشتاق واہ واہ","مظہر شاہ",1,"94","95:93"
"مشتاق واہ واہ","نور الہدی",1,"133","133:134"
"مشتاق واہ واہ","ٹریور",1,"95","95:95"
"مشتاق واہ واہ","پروفیسر مشتاق",1,"133","133:133"
"مشتاق واہ واہ","پیٹر",1,"96","95:98"
"مشتاق واہ واہ","چوہدری اللہ داد خان",3,"93 94 96","95:92 95:93 95:97"
"مشتاق واہ واہ","کانی",1,"94","95:94"
"مشتاق واہ واہ","کمال",1,"95","95:95"
"مشتاق واہ واہ","کمند علی خان",1,"133","133:134"
"مشتاق واہ واہ","کنیز",1,"95","95:95"
"مشتاق واہ واہ","ہاتھی دانت",1,"94","95:93"
"مشتاق واہ واہ","ہیری",2,"93 96","95:91 95:98"
"مظہر شاہ","ٹریور",1,"94","93:95"
"مظہر شاہ","پیٹر",1,"95","93:98"
"مظہر شاہ","چوہدری اللہ داد خان",3,"90 92 93","93:88 93:92 93:93"
"مظہر شاہ","کانی",1,"93","93:94"
"مظہر شاہ","کمال",1,"94","93:95"
"مظہر شاہ","کنیز",1,"94","93:95"
"مظہر شاہ","ہاتھی دانت",1,"93","93:93"
"مظہر شاہ","ہیری",2,"92 95","93:91 93:98"
"ملک معراج","پیٹر",1,"108","110:107"
"ملک معراج","چاچا محمد بخش",1,"112","110:115"
"ملک معراج","چاچی رابیاں",1,"111","110:113"
"ملک معراج","چوہدری اللہ داد خان",4,"107 108 110","110:105 110:106 110:107 110:111"
"ملک معراج","کمال",1,"109","110:108"
"موسیقار آقا نواز","چوہدری اللہ داد خان",1,"314","316:313"
"مولوی احتشام الدین","مہر النساء",3,"465 466 468","463:468 464:468 468:468"
"مولوی احتشام الدین","نور الہدی",1,"353","352:354"
"مولوی احتشام الدین","چوہدری اللہ داد خان",4,"351 464 466","352:350 463:465 464:465 468:465"
"مولوی احتشام الدین","کمند علی خان",1,"352","352:353"
"مہر النساء","چوہدری اللہ داد خان",1,"466","468:465"
"نازنین بابر","نمبردار اللہ دوایا",4,"406 407 408 412","405:408 406:408 409:408 410:415"
"نازنین بابر","نور الہدی",2,"476 479","478:475 478:480"
"نازنین بابر","نوراں",5,"368 370 379 380","368:369 371:369 377:381 378:381 379:381"
"نازنین بابر","چوہدری اللہ داد خان",7,"125 379 380 406 408","127:124 377:382 378:382 379:382 405:407 406:407 409:407"
"نازنین بابر","ڈاکٹر ارشد احمد",8,"124 151 158 159 160 404","127:122 153:149 153:150 156:161 157:161 159:161 405:403 405:404"
"نازنین بابر","کمال",4,"152 362 365 477","153:151 362:363 368:363 478:476"
"نازنین بابر","کمند علی خان",5,"359 360 476 477 479","362:357 362:358 478:475 478:476 478:480"
"نازنین بابر","کیپٹن خانزادہ",1,"563","563:564"
"نازنین بابر","کیپٹن گل ریز",8,"154 155 156 362 365 562 565","153:156 154:156 156:156 157:156 362:362 368:363 563:562 563:568"
"نمبردار اللہ دوایا","چوہدری اللہ داد خان",7,"407 417 418 419 420","408:407 415:419 416:419 417:419 419:419 421:419 421:420"
"نمبردار اللہ دوایا","ڈاکٹر ارشد احمد",13,"405 406 421 422 423 424 425 435 436 437","408:403 408:404 419:424 421:424 422:424 423:424 424:424 425:424 425:425 438:433 438:434 438:435 438:436"
"نور الہدی","پروفیسر مشتاق",1,"133","134:133"
"نور الہدی","چوہدری اللہ داد خان",1,"352","354:350"
"نور الہدی","کمال",3,"475 478 482","475:476 480:476 480:484"
"نور الہدی","کمند علی خان",16,"134 135 341 342 343 353 354 355 356 475 477 478 480","134:134 135:134 135:135 136:135 343:340 343:342 343:343 354:353 354:354 356:354 356:355 356:356 475:475 480:475 480:476 480:480"
"نوراں","چوہدری اللہ داد خان",4,"310 311 381 390","308:313 309:313 381:382 393:388"
"نوراں","کمال",1,"304","305:303"
"نوراں","کنیز",1,"304","305:304"
"ٹریور","پیٹر",1,"96","95:98"
"ٹریور","چوہدری اللہ داد خان",3,"93 94 96","95:92 95:93 95:97"
"ٹریور","کانی",1,"94","95:94"
"ٹریور","کمال",1,"95","95:95"
"ٹریور","کنیز",1,"95","95:95"
"ٹریور","ہاتھی دانت",1,"94","95:93"
"ٹریور","ہیری",2,"93 96","95:91 95:98"
"پال","پیٹر",5,"49 50 52 60 71","49:49 52:49 52:52 60:60 71:71"
"پال","چاچا محمد بخش",1,"48","49:48"
"پال","چوہدری اللہ داد خان",5,"48 51 52 59 62","49:48 49:53 52:53 60:59 60:64"
"پال","ڈاکٹر ارشد احمد",1,"1","1:1"
"پال","کمال",3,"49 51 60","49:50 52:50 60:61"
"پال","ہاتھی دانت",2,"61 71","60:63 71:71"
"پال","ہیری",1,"241","240:242"
"پروفیسر مشتاق","کمند علی خان",1,"133","133:134"
"پیٹر","چاچا محمد بخش",1,"48","49:48"
"پیٹر","چاچی مہراں",1,"99","98:101"
"پیٹر","چراغ دین",4,"99 104 105 210","98:101 107:102 107:103 209:211"
"پیٹر","چوہدری اللہ داد خان",17,"48 51 52 59 62 80 83 95 97 99 105 106 107 207 208 209","49:48 49:53 52:53 60:59 60:64 81:80 81:86 98:93 98:97 98:100 107:104 107:105 107:106 107:107 209:206 209:207 209:209"
"پیٹر","ڈاکٹر ارشد احمد",1,"211","209:214"
"پیٹر","کانی",2,"82 96","81:84 98:94"
"پیٹر","کمال",11,"49 51 60 79 80 81 96 97 98 107 210","49:50 52:50 60:61 81:78 81:79 81:81 98:95 98:97 98:99 107:108 209:211"
"پیٹر","کنیز",1,"96","98:95"
"پیٹر","ہاتھی دانت",3,"61 71 95","60:63 71:71 98:93"
"پیٹر","ہیری",1,"98","98:98"
"چاچا محمد بخش","چاچی رابیاں",1,"114","115:113"
"چاچا محمد بخش","چوہدری اللہ داد خان",8,"48 113 114 115 116 117","48:48 115:111 115:113 115:114 115:116 116:116 117:116 117:117"
"چاچا محمد بخش","ڈاکٹر ارشد احمد",1,"119","117:122"
"چاچا محمد بخش","کمال",1,"49","48:50"
"چاچی رابیاں","چوہدری اللہ داد خان",2,"112 113","113:111 113:113"
"چاچی رابیاں","کمال",1,"110","113:108"
"چاچی مہراں","چراغ دین",1,"101","101:101"
"چاچی مہراں","چوہدری اللہ داد خان",3,"99 100 102","101:97 101:100 101:104"
"چاچی مہراں","کمال",2,"99 100","101:97 101:99"
"چاچی مہراں","ہیری",1,"99","101:98"
"چراغ دین","چوہدری اللہ داد خان",8,"99 100 102 103 208 209 210","101:97 101:100 101:104 102:104 103:104 211:206 211:207 211:209"
"چراغ دین","ڈاکٹر ارشد احمد",3,"185 188 212","188:183 188:189 211:214"
"چراغ دین","کمال",10,"99 100 105 185 186 187 188 211","101:97 101:99 103:108 188:183 188:184 188:185 188:186 188:187 188:188 211:211"
"چراغ دین","ہیری",1,"99","101:98"
"چوہدری اللہ داد خان","ڈاکٹر ارشد احمد",11,"119 120 123 211 405 421 422 522 534","117:122 118:122 119:122 124:122 209:214 407:403 407:404 419:424 420:424 522:523 536:532"
"چوہدری اللہ داد خان","کانی",5,"82 85 93 95","80:84 86:84 92:94 93:94 97:94"
"چوہدری اللہ داد خان","کمال",32,"49 51 60 62 63 64 79 80 83 93 94 96 97 98 99 106 107 109 203 204 208 209 210 329 330 331 519","48:50 53:50 59:61 64:61 64:62 64:63 64:64 80:78 80:79 80:81 86:81 92:95 93:95 97:95 97:97 100:97 100:99 104:108 105:108 106:108 107:108 111:108 206:201 206:202 206:211 207:211 209:211 331:328 331:329 331:330 331:332 522:517"
"چوہدری اللہ داد خان","کمند علی خان",1,"351","350:353"
"چوہدری اللہ داد خان","کنیز",3,"93 94 96","92:95 93:95 97:95"
"چوہدری اللہ داد خان","کیپٹن خانزادہ",3,"570 571","572:568 572:569 572:570"
"چوہدری اللہ داد خان","کیپٹن گل ریز",3,"570 571","572:568 572:569 572:570"
"چوہدری اللہ داد خان","ہاتھی دانت",6,"61 63 90 92 93 95","59:63 64:63 88:93 92:93 93:93 97:93"
"چوہدری اللہ داد خان","ہیری",7,"88 89 91 95 97 99","86:91 87:91 88:91 92:91 93:98 97:98 100:98"
"ڈاکٹر ارشد احمد","کمال",30,"149 150 168 179 180 182 183 186 187 188 200 212 213 214 215 217 218 219 486 487 527 531","147:151 149:151 150:151 168:168 169:168 178:181 179:181 183:181 183:182 183:183 189:184 189:185 189:186 189:187 189:188 200:201 214:211 214:213 214:214 215:214 215:216 218:216 218:217 218:219 219:219 488:484 488:485 488:486 525:530 532:530"
"ڈاکٹر ارشد احمد","کیپٹن گل ریز",1,"158","161:156"
"کانی","کمال",3,"81 82 94","84:79 84:81 94:95"
"کانی","کنیز",1,"94","94:95"
"کانی","ہاتھی دانت",1,"93","94:93"
"کانی","ہیری",2,"92 96","94:91 94:98"
"کمال","کمند علی خان",4,"360 475 476 482","363:358 476:475 476:476 484:480"
"کمال","کنیز",3,"95 96 303","95:95 97:95 303:304"
"کمال","کیپٹن گل ریز",3,"153 362 363","151:156 363:362 363:363"
"کمال","ہاتھی دانت",5,"62 63 94","61:63 62:63 63:63 64:63 95:93"
"کمال","ہیری",4,"93 96 97 98","95:91 95:98 97:98 99:98"
"کمند علی خان","کیپٹن گل ریز",2,"359 360","357:362 358:362"
"کنیز","ہاتھی دانت",1,"94","95:93"
"کنیز","ہیری",2,"93 96","95:91 95:98"
"کیپٹن خانزادہ","کیپٹن گل ریز",7,"563 566 568 569 570","564:562 564:568 568:568 569:568 569:569 570:569 570:570"
"ہاتھی دانت","ہیری",2,"92 95","93:91 93:98"
