Character_A,Character_B,Weight,Pages(centers),Pairs(pa:pb)
"آبادی","ابا (امراؤ جان کے والد)",6,"158 159 167 168 175","161:156 161:157 162:172 163:172 164:172 178:172"
"آبادی","استاد جی",2,"161","161:161 162:161"
"آبادی","اماں",18,"156 158 159 160 161 162 163 164 174 175 176 177 178 179 182","161:152 161:156 161:157 161:158 161:159 161:162 162:162 163:162 163:164 164:164 178:170 178:171 178:172 178:175 178:176 178:179 179:179 185:179"
"آبادی","امراؤ جان",18,"156 157 159 161 162 163 164 173 177 178 179 182 186","161:151 161:154 161:158 161:161 162:161 162:162 163:162 163:163 164:163 164:165 178:169 178:176 178:177 178:178 179:178 179:179 185:179 185:187"
"آبادی","امراؤ کا منگیتر",1,"160","161:159"
"آبادی","امیر جان",4,"164 165","161:167 162:167 163:167 164:167"
"آبادی","اکبر علی خاں",6,"156 168 175 176 188","161:152 163:173 164:173 178:173 178:175 185:191"
"آبادی","اکبر علی خاں کی بیوی",16,"156 157 158 160 162 163 164 173 174 175 176 181 184","161:152 161:154 161:155 161:160 161:164 162:164 163:164 164:164 178:169 178:171 178:172 178:173 178:175 178:184 179:184 185:184"
"آبادی","بسم اللہ جان",7,"164 165 183 186","161:167 162:167 163:167 164:167 178:188 179:188 185:188"
"آبادی","بوا امیرن",7,"160 168 175 176 177","161:159 161:160 163:173 164:173 178:173 178:175 178:176"
"آبادی","بوا حسینی",5,"161 180 183","161:161 162:161 178:182 179:182 185:182"
"آبادی","بڑے خان صاحب",2,"176 177","178:175 178:176"
"آبادی","بیگا جان",2,"184 187","179:189 185:189"
"آبادی","بیگم محمد تقی خاں (کانپور والی)",4,"163 164","161:165 162:165 163:165 164:165"
"آبادی","تھانے دار صاحب",1,"188","185:192"
"آبادی","حسنا",4,"162 163","161:163 162:163 163:163 164:163"
"آبادی","حسین خاں",3,"168 175","163:173 164:173 178:173"
"آبادی","حسین علی صاحب",4,"162 163 164","161:164 162:164 163:164 164:164"
"آبادی","خان صاحب",8,"164 165 166 173 176 177 188","161:168 162:168 163:168 164:168 178:168 178:175 178:176 185:192"
"آبادی","خانم جان",10,"157 158 164 165 173 179 180 183","161:153 161:156 161:167 162:167 163:167 164:167 178:169 178:181 179:181 185:181"
"آبادی","خورشید جان",9,"164 165 174 175 183 186","161:167 162:167 163:167 164:167 178:170 178:172 178:188 179:188 185:188"
"آبادی","دلاور خان",4,"179 180 183 188","178:181 179:181 185:181 185:191"
"آبادی","سلار بخش",1,"188","185:191"
"آبادی","سید قطب الدین",3,"156 157 158","161:151 161:153 161:155"
"آبادی","شمشیر خان",3,"182 183 186","178:187 179:187 185:187"
"آبادی","مدن کی ماں",3,"156 176 177","161:152 178:175 178:176"
"آبادی","مرزا اسکندر حشمت",1,"156","161:151"
"آبادی","مرزا برجیس قدر",2,"156 158","161:151 161:155"
"آبادی","مرزا رسوا",36,"156 157 158 159 160 161 162 163 164 173 174 175 176 177 178 179 182 183 184 185","161:151 161:152 161:153 161:154 161:155 161:156 161:157 161:158 161:159 161:160 161:161 162:161 162:162 163:162 163:163 164:163 164:164 178:168 178:169 178:170 178:171 178:172 178:173 178:174 178:175 178:176 178:177 178:178 179:178 179:179 185:179 185:181 185:182 185:183 185:184 185:185"
"آبادی","منشی احمد حسن",1,"190","185:195"
"آبادی","منے",4,"162 163 164","161:164 162:164 163:164 164:164"
"آبادی","مکا پاسی",1,"189","185:193"
"آبادی","مہری",9,"163 164 173 174 182 183 186","161:165 162:165 163:165 164:165 178:169 178:170 178:187 179:187 185:187"
"آبادی","میاں امیر",7,"162 163 164 183 186","161:164 162:164 163:164 164:164 178:188 179:188 185:188"
"آبادی","میاں سعادت",4,"162 163 164","161:164 162:164 163:164 164:164"
"آبادی","میاں محمد بخش",4,"162 163 164","161:164 162:164 163:164 164:164"
"آبادی","میر صاحب",2,"157 158","161:153 161:156"
"آبادی","نواب بنّے خان",2,"184 187","179:189 185:189"
"آبادی","نواب راشد علی",5,"164 165 166 173","161:168 162:168 163:168 164:168 178:168"
"آبادی","نواب سلطان صاحب",6,"164 165 166 173","161:168 162:168 163:168 164:168 178:168 178:169"
"آبادی","نواب صاحب (مشاعرہ)",11,"158 159 162 163 164 174 175 181 182 185","161:156 161:157 161:164 162:164 163:164 164:164 178:170 178:172 178:185 179:185 185:185"
"آبادی","نواب عمدة النساء بیگم",4,"167 168 175","162:172 163:172 164:172 178:172"
"آبادی","نواب فخر النساء کی ماما",15,"156 160 165 166 167 174 175 176 181 184 185","161:152 161:159 161:160 161:170 162:170 163:170 164:170 178:170 178:171 178:173 178:174 178:184 179:184 185:184 185:185"
"آبادی","نواب محمد تقی خاں",4,"163 164 165","161:166 162:166 163:166 164:166"
"آبادی","نواب محمد تقی خاں کا صاحب زادہ",4,"163 164 165","161:166 162:166 163:166 164:166"
"آبادی","نواب ملکہ کشور",5,"156 163 164","161:151 161:165 162:165 163:165 164:165"
"آبادی","نواب چھین صاحب",2,"184 187","179:189 185:189"
"آبادی","نواب چھین صاحب کی والدہ",10,"159 161 162 167 174 181 184","161:158 161:162 162:162 163:162 163:171 164:171 178:171 178:184 179:184 185:184"
"آبادی","کریم",5,"165 166 167 174","161:170 162:170 163:170 164:170 178:170"
"آبادی","کریم کی ساس",2,"169 176","164:174 178:174"
"آبادی","کریمین",5,"165 166 167 174","161:170 162:170 163:170 164:170 178:170"
"آبادی","گوہر مرزا",10,"157 158 164 165 166 173 181 182 185","161:154 161:155 161:168 162:168 163:168 164:168 178:168 178:185 179:185 185:185"
"آغا صاحب","ابا (امراؤ جان کے والد)",1,"21","16:26"
"آغا صاحب","استاد جی",8,"5 8 9 10 11 12 13","7:4 7:10 8:10 9:10 10:10 12:10 12:12 14:12"
"آغا صاحب","اماں",3,"17 18 19","12:22 14:22 16:22"
"آغا صاحب","امراؤ جان",16,"7 8 9 10 11 12 13 14 15 16","7:7 8:7 8:8 9:8 9:9 10:9 10:10 12:10 12:11 12:12 14:12 14:13 14:14 16:14 16:15 16:16"
"آغا صاحب","اکبر علی خاں کی بیوی",6,"9 10 11 21","7:11 8:11 9:11 10:11 12:11 16:26"
"آغا صاحب","بسم اللہ جان",2,"19 20","14:24 16:24"
"آغا صاحب","بوا حسینی",1,"20","16:25"
"آغا صاحب","بیگم جعفر علی خان",1,"20","16:25"
"آغا صاحب","خان صاحب",13,"4 7 8 9 10 11 13 14 15 16","7:1 7:8 8:8 9:8 9:9 10:9 10:10 12:10 12:14 14:14 16:14 16:15 16:16"
"آغا صاحب","خانم جان",2,"19 20","14:24 16:24"
"آغا صاحب","دلاور خان",3,"16 17 18","12:21 14:21 16:21"
"آغا صاحب","رام دئی",2,"18 19","14:23 16:23"
"آغا صاحب","شیخ صاحب",9,"4 7 8 13 14 15 16","7:1 7:8 8:8 9:8 9:17 10:17 12:17 14:17 16:17"
"آغا صاحب","مرزا رسوا",22,"4 5 6 7 8 9 10 11 12 13 14 15 16","7:1 7:2 7:3 7:4 7:5 7:6 7:7 8:7 8:8 9:8 9:9 10:9 10:10 12:10 12:11 12:12 14:12 14:13 14:14 16:14 16:15 16:16"
"آغا صاحب","مطہر احق",1,"5","7:3"
"آغا صاحب","منشی احمد حسن",13,"4 7 10 11 12 13 14 15 16","7:1 7:7 8:7 8:12 9:12 10:12 12:12 14:12 14:13 14:14 16:14 16:15 16:16"
"آغا صاحب","منے",6,"10 11 12 13","7:13 8:13 9:13 10:13 12:13 14:13"
"آغا صاحب","مہری",5,"9 10 11","7:11 8:11 9:11 10:11 12:11"
"آغا صاحب","میاں امیر",6,"9 10 11 12 13","7:12 8:12 9:12 10:12 12:12 14:12"
"آغا صاحب","نواب صاحب (مشاعرہ)",11,"7 8 9 10 11 14 15 16","7:7 8:7 8:8 9:8 9:9 10:9 10:10 12:10 12:17 14:17 16:17"
"آغا صاحب","نواب فخر النساء کی ماما",2,"19 20","14:24 16:24"
"آغا صاحب","پنڈت جی",9,"7 11 12 13 14 15 16","7:7 8:7 8:15 9:15 10:15 12:15 14:15 16:15 16:16"
"آغا صاحب","پیر بخش",3,"16 17 18","12:21 14:21 16:21"
"آغا صاحب","چھوٹا بھائی",1,"21","16:26"
"آغا صاحب","کریم",3,"17 18 19","12:22 14:22 16:22"
"آغا صاحب","کریم کی جوری",2,"18 19","14:23 16:23"
"آغا صاحب","کریم کی ساس",3,"17 18 19","12:22 14:22 16:22"
"ابا (امراؤ جان کے والد)","استاد جی",9,"27 29 30 41 158 159","26:28 27:28 31:28 31:29 31:30 36:46 37:46 156:161 157:161"
"ابا (امراؤ جان کے والد)","اماں",25,"24 25 26 27 29 32 33 34 35 36 37 154 156 157 167 168 171 172","26:22 26:25 26:26 27:26 27:27 31:27 31:33 33:33 34:33 34:34 35:34 35:35 36:35 36:36 37:36 37:37 156:152 156:156 157:156 157:157 172:162 172:164 172:170 172:171 172:172"
"ابا (امراؤ جان کے والد)","امراؤ جان",22,"21 23 26 36 37 38 39 151 152 153 155 157 167 168 170 174","26:16 26:20 26:26 27:26 31:41 33:41 34:41 35:41 36:41 37:41 156:146 156:147 156:149 156:151 156:154 156:158 157:158 172:162 172:163 172:165 172:169 172:176"
"ابا (امراؤ جان کے والد)","امراؤ کا منگیتر",10,"30 32 33 34 35 157 158","26:34 27:34 31:34 33:34 34:34 35:34 35:35 36:35 156:159 157:159"
"ابا (امراؤ جان کے والد)","امیر بان",3,"26 27 29","26:27 27:27 31:27"
"ابا (امراؤ جان کے والد)","امیر جان",2,"162 169","157:167 172:167"
"ابا (امراؤ جان کے والد)","اکبر علی خاں",6,"151 152 153 154 172","156:146 156:148 156:149 156:150 156:152 172:173"
"ابا (امراؤ جان کے والد)","اکبر علی خاں کی بیوی",18,"26 31 33 34 35 153 154 155 158 168 170 171 172","26:26 27:26 27:35 31:35 33:35 34:35 35:35 36:35 156:150 156:152 156:154 156:155 156:160 157:160 172:164 172:169 172:171 172:172"
"ابا (امراؤ جان کے والد)","بسم اللہ جان",15,"25 26 27 29 30 36 37 38 39 162 169","26:24 26:27 27:27 31:27 31:28 31:29 31:30 31:41 33:41 34:41 35:41 36:41 37:41 157:167 172:167"
"ابا (امراؤ جان کے والد)","بند ڈومنی",6,"35 36 37 38","31:40 33:40 34:40 35:40 36:40 37:40"
"ابا (امراؤ جان کے والد)","بوا امیرن",4,"153 157 158 172","156:150 156:159 157:159 172:173"
"ابا (امراؤ جان کے والد)","بوا حسینی",15,"25 26 27 29 31 32 36 37 38 158 159 177","26:25 26:26 27:26 27:27 31:27 31:32 33:32 33:40 34:40 35:40 36:40 37:40 156:161 157:161 172:182"
"ابا (امراؤ جان کے والد)","بڑے خان صاحب",1,"173","172:175"
"ابا (امراؤ جان کے والد)","بیگا جان",5,"28 30 31 32","26:30 27:30 31:30 31:32 33:32"
"ابا (امراؤ جان کے والد)","بیگم جعفر علی خان",1,"25","26:25"
"ابا (امراؤ جان کے والد)","بیگم محمد تقی خاں (کانپور والی)",3,"160 161 168","156:165 157:165 172:165"
"ابا (امراؤ جان کے والد)","حسنا",5,"41 159 160 167","36:46 37:46 156:163 157:163 172:163"
"ابا (امراؤ جان کے والد)","حسین خاں",1,"172","172:173"
"ابا (امراؤ جان کے والد)","حسین علی صاحب",3,"160 168","156:164 157:164 172:164"
"ابا (امراؤ جان کے والد)","خان صاحب",8,"21 22 27 28 30 170 173","26:16 26:17 26:19 26:29 27:29 31:29 172:168 172:175"
"ابا (امراؤ جان کے والد)","خانم جان",23,"25 26 27 29 30 31 32 37 38 39 154 156 162 169 170 176","26:24 26:25 26:26 27:26 27:27 31:27 31:28 31:29 31:30 31:32 33:32 33:41 34:41 35:41 36:41 37:41 156:153 156:156 157:156 157:167 172:167 172:169 172:181"
"ابا (امراؤ جان کے والد)","خلیفہ جی",3,"27 28 30","26:29 27:29 31:29"
"ابا (امراؤ جان کے والد)","خورشید جان",9,"26 27 29 30 162 169 171 172","26:27 27:27 31:27 31:28 31:30 157:167 172:167 172:170 172:172"
"ابا (امراؤ جان کے والد)","دلاور خان",14,"23 24 25 28 29 31 32 35 36 37 176","26:21 26:22 26:24 26:25 26:31 27:31 31:31 33:31 33:37 34:37 35:37 36:37 37:37 172:181"
"ابا (امراؤ جان کے والد)","رام دئی",1,"24","26:23"
"ابا (امراؤ جان کے والد)","سید قطب الدین",3,"153 154 155","156:151 156:153 156:155"
"ابا (امراؤ جان کے والد)","شیخ صاحب",2,"21 22","26:17 26:19"
"ابا (امراؤ جان کے والد)","مدن کی ماں",2,"154 173","156:152 172:175"
"ابا (امراؤ جان کے والد)","مرزا اسکندر حشمت",1,"153","156:151"
"ابا (امراؤ جان کے والد)","مرزا برجیس قدر",2,"153 155","156:151 156:155"
"ابا (امراؤ جان کے والد)","مرزا رسوا",53,"21 22 23 24 25 26 27 29 30 31 32 33 34 35 36 37 151 152 153 154 155 156 157 167 168 169 170 171 172","26:16 26:17 26:18 26:19 26:20 26:21 26:22 26:23 26:24 26:25 26:26 27:26 27:27 31:27 31:28 31:29 31:30 31:31 33:31 33:32 33:33 34:33 34:34 35:34 35:35 36:35 36:36 37:36 37:37 156:146 156:147 156:148 156:149 156:150 156:151 156:152 156:153 156:154 156:155 156:156 157:156 157:157 172:162 172:163 172:164 172:165 172:166 172:167 172:168 172:169 172:170 172:171 172:172"
"ابا (امراؤ جان کے والد)","منشی احمد حسن",4,"21 22 23","26:16 26:18 26:19 26:20"
"ابا (امراؤ جان کے والد)","منے",3,"160 168","156:164 157:164 172:164"
"ابا (امراؤ جان کے والد)","مولوی صاحب",9,"29 31 32 36 37 38","26:32 27:32 31:32 33:32 33:40 34:40 35:40 36:40 37:40"
"ابا (امراؤ جان کے والد)","مہری",7,"160 161 168 169 170 171","156:165 157:165 172:165 172:166 172:167 172:169 172:170"
"ابا (امراؤ جان کے والد)","میاں امیر",13,"26 27 29 35 36 37 38 160 168 169","26:27 27:27 31:27 31:40 33:40 34:40 35:40 36:40 37:40 156:164 157:164 172:164 172:167"
"ابا (امراؤ جان کے والد)","میاں سعادت",5,"41 160 168","36:46 37:46 156:164 157:164 172:164"
"ابا (امراؤ جان کے والد)","میاں محمد بخش",3,"160 168","156:164 157:164 172:164"
"ابا (امراؤ جان کے والد)","میر صاحب",3,"154 156","156:153 156:156 157:156"
"ابا (امراؤ جان کے والد)","نواب راشد علی",3,"41 170","36:46 37:46 172:168"
"ابا (امراؤ جان کے والد)","نواب سلطان صاحب",2,"170","172:168 172:169"
"ابا (امراؤ جان کے والد)","نواب صاحب (مشاعرہ)",12,"21 22 41 156 157 168 169 171 172","26:17 26:18 26:19 36:46 37:46 156:156 157:156 157:157 172:164 172:166 172:170 172:172"
"ابا (امراؤ جان کے والد)","نواب عمدة الخاقان بیگم",6,"36 37 38 39","31:41 33:41 34:41 35:41 36:41 37:41"
"ابا (امراؤ جان کے والد)","نواب عمدة النساء بیگم",1,"172","172:172"
"ابا (امراؤ جان کے والد)","نواب فخر النساء کی ماما",12,"25 29 31 32 153 154 157 158 171 172","26:24 26:32 27:32 31:32 33:32 156:150 156:152 156:159 157:159 172:170 172:171 172:173"
"ابا (امراؤ جان کے والد)","نواب محمد تقی خاں",3,"161 169","156:166 157:166 172:166"
"ابا (امراؤ جان کے والد)","نواب محمد تقی خاں کا صاحب زادہ",3,"161 169","156:166 157:166 172:166"
"ابا (امراؤ جان کے والد)","نواب ملکہ کشور",4,"153 160 161 168","156:151 156:165 157:165 172:165"
"ابا (امراؤ جان کے والد)","نواب چھین صاحب",6,"36 37 38 39","31:41 33:41 34:41 35:41 36:41 37:41"
"ابا (امراؤ جان کے والد)","نواب چھین صاحب کی والدہ",16,"26 27 29 32 33 34 35 36 37 157 167 171","26:27 27:27 31:27 31:33 33:33 34:33 34:34 35:34 35:35 36:35 36:37 37:37 156:158 157:158 172:162 172:171"
"ابا (امراؤ جان کے والد)","واجد علی",1,"152","156:149"
"ابا (امراؤ جان کے والد)","پنڈت جی",3,"21 22","26:16 26:18 26:19"
"ابا (امراؤ جان کے والد)","پھوپھا",6,"30 32 33 34","26:34 27:34 31:34 33:34 34:34 35:34"
"ابا (امراؤ جان کے والد)","پھوپھی",6,"30 32 33 34","26:34 27:34 31:34 33:34 34:34 35:34"
"ابا (امراؤ جان کے والد)","پیارے صاحب",4,"29 31 32","26:32 27:32 31:32 33:32"
"ابا (امراؤ جان کے والد)","پیر بخش",11,"23 24 25 32 34 35 36 37","26:21 26:23 26:24 26:25 27:37 31:37 33:37 34:37 35:37 36:37 37:37"
"ابا (امراؤ جان کے والد)","چھوٹا بھائی",11,"26 30 32 33 34 35 36 37","26:26 27:26 27:33 31:33 33:33 34:33 34:35 35:35 36:35 36:37 37:37"
"ابا (امراؤ جان کے والد)","کریم",3,"24 171","26:22 26:23 172:170"
"ابا (امراؤ جان کے والد)","کریم کی جوری",1,"24","26:23"
"ابا (امراؤ جان کے والد)","کریم کی ساس",2,"24 173","26:22 172:174"
"ابا (امراؤ جان کے والد)","کریمین",9,"30 32 33 34 35 171","26:34 27:34 31:34 33:34 34:34 35:34 35:35 36:35 172:170"
"ابا (امراؤ جان کے والد)","گوہر مرزا",9,"35 36 37 38 155 170","31:40 33:40 34:40 35:40 36:40 37:40 156:154 156:155 172:168"
"استاد جی","امام بخش ساقی",1,"93","92:95"
"استاد جی","اماں",33,"17 25 26 27 30 31 41 42 46 47 48 49 70 71 73 76 88 89 92 156 158 159 160 161","12:22 28:22 28:25 28:26 28:27 28:33 29:33 30:33 46:36 46:37 46:38 46:39 46:46 47:46 47:47 48:47 48:48 49:48 49:49 75:65 75:67 75:68 75:71 75:77 92:85 92:87 92:93 161:152 161:156 161:157 161:158 161:159 161:162"
"استاد جی","امراؤ جان",28,"5 8 9 10 11 12 24 27 43 46 47 48 49 71 78 87 88 91 92 156 157 159 161","4:7 10:7 10:8 10:9 10:10 12:10 12:11 12:12 28:20 28:26 46:41 46:46 47:46 47:47 48:47 48:48 49:48 49:49 75:68 75:81 92:83 92:84 92:91 92:93 161:151 161:154 161:158 161:161"
"استاد جی","امراؤ کا منگیتر",5,"31 32 54 160","28:34 29:34 30:34 49:59 161:159"
"استاد جی","امیر بان",1,"27","28:27"
"استاد جی","امیر جان",5,"49 50 164","46:52 47:52 48:52 49:52 161:167"
"استاد جی","اکبر علی خاں",1,"156","161:152"
"استاد جی","اکبر علی خاں کی بیوی",16,"7 10 11 27 31 32 79 88 89 90 156 157 158 160 162","4:11 10:11 12:11 28:26 28:35 29:35 30:35 75:84 92:84 92:87 92:88 161:152 161:154 161:155 161:160 161:164"
"استاد جی","بسم اللہ جان",30,"26 27 28 29 30 43 44 45 51 52 70 71 72 73 76 87 89 91 92 164","28:24 28:27 28:28 29:28 29:29 30:29 30:30 46:41 46:42 46:43 46:44 46:45 46:56 47:56 48:56 49:56 75:66 75:67 75:68 75:69 75:70 75:71 75:72 75:78 92:82 92:83 92:86 92:91 92:93 161:167"
"استاد جی","بند ڈومنی",2,"35 43","30:40 46:40"
"استاد جی","بنو",4,"48 49 50","46:51 47:51 48:51 49:51"
"استاد جی","بوا امیرن",2,"160","161:159 161:160"
"استاد جی","بوا حسینی",18,"26 27 30 31 43 48 49 50 73 75 89 90 91 92 161","28:25 28:26 28:27 28:32 29:32 30:32 46:40 46:51 47:51 48:51 49:51 75:71 75:76 92:86 92:89 92:90 92:92 161:161"
"استاد جی","بیگا جان",3,"29 30","28:30 29:30 30:30"
"استاد جی","بیگم جعفر علی خان",5,"26 48 49 50","28:25 46:51 47:51 48:51 49:51"
"استاد جی","بیگم محمد تقی خاں (کانپور والی)",1,"163","161:165"
"استاد جی","حسنا",8,"46 47 48 49 162","46:46 47:46 47:47 48:47 48:48 49:48 49:49 161:163"
"استاد جی","حسین علی صاحب",1,"162","161:164"
"استاد جی","حکیم صاحب (نخاس)",5,"49 50 51 93","46:53 47:53 48:53 49:53 92:95"
"استاد جی","خان صاحب",13,"2 6 9 10 11 13 23 28 29 75 164","4:1 4:8 10:8 10:9 10:10 12:10 12:14 28:19 28:29 29:29 30:29 75:76 161:168"
"استاد جی","خانم جان",30,"26 27 28 29 30 43 46 47 48 49 72 73 76 88 89 90 91 92 157 158 164","28:24 28:25 28:26 28:27 28:28 29:28 29:29 30:29 30:30 46:41 46:46 47:46 47:47 48:47 48:48 49:48 49:49 75:70 75:72 75:78 92:84 92:85 92:86 92:88 92:90 92:91 92:92 161:153 161:156 161:167"
"استاد جی","خلیفہ جی",5,"28 29 78 87","28:29 29:29 30:29 75:81 92:83"
"استاد جی","خورشید جان",12,"27 28 29 30 76 88 89 90 164","28:27 28:28 29:28 29:30 30:30 75:78 92:84 92:85 92:86 92:88 92:89 161:167"
"استاد جی","دلاور خان",12,"16 24 25 26 29 30 41 42 75","12:21 28:21 28:22 28:24 28:25 28:31 29:31 30:31 46:37 46:38 46:39 75:76"
"استاد جی","راجا شیودھیان سنگھ",1,"97","92:102"
"استاد جی","رام دئی",1,"25","28:23"
"استاد جی","سید قطب الدین",3,"156 157 158","161:151 161:153 161:155"
"استاد جی","شاہ صاحب",6,"49 50 51 80 88","46:53 47:53 48:53 49:53 75:85 92:85"
"استاد جی","شمشیر خان",1,"77","75:79"
"استاد جی","شیخ صاحب",6,"2 6 9 13 14 23","4:1 4:8 10:8 10:17 12:17 28:19"
"استاد جی","علی بخش",4,"49 50","46:52 47:52 48:52 49:52"
"استاد جی","فیض علی",1,"96","92:100"
"استاد جی","محدوم بخش",2,"70 93","75:66 92:94"
"استاد جی","مدن کی ماں",1,"156","161:152"
"استاد جی","مرزا اسکندر حشمت",1,"156","161:151"
"استاد جی","مرزا برجیس قدر",2,"156 158","161:151 161:155"
"استاد جی","مرزا رسوا",79,"2 3 4 7 8 9 10 11 12 23 24 25 26 27 28 29 30 41 42 43 44 45 46 47 48 49 70 71 72 73 74 75 87 88 89 90 91 92 156 157 158 159 160 161","4:1 4:2 4:3 4:4 10:4 10:5 10:6 10:7 10:8 10:9 10:10 12:10 12:11 12:12 28:18 28:19 28:20 28:21 28:22 28:23 28:24 28:25 28:26 28:27 28:28 29:28 29:29 30:29 30:30 46:36 46:37 46:38 46:39 46:40 46:41 46:42 46:43 46:44 46:45 46:46 47:46 47:47 48:47 48:48 49:48 49:49 75:65 75:66 75:67 75:68 75:69 75:70 75:71 75:72 75:73 75:74 75:75 92:82 92:83 92:84 92:85 92:86 92:87 92:88 92:89 92:90 92:91 92:92 161:151 161:152 161:153 161:154 161:155 161:156 161:157 161:158 161:159 161:160 161:161"
"استاد جی","مرزا علی رضا بیگ",2,"77 93","75:79 92:95"
"استاد جی","مطہر احق",1,"3","4:3"
"استاد جی","منشی احمد حسن",8,"2 5 8 11 12 23 24","4:1 4:7 10:7 10:12 12:12 28:18 28:19 28:20"
"استاد جی","منصف الدولہ",2,"70","75:65 75:66"
"استاد جی","منے",4,"8 11 12 162","4:13 10:13 12:13 161:164"
"استاد جی","مولوی صاحب",13,"30 31 43 48 49 50 78 87 88 94","28:32 29:32 30:32 46:40 46:51 47:51 48:51 49:51 75:81 92:82 92:83 92:84 92:97"
"استاد جی","مہری",8,"7 10 11 49 50 51 163","4:11 10:11 12:11 46:53 47:53 48:53 49:53 161:165"
"استاد جی","میاں امیر",13,"8 11 12 27 35 43 49 50 76 89 162","4:12 10:12 12:12 28:27 30:40 46:40 46:52 47:52 48:52 49:52 75:77 92:86 161:164"
"استاد جی","میاں حسنو",4,"71 72","75:67 75:68 75:69 75:70"
"استاد جی","میاں سعادت",10,"46 47 48 49 78 87 162","46:46 47:46 47:47 48:47 48:48 49:48 49:49 75:82 92:82 161:164"
"استاد جی","میاں محمد بخش",1,"162","161:164"
"استاد جی","میر صاحب",4,"89 94 157 158","92:86 92:97 161:153 161:156"
"استاد جی","نصین",1,"96","92:101"
"استاد جی","نواب راشد علی",8,"46 47 48 49 164","46:46 47:46 47:47 48:47 48:48 49:48 49:49 161:168"
"استاد جی","نواب سلطان صاحب",4,"54 73 77 164","49:59 75:71 75:79 161:168"
"استاد جی","نواب سلطان کا چھوٹا بھائی",1,"77","75:79"
"استاد جی","نواب صاحب (مشاعرہ)",29,"5 8 9 10 11 14 23 46 47 48 49 70 72 73 74 75 91 93 158 159 162","4:7 10:7 10:8 10:9 10:10 12:10 12:17 28:18 28:19 46:46 47:46 47:47 48:47 48:48 49:48 49:49 75:65 75:66 75:69 75:71 75:72 75:73 75:74 75:75 92:91 92:94 161:156 161:157 161:164"
"استاد جی","نواب عمدة الخاقان بیگم",5,"43 51 52","46:41 46:56 47:56 48:56 49:56"
"استاد جی","نواب فخر النساء بیگم",1,"72","75:70"
"استاد جی","نواب فخر النساء کی ماما",13,"26 30 31 72 73 91 93 156 160 165","28:24 28:32 29:32 30:32 75:70 75:71 75:72 92:91 92:95 161:152 161:159 161:160 161:170"
"استاد جی","نواب محمد تقی خاں",1,"163","161:166"
"استاد جی","نواب محمد تقی خاں کا صاحب زادہ",1,"163","161:166"
"استاد جی","نواب ملکہ کشور",2,"156 163","161:151 161:165"
"استاد جی","نواب چھین صاحب",8,"43 51 52 72 93","46:41 46:56 47:56 48:56 49:56 75:69 75:70 92:95"
"استاد جی","نواب چھین صاحب کی والدہ",22,"27 30 31 41 42 46 47 48 49 70 71 76 89 92 159 161","28:27 28:33 29:33 30:33 46:37 46:38 46:39 46:46 47:46 47:47 48:47 48:48 49:48 49:49 75:65 75:67 75:68 75:77 92:87 92:93 161:158 161:162"
"استاد جی","پنڈت جی",6,"5 8 12 13 23","4:7 10:7 10:15 12:15 28:18 28:19"
"استاد جی","پھوپھا",3,"31 32","28:34 29:34 30:34"
"استاد جی","پھوپھی",3,"31 32","28:34 29:34 30:34"
"استاد جی","پیارے صاحب",8,"30 31 79 88 89 90","28:32 29:32 30:32 75:84 92:84 92:85 92:86 92:88"
"استاد جی","پیر بخش",11,"16 24 25 26 32 33 41 42","12:21 28:21 28:23 28:24 28:25 28:37 29:37 30:37 46:37 46:38 46:39"
"استاد جی","چھوٹا بھائی",5,"27 30 31 41","28:26 28:33 29:33 30:33 46:37"
"استاد جی","کریم",4,"17 25 165","12:22 28:22 28:23 161:170"
"استاد جی","کریم کی جوری",1,"25","28:23"
"استاد جی","کریم کی ساس",2,"17 25","12:22 28:22"
"استاد جی","کریمین",4,"31 32 165","28:34 29:34 30:34 161:170"
"استاد جی","گوہر مرزا",13,"35 43 48 49 50 73 79 87 90 157 158 164","30:40 46:40 46:51 47:51 48:51 49:51 75:71 75:83 92:83 92:88 161:154 161:155 161:168"
"امام بخش ساقی","اماں",4,"90 91 94 95","95:85 95:87 95:93 95:96"
"امام بخش ساقی","امراؤ جان",3,"93 94 95","95:91 95:93 95:96"
"امام بخش ساقی","اکبر علی خاں کی بیوی",2,"91","95:87 95:88"
"امام بخش ساقی","بسم اللہ جان",5,"90 93 94 95","95:86 95:91 95:93 95:94 95:96"
"امام بخش ساقی","بوا حسینی",4,"90 92 93","95:86 95:89 95:90 95:92"
"امام بخش ساقی","حکیم صاحب (نخاس)",1,"95","95:95"
"امام بخش ساقی","خان صاحب",1,"99","95:104"
"امام بخش ساقی","خانم جان",9,"90 91 92 93 94 95","95:85 95:86 95:88 95:90 95:91 95:92 95:93 95:94 95:95"
"امام بخش ساقی","خورشید جان",4,"90 91 92","95:85 95:86 95:88 95:89"
"امام بخش ساقی","راجا شیودھیان سنگھ",1,"98","95:102"
"امام بخش ساقی","سائیں (فیض علی کا نوکر)",1,"99","95:103"
"امام بخش ساقی","شاہ صاحب",1,"90","95:85"
"امام بخش ساقی","فضل علی",1,"99","95:104"
"امام بخش ساقی","فیض علی",1,"97","95:100"
"امام بخش ساقی","محدوم بخش",1,"94","95:94"
"امام بخش ساقی","مرزا رسوا",11,"90 91 92 93 94 95","95:85 95:86 95:87 95:88 95:89 95:90 95:91 95:92 95:93 95:94 95:95"
"امام بخش ساقی","مرزا علی رضا بیگ",1,"95","95:95"
"امام بخش ساقی","مولوی صاحب",1,"96","95:97"
"امام بخش ساقی","میاں امیر",1,"90","95:86"
"امام بخش ساقی","میر صاحب",2,"90 96","95:86 95:97"
"امام بخش ساقی","نصین",1,"98","95:101"
"امام بخش ساقی","نواب صاحب (مشاعرہ)",3,"93 94 95","95:91 95:94 95:96"
"امام بخش ساقی","نواب فخر النساء کی ماما",2,"93 95","95:91 95:95"
"امام بخش ساقی","نواب چھین صاحب",1,"95","95:95"
"امام بخش ساقی","نواب چھین صاحب کی والدہ",3,"91 94 95","95:87 95:93 95:96"
"امام بخش ساقی","پیارے صاحب",3,"90 91","95:85 95:86 95:88"
"امام بخش ساقی","گوہر مرزا",1,"91","95:88"
"اماں","امراؤ جان",85,"17 18 19 21 24 25 26 37 38 39 40 43 46 47 48 49 50 52 53 54 60 61 62 63 64 66 67 68 69 76 79 80 83 84 88 89 92 93 94 96 97 111 143 149 150 151 153 155 157 158 160 161 162 163 164 167 169 173 174 175 176 177 178 179","22:12 22:13 22:14 22:15 22:16 22:20 22:26 25:26 26:26 27:26 33:41 34:41 35:41 36:41 37:41 38:41 39:41 46:41 46:46 47:46 47:47 48:47 48:48 49:48 49:49 51:49 51:53 53:53 54:53 54:54 65:55 65:56 65:57 65:58 65:59 65:62 65:63 65:68 67:68 68:68 71:68 71:81 77:81 78:81 80:81 85:81 85:83 85:84 85:91 87:91 93:91 93:93 96:93 96:96 97:96 97:97 111:111 141:146 152:146 152:147 152:149 152:151 152:154 156:154 156:158 157:158 158:158 159:158 159:161 162:161 162:162 164:162 164:163 164:165 170:165 170:169 170:176 171:176 172:176 175:176 176:176 179:176 179:177 179:178 179:179"
"اماں","امراؤ کا منگیتر",19,"29 30 33 34 35 54 55 56 62 155 157 158 159 160","25:34 26:34 27:34 33:34 34:34 35:34 35:35 36:35 49:59 51:59 53:59 54:59 65:59 152:159 156:159 157:159 158:159 159:159 162:159"
"اماں","امیر بان",5,"24 26 27 30","22:27 25:27 26:27 27:27 33:27"
"اماں","امیر جان",15,"49 50 51 52 53 54 162 163 164 165 168","46:52 47:52 48:52 49:52 51:52 53:52 53:53 54:53 54:54 157:167 158:167 159:167 162:167 164:167 170:167"
"اماں","اکبر علی خاں",15,"143 148 149 150 151 152 154 168 171 172 174 175","141:145 152:145 152:146 152:148 152:149 152:150 152:152 156:152 164:173 170:173 171:173 172:173 175:173 175:175 176:175"
"اماں","اکبر علی خاں کی بیوی",45,"24 25 26 31 34 35 58 64 80 81 82 84 86 87 90 141 151 152 154 155 158 159 161 163 164 167 169 170 171 172 173 174 175 180 181","22:26 25:26 26:26 27:26 27:35 33:35 34:35 35:35 36:35 53:63 54:63 65:63 77:84 78:84 80:84 85:84 85:87 87:87 93:87 93:88 141:141 152:150 152:152 156:152 156:154 156:155 156:160 157:160 158:160 159:160 162:160 162:164 164:164 170:164 170:169 170:171 171:171 172:171 172:172 175:172 175:173 175:175 176:175 176:184 179:184"
"اماں","بسم اللہ جان",68,"23 24 26 27 30 31 37 38 39 40 43 44 45 51 52 53 54 55 60 61 64 65 66 67 68 69 70 71 74 77 78 79 80 82 83 84 85 86 89 92 93 94 95 96 97 162 163 164 165 168 183","22:24 25:24 25:27 26:27 27:27 33:27 33:28 33:29 33:30 33:41 34:41 35:41 36:41 37:41 38:41 39:41 46:41 46:42 46:43 46:44 46:45 46:56 47:56 48:56 49:56 51:56 53:56 54:56 65:56 65:57 65:58 65:64 65:66 67:66 67:67 68:67 68:68 71:68 71:69 71:70 71:71 77:71 77:72 77:78 78:78 80:78 80:80 85:80 85:81 85:82 85:83 85:86 87:86 87:91 93:91 93:93 96:93 96:94 96:96 97:96 97:97 157:167 158:167 159:167 162:167 164:167 170:167 179:188"
"اماں","بند ڈومنی",8,"36 37 38 39 43","33:40 34:40 35:40 36:40 37:40 38:40 39:40 46:40"
"اماں","بنو",9,"48 49 50 51 52 53 54","46:51 47:51 48:51 49:51 51:51 53:51 53:53 54:53 54:54"
"اماں","بوا امیرن",18,"145 151 155 157 158 159 160 161 168 171 172 174 175 176 177","141:150 152:150 152:159 156:159 157:159 158:159 159:159 162:159 162:160 164:173 170:173 171:173 172:173 175:173 175:175 176:175 176:176 179:176"
"اماں","بوا حسینی",55,"23 25 26 27 30 32 36 37 38 39 43 48 49 50 51 52 56 62 68 69 71 74 76 77 78 79 80 82 85 86 88 91 92 111 156 158 159 160 161 177 178 179 180","22:25 25:25 26:25 26:26 27:26 27:27 33:27 33:32 33:40 34:40 35:40 36:40 37:40 38:40 39:40 46:40 46:51 47:51 48:51 49:51 51:51 53:51 53:52 53:59 54:59 65:59 65:71 67:71 68:71 71:71 77:71 77:76 77:78 78:78 80:78 80:79 80:80 85:80 85:86 87:86 87:89 93:89 93:90 93:92 111:111 152:161 156:161 157:161 158:161 159:161 162:161 172:182 175:182 176:182 179:182"
"اماں","بڑے خان صاحب",7,"172 173 175 176 177","170:175 171:175 172:175 175:175 176:175 176:176 179:176"
"اماں","بڑے نواب صاحب",2,"59 64","54:64 65:64"
"اماں","بیبا جان",1,"114","111:118"
"اماں","بیگا جان",7,"26 27 28 31 32 184","22:30 25:30 26:30 27:30 33:30 33:32 179:189"
"اماں","بیگم جعفر علی خان",9,"23 25 48 49 50 51 52","22:25 25:25 26:25 46:51 47:51 48:51 49:51 51:51 53:51"
"اماں","بیگم محمد تقی خاں (کانپور والی)",7,"160 161 162 163 164 167","156:165 157:165 158:165 159:165 162:165 164:165 170:165"
"اماں","جہاں پناہ",2,"59 64","54:64 65:64"
"اماں","حسنا",18,"41 42 46 47 48 49 50 159 160 161 162 163","36:46 37:46 38:46 39:46 46:46 47:46 47:47 48:47 48:48 49:48 49:49 51:49 156:163 157:163 158:163 159:163 162:163 164:163"
"اماں","حسین باندھی",1,"114","111:118"
"اماں","حسین خاں",5,"168 171 172 174","164:173 170:173 171:173 172:173 175:173"
"اماں","حسین علی صاحب",8,"114 160 161 163 164 167","111:118 156:164 157:164 158:164 159:164 162:164 164:164 170:164"
"اماں","حکیم صاحب (نخاس)",13,"49 50 51 52 53 54 90 91 94 95 115","46:53 47:53 48:53 49:53 51:53 53:53 54:53 54:54 85:95 87:95 93:95 96:95 111:119"
"اماں","خان صاحب",39,"18 19 20 25 27 28 31 58 64 71 72 73 76 77 78 79 100 107 142 147 163 165 166 169 172 173 175 176 177","22:14 22:15 22:16 22:17 22:19 22:29 25:29 26:29 27:29 33:29 53:63 54:63 65:63 67:76 68:76 71:76 77:76 77:77 78:77 78:78 80:78 80:79 96:104 97:104 111:104 141:143 152:143 158:168 159:168 162:168 164:168 170:168 170:175 171:175 172:175 175:175 176:175 176:176 179:176"
"اماں","خانم جان",86,"23 24 25 26 27 30 31 32 37 38 39 40 43 46 47 48 49 50 53 54 55 60 61 62 63 64 67 68 69 70 71 74 77 78 79 80 82 84 85 86 87 90 91 92 93 94 95 96 97 109 110 111 142 147 152 154 156 162 163 164 165 168 169 176 178 180","22:24 25:24 25:25 26:25 26:26 27:26 27:27 33:27 33:28 33:29 33:30 33:32 33:41 34:41 35:41 36:41 37:41 38:41 39:41 46:41 46:46 47:46 47:47 48:47 48:48 49:48 49:49 51:49 51:50 51:56 53:56 54:56 65:56 65:57 65:58 65:59 65:61 65:64 65:70 67:70 68:70 71:70 71:72 77:72 77:78 78:78 80:78 80:79 80:80 85:80 85:84 85:85 87:85 87:86 87:88 93:88 93:90 93:91 93:92 93:93 96:93 96:94 96:95 96:97 97:97 111:108 111:109 111:111 141:143 152:143 152:153 156:153 156:156 157:156 157:167 158:167 159:167 162:167 164:167 170:167 170:169 171:181 172:181 175:181 176:181 179:181"
"اماں","خلیفہ جی",11,"25 27 28 31 76 79 80 83 84","22:29 25:29 26:29 27:29 33:29 71:81 77:81 78:81 80:81 85:81 85:83"
"اماں","خورشید جان",37,"24 26 27 30 31 73 74 77 78 79 82 84 85 86 87 90 91 102 109 110 111 162 163 164 165 168 170 171 172 173 183","22:27 25:27 26:27 27:27 33:27 33:28 33:30 68:78 71:78 77:78 78:78 80:78 80:84 85:84 85:85 87:85 87:86 87:88 93:88 93:89 97:107 111:107 111:108 111:109 111:111 157:167 158:167 159:167 162:167 164:167 170:167 170:170 171:170 171:172 172:172 175:172 179:188"
"اماں","دلاور خان",28,"21 22 23 24 25 28 29 32 35 36 37 38 39 42 71 72 73 76 176 178 180","22:21 22:22 25:22 25:24 25:25 26:25 26:31 27:31 33:31 33:37 34:37 35:37 36:37 37:37 38:37 38:38 39:38 39:39 46:39 67:76 68:76 71:76 77:76 171:181 172:181 175:181 176:181 179:181"
"اماں","دلبر حسین",2,"59 64","54:64 65:64"
"اماں","راجا شیودھیان سنگھ",10,"97 99 106 107 108 109 110","93:102 96:102 97:102 111:102 111:103 111:106 111:107 111:108 111:109 111:110"
"اماں","رام دئی",2,"22 24","22:23 25:23"
"اماں","سائیں (فیض علی کا نوکر)",6,"98 99 100 107 110 115","93:103 96:103 97:103 111:103 111:110 111:119"
"اماں","ستارہ بھٹیارا",1,"110","111:110"
"اماں","سید قطب الدین",5,"146 151 152 154 155","141:151 152:151 152:153 156:153 156:155"
"اماں","شاہ صاحب",13,"49 50 51 52 53 54 81 82 85 86","46:53 47:53 48:53 49:53 51:53 53:53 54:53 54:54 77:85 78:85 80:85 85:85 87:85"
"اماں","شمشیر خان",9,"56 57 63 75 78 79 183","51:61 53:61 54:61 65:61 71:79 77:79 78:79 80:79 179:187"
"اماں","شیخ صاحب",2,"19 20","22:17 22:19"
"اماں","علی بخش",6,"49 50 51 52","46:52 47:52 48:52 49:52 51:52 53:52"
"اماں","فضل علی",6,"100 107 108 109","96:104 97:104 111:104 111:105 111:106 111:107"
"اماں","فیض علی",9,"96 98 107 108 110 111","93:100 96:100 97:100 111:103 111:104 111:105 111:106 111:110 111:111"
"اماں","محدوم بخش",6,"65 66 89 90 93 95","65:66 67:66 85:94 87:94 93:94 96:94"
"اماں","مدن کی ماں",9,"152 154 172 173 175 176 177","152:152 156:152 170:175 171:175 172:175 175:175 176:175 176:176 179:176"
"اماں","مرزا اسکندر حشمت",2,"146 151","141:151 152:151"
"اماں","مرزا برجیس قدر",4,"146 151 153 155","141:151 152:151 152:155 156:155"
"اماں","مرزا رسوا",175,"17 18 19 20 21 22 23 24 25 26 27 30 31 32 33 34 35 36 37 38 39 42 43 44 45 46 47 48 49 50 51 52 53 54 60 61 62 63 64 65 66 67 68 69 70 71 74 75 76 77 78 79 80 82 83 84 85 86 87 90 91 92 93 94 95 96 97 106 107 108 109 110 111 141 147 148 149 150 151 152 154 155 156 157 158 159 160 161 162 163 164 167 168 169 170 171 172 173 174 175 176 177 178 179","22:12 22:13 22:14 22:15 22:16 22:17 22:18 22:19 22:20 22:21 22:22 25:22 25:23 25:24 25:25 26:25 26:26 27:26 27:27 33:27 33:28 33:29 33:30 33:31 33:32 33:33 34:33 34:34 35:34 35:35 36:35 36:36 37:36 37:37 38:37 38:38 39:38 39:39 46:39 46:40 46:41 46:42 46:43 46:44 46:45 46:46 47:46 47:47 48:47 48:48 49:48 49:49 51:49 51:50 51:51 53:51 53:52 53:53 54:53 54:54 65:55 65:56 65:57 65:58 65:59 65:61 65:62 65:63 65:64 65:65 67:65 67:66 67:67 68:67 68:68 71:68 71:69 71:70 71:71 77:71 77:72 77:73 77:74 77:75 77:76 77:77 78:77 78:78 80:78 80:79 80:80 85:80 85:81 85:82 85:83 85:84 85:85 87:85 87:86 87:87 93:87 93:88 93:89 93:90 93:91 93:92 93:93 96:93 96:94 96:95 96:96 97:96 97:97 111:101 111:102 111:103 111:104 111:105 111:106 111:107 111:108 111:109 111:110 111:111 141:141 152:142 152:143 152:144 152:145 152:146 152:147 152:148 152:149 152:150 152:151 152:152 156:152 156:153 156:154 156:155 156:156 157:156 157:157 158:157 158:158 159:158 159:159 162:159 162:160 162:161 162:162 164:162 164:163 164:164 170:164 170:165 170:166 170:167 170:168 170:169 170:170 171:170 171:171 172:171 172:172 175:172 175:173 175:174 175:175 176:175 176:176 179:176 179:177 179:178 179:179"
"اماں","مرزا علی رضا بیگ",9,"75 78 79 90 91 94 95 112","71:79 77:79 78:79 80:79 85:95 87:95 93:95 96:95 111:113"
"اماں","منشی احمد حسن",8,"17 18 19 20 21","22:12 22:13 22:14 22:15 22:16 22:18 22:19 22:20"
"اماں","منصف الدولہ",3,"65 66","65:65 67:65 67:66"
"اماں","منے",8,"17 160 161 163 164 167","22:13 156:164 157:164 158:164 159:164 162:164 164:164 170:164"
"اماں","مولوی صاحب",33,"27 28 29 32 36 37 38 39 43 48 49 50 51 52 76 79 80 83 84 92 95 96 97 115","22:32 25:32 26:32 27:32 33:32 33:40 34:40 35:40 36:40 37:40 38:40 39:40 46:40 46:51 47:51 48:51 49:51 51:51 53:51 53:52 71:81 77:81 78:81 80:81 85:81 85:82 85:83 85:84 87:97 93:97 96:97 97:97 111:120"
"اماں","مکا پاسی",1,"114","111:118"
"اماں","مہری",21,"49 50 51 52 53 54 160 161 162 163 164 167 168 169 170 183","46:53 47:53 48:53 49:53 51:53 53:53 54:53 54:54 156:165 157:165 158:165 159:165 162:165 164:165 170:165 170:166 170:167 170:169 170:170 171:170 179:187"
"اماں","میاں امیر",44,"17 24 26 27 30 36 37 38 39 43 49 50 51 52 53 54 64 72 74 77 78 79 83 85 86 109 160 161 163 164 167 168 183","22:12 22:27 25:27 26:27 27:27 33:27 33:40 34:40 35:40 36:40 37:40 38:40 39:40 46:40 46:52 47:52 48:52 49:52 51:52 53:52 53:53 54:53 54:54 65:63 67:77 68:77 71:77 77:77 78:77 78:78 80:78 80:86 85:86 87:86 111:108 156:164 157:164 158:164 159:164 162:164 164:164 170:164 170:167 179:188"
"اماں","میاں حسنو",7,"66 67 68 69 70","65:67 67:67 68:67 68:68 71:68 71:69 71:70"
"اماں","میاں سعادت",23,"41 42 46 47 48 49 50 79 80 81 83 160 161 163 164 167","36:46 37:46 38:46 39:46 46:46 47:46 47:47 48:47 48:48 49:48 49:49 51:49 77:82 78:82 80:82 85:82 156:164 157:164 158:164 159:164 162:164 164:164 170:164"
"اماں","میاں محمد بخش",7,"160 161 163 164 167","156:164 157:164 158:164 159:164 162:164 164:164 170:164"
"اماں","میر صاحب",13,"81 82 83 85 86 92 95 96 97 152 154 156","77:86 78:86 80:86 85:86 87:86 87:97 93:97 96:97 97:97 152:153 156:153 156:156 157:156"
"اماں","نصین",6,"97 98 99 106 107 115","93:101 96:101 97:101 111:101 111:103 111:119"
"اماں","نواب بنّے خان",5,"56 57 63 184","51:61 53:61 54:61 65:61 179:189"
"اماں","نواب جعفر علی خان",3,"58 64","53:63 54:63 65:63"
"اماں","نواب راشد علی",17,"41 42 46 47 48 49 50 163 165 166 169","36:46 37:46 38:46 39:46 46:46 47:46 47:47 48:47 48:48 49:48 49:49 51:49 158:168 159:168 162:168 164:168 170:168"
"اماں","نواب سلطان صاحب",21,"54 55 56 62 63 68 69 71 74 78 79 163 165 166 169","49:59 51:59 53:59 54:59 65:59 65:61 65:62 65:71 67:71 68:71 71:71 77:71 77:79 78:79 80:79 158:168 159:168 162:168 164:168 170:168 170:169"
"اماں","نواب سلطان کا چھوٹا بھائی",4,"75 78 79","71:79 77:79 78:79 80:79"
"اماں","نواب صاحب (مشاعرہ)",69,"19 20 41 42 46 47 48 49 50 51 52 56 62 63 64 65 66 68 70 71 74 75 76 77 78 79 88 89 92 93 95 96 142 147 148 154 156 157 161 163 164 167 168 170 171 172 173 180 182","22:17 22:18 22:19 36:46 37:46 38:46 39:46 46:46 47:46 47:47 48:47 48:48 49:48 49:49 51:49 51:51 53:51 53:59 54:59 65:59 65:61 65:63 65:64 65:65 67:65 67:66 67:69 68:69 71:69 71:71 77:71 77:72 77:73 77:74 77:75 77:76 77:78 78:78 80:78 80:79 85:91 87:91 93:91 93:94 96:94 96:96 97:96 141:143 152:143 152:145 152:156 156:156 157:156 157:157 158:157 158:164 159:164 162:164 164:164 170:164 170:166 170:170 171:170 171:172 172:172 175:172 175:185 176:185 179:185"
"اماں","نواب عمدة الخاقان بیگم",18,"37 38 39 40 43 51 52 53 54 55 60 61","33:41 34:41 35:41 36:41 37:41 38:41 39:41 46:41 46:56 47:56 48:56 49:56 51:56 53:56 54:56 65:56 65:57 65:58"
"اماں","نواب عمدة النساء بیگم",6,"167 168 171 172 173","162:172 164:172 170:172 171:172 172:172 175:172"
"اماں","نواب فخر النساء بیگم",4,"67 68 69 70","65:70 67:70 68:70 71:70"
"اماں","نواب فخر النساء کی ماما",41,"23 24 28 29 32 67 68 69 70 71 74 88 89 92 94 95 141 147 151 152 154 157 158 159 160 161 166 167 170 171 172 174 179 180 181","22:24 25:24 25:32 26:32 27:32 33:32 65:70 67:70 68:70 71:70 71:71 77:71 77:72 85:91 87:91 93:91 93:95 96:95 141:141 152:142 152:150 152:152 156:152 156:159 157:159 158:159 159:159 162:159 162:160 162:170 164:170 170:170 171:170 171:171 172:171 172:173 175:173 175:174 175:184 176:184 179:184"
"اماں","نواب محمد تقی خاں",7,"161 162 164 165 168","156:166 157:166 158:166 159:166 162:166 164:166 170:166"
"اماں","نواب محمد تقی خاں کا صاحب زادہ",7,"161 162 164 165 168","156:166 157:166 158:166 159:166 162:166 164:166 170:166"
"اماں","نواب ملکہ کشور",11,"59 64 146 151 160 161 162 163 164 167","54:64 65:64 141:151 152:151 156:165 157:165 158:165 159:165 162:165 164:165 170:165"
"اماں","نواب چھین صاحب",31,"37 38 39 40 43 51 52 53 54 55 60 61 64 67 68 70 90 91 94 95 96 184","33:41 34:41 35:41 36:41 37:41 38:41 39:41 46:41 46:56 47:56 48:56 49:56 51:56 53:56 54:56 65:56 65:57 65:58 65:64 65:69 67:69 68:69 71:69 71:70 85:95 87:95 93:95 96:95 96:96 97:96 179:189"
"اماں","نواب چھین صاحب کی والدہ",63,"24 26 27 30 33 34 35 36 37 38 39 42 46 47 48 49 50 65 66 67 68 69 74 77 78 79 80 82 86 87 90 93 94 96 111 141 155 157 158 160 162 163 167 170 171 179 180 181","22:27 25:27 26:27 27:27 33:27 33:33 34:33 34:34 35:34 35:35 36:35 36:37 37:37 38:37 38:38 39:38 39:39 46:39 46:46 47:46 47:47 48:47 48:48 49:48 49:49 51:49 65:65 67:65 67:67 68:67 68:68 71:68 71:77 77:77 78:77 78:78 80:78 80:80 85:80 85:87 87:87 93:87 93:93 96:93 96:96 97:96 111:111 141:141 152:158 156:158 157:158 158:158 159:158 159:162 162:162 164:162 164:171 170:171 171:171 172:171 175:184 176:184 179:184"
"اماں","واجد علی",2,"145 150","141:149 152:149"
"اماں","پنامل جوہری",1,"111","111:111"
"اماں","پنڈت جی",4,"18 19 20","22:15 22:16 22:18 22:19"
"اماں","پھوپھا",6,"29 30 33 34","25:34 26:34 27:34 33:34 34:34 35:34"
"اماں","پھوپھی",6,"29 30 33 34","25:34 26:34 27:34 33:34 34:34 35:34"
"اماں","پیارے صاحب",14,"27 28 29 32 80 81 82 84 85 86 87 90","22:32 25:32 26:32 27:32 33:32 77:84 78:84 80:84 85:84 85:85 87:85 87:86 87:88 93:88"
"اماں","پیر بخش",17,"21 22 24 25 32 35 36 37 38 39 42","22:21 22:23 25:23 25:24 25:25 26:25 27:37 33:37 34:37 35:37 36:37 37:37 38:37 38:38 39:38 39:39 46:39"
"اماں","چھوٹا بھائی",13,"24 25 26 30 33 34 35 36 37","22:26 25:26 26:26 27:26 27:33 33:33 34:33 34:35 35:35 36:35 36:37 37:37 38:37"
"اماں","کریم",7,"22 23 24 166 167 170","22:22 25:22 25:23 162:170 164:170 170:170 171:170"
"اماں","کریم کی جوری",2,"22 24","22:23 25:23"
"اماں","کریم کی ساس",7,"22 23 169 172 173 174","22:22 25:22 164:174 170:174 171:174 172:174 175:174"
"اماں","کریمین",12,"29 30 33 34 35 166 167 170","25:34 26:34 27:34 33:34 34:34 35:34 35:35 36:35 162:170 164:170 170:170 171:170"
"اماں","گوہر مرزا",42,"36 37 38 39 43 48 49 50 51 52 53 54 68 69 71 74 80 81 84 86 87 90 111 153 155 163 165 166 169 180 182","33:40 34:40 35:40 36:40 37:40 38:40 39:40 46:40 46:51 47:51 48:51 49:51 51:51 53:51 53:52 53:53 54:53 54:54 65:71 67:71 68:71 71:71 77:71 77:83 78:83 80:83 85:83 85:88 87:88 93:88 111:111 152:154 156:154 156:155 158:168 159:168 162:168 164:168 170:168 175:185 176:185 179:185"
"امراؤ جان","امراؤ کا منگیتر",17,"30 37 38 54 56 57 58 59 60 154 155 156 158 160","26:34 41:34 41:35 49:59 53:59 54:59 55:59 56:59 57:59 58:59 59:59 62:59 149:159 151:159 154:159 158:159 161:159"
"امراؤ جان","امیر بان",2,"23 26","20:27 26:27"
"امراؤ جان","امیر جان",15,"49 50 52 53 54 162 164 165 166 168","46:52 47:52 48:52 49:52 53:52 53:53 54:53 54:54 55:54 158:167 161:167 162:167 163:167 165:167 169:167"
"امراؤ جان","اکبر علی خاں",16,"145 146 147 148 149 150 151 153 168 169 171 174 175 189","146:145 146:146 147:146 147:148 149:148 149:149 151:149 151:150 151:152 154:152 163:173 165:173 169:173 176:173 176:175 187:191"
"امراؤ جان","اکبر علی خاں کی بیوی",54,"9 10 11 21 23 26 38 58 59 60 61 62 63 65 82 83 84 87 89 143 148 149 150 151 153 154 156 159 160 162 163 164 167 169 172 173 174 175 180 181 185","7:11 8:11 9:11 10:11 11:11 12:11 16:26 20:26 26:26 41:35 53:63 54:63 55:63 56:63 57:63 58:63 59:63 62:63 63:63 68:63 81:84 83:84 84:84 91:84 91:87 91:88 146:141 146:150 147:150 149:150 151:150 151:152 154:152 154:154 158:154 158:155 158:160 161:160 161:164 162:164 163:164 165:164 165:169 169:169 176:169 176:171 176:172 176:173 176:175 176:184 177:184 178:184 179:184 187:184"
"امراؤ جان","بسم اللہ جان",63,"19 20 22 25 26 41 43 44 45 51 52 54 55 56 57 58 61 63 66 67 68 76 79 80 81 82 83 85 88 91 92 93 94 95 96 97 98 99 162 164 165 166 168 183 187","14:24 15:24 16:24 20:24 26:24 26:27 41:41 46:41 46:42 46:43 46:44 46:45 46:56 47:56 48:56 49:56 53:56 54:56 55:56 56:56 57:56 57:57 58:57 58:58 59:58 59:64 62:64 63:64 68:64 68:66 68:67 68:68 81:71 81:72 81:78 81:80 81:81 83:81 83:82 83:83 84:83 84:86 91:86 91:91 93:91 93:93 96:93 96:94 96:96 97:96 97:97 99:97 99:98 99:99 158:167 161:167 162:167 163:167 165:167 169:167 178:188 179:188 187:188"
"امراؤ جان","بند ڈومنی",1,"40","41:40"
"امراؤ جان","بنو",10,"46 48 49 50 52 53 54","41:51 46:51 47:51 48:51 49:51 53:51 53:53 54:53 54:54 55:54"
"امراؤ جان","بوا امیرن",16,"148 149 150 155 156 158 160 168 169 171 174 175 176","146:150 147:150 149:150 151:150 151:159 154:159 158:159 161:159 161:160 163:173 165:173 169:173 176:173 176:175 176:176 177:176"
"امراؤ جان","بوا حسینی",57,"20 22 25 26 36 40 46 48 49 50 52 56 57 58 59 60 66 67 69 76 78 79 80 83 84 85 88 90 91 92 111 112 114 115 116 117 119 156 157 159 161 179 180 184","15:25 16:25 20:25 26:25 26:26 41:32 41:40 41:51 46:51 47:51 48:51 49:51 53:51 53:52 53:59 54:59 55:59 56:59 57:59 58:59 59:59 62:59 62:71 63:71 68:71 81:71 81:76 81:78 81:79 81:80 81:86 83:86 84:86 91:86 91:89 91:90 91:92 93:92 111:111 114:111 114:114 117:114 117:115 117:116 117:117 118:117 118:120 151:161 154:161 158:161 161:161 162:161 176:182 177:182 178:182 179:182 187:182"
"امراؤ جان","بڑے خان صاحب",5,"170 172 175 176","165:175 169:175 176:175 176:176 177:176"
"امراؤ جان","بڑے نواب صاحب",9,"59 60 61 63 66","54:64 55:64 56:64 57:64 58:64 59:64 62:64 63:64 68:64"
"امراؤ جان","بیبا جان",4,"114 116 117 118","111:118 114:118 117:118 118:118"
"امراؤ جان","بیگا جان",5,"25 28 36 184 188","20:30 26:30 41:32 179:189 187:189"
"امراؤ جان","بیگم جعفر علی خان",10,"20 22 25 46 48 49 50 52","15:25 16:25 20:25 26:25 41:51 46:51 47:51 48:51 49:51 53:51"
"امراؤ جان","بیگم محمد تقی خاں (کانپور والی)",6,"161 163 164 165 167","158:165 161:165 162:165 163:165 165:165 169:165"
"امراؤ جان","تھانے دار صاحب",1,"189","187:192"
"امراؤ جان","جہاں پناہ",9,"59 60 61 63 66","54:64 55:64 56:64 57:64 58:64 59:64 62:64 63:64 68:64"
"امراؤ جان","حسنا",15,"43 46 47 48 49 51 158 160 162 163 164","41:46 46:46 47:46 47:47 48:47 48:48 49:48 49:49 53:49 154:163 158:163 161:163 162:163 163:163 165:163"
"امراؤ جان","حسین باندھی",4,"114 116 117 118","111:118 114:118 117:118 118:118"
"امراؤ جان","حسین خاں",4,"168 169 171 174","163:173 165:173 169:173 176:173"
"امراؤ جان","حسین علی صاحب",10,"114 116 117 118 159 161 162 163 164","111:118 114:118 117:118 118:118 154:164 158:164 161:164 162:164 163:164 165:164"
"امراؤ جان","حکیم صاحب (نخاس)",15,"49 50 51 53 54 93 94 95 115 116 118","46:53 47:53 48:53 49:53 53:53 54:53 54:54 55:54 91:95 93:95 96:95 111:119 114:119 117:119 118:119"
"امراؤ جان","خان صاحب",52,"4 7 8 9 10 12 13 14 15 16 18 19 24 27 58 59 60 61 62 63 65 72 78 79 80 100 101 107 144 163 164 165 166 168 172 175 176 189","7:1 7:8 8:8 9:8 9:9 10:9 10:10 11:10 11:14 12:14 13:14 14:14 15:14 15:15 16:15 16:16 20:16 20:17 20:19 20:29 26:29 53:63 54:63 55:63 56:63 57:63 58:63 59:63 62:63 63:63 68:63 68:76 81:76 81:77 81:78 81:79 96:104 97:104 99:104 111:104 146:143 158:168 161:168 162:168 163:168 165:168 169:168 169:175 176:175 176:176 177:176 187:192"
"امراؤ جان","خانم جان",88,"19 20 22 25 26 36 41 43 46 47 48 49 51 54 55 56 57 58 59 60 61 63 66 69 76 79 80 82 83 84 87 88 89 90 91 92 93 94 95 96 97 98 103 109 110 111 112 114 115 116 117 118 144 149 150 151 152 153 155 157 162 164 165 166 168 169 172 178 179 180 184","14:24 15:24 16:24 20:24 26:24 26:25 26:26 41:32 41:41 46:41 46:46 47:46 47:47 48:47 48:48 49:48 49:49 53:49 53:50 53:56 54:56 55:56 56:56 57:56 57:57 58:57 58:58 59:58 59:59 62:59 62:61 62:64 63:64 68:64 68:70 81:72 81:78 81:79 81:80 81:84 83:84 84:84 91:84 91:85 91:86 91:88 91:90 91:91 93:91 93:92 93:93 96:93 96:94 96:95 96:97 97:97 99:97 99:108 111:108 111:109 111:111 114:111 114:114 117:114 117:116 117:118 118:118 146:143 146:153 147:153 149:153 151:153 154:153 154:156 158:156 158:167 161:167 162:167 163:167 165:167 169:167 169:169 176:169 176:181 177:181 178:181 179:181 187:181"
"امراؤ جان","خلیفہ جی",6,"24 27 81 82 83","20:29 26:29 81:81 83:81 83:83 84:83"
"امراؤ جان","خورشید جان",31,"23 26 73 79 82 83 84 87 88 89 90 102 103 109 110 111 112 162 164 165 166 168 169 173 174 183 187","20:27 26:27 68:78 81:78 81:84 83:84 84:84 91:84 91:85 91:86 91:88 91:89 97:107 99:107 111:107 111:108 111:109 111:111 114:111 158:167 161:167 162:167 163:167 165:167 169:167 169:170 176:170 176:172 178:188 179:188 187:188"
"امراؤ جان","دلاور خان",24,"16 17 18 20 23 24 25 28 36 39 40 72 78 178 179 180 184 189","11:21 12:21 13:21 14:21 15:21 16:21 20:21 26:21 26:22 26:24 26:25 26:31 41:31 41:37 41:38 41:39 68:76 81:76 176:181 177:181 178:181 179:181 187:181 187:191"
"امراؤ جان","دلبر حسین",9,"59 60 61 63 66","54:64 55:64 56:64 57:64 58:64 59:64 62:64 63:64 68:64"
"امراؤ جان","راجا شیودھیان سنگھ",11,"97 99 100 106 107 108 109 110","93:102 96:102 97:102 99:102 111:102 111:103 111:106 111:107 111:108 111:109 111:110"
"امراؤ جان","رام دئی",6,"18 19 21 24","13:23 14:23 15:23 16:23 20:23 26:23"
"امراؤ جان","سائیں (فیض علی کا نوکر)",10,"98 99 100 101 107 110 115 116 118","93:103 96:103 97:103 99:103 111:103 111:110 111:119 114:119 117:119 118:119"
"امراؤ جان","ستارہ بھٹیارا",1,"110","111:110"
"امراؤ جان","سلار بخش",1,"189","187:191"
"امراؤ جان","سید قطب الدین",8,"148 149 150 151 152 153 154 156","146:151 147:151 149:151 151:151 154:151 154:153 154:155 158:155"
"امراؤ جان","شاہ صاحب",12,"49 50 51 53 54 83 84 88","46:53 47:53 48:53 49:53 53:53 54:53 54:54 55:54 81:85 83:85 84:85 91:85"
"امراؤ جان","شمشیر خان",13,"57 58 59 60 61 80 182 183 187","53:61 54:61 55:61 56:61 57:61 58:61 59:61 62:61 81:79 177:187 178:187 179:187 187:187"
"امراؤ جان","شیخ صاحب",14,"4 7 8 13 14 15 16 18 19","7:1 7:8 8:8 9:8 9:17 10:17 11:17 12:17 13:17 14:17 15:17 16:17 20:17 20:19"
"امراؤ جان","علی بخش",5,"49 50 52","46:52 47:52 48:52 49:52 53:52"
"امراؤ جان","فضل علی",7,"100 101 107 108 109","96:104 97:104 99:104 111:104 111:105 111:106 111:107"
"امراؤ جان","فیض علی",20,"95 96 98 99 107 108 110 111 112 113 114 115 116 117 118","91:100 93:100 96:100 97:100 99:100 111:103 111:104 111:105 111:106 111:110 111:111 114:111 114:112 114:113 114:114 117:114 117:115 117:117 118:117 118:118"
"امراؤ جان","محدوم بخش",11,"61 62 64 67 89 92 93 95","56:66 57:66 58:66 59:66 62:66 63:66 68:66 84:94 91:94 93:94 96:94"
"امراؤ جان","مدن کی ماں",10,"149 150 151 153 170 172 175 176","146:152 147:152 149:152 151:152 154:152 165:175 169:175 176:175 176:176 177:176"
"امراؤ جان","مرزا اسکندر حشمت",5,"148 149 150 151 152","146:151 147:151 149:151 151:151 154:151"
"امراؤ جان","مرزا برجیس قدر",7,"148 149 150 151 152 154 156","146:151 147:151 149:151 151:151 154:151 154:155 158:155"
"امراؤ جان","مرزا رسوا",206,"4 5 6 7 8 9 10 11 12 13 14 15 16 18 19 20 23 24 25 26 36 37 38 39 40 41 43 44 45 46 47 48 49 51 52 53 54 55 56 57 58 59 60 61 62 63 65 66 67 68 76 77 78 79 80 81 82 83 84 87 88 89 90 91 92 93 94 95 96 97 98 99 106 107 108 109 110 111 112 113 114 115 116 117 118 143 144 145 146 147 148 149 150 151 152 153 154 156 157 158 159 160 161 162 163 164 165 167 168 169 172 173 174 175 176 177 178 179 183 184 185 186 187","7:1 7:2 7:3 7:4 7:5 7:6 7:7 8:7 8:8 9:8 9:9 10:9 10:10 11:10 11:11 12:11 12:12 13:12 13:13 14:13 14:14 15:14 15:15 16:15 16:16 20:16 20:17 20:18 20:19 20:20 26:20 26:21 26:22 26:23 26:24 26:25 26:26 41:31 41:32 41:33 41:34 41:35 41:36 41:37 41:38 41:39 41:40 41:41 46:41 46:42 46:43 46:44 46:45 46:46 47:46 47:47 48:47 48:48 49:48 49:49 53:49 53:50 53:51 53:52 53:53 54:53 54:54 55:54 55:55 56:55 56:56 57:56 57:57 58:57 58:58 59:58 59:59 62:59 62:61 62:62 63:62 63:63 68:63 68:64 68:65 68:66 68:67 68:68 81:71 81:72 81:73 81:74 81:75 81:76 81:77 81:78 81:79 81:80 81:81 83:81 83:82 83:83 84:83 84:84 91:84 91:85 91:86 91:87 91:88 91:89 91:90 91:91 93:91 93:92 93:93 96:93 96:94 96:95 96:96 97:96 97:97 99:97 99:98 99:99 111:101 111:102 111:103 111:104 111:105 111:106 111:107 111:108 111:109 111:110 111:111 114:111 114:112 114:113 114:114 117:114 117:115 117:116 117:117 118:117 118:118 146:141 146:142 146:143 146:144 146:145 146:146 147:146 147:147 149:147 149:148 149:149 151:149 151:150 151:151 154:151 154:152 154:153 154:154 158:154 158:155 158:156 158:157 158:158 161:158 161:159 161:160 161:161 162:161 162:162 163:162 163:163 165:163 165:164 165:165 169:165 169:166 169:167 169:168 169:169 176:169 176:170 176:171 176:172 176:173 176:174 176:175 176:176 177:176 177:177 178:177 178:178 179:178 179:179 187:179 187:181 187:182 187:183 187:184 187:185 187:186 187:187"
"امراؤ جان","مرزا علی رضا بیگ",6,"80 93 94 95 112 113","81:79 91:95 93:95 96:95 111:113 114:113"
"امراؤ جان","مطہر احق",1,"5","7:3"
"امراؤ جان","منشی احمد حسن",22,"4 7 10 11 12 13 14 15 16 18 19 20 23 191","7:1 7:7 8:7 8:12 9:12 10:12 11:12 12:12 13:12 13:13 14:13 14:14 15:14 15:15 16:15 16:16 20:16 20:18 20:19 20:20 26:20 187:195"
"امراؤ جان","منصف الدولہ",9,"60 61 62 63 64 66 67","55:65 56:65 57:65 58:65 59:65 62:65 63:65 68:65 68:66"
"امراؤ جان","منے",14,"10 11 12 13 159 161 162 163 164","7:13 8:13 9:13 10:13 11:13 12:13 13:13 14:13 154:164 158:164 161:164 162:164 163:164 165:164"
"امراؤ جان","مولوی صاحب",28,"29 36 40 46 48 49 50 52 81 82 83 84 87 94 95 96 97 98 99 115 117 118 119","26:32 41:32 41:40 41:51 46:51 47:51 48:51 49:51 53:51 53:52 81:81 83:81 83:82 83:83 84:83 84:84 91:84 91:97 93:97 96:97 97:97 99:97 99:98 99:99 111:120 114:120 117:120 118:120"
"امراؤ جان","مکا پاسی",5,"114 116 117 118 190","111:118 114:118 117:118 118:118 187:193"
"امراؤ جان","مہری",29,"9 10 11 49 50 51 53 54 161 163 164 165 167 168 169 172 173 182 183 187","7:11 8:11 9:11 10:11 11:11 12:11 46:53 47:53 48:53 49:53 53:53 54:53 54:54 55:54 158:165 161:165 162:165 163:165 165:165 169:165 169:166 169:167 169:169 176:169 176:170 177:187 178:187 179:187 187:187"
"امراؤ جان","میاں امیر",47,"9 10 11 12 23 26 40 49 50 52 53 54 59 60 61 62 63 65 72 79 83 84 85 88 103 109 159 161 162 163 164 166 168 183 187","7:12 8:12 9:12 10:12 11:12 12:12 13:12 20:27 26:27 41:40 46:52 47:52 48:52 49:52 53:52 53:53 54:53 54:54 55:54 55:63 56:63 57:63 58:63 59:63 62:63 63:63 68:63 68:77 81:77 81:78 81:86 83:86 84:86 91:86 99:108 111:108 154:164 158:164 161:164 162:164 163:164 165:164 165:167 169:167 178:188 179:188 187:188"
"امراؤ جان","میاں حسنو",7,"62 63 64 65 67 68","57:67 58:67 59:67 62:67 63:67 68:67 68:68"
"امراؤ جان","میاں سعادت",17,"43 46 47 48 49 51 81 82 159 161 162 163 164","41:46 46:46 47:46 47:47 48:47 48:48 49:48 49:49 53:49 81:82 83:82 154:164 158:164 161:164 162:164 163:164 165:164"
"امراؤ جان","میاں محمد بخش",6,"159 161 162 163 164","154:164 158:164 161:164 162:164 163:164 165:164"
"امراؤ جان","میر صاحب",17,"83 84 85 88 94 95 96 97 98 149 150 151 152 153 155 157","81:86 83:86 84:86 91:86 91:97 93:97 96:97 97:97 99:97 99:98 146:153 147:153 149:153 151:153 154:153 154:156 158:156"
"امراؤ جان","نصین",11,"96 97 98 99 100 106 107 115 116 118","91:101 93:101 96:101 97:101 99:101 111:101 111:103 111:119 114:119 117:119 118:119"
"امراؤ جان","نواب بنّے خان",10,"57 58 59 60 61 184 188","53:61 54:61 55:61 56:61 57:61 58:61 59:61 62:61 179:189 187:189"
"امراؤ جان","نواب جعفر علی خان",10,"58 59 60 61 62 63 65","53:63 54:63 55:63 56:63 57:63 58:63 59:63 62:63 63:63 68:63"
"امراؤ جان","نواب راشد علی",15,"43 46 47 48 49 51 163 164 165 166 168","41:46 46:46 47:46 47:47 48:47 48:48 49:48 49:49 53:49 158:168 161:168 162:168 163:168 165:168 169:168"
"امراؤ جان","نواب سلطان صاحب",24,"54 56 57 58 59 60 61 62 67 69 76 80 163 164 165 166 168 169 172","49:59 53:59 54:59 55:59 56:59 57:59 58:59 59:59 62:59 62:61 62:62 63:62 63:71 68:71 81:71 81:79 158:168 161:168 162:168 163:168 165:168 169:168 169:169 176:169"
"امراؤ جان","نواب سلطان کا چھوٹا بھائی",1,"80","81:79"
"امراؤ جان","نواب صاحب (مشاعرہ)",85,"7 8 9 10 14 15 16 18 19 43 46 47 48 49 51 52 56 57 58 59 60 61 62 63 65 66 67 68 76 77 78 79 80 86 87 91 92 93 95 96 144 145 151 152 153 155 157 161 162 163 164 165 167 169 173 174 180 181 182 186 189","7:7 8:7 8:8 9:8 9:9 10:9 10:10 11:10 11:17 12:17 13:17 14:17 15:17 16:17 20:17 20:18 20:19 41:46 46:46 47:46 47:47 48:47 48:48 49:48 49:49 53:49 53:51 53:59 54:59 55:59 56:59 57:59 58:59 59:59 62:59 62:61 62:63 63:63 68:63 68:64 68:65 68:66 68:69 81:71 81:72 81:73 81:74 81:75 81:76 81:78 81:79 81:91 83:91 84:91 91:91 93:91 93:94 96:94 96:96 97:96 146:143 146:145 146:156 147:156 149:156 151:156 154:156 158:156 158:157 158:164 161:164 162:164 163:164 165:164 165:166 169:166 169:170 176:170 176:172 176:185 177:185 178:185 179:185 187:185 187:192"
"امراؤ جان","نواب عمدة الخاقان بیگم",15,"41 43 51 52 54 55 56 57 58","41:41 46:41 46:56 47:56 48:56 49:56 53:56 54:56 55:56 56:56 57:56 57:57 58:57 58:58 59:58"
"امراؤ جان","نواب عمدة النساء بیگم",5,"167 168 170 174","162:172 163:172 165:172 169:172 176:172"
"امراؤ جان","نواب فخر النساء بیگم",3,"66 69","62:70 63:70 68:70"
"امراؤ جان","نواب فخر النساء کی ماما",47,"19 20 22 25 29 36 66 69 76 86 87 91 92 94 95 143 144 148 149 150 151 153 156 158 160 165 166 167 169 173 174 175 180 181 185 186 190","14:24 15:24 16:24 20:24 26:24 26:32 41:32 62:70 63:70 68:70 81:71 81:72 81:91 83:91 84:91 91:91 93:91 93:95 96:95 146:141 146:142 146:150 147:150 149:150 151:150 151:152 154:152 154:159 158:159 161:159 161:160 161:170 162:170 163:170 165:170 169:170 176:170 176:171 176:173 176:174 176:184 177:184 178:184 179:184 187:184 187:185 187:194"
"امراؤ جان","نواب محمد تقی خاں",6,"162 163 164 165 167","158:166 161:166 162:166 163:166 165:166 169:166"
"امراؤ جان","نواب محمد تقی خاں کا صاحب زادہ",6,"162 163 164 165 167","158:166 161:166 162:166 163:166 165:166 169:166"
"امراؤ جان","نواب ملکہ کشور",20,"59 60 61 63 66 148 149 150 151 152 161 163 164 165 167","54:64 55:64 56:64 57:64 58:64 59:64 62:64 63:64 68:64 146:151 147:151 149:151 151:151 154:151 158:165 161:165 162:165 163:165 165:165 169:165"
"امراؤ جان","نواب چھین صاحب",27,"41 43 51 52 54 55 56 57 58 61 63 66 68 93 94 95 96 184 188","41:41 46:41 46:56 47:56 48:56 49:56 53:56 54:56 55:56 56:56 57:56 57:57 58:57 58:58 59:58 59:64 62:64 63:64 68:64 68:69 91:95 93:95 96:95 96:96 97:96 179:189 187:189"
"امراؤ جان","نواب چھین صاحب کی والدہ",59,"23 26 37 38 39 40 43 46 47 48 49 51 60 61 62 63 64 66 67 68 79 80 84 85 89 92 93 94 96 111 112 143 153 154 156 158 159 161 162 167 168 170 173 180 181 185","20:27 26:27 41:33 41:34 41:35 41:37 41:38 41:39 41:46 46:46 47:46 47:47 48:47 48:48 49:48 49:49 53:49 55:65 56:65 57:65 58:65 59:65 62:65 63:65 68:65 68:67 68:68 81:77 81:78 81:80 81:87 83:87 84:87 91:87 91:93 93:93 96:93 96:96 97:96 111:111 114:111 146:141 149:158 151:158 154:158 158:158 161:158 161:162 162:162 163:162 163:171 165:171 169:171 176:171 176:184 177:184 178:184 179:184 187:184"
"امراؤ جان","واجد علی",4,"147 148 149 150","146:149 147:149 149:149 151:149"
"امراؤ جان","پنامل جوہری",2,"111 112","111:111 114:111"
"امراؤ جان","پنڈت جی",15,"7 11 12 13 14 15 16 18 19","7:7 8:7 8:15 9:15 10:15 11:15 12:15 13:15 14:15 15:15 16:15 16:16 20:16 20:18 20:19"
"امراؤ جان","پھوپھا",2,"30 37","26:34 41:34"
"امراؤ جان","پھوپھی",2,"30 37","26:34 41:34"
"امراؤ جان","پیارے صاحب",9,"29 36 82 83 84 87 88 89","26:32 41:32 81:84 83:84 84:84 91:84 91:85 91:86 91:88"
"امراؤ جان","پیر بخش",14,"16 17 18 20 23 24 25 39 40","11:21 12:21 13:21 14:21 15:21 16:21 20:21 26:21 26:23 26:24 26:25 41:37 41:38 41:39"
"امراؤ جان","چھوٹا بھائی",6,"21 23 26 37 38 39","16:26 20:26 26:26 41:33 41:35 41:37"
"امراؤ جان","کریم",14,"17 18 19 21 24 165 166 167 169 173","12:22 13:22 14:22 15:22 16:22 20:22 26:22 26:23 161:170 162:170 163:170 165:170 169:170 176:170"
"امراؤ جان","کریم کی جوری",6,"18 19 21 24","13:23 14:23 15:23 16:23 20:23 26:23"
"امراؤ جان","کریم کی ساس",10,"17 18 19 21 24 169 171 175","12:22 13:22 14:22 15:22 16:22 20:22 26:22 165:174 169:174 176:174"
"امراؤ جان","کریمین",9,"30 37 38 165 166 167 169 173","26:34 41:34 41:35 161:170 162:170 163:170 165:170 169:170 176:170"
"امراؤ جان","گوہر مرزا",46,"40 46 48 49 50 52 53 54 66 67 69 76 82 83 86 89 111 112 114 116 117 119 150 151 152 154 156 163 164 165 166 168 180 181 182 186","41:40 41:51 46:51 47:51 48:51 49:51 53:51 53:52 53:53 54:53 54:54 55:54 62:71 63:71 68:71 81:71 81:83 83:83 84:83 84:88 91:88 111:111 114:111 114:115 117:115 117:117 118:117 118:120 146:154 147:154 149:154 151:154 154:154 158:154 158:155 158:168 161:168 162:168 163:168 165:168 169:168 176:185 177:185 178:185 179:185 187:185"
"امراؤ کا منگیتر","امیر بان",1,"30","34:27"
"امراؤ کا منگیتر","امیر جان",4,"55 56 163","59:52 59:53 59:54 159:167"
"امراؤ کا منگیتر","اکبر علی خاں",3,"154 155","159:149 159:150 159:152"
"امراؤ کا منگیتر","اکبر علی خاں کی بیوی",9,"30 34 35 61 154 155 156 157 159","34:26 34:35 35:35 59:63 159:150 159:152 159:154 159:155 159:160"
"امراؤ کا منگیتر","بسم اللہ جان",12,"29 30 31 32 37 38 57 58 61 163","34:24 34:27 34:28 34:29 34:30 34:41 35:41 59:56 59:57 59:58 59:64 159:167"
"امراؤ کا منگیتر","بند ڈومنی",2,"37","34:40 35:40"
"امراؤ کا منگیتر","بنو",3,"55 56","59:51 59:53 59:54"
"امراؤ کا منگیتر","بوا امیرن",2,"154 159","159:150 159:159"
"امراؤ کا منگیتر","بوا حسینی",10,"29 30 33 37 55 59 160","34:25 34:26 34:27 34:32 34:40 35:40 59:51 59:52 59:59 159:161"
"امراؤ کا منگیتر","بڑے نواب صاحب",1,"61","59:64"
"امراؤ کا منگیتر","بیگا جان",2,"32 33","34:30 34:32"
"امراؤ کا منگیتر","بیگم جعفر علی خان",2,"29 55","34:25 59:51"
"امراؤ کا منگیتر","بیگم محمد تقی خاں (کانپور والی)",1,"162","159:165"
"امراؤ کا منگیتر","جہاں پناہ",1,"61","59:64"
"امراؤ کا منگیتر","حسنا",2,"54 161","59:49 159:163"
"امراؤ کا منگیتر","حسین علی صاحب",1,"161","159:164"
"امراؤ کا منگیتر","حکیم صاحب (نخاس)",2,"56","59:53 59:54"
"امراؤ کا منگیتر","خان صاحب",3,"31 61 163","34:29 59:63 159:168"
"امراؤ کا منگیتر","خانم جان",19,"29 30 31 32 33 37 38 54 57 58 59 156 157 163","34:24 34:25 34:26 34:27 34:28 34:29 34:30 34:32 34:41 35:41 59:49 59:50 59:56 59:57 59:58 59:59 159:153 159:156 159:167"
"امراؤ کا منگیتر","خلیفہ جی",1,"31","34:29"
"امراؤ کا منگیتر","خورشید جان",4,"30 31 32 163","34:27 34:28 34:30 159:167"
"امراؤ کا منگیتر","دلاور خان",5,"29 32 35 36","34:24 34:25 34:31 34:37 35:37"
"امراؤ کا منگیتر","دلبر حسین",1,"61","59:64"
"امراؤ کا منگیتر","سید قطب الدین",3,"155 156 157","159:151 159:153 159:155"
"امراؤ کا منگیتر","شاہ صاحب",2,"56","59:53 59:54"
"امراؤ کا منگیتر","شمشیر خان",1,"60","59:61"
"امراؤ کا منگیتر","علی بخش",1,"55","59:52"
"امراؤ کا منگیتر","محدوم بخش",1,"62","59:66"
"امراؤ کا منگیتر","مدن کی ماں",1,"155","159:152"
"امراؤ کا منگیتر","مرزا اسکندر حشمت",1,"155","159:151"
"امراؤ کا منگیتر","مرزا برجیس قدر",2,"155 157","159:151 159:155"
"امراؤ کا منگیتر","مرزا رسوا",35,"29 30 31 32 33 34 35 54 55 56 57 58 59 154 155 156 157 158 159","34:24 34:25 34:26 34:27 34:28 34:29 34:30 34:31 34:32 34:33 34:34 35:34 35:35 59:49 59:50 59:51 59:52 59:53 59:54 59:55 59:56 59:57 59:58 59:59 159:149 159:150 159:151 159:152 159:153 159:154 159:155 159:156 159:157 159:158 159:159"
"امراؤ کا منگیتر","منصف الدولہ",1,"62","59:65"
"امراؤ کا منگیتر","منے",1,"161","159:164"
"امراؤ کا منگیتر","مولوی صاحب",5,"33 37 55","34:32 34:40 35:40 59:51 59:52"
"امراؤ کا منگیتر","مہری",3,"56 162","59:53 59:54 159:165"
"امراؤ کا منگیتر","میاں امیر",8,"30 37 55 56 61 161","34:27 34:40 35:40 59:52 59:53 59:54 59:63 159:164"
"امراؤ کا منگیتر","میاں حسنو",1,"63","59:67"
"امراؤ کا منگیتر","میاں سعادت",2,"54 161","59:49 159:164"
"امراؤ کا منگیتر","میاں محمد بخش",1,"161","159:164"
"امراؤ کا منگیتر","میر صاحب",2,"156 157","159:153 159:156"
"امراؤ کا منگیتر","نواب بنّے خان",1,"60","59:61"
"امراؤ کا منگیتر","نواب جعفر علی خان",1,"61","59:63"
"امراؤ کا منگیتر","نواب راشد علی",2,"54 163","59:49 159:168"
"امراؤ کا منگیتر","نواب سلطان صاحب",2,"59 163","59:59 159:168"
"امراؤ کا منگیتر","نواب صاحب (مشاعرہ)",6,"54 55 59 157 158 161","59:49 59:51 59:59 159:156 159:157 159:164"
"امراؤ کا منگیتر","نواب عمدة الخاقان بیگم",5,"37 38 57 58","34:41 35:41 59:56 59:57 59:58"
"امراؤ کا منگیتر","نواب فخر النساء کی ماما",5,"29 33 154 155 159","34:24 34:32 159:150 159:152 159:159"
"امراؤ کا منگیتر","نواب محمد تقی خاں",1,"162","159:166"
"امراؤ کا منگیتر","نواب محمد تقی خاں کا صاحب زادہ",1,"162","159:166"
"امراؤ کا منگیتر","نواب ملکہ کشور",3,"61 155 162","59:64 159:151 159:165"
"امراؤ کا منگیتر","نواب چھین صاحب",6,"37 38 57 58 61","34:41 35:41 59:56 59:57 59:58 59:64"
"امراؤ کا منگیتر","نواب چھین صاحب کی والدہ",9,"30 33 34 35 54 62 158 160","34:27 34:33 34:34 35:34 35:35 59:49 59:65 159:158 159:162"
"امراؤ کا منگیتر","واجد علی",1,"154","159:149"
"امراؤ کا منگیتر","پھوپھا",2,"34","34:34 35:34"
"امراؤ کا منگیتر","پھوپھی",2,"34","34:34 35:34"
"امراؤ کا منگیتر","پیارے صاحب",1,"33","34:32"
"امراؤ کا منگیتر","پیر بخش",4,"29 35 36","34:24 34:25 34:37 35:37"
"امراؤ کا منگیتر","چھوٹا بھائی",4,"30 33 34 35","34:26 34:33 34:35 35:35"
"امراؤ کا منگیتر","کریمین",3,"34 35","34:34 35:34 35:35"
"امراؤ کا منگیتر","گوہر مرزا",9,"37 55 56 156 157 163","34:40 35:40 59:51 59:52 59:53 59:54 159:154 159:155 159:168"
"امیر بان","اکبر علی خاں کی بیوی",2,"26 31","27:26 27:35"
"امیر بان","بسم اللہ جان",2,"25 27","27:24 27:27"
"امیر بان","بوا حسینی",3,"26 27","27:25 27:26 27:27"
"امیر بان","بیگا جان",1,"28","27:30"
"امیر بان","بیگم جعفر علی خان",1,"26","27:25"
"امیر بان","خان صاحب",3,"22 23 28","27:17 27:19 27:29"
"امیر بان","خانم جان",4,"25 26 27","27:24 27:25 27:26 27:27"
"امیر بان","خلیفہ جی",1,"28","27:29"
"امیر بان","خورشید جان",1,"27","27:27"
"امیر بان","دلاور خان",5,"24 25 26 29","27:21 27:22 27:24 27:25 27:31"
"امیر بان","رام دئی",1,"25","27:23"
"امیر بان","شیخ صاحب",2,"22 23","27:17 27:19"
"امیر بان","مرزا رسوا",11,"22 23 24 25 26 27","27:17 27:18 27:19 27:20 27:21 27:22 27:23 27:24 27:25 27:26 27:27"
"امیر بان","منشی احمد حسن",3,"22 23","27:18 27:19 27:20"
"امیر بان","مولوی صاحب",1,"29","27:32"
"امیر بان","میاں امیر",1,"27","27:27"
"امیر بان","نواب صاحب (مشاعرہ)",3,"22 23","27:17 27:18 27:19"
"امیر بان","نواب فخر النساء کی ماما",2,"25 29","27:24 27:32"
"امیر بان","نواب چھین صاحب کی والدہ",1,"27","27:27"
"امیر بان","پنڈت جی",2,"22 23","27:18 27:19"
"امیر بان","پھوپھا",1,"30","27:34"
"امیر بان","پھوپھی",1,"30","27:34"
"امیر بان","پیارے صاحب",1,"29","27:32"
"امیر بان","پیر بخش",5,"24 25 26 32","27:21 27:23 27:24 27:25 27:37"
"امیر بان","چھوٹا بھائی",2,"26 30","27:26 27:33"
"امیر بان","کریم",2,"24 25","27:22 27:23"
"امیر بان","کریم کی جوری",1,"25","27:23"
"امیر بان","کریم کی ساس",1,"24","27:22"
"امیر بان","کریمین",1,"30","27:34"
"امیر جان","اکبر علی خاں",1,"170","167:173"
"امیر جان","اکبر علی خاں کی بیوی",5,"58 163 165 168","53:63 54:63 167:160 167:164 167:169"
"امیر جان","بسم اللہ جان",8,"47 48 54 55 167","52:42 52:43 52:44 52:45 52:56 53:56 54:56 167:167"
"امیر جان","بنو",5,"51 52 53 54","52:51 52:53 53:53 54:53 54:54"
"امیر جان","بوا امیرن",3,"163 170","167:159 167:160 167:173"
"امیر جان","بوا حسینی",6,"51 52 56 164","52:51 52:52 53:52 53:59 54:59 167:161"
"امیر جان","بڑے خان صاحب",1,"171","167:175"
"امیر جان","بڑے نواب صاحب",1,"59","54:64"
"امیر جان","بیگم جعفر علی خان",1,"51","52:51"
"امیر جان","بیگم محمد تقی خاں (کانپور والی)",1,"166","167:165"
"امیر جان","جہاں پناہ",1,"59","54:64"
"امیر جان","حسنا",5,"49 50 165","52:46 52:47 52:48 52:49 167:163"
"امیر جان","حسین خاں",1,"170","167:173"
"امیر جان","حسین علی صاحب",1,"165","167:164"
"امیر جان","حکیم صاحب (نخاس)",4,"52 53 54","52:53 53:53 54:53 54:54"
"امیر جان","خان صاحب",3,"58 167","53:63 54:63 167:168"
"امیر جان","خانم جان",9,"49 50 51 54 55 167","52:46 52:47 52:48 52:49 52:50 52:56 53:56 54:56 167:167"
"امیر جان","خورشید جان",1,"167","167:167"
"امیر جان","دلبر حسین",1,"59","54:64"
"امیر جان","شاہ صاحب",4,"52 53 54","52:53 53:53 54:53 54:54"
"امیر جان","شمشیر خان",3,"56 57","52:61 53:61 54:61"
"امیر جان","علی بخش",2,"52","52:52 53:52"
"امیر جان","مدن کی ماں",1,"171","167:175"
"امیر جان","مرزا رسوا",26,"47 48 49 50 51 52 53 54 162 163 164 165 166 167","52:42 52:43 52:44 52:45 52:46 52:47 52:48 52:49 52:50 52:51 52:52 53:52 53:53 54:53 54:54 167:157 167:158 167:159 167:160 167:161 167:162 167:163 167:164 167:165 167:166 167:167"
"امیر جان","منے",1,"165","167:164"
"امیر جان","مولوی صاحب",3,"51 52","52:51 52:52 53:52"
"امیر جان","مہری",7,"52 53 54 166 167","52:53 53:53 54:53 54:54 167:165 167:166 167:167"
"امیر جان","میاں امیر",7,"52 53 54 165 167","52:52 53:52 53:53 54:53 54:54 167:164 167:167"
"امیر جان","میاں سعادت",5,"49 50 165","52:46 52:47 52:48 52:49 167:164"
"امیر جان","میاں محمد بخش",1,"165","167:164"
"امیر جان","نواب بنّے خان",3,"56 57","52:61 53:61 54:61"
"امیر جان","نواب جعفر علی خان",2,"58","53:63 54:63"
"امیر جان","نواب راشد علی",5,"49 50 167","52:46 52:47 52:48 52:49 167:168"
"امیر جان","نواب سلطان صاحب",4,"55 56 167","52:59 53:59 54:59 167:168"
"امیر جان","نواب صاحب (مشاعرہ)",12,"49 50 51 55 56 162 165 166 168","52:46 52:47 52:48 52:49 52:51 52:59 53:59 54:59 167:157 167:164 167:166 167:170"
"امیر جان","نواب عمدة الخاقان بیگم",3,"54 55","52:56 53:56 54:56"
"امیر جان","نواب عمدة النساء بیگم",1,"169","167:172"
"امیر جان","نواب فخر النساء کی ماما",3,"163 168","167:159 167:160 167:170"
"امیر جان","نواب محمد تقی خاں",1,"166","167:166"
"امیر جان","نواب محمد تقی خاں کا صاحب زادہ",1,"166","167:166"
"امیر جان","نواب ملکہ کشور",2,"59 166","54:64 167:165"
"امیر جان","نواب چھین صاحب",3,"54 55","52:56 53:56 54:56"
"امیر جان","نواب چھین صاحب کی والدہ",7,"49 50 162 164 169","52:46 52:47 52:48 52:49 167:158 167:162 167:171"
"امیر جان","کریم",1,"168","167:170"
"امیر جان","کریم کی ساس",1,"170","167:174"
"امیر جان","کریمین",1,"168","167:170"
"امیر جان","گوہر مرزا",7,"51 52 53 54 167","52:51 52:52 53:52 53:53 54:53 54:54 167:168"
"اکبر علی خاں","اکبر علی خاں کی بیوی",16,"143 147 148 149 150 151 152 168 171 172 173 174 175 187","145:141 145:150 146:150 148:150 149:150 150:150 152:150 152:152 173:164 173:169 173:171 173:172 173:173 175:173 175:175 191:184"
"اکبر علی خاں","بسم اللہ جان",6,"170 189 190 191 192","173:167 191:188 191:189 191:190 191:192 192:192"
"اکبر علی خاں","بوا امیرن",10,"147 148 149 150 151 155 173 174 175","145:150 146:150 148:150 149:150 150:150 152:150 152:159 173:173 175:173 175:175"
"اکبر علی خاں","بوا حسینی",4,"156 177 178 186","152:161 173:182 175:182 191:182"
"اکبر علی خاں","بڑے خان صاحب",2,"174 175","173:175 175:175"
"اکبر علی خاں","بیگا جان",2,"190","191:189 191:190"
"اکبر علی خاں","بیگم محمد تقی خاں (کانپور والی)",1,"169","173:165"
"اکبر علی خاں","تھانے دار صاحب",2,"191 192","191:192 192:192"
"اکبر علی خاں","حسنا",1,"168","173:163"
"اکبر علی خاں","حسین خاں",2,"173 174","173:173 175:173"
"اکبر علی خاں","حسین علی صاحب",1,"168","173:164"
"اکبر علی خاں","خان صاحب",6,"144 170 174 175 191 192","145:143 173:168 173:175 175:175 191:192 192:192"
"اکبر علی خاں","خانم جان",12,"144 149 150 151 152 170 171 177 178 186","145:143 145:153 146:153 148:153 149:153 150:153 152:153 173:167 173:169 173:181 175:181 191:181"
"اکبر علی خاں","خورشید جان",5,"170 171 172 189 190","173:167 173:170 173:172 191:188 191:189"
"اکبر علی خاں","دلاور خان",5,"177 178 186 191","173:181 175:181 191:181 191:191 192:191"
"اکبر علی خاں","سلار بخش",3,"191 192","191:191 192:191 192:192"
"اکبر علی خاں","سید قطب الدین",7,"148 149 150 151 152","145:151 146:151 148:151 149:151 150:151 152:151 152:153"
"اکبر علی خاں","شمشیر خان",1,"189","191:187"
"اکبر علی خاں","مدن کی ماں",8,"148 149 150 151 152 174 175","145:152 146:152 148:152 149:152 150:152 152:152 173:175 175:175"
"اکبر علی خاں","مرزا اسکندر حشمت",6,"148 149 150 151","145:151 146:151 148:151 149:151 150:151 152:151"
"اکبر علی خاں","مرزا برجیس قدر",7,"148 149 150 151 153","145:151 146:151 148:151 149:151 150:151 152:151 152:155"
"اکبر علی خاں","مرزا رسوا",44,"143 144 145 146 147 148 149 150 151 152 168 169 170 171 172 173 174 175 186 187 188 189 190 191 192","145:141 145:142 145:143 145:144 145:145 146:145 146:146 148:146 148:147 148:148 149:148 149:149 150:149 150:150 152:150 152:151 152:152 173:163 173:164 173:165 173:166 173:167 173:168 173:169 173:170 173:171 173:172 173:173 175:173 175:174 175:175 191:181 191:182 191:183 191:184 191:185 191:186 191:187 191:188 191:189 191:190 191:191 192:191 192:192"
"اکبر علی خاں","منشی احمد حسن",2,"193","191:195 192:195"
"اکبر علی خاں","منے",1,"168","173:164"
"اکبر علی خاں","مکا پاسی",2,"192","191:193 192:193"
"اکبر علی خاں","مہری",8,"169 170 171 189 193","173:165 173:166 173:167 173:169 173:170 191:187 191:195 192:195"
"اکبر علی خاں","میاں امیر",3,"168 170 189","173:164 173:167 191:188"
"اکبر علی خاں","میاں سعادت",1,"168","173:164"
"اکبر علی خاں","میاں محمد بخش",1,"168","173:164"
"اکبر علی خاں","میر صاحب",6,"149 150 151 152","145:153 146:153 148:153 149:153 150:153 152:153"
"اکبر علی خاں","نواب بنّے خان",1,"190","191:189"
"اکبر علی خاں","نواب راشد علی",1,"170","173:168"
"اکبر علی خاں","نواب سلطان صاحب",2,"170 171","173:168 173:169"
"اکبر علی خاں","نواب صاحب (مشاعرہ)",16,"144 145 151 152 153 154 168 169 171 172 180 188 191 192","145:143 145:145 146:145 146:156 148:156 149:156 150:156 152:156 173:164 173:166 173:170 173:172 175:185 191:185 191:192 192:192"
"اکبر علی خاں","نواب عمدة النساء بیگم",1,"172","173:172"
"اکبر علی خاں","نواب فخر النساء کی ماما",19,"143 147 148 149 150 151 152 171 172 173 174 179 187 188 192 193","145:141 145:142 145:150 146:150 148:150 149:150 150:150 152:150 152:152 173:170 173:171 173:173 175:173 175:174 175:184 191:184 191:185 191:194 192:194"
"اکبر علی خاں","نواب محمد تقی خاں",1,"169","173:166"
"اکبر علی خاں","نواب محمد تقی خاں کا صاحب زادہ",1,"169","173:166"
"اکبر علی خاں","نواب ملکہ کشور",7,"148 149 150 151 169","145:151 146:151 148:151 149:151 150:151 152:151 173:165"
"اکبر علی خاں","نواب چھین صاحب",4,"190 191 192","191:189 191:191 192:191 192:192"
"اکبر علی خاں","نواب چھین صاحب کی والدہ",8,"143 153 154 155 172 179 187","145:141 148:158 149:158 150:158 152:158 173:171 175:184 191:184"
"اکبر علی خاں","واجد علی",5,"147 148 149","145:149 146:149 148:149 149:149 150:149"
"اکبر علی خاں","کریم",1,"171","173:170"
"اکبر علی خاں","کریم کی ساس",2,"173 174","173:174 175:174"
"اکبر علی خاں","کریمین",1,"171","173:170"
"اکبر علی خاں","گوہر مرزا",9,"149 150 151 152 153 170 180 188","145:154 146:154 148:154 149:154 150:154 152:154 173:168 175:185 191:185"
"اکبر علی خاں کی بیوی","بسم اللہ جان",24,"25 26 31 32 38 59 60 63 81 82 83 85 86 89 163 165 168 186","26:24 26:27 35:27 35:28 35:29 35:30 35:41 63:56 63:57 63:58 63:64 84:78 84:80 84:81 84:82 84:83 84:86 87:86 87:91 88:91 160:167 164:167 169:167 184:188"
"اکبر علی خاں کی بیوی","بند ڈومنی",1,"37","35:40"
"اکبر علی خاں کی بیوی","بنو",2,"58","63:53 63:54"
"اکبر علی خاں کی بیوی","بوا امیرن",18,"145 150 151 155 156 157 159 160 162 168 171 172 173 174 175 179 180","141:150 150:150 152:150 152:159 154:159 155:159 160:159 160:160 164:160 164:173 169:173 171:173 172:173 173:173 175:173 175:175 184:175 184:176"
"اکبر علی خاں کی بیوی","بوا حسینی",25,"25 26 30 31 33 37 61 67 80 81 82 85 86 88 156 157 158 160 162 177 178 183","26:25 26:26 35:26 35:27 35:32 35:40 63:59 63:71 84:76 84:78 84:79 84:80 84:86 87:86 87:89 88:89 152:161 154:161 155:161 160:161 164:161 172:182 173:182 175:182 184:182"
"اکبر علی خاں کی بیوی","بڑے خان صاحب",7,"172 173 174 175 179 180","169:175 171:175 172:175 173:175 175:175 184:175 184:176"
"اکبر علی خاں کی بیوی","بڑے نواب صاحب",1,"63","63:64"
"اکبر علی خاں کی بیوی","بیگا جان",4,"28 32 33 186","26:30 35:30 35:32 184:189"
"اکبر علی خاں کی بیوی","بیگم جعفر علی خان",1,"25","26:25"
"اکبر علی خاں کی بیوی","بیگم محمد تقی خاں (کانپور والی)",4,"160 162 164 167","155:165 160:165 164:165 169:165"
"اکبر علی خاں کی بیوی","تھانے دار صاحب",1,"188","184:192"
"اکبر علی خاں کی بیوی","جہاں پناہ",1,"63","63:64"
"اکبر علی خاں کی بیوی","حسنا",4,"158 159 161 163","154:163 155:163 160:163 164:163"
"اکبر علی خاں کی بیوی","حسین خاں",6,"168 171 172 173 174","164:173 169:173 171:173 172:173 173:173 175:173"
"اکبر علی خاں کی بیوی","حسین علی صاحب",5,"159 162 164 166","154:164 155:164 160:164 164:164 169:164"
"اکبر علی خاں کی بیوی","حکیم صاحب (نخاس)",4,"58 91","63:53 63:54 87:95 88:95"
"اکبر علی خاں کی بیوی","خان صاحب",28,"6 9 10 12 21 22 27 32 63 80 81 142 146 164 166 168 172 173 174 175 179 180 188","11:1 11:8 11:9 11:10 11:14 26:16 26:17 26:19 26:29 35:29 63:63 84:76 84:77 84:78 84:79 141:143 150:143 160:168 164:168 169:168 169:175 171:175 172:175 173:175 175:175 184:175 184:176 184:192"
"اکبر علی خاں کی بیوی","خانم جان",43,"25 26 30 31 32 33 38 59 60 61 62 63 81 82 84 85 86 87 88 142 146 151 152 153 155 158 163 165 168 169 170 176 177 178 182","26:24 26:25 26:26 35:26 35:27 35:28 35:29 35:30 35:32 35:41 63:56 63:57 63:58 63:59 63:61 63:64 84:78 84:79 84:80 84:84 87:84 87:85 87:86 87:88 88:88 141:143 150:143 150:153 152:153 154:153 154:156 155:156 160:156 160:167 164:167 169:167 169:169 171:169 171:181 172:181 173:181 175:181 184:181"
"اکبر علی خاں کی بیوی","خلیفہ جی",4,"27 32 82 83","26:29 35:29 84:81 84:83"
"اکبر علی خاں کی بیوی","خورشید جان",20,"26 31 32 81 84 85 86 87 88 163 165 168 169 170 171 172 186","26:27 35:27 35:28 35:30 84:78 84:84 87:84 87:85 87:86 87:88 88:88 160:167 164:167 169:167 169:170 171:170 171:172 172:172 173:172 184:188"
"اکبر علی خاں کی بیوی","دلاور خان",15,"16 23 24 25 28 33 36 80 176 177 178 182 187","11:21 26:21 26:22 26:24 26:25 26:31 35:31 35:37 84:76 171:181 172:181 173:181 175:181 184:181 184:191"
"اکبر علی خاں کی بیوی","دلبر حسین",1,"63","63:64"
"اکبر علی خاں کی بیوی","رام دئی",1,"24","26:23"
"اکبر علی خاں کی بیوی","سلار بخش",1,"187","184:191"
"اکبر علی خاں کی بیوی","سید قطب الدین",8,"146 150 151 152 153 154 155 157","141:151 150:151 152:151 152:153 154:153 154:155 155:155 160:155"
"اکبر علی خاں کی بیوی","شاہ صاحب",4,"58 84 86","63:53 63:54 84:85 87:85"
"اکبر علی خاں کی بیوی","شمشیر خان",3,"62 81 185","63:61 84:79 184:187"
"اکبر علی خاں کی بیوی","شیخ صاحب",5,"6 9 14 21 22","11:1 11:8 11:17 26:17 26:19"
"اکبر علی خاں کی بیوی","محدوم بخش",4,"64 89 90 91","63:66 84:94 87:94 88:94"
"اکبر علی خاں کی بیوی","مدن کی ماں",10,"151 152 153 172 173 174 175 179 180","150:152 152:152 154:152 169:175 171:175 172:175 173:175 175:175 184:175 184:176"
"اکبر علی خاں کی بیوی","مرزا اسکندر حشمت",3,"146 150 151","141:151 150:151 152:151"
"اکبر علی خاں کی بیوی","مرزا برجیس قدر",7,"146 150 151 153 154 155 157","141:151 150:151 152:151 152:155 154:155 155:155 160:155"
"اکبر علی خاں کی بیوی","مرزا رسوا",114,"6 7 8 9 10 11 21 22 23 24 25 26 30 31 32 33 34 35 58 59 60 61 62 63 79 80 81 82 83 84 85 86 87 88 141 145 146 147 148 149 150 151 152 153 154 155 157 158 159 160 162 163 164 166 167 168 169 170 171 172 173 174 175 179 180 181 182 183 184","11:1 11:2 11:3 11:4 11:5 11:6 11:7 11:8 11:9 11:10 11:11 26:16 26:17 26:18 26:19 26:20 26:21 26:22 26:23 26:24 26:25 26:26 35:26 35:27 35:28 35:29 35:30 35:31 35:32 35:33 35:34 35:35 63:53 63:54 63:55 63:56 63:57 63:58 63:59 63:61 63:62 63:63 84:74 84:75 84:76 84:77 84:78 84:79 84:80 84:81 84:82 84:83 84:84 87:84 87:85 87:86 87:87 88:87 88:88 141:141 150:141 150:142 150:143 150:144 150:145 150:146 150:147 150:148 150:149 150:150 152:150 152:151 152:152 154:152 154:153 154:154 155:154 155:155 160:155 160:156 160:157 160:158 160:159 160:160 164:160 164:161 164:162 164:163 164:164 169:164 169:165 169:166 169:167 169:168 169:169 171:169 171:170 171:171 172:171 172:172 173:172 173:173 175:173 175:174 175:175 184:175 184:176 184:177 184:178 184:179 184:181 184:182 184:183 184:184"
"اکبر علی خاں کی بیوی","مرزا علی رضا بیگ",3,"81 91","84:79 87:95 88:95"
"اکبر علی خاں کی بیوی","مطہر احق",1,"7","11:3"
"اکبر علی خاں کی بیوی","منشی احمد حسن",7,"6 9 11 21 22 23","11:1 11:7 11:12 26:16 26:18 26:19 26:20"
"اکبر علی خاں کی بیوی","منصف الدولہ",1,"64","63:65"
"اکبر علی خاں کی بیوی","منے",6,"12 159 162 164 166","11:13 154:164 155:164 160:164 164:164 169:164"
"اکبر علی خاں کی بیوی","مولوی صاحب",10,"29 33 37 82 83 84 85 92","26:32 35:32 35:40 84:81 84:82 84:83 84:84 87:84 87:97 88:97"
"اکبر علی خاں کی بیوی","مکا پاسی",1,"188","184:193"
"اکبر علی خاں کی بیوی","مہری",13,"11 58 160 162 164 167 168 169 170 185","11:11 63:53 63:54 155:165 160:165 164:165 169:165 169:166 169:167 169:169 171:169 171:170 184:187"
"اکبر علی خاں کی بیوی","میاں امیر",18,"11 26 31 37 58 63 80 81 85 86 159 162 164 166 168 186","11:12 26:27 35:27 35:40 63:53 63:54 63:63 84:77 84:78 84:86 87:86 154:164 155:164 160:164 164:164 169:164 169:167 184:188"
"اکبر علی خاں کی بیوی","میاں حسنو",1,"65","63:67"
"اکبر علی خاں کی بیوی","میاں سعادت",6,"83 159 162 164 166","84:82 154:164 155:164 160:164 164:164 169:164"
"اکبر علی خاں کی بیوی","میاں محمد بخش",5,"159 162 164 166","154:164 155:164 160:164 164:164 169:164"
"اکبر علی خاں کی بیوی","میر صاحب",10,"85 86 92 151 152 153 155 158","84:86 87:86 87:97 88:97 150:153 152:153 154:153 154:156 155:156 160:156"
"اکبر علی خاں کی بیوی","نواب بنّے خان",2,"62 186","63:61 184:189"
"اکبر علی خاں کی بیوی","نواب جعفر علی خان",1,"63","63:63"
"اکبر علی خاں کی بیوی","نواب راشد علی",3,"164 166 168","160:168 164:168 169:168"
"اکبر علی خاں کی بیوی","نواب سلطان صاحب",10,"61 62 67 81 164 166 168 169 170","63:59 63:61 63:62 63:71 84:79 160:168 164:168 169:168 169:169 171:169"
"اکبر علی خاں کی بیوی","نواب سلطان کا چھوٹا بھائی",1,"81","84:79"
"اکبر علی خاں کی بیوی","نواب صاحب (مشاعرہ)",39,"9 10 14 21 22 61 62 63 79 80 81 87 89 142 146 147 153 154 155 158 162 164 166 167 169 170 171 172 180 184","11:7 11:8 11:9 11:10 11:17 26:17 26:18 26:19 63:59 63:61 63:63 84:74 84:75 84:76 84:78 84:79 84:91 87:91 88:91 141:143 150:143 150:145 150:156 152:156 154:156 155:156 160:156 160:157 160:164 164:164 169:164 169:166 169:170 171:170 171:172 172:172 173:172 175:185 184:185"
"اکبر علی خاں کی بیوی","نواب عمدة الخاقان بیگم",4,"38 59 60","35:41 63:56 63:57 63:58"
"اکبر علی خاں کی بیوی","نواب عمدة النساء بیگم",5,"168 170 171 172","164:172 169:172 171:172 172:172 173:172"
"اکبر علی خاں کی بیوی","نواب فخر النساء بیگم",1,"66","63:70"
"اکبر علی خاں کی بیوی","نواب فخر النساء کی ماما",30,"25 29 33 66 87 89 141 145 146 150 151 152 153 156 157 159 160 162 167 169 170 171 172 173 174 179 184","26:24 26:32 35:32 63:70 84:91 87:91 88:91 141:141 150:141 150:142 150:150 152:150 152:152 154:152 154:159 155:159 160:159 160:160 164:160 164:170 169:170 171:170 171:171 172:171 172:173 173:173 175:173 175:174 175:184 184:184"
"اکبر علی خاں کی بیوی","نواب محمد تقی خاں",3,"163 165 167","160:166 164:166 169:166"
"اکبر علی خاں کی بیوی","نواب محمد تقی خاں کا صاحب زادہ",3,"163 165 167","160:166 164:166 169:166"
"اکبر علی خاں کی بیوی","نواب ملکہ کشور",8,"63 146 150 151 160 162 164 167","63:64 141:151 150:151 152:151 155:165 160:165 164:165 169:165"
"اکبر علی خاں کی بیوی","نواب چھین صاحب",8,"38 59 60 63 91 186","35:41 63:56 63:57 63:58 63:64 87:95 88:95 184:189"
"اکبر علی خاں کی بیوی","نواب چھین صاحب کی والدہ",28,"26 31 34 35 64 80 81 82 85 87 90 141 145 154 155 156 159 161 163 167 170 171 179 184","26:27 35:27 35:33 35:34 35:35 63:65 84:77 84:78 84:80 84:87 87:87 88:87 88:93 141:141 150:141 150:158 152:158 154:158 155:158 160:158 160:162 164:162 164:171 169:171 171:171 172:171 175:184 184:184"
"اکبر علی خاں کی بیوی","واجد علی",2,"145 149","141:149 150:149"
"اکبر علی خاں کی بیوی","پنڈت جی",5,"9 13 21 22","11:7 11:15 26:16 26:18 26:19"
"اکبر علی خاں کی بیوی","پھوپھا",2,"30 34","26:34 35:34"
"اکبر علی خاں کی بیوی","پھوپھی",2,"30 34","26:34 35:34"
"اکبر علی خاں کی بیوی","پیارے صاحب",8,"29 33 84 85 86 87 88","26:32 35:32 84:84 87:84 87:85 87:86 87:88 88:88"
"اکبر علی خاں کی بیوی","پیر بخش",6,"16 23 24 25 36","11:21 26:21 26:23 26:24 26:25 35:37"
"اکبر علی خاں کی بیوی","چھوٹا بھائی",4,"26 30 34 35","26:26 35:26 35:33 35:35"
"اکبر علی خاں کی بیوی","کریم",6,"24 165 167 169 170","26:22 26:23 160:170 164:170 169:170 171:170"
"اکبر علی خاں کی بیوی","کریم کی جوری",1,"24","26:23"
"اکبر علی خاں کی بیوی","کریم کی ساس",7,"24 169 171 172 173 174","26:22 164:174 169:174 171:174 172:174 173:174 175:174"
"اکبر علی خاں کی بیوی","کریمین",7,"30 34 35 165 167 169 170","26:34 35:34 35:35 160:170 164:170 169:170 171:170"
"اکبر علی خاں کی بیوی","گوہر مرزا",19,"37 58 67 83 86 87 88 152 153 154 155 157 164 166 168 180 184","35:40 63:53 63:54 63:71 84:83 84:88 87:88 88:88 150:154 152:154 154:154 155:154 155:155 160:155 160:168 164:168 169:168 175:185 184:185"
"بسم اللہ جان","بند ڈومنی",2,"35 40","30:40 41:40"
"بسم اللہ جان","بنو",8,"46 47 48 53 54 55","41:51 42:51 43:51 44:51 45:51 56:51 56:53 56:54"
"بسم اللہ جان","بوا امیرن",3,"163 170","167:159 167:160 167:173"
"بسم اللہ جان","بوا حسینی",47,"24 26 27 30 31 36 40 46 47 48 53 54 57 58 61 67 68 69 70 71 74 77 78 79 80 83 84 86 88 90 91 92 164 185","24:25 27:25 27:26 27:27 28:27 28:32 29:32 30:32 41:32 41:40 41:51 42:51 43:51 44:51 45:51 56:51 56:52 56:59 57:59 58:59 64:59 64:71 66:71 67:71 68:71 69:71 70:71 71:71 72:71 72:76 78:76 78:78 80:78 80:79 80:80 81:80 81:86 82:86 83:86 86:86 91:86 91:89 91:90 91:92 93:92 167:161 188:182"
"بسم اللہ جان","بڑے خان صاحب",1,"171","167:175"
"بسم اللہ جان","بڑے نواب صاحب",5,"60 61 64 65","56:64 57:64 58:64 64:64 66:64"
"بسم اللہ جان","بیگا جان",11,"27 28 29 30 36 188 189 190 191","24:30 27:30 28:30 29:30 30:30 41:32 188:189 189:189 190:189 190:190 192:190"
"بسم اللہ جان","بیگم جعفر علی خان",8,"24 26 46 47 48 53","24:25 27:25 41:51 42:51 43:51 44:51 45:51 56:51"
"بسم اللہ جان","بیگم محمد تقی خاں (کانپور والی)",1,"166","167:165"
"بسم اللہ جان","تھانے دار صاحب",4,"190 191 192","188:192 189:192 190:192 192:192"
"بسم اللہ جان","جہاں پناہ",5,"60 61 64 65","56:64 57:64 58:64 64:64 66:64"
"بسم اللہ جان","حسنا",10,"43 44 45 51 52 165","41:46 42:46 43:46 44:46 45:46 56:46 56:47 56:48 56:49 167:163"
"بسم اللہ جان","حسین خاں",1,"170","167:173"
"بسم اللہ جان","حسین علی صاحب",1,"165","167:164"
"بسم اللہ جان","حکیم صاحب (نخاس)",10,"48 49 54 55 90 93 94 95","43:53 44:53 45:53 56:53 56:54 86:95 91:95 93:95 94:95 96:95"
"بسم اللہ جان","خان صاحب",36,"19 20 21 26 28 29 59 60 63 71 72 73 74 77 78 79 99 100 101 167 190 191 192","24:14 24:15 24:16 24:17 24:19 24:29 27:29 28:29 29:29 30:29 56:63 57:63 58:63 64:63 66:76 67:76 68:76 69:76 70:76 71:76 72:76 78:76 78:77 78:78 80:78 80:79 94:104 96:104 97:104 98:104 99:104 167:168 188:192 189:192 190:192 192:192"
"بسم اللہ جان","خانم جان",71,"24 25 26 27 28 29 30 36 41 44 45 51 52 53 56 57 58 61 62 64 65 68 69 70 71 72 75 78 79 80 82 83 85 86 88 89 90 91 92 93 94 95 96 97 103 167 184","24:24 27:24 27:25 27:26 27:27 28:27 28:28 29:28 29:29 30:29 30:30 41:32 41:41 42:41 42:46 43:46 44:46 45:46 56:46 56:47 56:48 56:49 56:50 56:56 57:56 57:57 58:57 58:58 64:58 64:59 64:61 64:64 66:64 66:70 67:70 68:70 69:70 70:70 71:70 71:72 72:72 78:72 78:78 80:78 80:79 80:80 81:80 81:84 82:84 83:84 86:84 86:85 86:86 91:86 91:88 91:90 91:91 93:91 93:92 93:93 94:93 94:94 96:94 96:95 96:97 97:97 98:97 98:108 99:108 167:167 188:181"
"بسم اللہ جان","خلیفہ جی",14,"26 28 29 76 79 80 81 82 83 84","24:29 27:29 28:29 29:29 30:29 71:81 72:81 78:81 80:81 81:81 82:81 82:83 83:83 86:83"
"بسم اللہ جان","خورشید جان",32,"25 27 28 29 30 73 74 75 78 79 82 83 85 86 88 89 90 102 103 167 188 189","24:27 27:27 28:27 28:28 29:28 29:30 30:30 68:78 69:78 70:78 71:78 72:78 78:78 80:78 80:84 81:84 82:84 83:84 86:84 86:85 86:86 91:86 91:88 91:89 97:107 98:107 99:107 167:167 188:188 189:188 189:189 190:189"
"بسم اللہ جان","دلاور خان",26,"22 23 24 25 26 29 30 36 39 40 71 72 73 74 77 184 189 190 191","24:21 24:22 24:24 27:24 27:25 27:31 28:31 29:31 30:31 41:31 41:37 41:38 41:39 66:76 67:76 68:76 69:76 70:76 71:76 72:76 78:76 188:181 188:191 189:191 190:191 192:191"
"بسم اللہ جان","دلبر حسین",5,"60 61 64 65","56:64 57:64 58:64 64:64 66:64"
"بسم اللہ جان","راجا شیودھیان سنگھ",6,"97 98 99 100","93:102 94:102 96:102 97:102 98:102 99:102"
"بسم اللہ جان","رام دئی",1,"23","24:23"
"بسم اللہ جان","سائیں (فیض علی کا نوکر)",6,"98 99 100 101","93:103 94:103 96:103 97:103 98:103 99:103"
"بسم اللہ جان","سلار بخش",5,"189 190 191 192","188:191 189:191 190:191 192:191 192:192"
"بسم اللہ جان","شاہ صاحب",11,"48 49 54 55 81 82 83 84 85","43:53 44:53 45:53 56:53 56:54 78:85 80:85 81:85 82:85 83:85 86:85"
"بسم اللہ جان","شمشیر خان",11,"58 59 62 74 75 78 79 187","56:61 57:61 58:61 64:61 69:79 70:79 71:79 72:79 78:79 80:79 188:187"
"بسم اللہ جان","شیخ صاحب",2,"20 21","24:17 24:19"
"بسم اللہ جان","علی بخش",5,"47 48 54","42:52 43:52 44:52 45:52 56:52"
"بسم اللہ جان","فضل علی",5,"99 100 101","94:104 96:104 97:104 98:104 99:104"
"بسم اللہ جان","فیض علی",7,"95 96 97 98 99","91:100 93:100 94:100 96:100 97:100 98:100 99:100"
"بسم اللہ جان","محدوم بخش",11,"61 62 65 66 90 92 93 94 95","56:66 57:66 58:66 64:66 66:66 67:66 86:94 91:94 93:94 94:94 96:94"
"بسم اللہ جان","مدن کی ماں",1,"171","167:175"
"بسم اللہ جان","مرزا رسوا",144,"19 20 21 22 23 24 25 26 27 28 29 30 36 37 38 39 40 41 42 43 44 45 51 52 53 54 55 56 57 58 61 62 63 64 65 66 67 68 69 70 71 72 75 76 77 78 79 80 81 82 83 84 85 86 88 89 90 91 92 93 94 95 96 97 98 99 162 163 164 165 166 167 183 184 185 186 187 188 189 190 191 192","24:14 24:15 24:16 24:17 24:18 24:19 24:20 24:21 24:22 24:23 24:24 27:24 27:25 27:26 27:27 28:27 28:28 29:28 29:29 30:29 30:30 41:31 41:32 41:33 41:34 41:35 41:36 41:37 41:38 41:39 41:40 41:41 42:41 42:42 43:42 43:43 44:43 44:44 45:44 45:45 56:46 56:47 56:48 56:49 56:50 56:51 56:52 56:53 56:54 56:55 56:56 57:56 57:57 58:57 58:58 64:58 64:59 64:61 64:62 64:63 64:64 66:64 66:65 66:66 67:66 67:67 68:67 68:68 69:68 69:69 70:69 70:70 71:70 71:71 72:71 72:72 78:72 78:73 78:74 78:75 78:76 78:77 78:78 80:78 80:79 80:80 81:80 81:81 82:81 82:82 83:82 83:83 86:83 86:84 86:85 86:86 91:86 91:87 91:88 91:89 91:90 91:91 93:91 93:92 93:93 94:93 94:94 96:94 96:95 96:96 97:96 97:97 98:97 98:98 99:98 99:99 167:157 167:158 167:159 167:160 167:161 167:162 167:163 167:164 167:165 167:166 167:167 188:178 188:179 188:181 188:182 188:183 188:184 188:185 188:186 188:187 188:188 189:188 189:189 190:189 190:190 192:190 192:191 192:192"
"بسم اللہ جان","مرزا علی رضا بیگ",11,"74 75 78 79 90 93 94 95","69:79 70:79 71:79 72:79 78:79 80:79 86:95 91:95 93:95 94:95 96:95"
"بسم اللہ جان","منشی احمد حسن",10,"19 20 21 22 191 192 193","24:14 24:15 24:16 24:18 24:19 24:20 188:195 189:195 190:195 192:195"
"بسم اللہ جان","منصف الدولہ",7,"60 61 64 65 66","56:65 57:65 58:65 64:65 66:65 66:66 67:66"
"بسم اللہ جان","منے",1,"165","167:164"
"بسم اللہ جان","مولوی صاحب",34,"28 29 30 31 36 40 46 47 48 53 54 76 79 80 81 82 83 84 85 94 95 96 97 98 99","24:32 27:32 28:32 29:32 30:32 41:32 41:40 41:51 42:51 43:51 44:51 45:51 56:51 56:52 71:81 72:81 78:81 80:81 81:81 82:81 82:82 83:82 83:83 86:83 86:84 91:97 93:97 94:97 96:97 97:97 98:97 98:98 99:98 99:99"
"بسم اللہ جان","مکا پاسی",4,"190 191 192","188:193 189:193 190:193 192:193"
"بسم اللہ جان","مہری",13,"48 49 54 55 166 167 187 191 192 193","43:53 44:53 45:53 56:53 56:54 167:165 167:166 167:167 188:187 188:195 189:195 190:195 192:195"
"بسم اللہ جان","میاں امیر",37,"25 27 35 40 47 48 54 55 59 60 63 72 73 74 77 78 79 83 84 86 88 103 165 167 188","24:27 27:27 28:27 30:40 41:40 42:52 43:52 44:52 45:52 56:52 56:53 56:54 56:63 57:63 58:63 64:63 67:77 68:77 69:77 70:77 71:77 72:77 78:77 78:78 80:78 80:86 81:86 82:86 83:86 86:86 91:86 98:108 99:108 167:164 167:167 188:188 189:188"
"بسم اللہ جان","میاں حسنو",12,"62 65 66 67 68 69 70","57:67 58:67 64:67 66:67 67:67 68:67 68:68 69:68 69:69 70:69 70:70 71:70"
"بسم اللہ جان","میاں سعادت",16,"43 44 45 51 52 77 80 81 82 165","41:46 42:46 43:46 44:46 45:46 56:46 56:47 56:48 56:49 72:82 78:82 80:82 81:82 82:82 83:82 167:164"
"بسم اللہ جان","میاں محمد بخش",1,"165","167:164"
"بسم اللہ جان","میر صاحب",15,"82 83 84 86 88 94 95 96 97 98","78:86 80:86 81:86 82:86 83:86 86:86 91:86 91:97 93:97 94:97 96:97 97:97 98:97 98:98 99:98"
"بسم اللہ جان","نصین",7,"96 97 98 99 100","91:101 93:101 94:101 96:101 97:101 98:101 99:101"
"بسم اللہ جان","نواب بنّے خان",7,"58 59 62 188 189","56:61 57:61 58:61 64:61 188:189 189:189 190:189"
"بسم اللہ جان","نواب جعفر علی خان",4,"59 60 63","56:63 57:63 58:63 64:63"
"بسم اللہ جان","نواب راشد علی",10,"43 44 45 51 52 167","41:46 42:46 43:46 44:46 45:46 56:46 56:47 56:48 56:49 167:168"
"بسم اللہ جان","نواب سلطان صاحب",18,"57 58 61 62 63 67 68 69 70 71 75 78 79 167","56:59 57:59 58:59 64:59 64:61 64:62 64:71 66:71 67:71 68:71 69:71 70:71 71:71 72:71 72:79 78:79 80:79 167:168"
"بسم اللہ جان","نواب سلطان کا چھوٹا بھائی",6,"74 75 78 79","69:79 70:79 71:79 72:79 78:79 80:79"
"بسم اللہ جان","نواب صاحب (مشاعرہ)",60,"20 21 43 44 45 51 52 53 57 58 61 62 63 64 65 66 68 69 70 71 72 75 76 77 78 79 86 87 88 91 92 93 94 95 96 162 165 166 168 186 190 191 192","24:17 24:18 24:19 41:46 42:46 43:46 44:46 45:46 56:46 56:47 56:48 56:49 56:51 56:59 57:59 58:59 64:59 64:61 64:63 64:64 66:64 66:65 66:66 67:66 67:69 68:69 69:69 70:69 70:71 71:71 72:71 72:72 78:72 78:73 78:74 78:75 78:76 78:78 80:78 80:79 81:91 82:91 83:91 86:91 91:91 93:91 93:94 94:94 96:94 96:96 97:96 167:157 167:164 167:166 167:170 188:185 188:192 189:192 190:192 192:192"
"بسم اللہ جان","نواب عمدة الخاقان بیگم",8,"41 56 57 58 61","41:41 42:41 56:56 57:56 57:57 58:57 58:58 64:58"
"بسم اللہ جان","نواب عمدة النساء بیگم",1,"169","167:172"
"بسم اللہ جان","نواب فخر النساء بیگم",7,"67 68 69 70","64:70 66:70 67:70 68:70 69:70 70:70 71:70"
"بسم اللہ جان","نواب فخر النساء کی ماما",36,"24 25 29 30 31 36 67 68 69 70 71 72 75 86 87 88 91 92 94 95 163 168 186 191 192 193","24:24 27:24 27:32 28:32 29:32 30:32 41:32 64:70 66:70 67:70 68:70 69:70 70:70 71:70 71:71 72:71 72:72 78:72 81:91 82:91 83:91 86:91 91:91 93:91 93:95 94:95 96:95 167:159 167:160 167:170 188:184 188:185 188:194 189:194 190:194 192:194"
"بسم اللہ جان","نواب محمد تقی خاں",1,"166","167:166"
"بسم اللہ جان","نواب محمد تقی خاں کا صاحب زادہ",1,"166","167:166"
"بسم اللہ جان","نواب ملکہ کشور",6,"60 61 64 65 166","56:64 57:64 58:64 64:64 66:64 167:165"
"بسم اللہ جان","نواب چھین صاحب",30,"41 56 57 58 61 64 65 67 68 69 70 90 93 94 95 96 188 189 190 191 192","41:41 42:41 56:56 57:56 57:57 58:57 58:58 64:58 64:64 66:64 66:69 67:69 68:69 69:69 70:69 70:70 71:70 86:95 91:95 93:95 94:95 96:95 96:96 97:96 188:189 189:189 190:189 190:191 192:191 192:192"
"بسم اللہ جان","نواب چھین صاحب کی والدہ",55,"25 27 30 31 37 38 39 40 43 44 45 51 52 60 61 64 65 66 67 68 73 74 77 78 79 80 84 85 86 89 92 93 95 96 162 164 169 186","24:27 27:27 28:27 28:33 29:33 30:33 41:33 41:34 41:35 41:37 41:38 41:39 41:46 42:46 43:46 44:46 45:46 56:46 56:47 56:48 56:49 56:65 57:65 58:65 64:65 66:65 66:67 67:67 68:67 68:68 69:68 69:77 70:77 71:77 72:77 78:77 78:78 80:78 80:80 81:80 81:87 82:87 83:87 86:87 91:87 91:93 93:93 94:93 94:96 96:96 97:96 167:158 167:162 167:171 188:184"
"بسم اللہ جان","پنڈت جی",4,"19 20 21","24:15 24:16 24:18 24:19"
"بسم اللہ جان","پھوپھا",6,"29 30 31 32 37","24:34 27:34 28:34 29:34 30:34 41:34"
"بسم اللہ جان","پھوپھی",6,"29 30 31 32 37","24:34 27:34 28:34 29:34 30:34 41:34"
"بسم اللہ جان","پیارے صاحب",16,"28 29 30 31 36 81 82 83 85 86 88 89","24:32 27:32 28:32 29:32 30:32 41:32 78:84 80:84 81:84 82:84 83:84 86:84 86:85 86:86 91:86 91:88"
"بسم اللہ جان","پیر بخش",12,"22 23 24 25 26 32 33 39 40","24:21 24:23 24:24 27:24 27:25 27:37 28:37 29:37 30:37 41:37 41:38 41:39"
"بسم اللہ جان","چھوٹا بھائی",9,"25 26 30 31 37 38 39","24:26 27:26 27:33 28:33 29:33 30:33 41:33 41:35 41:37"
"بسم اللہ جان","کریم",3,"23 168","24:22 24:23 167:170"
"بسم اللہ جان","کریم کی جوری",1,"23","24:23"
"بسم اللہ جان","کریم کی ساس",2,"23 170","24:22 167:174"
"بسم اللہ جان","کریمین",8,"29 30 31 32 37 38 168","24:34 27:34 28:34 29:34 30:34 41:34 41:35 167:170"
"بسم اللہ جان","گوہر مرزا",29,"35 40 46 47 48 53 54 55 67 68 69 70 71 80 81 82 83 84 87 89 167 186","30:40 41:40 41:51 42:51 43:51 44:51 45:51 56:51 56:52 56:53 56:54 64:71 66:71 67:71 68:71 69:71 70:71 71:71 72:71 78:83 80:83 81:83 82:83 83:83 86:83 86:88 91:88 167:168 188:185"
"بند ڈومنی","بوا حسینی",2,"36 40","40:32 40:40"
"بند ڈومنی","بیگا جان",2,"35 36","40:30 40:32"
"بند ڈومنی","حسنا",1,"43","40:46"
"بند ڈومنی","خانم جان",3,"35 36 40","40:30 40:32 40:41"
"بند ڈومنی","خورشید جان",1,"35","40:30"
"بند ڈومنی","دلاور خان",4,"35 38 39","40:31 40:37 40:38 40:39"
"بند ڈومنی","مرزا رسوا",11,"35 36 37 38 39 40","40:30 40:31 40:32 40:33 40:34 40:35 40:36 40:37 40:38 40:39 40:40"
"بند ڈومنی","مولوی صاحب",2,"36 40","40:32 40:40"
"بند ڈومنی","میاں امیر",1,"40","40:40"
"بند ڈومنی","میاں سعادت",1,"43","40:46"
"بند ڈومنی","نواب راشد علی",1,"43","40:46"
"بند ڈومنی","نواب صاحب (مشاعرہ)",1,"43","40:46"
"بند ڈومنی","نواب عمدة الخاقان بیگم",1,"40","40:41"
"بند ڈومنی","نواب فخر النساء کی ماما",1,"36","40:32"
"بند ڈومنی","نواب چھین صاحب",1,"40","40:41"
"بند ڈومنی","نواب چھین صاحب کی والدہ",7,"36 37 38 39 43","40:33 40:34 40:35 40:37 40:38 40:39 40:46"
"بند ڈومنی","پھوپھا",1,"37","40:34"
"بند ڈومنی","پھوپھی",1,"37","40:34"
"بند ڈومنی","پیارے صاحب",1,"36","40:32"
"بند ڈومنی","پیر بخش",3,"38 39","40:37 40:38 40:39"
"بند ڈومنی","چھوٹا بھائی",3,"36 37 38","40:33 40:35 40:37"
"بند ڈومنی","کریمین",2,"37","40:34 40:35"
"بند ڈومنی","گوہر مرزا",1,"40","40:40"
"بنو","بوا حسینی",5,"51 52 56","51:51 53:51 53:52 53:59 54:59"
"بنو","بڑے نواب صاحب",1,"59","54:64"
"بنو","بیگم جعفر علی خان",2,"51 52","51:51 53:51"
"بنو","جہاں پناہ",1,"59","54:64"
"بنو","حسنا",4,"48 49 50","51:46 51:47 51:48 51:49"
"بنو","حکیم صاحب (نخاس)",4,"52 53 54","51:53 53:53 54:53 54:54"
"بنو","خان صاحب",2,"58","53:63 54:63"
"بنو","خانم جان",9,"46 48 49 50 53 54 55","51:41 51:46 51:47 51:48 51:49 51:50 51:56 53:56 54:56"
"بنو","دلبر حسین",1,"59","54:64"
"بنو","شاہ صاحب",4,"52 53 54","51:53 53:53 54:53 54:54"
"بنو","شمشیر خان",3,"56 57","51:61 53:61 54:61"
"بنو","علی بخش",2,"51 52","51:52 53:52"
"بنو","مرزا رسوا",16,"46 47 48 49 50 51 52 53 54","51:41 51:42 51:43 51:44 51:45 51:46 51:47 51:48 51:49 51:50 51:51 53:51 53:52 53:53 54:53 54:54"
"بنو","مولوی صاحب",3,"51 52","51:51 53:51 53:52"
"بنو","مہری",4,"52 53 54","51:53 53:53 54:53 54:54"
"بنو","میاں امیر",5,"51 52 53 54","51:52 53:52 53:53 54:53 54:54"
"بنو","میاں سعادت",4,"48 49 50","51:46 51:47 51:48 51:49"
"بنو","نواب بنّے خان",3,"56 57","51:61 53:61 54:61"
"بنو","نواب جعفر علی خان",2,"58","53:63 54:63"
"بنو","نواب راشد علی",4,"48 49 50","51:46 51:47 51:48 51:49"
"بنو","نواب سلطان صاحب",3,"55 56","51:59 53:59 54:59"
"بنو","نواب صاحب (مشاعرہ)",8,"48 49 50 51 52 56","51:46 51:47 51:48 51:49 51:51 53:51 53:59 54:59"
"بنو","نواب عمدة الخاقان بیگم",4,"46 53 54 55","51:41 51:56 53:56 54:56"
"بنو","نواب ملکہ کشور",1,"59","54:64"
"بنو","نواب چھین صاحب",4,"46 53 54 55","51:41 51:56 53:56 54:56"
"بنو","نواب چھین صاحب کی والدہ",4,"48 49 50","51:46 51:47 51:48 51:49"
"بنو","گوہر مرزا",6,"51 52 53 54","51:51 53:51 53:52 53:53 54:53 54:54"
"بوا امیرن","بوا حسینی",5,"160 177 178 179","159:161 160:161 173:182 175:182 176:182"
"بوا امیرن","بڑے خان صاحب",4,"174 175 176","173:175 175:175 176:175 176:176"
"بوا امیرن","بیگم محمد تقی خاں (کانپور والی)",3,"162 169","159:165 160:165 173:165"
"بوا امیرن","حسنا",3,"161 168","159:163 160:163 173:163"
"بوا امیرن","حسین خاں",2,"173 174","173:173 175:173"
"بوا امیرن","حسین علی صاحب",3,"161 162 168","159:164 160:164 173:164"
"بوا امیرن","خان صاحب",8,"146 163 164 170 174 175 176","150:143 159:168 160:168 173:168 173:175 175:175 176:175 176:176"
"بوا امیرن","خانم جان",11,"146 151 156 157 163 170 171 177 178","150:143 150:153 159:153 159:156 159:167 160:167 173:167 173:169 173:181 175:181 176:181"
"بوا امیرن","خورشید جان",5,"163 170 171 172","159:167 160:167 173:167 173:170 173:172"
"بوا امیرن","دلاور خان",3,"177 178","173:181 175:181 176:181"
"بوا امیرن","سید قطب الدین",4,"150 155 156 157","150:151 159:151 159:153 159:155"
"بوا امیرن","مدن کی ماں",6,"151 155 174 175 176","150:152 159:152 173:175 175:175 176:175 176:176"
"بوا امیرن","مرزا اسکندر حشمت",2,"150 155","150:151 159:151"
"بوا امیرن","مرزا برجیس قدر",3,"150 155 157","150:151 159:151 159:155"
"بوا امیرن","مرزا رسوا",38,"145 146 147 148 149 150 154 155 156 157 158 159 160 168 169 170 171 172 173 174 175 176","150:141 150:142 150:143 150:144 150:145 150:146 150:147 150:148 150:149 150:150 159:150 159:151 159:152 159:153 159:154 159:155 159:156 159:157 159:158 159:159 160:159 160:160 173:163 173:164 173:165 173:166 173:167 173:168 173:169 173:170 173:171 173:172 173:173 175:173 175:174 175:175 176:175 176:176"
"بوا امیرن","منے",3,"161 162 168","159:164 160:164 173:164"
"بوا امیرن","مہری",7,"162 169 170 171","159:165 160:165 173:165 173:166 173:167 173:169 173:170"
"بوا امیرن","میاں امیر",4,"161 162 168 170","159:164 160:164 173:164 173:167"
"بوا امیرن","میاں سعادت",3,"161 162 168","159:164 160:164 173:164"
"بوا امیرن","میاں محمد بخش",3,"161 162 168","159:164 160:164 173:164"
"بوا امیرن","میر صاحب",3,"151 156 157","150:153 159:153 159:156"
"بوا امیرن","نواب راشد علی",3,"163 164 170","159:168 160:168 173:168"
"بوا امیرن","نواب سلطان صاحب",4,"163 164 170 171","159:168 160:168 173:168 173:169"
"بوا امیرن","نواب صاحب (مشاعرہ)",13,"146 147 153 157 158 161 162 168 169 171 172 180","150:143 150:145 150:156 159:156 159:157 159:164 160:164 173:164 173:166 173:170 173:172 175:185 176:185"
"بوا امیرن","نواب عمدة النساء بیگم",1,"172","173:172"
"بوا امیرن","نواب فخر النساء کی ماما",15,"145 146 150 154 155 159 160 171 172 173 174 179 180","150:141 150:142 150:150 159:150 159:152 159:159 160:159 160:160 173:170 173:171 173:173 175:173 175:174 175:184 176:184"
"بوا امیرن","نواب محمد تقی خاں",3,"162 163 169","159:166 160:166 173:166"
"بوا امیرن","نواب محمد تقی خاں کا صاحب زادہ",3,"162 163 169","159:166 160:166 173:166"
"بوا امیرن","نواب ملکہ کشور",5,"150 155 162 169","150:151 159:151 159:165 160:165 173:165"
"بوا امیرن","نواب چھین صاحب کی والدہ",8,"145 154 158 160 161 172 179 180","150:141 150:158 159:158 159:162 160:162 173:171 175:184 176:184"
"بوا امیرن","واجد علی",1,"149","150:149"
"بوا امیرن","کریم",2,"165 171","160:170 173:170"
"بوا امیرن","کریم کی ساس",2,"173 174","173:174 175:174"
"بوا امیرن","کریمین",2,"165 171","160:170 173:170"
"بوا امیرن","گوہر مرزا",8,"152 156 157 163 164 170 180","150:154 159:154 159:155 159:168 160:168 173:168 175:185 176:185"
"بوا حسینی","بڑے خان صاحب",2,"178 179","182:175 182:176"
"بوا حسینی","بڑے نواب صاحب",2,"61 67","59:64 71:64"
"بوا حسینی","بیبا جان",6,"114 116 117 119","111:118 114:118 115:118 116:118 117:118 120:118"
"بوا حسینی","بیگا جان",7,"27 28 31 32 36 185","25:30 26:30 27:30 32:30 32:32 40:32 182:189"
"بوا حسینی","بیگم جعفر علی خان",4,"25 51","25:25 26:25 51:51 52:51"
"بوا حسینی","بیگم محمد تقی خاں (کانپور والی)",1,"163","161:165"
"بوا حسینی","تھانے دار صاحب",1,"187","182:192"
"بوا حسینی","جہاں پناہ",2,"61 67","59:64 71:64"
"بوا حسینی","حسنا",6,"43 48 49 50 162","40:46 51:46 51:47 51:48 51:49 161:163"
"بوا حسینی","حسین باندھی",6,"114 116 117 119","111:118 114:118 115:118 116:118 117:118 120:118"
"بوا حسینی","حسین خاں",1,"177","182:173"
"بوا حسینی","حسین علی صاحب",7,"114 116 117 119 162","111:118 114:118 115:118 116:118 117:118 120:118 161:164"
"بوا حسینی","حکیم صاحب (نخاس)",14,"52 56 90 92 93 115 116 117 118 119","51:53 52:53 59:53 59:54 86:95 89:95 90:95 92:95 111:119 114:119 115:119 116:119 117:119 120:119"
"بوا حسینی","خان صاحب",23,"20 21 22 27 28 30 61 67 73 76 77 78 79 107 164 178 179 187","25:15 25:16 25:17 25:19 25:29 26:29 27:29 32:29 59:63 71:63 71:76 76:76 78:76 78:77 78:78 79:78 79:79 80:79 111:104 161:168 182:175 182:176 182:192"
"بوا حسینی","خانم جان",62,"24 25 26 27 29 30 31 32 36 40 46 48 49 50 53 54 57 58 59 66 67 70 71 74 77 78 79 80 83 85 86 87 88 89 90 91 92 109 110 111 112 114 115 116 117 119 157 158 164 181","25:24 25:25 26:25 26:26 27:26 27:27 32:27 32:28 32:29 32:30 32:32 40:32 40:41 51:41 51:46 51:47 51:48 51:49 51:50 51:56 52:56 59:56 59:57 59:58 59:59 71:61 71:64 71:70 71:72 76:72 76:78 78:78 79:78 79:79 80:79 80:80 86:80 86:84 86:85 86:86 89:86 89:88 89:90 90:90 92:90 92:91 92:92 111:108 111:109 111:111 114:111 114:114 115:114 115:116 116:116 117:116 117:118 120:118 161:153 161:156 161:167 182:181"
"بوا حسینی","خلیفہ جی",11,"27 28 30 76 78 79 80 83 84","25:29 26:29 27:29 32:29 71:81 76:81 78:81 79:81 80:81 86:81 86:83"
"بوا حسینی","خورشید جان",27,"26 27 29 30 31 74 77 78 81 82 85 86 87 88 89 109 110 111 112 164 177 185","25:27 26:27 27:27 32:27 32:28 32:30 71:78 76:78 78:78 79:78 79:84 80:84 86:84 86:85 86:86 89:86 89:88 89:89 90:89 111:107 111:108 111:109 111:111 114:111 161:167 182:172 182:188"
"بوا حسینی","دلاور خان",17,"23 24 25 28 29 31 34 38 39 73 76 77 181 186","25:21 25:22 25:24 25:25 26:25 26:31 27:31 32:31 32:37 40:37 40:38 40:39 71:76 76:76 78:76 182:181 182:191"
"بوا حسینی","دلبر حسین",2,"61 67","59:64 71:64"
"بوا حسینی","راجا شیودھیان سنگھ",8,"97 106 107 108 109 110","92:102 111:102 111:103 111:106 111:107 111:108 111:109 111:110"
"بوا حسینی","رام دئی",1,"24","25:23"
"بوا حسینی","سائیں (فیض علی کا نوکر)",8,"107 110 115 116 117 118 119","111:103 111:110 111:119 114:119 115:119 116:119 117:119 120:119"
"بوا حسینی","ستارہ بھٹیارا",1,"110","111:110"
"بوا حسینی","سلار بخش",1,"186","182:191"
"بوا حسینی","سید قطب الدین",3,"156 157 158","161:151 161:153 161:155"
"بوا حسینی","شاہ صاحب",9,"52 56 80 81 82 85","51:53 52:53 59:53 59:54 76:85 78:85 79:85 80:85 86:85"
"بوا حسینی","شمشیر خان",10,"56 60 66 75 77 78 79 184","51:61 52:61 59:61 71:61 71:79 76:79 78:79 79:79 80:79 182:187"
"بوا حسینی","شیخ صاحب",2,"21 22","25:17 25:19"
"بوا حسینی","علی بخش",3,"51 52 55","51:52 52:52 59:52"
"بوا حسینی","فضل علی",4,"107 108 109","111:104 111:105 111:106 111:107"
"بوا حسینی","فیض علی",20,"95 96 107 108 110 111 112 113 114 115 116 117 118 119","90:100 92:100 111:103 111:104 111:105 111:106 111:110 111:111 114:111 114:112 114:113 114:114 115:114 115:115 116:115 116:117 117:117 120:117 120:118 120:119"
"بوا حسینی","محدوم بخش",6,"62 68 90 91 92 93","59:66 71:66 86:94 89:94 90:94 92:94"
"بوا حسینی","مدن کی ماں",3,"156 178 179","161:152 182:175 182:176"
"بوا حسینی","مرزا اسکندر حشمت",1,"156","161:151"
"بوا حسینی","مرزا برجیس قدر",2,"156 158","161:151 161:155"
"بوا حسینی","مرزا رسوا",137,"20 21 22 23 24 25 26 27 29 30 31 32 36 37 38 39 40 46 47 48 49 50 51 52 55 56 57 58 59 66 67 68 69 70 71 73 74 75 76 77 78 79 80 83 84 85 86 87 88 89 90 91 92 106 107 108 109 110 111 112 113 114 115 116 117 118 119 120 156 157 158 159 160 161 177 178 179 180 181 182","25:15 25:16 25:17 25:18 25:19 25:20 25:21 25:22 25:23 25:24 25:25 26:25 26:26 27:26 27:27 32:27 32:28 32:29 32:30 32:31 32:32 40:32 40:33 40:34 40:35 40:36 40:37 40:38 40:39 40:40 51:41 51:42 51:43 51:44 51:45 51:46 51:47 51:48 51:49 51:50 51:51 52:51 52:52 59:52 59:53 59:54 59:55 59:56 59:57 59:58 59:59 71:61 71:62 71:63 71:64 71:65 71:66 71:67 71:68 71:69 71:70 71:71 76:71 76:72 76:73 76:74 76:75 76:76 78:76 78:77 78:78 79:78 79:79 80:79 80:80 86:80 86:81 86:82 86:83 86:84 86:85 86:86 89:86 89:87 89:88 89:89 90:89 90:90 92:90 92:91 92:92 111:101 111:102 111:103 111:104 111:105 111:106 111:107 111:108 111:109 111:110 111:111 114:111 114:112 114:113 114:114 115:114 115:115 116:115 116:116 117:116 117:117 120:117 120:118 120:119 120:120 161:151 161:152 161:153 161:154 161:155 161:156 161:157 161:158 161:159 161:160 161:161 182:172 182:173 182:174 182:175 182:176 182:177 182:178 182:179 182:181 182:182"
"بوا حسینی","مرزا علی رضا بیگ",11,"75 77 78 79 90 92 93 112 113","71:79 76:79 78:79 79:79 80:79 86:95 89:95 90:95 92:95 111:113 114:113"
"بوا حسینی","منشی احمد حسن",5,"20 21 22","25:15 25:16 25:18 25:19 25:20"
"بوا حسینی","منصف الدولہ",3,"62 68","59:65 71:65 71:66"
"بوا حسینی","منے",1,"162","161:164"
"بوا حسینی","مولوی صاحب",28,"28 29 32 36 40 51 52 55 76 78 79 80 83 84 85 93 94 115 117 118 120","25:32 26:32 27:32 32:32 40:32 40:40 51:51 52:51 52:52 59:52 71:81 76:81 78:81 79:81 80:81 86:81 86:82 86:83 86:84 89:97 90:97 92:97 111:120 114:120 115:120 116:120 117:120 120:120"
"بوا حسینی","مکا پاسی",7,"114 116 117 119","111:118 114:118 115:118 116:118 117:118 120:118 120:119"
"بوا حسینی","مہری",6,"52 56 163 184","51:53 52:53 59:53 59:54 161:165 182:187"
"بوا حسینی","میاں امیر",25,"26 27 29 36 40 51 52 55 56 61 67 74 76 77 78 82 83 86 87 109 162 185","25:27 26:27 27:27 32:27 32:40 40:40 51:52 52:52 59:52 59:53 59:54 59:63 71:63 71:77 76:77 78:77 78:78 79:78 79:86 80:86 86:86 89:86 111:108 161:164 182:188"
"بوا حسینی","میاں حسنو",5,"63 69 70","59:67 71:67 71:68 71:69 71:70"
"بوا حسینی","میاں سعادت",11,"43 48 49 50 79 80 81 84 162","40:46 51:46 51:47 51:48 51:49 76:82 78:82 79:82 80:82 86:82 161:164"
"بوا حسینی","میاں محمد بخش",1,"162","161:164"
"بوا حسینی","میر صاحب",11,"81 82 83 86 87 93 94 157 158","76:86 78:86 79:86 80:86 86:86 89:86 89:97 90:97 92:97 161:153 161:156"
"بوا حسینی","نصین",9,"96 106 107 115 116 117 118 119","92:101 111:101 111:103 111:119 114:119 115:119 116:119 117:119 120:119"
"بوا حسینی","نواب بنّے خان",5,"56 60 66 185","51:61 52:61 59:61 71:61 182:189"
"بوا حسینی","نواب جعفر علی خان",2,"61 67","59:63 71:63"
"بوا حسینی","نواب راشد علی",6,"43 48 49 50 164","40:46 51:46 51:47 51:48 51:49 161:168"
"بوا حسینی","نواب سلطان صاحب",12,"55 59 66 71 73 77 78 79 164","51:59 52:59 59:59 71:61 71:62 71:71 76:71 76:79 78:79 79:79 80:79 161:168"
"بوا حسینی","نواب سلطان کا چھوٹا بھائی",5,"75 77 78 79","71:79 76:79 78:79 79:79 80:79"
"بوا حسینی","نواب صاحب (مشاعرہ)",40,"21 22 43 48 49 50 51 55 59 66 67 68 70 71 73 74 75 76 77 78 79 88 90 91 93 158 159 162 177 183","25:17 25:18 25:19 40:46 51:46 51:47 51:48 51:49 51:51 52:51 52:59 59:59 71:61 71:63 71:64 71:65 71:66 71:69 71:71 76:71 76:72 76:73 76:74 76:75 76:76 78:76 78:78 79:78 79:79 80:79 86:91 89:91 90:91 92:91 92:94 161:156 161:157 161:164 182:172 182:185"
"بوا حسینی","نواب عمدة الخاقان بیگم",8,"36 40 46 53 54 57 58","32:41 40:41 51:41 51:56 52:56 59:56 59:57 59:58"
"بوا حسینی","نواب عمدة النساء بیگم",1,"177","182:172"
"بوا حسینی","نواب فخر النساء بیگم",1,"70","71:70"
"بوا حسینی","نواب فخر النساء کی ماما",22,"24 28 29 32 36 70 71 73 74 88 90 91 93 156 160 165 177 178 183","25:24 25:32 26:32 27:32 32:32 40:32 71:70 71:71 76:71 76:72 86:91 89:91 90:91 92:91 92:95 161:152 161:159 161:160 161:170 182:173 182:174 182:184"
"بوا حسینی","نواب محمد تقی خاں",1,"163","161:166"
"بوا حسینی","نواب محمد تقی خاں کا صاحب زادہ",1,"163","161:166"
"بوا حسینی","نواب ملکہ کشور",4,"61 67 156 163","59:64 71:64 161:151 161:165"
"بوا حسینی","نواب چھین صاحب",17,"36 40 46 53 54 57 58 61 67 70 90 92 93 185","32:41 40:41 51:41 51:56 52:56 59:56 59:57 59:58 59:64 71:64 71:69 71:70 86:95 89:95 90:95 92:95 182:189"
"بوا حسینی","نواب چھین صاحب کی والدہ",38,"26 27 29 32 36 37 38 39 43 48 49 50 62 68 69 74 76 77 78 79 80 83 86 88 91 92 111 112 159 161 183","25:27 26:27 27:27 32:27 32:33 40:33 40:34 40:35 40:37 40:38 40:39 40:46 51:46 51:47 51:48 51:49 59:65 71:65 71:67 71:68 71:77 76:77 78:77 78:78 79:78 79:80 80:80 86:80 86:87 89:87 89:93 90:93 92:93 111:111 114:111 161:158 161:162 182:184"
"بوا حسینی","پنامل جوہری",2,"111 112","111:111 114:111"
"بوا حسینی","پنڈت جی",4,"20 21 22","25:15 25:16 25:18 25:19"
"بوا حسینی","پھوپھا",5,"29 30 33 37","25:34 26:34 27:34 32:34 40:34"
"بوا حسینی","پھوپھی",5,"29 30 33 37","25:34 26:34 27:34 32:34 40:34"
"بوا حسینی","پیارے صاحب",14,"28 29 32 36 80 81 82 85 86 87 88","25:32 26:32 27:32 32:32 40:32 76:84 78:84 79:84 80:84 86:84 86:85 86:86 89:86 89:88"
"بوا حسینی","پیر بخش",10,"23 24 25 32 34 38 39","25:21 25:23 25:24 25:25 26:25 27:37 32:37 40:37 40:38 40:39"
"بوا حسینی","چھوٹا بھائی",8,"25 26 30 32 36 37 38","25:26 26:26 27:26 27:33 32:33 40:33 40:35 40:37"
"بوا حسینی","کریم",3,"23 24 165","25:22 25:23 161:170"
"بوا حسینی","کریم کی جوری",1,"24","25:23"
"بوا حسینی","کریم کی ساس",2,"23 178","25:22 182:174"
"بوا حسینی","کریمین",7,"29 30 33 37 165","25:34 26:34 27:34 32:34 40:34 40:35 161:170"
"بوا حسینی","گوہر مرزا",30,"36 40 51 52 55 56 71 73 79 80 81 84 87 88 111 112 114 115 116 117 118 120 157 158 164 183","32:40 40:40 51:51 52:51 52:52 59:52 59:53 59:54 71:71 76:71 76:83 78:83 79:83 80:83 86:83 86:88 89:88 111:111 114:111 114:115 115:115 116:115 116:117 117:117 120:117 120:120 161:154 161:155 161:168 182:185"
"بڑے خان صاحب","بیگم محمد تقی خاں (کانپور والی)",1,"170","175:165"
"بڑے خان صاحب","حسین خاں",1,"174","175:173"
"بڑے خان صاحب","خان صاحب",4,"171 175 176","175:168 175:175 176:175 176:176"
"بڑے خان صاحب","خانم جان",4,"171 172 178","175:167 175:169 175:181 176:181"
"بڑے خان صاحب","خورشید جان",3,"171 172 173","175:167 175:170 175:172"
"بڑے خان صاحب","دلاور خان",2,"178","175:181 176:181"
"بڑے خان صاحب","مدن کی ماں",3,"175 176","175:175 176:175 176:176"
"بڑے خان صاحب","مرزا رسوا",13,"170 171 172 173 174 175 176","175:165 175:166 175:167 175:168 175:169 175:170 175:171 175:172 175:173 175:174 175:175 176:175 176:176"
"بڑے خان صاحب","مہری",5,"170 171 172","175:165 175:166 175:167 175:169 175:170"
"بڑے خان صاحب","میاں امیر",1,"171","175:167"
"بڑے خان صاحب","نواب راشد علی",1,"171","175:168"
"بڑے خان صاحب","نواب سلطان صاحب",2,"171 172","175:168 175:169"
"بڑے خان صاحب","نواب صاحب (مشاعرہ)",5,"170 172 173 180","175:166 175:170 175:172 175:185 176:185"
"بڑے خان صاحب","نواب عمدة النساء بیگم",1,"173","175:172"
"بڑے خان صاحب","نواب فخر النساء کی ماما",6,"172 173 174 179 180","175:170 175:171 175:173 175:174 175:184 176:184"
"بڑے خان صاحب","نواب محمد تقی خاں",1,"170","175:166"
"بڑے خان صاحب","نواب محمد تقی خاں کا صاحب زادہ",1,"170","175:166"
"بڑے خان صاحب","نواب ملکہ کشور",1,"170","175:165"
"بڑے خان صاحب","نواب چھین صاحب کی والدہ",3,"173 179 180","175:171 175:184 176:184"
"بڑے خان صاحب","کریم",1,"172","175:170"
"بڑے خان صاحب","کریم کی ساس",1,"174","175:174"
"بڑے خان صاحب","کریمین",1,"172","175:170"
"بڑے خان صاحب","گوہر مرزا",3,"171 180","175:168 175:185 176:185"
"بڑے نواب صاحب","جہاں پناہ",1,"64","64:64"
"بڑے نواب صاحب","حکیم صاحب (نخاس)",1,"59","64:54"
"بڑے نواب صاحب","خان صاحب",1,"63","64:63"
"بڑے نواب صاحب","خانم جان",6,"60 61 62 64","64:56 64:57 64:58 64:59 64:61 64:64"
"بڑے نواب صاحب","دلبر حسین",1,"64","64:64"
"بڑے نواب صاحب","شاہ صاحب",1,"59","64:54"
"بڑے نواب صاحب","شمشیر خان",1,"62","64:61"
"بڑے نواب صاحب","محدوم بخش",1,"65","64:66"
"بڑے نواب صاحب","مرزا رسوا",10,"59 60 61 62 63 64","64:54 64:55 64:56 64:57 64:58 64:59 64:61 64:62 64:63 64:64"
"بڑے نواب صاحب","منصف الدولہ",1,"64","64:65"
"بڑے نواب صاحب","مہری",1,"59","64:54"
"بڑے نواب صاحب","میاں امیر",2,"59 63","64:54 64:63"
"بڑے نواب صاحب","میاں حسنو",1,"65","64:67"
"بڑے نواب صاحب","نواب بنّے خان",1,"62","64:61"
"بڑے نواب صاحب","نواب جعفر علی خان",1,"63","64:63"
"بڑے نواب صاحب","نواب سلطان صاحب",4,"61 62 63 67","64:59 64:61 64:62 64:71"
"بڑے نواب صاحب","نواب صاحب (مشاعرہ)",4,"61 62 63 64","64:59 64:61 64:63 64:64"
"بڑے نواب صاحب","نواب عمدة الخاقان بیگم",3,"60 61","64:56 64:57 64:58"
"بڑے نواب صاحب","نواب فخر النساء بیگم",1,"67","64:70"
"بڑے نواب صاحب","نواب فخر النساء کی ماما",1,"67","64:70"
"بڑے نواب صاحب","نواب ملکہ کشور",1,"64","64:64"
"بڑے نواب صاحب","نواب چھین صاحب",4,"60 61 64","64:56 64:57 64:58 64:64"
"بڑے نواب صاحب","نواب چھین صاحب کی والدہ",1,"64","64:65"
"بڑے نواب صاحب","گوہر مرزا",2,"59 67","64:54 64:71"
"بیبا جان","حسین باندھی",1,"118","118:118"
"بیبا جان","حسین علی صاحب",1,"118","118:118"
"بیبا جان","حکیم صاحب (نخاس)",1,"118","118:119"
"بیبا جان","خانم جان",6,"113 114 116 117 118","118:108 118:109 118:111 118:114 118:116 118:118"
"بیبا جان","خورشید جان",3,"113 114","118:108 118:109 118:111"
"بیبا جان","راجا شیودھیان سنگھ",3,"113 114","118:108 118:109 118:110"
"بیبا جان","سائیں (فیض علی کا نوکر)",2,"114 118","118:110 118:119"
"بیبا جان","ستارہ بھٹیارا",1,"114","118:110"
"بیبا جان","فیض علی",8,"114 115 116 117 118","118:110 118:111 118:112 118:113 118:114 118:115 118:117 118:118"
"بیبا جان","مرزا رسوا",11,"113 114 115 116 117 118","118:108 118:109 118:110 118:111 118:112 118:113 118:114 118:115 118:116 118:117 118:118"
"بیبا جان","مرزا علی رضا بیگ",1,"115","118:113"
"بیبا جان","مولوی صاحب",1,"119","118:120"
"بیبا جان","مکا پاسی",1,"118","118:118"
"بیبا جان","میاں امیر",1,"113","118:108"
"بیبا جان","نصین",1,"118","118:119"
"بیبا جان","نواب چھین صاحب کی والدہ",1,"114","118:111"
"بیبا جان","پنامل جوہری",1,"114","118:111"
"بیبا جان","گوہر مرزا",4,"114 116 117 119","118:111 118:115 118:117 118:120"
"بیگا جان","بیگم جعفر علی خان",1,"27","30:25"
"بیگا جان","تھانے دار صاحب",2,"190 191","189:192 190:192"
"بیگا جان","خان صاحب",3,"29 190 191","30:29 189:192 190:192"
"بیگا جان","خانم جان",10,"27 28 29 30 31 32 185","30:24 30:25 30:26 30:27 30:28 30:29 30:30 32:30 32:32 189:181"
"بیگا جان","خلیفہ جی",1,"29","30:29"
"بیگا جان","خورشید جان",7,"28 29 30 31 188 189","30:27 30:28 30:30 32:30 189:188 189:189 190:189"
"بیگا جان","دلاور خان",10,"25 26 27 30 31 34 185 190","30:21 30:22 30:24 30:25 30:31 32:31 32:37 189:181 189:191 190:191"
"بیگا جان","رام دئی",1,"26","30:23"
"بیگا جان","سلار بخش",2,"190","189:191 190:191"
"بیگا جان","شمشیر خان",1,"188","189:187"
"بیگا جان","مرزا رسوا",26,"25 26 27 28 29 30 31 32 184 185 186 187 188 189 190","30:20 30:21 30:22 30:23 30:24 30:25 30:26 30:27 30:28 30:29 30:30 32:30 32:31 32:32 189:179 189:181 189:182 189:183 189:184 189:185 189:186 189:187 189:188 189:189 190:189 190:190"
"بیگا جان","منشی احمد حسن",3,"25 192","30:20 189:195 190:195"
"بیگا جان","مولوی صاحب",2,"31 32","30:32 32:32"
"بیگا جان","مکا پاسی",2,"191","189:193 190:193"
"بیگا جان","مہری",3,"188 192","189:187 189:195 190:195"
"بیگا جان","میاں امیر",4,"28 35 36 188","30:27 30:40 32:40 189:188"
"بیگا جان","نواب بنّے خان",2,"189","189:189 190:189"
"بیگا جان","نواب صاحب (مشاعرہ)",3,"187 190 191","189:185 189:192 190:192"
"بیگا جان","نواب عمدة الخاقان بیگم",1,"36","32:41"
"بیگا جان","نواب فخر النساء کی ماما",7,"27 31 32 186 187 191 192","30:24 30:32 32:32 189:184 189:185 189:194 190:194"
"بیگا جان","نواب چھین صاحب",4,"36 189 190","32:41 189:189 190:189 190:191"
"بیگا جان","نواب چھین صاحب کی والدہ",4,"28 31 32 186","30:27 30:33 32:33 189:184"
"بیگا جان","پھوپھا",2,"32 33","30:34 32:34"
"بیگا جان","پھوپھی",2,"32 33","30:34 32:34"
"بیگا جان","پیارے صاحب",2,"31 32","30:32 32:32"
"بیگا جان","پیر بخش",6,"25 26 27 33 34","30:21 30:23 30:24 30:25 30:37 32:37"
"بیگا جان","چھوٹا بھائی",3,"28 31 32","30:26 30:33 32:33"
"بیگا جان","کریم",2,"26","30:22 30:23"
"بیگا جان","کریم کی جوری",1,"26","30:23"
"بیگا جان","کریم کی ساس",1,"26","30:22"
"بیگا جان","کریمین",2,"32 33","30:34 32:34"
"بیگا جان","گوہر مرزا",3,"35 36 187","30:40 32:40 189:185"
"بیگم جعفر علی خان","حسنا",4,"48 49 50","51:46 51:47 51:48 51:49"
"بیگم جعفر علی خان","حکیم صاحب (نخاس)",1,"52","51:53"
"بیگم جعفر علی خان","خان صاحب",5,"20 21 22 27","25:15 25:16 25:17 25:19 25:29"
"بیگم جعفر علی خان","خانم جان",9,"24 25 46 48 49 50 53","25:24 25:25 51:41 51:46 51:47 51:48 51:49 51:50 51:56"
"بیگم جعفر علی خان","خلیفہ جی",1,"27","25:29"
"بیگم جعفر علی خان","خورشید جان",1,"26","25:27"
"بیگم جعفر علی خان","دلاور خان",4,"23 24 25","25:21 25:22 25:24 25:25"
"بیگم جعفر علی خان","رام دئی",1,"24","25:23"
"بیگم جعفر علی خان","شاہ صاحب",1,"52","51:53"
"بیگم جعفر علی خان","شمشیر خان",1,"56","51:61"
"بیگم جعفر علی خان","شیخ صاحب",2,"21 22","25:17 25:19"
"بیگم جعفر علی خان","علی بخش",1,"51","51:52"
"بیگم جعفر علی خان","مرزا رسوا",22,"20 21 22 23 24 25 46 47 48 49 50 51","25:15 25:16 25:17 25:18 25:19 25:20 25:21 25:22 25:23 25:24 25:25 51:41 51:42 51:43 51:44 51:45 51:46 51:47 51:48 51:49 51:50 51:51"
"بیگم جعفر علی خان","منشی احمد حسن",5,"20 21 22","25:15 25:16 25:18 25:19 25:20"
"بیگم جعفر علی خان","مولوی صاحب",2,"28 51","25:32 51:51"
"بیگم جعفر علی خان","مہری",1,"52","51:53"
"بیگم جعفر علی خان","میاں امیر",2,"26 51","25:27 51:52"
"بیگم جعفر علی خان","میاں سعادت",4,"48 49 50","51:46 51:47 51:48 51:49"
"بیگم جعفر علی خان","نواب بنّے خان",1,"56","51:61"
"بیگم جعفر علی خان","نواب راشد علی",4,"48 49 50","51:46 51:47 51:48 51:49"
"بیگم جعفر علی خان","نواب سلطان صاحب",1,"55","51:59"
"بیگم جعفر علی خان","نواب صاحب (مشاعرہ)",8,"21 22 48 49 50 51","25:17 25:18 25:19 51:46 51:47 51:48 51:49 51:51"
"بیگم جعفر علی خان","نواب عمدة الخاقان بیگم",2,"46 53","51:41 51:56"
"بیگم جعفر علی خان","نواب فخر النساء کی ماما",2,"24 28","25:24 25:32"
"بیگم جعفر علی خان","نواب چھین صاحب",2,"46 53","51:41 51:56"
"بیگم جعفر علی خان","نواب چھین صاحب کی والدہ",5,"26 48 49 50","25:27 51:46 51:47 51:48 51:49"
"بیگم جعفر علی خان","پنڈت جی",4,"20 21 22","25:15 25:16 25:18 25:19"
"بیگم جعفر علی خان","پھوپھا",1,"29","25:34"
"بیگم جعفر علی خان","پھوپھی",1,"29","25:34"
"بیگم جعفر علی خان","پیارے صاحب",1,"28","25:32"
"بیگم جعفر علی خان","پیر بخش",4,"23 24 25","25:21 25:23 25:24 25:25"
"بیگم جعفر علی خان","چھوٹا بھائی",1,"25","25:26"
"بیگم جعفر علی خان","کریم",2,"23 24","25:22 25:23"
"بیگم جعفر علی خان","کریم کی جوری",1,"24","25:23"
"بیگم جعفر علی خان","کریم کی ساس",1,"23","25:22"
"بیگم جعفر علی خان","کریمین",1,"29","25:34"
"بیگم جعفر علی خان","گوہر مرزا",1,"51","51:51"
"بیگم محمد تقی خاں (کانپور والی)","حسنا",1,"164","165:163"
"بیگم محمد تقی خاں (کانپور والی)","حسین خاں",1,"169","165:173"
"بیگم محمد تقی خاں (کانپور والی)","حسین علی صاحب",1,"164","165:164"
"بیگم محمد تقی خاں (کانپور والی)","خان صاحب",1,"166","165:168"
"بیگم محمد تقی خاں (کانپور والی)","خانم جان",2,"160 166","165:156 165:167"
"بیگم محمد تقی خاں (کانپور والی)","خورشید جان",1,"166","165:167"
"بیگم محمد تقی خاں (کانپور والی)","سید قطب الدین",1,"160","165:155"
"بیگم محمد تقی خاں (کانپور والی)","مدن کی ماں",1,"170","165:175"
"بیگم محمد تقی خاں (کانپور والی)","مرزا برجیس قدر",1,"160","165:155"
"بیگم محمد تقی خاں (کانپور والی)","مرزا رسوا",11,"160 161 162 163 164 165","165:155 165:156 165:157 165:158 165:159 165:160 165:161 165:162 165:163 165:164 165:165"
"بیگم محمد تقی خاں (کانپور والی)","منے",1,"164","165:164"
"بیگم محمد تقی خاں (کانپور والی)","مہری",1,"165","165:165"
"بیگم محمد تقی خاں (کانپور والی)","میاں امیر",2,"164 166","165:164 165:167"
"بیگم محمد تقی خاں (کانپور والی)","میاں سعادت",1,"164","165:164"
"بیگم محمد تقی خاں (کانپور والی)","میاں محمد بخش",1,"164","165:164"
"بیگم محمد تقی خاں (کانپور والی)","میر صاحب",1,"160","165:156"
"بیگم محمد تقی خاں (کانپور والی)","نواب راشد علی",1,"166","165:168"
"بیگم محمد تقی خاں (کانپور والی)","نواب سلطان صاحب",1,"166","165:168"
"بیگم محمد تقی خاں (کانپور والی)","نواب صاحب (مشاعرہ)",4,"160 161 164 165","165:156 165:157 165:164 165:166"
"بیگم محمد تقی خاں (کانپور والی)","نواب عمدة النساء بیگم",1,"168","165:172"
"بیگم محمد تقی خاں (کانپور والی)","نواب فخر النساء کی ماما",3,"162 167","165:159 165:160 165:170"
"بیگم محمد تقی خاں (کانپور والی)","نواب محمد تقی خاں",1,"165","165:166"
"بیگم محمد تقی خاں (کانپور والی)","نواب محمد تقی خاں کا صاحب زادہ",1,"165","165:166"
"بیگم محمد تقی خاں (کانپور والی)","نواب ملکہ کشور",1,"165","165:165"
"بیگم محمد تقی خاں (کانپور والی)","نواب چھین صاحب کی والدہ",3,"161 163 168","165:158 165:162 165:171"
"بیگم محمد تقی خاں (کانپور والی)","کریم",1,"167","165:170"
"بیگم محمد تقی خاں (کانپور والی)","کریم کی ساس",1,"169","165:174"
"بیگم محمد تقی خاں (کانپور والی)","کریمین",1,"167","165:170"
"بیگم محمد تقی خاں (کانپور والی)","گوہر مرزا",2,"160 166","165:155 165:168"
"تھانے دار صاحب","خان صاحب",2,"192","192:192 193:192"
"تھانے دار صاحب","خورشید جان",2,"190","192:188 192:189"
"تھانے دار صاحب","دلاور خان",1,"191","192:191"
"تھانے دار صاحب","سلار بخش",3,"191 192","192:191 192:192 193:192"
"تھانے دار صاحب","شمشیر خان",1,"189","192:187"
"تھانے دار صاحب","مرزا رسوا",13,"187 188 189 190 191 192 193","192:182 192:183 192:184 192:185 192:186 192:187 192:188 192:189 192:190 192:191 192:192 193:192 193:193"
"تھانے دار صاحب","منشی احمد حسن",2,"193 194","192:195 193:195"
"تھانے دار صاحب","مکا پاسی",2,"192 193","192:193 193:193"
"تھانے دار صاحب","مہری",3,"189 193 194","192:187 192:195 193:195"
"تھانے دار صاحب","میاں امیر",1,"190","192:188"
"تھانے دار صاحب","نواب بنّے خان",1,"190","192:189"
"تھانے دار صاحب","نواب صاحب (مشاعرہ)",3,"188 192","192:185 192:192 193:192"
"تھانے دار صاحب","نواب فخر النساء کی ماما",4,"188 193","192:184 192:185 192:194 193:194"
"تھانے دار صاحب","نواب چھین صاحب",4,"190 191 192","192:189 192:191 192:192 193:192"
"تھانے دار صاحب","نواب چھین صاحب کی والدہ",1,"188","192:184"
"تھانے دار صاحب","گوہر مرزا",1,"188","192:185"
"جہاں پناہ","حکیم صاحب (نخاس)",1,"59","64:54"
"جہاں پناہ","خان صاحب",1,"63","64:63"
"جہاں پناہ","خانم جان",6,"60 61 62 64","64:56 64:57 64:58 64:59 64:61 64:64"
"جہاں پناہ","دلبر حسین",1,"64","64:64"
"جہاں پناہ","شاہ صاحب",1,"59","64:54"
"جہاں پناہ","شمشیر خان",1,"62","64:61"
"جہاں پناہ","محدوم بخش",1,"65","64:66"
"جہاں پناہ","مرزا رسوا",10,"59 60 61 62 63 64","64:54 64:55 64:56 64:57 64:58 64:59 64:61 64:62 64:63 64:64"
"جہاں پناہ","منصف الدولہ",1,"64","64:65"
"جہاں پناہ","مہری",1,"59","64:54"
"جہاں پناہ","میاں امیر",2,"59 63","64:54 64:63"
"جہاں پناہ","میاں حسنو",1,"65","64:67"
"جہاں پناہ","نواب بنّے خان",1,"62","64:61"
"جہاں پناہ","نواب جعفر علی خان",1,"63","64:63"
"جہاں پناہ","نواب سلطان صاحب",4,"61 62 63 67","64:59 64:61 64:62 64:71"
"جہاں پناہ","نواب صاحب (مشاعرہ)",4,"61 62 63 64","64:59 64:61 64:63 64:64"
"جہاں پناہ","نواب عمدة الخاقان بیگم",3,"60 61","64:56 64:57 64:58"
"جہاں پناہ","نواب فخر النساء بیگم",1,"67","64:70"
"جہاں پناہ","نواب فخر النساء کی ماما",1,"67","64:70"
"جہاں پناہ","نواب ملکہ کشور",1,"64","64:64"
"جہاں پناہ","نواب چھین صاحب",4,"60 61 64","64:56 64:57 64:58 64:64"
"جہاں پناہ","نواب چھین صاحب کی والدہ",1,"64","64:65"
"جہاں پناہ","گوہر مرزا",2,"59 67","64:54 64:71"
"حسنا","حسین خاں",1,"168","163:173"
"حسنا","حسین علی صاحب",1,"163","163:164"
"حسنا","حکیم صاحب (نخاس)",4,"49 50 51","46:53 47:53 48:53 49:53"
"حسنا","خان صاحب",1,"165","163:168"
"حسنا","خانم جان",11,"43 46 47 48 49 158 159 165","46:41 46:46 47:46 47:47 48:47 48:48 49:48 49:49 163:153 163:156 163:167"
"حسنا","خورشید جان",1,"165","163:167"
"حسنا","دلاور خان",3,"41 42","46:37 46:38 46:39"
"حسنا","سید قطب الدین",2,"158 159","163:153 163:155"
"حسنا","شاہ صاحب",4,"49 50 51","46:53 47:53 48:53 49:53"
"حسنا","علی بخش",4,"49 50","46:52 47:52 48:52 49:52"
"حسنا","مرزا برجیس قدر",1,"159","163:155"
"حسنا","مرزا رسوا",28,"41 42 43 44 45 46 47 48 49 158 159 160 161 162 163","46:36 46:37 46:38 46:39 46:40 46:41 46:42 46:43 46:44 46:45 46:46 47:46 47:47 48:47 48:48 49:48 49:49 163:153 163:154 163:155 163:156 163:157 163:158 163:159 163:160 163:161 163:162 163:163"
"حسنا","منے",1,"163","163:164"
"حسنا","مولوی صاحب",5,"43 48 49 50","46:40 46:51 47:51 48:51 49:51"
"حسنا","مہری",5,"49 50 51 164","46:53 47:53 48:53 49:53 163:165"
"حسنا","میاں امیر",6,"43 49 50 163","46:40 46:52 47:52 48:52 49:52 163:164"
"حسنا","میاں سعادت",8,"46 47 48 49 163","46:46 47:46 47:47 48:47 48:48 49:48 49:49 163:164"
"حسنا","میاں محمد بخش",1,"163","163:164"
"حسنا","میر صاحب",2,"158 159","163:153 163:156"
"حسنا","نواب راشد علی",8,"46 47 48 49 165","46:46 47:46 47:47 48:47 48:48 49:48 49:49 163:168"
"حسنا","نواب سلطان صاحب",2,"54 165","49:59 163:168"
"حسنا","نواب صاحب (مشاعرہ)",10,"46 47 48 49 159 160 163","46:46 47:46 47:47 48:47 48:48 49:48 49:49 163:156 163:157 163:164"
"حسنا","نواب عمدة الخاقان بیگم",5,"43 51 52","46:41 46:56 47:56 48:56 49:56"
"حسنا","نواب عمدة النساء بیگم",1,"167","163:172"
"حسنا","نواب فخر النساء کی ماما",3,"161 166","163:159 163:160 163:170"
"حسنا","نواب محمد تقی خاں",1,"164","163:166"
"حسنا","نواب محمد تقی خاں کا صاحب زادہ",1,"164","163:166"
"حسنا","نواب ملکہ کشور",1,"164","163:165"
"حسنا","نواب چھین صاحب",5,"43 51 52","46:41 46:56 47:56 48:56 49:56"
"حسنا","نواب چھین صاحب کی والدہ",13,"41 42 46 47 48 49 160 162 167","46:37 46:38 46:39 46:46 47:46 47:47 48:47 48:48 49:48 49:49 163:158 163:162 163:171"
"حسنا","پیر بخش",3,"41 42","46:37 46:38 46:39"
"حسنا","چھوٹا بھائی",1,"41","46:37"
"حسنا","کریم",1,"166","163:170"
"حسنا","کریمین",1,"166","163:170"
"حسنا","گوہر مرزا",8,"43 48 49 50 158 159 165","46:40 46:51 47:51 48:51 49:51 163:154 163:155 163:168"
"حسین باندھی","حسین علی صاحب",1,"118","118:118"
"حسین باندھی","حکیم صاحب (نخاس)",1,"118","118:119"
"حسین باندھی","خانم جان",6,"113 114 116 117 118","118:108 118:109 118:111 118:114 118:116 118:118"
"حسین باندھی","خورشید جان",3,"113 114","118:108 118:109 118:111"
"حسین باندھی","راجا شیودھیان سنگھ",3,"113 114","118:108 118:109 118:110"
"حسین باندھی","سائیں (فیض علی کا نوکر)",2,"114 118","118:110 118:119"
"حسین باندھی","ستارہ بھٹیارا",1,"114","118:110"
"حسین باندھی","فیض علی",8,"114 115 116 117 118","118:110 118:111 118:112 118:113 118:114 118:115 118:117 118:118"
"حسین باندھی","مرزا رسوا",11,"113 114 115 116 117 118","118:108 118:109 118:110 118:111 118:112 118:113 118:114 118:115 118:116 118:117 118:118"
"حسین باندھی","مرزا علی رضا بیگ",1,"115","118:113"
"حسین باندھی","مولوی صاحب",1,"119","118:120"
"حسین باندھی","مکا پاسی",1,"118","118:118"
"حسین باندھی","میاں امیر",1,"113","118:108"
"حسین باندھی","نصین",1,"118","118:119"
"حسین باندھی","نواب چھین صاحب کی والدہ",1,"114","118:111"
"حسین باندھی","پنامل جوہری",1,"114","118:111"
"حسین باندھی","گوہر مرزا",4,"114 116 117 119","118:111 118:115 118:117 118:120"
"حسین خاں","حسین علی صاحب",1,"168","173:164"
"حسین خاں","خان صاحب",2,"170 174","173:168 173:175"
"حسین خاں","خانم جان",3,"170 171 177","173:167 173:169 173:181"
"حسین خاں","خورشید جان",3,"170 171 172","173:167 173:170 173:172"
"حسین خاں","دلاور خان",1,"177","173:181"
"حسین خاں","مدن کی ماں",1,"174","173:175"
"حسین خاں","مرزا رسوا",11,"168 169 170 171 172 173","173:163 173:164 173:165 173:166 173:167 173:168 173:169 173:170 173:171 173:172 173:173"
"حسین خاں","منے",1,"168","173:164"
"حسین خاں","مہری",5,"169 170 171","173:165 173:166 173:167 173:169 173:170"
"حسین خاں","میاں امیر",2,"168 170","173:164 173:167"
"حسین خاں","میاں سعادت",1,"168","173:164"
"حسین خاں","میاں محمد بخش",1,"168","173:164"
"حسین خاں","نواب راشد علی",1,"170","173:168"
"حسین خاں","نواب سلطان صاحب",2,"170 171","173:168 173:169"
"حسین خاں","نواب صاحب (مشاعرہ)",4,"168 169 171 172","173:164 173:166 173:170 173:172"
"حسین خاں","نواب عمدة النساء بیگم",1,"172","173:172"
"حسین خاں","نواب فخر النساء کی ماما",3,"171 172 173","173:170 173:171 173:173"
"حسین خاں","نواب محمد تقی خاں",1,"169","173:166"
"حسین خاں","نواب محمد تقی خاں کا صاحب زادہ",1,"169","173:166"
"حسین خاں","نواب ملکہ کشور",1,"169","173:165"
"حسین خاں","نواب چھین صاحب کی والدہ",1,"172","173:171"
"حسین خاں","کریم",1,"171","173:170"
"حسین خاں","کریم کی ساس",1,"173","173:174"
"حسین خاں","کریمین",1,"171","173:170"
"حسین خاں","گوہر مرزا",1,"170","173:168"
"حسین علی صاحب","حکیم صاحب (نخاس)",1,"118","118:119"
"حسین علی صاحب","خان صاحب",1,"166","164:168"
"حسین علی صاحب","خانم جان",8,"113 114 116 117 118 160 165","118:108 118:109 118:111 118:114 118:116 118:118 164:156 164:167"
"حسین علی صاحب","خورشید جان",4,"113 114 165","118:108 118:109 118:111 164:167"
"حسین علی صاحب","راجا شیودھیان سنگھ",3,"113 114","118:108 118:109 118:110"
"حسین علی صاحب","سائیں (فیض علی کا نوکر)",2,"114 118","118:110 118:119"
"حسین علی صاحب","ستارہ بھٹیارا",1,"114","118:110"
"حسین علی صاحب","سید قطب الدین",1,"159","164:155"
"حسین علی صاحب","فیض علی",8,"114 115 116 117 118","118:110 118:111 118:112 118:113 118:114 118:115 118:117 118:118"
"حسین علی صاحب","مرزا برجیس قدر",1,"159","164:155"
"حسین علی صاحب","مرزا رسوا",22,"113 114 115 116 117 118 159 160 161 162 163 164","118:108 118:109 118:110 118:111 118:112 118:113 118:114 118:115 118:116 118:117 118:118 164:154 164:155 164:156 164:157 164:158 164:159 164:160 164:161 164:162 164:163 164:164"
"حسین علی صاحب","مرزا علی رضا بیگ",1,"115","118:113"
"حسین علی صاحب","منے",1,"164","164:164"
"حسین علی صاحب","مولوی صاحب",1,"119","118:120"
"حسین علی صاحب","مکا پاسی",1,"118","118:118"
"حسین علی صاحب","مہری",1,"164","164:165"
"حسین علی صاحب","میاں امیر",2,"113 164","118:108 164:164"
"حسین علی صاحب","میاں سعادت",1,"164","164:164"
"حسین علی صاحب","میاں محمد بخش",1,"164","164:164"
"حسین علی صاحب","میر صاحب",1,"160","164:156"
"حسین علی صاحب","نصین",1,"118","118:119"
"حسین علی صاحب","نواب راشد علی",1,"166","164:168"
"حسین علی صاحب","نواب سلطان صاحب",1,"166","164:168"
"حسین علی صاحب","نواب صاحب (مشاعرہ)",3,"160 164","164:156 164:157 164:164"
"حسین علی صاحب","نواب عمدة النساء بیگم",1,"168","164:172"
"حسین علی صاحب","نواب فخر النساء کی ماما",3,"161 162 167","164:159 164:160 164:170"
"حسین علی صاحب","نواب محمد تقی خاں",1,"165","164:166"
"حسین علی صاحب","نواب محمد تقی خاں کا صاحب زادہ",1,"165","164:166"
"حسین علی صاحب","نواب ملکہ کشور",1,"164","164:165"
"حسین علی صاحب","نواب چھین صاحب کی والدہ",4,"114 161 163 167","118:111 164:158 164:162 164:171"
"حسین علی صاحب","پنامل جوہری",1,"114","118:111"
"حسین علی صاحب","کریم",1,"167","164:170"
"حسین علی صاحب","کریم کی ساس",1,"169","164:174"
"حسین علی صاحب","کریمین",1,"167","164:170"
"حسین علی صاحب","گوہر مرزا",7,"114 116 117 119 159 166","118:111 118:115 118:117 118:120 164:154 164:155 164:168"
"حکیم صاحب (نخاس)","خان صاحب",3,"58 99","53:63 54:63 95:104"
"حکیم صاحب (نخاس)","خانم جان",21,"49 50 51 54 55 90 91 92 93 94 95 114 115 116 117 118","53:46 53:47 53:48 53:49 53:50 53:56 54:56 95:85 95:86 95:88 95:90 95:91 95:92 95:93 95:94 95:95 119:109 119:111 119:114 119:116 119:118"
"حکیم صاحب (نخاس)","خورشید جان",6,"90 91 92 114 115","95:85 95:86 95:88 95:89 119:109 119:111"
"حکیم صاحب (نخاس)","دلبر حسین",1,"59","54:64"
"حکیم صاحب (نخاس)","راجا شیودھیان سنگھ",3,"98 114","95:102 119:109 119:110"
"حکیم صاحب (نخاس)","سائیں (فیض علی کا نوکر)",3,"99 114 119","95:103 119:110 119:119"
"حکیم صاحب (نخاس)","ستارہ بھٹیارا",1,"114","119:110"
"حکیم صاحب (نخاس)","شاہ صاحب",4,"53 54 90","53:53 54:53 54:54 95:85"
"حکیم صاحب (نخاس)","شمشیر خان",2,"57","53:61 54:61"
"حکیم صاحب (نخاس)","علی بخش",1,"52","53:52"
"حکیم صاحب (نخاس)","فضل علی",1,"99","95:104"
"حکیم صاحب (نخاس)","فیض علی",10,"97 114 115 116 117 118 119","95:100 119:110 119:111 119:112 119:113 119:114 119:115 119:117 119:118 119:119"
"حکیم صاحب (نخاس)","محدوم بخش",1,"94","95:94"
"حکیم صاحب (نخاس)","مرزا رسوا",35,"48 49 50 51 52 53 54 90 91 92 93 94 95 114 115 116 117 118 119","53:43 53:44 53:45 53:46 53:47 53:48 53:49 53:50 53:51 53:52 53:53 54:53 54:54 95:85 95:86 95:87 95:88 95:89 95:90 95:91 95:92 95:93 95:94 95:95 119:109 119:110 119:111 119:112 119:113 119:114 119:115 119:116 119:117 119:118 119:119"
"حکیم صاحب (نخاس)","مرزا علی رضا بیگ",2,"95 116","95:95 119:113"
"حکیم صاحب (نخاس)","مولوی صاحب",4,"52 96 119","53:51 53:52 95:97 119:120"
"حکیم صاحب (نخاس)","مکا پاسی",2,"118 119","119:118 119:119"
"حکیم صاحب (نخاس)","مہری",3,"53 54","53:53 54:53 54:54"
"حکیم صاحب (نخاس)","میاں امیر",5,"52 53 54 90","53:52 53:53 54:53 54:54 95:86"
"حکیم صاحب (نخاس)","میاں سعادت",4,"49 50 51","53:46 53:47 53:48 53:49"
"حکیم صاحب (نخاس)","میر صاحب",2,"90 96","95:86 95:97"
"حکیم صاحب (نخاس)","نصین",2,"98 119","95:101 119:119"
"حکیم صاحب (نخاس)","نواب بنّے خان",2,"57","53:61 54:61"
"حکیم صاحب (نخاس)","نواب جعفر علی خان",2,"58","53:63 54:63"
"حکیم صاحب (نخاس)","نواب راشد علی",4,"49 50 51","53:46 53:47 53:48 53:49"
"حکیم صاحب (نخاس)","نواب سلطان صاحب",2,"56","53:59 54:59"
"حکیم صاحب (نخاس)","نواب صاحب (مشاعرہ)",10,"49 50 51 52 56 93 94 95","53:46 53:47 53:48 53:49 53:51 53:59 54:59 95:91 95:94 95:96"
"حکیم صاحب (نخاس)","نواب عمدة الخاقان بیگم",2,"54 55","53:56 54:56"
"حکیم صاحب (نخاس)","نواب فخر النساء کی ماما",2,"93 95","95:91 95:95"
"حکیم صاحب (نخاس)","نواب ملکہ کشور",1,"59","54:64"
"حکیم صاحب (نخاس)","نواب چھین صاحب",3,"54 55 95","53:56 54:56 95:95"
"حکیم صاحب (نخاس)","نواب چھین صاحب کی والدہ",8,"49 50 51 91 94 95 115","53:46 53:47 53:48 53:49 95:87 95:93 95:96 119:111"
"حکیم صاحب (نخاس)","پنامل جوہری",1,"115","119:111"
"حکیم صاحب (نخاس)","پیارے صاحب",3,"90 91","95:85 95:86 95:88"
"حکیم صاحب (نخاس)","گوہر مرزا",10,"52 53 54 91 115 117 118 119","53:51 53:52 53:53 54:53 54:54 95:88 119:111 119:115 119:117 119:120"
"خان صاحب","خانم جان",34,"19 20 21 26 27 28 29 59 60 61 62 63 73 74 77 78 79 99 100 106 143 167 168 172 178","14:24 15:24 16:24 17:24 19:24 29:24 29:25 29:26 29:27 29:28 29:29 63:56 63:57 63:58 63:59 63:61 63:64 76:70 76:72 76:78 77:78 78:78 79:78 79:79 104:94 104:95 104:97 104:108 143:143 168:167 168:169 175:169 175:181 176:181"
"خان صاحب","خلیفہ جی",6,"24 29 78 79 80","19:29 29:29 76:81 77:81 78:81 79:81"
"خان صاحب","خورشید جان",17,"22 23 28 29 77 78 81 105 167 169 172 173 190","17:27 19:27 29:27 29:28 29:30 76:78 77:78 78:78 79:78 79:84 104:107 168:167 168:170 175:170 175:172 192:188 192:189"
"خان صاحب","دلاور خان",15,"17 18 19 20 25 26 27 30 76 178 191","14:21 15:21 16:21 17:21 19:21 29:21 29:22 29:24 29:25 29:31 76:76 77:76 175:181 176:181 192:191"
"خان صاحب","دلبر حسین",1,"63","63:64"
"خان صاحب","راجا شیودھیان سنگھ",3,"103 105","104:102 104:103 104:106"
"خان صاحب","رام دئی",6,"18 19 20 21 26","14:23 15:23 16:23 17:23 19:23 29:23"
"خان صاحب","سائیں (فیض علی کا نوکر)",2,"103 107","104:103 104:110"
"خان صاحب","ستارہ بھٹیارا",1,"107","104:110"
"خان صاحب","سلار بخش",2,"191 192","192:191 192:192"
"خان صاحب","سید قطب الدین",1,"147","143:151"
"خان صاحب","شاہ صاحب",6,"58 80 81 82","63:53 63:54 76:85 77:85 78:85 79:85"
"خان صاحب","شمشیر خان",6,"62 77 78 79 189","63:61 76:79 77:79 78:79 79:79 192:187"
"خان صاحب","شیخ صاحب",13,"1 4 8 13 15 16 17 18 19 24","1:1 8:1 8:8 9:8 9:17 10:17 14:17 15:17 16:17 17:17 19:17 19:19 29:19"
"خان صاحب","فضل علی",1,"104","104:104"
"خان صاحب","فیض علی",3,"102 103 104","104:100 104:103 104:104"
"خان صاحب","محدوم بخش",3,"64 71 99","63:66 76:66 104:94"
"خان صاحب","مدن کی ماں",5,"147 171 175 176","143:152 168:175 175:175 176:175 176:176"
"خان صاحب","مرزا اسکندر حشمت",1,"147","143:151"
"خان صاحب","مرزا برجیس قدر",1,"147","143:151"
"خان صاحب","مرزا رسوا",111,"1 4 5 6 7 8 9 10 12 13 14 15 16 17 18 19 24 25 26 27 28 29 58 59 60 61 62 63 71 72 73 74 75 76 77 78 79 99 100 101 102 103 104 142 143 163 164 165 166 167 168 171 172 173 174 175 176 187 188 189 190 191 192","1:1 8:1 8:2 8:3 8:4 8:5 8:6 8:7 8:8 9:8 9:9 10:9 10:10 14:10 14:11 14:12 14:13 14:14 15:14 15:15 16:15 16:16 17:16 17:17 19:17 19:18 19:19 29:19 29:20 29:21 29:22 29:23 29:24 29:25 29:26 29:27 29:28 29:29 63:53 63:54 63:55 63:56 63:57 63:58 63:59 63:61 63:62 63:63 76:66 76:67 76:68 76:69 76:70 76:71 76:72 76:73 76:74 76:75 76:76 77:76 77:77 78:77 78:78 79:78 79:79 104:94 104:95 104:96 104:97 104:98 104:99 104:100 104:101 104:102 104:103 104:104 143:141 143:142 143:143 168:158 168:159 168:160 168:161 168:162 168:163 168:164 168:165 168:166 168:167 168:168 175:168 175:169 175:170 175:171 175:172 175:173 175:174 175:175 176:175 176:176 192:182 192:183 192:184 192:185 192:186 192:187 192:188 192:189 192:190 192:191 192:192"
"خان صاحب","مرزا علی رضا بیگ",6,"77 78 79 99 108","76:79 77:79 78:79 79:79 104:95 104:113"
"خان صاحب","مطہر احق",2,"2 5","1:3 8:3"
"خان صاحب","منشی احمد حسن",20,"1 4 7 10 11 13 14 15 16 17 18 19 24 193","1:1 8:1 8:7 8:12 9:12 10:12 14:12 14:13 14:14 15:14 15:15 16:15 16:16 17:16 17:18 19:18 19:19 29:19 29:20 192:195"
"خان صاحب","منصف الدولہ",2,"64 71","63:65 76:66"
"خان صاحب","منے",5,"10 11 13 166","8:13 9:13 10:13 14:13 168:164"
"خان صاحب","مولوی صاحب",8,"30 78 79 80 100 101","29:32 76:81 77:81 78:81 79:81 104:97 104:98 104:99"
"خان صاحب","مکا پاسی",1,"192","192:193"
"خان صاحب","مہری",15,"6 9 10 12 58 166 167 168 172 189 193","1:11 8:11 9:11 10:11 14:11 63:53 63:54 168:165 168:166 168:167 168:169 175:169 175:170 192:187 192:195"
"خان صاحب","میاں امیر",20,"10 11 13 22 23 28 58 63 76 77 78 82 106 166 167 190","8:12 9:12 10:12 14:12 17:27 19:27 29:27 63:53 63:54 63:63 76:77 77:77 78:77 78:78 79:78 79:86 104:108 168:164 168:167 192:188"
"خان صاحب","میاں حسنو",5,"65 71 72 73","63:67 76:67 76:68 76:69 76:70"
"خان صاحب","میاں سعادت",5,"79 80 166","76:82 77:82 78:82 79:82 168:164"
"خان صاحب","میاں محمد بخش",1,"166","168:164"
"خان صاحب","میر صاحب",7,"81 82 100 101 148","76:86 77:86 78:86 79:86 104:97 104:98 143:153"
"خان صاحب","نصین",2,"102 103","104:101 104:103"
"خان صاحب","نواب بنّے خان",2,"62 190","63:61 192:189"
"خان صاحب","نواب جعفر علی خان",1,"63","63:63"
"خان صاحب","نواب راشد علی",2,"168 171","168:168 175:168"
"خان صاحب","نواب سلطان صاحب",12,"61 62 67 73 77 78 79 168 171 172","63:59 63:61 63:62 63:71 76:71 76:79 77:79 78:79 79:79 168:168 175:168 175:169"
"خان صاحب","نواب سلطان کا چھوٹا بھائی",4,"77 78 79","76:79 77:79 78:79 79:79"
"خان صاحب","نواب صاحب (مشاعرہ)",44,"4 7 8 9 10 12 15 16 17 18 19 24 61 62 63 71 72 73 74 75 76 77 78 79 99 100 143 166 167 169 172 173 180 188 192","1:7 8:7 8:8 9:8 9:9 10:9 10:10 14:10 14:17 15:17 16:17 17:17 19:17 19:18 19:19 29:19 63:59 63:61 63:63 76:66 76:69 76:71 76:72 76:73 76:74 76:75 76:76 77:76 77:78 78:78 79:78 79:79 104:94 104:96 143:143 168:164 168:166 168:170 175:170 175:172 175:185 176:185 192:185 192:192"
"خان صاحب","نواب عمدة الخاقان بیگم",3,"59 60","63:56 63:57 63:58"
"خان صاحب","نواب عمدة النساء بیگم",2,"170 173","168:172 175:172"
"خان صاحب","نواب فخر النساء بیگم",2,"66 73","63:70 76:70"
"خان صاحب","نواب فخر النساء کی ماما",27,"19 20 21 26 30 66 73 74 99 142 146 163 164 169 172 173 174 179 180 188 193","14:24 15:24 16:24 17:24 19:24 29:24 29:32 63:70 76:70 76:71 76:72 104:95 143:141 143:142 143:150 168:159 168:160 168:170 175:170 175:171 175:173 175:174 175:184 176:184 192:184 192:185 192:194"
"خان صاحب","نواب محمد تقی خاں",1,"167","168:166"
"خان صاحب","نواب محمد تقی خاں کا صاحب زادہ",1,"167","168:166"
"خان صاحب","نواب ملکہ کشور",3,"63 147 166","63:64 143:151 168:165"
"خان صاحب","نواب چھین صاحب",11,"59 60 63 72 73 99 100 190 191 192","63:56 63:57 63:58 63:64 76:69 76:70 104:95 104:96 192:189 192:191 192:192"
"خان صاحب","نواب چھین صاحب کی والدہ",23,"22 23 28 31 64 71 72 76 77 78 79 100 107 142 163 165 169 173 179 180 188","17:27 19:27 29:27 29:33 63:65 76:67 76:68 76:77 77:77 78:77 78:78 79:78 79:80 104:96 104:111 143:141 168:158 168:162 168:171 175:171 175:184 176:184 192:184"
"خان صاحب","واجد علی",1,"146","143:149"
"خان صاحب","پنامل جوہری",1,"107","104:111"
"خان صاحب","پنڈت جی",14,"4 7 11 12 14 15 16 17 18 19 24","1:7 8:7 8:15 9:15 10:15 14:15 15:15 16:15 16:16 17:16 17:18 19:18 19:19 29:19"
"خان صاحب","پھوپھا",1,"31","29:34"
"خان صاحب","پھوپھی",1,"31","29:34"
"خان صاحب","پیارے صاحب",5,"30 80 81","29:32 76:84 77:84 78:84 79:84"
"خان صاحب","پیر بخش",10,"17 18 19 20 25 26 27 33","14:21 15:21 16:21 17:21 19:21 29:21 29:23 29:24 29:25 29:37"
"خان صاحب","چھوٹا بھائی",5,"21 22 27 31","16:26 17:26 19:26 29:26 29:33"
"خان صاحب","کریم",9,"18 19 20 25 26 169 172","14:22 15:22 16:22 17:22 19:22 29:22 29:23 168:170 175:170"
"خان صاحب","کریم کی جوری",6,"18 19 20 21 26","14:23 15:23 16:23 17:23 19:23 29:23"
"خان صاحب","کریم کی ساس",8,"18 19 20 25 171 174","14:22 15:22 16:22 17:22 19:22 29:22 168:174 175:174"
"خان صاحب","کریمین",3,"31 169 172","29:34 168:170 175:170"
"خان صاحب","گوہر مرزا",14,"58 67 73 79 80 81 107 168 171 180 188","63:53 63:54 63:71 76:71 76:83 77:83 78:83 79:83 104:111 168:168 175:168 175:185 176:185 192:185"
"خانم جان","خلیفہ جی",13,"26 27 28 29 76 79 80 82 83","24:29 25:29 26:29 27:29 28:29 29:29 30:29 72:81 78:81 79:81 80:81 84:81 84:83"
"خانم جان","خورشید جان",38,"25 26 27 28 29 30 31 74 75 78 81 82 84 85 86 87 88 89 102 107 108 109 110 111 112 167 168 169 176 184","24:27 25:27 26:27 27:27 28:27 28:28 29:28 29:30 30:30 32:30 70:78 72:78 78:78 79:78 79:84 80:84 84:84 85:84 85:85 86:85 86:86 88:86 88:88 90:88 90:89 97:107 108:107 108:108 109:108 109:109 111:109 111:111 114:111 167:167 169:167 169:170 181:172 181:188"
"خانم جان","دلاور خان",20,"22 23 24 25 28 29 30 31 34 39 40 73 74 77 181","24:21 24:22 24:24 25:24 25:25 26:25 26:31 27:31 28:31 29:31 30:31 32:31 32:37 41:37 41:38 41:39 70:76 72:76 78:76 181:181"
"خانم جان","دلبر حسین",7,"60 61 62 64 67","56:64 57:64 58:64 59:64 61:64 64:64 70:64"
"خانم جان","راجا شیودھیان سنگھ",14,"97 98 99 105 107 108 109 110","92:102 93:102 94:102 95:102 97:102 108:102 108:103 108:106 108:107 108:108 109:108 109:109 111:109 111:110"
"خانم جان","رام دئی",1,"23","24:23"
"خانم جان","سائیں (فیض علی کا نوکر)",12,"98 99 100 105 109 110 115 116 117 118","93:103 94:103 95:103 97:103 108:103 108:110 109:110 111:110 111:119 114:119 116:119 118:119"
"خانم جان","ستارہ بھٹیارا",3,"109 110","108:110 109:110 111:110"
"خانم جان","سلار بخش",1,"186","181:191"
"خانم جان","سید قطب الدین",5,"147 152 153 154 155","143:151 153:151 153:153 156:153 156:155"
"خانم جان","شاہ صاحب",13,"49 50 51 54 55 81 82 84 85","46:53 47:53 48:53 49:53 50:53 56:53 56:54 78:85 79:85 80:85 84:85 85:85 86:85"
"خانم جان","شمشیر خان",12,"58 59 60 61 62 74 75 78 79 184","56:61 57:61 58:61 59:61 61:61 64:61 70:79 72:79 78:79 79:79 80:79 181:187"
"خانم جان","شیخ صاحب",2,"20 21","24:17 24:19"
"خانم جان","علی بخش",6,"49 50 51 54","46:52 47:52 48:52 49:52 50:52 56:52"
"خانم جان","فضل علی",7,"99 100 106 107","94:104 95:104 97:104 108:104 108:105 108:106 108:107"
"خانم جان","فیض علی",25,"95 96 97 98 104 105 106 107 109 110 111 112 113 114 115 116 117 118","90:100 91:100 92:100 93:100 94:100 95:100 97:100 108:100 108:103 108:104 108:105 108:106 108:110 109:110 111:110 111:111 114:111 114:112 114:113 114:114 116:114 116:115 116:117 118:117 118:118"
"خانم جان","محدوم بخش",17,"61 62 63 65 68 89 90 91 92 93 94","56:66 57:66 58:66 59:66 61:66 64:66 70:66 84:94 85:94 86:94 88:94 90:94 91:94 92:94 93:94 94:94 95:94"
"خانم جان","مدن کی ماں",6,"147 152 171 172 178","143:152 153:152 167:175 169:175 181:175 181:176"
"خانم جان","مرزا اسکندر حشمت",2,"147 152","143:151 153:151"
"خانم جان","مرزا برجیس قدر",4,"147 152 154 155","143:151 153:151 153:155 156:155"
"خانم جان","مرزا رسوا",186,"19 20 21 22 23 24 25 26 27 28 29 30 31 32 36 37 38 39 40 41 43 44 45 46 47 48 49 50 53 54 55 56 57 58 59 60 61 62 63 64 67 68 69 70 71 72 75 76 77 78 79 80 82 83 84 85 86 87 88 89 90 91 92 93 94 95 96 97 103 104 105 106 107 108 109 110 111 112 113 114 115 116 117 118 142 143 148 149 150 151 152 153 154 155 156 162 163 164 165 166 167 168 169 176 177 178 179 180 181","24:14 24:15 24:16 24:17 24:18 24:19 24:20 24:21 24:22 24:23 24:24 25:24 25:25 26:25 26:26 27:26 27:27 28:27 28:28 29:28 29:29 30:29 30:30 32:30 32:31 32:32 41:32 41:33 41:34 41:35 41:36 41:37 41:38 41:39 41:40 41:41 46:41 46:42 46:43 46:44 46:45 46:46 47:46 47:47 48:47 48:48 49:48 49:49 50:49 50:50 56:50 56:51 56:52 56:53 56:54 56:55 56:56 57:56 57:57 58:57 58:58 59:58 59:59 61:59 61:61 64:61 64:62 64:63 64:64 70:64 70:65 70:66 70:67 70:68 70:69 70:70 72:70 72:71 72:72 78:72 78:73 78:74 78:75 78:76 78:77 78:78 79:78 79:79 80:79 80:80 84:80 84:81 84:82 84:83 84:84 85:84 85:85 86:85 86:86 88:86 88:87 88:88 90:88 90:89 90:90 91:90 91:91 92:91 92:92 93:92 93:93 94:93 94:94 95:94 95:95 97:95 97:96 97:97 108:98 108:99 108:100 108:101 108:102 108:103 108:104 108:105 108:106 108:107 108:108 109:108 109:109 111:109 111:110 111:111 114:111 114:112 114:113 114:114 116:114 116:115 116:116 118:116 118:117 118:118 143:141 143:142 143:143 153:143 153:144 153:145 153:146 153:147 153:148 153:149 153:150 153:151 153:152 153:153 156:153 156:154 156:155 156:156 167:157 167:158 167:159 167:160 167:161 167:162 167:163 167:164 167:165 167:166 167:167 169:167 169:168 169:169 181:171 181:172 181:173 181:174 181:175 181:176 181:177 181:178 181:179 181:181"
"خانم جان","مرزا علی رضا بیگ",19,"74 75 78 79 90 91 92 93 94 95 96 110 111 112 113","70:79 72:79 78:79 79:79 80:79 85:95 86:95 88:95 90:95 91:95 92:95 93:95 94:95 95:95 97:95 108:113 109:113 111:113 114:113"
"خانم جان","منشی احمد حسن",6,"19 20 21 22","24:14 24:15 24:16 24:18 24:19 24:20"
"خانم جان","منصف الدولہ",8,"60 61 62 63 64 67 68","56:65 57:65 58:65 59:65 61:65 64:65 70:65 70:66"
"خانم جان","منے",2,"160 165","156:164 167:164"
"خانم جان","مولوی صاحب",41,"28 29 30 31 32 36 40 46 48 49 50 53 54 76 79 80 82 83 84 92 93 94 95 96 97 103 115 117 118 119","24:32 25:32 26:32 27:32 28:32 29:32 30:32 32:32 41:32 41:40 41:51 46:51 47:51 48:51 49:51 50:51 56:51 56:52 72:81 78:81 79:81 80:81 84:81 84:82 84:83 84:84 85:84 88:97 90:97 91:97 92:97 93:97 94:97 95:97 97:97 108:98 108:99 111:120 114:120 116:120 118:120"
"خانم جان","مکا پاسی",6,"113 114 116 117 118","108:118 109:118 111:118 114:118 116:118 118:118"
"خانم جان","مہری",14,"49 50 51 54 55 160 166 167 168 169 184","46:53 47:53 48:53 49:53 50:53 56:53 56:54 156:165 167:165 167:166 167:167 169:167 169:169 181:187"
"خانم جان","میاں امیر",40,"25 26 27 35 36 40 49 50 51 54 55 59 60 61 62 63 73 74 77 78 82 83 85 86 87 108 160 165 167 168 184","24:27 25:27 26:27 27:27 28:27 30:40 32:40 41:40 46:52 47:52 48:52 49:52 50:52 56:52 56:53 56:54 56:63 57:63 58:63 59:63 61:63 64:63 70:77 72:77 78:77 78:78 79:78 79:86 80:86 84:86 85:86 86:86 88:86 108:108 109:108 156:164 167:164 167:167 169:167 181:188"
"خانم جان","میاں حسنو",10,"62 63 64 65 68 69 70 71","57:67 58:67 59:67 61:67 64:67 70:67 70:68 70:69 70:70 72:70"
"خانم جان","میاں سعادت",16,"43 46 47 48 49 77 80 81 83 160 165","41:46 46:46 47:46 47:47 48:47 48:48 49:48 49:49 50:49 72:82 78:82 79:82 80:82 84:82 156:164 167:164"
"خانم جان","میاں محمد بخش",2,"160 165","156:164 167:164"
"خانم جان","میر صاحب",20,"82 83 85 86 87 92 93 94 95 96 97 103 148 153 154 156","78:86 79:86 80:86 84:86 85:86 86:86 88:86 88:97 90:97 91:97 92:97 93:97 94:97 95:97 97:97 108:98 143:153 153:153 156:153 156:156"
"خانم جان","نصین",13,"96 97 98 99 104 105 114 115 116 117 118","91:101 92:101 93:101 94:101 95:101 97:101 108:101 108:103 109:119 111:119 114:119 116:119 118:119"
"خانم جان","نواب بنّے خان",7,"58 59 60 61 62 185","56:61 57:61 58:61 59:61 61:61 64:61 181:189"
"خانم جان","نواب جعفر علی خان",6,"59 60 61 62 63","56:63 57:63 58:63 59:63 61:63 64:63"
"خانم جان","نواب راشد علی",11,"43 46 47 48 49 167 168","41:46 46:46 47:46 47:47 48:47 48:48 49:48 49:49 50:49 167:168 169:168"
"خانم جان","نواب سلطان صاحب",20,"54 57 58 59 60 61 62 63 67 70 71 75 78 79 167 168 169","49:59 50:59 56:59 57:59 58:59 59:59 61:59 61:61 64:61 64:62 64:71 70:71 72:71 72:79 78:79 79:79 80:79 167:168 169:168 169:169"
"خانم جان","نواب سلطان کا چھوٹا بھائی",5,"74 75 78 79","70:79 72:79 78:79 79:79 80:79"
"خانم جان","نواب صاحب (مشاعرہ)",64,"20 21 43 46 47 48 49 50 53 57 58 59 60 61 62 63 64 67 68 69 70 71 72 75 76 77 78 79 87 88 89 90 91 93 94 95 96 143 148 149 154 156 162 165 166 168 169 176 183","24:17 24:18 24:19 41:46 46:46 47:46 47:47 48:47 48:48 49:48 49:49 50:49 50:51 56:51 56:59 57:59 58:59 59:59 61:59 61:61 64:61 64:63 64:64 70:64 70:65 70:66 70:69 70:71 72:71 72:72 78:72 78:73 78:74 78:75 78:76 78:78 79:78 79:79 80:79 84:91 85:91 86:91 88:91 90:91 91:91 92:91 92:94 93:94 94:94 95:94 95:96 97:96 143:143 153:143 153:145 153:156 156:156 167:157 167:164 167:166 167:170 169:170 181:172 181:185"
"خانم جان","نواب عمدة الخاقان بیگم",14,"36 41 43 51 52 53 56 57 58","32:41 41:41 46:41 46:56 47:56 48:56 49:56 50:56 56:56 57:56 57:57 58:57 58:58 59:58"
"خانم جان","نواب عمدة النساء بیگم",3,"169 170 176","167:172 169:172 181:172"
"خانم جان","نواب فخر النساء بیگم",4,"65 67 70 71","61:70 64:70 70:70 72:70"
"خانم جان","نواب فخر النساء کی ماما",44,"24 28 29 30 31 32 36 65 67 70 71 72 75 87 88 89 90 91 93 94 95 96 142 146 151 152 156 157 163 168 169 176 177 182","24:24 25:24 25:32 26:32 27:32 28:32 29:32 30:32 32:32 41:32 61:70 64:70 70:70 72:70 72:71 72:72 78:72 84:91 85:91 86:91 88:91 90:91 91:91 92:91 92:95 93:95 94:95 95:95 97:95 143:141 143:142 143:150 153:150 153:152 153:159 156:159 167:159 167:160 167:170 169:170 181:171 181:173 181:174 181:184"
"خانم جان","نواب محمد تقی خاں",2,"161 166","156:166 167:166"
"خانم جان","نواب محمد تقی خاں کا صاحب زادہ",2,"161 166","156:166 167:166"
"خانم جان","نواب ملکہ کشور",11,"60 61 62 64 67 147 152 160 166","56:64 57:64 58:64 59:64 61:64 64:64 70:64 143:151 153:151 156:165 167:165"
"خانم جان","نواب چھین صاحب",33,"36 41 43 51 52 53 56 57 58 61 62 64 67 69 70 71 90 91 92 93 94 95 96 185","32:41 41:41 46:41 46:56 47:56 48:56 49:56 50:56 56:56 57:56 57:57 58:57 58:58 59:58 59:64 61:64 64:64 70:64 70:69 70:70 72:70 85:95 86:95 88:95 90:95 91:95 92:95 93:95 94:95 95:95 97:95 97:96 181:189"
"خانم جان","نواب چھین صاحب کی والدہ",67,"25 26 27 30 31 32 37 38 39 40 43 46 47 48 49 60 61 62 63 64 67 68 69 73 74 77 78 79 80 82 85 86 87 90 91 92 93 95 96 109 110 111 112 142 155 157 162 164 169 170 176 182","24:27 25:27 26:27 27:27 28:27 28:33 29:33 30:33 32:33 41:33 41:34 41:35 41:37 41:38 41:39 41:46 46:46 47:46 47:47 48:47 48:48 49:48 49:49 50:49 56:65 57:65 58:65 59:65 61:65 64:65 70:65 70:67 70:68 70:77 72:77 78:77 78:78 79:78 79:80 80:80 84:80 84:87 85:87 86:87 88:87 88:93 90:93 91:93 92:93 93:93 94:93 94:96 95:96 97:96 108:111 109:111 111:111 114:111 143:141 153:158 156:158 167:158 167:162 167:171 169:171 181:171 181:184"
"خانم جان","واجد علی",2,"146 151","143:149 153:149"
"خانم جان","پنامل جوہری",4,"109 110 111 112","108:111 109:111 111:111 114:111"
"خانم جان","پنڈت جی",4,"19 20 21","24:15 24:16 24:18 24:19"
"خانم جان","پھوپھا",9,"29 30 31 32 33 37","24:34 25:34 26:34 27:34 28:34 29:34 30:34 32:34 41:34"
"خانم جان","پھوپھی",9,"29 30 31 32 33 37","24:34 25:34 26:34 27:34 28:34 29:34 30:34 32:34 41:34"
"خانم جان","پیارے صاحب",20,"28 29 30 31 32 36 81 82 84 85 86 87 88 89","24:32 25:32 26:32 27:32 28:32 29:32 30:32 32:32 41:32 78:84 79:84 80:84 84:84 85:84 85:85 86:85 86:86 88:86 88:88 90:88"
"خانم جان","پیر بخش",14,"22 23 24 25 32 33 34 39 40","24:21 24:23 24:24 25:24 25:25 26:25 27:37 28:37 29:37 30:37 32:37 41:37 41:38 41:39"
"خانم جان","چھوٹا بھائی",12,"25 26 30 31 32 37 38 39","24:26 25:26 26:26 27:26 27:33 28:33 29:33 30:33 32:33 41:33 41:35 41:37"
"خانم جان","کریم",4,"23 168 169","24:22 24:23 167:170 169:170"
"خانم جان","کریم کی جوری",1,"23","24:23"
"خانم جان","کریم کی ساس",4,"23 170 171 177","24:22 167:174 169:174 181:174"
"خانم جان","کریمین",12,"29 30 31 32 33 37 38 168 169","24:34 25:34 26:34 27:34 28:34 29:34 30:34 32:34 41:34 41:35 167:170 169:170"
"خانم جان","گوہر مرزا",41,"35 36 40 46 48 49 50 53 54 55 66 67 70 71 80 81 83 86 87 88 89 109 110 111 112 114 115 116 117 119 153 155 167 168 183","30:40 32:40 41:40 41:51 46:51 47:51 48:51 49:51 50:51 56:51 56:52 56:53 56:54 61:71 64:71 70:71 72:71 78:83 79:83 80:83 84:83 84:88 85:88 86:88 88:88 90:88 108:111 109:111 111:111 114:111 114:115 116:115 116:117 118:117 118:120 153:154 156:154 156:155 167:168 169:168 181:185"
"خلیفہ جی","خورشید جان",6,"28 29 79 82 83","29:27 29:28 29:30 81:78 81:84 83:84"
"خلیفہ جی","دلاور خان",6,"25 26 27 30 78","29:21 29:22 29:24 29:25 29:31 81:76"
"خلیفہ جی","رام دئی",1,"26","29:23"
"خلیفہ جی","شاہ صاحب",2,"83 84","81:85 83:85"
"خلیفہ جی","شمشیر خان",1,"80","81:79"
"خلیفہ جی","شیخ صاحب",1,"24","29:19"
"خلیفہ جی","مرزا رسوا",25,"24 25 26 27 28 29 76 77 78 79 80 81 82 83","29:19 29:20 29:21 29:22 29:23 29:24 29:25 29:26 29:27 29:28 29:29 81:71 81:72 81:73 81:74 81:75 81:76 81:77 81:78 81:79 81:80 81:81 83:81 83:82 83:83"
"خلیفہ جی","مرزا علی رضا بیگ",1,"80","81:79"
"خلیفہ جی","منشی احمد حسن",2,"24","29:19 29:20"
"خلیفہ جی","مولوی صاحب",5,"30 81 82 83","29:32 81:81 83:81 83:82 83:83"
"خلیفہ جی","میاں امیر",5,"28 79 83 84","29:27 81:77 81:78 81:86 83:86"
"خلیفہ جی","میاں سعادت",2,"81 82","81:82 83:82"
"خلیفہ جی","میر صاحب",2,"83 84","81:86 83:86"
"خلیفہ جی","نواب سلطان صاحب",2,"76 80","81:71 81:79"
"خلیفہ جی","نواب سلطان کا چھوٹا بھائی",1,"80","81:79"
"خلیفہ جی","نواب صاحب (مشاعرہ)",11,"24 76 77 78 79 80 86 87","29:19 81:71 81:72 81:73 81:74 81:75 81:76 81:78 81:79 81:91 83:91"
"خلیفہ جی","نواب فخر النساء کی ماما",6,"26 30 76 86 87","29:24 29:32 81:71 81:72 81:91 83:91"
"خلیفہ جی","نواب چھین صاحب کی والدہ",7,"28 31 79 80 84 85","29:27 29:33 81:77 81:78 81:80 81:87 83:87"
"خلیفہ جی","پنڈت جی",1,"24","29:19"
"خلیفہ جی","پھوپھا",1,"31","29:34"
"خلیفہ جی","پھوپھی",1,"31","29:34"
"خلیفہ جی","پیارے صاحب",3,"30 82 83","29:32 81:84 83:84"
"خلیفہ جی","پیر بخش",5,"25 26 27 33","29:21 29:23 29:24 29:25 29:37"
"خلیفہ جی","چھوٹا بھائی",2,"27 31","29:26 29:33"
"خلیفہ جی","کریم",2,"25 26","29:22 29:23"
"خلیفہ جی","کریم کی جوری",1,"26","29:23"
"خلیفہ جی","کریم کی ساس",1,"25","29:22"
"خلیفہ جی","کریمین",1,"31","29:34"
"خلیفہ جی","گوہر مرزا",3,"76 82 83","81:71 81:83 83:83"
"خورشید جان","دلاور خان",12,"24 25 26 29 30 77 176 184 189 190","27:21 27:22 27:24 27:25 27:31 28:31 30:31 78:76 172:181 188:181 188:191 189:191"
"خورشید جان","راجا شیودھیان سنگھ",10,"104 105 106 107 108 109 110","107:102 107:103 107:106 107:107 108:107 108:108 109:108 109:109 111:109 111:110"
"خورشید جان","رام دئی",1,"25","27:23"
"خورشید جان","سائیں (فیض علی کا نوکر)",6,"105 108 109 110 115","107:103 107:110 108:110 109:110 111:110 111:119"
"خورشید جان","ستارہ بھٹیارا",4,"108 109 110","107:110 108:110 109:110 111:110"
"خورشید جان","سلار بخش",2,"189 190","188:191 189:191"
"خورشید جان","شاہ صاحب",4,"81 84 85","78:85 84:85 85:85 86:85"
"خورشید جان","شمشیر خان",3,"78 81 187","78:79 84:79 188:187"
"خورشید جان","شیخ صاحب",2,"22 23","27:17 27:19"
"خورشید جان","فضل علی",5,"105 106 107","107:104 107:105 107:106 107:107 108:107"
"خورشید جان","فیض علی",10,"103 105 106 108 109 110 111","107:100 107:103 107:104 107:105 107:106 107:110 108:110 109:110 111:110 111:111"
"خورشید جان","محدوم بخش",5,"89 90 91","84:94 85:94 86:94 88:94 89:94"
"خورشید جان","مدن کی ماں",3,"171 172 173","167:175 170:175 172:175"
"خورشید جان","مرزا رسوا",91,"22 23 24 25 26 27 28 29 30 73 74 75 76 77 78 81 82 83 84 85 86 87 88 89 102 103 104 105 106 107 108 109 110 111 162 163 164 165 166 167 168 169 170 171 172 183 184 185 186 187 188 189","27:17 27:18 27:19 27:20 27:21 27:22 27:23 27:24 27:25 27:26 27:27 28:27 28:28 30:28 30:29 30:30 78:68 78:69 78:70 78:71 78:72 78:73 78:74 78:75 78:76 78:77 78:78 84:78 84:79 84:80 84:81 84:82 84:83 84:84 85:84 85:85 86:85 86:86 88:86 88:87 88:88 89:88 89:89 107:97 107:98 107:99 107:100 107:101 107:102 107:103 107:104 107:105 107:106 107:107 108:107 108:108 109:108 109:109 111:109 111:110 111:111 167:157 167:158 167:159 167:160 167:161 167:162 167:163 167:164 167:165 167:166 167:167 170:167 170:168 170:169 170:170 172:170 172:171 172:172 188:178 188:179 188:181 188:182 188:183 188:184 188:185 188:186 188:187 188:188 189:188 189:189"
"خورشید جان","مرزا علی رضا بیگ",10,"78 81 90 91 92 110 111 112","78:79 84:79 85:95 86:95 88:95 89:95 107:113 108:113 109:113 111:113"
"خورشید جان","منشی احمد حسن",5,"22 23 191 192","27:18 27:19 27:20 188:195 189:195"
"خورشید جان","منے",1,"165","167:164"
"خورشید جان","مولوی صاحب",15,"29 30 31 79 82 83 84 92 93 102 103 115","27:32 28:32 30:32 78:81 84:81 84:82 84:83 84:84 85:84 88:97 89:97 107:97 107:98 107:99 111:120"
"خورشید جان","مکا پاسی",5,"113 114 190 191","108:118 109:118 111:118 188:193 189:193"
"خورشید جان","مہری",10,"166 167 168 169 170 171 187 191 192","167:165 167:166 167:167 170:167 170:169 170:170 172:170 188:187 188:195 189:195"
"خورشید جان","میاں امیر",18,"27 35 77 78 81 85 86 87 107 108 165 167 168 188","27:27 28:27 30:40 78:77 78:78 84:78 84:86 85:86 86:86 88:86 107:108 108:108 109:108 167:164 167:167 170:167 188:188 189:188"
"خورشید جان","میاں حسنو",3,"73 74","78:68 78:69 78:70"
"خورشید جان","میاں سعادت",3,"80 83 165","78:82 84:82 167:164"
"خورشید جان","میاں محمد بخش",1,"165","167:164"
"خورشید جان","میر صاحب",9,"82 85 86 87 92 93 102","78:86 84:86 85:86 86:86 88:86 88:97 89:97 107:97 107:98"
"خورشید جان","نصین",4,"104 105 114 115","107:101 107:103 109:119 111:119"
"خورشید جان","نواب بنّے خان",2,"188 189","188:189 189:189"
"خورشید جان","نواب راشد علی",2,"167 169","167:168 170:168"
"خورشید جان","نواب سلطان صاحب",6,"74 78 81 167 169","78:71 78:79 84:79 167:168 170:168 170:169"
"خورشید جان","نواب سلطان کا چھوٹا بھائی",2,"78 81","78:79 84:79"
"خورشید جان","نواب صاحب (مشاعرہ)",28,"22 23 73 74 75 76 77 78 81 87 88 89 90 162 165 166 168 170 171 172 186 190","27:17 27:18 27:19 78:69 78:71 78:72 78:73 78:74 78:75 78:76 78:78 84:78 84:79 84:91 85:91 86:91 88:91 89:91 167:157 167:164 167:166 167:170 170:170 172:170 172:172 188:185 188:192 189:192"
"خورشید جان","نواب عمدة النساء بیگم",3,"169 171 172","167:172 170:172 172:172"
"خورشید جان","نواب فخر النساء بیگم",1,"74","78:70"
"خورشید جان","نواب فخر النساء کی ماما",23,"25 29 30 31 74 75 87 88 89 90 163 168 170 171 172 186 191","27:24 27:32 28:32 30:32 78:70 78:71 78:72 84:91 85:91 86:91 88:91 89:91 167:159 167:160 167:170 170:170 172:170 172:171 172:173 188:184 188:185 188:194 189:194"
"خورشید جان","نواب محمد تقی خاں",1,"166","167:166"
"خورشید جان","نواب محمد تقی خاں کا صاحب زادہ",1,"166","167:166"
"خورشید جان","نواب ملکہ کشور",1,"166","167:165"
"خورشید جان","نواب چھین صاحب",8,"73 74 90 91 92 188 189","78:69 78:70 85:95 86:95 88:95 89:95 188:189 189:189"
"خورشید جان","نواب چھین صاحب کی والدہ",25,"27 30 31 73 77 78 81 82 85 86 87 90 91 109 110 111 162 164 169 170 171 186","27:27 28:27 28:33 30:33 78:68 78:77 78:78 84:78 84:80 84:87 85:87 86:87 88:87 88:93 89:93 107:111 108:111 109:111 111:111 167:158 167:162 167:171 170:171 172:171 188:184"
"خورشید جان","پنامل جوہری",4,"109 110 111","107:111 108:111 109:111 111:111"
"خورشید جان","پنڈت جی",2,"22 23","27:18 27:19"
"خورشید جان","پھوپھا",3,"30 31 32","27:34 28:34 30:34"
"خورشید جان","پھوپھی",3,"30 31 32","27:34 28:34 30:34"
"خورشید جان","پیارے صاحب",12,"29 30 31 81 84 85 86 87 88","27:32 28:32 30:32 78:84 84:84 85:84 85:85 86:85 86:86 88:86 88:88 89:88"
"خورشید جان","پیر بخش",7,"24 25 26 32 33","27:21 27:23 27:24 27:25 27:37 28:37 30:37"
"خورشید جان","چھوٹا بھائی",4,"26 30 31","27:26 27:33 28:33 30:33"
"خورشید جان","کریم",5,"24 25 168 170 171","27:22 27:23 167:170 170:170 172:170"
"خورشید جان","کریم کی جوری",1,"25","27:23"
"خورشید جان","کریم کی ساس",4,"24 170 172 173","27:22 167:174 170:174 172:174"
"خورشید جان","کریمین",6,"30 31 32 168 170 171","27:34 28:34 30:34 167:170 170:170 172:170"
"خورشید جان","گوہر مرزا",16,"35 74 80 83 86 87 88 109 110 111 167 169 186","30:40 78:71 78:83 84:83 84:88 85:88 86:88 88:88 89:88 107:111 108:111 109:111 111:111 167:168 170:168 188:185"
"دلاور خان","رام دئی",3,"22 23","21:23 22:23 24:23"
"دلاور خان","سلار بخش",2,"186 191","181:191 191:191"
"دلاور خان","شاہ صاحب",1,"80","76:85"
"دلاور خان","شمشیر خان",3,"77 184 189","76:79 181:187 191:187"
"دلاور خان","شیخ صاحب",2,"19 20","21:17 21:19"
"دلاور خان","محدوم بخش",1,"71","76:66"
"دلاور خان","مدن کی ماں",2,"178","181:175 181:176"
"دلاور خان","مرزا رسوا",68,"16 17 18 19 20 21 22 23 24 25 28 29 30 31 34 35 36 37 38 39 71 72 73 74 75 76 176 177 178 179 180 181 186 187 188 189 190 191","21:11 21:12 21:13 21:14 21:15 21:16 21:17 21:18 21:19 21:20 21:21 22:21 22:22 24:22 24:23 24:24 25:24 25:25 31:25 31:26 31:27 31:28 31:29 31:30 31:31 37:31 37:32 37:33 37:34 37:35 37:36 37:37 38:37 38:38 39:38 39:39 76:66 76:67 76:68 76:69 76:70 76:71 76:72 76:73 76:74 76:75 76:76 181:171 181:172 181:173 181:174 181:175 181:176 181:177 181:178 181:179 181:181 191:181 191:182 191:183 191:184 191:185 191:186 191:187 191:188 191:189 191:190 191:191"
"دلاور خان","مرزا علی رضا بیگ",1,"77","76:79"
"دلاور خان","منشی احمد حسن",9,"16 17 18 19 20 193","21:12 21:13 21:14 21:15 21:16 21:18 21:19 21:20 191:195"
"دلاور خان","منصف الدولہ",1,"71","76:66"
"دلاور خان","منے",1,"17","21:13"
"دلاور خان","مولوی صاحب",9,"27 28 31 34 38 39 78","22:32 24:32 25:32 31:32 37:32 37:40 38:40 39:40 76:81"
"دلاور خان","مکا پاسی",1,"192","191:193"
"دلاور خان","مہری",4,"16 184 189 193","21:11 181:187 191:187 191:195"
"دلاور خان","میاں امیر",13,"16 24 25 26 29 35 38 39 76 184 189","21:12 21:27 22:27 24:27 25:27 31:27 31:40 37:40 38:40 39:40 76:77 181:188 191:188"
"دلاور خان","میاں حسنو",4,"71 72 73","76:67 76:68 76:69 76:70"
"دلاور خان","میاں سعادت",4,"41 42 79","37:46 38:46 39:46 76:82"
"دلاور خان","میر صاحب",1,"81","76:86"
"دلاور خان","نواب بنّے خان",2,"185 190","181:189 191:189"
"دلاور خان","نواب راشد علی",3,"41 42","37:46 38:46 39:46"
"دلاور خان","نواب سلطان صاحب",2,"73 77","76:71 76:79"
"دلاور خان","نواب سلطان کا چھوٹا بھائی",1,"77","76:79"
"دلاور خان","نواب صاحب (مشاعرہ)",18,"19 20 41 42 71 72 73 74 75 76 176 183 188 191","21:17 21:18 21:19 37:46 38:46 39:46 76:66 76:69 76:71 76:72 76:73 76:74 76:75 76:76 181:172 181:185 191:185 191:192"
"دلاور خان","نواب عمدة الخاقان بیگم",4,"36 39 40","31:41 37:41 38:41 39:41"
"دلاور خان","نواب عمدة النساء بیگم",1,"176","181:172"
"دلاور خان","نواب فخر النساء بیگم",1,"73","76:70"
"دلاور خان","نواب فخر النساء کی ماما",17,"22 23 24 28 31 34 73 74 176 177 182 187 188 192","21:24 22:24 24:24 25:24 25:32 31:32 37:32 76:70 76:71 76:72 181:171 181:173 181:174 181:184 191:184 191:185 191:194"
"دلاور خان","نواب چھین صاحب",9,"36 39 40 72 73 185 190 191","31:41 37:41 38:41 39:41 76:69 76:70 181:189 191:189 191:191"
"دلاور خان","نواب چھین صاحب کی والدہ",20,"24 25 26 29 32 35 36 37 38 39 71 72 76 176 182 187","21:27 22:27 24:27 25:27 31:27 31:33 37:33 37:34 37:35 37:37 38:37 38:38 39:38 39:39 76:67 76:68 76:77 181:171 181:184 191:184"
"دلاور خان","پنڈت جی",4,"18 19 20","21:15 21:16 21:18 21:19"
"دلاور خان","پھوپھا",4,"29 32 35","24:34 25:34 31:34 37:34"
"دلاور خان","پھوپھی",4,"29 32 35","24:34 25:34 31:34 37:34"
"دلاور خان","پیارے صاحب",6,"27 28 31 34 80","22:32 24:32 25:32 31:32 37:32 76:84"
"دلاور خان","پیر بخش",14,"21 22 23 24 25 28 34 37 38 39","21:21 22:21 22:23 24:23 24:24 25:24 25:25 31:25 31:37 37:37 38:37 38:38 39:38 39:39"
"دلاور خان","چھوٹا بھائی",10,"23 24 25 28 32 35 36 37","21:26 22:26 24:26 25:26 31:26 31:33 37:33 37:35 37:37 38:37"
"دلاور خان","کریم",4,"21 22 23","21:22 22:22 24:22 24:23"
"دلاور خان","کریم کی جوری",3,"22 23","21:23 22:23 24:23"
"دلاور خان","کریم کی ساس",4,"21 22 23 177","21:22 22:22 24:22 181:174"
"دلاور خان","کریمین",5,"29 32 35 36","24:34 25:34 31:34 37:34 37:35"
"دلاور خان","گوہر مرزا",8,"35 38 39 73 79 183 188","31:40 37:40 38:40 39:40 76:71 76:83 181:185 191:185"
"دلبر حسین","شاہ صاحب",1,"59","64:54"
"دلبر حسین","شمشیر خان",1,"62","64:61"
"دلبر حسین","محدوم بخش",1,"65","64:66"
"دلبر حسین","مرزا رسوا",10,"59 60 61 62 63 64","64:54 64:55 64:56 64:57 64:58 64:59 64:61 64:62 64:63 64:64"
"دلبر حسین","منصف الدولہ",1,"64","64:65"
"دلبر حسین","مہری",1,"59","64:54"
"دلبر حسین","میاں امیر",2,"59 63","64:54 64:63"
"دلبر حسین","میاں حسنو",1,"65","64:67"
"دلبر حسین","نواب بنّے خان",1,"62","64:61"
"دلبر حسین","نواب جعفر علی خان",1,"63","64:63"
"دلبر حسین","نواب سلطان صاحب",4,"61 62 63 67","64:59 64:61 64:62 64:71"
"دلبر حسین","نواب صاحب (مشاعرہ)",4,"61 62 63 64","64:59 64:61 64:63 64:64"
"دلبر حسین","نواب عمدة الخاقان بیگم",3,"60 61","64:56 64:57 64:58"
"دلبر حسین","نواب فخر النساء بیگم",1,"67","64:70"
"دلبر حسین","نواب فخر النساء کی ماما",1,"67","64:70"
"دلبر حسین","نواب ملکہ کشور",1,"64","64:64"
"دلبر حسین","نواب چھین صاحب",4,"60 61 64","64:56 64:57 64:58 64:64"
"دلبر حسین","نواب چھین صاحب کی والدہ",1,"64","64:65"
"دلبر حسین","گوہر مرزا",2,"59 67","64:54 64:71"
"راجا شیودھیان سنگھ","سائیں (فیض علی کا نوکر)",8,"102 103 104 108 109 110","102:103 103:103 106:103 106:110 107:110 108:110 109:110 110:110"
"راجا شیودھیان سنگھ","ستارہ بھٹیارا",7,"106 108 109 110","102:110 103:110 106:110 107:110 108:110 109:110 110:110"
"راجا شیودھیان سنگھ","فضل علی",8,"103 105 106 107","102:104 103:104 106:104 106:105 106:106 107:106 107:107 108:107"
"راجا شیودھیان سنگھ","فیض علی",12,"101 102 103 104 105 106 108 109 110","102:100 102:103 103:103 106:103 106:104 106:105 106:106 107:106 107:110 108:110 109:110 110:110"
"راجا شیودھیان سنگھ","محدوم بخش",1,"98","102:94"
"راجا شیودھیان سنگھ","مرزا رسوا",25,"97 98 99 100 101 102 103 104 105 106 107 108 109 110","102:92 102:93 102:94 102:95 102:96 102:97 102:98 102:99 102:100 102:101 102:102 103:102 103:103 106:103 106:104 106:105 106:106 107:106 107:107 108:107 108:108 109:108 109:109 110:109 110:110"
"راجا شیودھیان سنگھ","مرزا علی رضا بیگ",7,"98 108 109 110 111","102:95 103:113 106:113 107:113 108:113 109:113 110:113"
"راجا شیودھیان سنگھ","مولوی صاحب",4,"99 100 115","102:97 102:98 102:99 110:120"
"راجا شیودھیان سنگھ","مکا پاسی",3,"113 114","108:118 109:118 110:118"
"راجا شیودھیان سنگھ","میاں امیر",6,"105 107 108","102:108 103:108 106:108 107:108 108:108 109:108"
"راجا شیودھیان سنگھ","میر صاحب",2,"99 100","102:97 102:98"
"راجا شیودھیان سنگھ","نصین",6,"101 102 103 104 114","102:101 102:103 103:103 106:103 109:119 110:119"
"راجا شیودھیان سنگھ","نواب صاحب (مشاعرہ)",2,"98 99","102:94 102:96"
"راجا شیودھیان سنگھ","نواب فخر النساء کی ماما",1,"98","102:95"
"راجا شیودھیان سنگھ","نواب چھین صاحب",2,"98 99","102:95 102:96"
"راجا شیودھیان سنگھ","نواب چھین صاحب کی والدہ",9,"97 99 106 107 108 109 110","102:93 102:96 102:111 103:111 106:111 107:111 108:111 109:111 110:111"
"راجا شیودھیان سنگھ","پنامل جوہری",7,"106 107 108 109 110","102:111 103:111 106:111 107:111 108:111 109:111 110:111"
"راجا شیودھیان سنگھ","گوہر مرزا",7,"106 107 108 109 110","102:111 103:111 106:111 107:111 108:111 109:111 110:111"
"رام دئی","شیخ صاحب",2,"20 21","23:17 23:19"
"رام دئی","مرزا رسوا",11,"18 19 20 21 22 23","23:13 23:14 23:15 23:16 23:17 23:18 23:19 23:20 23:21 23:22 23:23"
"رام دئی","منشی احمد حسن",7,"18 19 20 21","23:13 23:14 23:15 23:16 23:18 23:19 23:20"
"رام دئی","منے",1,"18","23:13"
"رام دئی","مولوی صاحب",1,"27","23:32"
"رام دئی","میاں امیر",1,"25","23:27"
"رام دئی","نواب صاحب (مشاعرہ)",3,"20 21","23:17 23:18 23:19"
"رام دئی","نواب فخر النساء کی ماما",1,"23","23:24"
"رام دئی","نواب چھین صاحب کی والدہ",1,"25","23:27"
"رام دئی","پنڈت جی",4,"19 20 21","23:15 23:16 23:18 23:19"
"رام دئی","پیارے صاحب",1,"27","23:32"
"رام دئی","پیر بخش",2,"22 23","23:21 23:23"
"رام دئی","چھوٹا بھائی",1,"24","23:26"
"رام دئی","کریم",2,"22 23","23:22 23:23"
"رام دئی","کریم کی جوری",1,"23","23:23"
"رام دئی","کریم کی ساس",1,"22","23:22"
"سائیں (فیض علی کا نوکر)","ستارہ بھٹیارا",3,"106 110 114","103:110 110:110 119:110"
"سائیں (فیض علی کا نوکر)","فضل علی",5,"103 107 108","103:104 110:104 110:105 110:106 110:107"
"سائیں (فیض علی کا نوکر)","فیض علی",16,"101 103 106 107 108 110 114 115 116 117 118 119","103:100 103:103 110:103 110:104 110:105 110:106 110:110 119:110 119:111 119:112 119:113 119:114 119:115 119:117 119:118 119:119"
"سائیں (فیض علی کا نوکر)","محدوم بخش",1,"98","103:94"
"سائیں (فیض علی کا نوکر)","مرزا رسوا",29,"98 99 100 101 102 103 106 107 108 109 110 114 115 116 117 118 119","103:93 103:94 103:95 103:96 103:97 103:98 103:99 103:100 103:101 103:102 103:103 110:103 110:104 110:105 110:106 110:107 110:108 110:109 110:110 119:110 119:111 119:112 119:113 119:114 119:115 119:116 119:117 119:118 119:119"
"سائیں (فیض علی کا نوکر)","مرزا علی رضا بیگ",4,"99 108 111 116","103:95 103:113 110:113 119:113"
"سائیں (فیض علی کا نوکر)","مولوی صاحب",5,"100 101 115 119","103:97 103:98 103:99 110:120 119:120"
"سائیں (فیض علی کا نوکر)","مکا پاسی",3,"114 118 119","110:118 119:118 119:119"
"سائیں (فیض علی کا نوکر)","میاں امیر",2,"105 109","103:108 110:108"
"سائیں (فیض علی کا نوکر)","میر صاحب",2,"100","103:97 103:98"
"سائیں (فیض علی کا نوکر)","نصین",5,"102 103 106 114 119","103:101 103:103 110:103 110:119 119:119"
"سائیں (فیض علی کا نوکر)","نواب صاحب (مشاعرہ)",2,"98 99","103:94 103:96"
"سائیں (فیض علی کا نوکر)","نواب فخر النساء کی ماما",1,"99","103:95"
"سائیں (فیض علی کا نوکر)","نواب چھین صاحب",2,"99","103:95 103:96"
"سائیں (فیض علی کا نوکر)","نواب چھین صاحب کی والدہ",5,"98 99 107 110 115","103:93 103:96 103:111 110:111 119:111"
"سائیں (فیض علی کا نوکر)","پنامل جوہری",3,"107 110 115","103:111 110:111 119:111"
"سائیں (فیض علی کا نوکر)","گوہر مرزا",6,"107 110 115 117 118 119","103:111 110:111 119:111 119:115 119:117 119:120"
"ستارہ بھٹیارا","فضل علی",4,"107 108","110:104 110:105 110:106 110:107"
"ستارہ بھٹیارا","فیض علی",6,"105 106 107 108 110","110:100 110:103 110:104 110:105 110:106 110:110"
"ستارہ بھٹیارا","مرزا رسوا",11,"105 106 107 108 109 110","110:100 110:101 110:102 110:103 110:104 110:105 110:106 110:107 110:108 110:109 110:110"
"ستارہ بھٹیارا","مرزا علی رضا بیگ",1,"111","110:113"
"ستارہ بھٹیارا","مولوی صاحب",1,"115","110:120"
"ستارہ بھٹیارا","مکا پاسی",1,"114","110:118"
"ستارہ بھٹیارا","میاں امیر",1,"109","110:108"
"ستارہ بھٹیارا","نصین",3,"105 106 114","110:101 110:103 110:119"
"ستارہ بھٹیارا","نواب چھین صاحب کی والدہ",1,"110","110:111"
"ستارہ بھٹیارا","پنامل جوہری",1,"110","110:111"
"ستارہ بھٹیارا","گوہر مرزا",1,"110","110:111"
"سلار بخش","شمشیر خان",1,"189","191:187"
"سلار بخش","مرزا رسوا",13,"186 187 188 189 190 191 192","191:181 191:182 191:183 191:184 191:185 191:186 191:187 191:188 191:189 191:190 191:191 192:191 192:192"
"سلار بخش","منشی احمد حسن",2,"193","191:195 192:195"
"سلار بخش","مکا پاسی",2,"192","191:193 192:193"
"سلار بخش","مہری",3,"189 193","191:187 191:195 192:195"
"سلار بخش","میاں امیر",1,"189","191:188"
"سلار بخش","نواب بنّے خان",1,"190","191:189"
"سلار بخش","نواب صاحب (مشاعرہ)",3,"188 191 192","191:185 191:192 192:192"
"سلار بخش","نواب فخر النساء کی ماما",4,"187 188 192 193","191:184 191:185 191:194 192:194"
"سلار بخش","نواب چھین صاحب",4,"190 191 192","191:189 191:191 192:191 192:192"
"سلار بخش","نواب چھین صاحب کی والدہ",1,"187","191:184"
"سلار بخش","گوہر مرزا",1,"188","191:185"
"سید قطب الدین","مدن کی ماں",2,"151 152","151:152 153:152"
"سید قطب الدین","مرزا اسکندر حشمت",2,"151 152","151:151 153:151"
"سید قطب الدین","مرزا برجیس قدر",4,"151 152 154 155","151:151 153:151 153:155 155:155"
"سید قطب الدین","مرزا رسوا",17,"146 147 148 149 150 151 152 153 154 155","151:141 151:142 151:143 151:144 151:145 151:146 151:147 151:148 151:149 151:150 151:151 153:151 153:152 153:153 155:153 155:154 155:155"
"سید قطب الدین","منے",1,"159","155:164"
"سید قطب الدین","مہری",1,"160","155:165"
"سید قطب الدین","میاں امیر",1,"159","155:164"
"سید قطب الدین","میاں سعادت",1,"159","155:164"
"سید قطب الدین","میاں محمد بخش",1,"159","155:164"
"سید قطب الدین","میر صاحب",4,"152 153 154 155","151:153 153:153 155:153 155:156"
"سید قطب الدین","نواب صاحب (مشاعرہ)",5,"147 148 153 154 155","151:143 151:145 151:156 153:156 155:156"
"سید قطب الدین","نواب فخر النساء کی ماما",7,"146 150 151 152 156 157","151:141 151:142 151:150 151:152 153:152 153:159 155:159"
"سید قطب الدین","نواب ملکہ کشور",3,"151 152 160","151:151 153:151 155:165"
"سید قطب الدین","نواب چھین صاحب کی والدہ",4,"146 154 155 156","151:141 151:158 153:158 155:158"
"سید قطب الدین","واجد علی",1,"150","151:149"
"سید قطب الدین","گوہر مرزا",4,"152 153 154 155","151:154 153:154 155:154 155:155"
"شاہ صاحب","شمشیر خان",3,"57 82","53:61 54:61 85:79"
"شاہ صاحب","علی بخش",1,"52","53:52"
"شاہ صاحب","محدوم بخش",1,"89","85:94"
"شاہ صاحب","مرزا رسوا",24,"48 49 50 51 52 53 54 80 81 82 83 84 85","53:43 53:44 53:45 53:46 53:47 53:48 53:49 53:50 53:51 53:52 53:53 54:53 54:54 85:75 85:76 85:77 85:78 85:79 85:80 85:81 85:82 85:83 85:84 85:85"
"شاہ صاحب","مرزا علی رضا بیگ",2,"82 90","85:79 85:95"
"شاہ صاحب","مولوی صاحب",6,"52 83 84","53:51 53:52 85:81 85:82 85:83 85:84"
"شاہ صاحب","مہری",3,"53 54","53:53 54:53 54:54"
"شاہ صاحب","میاں امیر",7,"52 53 54 81 85","53:52 53:53 54:53 54:54 85:77 85:78 85:86"
"شاہ صاحب","میاں سعادت",5,"49 50 51 83","53:46 53:47 53:48 53:49 85:82"
"شاہ صاحب","میر صاحب",1,"85","85:86"
"شاہ صاحب","نواب بنّے خان",2,"57","53:61 54:61"
"شاہ صاحب","نواب جعفر علی خان",2,"58","53:63 54:63"
"شاہ صاحب","نواب راشد علی",4,"49 50 51","53:46 53:47 53:48 53:49"
"شاہ صاحب","نواب سلطان صاحب",3,"56 82","53:59 54:59 85:79"
"شاہ صاحب","نواب سلطان کا چھوٹا بھائی",1,"82","85:79"
"شاہ صاحب","نواب صاحب (مشاعرہ)",12,"49 50 51 52 56 80 81 82 88","53:46 53:47 53:48 53:49 53:51 53:59 54:59 85:75 85:76 85:78 85:79 85:91"
"شاہ صاحب","نواب عمدة الخاقان بیگم",2,"54 55","53:56 54:56"
"شاہ صاحب","نواب فخر النساء کی ماما",1,"88","85:91"
"شاہ صاحب","نواب ملکہ کشور",1,"59","54:64"
"شاہ صاحب","نواب چھین صاحب",3,"54 55 90","53:56 54:56 85:95"
"شاہ صاحب","نواب چھین صاحب کی والدہ",8,"49 50 51 81 82 86","53:46 53:47 53:48 53:49 85:77 85:78 85:80 85:87"
"شاہ صاحب","پیارے صاحب",2,"84 85","85:84 85:85"
"شاہ صاحب","گوہر مرزا",7,"52 53 54 84 86","53:51 53:52 53:53 54:53 54:54 85:83 85:88"
"شمشیر خان","علی بخش",1,"56","61:52"
"شمشیر خان","محدوم بخش",1,"63","61:66"
"شمشیر خان","مرزا رسوا",31,"56 57 58 59 60 61 74 75 76 77 78 79 182 183 184 185 186 187","61:51 61:52 61:53 61:54 61:55 61:56 61:57 61:58 61:59 61:61 79:69 79:70 79:71 79:72 79:73 79:74 79:75 79:76 79:77 79:78 79:79 187:177 187:178 187:179 187:181 187:182 187:183 187:184 187:185 187:186 187:187"
"شمشیر خان","مرزا علی رضا بیگ",1,"79","79:79"
"شمشیر خان","منشی احمد حسن",1,"191","187:195"
"شمشیر خان","منصف الدولہ",1,"63","61:65"
"شمشیر خان","مولوی صاحب",3,"56 80","61:51 61:52 79:81"
"شمشیر خان","مکا پاسی",1,"190","187:193"
"شمشیر خان","مہری",3,"57 187","61:53 61:54 187:187"
"شمشیر خان","میاں امیر",8,"56 57 62 78 82 187","61:52 61:53 61:54 61:63 79:77 79:78 79:86 187:188"
"شمشیر خان","میاں حسنو",3,"64 74","61:67 79:69 79:70"
"شمشیر خان","میاں سعادت",1,"80","79:82"
"شمشیر خان","میر صاحب",1,"82","79:86"
"شمشیر خان","نواب بنّے خان",2,"61 188","61:61 187:189"
"شمشیر خان","نواب جعفر علی خان",1,"62","61:63"
"شمشیر خان","نواب سلطان صاحب",4,"60 61 75 79","61:59 61:61 79:71 79:79"
"شمشیر خان","نواب سلطان کا چھوٹا بھائی",1,"79","79:79"
"شمشیر خان","نواب صاحب (مشاعرہ)",14,"56 60 61 74 75 76 77 78 79 186 189","61:51 61:59 61:61 79:69 79:71 79:72 79:73 79:74 79:75 79:76 79:78 79:79 187:185 187:192"
"شمشیر خان","نواب عمدة الخاقان بیگم",3,"58 59","61:56 61:57 61:58"
"شمشیر خان","نواب فخر النساء بیگم",2,"65 74","61:70 79:70"
"شمشیر خان","نواب فخر النساء کی ماما",7,"65 74 75 185 186 190","61:70 79:70 79:71 79:72 187:184 187:185 187:194"
"شمشیر خان","نواب ملکہ کشور",1,"62","61:64"
"شمشیر خان","نواب چھین صاحب",7,"58 59 62 74 188","61:56 61:57 61:58 61:64 79:69 79:70 187:189"
"شمشیر خان","نواب چھین صاحب کی والدہ",5,"63 78 79 185","61:65 79:77 79:78 79:80 187:184"
"شمشیر خان","پیارے صاحب",1,"81","79:84"
"شمشیر خان","گوہر مرزا",8,"56 57 66 75 81 186","61:51 61:52 61:53 61:54 61:71 79:71 79:83 187:185"
"شیخ صاحب","مرزا رسوا",22,"1 4 5 6 7 8 12 13 14 15 16 17 18 19","1:1 8:1 8:2 8:3 8:4 8:5 8:6 8:7 8:8 17:8 17:9 17:10 17:11 17:12 17:13 17:14 17:15 17:16 17:17 19:17 19:18 19:19"
"شیخ صاحب","مطہر احق",2,"2 5","1:3 8:3"
"شیخ صاحب","منشی احمد حسن",12,"1 4 7 10 14 15 16 17 18 19","1:1 8:1 8:7 8:12 17:12 17:13 17:14 17:15 17:16 17:18 19:18 19:19"
"شیخ صاحب","منے",2,"10 15","8:13 17:13"
"شیخ صاحب","مہری",3,"6 9 14","1:11 8:11 17:11"
"شیخ صاحب","میاں امیر",4,"10 14 22 23","8:12 17:12 17:27 19:27"
"شیخ صاحب","نواب صاحب (مشاعرہ)",10,"4 7 8 12 13 17 18 19","1:7 8:7 8:8 17:8 17:9 17:10 17:17 19:17 19:18 19:19"
"شیخ صاحب","نواب فخر النساء کی ماما",2,"20 21","17:24 19:24"
"شیخ صاحب","نواب چھین صاحب کی والدہ",2,"22 23","17:27 19:27"
"شیخ صاحب","پنڈت جی",8,"4 7 11 16 17 18 19","1:7 8:7 8:15 17:15 17:16 17:18 19:18 19:19"
"شیخ صاحب","پیر بخش",2,"19 20","17:21 19:21"
"شیخ صاحب","چھوٹا بھائی",2,"21 22","17:26 19:26"
"شیخ صاحب","کریم",2,"19 20","17:22 19:22"
"شیخ صاحب","کریم کی جوری",2,"20 21","17:23 19:23"
"شیخ صاحب","کریم کی ساس",2,"19 20","17:22 19:22"
"علی بخش","مرزا رسوا",11,"47 48 49 50 51 52","52:42 52:43 52:44 52:45 52:46 52:47 52:48 52:49 52:50 52:51 52:52"
"علی بخش","مولوی صاحب",2,"51 52","52:51 52:52"
"علی بخش","مہری",1,"52","52:53"
"علی بخش","میاں امیر",1,"52","52:52"
"علی بخش","میاں سعادت",4,"49 50","52:46 52:47 52:48 52:49"
"علی بخش","نواب بنّے خان",1,"56","52:61"
"علی بخش","نواب راشد علی",4,"49 50","52:46 52:47 52:48 52:49"
"علی بخش","نواب سلطان صاحب",1,"55","52:59"
"علی بخش","نواب صاحب (مشاعرہ)",6,"49 50 51 55","52:46 52:47 52:48 52:49 52:51 52:59"
"علی بخش","نواب عمدة الخاقان بیگم",1,"54","52:56"
"علی بخش","نواب چھین صاحب",1,"54","52:56"
"علی بخش","نواب چھین صاحب کی والدہ",4,"49 50","52:46 52:47 52:48 52:49"
"علی بخش","گوہر مرزا",2,"51 52","52:51 52:52"
"فضل علی","فیض علی",9,"102 103 104 105 106 108","104:100 104:103 104:104 105:104 105:105 106:105 106:106 107:106 107:110"
"فضل علی","محدوم بخش",1,"99","104:94"
"فضل علی","مرزا رسوا",17,"99 100 101 102 103 104 105 106 107","104:94 104:95 104:96 104:97 104:98 104:99 104:100 104:101 104:102 104:103 104:104 105:104 105:105 106:105 106:106 107:106 107:107"
"فضل علی","مرزا علی رضا بیگ",5,"99 108 109 110","104:95 104:113 105:113 106:113 107:113"
"فضل علی","مولوی صاحب",3,"100 101","104:97 104:98 104:99"
"فضل علی","میاں امیر",4,"106 107","104:108 105:108 106:108 107:108"
"فضل علی","میر صاحب",2,"100 101","104:97 104:98"
"فضل علی","نصین",2,"102 103","104:101 104:103"
"فضل علی","نواب صاحب (مشاعرہ)",2,"99 100","104:94 104:96"
"فضل علی","نواب فخر النساء کی ماما",1,"99","104:95"
"فضل علی","نواب چھین صاحب",2,"99 100","104:95 104:96"
"فضل علی","نواب چھین صاحب کی والدہ",5,"100 107 108 109","104:96 104:111 105:111 106:111 107:111"
"فضل علی","پنامل جوہری",4,"107 108 109","104:111 105:111 106:111 107:111"
"فضل علی","گوہر مرزا",4,"107 108 109","104:111 105:111 106:111 107:111"
"فیض علی","محدوم بخش",1,"97","100:94"
"فیض علی","مرزا رسوا",43,"95 96 97 98 99 100 101 102 103 104 105 106 108 109 110 111 112 113 114 115 116 117 118 119","100:90 100:91 100:92 100:93 100:94 100:95 100:96 100:97 100:98 100:99 100:100 103:100 103:101 103:102 103:103 104:103 104:104 105:104 105:105 106:105 106:106 110:106 110:107 110:108 110:109 110:110 111:110 111:111 112:111 112:112 113:112 113:113 114:113 114:114 115:114 115:115 117:115 117:116 117:117 118:117 118:118 119:118 119:119"
"فیض علی","مرزا علی رضا بیگ",10,"97 108 109 111 112 113","100:95 103:113 104:113 105:113 106:113 110:113 111:113 112:113 113:113 114:113"
"فیض علی","مولوی صاحب",12,"98 99 115 116 117 118 119","100:97 100:98 100:99 110:120 111:120 112:120 113:120 114:120 115:120 117:120 118:120 119:120"
"فیض علی","مکا پاسی",10,"114 115 116 117 118 119","110:118 111:118 112:118 113:118 114:118 115:118 117:118 118:118 119:118 119:119"
"فیض علی","میاں امیر",6,"104 105 106 107 109","100:108 103:108 104:108 105:108 106:108 110:108"
"فیض علی","میر صاحب",2,"98 99","100:97 100:98"
"فیض علی","نصین",13,"100 102 103 114 115 116 117 118 119","100:101 103:101 103:103 104:103 110:119 111:119 112:119 113:119 114:119 115:119 117:119 118:119 119:119"
"فیض علی","نواب صاحب (مشاعرہ)",3,"95 97 98","100:91 100:94 100:96"
"فیض علی","نواب فخر النساء کی ماما",2,"95 97","100:91 100:95"
"فیض علی","نواب چھین صاحب",2,"97 98","100:95 100:96"
"فیض علی","نواب چھین صاحب کی والدہ",9,"96 98 107 108 110 111","100:93 100:96 103:111 104:111 105:111 106:111 110:111 111:111 112:111"
"فیض علی","پنامل جوہری",7,"107 108 110 111","103:111 104:111 105:111 106:111 110:111 111:111 112:111"
"فیض علی","گوہر مرزا",16,"107 108 110 111 113 114 115 116 117 119","103:111 104:111 105:111 106:111 110:111 111:111 112:111 112:115 113:115 114:115 115:115 117:115 117:117 118:117 118:120 119:120"
"محدوم بخش","مرزا رسوا",21,"61 62 63 64 65 66 89 90 91 92 93 94","66:56 66:57 66:58 66:59 66:61 66:62 66:63 66:64 66:65 66:66 94:84 94:85 94:86 94:87 94:88 94:89 94:90 94:91 94:92 94:93 94:94"
"محدوم بخش","مرزا علی رضا بیگ",1,"94","94:95"
"محدوم بخش","منصف الدولہ",2,"65 66","66:65 66:66"
"محدوم بخش","مولوی صاحب",2,"89 95","94:84 94:97"
"محدوم بخش","میاں امیر",2,"64 90","66:63 94:86"
"محدوم بخش","میاں حسنو",1,"66","66:67"
"محدوم بخش","میر صاحب",2,"90 95","94:86 94:97"
"محدوم بخش","نصین",1,"97","94:101"
"محدوم بخش","نواب بنّے خان",1,"63","66:61"
"محدوم بخش","نواب جعفر علی خان",1,"64","66:63"
"محدوم بخش","نواب سلطان صاحب",4,"62 63 64 68","66:59 66:61 66:62 66:71"
"محدوم بخش","نواب صاحب (مشاعرہ)",8,"62 63 64 65 66 92 94","66:59 66:61 66:63 66:64 66:65 66:66 94:91 94:94"
"محدوم بخش","نواب عمدة الخاقان بیگم",3,"61 62","66:56 66:57 66:58"
"محدوم بخش","نواب فخر النساء بیگم",1,"68","66:70"
"محدوم بخش","نواب فخر النساء کی ماما",3,"68 92 94","66:70 94:91 94:95"
"محدوم بخش","نواب ملکہ کشور",1,"65","66:64"
"محدوم بخش","نواب چھین صاحب",6,"61 62 65 67 94","66:56 66:57 66:58 66:64 66:69 94:95"
"محدوم بخش","نواب چھین صاحب کی والدہ",5,"65 66 90 93 95","66:65 66:67 94:87 94:93 94:96"
"محدوم بخش","پیارے صاحب",4,"89 90 91","94:84 94:85 94:86 94:88"
"محدوم بخش","گوہر مرزا",2,"68 91","66:71 94:88"
"مدن کی ماں","مرزا اسکندر حشمت",1,"151","152:151"
"مدن کی ماں","مرزا برجیس قدر",2,"151 153","152:151 152:155"
"مدن کی ماں","مرزا رسوا",24,"147 148 149 150 151 152 170 171 172 173 174 175 176","152:142 152:143 152:144 152:145 152:146 152:147 152:148 152:149 152:150 152:151 152:152 175:165 175:166 175:167 175:168 175:169 175:170 175:171 175:172 175:173 175:174 175:175 176:175 176:176"
"مدن کی ماں","مہری",5,"170 171 172","175:165 175:166 175:167 175:169 175:170"
"مدن کی ماں","میاں امیر",1,"171","175:167"
"مدن کی ماں","میر صاحب",1,"152","152:153"
"مدن کی ماں","نواب راشد علی",1,"171","175:168"
"مدن کی ماں","نواب سلطان صاحب",2,"171 172","175:168 175:169"
"مدن کی ماں","نواب صاحب (مشاعرہ)",8,"147 148 154 170 172 173 180","152:143 152:145 152:156 175:166 175:170 175:172 175:185 176:185"
"مدن کی ماں","نواب عمدة النساء بیگم",1,"173","175:172"
"مدن کی ماں","نواب فخر النساء کی ماما",9,"147 151 152 172 173 174 179 180","152:142 152:150 152:152 175:170 175:171 175:173 175:174 175:184 176:184"
"مدن کی ماں","نواب محمد تقی خاں",1,"170","175:166"
"مدن کی ماں","نواب محمد تقی خاں کا صاحب زادہ",1,"170","175:166"
"مدن کی ماں","نواب ملکہ کشور",2,"151 170","152:151 175:165"
"مدن کی ماں","نواب چھین صاحب کی والدہ",4,"155 173 179 180","152:158 175:171 175:184 176:184"
"مدن کی ماں","واجد علی",1,"150","152:149"
"مدن کی ماں","کریم",1,"172","175:170"
"مدن کی ماں","کریم کی ساس",1,"174","175:174"
"مدن کی ماں","کریمین",1,"172","175:170"
"مدن کی ماں","گوہر مرزا",4,"153 171 180","152:154 175:168 175:185 176:185"
"مرزا اسکندر حشمت","مرزا برجیس قدر",1,"151","151:151"
"مرزا اسکندر حشمت","مرزا رسوا",11,"146 147 148 149 150 151","151:141 151:142 151:143 151:144 151:145 151:146 151:147 151:148 151:149 151:150 151:151"
"مرزا اسکندر حشمت","میر صاحب",1,"152","151:153"
"مرزا اسکندر حشمت","نواب صاحب (مشاعرہ)",3,"147 148 153","151:143 151:145 151:156"
"مرزا اسکندر حشمت","نواب فخر النساء کی ماما",4,"146 150 151","151:141 151:142 151:150 151:152"
"مرزا اسکندر حشمت","نواب ملکہ کشور",1,"151","151:151"
"مرزا اسکندر حشمت","نواب چھین صاحب کی والدہ",2,"146 154","151:141 151:158"
"مرزا اسکندر حشمت","واجد علی",1,"150","151:149"
"مرزا اسکندر حشمت","گوہر مرزا",1,"152","151:154"
"مرزا برجیس قدر","مرزا رسوا",16,"146 147 148 149 150 151 153 154 155","151:141 151:142 151:143 151:144 151:145 151:146 151:147 151:148 151:149 151:150 151:151 155:151 155:152 155:153 155:154 155:155"
"مرزا برجیس قدر","منے",1,"159","155:164"
"مرزا برجیس قدر","مہری",1,"160","155:165"
"مرزا برجیس قدر","میاں امیر",1,"159","155:164"
"مرزا برجیس قدر","میاں سعادت",1,"159","155:164"
"مرزا برجیس قدر","میاں محمد بخش",1,"159","155:164"
"مرزا برجیس قدر","میر صاحب",3,"152 154 155","151:153 155:153 155:156"
"مرزا برجیس قدر","نواب صاحب (مشاعرہ)",4,"147 148 153 155","151:143 151:145 151:156 155:156"
"مرزا برجیس قدر","نواب فخر النساء کی ماما",6,"146 150 151 153 157","151:141 151:142 151:150 151:152 155:152 155:159"
"مرزا برجیس قدر","نواب ملکہ کشور",3,"151 153 160","151:151 155:151 155:165"
"مرزا برجیس قدر","نواب چھین صاحب کی والدہ",3,"146 154 156","151:141 151:158 155:158"
"مرزا برجیس قدر","واجد علی",1,"150","151:149"
"مرزا برجیس قدر","گوہر مرزا",3,"152 154 155","151:154 155:154 155:155"
"مرزا رسوا","مرزا علی رضا بیگ",36,"74 75 76 77 78 79 90 91 92 93 94 95 108 109 110 111 112 113","69:79 70:79 71:79 72:79 73:79 74:79 75:79 76:79 77:79 78:79 79:79 80:79 85:95 86:95 87:95 88:95 89:95 90:95 91:95 92:95 93:95 94:95 95:95 96:95 103:113 104:113 105:113 106:113 107:113 108:113 109:113 110:113 111:113 112:113 113:113 114:113"
"مرزا رسوا","مطہر احق",4,"2 3","1:3 2:3 3:3 4:3"
"مرزا رسوا","منشی احمد حسن",41,"1 4 5 6 7 10 11 12 13 14 15 16 17 18 19 20 190 191 192 193 194 195","1:1 2:1 2:7 3:7 4:7 5:7 6:7 7:7 8:7 8:12 9:12 10:12 11:12 12:12 13:12 13:13 14:13 14:14 15:14 15:15 16:15 16:16 17:16 17:18 18:18 19:18 19:19 20:19 20:20 21:20 185:195 186:195 187:195 188:195 189:195 190:195 191:195 192:195 193:195 194:195 195:195"
"مرزا رسوا","منصف الدولہ",13,"60 61 62 63 64 65 66","55:65 56:65 57:65 58:65 59:65 61:65 62:65 63:65 64:65 65:65 66:65 66:66 67:66"
"مرزا رسوا","منے",24,"8 9 10 11 12 13 159 160 161 162 163 164","3:13 4:13 5:13 6:13 7:13 8:13 9:13 10:13 11:13 12:13 13:13 14:13 154:164 155:164 156:164 157:164 158:164 159:164 160:164 161:164 162:164 163:164 164:164 165:164"
"مرزا رسوا","مولوی صاحب",80,"27 28 29 30 31 32 36 37 38 39 40 46 47 48 49 50 51 52 76 77 78 79 80 81 82 83 84 92 93 94 95 96 97 98 99 115 116 117 118 119 120","22:32 23:32 24:32 25:32 26:32 27:32 28:32 29:32 30:32 31:32 32:32 33:32 33:40 34:40 35:40 36:40 37:40 38:40 39:40 40:40 41:40 41:51 42:51 43:51 44:51 45:51 46:51 47:51 48:51 49:51 50:51 51:51 52:51 52:52 53:52 71:81 72:81 73:81 74:81 75:81 76:81 77:81 78:81 79:81 80:81 81:81 82:81 82:82 83:82 83:83 84:83 84:84 85:84 87:97 88:97 89:97 90:97 91:97 92:97 93:97 94:97 95:97 96:97 97:97 98:97 98:98 99:98 99:99 100:99 110:120 111:120 112:120 113:120 114:120 115:120 116:120 117:120 118:120 119:120 120:120"
"مرزا رسوا","مکا پاسی",26,"113 114 115 116 117 118 119 188 189 190 191 192 193","108:118 109:118 110:118 111:118 112:118 113:118 114:118 115:118 116:118 117:118 118:118 119:118 119:119 120:119 183:193 184:193 185:193 186:193 187:193 188:193 189:193 190:193 191:193 192:193 193:193 194:193"
"مرزا رسوا","مہری",66,"6 7 8 9 10 11 48 49 50 51 52 53 54 160 161 162 163 164 165 166 167 168 169 170 182 183 184 185 186 187 191 192 193 194 195","1:11 2:11 3:11 4:11 5:11 6:11 7:11 8:11 9:11 10:11 11:11 12:11 43:53 44:53 45:53 46:53 47:53 48:53 49:53 50:53 51:53 52:53 53:53 54:53 54:54 55:54 155:165 156:165 157:165 158:165 159:165 160:165 161:165 162:165 163:165 164:165 165:165 166:165 166:166 167:166 167:167 168:167 168:169 169:169 170:169 170:170 171:170 177:187 178:187 179:187 181:187 182:187 183:187 184:187 185:187 186:187 187:187 188:187 188:195 189:195 190:195 191:195 192:195 193:195 194:195 195:195"
"مرزا رسوا","میاں امیر",123,"7 8 9 10 11 12 22 23 24 25 26 27 35 36 37 38 39 40 47 48 49 50 51 52 53 54 59 60 61 62 63 72 73 74 75 76 77 78 82 83 84 85 86 103 104 105 106 107 108 159 160 161 162 163 164 166 167 183 184 185 186 187 188","2:12 3:12 4:12 5:12 6:12 7:12 8:12 9:12 10:12 11:12 12:12 13:12 17:27 18:27 19:27 20:27 21:27 22:27 23:27 24:27 25:27 26:27 27:27 28:27 30:40 31:40 32:40 33:40 34:40 35:40 36:40 37:40 38:40 39:40 40:40 41:40 42:52 43:52 44:52 45:52 46:52 47:52 48:52 49:52 50:52 51:52 52:52 53:52 53:53 54:53 54:54 55:54 55:63 56:63 57:63 58:63 59:63 61:63 62:63 63:63 64:63 67:77 68:77 69:77 70:77 71:77 72:77 73:77 74:77 75:77 76:77 77:77 78:77 78:78 79:78 79:86 80:86 81:86 82:86 83:86 84:86 85:86 86:86 87:86 98:108 99:108 100:108 101:108 102:108 103:108 104:108 105:108 106:108 107:108 108:108 109:108 154:164 155:164 156:164 157:164 158:164 159:164 160:164 161:164 162:164 163:164 164:164 165:164 165:167 166:167 167:167 168:167 178:188 179:188 181:188 182:188 183:188 184:188 185:188 186:188 187:188 188:188 189:188"
"مرزا رسوا","میاں حسنو",17,"62 63 64 65 66 67 68 69 70","57:67 58:67 59:67 61:67 62:67 63:67 64:67 65:67 66:67 67:67 68:67 68:68 69:68 69:69 70:69 70:70 71:70"
"مرزا رسوا","میاں سعادت",42,"41 42 43 44 45 46 47 48 49 77 78 79 80 81 82 159 160 161 162 163 164","36:46 37:46 38:46 39:46 40:46 41:46 42:46 43:46 44:46 45:46 46:46 47:46 47:47 48:47 48:48 49:48 49:49 50:49 72:82 73:82 74:82 75:82 76:82 77:82 78:82 79:82 80:82 81:82 82:82 83:82 154:164 155:164 156:164 157:164 158:164 159:164 160:164 161:164 162:164 163:164 164:164 165:164"
"مرزا رسوا","میاں محمد بخش",12,"159 160 161 162 163 164","154:164 155:164 156:164 157:164 158:164 159:164 160:164 161:164 162:164 163:164 164:164 165:164"
"مرزا رسوا","میر صاحب",42,"81 82 83 84 85 86 92 93 94 95 96 97 98 148 149 150 151 152 153 155 156","76:86 77:86 78:86 79:86 80:86 81:86 82:86 83:86 84:86 85:86 86:86 87:86 87:97 88:97 89:97 90:97 91:97 92:97 93:97 94:97 95:97 96:97 97:97 98:97 98:98 99:98 143:153 144:153 145:153 146:153 147:153 148:153 149:153 150:153 151:153 152:153 153:153 154:153 154:156 155:156 156:156 157:156"
"مرزا رسوا","نصین",27,"96 97 98 99 100 101 102 103 114 115 116 117 118 119","91:101 92:101 93:101 94:101 95:101 96:101 97:101 98:101 99:101 100:101 101:101 102:101 102:103 103:103 104:103 109:119 110:119 111:119 112:119 113:119 114:119 115:119 116:119 117:119 118:119 119:119 120:119"
"مرزا رسوا","نواب بنّے خان",22,"56 57 58 59 60 61 184 185 186 187 188 189","51:61 52:61 53:61 54:61 55:61 56:61 57:61 58:61 59:61 61:61 62:61 179:189 181:189 182:189 183:189 184:189 185:189 186:189 187:189 188:189 189:189 190:189"
"مرزا رسوا","نواب جعفر علی خان",11,"58 59 60 61 62 63","53:63 54:63 55:63 56:63 57:63 58:63 59:63 61:63 62:63 63:63 64:63"
"مرزا رسوا","نواب راشد علی",30,"41 42 43 44 45 46 47 48 49 163 164 165 166 167 168","36:46 37:46 38:46 39:46 40:46 41:46 42:46 43:46 44:46 45:46 46:46 47:46 47:47 48:47 48:48 49:48 49:49 50:49 158:168 159:168 160:168 161:168 162:168 163:168 164:168 165:168 166:168 167:168 168:168 169:168"
"مرزا رسوا","نواب سلطان صاحب",49,"54 55 56 57 58 59 60 61 62 67 68 69 70 71 75 76 77 78 79 163 164 165 166 167 168 169","49:59 50:59 51:59 52:59 53:59 54:59 55:59 56:59 57:59 58:59 59:59 61:59 61:61 62:61 62:62 63:62 63:71 64:71 65:71 66:71 67:71 68:71 69:71 70:71 71:71 72:71 72:79 73:79 74:79 75:79 76:79 77:79 78:79 79:79 80:79 158:168 159:168 160:168 161:168 162:168 163:168 164:168 165:168 166:168 167:168 168:168 169:168 169:169 170:169"
"مرزا رسوا","نواب سلطان کا چھوٹا بھائی",12,"74 75 76 77 78 79","69:79 70:79 71:79 72:79 73:79 74:79 75:79 76:79 77:79 78:79 79:79 80:79"
"مرزا رسوا","نواب صاحب (مشاعرہ)",167,"4 5 6 7 8 9 10 14 15 16 17 18 19 41 42 43 44 45 46 47 48 49 50 51 55 56 57 58 59 60 61 62 63 64 65 66 68 69 70 71 72 73 74 75 76 77 78 79 86 87 88 89 90 91 93 94 95 96 142 143 144 145 151 152 153 154 155 156 157 161 162 163 164 165 166 168 169 170 171 172 180 181 182 183 184 185 189 190 191 192","1:7 2:7 3:7 4:7 5:7 6:7 7:7 8:7 8:8 9:8 9:9 10:9 10:10 11:10 11:17 12:17 13:17 14:17 15:17 16:17 17:17 18:17 18:18 19:18 19:19 20:19 36:46 37:46 38:46 39:46 40:46 41:46 42:46 43:46 44:46 45:46 46:46 47:46 47:47 48:47 48:48 49:48 49:49 50:49 50:51 51:51 52:51 52:59 53:59 54:59 55:59 56:59 57:59 58:59 59:59 61:59 61:61 62:61 62:63 63:63 64:63 64:64 65:64 65:65 66:65 66:66 67:66 67:69 68:69 69:69 70:69 70:71 71:71 72:71 72:72 73:72 73:73 74:73 74:74 75:74 75:75 76:75 76:76 77:76 77:78 78:78 79:78 79:79 80:79 81:91 82:91 83:91 84:91 85:91 86:91 87:91 88:91 89:91 90:91 91:91 92:91 92:94 93:94 94:94 95:94 95:96 96:96 97:96 141:143 142:143 143:143 144:143 144:145 145:145 146:145 146:156 147:156 148:156 149:156 150:156 151:156 152:156 153:156 154:156 155:156 156:156 157:156 157:157 158:157 158:164 159:164 160:164 161:164 162:164 163:164 164:164 165:164 165:166 166:166 167:166 167:170 168:170 169:170 170:170 171:170 171:172 172:172 173:172 175:185 176:185 177:185 178:185 179:185 181:185 182:185 183:185 184:185 185:185 186:185 186:192 187:192 188:192 189:192 190:192 191:192 192:192 193:192"
"مرزا رسوا","نواب عمدة الخاقان بیگم",28,"36 37 38 39 40 41 51 52 53 54 55 56 57 58","31:41 32:41 33:41 34:41 35:41 36:41 37:41 38:41 39:41 40:41 41:41 42:41 46:56 47:56 48:56 49:56 50:56 51:56 52:56 53:56 54:56 55:56 56:56 57:56 57:57 58:57 58:58 59:58"
"مرزا رسوا","نواب عمدة النساء بیگم",12,"167 168 169 170 171 172","162:172 163:172 164:172 165:172 166:172 167:172 168:172 169:172 170:172 171:172 172:172 173:172"
"مرزا رسوا","نواب فخر النساء بیگم",11,"65 66 67 68 69 70","61:70 62:70 63:70 64:70 65:70 66:70 67:70 68:70 69:70 70:70 71:70"
"مرزا رسوا","نواب فخر النساء کی ماما",119,"19 20 21 22 23 24 28 29 30 31 32 65 66 67 68 69 70 71 72 86 87 88 89 90 91 93 94 95 141 142 146 147 148 149 150 151 152 156 157 158 159 160 165 166 167 168 169 170 171 172 173 174 179 180 181 182 183 184 185 190 191 192 193 194","14:24 15:24 16:24 17:24 18:24 19:24 20:24 21:24 22:24 23:24 24:24 25:24 25:32 26:32 27:32 28:32 29:32 30:32 31:32 32:32 33:32 61:70 62:70 63:70 64:70 65:70 66:70 67:70 68:70 69:70 70:70 71:70 71:71 72:71 72:72 73:72 81:91 82:91 83:91 84:91 85:91 86:91 87:91 88:91 89:91 90:91 91:91 92:91 92:95 93:95 94:95 95:95 96:95 141:141 142:141 142:142 143:142 143:150 144:150 145:150 146:150 147:150 148:150 149:150 150:150 151:150 151:152 152:152 153:152 153:159 154:159 155:159 156:159 157:159 158:159 159:159 160:159 160:160 161:160 161:170 162:170 163:170 164:170 165:170 166:170 167:170 168:170 169:170 170:170 171:170 171:171 172:171 172:173 173:173 174:173 174:174 175:174 175:184 176:184 177:184 178:184 179:184 181:184 182:184 183:184 184:184 185:184 185:185 186:185 186:194 187:194 188:194 189:194 190:194 191:194 192:194 193:194 194:194 195:194"
"مرزا رسوا","نواب محمد تقی خاں",12,"161 162 163 164 165 166","156:166 157:166 158:166 159:166 160:166 161:166 162:166 163:166 164:166 165:166 166:166 167:166"
"مرزا رسوا","نواب محمد تقی خاں کا صاحب زادہ",12,"161 162 163 164 165 166","156:166 157:166 158:166 159:166 160:166 161:166 162:166 163:166 164:166 165:166 166:166 167:166"
"مرزا رسوا","نواب ملکہ کشور",35,"59 60 61 62 63 64 146 147 148 149 150 151 160 161 162 163 164 165","54:64 55:64 56:64 57:64 58:64 59:64 61:64 62:64 63:64 64:64 65:64 141:151 142:151 143:151 144:151 145:151 146:151 147:151 148:151 149:151 150:151 151:151 152:151 155:165 156:165 157:165 158:165 159:165 160:165 161:165 162:165 163:165 164:165 165:165 166:165"
"مرزا رسوا","نواب چھین صاحب",72,"36 37 38 39 40 41 51 52 53 54 55 56 57 58 61 62 63 64 67 68 69 70 90 91 92 93 94 95 96 184 185 186 187 188 189 190 191 192","31:41 32:41 33:41 34:41 35:41 36:41 37:41 38:41 39:41 40:41 41:41 42:41 46:56 47:56 48:56 49:56 50:56 51:56 52:56 53:56 54:56 55:56 56:56 57:56 57:57 58:57 58:58 59:58 59:64 61:64 62:64 63:64 64:64 65:64 65:69 66:69 67:69 68:69 69:69 70:69 70:70 71:70 85:95 86:95 87:95 88:95 89:95 90:95 91:95 92:95 93:95 94:95 95:95 96:95 96:96 97:96 179:189 181:189 182:189 183:189 184:189 185:189 186:189 187:189 188:189 189:189 190:189 190:191 191:191 192:191 192:192 193:192"
"مرزا رسوا","نواب چھین صاحب کی والدہ",146,"22 23 24 25 26 27 30 31 32 33 34 35 36 37 38 39 43 44 45 46 47 48 49 60 61 62 63 64 65 66 67 68 73 74 75 76 77 78 79 80 84 85 86 87 90 91 92 93 95 96 106 107 108 109 110 111 141 153 154 155 156 157 158 160 161 162 167 168 169 170 171 179 180 181 182 183 184","17:27 18:27 19:27 20:27 21:27 22:27 23:27 24:27 25:27 26:27 27:27 28:27 28:33 29:33 30:33 31:33 32:33 33:33 34:33 34:34 35:34 35:35 36:35 36:37 37:37 38:37 38:38 39:38 39:39 40:39 40:46 41:46 42:46 43:46 44:46 45:46 46:46 47:46 47:47 48:47 48:48 49:48 49:49 50:49 55:65 56:65 57:65 58:65 59:65 61:65 62:65 63:65 64:65 65:65 66:65 66:67 67:67 68:67 68:68 69:68 69:77 70:77 71:77 72:77 73:77 74:77 75:77 76:77 77:77 78:77 78:78 79:78 79:80 80:80 81:80 81:87 82:87 83:87 84:87 85:87 86:87 87:87 88:87 88:93 89:93 90:93 91:93 92:93 93:93 94:93 94:96 95:96 96:96 97:96 101:111 102:111 103:111 104:111 105:111 106:111 107:111 108:111 109:111 110:111 111:111 112:111 141:141 142:141 148:158 149:158 150:158 151:158 152:158 153:158 154:158 155:158 156:158 157:158 158:158 159:158 159:162 160:162 161:162 162:162 163:162 163:171 164:171 165:171 166:171 167:171 168:171 169:171 170:171 171:171 172:171 174:184 175:184 176:184 177:184 178:184 179:184 181:184 182:184 183:184 184:184 185:184"
"مرزا رسوا","واجد علی",10,"145 146 147 148 149","141:149 142:149 143:149 144:149 145:149 146:149 147:149 148:149 149:149 150:149"
"مرزا رسوا","پنامل جوہری",12,"106 107 108 109 110 111","101:111 102:111 103:111 104:111 105:111 106:111 107:111 108:111 109:111 110:111 111:111 112:111"
"مرزا رسوا","پنڈت جی",24,"4 5 6 7 11 12 13 14 15 16 17 18 19","1:7 2:7 3:7 4:7 5:7 6:7 7:7 8:7 8:15 9:15 10:15 11:15 12:15 13:15 14:15 15:15 16:15 16:16 17:16 17:18 18:18 19:18 19:19 20:19"
"مرزا رسوا","پھوپھا",12,"29 30 31 32 33 34","24:34 25:34 26:34 27:34 28:34 29:34 30:34 31:34 32:34 33:34 34:34 35:34"
"مرزا رسوا","پھوپھی",12,"29 30 31 32 33 34","24:34 25:34 26:34 27:34 28:34 29:34 30:34 31:34 32:34 33:34 34:34 35:34"
"مرزا رسوا","پیارے صاحب",31,"27 28 29 30 31 32 79 80 81 82 83 84 85 86 87 88","22:32 23:32 24:32 25:32 26:32 27:32 28:32 29:32 30:32 31:32 32:32 33:32 74:84 75:84 76:84 77:84 78:84 79:84 80:84 81:84 82:84 83:84 84:84 85:84 85:85 86:85 86:86 87:86 87:88 88:88 89:88"
"مرزا رسوا","پیر بخش",35,"16 17 18 19 20 21 22 23 24 25 32 33 34 35 36 37 38 39","11:21 12:21 13:21 14:21 15:21 16:21 17:21 18:21 19:21 20:21 21:21 22:21 22:23 23:23 24:23 24:24 25:24 25:25 26:25 27:37 28:37 29:37 30:37 31:37 32:37 33:37 34:37 35:37 36:37 37:37 38:37 38:38 39:38 39:39 40:39"
"مرزا رسوا","چھوٹا بھائی",26,"21 22 23 24 25 26 30 31 32 33 34 35 36 37","16:26 17:26 18:26 19:26 20:26 21:26 22:26 23:26 24:26 25:26 26:26 27:26 27:33 28:33 29:33 30:33 31:33 32:33 33:33 34:33 34:35 35:35 36:35 36:37 37:37 38:37"
"مرزا رسوا","کریم",26,"17 18 19 20 21 22 23 165 166 167 168 169 170","12:22 13:22 14:22 15:22 16:22 17:22 18:22 19:22 20:22 21:22 22:22 23:22 23:23 24:23 160:170 161:170 162:170 163:170 164:170 165:170 166:170 167:170 168:170 169:170 170:170 171:170"
"مرزا رسوا","کریم کی جوری",12,"18 19 20 21 22 23","13:23 14:23 15:23 16:23 17:23 18:23 19:23 20:23 21:23 22:23 23:23 24:23"
"مرزا رسوا","کریم کی ساس",24,"17 18 19 20 21 22 169 170 171 172 173 174","12:22 13:22 14:22 15:22 16:22 17:22 18:22 19:22 20:22 21:22 22:22 23:22 164:174 165:174 166:174 167:174 168:174 169:174 170:174 171:174 172:174 173:174 174:174 175:174"
"مرزا رسوا","کریمین",26,"29 30 31 32 33 34 35 165 166 167 168 169 170","24:34 25:34 26:34 27:34 28:34 29:34 30:34 31:34 32:34 33:34 34:34 35:34 35:35 36:35 160:170 161:170 162:170 163:170 164:170 165:170 166:170 167:170 168:170 169:170 170:170 171:170"
"مرزا رسوا","گوہر مرزا",120,"35 36 37 38 39 40 46 47 48 49 50 51 52 53 54 66 67 68 69 70 71 78 79 80 81 82 83 86 87 88 106 107 108 109 110 111 113 114 115 116 117 119 120 149 150 151 152 153 154 155 163 164 165 166 167 168 180 181 182 183 184 185","30:40 31:40 32:40 33:40 34:40 35:40 36:40 37:40 38:40 39:40 40:40 41:40 41:51 42:51 43:51 44:51 45:51 46:51 47:51 48:51 49:51 50:51 51:51 52:51 52:52 53:52 53:53 54:53 54:54 55:54 61:71 62:71 63:71 64:71 65:71 66:71 67:71 68:71 69:71 70:71 71:71 72:71 73:83 74:83 75:83 76:83 77:83 78:83 79:83 80:83 81:83 82:83 83:83 84:83 84:88 85:88 86:88 87:88 88:88 89:88 101:111 102:111 103:111 104:111 105:111 106:111 107:111 108:111 109:111 110:111 111:111 112:111 112:115 113:115 114:115 115:115 116:115 116:117 117:117 118:117 118:120 119:120 120:120 144:154 145:154 146:154 147:154 148:154 149:154 150:154 151:154 152:154 153:154 154:154 155:154 155:155 156:155 158:168 159:168 160:168 161:168 162:168 163:168 164:168 165:168 166:168 167:168 168:168 169:168 175:185 176:185 177:185 178:185 179:185 181:185 182:185 183:185 184:185 185:185 186:185"
"مرزا علی رضا بیگ","مولوی صاحب",3,"80 96 116","79:81 95:97 113:120"
"مرزا علی رضا بیگ","مکا پاسی",1,"115","113:118"
"مرزا علی رضا بیگ","میاں امیر",5,"78 82 90 110","79:77 79:78 79:86 95:86 113:108"
"مرزا علی رضا بیگ","میاں حسنو",2,"74","79:69 79:70"
"مرزا علی رضا بیگ","میاں سعادت",1,"80","79:82"
"مرزا علی رضا بیگ","میر صاحب",3,"82 90 96","79:86 95:86 95:97"
"مرزا علی رضا بیگ","نصین",3,"98 108 116","95:101 113:103 113:119"
"مرزا علی رضا بیگ","نواب سلطان صاحب",2,"75 79","79:71 79:79"
"مرزا علی رضا بیگ","نواب سلطان کا چھوٹا بھائی",1,"79","79:79"
"مرزا علی رضا بیگ","نواب صاحب (مشاعرہ)",12,"74 75 76 77 78 79 93 94 95","79:69 79:71 79:72 79:73 79:74 79:75 79:76 79:78 79:79 95:91 95:94 95:96"
"مرزا علی رضا بیگ","نواب فخر النساء بیگم",1,"74","79:70"
"مرزا علی رضا بیگ","نواب فخر النساء کی ماما",5,"74 75 93 95","79:70 79:71 79:72 95:91 95:95"
"مرزا علی رضا بیگ","نواب چھین صاحب",3,"74 95","79:69 79:70 95:95"
"مرزا علی رضا بیگ","نواب چھین صاحب کی والدہ",7,"78 79 91 94 95 112","79:77 79:78 79:80 95:87 95:93 95:96 113:111"
"مرزا علی رضا بیگ","پنامل جوہری",1,"112","113:111"
"مرزا علی رضا بیگ","پیارے صاحب",4,"81 90 91","79:84 95:85 95:86 95:88"
"مرزا علی رضا بیگ","گوہر مرزا",5,"75 81 91 112 114","79:71 79:83 95:88 113:111 113:115"
"مطہر احق","منشی احمد حسن",2,"2 5","3:1 3:7"
"مطہر احق","منے",1,"8","3:13"
"مطہر احق","مہری",1,"7","3:11"
"مطہر احق","میاں امیر",1,"7","3:12"
"مطہر احق","نواب صاحب (مشاعرہ)",1,"5","3:7"
"مطہر احق","پنڈت جی",1,"5","3:7"
"منشی احمد حسن","منے",4,"10 12 13","7:13 12:13 13:13 14:13"
"منشی احمد حسن","مکا پاسی",1,"194","195:193"
"منشی احمد حسن","مہری",5,"6 9 11 191 195","1:11 7:11 12:11 195:187 195:195"
"منشی احمد حسن","میاں امیر",7,"9 12 22 23 191","7:12 12:12 13:12 18:27 19:27 20:27 195:188"
"منشی احمد حسن","نواب بنّے خان",1,"192","195:189"
"منشی احمد حسن","نواب صاحب (مشاعرہ)",18,"4 7 9 10 11 14 15 16 17 18 19 190 193","1:7 7:7 12:7 12:8 12:9 12:10 12:17 13:17 14:17 15:17 16:17 18:17 18:18 19:18 19:19 20:19 195:185 195:192"
"منشی احمد حسن","نواب فخر النساء کی ماما",8,"19 20 21 22 190 194","14:24 15:24 16:24 18:24 19:24 20:24 195:185 195:194"
"منشی احمد حسن","نواب چھین صاحب",3,"192 193","195:189 195:191 195:192"
"منشی احمد حسن","نواب چھین صاحب کی والدہ",3,"22 23","18:27 19:27 20:27"
"منشی احمد حسن","پنڈت جی",14,"4 7 9 13 14 15 16 17 18 19","1:7 7:7 12:7 12:15 13:15 14:15 15:15 16:15 16:16 18:16 18:18 19:18 19:19 20:19"
"منشی احمد حسن","پیر بخش",8,"16 17 18 19 20","12:21 13:21 14:21 15:21 16:21 18:21 19:21 20:21"
"منشی احمد حسن","چھوٹا بھائی",4,"21 22 23","16:26 18:26 19:26 20:26"
"منشی احمد حسن","کریم",8,"17 18 19 20 21","12:22 13:22 14:22 15:22 16:22 18:22 19:22 20:22"
"منشی احمد حسن","کریم کی جوری",7,"18 19 20 21","13:23 14:23 15:23 16:23 18:23 19:23 20:23"
"منشی احمد حسن","کریم کی ساس",8,"17 18 19 20 21","12:22 13:22 14:22 15:22 16:22 18:22 19:22 20:22"
"منشی احمد حسن","گوہر مرزا",1,"190","195:185"
"منصف الدولہ","میاں امیر",1,"64","65:63"
"منصف الدولہ","میاں حسنو",2,"66","65:67 66:67"
"منصف الدولہ","نواب بنّے خان",1,"63","65:61"
"منصف الدولہ","نواب جعفر علی خان",1,"64","65:63"
"منصف الدولہ","نواب سلطان صاحب",5,"62 63 68","65:59 65:61 65:62 65:71 66:71"
"منصف الدولہ","نواب صاحب (مشاعرہ)",7,"62 63 64 65 66","65:59 65:61 65:63 65:64 65:65 66:65 66:66"
"منصف الدولہ","نواب عمدة الخاقان بیگم",3,"60 61","65:56 65:57 65:58"
"منصف الدولہ","نواب فخر النساء بیگم",2,"67 68","65:70 66:70"
"منصف الدولہ","نواب فخر النساء کی ماما",2,"67 68","65:70 66:70"
"منصف الدولہ","نواب ملکہ کشور",1,"64","65:64"
"منصف الدولہ","نواب چھین صاحب",6,"60 61 64 67","65:56 65:57 65:58 65:64 65:69 66:69"
"منصف الدولہ","نواب چھین صاحب کی والدہ",3,"65 66","65:65 66:65 66:67"
"منصف الدولہ","گوہر مرزا",2,"68","65:71 66:71"
"منے","مہری",2,"12 164","13:11 164:165"
"منے","میاں امیر",2,"12 164","13:12 164:164"
"منے","میاں سعادت",1,"164","164:164"
"منے","میاں محمد بخش",1,"164","164:164"
"منے","میر صاحب",1,"160","164:156"
"منے","نواب راشد علی",1,"166","164:168"
"منے","نواب سلطان صاحب",1,"166","164:168"
"منے","نواب صاحب (مشاعرہ)",8,"10 11 15 160 164","13:7 13:8 13:9 13:10 13:17 164:156 164:157 164:164"
"منے","نواب عمدة النساء بیگم",1,"168","164:172"
"منے","نواب فخر النساء کی ماما",3,"161 162 167","164:159 164:160 164:170"
"منے","نواب محمد تقی خاں",1,"165","164:166"
"منے","نواب محمد تقی خاں کا صاحب زادہ",1,"165","164:166"
"منے","نواب ملکہ کشور",1,"164","164:165"
"منے","نواب چھین صاحب کی والدہ",3,"161 163 167","164:158 164:162 164:171"
"منے","پنڈت جی",2,"10 14","13:7 13:15"
"منے","پیر بخش",1,"17","13:21"
"منے","کریم",2,"17 167","13:22 164:170"
"منے","کریم کی جوری",1,"18","13:23"
"منے","کریم کی ساس",2,"17 169","13:22 164:174"
"منے","کریمین",1,"167","164:170"
"منے","گوہر مرزا",3,"159 166","164:154 164:155 164:168"
"مولوی صاحب","مکا پاسی",2,"119","120:118 120:119"
"مولوی صاحب","مہری",2,"52","51:53 52:53"
"مولوی صاحب","میاں امیر",13,"29 36 40 51 52 79 83 84 85 103","32:27 32:40 40:40 51:52 52:52 81:77 81:78 81:86 82:86 83:86 84:86 98:108 99:108"
"مولوی صاحب","میاں سعادت",8,"43 48 49 50 81 82","40:46 51:46 51:47 51:48 51:49 81:82 82:82 83:82"
"مولوی صاحب","میر صاحب",8,"83 84 85 97 98","81:86 82:86 83:86 84:86 97:97 98:97 98:98 99:98"
"مولوی صاحب","نصین",4,"99 100 119","97:101 98:101 99:101 120:119"
"مولوی صاحب","نواب بنّے خان",2,"56","51:61 52:61"
"مولوی صاحب","نواب راشد علی",5,"43 48 49 50","40:46 51:46 51:47 51:48 51:49"
"مولوی صاحب","نواب سلطان صاحب",4,"55 76 80","51:59 52:59 81:71 81:79"
"مولوی صاحب","نواب سلطان کا چھوٹا بھائی",1,"80","81:79"
"مولوی صاحب","نواب صاحب (مشاعرہ)",23,"43 48 49 50 51 55 76 77 78 79 80 86 87 94 95 96","40:46 51:46 51:47 51:48 51:49 51:51 52:51 52:59 81:71 81:72 81:73 81:74 81:75 81:76 81:78 81:79 81:91 82:91 83:91 84:91 97:91 97:94 97:96"
"مولوی صاحب","نواب عمدة الخاقان بیگم",5,"36 40 46 53 54","32:41 40:41 51:41 51:56 52:56"
"مولوی صاحب","نواب فخر النساء کی ماما",11,"28 32 36 76 86 87 94 96","32:24 32:32 40:32 81:71 81:72 81:91 82:91 83:91 84:91 97:91 97:95"
"مولوی صاحب","نواب چھین صاحب",7,"36 40 46 53 54 96","32:41 40:41 51:41 51:56 52:56 97:95 97:96"
"مولوی صاحب","نواب چھین صاحب کی والدہ",24,"29 32 36 37 38 39 43 48 49 50 79 80 84 85 92 95 96 115","32:27 32:33 40:33 40:34 40:35 40:37 40:38 40:39 40:46 51:46 51:47 51:48 51:49 81:77 81:78 81:80 81:87 82:87 83:87 84:87 97:87 97:93 97:96 120:111"
"مولوی صاحب","پنامل جوہری",1,"115","120:111"
"مولوی صاحب","پھوپھا",2,"33 37","32:34 40:34"
"مولوی صاحب","پھوپھی",2,"33 37","32:34 40:34"
"مولوی صاحب","پیارے صاحب",7,"32 36 82 83 84 92","32:32 40:32 81:84 82:84 83:84 84:84 97:88"
"مولوی صاحب","پیر بخش",7,"27 28 34 38 39","32:23 32:24 32:25 32:37 40:37 40:38 40:39"
"مولوی صاحب","چھوٹا بھائی",5,"29 32 36 37 38","32:26 32:33 40:33 40:35 40:37"
"مولوی صاحب","کریم",2,"27","32:22 32:23"
"مولوی صاحب","کریم کی جوری",1,"27","32:23"
"مولوی صاحب","کریم کی ساس",1,"27","32:22"
"مولوی صاحب","کریمین",3,"33 37","32:34 40:34 40:35"
"مولوی صاحب","گوہر مرزا",16,"36 40 51 52 76 82 83 86 92 115 117 118 120","32:40 40:40 51:51 52:51 52:52 81:71 81:83 82:83 83:83 84:83 84:88 97:88 120:111 120:115 120:117 120:120"
"مکا پاسی","مہری",2,"190 194","193:187 193:195"
"مکا پاسی","میاں امیر",2,"113 190","118:108 193:188"
"مکا پاسی","نصین",2,"118 119","118:119 119:119"
"مکا پاسی","نواب بنّے خان",1,"191","193:189"
"مکا پاسی","نواب صاحب (مشاعرہ)",2,"189 192","193:185 193:192"
"مکا پاسی","نواب فخر النساء کی ماما",3,"188 189 193","193:184 193:185 193:194"
"مکا پاسی","نواب چھین صاحب",3,"191 192","193:189 193:191 193:192"
"مکا پاسی","نواب چھین صاحب کی والدہ",2,"114 188","118:111 193:184"
"مکا پاسی","پنامل جوہری",1,"114","118:111"
"مکا پاسی","گوہر مرزا",6,"114 116 117 119 189","118:111 118:115 118:117 118:120 119:120 193:185"
"مہری","میاں امیر",12,"11 52 53 54 164 166 167 168 187 191","11:12 53:52 53:53 54:53 54:54 165:164 165:167 166:167 167:167 169:167 187:188 195:188"
"مہری","میاں سعادت",5,"49 50 51 164","53:46 53:47 53:48 53:49 165:164"
"مہری","میاں محمد بخش",1,"164","165:164"
"مہری","میر صاحب",1,"160","165:156"
"مہری","نواب بنّے خان",4,"57 188 192","53:61 54:61 187:189 195:189"
"مہری","نواب جعفر علی خان",2,"58","53:63 54:63"
"مہری","نواب راشد علی",8,"49 50 51 166 167 168","53:46 53:47 53:48 53:49 165:168 166:168 167:168 169:168"
"مہری","نواب سلطان صاحب",8,"56 166 167 168 169","53:59 54:59 165:168 166:168 167:168 169:168 169:169 170:169"
"مہری","نواب صاحب (مشاعرہ)",24,"9 10 14 49 50 51 52 56 160 161 164 165 166 168 169 170 186 189 193","11:7 11:8 11:9 11:10 11:17 53:46 53:47 53:48 53:49 53:51 53:59 54:59 165:156 165:157 165:164 165:166 166:166 167:166 167:170 169:170 170:170 187:185 187:192 195:192"
"مہری","نواب عمدة الخاقان بیگم",2,"54 55","53:56 54:56"
"مہری","نواب عمدة النساء بیگم",5,"168 169 170 171","165:172 166:172 167:172 169:172 170:172"
"مہری","نواب فخر النساء کی ماما",11,"162 167 168 169 170 185 186 190 194","165:159 165:160 165:170 166:170 167:170 169:170 170:170 187:184 187:185 187:194 195:194"
"مہری","نواب محمد تقی خاں",3,"165 166","165:166 166:166 167:166"
"مہری","نواب محمد تقی خاں کا صاحب زادہ",3,"165 166","165:166 166:166 167:166"
"مہری","نواب ملکہ کشور",3,"59 165","54:64 165:165 166:165"
"مہری","نواب چھین صاحب",6,"54 55 188 192 193","53:56 54:56 187:189 195:189 195:191 195:192"
"مہری","نواب چھین صاحب کی والدہ",12,"49 50 51 161 163 168 169 170 185","53:46 53:47 53:48 53:49 165:158 165:162 165:171 166:171 167:171 169:171 170:171 187:184"
"مہری","پنڈت جی",2,"9 13","11:7 11:15"
"مہری","پیر بخش",1,"16","11:21"
"مہری","کریم",5,"167 168 169 170","165:170 166:170 167:170 169:170 170:170"
"مہری","کریم کی ساس",5,"169 170 171 172","165:174 166:174 167:174 169:174 170:174"
"مہری","کریمین",5,"167 168 169 170","165:170 166:170 167:170 169:170 170:170"
"مہری","گوہر مرزا",11,"52 53 54 160 166 167 168 186","53:51 53:52 53:53 54:53 54:54 165:155 165:168 166:168 167:168 169:168 187:185"
"میاں امیر","میاں حسنو",5,"65 72 73","63:67 77:67 77:68 77:69 77:70"
"میاں امیر","میاں سعادت",10,"43 49 50 79 80 84 164 165","40:46 52:46 52:47 52:48 52:49 77:82 78:82 86:82 164:164 167:164"
"میاں امیر","میاں محمد بخش",2,"164 165","164:164 167:164"
"میاں امیر","میر صاحب",5,"81 82 86 103 160","77:86 78:86 86:86 108:98 164:156"
"میاں امیر","نصین",2,"104 105","108:101 108:103"
"میاں امیر","نواب بنّے خان",5,"56 57 62 188","52:61 53:61 54:61 63:61 188:189"
"میاں امیر","نواب جعفر علی خان",3,"58 63","53:63 54:63 63:63"
"میاں امیر","نواب راشد علی",7,"43 49 50 166 167","40:46 52:46 52:47 52:48 52:49 164:168 167:168"
"میاں امیر","نواب سلطان صاحب",13,"55 56 61 62 67 74 78 82 166 167","52:59 53:59 54:59 63:59 63:61 63:62 63:71 77:71 77:79 78:79 86:79 164:168 167:168"
"میاں امیر","نواب سلطان کا چھوٹا بھائی",3,"78 82","77:79 78:79 86:79"
"میاں امیر","نواب صاحب (مشاعرہ)",40,"9 10 11 14 22 23 43 49 50 51 55 56 61 62 63 73 74 75 76 77 78 82 88 160 164 165 166 168 186 190","12:7 12:8 12:9 12:10 12:17 27:17 27:18 27:19 40:46 52:46 52:47 52:48 52:49 52:51 52:59 53:59 54:59 63:59 63:61 63:63 77:69 77:71 77:72 77:73 77:74 77:75 77:76 77:78 78:78 86:78 86:79 86:91 164:156 164:157 164:164 167:164 167:166 167:170 188:185 188:192"
"میاں امیر","نواب عمدة الخاقان بیگم",7,"40 54 55 59 60","40:41 52:56 53:56 54:56 63:56 63:57 63:58"
"میاں امیر","نواب عمدة النساء بیگم",2,"168 169","164:172 167:172"
"میاں امیر","نواب فخر النساء بیگم",2,"66 73","63:70 77:70"
"میاں امیر","نواب فخر النساء کی ماما",15,"25 29 36 66 73 74 88 161 162 167 168 186 191","27:24 27:32 40:32 63:70 77:70 77:71 77:72 86:91 164:159 164:160 164:170 167:170 188:184 188:185 188:194"
"میاں امیر","نواب محمد تقی خاں",2,"165 166","164:166 167:166"
"میاں امیر","نواب محمد تقی خاں کا صاحب زادہ",2,"165 166","164:166 167:166"
"میاں امیر","نواب ملکہ کشور",4,"59 63 164 166","54:64 63:64 164:165 167:165"
"میاں امیر","نواب چھین صاحب",12,"40 54 55 59 60 63 73 90 188","40:41 52:56 53:56 54:56 63:56 63:57 63:58 63:64 77:69 77:70 86:95 188:189"
"میاں امیر","نواب چھین صاحب کی والدہ",27,"27 36 37 38 39 43 49 50 64 72 77 78 82 83 86 109 161 163 167 169 186","27:27 40:33 40:34 40:35 40:37 40:38 40:39 40:46 52:46 52:47 52:48 52:49 63:65 77:67 77:68 77:77 78:77 78:78 86:78 86:80 86:87 108:111 164:158 164:162 164:171 167:171 188:184"
"میاں امیر","پنامل جوہری",1,"109","108:111"
"میاں امیر","پنڈت جی",4,"9 13 22 23","12:7 12:15 27:18 27:19"
"میاں امیر","پھوپھا",2,"30 37","27:34 40:34"
"میاں امیر","پھوپھی",2,"30 37","27:34 40:34"
"میاں امیر","پیارے صاحب",7,"29 36 80 81 85 86","27:32 40:32 77:84 78:84 86:84 86:85 86:86"
"میاں امیر","پیر بخش",9,"16 24 25 26 32 38 39","12:21 27:21 27:23 27:24 27:25 27:37 40:37 40:38 40:39"
"میاں امیر","چھوٹا بھائی",5,"26 30 36 37 38","27:26 27:33 40:33 40:35 40:37"
"میاں امیر","کریم",5,"17 24 25 167 168","12:22 27:22 27:23 164:170 167:170"
"میاں امیر","کریم کی جوری",1,"25","27:23"
"میاں امیر","کریم کی ساس",4,"17 24 169 170","12:22 27:22 164:174 167:174"
"میاں امیر","کریمین",5,"30 37 167 168","27:34 40:34 40:35 164:170 167:170"
"میاں امیر","گوہر مرزا",20,"40 51 52 53 54 58 67 74 80 84 87 109 159 166 167 186","40:40 52:51 52:52 53:52 53:53 54:53 54:54 63:54 63:71 77:71 77:83 78:83 86:83 86:88 108:111 164:154 164:155 164:168 167:168 188:185"
"میاں حسنو","نواب بنّے خان",1,"64","67:61"
"میاں حسنو","نواب جعفر علی خان",1,"65","67:63"
"میاں حسنو","نواب سلطان صاحب",7,"63 64 69 70","67:59 67:61 67:62 67:71 68:71 69:71 70:71"
"میاں حسنو","نواب سلطان کا چھوٹا بھائی",2,"74","69:79 70:79"
"میاں حسنو","نواب صاحب (مشاعرہ)",11,"63 64 65 66 68 69 70","67:59 67:61 67:63 67:64 67:65 67:66 67:69 68:69 69:69 70:69 70:71"
"میاں حسنو","نواب عمدة الخاقان بیگم",2,"62","67:57 67:58"
"میاں حسنو","نواب فخر النساء بیگم",4,"68 69 70","67:70 68:70 69:70 70:70"
"میاں حسنو","نواب فخر النساء کی ماما",4,"68 69 70","67:70 68:70 69:70 70:70"
"میاں حسنو","نواب ملکہ کشور",1,"65","67:64"
"میاں حسنو","نواب چھین صاحب",8,"62 65 68 69 70","67:57 67:58 67:64 67:69 68:69 69:69 70:69 70:70"
"میاں حسنو","نواب چھین صاحب کی والدہ",7,"66 67 68 73","67:65 67:67 68:67 68:68 69:68 69:77 70:77"
"میاں حسنو","گوہر مرزا",4,"69 70","67:71 68:71 69:71 70:71"
"میاں سعادت","میاں محمد بخش",1,"164","164:164"
"میاں سعادت","میر صاحب",2,"84 160","82:86 164:156"
"میاں سعادت","نواب راشد علی",8,"46 47 48 49 166","46:46 47:46 47:47 48:47 48:48 49:48 49:49 164:168"
"میاں سعادت","نواب سلطان صاحب",3,"54 80 166","49:59 82:79 164:168"
"میاں سعادت","نواب سلطان کا چھوٹا بھائی",1,"80","82:79"
"میاں سعادت","نواب صاحب (مشاعرہ)",18,"46 47 48 49 77 78 79 80 86 160 164","46:46 47:46 47:47 48:47 48:48 49:48 49:49 82:72 82:73 82:74 82:75 82:76 82:78 82:79 82:91 164:156 164:157 164:164"
"میاں سعادت","نواب عمدة الخاقان بیگم",5,"43 51 52","46:41 46:56 47:56 48:56 49:56"
"میاں سعادت","نواب عمدة النساء بیگم",1,"168","164:172"
"میاں سعادت","نواب فخر النساء کی ماما",5,"77 86 161 162 167","82:72 82:91 164:159 164:160 164:170"
"میاں سعادت","نواب محمد تقی خاں",1,"165","164:166"
"میاں سعادت","نواب محمد تقی خاں کا صاحب زادہ",1,"165","164:166"
"میاں سعادت","نواب ملکہ کشور",1,"164","164:165"
"میاں سعادت","نواب چھین صاحب",5,"43 51 52","46:41 46:56 47:56 48:56 49:56"
"میاں سعادت","نواب چھین صاحب کی والدہ",17,"41 42 46 47 48 49 79 80 81 84 161 163 167","46:37 46:38 46:39 46:46 47:46 47:47 48:47 48:48 49:48 49:49 82:77 82:78 82:80 82:87 164:158 164:162 164:171"
"میاں سعادت","پیارے صاحب",1,"83","82:84"
"میاں سعادت","پیر بخش",3,"41 42","46:37 46:38 46:39"
"میاں سعادت","چھوٹا بھائی",1,"41","46:37"
"میاں سعادت","کریم",1,"167","164:170"
"میاں سعادت","کریم کی ساس",1,"169","164:174"
"میاں سعادت","کریمین",1,"167","164:170"
"میاں سعادت","گوہر مرزا",9,"43 48 49 50 82 159 166","46:40 46:51 47:51 48:51 49:51 82:83 164:154 164:155 164:168"
"میاں محمد بخش","میر صاحب",1,"160","164:156"
"میاں محمد بخش","نواب راشد علی",1,"166","164:168"
"میاں محمد بخش","نواب سلطان صاحب",1,"166","164:168"
"میاں محمد بخش","نواب صاحب (مشاعرہ)",3,"160 164","164:156 164:157 164:164"
"میاں محمد بخش","نواب عمدة النساء بیگم",1,"168","164:172"
"میاں محمد بخش","نواب فخر النساء کی ماما",3,"161 162 167","164:159 164:160 164:170"
"میاں محمد بخش","نواب محمد تقی خاں",1,"165","164:166"
"میاں محمد بخش","نواب محمد تقی خاں کا صاحب زادہ",1,"165","164:166"
"میاں محمد بخش","نواب ملکہ کشور",1,"164","164:165"
"میاں محمد بخش","نواب چھین صاحب کی والدہ",3,"161 163 167","164:158 164:162 164:171"
"میاں محمد بخش","کریم",1,"167","164:170"
"میاں محمد بخش","کریم کی ساس",1,"169","164:174"
"میاں محمد بخش","کریمین",1,"167","164:170"
"میاں محمد بخش","گوہر مرزا",3,"159 166","164:154 164:155 164:168"
"میر صاحب","نصین",2,"99","97:101 98:101"
"میر صاحب","نواب سلطان صاحب",1,"82","86:79"
"میر صاحب","نواب سلطان کا چھوٹا بھائی",1,"82","86:79"
"میر صاحب","نواب صاحب (مشاعرہ)",11,"81 82 88 94 95 96 148 149 154 156","86:76 86:78 86:79 86:91 97:91 97:94 97:96 153:143 153:145 153:156 156:156"
"میر صاحب","نواب فخر النساء کی ماما",7,"88 94 96 151 152 156 157","86:91 97:91 97:95 153:150 153:152 153:159 156:159"
"میر صاحب","نواب محمد تقی خاں",1,"161","156:166"
"میر صاحب","نواب محمد تقی خاں کا صاحب زادہ",1,"161","156:166"
"میر صاحب","نواب ملکہ کشور",2,"152 160","153:151 156:165"
"میر صاحب","نواب چھین صاحب",3,"90 96","86:95 97:95 97:96"
"میر صاحب","نواب چھین صاحب کی والدہ",9,"81 82 83 86 92 95 96 155 157","86:77 86:78 86:80 86:87 97:87 97:93 97:96 153:158 156:158"
"میر صاحب","واجد علی",1,"151","153:149"
"میر صاحب","پیارے صاحب",4,"85 86 92","86:84 86:85 86:86 97:88"
"میر صاحب","گوہر مرزا",6,"84 87 92 153 155","86:83 86:88 97:88 153:154 156:154 156:155"
"نصین","نواب صاحب (مشاعرہ)",3,"96 97 98","101:91 101:94 101:96"
"نصین","نواب فخر النساء کی ماما",2,"96 98","101:91 101:95"
"نصین","نواب چھین صاحب",2,"98","101:95 101:96"
"نصین","نواب چھین صاحب کی والدہ",5,"97 98 106 107 115","101:93 101:96 101:111 103:111 119:111"
"نصین","پنامل جوہری",3,"106 107 115","101:111 103:111 119:111"
"نصین","گوہر مرزا",6,"106 107 115 117 118 119","101:111 103:111 119:111 119:115 119:117 119:120"
"نواب بنّے خان","نواب جعفر علی خان",1,"62","61:63"
"نواب بنّے خان","نواب سلطان صاحب",2,"60 61","61:59 61:61"
"نواب بنّے خان","نواب صاحب (مشاعرہ)",5,"56 60 61 187 190","61:51 61:59 61:61 189:185 189:192"
"نواب بنّے خان","نواب عمدة الخاقان بیگم",3,"58 59","61:56 61:57 61:58"
"نواب بنّے خان","نواب فخر النساء بیگم",1,"65","61:70"
"نواب بنّے خان","نواب فخر النساء کی ماما",4,"65 186 187 191","61:70 189:184 189:185 189:194"
"نواب بنّے خان","نواب ملکہ کشور",1,"62","61:64"
"نواب بنّے خان","نواب چھین صاحب",5,"58 59 62 189","61:56 61:57 61:58 61:64 189:189"
"نواب بنّے خان","نواب چھین صاحب کی والدہ",2,"63 186","61:65 189:184"
"نواب بنّے خان","گوہر مرزا",6,"56 57 66 187","61:51 61:52 61:53 61:54 61:71 189:185"
"نواب جعفر علی خان","نواب سلطان صاحب",4,"61 62 67","63:59 63:61 63:62 63:71"
"نواب جعفر علی خان","نواب صاحب (مشاعرہ)",3,"61 62 63","63:59 63:61 63:63"
"نواب جعفر علی خان","نواب عمدة الخاقان بیگم",3,"59 60","63:56 63:57 63:58"
"نواب جعفر علی خان","نواب فخر النساء بیگم",1,"66","63:70"
"نواب جعفر علی خان","نواب فخر النساء کی ماما",1,"66","63:70"
"نواب جعفر علی خان","نواب ملکہ کشور",1,"63","63:64"
"نواب جعفر علی خان","نواب چھین صاحب",4,"59 60 63","63:56 63:57 63:58 63:64"
"نواب جعفر علی خان","نواب چھین صاحب کی والدہ",1,"64","63:65"
"نواب جعفر علی خان","گوہر مرزا",3,"58 67","63:53 63:54 63:71"
"نواب راشد علی","نواب سلطان صاحب",2,"54 168","49:59 168:168"
"نواب راشد علی","نواب صاحب (مشاعرہ)",10,"46 47 48 49 166 167 169","46:46 47:46 47:47 48:47 48:48 49:48 49:49 168:164 168:166 168:170"
"نواب راشد علی","نواب عمدة الخاقان بیگم",5,"43 51 52","46:41 46:56 47:56 48:56 49:56"
"نواب راشد علی","نواب عمدة النساء بیگم",1,"170","168:172"
"نواب راشد علی","نواب فخر النساء کی ماما",3,"163 164 169","168:159 168:160 168:170"
"نواب راشد علی","نواب محمد تقی خاں",1,"167","168:166"
"نواب راشد علی","نواب محمد تقی خاں کا صاحب زادہ",1,"167","168:166"
"نواب راشد علی","نواب ملکہ کشور",1,"166","168:165"
"نواب راشد علی","نواب چھین صاحب",5,"43 51 52","46:41 46:56 47:56 48:56 49:56"
"نواب راشد علی","نواب چھین صاحب کی والدہ",13,"41 42 46 47 48 49 163 165 169","46:37 46:38 46:39 46:46 47:46 47:47 48:47 48:48 49:48 49:49 168:158 168:162 168:171"
"نواب راشد علی","پیر بخش",3,"41 42","46:37 46:38 46:39"
"نواب راشد علی","چھوٹا بھائی",1,"41","46:37"
"نواب راشد علی","کریم",1,"169","168:170"
"نواب راشد علی","کریم کی ساس",1,"171","168:174"
"نواب راشد علی","کریمین",1,"169","168:170"
"نواب راشد علی","گوہر مرزا",6,"43 48 49 50 168","46:40 46:51 47:51 48:51 49:51 168:168"
"نواب سلطان صاحب","نواب سلطان کا چھوٹا بھائی",2,"75 79","71:79 79:79"
"نواب سلطان صاحب","نواب صاحب (مشاعرہ)",25,"54 55 59 60 61 62 67 68 70 71 75 76 77 78 79 166 167 169","59:49 59:51 59:59 61:59 61:61 62:61 62:63 71:63 71:64 71:65 71:66 71:69 71:71 79:71 79:72 79:73 79:74 79:75 79:76 79:78 79:79 168:164 168:166 168:170 169:170"
"نواب سلطان صاحب","نواب عمدة الخاقان بیگم",3,"57 58","59:56 59:57 59:58"
"نواب سلطان صاحب","نواب عمدة النساء بیگم",2,"170","168:172 169:172"
"نواب سلطان صاحب","نواب فخر النساء بیگم",3,"65 66 70","61:70 62:70 71:70"
"نواب سلطان صاحب","نواب فخر النساء کی ماما",10,"65 66 70 71 75 163 164 169","61:70 62:70 71:70 71:71 79:71 79:72 168:159 168:160 168:170 169:170"
"نواب سلطان صاحب","نواب محمد تقی خاں",1,"167","168:166"
"نواب سلطان صاحب","نواب محمد تقی خاں کا صاحب زادہ",1,"167","168:166"
"نواب سلطان صاحب","نواب ملکہ کشور",5,"61 62 63 67 166","59:64 61:64 62:64 71:64 168:165"
"نواب سلطان صاحب","نواب چھین صاحب",9,"57 58 61 62 63 67 70","59:56 59:57 59:58 59:64 61:64 62:64 71:64 71:69 71:70"
"نواب سلطان صاحب","نواب چھین صاحب کی والدہ",15,"54 62 63 68 69 74 78 79 163 165 169 170","59:49 59:65 61:65 62:65 71:65 71:67 71:68 71:77 79:77 79:78 79:80 168:158 168:162 168:171 169:171"
"نواب سلطان صاحب","پیارے صاحب",1,"81","79:84"
"نواب سلطان صاحب","کریم",2,"169","168:170 169:170"
"نواب سلطان صاحب","کریم کی ساس",2,"171","168:174 169:174"
"نواب سلطان صاحب","کریمین",2,"169","168:170 169:170"
"نواب سلطان صاحب","گوہر مرزا",11,"55 56 66 71 75 81 168","59:51 59:52 59:53 59:54 61:71 62:71 71:71 79:71 79:83 168:168 169:168"
"نواب سلطان کا چھوٹا بھائی","نواب صاحب (مشاعرہ)",9,"74 75 76 77 78 79","79:69 79:71 79:72 79:73 79:74 79:75 79:76 79:78 79:79"
"نواب سلطان کا چھوٹا بھائی","نواب فخر النساء بیگم",1,"74","79:70"
"نواب سلطان کا چھوٹا بھائی","نواب فخر النساء کی ماما",3,"74 75","79:70 79:71 79:72"
"نواب سلطان کا چھوٹا بھائی","نواب چھین صاحب",2,"74","79:69 79:70"
"نواب سلطان کا چھوٹا بھائی","نواب چھین صاحب کی والدہ",3,"78 79","79:77 79:78 79:80"
"نواب سلطان کا چھوٹا بھائی","پیارے صاحب",1,"81","79:84"
"نواب سلطان کا چھوٹا بھائی","گوہر مرزا",2,"75 81","79:71 79:83"
"نواب صاحب (مشاعرہ)","نواب عمدة الخاقان بیگم",9,"43 51 52 53 57 58","46:41 46:56 47:56 48:56 49:56 51:56 59:56 59:57 59:58"
"نواب صاحب (مشاعرہ)","نواب عمدة النساء بیگم",4,"168 169 171 172","164:172 166:172 170:172 172:172"
"نواب صاحب (مشاعرہ)","نواب فخر النساء بیگم",7,"65 66 67 68 69 70","61:70 63:70 64:70 65:70 66:70 69:70 71:70"
"نواب صاحب (مشاعرہ)","نواب فخر النساء کی ماما",38,"20 21 65 66 67 68 69 70 71 72 91 92 94 95 142 146 147 153 154 157 158 161 162 167 168 170 171 172 184 185 188 193","17:24 18:24 19:24 61:70 63:70 64:70 65:70 66:70 69:70 71:70 71:71 72:71 72:72 73:72 91:91 94:91 94:95 96:95 143:141 143:142 143:150 145:150 156:150 156:152 156:159 157:159 164:159 164:160 164:170 166:170 170:170 172:170 172:171 172:173 185:184 185:185 192:185 192:194"
"نواب صاحب (مشاعرہ)","نواب محمد تقی خاں",5,"161 165 166 168","156:166 157:166 164:166 166:166 170:166"
"نواب صاحب (مشاعرہ)","نواب محمد تقی خاں کا صاحب زادہ",5,"161 165 166 168","156:166 157:166 164:166 166:166 170:166"
"نواب صاحب (مشاعرہ)","نواب ملکہ کشور",12,"61 62 63 64 147 148 153 160 161 164 165","59:64 61:64 63:64 64:64 65:64 143:151 145:151 156:151 156:165 157:165 164:165 166:165"
"نواب صاحب (مشاعرہ)","نواب چھین صاحب",27,"43 51 52 53 57 58 61 62 63 64 67 69 70 93 94 95 96 187 190 191 192","46:41 46:56 47:56 48:56 49:56 51:56 59:56 59:57 59:58 59:64 61:64 63:64 64:64 65:64 65:69 66:69 69:69 71:69 71:70 91:95 94:95 96:95 96:96 185:189 192:189 192:191 192:192"
"نواب صاحب (مشاعرہ)","نواب چھین صاحب کی والدہ",49,"22 23 41 42 46 47 48 49 50 62 63 64 65 66 68 73 74 75 76 77 78 79 89 92 93 95 96 142 157 161 163 167 168 170 171 184","17:27 18:27 19:27 46:37 46:38 46:39 46:46 47:46 47:47 48:47 48:48 49:48 49:49 51:49 59:65 61:65 63:65 64:65 65:65 66:65 66:67 69:67 69:68 69:77 71:77 72:77 73:77 74:77 75:77 76:77 78:77 78:78 79:78 79:80 91:87 91:93 94:93 94:96 96:96 143:141 156:158 157:158 164:158 164:162 164:171 166:171 170:171 172:171 185:184"
"نواب صاحب (مشاعرہ)","واجد علی",3,"146 147 152","143:149 145:149 156:149"
"نواب صاحب (مشاعرہ)","پنڈت جی",11,"7 11 12 16 17 18 19","7:7 8:7 8:15 9:15 10:15 17:15 17:16 17:18 18:18 19:18 19:19"
"نواب صاحب (مشاعرہ)","پیارے صاحب",9,"79 80 81 87 88 89","74:84 75:84 76:84 78:84 79:84 91:84 91:85 91:86 91:88"
"نواب صاحب (مشاعرہ)","پیر بخش",6,"19 20 41 42","17:21 18:21 19:21 46:37 46:38 46:39"
"نواب صاحب (مشاعرہ)","چھوٹا بھائی",4,"21 22 41","17:26 18:26 19:26 46:37"
"نواب صاحب (مشاعرہ)","کریم",7,"19 20 167 168 170 171","17:22 18:22 19:22 164:170 166:170 170:170 172:170"
"نواب صاحب (مشاعرہ)","کریم کی جوری",3,"20 21","17:23 18:23 19:23"
"نواب صاحب (مشاعرہ)","کریم کی ساس",7,"19 20 169 170 172 173","17:22 18:22 19:22 164:174 166:174 170:174 172:174"
"نواب صاحب (مشاعرہ)","کریمین",4,"167 168 170 171","164:170 166:170 170:170 172:170"
"نواب صاحب (مشاعرہ)","گوہر مرزا",34,"43 48 49 50 51 55 56 66 67 68 70 71 78 79 80 81 87 89 149 155 166 167 169 185 188","46:40 46:51 47:51 48:51 49:51 51:51 59:51 59:52 59:53 59:54 61:71 63:71 64:71 65:71 66:71 69:71 71:71 72:71 73:83 74:83 75:83 76:83 78:83 79:83 91:83 91:88 145:154 156:154 156:155 164:168 166:168 170:168 185:185 192:185"
"نواب عمدة الخاقان بیگم","نواب فخر النساء کی ماما",1,"36","41:32"
"نواب عمدة الخاقان بیگم","نواب ملکہ کشور",3,"60 61","56:64 57:64 58:64"
"نواب عمدة الخاقان بیگم","نواب چھین صاحب",6,"41 56 57 58","41:41 56:56 57:56 57:57 58:57 58:58"
"نواب عمدة الخاقان بیگم","نواب چھین صاحب کی والدہ",14,"37 38 39 40 43 51 52 60 61","41:33 41:34 41:35 41:37 41:38 41:39 41:46 56:46 56:47 56:48 56:49 56:65 57:65 58:65"
"نواب عمدة الخاقان بیگم","پھوپھا",1,"37","41:34"
"نواب عمدة الخاقان بیگم","پھوپھی",1,"37","41:34"
"نواب عمدة الخاقان بیگم","پیارے صاحب",1,"36","41:32"
"نواب عمدة الخاقان بیگم","پیر بخش",3,"39 40","41:37 41:38 41:39"
"نواب عمدة الخاقان بیگم","چھوٹا بھائی",3,"37 38 39","41:33 41:35 41:37"
"نواب عمدة الخاقان بیگم","کریمین",2,"37 38","41:34 41:35"
"نواب عمدة الخاقان بیگم","گوہر مرزا",6,"40 46 53 54 55","41:40 41:51 56:51 56:52 56:53 56:54"
"نواب عمدة النساء بیگم","نواب فخر النساء کی ماما",3,"171 172","172:170 172:171 172:173"
"نواب عمدة النساء بیگم","نواب محمد تقی خاں",1,"169","172:166"
"نواب عمدة النساء بیگم","نواب محمد تقی خاں کا صاحب زادہ",1,"169","172:166"
"نواب عمدة النساء بیگم","نواب ملکہ کشور",1,"168","172:165"
"نواب عمدة النساء بیگم","نواب چھین صاحب کی والدہ",2,"167 171","172:162 172:171"
"نواب عمدة النساء بیگم","کریم",1,"171","172:170"
"نواب عمدة النساء بیگم","کریم کی ساس",1,"173","172:174"
"نواب عمدة النساء بیگم","کریمین",1,"171","172:170"
"نواب عمدة النساء بیگم","گوہر مرزا",1,"170","172:168"
"نواب فخر النساء بیگم","نواب فخر النساء کی ماما",1,"70","70:70"
"نواب فخر النساء بیگم","نواب ملکہ کشور",1,"67","70:64"
"نواب فخر النساء بیگم","نواب چھین صاحب",3,"67 69 70","70:64 70:69 70:70"
"نواب فخر النساء بیگم","نواب چھین صاحب کی والدہ",4,"67 68 69 73","70:65 70:67 70:68 70:77"
"نواب فخر النساء بیگم","گوہر مرزا",1,"70","70:71"
"نواب فخر النساء کی ماما","نواب محمد تقی خاں",3,"162 163 168","159:166 160:166 170:166"
"نواب فخر النساء کی ماما","نواب محمد تقی خاں کا صاحب زادہ",3,"162 163 168","159:166 160:166 170:166"
"نواب فخر النساء کی ماما","نواب ملکہ کشور",8,"67 146 150 151 162 167","70:64 141:151 142:151 150:151 152:151 159:165 160:165 170:165"
"نواب فخر النساء کی ماما","نواب چھین صاحب",12,"36 67 69 70 93 95 186 187 191 192 193","32:41 70:64 70:69 70:70 71:70 91:95 95:95 184:189 185:189 194:189 194:191 194:192"
"نواب فخر النساء کی ماما","نواب چھین صاحب کی والدہ",27,"25 29 32 67 68 69 73 74 89 92 94 95 141 154 155 158 160 161 166 170 171 172 179 184","24:27 32:27 32:33 70:65 70:67 70:68 70:77 71:77 72:77 91:87 91:93 95:93 95:96 141:141 142:141 150:158 152:158 159:158 159:162 160:162 170:162 170:171 171:171 173:171 174:184 184:184 185:184"
"نواب فخر النساء کی ماما","واجد علی",3,"145 149","141:149 142:149 150:149"
"نواب فخر النساء کی ماما","پنڈت جی",4,"19 20 21","24:15 24:16 24:18 24:19"
"نواب فخر النساء کی ماما","پھوپھا",2,"29 33","24:34 32:34"
"نواب فخر النساء کی ماما","پھوپھی",2,"29 33","24:34 32:34"
"نواب فخر النساء کی ماما","پیارے صاحب",6,"28 32 87 88 89","24:32 32:32 91:84 91:85 91:86 91:88"
"نواب فخر النساء کی ماما","پیر بخش",6,"22 23 24 28 34","24:21 24:23 24:24 32:24 32:25 32:37"
"نواب فخر النساء کی ماما","چھوٹا بھائی",3,"25 29 32","24:26 32:26 32:33"
"نواب فخر النساء کی ماما","کریم",5,"23 165 170","24:22 24:23 160:170 170:170 171:170"
"نواب فخر النساء کی ماما","کریم کی جوری",1,"23","24:23"
"نواب فخر النساء کی ماما","کریم کی ساس",6,"23 172 173 174 179","24:22 170:174 171:174 173:174 174:174 184:174"
"نواب فخر النساء کی ماما","کریمین",5,"29 33 165 170","24:34 32:34 160:170 170:170 171:170"
"نواب فخر النساء کی ماما","گوہر مرزا",16,"36 70 71 87 89 152 153 156 157 163 164 169 184 185 189","32:40 70:71 71:71 72:71 91:83 91:88 150:154 152:154 159:154 159:155 159:168 160:168 170:168 184:185 185:185 194:185"
"نواب محمد تقی خاں","نواب محمد تقی خاں کا صاحب زادہ",1,"166","166:166"
"نواب محمد تقی خاں","نواب ملکہ کشور",1,"165","166:165"
"نواب محمد تقی خاں","نواب چھین صاحب کی والدہ",3,"162 164 168","166:158 166:162 166:171"
"نواب محمد تقی خاں","کریم",1,"168","166:170"
"نواب محمد تقی خاں","کریم کی ساس",1,"170","166:174"
"نواب محمد تقی خاں","کریمین",1,"168","166:170"
"نواب محمد تقی خاں","گوہر مرزا",1,"167","166:168"
"نواب محمد تقی خاں کا صاحب زادہ","نواب ملکہ کشور",1,"165","166:165"
"نواب محمد تقی خاں کا صاحب زادہ","نواب چھین صاحب کی والدہ",3,"162 164 168","166:158 166:162 166:171"
"نواب محمد تقی خاں کا صاحب زادہ","کریم",1,"168","166:170"
"نواب محمد تقی خاں کا صاحب زادہ","کریم کی ساس",1,"170","166:174"
"نواب محمد تقی خاں کا صاحب زادہ","کریمین",1,"168","166:170"
"نواب محمد تقی خاں کا صاحب زادہ","گوہر مرزا",1,"167","166:168"
"نواب ملکہ کشور","نواب چھین صاحب",4,"60 61 64","64:56 64:57 64:58 64:64"
"نواب ملکہ کشور","نواب چھین صاحب کی والدہ",6,"64 146 154 161 163 168","64:65 151:141 151:158 165:158 165:162 165:171"
"نواب ملکہ کشور","واجد علی",1,"150","151:149"
"نواب ملکہ کشور","کریم",1,"167","165:170"
"نواب ملکہ کشور","کریم کی ساس",1,"169","165:174"
"نواب ملکہ کشور","کریمین",1,"167","165:170"
"نواب ملکہ کشور","گوہر مرزا",5,"59 67 152 160 166","64:54 64:71 151:154 165:155 165:168"
"نواب چھین صاحب","نواب چھین صاحب کی والدہ",25,"37 38 39 40 43 51 52 60 61 64 67 68 73 91 94 95 96 186","41:33 41:34 41:35 41:37 41:38 41:39 41:46 56:46 56:47 56:48 56:49 56:65 57:65 58:65 64:65 69:65 69:67 69:68 69:77 70:77 95:87 95:93 95:96 96:96 189:184"
"نواب چھین صاحب","پھوپھا",1,"37","41:34"
"نواب چھین صاحب","پھوپھی",1,"37","41:34"
"نواب چھین صاحب","پیارے صاحب",4,"36 90 91","41:32 95:85 95:86 95:88"
"نواب چھین صاحب","پیر بخش",3,"39 40","41:37 41:38 41:39"
"نواب چھین صاحب","چھوٹا بھائی",3,"37 38 39","41:33 41:35 41:37"
"نواب چھین صاحب","کریمین",2,"37 38","41:34 41:35"
"نواب چھین صاحب","گوہر مرزا",11,"40 46 53 54 55 67 70 91 187","41:40 41:51 56:51 56:52 56:53 56:54 64:71 69:71 70:71 95:88 189:185"
"نواب چھین صاحب کی والدہ","واجد علی",2,"145 153","141:149 158:149"
"نواب چھین صاحب کی والدہ","پنامل جوہری",1,"111","111:111"
"نواب چھین صاحب کی والدہ","پنڈت جی",2,"22 23","27:18 27:19"
"نواب چھین صاحب کی والدہ","پھوپھا",4,"30 33 34","27:34 33:34 34:34 35:34"
"نواب چھین صاحب کی والدہ","پھوپھی",4,"30 33 34","27:34 33:34 34:34 35:34"
"نواب چھین صاحب کی والدہ","پیارے صاحب",10,"29 32 80 81 82 85 86 87 90","27:32 33:32 77:84 78:84 80:84 87:84 87:85 87:86 87:88 93:88"
"نواب چھین صاحب کی والدہ","پیر بخش",14,"24 25 26 32 35 36 37 38 39 42","27:21 27:23 27:24 27:25 27:37 33:37 34:37 35:37 37:37 38:37 38:38 39:38 39:39 46:39"
"نواب چھین صاحب کی والدہ","چھوٹا بھائی",9,"26 30 33 34 35 36 37","27:26 27:33 33:33 34:33 34:35 35:35 37:35 37:37 38:37"
"نواب چھین صاحب کی والدہ","کریم",4,"24 25 166 170","27:22 27:23 162:170 171:170"
"نواب چھین صاحب کی والدہ","کریم کی جوری",1,"25","27:23"
"نواب چھین صاحب کی والدہ","کریم کی ساس",3,"24 172 179","27:22 171:174 184:174"
"نواب چھین صاحب کی والدہ","کریمین",8,"30 33 34 35 36 166 170","27:34 33:34 34:34 35:34 35:35 37:35 162:170 171:170"
"نواب چھین صاحب کی والدہ","گوہر مرزا",28,"36 37 38 39 43 48 49 50 68 69 74 80 81 85 87 90 111 156 163 165 169 184","33:40 34:40 35:40 37:40 38:40 39:40 46:40 46:51 47:51 48:51 49:51 65:71 67:71 68:71 77:71 77:83 78:83 80:83 87:83 87:88 93:88 111:111 158:154 158:155 158:168 162:168 171:168 184:185"
"واجد علی","گوہر مرزا",1,"151","149:154"
"پنامل جوہری","گوہر مرزا",1,"111","111:111"
"پنڈت جی","پیر بخش",4,"18 19 20","15:21 16:21 18:21 19:21"
"پنڈت جی","چھوٹا بھائی",3,"21 22","16:26 18:26 19:26"
"پنڈت جی","کریم",4,"18 19 20","15:22 16:22 18:22 19:22"
"پنڈت جی","کریم کی جوری",4,"19 20 21","15:23 16:23 18:23 19:23"
"پنڈت جی","کریم کی ساس",4,"18 19 20","15:22 16:22 18:22 19:22"
"پھوپھا","پھوپھی",1,"34","34:34"
"پھوپھا","پیارے صاحب",1,"33","34:32"
"پھوپھا","پیر بخش",3,"29 35","34:24 34:25 34:37"
"پھوپھا","چھوٹا بھائی",3,"30 33 34","34:26 34:33 34:35"
"پھوپھا","کریمین",1,"34","34:34"
"پھوپھا","گوہر مرزا",1,"37","34:40"
"پھوپھی","پیارے صاحب",1,"33","34:32"
"پھوپھی","پیر بخش",3,"29 35","34:24 34:25 34:37"
"پھوپھی","چھوٹا بھائی",3,"30 33 34","34:26 34:33 34:35"
"پھوپھی","کریمین",1,"34","34:34"
"پھوپھی","گوہر مرزا",1,"37","34:40"
"پیارے صاحب","پیر بخش",4,"27 28 34","32:23 32:24 32:25 32:37"
"پیارے صاحب","چھوٹا بھائی",2,"29 32","32:26 32:33"
"پیارے صاحب","کریم",2,"27","32:22 32:23"
"پیارے صاحب","کریم کی جوری",1,"27","32:23"
"پیارے صاحب","کریم کی ساس",1,"27","32:22"
"پیارے صاحب","کریمین",1,"33","32:34"
"پیارے صاحب","گوہر مرزا",6,"36 83 86 87 88","32:40 84:83 84:88 85:88 86:88 88:88"
"پیر بخش","چھوٹا بھائی",8,"23 24 25 35 36 37","21:26 23:26 24:26 25:26 37:33 37:35 37:37 38:37"
"پیر بخش","کریم",4,"21 22 23","21:22 23:22 23:23 24:23"
"پیر بخش","کریم کی جوری",3,"22 23","21:23 23:23 24:23"
"پیر بخش","کریم کی ساس",2,"21 22","21:22 23:22"
"پیر بخش","کریمین",4,"29 35 36","24:34 25:34 37:34 37:35"
"پیر بخش","گوہر مرزا",3,"38 39","37:40 38:40 39:40"
"چھوٹا بھائی","کریم",2,"24","26:22 26:23"
"چھوٹا بھائی","کریم کی جوری",1,"24","26:23"
"چھوٹا بھائی","کریم کی ساس",1,"24","26:22"
"چھوٹا بھائی","کریمین",5,"30 33 34 35 36","26:34 33:34 35:34 35:35 37:35"
"چھوٹا بھائی","گوہر مرزا",3,"36 37 38","33:40 35:40 37:40"
"کریم","کریم کی جوری",2,"22 23","22:23 23:23"
"کریم","کریم کی ساس",3,"22 172","22:22 23:22 170:174"
"کریم","کریمین",1,"170","170:170"
"کریم","گوہر مرزا",1,"169","170:168"
"کریم کی جوری","کریم کی ساس",1,"22","23:22"
"کریم کی ساس","کریمین",1,"172","174:170"
"کریم کی ساس","گوہر مرزا",1,"171","174:168"
"کریمین","گوہر مرزا",3,"37 169","34:40 35:40 170:168"
