Character_A,Character_B,Weight,Pages
"آغا جی","آپا فرحت",4,"244 449 452 471"
"آغا جی","آپا فرخندہ",4,"244 449 452 471"
"آغا جی","اثیر",1,"244"
"آغا جی","اثیر احمد",1,"244"
"آغا جی","اشفاق احمد",5,"243 244 449 452 471"
"آغا جی","اقبال",1,"452"
"آغا جی","اقبال احمد خاں",1,"452"
"آغا جی","الحق بھائی",1,"244"
"آغا جی","انیس",1,"244"
"آغا جی","انیس خاں",1,"244"
"آغا جی","انیق",1,"244"
"آغا جی","انیق احمد",1,"244"
"آغا جی","انیق خان",1,"244"
"آغا جی","بابا جی",1,"449"
"آغا جی","بابا جی محمد خاں",1,"449"
"آغا جی","بابا نور والے",1,"449"
"آغا جی","بانو قدسیہ",5,"243 244 449 452 471"
"آغا جی","دوست محمد خاں",1,"449"
"آغا جی","ذکیہ",1,"244"
"آغا جی","روحی",1,"244"
"آغا جی","ریاض محمود",1,"471"
"آغا جی","شفقت",1,"449"
"آغا جی","شمس",1,"244"
"آغا جی","صادق",1,"471"
"آغا جی","صوفی صاحب",3,"243 244 452"
"آغا جی","صوفی غلام مصطفیٰ تبسم",1,"243"
"آغا جی","محمد خاں",1,"449"
"آغا جی","نور الحسن",2,"243 471"
"آغا جی","پرویز چٹھہ",1,"244"
"آغا جی","ڈاکٹر صاحب (راشد لطیف ہسپتال)",1,"449"
"آغا جی","ڈاکٹر عاطف گوہیر",1,"449"
"آغا جی","ڈاکٹر فیصل آبادی",1,"449"
"آفتاب (بھائی نینی)","آفتاب احمد",5,"22 75 250 280 591"
"آفتاب (بھائی نینی)","آفتاب بھائی",24,"1 6 22 31 33 37 68 75 115 121 163 226 232 250 280 286 290 321 570 591 611 613 621 653"
"آفتاب (بھائی نینی)","آپا فرحت",8,"1 31 33 37 163 280 570 611"
"آفتاب (بھائی نینی)","آپا فرخندہ",7,"1 31 33 37 280 570 611"
"آفتاب (بھائی نینی)","آپی منیر",4,"33 226 570 591"
"آفتاب (بھائی نینی)","اثر صاحب",1,"75"
"آفتاب (بھائی نینی)","اثیر",1,"613"
"آفتاب (بھائی نینی)","اثیر احمد",1,"613"
"آفتاب (بھائی نینی)","احمد خاں",3,"22 31 33"
"آفتاب (بھائی نینی)","احمد خاں (بیٹا)",3,"22 31 33"
"آفتاب (بھائی نینی)","اشتیاق",4,"22 33 226 653"
"آفتاب (بھائی نینی)","اشتیاق احمد خاں",5,"22 33 37 226 653"
"آفتاب (بھائی نینی)","اشفاق احمد",19,"1 6 22 31 33 37 68 75 115 163 226 232 250 280 286 290 570 591 611"
"آفتاب (بھائی نینی)","افتخار",3,"1 22 33"
"آفتاب (بھائی نینی)","افتخار بھائی",3,"1 22 33"
"آفتاب (بھائی نینی)","اقبال",5,"1 22 33 37 321"
"آفتاب (بھائی نینی)","اقبال احمد خاں",5,"1 22 33 37 321"
"آفتاب (بھائی نینی)","اقبال ملک",1,"33"
"آفتاب (بھائی نینی)","الحق بھائی",1,"1"
"آفتاب (بھائی نینی)","امجد",1,"613"
"آفتاب (بھائی نینی)","امیر خان",4,"286 290 611 613"
"آفتاب (بھائی نینی)","انور ملک",1,"250"
"آفتاب (بھائی نینی)","انیس",4,"22 163 286 290"
"آفتاب (بھائی نینی)","انیس خاں",4,"22 163 286 290"
"آفتاب (بھائی نینی)","انیق",3,"286 290 613"
"آفتاب (بھائی نینی)","انیق احمد",3,"286 290 613"
"آفتاب (بھائی نینی)","انیق خان",3,"286 290 613"
"آفتاب (بھائی نینی)","بابا جی",4,"1 37 286 290"
"آفتاب (بھائی نینی)","بابا جی محمد خاں",4,"1 37 286 290"
"آفتاب (بھائی نینی)","بابا فضل شاہ",1,"6"
"آفتاب (بھائی نینی)","بابا نور والے",4,"1 37 286 290"
"آفتاب (بھائی نینی)","بانو قدسیہ",23,"1 6 22 31 33 37 68 75 115 121 163 226 232 250 280 286 290 321 570 591 611 613 621"
"آفتاب (بھائی نینی)","بیگم ذاکر چٹھہ",4,"22 33 75 121"
"آفتاب (بھائی نینی)","تاج صاحب",1,"226"
"آفتاب (بھائی نینی)","تانیہ",1,"613"
"آفتاب (بھائی نینی)","تویلہ",1,"22"
"آفتاب (بھائی نینی)","ثنیہ",2,"611 613"
"آفتاب (بھائی نینی)","جاوید",4,"22 31 163 226"
"آفتاب (بھائی نینی)","جاوید طارق",4,"22 31 163 226"
"آفتاب (بھائی نینی)","جمیلہ اختر",1,"226"
"آفتاب (بھائی نینی)","جمیلہ ظفر",2,"226 250"
"آفتاب (بھائی نینی)","جمیلہ ملک",2,"226 250"
"آفتاب (بھائی نینی)","خالد",6,"68 163 226 232 290 653"
"آفتاب (بھائی نینی)","خالد (بیٹا نور الحسن)",6,"68 163 226 232 290 653"
"آفتاب (بھائی نینی)","خالد (شوہر جمیلہ ظفر)",6,"68 163 226 232 290 653"
"آفتاب (بھائی نینی)","خالہ فیروزہ",1,"31"
"آفتاب (بھائی نینی)","خورشید",1,"591"
"آفتاب (بھائی نینی)","دوست محمد خاں",6,"1 6 22 37 286 290"
"آفتاب (بھائی نینی)","ذکیہ",2,"37 290"
"آفتاب (بھائی نینی)","راؤ ساجد",1,"621"
"آفتاب (بھائی نینی)","رشید احمد چودھری",2,"6 163"
"آفتاب (بھائی نینی)","روحی",1,"591"
"آفتاب (بھائی نینی)","ریاض محمود",1,"232"
"آفتاب (بھائی نینی)","ریزی",2,"33 163"
"آفتاب (بھائی نینی)","سردار بیگم",5,"22 68 115 121 290"
"آفتاب (بھائی نینی)","سعید اثر",1,"75"
"آفتاب (بھائی نینی)","شفقت",1,"250"
"آفتاب (بھائی نینی)","شہاب",1,"613"
"آفتاب (بھائی نینی)","صادق",1,"75"
"آفتاب (بھائی نینی)","صبا",1,"613"
"آفتاب (بھائی نینی)","صدیقہ",1,"163"
"آفتاب (بھائی نینی)","صوفی صاحب",1,"75"
"آفتاب (بھائی نینی)","صوفی غلام مصطفیٰ تبسم",1,"75"
"آفتاب (بھائی نینی)","ضیاء الحق",1,"33"
"آفتاب (بھائی نینی)","طارق بن افتخار",5,"22 31 33 68 226"
"آفتاب (بھائی نینی)","عظمی",2,"31 591"
"آفتاب (بھائی نینی)","علی",6,"31 163 290 570 611 613"
"آفتاب (بھائی نینی)","عمر صاحب",6,"6 31 37 163 226 321"
"آفتاب (بھائی نینی)","غزل",3,"75 290 613"
"آفتاب (بھائی نینی)","فضلی",2,"611 613"
"آفتاب (بھائی نینی)","فیروزہ بیگم",1,"31"
"آفتاب (بھائی نینی)","قدرت اللہ شہاب",1,"613"
"آفتاب (بھائی نینی)","قمر ریکارڈسٹ",2,"6 75"
"آفتاب (بھائی نینی)","لالو",1,"68"
"آفتاب (بھائی نینی)","مبار",1,"613"
"آفتاب (بھائی نینی)","محمد حسین",1,"33"
"آفتاب (بھائی نینی)","محمد حسین (آرٹسٹ)",1,"33"
"آفتاب (بھائی نینی)","محمد خاں",8,"1 6 22 31 33 37 286 290"
"آفتاب (بھائی نینی)","محمد رفیق",2,"6 611"
"آفتاب (بھائی نینی)","محمودہ منظور زئی",1,"33"
"آفتاب (بھائی نینی)","مفتی جی",4,"33 115 280 570"
"آفتاب (بھائی نینی)","ممتاز آپا",1,"570"
"آفتاب (بھائی نینی)","ممتاز مفتی",4,"33 115 280 570"
"آفتاب (بھائی نینی)","ناہید",2,"31 163"
"آفتاب (بھائی نینی)","نسرین رشید",1,"611"
"آفتاب (بھائی نینی)","نغمہ",1,"613"
"آفتاب (بھائی نینی)","نور الحسن",1,"286"
"آفتاب (بھائی نینی)","نینی",2,"611 613"
"آفتاب (بھائی نینی)","پروفیسر آفتاب احمد",5,"22 75 250 280 591"
"آفتاب (بھائی نینی)","پروفیسر محمد صادق",1,"75"
"آفتاب (بھائی نینی)","پرویز چٹھہ",3,"33 121 163"
"آفتاب (بھائی نینی)","ڈاکٹر ایوب احمد خاں",1,"22"
"آفتاب (بھائی نینی)","ڈاکٹر جواد ساجد",2,"31 68"
"آفتاب (بھائی نینی)","ڈاکٹر شیخ عنایت اللہ",1,"75"
"آفتاب (بھائی نینی)","ڈاکٹر صاحب (راشد لطیف ہسپتال)",1,"621"
"آفتاب (بھائی نینی)","ڈاکٹر طارق بن افتخار",3,"22 33 68"
"آفتاب (بھائی نینی)","ڈاکٹر فیصل آبادی",1,"621"
"آفتاب (بھائی نینی)","ڈیڈی جی",2,"33 163"
"آفتاب احمد","آفتاب بھائی",5,"22 75 250 280 591"
"آفتاب احمد","آپا فرحت",1,"280"
"آفتاب احمد","آپا فرخندہ",1,"280"
"آفتاب احمد","آپی منیر",1,"591"
"آفتاب احمد","اثر صاحب",1,"75"
"آفتاب احمد","احمد خاں",1,"22"
"آفتاب احمد","احمد خاں (بیٹا)",1,"22"
"آفتاب احمد","اشتیاق",1,"22"
"آفتاب احمد","اشتیاق احمد خاں",1,"22"
"آفتاب احمد","اشفاق احمد",5,"22 75 250 280 591"
"آفتاب احمد","افتخار",1,"22"
"آفتاب احمد","افتخار بھائی",1,"22"
"آفتاب احمد","اقبال",1,"22"
"آفتاب احمد","اقبال احمد خاں",1,"22"
"آفتاب احمد","انور ملک",1,"250"
"آفتاب احمد","انیس",1,"22"
"آفتاب احمد","انیس خاں",1,"22"
"آفتاب احمد","بانو قدسیہ",5,"22 75 250 280 591"
"آفتاب احمد","بیگم ذاکر چٹھہ",2,"22 75"
"آفتاب احمد","تویلہ",1,"22"
"آفتاب احمد","جاوید",1,"22"
"آفتاب احمد","جاوید طارق",1,"22"
"آفتاب احمد","جمیلہ ظفر",1,"250"
"آفتاب احمد","جمیلہ ملک",1,"250"
"آفتاب احمد","خورشید",1,"591"
"آفتاب احمد","دوست محمد خاں",1,"22"
"آفتاب احمد","روحی",1,"591"
"آفتاب احمد","سردار بیگم",1,"22"
"آفتاب احمد","سعید اثر",1,"75"
"آفتاب احمد","شفقت",1,"250"
"آفتاب احمد","صادق",1,"75"
"آفتاب احمد","صوفی صاحب",1,"75"
"آفتاب احمد","صوفی غلام مصطفیٰ تبسم",1,"75"
"آفتاب احمد","طارق بن افتخار",1,"22"
"آفتاب احمد","عظمی",1,"591"
"آفتاب احمد","غزل",1,"75"
"آفتاب احمد","قمر ریکارڈسٹ",1,"75"
"آفتاب احمد","محمد خاں",1,"22"
"آفتاب احمد","مفتی جی",1,"280"
"آفتاب احمد","ممتاز مفتی",1,"280"
"آفتاب احمد","پروفیسر آفتاب احمد",5,"22 75 250 280 591"
"آفتاب احمد","پروفیسر محمد صادق",1,"75"
"آفتاب احمد","ڈاکٹر ایوب احمد خاں",1,"22"
"آفتاب احمد","ڈاکٹر شیخ عنایت اللہ",1,"75"
"آفتاب احمد","ڈاکٹر طارق بن افتخار",1,"22"
"آفتاب بھائی","آپا فرحت",8,"1 31 33 37 163 280 570 611"
"آفتاب بھائی","آپا فرخندہ",7,"1 31 33 37 280 570 611"
"آفتاب بھائی","آپی منیر",4,"33 226 570 591"
"آفتاب بھائی","اثر صاحب",1,"75"
"آفتاب بھائی","اثیر",1,"613"
"آفتاب بھائی","اثیر احمد",1,"613"
"آفتاب بھائی","احمد خاں",3,"22 31 33"
"آفتاب بھائی","احمد خاں (بیٹا)",3,"22 31 33"
"آفتاب بھائی","اشتیاق",4,"22 33 226 653"
"آفتاب بھائی","اشتیاق احمد خاں",5,"22 33 37 226 653"
"آفتاب بھائی","اشفاق احمد",19,"1 6 22 31 33 37 68 75 115 163 226 232 250 280 286 290 570 591 611"
"آفتاب بھائی","افتخار",3,"1 22 33"
"آفتاب بھائی","افتخار بھائی",3,"1 22 33"
"آفتاب بھائی","اقبال",5,"1 22 33 37 321"
"آفتاب بھائی","اقبال احمد خاں",5,"1 22 33 37 321"
"آفتاب بھائی","اقبال ملک",1,"33"
"آفتاب بھائی","الحق بھائی",1,"1"
"آفتاب بھائی","امجد",1,"613"
"آفتاب بھائی","امیر خان",4,"286 290 611 613"
"آفتاب بھائی","انور ملک",1,"250"
"آفتاب بھائی","انیس",4,"22 163 286 290"
"آفتاب بھائی","انیس خاں",4,"22 163 286 290"
"آفتاب بھائی","انیق",3,"286 290 613"
"آفتاب بھائی","انیق احمد",3,"286 290 613"
"آفتاب بھائی","انیق خان",3,"286 290 613"
"آفتاب بھائی","بابا جی",4,"1 37 286 290"
"آفتاب بھائی","بابا جی محمد خاں",4,"1 37 286 290"
"آفتاب بھائی","بابا فضل شاہ",1,"6"
"آفتاب بھائی","بابا نور والے",4,"1 37 286 290"
"آفتاب بھائی","بانو قدسیہ",23,"1 6 22 31 33 37 68 75 115 121 163 226 232 250 280 286 290 321 570 591 611 613 621"
"آفتاب بھائی","بیگم ذاکر چٹھہ",4,"22 33 75 121"
"آفتاب بھائی","تاج صاحب",1,"226"
"آفتاب بھائی","تانیہ",1,"613"
"آفتاب بھائی","تویلہ",1,"22"
"آفتاب بھائی","ثنیہ",2,"611 613"
"آفتاب بھائی","جاوید",4,"22 31 163 226"
"آفتاب بھائی","جاوید طارق",4,"22 31 163 226"
"آفتاب بھائی","جمیلہ اختر",1,"226"
"آفتاب بھائی","جمیلہ ظفر",2,"226 250"
"آفتاب بھائی","جمیلہ ملک",2,"226 250"
"آفتاب بھائی","خالد",6,"68 163 226 232 290 653"
"آفتاب بھائی","خالد (بیٹا نور الحسن)",6,"68 163 226 232 290 653"
"آفتاب بھائی","خالد (شوہر جمیلہ ظفر)",6,"68 163 226 232 290 653"
"آفتاب بھائی","خالہ فیروزہ",1,"31"
"آفتاب بھائی","خورشید",1,"591"
"آفتاب بھائی","دوست محمد خاں",6,"1 6 22 37 286 290"
"آفتاب بھائی","ذکیہ",2,"37 290"
"آفتاب بھائی","راؤ ساجد",1,"621"
"آفتاب بھائی","رشید احمد چودھری",2,"6 163"
"آفتاب بھائی","روحی",1,"591"
"آفتاب بھائی","ریاض محمود",1,"232"
"آفتاب بھائی","ریزی",2,"33 163"
"آفتاب بھائی","سردار بیگم",5,"22 68 115 121 290"
"آفتاب بھائی","سعید اثر",1,"75"
"آفتاب بھائی","شفقت",1,"250"
"آفتاب بھائی","شہاب",1,"613"
"آفتاب بھائی","صادق",1,"75"
"آفتاب بھائی","صبا",1,"613"
"آفتاب بھائی","صدیقہ",1,"163"
"آفتاب بھائی","صوفی صاحب",1,"75"
"آفتاب بھائی","صوفی غلام مصطفیٰ تبسم",1,"75"
"آفتاب بھائی","ضیاء الحق",1,"33"
"آفتاب بھائی","طارق بن افتخار",5,"22 31 33 68 226"
"آفتاب بھائی","عظمی",2,"31 591"
"آفتاب بھائی","علی",6,"31 163 290 570 611 613"
"آفتاب بھائی","عمر صاحب",6,"6 31 37 163 226 321"
"آفتاب بھائی","غزل",3,"75 290 613"
"آفتاب بھائی","فضلی",2,"611 613"
"آفتاب بھائی","فیروزہ بیگم",1,"31"
"آفتاب بھائی","قدرت اللہ شہاب",1,"613"
"آفتاب بھائی","قمر ریکارڈسٹ",2,"6 75"
"آفتاب بھائی","لالو",1,"68"
"آفتاب بھائی","مبار",1,"613"
"آفتاب بھائی","محمد حسین",1,"33"
"آفتاب بھائی","محمد حسین (آرٹسٹ)",1,"33"
"آفتاب بھائی","محمد خاں",8,"1 6 22 31 33 37 286 290"
"آفتاب بھائی","محمد رفیق",2,"6 611"
"آفتاب بھائی","محمودہ منظور زئی",1,"33"
"آفتاب بھائی","مفتی جی",4,"33 115 280 570"
"آفتاب بھائی","ممتاز آپا",1,"570"
"آفتاب بھائی","ممتاز مفتی",4,"33 115 280 570"
"آفتاب بھائی","ناہید",2,"31 163"
"آفتاب بھائی","نسرین رشید",1,"611"
"آفتاب بھائی","نغمہ",1,"613"
"آفتاب بھائی","نور الحسن",1,"286"
"آفتاب بھائی","نینی",2,"611 613"
"آفتاب بھائی","پروفیسر آفتاب احمد",5,"22 75 250 280 591"
"آفتاب بھائی","پروفیسر محمد صادق",1,"75"
"آفتاب بھائی","پرویز چٹھہ",3,"33 121 163"
"آفتاب بھائی","ڈاکٹر ایوب احمد خاں",1,"22"
"آفتاب بھائی","ڈاکٹر جواد ساجد",2,"31 68"
"آفتاب بھائی","ڈاکٹر شیخ عنایت اللہ",1,"75"
"آفتاب بھائی","ڈاکٹر صاحب (راشد لطیف ہسپتال)",1,"621"
"آفتاب بھائی","ڈاکٹر طارق بن افتخار",3,"22 33 68"
"آفتاب بھائی","ڈاکٹر فیصل آبادی",1,"621"
"آفتاب بھائی","ڈیڈی جی",2,"33 163"
"آپا فرحت","آپا فرخندہ",85,"1 25 30 31 32 33 37 39 57 65 67 83 86 91 93 94 160 173 203 205 206 207 211 216 218 227 228 229 230 240 241 242 244 245 246 256 257 263 264 266 268 269 271 275 276 277 280 347 357 394 395 423 430 440 449 450 451 452 456 457 460 464 467 471 473 474 488 531 567 569 570 572 580 587 588 596 609 611 614 615 636 637 655 657 683"
"آپا فرحت","آپی منیر",2,"33 570"
"آپا فرحت","اثر صاحب",1,"57"
"آپا فرحت","اثیر",3,"244 464 614"
"آپا فرحت","اثیر احمد",3,"244 464 614"
"آپا فرحت","احمد خاں",13,"25 31 33 39 83 160 203 206 216 228 257 580 588"
"آپا فرحت","احمد خاں (بیٹا)",13,"25 31 33 39 83 160 203 206 216 228 257 580 588"
"آپا فرحت","اسحاق احمد خاں",2,"203 207"
"آپا فرحت","اشتیاق",6,"33 67 241 266 457 572"
"آپا فرحت","اشتیاق احمد خاں",10,"25 33 37 67 83 160 241 266 457 572"
"آپا فرحت","اشفاق احمد",75,"1 23 31 33 37 39 57 65 83 86 94 160 163 173 181 203 205 207 210 211 216 218 227 228 229 230 240 241 242 244 245 246 263 264 266 268 269 271 275 276 277 280 347 357 394 395 423 430 449 450 451 452 456 457 460 464 467 471 473 474 488 531 567 569 570 572 580 587 589 602 611 614 615 636 637"
"آپا فرحت","اعجاز",2,"241 450"
"آپا فرحت","افتخار",6,"1 33 39 210 347 567"
"آپا فرحت","افتخار بھائی",6,"1 33 39 210 347 567"
"آپا فرحت","افضل",2,"206 228"
"آپا فرحت","اقبال",12,"1 25 33 37 57 83 86 94 207 210 452 467"
"آپا فرحت","اقبال احمد خاں",12,"1 25 33 37 57 83 86 94 207 210 452 467"
"آپا فرحت","اقبال ملک",4,"30 33 86 228"
"آپا فرحت","الحق بھائی",5,"1 244 271 467 567"
"آپا فرحت","امجد",1,"567"
"آپا فرحت","امیر خان",9,"57 205 210 227 277 394 457 464 611"
"آپا فرحت","امینہ ملک",2,"30 86"
"آپا فرحت","انور ملک",2,"30 86"
"آپا فرحت","انیس",8,"32 163 205 216 244 277 430 587"
"آپا فرحت","انیس خاں",8,"32 163 205 216 244 277 430 587"
"آپا فرحت","انیق",3,"205 244 587"
"آپا فرحت","انیق احمد",3,"205 244 587"
"آپا فرحت","انیق خان",3,"205 244 587"
"آپا فرحت","اولیں",1,"32"
"آپا فرحت","باب ہیز",4,"357 423 440 580"
"آپا فرحت","باب ہیوز",1,"423"
"آپا فرحت","بابا جی",13,"1 37 83 203 206 207 256 276 395 423 449 473 580"
"آپا فرحت","بابا جی محمد خاں",13,"1 37 83 203 206 207 256 276 395 423 449 473 580"
"آپا فرحت","بابا نور والے",13,"1 37 83 203 206 207 256 276 395 423 449 473 580"
"آپا فرحت","بابر",1,"596"
"آپا فرحت","بانو قدسیہ",93,"1 23 25 30 31 32 33 37 39 57 65 67 83 86 91 93 94 160 163 173 174 181 203 205 206 207 210 211 216 218 227 228 229 230 240 241 242 244 245 246 256 257 263 264 266 268 269 271 275 276 277 280 298 347 357 394 395 423 430 440 449 450 451 452 456 457 460 464 467 471 473 474 483 488 531 567 569 570 572 580 587 588 589 596 602 609 611 614 615 636 637 655 683"
"آپا فرحت","بٹ صاحب",2,"32 572"
"آپا فرحت","بیگم ذاکر چٹھہ",20,"30 32 33 86 91 93 160 174 206 216 218 241 246 264 269 395 467 474 588 683"
"آپا فرحت","تاج صاحب",3,"395 609 614"
"آپا فرحت","تویلہ",1,"216"
"آپا فرحت","تہمینہ اثر",1,"57"
"آپا فرحت","ثنیہ",3,"611 614 615"
"آپا فرحت","جاوید",8,"31 39 57 163 203 216 230 241"
"آپا فرحت","جاوید اثر",1,"57"
"آپا فرحت","جاوید طارق",8,"31 39 57 163 203 216 230 241"
"آپا فرحت","جمیلہ اختر",1,"227"
"آپا فرحت","جمیلہ ظفر",6,"30 86 94 181 227 637"
"آپا فرحت","جمیلہ ملک",6,"30 86 94 181 227 637"
"آپا فرحت","جمیلہ ہاشمی",1,"181"
"آپا فرحت","جوئی گیون",6,"245 430 440 451 456 457"
"آپا فرحت","خالد",3,"94 163 174"
"آپا فرحت","خالد (بیٹا نور الحسن)",3,"94 163 174"
"آپا فرحت","خالد (شوہر جمیلہ ظفر)",3,"94 163 174"
"آپا فرحت","خالہ فیروزہ",2,"31 394"
"آپا فرحت","خوشی محمد",1,"263"
"آپا فرحت","دوست محمد خاں",13,"1 37 83 203 206 207 256 276 395 423 449 473 580"
"آپا فرحت","ذکیہ",4,"37 57 203 244"
"آپا فرحت","رشید احمد چودھری",4,"39 163 206 228"
"آپا فرحت","روحی",4,"227 244 245 269"
"آپا فرحت","ریاض محمود",10,"230 240 246 264 266 268 271 276 357 471"
"آپا فرحت","ریاضی",2,"264 450"
"آپا فرحت","ریزی",9,"33 83 86 93 163 218 271 277 683"
"آپا فرحت","زوبی",1,"65"
"آپا فرحت","زینب",2,"65 83"
"آپا فرحت","سردار بیگم",4,"25 160 203 207"
"آپا فرحت","سعید اثر",4,"57 206 228 395"
"آپا فرحت","سلمی اثر",1,"57"
"آپا فرحت","سلیمان اینڈریوز",5,"430 440 451 456 457"
"آپا فرحت","سلیمہ",1,"269"
"آپا فرحت","شریف الدین",1,"271"
"آپا فرحت","شعیب بن عزیز",1,"271"
"آپا فرحت","شفقت",3,"93 449 474"
"آپا فرحت","شمس",1,"244"
"آپا فرحت","شمیم رشید",1,"174"
"آپا فرحت","شکیل مسعود",1,"615"
"آپا فرحت","شہاب",6,"86 94 205 246 256 467"
"آپا فرحت","شہزادی مامی",1,"218"
"آپا فرحت","صائل",2,"266 572"
"آپا فرحت","صادق",2,"218 471"
"آپا فرحت","صدیقہ",4,"163 216 230 241"
"آپا فرحت","صوفی صاحب",9,"83 241 244 264 394 450 452 473 474"
"آپا فرحت","ضیاء الحق",2,"33 271"
"آپا فرحت","طارق بن افتخار",9,"31 33 39 210 216 230 241 488 657"
"آپا فرحت","عزیز بیگم",1,"218"
"آپا فرحت","عظمی",3,"31 241 464"
"آپا فرحت","علی",13,"31 163 211 216 230 241 467 570 596 602 611 614 615"
"آپا فرحت","عمر صاحب",20,"30 31 32 37 163 174 206 216 218 228 230 241 246 256 269 457 473 567 580 602"
"آپا فرحت","غزل",1,"567"
"آپا فرحت","فضلی",3,"611 614 615"
"آپا فرحت","فیروزہ بیگم",2,"31 394"
"آپا فرحت","فیض احمد فیض",4,"269 473 596 637"
"آپا فرحت","قدرت اللہ شہاب",6,"86 94 205 246 256 467"
"آپا فرحت","قمر ریکارڈسٹ",1,"57"
"آپا فرحت","لالو",3,"65 83 86"
"آپا فرحت","مارسیا",1,"423"
"آپا فرحت","ماریہ",1,"423"
"آپا فرحت","مبار",4,"86 245 394 395"
"آپا فرحت","محمد حسین",2,"33 65"
"آپا فرحت","محمد حسین (آرٹسٹ)",2,"33 65"
"آپا فرحت","محمد خاں",16,"1 31 33 37 83 203 206 207 256 276 395 423 449 473 580 637"
"آپا فرحت","محمد رفیق",2,"263 611"
"آپا فرحت","محمودہ منظور زئی",4,"33 173 174 268"
"آپا فرحت","مسعود میاں",3,"609 615 637"
"آپا فرحت","مفتی جی",10,"33 57 65 86 205 216 256 280 531 570"
"آپا فرحت","ممتاز آپا",4,"57 216 531 570"
"آپا فرحت","ممتاز مفتی",10,"33 57 65 86 205 216 256 280 531 570"
"آپا فرحت","موسیٰ",1,"211"
"آپا فرحت","مولوی طوطا",1,"456"
"آپا فرحت","میاں تقی",1,"218"
"آپا فرحت","ناہید",12,"31 39 160 163 174 205 206 227 228 241 257 580"
"آپا فرحت","نسرین رشید",2,"174 611"
"آپا فرحت","نور الحسن",5,"30 276 395 471 602"
"آپا فرحت","نینی",4,"602 611 614 615"
"آپا فرحت","پروفیسر آفتاب احمد",1,"280"
"آپا فرحت","پروفیسر محمد صادق",1,"218"
"آپا فرحت","پرویز چٹھہ",10,"33 83 86 93 163 218 244 271 277 683"
"آپا فرحت","پیر آف مکھنڈ",1,"614"
"آپا فرحت","ڈاکٹر ایوب احمد خاں",9,"25 39 83 160 206 207 256 257 580"
"آپا فرحت","ڈاکٹر جواد ساجد",3,"31 242 655"
"آپا فرحت","ڈاکٹر حسنات احمد",3,"39 241 242"
"آپا فرحت","ڈاکٹر حسنات احمد خاں",3,"39 241 242"
"آپا فرحت","ڈاکٹر زبیر",1,"460"
"آپا فرحت","ڈاکٹر صاحب (راشد لطیف ہسپتال)",6,"449 460 580 587 588 589"
"آپا فرحت","ڈاکٹر طارق بن افتخار",3,"33 39 210"
"آپا فرحت","ڈاکٹر عاطف گوہیر",3,"181 449 589"
"آپا فرحت","ڈاکٹر فواد",2,"460 473"
"آپا فرحت","ڈاکٹر فیصل آبادی",6,"449 460 580 587 588 589"
"آپا فرحت","ڈاکٹر مارٹن",1,"216"
"آپا فرحت","ڈاکٹر محمد صادق",1,"218"
"آپا فرحت","ڈیڈی جی",8,"25 33 160 163 210 229 230 347"
"آپا فرحت","کشمیری بابا",1,"451"
"آپا فرخندہ","آپی منیر",2,"33 570"
"آپا فرخندہ","اثر صاحب",1,"57"
"آپا فرخندہ","اثیر",4,"244 255 464 614"
"آپا فرخندہ","اثیر احمد",4,"244 255 464 614"
"آپا فرخندہ","احمد خاں",14,"25 31 33 39 83 160 203 206 216 228 255 257 580 588"
"آپا فرخندہ","احمد خاں (بیٹا)",14,"25 31 33 39 83 160 203 206 216 228 255 257 580 588"
"آپا فرخندہ","اسحاق احمد خاں",2,"203 207"
"آپا فرخندہ","اشتیاق",6,"33 67 241 266 457 572"
"آپا فرخندہ","اشتیاق احمد خاں",10,"25 33 37 67 83 160 241 266 457 572"
"آپا فرخندہ","اشفاق احمد",72,"1 31 33 37 39 57 65 83 86 94 160 173 203 205 207 211 216 218 227 228 229 230 240 241 242 244 245 246 253 255 258 263 264 266 268 269 271 275 276 277 280 347 357 394 395 423 430 449 450 451 452 456 457 460 464 467 471 473 474 488 531 567 569 570 572 580 587 611 614 615 636 637"
"آپا فرخندہ","اعجاز",2,"241 450"
"آپا فرخندہ","افتخار",5,"1 33 39 347 567"
"آپا فرخندہ","افتخار بھائی",5,"1 33 39 347 567"
"آپا فرخندہ","افضل",3,"206 228 258"
"آپا فرخندہ","اقبال",11,"1 25 33 37 57 83 86 94 207 452 467"
"آپا فرخندہ","اقبال احمد خاں",11,"1 25 33 37 57 83 86 94 207 452 467"
"آپا فرخندہ","اقبال ملک",4,"30 33 86 228"
"آپا فرخندہ","الحق بھائی",5,"1 244 271 467 567"
"آپا فرخندہ","امجد",1,"567"
"آپا فرخندہ","امیر خان",8,"57 205 227 277 394 457 464 611"
"آپا فرخندہ","امینہ ملک",2,"30 86"
"آپا فرخندہ","انور ملک",2,"30 86"
"آپا فرخندہ","انیس",7,"32 205 216 244 277 430 587"
"آپا فرخندہ","انیس خاں",7,"32 205 216 244 277 430 587"
"آپا فرخندہ","انیق",3,"205 244 587"
"آپا فرخندہ","انیق احمد",3,"205 244 587"
"آپا فرخندہ","انیق خان",3,"205 244 587"
"آپا فرخندہ","اولیں",1,"32"
"آپا فرخندہ","باب ہیز",4,"357 423 440 580"
"آپا فرخندہ","باب ہیوز",1,"423"
"آپا فرخندہ","بابا جی",13,"1 37 83 203 206 207 256 276 395 423 449 473 580"
"آپا فرخندہ","بابا جی محمد خاں",13,"1 37 83 203 206 207 256 276 395 423 449 473 580"
"آپا فرخندہ","بابا نور والے",13,"1 37 83 203 206 207 256 276 395 423 449 473 580"
"آپا فرخندہ","بابر",1,"596"
"آپا فرخندہ","بانو قدسیہ",87,"1 25 30 31 32 33 37 39 57 65 67 83 86 91 93 94 160 173 203 205 206 207 211 216 218 227 228 229 230 240 241 242 244 245 246 253 255 256 257 258 263 264 266 268 269 271 275 276 277 280 347 357 394 395 423 430 440 449 450 451 452 456 457 460 464 467 471 473 474 488 531 567 569 570 572 580 587 588 596 609 611 614 615 636 637 655 683"
"آپا فرخندہ","بٹ صاحب",2,"32 572"
"آپا فرخندہ","بیگم ذاکر چٹھہ",19,"30 32 33 86 91 93 160 206 216 218 241 246 264 269 395 467 474 588 683"
"آپا فرخندہ","تاج صاحب",3,"395 609 614"
"آپا فرخندہ","تویلہ",1,"216"
"آپا فرخندہ","تہمینہ اثر",1,"57"
"آپا فرخندہ","ثنیہ",3,"611 614 615"
"آپا فرخندہ","جاوید",7,"31 39 57 203 216 230 241"
"آپا فرخندہ","جاوید اثر",1,"57"
"آپا فرخندہ","جاوید طارق",7,"31 39 57 203 216 230 241"
"آپا فرخندہ","جمیلہ اختر",1,"227"
"آپا فرخندہ","جمیلہ ظفر",5,"30 86 94 227 637"
"آپا فرخندہ","جمیلہ ملک",5,"30 86 94 227 637"
"آپا فرخندہ","جوئی گیون",6,"245 430 440 451 456 457"
"آپا فرخندہ","خالد",1,"94"
"آپا فرخندہ","خالد (بیٹا نور الحسن)",1,"94"
"آپا فرخندہ","خالد (شوہر جمیلہ ظفر)",1,"94"
"آپا فرخندہ","خالہ فیروزہ",2,"31 394"
"آپا فرخندہ","خوشی محمد",1,"263"
"آپا فرخندہ","دوست محمد خاں",13,"1 37 83 203 206 207 256 276 395 423 449 473 580"
"آپا فرخندہ","ذکیہ",4,"37 57 203 244"
"آپا فرخندہ","رشید احمد چودھری",3,"39 206 228"
"آپا فرخندہ","روحی",4,"227 244 245 269"
"آپا فرخندہ","ریاض محمود",10,"230 240 246 264 266 268 271 276 357 471"
"آپا فرخندہ","ریاضی",2,"264 450"
"آپا فرخندہ","ریزی",8,"33 83 86 93 218 271 277 683"
"آپا فرخندہ","زوبی",1,"65"
"آپا فرخندہ","زینب",2,"65 83"
"آپا فرخندہ","سردار بیگم",4,"25 160 203 207"
"آپا فرخندہ","سعید اثر",4,"57 206 228 395"
"آپا فرخندہ","سلمی اثر",1,"57"
"آپا فرخندہ","سلیمان اینڈریوز",5,"430 440 451 456 457"
"آپا فرخندہ","سلیمہ",1,"269"
"آپا فرخندہ","شریف الدین",1,"271"
"آپا فرخندہ","شعیب بن عزیز",1,"271"
"آپا فرخندہ","شفقت",3,"93 449 474"
"آپا فرخندہ","شمس",1,"244"
"آپا فرخندہ","شکیل مسعود",1,"615"
"آپا فرخندہ","شہاب",6,"86 94 205 246 256 467"
"آپا فرخندہ","شہزادی مامی",1,"218"
"آپا فرخندہ","صائل",2,"266 572"
"آپا فرخندہ","صادق",2,"218 471"
"آپا فرخندہ","صدیقہ",3,"216 230 241"
"آپا فرخندہ","صوفی صاحب",9,"83 241 244 264 394 450 452 473 474"
"آپا فرخندہ","ضیاء الحق",2,"33 271"
"آپا فرخندہ","طارق بن افتخار",8,"31 33 39 216 230 241 488 657"
"آپا فرخندہ","عزیز بیگم",1,"218"
"آپا فرخندہ","عظمی",3,"31 241 464"
"آپا فرخندہ","علی",11,"31 211 216 230 241 467 570 596 611 614 615"
"آپا فرخندہ","عمر صاحب",18,"30 31 32 37 206 216 218 228 230 241 246 255 256 269 457 473 567 580"
"آپا فرخندہ","غزل",1,"567"
"آپا فرخندہ","فضلی",3,"611 614 615"
"آپا فرخندہ","فیروزہ بیگم",2,"31 394"
"آپا فرخندہ","فیض احمد فیض",4,"269 473 596 637"
"آپا فرخندہ","قدرت اللہ شہاب",6,"86 94 205 246 256 467"
"آپا فرخندہ","قمر ریکارڈسٹ",1,"57"
"آپا فرخندہ","لالو",3,"65 83 86"
"آپا فرخندہ","مارسیا",1,"423"
"آپا فرخندہ","ماریہ",1,"423"
"آپا فرخندہ","مبار",4,"86 245 394 395"
"آپا فرخندہ","محمد حسین",2,"33 65"
"آپا فرخندہ","محمد حسین (آرٹسٹ)",2,"33 65"
"آپا فرخندہ","محمد خاں",16,"1 31 33 37 83 203 206 207 256 276 395 423 449 473 580 637"
"آپا فرخندہ","محمد رفیق",2,"263 611"
"آپا فرخندہ","محمودہ منظور زئی",3,"33 173 268"
"آپا فرخندہ","مسعود میاں",3,"609 615 637"
"آپا فرخندہ","مفتی جی",11,"33 57 65 86 205 216 255 256 280 531 570"
"آپا فرخندہ","ممتاز آپا",4,"57 216 531 570"
"آپا فرخندہ","ممتاز مفتی",11,"33 57 65 86 205 216 255 256 280 531 570"
"آپا فرخندہ","موسیٰ",1,"211"
"آپا فرخندہ","مولوی طوطا",1,"456"
"آپا فرخندہ","میاں تقی",1,"218"
"آپا فرخندہ","ناہید",11,"31 39 160 205 206 227 228 241 257 258 580"
"آپا فرخندہ","نسرین رشید",1,"611"
"آپا فرخندہ","نور الحسن",4,"30 276 395 471"
"آپا فرخندہ","نینی",3,"611 614 615"
"آپا فرخندہ","پروفیسر آفتاب احمد",1,"280"
"آپا فرخندہ","پروفیسر محمد صادق",1,"218"
"آپا فرخندہ","پرویز چٹھہ",9,"33 83 86 93 218 244 271 277 683"
"آپا فرخندہ","پیر آف مکھنڈ",1,"614"
"آپا فرخندہ","ڈاکٹر ایوب احمد خاں",10,"25 39 83 160 206 207 255 256 257 580"
"آپا فرخندہ","ڈاکٹر جواد ساجد",3,"31 242 655"
"آپا فرخندہ","ڈاکٹر حسنات احمد",3,"39 241 242"
"آپا فرخندہ","ڈاکٹر حسنات احمد خاں",3,"39 241 242"
"آپا فرخندہ","ڈاکٹر زبیر",1,"460"
"آپا فرخندہ","ڈاکٹر صاحب (راشد لطیف ہسپتال)",5,"449 460 580 587 588"
"آپا فرخندہ","ڈاکٹر طارق بن افتخار",2,"33 39"
"آپا فرخندہ","ڈاکٹر عاطف گوہیر",1,"449"
"آپا فرخندہ","ڈاکٹر فواد",2,"460 473"
"آپا فرخندہ","ڈاکٹر فیصل آبادی",5,"449 460 580 587 588"
"آپا فرخندہ","ڈاکٹر مارٹن",1,"216"
"آپا فرخندہ","ڈاکٹر محمد صادق",1,"218"
"آپا فرخندہ","ڈیڈی جی",6,"25 33 160 229 230 347"
"آپا فرخندہ","کشمیری بابا",1,"451"
"آپی منیر","اثیر",2,"169 550"
"آپی منیر","اثیر احمد",2,"169 550"
"آپی منیر","احمد خاں",2,"33 62"
"آپی منیر","احمد خاں (بیٹا)",2,"33 62"
"آپی منیر","اشتیاق",2,"33 226"
"آپی منیر","اشتیاق احمد خاں",2,"33 226"
"آپی منیر","اشفاق احمد",19,"11 33 34 62 118 162 166 169 224 225 226 278 291 406 548 549 550 570 591"
"آپی منیر","افتخار",3,"33 34 118"
"آپی منیر","افتخار بھائی",3,"33 34 118"
"آپی منیر","اقبال",4,"33 34 62 406"
"آپی منیر","اقبال احمد خاں",4,"33 34 62 406"
"آپی منیر","اقبال ملک",5,"33 34 162 166 169"
"آپی منیر","انور ملک",1,"548"
"آپی منیر","انیق",2,"166 406"
"آپی منیر","انیق احمد",2,"166 406"
"آپی منیر","انیق خان",2,"166 406"
"آپی منیر","باب ہیز",1,"169"
"آپی منیر","بابا جی",4,"11 34 162 406"
"آپی منیر","بابا جی محمد خاں",4,"11 34 162 406"
"آپی منیر","بابا نور والے",4,"11 34 162 406"
"آپی منیر","بانو قدسیہ",20,"11 33 34 62 118 162 166 169 224 225 226 278 291 406 548 549 550 570 573 591"
"آپی منیر","بشری",2,"548 549"
"آپی منیر","بیگم ذاکر چٹھہ",5,"11 33 62 166 224"
"آپی منیر","تاج صاحب",1,"226"
"آپی منیر","توصیف احمد خان",1,"224"
"آپی منیر","تویلہ",1,"169"
"آپی منیر","جاوید",3,"118 169 226"
"آپی منیر","جاوید طارق",3,"118 169 226"
"آپی منیر","جمیلہ اختر",1,"226"
"آپی منیر","جمیلہ ظفر",1,"226"
"آپی منیر","جمیلہ ملک",1,"226"
"آپی منیر","خالد",1,"226"
"آپی منیر","خالد (بیٹا نور الحسن)",1,"226"
"آپی منیر","خالد (شوہر جمیلہ ظفر)",1,"226"
"آپی منیر","خورشید",1,"591"
"آپی منیر","دوست محمد خاں",4,"11 34 162 406"
"آپی منیر","رشید احمد چودھری",1,"11"
"آپی منیر","روحی",1,"591"
"آپی منیر","ریزی",2,"33 169"
"آپی منیر","زوبی",1,"118"
"آپی منیر","سردار بیگم",2,"62 162"
"آپی منیر","شہاب",2,"406 550"
"آپی منیر","صدیقہ",1,"169"
"آپی منیر","صوفی صاحب",2,"11 62"
"آپی منیر","ضیاء الحق",3,"33 62 162"
"آپی منیر","طارق بن افتخار",4,"33 34 162 226"
"آپی منیر","عظمی",1,"591"
"آپی منیر","عفت",1,"406"
"آپی منیر","علی",3,"162 278 570"
"آپی منیر","عمر صاحب",1,"226"
"آپی منیر","عکسی مفتی",1,"549"
"آپی منیر","فراز",3,"62 549 550"
"آپی منیر","فیض احمد فیض",1,"548"
"آپی منیر","قدرت اللہ شہاب",2,"406 550"
"آپی منیر","قمر ریکارڈسٹ",1,"162"
"آپی منیر","ماچھا جی",2,"162 166"
"آپی منیر","محمد حسین",3,"33 62 162"
"آپی منیر","محمد حسین (آرٹسٹ)",3,"33 62 162"
"آپی منیر","محمد خاں",5,"11 33 34 162 406"
"آپی منیر","محمودہ منظور زئی",2,"33 34"
"آپی منیر","مسعود میاں",1,"550"
"آپی منیر","مفتی جی",6,"33 62 291 549 550 570"
"آپی منیر","ممتاز آپا",2,"62 570"
"آپی منیر","ممتاز مفتی",6,"33 62 291 549 550 570"
"آپی منیر","مولوی طوطا",1,"548"
"آپی منیر","ناہید",1,"291"
"آپی منیر","نور الحسن",3,"11 278 291"
"آپی منیر","نیلو",1,"62"
"آپی منیر","پروفیسر آفتاب احمد",1,"591"
"آپی منیر","پرویز چٹھہ",2,"33 169"
"آپی منیر","ڈاکٹر جواد ساجد",1,"573"
"آپی منیر","ڈاکٹر طارق بن افتخار",2,"33 34"
"آپی منیر","ڈاکٹر مارٹن",1,"169"
"آپی منیر","ڈیڈی جی",5,"33 34 62 162 166"
"اثر صاحب","اشفاق احمد",8,"56 57 58 74 75 109 111 128"
"اثر صاحب","اقبال",2,"57 74"
"اثر صاحب","اقبال احمد خاں",2,"57 74"
"اثر صاحب","امیر خان",1,"57"
"اثر صاحب","اولیں",1,"109"
"اثر صاحب","بابا جی",1,"111"
"اثر صاحب","بابا جی محمد خاں",1,"111"
"اثر صاحب","بابا نور والے",1,"111"
"اثر صاحب","بانو قدسیہ",9,"56 57 58 74 75 109 111 124 128"
"اثر صاحب","بٹ صاحب",1,"74"
"اثر صاحب","بیگم ذاکر چٹھہ",2,"75 109"
"اثر صاحب","تہمینہ اثر",1,"57"
"اثر صاحب","جاوید",1,"57"
"اثر صاحب","جاوید اثر",1,"57"
"اثر صاحب","جاوید طارق",1,"57"
"اثر صاحب","دوست محمد خاں",1,"111"
"اثر صاحب","ذکیہ",2,"56 57"
"اثر صاحب","ریزی",2,"111 128"
"اثر صاحب","زوبی",1,"111"
"اثر صاحب","سعید اثر",3,"57 74 75"
"اثر صاحب","سلمی اثر",1,"57"
"اثر صاحب","سید عابد علی عابد",1,"111"
"اثر صاحب","شفقت",1,"111"
"اثر صاحب","صادق",1,"75"
"اثر صاحب","صوفی صاحب",2,"75 111"
"اثر صاحب","صوفی غلام مصطفیٰ تبسم",1,"75"
"اثر صاحب","علی",1,"111"
"اثر صاحب","عمر صاحب",1,"74"
"اثر صاحب","غزل",1,"75"
"اثر صاحب","قمر ریکارڈسٹ",2,"57 75"
"اثر صاحب","محمد خاں",1,"111"
"اثر صاحب","مفتی جی",1,"57"
"اثر صاحب","ممتاز آپا",1,"57"
"اثر صاحب","ممتاز مفتی",1,"57"
"اثر صاحب","موسیٰ",1,"74"
"اثر صاحب","مولوی طوطا",1,"56"
"اثر صاحب","پروفیسر آفتاب احمد",1,"75"
"اثر صاحب","پروفیسر محمد صادق",1,"75"
"اثر صاحب","پرویز چٹھہ",2,"111 128"
"اثر صاحب","ڈاکٹر شیخ عنایت اللہ",1,"75"
"اثیر","اثیر احمد",34,"108 168 169 184 185 186 187 190 197 204 219 244 255 287 288 376 377 412 436 463 464 475 481 485 550 565 578 579 581 603 613 614 616 617"
"اثیر","اثیر خان",3,"184 219 581"
"اثیر","احمد خاں",6,"108 186 219 255 287 377"
"اثیر","احمد خاں (بیٹا)",6,"108 186 219 255 287 377"
"اثیر","اسحاق احمد خاں",2,"204 287"
"اثیر","اشفاق احمد",30,"108 168 169 184 185 186 187 190 197 204 219 244 255 287 288 376 377 412 436 463 464 475 481 485 550 578 581 603 614 617"
"اثیر","افتخار",4,"108 376 485 578"
"اثیر","افتخار بھائی",4,"108 376 485 578"
"اثیر","اقبال",1,"412"
"اثیر","اقبال احمد خاں",1,"412"
"اثیر","اقبال ملک",1,"169"
"اثیر","الحق بھائی",1,"244"
"اثیر","امجد",3,"288 613 617"
"اثیر","امیر خان",10,"108 186 187 376 412 436 464 481 603 613"
"اثیر","انیب بیگم",1,"603"
"اثیر","انیس",9,"186 187 190 204 244 288 376 377 616"
"اثیر","انیس خاں",9,"186 187 190 204 244 288 376 377 616"
"اثیر","انیق",11,"168 185 186 187 197 204 244 287 288 481 613"
"اثیر","انیق احمد",11,"168 185 186 187 197 204 244 287 288 481 613"
"اثیر","انیق خان",11,"168 185 186 187 197 204 244 287 288 481 613"
"اثیر","باب ہیز",2,"168 169"
"اثیر","بابا جی",2,"287 412"
"اثیر","بابا جی محمد خاں",2,"287 412"
"اثیر","بابا نور والے",2,"287 412"
"اثیر","بابر",2,"616 617"
"اثیر","بانو قدسیہ",34,"108 168 169 184 185 186 187 190 197 204 219 244 255 287 288 376 377 412 436 463 464 475 481 485 550 565 578 579 581 603 613 614 616 617"
"اثیر","بشری",1,"485"
"اثیر","بیگم ذاکر چٹھہ",9,"108 184 185 204 219 377 475 579 616"
"اثیر","تاج صاحب",1,"614"
"اثیر","تانیہ",1,"613"
"اثیر","تویلہ",2,"169 616"
"اثیر","ثنیہ",4,"613 614 616 617"
"اثیر","جاوید",4,"168 169 578 579"
"اثیر","جاوید طارق",4,"168 169 578 579"
"اثیر","جمیلہ ظفر",1,"184"
"اثیر","جمیلہ ملک",1,"184"
"اثیر","جمیلہ ہاشمی",1,"184"
"اثیر","خالد",1,"603"
"اثیر","خالد (بیٹا نور الحسن)",1,"603"
"اثیر","خالد (شوہر جمیلہ ظفر)",1,"603"
"اثیر","خورشید",1,"190"
"اثیر","دوست محمد خاں",2,"287 412"
"اثیر","ذکیہ",2,"204 244"
"اثیر","رؤف خالد",1,"603"
"اثیر","رابعہ",1,"581"
"اثیر","روبینہ خالد",1,"603"
"اثیر","روحی",1,"244"
"اثیر","ریاض محمود",1,"190"
"اثیر","ریزی",4,"108 169 204 219"
"اثیر","شفقت",1,"617"
"اثیر","شمس",1,"244"
"اثیر","شکیل مسعود",2,"616 617"
"اثیر","شہاب",4,"197 436 550 613"
"اثیر","شہزادی مامی",1,"219"
"اثیر","صبا",1,"613"
"اثیر","صدیقہ",2,"168 169"
"اثیر","صوفی صاحب",2,"186 244"
"اثیر","صوفی غلام مصطفیٰ تبسم",1,"186"
"اثیر","طارق بن افتخار",2,"108 376"
"اثیر","عظمی",2,"463 464"
"اثیر","علی",8,"184 185 197 287 613 614 616 617"
"اثیر","عمر صاحب",4,"204 255 412 603"
"اثیر","عکسی مفتی",1,"603"
"اثیر","غزل",1,"613"
"اثیر","فراز",1,"550"
"اثیر","فرخ بشیر",1,"603"
"اثیر","فضلی",2,"613 614"
"اثیر","فیض احمد فیض",1,"108"
"اثیر","قدرت اللہ شہاب",4,"197 436 550 613"
"اثیر","مبار",2,"185 613"
"اثیر","محمد خاں",3,"168 287 412"
"اثیر","محمد رفیق",1,"190"
"اثیر","مسعود میاں",2,"550 616"
"اثیر","مفتی جی",4,"197 255 550 603"
"اثیر","ممتاز آپا",1,"197"
"اثیر","ممتاز مفتی",4,"197 255 550 603"
"اثیر","مولوی طوطا",2,"184 481"
"اثیر","میاں تقی",1,"219"
"اثیر","ناہید",1,"565"
"اثیر","نصرت بیگم",1,"581"
"اثیر","نغمہ",2,"613 617"
"اثیر","نور الحسن",1,"603"
"اثیر","نینی",4,"613 614 616 617"
"اثیر","پرویز چٹھہ",5,"108 169 204 219 244"
"اثیر","پیر آف مکھنڈ",1,"614"
"اثیر","ڈاکٹر ایوب احمد خاں",1,"255"
"اثیر","ڈاکٹر جواد ساجد",1,"481"
"اثیر","ڈاکٹر زبیر",1,"481"
"اثیر","ڈاکٹر صاحب (راشد لطیف ہسپتال)",4,"108 186 187 377"
"اثیر","ڈاکٹر طارق بن افتخار",1,"108"
"اثیر","ڈاکٹر عاطف گوہیر",1,"475"
"اثیر","ڈاکٹر فیصل آبادی",4,"108 186 187 377"
"اثیر","ڈاکٹر مارٹن",2,"168 169"
"اثیر","ڈیڈی جی",3,"168 219 376"
"اثیر","کشور",1,"565"
"اثیر","ہاروے",1,"617"
"اثیر احمد","اثیر خان",3,"184 219 581"
"اثیر احمد","احمد خاں",6,"108 186 219 255 287 377"
"اثیر احمد","احمد خاں (بیٹا)",6,"108 186 219 255 287 377"
"اثیر احمد","اسحاق احمد خاں",2,"204 287"
"اثیر احمد","اشفاق احمد",30,"108 168 169 184 185 186 187 190 197 204 219 244 255 287 288 376 377 412 436 463 464 475 481 485 550 578 581 603 614 617"
"اثیر احمد","افتخار",4,"108 376 485 578"
"اثیر احمد","افتخار بھائی",4,"108 376 485 578"
"اثیر احمد","اقبال",1,"412"
"اثیر احمد","اقبال احمد خاں",1,"412"
"اثیر احمد","اقبال ملک",1,"169"
"اثیر احمد","الحق بھائی",1,"244"
"اثیر احمد","امجد",3,"288 613 617"
"اثیر احمد","امیر خان",10,"108 186 187 376 412 436 464 481 603 613"
"اثیر احمد","انیب بیگم",1,"603"
"اثیر احمد","انیس",9,"186 187 190 204 244 288 376 377 616"
"اثیر احمد","انیس خاں",9,"186 187 190 204 244 288 376 377 616"
"اثیر احمد","انیق",11,"168 185 186 187 197 204 244 287 288 481 613"
"اثیر احمد","انیق احمد",11,"168 185 186 187 197 204 244 287 288 481 613"
"اثیر احمد","انیق خان",11,"168 185 186 187 197 204 244 287 288 481 613"
"اثیر احمد","باب ہیز",2,"168 169"
"اثیر احمد","بابا جی",2,"287 412"
"اثیر احمد","بابا جی محمد خاں",2,"287 412"
"اثیر احمد","بابا نور والے",2,"287 412"
"اثیر احمد","بابر",2,"616 617"
"اثیر احمد","بانو قدسیہ",34,"108 168 169 184 185 186 187 190 197 204 219 244 255 287 288 376 377 412 436 463 464 475 481 485 550 565 578 579 581 603 613 614 616 617"
"اثیر احمد","بشری",1,"485"
"اثیر احمد","بیگم ذاکر چٹھہ",9,"108 184 185 204 219 377 475 579 616"
"اثیر احمد","تاج صاحب",1,"614"
"اثیر احمد","تانیہ",1,"613"
"اثیر احمد","تویلہ",2,"169 616"
"اثیر احمد","ثنیہ",4,"613 614 616 617"
"اثیر احمد","جاوید",4,"168 169 578 579"
"اثیر احمد","جاوید طارق",4,"168 169 578 579"
"اثیر احمد","جمیلہ ظفر",1,"184"
"اثیر احمد","جمیلہ ملک",1,"184"
"اثیر احمد","جمیلہ ہاشمی",1,"184"
"اثیر احمد","خالد",1,"603"
"اثیر احمد","خالد (بیٹا نور الحسن)",1,"603"
"اثیر احمد","خالد (شوہر جمیلہ ظفر)",1,"603"
"اثیر احمد","خورشید",1,"190"
"اثیر احمد","دوست محمد خاں",2,"287 412"
"اثیر احمد","ذکیہ",2,"204 244"
"اثیر احمد","رؤف خالد",1,"603"
"اثیر احمد","رابعہ",1,"581"
"اثیر احمد","روبینہ خالد",1,"603"
"اثیر احمد","روحی",1,"244"
"اثیر احمد","ریاض محمود",1,"190"
"اثیر احمد","ریزی",4,"108 169 204 219"
"اثیر احمد","شفقت",1,"617"
"اثیر احمد","شمس",1,"244"
"اثیر احمد","شکیل مسعود",2,"616 617"
"اثیر احمد","شہاب",4,"197 436 550 613"
"اثیر احمد","شہزادی مامی",1,"219"
"اثیر احمد","صبا",1,"613"
"اثیر احمد","صدیقہ",2,"168 169"
"اثیر احمد","صوفی صاحب",2,"186 244"
"اثیر احمد","صوفی غلام مصطفیٰ تبسم",1,"186"
"اثیر احمد","طارق بن افتخار",2,"108 376"
"اثیر احمد","عظمی",2,"463 464"
"اثیر احمد","علی",8,"184 185 197 287 613 614 616 617"
"اثیر احمد","عمر صاحب",4,"204 255 412 603"
"اثیر احمد","عکسی مفتی",1,"603"
"اثیر احمد","غزل",1,"613"
"اثیر احمد","فراز",1,"550"
"اثیر احمد","فرخ بشیر",1,"603"
"اثیر احمد","فضلی",2,"613 614"
"اثیر احمد","فیض احمد فیض",1,"108"
"اثیر احمد","قدرت اللہ شہاب",4,"197 436 550 613"
"اثیر احمد","مبار",2,"185 613"
"اثیر احمد","محمد خاں",3,"168 287 412"
"اثیر احمد","محمد رفیق",1,"190"
"اثیر احمد","مسعود میاں",2,"550 616"
"اثیر احمد","مفتی جی",4,"197 255 550 603"
"اثیر احمد","ممتاز آپا",1,"197"
"اثیر احمد","ممتاز مفتی",4,"197 255 550 603"
"اثیر احمد","مولوی طوطا",2,"184 481"
"اثیر احمد","میاں تقی",1,"219"
"اثیر احمد","ناہید",1,"565"
"اثیر احمد","نصرت بیگم",1,"581"
"اثیر احمد","نغمہ",2,"613 617"
"اثیر احمد","نور الحسن",1,"603"
"اثیر احمد","نینی",4,"613 614 616 617"
"اثیر احمد","پرویز چٹھہ",5,"108 169 204 219 244"
"اثیر احمد","پیر آف مکھنڈ",1,"614"
"اثیر احمد","ڈاکٹر ایوب احمد خاں",1,"255"
"اثیر احمد","ڈاکٹر جواد ساجد",1,"481"
"اثیر احمد","ڈاکٹر زبیر",1,"481"
"اثیر احمد","ڈاکٹر صاحب (راشد لطیف ہسپتال)",4,"108 186 187 377"
"اثیر احمد","ڈاکٹر طارق بن افتخار",1,"108"
"اثیر احمد","ڈاکٹر عاطف گوہیر",1,"475"
"اثیر احمد","ڈاکٹر فیصل آبادی",4,"108 186 187 377"
"اثیر احمد","ڈاکٹر مارٹن",2,"168 169"
"اثیر احمد","ڈیڈی جی",3,"168 219 376"
"اثیر احمد","کشور",1,"565"
"اثیر احمد","ہاروے",1,"617"
"اثیر خان","احمد خاں",1,"219"
"اثیر خان","احمد خاں (بیٹا)",1,"219"
"اثیر خان","اشفاق احمد",3,"184 219 581"
"اثیر خان","بانو قدسیہ",3,"184 219 581"
"اثیر خان","بیگم ذاکر چٹھہ",2,"184 219"
"اثیر خان","جمیلہ ظفر",1,"184"
"اثیر خان","جمیلہ ملک",1,"184"
"اثیر خان","جمیلہ ہاشمی",1,"184"
"اثیر خان","رابعہ",1,"581"
"اثیر خان","ریزی",1,"219"
"اثیر خان","شہزادی مامی",1,"219"
"اثیر خان","علی",1,"184"
"اثیر خان","مولوی طوطا",1,"184"
"اثیر خان","میاں تقی",1,"219"
"اثیر خان","نصرت بیگم",1,"581"
"اثیر خان","پرویز چٹھہ",1,"219"
"اثیر خان","ڈیڈی جی",1,"219"
"احمد خاں","احمد خاں (بیٹا)",42,"22 25 31 33 39 43 62 81 83 88 103 108 116 117 160 186 201 203 206 216 219 228 249 255 257 260 287 300 341 349 356 377 398 469 535 547 563 580 588 660 665 666"
"احمد خاں","اسحاق احمد خاں",2,"203 287"
"احمد خاں","اشتیاق",5,"22 33 81 116 398"
"احمد خاں","اشتیاق احمد خاں",8,"22 25 33 81 83 116 160 398"
"احمد خاں","اشفاق احمد",33,"22 31 33 39 43 62 81 83 88 108 116 117 160 186 201 203 216 219 228 249 255 260 287 300 341 349 356 377 398 469 535 563 580"
"احمد خاں","افتخار",5,"22 33 39 108 116"
"احمد خاں","افتخار بھائی",5,"22 33 39 108 116"
"احمد خاں","افضل",2,"206 228"
"احمد خاں","اقبال",5,"22 25 33 62 83"
"احمد خاں","اقبال احمد خاں",5,"22 25 33 62 83"
"احمد خاں","اقبال ملک",2,"33 228"
"احمد خاں","امیر خان",6,"108 186 356 398 547 563"
"احمد خاں","انیس",8,"22 186 216 349 356 377 398 469"
"احمد خاں","انیس خاں",8,"22 186 216 349 356 377 398 469"
"احمد خاں","انیق",7,"186 287 300 356 398 469 547"
"احمد خاں","انیق احمد",7,"186 287 300 356 398 469 547"
"احمد خاں","انیق احمد (انگریزی شاعر)",3,"300 398 547"
"احمد خاں","انیق خان",7,"186 287 300 356 398 469 547"
"احمد خاں","باب ہیز",1,"580"
"احمد خاں","بابا جی",6,"83 203 206 287 398 580"
"احمد خاں","بابا جی محمد خاں",6,"83 203 206 287 398 580"
"احمد خاں","بابا نور والے",6,"83 203 206 287 398 580"
"احمد خاں","بانو قدسیہ",42,"22 25 31 33 39 43 62 81 83 88 103 108 116 117 160 186 201 203 206 216 219 228 249 255 257 260 287 300 341 349 356 377 398 469 535 547 563 580 588 660 665 666"
"احمد خاں","بٹ صاحب",1,"249"
"احمد خاں","بیگم ذاکر چٹھہ",14,"22 33 62 81 103 108 117 160 206 216 219 349 377 588"
"احمد خاں","تاج صاحب",2,"88 249"
"احمد خاں","توصیف احمد خان",1,"300"
"احمد خاں","تویلہ",2,"22 216"
"احمد خاں","جاوید",6,"22 31 39 203 216 300"
"احمد خاں","جاوید طارق",6,"22 31 39 203 216 300"
"احمد خاں","جمیلہ اختر",1,"88"
"احمد خاں","جمیلہ ظفر",1,"88"
"احمد خاں","جمیلہ ملک",1,"88"
"احمد خاں","خالہ فیروزہ",1,"31"
"احمد خاں","دوست محمد خاں",7,"22 83 203 206 287 398 580"
"احمد خاں","ذکیہ",1,"203"
"احمد خاں","رشید احمد چودھری",3,"39 206 228"
"احمد خاں","روحی",1,"398"
"احمد خاں","ریاض محمود",1,"249"
"احمد خاں","ریزی",7,"33 83 103 108 117 219 300"
"احمد خاں","زینب",2,"83 103"
"احمد خاں","سردار بیگم",7,"22 25 62 88 160 201 203"
"احمد خاں","سعید اثر",5,"88 116 206 228 249"
"احمد خاں","شریف الدین",1,"260"
"احمد خاں","شفقت",1,"117"
"احمد خاں","شہاب",2,"469 547"
"احمد خاں","شہزادی مامی",1,"219"
"احمد خاں","صدیقہ",1,"216"
"احمد خاں","صوفی صاحب",4,"62 83 186 535"
"احمد خاں","صوفی غلام مصطفیٰ تبسم",1,"186"
"احمد خاں","ضیاء الحق",2,"33 62"
"احمد خاں","طارق بن افتخار",6,"22 31 33 39 108 216"
"احمد خاں","عظمی",1,"31"
"احمد خاں","علی",3,"31 216 287"
"احمد خاں","عمر بکری",1,"88"
"احمد خاں","عمر صاحب",8,"31 88 117 206 216 228 255 580"
"احمد خاں","فراز",1,"62"
"احمد خاں","فیروزہ بیگم",1,"31"
"احمد خاں","فیض احمد فیض",1,"108"
"احمد خاں","قاسم",1,"300"
"احمد خاں","قاضی شاہد خان",1,"300"
"احمد خاں","قدرت اللہ شہاب",2,"469 547"
"احمد خاں","لالو",3,"81 83 103"
"احمد خاں","مبار",2,"116 117"
"احمد خاں","محمد حسین",4,"33 62 88 300"
"احمد خاں","محمد حسین (آرٹسٹ)",4,"33 62 88 300"
"احمد خاں","محمد خاں",10,"22 31 33 83 116 203 206 287 398 580"
"احمد خاں","محمد رفیق",1,"356"
"احمد خاں","محمودہ منظور زئی",1,"33"
"احمد خاں","مفتی جی",6,"33 43 62 88 216 255"
"احمد خاں","ممتاز آپا",4,"62 88 103 216"
"احمد خاں","ممتاز مفتی",6,"33 43 62 88 216 255"
"احمد خاں","میاں تقی",1,"219"
"احمد خاں","ناہید",8,"31 39 81 160 206 228 257 580"
"احمد خاں","نیلو",1,"62"
"احمد خاں","ٹھیکیدار محمد حسین",1,"300"
"احمد خاں","پروفیسر آفتاب احمد",1,"22"
"احمد خاں","پرویز چٹھہ",7,"33 83 103 108 117 219 300"
"احمد خاں","ڈاکٹر ایوب احمد خاں",9,"22 25 39 83 160 206 255 257 580"
"احمد خاں","ڈاکٹر جواد ساجد",1,"31"
"احمد خاں","ڈاکٹر حسنات احمد",1,"39"
"احمد خاں","ڈاکٹر حسنات احمد خاں",1,"39"
"احمد خاں","ڈاکٹر صاحب (راشد لطیف ہسپتال)",7,"108 116 186 377 398 580 588"
"احمد خاں","ڈاکٹر طارق بن افتخار",4,"22 33 39 108"
"احمد خاں","ڈاکٹر فیصل آبادی",7,"108 116 186 377 398 580 588"
"احمد خاں","ڈاکٹر مارٹن",1,"216"
"احمد خاں","ڈیڈی جی",6,"25 33 62 81 160 219"
"احمد خاں (بیٹا)","اسحاق احمد خاں",2,"203 287"
"احمد خاں (بیٹا)","اشتیاق",5,"22 33 81 116 398"
"احمد خاں (بیٹا)","اشتیاق احمد خاں",8,"22 25 33 81 83 116 160 398"
"احمد خاں (بیٹا)","اشفاق احمد",33,"22 31 33 39 43 62 81 83 88 108 116 117 160 186 201 203 216 219 228 249 255 260 287 300 341 349 356 377 398 469 535 563 580"
"احمد خاں (بیٹا)","افتخار",5,"22 33 39 108 116"
"احمد خاں (بیٹا)","افتخار بھائی",5,"22 33 39 108 116"
"احمد خاں (بیٹا)","افضل",2,"206 228"
"احمد خاں (بیٹا)","اقبال",5,"22 25 33 62 83"
"احمد خاں (بیٹا)","اقبال احمد خاں",5,"22 25 33 62 83"
"احمد خاں (بیٹا)","اقبال ملک",2,"33 228"
"احمد خاں (بیٹا)","امیر خان",6,"108 186 356 398 547 563"
"احمد خاں (بیٹا)","انیس",8,"22 186 216 349 356 377 398 469"
"احمد خاں (بیٹا)","انیس خاں",8,"22 186 216 349 356 377 398 469"
"احمد خاں (بیٹا)","انیق",7,"186 287 300 356 398 469 547"
"احمد خاں (بیٹا)","انیق احمد",7,"186 287 300 356 398 469 547"
"احمد خاں (بیٹا)","انیق احمد (انگریزی شاعر)",3,"300 398 547"
"احمد خاں (بیٹا)","انیق خان",7,"186 287 300 356 398 469 547"
"احمد خاں (بیٹا)","باب ہیز",1,"580"
"احمد خاں (بیٹا)","بابا جی",6,"83 203 206 287 398 580"
"احمد خاں (بیٹا)","بابا جی محمد خاں",6,"83 203 206 287 398 580"
"احمد خاں (بیٹا)","بابا نور والے",6,"83 203 206 287 398 580"
"احمد خاں (بیٹا)","بانو قدسیہ",42,"22 25 31 33 39 43 62 81 83 88 103 108 116 117 160 186 201 203 206 216 219 228 249 255 257 260 287 300 341 349 356 377 398 469 535 547 563 580 588 660 665 666"
"احمد خاں (بیٹا)","بٹ صاحب",1,"249"
"احمد خاں (بیٹا)","بیگم ذاکر چٹھہ",14,"22 33 62 81 103 108 117 160 206 216 219 349 377 588"
"احمد خاں (بیٹا)","تاج صاحب",2,"88 249"
"احمد خاں (بیٹا)","توصیف احمد خان",1,"300"
"احمد خاں (بیٹا)","تویلہ",2,"22 216"
"احمد خاں (بیٹا)","جاوید",6,"22 31 39 203 216 300"
"احمد خاں (بیٹا)","جاوید طارق",6,"22 31 39 203 216 300"
"احمد خاں (بیٹا)","جمیلہ اختر",1,"88"
"احمد خاں (بیٹا)","جمیلہ ظفر",1,"88"
"احمد خاں (بیٹا)","جمیلہ ملک",1,"88"
"احمد خاں (بیٹا)","خالہ فیروزہ",1,"31"
"احمد خاں (بیٹا)","دوست محمد خاں",7,"22 83 203 206 287 398 580"
"احمد خاں (بیٹا)","ذکیہ",1,"203"
"احمد خاں (بیٹا)","رشید احمد چودھری",3,"39 206 228"
"احمد خاں (بیٹا)","روحی",1,"398"
"احمد خاں (بیٹا)","ریاض محمود",1,"249"
"احمد خاں (بیٹا)","ریزی",7,"33 83 103 108 117 219 300"
"احمد خاں (بیٹا)","زینب",2,"83 103"
"احمد خاں (بیٹا)","سردار بیگم",7,"22 25 62 88 160 201 203"
"احمد خاں (بیٹا)","سعید اثر",5,"88 116 206 228 249"
"احمد خاں (بیٹا)","شریف الدین",1,"260"
"احمد خاں (بیٹا)","شفقت",1,"117"
"احمد خاں (بیٹا)","شہاب",2,"469 547"
"احمد خاں (بیٹا)","شہزادی مامی",1,"219"
"احمد خاں (بیٹا)","صدیقہ",1,"216"
"احمد خاں (بیٹا)","صوفی صاحب",4,"62 83 186 535"
"احمد خاں (بیٹا)","صوفی غلام مصطفیٰ تبسم",1,"186"
"احمد خاں (بیٹا)","ضیاء الحق",2,"33 62"
"احمد خاں (بیٹا)","طارق بن افتخار",6,"22 31 33 39 108 216"
"احمد خاں (بیٹا)","عظمی",1,"31"
"احمد خاں (بیٹا)","علی",3,"31 216 287"
"احمد خاں (بیٹا)","عمر بکری",1,"88"
"احمد خاں (بیٹا)","عمر صاحب",8,"31 88 117 206 216 228 255 580"
"احمد خاں (بیٹا)","فراز",1,"62"
"احمد خاں (بیٹا)","فیروزہ بیگم",1,"31"
"احمد خاں (بیٹا)","فیض احمد فیض",1,"108"
"احمد خاں (بیٹا)","قاسم",1,"300"
"احمد خاں (بیٹا)","قاضی شاہد خان",1,"300"
"احمد خاں (بیٹا)","قدرت اللہ شہاب",2,"469 547"
"احمد خاں (بیٹا)","لالو",3,"81 83 103"
"احمد خاں (بیٹا)","مبار",2,"116 117"
"احمد خاں (بیٹا)","محمد حسین",4,"33 62 88 300"
"احمد خاں (بیٹا)","محمد حسین (آرٹسٹ)",4,"33 62 88 300"
"احمد خاں (بیٹا)","محمد خاں",10,"22 31 33 83 116 203 206 287 398 580"
"احمد خاں (بیٹا)","محمد رفیق",1,"356"
"احمد خاں (بیٹا)","محمودہ منظور زئی",1,"33"
"احمد خاں (بیٹا)","مفتی جی",6,"33 43 62 88 216 255"
"احمد خاں (بیٹا)","ممتاز آپا",4,"62 88 103 216"
"احمد خاں (بیٹا)","ممتاز مفتی",6,"33 43 62 88 216 255"
"احمد خاں (بیٹا)","میاں تقی",1,"219"
"احمد خاں (بیٹا)","ناہید",8,"31 39 81 160 206 228 257 580"
"احمد خاں (بیٹا)","نیلو",1,"62"
"احمد خاں (بیٹا)","ٹھیکیدار محمد حسین",1,"300"
"احمد خاں (بیٹا)","پروفیسر آفتاب احمد",1,"22"
"احمد خاں (بیٹا)","پرویز چٹھہ",7,"33 83 103 108 117 219 300"
"احمد خاں (بیٹا)","ڈاکٹر ایوب احمد خاں",9,"22 25 39 83 160 206 255 257 580"
"احمد خاں (بیٹا)","ڈاکٹر جواد ساجد",1,"31"
"احمد خاں (بیٹا)","ڈاکٹر حسنات احمد",1,"39"
"احمد خاں (بیٹا)","ڈاکٹر حسنات احمد خاں",1,"39"
"احمد خاں (بیٹا)","ڈاکٹر صاحب (راشد لطیف ہسپتال)",7,"108 116 186 377 398 580 588"
"احمد خاں (بیٹا)","ڈاکٹر طارق بن افتخار",4,"22 33 39 108"
"احمد خاں (بیٹا)","ڈاکٹر فیصل آبادی",7,"108 116 186 377 398 580 588"
"احمد خاں (بیٹا)","ڈاکٹر مارٹن",1,"216"
"احمد خاں (بیٹا)","ڈیڈی جی",6,"25 33 62 81 160 219"
"اسحاق احمد خاں","اشفاق احمد",7,"193 203 204 207 208 287 316"
"اسحاق احمد خاں","اقبال",1,"207"
"اسحاق احمد خاں","اقبال احمد خاں",1,"207"
"اسحاق احمد خاں","امیر خان",1,"193"
"اسحاق احمد خاں","انیس",2,"204 316"
"اسحاق احمد خاں","انیس خاں",2,"204 316"
"اسحاق احمد خاں","انیق",3,"204 287 316"
"اسحاق احمد خاں","انیق احمد",3,"204 287 316"
"اسحاق احمد خاں","انیق خان",3,"204 287 316"
"اسحاق احمد خاں","بابا جی",4,"203 207 208 287"
"اسحاق احمد خاں","بابا جی محمد خاں",4,"203 207 208 287"
"اسحاق احمد خاں","بابا نور والے",4,"203 207 208 287"
"اسحاق احمد خاں","بانو قدسیہ",8,"126 193 203 204 207 208 287 316"
"اسحاق احمد خاں","بیگم ذاکر چٹھہ",2,"126 204"
"اسحاق احمد خاں","جاوید",1,"203"
"اسحاق احمد خاں","جاوید طارق",1,"203"
"اسحاق احمد خاں","دوست محمد خاں",4,"203 207 208 287"
"اسحاق احمد خاں","ذکیہ",3,"203 204 208"
"اسحاق احمد خاں","ریزی",1,"204"
"اسحاق احمد خاں","سردار بیگم",3,"203 207 208"
"اسحاق احمد خاں","شہزادی مامی",1,"316"
"اسحاق احمد خاں","علی",1,"287"
"اسحاق احمد خاں","عمر صاحب",1,"204"
"اسحاق احمد خاں","عکسی مفتی",1,"193"
"اسحاق احمد خاں","مبار",1,"208"
"اسحاق احمد خاں","محمد خاں",4,"203 207 208 287"
"اسحاق احمد خاں","مفتی جی",1,"193"
"اسحاق احمد خاں","ممتاز مفتی",1,"193"
"اسحاق احمد خاں","پرویز چٹھہ",1,"204"
"اسحاق احمد خاں","ڈاکٹر ایوب احمد خاں",1,"207"
"اشتیاق","اشتیاق احمد خاں",29,"4 22 33 35 36 38 67 81 89 90 92 116 156 179 212 226 241 266 292 348 393 398 454 457 491 493 523 572 653"
"اشتیاق","اشفاق احمد",27,"4 22 33 35 36 38 81 89 90 92 116 156 179 212 226 241 266 292 348 393 398 454 457 491 493 523 572"
"اشتیاق","اعجاز",1,"241"
"اشتیاق","افتخار",3,"22 33 116"
"اشتیاق","افتخار بھائی",3,"22 33 116"
"اشتیاق","اقبال",3,"22 33 92"
"اشتیاق","اقبال احمد خاں",3,"22 33 92"
"اشتیاق","اقبال ملک",1,"33"
"اشتیاق","الحق بھائی",3,"35 38 393"
"اشتیاق","امجد",1,"393"
"اشتیاق","امیر خان",3,"156 398 457"
"اشتیاق","امیری بیگم",1,"90"
"اشتیاق","انیس",5,"22 292 398 491 493"
"اشتیاق","انیس خاں",5,"22 292 398 491 493"
"اشتیاق","انیق",2,"292 398"
"اشتیاق","انیق احمد",2,"292 398"
"اشتیاق","انیق احمد (انگریزی شاعر)",1,"398"
"اشتیاق","انیق خان",2,"292 398"
"اشتیاق","بابا جی",7,"4 35 36 38 89 393 398"
"اشتیاق","بابا جی محمد خاں",7,"4 35 36 38 89 393 398"
"اشتیاق","بابا نور والے",7,"4 35 36 38 89 393 398"
"اشتیاق","بابر",1,"4"
"اشتیاق","بانو قدسیہ",28,"4 22 33 35 36 38 67 81 89 90 92 116 156 179 212 226 241 266 292 348 393 398 454 457 491 493 523 572"
"اشتیاق","بٹ صاحب",1,"572"
"اشتیاق","بیگم ذاکر چٹھہ",6,"22 33 81 156 179 241"
"اشتیاق","تاج صاحب",1,"226"
"اشتیاق","توصیف احمد خان",1,"348"
"اشتیاق","تویلہ",2,"22 491"
"اشتیاق","جاوید",6,"22 212 226 241 348 491"
"اشتیاق","جاوید طارق",6,"22 212 226 241 348 491"
"اشتیاق","جمیلہ اختر",1,"226"
"اشتیاق","جمیلہ ظفر",1,"226"
"اشتیاق","جمیلہ ملک",1,"226"
"اشتیاق","جوئی گیون",2,"454 457"
"اشتیاق","خالد",3,"226 491 653"
"اشتیاق","خالد (بیٹا نور الحسن)",3,"226 491 653"
"اشتیاق","خالد (شوہر جمیلہ ظفر)",3,"226 491 653"
"اشتیاق","خالہ فیروزہ",1,"156"
"اشتیاق","دوست محمد خاں",8,"4 22 35 36 38 89 393 398"
"اشتیاق","ذکیہ",1,"36"
"اشتیاق","روحی",2,"292 398"
"اشتیاق","ریاض محمود",1,"266"
"اشتیاق","ریزی",4,"33 90 92 156"
"اشتیاق","سردار بیگم",5,"22 36 89 90 179"
"اشتیاق","سعید اثر",2,"116 156"
"اشتیاق","سلیمان اینڈریوز",2,"454 457"
"اشتیاق","شہاب",1,"348"
"اشتیاق","صائل",2,"266 572"
"اشتیاق","صدیقہ",2,"241 348"
"اشتیاق","صوفی صاحب",1,"241"
"اشتیاق","ضیاء الحق",3,"33 35 92"
"اشتیاق","طارق بن افتخار",5,"22 33 212 226 241"
"اشتیاق","عظمی",1,"241"
"اشتیاق","علی",1,"241"
"اشتیاق","عمر صاحب",4,"38 226 241 457"
"اشتیاق","غزل",2,"4 38"
"اشتیاق","فیروزہ بیگم",1,"156"
"اشتیاق","قاسم",1,"292"
"اشتیاق","قدرت اللہ شہاب",1,"348"
"اشتیاق","قمر ریکارڈسٹ",1,"156"
"اشتیاق","لالو",1,"81"
"اشتیاق","مبار",2,"89 116"
"اشتیاق","محمد حسین",2,"33 179"
"اشتیاق","محمد حسین (آرٹسٹ)",2,"33 179"
"اشتیاق","محمد خاں",10,"4 22 33 35 36 38 89 116 393 398"
"اشتیاق","محمودہ منظور زئی",3,"33 90 179"
"اشتیاق","مفتی جی",1,"33"
"اشتیاق","ممتاز مفتی",1,"33"
"اشتیاق","ناہید",2,"81 241"
"اشتیاق","نیلو",1,"92"
"اشتیاق","پروفیسر آفتاب احمد",1,"22"
"اشتیاق","پرویز چٹھہ",4,"33 90 92 156"
"اشتیاق","ڈاکٹر ایوب احمد خاں",1,"22"
"اشتیاق","ڈاکٹر حسنات احمد",1,"241"
"اشتیاق","ڈاکٹر حسنات احمد خاں",1,"241"
"اشتیاق","ڈاکٹر صاحب (راشد لطیف ہسپتال)",2,"116 398"
"اشتیاق","ڈاکٹر طارق بن افتخار",2,"22 33"
"اشتیاق","ڈاکٹر فیصل آبادی",2,"116 398"
"اشتیاق","ڈیڈی جی",3,"33 81 179"
"اشتیاق","کیتھی",1,"493"
"اشتیاق احمد خاں","اشفاق احمد",33,"4 22 33 35 36 37 38 81 83 89 90 92 116 152 156 160 171 177 179 212 226 241 266 292 348 393 398 454 457 491 493 523 572"
"اشتیاق احمد خاں","اعجاز",1,"241"
"اشتیاق احمد خاں","افتخار",5,"22 33 116 152 177"
"اشتیاق احمد خاں","افتخار بھائی",5,"22 33 116 152 177"
"اشتیاق احمد خاں","اقبال",7,"22 25 33 37 83 92 104"
"اشتیاق احمد خاں","اقبال احمد خاں",7,"22 25 33 37 83 92 104"
"اشتیاق احمد خاں","اقبال ملک",2,"33 104"
"اشتیاق احمد خاں","الحق بھائی",3,"35 38 393"
"اشتیاق احمد خاں","امجد",1,"393"
"اشتیاق احمد خاں","امیر خان",3,"156 398 457"
"اشتیاق احمد خاں","امیری بیگم",1,"90"
"اشتیاق احمد خاں","انور ملک",1,"177"
"اشتیاق احمد خاں","انیس",6,"22 104 292 398 491 493"
"اشتیاق احمد خاں","انیس خاں",6,"22 104 292 398 491 493"
"اشتیاق احمد خاں","انیق",2,"292 398"
"اشتیاق احمد خاں","انیق احمد",2,"292 398"
"اشتیاق احمد خاں","انیق احمد (انگریزی شاعر)",1,"398"
"اشتیاق احمد خاں","انیق خان",2,"292 398"
"اشتیاق احمد خاں","اولیں",1,"177"
"اشتیاق احمد خاں","بابا جی",10,"4 35 36 37 38 83 89 104 393 398"
"اشتیاق احمد خاں","بابا جی محمد خاں",10,"4 35 36 37 38 83 89 104 393 398"
"اشتیاق احمد خاں","بابا نور والے",10,"4 35 36 37 38 83 89 104 393 398"
"اشتیاق احمد خاں","بابر",1,"4"
"اشتیاق احمد خاں","بانو قدسیہ",36,"4 22 25 33 35 36 37 38 67 81 83 89 90 92 104 116 152 156 160 171 177 179 212 226 241 266 292 348 393 398 454 457 491 493 523 572"
"اشتیاق احمد خاں","بٹ صاحب",1,"572"
"اشتیاق احمد خاں","بیگم ذاکر چٹھہ",10,"22 33 81 104 152 156 160 177 179 241"
"اشتیاق احمد خاں","تاج صاحب",1,"226"
"اشتیاق احمد خاں","توصیف احمد خان",1,"348"
"اشتیاق احمد خاں","تویلہ",2,"22 491"
"اشتیاق احمد خاں","جاوید",6,"22 212 226 241 348 491"
"اشتیاق احمد خاں","جاوید طارق",6,"22 212 226 241 348 491"
"اشتیاق احمد خاں","جمیلہ اختر",1,"226"
"اشتیاق احمد خاں","جمیلہ ظفر",1,"226"
"اشتیاق احمد خاں","جمیلہ ملک",1,"226"
"اشتیاق احمد خاں","جوئی گیون",2,"454 457"
"اشتیاق احمد خاں","خالد",3,"226 491 653"
"اشتیاق احمد خاں","خالد (بیٹا نور الحسن)",3,"226 491 653"
"اشتیاق احمد خاں","خالد (شوہر جمیلہ ظفر)",3,"226 491 653"
"اشتیاق احمد خاں","خالہ فیروزہ",2,"104 156"
"اشتیاق احمد خاں","دوست محمد خاں",11,"4 22 35 36 37 38 83 89 104 393 398"
"اشتیاق احمد خاں","ذکیہ",2,"36 37"
"اشتیاق احمد خاں","روحی",2,"292 398"
"اشتیاق احمد خاں","ریاض محمود",1,"266"
"اشتیاق احمد خاں","ریزی",9,"33 83 90 92 104 152 156 171 177"
"اشتیاق احمد خاں","زینب",1,"83"
"اشتیاق احمد خاں","سردار بیگم",7,"22 25 36 89 90 160 179"
"اشتیاق احمد خاں","سعید اثر",2,"116 156"
"اشتیاق احمد خاں","سلیمان اینڈریوز",2,"454 457"
"اشتیاق احمد خاں","شہاب",1,"348"
"اشتیاق احمد خاں","صائل",2,"266 572"
"اشتیاق احمد خاں","صدیقہ",2,"241 348"
"اشتیاق احمد خاں","صوفی صاحب",2,"83 241"
"اشتیاق احمد خاں","ضیاء الحق",3,"33 35 92"
"اشتیاق احمد خاں","طارق بن افتخار",5,"22 33 212 226 241"
"اشتیاق احمد خاں","عظمی",1,"241"
"اشتیاق احمد خاں","علی",1,"241"
"اشتیاق احمد خاں","عمر صاحب",5,"37 38 226 241 457"
"اشتیاق احمد خاں","غزل",3,"4 38 177"
"اشتیاق احمد خاں","فیروزہ بیگم",3,"104 156 177"
"اشتیاق احمد خاں","قاسم",1,"292"
"اشتیاق احمد خاں","قدرت اللہ شہاب",1,"348"
"اشتیاق احمد خاں","قمر ریکارڈسٹ",1,"156"
"اشتیاق احمد خاں","لالو",2,"81 83"
"اشتیاق احمد خاں","ماچھا جی",1,"152"
"اشتیاق احمد خاں","مبار",2,"89 116"
"اشتیاق احمد خاں","محمد حسین",2,"33 179"
"اشتیاق احمد خاں","محمد حسین (آرٹسٹ)",2,"33 179"
"اشتیاق احمد خاں","محمد خاں",13,"4 22 33 35 36 37 38 83 89 104 116 393 398"
"اشتیاق احمد خاں","محمودہ منظور زئی",5,"33 90 104 152 179"
"اشتیاق احمد خاں","مفتی جی",1,"33"
"اشتیاق احمد خاں","ممتاز مفتی",1,"33"
"اشتیاق احمد خاں","ناہید",5,"81 160 171 177 241"
"اشتیاق احمد خاں","نیلو",2,"92 104"
"اشتیاق احمد خاں","پروفیسر آفتاب احمد",1,"22"
"اشتیاق احمد خاں","پرویز چٹھہ",9,"33 83 90 92 104 152 156 171 177"
"اشتیاق احمد خاں","ڈاکٹر ایوب احمد خاں",4,"22 25 83 160"
"اشتیاق احمد خاں","ڈاکٹر حسنات احمد",1,"241"
"اشتیاق احمد خاں","ڈاکٹر حسنات احمد خاں",1,"241"
"اشتیاق احمد خاں","ڈاکٹر صاحب (راشد لطیف ہسپتال)",2,"116 398"
"اشتیاق احمد خاں","ڈاکٹر طارق بن افتخار",2,"22 33"
"اشتیاق احمد خاں","ڈاکٹر فیصل آبادی",2,"116 398"
"اشتیاق احمد خاں","ڈیڈی جی",6,"25 33 81 152 160 179"
"اشتیاق احمد خاں","کیتھی",1,"493"
"اشفاق احمد","اصغر ندیم سید",4,"272 274 350 571"
"اشفاق احمد","اعجاز",3,"241 450 585"
"اشفاق احمد","افتخار",24,"1 22 33 34 39 63 108 116 118 131 150 152 177 209 210 267 347 376 485 498 566 567 578 619"
"اشفاق احمد","افتخار بھائی",24,"1 22 33 34 39 63 108 116 118 131 150 152 177 209 210 267 347 376 485 498 566 567 578 619"
"اشفاق احمد","افضل",6,"228 258 294 295 405 564"
"اشفاق احمد","اقبال",38,"1 22 33 34 37 57 61 62 74 83 86 92 94 182 207 210 220 267 294 310 327 364 405 406 407 409 410 412 452 467 494 519 529 541 542 557 559 585"
"اشفاق احمد","اقبال احمد خاں",38,"1 22 33 34 37 57 61 62 74 83 86 92 94 182 207 210 220 267 294 310 327 364 405 406 407 409 410 412 452 467 494 519 529 541 542 557 559 585"
"اشفاق احمد","اقبال ملک",11,"33 34 86 123 162 166 169 176 202 209 228"
"اشفاق احمد","الحق بھائی",13,"1 35 38 61 244 271 313 329 393 467 567 568 583"
"اشفاق احمد","امجد",8,"288 393 418 419 567 568 607 617"
"اشفاق احمد","امیر خان",41,"54 57 108 156 183 186 187 189 193 194 205 209 210 227 277 286 290 299 342 356 376 391 394 398 412 436 448 457 464 468 481 512 558 562 563 584 590 600 603 604 611"
"اشفاق احمد","امیری بیگم",1,"90"
"اشفاق احمد","امینہ ملک",1,"86"
"اشفاق احمد","انور ملک",11,"85 86 176 177 215 250 252 462 543 544 548"
"اشفاق احمد","انیب بیگم",1,"603"
"اشفاق احمد","انیس",44,"22 59 163 167 186 187 188 190 200 204 205 214 216 244 277 286 288 290 292 294 313 316 349 356 376 377 398 417 430 461 469 476 480 486 491 493 494 552 555 558 575 587 595 618"
"اشفاق احمد","انیس خاں",44,"22 59 163 167 186 187 188 190 200 204 205 214 216 244 277 286 288 290 292 294 313 316 349 356 376 377 398 417 430 461 469 476 480 486 491 493 494 552 555 558 575 587 595 618"
"اشفاق احمد","انیق",44,"166 167 168 183 185 186 187 197 204 205 213 220 244 283 284 285 286 287 288 290 292 294 300 316 319 352 355 356 371 373 375 398 406 410 428 439 458 469 481 564 587 590 595 618"
"اشفاق احمد","انیق احمد",44,"166 167 168 183 185 186 187 197 204 205 213 220 244 283 284 285 286 287 288 290 292 294 300 316 319 352 355 356 371 373 375 398 406 410 428 439 458 469 481 564 587 590 595 618"
"اشفاق احمد","انیق احمد (انگریزی شاعر)",2,"300 398"
"اشفاق احمد","انیق خان",44,"166 167 168 183 185 186 187 197 204 205 213 220 244 283 284 285 286 287 288 290 292 294 300 316 319 352 355 356 371 373 375 398 406 410 428 439 458 469 481 564 587 590 595 618"
"اشفاق احمد","اولیں",7,"9 109 119 161 177 552 604"
"اشفاق احمد","ایلسا",3,"220 231 233"
"اشفاق احمد","با با احسن",1,"330"
"اشفاق احمد","باؤسانی",1,"233"
"اشفاق احمد","باب ہیز",18,"154 168 169 272 357 421 422 423 424 425 427 428 429 437 438 439 525 580"
"اشفاق احمد","باب ہیوز",10,"272 421 422 423 424 425 429 437 439 525"
"اشفاق احمد","بابا جلال",7,"365 367 396 400 402 404 411"
"اشفاق احمد","بابا جی",63,"1 3 4 8 11 13 14 24 34 35 36 37 38 61 83 89 111 162 203 207 208 261 262 276 286 287 290 360 364 365 366 367 368 370 386 390 391 393 395 396 397 398 400 402 403 404 405 406 407 409 411 412 414 419 422 423 449 473 540 580 584 599 635"
"اشفاق احمد","بابا جی محمد خاں",63,"1 3 4 8 11 13 14 24 34 35 36 37 38 61 83 89 111 162 203 207 208 261 262 276 286 287 290 360 364 365 366 367 368 370 386 390 391 393 395 396 397 398 400 402 403 404 405 406 407 409 411 412 414 419 422 423 449 473 540 580 584 599 635"
"اشفاق احمد","بابا فضل شاہ",6,"6 285 396 397 513 529"
"اشفاق احمد","بابا نور والے",64,"1 3 4 8 11 13 14 15 24 34 35 36 37 38 61 83 89 111 162 203 207 208 261 262 276 286 287 290 360 364 365 366 367 368 370 386 390 391 393 395 396 397 398 400 402 403 404 405 406 407 409 411 412 414 419 422 423 449 473 540 580 584 599 635"
"اشفاق احمد","بابر",4,"4 397 595 617"
"اشفاق احمد","بانو قدسیہ",465,"1 3 4 6 7 8 9 10 11 12 13 14 15 21 22 23 24 26 31 33 34 35 36 37 38 39 40 43 44 51 54 56 57 58 59 61 62 63 65 66 68 69 71 74 75 76 77 79 81 82 83 84 85 86 87 88 89 90 92 94 98 99 100 101 102 107 108 109 110 111 112 113 115 116 117 118 119 122 123 125 127 128 131 150 151 152 153 154 156 160 161 162 163 164 165 166 167 168 169 171 173 176 177 178 179 181 182 183 184 185 186 187 188 189 190 192 193 194 196 197 198 199 200 201 202 203 204 205 207 208 209 210 211 212 213 214 215 216 217 218 219 220 221 222 223 224 225 226 227 228 229 230 231 232 233 234 235 236 237 238 239 240 241 242 243 244 245 246 248 249 250 251 252 253 254 255 258 259 260 261 262 263 264 265 266 267 268 269 270 271 272 273 274 275 276 277 278 279 280 281 282 283 284 285 286 287 288 290 291 292 293 294 295 299 300 309 310 312 313 316 319 325 326 327 328 329 330 331 332 333 340 341 342 343 345 346 347 348 349 350 351 352 353 354 355 356 357 359 360 361 362 363 364 365 366 367 368 369 370 371 373 375 376 377 380 386 387 388 390 391 393 394 395 396 397 398 400 402 403 404 405 406 407 408 409 410 411 412 414 415 417 418 419 420 421 422 423 424 425 427 428 429 430 432 436 437 438 439 442 447 448 449 450 451 452 453 454 456 457 458 460 461 462 463 464 465 466 467 468 469 470 471 472 473 474 475 476 477 478 479 480 481 485 486 487 488 489 490 491 492 493 494 495 496 497 498 499 502 505 510 511 512 513 514 515 516 517 518 519 520 521 522 523 524 525 526 527 528 529 530 531 532 533 534 535 536 537 538 539 540 541 542 543 544 546 548 549 550 551 552 553 555 556 557 558 559 560 561 562 563 564 566 567 568 569 570 571 572 574 575 576 577 578 580 581 582 583 584 585 586 587 589 590 591 592 593 594 595 599 600 601 602 603 604 605 606 607 610 611 612 614 615 617 618 619 620 623 625 631 633 634 635 636 637 682"
"اشفاق احمد","بجیم",1,"330"
"اشفاق احمد","برجی",2,"368 370"
"اشفاق احمد","برکی",1,"330"
"اشفاق احمد","بشری",6,"102 233 485 548 549 557"
"اشفاق احمد","بٹ صاحب",5,"40 74 249 281 572"
"اشفاق احمد","بی بی خیر جان",1,"61"
"اشفاق احمد","بیگم ذاکر چٹھہ",75,"3 9 10 11 13 14 22 26 33 51 59 62 63 71 75 81 84 85 86 98 100 107 108 109 110 112 117 122 123 131 152 156 160 161 166 167 176 177 179 184 185 189 192 204 215 216 218 219 224 241 246 248 254 264 269 284 349 350 352 367 377 386 395 410 466 467 468 474 475 477 486 492 577 583 595"
"اشفاق احمد","تاج صاحب",10,"7 51 88 226 249 395 519 585 605 614"
"اشفاق احمد","توصیف احمد خان",5,"224 300 330 348 564"
"اشفاق احمد","تویلہ",8,"22 169 216 461 480 491 494 592"
"اشفاق احمد","تہمینہ اثر",1,"57"
"اشفاق احمد","ثنیہ",5,"600 611 614 615 617"
"اشفاق احمد","جاوید",29,"22 31 39 57 118 163 164 167 168 169 203 212 216 217 226 230 233 241 259 300 332 348 470 472 491 561 578 590 592"
"اشفاق احمد","جاوید اثر",1,"57"
"اشفاق احمد","جاوید طارق",31,"22 31 39 57 118 163 164 165 167 168 169 203 212 216 217 226 230 233 235 241 259 300 332 348 470 472 491 561 578 590 592"
"اشفاق احمد","جمیلہ اختر",3,"88 226 227"
"اشفاق احمد","جمیلہ ظفر",21,"86 88 94 181 182 183 184 220 226 227 238 250 270 362 364 405 407 470 494 558 637"
"اشفاق احمد","جمیلہ ملک",21,"86 88 94 181 182 183 184 220 226 227 238 250 270 362 364 405 407 470 494 558 637"
"اشفاق احمد","جمیلہ ہاشمی",7,"181 182 184 220 270 470 558"
"اشفاق احمد","جوئی گیون",9,"245 430 432 451 453 454 456 457 619"
"اشفاق احمد","خاطر غزنوی",2,"119 270"
"اشفاق احمد","خالد",10,"68 94 163 226 232 290 480 491 603 604"
"اشفاق احمد","خالد (بیٹا نور الحسن)",10,"68 94 163 226 232 290 480 491 603 604"
"اشفاق احمد","خالد (شوہر جمیلہ ظفر)",10,"68 94 163 226 232 290 480 491 603 604"
"اشفاق احمد","خالہ فیروزہ",4,"31 156 209 394"
"اشفاق احمد","خورشید",5,"150 190 354 355 591"
"اشفاق احمد","خوشی محمد",2,"263 330"
"اشفاق احمد","دوست محمد خاں",65,"1 3 4 6 8 11 13 14 22 24 34 35 36 37 38 61 83 89 111 162 203 207 208 261 262 276 286 287 290 360 364 365 366 367 368 370 386 390 391 393 395 396 397 398 400 402 403 404 405 406 407 409 411 412 414 419 422 423 449 473 540 580 584 599 635"
"اشفاق احمد","ذکیہ",12,"36 37 56 57 203 204 208 244 290 513 514 516"
"اشفاق احمد","رؤف خالد",1,"603"
"اشفاق احمد","رابعہ",1,"581"
"اشفاق احمد","رشید احمد چودھری",7,"6 11 15 39 163 228 391"
"اشفاق احمد","روبینہ خالد",1,"603"
"اشفاق احمد","روحی",9,"227 244 245 269 292 398 591 593 612"
"اشفاق احمد","ریاض محمود",25,"54 190 215 230 232 240 246 249 264 266 268 271 273 276 310 330 355 357 462 471 517 551 560 583 585"
"اشفاق احمد","ریاضی",2,"264 450"
"اشفاق احمد","ریزی",43,"26 33 51 54 61 63 79 82 83 84 86 90 92 98 100 108 111 112 117 127 128 150 152 154 156 161 163 164 169 171 176 177 178 204 213 215 217 218 219 271 277 300 472"
"اشفاق احمد","زوبی",11,"65 111 118 127 153 533 541 542 557 558 559"
"اشفاق احمد","زینب",8,"61 65 82 83 98 161 165 605"
"اشفاق احمد","سردار بیگم",30,"3 14 22 24 36 61 62 68 88 89 90 115 154 160 161 162 176 179 201 203 207 208 221 282 290 328 350 468 557 577"
"اشفاق احمد","سعود",1,"600"
"اشفاق احمد","سعید اثر",12,"57 71 74 75 88 116 156 178 228 249 395 494"
"اشفاق احمد","سلمی اثر",2,"57 327"
"اشفاق احمد","سلیم بونگا",1,"330"
"اشفاق احمد","سلیمان اینڈریوز",11,"351 429 430 432 442 451 453 454 456 457 458"
"اشفاق احمد","سلیمہ",1,"269"
"اشفاق احمد","سمیرا",1,"313"
"اشفاق احمد","سوزاں",1,"313"
"اشفاق احمد","سہیل عمر",1,"272"
"اشفاق احمد","سی میاں",1,"267"
"اشفاق احمد","سید عابد علی عابد",4,"111 113 153 154"
"اشفاق احمد","شازیہ",1,"330"
"اشفاق احمد","شرافت نوشاہی",1,"330"
"اشفاق احمد","شریف الدین",2,"260 271"
"اشفاق احمد","شعیب بن عزیز",1,"271"
"اشفاق احمد","شفقت",20,"111 112 117 125 150 153 250 279 285 353 380 449 474 486 543 584 585 617 619 635"
"اشفاق احمد","شمس",13,"244 367 368 369 370 386 387 390 400 402 411 415 417"
"اشفاق احمد","شمیم رشید",2,"354 466"
"اشفاق احمد","شمیم فاطمہ",2,"354 466"
"اشفاق احمد","شکیل مسعود",4,"215 615 617 618"
"اشفاق احمد","شہاب",44,"86 94 197 205 238 239 246 261 342 348 360 362 363 364 365 366 402 403 404 405 406 407 408 409 420 432 436 437 467 469 505 510 512 513 514 519 527 529 539 550 557 600 619 634"
"اشفاق احمد","شہزادی مامی",3,"218 219 316"
"اشفاق احمد","شہناز",1,"494"
"اشفاق احمد","صائل",3,"40 266 572"
"اشفاق احمد","صائمہ",2,"604 605"
"اشفاق احمد","صادق",10,"61 75 77 79 125 194 218 234 471 593"
"اشفاق احمد","صدیقہ",11,"163 165 168 169 216 217 230 233 235 241 348"
"اشفاق احمد","صوفی صاحب",36,"11 61 62 69 75 76 77 83 100 102 111 186 213 214 241 243 244 264 270 342 388 394 442 450 452 466 468 473 474 487 492 511 535 575 600 606"
"اشفاق احمد","صوفی غلام مصطفیٰ تبسم",10,"61 75 76 77 186 213 214 243 492 511"
"اشفاق احمد","ضیاء الحق",9,"33 35 62 92 162 271 313 329 466"
"اشفاق احمد","طارق بن افتخار",21,"22 31 33 34 39 68 108 162 209 210 212 216 217 220 226 230 241 376 470 488 498"
"اشفاق احمد","طاعت",1,"600"
"اشفاق احمد","عبدالرحمن چغتائی",4,"59 525 526 560"
"اشفاق احمد","عزیز بیگم",1,"218"
"اشفاق احمد","عظمی",6,"31 241 463 464 465 591"
"اشفاق احمد","عفت",29,"239 362 363 364 365 366 367 368 369 370 390 400 402 403 404 405 406 407 408 409 411 414 415 417 419 420 513 519 528"
"اشفاق احمد","علی",67,"9 24 31 111 113 153 154 162 163 165 184 185 197 200 211 213 216 217 230 235 238 241 261 274 278 282 283 287 290 327 340 352 362 363 366 387 390 396 402 407 409 420 467 479 511 513 514 516 560 561 570 585 593 594 595 600 601 602 607 611 612 614 615 617 618 619 633"
"اشفاق احمد","علی محمد",2,"402 407"
"اشفاق احمد","عمر بکری",2,"88 472"
"اشفاق احمد","عمر صاحب",59,"6 8 10 31 37 38 44 54 69 74 77 87 88 117 151 153 163 164 204 209 216 218 226 228 230 237 239 241 246 255 259 269 272 312 340 352 353 386 387 397 412 422 439 457 472 473 477 478 480 492 520 528 567 580 599 602 603 607 612"
"اشفاق احمد","عکسی مفتی",7,"193 194 502 505 549 603 605"
"اشفاق احمد","غزل",9,"4 38 75 76 177 290 511 561 567"
"اشفاق احمد","غلام علی",6,"362 511 513 514 516 561"
"اشفاق احمد","فراز",5,"62 267 294 549 550"
"اشفاق احمد","فرخ بشیر",2,"603 604"
"اشفاق احمد","فضلی",4,"600 611 614 615"
"اشفاق احمد","فیروزہ بیگم",5,"31 156 177 209 394"
"اشفاق احمد","فیض احمد فیض",11,"108 269 270 272 294 421 473 548 583 601 637"
"اشفاق احمد","قاسم",3,"292 300 312"
"اشفاق احمد","قاضی شاہد خان",1,"300"
"اشفاق احمد","قدرت اللہ شہاب",44,"86 94 197 205 238 239 246 261 342 348 360 362 363 364 365 366 402 403 404 405 406 407 408 409 420 432 436 437 467 469 505 510 512 513 514 519 527 529 539 550 557 600 619 634"
"اشفاق احمد","قمر ریکارڈسٹ",7,"6 57 75 112 156 162 252"
"اشفاق احمد","لالو",10,"61 65 68 81 83 85 86 98 154 558"
"اشفاق احمد","مارسیا",2,"423 424"
"اشفاق احمد","ماریہ",2,"422 423"
"اشفاق احمد","ماچھا جی",4,"112 152 162 166"
"اشفاق احمد","مبار",18,"86 89 116 117 161 185 208 237 245 394 395 427 428 439 453 477 494 607"
"اشفاق احمد","محمد حسین",9,"33 62 65 88 162 179 300 505 519"
"اشفاق احمد","محمد حسین (آرٹسٹ)",9,"33 62 65 88 162 179 300 505 519"
"اشفاق احمد","محمد خاں",71,"1 3 4 6 8 11 13 14 22 24 31 33 34 35 36 37 38 61 83 89 111 116 162 168 203 207 208 261 262 276 286 287 290 360 364 365 366 367 368 370 371 386 390 391 393 395 396 397 398 400 402 403 404 405 406 407 409 411 412 414 419 422 423 449 473 540 580 584 599 635 637"
"اشفاق احمد","محمد رفیق",13,"6 8 190 263 356 519 543 610 611 619 623 625 634"
"اشفاق احمد","محمودہ منظور زئی",11,"10 33 34 90 152 161 173 176 179 268 528"
"اشفاق احمد","مرجان",2,"261 279"
"اشفاق احمد","مسعود میاں",10,"505 550 583 585 586 607 610 615 618 637"
"اشفاق احمد","مفتی جی",56,"26 33 43 57 62 65 84 86 88 115 193 194 196 197 198 199 205 214 215 216 252 254 255 261 280 291 329 342 343 346 362 410 453 498 502 505 510 512 517 518 519 524 528 529 531 546 549 550 556 558 570 575 603 605 619 625"
"اشفاق احمد","ملا بات اللہ",1,"330"
"اشفاق احمد","ممتاز آپا",23,"26 57 62 84 88 196 197 216 252 254 261 329 343 346 410 427 505 510 531 556 558 570 575"
"اشفاق احمد","ممتاز مفتی",56,"26 33 43 57 62 65 84 86 88 115 193 194 196 197 198 199 205 214 215 216 252 254 255 261 280 291 329 342 343 346 362 410 453 498 502 505 510 512 517 518 519 524 528 529 531 546 549 550 556 558 570 575 603 605 619 625"
"اشفاق احمد","موسیٰ",3,"74 79 211"
"اشفاق احمد","مولوی طوطا",10,"44 56 184 368 456 481 536 548 553 556"
"اشفاق احمد","میاں تقی",2,"218 219"
"اشفاق احمد","ناہید",21,"31 39 44 81 160 163 171 176 177 200 205 227 228 241 258 259 291 552 556 580 593"
"اشفاق احمد","نسرین بانو",2,"511 600"
"اشفاق احمد","نسرین رشید",1,"611"
"اشفاق احمد","نصرت بیگم",2,"581 599"
"اشفاق احمد","نغمہ",5,"295 447 541 542 617"
"اشفاق احمد","نور الحسن",36,"8 11 14 15 98 214 243 276 278 286 291 310 319 355 360 361 364 367 388 390 391 395 409 420 422 429 466 471 486 586 602 603 604 605 635 682"
"اشفاق احمد","نِلگا اوفسن",1,"497"
"اشفاق احمد","نیلو",2,"62 92"
"اشفاق احمد","نینی",7,"600 602 611 614 615 617 618"
"اشفاق احمد","ٹھیکیدار محمد حسین",1,"300"
"اشفاق احمد","پروفیسر آفتاب احمد",5,"22 75 250 280 591"
"اشفاق احمد","پروفیسر احمد رفیق اختر",4,"610 623 625 634"
"اشفاق احمد","پروفیسر محمد صادق",5,"61 75 77 79 218"
"اشفاق احمد","پرویز چٹھہ",45,"26 33 51 54 61 63 79 82 83 84 86 90 92 98 100 108 111 112 117 127 128 131 150 152 154 156 161 163 164 169 171 176 177 178 204 213 215 217 218 219 244 271 277 300 472"
"اشفاق احمد","پیر آف مکھنڈ",1,"614"
"اشفاق احمد","چودھری افضال احمد",2,"610 625"
"اشفاق احمد","ڈاکٹر ایوب احمد خاں",8,"22 39 83 160 207 255 259 580"
"اشفاق احمد","ڈاکٹر جواد ساجد",4,"31 68 242 481"
"اشفاق احمد","ڈاکٹر حسنات احمد",3,"39 241 242"
"اشفاق احمد","ڈاکٹر حسنات احمد خاں",3,"39 241 242"
"اشفاق احمد","ڈاکٹر زبیر",4,"460 481 498 590"
"اشفاق احمد","ڈاکٹر شیخ عنایت اللہ",2,"51 75"
"اشفاق احمد","ڈاکٹر صاحب (راشد لطیف ہسپتال)",36,"14 79 108 116 186 187 188 189 199 252 350 377 390 398 400 402 409 411 414 415 417 449 460 476 480 498 499 540 580 585 586 587 589 590 592 600"
"اشفاق احمد","ڈاکٹر طارق بن افتخار",9,"22 33 34 39 68 108 209 210 498"
"اشفاق احمد","ڈاکٹر عاطف گوہیر",5,"181 448 449 475 589"
"اشفاق احمد","ڈاکٹر فواد",2,"460 473"
"اشفاق احمد","ڈاکٹر فیصل آبادی",36,"14 79 108 116 186 187 188 189 199 252 350 377 390 398 400 402 409 411 414 415 417 449 460 476 480 498 499 540 580 585 586 587 589 590 592 600"
"اشفاق احمد","ڈاکٹر مارٹن",4,"167 168 169 216"
"اشفاق احمد","ڈاکٹر محمد صادق",4,"61 77 79 218"
"اشفاق احمد","ڈیڈی جی",23,"33 34 62 81 152 160 161 162 163 165 166 167 168 179 209 210 219 229 230 235 346 347 376"
"اشفاق احمد","کامران",2,"313 453"
"اشفاق احمد","کامران (بیٹا ضیاء الحق)",2,"313 453"
"اشفاق احمد","کشمیری بابا",2,"451 453"
"اشفاق احمد","کشور",8,"215 362 364 402 405 419 462 566"
"اشفاق احمد","کیتھی",5,"85 422 424 425 493"
"اشفاق احمد","ہاروے",2,"617 618"
"اشفاق احمد","ہیلگے واٹسینڈ",1,"442"
"اشفاق احمد","یوسف ظفر",1,"519"
"اصغر ندیم سید","باب ہیز",1,"272"
"اصغر ندیم سید","باب ہیوز",1,"272"
"اصغر ندیم سید","بانو قدسیہ",4,"272 274 350 571"
"اصغر ندیم سید","بیگم ذاکر چٹھہ",1,"350"
"اصغر ندیم سید","سردار بیگم",1,"350"
"اصغر ندیم سید","سہیل عمر",1,"272"
"اصغر ندیم سید","علی",1,"274"
"اصغر ندیم سید","عمر صاحب",1,"272"
"اصغر ندیم سید","فیض احمد فیض",1,"272"
"اصغر ندیم سید","ڈاکٹر صاحب (راشد لطیف ہسپتال)",1,"350"
"اصغر ندیم سید","ڈاکٹر فیصل آبادی",1,"350"
"اعجاز","اقبال",1,"585"
"اعجاز","اقبال احمد خاں",1,"585"
"اعجاز","بانو قدسیہ",3,"241 450 585"
"اعجاز","بیگم ذاکر چٹھہ",1,"241"
"اعجاز","تاج صاحب",1,"585"
"اعجاز","جاوید",1,"241"
"اعجاز","جاوید طارق",1,"241"
"اعجاز","ریاض محمود",1,"585"
"اعجاز","ریاضی",1,"450"
"اعجاز","شفقت",1,"585"
"اعجاز","صدیقہ",1,"241"
"اعجاز","صوفی صاحب",2,"241 450"
"اعجاز","طارق بن افتخار",1,"241"
"اعجاز","عظمی",1,"241"
"اعجاز","علی",2,"241 585"
"اعجاز","عمر صاحب",1,"241"
"اعجاز","مسعود میاں",1,"585"
"اعجاز","ناہید",1,"241"
"اعجاز","ڈاکٹر حسنات احمد",1,"241"
"اعجاز","ڈاکٹر حسنات احمد خاں",1,"241"
"اعجاز","ڈاکٹر صاحب (راشد لطیف ہسپتال)",1,"585"
"اعجاز","ڈاکٹر فیصل آبادی",1,"585"
"افتخار","افتخار بھائی",24,"1 22 33 34 39 63 108 116 118 131 150 152 177 209 210 267 347 376 485 498 566 567 578 619"
"افتخار","اقبال",6,"1 22 33 34 210 267"
"افتخار","اقبال احمد خاں",6,"1 22 33 34 210 267"
"افتخار","اقبال ملک",3,"33 34 209"
"افتخار","الحق بھائی",2,"1 567"
"افتخار","امجد",1,"567"
"افتخار","امیر خان",4,"108 209 210 376"
"افتخار","انور ملک",1,"177"
"افتخار","انیس",2,"22 376"
"افتخار","انیس خاں",2,"22 376"
"افتخار","اولیں",1,"177"
"افتخار","بابا جی",2,"1 34"
"افتخار","بابا جی محمد خاں",2,"1 34"
"افتخار","بابا نور والے",2,"1 34"
"افتخار","بانو قدسیہ",24,"1 22 33 34 39 63 108 116 118 131 150 152 177 209 210 267 347 376 485 498 566 567 578 619"
"افتخار","بشری",1,"485"
"افتخار","بیگم ذاکر چٹھہ",7,"22 33 63 108 131 152 177"
"افتخار","تویلہ",1,"22"
"افتخار","جاوید",4,"22 39 118 578"
"افتخار","جاوید طارق",4,"22 39 118 578"
"افتخار","جوئی گیون",1,"619"
"افتخار","خالہ فیروزہ",1,"209"
"افتخار","خورشید",1,"150"
"افتخار","دوست محمد خاں",3,"1 22 34"
"افتخار","رشید احمد چودھری",1,"39"
"افتخار","ریزی",6,"33 63 108 150 152 177"
"افتخار","زوبی",1,"118"
"افتخار","سردار بیگم",1,"22"
"افتخار","سعید اثر",1,"116"
"افتخار","سی میاں",1,"267"
"افتخار","شفقت",2,"150 619"
"افتخار","شہاب",1,"619"
"افتخار","ضیاء الحق",1,"33"
"افتخار","طارق بن افتخار",9,"22 33 34 39 108 209 210 376 498"
"افتخار","علی",1,"619"
"افتخار","عمر صاحب",2,"209 567"
"افتخار","غزل",2,"177 567"
"افتخار","فراز",1,"267"
"افتخار","فیروزہ بیگم",2,"177 209"
"افتخار","فیض احمد فیض",1,"108"
"افتخار","قدرت اللہ شہاب",1,"619"
"افتخار","ماچھا جی",1,"152"
"افتخار","مبار",1,"116"
"افتخار","محمد حسین",1,"33"
"افتخار","محمد حسین (آرٹسٹ)",1,"33"
"افتخار","محمد خاں",5,"1 22 33 34 116"
"افتخار","محمد رفیق",1,"619"
"افتخار","محمودہ منظور زئی",3,"33 34 152"
"افتخار","مفتی جی",3,"33 498 619"
"افتخار","ممتاز مفتی",3,"33 498 619"
"افتخار","ناہید",2,"39 177"
"افتخار","پروفیسر آفتاب احمد",1,"22"
"افتخار","پرویز چٹھہ",7,"33 63 108 131 150 152 177"
"افتخار","ڈاکٹر ایوب احمد خاں",2,"22 39"
"افتخار","ڈاکٹر حسنات احمد",1,"39"
"افتخار","ڈاکٹر حسنات احمد خاں",1,"39"
"افتخار","ڈاکٹر زبیر",1,"498"
"افتخار","ڈاکٹر صاحب (راشد لطیف ہسپتال)",3,"108 116 498"
"افتخار","ڈاکٹر طارق بن افتخار",8,"22 33 34 39 108 209 210 498"
"افتخار","ڈاکٹر فیصل آبادی",3,"108 116 498"
"افتخار","ڈیڈی جی",7,"33 34 152 209 210 347 376"
"افتخار","کشور",1,"566"
"افتخار بھائی","اقبال",6,"1 22 33 34 210 267"
"افتخار بھائی","اقبال احمد خاں",6,"1 22 33 34 210 267"
"افتخار بھائی","اقبال ملک",3,"33 34 209"
"افتخار بھائی","الحق بھائی",2,"1 567"
"افتخار بھائی","امجد",1,"567"
"افتخار بھائی","امیر خان",4,"108 209 210 376"
"افتخار بھائی","انور ملک",1,"177"
"افتخار بھائی","انیس",2,"22 376"
"افتخار بھائی","انیس خاں",2,"22 376"
"افتخار بھائی","اولیں",1,"177"
"افتخار بھائی","بابا جی",2,"1 34"
"افتخار بھائی","بابا جی محمد خاں",2,"1 34"
"افتخار بھائی","بابا نور والے",2,"1 34"
"افتخار بھائی","بانو قدسیہ",24,"1 22 33 34 39 63 108 116 118 131 150 152 177 209 210 267 347 376 485 498 566 567 578 619"
"افتخار بھائی","بشری",1,"485"
"افتخار بھائی","بیگم ذاکر چٹھہ",7,"22 33 63 108 131 152 177"
"افتخار بھائی","تویلہ",1,"22"
"افتخار بھائی","جاوید",4,"22 39 118 578"
"افتخار بھائی","جاوید طارق",4,"22 39 118 578"
"افتخار بھائی","جوئی گیون",1,"619"
"افتخار بھائی","خالہ فیروزہ",1,"209"
"افتخار بھائی","خورشید",1,"150"
"افتخار بھائی","دوست محمد خاں",3,"1 22 34"
"افتخار بھائی","رشید احمد چودھری",1,"39"
"افتخار بھائی","ریزی",6,"33 63 108 150 152 177"
"افتخار بھائی","زوبی",1,"118"
"افتخار بھائی","سردار بیگم",1,"22"
"افتخار بھائی","سعید اثر",1,"116"
"افتخار بھائی","سی میاں",1,"267"
"افتخار بھائی","شفقت",2,"150 619"
"افتخار بھائی","شہاب",1,"619"
"افتخار بھائی","ضیاء الحق",1,"33"
"افتخار بھائی","طارق بن افتخار",9,"22 33 34 39 108 209 210 376 498"
"افتخار بھائی","علی",1,"619"
"افتخار بھائی","عمر صاحب",2,"209 567"
"افتخار بھائی","غزل",2,"177 567"
"افتخار بھائی","فراز",1,"267"
"افتخار بھائی","فیروزہ بیگم",2,"177 209"
"افتخار بھائی","فیض احمد فیض",1,"108"
"افتخار بھائی","قدرت اللہ شہاب",1,"619"
"افتخار بھائی","ماچھا جی",1,"152"
"افتخار بھائی","مبار",1,"116"
"افتخار بھائی","محمد حسین",1,"33"
"افتخار بھائی","محمد حسین (آرٹسٹ)",1,"33"
"افتخار بھائی","محمد خاں",5,"1 22 33 34 116"
"افتخار بھائی","محمد رفیق",1,"619"
"افتخار بھائی","محمودہ منظور زئی",3,"33 34 152"
"افتخار بھائی","مفتی جی",3,"33 498 619"
"افتخار بھائی","ممتاز مفتی",3,"33 498 619"
"افتخار بھائی","ناہید",2,"39 177"
"افتخار بھائی","پروفیسر آفتاب احمد",1,"22"
"افتخار بھائی","پرویز چٹھہ",7,"33 63 108 131 150 152 177"
"افتخار بھائی","ڈاکٹر ایوب احمد خاں",2,"22 39"
"افتخار بھائی","ڈاکٹر حسنات احمد",1,"39"
"افتخار بھائی","ڈاکٹر حسنات احمد خاں",1,"39"
"افتخار بھائی","ڈاکٹر زبیر",1,"498"
"افتخار بھائی","ڈاکٹر صاحب (راشد لطیف ہسپتال)",3,"108 116 498"
"افتخار بھائی","ڈاکٹر طارق بن افتخار",8,"22 33 34 39 108 209 210 498"
"افتخار بھائی","ڈاکٹر فیصل آبادی",3,"108 116 498"
"افتخار بھائی","ڈیڈی جی",7,"33 34 152 209 210 347 376"
"افتخار بھائی","کشور",1,"566"
"افضل","اقبال",2,"294 405"
"افضل","اقبال احمد خاں",2,"294 405"
"افضل","اقبال ملک",1,"228"
"افضل","اللہ دتہ",1,"114"
"افضل","انیس",1,"294"
"افضل","انیس خاں",1,"294"
"افضل","انیق",2,"294 564"
"افضل","انیق احمد",2,"294 564"
"افضل","انیق خان",2,"294 564"
"افضل","بابا جی",2,"206 405"
"افضل","بابا جی محمد خاں",2,"206 405"
"افضل","بابا نور والے",2,"206 405"
"افضل","بانو قدسیہ",9,"114 206 228 258 294 295 335 405 564"
"افضل","بیگم ذاکر چٹھہ",1,"206"
"افضل","توصیف احمد خان",1,"564"
"افضل","جمیلہ ظفر",1,"405"
"افضل","جمیلہ ملک",1,"405"
"افضل","دوست محمد خاں",2,"206 405"
"افضل","رشید احمد چودھری",2,"206 228"
"افضل","ریزی",1,"114"
"افضل","سعید اثر",2,"206 228"
"افضل","شفقت",1,"114"
"افضل","شہاب",1,"405"
"افضل","عفت",1,"405"
"افضل","عمر صاحب",2,"206 228"
"افضل","فراز",1,"294"
"افضل","فیض احمد فیض",1,"294"
"افضل","قدرت اللہ شہاب",1,"405"
"افضل","محمد خاں",2,"206 405"
"افضل","ناہید",3,"206 228 258"
"افضل","نغمہ",1,"295"
"افضل","پرویز چٹھہ",1,"114"
"افضل","ڈاکٹر ایوب احمد خاں",1,"206"
"افضل","ڈی کوثر",1,"114"
"افضل","کشور",1,"405"
"اقبال","اقبال احمد خاں",48,"1 22 25 29 33 34 37 57 61 62 74 83 86 92 94 104 157 182 207 210 220 267 294 310 321 327 364 405 406 407 409 410 412 452 467 494 500 519 529 541 542 557 559 585 627 675 676 677"
"اقبال","اقبال ملک",5,"29 33 34 86 104"
"اقبال","الحق بھائی",3,"1 61 467"
"اقبال","امیر خان",3,"57 210 412"
"اقبال","امینہ ملک",1,"86"
"اقبال","انور ملک",1,"86"
"اقبال","انیس",4,"22 104 294 494"
"اقبال","انیس خاں",4,"22 104 294 494"
"اقبال","انیق",4,"220 294 406 410"
"اقبال","انیق احمد",4,"220 294 406 410"
"اقبال","انیق خان",4,"220 294 406 410"
"اقبال","ایلسا",1,"220"
"اقبال","بابا جی",13,"1 34 37 61 83 104 207 364 405 406 407 409 412"
"اقبال","بابا جی محمد خاں",13,"1 34 37 61 83 104 207 364 405 406 407 409 412"
"اقبال","بابا فضل شاہ",1,"529"
"اقبال","بابا نور والے",13,"1 34 37 61 83 104 207 364 405 406 407 409 412"
"اقبال","بانو قدسیہ",45,"1 22 25 29 33 34 37 57 61 62 74 83 86 92 94 104 157 182 207 210 220 267 294 310 321 327 364 405 406 407 409 410 412 452 467 494 500 519 529 541 542 557 559 585 675"
"اقبال","بشری",1,"557"
"اقبال","بٹ صاحب",1,"74"
"اقبال","بی بی خیر جان",1,"61"
"اقبال","بیگم ذاکر چٹھہ",8,"22 29 33 62 86 104 410 467"
"اقبال","تاج صاحب",2,"519 585"
"اقبال","تویلہ",2,"22 494"
"اقبال","تہمینہ اثر",1,"57"
"اقبال","جاوید",2,"22 57"
"اقبال","جاوید اثر",1,"57"
"اقبال","جاوید طارق",2,"22 57"
"اقبال","جمیلہ ظفر",9,"29 86 94 182 220 364 405 407 494"
"اقبال","جمیلہ ملک",9,"29 86 94 182 220 364 405 407 494"
"اقبال","جمیلہ ہاشمی",2,"182 220"
"اقبال","خالد",1,"94"
"اقبال","خالد (بیٹا نور الحسن)",1,"94"
"اقبال","خالد (شوہر جمیلہ ظفر)",1,"94"
"اقبال","خالہ فیروزہ",1,"104"
"اقبال","خورشید",1,"500"
"اقبال","دوست محمد خاں",14,"1 22 34 37 61 83 104 207 364 405 406 407 409 412"
"اقبال","ذکیہ",2,"37 57"
"اقبال","ریاض محمود",2,"310 585"
"اقبال","ریزی",8,"29 33 61 83 86 92 104 157"
"اقبال","زوبی",4,"541 542 557 559"
"اقبال","زینب",3,"61 83 157"
"اقبال","سردار بیگم",6,"22 25 61 62 207 557"
"اقبال","سعید اثر",3,"57 74 494"
"اقبال","سلمی اثر",2,"57 327"
"اقبال","سی میاں",1,"267"
"اقبال","شفقت",1,"585"
"اقبال","شمیم رشید",1,"500"
"اقبال","شہاب",11,"86 94 364 405 406 407 409 467 519 529 557"
"اقبال","شہناز",1,"494"
"اقبال","صادق",1,"61"
"اقبال","صوفی صاحب",5,"61 62 83 452 500"
"اقبال","صوفی غلام مصطفیٰ تبسم",2,"61 500"
"اقبال","ضیاء الحق",3,"33 62 92"
"اقبال","طارق بن افتخار",5,"22 33 34 210 220"
"اقبال","عفت",6,"364 405 406 407 409 519"
"اقبال","علی",5,"327 407 409 467 585"
"اقبال","علی محمد",1,"407"
"اقبال","عمر صاحب",5,"29 37 74 321 412"
"اقبال","فراز",3,"62 267 294"
"اقبال","فیروزہ بیگم",1,"104"
"اقبال","فیض احمد فیض",1,"294"
"اقبال","قدرت اللہ شہاب",11,"86 94 364 405 406 407 409 467 519 529 557"
"اقبال","قمر ریکارڈسٹ",1,"57"
"اقبال","لالو",4,"61 83 86 157"
"اقبال","مبار",2,"86 494"
"اقبال","محمد حسین",3,"33 62 519"
"اقبال","محمد حسین (آرٹسٹ)",3,"33 62 519"
"اقبال","محمد خاں",15,"1 22 33 34 37 61 83 104 207 364 405 406 407 409 412"
"اقبال","محمد رفیق",1,"519"
"اقبال","محمودہ منظور زئی",3,"33 34 104"
"اقبال","مسعود میاں",1,"585"
"اقبال","مفتی جی",7,"33 57 62 86 410 519 529"
"اقبال","ممتاز آپا",3,"57 62 410"
"اقبال","ممتاز مفتی",7,"33 57 62 86 410 519 529"
"اقبال","موسیٰ",1,"74"
"اقبال","نغمہ",2,"541 542"
"اقبال","نور الحسن",4,"157 310 364 409"
"اقبال","نیلو",3,"62 92 104"
"اقبال","پروفیسر آفتاب احمد",1,"22"
"اقبال","پروفیسر محمد صادق",1,"61"
"اقبال","پرویز چٹھہ",8,"29 33 61 83 86 92 104 157"
"اقبال","ڈاکٹر ایوب احمد خاں",4,"22 25 83 207"
"اقبال","ڈاکٹر صاحب (راشد لطیف ہسپتال)",2,"409 585"
"اقبال","ڈاکٹر طارق بن افتخار",4,"22 33 34 210"
"اقبال","ڈاکٹر فیصل آبادی",2,"409 585"
"اقبال","ڈاکٹر محمد صادق",1,"61"
"اقبال","ڈیڈی جی",5,"25 33 34 62 210"
"اقبال","کشور",2,"364 405"
"اقبال","یوسف ظفر",1,"519"
"اقبال احمد خاں","اقبال ملک",5,"29 33 34 86 104"
"اقبال احمد خاں","الحق بھائی",3,"1 61 467"
"اقبال احمد خاں","امیر خان",3,"57 210 412"
"اقبال احمد خاں","امینہ ملک",1,"86"
"اقبال احمد خاں","انور ملک",1,"86"
"اقبال احمد خاں","انیس",4,"22 104 294 494"
"اقبال احمد خاں","انیس خاں",4,"22 104 294 494"
"اقبال احمد خاں","انیق",4,"220 294 406 410"
"اقبال احمد خاں","انیق احمد",4,"220 294 406 410"
"اقبال احمد خاں","انیق خان",4,"220 294 406 410"
"اقبال احمد خاں","ایلسا",1,"220"
"اقبال احمد خاں","بابا جی",13,"1 34 37 61 83 104 207 364 405 406 407 409 412"
"اقبال احمد خاں","بابا جی محمد خاں",13,"1 34 37 61 83 104 207 364 405 406 407 409 412"
"اقبال احمد خاں","بابا فضل شاہ",1,"529"
"اقبال احمد خاں","بابا نور والے",13,"1 34 37 61 83 104 207 364 405 406 407 409 412"
"اقبال احمد خاں","بانو قدسیہ",45,"1 22 25 29 33 34 37 57 61 62 74 83 86 92 94 104 157 182 207 210 220 267 294 310 321 327 364 405 406 407 409 410 412 452 467 494 500 519 529 541 542 557 559 585 675"
"اقبال احمد خاں","بشری",1,"557"
"اقبال احمد خاں","بٹ صاحب",1,"74"
"اقبال احمد خاں","بی بی خیر جان",1,"61"
"اقبال احمد خاں","بیگم ذاکر چٹھہ",8,"22 29 33 62 86 104 410 467"
"اقبال احمد خاں","تاج صاحب",2,"519 585"
"اقبال احمد خاں","تویلہ",2,"22 494"
"اقبال احمد خاں","تہمینہ اثر",1,"57"
"اقبال احمد خاں","جاوید",2,"22 57"
"اقبال احمد خاں","جاوید اثر",1,"57"
"اقبال احمد خاں","جاوید طارق",2,"22 57"
"اقبال احمد خاں","جمیلہ ظفر",9,"29 86 94 182 220 364 405 407 494"
"اقبال احمد خاں","جمیلہ ملک",9,"29 86 94 182 220 364 405 407 494"
"اقبال احمد خاں","جمیلہ ہاشمی",2,"182 220"
"اقبال احمد خاں","خالد",1,"94"
"اقبال احمد خاں","خالد (بیٹا نور الحسن)",1,"94"
"اقبال احمد خاں","خالد (شوہر جمیلہ ظفر)",1,"94"
"اقبال احمد خاں","خالہ فیروزہ",1,"104"
"اقبال احمد خاں","خورشید",1,"500"
"اقبال احمد خاں","دوست محمد خاں",14,"1 22 34 37 61 83 104 207 364 405 406 407 409 412"
"اقبال احمد خاں","ذکیہ",2,"37 57"
"اقبال احمد خاں","ریاض محمود",2,"310 585"
"اقبال احمد خاں","ریزی",8,"29 33 61 83 86 92 104 157"
"اقبال احمد خاں","زوبی",4,"541 542 557 559"
"اقبال احمد خاں","زینب",3,"61 83 157"
"اقبال احمد خاں","سردار بیگم",6,"22 25 61 62 207 557"
"اقبال احمد خاں","سعید اثر",3,"57 74 494"
"اقبال احمد خاں","سلمی اثر",2,"57 327"
"اقبال احمد خاں","سی میاں",1,"267"
"اقبال احمد خاں","شفقت",1,"585"
"اقبال احمد خاں","شمیم رشید",1,"500"
"اقبال احمد خاں","شہاب",11,"86 94 364 405 406 407 409 467 519 529 557"
"اقبال احمد خاں","شہناز",1,"494"
"اقبال احمد خاں","صادق",1,"61"
"اقبال احمد خاں","صوفی صاحب",5,"61 62 83 452 500"
"اقبال احمد خاں","صوفی غلام مصطفیٰ تبسم",2,"61 500"
"اقبال احمد خاں","ضیاء الحق",3,"33 62 92"
"اقبال احمد خاں","طارق بن افتخار",5,"22 33 34 210 220"
"اقبال احمد خاں","عفت",6,"364 405 406 407 409 519"
"اقبال احمد خاں","علی",5,"327 407 409 467 585"
"اقبال احمد خاں","علی محمد",1,"407"
"اقبال احمد خاں","عمر صاحب",5,"29 37 74 321 412"
"اقبال احمد خاں","فراز",3,"62 267 294"
"اقبال احمد خاں","فیروزہ بیگم",1,"104"
"اقبال احمد خاں","فیض احمد فیض",1,"294"
"اقبال احمد خاں","قدرت اللہ شہاب",11,"86 94 364 405 406 407 409 467 519 529 557"
"اقبال احمد خاں","قمر ریکارڈسٹ",1,"57"
"اقبال احمد خاں","لالو",4,"61 83 86 157"
"اقبال احمد خاں","مبار",2,"86 494"
"اقبال احمد خاں","محمد حسین",3,"33 62 519"
"اقبال احمد خاں","محمد حسین (آرٹسٹ)",3,"33 62 519"
"اقبال احمد خاں","محمد خاں",15,"1 22 33 34 37 61 83 104 207 364 405 406 407 409 412"
"اقبال احمد خاں","محمد رفیق",1,"519"
"اقبال احمد خاں","محمودہ منظور زئی",3,"33 34 104"
"اقبال احمد خاں","مسعود میاں",1,"585"
"اقبال احمد خاں","مفتی جی",7,"33 57 62 86 410 519 529"
"اقبال احمد خاں","ممتاز آپا",3,"57 62 410"
"اقبال احمد خاں","ممتاز مفتی",7,"33 57 62 86 410 519 529"
"اقبال احمد خاں","موسیٰ",1,"74"
"اقبال احمد خاں","نغمہ",2,"541 542"
"اقبال احمد خاں","نور الحسن",4,"157 310 364 409"
"اقبال احمد خاں","نیلو",3,"62 92 104"
"اقبال احمد خاں","پروفیسر آفتاب احمد",1,"22"
"اقبال احمد خاں","پروفیسر محمد صادق",1,"61"
"اقبال احمد خاں","پرویز چٹھہ",8,"29 33 61 83 86 92 104 157"
"اقبال احمد خاں","ڈاکٹر ایوب احمد خاں",4,"22 25 83 207"
"اقبال احمد خاں","ڈاکٹر صاحب (راشد لطیف ہسپتال)",2,"409 585"
"اقبال احمد خاں","ڈاکٹر طارق بن افتخار",4,"22 33 34 210"
"اقبال احمد خاں","ڈاکٹر فیصل آبادی",2,"409 585"
"اقبال احمد خاں","ڈاکٹر محمد صادق",1,"61"
"اقبال احمد خاں","ڈیڈی جی",5,"25 33 34 62 210"
"اقبال احمد خاں","کشور",2,"364 405"
"اقبال احمد خاں","یوسف ظفر",1,"519"
"اقبال ملک","امیر خان",1,"209"
"اقبال ملک","امینہ ملک",2,"30 86"
"اقبال ملک","انور ملک",3,"30 86 176"
"اقبال ملک","انیس",1,"104"
"اقبال ملک","انیس خاں",1,"104"
"اقبال ملک","انیق",1,"166"
"اقبال ملک","انیق احمد",1,"166"
"اقبال ملک","انیق خان",1,"166"
"اقبال ملک","باب ہیز",1,"169"
"اقبال ملک","بابا جی",3,"34 104 162"
"اقبال ملک","بابا جی محمد خاں",3,"34 104 162"
"اقبال ملک","بابا نور والے",3,"34 104 162"
"اقبال ملک","بانو قدسیہ",14,"29 30 33 34 86 104 123 162 166 169 176 202 209 228"
"اقبال ملک","بیگم ذاکر چٹھہ",8,"29 30 33 86 104 123 166 176"
"اقبال ملک","تویلہ",1,"169"
"اقبال ملک","جاوید",1,"169"
"اقبال ملک","جاوید طارق",1,"169"
"اقبال ملک","جمیلہ ظفر",3,"29 30 86"
"اقبال ملک","جمیلہ ملک",3,"29 30 86"
"اقبال ملک","خالہ فیروزہ",2,"104 209"
"اقبال ملک","دوست محمد خاں",3,"34 104 162"
"اقبال ملک","رشید احمد چودھری",1,"228"
"اقبال ملک","ریزی",6,"29 33 86 104 169 176"
"اقبال ملک","سردار بیگم",2,"162 176"
"اقبال ملک","سعید اثر",1,"228"
"اقبال ملک","شہاب",1,"86"
"اقبال ملک","صدیقہ",1,"169"
"اقبال ملک","ضیاء الحق",2,"33 162"
"اقبال ملک","طارق بن افتخار",4,"33 34 162 209"
"اقبال ملک","علی",1,"162"
"اقبال ملک","عمر صاحب",4,"29 30 209 228"
"اقبال ملک","فیروزہ بیگم",2,"104 209"
"اقبال ملک","قدرت اللہ شہاب",1,"86"
"اقبال ملک","قمر ریکارڈسٹ",1,"162"
"اقبال ملک","لالو",1,"86"
"اقبال ملک","ماچھا جی",2,"162 166"
"اقبال ملک","مبار",1,"86"
"اقبال ملک","محمد حسین",2,"33 162"
"اقبال ملک","محمد حسین (آرٹسٹ)",2,"33 162"
"اقبال ملک","محمد خاں",4,"33 34 104 162"
"اقبال ملک","محمودہ منظور زئی",4,"33 34 104 176"
"اقبال ملک","مفتی جی",2,"33 86"
"اقبال ملک","ممتاز مفتی",2,"33 86"
"اقبال ملک","ناہید",2,"176 228"
"اقبال ملک","نور الحسن",1,"30"
"اقبال ملک","نیلو",1,"104"
"اقبال ملک","پرویز چٹھہ",6,"29 33 86 104 169 176"
"اقبال ملک","ڈاکٹر طارق بن افتخار",3,"33 34 209"
"اقبال ملک","ڈاکٹر مارٹن",1,"169"
"اقبال ملک","ڈیڈی جی",5,"33 34 162 166 209"
"الحق بھائی","امجد",3,"393 567 568"
"الحق بھائی","انیس",3,"244 311 313"
"الحق بھائی","انیس خاں",3,"244 311 313"
"الحق بھائی","انیق",2,"244 311"
"الحق بھائی","انیق احمد",2,"244 311"
"الحق بھائی","انیق خان",2,"244 311"
"الحق بھائی","بابا جی",5,"1 35 38 61 393"
"الحق بھائی","بابا جی محمد خاں",5,"1 35 38 61 393"
"الحق بھائی","بابا نور والے",5,"1 35 38 61 393"
"الحق بھائی","بانو قدسیہ",15,"1 35 38 61 244 271 311 313 329 393 467 567 568 583 667"
"الحق بھائی","بی بی خیر جان",1,"61"
"الحق بھائی","بیگم ذاکر چٹھہ",2,"467 583"
"الحق بھائی","توصیف احمد خان",1,"311"
"الحق بھائی","دوست محمد خاں",5,"1 35 38 61 393"
"الحق بھائی","ذکیہ",1,"244"
"الحق بھائی","روحی",2,"244 311"
"الحق بھائی","ریاض محمود",2,"271 583"
"الحق بھائی","ریزی",2,"61 271"
"الحق بھائی","زینب",1,"61"
"الحق بھائی","سردار بیگم",1,"61"
"الحق بھائی","سمیرا",1,"313"
"الحق بھائی","سوزاں",1,"313"
"الحق بھائی","شریف الدین",1,"271"
"الحق بھائی","شعیب بن عزیز",1,"271"
"الحق بھائی","شمس",1,"244"
"الحق بھائی","شہاب",1,"467"
"الحق بھائی","صادق",1,"61"
"الحق بھائی","صوفی صاحب",2,"61 244"
"الحق بھائی","صوفی غلام مصطفیٰ تبسم",1,"61"
"الحق بھائی","ضیاء الحق",5,"35 271 311 313 329"
"الحق بھائی","علی",1,"467"
"الحق بھائی","عمر صاحب",2,"38 567"
"الحق بھائی","غزل",2,"38 567"
"الحق بھائی","فیض احمد فیض",1,"583"
"الحق بھائی","قدرت اللہ شہاب",1,"467"
"الحق بھائی","لالو",1,"61"
"الحق بھائی","محمد خاں",5,"1 35 38 61 393"
"الحق بھائی","محمد رفیق",1,"311"
"الحق بھائی","مسعود میاں",1,"583"
"الحق بھائی","مفتی جی",1,"329"
"الحق بھائی","ممتاز آپا",1,"329"
"الحق بھائی","ممتاز مفتی",1,"329"
"الحق بھائی","پروفیسر محمد صادق",1,"61"
"الحق بھائی","پرویز چٹھہ",3,"61 244 271"
"الحق بھائی","ڈاکٹر محمد صادق",1,"61"
"الحق بھائی","کامران",2,"311 313"
"الحق بھائی","کامران (بیٹا ضیاء الحق)",2,"311 313"
"اللہ دتہ","بانو قدسیہ",1,"114"
"اللہ دتہ","ریزی",1,"114"
"اللہ دتہ","شفقت",1,"114"
"اللہ دتہ","پرویز چٹھہ",1,"114"
"اللہ دتہ","ڈی کوثر",1,"114"
"امجد","امیر خان",1,"613"
"امجد","انیس",1,"288"
"امجد","انیس خاں",1,"288"
"امجد","انیق",2,"288 613"
"امجد","انیق احمد",2,"288 613"
"امجد","انیق خان",2,"288 613"
"امجد","بابا جی",2,"393 419"
"امجد","بابا جی محمد خاں",2,"393 419"
"امجد","بابا نور والے",2,"393 419"
"امجد","بابر",1,"617"
"امجد","بانو قدسیہ",9,"288 393 418 419 567 568 607 613 617"
"امجد","تانیہ",1,"613"
"امجد","ثنیہ",2,"613 617"
"امجد","دوست محمد خاں",2,"393 419"
"امجد","شفقت",1,"617"
"امجد","شکیل مسعود",1,"617"
"امجد","شہاب",1,"613"
"امجد","صبا",1,"613"
"امجد","عفت",1,"419"
"امجد","علی",3,"607 613 617"
"امجد","عمر صاحب",2,"567 607"
"امجد","غزل",2,"567 613"
"امجد","فضلی",1,"613"
"امجد","قدرت اللہ شہاب",1,"613"
"امجد","مبار",2,"607 613"
"امجد","محمد خاں",2,"393 419"
"امجد","مسعود میاں",1,"607"
"امجد","نغمہ",2,"613 617"
"امجد","نینی",2,"613 617"
"امجد","کشور",1,"419"
"امجد","ہاروے",1,"617"
"امیر خان","انیب بیگم",1,"603"
"امیر خان","انیس",10,"186 187 205 277 286 290 356 376 398 558"
"امیر خان","انیس خاں",10,"186 187 205 277 286 290 356 376 398 558"
"امیر خان","انیق",12,"183 186 187 205 286 290 356 398 481 547 590 613"
"امیر خان","انیق احمد",12,"183 186 187 205 286 290 356 398 481 547 590 613"
"امیر خان","انیق احمد (انگریزی شاعر)",2,"398 547"
"امیر خان","انیق خان",12,"183 186 187 205 286 290 356 398 481 547 590 613"
"امیر خان","اولیں",1,"604"
"امیر خان","بابا جی",6,"286 290 391 398 412 584"
"امیر خان","بابا جی محمد خاں",6,"286 290 391 398 412 584"
"امیر خان","بابا نور والے",6,"286 290 391 398 412 584"
"امیر خان","بانو قدسیہ",45,"50 54 57 108 134 156 183 186 187 189 193 194 205 209 210 227 277 286 290 299 342 356 376 391 394 398 412 436 448 457 464 468 481 512 547 558 562 563 584 590 600 603 604 611 613"
"امیر خان","بیگم ذاکر چٹھہ",5,"108 134 156 189 468"
"امیر خان","تانیہ",1,"613"
"امیر خان","تہمینہ اثر",1,"57"
"امیر خان","ثنیہ",3,"600 611 613"
"امیر خان","جاوید",2,"57 590"
"امیر خان","جاوید اثر",1,"57"
"امیر خان","جاوید طارق",2,"57 590"
"امیر خان","جمیلہ اختر",1,"227"
"امیر خان","جمیلہ ظفر",3,"183 227 558"
"امیر خان","جمیلہ ملک",3,"183 227 558"
"امیر خان","جمیلہ ہاشمی",1,"558"
"امیر خان","جوئی گیون",1,"457"
"امیر خان","خالد",3,"290 603 604"
"امیر خان","خالد (بیٹا نور الحسن)",3,"290 603 604"
"امیر خان","خالد (شوہر جمیلہ ظفر)",3,"290 603 604"
"امیر خان","خالہ فیروزہ",3,"156 209 394"
"امیر خان","دوست محمد خاں",6,"286 290 391 398 412 584"
"امیر خان","ذکیہ",2,"57 290"
"امیر خان","رؤف خالد",1,"603"
"امیر خان","رشید احمد چودھری",1,"391"
"امیر خان","روبینہ خالد",1,"603"
"امیر خان","روحی",2,"227 398"
"امیر خان","ریاض محمود",1,"54"
"امیر خان","ریزی",4,"54 108 156 277"
"امیر خان","زوبی",1,"558"
"امیر خان","سردار بیگم",2,"290 468"
"امیر خان","سعود",1,"600"
"امیر خان","سعید اثر",2,"57 156"
"امیر خان","سلمی اثر",1,"57"
"امیر خان","سلیمان اینڈریوز",1,"457"
"امیر خان","شفقت",2,"134 584"
"امیر خان","شہاب",7,"205 342 436 512 547 600 613"
"امیر خان","صائمہ",1,"604"
"امیر خان","صادق",1,"194"
"امیر خان","صبا",1,"613"
"امیر خان","صوفی صاحب",5,"186 342 394 468 600"
"امیر خان","صوفی غلام مصطفیٰ تبسم",1,"186"
"امیر خان","طارق بن افتخار",4,"108 209 210 376"
"امیر خان","طاعت",1,"600"
"امیر خان","عظمی",1,"464"
"امیر خان","علی",4,"290 600 611 613"
"امیر خان","عمر صاحب",6,"50 54 209 412 457 603"
"امیر خان","عکسی مفتی",3,"193 194 603"
"امیر خان","غزل",2,"290 613"
"امیر خان","فرخ بشیر",2,"603 604"
"امیر خان","فضلی",3,"600 611 613"
"امیر خان","فیروزہ بیگم",3,"156 209 394"
"امیر خان","فیض احمد فیض",1,"108"
"امیر خان","قدرت اللہ شہاب",7,"205 342 436 512 547 600 613"
"امیر خان","قمر ریکارڈسٹ",2,"57 156"
"امیر خان","لالو",1,"558"
"امیر خان","مبار",2,"394 613"
"امیر خان","محمد خاں",6,"286 290 391 398 412 584"
"امیر خان","محمد رفیق",2,"356 611"
"امیر خان","مفتی جی",8,"57 193 194 205 342 512 558 603"
"امیر خان","ممتاز آپا",2,"57 558"
"امیر خان","ممتاز مفتی",8,"57 193 194 205 342 512 558 603"
"امیر خان","مولوی طوطا",1,"481"
"امیر خان","ناہید",2,"205 227"
"امیر خان","نسرین بانو",1,"600"
"امیر خان","نسرین رشید",1,"611"
"امیر خان","نغمہ",1,"613"
"امیر خان","نور الحسن",4,"286 391 603 604"
"امیر خان","نینی",3,"600 611 613"
"امیر خان","پرویز چٹھہ",4,"54 108 156 277"
"امیر خان","ڈاکٹر جواد ساجد",1,"481"
"امیر خان","ڈاکٹر زبیر",2,"481 590"
"امیر خان","ڈاکٹر صاحب (راشد لطیف ہسپتال)",7,"108 186 187 189 398 590 600"
"امیر خان","ڈاکٹر طارق بن افتخار",3,"108 209 210"
"امیر خان","ڈاکٹر عاطف گوہیر",1,"448"
"امیر خان","ڈاکٹر فیصل آبادی",7,"108 186 187 189 398 590 600"
"امیر خان","ڈیڈی جی",3,"209 210 376"
"امیری بیگم","بانو قدسیہ",1,"90"
"امیری بیگم","ریزی",1,"90"
"امیری بیگم","سردار بیگم",1,"90"
"امیری بیگم","محمودہ منظور زئی",1,"90"
"امیری بیگم","پرویز چٹھہ",1,"90"
"امینہ ملک","انور ملک",2,"30 86"
"امینہ ملک","بانو قدسیہ",2,"30 86"
"امینہ ملک","بیگم ذاکر چٹھہ",2,"30 86"
"امینہ ملک","جمیلہ ظفر",2,"30 86"
"امینہ ملک","جمیلہ ملک",2,"30 86"
"امینہ ملک","ریزی",1,"86"
"امینہ ملک","شہاب",1,"86"
"امینہ ملک","عمر صاحب",1,"30"
"امینہ ملک","قدرت اللہ شہاب",1,"86"
"امینہ ملک","لالو",1,"86"
"امینہ ملک","مبار",1,"86"
"امینہ ملک","مفتی جی",1,"86"
"امینہ ملک","ممتاز مفتی",1,"86"
"امینہ ملک","نور الحسن",1,"30"
"امینہ ملک","پرویز چٹھہ",1,"86"
"انور ملک","اولیں",1,"177"
"انور ملک","بانو قدسیہ",13,"30 85 86 175 176 177 215 250 252 462 543 544 548"
"انور ملک","بشری",1,"548"
"انور ملک","بیگم ذاکر چٹھہ",6,"30 85 86 176 177 215"
"انور ملک","تاج صاحب",1,"175"
"انور ملک","جمیلہ ظفر",3,"30 86 250"
"انور ملک","جمیلہ ملک",3,"30 86 250"
"انور ملک","ریاض محمود",2,"215 462"
"انور ملک","ریزی",5,"86 175 176 177 215"
"انور ملک","سردار بیگم",2,"175 176"
"انور ملک","شفقت",2,"250 543"
"انور ملک","شکیل مسعود",1,"215"
"انور ملک","شہاب",1,"86"
"انور ملک","علی",1,"175"
"انور ملک","عمر صاحب",2,"30 175"
"انور ملک","غزل",1,"177"
"انور ملک","فیروزہ بیگم",1,"177"
"انور ملک","فیض احمد فیض",1,"548"
"انور ملک","قدرت اللہ شہاب",1,"86"
"انور ملک","قمر ریکارڈسٹ",1,"252"
"انور ملک","لالو",2,"85 86"
"انور ملک","مبار",1,"86"
"انور ملک","محمد رفیق",1,"543"
"انور ملک","محمودہ منظور زئی",2,"175 176"
"انور ملک","مفتی جی",3,"86 215 252"
"انور ملک","ممتاز آپا",1,"252"
"انور ملک","ممتاز مفتی",3,"86 215 252"
"انور ملک","مولوی طوطا",1,"548"
"انور ملک","ناہید",3,"175 176 177"
"انور ملک","نسرین رشید",1,"175"
"انور ملک","نور الحسن",1,"30"
"انور ملک","پروفیسر آفتاب احمد",1,"250"
"انور ملک","پرویز چٹھہ",5,"86 175 176 177 215"
"انور ملک","ڈاکٹر صاحب (راشد لطیف ہسپتال)",1,"252"
"انور ملک","ڈاکٹر فیصل آبادی",1,"252"
"انور ملک","کشور",2,"215 462"
"انور ملک","کیتھی",1,"85"
"انیب بیگم","بانو قدسیہ",1,"603"
"انیب بیگم","خالد",1,"603"
"انیب بیگم","خالد (بیٹا نور الحسن)",1,"603"
"انیب بیگم","خالد (شوہر جمیلہ ظفر)",1,"603"
"انیب بیگم","رؤف خالد",1,"603"
"انیب بیگم","روبینہ خالد",1,"603"
"انیب بیگم","عمر صاحب",1,"603"
"انیب بیگم","عکسی مفتی",1,"603"
"انیب بیگم","فرخ بشیر",1,"603"
"انیب بیگم","مفتی جی",1,"603"
"انیب بیگم","ممتاز مفتی",1,"603"
"انیب بیگم","نور الحسن",1,"603"
"انیس","انیس خاں",50,"22 27 32 59 104 163 167 186 187 188 190 200 204 205 214 216 244 277 286 288 290 292 294 311 313 316 349 356 376 377 398 417 430 461 469 476 480 486 491 493 494 552 555 558 575 587 595 616 618 650"
"انیس","انیق",19,"167 186 187 204 205 244 286 288 290 292 294 311 316 356 398 469 587 595 618"
"انیس","انیق احمد",19,"167 186 187 204 205 244 286 288 290 292 294 311 316 356 398 469 587 595 618"
"انیس","انیق احمد (انگریزی شاعر)",1,"398"
"انیس","انیق خان",19,"167 186 187 204 205 244 286 288 290 292 294 311 316 356 398 469 587 595 618"
"انیس","اولیں",2,"32 552"
"انیس","بابا جی",4,"104 286 290 398"
"انیس","بابا جی محمد خاں",4,"104 286 290 398"
"انیس","بابا نور والے",4,"104 286 290 398"
"انیس","بابر",2,"595 616"
"انیس","بانو قدسیہ",49,"22 27 32 59 104 163 167 186 187 188 190 200 204 205 214 216 244 277 286 288 290 292 294 311 313 316 349 356 376 377 398 417 430 461 469 476 480 486 491 493 494 552 555 558 575 587 595 616 618"
"انیس","بٹ صاحب",1,"32"
"انیس","بیگم ذاکر چٹھہ",13,"22 27 32 59 104 167 204 216 349 377 486 595 616"
"انیس","توصیف احمد خان",1,"311"
"انیس","تویلہ",7,"22 216 461 480 491 494 616"
"انیس","ثنیہ",1,"616"
"انیس","جاوید",5,"22 163 167 216 491"
"انیس","جاوید طارق",5,"22 163 167 216 491"
"انیس","جمیلہ ظفر",2,"494 558"
"انیس","جمیلہ ملک",2,"494 558"
"انیس","جمیلہ ہاشمی",1,"558"
"انیس","جوئی گیون",1,"430"
"انیس","خالد",4,"163 290 480 491"
"انیس","خالد (بیٹا نور الحسن)",4,"163 290 480 491"
"انیس","خالد (شوہر جمیلہ ظفر)",4,"163 290 480 491"
"انیس","خالہ فیروزہ",1,"104"
"انیس","خورشید",1,"190"
"انیس","دوست محمد خاں",5,"22 104 286 290 398"
"انیس","ذکیہ",3,"204 244 290"
"انیس","رشید احمد چودھری",1,"163"
"انیس","روحی",4,"244 292 311 398"
"انیس","ریاض محمود",1,"190"
"انیس","ریزی",5,"27 104 163 204 277"
"انیس","زوبی",1,"558"
"انیس","زینب",1,"27"
"انیس","سردار بیگم",2,"22 290"
"انیس","سعید اثر",1,"494"
"انیس","سلیمان اینڈریوز",1,"430"
"انیس","سمیرا",1,"313"
"انیس","سوزاں",1,"313"
"انیس","شفقت",1,"486"
"انیس","شمس",2,"244 417"
"انیس","شکیل مسعود",2,"616 618"
"انیس","شہاب",2,"205 469"
"انیس","شہزادی مامی",1,"316"
"انیس","شہناز",1,"494"
"انیس","صدیقہ",2,"163 216"
"انیس","صوفی صاحب",4,"186 214 244 575"
"انیس","صوفی غلام مصطفیٰ تبسم",2,"186 214"
"انیس","ضیاء الحق",2,"311 313"
"انیس","طارق بن افتخار",3,"22 216 376"
"انیس","عبدالرحمن چغتائی",1,"59"
"انیس","عفت",1,"417"
"انیس","علی",7,"163 200 216 290 595 616 618"
"انیس","عمر صاحب",5,"32 163 204 216 480"
"انیس","غزل",1,"290"
"انیس","فراز",1,"294"
"انیس","فیروزہ بیگم",1,"104"
"انیس","فیض احمد فیض",1,"294"
"انیس","قاسم",1,"292"
"انیس","قدرت اللہ شہاب",2,"205 469"
"انیس","لالو",1,"558"
"انیس","مبار",1,"494"
"انیس","محمد خاں",5,"22 104 286 290 398"
"انیس","محمد رفیق",3,"190 311 356"
"انیس","محمودہ منظور زئی",1,"104"
"انیس","مسعود میاں",2,"616 618"
"انیس","مفتی جی",5,"205 214 216 558 575"
"انیس","ممتاز آپا",3,"216 558 575"
"انیس","ممتاز مفتی",5,"205 214 216 558 575"
"انیس","ناہید",4,"163 200 205 552"
"انیس","نور الحسن",3,"214 286 486"
"انیس","نیلو",1,"104"
"انیس","نینی",2,"616 618"
"انیس","پروفیسر آفتاب احمد",1,"22"
"انیس","پرویز چٹھہ",6,"27 104 163 204 244 277"
"انیس","ڈاکٹر ایوب احمد خاں",1,"22"
"انیس","ڈاکٹر صاحب (راشد لطیف ہسپتال)",9,"186 187 188 377 398 417 476 480 587"
"انیس","ڈاکٹر طارق بن افتخار",1,"22"
"انیس","ڈاکٹر فیصل آبادی",9,"186 187 188 377 398 417 476 480 587"
"انیس","ڈاکٹر مارٹن",2,"167 216"
"انیس","ڈیڈی جی",3,"163 167 376"
"انیس","کامران",2,"311 313"
"انیس","کامران (بیٹا ضیاء الحق)",2,"311 313"
"انیس","کیتھی",1,"493"
"انیس","ہاروے",1,"618"
"انیس خاں","انیق",19,"167 186 187 204 205 244 286 288 290 292 294 311 316 356 398 469 587 595 618"
"انیس خاں","انیق احمد",19,"167 186 187 204 205 244 286 288 290 292 294 311 316 356 398 469 587 595 618"
"انیس خاں","انیق احمد (انگریزی شاعر)",1,"398"
"انیس خاں","انیق خان",19,"167 186 187 204 205 244 286 288 290 292 294 311 316 356 398 469 587 595 618"
"انیس خاں","اولیں",2,"32 552"
"انیس خاں","بابا جی",4,"104 286 290 398"
"انیس خاں","بابا جی محمد خاں",4,"104 286 290 398"
"انیس خاں","بابا نور والے",4,"104 286 290 398"
"انیس خاں","بابر",2,"595 616"
"انیس خاں","بانو قدسیہ",49,"22 27 32 59 104 163 167 186 187 188 190 200 204 205 214 216 244 277 286 288 290 292 294 311 313 316 349 356 376 377 398 417 430 461 469 476 480 486 491 493 494 552 555 558 575 587 595 616 618"
"انیس خاں","بٹ صاحب",1,"32"
"انیس خاں","بیگم ذاکر چٹھہ",13,"22 27 32 59 104 167 204 216 349 377 486 595 616"
"انیس خاں","توصیف احمد خان",1,"311"
"انیس خاں","تویلہ",7,"22 216 461 480 491 494 616"
"انیس خاں","ثنیہ",1,"616"
"انیس خاں","جاوید",5,"22 163 167 216 491"
"انیس خاں","جاوید طارق",5,"22 163 167 216 491"
"انیس خاں","جمیلہ ظفر",2,"494 558"
"انیس خاں","جمیلہ ملک",2,"494 558"
"انیس خاں","جمیلہ ہاشمی",1,"558"
"انیس خاں","جوئی گیون",1,"430"
"انیس خاں","خالد",4,"163 290 480 491"
"انیس خاں","خالد (بیٹا نور الحسن)",4,"163 290 480 491"
"انیس خاں","خالد (شوہر جمیلہ ظفر)",4,"163 290 480 491"
"انیس خاں","خالہ فیروزہ",1,"104"
"انیس خاں","خورشید",1,"190"
"انیس خاں","دوست محمد خاں",5,"22 104 286 290 398"
"انیس خاں","ذکیہ",3,"204 244 290"
"انیس خاں","رشید احمد چودھری",1,"163"
"انیس خاں","روحی",4,"244 292 311 398"
"انیس خاں","ریاض محمود",1,"190"
"انیس خاں","ریزی",5,"27 104 163 204 277"
"انیس خاں","زوبی",1,"558"
"انیس خاں","زینب",1,"27"
"انیس خاں","سردار بیگم",2,"22 290"
"انیس خاں","سعید اثر",1,"494"
"انیس خاں","سلیمان اینڈریوز",1,"430"
"انیس خاں","سمیرا",1,"313"
"انیس خاں","سوزاں",1,"313"
"انیس خاں","شفقت",1,"486"
"انیس خاں","شمس",2,"244 417"
"انیس خاں","شکیل مسعود",2,"616 618"
"انیس خاں","شہاب",2,"205 469"
"انیس خاں","شہزادی مامی",1,"316"
"انیس خاں","شہناز",1,"494"
"انیس خاں","صدیقہ",2,"163 216"
"انیس خاں","صوفی صاحب",4,"186 214 244 575"
"انیس خاں","صوفی غلام مصطفیٰ تبسم",2,"186 214"
"انیس خاں","ضیاء الحق",2,"311 313"
"انیس خاں","طارق بن افتخار",3,"22 216 376"
"انیس خاں","عبدالرحمن چغتائی",1,"59"
"انیس خاں","عفت",1,"417"
"انیس خاں","علی",7,"163 200 216 290 595 616 618"
"انیس خاں","عمر صاحب",5,"32 163 204 216 480"
"انیس خاں","غزل",1,"290"
"انیس خاں","فراز",1,"294"
"انیس خاں","فیروزہ بیگم",1,"104"
"انیس خاں","فیض احمد فیض",1,"294"
"انیس خاں","قاسم",1,"292"
"انیس خاں","قدرت اللہ شہاب",2,"205 469"
"انیس خاں","لالو",1,"558"
"انیس خاں","مبار",1,"494"
"انیس خاں","محمد خاں",5,"22 104 286 290 398"
"انیس خاں","محمد رفیق",3,"190 311 356"
"انیس خاں","محمودہ منظور زئی",1,"104"
"انیس خاں","مسعود میاں",2,"616 618"
"انیس خاں","مفتی جی",5,"205 214 216 558 575"
"انیس خاں","ممتاز آپا",3,"216 558 575"
"انیس خاں","ممتاز مفتی",5,"205 214 216 558 575"
"انیس خاں","ناہید",4,"163 200 205 552"
"انیس خاں","نور الحسن",3,"214 286 486"
"انیس خاں","نیلو",1,"104"
"انیس خاں","نینی",2,"616 618"
"انیس خاں","پروفیسر آفتاب احمد",1,"22"
"انیس خاں","پرویز چٹھہ",6,"27 104 163 204 244 277"
"انیس خاں","ڈاکٹر ایوب احمد خاں",1,"22"
"انیس خاں","ڈاکٹر صاحب (راشد لطیف ہسپتال)",9,"186 187 188 377 398 417 476 480 587"
"انیس خاں","ڈاکٹر طارق بن افتخار",1,"22"
"انیس خاں","ڈاکٹر فیصل آبادی",9,"186 187 188 377 398 417 476 480 587"
"انیس خاں","ڈاکٹر مارٹن",2,"167 216"
"انیس خاں","ڈیڈی جی",3,"163 167 376"
"انیس خاں","کامران",2,"311 313"
"انیس خاں","کامران (بیٹا ضیاء الحق)",2,"311 313"
"انیس خاں","کیتھی",1,"493"
"انیس خاں","ہاروے",1,"618"
"انیق","انیق احمد",52,"70 72 80 166 167 168 183 185 186 187 197 204 205 213 220 244 283 284 285 286 287 288 290 292 294 300 311 316 317 319 352 355 356 371 373 374 375 398 406 410 428 439 458 469 481 547 564 587 590 595 613 618"
"انیق","انیق احمد (انگریزی شاعر)",4,"300 317 398 547"
"انیق","انیق خان",52,"70 72 80 166 167 168 183 185 186 187 197 204 205 213 220 244 283 284 285 286 287 288 290 292 294 300 311 316 317 319 352 355 356 371 373 374 375 398 406 410 428 439 458 469 481 547 564 587 590 595 613 618"
"انیق","ایلسا",1,"220"
"انیق","باب ہیز",3,"168 428 439"
"انیق","باب ہیوز",1,"439"
"انیق","بابا جی",5,"286 287 290 398 406"
"انیق","بابا جی محمد خاں",5,"286 287 290 398 406"
"انیق","بابا فضل شاہ",1,"285"
"انیق","بابا نور والے",5,"286 287 290 398 406"
"انیق","بابر",1,"595"
"انیق","بانو قدسیہ",52,"70 72 80 166 167 168 183 185 186 187 197 204 205 213 220 244 283 284 285 286 287 288 290 292 294 300 311 316 317 319 352 355 356 371 373 374 375 398 406 410 428 439 458 469 481 547 564 587 590 595 613 618"
"انیق","بشری",1,"317"
"انیق","بیگم ذاکر چٹھہ",8,"166 167 185 204 284 352 410 595"
"انیق","تانیہ",1,"613"
"انیق","توصیف احمد خان",3,"300 311 564"
"انیق","ثنیہ",1,"613"
"انیق","جاوید",4,"167 168 300 590"
"انیق","جاوید طارق",4,"167 168 300 590"
"انیق","جمیلہ ظفر",2,"183 220"
"انیق","جمیلہ ملک",2,"183 220"
"انیق","جمیلہ ہاشمی",1,"220"
"انیق","خالد",1,"290"
"انیق","خالد (بیٹا نور الحسن)",1,"290"
"انیق","خالد (شوہر جمیلہ ظفر)",1,"290"
"انیق","خواجہ منظور",1,"80"
"انیق","خورشید",1,"355"
"انیق","دوست محمد خاں",5,"286 287 290 398 406"
"انیق","ذکیہ",3,"204 244 290"
"انیق","روحی",4,"244 292 311 398"
"انیق","ریاض محمود",1,"355"
"انیق","ریزی",3,"204 213 300"
"انیق","سردار بیگم",1,"290"
"انیق","سلیمان اینڈریوز",1,"458"
"انیق","شفقت",1,"285"
"انیق","شمس",1,"244"
"انیق","شکیل مسعود",1,"618"
"انیق","شہاب",6,"197 205 406 469 547 613"
"انیق","شہزادی مامی",1,"316"
"انیق","شہناز",1,"317"
"انیق","صبا",1,"613"
"انیق","صدیقہ",1,"168"
"انیق","صوفی صاحب",4,"70 186 213 244"
"انیق","صوفی غلام مصطفیٰ تبسم",2,"186 213"
"انیق","ضیاء الحق",1,"311"
"انیق","طارق بن افتخار",1,"220"
"انیق","عفت",1,"406"
"انیق","علی",10,"185 197 213 283 287 290 352 595 613 618"
"انیق","عمر صاحب",3,"204 352 439"
"انیق","غزل",3,"290 317 613"
"انیق","فراز",1,"294"
"انیق","فضلی",1,"613"
"انیق","فیض احمد فیض",1,"294"
"انیق","قاسم",2,"292 300"
"انیق","قاضی شاہد خان",1,"300"
"انیق","قدرت اللہ شہاب",6,"197 205 406 469 547 613"
"انیق","ماچھا جی",1,"166"
"انیق","مبار",4,"185 428 439 613"
"انیق","محمد حسین",1,"300"
"انیق","محمد حسین (آرٹسٹ)",1,"300"
"انیق","محمد خاں",7,"168 286 287 290 371 398 406"
"انیق","محمد رفیق",2,"311 356"
"انیق","مسعود میاں",1,"618"
"انیق","مفتی جی",3,"197 205 410"
"انیق","ممتاز آپا",2,"197 410"
"انیق","ممتاز مفتی",3,"197 205 410"
"انیق","مولوی طوطا",1,"481"
"انیق","ناہید",1,"205"
"انیق","نغمہ",1,"613"
"انیق","نور الحسن",3,"286 319 355"
"انیق","نینی",2,"613 618"
"انیق","ٹھیکیدار محمد حسین",1,"300"
"انیق","پرویز چٹھہ",4,"204 213 244 300"
"انیق","ڈاکٹر بروچہ",1,"72"
"انیق","ڈاکٹر جواد ساجد",1,"481"
"انیق","ڈاکٹر زبیر",2,"481 590"
"انیق","ڈاکٹر صاحب (راشد لطیف ہسپتال)",6,"72 186 187 398 587 590"
"انیق","ڈاکٹر فیصل آبادی",6,"72 186 187 398 587 590"
"انیق","ڈاکٹر مارٹن",2,"167 168"
"انیق","ڈیڈی جی",3,"166 167 168"
"انیق","کامران",1,"311"
"انیق","کامران (بیٹا ضیاء الحق)",1,"311"
"انیق","ہاروے",1,"618"
"انیق احمد","انیق احمد (انگریزی شاعر)",4,"300 317 398 547"
"انیق احمد","انیق خان",52,"70 72 80 166 167 168 183 185 186 187 197 204 205 213 220 244 283 284 285 286 287 288 290 292 294 300 311 316 317 319 352 355 356 371 373 374 375 398 406 410 428 439 458 469 481 547 564 587 590 595 613 618"
"انیق احمد","ایلسا",1,"220"
"انیق احمد","باب ہیز",3,"168 428 439"
"انیق احمد","باب ہیوز",1,"439"
"انیق احمد","بابا جی",5,"286 287 290 398 406"
"انیق احمد","بابا جی محمد خاں",5,"286 287 290 398 406"
"انیق احمد","بابا فضل شاہ",1,"285"
"انیق احمد","بابا نور والے",5,"286 287 290 398 406"
"انیق احمد","بابر",1,"595"
"انیق احمد","بانو قدسیہ",52,"70 72 80 166 167 168 183 185 186 187 197 204 205 213 220 244 283 284 285 286 287 288 290 292 294 300 311 316 317 319 352 355 356 371 373 374 375 398 406 410 428 439 458 469 481 547 564 587 590 595 613 618"
"انیق احمد","بشری",1,"317"
"انیق احمد","بیگم ذاکر چٹھہ",8,"166 167 185 204 284 352 410 595"
"انیق احمد","تانیہ",1,"613"
"انیق احمد","توصیف احمد خان",3,"300 311 564"
"انیق احمد","ثنیہ",1,"613"
"انیق احمد","جاوید",4,"167 168 300 590"
"انیق احمد","جاوید طارق",4,"167 168 300 590"
"انیق احمد","جمیلہ ظفر",2,"183 220"
"انیق احمد","جمیلہ ملک",2,"183 220"
"انیق احمد","جمیلہ ہاشمی",1,"220"
"انیق احمد","خالد",1,"290"
"انیق احمد","خالد (بیٹا نور الحسن)",1,"290"
"انیق احمد","خالد (شوہر جمیلہ ظفر)",1,"290"
"انیق احمد","خواجہ منظور",1,"80"
"انیق احمد","خورشید",1,"355"
"انیق احمد","دوست محمد خاں",5,"286 287 290 398 406"
"انیق احمد","ذکیہ",3,"204 244 290"
"انیق احمد","روحی",4,"244 292 311 398"
"انیق احمد","ریاض محمود",1,"355"
"انیق احمد","ریزی",3,"204 213 300"
"انیق احمد","سردار بیگم",1,"290"
"انیق احمد","سلیمان اینڈریوز",1,"458"
"انیق احمد","شفقت",1,"285"
"انیق احمد","شمس",1,"244"
"انیق احمد","شکیل مسعود",1,"618"
"انیق احمد","شہاب",6,"197 205 406 469 547 613"
"انیق احمد","شہزادی مامی",1,"316"
"انیق احمد","شہناز",1,"317"
"انیق احمد","صبا",1,"613"
"انیق احمد","صدیقہ",1,"168"
"انیق احمد","صوفی صاحب",4,"70 186 213 244"
"انیق احمد","صوفی غلام مصطفیٰ تبسم",2,"186 213"
"انیق احمد","ضیاء الحق",1,"311"
"انیق احمد","طارق بن افتخار",1,"220"
"انیق احمد","عفت",1,"406"
"انیق احمد","علی",10,"185 197 213 283 287 290 352 595 613 618"
"انیق احمد","عمر صاحب",3,"204 352 439"
"انیق احمد","غزل",3,"290 317 613"
"انیق احمد","فراز",1,"294"
"انیق احمد","فضلی",1,"613"
"انیق احمد","فیض احمد فیض",1,"294"
"انیق احمد","قاسم",2,"292 300"
"انیق احمد","قاضی شاہد خان",1,"300"
"انیق احمد","قدرت اللہ شہاب",6,"197 205 406 469 547 613"
"انیق احمد","ماچھا جی",1,"166"
"انیق احمد","مبار",4,"185 428 439 613"
"انیق احمد","محمد حسین",1,"300"
"انیق احمد","محمد حسین (آرٹسٹ)",1,"300"
"انیق احمد","محمد خاں",7,"168 286 287 290 371 398 406"
"انیق احمد","محمد رفیق",2,"311 356"
"انیق احمد","مسعود میاں",1,"618"
"انیق احمد","مفتی جی",3,"197 205 410"
"انیق احمد","ممتاز آپا",2,"197 410"
"انیق احمد","ممتاز مفتی",3,"197 205 410"
"انیق احمد","مولوی طوطا",1,"481"
"انیق احمد","ناہید",1,"205"
"انیق احمد","نغمہ",1,"613"
"انیق احمد","نور الحسن",3,"286 319 355"
"انیق احمد","نینی",2,"613 618"
"انیق احمد","ٹھیکیدار محمد حسین",1,"300"
"انیق احمد","پرویز چٹھہ",4,"204 213 244 300"
"انیق احمد","ڈاکٹر بروچہ",1,"72"
"انیق احمد","ڈاکٹر جواد ساجد",1,"481"
"انیق احمد","ڈاکٹر زبیر",2,"481 590"
"انیق احمد","ڈاکٹر صاحب (راشد لطیف ہسپتال)",6,"72 186 187 398 587 590"
"انیق احمد","ڈاکٹر فیصل آبادی",6,"72 186 187 398 587 590"
"انیق احمد","ڈاکٹر مارٹن",2,"167 168"
"انیق احمد","ڈیڈی جی",3,"166 167 168"
"انیق احمد","کامران",1,"311"
"انیق احمد","کامران (بیٹا ضیاء الحق)",1,"311"
"انیق احمد","ہاروے",1,"618"
"انیق احمد (انگریزی شاعر)","انیق خان",4,"300 317 398 547"
"انیق احمد (انگریزی شاعر)","بابا جی",1,"398"
"انیق احمد (انگریزی شاعر)","بابا جی محمد خاں",1,"398"
"انیق احمد (انگریزی شاعر)","بابا نور والے",1,"398"
"انیق احمد (انگریزی شاعر)","بانو قدسیہ",4,"300 317 398 547"
"انیق احمد (انگریزی شاعر)","بشری",1,"317"
"انیق احمد (انگریزی شاعر)","توصیف احمد خان",1,"300"
"انیق احمد (انگریزی شاعر)","جاوید",1,"300"
"انیق احمد (انگریزی شاعر)","جاوید طارق",1,"300"
"انیق احمد (انگریزی شاعر)","دوست محمد خاں",1,"398"
"انیق احمد (انگریزی شاعر)","روحی",1,"398"
"انیق احمد (انگریزی شاعر)","ریزی",1,"300"
"انیق احمد (انگریزی شاعر)","شہاب",1,"547"
"انیق احمد (انگریزی شاعر)","شہناز",1,"317"
"انیق احمد (انگریزی شاعر)","غزل",1,"317"
"انیق احمد (انگریزی شاعر)","قاسم",1,"300"
"انیق احمد (انگریزی شاعر)","قاضی شاہد خان",1,"300"
"انیق احمد (انگریزی شاعر)","قدرت اللہ شہاب",1,"547"
"انیق احمد (انگریزی شاعر)","محمد حسین",1,"300"
"انیق احمد (انگریزی شاعر)","محمد حسین (آرٹسٹ)",1,"300"
"انیق احمد (انگریزی شاعر)","محمد خاں",1,"398"
"انیق احمد (انگریزی شاعر)","ٹھیکیدار محمد حسین",1,"300"
"انیق احمد (انگریزی شاعر)","پرویز چٹھہ",1,"300"
"انیق احمد (انگریزی شاعر)","ڈاکٹر صاحب (راشد لطیف ہسپتال)",1,"398"
"انیق احمد (انگریزی شاعر)","ڈاکٹر فیصل آبادی",1,"398"
"انیق خان","ایلسا",1,"220"
"انیق خان","باب ہیز",3,"168 428 439"
"انیق خان","باب ہیوز",1,"439"
"انیق خان","بابا جی",5,"286 287 290 398 406"
"انیق خان","بابا جی محمد خاں",5,"286 287 290 398 406"
"انیق خان","بابا فضل شاہ",1,"285"
"انیق خان","بابا نور والے",5,"286 287 290 398 406"
"انیق خان","بابر",1,"595"
"انیق خان","بانو قدسیہ",52,"70 72 80 166 167 168 183 185 186 187 197 204 205 213 220 244 283 284 285 286 287 288 290 292 294 300 311 316 317 319 352 355 356 371 373 374 375 398 406 410 428 439 458 469 481 547 564 587 590 595 613 618"
"انیق خان","بشری",1,"317"
"انیق خان","بیگم ذاکر چٹھہ",8,"166 167 185 204 284 352 410 595"
"انیق خان","تانیہ",1,"613"
"انیق خان","توصیف احمد خان",3,"300 311 564"
"انیق خان","ثنیہ",1,"613"
"انیق خان","جاوید",4,"167 168 300 590"
"انیق خان","جاوید طارق",4,"167 168 300 590"
"انیق خان","جمیلہ ظفر",2,"183 220"
"انیق خان","جمیلہ ملک",2,"183 220"
"انیق خان","جمیلہ ہاشمی",1,"220"
"انیق خان","خالد",1,"290"
"انیق خان","خالد (بیٹا نور الحسن)",1,"290"
"انیق خان","خالد (شوہر جمیلہ ظفر)",1,"290"
"انیق خان","خواجہ منظور",1,"80"
"انیق خان","خورشید",1,"355"
"انیق خان","دوست محمد خاں",5,"286 287 290 398 406"
"انیق خان","ذکیہ",3,"204 244 290"
"انیق خان","روحی",4,"244 292 311 398"
"انیق خان","ریاض محمود",1,"355"
"انیق خان","ریزی",3,"204 213 300"
"انیق خان","سردار بیگم",1,"290"
"انیق خان","سلیمان اینڈریوز",1,"458"
"انیق خان","شفقت",1,"285"
"انیق خان","شمس",1,"244"
"انیق خان","شکیل مسعود",1,"618"
"انیق خان","شہاب",6,"197 205 406 469 547 613"
"انیق خان","شہزادی مامی",1,"316"
"انیق خان","شہناز",1,"317"
"انیق خان","صبا",1,"613"
"انیق خان","صدیقہ",1,"168"
"انیق خان","صوفی صاحب",4,"70 186 213 244"
"انیق خان","صوفی غلام مصطفیٰ تبسم",2,"186 213"
"انیق خان","ضیاء الحق",1,"311"
"انیق خان","طارق بن افتخار",1,"220"
"انیق خان","عفت",1,"406"
"انیق خان","علی",10,"185 197 213 283 287 290 352 595 613 618"
"انیق خان","عمر صاحب",3,"204 352 439"
"انیق خان","غزل",3,"290 317 613"
"انیق خان","فراز",1,"294"
"انیق خان","فضلی",1,"613"
"انیق خان","فیض احمد فیض",1,"294"
"انیق خان","قاسم",2,"292 300"
"انیق خان","قاضی شاہد خان",1,"300"
"انیق خان","قدرت اللہ شہاب",6,"197 205 406 469 547 613"
"انیق خان","ماچھا جی",1,"166"
"انیق خان","مبار",4,"185 428 439 613"
"انیق خان","محمد حسین",1,"300"
"انیق خان","محمد حسین (آرٹسٹ)",1,"300"
"انیق خان","محمد خاں",7,"168 286 287 290 371 398 406"
"انیق خان","محمد رفیق",2,"311 356"
"انیق خان","مسعود میاں",1,"618"
"انیق خان","مفتی جی",3,"197 205 410"
"انیق خان","ممتاز آپا",2,"197 410"
"انیق خان","ممتاز مفتی",3,"197 205 410"
"انیق خان","مولوی طوطا",1,"481"
"انیق خان","ناہید",1,"205"
"انیق خان","نغمہ",1,"613"
"انیق خان","نور الحسن",3,"286 319 355"
"انیق خان","نینی",2,"613 618"
"انیق خان","ٹھیکیدار محمد حسین",1,"300"
"انیق خان","پرویز چٹھہ",4,"204 213 244 300"
"انیق خان","ڈاکٹر بروچہ",1,"72"
"انیق خان","ڈاکٹر جواد ساجد",1,"481"
"انیق خان","ڈاکٹر زبیر",2,"481 590"
"انیق خان","ڈاکٹر صاحب (راشد لطیف ہسپتال)",6,"72 186 187 398 587 590"
"انیق خان","ڈاکٹر فیصل آبادی",6,"72 186 187 398 587 590"
"انیق خان","ڈاکٹر مارٹن",2,"167 168"
"انیق خان","ڈیڈی جی",3,"166 167 168"
"انیق خان","کامران",1,"311"
"انیق خان","کامران (بیٹا ضیاء الحق)",1,"311"
"انیق خان","ہاروے",1,"618"
"اولیں","بانو قدسیہ",8,"9 32 109 119 161 177 552 604"
"اولیں","بٹ صاحب",1,"32"
"اولیں","بیگم ذاکر چٹھہ",5,"9 32 109 161 177"
"اولیں","خاطر غزنوی",1,"119"
"اولیں","خالد",1,"604"
"اولیں","خالد (بیٹا نور الحسن)",1,"604"
"اولیں","خالد (شوہر جمیلہ ظفر)",1,"604"
"اولیں","ریزی",2,"161 177"
"اولیں","زینب",1,"161"
"اولیں","سردار بیگم",1,"161"
"اولیں","صائمہ",1,"604"
"اولیں","علی",1,"9"
"اولیں","عمر صاحب",1,"32"
"اولیں","غزل",1,"177"
"اولیں","فرخ بشیر",1,"604"
"اولیں","فیروزہ بیگم",1,"177"
"اولیں","مبار",1,"161"
"اولیں","محمودہ منظور زئی",1,"161"
"اولیں","ناہید",2,"177 552"
"اولیں","نور الحسن",1,"604"
"اولیں","پرویز چٹھہ",2,"161 177"
"اولیں","ڈیڈی جی",1,"161"
"ایلسا","باؤسانی",1,"233"
"ایلسا","بانو قدسیہ",3,"220 231 233"
"ایلسا","بشری",1,"233"
"ایلسا","جاوید",1,"233"
"ایلسا","جاوید طارق",1,"233"
"ایلسا","جمیلہ ظفر",1,"220"
"ایلسا","جمیلہ ملک",1,"220"
"ایلسا","جمیلہ ہاشمی",1,"220"
"ایلسا","صدیقہ",1,"233"
"ایلسا","طارق بن افتخار",1,"220"
"با با احسن","بانو قدسیہ",1,"330"
"با با احسن","بجیم",1,"330"
"با با احسن","برکی",1,"330"
"با با احسن","توصیف احمد خان",1,"330"
"با با احسن","خوشی محمد",1,"330"
"با با احسن","ریاض محمود",1,"330"
"با با احسن","سلیم بونگا",1,"330"
"با با احسن","شازیہ",1,"330"
"با با احسن","شرافت نوشاہی",1,"330"
"با با احسن","ملا بات اللہ",1,"330"
"باؤسانی","بانو قدسیہ",1,"233"
"باؤسانی","بشری",1,"233"
"باؤسانی","جاوید",1,"233"
"باؤسانی","جاوید طارق",1,"233"
"باؤسانی","صدیقہ",1,"233"
"باب ہیز","باب ہیوز",10,"272 421 422 423 424 425 429 437 439 525"
"باب ہیز","بابا جی",3,"422 423 580"
"باب ہیز","بابا جی محمد خاں",3,"422 423 580"
"باب ہیز","بابا نور والے",3,"422 423 580"
"باب ہیز","بانو قدسیہ",21,"96 154 168 169 272 357 421 422 423 424 425 426 427 428 429 437 438 439 440 525 580"
"باب ہیز","تویلہ",1,"169"
"باب ہیز","جاوید",2,"168 169"
"باب ہیز","جاوید طارق",2,"168 169"
"باب ہیز","جوئی گیون",1,"440"
"باب ہیز","دوست محمد خاں",3,"422 423 580"
"باب ہیز","ریاض محمود",1,"357"
"باب ہیز","ریزی",2,"154 169"
"باب ہیز","سردار بیگم",1,"154"
"باب ہیز","سلیمان اینڈریوز",2,"429 440"
"باب ہیز","سہیل عمر",1,"272"
"باب ہیز","سید عابد علی عابد",1,"154"
"باب ہیز","شہاب",1,"437"
"باب ہیز","صدیقہ",2,"168 169"
"باب ہیز","عبدالرحمن چغتائی",1,"525"
"باب ہیز","علی",1,"154"
"باب ہیز","عمر صاحب",4,"272 422 439 580"
"باب ہیز","فیض احمد فیض",2,"272 421"
"باب ہیز","قدرت اللہ شہاب",1,"437"
"باب ہیز","لالو",1,"154"
"باب ہیز","مارسیا",2,"423 424"
"باب ہیز","ماریہ",2,"422 423"
"باب ہیز","مبار",3,"427 428 439"
"باب ہیز","محمد خاں",4,"168 422 423 580"
"باب ہیز","ممتاز آپا",1,"427"
"باب ہیز","ناہید",1,"580"
"باب ہیز","نور الحسن",3,"422 426 429"
"باب ہیز","پرویز چٹھہ",2,"154 169"
"باب ہیز","ڈاکٹر ایوب احمد خاں",1,"580"
"باب ہیز","ڈاکٹر صاحب (راشد لطیف ہسپتال)",1,"580"
"باب ہیز","ڈاکٹر فیصل آبادی",1,"580"
"باب ہیز","ڈاکٹر مارٹن",2,"168 169"
"باب ہیز","ڈیڈی جی",1,"168"
"باب ہیز","کیتھی",3,"422 424 425"
"باب ہیوز","بابا جی",2,"422 423"
"باب ہیوز","بابا جی محمد خاں",2,"422 423"
"باب ہیوز","بابا نور والے",2,"422 423"
"باب ہیوز","بانو قدسیہ",10,"272 421 422 423 424 425 429 437 439 525"
"باب ہیوز","دوست محمد خاں",2,"422 423"
"باب ہیوز","سلیمان اینڈریوز",1,"429"
"باب ہیوز","سہیل عمر",1,"272"
"باب ہیوز","شہاب",1,"437"
"باب ہیوز","عبدالرحمن چغتائی",1,"525"
"باب ہیوز","عمر صاحب",3,"272 422 439"
"باب ہیوز","فیض احمد فیض",2,"272 421"
"باب ہیوز","قدرت اللہ شہاب",1,"437"
"باب ہیوز","مارسیا",2,"423 424"
"باب ہیوز","ماریہ",2,"422 423"
"باب ہیوز","مبار",1,"439"
"باب ہیوز","محمد خاں",2,"422 423"
"باب ہیوز","نور الحسن",2,"422 429"
"باب ہیوز","کیتھی",3,"422 424 425"
"بابا جلال","بابا جی",8,"365 367 392 396 400 402 404 411"
"بابا جلال","بابا جی محمد خاں",8,"365 367 392 396 400 402 404 411"
"بابا جلال","بابا فضل شاہ",1,"396"
"بابا جلال","بابا نور والے",8,"365 367 392 396 400 402 404 411"
"بابا جلال","بانو قدسیہ",8,"365 367 392 396 400 402 404 411"
"بابا جلال","بٹ صاحب",1,"392"
"بابا جلال","بیگم ذاکر چٹھہ",1,"367"
"بابا جلال","دوست محمد خاں",8,"365 367 392 396 400 402 404 411"
"بابا جلال","شمس",4,"367 400 402 411"
"بابا جلال","شہاب",3,"365 402 404"
"بابا جلال","عفت",7,"365 367 392 400 402 404 411"
"بابا جلال","علی",2,"396 402"
"بابا جلال","علی محمد",1,"402"
"بابا جلال","عمر صاحب",1,"392"
"بابا جلال","قدرت اللہ شہاب",3,"365 402 404"
"بابا جلال","محمد خاں",8,"365 367 392 396 400 402 404 411"
"بابا جلال","نور الحسن",1,"367"
"بابا جلال","ڈاکٹر صاحب (راشد لطیف ہسپتال)",3,"400 402 411"
"بابا جلال","ڈاکٹر فیصل آبادی",3,"400 402 411"
"بابا جلال","کشور",1,"402"
"بابا جی","بابا جی محمد خاں",73,"1 2 3 4 8 11 13 14 24 34 35 36 37 38 61 83 89 104 111 162 203 206 207 208 256 261 262 276 286 287 290 360 364 365 366 367 368 370 385 386 390 391 392 393 395 396 397 398 399 400 401 402 403 404 405 406 407 409 411 412 413 414 419 422 423 449 455 473 540 580 584 599 635"
"بابا جی","بابا فضل شاہ",3,"396 397 399"
"بابا جی","بابا نور والے",73,"1 2 3 4 8 11 13 14 24 34 35 36 37 38 61 83 89 104 111 162 203 206 207 208 256 261 262 276 286 287 290 360 364 365 366 367 368 370 385 386 390 391 392 393 395 396 397 398 399 400 401 402 403 404 405 406 407 409 411 412 413 414 419 422 423 449 455 473 540 580 584 599 635"
"بابا جی","بابر",2,"4 397"
"بابا جی","بانو قدسیہ",73,"1 2 3 4 8 11 13 14 24 34 35 36 37 38 61 83 89 104 111 162 203 206 207 208 256 261 262 276 286 287 290 360 364 365 366 367 368 370 385 386 390 391 392 393 395 396 397 398 399 400 401 402 403 404 405 406 407 409 411 412 413 414 419 422 423 449 455 473 540 580 584 599 635"
"بابا جی","برجی",3,"368 370 385"
"بابا جی","بٹ صاحب",1,"392"
"بابا جی","بی بی خیر جان",1,"61"
"بابا جی","بیگم ذاکر چٹھہ",9,"3 11 13 14 104 206 367 386 395"
"بابا جی","تاج صاحب",1,"395"
"بابا جی","توصیف احمد خان",1,"455"
"بابا جی","تویلہ",1,"455"
"بابا جی","جاوید",1,"203"
"بابا جی","جاوید طارق",1,"203"
"بابا جی","جمیلہ ظفر",3,"364 405 407"
"بابا جی","جمیلہ ملک",3,"364 405 407"
"بابا جی","جوئی گیون",1,"455"
"بابا جی","خالد",1,"290"
"بابا جی","خالد (بیٹا نور الحسن)",1,"290"
"بابا جی","خالد (شوہر جمیلہ ظفر)",1,"290"
"بابا جی","خالہ فیروزہ",1,"104"
"بابا جی","دوست محمد خاں",73,"1 2 3 4 8 11 13 14 24 34 35 36 37 38 61 83 89 104 111 162 203 206 207 208 256 261 262 276 286 287 290 360 364 365 366 367 368 370 385 386 390 391 392 393 395 396 397 398 399 400 401 402 403 404 405 406 407 409 411 412 413 414 419 422 423 449 455 473 540 580 584 599 635"
"بابا جی","ذکیہ",5,"36 37 203 208 290"
"بابا جی","رشید احمد چودھری",3,"11 206 391"
"بابا جی","روحی",1,"398"
"بابا جی","ریاض محمود",1,"276"
"بابا جی","ریزی",4,"61 83 104 111"
"بابا جی","زوبی",1,"111"
"بابا جی","زینب",2,"61 83"
"بابا جی","سردار بیگم",12,"2 3 14 24 36 61 89 162 203 207 208 290"
"بابا جی","سعید اثر",2,"206 395"
"بابا جی","سلیمان اینڈریوز",1,"455"
"بابا جی","سید عابد علی عابد",1,"111"
"بابا جی","شفقت",4,"111 449 584 635"
"بابا جی","شمس",8,"367 368 370 386 390 400 402 411"
"بابا جی","شہاب",14,"256 261 360 364 365 366 401 402 403 404 405 406 407 409"
"بابا جی","صادق",1,"61"
"بابا جی","صوفی صاحب",5,"11 61 83 111 473"
"بابا جی","صوفی غلام مصطفیٰ تبسم",1,"61"
"بابا جی","ضیاء الحق",2,"35 162"
"بابا جی","طارق بن افتخار",2,"34 162"
"بابا جی","عفت",21,"364 365 366 367 368 370 390 392 400 401 402 403 404 405 406 407 409 411 413 414 419"
"بابا جی","علی",12,"24 111 162 261 287 290 366 390 396 402 407 409"
"بابا جی","علی محمد",2,"402 407"
"بابا جی","عمر صاحب",14,"8 37 38 206 256 385 386 392 397 412 422 473 580 599"
"بابا جی","غزل",3,"4 38 290"
"بابا جی","فیروزہ بیگم",1,"104"
"بابا جی","فیض احمد فیض",1,"473"
"بابا جی","قدرت اللہ شہاب",14,"256 261 360 364 365 366 401 402 403 404 405 406 407 409"
"بابا جی","قمر ریکارڈسٹ",1,"162"
"بابا جی","لالو",2,"61 83"
"بابا جی","مارسیا",1,"423"
"بابا جی","ماریہ",2,"422 423"
"بابا جی","ماچھا جی",1,"162"
"بابا جی","مبار",3,"89 208 395"
"بابا جی","محمد حسین",1,"162"
"بابا جی","محمد حسین (آرٹسٹ)",1,"162"
"بابا جی","محمد خاں",73,"1 2 3 4 8 11 13 14 24 34 35 36 37 38 61 83 89 104 111 162 203 206 207 208 256 261 262 276 286 287 290 360 364 365 366 367 368 370 385 386 390 391 392 393 395 396 397 398 399 400 401 402 403 404 405 406 407 409 411 412 413 414 419 422 423 449 455 473 540 580 584 599 635"
"بابا جی","محمد رفیق",1,"8"
"بابا جی","محمودہ منظور زئی",2,"34 104"
"بابا جی","مرجان",1,"261"
"بابا جی","مفتی جی",2,"256 261"
"بابا جی","ممتاز آپا",1,"261"
"بابا جی","ممتاز مفتی",2,"256 261"
"بابا جی","مولوی طوطا",2,"2 368"
"بابا جی","ناہید",2,"206 580"
"بابا جی","نصرت بیگم",1,"599"
"بابا جی","نور الحسن",15,"8 11 14 276 286 360 364 367 385 390 391 395 409 422 635"
"بابا جی","نیلو",1,"104"
"بابا جی","پروفیسر محمد صادق",1,"61"
"بابا جی","پرویز چٹھہ",4,"61 83 104 111"
"بابا جی","ڈاکٹر ایوب احمد خاں",5,"83 206 207 256 580"
"بابا جی","ڈاکٹر صاحب (راشد لطیف ہسپتال)",13,"14 390 398 399 400 402 409 411 413 414 449 540 580"
"بابا جی","ڈاکٹر طارق بن افتخار",1,"34"
"بابا جی","ڈاکٹر عاطف گوہیر",1,"449"
"بابا جی","ڈاکٹر فواد",1,"473"
"بابا جی","ڈاکٹر فیصل آبادی",13,"14 390 398 399 400 402 409 411 413 414 449 540 580"
"بابا جی","ڈاکٹر محمد صادق",1,"61"
"بابا جی","ڈیڈی جی",3,"34 162 455"
"بابا جی","کشور",5,"364 401 402 405 419"
"بابا جی","کیتھی",2,"399 422"
"بابا جی محمد خاں","بابا فضل شاہ",3,"396 397 399"
"بابا جی محمد خاں","بابا نور والے",73,"1 2 3 4 8 11 13 14 24 34 35 36 37 38 61 83 89 104 111 162 203 206 207 208 256 261 262 276 286 287 290 360 364 365 366 367 368 370 385 386 390 391 392 393 395 396 397 398 399 400 401 402 403 404 405 406 407 409 411 412 413 414 419 422 423 449 455 473 540 580 584 599 635"
"بابا جی محمد خاں","بابر",2,"4 397"
"بابا جی محمد خاں","بانو قدسیہ",73,"1 2 3 4 8 11 13 14 24 34 35 36 37 38 61 83 89 104 111 162 203 206 207 208 256 261 262 276 286 287 290 360 364 365 366 367 368 370 385 386 390 391 392 393 395 396 397 398 399 400 401 402 403 404 405 406 407 409 411 412 413 414 419 422 423 449 455 473 540 580 584 599 635"
"بابا جی محمد خاں","برجی",3,"368 370 385"
"بابا جی محمد خاں","بٹ صاحب",1,"392"
"بابا جی محمد خاں","بی بی خیر جان",1,"61"
"بابا جی محمد خاں","بیگم ذاکر چٹھہ",9,"3 11 13 14 104 206 367 386 395"
"بابا جی محمد خاں","تاج صاحب",1,"395"
"بابا جی محمد خاں","توصیف احمد خان",1,"455"
"بابا جی محمد خاں","تویلہ",1,"455"
"بابا جی محمد خاں","جاوید",1,"203"
"بابا جی محمد خاں","جاوید طارق",1,"203"
"بابا جی محمد خاں","جمیلہ ظفر",3,"364 405 407"
"بابا جی محمد خاں","جمیلہ ملک",3,"364 405 407"
"بابا جی محمد خاں","جوئی گیون",1,"455"
"بابا جی محمد خاں","خالد",1,"290"
"بابا جی محمد خاں","خالد (بیٹا نور الحسن)",1,"290"
"بابا جی محمد خاں","خالد (شوہر جمیلہ ظفر)",1,"290"
"بابا جی محمد خاں","خالہ فیروزہ",1,"104"
"بابا جی محمد خاں","دوست محمد خاں",73,"1 2 3 4 8 11 13 14 24 34 35 36 37 38 61 83 89 104 111 162 203 206 207 208 256 261 262 276 286 287 290 360 364 365 366 367 368 370 385 386 390 391 392 393 395 396 397 398 399 400 401 402 403 404 405 406 407 409 411 412 413 414 419 422 423 449 455 473 540 580 584 599 635"
"بابا جی محمد خاں","ذکیہ",5,"36 37 203 208 290"
"بابا جی محمد خاں","رشید احمد چودھری",3,"11 206 391"
"بابا جی محمد خاں","روحی",1,"398"
"بابا جی محمد خاں","ریاض محمود",1,"276"
"بابا جی محمد خاں","ریزی",4,"61 83 104 111"
"بابا جی محمد خاں","زوبی",1,"111"
"بابا جی محمد خاں","زینب",2,"61 83"
"بابا جی محمد خاں","سردار بیگم",12,"2 3 14 24 36 61 89 162 203 207 208 290"
"بابا جی محمد خاں","سعید اثر",2,"206 395"
"بابا جی محمد خاں","سلیمان اینڈریوز",1,"455"
"بابا جی محمد خاں","سید عابد علی عابد",1,"111"
"بابا جی محمد خاں","شفقت",4,"111 449 584 635"
"بابا جی محمد خاں","شمس",8,"367 368 370 386 390 400 402 411"
"بابا جی محمد خاں","شہاب",14,"256 261 360 364 365 366 401 402 403 404 405 406 407 409"
"بابا جی محمد خاں","صادق",1,"61"
"بابا جی محمد خاں","صوفی صاحب",5,"11 61 83 111 473"
"بابا جی محمد خاں","صوفی غلام مصطفیٰ تبسم",1,"61"
"بابا جی محمد خاں","ضیاء الحق",2,"35 162"
"بابا جی محمد خاں","طارق بن افتخار",2,"34 162"
"بابا جی محمد خاں","عفت",21,"364 365 366 367 368 370 390 392 400 401 402 403 404 405 406 407 409 411 413 414 419"
"بابا جی محمد خاں","علی",12,"24 111 162 261 287 290 366 390 396 402 407 409"
"بابا جی محمد خاں","علی محمد",2,"402 407"
"بابا جی محمد خاں","عمر صاحب",14,"8 37 38 206 256 385 386 392 397 412 422 473 580 599"
"بابا جی محمد خاں","غزل",3,"4 38 290"
"بابا جی محمد خاں","فیروزہ بیگم",1,"104"
"بابا جی محمد خاں","فیض احمد فیض",1,"473"
"بابا جی محمد خاں","قدرت اللہ شہاب",14,"256 261 360 364 365 366 401 402 403 404 405 406 407 409"
"بابا جی محمد خاں","قمر ریکارڈسٹ",1,"162"
"بابا جی محمد خاں","لالو",2,"61 83"
"بابا جی محمد خاں","مارسیا",1,"423"
"بابا جی محمد خاں","ماریہ",2,"422 423"
"بابا جی محمد خاں","ماچھا جی",1,"162"
"بابا جی محمد خاں","مبار",3,"89 208 395"
"بابا جی محمد خاں","محمد حسین",1,"162"
"بابا جی محمد خاں","محمد حسین (آرٹسٹ)",1,"162"
"بابا جی محمد خاں","محمد خاں",73,"1 2 3 4 8 11 13 14 24 34 35 36 37 38 61 83 89 104 111 162 203 206 207 208 256 261 262 276 286 287 290 360 364 365 366 367 368 370 385 386 390 391 392 393 395 396 397 398 399 400 401 402 403 404 405 406 407 409 411 412 413 414 419 422 423 449 455 473 540 580 584 599 635"
"بابا جی محمد خاں","محمد رفیق",1,"8"
"بابا جی محمد خاں","محمودہ منظور زئی",2,"34 104"
"بابا جی محمد خاں","مرجان",1,"261"
"بابا جی محمد خاں","مفتی جی",2,"256 261"
"بابا جی محمد خاں","ممتاز آپا",1,"261"
"بابا جی محمد خاں","ممتاز مفتی",2,"256 261"
"بابا جی محمد خاں","مولوی طوطا",2,"2 368"
"بابا جی محمد خاں","ناہید",2,"206 580"
"بابا جی محمد خاں","نصرت بیگم",1,"599"
"بابا جی محمد خاں","نور الحسن",15,"8 11 14 276 286 360 364 367 385 390 391 395 409 422 635"
"بابا جی محمد خاں","نیلو",1,"104"
"بابا جی محمد خاں","پروفیسر محمد صادق",1,"61"
"بابا جی محمد خاں","پرویز چٹھہ",4,"61 83 104 111"
"بابا جی محمد خاں","ڈاکٹر ایوب احمد خاں",5,"83 206 207 256 580"
"بابا جی محمد خاں","ڈاکٹر صاحب (راشد لطیف ہسپتال)",13,"14 390 398 399 400 402 409 411 413 414 449 540 580"
"بابا جی محمد خاں","ڈاکٹر طارق بن افتخار",1,"34"
"بابا جی محمد خاں","ڈاکٹر عاطف گوہیر",1,"449"
"بابا جی محمد خاں","ڈاکٹر فواد",1,"473"
"بابا جی محمد خاں","ڈاکٹر فیصل آبادی",13,"14 390 398 399 400 402 409 411 413 414 449 540 580"
"بابا جی محمد خاں","ڈاکٹر محمد صادق",1,"61"
"بابا جی محمد خاں","ڈیڈی جی",3,"34 162 455"
"بابا جی محمد خاں","کشور",5,"364 401 402 405 419"
"بابا جی محمد خاں","کیتھی",2,"399 422"
"بابا فضل شاہ","بابا نور والے",3,"396 397 399"
"بابا فضل شاہ","بابر",1,"397"
"بابا فضل شاہ","بانو قدسیہ",7,"6 285 396 397 399 513 529"
"بابا فضل شاہ","دوست محمد خاں",4,"6 396 397 399"
"بابا فضل شاہ","ذکیہ",1,"513"
"بابا فضل شاہ","رشید احمد چودھری",1,"6"
"بابا فضل شاہ","شفقت",1,"285"
"بابا فضل شاہ","شہاب",2,"513 529"
"بابا فضل شاہ","عفت",1,"513"
"بابا فضل شاہ","علی",2,"396 513"
"بابا فضل شاہ","عمر صاحب",2,"6 397"
"بابا فضل شاہ","غلام علی",1,"513"
"بابا فضل شاہ","قدرت اللہ شہاب",2,"513 529"
"بابا فضل شاہ","قمر ریکارڈسٹ",1,"6"
"بابا فضل شاہ","محمد خاں",4,"6 396 397 399"
"بابا فضل شاہ","محمد رفیق",1,"6"
"بابا فضل شاہ","مفتی جی",1,"529"
"بابا فضل شاہ","ممتاز مفتی",1,"529"
"بابا فضل شاہ","ڈاکٹر صاحب (راشد لطیف ہسپتال)",1,"399"
"بابا فضل شاہ","ڈاکٹر فیصل آبادی",1,"399"
"بابا فضل شاہ","کیتھی",1,"399"
"بابا نور والے","بابر",2,"4 397"
"بابا نور والے","بانو قدسیہ",74,"1 2 3 4 8 11 13 14 15 24 34 35 36 37 38 61 83 89 104 111 162 203 206 207 208 256 261 262 276 286 287 290 360 364 365 366 367 368 370 385 386 390 391 392 393 395 396 397 398 399 400 401 402 403 404 405 406 407 409 411 412 413 414 419 422 423 449 455 473 540 580 584 599 635"
"بابا نور والے","برجی",3,"368 370 385"
"بابا نور والے","بٹ صاحب",1,"392"
"بابا نور والے","بی بی خیر جان",1,"61"
"بابا نور والے","بیگم ذاکر چٹھہ",9,"3 11 13 14 104 206 367 386 395"
"بابا نور والے","تاج صاحب",1,"395"
"بابا نور والے","توصیف احمد خان",1,"455"
"بابا نور والے","تویلہ",1,"455"
"بابا نور والے","جاوید",1,"203"
"بابا نور والے","جاوید طارق",1,"203"
"بابا نور والے","جمیلہ ظفر",3,"364 405 407"
"بابا نور والے","جمیلہ ملک",3,"364 405 407"
"بابا نور والے","جوئی گیون",1,"455"
"بابا نور والے","خالد",1,"290"
"بابا نور والے","خالد (بیٹا نور الحسن)",1,"290"
"بابا نور والے","خالد (شوہر جمیلہ ظفر)",1,"290"
"بابا نور والے","خالہ فیروزہ",1,"104"
"بابا نور والے","دوست محمد خاں",73,"1 2 3 4 8 11 13 14 24 34 35 36 37 38 61 83 89 104 111 162 203 206 207 208 256 261 262 276 286 287 290 360 364 365 366 367 368 370 385 386 390 391 392 393 395 396 397 398 399 400 401 402 403 404 405 406 407 409 411 412 413 414 419 422 423 449 455 473 540 580 584 599 635"
"بابا نور والے","ذکیہ",5,"36 37 203 208 290"
"بابا نور والے","رشید احمد چودھری",4,"11 15 206 391"
"بابا نور والے","روحی",1,"398"
"بابا نور والے","ریاض محمود",1,"276"
"بابا نور والے","ریزی",4,"61 83 104 111"
"بابا نور والے","زوبی",1,"111"
"بابا نور والے","زینب",2,"61 83"
"بابا نور والے","سردار بیگم",12,"2 3 14 24 36 61 89 162 203 207 208 290"
"بابا نور والے","سعید اثر",2,"206 395"
"بابا نور والے","سلیمان اینڈریوز",1,"455"
"بابا نور والے","سید عابد علی عابد",1,"111"
"بابا نور والے","شفقت",4,"111 449 584 635"
"بابا نور والے","شمس",8,"367 368 370 386 390 400 402 411"
"بابا نور والے","شہاب",14,"256 261 360 364 365 366 401 402 403 404 405 406 407 409"
"بابا نور والے","صادق",1,"61"
"بابا نور والے","صوفی صاحب",5,"11 61 83 111 473"
"بابا نور والے","صوفی غلام مصطفیٰ تبسم",1,"61"
"بابا نور والے","ضیاء الحق",2,"35 162"
"بابا نور والے","طارق بن افتخار",2,"34 162"
"بابا نور والے","عفت",21,"364 365 366 367 368 370 390 392 400 401 402 403 404 405 406 407 409 411 413 414 419"
"بابا نور والے","علی",12,"24 111 162 261 287 290 366 390 396 402 407 409"
"بابا نور والے","علی محمد",2,"402 407"
"بابا نور والے","عمر صاحب",14,"8 37 38 206 256 385 386 392 397 412 422 473 580 599"
"بابا نور والے","غزل",3,"4 38 290"
"بابا نور والے","فیروزہ بیگم",1,"104"
"بابا نور والے","فیض احمد فیض",1,"473"
"بابا نور والے","قدرت اللہ شہاب",14,"256 261 360 364 365 366 401 402 403 404 405 406 407 409"
"بابا نور والے","قمر ریکارڈسٹ",1,"162"
"بابا نور والے","لالو",2,"61 83"
"بابا نور والے","مارسیا",1,"423"
"بابا نور والے","ماریہ",2,"422 423"
"بابا نور والے","ماچھا جی",1,"162"
"بابا نور والے","مبار",3,"89 208 395"
"بابا نور والے","محمد حسین",1,"162"
"بابا نور والے","محمد حسین (آرٹسٹ)",1,"162"
"بابا نور والے","محمد خاں",73,"1 2 3 4 8 11 13 14 24 34 35 36 37 38 61 83 89 104 111 162 203 206 207 208 256 261 262 276 286 287 290 360 364 365 366 367 368 370 385 386 390 391 392 393 395 396 397 398 399 400 401 402 403 404 405 406 407 409 411 412 413 414 419 422 423 449 455 473 540 580 584 599 635"
"بابا نور والے","محمد رفیق",1,"8"
"بابا نور والے","محمودہ منظور زئی",2,"34 104"
"بابا نور والے","مرجان",1,"261"
"بابا نور والے","مفتی جی",2,"256 261"
"بابا نور والے","ممتاز آپا",1,"261"
"بابا نور والے","ممتاز مفتی",2,"256 261"
"بابا نور والے","مولوی طوطا",2,"2 368"
"بابا نور والے","ناہید",2,"206 580"
"بابا نور والے","نصرت بیگم",1,"599"
"بابا نور والے","نور الحسن",16,"8 11 14 15 276 286 360 364 367 385 390 391 395 409 422 635"
"بابا نور والے","نیلو",1,"104"
"بابا نور والے","پروفیسر محمد صادق",1,"61"
"بابا نور والے","پرویز چٹھہ",4,"61 83 104 111"
"بابا نور والے","ڈاکٹر ایوب احمد خاں",5,"83 206 207 256 580"
"بابا نور والے","ڈاکٹر صاحب (راشد لطیف ہسپتال)",13,"14 390 398 399 400 402 409 411 413 414 449 540 580"
"بابا نور والے","ڈاکٹر طارق بن افتخار",1,"34"
"بابا نور والے","ڈاکٹر عاطف گوہیر",1,"449"
"بابا نور والے","ڈاکٹر فواد",1,"473"
"بابا نور والے","ڈاکٹر فیصل آبادی",13,"14 390 398 399 400 402 409 411 413 414 449 540 580"
"بابا نور والے","ڈاکٹر محمد صادق",1,"61"
"بابا نور والے","ڈیڈی جی",3,"34 162 455"
"بابا نور والے","کشور",5,"364 401 402 405 419"
"بابا نور والے","کیتھی",2,"399 422"
"بابر","بانو قدسیہ",7,"4 5 397 595 596 616 617"
"بابر","بیگم ذاکر چٹھہ",2,"595 616"
"بابر","تویلہ",1,"616"
"بابر","ثنیہ",2,"616 617"
"بابر","دوست محمد خاں",2,"4 397"
"بابر","شفقت",1,"617"
"بابر","شکیل مسعود",2,"616 617"
"بابر","علی",4,"595 596 616 617"
"بابر","عمر صاحب",1,"397"
"بابر","غزل",1,"4"
"بابر","فیض احمد فیض",1,"596"
"بابر","مبار",1,"5"
"بابر","محمد خاں",2,"4 397"
"بابر","مسعود میاں",1,"616"
"بابر","نغمہ",1,"617"
"بابر","نینی",2,"616 617"
"بابر","ہاروے",1,"617"
"بانو قدسیہ","بجیم",1,"330"
"بانو قدسیہ","برجی",7,"368 370 381 382 383 384 385"
"بانو قدسیہ","برکی",1,"330"
"بانو قدسیہ","بشری",8,"102 233 317 485 545 548 549 557"
"بانو قدسیہ","بٹ صاحب",8,"32 40 74 170 249 281 392 572"
"بانو قدسیہ","بی بی خیر جان",1,"61"
"بانو قدسیہ","بیگم ذاکر چٹھہ",112,"3 9 10 11 13 14 22 26 27 28 29 30 32 33 51 53 55 59 60 62 63 64 71 73 75 81 84 85 86 91 93 97 98 100 103 104 105 107 108 109 110 112 117 120 121 122 123 126 131 134 135 136 137 138 139 152 156 160 161 166 167 174 176 177 179 184 185 189 191 192 204 206 215 216 218 219 224 241 246 247 248 254 264 269 284 349 350 352 367 377 378 379 386 395 410 466 467 468 474 475 477 486 492 504 554 577 579 583 588 595 616 683"
"بانو قدسیہ","تاج صاحب",15,"7 51 88 175 226 249 322 334 339 395 519 585 605 609 614"
"بانو قدسیہ","تانیہ",1,"613"
"بانو قدسیہ","توصیف احمد خان",7,"224 300 311 330 348 455 564"
"بانو قدسیہ","تویلہ",10,"22 169 216 455 461 480 491 494 592 616"
"بانو قدسیہ","تہمینہ اثر",1,"57"
"بانو قدسیہ","ثنیہ",7,"600 611 613 614 615 616 617"
"بانو قدسیہ","جاوید",31,"22 31 39 57 118 163 164 167 168 169 203 212 216 217 226 230 233 241 259 300 332 348 470 472 491 561 578 579 590 592 638"
"بانو قدسیہ","جاوید اثر",1,"57"
"بانو قدسیہ","جاوید طارق",33,"22 31 39 57 118 163 164 165 167 168 169 203 212 216 217 226 230 233 235 241 259 300 332 348 470 472 491 561 578 579 590 592 638"
"بانو قدسیہ","جمیلہ اختر",3,"88 226 227"
"بانو قدسیہ","جمیلہ ظفر",24,"29 30 86 88 94 95 181 182 183 184 220 226 227 238 250 270 362 364 405 407 470 494 558 637"
"بانو قدسیہ","جمیلہ ملک",24,"29 30 86 88 94 95 181 182 183 184 220 226 227 238 250 270 362 364 405 407 470 494 558 637"
"بانو قدسیہ","جمیلہ ہاشمی",7,"181 182 184 220 270 470 558"
"بانو قدسیہ","جوئی گیون",11,"245 430 432 440 451 453 454 455 456 457 619"
"بانو قدسیہ","خاطر غزنوی",2,"119 270"
"بانو قدسیہ","خالد",12,"68 94 95 163 174 226 232 290 480 491 603 604"
"بانو قدسیہ","خالد (بیٹا نور الحسن)",12,"68 94 95 163 174 226 232 290 480 491 603 604"
"بانو قدسیہ","خالد (شوہر جمیلہ ظفر)",12,"68 94 95 163 174 226 232 290 480 491 603 604"
"بانو قدسیہ","خالہ فیروزہ",6,"28 31 104 156 209 394"
"بانو قدسیہ","خواجہ منظور",1,"80"
"بانو قدسیہ","خورشید",6,"150 190 354 355 500 591"
"بانو قدسیہ","خوشی محمد",2,"263 330"
"بانو قدسیہ","دوست محمد خاں",75,"1 2 3 4 6 8 11 13 14 22 24 34 35 36 37 38 61 83 89 104 111 162 203 206 207 208 256 261 262 276 286 287 290 360 364 365 366 367 368 370 385 386 390 391 392 393 395 396 397 398 399 400 401 402 403 404 405 406 407 409 411 412 413 414 419 422 423 449 455 473 540 580 584 599 635"
"بانو قدسیہ","ذکیہ",12,"36 37 56 57 203 204 208 244 290 513 514 516"
"بانو قدسیہ","رؤف خالد",1,"603"
"بانو قدسیہ","راؤ ساجد",2,"621 622"
"بانو قدسیہ","رابعہ",1,"581"
"بانو قدسیہ","رشید احمد چودھری",8,"6 11 15 39 163 206 228 391"
"بانو قدسیہ","روبینہ خالد",1,"603"
"بانو قدسیہ","روحی",10,"227 244 245 269 292 311 398 591 593 612"
"بانو قدسیہ","ریاض محمود",26,"54 155 190 215 230 232 240 246 249 264 266 268 271 273 276 310 330 355 357 462 471 517 551 560 583 585"
"بانو قدسیہ","ریاضی",3,"95 264 450"
"بانو قدسیہ","ریزی",62,"26 27 28 29 33 51 54 61 63 64 79 82 83 84 86 90 92 93 98 100 103 104 105 106 108 111 112 114 117 127 128 135 136 137 138 139 150 152 154 155 156 157 161 163 164 169 171 175 176 177 178 204 213 215 217 218 219 271 277 300 472 683"
"بانو قدسیہ","زوبی",12,"47 65 111 118 127 153 533 541 542 557 558 559"
"بانو قدسیہ","زینب",12,"27 61 64 65 82 83 98 103 157 161 165 605"
"بانو قدسیہ","سردار بیگم",36,"2 3 14 22 24 25 36 45 60 61 62 68 88 89 90 115 121 154 160 161 162 175 176 179 201 203 207 208 221 282 290 328 350 468 557 577"
"بانو قدسیہ","سعود",1,"600"
"بانو قدسیہ","سعید اثر",14,"57 71 73 74 75 88 116 156 178 206 228 249 395 494"
"بانو قدسیہ","سلمی اثر",2,"57 327"
"بانو قدسیہ","سلیم بونگا",1,"330"
"بانو قدسیہ","سلیمان اینڈریوز",15,"351 429 430 432 433 440 442 451 453 454 455 456 457 458 459"
"بانو قدسیہ","سلیمہ",2,"269 647"
"بانو قدسیہ","سمیرا",1,"313"
"بانو قدسیہ","سوزاں",1,"313"
"بانو قدسیہ","سہیل عمر",1,"272"
"بانو قدسیہ","سی میاں",1,"267"
"بانو قدسیہ","سید عابد علی عابد",4,"111 113 153 154"
"بانو قدسیہ","شازیہ",1,"330"
"بانو قدسیہ","شرافت نوشاہی",1,"330"
"بانو قدسیہ","شریف الدین",2,"260 271"
"بانو قدسیہ","شعیب بن عزیز",1,"271"
"بانو قدسیہ","شفقت",24,"60 93 111 112 114 117 125 134 150 153 250 279 285 353 380 449 474 486 543 584 585 617 619 635"
"بانو قدسیہ","شمس",14,"244 367 368 369 370 386 387 390 400 402 411 415 416 417"
"بانو قدسیہ","شمیم رشید",4,"174 354 466 500"
"بانو قدسیہ","شمیم فاطمہ",2,"354 466"
"بانو قدسیہ","شکیل مسعود",5,"215 615 616 617 618"
"بانو قدسیہ","شہاب",51,"86 94 195 197 205 238 239 246 256 261 342 348 360 362 363 364 365 366 401 402 403 404 405 406 407 408 409 420 432 436 437 467 469 501 505 509 510 512 513 514 519 527 529 539 547 550 557 600 613 619 634"
"بانو قدسیہ","شہزادی مامی",3,"218 219 316"
"بانو قدسیہ","شہناز",2,"317 494"
"بانو قدسیہ","صائل",3,"40 266 572"
"بانو قدسیہ","صائمہ",2,"604 605"
"بانو قدسیہ","صادق",12,"61 75 77 79 106 125 194 195 218 234 471 593"
"بانو قدسیہ","صبا",1,"613"
"بانو قدسیہ","صدیقہ",11,"163 165 168 169 216 217 230 233 235 241 348"
"بانو قدسیہ","صوفی صاحب",39,"11 61 62 69 70 75 76 77 83 100 102 111 186 213 214 241 243 244 264 270 320 342 388 394 442 450 452 466 468 473 474 487 492 500 511 535 575 600 606"
"بانو قدسیہ","صوفی غلام مصطفیٰ تبسم",11,"61 75 76 77 186 213 214 243 492 500 511"
"بانو قدسیہ","ضیاء الحق",10,"33 35 62 92 162 271 311 313 329 466"
"بانو قدسیہ","طارق بن افتخار",21,"22 31 33 34 39 68 108 162 209 210 212 216 217 220 226 230 241 376 470 488 498"
"بانو قدسیہ","طاعت",1,"600"
"بانو قدسیہ","عبدالرحمن چغتائی",5,"59 525 526 560 639"
"بانو قدسیہ","عزیز بیگم",1,"218"
"بانو قدسیہ","عظمی",6,"31 241 463 464 465 591"
"بانو قدسیہ","عفت",33,"239 362 363 364 365 366 367 368 369 370 390 392 400 401 402 403 404 405 406 407 408 409 411 413 414 415 416 417 419 420 513 519 528"
"بانو قدسیہ","علی",76,"9 24 31 111 113 153 154 162 163 165 175 184 185 191 195 197 200 211 213 216 217 230 235 238 241 261 274 278 282 283 287 290 320 327 340 352 362 363 366 387 390 396 402 407 409 420 467 479 506 511 513 514 516 560 561 570 585 593 594 595 596 600 601 602 607 611 612 613 614 615 616 617 618 619 622 633"
"بانو قدسیہ","علی محمد",2,"402 407"
"بانو قدسیہ","عمر بکری",2,"88 472"
"بانو قدسیہ","عمر صاحب",83,"6 8 10 29 30 31 32 37 38 44 45 46 47 49 50 54 60 69 74 77 87 88 117 120 139 151 153 163 164 174 175 191 204 206 209 216 218 226 228 230 237 239 241 246 255 256 259 269 272 312 321 340 352 353 385 386 387 392 397 412 422 431 439 457 472 473 477 478 480 484 492 503 509 520 528 567 580 599 602 603 607 608 612"
"بانو قدسیہ","عکسی مفتی",9,"193 194 502 503 505 507 549 603 605"
"بانو قدسیہ","غزل",12,"4 38 46 75 76 177 290 317 511 561 567 613"
"بانو قدسیہ","غلام علی",6,"362 511 513 514 516 561"
"بانو قدسیہ","فراز",5,"62 267 294 549 550"
"بانو قدسیہ","فرخ بشیر",2,"603 604"
"بانو قدسیہ","فضلی",5,"600 611 613 614 615"
"بانو قدسیہ","فیروزہ بیگم",7,"28 31 104 156 177 209 394"
"بانو قدسیہ","فیض احمد فیض",12,"108 269 270 272 294 421 473 548 583 596 601 637"
"بانو قدسیہ","قاسم",3,"292 300 312"
"بانو قدسیہ","قاضی شاہد خان",1,"300"
"بانو قدسیہ","قدرت اللہ شہاب",51,"86 94 195 197 205 238 239 246 256 261 342 348 360 362 363 364 365 366 401 402 403 404 405 406 407 408 409 420 432 436 437 467 469 501 505 509 510 512 513 514 519 527 529 539 547 550 557 600 613 619 634"
"بانو قدسیہ","قمر ریکارڈسٹ",9,"6 47 55 57 75 112 156 162 252"
"بانو قدسیہ","لالو",14,"61 64 65 68 78 81 83 85 86 98 103 154 157 558"
"بانو قدسیہ","مارسیا",2,"423 424"
"بانو قدسیہ","ماریہ",2,"422 423"
"بانو قدسیہ","ماچھا جی",6,"105 112 120 152 162 166"
"بانو قدسیہ","مبار",22,"5 86 89 116 117 138 161 185 208 237 245 394 395 427 428 439 453 477 494 597 607 613"
"بانو قدسیہ","محمد حسین",11,"33 62 65 88 162 179 191 300 504 505 519"
"بانو قدسیہ","محمد حسین (آرٹسٹ)",11,"33 62 65 88 162 179 191 300 504 505 519"
"بانو قدسیہ","محمد خاں",81,"1 2 3 4 6 8 11 13 14 22 24 31 33 34 35 36 37 38 61 83 89 104 111 116 162 168 203 206 207 208 256 261 262 276 286 287 290 360 364 365 366 367 368 370 371 385 386 390 391 392 393 395 396 397 398 399 400 401 402 403 404 405 406 407 409 411 412 413 414 419 422 423 449 455 473 540 580 584 599 635 637"
"بانو قدسیہ","محمد رفیق",14,"6 8 190 263 311 356 519 543 610 611 619 623 625 634"
"بانو قدسیہ","محمودہ منظور زئی",16,"10 33 34 90 104 105 152 161 173 174 175 176 179 268 501 528"
"بانو قدسیہ","مرجان",2,"261 279"
"بانو قدسیہ","مسعود میاں",13,"505 550 583 585 586 607 608 609 610 615 616 618 637"
"بانو قدسیہ","مفتی جی",67,"26 33 43 57 62 65 84 86 88 115 193 194 195 196 197 198 199 205 214 215 216 252 254 255 256 261 280 291 329 342 343 346 362 410 453 498 501 502 503 504 505 506 507 508 509 510 512 517 518 519 524 528 529 531 545 546 549 550 556 558 570 575 603 605 619 622 625"
"بانو قدسیہ","ملا بات اللہ",1,"330"
"بانو قدسیہ","ممتاز آپا",33,"26 47 57 62 84 88 103 195 196 197 216 252 254 261 329 343 346 410 427 503 504 505 506 507 508 509 510 531 556 558 570 575 622"
"بانو قدسیہ","ممتاز مفتی",67,"26 33 43 57 62 65 84 86 88 115 193 194 195 196 197 198 199 205 214 215 216 252 254 255 256 261 280 291 329 342 343 346 362 410 453 498 501 502 503 504 505 506 507 508 509 510 512 517 518 519 524 528 529 531 545 546 549 550 556 558 570 575 603 605 619 622 625"
"بانو قدسیہ","موسیٰ",6,"55 74 78 79 211 381"
"بانو قدسیہ","مولوی طوطا",12,"2 44 55 56 184 368 456 481 536 548 553 556"
"بانو قدسیہ","میاں تقی",2,"218 219"
"بانو قدسیہ","ناہید",26,"31 39 44 81 160 163 171 174 175 176 177 200 205 206 227 228 241 257 258 259 291 552 556 565 580 593"
"بانو قدسیہ","نسرین بانو",2,"511 600"
"بانو قدسیہ","نسرین رشید",3,"174 175 611"
"بانو قدسیہ","نصرت بیگم",2,"581 599"
"بانو قدسیہ","نغمہ",7,"295 315 447 541 542 613 617"
"بانو قدسیہ","نور الحسن",44,"8 11 14 15 30 98 157 214 243 276 278 286 291 310 319 337 355 360 361 364 367 385 388 390 391 395 409 420 422 426 429 433 434 435 466 471 486 586 602 603 604 605 635 682"
"بانو قدسیہ","نِلگا اوفسن",1,"497"
"بانو قدسیہ","نیلو",4,"62 92 104 120"
"بانو قدسیہ","نینی",9,"600 602 611 613 614 615 616 617 618"
"بانو قدسیہ","ٹھیکیدار محمد حسین",1,"300"
"بانو قدسیہ","پروفیسر آفتاب احمد",5,"22 75 250 280 591"
"بانو قدسیہ","پروفیسر احمد رفیق اختر",4,"610 623 625 634"
"بانو قدسیہ","پروفیسر محمد صادق",5,"61 75 77 79 218"
"بانو قدسیہ","پرویز چٹھہ",67,"26 27 28 29 33 51 54 61 63 64 79 82 83 84 86 90 92 93 98 100 103 104 105 106 108 111 112 114 117 120 121 127 128 131 135 136 137 138 139 150 152 154 155 156 157 161 163 164 169 171 175 176 177 178 204 213 215 217 218 219 244 271 277 300 339 472 683"
"بانو قدسیہ","پیر آف مکھنڈ",1,"614"
"بانو قدسیہ","پیر جی",2,"322 381"
"بانو قدسیہ","چودھری افضال احمد",2,"610 625"
"بانو قدسیہ","ڈاکٹر ایوب احمد خاں",12,"22 25 39 83 160 206 207 255 256 257 259 580"
"بانو قدسیہ","ڈاکٹر بروچہ",1,"72"
"بانو قدسیہ","ڈاکٹر جواد ساجد",6,"31 68 242 481 573 655"
"بانو قدسیہ","ڈاکٹر حسنات احمد",3,"39 241 242"
"بانو قدسیہ","ڈاکٹر حسنات احمد خاں",3,"39 241 242"
"بانو قدسیہ","ڈاکٹر زبیر",4,"460 481 498 590"
"بانو قدسیہ","ڈاکٹر شیخ عنایت اللہ",2,"51 75"
"بانو قدسیہ","ڈاکٹر صاحب (راشد لطیف ہسپتال)",43,"14 72 78 79 108 116 186 187 188 189 199 252 350 377 390 398 399 400 402 409 411 413 414 415 416 417 449 460 476 480 498 499 540 580 585 586 587 588 589 590 592 600 621"
"بانو قدسیہ","ڈاکٹر طارق بن افتخار",9,"22 33 34 39 68 108 209 210 498"
"بانو قدسیہ","ڈاکٹر عاطف گوہیر",5,"181 448 449 475 589"
"بانو قدسیہ","ڈاکٹر فواد",2,"460 473"
"بانو قدسیہ","ڈاکٹر فیصل آبادی",43,"14 72 78 79 108 116 186 187 188 189 199 252 350 377 390 398 399 400 402 409 411 413 414 415 416 417 449 460 476 480 498 499 540 580 585 586 587 588 589 590 592 600 621"
"بانو قدسیہ","ڈاکٹر مارٹن",4,"167 168 169 216"
"بانو قدسیہ","ڈاکٹر محمد صادق",4,"61 77 79 218"
"بانو قدسیہ","ڈی کوثر",1,"114"
"بانو قدسیہ","ڈیڈی جی",26,"25 33 34 62 81 152 155 160 161 162 163 165 166 167 168 179 209 210 219 229 230 235 346 347 376 455"
"بانو قدسیہ","کامران",3,"311 313 453"
"بانو قدسیہ","کامران (بیٹا ضیاء الحق)",3,"311 313 453"
"بانو قدسیہ","کشمیری بابا",2,"451 453"
"بانو قدسیہ","کشور",10,"215 362 364 401 402 405 419 462 565 566"
"بانو قدسیہ","کیتھی",6,"85 399 422 424 425 493"
"بانو قدسیہ","ہاروے",2,"617 618"
"بانو قدسیہ","ہیلگے واٹسینڈ",1,"442"
"بانو قدسیہ","یوسف ظفر",1,"519"
"بجیم","برکی",1,"330"
"بجیم","توصیف احمد خان",1,"330"
"بجیم","خوشی محمد",1,"330"
"بجیم","ریاض محمود",1,"330"
"بجیم","سلیم بونگا",1,"330"
"بجیم","شازیہ",1,"330"
"بجیم","شرافت نوشاہی",1,"330"
"بجیم","ملا بات اللہ",1,"330"
"برجی","دوست محمد خاں",3,"368 370 385"
"برجی","شمس",2,"368 370"
"برجی","عفت",2,"368 370"
"برجی","عمر صاحب",1,"385"
"برجی","محمد خاں",3,"368 370 385"
"برجی","موسیٰ",1,"381"
"برجی","مولوی طوطا",1,"368"
"برجی","نور الحسن",1,"385"
"برجی","پیر جی",1,"381"
"برکی","توصیف احمد خان",1,"330"
"برکی","خوشی محمد",1,"330"
"برکی","ریاض محمود",1,"330"
"برکی","سلیم بونگا",1,"330"
"برکی","شازیہ",1,"330"
"برکی","شرافت نوشاہی",1,"330"
"برکی","ملا بات اللہ",1,"330"
"بشری","جاوید",1,"233"
"بشری","جاوید طارق",1,"233"
"بشری","زوبی",1,"557"
"بشری","سردار بیگم",1,"557"
"بشری","شہاب",1,"557"
"بشری","شہناز",1,"317"
"بشری","صدیقہ",1,"233"
"بشری","صوفی صاحب",1,"102"
"بشری","عکسی مفتی",1,"549"
"بشری","غزل",1,"317"
"بشری","فراز",1,"549"
"بشری","فیض احمد فیض",1,"548"
"بشری","قدرت اللہ شہاب",1,"557"
"بشری","مفتی جی",2,"545 549"
"بشری","ممتاز مفتی",2,"545 549"
"بشری","مولوی طوطا",1,"548"
"بٹ صاحب","بیگم ذاکر چٹھہ",1,"32"
"بٹ صاحب","تاج صاحب",1,"249"
"بٹ صاحب","دوست محمد خاں",1,"392"
"بٹ صاحب","ریاض محمود",1,"249"
"بٹ صاحب","سعید اثر",2,"74 249"
"بٹ صاحب","صائل",2,"40 572"
"بٹ صاحب","عفت",1,"392"
"بٹ صاحب","عمر صاحب",3,"32 74 392"
"بٹ صاحب","محمد خاں",1,"392"
"بٹ صاحب","موسیٰ",1,"74"
"بی بی خیر جان","دوست محمد خاں",1,"61"
"بی بی خیر جان","ریزی",1,"61"
"بی بی خیر جان","زینب",1,"61"
"بی بی خیر جان","سردار بیگم",1,"61"
"بی بی خیر جان","صادق",1,"61"
"بی بی خیر جان","صوفی صاحب",1,"61"
"بی بی خیر جان","صوفی غلام مصطفیٰ تبسم",1,"61"
"بی بی خیر جان","لالو",1,"61"
"بی بی خیر جان","محمد خاں",1,"61"
"بی بی خیر جان","پروفیسر محمد صادق",1,"61"
"بی بی خیر جان","پرویز چٹھہ",1,"61"
"بی بی خیر جان","ڈاکٹر محمد صادق",1,"61"
"بیگم ذاکر چٹھہ","تاج صاحب",2,"51 395"
"بیگم ذاکر چٹھہ","توصیف احمد خان",1,"224"
"بیگم ذاکر چٹھہ","تویلہ",3,"22 216 616"
"بیگم ذاکر چٹھہ","ثنیہ",1,"616"
"بیگم ذاکر چٹھہ","جاوید",5,"22 167 216 241 579"
"بیگم ذاکر چٹھہ","جاوید طارق",5,"22 167 216 241 579"
"بیگم ذاکر چٹھہ","جمیلہ ظفر",4,"29 30 86 184"
"بیگم ذاکر چٹھہ","جمیلہ ملک",4,"29 30 86 184"
"بیگم ذاکر چٹھہ","جمیلہ ہاشمی",1,"184"
"بیگم ذاکر چٹھہ","خالد",1,"174"
"بیگم ذاکر چٹھہ","خالد (بیٹا نور الحسن)",1,"174"
"بیگم ذاکر چٹھہ","خالد (شوہر جمیلہ ظفر)",1,"174"
"بیگم ذاکر چٹھہ","خالہ فیروزہ",3,"28 104 156"
"بیگم ذاکر چٹھہ","دوست محمد خاں",10,"3 11 13 14 22 104 206 367 386 395"
"بیگم ذاکر چٹھہ","ذکیہ",1,"204"
"بیگم ذاکر چٹھہ","رشید احمد چودھری",2,"11 206"
"بیگم ذاکر چٹھہ","روحی",1,"269"
"بیگم ذاکر چٹھہ","ریاض محمود",4,"215 246 264 583"
"بیگم ذاکر چٹھہ","ریاضی",1,"264"
"بیگم ذاکر چٹھہ","ریزی",34,"26 27 28 29 33 51 63 64 84 86 93 98 100 103 104 105 108 112 117 135 136 137 138 139 152 156 161 176 177 204 215 218 219 683"
"بیگم ذاکر چٹھہ","زینب",5,"27 64 98 103 161"
"بیگم ذاکر چٹھہ","سردار بیگم",13,"3 14 22 60 62 121 160 161 176 179 350 468 577"
"بیگم ذاکر چٹھہ","سعید اثر",6,"71 73 75 156 206 395"
"بیگم ذاکر چٹھہ","سلیمہ",1,"269"
"بیگم ذاکر چٹھہ","شفقت",7,"60 93 112 117 134 474 486"
"بیگم ذاکر چٹھہ","شمس",2,"367 386"
"بیگم ذاکر چٹھہ","شمیم رشید",2,"174 466"
"بیگم ذاکر چٹھہ","شمیم فاطمہ",1,"466"
"بیگم ذاکر چٹھہ","شکیل مسعود",2,"215 616"
"بیگم ذاکر چٹھہ","شہاب",3,"86 246 467"
"بیگم ذاکر چٹھہ","شہزادی مامی",2,"218 219"
"بیگم ذاکر چٹھہ","صادق",2,"75 218"
"بیگم ذاکر چٹھہ","صدیقہ",2,"216 241"
"بیگم ذاکر چٹھہ","صوفی صاحب",10,"11 62 75 100 241 264 466 468 474 492"
"بیگم ذاکر چٹھہ","صوفی غلام مصطفیٰ تبسم",2,"75 492"
"بیگم ذاکر چٹھہ","ضیاء الحق",3,"33 62 466"
"بیگم ذاکر چٹھہ","طارق بن افتخار",5,"22 33 108 216 241"
"بیگم ذاکر چٹھہ","عبدالرحمن چغتائی",1,"59"
"بیگم ذاکر چٹھہ","عزیز بیگم",1,"218"
"بیگم ذاکر چٹھہ","عظمی",1,"241"
"بیگم ذاکر چٹھہ","عفت",1,"367"
"بیگم ذاکر چٹھہ","علی",10,"9 184 185 191 216 241 352 467 595 616"
"بیگم ذاکر چٹھہ","عمر صاحب",21,"10 29 30 32 60 117 120 139 174 191 204 206 216 218 241 246 269 352 386 477 492"
"بیگم ذاکر چٹھہ","غزل",2,"75 177"
"بیگم ذاکر چٹھہ","فراز",1,"62"
"بیگم ذاکر چٹھہ","فیروزہ بیگم",4,"28 104 156 177"
"بیگم ذاکر چٹھہ","فیض احمد فیض",3,"108 269 583"
"بیگم ذاکر چٹھہ","قدرت اللہ شہاب",3,"86 246 467"
"بیگم ذاکر چٹھہ","قمر ریکارڈسٹ",4,"55 75 112 156"
"بیگم ذاکر چٹھہ","لالو",6,"64 81 85 86 98 103"
"بیگم ذاکر چٹھہ","ماچھا جی",5,"105 112 120 152 166"
"بیگم ذاکر چٹھہ","مبار",7,"86 117 138 161 185 395 477"
"بیگم ذاکر چٹھہ","محمد حسین",5,"33 62 179 191 504"
"بیگم ذاکر چٹھہ","محمد حسین (آرٹسٹ)",5,"33 62 179 191 504"
"بیگم ذاکر چٹھہ","محمد خاں",11,"3 11 13 14 22 33 104 206 367 386 395"
"بیگم ذاکر چٹھہ","محمودہ منظور زئی",9,"10 33 104 105 152 161 174 176 179"
"بیگم ذاکر چٹھہ","مسعود میاں",2,"583 616"
"بیگم ذاکر چٹھہ","مفتی جی",10,"26 33 62 84 86 215 216 254 410 504"
"بیگم ذاکر چٹھہ","ممتاز آپا",8,"26 62 84 103 216 254 410 504"
"بیگم ذاکر چٹھہ","ممتاز مفتی",10,"26 33 62 84 86 215 216 254 410 504"
"بیگم ذاکر چٹھہ","موسیٰ",1,"55"
"بیگم ذاکر چٹھہ","مولوی طوطا",2,"55 184"
"بیگم ذاکر چٹھہ","میاں تقی",2,"218 219"
"بیگم ذاکر چٹھہ","ناہید",7,"81 160 174 176 177 206 241"
"بیگم ذاکر چٹھہ","نسرین رشید",1,"174"
"بیگم ذاکر چٹھہ","نور الحسن",8,"11 14 30 98 367 395 466 486"
"بیگم ذاکر چٹھہ","نیلو",3,"62 104 120"
"بیگم ذاکر چٹھہ","نینی",1,"616"
"بیگم ذاکر چٹھہ","پروفیسر آفتاب احمد",2,"22 75"
"بیگم ذاکر چٹھہ","پروفیسر محمد صادق",2,"75 218"
"بیگم ذاکر چٹھہ","پرویز چٹھہ",37,"26 27 28 29 33 51 63 64 84 86 93 98 100 103 104 105 108 112 117 120 121 131 135 136 137 138 139 152 156 161 176 177 204 215 218 219 683"
"بیگم ذاکر چٹھہ","ڈاکٹر ایوب احمد خاں",3,"22 160 206"
"بیگم ذاکر چٹھہ","ڈاکٹر حسنات احمد",1,"241"
"بیگم ذاکر چٹھہ","ڈاکٹر حسنات احمد خاں",1,"241"
"بیگم ذاکر چٹھہ","ڈاکٹر شیخ عنایت اللہ",2,"51 75"
"بیگم ذاکر چٹھہ","ڈاکٹر صاحب (راشد لطیف ہسپتال)",6,"14 108 189 350 377 588"
"بیگم ذاکر چٹھہ","ڈاکٹر طارق بن افتخار",3,"22 33 108"
"بیگم ذاکر چٹھہ","ڈاکٹر عاطف گوہیر",1,"475"
"بیگم ذاکر چٹھہ","ڈاکٹر فیصل آبادی",6,"14 108 189 350 377 588"
"بیگم ذاکر چٹھہ","ڈاکٹر مارٹن",2,"167 216"
"بیگم ذاکر چٹھہ","ڈاکٹر محمد صادق",1,"218"
"بیگم ذاکر چٹھہ","ڈیڈی جی",10,"33 62 81 152 160 161 166 167 179 219"
"بیگم ذاکر چٹھہ","کشور",1,"215"
"بیگم ذاکر چٹھہ","کیتھی",1,"85"
"تاج صاحب","ثنیہ",1,"614"
"تاج صاحب","جاوید",1,"226"
"تاج صاحب","جاوید طارق",1,"226"
"تاج صاحب","جمیلہ اختر",2,"88 226"
"تاج صاحب","جمیلہ ظفر",2,"88 226"
"تاج صاحب","جمیلہ ملک",2,"88 226"
"تاج صاحب","خالد",1,"226"
"تاج صاحب","خالد (بیٹا نور الحسن)",1,"226"
"تاج صاحب","خالد (شوہر جمیلہ ظفر)",1,"226"
"تاج صاحب","دوست محمد خاں",1,"395"
"تاج صاحب","ریاض محمود",2,"249 585"
"تاج صاحب","ریزی",2,"51 175"
"تاج صاحب","زینب",1,"605"
"تاج صاحب","سردار بیگم",2,"88 175"
"تاج صاحب","سعید اثر",3,"88 249 395"
"تاج صاحب","شفقت",1,"585"
"تاج صاحب","شہاب",1,"519"
"تاج صاحب","صائمہ",1,"605"
"تاج صاحب","طارق بن افتخار",1,"226"
"تاج صاحب","عفت",1,"519"
"تاج صاحب","علی",3,"175 585 614"
"تاج صاحب","عمر بکری",1,"88"
"تاج صاحب","عمر صاحب",3,"88 175 226"
"تاج صاحب","عکسی مفتی",1,"605"
"تاج صاحب","فضلی",1,"614"
"تاج صاحب","قدرت اللہ شہاب",1,"519"
"تاج صاحب","مبار",1,"395"
"تاج صاحب","محمد حسین",2,"88 519"
"تاج صاحب","محمد حسین (آرٹسٹ)",2,"88 519"
"تاج صاحب","محمد خاں",1,"395"
"تاج صاحب","محمد رفیق",1,"519"
"تاج صاحب","محمودہ منظور زئی",1,"175"
"تاج صاحب","مسعود میاں",2,"585 609"
"تاج صاحب","مفتی جی",3,"88 519 605"
"تاج صاحب","ممتاز آپا",1,"88"
"تاج صاحب","ممتاز مفتی",3,"88 519 605"
"تاج صاحب","ناہید",1,"175"
"تاج صاحب","نسرین رشید",1,"175"
"تاج صاحب","نور الحسن",2,"395 605"
"تاج صاحب","نینی",1,"614"
"تاج صاحب","پرویز چٹھہ",3,"51 175 339"
"تاج صاحب","پیر آف مکھنڈ",1,"614"
"تاج صاحب","پیر جی",1,"322"
"تاج صاحب","ڈاکٹر شیخ عنایت اللہ",1,"51"
"تاج صاحب","ڈاکٹر صاحب (راشد لطیف ہسپتال)",1,"585"
"تاج صاحب","ڈاکٹر فیصل آبادی",1,"585"
"تاج صاحب","یوسف ظفر",1,"519"
"تانیہ","ثنیہ",1,"613"
"تانیہ","شہاب",1,"613"
"تانیہ","صبا",1,"613"
"تانیہ","علی",1,"613"
"تانیہ","غزل",1,"613"
"تانیہ","فضلی",1,"613"
"تانیہ","قدرت اللہ شہاب",1,"613"
"تانیہ","مبار",1,"613"
"تانیہ","نغمہ",1,"613"
"تانیہ","نینی",1,"613"
"توصیف احمد خان","تویلہ",1,"455"
"توصیف احمد خان","جاوید",2,"300 348"
"توصیف احمد خان","جاوید طارق",2,"300 348"
"توصیف احمد خان","جوئی گیون",1,"455"
"توصیف احمد خان","خوشی محمد",1,"330"
"توصیف احمد خان","دوست محمد خاں",1,"455"
"توصیف احمد خان","روحی",1,"311"
"توصیف احمد خان","ریاض محمود",1,"330"
"توصیف احمد خان","ریزی",1,"300"
"توصیف احمد خان","سلیم بونگا",1,"330"
"توصیف احمد خان","سلیمان اینڈریوز",1,"455"
"توصیف احمد خان","شازیہ",1,"330"
"توصیف احمد خان","شرافت نوشاہی",1,"330"
"توصیف احمد خان","شہاب",1,"348"
"توصیف احمد خان","صدیقہ",1,"348"
"توصیف احمد خان","ضیاء الحق",1,"311"
"توصیف احمد خان","قاسم",1,"300"
"توصیف احمد خان","قاضی شاہد خان",1,"300"
"توصیف احمد خان","قدرت اللہ شہاب",1,"348"
"توصیف احمد خان","محمد حسین",1,"300"
"توصیف احمد خان","محمد حسین (آرٹسٹ)",1,"300"
"توصیف احمد خان","محمد خاں",1,"455"
"توصیف احمد خان","محمد رفیق",1,"311"
"توصیف احمد خان","ملا بات اللہ",1,"330"
"توصیف احمد خان","ٹھیکیدار محمد حسین",1,"300"
"توصیف احمد خان","پرویز چٹھہ",1,"300"
"توصیف احمد خان","ڈیڈی جی",1,"455"
"توصیف احمد خان","کامران",1,"311"
"توصیف احمد خان","کامران (بیٹا ضیاء الحق)",1,"311"
"تویلہ","ثنیہ",1,"616"
"تویلہ","جاوید",5,"22 169 216 491 592"
"تویلہ","جاوید طارق",5,"22 169 216 491 592"
"تویلہ","جمیلہ ظفر",1,"494"
"تویلہ","جمیلہ ملک",1,"494"
"تویلہ","جوئی گیون",1,"455"
"تویلہ","خالد",2,"480 491"
"تویلہ","خالد (بیٹا نور الحسن)",2,"480 491"
"تویلہ","خالد (شوہر جمیلہ ظفر)",2,"480 491"
"تویلہ","دوست محمد خاں",2,"22 455"
"تویلہ","ریزی",1,"169"
"تویلہ","سردار بیگم",1,"22"
"تویلہ","سعید اثر",1,"494"
"تویلہ","سلیمان اینڈریوز",1,"455"
"تویلہ","شکیل مسعود",1,"616"
"تویلہ","شہناز",1,"494"
"تویلہ","صدیقہ",2,"169 216"
"تویلہ","طارق بن افتخار",2,"22 216"
"تویلہ","علی",2,"216 616"
"تویلہ","عمر صاحب",2,"216 480"
"تویلہ","مبار",1,"494"
"تویلہ","محمد خاں",2,"22 455"
"تویلہ","مسعود میاں",1,"616"
"تویلہ","مفتی جی",1,"216"
"تویلہ","ممتاز آپا",1,"216"
"تویلہ","ممتاز مفتی",1,"216"
"تویلہ","نینی",1,"616"
"تویلہ","پروفیسر آفتاب احمد",1,"22"
"تویلہ","پرویز چٹھہ",1,"169"
"تویلہ","ڈاکٹر ایوب احمد خاں",1,"22"
"تویلہ","ڈاکٹر صاحب (راشد لطیف ہسپتال)",2,"480 592"
"تویلہ","ڈاکٹر طارق بن افتخار",1,"22"
"تویلہ","ڈاکٹر فیصل آبادی",2,"480 592"
"تویلہ","ڈاکٹر مارٹن",2,"169 216"
"تویلہ","ڈیڈی جی",1,"455"
"تہمینہ اثر","جاوید",1,"57"
"تہمینہ اثر","جاوید اثر",1,"57"
"تہمینہ اثر","جاوید طارق",1,"57"
"تہمینہ اثر","ذکیہ",1,"57"
"تہمینہ اثر","سعید اثر",1,"57"
"تہمینہ اثر","سلمی اثر",1,"57"
"تہمینہ اثر","قمر ریکارڈسٹ",1,"57"
"تہمینہ اثر","مفتی جی",1,"57"
"تہمینہ اثر","ممتاز آپا",1,"57"
"تہمینہ اثر","ممتاز مفتی",1,"57"
"ثنیہ","سعود",1,"600"
"ثنیہ","شفقت",1,"617"
"ثنیہ","شکیل مسعود",3,"615 616 617"
"ثنیہ","شہاب",2,"600 613"
"ثنیہ","صبا",1,"613"
"ثنیہ","صوفی صاحب",1,"600"
"ثنیہ","طاعت",1,"600"
"ثنیہ","علی",7,"600 611 613 614 615 616 617"
"ثنیہ","غزل",1,"613"
"ثنیہ","فضلی",5,"600 611 613 614 615"
"ثنیہ","قدرت اللہ شہاب",2,"600 613"
"ثنیہ","مبار",1,"613"
"ثنیہ","محمد رفیق",1,"611"
"ثنیہ","مسعود میاں",2,"615 616"
"ثنیہ","نسرین بانو",1,"600"
"ثنیہ","نسرین رشید",1,"611"
"ثنیہ","نغمہ",2,"613 617"
"ثنیہ","نینی",7,"600 611 613 614 615 616 617"
"ثنیہ","پیر آف مکھنڈ",1,"614"
"ثنیہ","ڈاکٹر صاحب (راشد لطیف ہسپتال)",1,"600"
"ثنیہ","ڈاکٹر فیصل آبادی",1,"600"
"ثنیہ","ہاروے",1,"617"
"جاوید","جاوید اثر",1,"57"
"جاوید","جاوید طارق",31,"22 31 39 57 118 163 164 167 168 169 203 212 216 217 226 230 233 241 259 300 332 348 470 472 491 561 578 579 590 592 638"
"جاوید","جمیلہ اختر",1,"226"
"جاوید","جمیلہ ظفر",2,"226 470"
"جاوید","جمیلہ ملک",2,"226 470"
"جاوید","جمیلہ ہاشمی",1,"470"
"جاوید","خالد",3,"163 226 491"
"جاوید","خالد (بیٹا نور الحسن)",3,"163 226 491"
"جاوید","خالد (شوہر جمیلہ ظفر)",3,"163 226 491"
"جاوید","خالہ فیروزہ",1,"31"
"جاوید","دوست محمد خاں",2,"22 203"
"جاوید","ذکیہ",2,"57 203"
"جاوید","رشید احمد چودھری",2,"39 163"
"جاوید","ریاض محمود",1,"230"
"جاوید","ریزی",6,"163 164 169 217 300 472"
"جاوید","زوبی",1,"118"
"جاوید","سردار بیگم",2,"22 203"
"جاوید","سعید اثر",1,"57"
"جاوید","سلمی اثر",1,"57"
"جاوید","شہاب",1,"348"
"جاوید","صدیقہ",9,"163 168 169 216 217 230 233 241 348"
"جاوید","صوفی صاحب",1,"241"
"جاوید","طارق بن افتخار",10,"22 31 39 212 216 217 226 230 241 470"
"جاوید","عظمی",2,"31 241"
"جاوید","علی",7,"31 163 216 217 230 241 561"
"جاوید","عمر بکری",1,"472"
"جاوید","عمر صاحب",9,"31 163 164 216 226 230 241 259 472"
"جاوید","غزل",1,"561"
"جاوید","غلام علی",1,"561"
"جاوید","فیروزہ بیگم",1,"31"
"جاوید","قاسم",1,"300"
"جاوید","قاضی شاہد خان",1,"300"
"جاوید","قدرت اللہ شہاب",1,"348"
"جاوید","قمر ریکارڈسٹ",1,"57"
"جاوید","محمد حسین",1,"300"
"جاوید","محمد حسین (آرٹسٹ)",1,"300"
"جاوید","محمد خاں",4,"22 31 168 203"
"جاوید","مفتی جی",2,"57 216"
"جاوید","ممتاز آپا",2,"57 216"
"جاوید","ممتاز مفتی",2,"57 216"
"جاوید","ناہید",5,"31 39 163 241 259"
"جاوید","ٹھیکیدار محمد حسین",1,"300"
"جاوید","پروفیسر آفتاب احمد",1,"22"
"جاوید","پرویز چٹھہ",6,"163 164 169 217 300 472"
"جاوید","ڈاکٹر ایوب احمد خاں",3,"22 39 259"
"جاوید","ڈاکٹر جواد ساجد",1,"31"
"جاوید","ڈاکٹر حسنات احمد",2,"39 241"
"جاوید","ڈاکٹر حسنات احمد خاں",2,"39 241"
"جاوید","ڈاکٹر زبیر",1,"590"
"جاوید","ڈاکٹر صاحب (راشد لطیف ہسپتال)",2,"590 592"
"جاوید","ڈاکٹر طارق بن افتخار",2,"22 39"
"جاوید","ڈاکٹر فیصل آبادی",2,"590 592"
"جاوید","ڈاکٹر مارٹن",4,"167 168 169 216"
"جاوید","ڈیڈی جی",4,"163 167 168 230"
"جاوید اثر","جاوید طارق",1,"57"
"جاوید اثر","ذکیہ",1,"57"
"جاوید اثر","سعید اثر",1,"57"
"جاوید اثر","سلمی اثر",1,"57"
"جاوید اثر","قمر ریکارڈسٹ",1,"57"
"جاوید اثر","مفتی جی",1,"57"
"جاوید اثر","ممتاز آپا",1,"57"
"جاوید اثر","ممتاز مفتی",1,"57"
"جاوید طارق","جمیلہ اختر",1,"226"
"جاوید طارق","جمیلہ ظفر",2,"226 470"
"جاوید طارق","جمیلہ ملک",2,"226 470"
"جاوید طارق","جمیلہ ہاشمی",1,"470"
"جاوید طارق","خالد",3,"163 226 491"
"جاوید طارق","خالد (بیٹا نور الحسن)",3,"163 226 491"
"جاوید طارق","خالد (شوہر جمیلہ ظفر)",3,"163 226 491"
"جاوید طارق","خالہ فیروزہ",1,"31"
"جاوید طارق","دوست محمد خاں",2,"22 203"
"جاوید طارق","ذکیہ",2,"57 203"
"جاوید طارق","رشید احمد چودھری",2,"39 163"
"جاوید طارق","ریاض محمود",1,"230"
"جاوید طارق","ریزی",6,"163 164 169 217 300 472"
"جاوید طارق","زوبی",1,"118"
"جاوید طارق","زینب",1,"165"
"جاوید طارق","سردار بیگم",2,"22 203"
"جاوید طارق","سعید اثر",1,"57"
"جاوید طارق","سلمی اثر",1,"57"
"جاوید طارق","شہاب",1,"348"
"جاوید طارق","صدیقہ",11,"163 165 168 169 216 217 230 233 235 241 348"
"جاوید طارق","صوفی صاحب",1,"241"
"جاوید طارق","طارق بن افتخار",10,"22 31 39 212 216 217 226 230 241 470"
"جاوید طارق","عظمی",2,"31 241"
"جاوید طارق","علی",9,"31 163 165 216 217 230 235 241 561"
"جاوید طارق","عمر بکری",1,"472"
"جاوید طارق","عمر صاحب",9,"31 163 164 216 226 230 241 259 472"
"جاوید طارق","غزل",1,"561"
"جاوید طارق","غلام علی",1,"561"
"جاوید طارق","فیروزہ بیگم",1,"31"
"جاوید طارق","قاسم",1,"300"
"جاوید طارق","قاضی شاہد خان",1,"300"
"جاوید طارق","قدرت اللہ شہاب",1,"348"
"جاوید طارق","قمر ریکارڈسٹ",1,"57"
"جاوید طارق","محمد حسین",1,"300"
"جاوید طارق","محمد حسین (آرٹسٹ)",1,"300"
"جاوید طارق","محمد خاں",4,"22 31 168 203"
"جاوید طارق","مفتی جی",2,"57 216"
"جاوید طارق","ممتاز آپا",2,"57 216"
"جاوید طارق","ممتاز مفتی",2,"57 216"
"جاوید طارق","ناہید",5,"31 39 163 241 259"
"جاوید طارق","ٹھیکیدار محمد حسین",1,"300"
"جاوید طارق","پروفیسر آفتاب احمد",1,"22"
"جاوید طارق","پرویز چٹھہ",6,"163 164 169 217 300 472"
"جاوید طارق","ڈاکٹر ایوب احمد خاں",3,"22 39 259"
"جاوید طارق","ڈاکٹر جواد ساجد",1,"31"
"جاوید طارق","ڈاکٹر حسنات احمد",2,"39 241"
"جاوید طارق","ڈاکٹر حسنات احمد خاں",2,"39 241"
"جاوید طارق","ڈاکٹر زبیر",1,"590"
"جاوید طارق","ڈاکٹر صاحب (راشد لطیف ہسپتال)",2,"590 592"
"جاوید طارق","ڈاکٹر طارق بن افتخار",2,"22 39"
"جاوید طارق","ڈاکٹر فیصل آبادی",2,"590 592"
"جاوید طارق","ڈاکٹر مارٹن",4,"167 168 169 216"
"جاوید طارق","ڈیڈی جی",6,"163 165 167 168 230 235"
"جمیلہ اختر","جمیلہ ظفر",3,"88 226 227"
"جمیلہ اختر","جمیلہ ملک",3,"88 226 227"
"جمیلہ اختر","خالد",1,"226"
"جمیلہ اختر","خالد (بیٹا نور الحسن)",1,"226"
"جمیلہ اختر","خالد (شوہر جمیلہ ظفر)",1,"226"
"جمیلہ اختر","روحی",1,"227"
"جمیلہ اختر","سردار بیگم",1,"88"
"جمیلہ اختر","سعید اثر",1,"88"
"جمیلہ اختر","طارق بن افتخار",1,"226"
"جمیلہ اختر","عمر بکری",1,"88"
"جمیلہ اختر","عمر صاحب",2,"88 226"
"جمیلہ اختر","محمد حسین",1,"88"
"جمیلہ اختر","محمد حسین (آرٹسٹ)",1,"88"
"جمیلہ اختر","مفتی جی",1,"88"
"جمیلہ اختر","ممتاز آپا",1,"88"
"جمیلہ اختر","ممتاز مفتی",1,"88"
"جمیلہ اختر","ناہید",1,"227"
"جمیلہ ظفر","جمیلہ ملک",24,"29 30 86 88 94 95 181 182 183 184 220 226 227 238 250 270 362 364 405 407 470 494 558 637"
"جمیلہ ظفر","جمیلہ ہاشمی",7,"181 182 184 220 270 470 558"
"جمیلہ ظفر","خاطر غزنوی",1,"270"
"جمیلہ ظفر","خالد",3,"94 95 226"
"جمیلہ ظفر","خالد (بیٹا نور الحسن)",3,"94 95 226"
"جمیلہ ظفر","خالد (شوہر جمیلہ ظفر)",3,"94 95 226"
"جمیلہ ظفر","دوست محمد خاں",3,"364 405 407"
"جمیلہ ظفر","روحی",1,"227"
"جمیلہ ظفر","ریاضی",1,"95"
"جمیلہ ظفر","ریزی",2,"29 86"
"جمیلہ ظفر","زوبی",1,"558"
"جمیلہ ظفر","سردار بیگم",1,"88"
"جمیلہ ظفر","سعید اثر",2,"88 494"
"جمیلہ ظفر","شفقت",1,"250"
"جمیلہ ظفر","شہاب",7,"86 94 238 362 364 405 407"
"جمیلہ ظفر","شہناز",1,"494"
"جمیلہ ظفر","صوفی صاحب",1,"270"
"جمیلہ ظفر","طارق بن افتخار",3,"220 226 470"
"جمیلہ ظفر","عفت",4,"362 364 405 407"
"جمیلہ ظفر","علی",4,"184 238 362 407"
"جمیلہ ظفر","علی محمد",1,"407"
"جمیلہ ظفر","عمر بکری",1,"88"
"جمیلہ ظفر","عمر صاحب",4,"29 30 88 226"
"جمیلہ ظفر","غلام علی",1,"362"
"جمیلہ ظفر","فیض احمد فیض",2,"270 637"
"جمیلہ ظفر","قدرت اللہ شہاب",7,"86 94 238 362 364 405 407"
"جمیلہ ظفر","لالو",2,"86 558"
"جمیلہ ظفر","مبار",2,"86 494"
"جمیلہ ظفر","محمد حسین",1,"88"
"جمیلہ ظفر","محمد حسین (آرٹسٹ)",1,"88"
"جمیلہ ظفر","محمد خاں",4,"364 405 407 637"
"جمیلہ ظفر","مسعود میاں",1,"637"
"جمیلہ ظفر","مفتی جی",4,"86 88 362 558"
"جمیلہ ظفر","ممتاز آپا",2,"88 558"
"جمیلہ ظفر","ممتاز مفتی",4,"86 88 362 558"
"جمیلہ ظفر","مولوی طوطا",1,"184"
"جمیلہ ظفر","ناہید",1,"227"
"جمیلہ ظفر","نور الحسن",2,"30 364"
"جمیلہ ظفر","پروفیسر آفتاب احمد",1,"250"
"جمیلہ ظفر","پرویز چٹھہ",2,"29 86"
"جمیلہ ظفر","ڈاکٹر عاطف گوہیر",1,"181"
"جمیلہ ظفر","کشور",3,"362 364 405"
"جمیلہ ملک","جمیلہ ہاشمی",7,"181 182 184 220 270 470 558"
"جمیلہ ملک","خاطر غزنوی",1,"270"
"جمیلہ ملک","خالد",3,"94 95 226"
"جمیلہ ملک","خالد (بیٹا نور الحسن)",3,"94 95 226"
"جمیلہ ملک","خالد (شوہر جمیلہ ظفر)",3,"94 95 226"
"جمیلہ ملک","دوست محمد خاں",3,"364 405 407"
"جمیلہ ملک","روحی",1,"227"
"جمیلہ ملک","ریاضی",1,"95"
"جمیلہ ملک","ریزی",2,"29 86"
"جمیلہ ملک","زوبی",1,"558"
"جمیلہ ملک","سردار بیگم",1,"88"
"جمیلہ ملک","سعید اثر",2,"88 494"
"جمیلہ ملک","شفقت",1,"250"
"جمیلہ ملک","شہاب",7,"86 94 238 362 364 405 407"
"جمیلہ ملک","شہناز",1,"494"
"جمیلہ ملک","صوفی صاحب",1,"270"
"جمیلہ ملک","طارق بن افتخار",3,"220 226 470"
"جمیلہ ملک","عفت",4,"362 364 405 407"
"جمیلہ ملک","علی",4,"184 238 362 407"
"جمیلہ ملک","علی محمد",1,"407"
"جمیلہ ملک","عمر بکری",1,"88"
"جمیلہ ملک","عمر صاحب",4,"29 30 88 226"
"جمیلہ ملک","غلام علی",1,"362"
"جمیلہ ملک","فیض احمد فیض",2,"270 637"
"جمیلہ ملک","قدرت اللہ شہاب",7,"86 94 238 362 364 405 407"
"جمیلہ ملک","لالو",2,"86 558"
"جمیلہ ملک","مبار",2,"86 494"
"جمیلہ ملک","محمد حسین",1,"88"
"جمیلہ ملک","محمد حسین (آرٹسٹ)",1,"88"
"جمیلہ ملک","محمد خاں",4,"364 405 407 637"
"جمیلہ ملک","مسعود میاں",1,"637"
"جمیلہ ملک","مفتی جی",4,"86 88 362 558"
"جمیلہ ملک","ممتاز آپا",2,"88 558"
"جمیلہ ملک","ممتاز مفتی",4,"86 88 362 558"
"جمیلہ ملک","مولوی طوطا",1,"184"
"جمیلہ ملک","ناہید",1,"227"
"جمیلہ ملک","نور الحسن",2,"30 364"
"جمیلہ ملک","پروفیسر آفتاب احمد",1,"250"
"جمیلہ ملک","پرویز چٹھہ",2,"29 86"
"جمیلہ ملک","ڈاکٹر عاطف گوہیر",1,"181"
"جمیلہ ملک","کشور",3,"362 364 405"
"جمیلہ ہاشمی","خاطر غزنوی",1,"270"
"جمیلہ ہاشمی","زوبی",1,"558"
"جمیلہ ہاشمی","صوفی صاحب",1,"270"
"جمیلہ ہاشمی","طارق بن افتخار",2,"220 470"
"جمیلہ ہاشمی","علی",1,"184"
"جمیلہ ہاشمی","فیض احمد فیض",1,"270"
"جمیلہ ہاشمی","لالو",1,"558"
"جمیلہ ہاشمی","مفتی جی",1,"558"
"جمیلہ ہاشمی","ممتاز آپا",1,"558"
"جمیلہ ہاشمی","ممتاز مفتی",1,"558"
"جمیلہ ہاشمی","مولوی طوطا",1,"184"
"جمیلہ ہاشمی","ڈاکٹر عاطف گوہیر",1,"181"
"جوئی گیون","دوست محمد خاں",1,"455"
"جوئی گیون","روحی",1,"245"
"جوئی گیون","سلیمان اینڈریوز",9,"430 432 440 451 453 454 455 456 457"
"جوئی گیون","شفقت",1,"619"
"جوئی گیون","شہاب",2,"432 619"
"جوئی گیون","علی",1,"619"
"جوئی گیون","عمر صاحب",1,"457"
"جوئی گیون","قدرت اللہ شہاب",2,"432 619"
"جوئی گیون","مبار",2,"245 453"
"جوئی گیون","محمد خاں",1,"455"
"جوئی گیون","محمد رفیق",1,"619"
"جوئی گیون","مفتی جی",2,"453 619"
"جوئی گیون","ممتاز مفتی",2,"453 619"
"جوئی گیون","مولوی طوطا",1,"456"
"جوئی گیون","ڈیڈی جی",1,"455"
"جوئی گیون","کامران",1,"453"
"جوئی گیون","کامران (بیٹا ضیاء الحق)",1,"453"
"جوئی گیون","کشمیری بابا",2,"451 453"
"خاطر غزنوی","صوفی صاحب",1,"270"
"خاطر غزنوی","فیض احمد فیض",1,"270"
"خالد","خالد (بیٹا نور الحسن)",13,"68 94 95 163 174 226 232 290 480 491 603 604 653"
"خالد","خالد (شوہر جمیلہ ظفر)",13,"68 94 95 163 174 226 232 290 480 491 603 604 653"
"خالد","دوست محمد خاں",1,"290"
"خالد","ذکیہ",1,"290"
"خالد","رؤف خالد",1,"603"
"خالد","رشید احمد چودھری",1,"163"
"خالد","روبینہ خالد",1,"603"
"خالد","ریاض محمود",1,"232"
"خالد","ریاضی",1,"95"
"خالد","ریزی",1,"163"
"خالد","سردار بیگم",2,"68 290"
"خالد","شمیم رشید",1,"174"
"خالد","شہاب",1,"94"
"خالد","صائمہ",1,"604"
"خالد","صدیقہ",1,"163"
"خالد","طارق بن افتخار",2,"68 226"
"خالد","علی",2,"163 290"
"خالد","عمر صاحب",5,"163 174 226 480 603"
"خالد","عکسی مفتی",1,"603"
"خالد","غزل",1,"290"
"خالد","فرخ بشیر",2,"603 604"
"خالد","قدرت اللہ شہاب",1,"94"
"خالد","لالو",1,"68"
"خالد","محمد خاں",1,"290"
"خالد","محمودہ منظور زئی",1,"174"
"خالد","مفتی جی",1,"603"
"خالد","ممتاز مفتی",1,"603"
"خالد","ناہید",2,"163 174"
"خالد","نسرین رشید",1,"174"
"خالد","نور الحسن",2,"603 604"
"خالد","پرویز چٹھہ",1,"163"
"خالد","ڈاکٹر جواد ساجد",1,"68"
"خالد","ڈاکٹر صاحب (راشد لطیف ہسپتال)",1,"480"
"خالد","ڈاکٹر طارق بن افتخار",1,"68"
"خالد","ڈاکٹر فیصل آبادی",1,"480"
"خالد","ڈیڈی جی",1,"163"
"خالد (بیٹا نور الحسن)","خالد (شوہر جمیلہ ظفر)",13,"68 94 95 163 174 226 232 290 480 491 603 604 653"
"خالد (بیٹا نور الحسن)","دوست محمد خاں",1,"290"
"خالد (بیٹا نور الحسن)","ذکیہ",1,"290"
"خالد (بیٹا نور الحسن)","رؤف خالد",1,"603"
"خالد (بیٹا نور الحسن)","رشید احمد چودھری",1,"163"
"خالد (بیٹا نور الحسن)","روبینہ خالد",1,"603"
"خالد (بیٹا نور الحسن)","ریاض محمود",1,"232"
"خالد (بیٹا نور الحسن)","ریاضی",1,"95"
"خالد (بیٹا نور الحسن)","ریزی",1,"163"
"خالد (بیٹا نور الحسن)","سردار بیگم",2,"68 290"
"خالد (بیٹا نور الحسن)","شمیم رشید",1,"174"
"خالد (بیٹا نور الحسن)","شہاب",1,"94"
"خالد (بیٹا نور الحسن)","صائمہ",1,"604"
"خالد (بیٹا نور الحسن)","صدیقہ",1,"163"
"خالد (بیٹا نور الحسن)","طارق بن افتخار",2,"68 226"
"خالد (بیٹا نور الحسن)","علی",2,"163 290"
"خالد (بیٹا نور الحسن)","عمر صاحب",5,"163 174 226 480 603"
"خالد (بیٹا نور الحسن)","عکسی مفتی",1,"603"
"خالد (بیٹا نور الحسن)","غزل",1,"290"
"خالد (بیٹا نور الحسن)","فرخ بشیر",2,"603 604"
"خالد (بیٹا نور الحسن)","قدرت اللہ شہاب",1,"94"
"خالد (بیٹا نور الحسن)","لالو",1,"68"
"خالد (بیٹا نور الحسن)","محمد خاں",1,"290"
"خالد (بیٹا نور الحسن)","محمودہ منظور زئی",1,"174"
"خالد (بیٹا نور الحسن)","مفتی جی",1,"603"
"خالد (بیٹا نور الحسن)","ممتاز مفتی",1,"603"
"خالد (بیٹا نور الحسن)","ناہید",2,"163 174"
"خالد (بیٹا نور الحسن)","نسرین رشید",1,"174"
"خالد (بیٹا نور الحسن)","نور الحسن",2,"603 604"
"خالد (بیٹا نور الحسن)","پرویز چٹھہ",1,"163"
"خالد (بیٹا نور الحسن)","ڈاکٹر جواد ساجد",1,"68"
"خالد (بیٹا نور الحسن)","ڈاکٹر صاحب (راشد لطیف ہسپتال)",1,"480"
"خالد (بیٹا نور الحسن)","ڈاکٹر طارق بن افتخار",1,"68"
"خالد (بیٹا نور الحسن)","ڈاکٹر فیصل آبادی",1,"480"
"خالد (بیٹا نور الحسن)","ڈیڈی جی",1,"163"
"خالد (شوہر جمیلہ ظفر)","دوست محمد خاں",1,"290"
"خالد (شوہر جمیلہ ظفر)","ذکیہ",1,"290"
"خالد (شوہر جمیلہ ظفر)","رؤف خالد",1,"603"
"خالد (شوہر جمیلہ ظفر)","رشید احمد چودھری",1,"163"
"خالد (شوہر جمیلہ ظفر)","روبینہ خالد",1,"603"
"خالد (شوہر جمیلہ ظفر)","ریاض محمود",1,"232"
"خالد (شوہر جمیلہ ظفر)","ریاضی",1,"95"
"خالد (شوہر جمیلہ ظفر)","ریزی",1,"163"
"خالد (شوہر جمیلہ ظفر)","سردار بیگم",2,"68 290"
"خالد (شوہر جمیلہ ظفر)","شمیم رشید",1,"174"
"خالد (شوہر جمیلہ ظفر)","شہاب",1,"94"
"خالد (شوہر جمیلہ ظفر)","صائمہ",1,"604"
"خالد (شوہر جمیلہ ظفر)","صدیقہ",1,"163"
"خالد (شوہر جمیلہ ظفر)","طارق بن افتخار",2,"68 226"
"خالد (شوہر جمیلہ ظفر)","علی",2,"163 290"
"خالد (شوہر جمیلہ ظفر)","عمر صاحب",5,"163 174 226 480 603"
"خالد (شوہر جمیلہ ظفر)","عکسی مفتی",1,"603"
"خالد (شوہر جمیلہ ظفر)","غزل",1,"290"
"خالد (شوہر جمیلہ ظفر)","فرخ بشیر",2,"603 604"
"خالد (شوہر جمیلہ ظفر)","قدرت اللہ شہاب",1,"94"
"خالد (شوہر جمیلہ ظفر)","لالو",1,"68"
"خالد (شوہر جمیلہ ظفر)","محمد خاں",1,"290"
"خالد (شوہر جمیلہ ظفر)","محمودہ منظور زئی",1,"174"
"خالد (شوہر جمیلہ ظفر)","مفتی جی",1,"603"
"خالد (شوہر جمیلہ ظفر)","ممتاز مفتی",1,"603"
"خالد (شوہر جمیلہ ظفر)","ناہید",2,"163 174"
"خالد (شوہر جمیلہ ظفر)","نسرین رشید",1,"174"
"خالد (شوہر جمیلہ ظفر)","نور الحسن",2,"603 604"
"خالد (شوہر جمیلہ ظفر)","پرویز چٹھہ",1,"163"
"خالد (شوہر جمیلہ ظفر)","ڈاکٹر جواد ساجد",1,"68"
"خالد (شوہر جمیلہ ظفر)","ڈاکٹر صاحب (راشد لطیف ہسپتال)",1,"480"
"خالد (شوہر جمیلہ ظفر)","ڈاکٹر طارق بن افتخار",1,"68"
"خالد (شوہر جمیلہ ظفر)","ڈاکٹر فیصل آبادی",1,"480"
"خالد (شوہر جمیلہ ظفر)","ڈیڈی جی",1,"163"
"خالہ فیروزہ","دوست محمد خاں",1,"104"
"خالہ فیروزہ","ریزی",3,"28 104 156"
"خالہ فیروزہ","سعید اثر",1,"156"
"خالہ فیروزہ","صوفی صاحب",1,"394"
"خالہ فیروزہ","طارق بن افتخار",2,"31 209"
"خالہ فیروزہ","عظمی",1,"31"
"خالہ فیروزہ","علی",1,"31"
"خالہ فیروزہ","عمر صاحب",2,"31 209"
"خالہ فیروزہ","فیروزہ بیگم",6,"28 31 104 156 209 394"
"خالہ فیروزہ","قمر ریکارڈسٹ",1,"156"
"خالہ فیروزہ","مبار",1,"394"
"خالہ فیروزہ","محمد خاں",2,"31 104"
"خالہ فیروزہ","محمودہ منظور زئی",1,"104"
"خالہ فیروزہ","ناہید",1,"31"
"خالہ فیروزہ","نیلو",1,"104"
"خالہ فیروزہ","پرویز چٹھہ",3,"28 104 156"
"خالہ فیروزہ","ڈاکٹر جواد ساجد",1,"31"
"خالہ فیروزہ","ڈاکٹر طارق بن افتخار",1,"209"
"خالہ فیروزہ","ڈیڈی جی",1,"209"
"خورشید","روحی",1,"591"
"خورشید","ریاض محمود",2,"190 355"
"خورشید","ریزی",1,"150"
"خورشید","شفقت",1,"150"
"خورشید","شمیم رشید",2,"354 500"
"خورشید","شمیم فاطمہ",1,"354"
"خورشید","صوفی صاحب",1,"500"
"خورشید","صوفی غلام مصطفیٰ تبسم",1,"500"
"خورشید","عظمی",1,"591"
"خورشید","محمد رفیق",1,"190"
"خورشید","نور الحسن",1,"355"
"خورشید","پروفیسر آفتاب احمد",1,"591"
"خورشید","پرویز چٹھہ",1,"150"
"خوشی محمد","ریاض محمود",1,"330"
"خوشی محمد","سلیم بونگا",1,"330"
"خوشی محمد","شازیہ",1,"330"
"خوشی محمد","شرافت نوشاہی",1,"330"
"خوشی محمد","محمد رفیق",1,"263"
"خوشی محمد","ملا بات اللہ",1,"330"
"دوست محمد خاں","ذکیہ",5,"36 37 203 208 290"
"دوست محمد خاں","رشید احمد چودھری",4,"6 11 206 391"
"دوست محمد خاں","روحی",1,"398"
"دوست محمد خاں","ریاض محمود",1,"276"
"دوست محمد خاں","ریزی",4,"61 83 104 111"
"دوست محمد خاں","زوبی",1,"111"
"دوست محمد خاں","زینب",2,"61 83"
"دوست محمد خاں","سردار بیگم",13,"2 3 14 22 24 36 61 89 162 203 207 208 290"
"دوست محمد خاں","سعید اثر",2,"206 395"
"دوست محمد خاں","سلیمان اینڈریوز",1,"455"
"دوست محمد خاں","سید عابد علی عابد",1,"111"
"دوست محمد خاں","شفقت",4,"111 449 584 635"
"دوست محمد خاں","شمس",8,"367 368 370 386 390 400 402 411"
"دوست محمد خاں","شہاب",14,"256 261 360 364 365 366 401 402 403 404 405 406 407 409"
"دوست محمد خاں","صادق",1,"61"
"دوست محمد خاں","صوفی صاحب",5,"11 61 83 111 473"
"دوست محمد خاں","صوفی غلام مصطفیٰ تبسم",1,"61"
"دوست محمد خاں","ضیاء الحق",2,"35 162"
"دوست محمد خاں","طارق بن افتخار",3,"22 34 162"
"دوست محمد خاں","عفت",21,"364 365 366 367 368 370 390 392 400 401 402 403 404 405 406 407 409 411 413 414 419"
"دوست محمد خاں","علی",12,"24 111 162 261 287 290 366 390 396 402 407 409"
"دوست محمد خاں","علی محمد",2,"402 407"
"دوست محمد خاں","عمر صاحب",15,"6 8 37 38 206 256 385 386 392 397 412 422 473 580 599"
"دوست محمد خاں","غزل",3,"4 38 290"
"دوست محمد خاں","فیروزہ بیگم",1,"104"
"دوست محمد خاں","فیض احمد فیض",1,"473"
"دوست محمد خاں","قدرت اللہ شہاب",14,"256 261 360 364 365 366 401 402 403 404 405 406 407 409"
"دوست محمد خاں","قمر ریکارڈسٹ",2,"6 162"
"دوست محمد خاں","لالو",2,"61 83"
"دوست محمد خاں","مارسیا",1,"423"
"دوست محمد خاں","ماریہ",2,"422 423"
"دوست محمد خاں","ماچھا جی",1,"162"
"دوست محمد خاں","مبار",3,"89 208 395"
"دوست محمد خاں","محمد حسین",1,"162"
"دوست محمد خاں","محمد حسین (آرٹسٹ)",1,"162"
"دوست محمد خاں","محمد خاں",75,"1 2 3 4 6 8 11 13 14 22 24 34 35 36 37 38 61 83 89 104 111 162 203 206 207 208 256 261 262 276 286 287 290 360 364 365 366 367 368 370 385 386 390 391 392 393 395 396 397 398 399 400 401 402 403 404 405 406 407 409 411 412 413 414 419 422 423 449 455 473 540 580 584 599 635"
"دوست محمد خاں","محمد رفیق",2,"6 8"
"دوست محمد خاں","محمودہ منظور زئی",2,"34 104"
"دوست محمد خاں","مرجان",1,"261"
"دوست محمد خاں","مفتی جی",2,"256 261"
"دوست محمد خاں","ممتاز آپا",1,"261"
"دوست محمد خاں","ممتاز مفتی",2,"256 261"
"دوست محمد خاں","مولوی طوطا",2,"2 368"
"دوست محمد خاں","ناہید",2,"206 580"
"دوست محمد خاں","نصرت بیگم",1,"599"
"دوست محمد خاں","نور الحسن",15,"8 11 14 276 286 360 364 367 385 390 391 395 409 422 635"
"دوست محمد خاں","نیلو",1,"104"
"دوست محمد خاں","پروفیسر آفتاب احمد",1,"22"
"دوست محمد خاں","پروفیسر محمد صادق",1,"61"
"دوست محمد خاں","پرویز چٹھہ",4,"61 83 104 111"
"دوست محمد خاں","ڈاکٹر ایوب احمد خاں",6,"22 83 206 207 256 580"
"دوست محمد خاں","ڈاکٹر صاحب (راشد لطیف ہسپتال)",13,"14 390 398 399 400 402 409 411 413 414 449 540 580"
"دوست محمد خاں","ڈاکٹر طارق بن افتخار",2,"22 34"
"دوست محمد خاں","ڈاکٹر عاطف گوہیر",1,"449"
"دوست محمد خاں","ڈاکٹر فواد",1,"473"
"دوست محمد خاں","ڈاکٹر فیصل آبادی",13,"14 390 398 399 400 402 409 411 413 414 449 540 580"
"دوست محمد خاں","ڈاکٹر محمد صادق",1,"61"
"دوست محمد خاں","ڈیڈی جی",3,"34 162 455"
"دوست محمد خاں","کشور",5,"364 401 402 405 419"
"دوست محمد خاں","کیتھی",2,"399 422"
"ذکیہ","روحی",1,"244"
"ذکیہ","ریزی",1,"204"
"ذکیہ","سردار بیگم",4,"36 203 208 290"
"ذکیہ","سعید اثر",1,"57"
"ذکیہ","سلمی اثر",1,"57"
"ذکیہ","شمس",1,"244"
"ذکیہ","شہاب",2,"513 514"
"ذکیہ","صوفی صاحب",1,"244"
"ذکیہ","عفت",1,"513"
"ذکیہ","علی",4,"290 513 514 516"
"ذکیہ","عمر صاحب",2,"37 204"
"ذکیہ","غزل",1,"290"
"ذکیہ","غلام علی",3,"513 514 516"
"ذکیہ","قدرت اللہ شہاب",2,"513 514"
"ذکیہ","قمر ریکارڈسٹ",1,"57"
"ذکیہ","مبار",1,"208"
"ذکیہ","محمد خاں",5,"36 37 203 208 290"
"ذکیہ","مفتی جی",1,"57"
"ذکیہ","ممتاز آپا",1,"57"
"ذکیہ","ممتاز مفتی",1,"57"
"ذکیہ","مولوی طوطا",1,"56"
"ذکیہ","پرویز چٹھہ",2,"204 244"
"رؤف خالد","روبینہ خالد",1,"603"
"رؤف خالد","عمر صاحب",1,"603"
"رؤف خالد","عکسی مفتی",1,"603"
"رؤف خالد","فرخ بشیر",1,"603"
"رؤف خالد","مفتی جی",1,"603"
"رؤف خالد","ممتاز مفتی",1,"603"
"رؤف خالد","نور الحسن",1,"603"
"راؤ ساجد","علی",1,"622"
"راؤ ساجد","مفتی جی",1,"622"
"راؤ ساجد","ممتاز آپا",1,"622"
"راؤ ساجد","ممتاز مفتی",1,"622"
"راؤ ساجد","ڈاکٹر صاحب (راشد لطیف ہسپتال)",1,"621"
"راؤ ساجد","ڈاکٹر فیصل آبادی",1,"621"
"رابعہ","نصرت بیگم",1,"581"
"رشید احمد چودھری","ریزی",1,"163"
"رشید احمد چودھری","سعید اثر",2,"206 228"
"رشید احمد چودھری","صدیقہ",1,"163"
"رشید احمد چودھری","صوفی صاحب",1,"11"
"رشید احمد چودھری","طارق بن افتخار",1,"39"
"رشید احمد چودھری","علی",1,"163"
"رشید احمد چودھری","عمر صاحب",4,"6 163 206 228"
"رشید احمد چودھری","قمر ریکارڈسٹ",1,"6"
"رشید احمد چودھری","محمد خاں",4,"6 11 206 391"
"رشید احمد چودھری","محمد رفیق",1,"6"
"رشید احمد چودھری","ناہید",4,"39 163 206 228"
"رشید احمد چودھری","نور الحسن",3,"11 15 391"
"رشید احمد چودھری","پرویز چٹھہ",1,"163"
"رشید احمد چودھری","ڈاکٹر ایوب احمد خاں",2,"39 206"
"رشید احمد چودھری","ڈاکٹر حسنات احمد",1,"39"
"رشید احمد چودھری","ڈاکٹر حسنات احمد خاں",1,"39"
"رشید احمد چودھری","ڈاکٹر طارق بن افتخار",1,"39"
"رشید احمد چودھری","ڈیڈی جی",1,"163"
"روبینہ خالد","عمر صاحب",1,"603"
"روبینہ خالد","عکسی مفتی",1,"603"
"روبینہ خالد","فرخ بشیر",1,"603"
"روبینہ خالد","مفتی جی",1,"603"
"روبینہ خالد","ممتاز مفتی",1,"603"
"روبینہ خالد","نور الحسن",1,"603"
"روحی","سلیمہ",1,"269"
"روحی","شمس",1,"244"
"روحی","صادق",1,"593"
"روحی","صوفی صاحب",1,"244"
"روحی","ضیاء الحق",1,"311"
"روحی","عظمی",1,"591"
"روحی","علی",2,"593 612"
"روحی","عمر صاحب",2,"269 612"
"روحی","فیض احمد فیض",1,"269"
"روحی","قاسم",1,"292"
"روحی","مبار",1,"245"
"روحی","محمد خاں",1,"398"
"روحی","محمد رفیق",1,"311"
"روحی","ناہید",2,"227 593"
"روحی","پروفیسر آفتاب احمد",1,"591"
"روحی","پرویز چٹھہ",1,"244"
"روحی","ڈاکٹر صاحب (راشد لطیف ہسپتال)",1,"398"
"روحی","ڈاکٹر فیصل آبادی",1,"398"
"روحی","کامران",1,"311"
"روحی","کامران (بیٹا ضیاء الحق)",1,"311"
"ریاض محمود","ریاضی",1,"264"
"ریاض محمود","ریزی",4,"54 155 215 271"
"ریاض محمود","سعید اثر",1,"249"
"ریاض محمود","سلیم بونگا",1,"330"
"ریاض محمود","شازیہ",1,"330"
"ریاض محمود","شرافت نوشاہی",1,"330"
"ریاض محمود","شریف الدین",1,"271"
"ریاض محمود","شعیب بن عزیز",1,"271"
"ریاض محمود","شفقت",1,"585"
"ریاض محمود","شکیل مسعود",1,"215"
"ریاض محمود","شہاب",1,"246"
"ریاض محمود","صائل",1,"266"
"ریاض محمود","صادق",1,"471"
"ریاض محمود","صدیقہ",1,"230"
"ریاض محمود","صوفی صاحب",1,"264"
"ریاض محمود","ضیاء الحق",1,"271"
"ریاض محمود","طارق بن افتخار",1,"230"
"ریاض محمود","عبدالرحمن چغتائی",1,"560"
"ریاض محمود","علی",3,"230 560 585"
"ریاض محمود","عمر صاحب",3,"54 230 246"
"ریاض محمود","فیض احمد فیض",1,"583"
"ریاض محمود","قدرت اللہ شہاب",1,"246"
"ریاض محمود","محمد خاں",1,"276"
"ریاض محمود","محمد رفیق",1,"190"
"ریاض محمود","محمودہ منظور زئی",1,"268"
"ریاض محمود","مسعود میاں",2,"583 585"
"ریاض محمود","مفتی جی",2,"215 517"
"ریاض محمود","ملا بات اللہ",1,"330"
"ریاض محمود","ممتاز مفتی",2,"215 517"
"ریاض محمود","نور الحسن",4,"276 310 355 471"
"ریاض محمود","پرویز چٹھہ",4,"54 155 215 271"
"ریاض محمود","ڈاکٹر صاحب (راشد لطیف ہسپتال)",1,"585"
"ریاض محمود","ڈاکٹر فیصل آبادی",1,"585"
"ریاض محمود","ڈیڈی جی",2,"155 230"
"ریاض محمود","کشور",2,"215 462"
"ریاضی","صوفی صاحب",2,"264 450"
"ریزی","زوبی",2,"111 127"
"ریزی","زینب",9,"27 61 64 82 83 98 103 157 161"
"ریزی","سردار بیگم",6,"61 90 154 161 175 176"
"ریزی","سعید اثر",2,"156 178"
"ریزی","سید عابد علی عابد",2,"111 154"
"ریزی","شریف الدین",1,"271"
"ریزی","شعیب بن عزیز",1,"271"
"ریزی","شفقت",6,"93 111 112 114 117 150"
"ریزی","شکیل مسعود",1,"215"
"ریزی","شہاب",1,"86"
"ریزی","شہزادی مامی",2,"218 219"
"ریزی","صادق",4,"61 79 106 218"
"ریزی","صدیقہ",3,"163 169 217"
"ریزی","صوفی صاحب",5,"61 83 100 111 213"
"ریزی","صوفی غلام مصطفیٰ تبسم",2,"61 213"
"ریزی","ضیاء الحق",3,"33 92 271"
"ریزی","طارق بن افتخار",3,"33 108 217"
"ریزی","عزیز بیگم",1,"218"
"ریزی","علی",6,"111 154 163 175 213 217"
"ریزی","عمر بکری",1,"472"
"ریزی","عمر صاحب",10,"29 54 117 139 163 164 175 204 218 472"
"ریزی","غزل",1,"177"
"ریزی","فیروزہ بیگم",4,"28 104 156 177"
"ریزی","فیض احمد فیض",1,"108"
"ریزی","قاسم",1,"300"
"ریزی","قاضی شاہد خان",1,"300"
"ریزی","قدرت اللہ شہاب",1,"86"
"ریزی","قمر ریکارڈسٹ",2,"112 156"
"ریزی","لالو",8,"61 64 83 86 98 103 154 157"
"ریزی","ماچھا جی",3,"105 112 152"
"ریزی","مبار",4,"86 117 138 161"
"ریزی","محمد حسین",2,"33 300"
"ریزی","محمد حسین (آرٹسٹ)",2,"33 300"
"ریزی","محمد خاں",5,"33 61 83 104 111"
"ریزی","محمودہ منظور زئی",8,"33 90 104 105 152 161 175 176"
"ریزی","مفتی جی",5,"26 33 84 86 215"
"ریزی","ممتاز آپا",3,"26 84 103"
"ریزی","ممتاز مفتی",5,"26 33 84 86 215"
"ریزی","موسیٰ",1,"79"
"ریزی","میاں تقی",2,"218 219"
"ریزی","ناہید",5,"163 171 175 176 177"
"ریزی","نسرین رشید",1,"175"
"ریزی","نور الحسن",2,"98 157"
"ریزی","نیلو",2,"92 104"
"ریزی","ٹھیکیدار محمد حسین",1,"300"
"ریزی","پروفیسر محمد صادق",3,"61 79 218"
"ریزی","پرویز چٹھہ",62,"26 27 28 29 33 51 54 61 63 64 79 82 83 84 86 90 92 93 98 100 103 104 105 106 108 111 112 114 117 127 128 135 136 137 138 139 150 152 154 155 156 157 161 163 164 169 171 175 176 177 178 204 213 215 217 218 219 271 277 300 472 683"
"ریزی","ڈاکٹر ایوب احمد خاں",1,"83"
"ریزی","ڈاکٹر شیخ عنایت اللہ",1,"51"
"ریزی","ڈاکٹر صاحب (راشد لطیف ہسپتال)",2,"79 108"
"ریزی","ڈاکٹر طارق بن افتخار",2,"33 108"
"ریزی","ڈاکٹر فیصل آبادی",2,"79 108"
"ریزی","ڈاکٹر مارٹن",1,"169"
"ریزی","ڈاکٹر محمد صادق",3,"61 79 218"
"ریزی","ڈی کوثر",1,"114"
"ریزی","ڈیڈی جی",6,"33 152 155 161 163 219"
"ریزی","کشور",1,"215"
"زوبی","زینب",1,"65"
"زوبی","سردار بیگم",1,"557"
"زوبی","سید عابد علی عابد",2,"111 153"
"زوبی","شفقت",2,"111 153"
"زوبی","شہاب",1,"557"
"زوبی","صوفی صاحب",1,"111"
"زوبی","علی",2,"111 153"
"زوبی","عمر صاحب",2,"47 153"
"زوبی","قدرت اللہ شہاب",1,"557"
"زوبی","قمر ریکارڈسٹ",1,"47"
"زوبی","لالو",2,"65 558"
"زوبی","محمد حسین",1,"65"
"زوبی","محمد حسین (آرٹسٹ)",1,"65"
"زوبی","محمد خاں",1,"111"
"زوبی","مفتی جی",2,"65 558"
"زوبی","ممتاز آپا",2,"47 558"
"زوبی","ممتاز مفتی",2,"65 558"
"زوبی","نغمہ",2,"541 542"
"زوبی","پرویز چٹھہ",2,"111 127"
"زینب","سردار بیگم",2,"61 161"
"زینب","صائمہ",1,"605"
"زینب","صادق",1,"61"
"زینب","صدیقہ",1,"165"
"زینب","صوفی صاحب",2,"61 83"
"زینب","صوفی غلام مصطفیٰ تبسم",1,"61"
"زینب","علی",1,"165"
"زینب","عکسی مفتی",1,"605"
"زینب","لالو",7,"61 64 65 83 98 103 157"
"زینب","مبار",1,"161"
"زینب","محمد حسین",1,"65"
"زینب","محمد حسین (آرٹسٹ)",1,"65"
"زینب","محمد خاں",2,"61 83"
"زینب","محمودہ منظور زئی",1,"161"
"زینب","مفتی جی",2,"65 605"
"زینب","ممتاز آپا",1,"103"
"زینب","ممتاز مفتی",2,"65 605"
"زینب","نور الحسن",3,"98 157 605"
"زینب","پروفیسر محمد صادق",1,"61"
"زینب","پرویز چٹھہ",9,"27 61 64 82 83 98 103 157 161"
"زینب","ڈاکٹر ایوب احمد خاں",1,"83"
"زینب","ڈاکٹر محمد صادق",1,"61"
"زینب","ڈیڈی جی",2,"161 165"
"سردار بیگم","سعید اثر",1,"88"
"سردار بیگم","سید عابد علی عابد",1,"154"
"سردار بیگم","شفقت",1,"60"
"سردار بیگم","شہاب",1,"557"
"سردار بیگم","صادق",1,"61"
"سردار بیگم","صوفی صاحب",3,"61 62 468"
"سردار بیگم","صوفی غلام مصطفیٰ تبسم",1,"61"
"سردار بیگم","ضیاء الحق",2,"62 162"
"سردار بیگم","طارق بن افتخار",3,"22 68 162"
"سردار بیگم","علی",6,"24 154 162 175 282 290"
"سردار بیگم","عمر بکری",1,"88"
"سردار بیگم","عمر صاحب",4,"45 60 88 175"
"سردار بیگم","غزل",1,"290"
"سردار بیگم","فراز",1,"62"
"سردار بیگم","قدرت اللہ شہاب",1,"557"
"سردار بیگم","قمر ریکارڈسٹ",1,"162"
"سردار بیگم","لالو",3,"61 68 154"
"سردار بیگم","ماچھا جی",1,"162"
"سردار بیگم","مبار",3,"89 161 208"
"سردار بیگم","محمد حسین",4,"62 88 162 179"
"سردار بیگم","محمد حسین (آرٹسٹ)",4,"62 88 162 179"
"سردار بیگم","محمد خاں",13,"2 3 14 22 24 36 61 89 162 203 207 208 290"
"سردار بیگم","محمودہ منظور زئی",5,"90 161 175 176 179"
"سردار بیگم","مفتی جی",3,"62 88 115"
"سردار بیگم","ممتاز آپا",2,"62 88"
"سردار بیگم","ممتاز مفتی",3,"62 88 115"
"سردار بیگم","مولوی طوطا",1,"2"
"سردار بیگم","ناہید",3,"160 175 176"
"سردار بیگم","نسرین رشید",1,"175"
"سردار بیگم","نور الحسن",1,"14"
"سردار بیگم","نیلو",1,"62"
"سردار بیگم","پروفیسر آفتاب احمد",1,"22"
"سردار بیگم","پروفیسر محمد صادق",1,"61"
"سردار بیگم","پرویز چٹھہ",7,"61 90 121 154 161 175 176"
"سردار بیگم","ڈاکٹر ایوب احمد خاں",4,"22 25 160 207"
"سردار بیگم","ڈاکٹر جواد ساجد",1,"68"
"سردار بیگم","ڈاکٹر صاحب (راشد لطیف ہسپتال)",2,"14 350"
"سردار بیگم","ڈاکٹر طارق بن افتخار",2,"22 68"
"سردار بیگم","ڈاکٹر فیصل آبادی",2,"14 350"
"سردار بیگم","ڈاکٹر محمد صادق",1,"61"
"سردار بیگم","ڈیڈی جی",6,"25 62 160 161 162 179"
"سعود","شہاب",1,"600"
"سعود","صوفی صاحب",1,"600"
"سعود","طاعت",1,"600"
"سعود","علی",1,"600"
"سعود","فضلی",1,"600"
"سعود","قدرت اللہ شہاب",1,"600"
"سعود","نسرین بانو",1,"600"
"سعود","نینی",1,"600"
"سعود","ڈاکٹر صاحب (راشد لطیف ہسپتال)",1,"600"
"سعود","ڈاکٹر فیصل آبادی",1,"600"
"سعید اثر","سلمی اثر",1,"57"
"سعید اثر","شہناز",1,"494"
"سعید اثر","صادق",1,"75"
"سعید اثر","صوفی صاحب",1,"75"
"سعید اثر","صوفی غلام مصطفیٰ تبسم",1,"75"
"سعید اثر","عمر بکری",1,"88"
"سعید اثر","عمر صاحب",4,"74 88 206 228"
"سعید اثر","غزل",1,"75"
"سعید اثر","فیروزہ بیگم",1,"156"
"سعید اثر","قمر ریکارڈسٹ",3,"57 75 156"
"سعید اثر","مبار",3,"116 395 494"
"سعید اثر","محمد حسین",1,"88"
"سعید اثر","محمد حسین (آرٹسٹ)",1,"88"
"سعید اثر","محمد خاں",3,"116 206 395"
"سعید اثر","مفتی جی",2,"57 88"
"سعید اثر","ممتاز آپا",2,"57 88"
"سعید اثر","ممتاز مفتی",2,"57 88"
"سعید اثر","موسیٰ",1,"74"
"سعید اثر","ناہید",2,"206 228"
"سعید اثر","نور الحسن",1,"395"
"سعید اثر","پروفیسر آفتاب احمد",1,"75"
"سعید اثر","پروفیسر محمد صادق",1,"75"
"سعید اثر","پرویز چٹھہ",2,"156 178"
"سعید اثر","ڈاکٹر ایوب احمد خاں",1,"206"
"سعید اثر","ڈاکٹر شیخ عنایت اللہ",1,"75"
"سعید اثر","ڈاکٹر صاحب (راشد لطیف ہسپتال)",1,"116"
"سعید اثر","ڈاکٹر فیصل آبادی",1,"116"
"سلمی اثر","علی",1,"327"
"سلمی اثر","قمر ریکارڈسٹ",1,"57"
"سلمی اثر","مفتی جی",1,"57"
"سلمی اثر","ممتاز آپا",1,"57"
"سلمی اثر","ممتاز مفتی",1,"57"
"سلیم بونگا","شازیہ",1,"330"
"سلیم بونگا","شرافت نوشاہی",1,"330"
"سلیم بونگا","ملا بات اللہ",1,"330"
"سلیمان اینڈریوز","شہاب",1,"432"
"سلیمان اینڈریوز","صوفی صاحب",1,"442"
"سلیمان اینڈریوز","عمر صاحب",1,"457"
"سلیمان اینڈریوز","قدرت اللہ شہاب",1,"432"
"سلیمان اینڈریوز","مبار",1,"453"
"سلیمان اینڈریوز","محمد خاں",1,"455"
"سلیمان اینڈریوز","مفتی جی",1,"453"
"سلیمان اینڈریوز","ممتاز مفتی",1,"453"
"سلیمان اینڈریوز","مولوی طوطا",1,"456"
"سلیمان اینڈریوز","نور الحسن",2,"429 433"
"سلیمان اینڈریوز","ڈیڈی جی",1,"455"
"سلیمان اینڈریوز","کامران",1,"453"
"سلیمان اینڈریوز","کامران (بیٹا ضیاء الحق)",1,"453"
"سلیمان اینڈریوز","کشمیری بابا",2,"451 453"
"سلیمان اینڈریوز","ہیلگے واٹسینڈ",1,"442"
"سلیمہ","عمر صاحب",1,"269"
"سلیمہ","فیض احمد فیض",1,"269"
"سمیرا","سوزاں",1,"313"
"سمیرا","ضیاء الحق",1,"313"
"سمیرا","کامران",1,"313"
"سمیرا","کامران (بیٹا ضیاء الحق)",1,"313"
"سوزاں","ضیاء الحق",1,"313"
"سوزاں","کامران",1,"313"
"سوزاں","کامران (بیٹا ضیاء الحق)",1,"313"
"سہیل عمر","عمر صاحب",1,"272"
"سہیل عمر","فیض احمد فیض",1,"272"
"سی میاں","فراز",1,"267"
"سید عابد علی عابد","شفقت",2,"111 153"
"سید عابد علی عابد","صوفی صاحب",1,"111"
"سید عابد علی عابد","علی",4,"111 113 153 154"
"سید عابد علی عابد","عمر صاحب",1,"153"
"سید عابد علی عابد","لالو",1,"154"
"سید عابد علی عابد","محمد خاں",1,"111"
"سید عابد علی عابد","پرویز چٹھہ",2,"111 154"
"شازیہ","شرافت نوشاہی",1,"330"
"شازیہ","ملا بات اللہ",1,"330"
"شرافت نوشاہی","ملا بات اللہ",1,"330"
"شریف الدین","شعیب بن عزیز",1,"271"
"شریف الدین","ضیاء الحق",1,"271"
"شریف الدین","پرویز چٹھہ",1,"271"
"شعیب بن عزیز","ضیاء الحق",1,"271"
"شعیب بن عزیز","پرویز چٹھہ",1,"271"
"شفقت","شکیل مسعود",1,"617"
"شفقت","شہاب",1,"619"
"شفقت","صادق",1,"125"
"شفقت","صوفی صاحب",2,"111 474"
"شفقت","علی",5,"111 153 585 617 619"
"شفقت","عمر صاحب",4,"60 117 153 353"
"شفقت","قدرت اللہ شہاب",1,"619"
"شفقت","قمر ریکارڈسٹ",1,"112"
"شفقت","ماچھا جی",1,"112"
"شفقت","مبار",1,"117"
"شفقت","محمد خاں",4,"111 449 584 635"
"شفقت","محمد رفیق",2,"543 619"
"شفقت","مرجان",1,"279"
"شفقت","مسعود میاں",1,"585"
"شفقت","مفتی جی",1,"619"
"شفقت","ممتاز مفتی",1,"619"
"شفقت","نغمہ",1,"617"
"شفقت","نور الحسن",2,"486 635"
"شفقت","نینی",1,"617"
"شفقت","پروفیسر آفتاب احمد",1,"250"
"شفقت","پرویز چٹھہ",6,"93 111 112 114 117 150"
"شفقت","ڈاکٹر صاحب (راشد لطیف ہسپتال)",2,"449 585"
"شفقت","ڈاکٹر عاطف گوہیر",1,"449"
"شفقت","ڈاکٹر فیصل آبادی",2,"449 585"
"شفقت","ڈی کوثر",1,"114"
"شفقت","ہاروے",1,"617"
"شمس","شہاب",1,"402"
"شمس","صوفی صاحب",1,"244"
"شمس","عفت",11,"367 368 369 370 390 400 402 411 415 416 417"
"شمس","علی",3,"387 390 402"
"شمس","علی محمد",1,"402"
"شمس","عمر صاحب",2,"386 387"
"شمس","قدرت اللہ شہاب",1,"402"
"شمس","محمد خاں",8,"367 368 370 386 390 400 402 411"
"شمس","مولوی طوطا",1,"368"
"شمس","نور الحسن",2,"367 390"
"شمس","پرویز چٹھہ",1,"244"
"شمس","ڈاکٹر صاحب (راشد لطیف ہسپتال)",7,"390 400 402 411 415 416 417"
"شمس","ڈاکٹر فیصل آبادی",7,"390 400 402 411 415 416 417"
"شمس","کشور",1,"402"
"شمیم رشید","شمیم فاطمہ",2,"354 466"
"شمیم رشید","صوفی صاحب",2,"466 500"
"شمیم رشید","صوفی غلام مصطفیٰ تبسم",1,"500"
"شمیم رشید","ضیاء الحق",1,"466"
"شمیم رشید","عمر صاحب",1,"174"
"شمیم رشید","محمودہ منظور زئی",1,"174"
"شمیم رشید","ناہید",1,"174"
"شمیم رشید","نسرین رشید",1,"174"
"شمیم رشید","نور الحسن",1,"466"
"شمیم فاطمہ","صوفی صاحب",1,"466"
"شمیم فاطمہ","ضیاء الحق",1,"466"
"شمیم فاطمہ","نور الحسن",1,"466"
"شکیل مسعود","علی",4,"615 616 617 618"
"شکیل مسعود","فضلی",1,"615"
"شکیل مسعود","مسعود میاں",3,"615 616 618"
"شکیل مسعود","مفتی جی",1,"215"
"شکیل مسعود","ممتاز مفتی",1,"215"
"شکیل مسعود","نغمہ",1,"617"
"شکیل مسعود","نینی",4,"615 616 617 618"
"شکیل مسعود","پرویز چٹھہ",1,"215"
"شکیل مسعود","کشور",1,"215"
"شکیل مسعود","ہاروے",2,"617 618"
"شہاب","صادق",1,"195"
"شہاب","صبا",1,"613"
"شہاب","صدیقہ",1,"348"
"شہاب","صوفی صاحب",2,"342 600"
"شہاب","طاعت",1,"600"
"شہاب","عفت",18,"239 362 363 364 365 366 401 402 403 404 405 406 407 408 409 420 513 519"
"شہاب","علی",17,"195 197 238 261 362 363 366 402 407 409 420 467 513 514 600 613 619"
"شہاب","علی محمد",2,"402 407"
"شہاب","عمر صاحب",4,"239 246 256 509"
"شہاب","عکسی مفتی",1,"505"
"شہاب","غزل",1,"613"
"شہاب","غلام علی",3,"362 513 514"
"شہاب","فراز",1,"550"
"شہاب","فضلی",2,"600 613"
"شہاب","قدرت اللہ شہاب",51,"86 94 195 197 205 238 239 246 256 261 342 348 360 362 363 364 365 366 401 402 403 404 405 406 407 408 409 420 432 436 437 467 469 501 505 509 510 512 513 514 519 527 529 539 547 550 557 600 613 619 634"
"شہاب","لالو",1,"86"
"شہاب","مبار",2,"86 613"
"شہاب","محمد حسین",2,"505 519"
"شہاب","محمد حسین (آرٹسٹ)",2,"505 519"
"شہاب","محمد خاں",14,"256 261 360 364 365 366 401 402 403 404 405 406 407 409"
"شہاب","محمد رفیق",3,"519 619 634"
"شہاب","محمودہ منظور زئی",1,"501"
"شہاب","مرجان",1,"261"
"شہاب","مسعود میاں",2,"505 550"
"شہاب","مفتی جی",17,"86 195 197 205 256 261 342 362 501 505 509 510 512 519 529 550 619"
"شہاب","ممتاز آپا",6,"195 197 261 505 509 510"
"شہاب","ممتاز مفتی",17,"86 195 197 205 256 261 342 362 501 505 509 510 512 519 529 550 619"
"شہاب","ناہید",1,"205"
"شہاب","نسرین بانو",1,"600"
"شہاب","نغمہ",1,"613"
"شہاب","نور الحسن",4,"360 364 409 420"
"شہاب","نینی",2,"600 613"
"شہاب","پروفیسر احمد رفیق اختر",1,"634"
"شہاب","پرویز چٹھہ",1,"86"
"شہاب","ڈاکٹر ایوب احمد خاں",1,"256"
"شہاب","ڈاکٹر صاحب (راشد لطیف ہسپتال)",3,"402 409 600"
"شہاب","ڈاکٹر فیصل آبادی",3,"402 409 600"
"شہاب","کشور",5,"362 364 401 402 405"
"شہاب","یوسف ظفر",1,"519"
"شہزادی مامی","صادق",1,"218"
"شہزادی مامی","عزیز بیگم",1,"218"
"شہزادی مامی","عمر صاحب",1,"218"
"شہزادی مامی","میاں تقی",2,"218 219"
"شہزادی مامی","پروفیسر محمد صادق",1,"218"
"شہزادی مامی","پرویز چٹھہ",2,"218 219"
"شہزادی مامی","ڈاکٹر محمد صادق",1,"218"
"شہزادی مامی","ڈیڈی جی",1,"219"
"شہناز","غزل",1,"317"
"شہناز","مبار",1,"494"
"صائمہ","عکسی مفتی",1,"605"
"صائمہ","فرخ بشیر",1,"604"
"صائمہ","مفتی جی",1,"605"
"صائمہ","ممتاز مفتی",1,"605"
"صائمہ","نور الحسن",2,"604 605"
"صادق","صوفی صاحب",3,"61 75 77"
"صادق","صوفی غلام مصطفیٰ تبسم",3,"61 75 77"
"صادق","عزیز بیگم",1,"218"
"صادق","علی",2,"195 593"
"صادق","عمر صاحب",2,"77 218"
"صادق","عکسی مفتی",1,"194"
"صادق","غزل",1,"75"
"صادق","قدرت اللہ شہاب",1,"195"
"صادق","قمر ریکارڈسٹ",1,"75"
"صادق","لالو",1,"61"
"صادق","محمد خاں",1,"61"
"صادق","مفتی جی",2,"194 195"
"صادق","ممتاز آپا",1,"195"
"صادق","ممتاز مفتی",2,"194 195"
"صادق","موسیٰ",1,"79"
"صادق","میاں تقی",1,"218"
"صادق","ناہید",1,"593"
"صادق","نور الحسن",1,"471"
"صادق","پروفیسر آفتاب احمد",1,"75"
"صادق","پروفیسر محمد صادق",5,"61 75 77 79 218"
"صادق","پرویز چٹھہ",4,"61 79 106 218"
"صادق","ڈاکٹر شیخ عنایت اللہ",1,"75"
"صادق","ڈاکٹر صاحب (راشد لطیف ہسپتال)",1,"79"
"صادق","ڈاکٹر فیصل آبادی",1,"79"
"صادق","ڈاکٹر محمد صادق",4,"61 77 79 218"
"صبا","علی",1,"613"
"صبا","غزل",1,"613"
"صبا","فضلی",1,"613"
"صبا","قدرت اللہ شہاب",1,"613"
"صبا","مبار",1,"613"
"صبا","نغمہ",1,"613"
"صبا","نینی",1,"613"
"صدیقہ","صوفی صاحب",1,"241"
"صدیقہ","طارق بن افتخار",4,"216 217 230 241"
"صدیقہ","عظمی",1,"241"
"صدیقہ","علی",7,"163 165 216 217 230 235 241"
"صدیقہ","عمر صاحب",4,"163 216 230 241"
"صدیقہ","قدرت اللہ شہاب",1,"348"
"صدیقہ","محمد خاں",1,"168"
"صدیقہ","مفتی جی",1,"216"
"صدیقہ","ممتاز آپا",1,"216"
"صدیقہ","ممتاز مفتی",1,"216"
"صدیقہ","ناہید",2,"163 241"
"صدیقہ","پرویز چٹھہ",3,"163 169 217"
"صدیقہ","ڈاکٹر حسنات احمد",1,"241"
"صدیقہ","ڈاکٹر حسنات احمد خاں",1,"241"
"صدیقہ","ڈاکٹر مارٹن",3,"168 169 216"
"صدیقہ","ڈیڈی جی",5,"163 165 168 230 235"
"صوفی صاحب","صوفی غلام مصطفیٰ تبسم",11,"61 75 76 77 186 213 214 243 492 500 511"
"صوفی صاحب","ضیاء الحق",2,"62 466"
"صوفی صاحب","طارق بن افتخار",1,"241"
"صوفی صاحب","طاعت",1,"600"
"صوفی صاحب","عظمی",1,"241"
"صوفی صاحب","علی",6,"111 213 241 320 511 600"
"صوفی صاحب","عمر صاحب",5,"69 77 241 473 492"
"صوفی صاحب","غزل",3,"75 76 511"
"صوفی صاحب","غلام علی",1,"511"
"صوفی صاحب","فراز",1,"62"
"صوفی صاحب","فضلی",1,"600"
"صوفی صاحب","فیروزہ بیگم",1,"394"
"صوفی صاحب","فیض احمد فیض",2,"270 473"
"صوفی صاحب","قدرت اللہ شہاب",2,"342 600"
"صوفی صاحب","قمر ریکارڈسٹ",1,"75"
"صوفی صاحب","لالو",2,"61 83"
"صوفی صاحب","مبار",1,"394"
"صوفی صاحب","محمد حسین",1,"62"
"صوفی صاحب","محمد حسین (آرٹسٹ)",1,"62"
"صوفی صاحب","محمد خاں",5,"11 61 83 111 473"
"صوفی صاحب","مفتی جی",4,"62 214 342 575"
"صوفی صاحب","ممتاز آپا",2,"62 575"
"صوفی صاحب","ممتاز مفتی",4,"62 214 342 575"
"صوفی صاحب","ناہید",1,"241"
"صوفی صاحب","نسرین بانو",2,"511 600"
"صوفی صاحب","نور الحسن",5,"11 214 243 388 466"
"صوفی صاحب","نیلو",1,"62"
"صوفی صاحب","نینی",1,"600"
"صوفی صاحب","پروفیسر آفتاب احمد",1,"75"
"صوفی صاحب","پروفیسر محمد صادق",3,"61 75 77"
"صوفی صاحب","پرویز چٹھہ",6,"61 83 100 111 213 244"
"صوفی صاحب","ڈاکٹر ایوب احمد خاں",1,"83"
"صوفی صاحب","ڈاکٹر حسنات احمد",1,"241"
"صوفی صاحب","ڈاکٹر حسنات احمد خاں",1,"241"
"صوفی صاحب","ڈاکٹر شیخ عنایت اللہ",1,"75"
"صوفی صاحب","ڈاکٹر صاحب (راشد لطیف ہسپتال)",2,"186 600"
"صوفی صاحب","ڈاکٹر فواد",1,"473"
"صوفی صاحب","ڈاکٹر فیصل آبادی",2,"186 600"
"صوفی صاحب","ڈاکٹر محمد صادق",2,"61 77"
"صوفی صاحب","ڈیڈی جی",1,"62"
"صوفی صاحب","ہیلگے واٹسینڈ",1,"442"
"صوفی غلام مصطفیٰ تبسم","علی",2,"213 511"
"صوفی غلام مصطفیٰ تبسم","عمر صاحب",2,"77 492"
"صوفی غلام مصطفیٰ تبسم","غزل",3,"75 76 511"
"صوفی غلام مصطفیٰ تبسم","غلام علی",1,"511"
"صوفی غلام مصطفیٰ تبسم","قمر ریکارڈسٹ",1,"75"
"صوفی غلام مصطفیٰ تبسم","لالو",1,"61"
"صوفی غلام مصطفیٰ تبسم","محمد خاں",1,"61"
"صوفی غلام مصطفیٰ تبسم","مفتی جی",1,"214"
"صوفی غلام مصطفیٰ تبسم","ممتاز مفتی",1,"214"
"صوفی غلام مصطفیٰ تبسم","نسرین بانو",1,"511"
"صوفی غلام مصطفیٰ تبسم","نور الحسن",2,"214 243"
"صوفی غلام مصطفیٰ تبسم","پروفیسر آفتاب احمد",1,"75"
"صوفی غلام مصطفیٰ تبسم","پروفیسر محمد صادق",3,"61 75 77"
"صوفی غلام مصطفیٰ تبسم","پرویز چٹھہ",2,"61 213"
"صوفی غلام مصطفیٰ تبسم","ڈاکٹر شیخ عنایت اللہ",1,"75"
"صوفی غلام مصطفیٰ تبسم","ڈاکٹر صاحب (راشد لطیف ہسپتال)",1,"186"
"صوفی غلام مصطفیٰ تبسم","ڈاکٹر فیصل آبادی",1,"186"
"صوفی غلام مصطفیٰ تبسم","ڈاکٹر محمد صادق",2,"61 77"
"ضیاء الحق","طارق بن افتخار",2,"33 162"
"ضیاء الحق","علی",1,"162"
"ضیاء الحق","فراز",1,"62"
"ضیاء الحق","قمر ریکارڈسٹ",1,"162"
"ضیاء الحق","ماچھا جی",1,"162"
"ضیاء الحق","محمد حسین",3,"33 62 162"
"ضیاء الحق","محمد حسین (آرٹسٹ)",3,"33 62 162"
"ضیاء الحق","محمد خاں",3,"33 35 162"
"ضیاء الحق","محمد رفیق",1,"311"
"ضیاء الحق","محمودہ منظور زئی",1,"33"
"ضیاء الحق","مفتی جی",3,"33 62 329"
"ضیاء الحق","ممتاز آپا",2,"62 329"
"ضیاء الحق","ممتاز مفتی",3,"33 62 329"
"ضیاء الحق","نور الحسن",1,"466"
"ضیاء الحق","نیلو",2,"62 92"
"ضیاء الحق","پرویز چٹھہ",3,"33 92 271"
"ضیاء الحق","ڈاکٹر طارق بن افتخار",1,"33"
"ضیاء الحق","ڈیڈی جی",3,"33 62 162"
"ضیاء الحق","کامران",2,"311 313"
"ضیاء الحق","کامران (بیٹا ضیاء الحق)",2,"311 313"
"طارق بن افتخار","عظمی",2,"31 241"
"طارق بن افتخار","علی",6,"31 162 216 217 230 241"
"طارق بن افتخار","عمر صاحب",6,"31 209 216 226 230 241"
"طارق بن افتخار","فیروزہ بیگم",2,"31 209"
"طارق بن افتخار","فیض احمد فیض",1,"108"
"طارق بن افتخار","قمر ریکارڈسٹ",1,"162"
"طارق بن افتخار","لالو",1,"68"
"طارق بن افتخار","ماچھا جی",1,"162"
"طارق بن افتخار","محمد حسین",2,"33 162"
"طارق بن افتخار","محمد حسین (آرٹسٹ)",2,"33 162"
"طارق بن افتخار","محمد خاں",5,"22 31 33 34 162"
"طارق بن افتخار","محمودہ منظور زئی",2,"33 34"
"طارق بن افتخار","مفتی جی",3,"33 216 498"
"طارق بن افتخار","ممتاز آپا",1,"216"
"طارق بن افتخار","ممتاز مفتی",3,"33 216 498"
"طارق بن افتخار","ناہید",3,"31 39 241"
"طارق بن افتخار","پروفیسر آفتاب احمد",1,"22"
"طارق بن افتخار","پرویز چٹھہ",3,"33 108 217"
"طارق بن افتخار","ڈاکٹر ایوب احمد خاں",2,"22 39"
"طارق بن افتخار","ڈاکٹر جواد ساجد",2,"31 68"
"طارق بن افتخار","ڈاکٹر حسنات احمد",2,"39 241"
"طارق بن افتخار","ڈاکٹر حسنات احمد خاں",2,"39 241"
"طارق بن افتخار","ڈاکٹر زبیر",1,"498"
"طارق بن افتخار","ڈاکٹر صاحب (راشد لطیف ہسپتال)",2,"108 498"
"طارق بن افتخار","ڈاکٹر طارق بن افتخار",9,"22 33 34 39 68 108 209 210 498"
"طارق بن افتخار","ڈاکٹر فیصل آبادی",2,"108 498"
"طارق بن افتخار","ڈاکٹر مارٹن",1,"216"
"طارق بن افتخار","ڈیڈی جی",7,"33 34 162 209 210 230 376"
"طاعت","علی",1,"600"
"طاعت","فضلی",1,"600"
"طاعت","قدرت اللہ شہاب",1,"600"
"طاعت","نسرین بانو",1,"600"
"طاعت","نینی",1,"600"
"طاعت","ڈاکٹر صاحب (راشد لطیف ہسپتال)",1,"600"
"طاعت","ڈاکٹر فیصل آبادی",1,"600"
"عبدالرحمن چغتائی","علی",1,"560"
"عزیز بیگم","عمر صاحب",1,"218"
"عزیز بیگم","میاں تقی",1,"218"
"عزیز بیگم","پروفیسر محمد صادق",1,"218"
"عزیز بیگم","پرویز چٹھہ",1,"218"
"عزیز بیگم","ڈاکٹر محمد صادق",1,"218"
"عظمی","علی",2,"31 241"
"عظمی","عمر صاحب",2,"31 241"
"عظمی","فیروزہ بیگم",1,"31"
"عظمی","محمد خاں",1,"31"
"عظمی","ناہید",2,"31 241"
"عظمی","پروفیسر آفتاب احمد",1,"591"
"عظمی","ڈاکٹر جواد ساجد",1,"31"
"عظمی","ڈاکٹر حسنات احمد",1,"241"
"عظمی","ڈاکٹر حسنات احمد خاں",1,"241"
"عفت","علی",9,"362 363 366 390 402 407 409 420 513"
"عفت","علی محمد",2,"402 407"
"عفت","عمر صاحب",3,"239 392 528"
"عفت","غلام علی",2,"362 513"
"عفت","قدرت اللہ شہاب",18,"239 362 363 364 365 366 401 402 403 404 405 406 407 408 409 420 513 519"
"عفت","محمد حسین",1,"519"
"عفت","محمد حسین (آرٹسٹ)",1,"519"
"عفت","محمد خاں",21,"364 365 366 367 368 370 390 392 400 401 402 403 404 405 406 407 409 411 413 414 419"
"عفت","محمد رفیق",1,"519"
"عفت","محمودہ منظور زئی",1,"528"
"عفت","مفتی جی",3,"362 519 528"
"عفت","ممتاز مفتی",3,"362 519 528"
"عفت","مولوی طوطا",1,"368"
"عفت","نور الحسن",5,"364 367 390 409 420"
"عفت","ڈاکٹر صاحب (راشد لطیف ہسپتال)",10,"390 400 402 409 411 413 414 415 416 417"
"عفت","ڈاکٹر فیصل آبادی",10,"390 400 402 409 411 413 414 415 416 417"
"عفت","کشور",6,"362 364 401 402 405 419"
"عفت","یوسف ظفر",1,"519"
"علی","علی محمد",2,"402 407"
"علی","عمر صاحب",14,"31 153 163 175 191 216 230 241 340 352 387 602 607 612"
"علی","غزل",4,"290 511 561 613"
"علی","غلام علی",6,"362 511 513 514 516 561"
"علی","فضلی",5,"600 611 613 614 615"
"علی","فیروزہ بیگم",1,"31"
"علی","فیض احمد فیض",2,"596 601"
"علی","قدرت اللہ شہاب",17,"195 197 238 261 362 363 366 402 407 409 420 467 513 514 600 613 619"
"علی","قمر ریکارڈسٹ",1,"162"
"علی","لالو",1,"154"
"علی","ماچھا جی",1,"162"
"علی","مبار",3,"185 607 613"
"علی","محمد حسین",2,"162 191"
"علی","محمد حسین (آرٹسٹ)",2,"162 191"
"علی","محمد خاں",13,"24 31 111 162 261 287 290 366 390 396 402 407 409"
"علی","محمد رفیق",2,"611 619"
"علی","محمودہ منظور زئی",1,"175"
"علی","مرجان",1,"261"
"علی","مسعود میاں",5,"585 607 615 616 618"
"علی","مفتی جی",9,"195 197 216 261 362 506 570 619 622"
"علی","ممتاز آپا",7,"195 197 216 261 506 570 622"
"علی","ممتاز مفتی",9,"195 197 216 261 362 506 570 619 622"
"علی","موسیٰ",1,"211"
"علی","مولوی طوطا",1,"184"
"علی","ناہید",6,"31 163 175 200 241 593"
"علی","نسرین بانو",2,"511 600"
"علی","نسرین رشید",2,"175 611"
"علی","نغمہ",2,"613 617"
"علی","نور الحسن",5,"278 390 409 420 602"
"علی","نینی",9,"600 602 611 613 614 615 616 617 618"
"علی","پرویز چٹھہ",6,"111 154 163 175 213 217"
"علی","پیر آف مکھنڈ",1,"614"
"علی","ڈاکٹر جواد ساجد",1,"31"
"علی","ڈاکٹر حسنات احمد",1,"241"
"علی","ڈاکٹر حسنات احمد خاں",1,"241"
"علی","ڈاکٹر صاحب (راشد لطیف ہسپتال)",5,"390 402 409 585 600"
"علی","ڈاکٹر فیصل آبادی",5,"390 402 409 585 600"
"علی","ڈاکٹر مارٹن",1,"216"
"علی","ڈیڈی جی",5,"162 163 165 230 235"
"علی","کشور",2,"362 402"
"علی","ہاروے",2,"617 618"
"علی محمد","قدرت اللہ شہاب",2,"402 407"
"علی محمد","محمد خاں",2,"402 407"
"علی محمد","ڈاکٹر صاحب (راشد لطیف ہسپتال)",1,"402"
"علی محمد","ڈاکٹر فیصل آبادی",1,"402"
"علی محمد","کشور",1,"402"
"عمر بکری","عمر صاحب",2,"88 472"
"عمر بکری","محمد حسین",1,"88"
"عمر بکری","محمد حسین (آرٹسٹ)",1,"88"
"عمر بکری","مفتی جی",1,"88"
"عمر بکری","ممتاز آپا",1,"88"
"عمر بکری","ممتاز مفتی",1,"88"
"عمر بکری","پرویز چٹھہ",1,"472"
"عمر صاحب","عکسی مفتی",2,"503 603"
"عمر صاحب","غزل",3,"38 46 567"
"عمر صاحب","فرخ بشیر",1,"603"
"عمر صاحب","فیروزہ بیگم",2,"31 209"
"عمر صاحب","فیض احمد فیض",3,"269 272 473"
"عمر صاحب","قاسم",1,"312"
"عمر صاحب","قدرت اللہ شہاب",4,"239 246 256 509"
"عمر صاحب","قمر ریکارڈسٹ",2,"6 47"
"عمر صاحب","ماریہ",1,"422"
"عمر صاحب","ماچھا جی",1,"120"
"عمر صاحب","مبار",5,"117 237 439 477 607"
"عمر صاحب","محمد حسین",2,"88 191"
"عمر صاحب","محمد حسین (آرٹسٹ)",2,"88 191"
"عمر صاحب","محمد خاں",16,"6 8 31 37 38 206 256 385 386 392 397 412 422 473 580 599"
"عمر صاحب","محمد رفیق",2,"6 8"
"عمر صاحب","محمودہ منظور زئی",4,"10 174 175 528"
"عمر صاحب","مسعود میاں",2,"607 608"
"عمر صاحب","مفتی جی",8,"88 216 255 256 503 509 528 603"
"عمر صاحب","ممتاز آپا",5,"47 88 216 503 509"
"عمر صاحب","ممتاز مفتی",8,"88 216 255 256 503 509 528 603"
"عمر صاحب","موسیٰ",1,"74"
"عمر صاحب","مولوی طوطا",1,"44"
"عمر صاحب","میاں تقی",1,"218"
"عمر صاحب","ناہید",10,"31 44 163 174 175 206 228 241 259 580"
"عمر صاحب","نسرین رشید",2,"174 175"
"عمر صاحب","نصرت بیگم",1,"599"
"عمر صاحب","نور الحسن",6,"8 30 385 422 602 603"
"عمر صاحب","نیلو",1,"120"
"عمر صاحب","نینی",1,"602"
"عمر صاحب","پروفیسر محمد صادق",2,"77 218"
"عمر صاحب","پرویز چٹھہ",11,"29 54 117 120 139 163 164 175 204 218 472"
"عمر صاحب","ڈاکٹر ایوب احمد خاں",5,"206 255 256 259 580"
"عمر صاحب","ڈاکٹر جواد ساجد",1,"31"
"عمر صاحب","ڈاکٹر حسنات احمد",1,"241"
"عمر صاحب","ڈاکٹر حسنات احمد خاں",1,"241"
"عمر صاحب","ڈاکٹر صاحب (راشد لطیف ہسپتال)",2,"480 580"
"عمر صاحب","ڈاکٹر طارق بن افتخار",1,"209"
"عمر صاحب","ڈاکٹر فواد",1,"473"
"عمر صاحب","ڈاکٹر فیصل آبادی",2,"480 580"
"عمر صاحب","ڈاکٹر مارٹن",1,"216"
"عمر صاحب","ڈاکٹر محمد صادق",2,"77 218"
"عمر صاحب","ڈیڈی جی",3,"163 209 230"
"عمر صاحب","کیتھی",1,"422"
"عکسی مفتی","فراز",1,"549"
"عکسی مفتی","فرخ بشیر",1,"603"
"عکسی مفتی","قدرت اللہ شہاب",1,"505"
"عکسی مفتی","محمد حسین",1,"505"
"عکسی مفتی","محمد حسین (آرٹسٹ)",1,"505"
"عکسی مفتی","مسعود میاں",1,"505"
"عکسی مفتی","مفتی جی",9,"193 194 502 503 505 507 549 603 605"
"عکسی مفتی","ممتاز آپا",3,"503 505 507"
"عکسی مفتی","ممتاز مفتی",9,"193 194 502 503 505 507 549 603 605"
"عکسی مفتی","نور الحسن",2,"603 605"
"غزل","غلام علی",2,"511 561"
"غزل","فضلی",1,"613"
"غزل","فیروزہ بیگم",1,"177"
"غزل","قدرت اللہ شہاب",1,"613"
"غزل","قمر ریکارڈسٹ",1,"75"
"غزل","مبار",1,"613"
"غزل","محمد خاں",3,"4 38 290"
"غزل","ناہید",1,"177"
"غزل","نسرین بانو",1,"511"
"غزل","نغمہ",1,"613"
"غزل","نینی",1,"613"
"غزل","پروفیسر آفتاب احمد",1,"75"
"غزل","پروفیسر محمد صادق",1,"75"
"غزل","پرویز چٹھہ",1,"177"
"غزل","ڈاکٹر شیخ عنایت اللہ",1,"75"
"غلام علی","قدرت اللہ شہاب",3,"362 513 514"
"غلام علی","مفتی جی",1,"362"
"غلام علی","ممتاز مفتی",1,"362"
"غلام علی","نسرین بانو",1,"511"
"غلام علی","کشور",1,"362"
"فراز","فیض احمد فیض",1,"294"
"فراز","قدرت اللہ شہاب",1,"550"
"فراز","محمد حسین",1,"62"
"فراز","محمد حسین (آرٹسٹ)",1,"62"
"فراز","مسعود میاں",1,"550"
"فراز","مفتی جی",3,"62 549 550"
"فراز","ممتاز آپا",1,"62"
"فراز","ممتاز مفتی",3,"62 549 550"
"فراز","نیلو",1,"62"
"فراز","ڈیڈی جی",1,"62"
"فرخ بشیر","مفتی جی",1,"603"
"فرخ بشیر","ممتاز مفتی",1,"603"
"فرخ بشیر","نور الحسن",2,"603 604"
"فضلی","قدرت اللہ شہاب",2,"600 613"
"فضلی","مبار",1,"613"
"فضلی","محمد رفیق",1,"611"
"فضلی","مسعود میاں",1,"615"
"فضلی","نسرین بانو",1,"600"
"فضلی","نسرین رشید",1,"611"
"فضلی","نغمہ",1,"613"
"فضلی","نینی",5,"600 611 613 614 615"
"فضلی","پیر آف مکھنڈ",1,"614"
"فضلی","ڈاکٹر صاحب (راشد لطیف ہسپتال)",1,"600"
"فضلی","ڈاکٹر فیصل آبادی",1,"600"
"فیروزہ بیگم","قمر ریکارڈسٹ",1,"156"
"فیروزہ بیگم","مبار",1,"394"
"فیروزہ بیگم","محمد خاں",2,"31 104"
"فیروزہ بیگم","محمودہ منظور زئی",1,"104"
"فیروزہ بیگم","ناہید",2,"31 177"
"فیروزہ بیگم","نیلو",1,"104"
"فیروزہ بیگم","پرویز چٹھہ",4,"28 104 156 177"
"فیروزہ بیگم","ڈاکٹر جواد ساجد",1,"31"
"فیروزہ بیگم","ڈاکٹر طارق بن افتخار",1,"209"
"فیروزہ بیگم","ڈیڈی جی",1,"209"
"فیض احمد فیض","محمد خاں",2,"473 637"
"فیض احمد فیض","مسعود میاں",2,"583 637"
"فیض احمد فیض","مولوی طوطا",1,"548"
"فیض احمد فیض","پرویز چٹھہ",1,"108"
"فیض احمد فیض","ڈاکٹر صاحب (راشد لطیف ہسپتال)",1,"108"
"فیض احمد فیض","ڈاکٹر طارق بن افتخار",1,"108"
"فیض احمد فیض","ڈاکٹر فواد",1,"473"
"فیض احمد فیض","ڈاکٹر فیصل آبادی",1,"108"
"قاسم","قاضی شاہد خان",1,"300"
"قاسم","محمد حسین",1,"300"
"قاسم","محمد حسین (آرٹسٹ)",1,"300"
"قاسم","ٹھیکیدار محمد حسین",1,"300"
"قاسم","پرویز چٹھہ",1,"300"
"قاضی شاہد خان","محمد حسین",1,"300"
"قاضی شاہد خان","محمد حسین (آرٹسٹ)",1,"300"
"قاضی شاہد خان","ٹھیکیدار محمد حسین",1,"300"
"قاضی شاہد خان","پرویز چٹھہ",1,"300"
"قدرت اللہ شہاب","لالو",1,"86"
"قدرت اللہ شہاب","مبار",2,"86 613"
"قدرت اللہ شہاب","محمد حسین",2,"505 519"
"قدرت اللہ شہاب","محمد حسین (آرٹسٹ)",2,"505 519"
"قدرت اللہ شہاب","محمد خاں",14,"256 261 360 364 365 366 401 402 403 404 405 406 407 409"
"قدرت اللہ شہاب","محمد رفیق",3,"519 619 634"
"قدرت اللہ شہاب","محمودہ منظور زئی",1,"501"
"قدرت اللہ شہاب","مرجان",1,"261"
"قدرت اللہ شہاب","مسعود میاں",2,"505 550"
"قدرت اللہ شہاب","مفتی جی",17,"86 195 197 205 256 261 342 362 501 505 509 510 512 519 529 550 619"
"قدرت اللہ شہاب","ممتاز آپا",6,"195 197 261 505 509 510"
"قدرت اللہ شہاب","ممتاز مفتی",17,"86 195 197 205 256 261 342 362 501 505 509 510 512 519 529 550 619"
"قدرت اللہ شہاب","ناہید",1,"205"
"قدرت اللہ شہاب","نسرین بانو",1,"600"
"قدرت اللہ شہاب","نغمہ",1,"613"
"قدرت اللہ شہاب","نور الحسن",4,"360 364 409 420"
"قدرت اللہ شہاب","نینی",2,"600 613"
"قدرت اللہ شہاب","پروفیسر احمد رفیق اختر",1,"634"
"قدرت اللہ شہاب","پرویز چٹھہ",1,"86"
"قدرت اللہ شہاب","ڈاکٹر ایوب احمد خاں",1,"256"
"قدرت اللہ شہاب","ڈاکٹر صاحب (راشد لطیف ہسپتال)",3,"402 409 600"
"قدرت اللہ شہاب","ڈاکٹر فیصل آبادی",3,"402 409 600"
"قدرت اللہ شہاب","کشور",5,"362 364 401 402 405"
"قدرت اللہ شہاب","یوسف ظفر",1,"519"
"قمر ریکارڈسٹ","ماچھا جی",2,"112 162"
"قمر ریکارڈسٹ","محمد حسین",1,"162"
"قمر ریکارڈسٹ","محمد حسین (آرٹسٹ)",1,"162"
"قمر ریکارڈسٹ","محمد خاں",2,"6 162"
"قمر ریکارڈسٹ","محمد رفیق",1,"6"
"قمر ریکارڈسٹ","مفتی جی",2,"57 252"
"قمر ریکارڈسٹ","ممتاز آپا",3,"47 57 252"
"قمر ریکارڈسٹ","ممتاز مفتی",2,"57 252"
"قمر ریکارڈسٹ","موسیٰ",1,"55"
"قمر ریکارڈسٹ","مولوی طوطا",1,"55"
"قمر ریکارڈسٹ","پروفیسر آفتاب احمد",1,"75"
"قمر ریکارڈسٹ","پروفیسر محمد صادق",1,"75"
"قمر ریکارڈسٹ","پرویز چٹھہ",2,"112 156"
"قمر ریکارڈسٹ","ڈاکٹر شیخ عنایت اللہ",1,"75"
"قمر ریکارڈسٹ","ڈاکٹر صاحب (راشد لطیف ہسپتال)",1,"252"
"قمر ریکارڈسٹ","ڈاکٹر فیصل آبادی",1,"252"
"قمر ریکارڈسٹ","ڈیڈی جی",1,"162"
"لالو","مبار",1,"86"
"لالو","محمد حسین",1,"65"
"لالو","محمد حسین (آرٹسٹ)",1,"65"
"لالو","محمد خاں",2,"61 83"
"لالو","مفتی جی",3,"65 86 558"
"لالو","ممتاز آپا",2,"103 558"
"لالو","ممتاز مفتی",3,"65 86 558"
"لالو","موسیٰ",1,"78"
"لالو","ناہید",1,"81"
"لالو","نور الحسن",2,"98 157"
"لالو","پروفیسر محمد صادق",1,"61"
"لالو","پرویز چٹھہ",8,"61 64 83 86 98 103 154 157"
"لالو","ڈاکٹر ایوب احمد خاں",1,"83"
"لالو","ڈاکٹر جواد ساجد",1,"68"
"لالو","ڈاکٹر صاحب (راشد لطیف ہسپتال)",1,"78"
"لالو","ڈاکٹر طارق بن افتخار",1,"68"
"لالو","ڈاکٹر فیصل آبادی",1,"78"
"لالو","ڈاکٹر محمد صادق",1,"61"
"لالو","ڈیڈی جی",1,"81"
"لالو","کیتھی",1,"85"
"مارسیا","ماریہ",1,"423"
"مارسیا","محمد خاں",1,"423"
"مارسیا","کیتھی",1,"424"
"ماریہ","محمد خاں",2,"422 423"
"ماریہ","نور الحسن",1,"422"
"ماریہ","کیتھی",1,"422"
"ماچھا جی","محمد حسین",1,"162"
"ماچھا جی","محمد حسین (آرٹسٹ)",1,"162"
"ماچھا جی","محمد خاں",1,"162"
"ماچھا جی","محمودہ منظور زئی",2,"105 152"
"ماچھا جی","نیلو",1,"120"
"ماچھا جی","پرویز چٹھہ",4,"105 112 120 152"
"ماچھا جی","ڈیڈی جی",3,"152 162 166"
"مبار","محمد خاں",4,"89 116 208 395"
"مبار","محمودہ منظور زئی",1,"161"
"مبار","مسعود میاں",1,"607"
"مبار","مفتی جی",2,"86 453"
"مبار","ممتاز آپا",1,"427"
"مبار","ممتاز مفتی",2,"86 453"
"مبار","نغمہ",1,"613"
"مبار","نور الحسن",1,"395"
"مبار","نینی",1,"613"
"مبار","پرویز چٹھہ",4,"86 117 138 161"
"مبار","ڈاکٹر صاحب (راشد لطیف ہسپتال)",1,"116"
"مبار","ڈاکٹر فیصل آبادی",1,"116"
"مبار","ڈیڈی جی",1,"161"
"مبار","کامران",1,"453"
"مبار","کامران (بیٹا ضیاء الحق)",1,"453"
"مبار","کشمیری بابا",1,"453"
"محمد حسین","محمد حسین (آرٹسٹ)",11,"33 62 65 88 162 179 191 300 504 505 519"
"محمد حسین","محمد خاں",2,"33 162"
"محمد حسین","محمد رفیق",1,"519"
"محمد حسین","محمودہ منظور زئی",2,"33 179"
"محمد حسین","مسعود میاں",1,"505"
"محمد حسین","مفتی جی",7,"33 62 65 88 504 505 519"
"محمد حسین","ممتاز آپا",4,"62 88 504 505"
"محمد حسین","ممتاز مفتی",7,"33 62 65 88 504 505 519"
"محمد حسین","نیلو",1,"62"
"محمد حسین","ٹھیکیدار محمد حسین",1,"300"
"محمد حسین","پرویز چٹھہ",2,"33 300"
"محمد حسین","ڈاکٹر طارق بن افتخار",1,"33"
"محمد حسین","ڈیڈی جی",4,"33 62 162 179"
"محمد حسین","یوسف ظفر",1,"519"
"محمد حسین (آرٹسٹ)","محمد خاں",2,"33 162"
"محمد حسین (آرٹسٹ)","محمد رفیق",1,"519"
"محمد حسین (آرٹسٹ)","محمودہ منظور زئی",2,"33 179"
"محمد حسین (آرٹسٹ)","مسعود میاں",1,"505"
"محمد حسین (آرٹسٹ)","مفتی جی",7,"33 62 65 88 504 505 519"
"محمد حسین (آرٹسٹ)","ممتاز آپا",4,"62 88 504 505"
"محمد حسین (آرٹسٹ)","ممتاز مفتی",7,"33 62 65 88 504 505 519"
"محمد حسین (آرٹسٹ)","نیلو",1,"62"
"محمد حسین (آرٹسٹ)","ٹھیکیدار محمد حسین",1,"300"
"محمد حسین (آرٹسٹ)","پرویز چٹھہ",2,"33 300"
"محمد حسین (آرٹسٹ)","ڈاکٹر طارق بن افتخار",1,"33"
"محمد حسین (آرٹسٹ)","ڈیڈی جی",4,"33 62 162 179"
"محمد حسین (آرٹسٹ)","یوسف ظفر",1,"519"
"محمد خاں","محمد رفیق",2,"6 8"
"محمد خاں","محمودہ منظور زئی",3,"33 34 104"
"محمد خاں","مرجان",1,"261"
"محمد خاں","مسعود میاں",1,"637"
"محمد خاں","مفتی جی",3,"33 256 261"
"محمد خاں","ممتاز آپا",1,"261"
"محمد خاں","ممتاز مفتی",3,"33 256 261"
"محمد خاں","مولوی طوطا",2,"2 368"
"محمد خاں","ناہید",3,"31 206 580"
"محمد خاں","نصرت بیگم",1,"599"
"محمد خاں","نور الحسن",15,"8 11 14 276 286 360 364 367 385 390 391 395 409 422 635"
"محمد خاں","نیلو",1,"104"
"محمد خاں","پروفیسر آفتاب احمد",1,"22"
"محمد خاں","پروفیسر محمد صادق",1,"61"
"محمد خاں","پرویز چٹھہ",5,"33 61 83 104 111"
"محمد خاں","ڈاکٹر ایوب احمد خاں",6,"22 83 206 207 256 580"
"محمد خاں","ڈاکٹر جواد ساجد",1,"31"
"محمد خاں","ڈاکٹر صاحب (راشد لطیف ہسپتال)",14,"14 116 390 398 399 400 402 409 411 413 414 449 540 580"
"محمد خاں","ڈاکٹر طارق بن افتخار",3,"22 33 34"
"محمد خاں","ڈاکٹر عاطف گوہیر",1,"449"
"محمد خاں","ڈاکٹر فواد",1,"473"
"محمد خاں","ڈاکٹر فیصل آبادی",14,"14 116 390 398 399 400 402 409 411 413 414 449 540 580"
"محمد خاں","ڈاکٹر مارٹن",1,"168"
"محمد خاں","ڈاکٹر محمد صادق",1,"61"
"محمد خاں","ڈیڈی جی",5,"33 34 162 168 455"
"محمد خاں","کشور",5,"364 401 402 405 419"
"محمد خاں","کیتھی",2,"399 422"
"محمد رفیق","مسعود میاں",1,"610"
"محمد رفیق","مفتی جی",3,"519 619 625"
"محمد رفیق","ممتاز مفتی",3,"519 619 625"
"محمد رفیق","نسرین رشید",1,"611"
"محمد رفیق","نور الحسن",1,"8"
"محمد رفیق","نینی",1,"611"
"محمد رفیق","پروفیسر احمد رفیق اختر",4,"610 623 625 634"
"محمد رفیق","چودھری افضال احمد",2,"610 625"
"محمد رفیق","کامران",1,"311"
"محمد رفیق","کامران (بیٹا ضیاء الحق)",1,"311"
"محمد رفیق","یوسف ظفر",1,"519"
"محمودہ منظور زئی","مفتی جی",3,"33 501 528"
"محمودہ منظور زئی","ممتاز مفتی",3,"33 501 528"
"محمودہ منظور زئی","ناہید",3,"174 175 176"
"محمودہ منظور زئی","نسرین رشید",2,"174 175"
"محمودہ منظور زئی","نیلو",1,"104"
"محمودہ منظور زئی","پرویز چٹھہ",8,"33 90 104 105 152 161 175 176"
"محمودہ منظور زئی","ڈاکٹر طارق بن افتخار",2,"33 34"
"محمودہ منظور زئی","ڈیڈی جی",5,"33 34 152 161 179"
"مرجان","مفتی جی",1,"261"
"مرجان","ممتاز آپا",1,"261"
"مرجان","ممتاز مفتی",1,"261"
"مسعود میاں","مفتی جی",2,"505 550"
"مسعود میاں","ممتاز آپا",1,"505"
"مسعود میاں","ممتاز مفتی",2,"505 550"
"مسعود میاں","نور الحسن",1,"586"
"مسعود میاں","نینی",3,"615 616 618"
"مسعود میاں","پروفیسر احمد رفیق اختر",1,"610"
"مسعود میاں","چودھری افضال احمد",1,"610"
"مسعود میاں","ڈاکٹر صاحب (راشد لطیف ہسپتال)",2,"585 586"
"مسعود میاں","ڈاکٹر فیصل آبادی",2,"585 586"
"مسعود میاں","ہاروے",1,"618"
"مفتی جی","ممتاز آپا",30,"26 57 62 84 88 195 196 197 216 252 254 261 329 343 346 410 503 504 505 506 507 508 509 510 531 556 558 570 575 622"
"مفتی جی","ممتاز مفتی",67,"26 33 43 57 62 65 84 86 88 115 193 194 195 196 197 198 199 205 214 215 216 252 254 255 256 261 280 291 329 342 343 346 362 410 453 498 501 502 503 504 505 506 507 508 509 510 512 517 518 519 524 528 529 531 545 546 549 550 556 558 570 575 603 605 619 622 625"
"مفتی جی","مولوی طوطا",1,"556"
"مفتی جی","ناہید",3,"205 291 556"
"مفتی جی","نور الحسن",4,"214 291 603 605"
"مفتی جی","نیلو",1,"62"
"مفتی جی","پروفیسر آفتاب احمد",1,"280"
"مفتی جی","پروفیسر احمد رفیق اختر",1,"625"
"مفتی جی","پرویز چٹھہ",5,"26 33 84 86 215"
"مفتی جی","چودھری افضال احمد",1,"625"
"مفتی جی","ڈاکٹر ایوب احمد خاں",2,"255 256"
"مفتی جی","ڈاکٹر زبیر",1,"498"
"مفتی جی","ڈاکٹر صاحب (راشد لطیف ہسپتال)",3,"199 252 498"
"مفتی جی","ڈاکٹر طارق بن افتخار",2,"33 498"
"مفتی جی","ڈاکٹر فیصل آبادی",3,"199 252 498"
"مفتی جی","ڈاکٹر مارٹن",1,"216"
"مفتی جی","ڈیڈی جی",3,"33 62 346"
"مفتی جی","کامران",1,"453"
"مفتی جی","کامران (بیٹا ضیاء الحق)",1,"453"
"مفتی جی","کشمیری بابا",1,"453"
"مفتی جی","کشور",2,"215 362"
"مفتی جی","یوسف ظفر",1,"519"
"ممتاز آپا","ممتاز مفتی",30,"26 57 62 84 88 195 196 197 216 252 254 261 329 343 346 410 503 504 505 506 507 508 509 510 531 556 558 570 575 622"
"ممتاز آپا","مولوی طوطا",1,"556"
"ممتاز آپا","ناہید",1,"556"
"ممتاز آپا","نیلو",1,"62"
"ممتاز آپا","پرویز چٹھہ",3,"26 84 103"
"ممتاز آپا","ڈاکٹر صاحب (راشد لطیف ہسپتال)",1,"252"
"ممتاز آپا","ڈاکٹر فیصل آبادی",1,"252"
"ممتاز آپا","ڈاکٹر مارٹن",1,"216"
"ممتاز آپا","ڈیڈی جی",2,"62 346"
"ممتاز مفتی","مولوی طوطا",1,"556"
"ممتاز مفتی","ناہید",3,"205 291 556"
"ممتاز مفتی","نور الحسن",4,"214 291 603 605"
"ممتاز مفتی","نیلو",1,"62"
"ممتاز مفتی","پروفیسر آفتاب احمد",1,"280"
"ممتاز مفتی","پروفیسر احمد رفیق اختر",1,"625"
"ممتاز مفتی","پرویز چٹھہ",5,"26 33 84 86 215"
"ممتاز مفتی","چودھری افضال احمد",1,"625"
"ممتاز مفتی","ڈاکٹر ایوب احمد خاں",2,"255 256"
"ممتاز مفتی","ڈاکٹر زبیر",1,"498"
"ممتاز مفتی","ڈاکٹر صاحب (راشد لطیف ہسپتال)",3,"199 252 498"
"ممتاز مفتی","ڈاکٹر طارق بن افتخار",2,"33 498"
"ممتاز مفتی","ڈاکٹر فیصل آبادی",3,"199 252 498"
"ممتاز مفتی","ڈاکٹر مارٹن",1,"216"
"ممتاز مفتی","ڈیڈی جی",3,"33 62 346"
"ممتاز مفتی","کامران",1,"453"
"ممتاز مفتی","کامران (بیٹا ضیاء الحق)",1,"453"
"ممتاز مفتی","کشمیری بابا",1,"453"
"ممتاز مفتی","کشور",2,"215 362"
"ممتاز مفتی","یوسف ظفر",1,"519"
"موسیٰ","مولوی طوطا",1,"55"
"موسیٰ","پروفیسر محمد صادق",1,"79"
"موسیٰ","پرویز چٹھہ",1,"79"
"موسیٰ","پیر جی",1,"381"
"موسیٰ","ڈاکٹر صاحب (راشد لطیف ہسپتال)",2,"78 79"
"موسیٰ","ڈاکٹر فیصل آبادی",2,"78 79"
"موسیٰ","ڈاکٹر محمد صادق",1,"79"
"مولوی طوطا","ناہید",2,"44 556"
"مولوی طوطا","ڈاکٹر جواد ساجد",1,"481"
"مولوی طوطا","ڈاکٹر زبیر",1,"481"
"میاں تقی","پروفیسر محمد صادق",1,"218"
"میاں تقی","پرویز چٹھہ",2,"218 219"
"میاں تقی","ڈاکٹر محمد صادق",1,"218"
"میاں تقی","ڈیڈی جی",1,"219"
"ناہید","نسرین رشید",2,"174 175"
"ناہید","نور الحسن",1,"291"
"ناہید","پرویز چٹھہ",5,"163 171 175 176 177"
"ناہید","ڈاکٹر ایوب احمد خاں",6,"39 160 206 257 259 580"
"ناہید","ڈاکٹر جواد ساجد",1,"31"
"ناہید","ڈاکٹر حسنات احمد",2,"39 241"
"ناہید","ڈاکٹر حسنات احمد خاں",2,"39 241"
"ناہید","ڈاکٹر صاحب (راشد لطیف ہسپتال)",1,"580"
"ناہید","ڈاکٹر طارق بن افتخار",1,"39"
"ناہید","ڈاکٹر فیصل آبادی",1,"580"
"ناہید","ڈیڈی جی",3,"81 160 163"
"ناہید","کشور",1,"565"
"نسرین بانو","نینی",1,"600"
"نسرین بانو","ڈاکٹر صاحب (راشد لطیف ہسپتال)",1,"600"
"نسرین بانو","ڈاکٹر فیصل آبادی",1,"600"
"نسرین رشید","نینی",1,"611"
"نسرین رشید","پرویز چٹھہ",1,"175"
"نغمہ","نینی",2,"613 617"
"نغمہ","ہاروے",1,"617"
"نور الحسن","نینی",1,"602"
"نور الحسن","پرویز چٹھہ",2,"98 157"
"نور الحسن","ڈاکٹر صاحب (راشد لطیف ہسپتال)",4,"14 390 409 586"
"نور الحسن","ڈاکٹر فیصل آبادی",4,"14 390 409 586"
"نور الحسن","کشور",1,"364"
"نور الحسن","کیتھی",1,"422"
"نیلو","پرویز چٹھہ",3,"92 104 120"
"نیلو","ڈیڈی جی",1,"62"
"نینی","پیر آف مکھنڈ",1,"614"
"نینی","ڈاکٹر صاحب (راشد لطیف ہسپتال)",1,"600"
"نینی","ڈاکٹر فیصل آبادی",1,"600"
"نینی","ہاروے",2,"617 618"
"ٹھیکیدار محمد حسین","پرویز چٹھہ",1,"300"
"پروفیسر آفتاب احمد","پروفیسر محمد صادق",1,"75"
"پروفیسر آفتاب احمد","ڈاکٹر ایوب احمد خاں",1,"22"
"پروفیسر آفتاب احمد","ڈاکٹر شیخ عنایت اللہ",1,"75"
"پروفیسر آفتاب احمد","ڈاکٹر طارق بن افتخار",1,"22"
"پروفیسر احمد رفیق اختر","چودھری افضال احمد",2,"610 625"
"پروفیسر محمد صادق","پرویز چٹھہ",3,"61 79 218"
"پروفیسر محمد صادق","ڈاکٹر شیخ عنایت اللہ",1,"75"
"پروفیسر محمد صادق","ڈاکٹر صاحب (راشد لطیف ہسپتال)",1,"79"
"پروفیسر محمد صادق","ڈاکٹر فیصل آبادی",1,"79"
"پروفیسر محمد صادق","ڈاکٹر محمد صادق",4,"61 77 79 218"
"پرویز چٹھہ","ڈاکٹر ایوب احمد خاں",1,"83"
"پرویز چٹھہ","ڈاکٹر شیخ عنایت اللہ",1,"51"
"پرویز چٹھہ","ڈاکٹر صاحب (راشد لطیف ہسپتال)",2,"79 108"
"پرویز چٹھہ","ڈاکٹر طارق بن افتخار",2,"33 108"
"پرویز چٹھہ","ڈاکٹر فیصل آبادی",2,"79 108"
"پرویز چٹھہ","ڈاکٹر مارٹن",1,"169"
"پرویز چٹھہ","ڈاکٹر محمد صادق",3,"61 79 218"
"پرویز چٹھہ","ڈی کوثر",1,"114"
"پرویز چٹھہ","ڈیڈی جی",6,"33 152 155 161 163 219"
"پرویز چٹھہ","کشور",1,"215"
"ڈاکٹر ایوب احمد خاں","ڈاکٹر حسنات احمد",1,"39"
"ڈاکٹر ایوب احمد خاں","ڈاکٹر حسنات احمد خاں",1,"39"
"ڈاکٹر ایوب احمد خاں","ڈاکٹر صاحب (راشد لطیف ہسپتال)",1,"580"
"ڈاکٹر ایوب احمد خاں","ڈاکٹر طارق بن افتخار",2,"22 39"
"ڈاکٹر ایوب احمد خاں","ڈاکٹر فیصل آبادی",1,"580"
"ڈاکٹر ایوب احمد خاں","ڈیڈی جی",2,"25 160"
"ڈاکٹر بروچہ","ڈاکٹر صاحب (راشد لطیف ہسپتال)",1,"72"
"ڈاکٹر بروچہ","ڈاکٹر فیصل آبادی",1,"72"
"ڈاکٹر جواد ساجد","ڈاکٹر حسنات احمد",1,"242"
"ڈاکٹر جواد ساجد","ڈاکٹر حسنات احمد خاں",1,"242"
"ڈاکٹر جواد ساجد","ڈاکٹر زبیر",1,"481"
"ڈاکٹر جواد ساجد","ڈاکٹر طارق بن افتخار",1,"68"
"ڈاکٹر حسنات احمد","ڈاکٹر حسنات احمد خاں",3,"39 241 242"
"ڈاکٹر حسنات احمد","ڈاکٹر طارق بن افتخار",1,"39"
"ڈاکٹر حسنات احمد خاں","ڈاکٹر طارق بن افتخار",1,"39"
"ڈاکٹر زبیر","ڈاکٹر صاحب (راشد لطیف ہسپتال)",3,"460 498 590"
"ڈاکٹر زبیر","ڈاکٹر طارق بن افتخار",1,"498"
"ڈاکٹر زبیر","ڈاکٹر فواد",1,"460"
"ڈاکٹر زبیر","ڈاکٹر فیصل آبادی",3,"460 498 590"
"ڈاکٹر صاحب (راشد لطیف ہسپتال)","ڈاکٹر طارق بن افتخار",2,"108 498"
"ڈاکٹر صاحب (راشد لطیف ہسپتال)","ڈاکٹر عاطف گوہیر",2,"449 589"
"ڈاکٹر صاحب (راشد لطیف ہسپتال)","ڈاکٹر فواد",1,"460"
"ڈاکٹر صاحب (راشد لطیف ہسپتال)","ڈاکٹر فیصل آبادی",43,"14 72 78 79 108 116 186 187 188 189 199 252 350 377 390 398 399 400 402 409 411 413 414 415 416 417 449 460 476 480 498 499 540 580 585 586 587 588 589 590 592 600 621"
"ڈاکٹر صاحب (راشد لطیف ہسپتال)","ڈاکٹر محمد صادق",1,"79"
"ڈاکٹر صاحب (راشد لطیف ہسپتال)","کشور",1,"402"
"ڈاکٹر صاحب (راشد لطیف ہسپتال)","کیتھی",1,"399"
"ڈاکٹر طارق بن افتخار","ڈاکٹر فیصل آبادی",2,"108 498"
"ڈاکٹر طارق بن افتخار","ڈیڈی جی",4,"33 34 209 210"
"ڈاکٹر عاطف گوہیر","ڈاکٹر فیصل آبادی",2,"449 589"
"ڈاکٹر فواد","ڈاکٹر فیصل آبادی",1,"460"
"ڈاکٹر فیصل آبادی","ڈاکٹر محمد صادق",1,"79"
"ڈاکٹر فیصل آبادی","کشور",1,"402"
"ڈاکٹر فیصل آبادی","کیتھی",1,"399"
"ڈاکٹر مارٹن","ڈیڈی جی",2,"167 168"
"کامران","کامران (بیٹا ضیاء الحق)",3,"311 313 453"
"کامران","کشمیری بابا",1,"453"
"کامران (بیٹا ضیاء الحق)","کشمیری بابا",1,"453"
