Character_A,Character_B,Weight,Pages(centers),Pairs(pa:pb)
"آصف (کیڈٹ ساتھی)","آصف شاہ (پارٹی امیدوار)",14,"287 289 291 292 293 294 310 321 322 367 398 577","287:287 291:287 291:291 293:291 293:293 294:293 294:294 310:310 321:321 322:321 322:322 367:367 398:398 577:577"
"آصف (کیڈٹ ساتھی)","احمد شاہ",3,"366 367 398","367:366 367:367 398:398"
"آصف (کیڈٹ ساتھی)","اشرف",15,"284 287 289 292 293 294 308 310 320 321 322 576 577","287:282 287:287 291:287 291:293 293:293 294:293 294:295 310:307 310:310 321:320 321:321 322:321 322:322 577:576 577:577"
"آصف (کیڈٹ ساتھی)","اعجاز اعوان",24,"287 289 290 291 292 307 310 318 319 322 323 364 365 366 367 398 574 575 576 579","287:287 291:287 291:288 291:289 291:290 291:292 293:292 310:305 310:311 321:316 321:317 321:324 322:324 367:362 367:363 367:365 367:366 367:367 398:398 577:572 577:573 577:574 577:575 577:582"
"آصف (کیڈٹ ساتھی)","اقبال (کنیز کا بچہ/سکول جانے والا)",1,"395","398:393"
"آصف (کیڈٹ ساتھی)","امداد علی شاہ (محرر)",1,"579","577:582"
"آصف (کیڈٹ ساتھی)","ایوب اعوان",1,"310","310:310"
"آصف (کیڈٹ ساتھی)","برکت",8,"287 289 292 293 294 310 577","287:287 291:287 291:293 293:293 294:293 294:294 310:310 577:577"
"آصف (کیڈٹ ساتھی)","بریگیڈیئر کرّار (شعیب کا والد)",2,"286 576","287:286 577:575"
"آصف (کیڈٹ ساتھی)","تھانیدار / اے ایس آئی",1,"579","577:581"
"آصف (کیڈٹ ساتھی)","جمیلہ",4,"289 291 292 319","287:292 291:292 293:292 321:317"
"آصف (کیڈٹ ساتھی)","حسن (اعجاز/سکینہ کا بیٹا)",7,"288 290 311 318 319 575","287:290 291:290 310:313 321:316 321:317 577:573 577:574"
"آصف (کیڈٹ ساتھی)","حسین (اعجاز/سکینہ کا بیٹا)",4,"311 318 319 575","310:313 321:316 321:317 577:573"
"آصف (کیڈٹ ساتھی)","سراج گجر",2,"312 364","310:314 367:362"
"آصف (کیڈٹ ساتھی)","سلطان (پی۔او۔ڈبلیو ساتھی/دوست)",3,"576 577","577:575 577:576 577:577"
"آصف (کیڈٹ ساتھی)","سکینہ (اعجاز کی بیوی)",15,"287 289 290 291 292 311 318 319 323 324 364 365 368","287:287 291:287 291:288 291:289 291:290 291:292 293:292 310:313 321:316 321:318 321:326 322:326 367:362 367:363 367:369"
"آصف (کیڈٹ ساتھی)","سینئر انڈر آفیسر صبغت اللہ",1,"296","294:299"
"آصف (کیڈٹ ساتھی)","شعیب",22,"286 287 289 293 294 295 308 309 311 318 319 320 321 322 395 396 397 577","287:286 287:287 291:287 291:296 293:296 294:296 310:306 310:307 310:308 310:309 310:312 321:316 321:318 321:320 321:321 322:321 322:322 398:393 398:394 398:396 398:397 577:577"
"آصف (کیڈٹ ساتھی)","شوکت",5,"287 289 292 293","287:287 291:287 291:293 293:293 294:293"
"آصف (کیڈٹ ساتھی)","ظفر چوہدری",3,"576 577","577:575 577:576 577:577"
"آصف (کیڈٹ ساتھی)","عباس (چاچا احمد کا بیٹا)",8,"287 289 307 308 318 319 323","287:288 291:288 310:305 310:306 321:316 321:317 321:325 322:325"
"آصف (کیڈٹ ساتھی)","قائد (پارٹی بانی لیڈر)",21,"286 288 290 309 312 323 365 366 367 396 397 398 575 576 577","287:286 287:290 291:290 310:309 310:314 321:325 322:325 367:363 367:364 367:365 367:366 367:368 398:394 398:395 398:396 398:397 398:398 577:574 577:575 577:576 577:578"
"آصف (کیڈٹ ساتھی)","ماسی (سرفراز کی پرورش کرنے والی)",4,"289 291 292 319","287:292 291:292 293:292 321:317"
"آصف (کیڈٹ ساتھی)","ماسی مریم",4,"289 291 292 319","287:292 291:292 293:292 321:317"
"آصف (کیڈٹ ساتھی)","ملک جہانگیر اعوان (ایم ایل اے)",8,"288 290 364 365 366 399 574","287:289 291:289 291:290 367:362 367:363 367:365 398:401 577:572"
"آصف (کیڈٹ ساتھی)","ملک حمید",1,"579","577:581"
"آصف (کیڈٹ ساتھی)","منظور (اعجاز کا ورکر)",4,"366 367 398","367:365 367:366 367:367 398:398"
"آصف (کیڈٹ ساتھی)","میجر صدیق",1,"578","577:579"
"آصف (کیڈٹ ساتھی)","میجر/کیپٹن سرفراز اعوان",31,"287 289 290 291 292 307 308 309 310 318 319 320 321 322 369 395 396 397 574 575 576 577","287:287 291:287 291:288 291:289 291:292 293:292 310:305 310:306 310:307 310:308 310:309 310:310 321:316 321:317 321:318 321:319 321:320 321:321 322:321 322:322 367:371 398:393 398:394 398:396 398:397 577:572 577:573 577:574 577:575 577:576 577:577"
"آصف (کیڈٹ ساتھی)","نسیمہ (شعیب کی بہن)",16,"286 318 320 321 322 396 397 575 576 577","287:286 321:316 321:319 321:320 321:321 322:321 322:323 398:394 398:395 398:396 398:397 577:573 577:574 577:575 577:576 577:578"
"آصف (کیڈٹ ساتھی)","نصیر شیخ (پارٹی امیدوار)",2,"367 398","367:367 398:398"
"آصف (کیڈٹ ساتھی)","نمائر (کیمپ کا قیدی ساتھی)",2,"576 577","577:576 577:578"
"آصف (کیڈٹ ساتھی)","چاچا احمد خان راٹھور",12,"287 289 290 291 292 318 319 364 369 575","287:287 291:287 291:288 291:290 291:292 293:292 321:316 321:317 367:362 367:372 577:573 577:574"
"آصف (کیڈٹ ساتھی)","چوہدری ارشد (یونین رہنما)",1,"366","367:365"
"آصف (کیڈٹ ساتھی)","چوہدری اظہر (ایس ایچ او نور پور)",1,"579","577:581"
"آصف (کیڈٹ ساتھی)","چوہدری شدا",1,"366","367:366"
"آصف (کیڈٹ ساتھی)","کیپٹن اسد اللہ",2,"285 286","287:284 287:285"
"آصف (کیڈٹ ساتھی)","کیپٹن جمال",2,"284 286","287:282 287:286"
"آصف (کیڈٹ ساتھی)","کیپٹن دلاور",4,"311 321 322","310:312 321:321 322:321 322:322"
"آصف (کیڈٹ ساتھی)","کیڈٹ حبیب اللہ",2,"286","287:285 287:286"
"آصف (کیڈٹ ساتھی)","کیڈٹ مجید اللہ",2,"295","293:297 294:297"
"آصف (کیڈٹ ساتھی)","گل افروز خان",3,"287 289 368","287:288 291:288 367:369"
"آصف (کیڈٹ ساتھی)","یعقوب اعوان",3,"307 311 575","310:305 310:313 577:574"
"آصف شاہ (پارٹی امیدوار)","احمد شاہ",3,"366 367 398","367:366 367:367 398:398"
"آصف شاہ (پارٹی امیدوار)","اشرف",15,"284 287 289 292 293 294 308 310 320 321 322 576 577","287:282 287:287 291:287 291:293 293:293 294:293 294:295 310:307 310:310 321:320 321:321 322:321 322:322 577:576 577:577"
"آصف شاہ (پارٹی امیدوار)","اعجاز اعوان",24,"287 289 290 291 292 307 310 318 319 322 323 364 365 366 367 398 574 575 576 579","287:287 291:287 291:288 291:289 291:290 291:292 293:292 310:305 310:311 321:316 321:317 321:324 322:324 367:362 367:363 367:365 367:366 367:367 398:398 577:572 577:573 577:574 577:575 577:582"
"آصف شاہ (پارٹی امیدوار)","اقبال (کنیز کا بچہ/سکول جانے والا)",1,"395","398:393"
"آصف شاہ (پارٹی امیدوار)","امداد علی شاہ (محرر)",1,"579","577:582"
"آصف شاہ (پارٹی امیدوار)","ایوب اعوان",1,"310","310:310"
"آصف شاہ (پارٹی امیدوار)","برکت",8,"287 289 292 293 294 310 577","287:287 291:287 291:293 293:293 294:293 294:294 310:310 577:577"
"آصف شاہ (پارٹی امیدوار)","بریگیڈیئر کرّار (شعیب کا والد)",2,"286 576","287:286 577:575"
"آصف شاہ (پارٹی امیدوار)","تھانیدار / اے ایس آئی",1,"579","577:581"
"آصف شاہ (پارٹی امیدوار)","جمیلہ",4,"289 291 292 319","287:292 291:292 293:292 321:317"
"آصف شاہ (پارٹی امیدوار)","حسن (اعجاز/سکینہ کا بیٹا)",7,"288 290 311 318 319 575","287:290 291:290 310:313 321:316 321:317 577:573 577:574"
"آصف شاہ (پارٹی امیدوار)","حسین (اعجاز/سکینہ کا بیٹا)",4,"311 318 319 575","310:313 321:316 321:317 577:573"
"آصف شاہ (پارٹی امیدوار)","سراج گجر",2,"312 364","310:314 367:362"
"آصف شاہ (پارٹی امیدوار)","سلطان (پی۔او۔ڈبلیو ساتھی/دوست)",3,"576 577","577:575 577:576 577:577"
"آصف شاہ (پارٹی امیدوار)","سکینہ (اعجاز کی بیوی)",15,"287 289 290 291 292 311 318 319 323 324 364 365 368","287:287 291:287 291:288 291:289 291:290 291:292 293:292 310:313 321:316 321:318 321:326 322:326 367:362 367:363 367:369"
"آصف شاہ (پارٹی امیدوار)","سینئر انڈر آفیسر صبغت اللہ",1,"296","294:299"
"آصف شاہ (پارٹی امیدوار)","شعیب",22,"286 287 289 293 294 295 308 309 311 318 319 320 321 322 395 396 397 577","287:286 287:287 291:287 291:296 293:296 294:296 310:306 310:307 310:308 310:309 310:312 321:316 321:318 321:320 321:321 322:321 322:322 398:393 398:394 398:396 398:397 577:577"
"آصف شاہ (پارٹی امیدوار)","شوکت",5,"287 289 292 293","287:287 291:287 291:293 293:293 294:293"
"آصف شاہ (پارٹی امیدوار)","ظفر چوہدری",3,"576 577","577:575 577:576 577:577"
"آصف شاہ (پارٹی امیدوار)","عباس (چاچا احمد کا بیٹا)",8,"287 289 307 308 318 319 323","287:288 291:288 310:305 310:306 321:316 321:317 321:325 322:325"
"آصف شاہ (پارٹی امیدوار)","قائد (پارٹی بانی لیڈر)",21,"286 288 290 309 312 323 365 366 367 396 397 398 575 576 577","287:286 287:290 291:290 310:309 310:314 321:325 322:325 367:363 367:364 367:365 367:366 367:368 398:394 398:395 398:396 398:397 398:398 577:574 577:575 577:576 577:578"
"آصف شاہ (پارٹی امیدوار)","ماسی (سرفراز کی پرورش کرنے والی)",4,"289 291 292 319","287:292 291:292 293:292 321:317"
"آصف شاہ (پارٹی امیدوار)","ماسی مریم",4,"289 291 292 319","287:292 291:292 293:292 321:317"
"آصف شاہ (پارٹی امیدوار)","ملک جہانگیر اعوان (ایم ایل اے)",8,"288 290 364 365 366 399 574","287:289 291:289 291:290 367:362 367:363 367:365 398:401 577:572"
"آصف شاہ (پارٹی امیدوار)","ملک حمید",1,"579","577:581"
"آصف شاہ (پارٹی امیدوار)","منظور (اعجاز کا ورکر)",4,"366 367 398","367:365 367:366 367:367 398:398"
"آصف شاہ (پارٹی امیدوار)","میجر صدیق",1,"578","577:579"
"آصف شاہ (پارٹی امیدوار)","میجر/کیپٹن سرفراز اعوان",31,"287 289 290 291 292 307 308 309 310 318 319 320 321 322 369 395 396 397 574 575 576 577","287:287 291:287 291:288 291:289 291:292 293:292 310:305 310:306 310:307 310:308 310:309 310:310 321:316 321:317 321:318 321:319 321:320 321:321 322:321 322:322 367:371 398:393 398:394 398:396 398:397 577:572 577:573 577:574 577:575 577:576 577:577"
"آصف شاہ (پارٹی امیدوار)","نسیمہ (شعیب کی بہن)",16,"286 318 320 321 322 396 397 575 576 577","287:286 321:316 321:319 321:320 321:321 322:321 322:323 398:394 398:395 398:396 398:397 577:573 577:574 577:575 577:576 577:578"
"آصف شاہ (پارٹی امیدوار)","نصیر شیخ (پارٹی امیدوار)",2,"367 398","367:367 398:398"
"آصف شاہ (پارٹی امیدوار)","نمائر (کیمپ کا قیدی ساتھی)",2,"576 577","577:576 577:578"
"آصف شاہ (پارٹی امیدوار)","چاچا احمد خان راٹھور",12,"287 289 290 291 292 318 319 364 369 575","287:287 291:287 291:288 291:290 291:292 293:292 321:316 321:317 367:362 367:372 577:573 577:574"
"آصف شاہ (پارٹی امیدوار)","چوہدری ارشد (یونین رہنما)",1,"366","367:365"
"آصف شاہ (پارٹی امیدوار)","چوہدری اظہر (ایس ایچ او نور پور)",1,"579","577:581"
"آصف شاہ (پارٹی امیدوار)","چوہدری شدا",1,"366","367:366"
"آصف شاہ (پارٹی امیدوار)","کیپٹن اسد اللہ",2,"285 286","287:284 287:285"
"آصف شاہ (پارٹی امیدوار)","کیپٹن جمال",2,"284 286","287:282 287:286"
"آصف شاہ (پارٹی امیدوار)","کیپٹن دلاور",4,"311 321 322","310:312 321:321 322:321 322:322"
"آصف شاہ (پارٹی امیدوار)","کیڈٹ حبیب اللہ",2,"286","287:285 287:286"
"آصف شاہ (پارٹی امیدوار)","کیڈٹ مجید اللہ",2,"295","293:297 294:297"
"آصف شاہ (پارٹی امیدوار)","گل افروز خان",3,"287 289 368","287:288 291:288 367:369"
"آصف شاہ (پارٹی امیدوار)","یعقوب اعوان",3,"307 311 575","310:305 310:313 577:574"
"احمد شاہ","ادھم سنگھ",2,"459","457:461 458:461"
"احمد شاہ","ارشاد",8,"132 133 134 135 136 733","135:130 135:132 135:133 135:134 135:135 136:135 136:137 733:734"
"احمد شاہ","اشرف",2,"330 733","329:331 733:733"
"احمد شاہ","اعجاز اعوان",158,"132 133 134 135 136 199 200 201 208 209 210 211 212 217 218 219 220 229 230 231 232 233 234 245 246 247 249 250 251 252 261 262 263 264 326 327 328 329 363 364 365 366 367 378 379 380 381 383 384 385 386 387 398 399 400 401 402 403 410 411 412 413 414 415 416 417 418 419 427 441 442 451 452 453 454 455 456 457 458 481 482 484 488 491 492 510 511 512 515 516 517 621 623 626 627 628 629 630 632 633 634 635 637 638 666 732 733 788 789 790 791","135:130 135:131 135:132 135:133 135:134 135:135 136:135 136:136 202:197 202:198 202:199 202:200 206:211 207:211 208:211 209:211 210:211 212:211 212:213 220:215 220:216 220:217 220:218 220:219 220:221 231:228 231:229 231:230 231:231 234:231 234:232 234:233 234:234 248:243 248:244 248:245 248:246 248:247 248:251 249:251 250:251 252:251 252:253 264:259 264:261 264:263 264:264 329:324 329:325 329:326 329:327 329:328 329:329 366:361 366:362 366:363 366:365 366:366 367:366 367:367 381:376 381:377 381:378 381:379 381:381 386:381 386:382 386:383 386:384 386:385 386:386 387:386 387:387 398:398 399:398 399:399 401:399 401:400 401:401 402:401 402:402 403:402 403:404 413:408 413:409 413:410 413:411 413:412 413:413 415:413 415:414 415:415 417:415 417:416 417:417 418:417 418:418 419:418 419:419 427:428 442:440 442:442 454:449 454:450 454:451 454:452 454:453 454:454 455:454 455:455 457:455 457:456 457:458 458:458 484:479 484:480 484:484 485:484 486:491 492:491 492:493 513:508 513:509 513:510 513:512 513:518 514:518 515:518 516:518 624:619 624:622 624:623 624:629 625:629 626:629 627:629 628:629 630:629 630:630 635:630 635:631 635:632 635:633 635:635 636:635 636:638 637:638 638:638 665:668 733:731 733:732 733:733 791:786 791:787 791:788 791:789 791:790 791:792"
"احمد شاہ","اقبال (کنیز کا بچہ/سکول جانے والا)",2,"395 733","398:393 733:733"
"احمد شاہ","الیاس کمہار",2,"245 246","248:243 248:244"
"احمد شاہ","امداد علی شاہ (محرر)",3,"135 136","135:135 136:135 136:136"
"احمد شاہ","این سی او گل نواز",2,"513","513:513 514:513"
"احمد شاہ","ایوب اعوان",10,"135 136 214 218 233 235 405 410 621 733","135:136 136:136 212:217 220:217 231:236 234:236 403:408 413:408 624:619 733:733"
"احمد شاہ","باجوہ (تھرڈ ایئر والنٹیر)",4,"203 204","202:204 203:204 204:204 205:204"
"احمد شاہ","بدیع الزمان",27,"493 516 517 622 623 624 625 627 628 629 630 632 633 635 636 637 638 662 663 665","492:495 514:519 515:519 516:519 624:621 624:622 624:623 624:625 625:625 626:625 626:629 627:629 628:629 630:629 630:630 635:630 635:632 635:635 636:635 636:636 637:636 637:637 638:637 638:638 662:662 665:662 665:665"
"احمد شاہ","برکت",1,"331","329:333"
"احمد شاہ","بلال مسیح موچی",1,"261","264:259"
"احمد شاہ","بکتو (کو چوہے کی بیوی)",1,"261","264:259"
"احمد شاہ","بی اے چوہدری (بشیر ارائیں کے نئے نام کا سیاسی روپ)",4,"453 457 458 459","454:452 455:460 457:460 458:460"
"احمد شاہ","بی بی (گھر کی بزرگ عورت/لالے کی ساتھی)",27,"214 218 230 231 232 233 234 245 246 247 249 250 251 252 261 363 412 417 418 419 429 492 789","212:216 220:216 231:230 231:231 234:231 234:232 234:233 234:234 248:243 248:244 248:245 248:246 248:251 249:251 250:251 252:251 252:253 264:259 366:361 413:412 415:420 417:420 418:420 419:420 427:431 492:493 791:787"
"احمد شاہ","تھانیدار / اے ایس آئی",3,"135 136 453","135:136 136:136 454:453"
"احمد شاہ","جمیلہ",2,"329 621","329:330 624:619"
"احمد شاہ","جونیئر وکیل (خواجہ معراج کا شاگرد)",8,"623 629 630 631 633 663 664 666","624:622 627:632 628:632 630:632 635:632 662:664 665:664 665:668"
"احمد شاہ","جیرا (نانبائی کا لڑکا)",11,"204 205 206 207 208 209","202:206 203:206 204:206 205:206 206:206 207:206 207:207 208:207 208:209 209:209 210:209"
"احمد شاہ","حاجی ذوالفقار",3,"513 514","513:514 514:514 515:514"
"احمد شاہ","حاجی وسیم بخش (منیجنگ ڈائریکٹر)",1,"518","516:521"
"احمد شاہ","حاجی کریم بخش (چیئرمین ازمیر گھی انڈسٹریز)",4,"518 624 666","516:521 624:624 625:624 665:668"
"احمد شاہ","حسن (اعجاز/سکینہ کا بیٹا)",18,"208 209 210 211 214 218 254 329 363 379 412 429 441 482 493 733","206:211 207:211 208:211 209:211 210:211 212:211 212:216 220:216 252:257 329:329 366:361 381:378 413:411 427:431 442:440 484:480 492:494 733:733"
"احمد شاہ","حسین (اعجاز/سکینہ کا بیٹا)",56,"202 203 204 205 206 207 208 209 210 211 212 220 231 232 248 249 251 252 329 388 389 429 441 482 493 623 624 625 627 628 629 638 639 659 660 661 662 664 665 733","202:202 203:202 203:203 204:203 204:205 205:205 206:205 206:206 207:206 207:207 208:207 208:208 209:208 209:209 210:209 210:210 212:210 212:211 212:212 220:220 231:231 234:231 248:248 249:248 249:249 250:249 250:252 252:252 329:330 386:391 387:391 427:431 442:440 484:480 492:494 624:623 624:624 625:624 625:625 626:625 626:628 627:628 628:628 630:628 636:641 637:641 638:641 662:657 662:659 662:660 662:661 662:663 665:663 665:664 665:665 733:733"
"احمد شاہ","خدابخش ارائیں",1,"263","264:262"
"احمد شاہ","خواجہ معراج الدین",16,"623 626 627 628 629 632 635 637 638 663 664 667","624:623 624:629 625:629 626:629 627:629 628:629 630:629 630:635 635:635 636:635 636:638 637:638 638:638 662:664 665:664 665:669"
"احمد شاہ","ذوالقرنین نقوی",10,"203 204 638 639 659 660","202:204 203:204 204:204 205:204 636:641 637:641 638:641 662:657 662:658 662:659"
"احمد شاہ","رابعہ",1,"134","135:133"
"احمد شاہ","رحمت چوہان",1,"254","252:257"
"احمد شاہ","ریاض (سرفراز کا ڈرائیور)",5,"133 452 454 735","135:131 454:450 454:454 455:454 733:738"
"احمد شاہ","زور آور (گھوڑا)",8,"207 208 209 210 211 788","205:210 206:210 207:210 208:210 209:210 210:210 212:210 791:786"
"احمد شاہ","زینب (یعقوب کی بیوی)",1,"791","791:792"
"احمد شاہ","سائیں جلا",3,"245 789 790","248:243 791:788 791:789"
"احمد شاہ","سراج گجر",8,"363 364 411 412 511 667 733","366:361 366:362 413:409 413:410 413:412 513:510 665:669 733:733"
"احمد شاہ","سردار فلمبند خان",5,"413 414 484 485","413:414 415:414 484:485 485:485 486:485"
"احمد شاہ","سرداراں دائی",1,"363","366:361"
"احمد شاہ","سلطان (پی۔او۔ڈبلیو ساتھی/دوست)",11,"485 486 489 490 512 513 514 515","484:486 485:486 486:486 492:487 492:488 513:511 513:513 514:513 514:515 515:515 516:515"
"احمد شاہ","سلیم",42,"202 203 204 205 206 207 208 209 220 231 232 248 249 250 251 420 421 425 622 623 632 635 637 638 662 663 664 665 732","202:202 203:202 203:203 204:203 204:204 205:204 205:205 206:205 206:206 207:206 207:207 208:207 208:208 209:208 209:209 210:209 220:220 231:231 234:231 248:248 249:248 249:249 250:249 250:250 252:250 418:423 419:423 427:423 624:621 624:622 630:635 635:635 636:635 636:638 637:638 638:638 662:662 665:662 665:663 665:664 665:665 733:731"
"احمد شاہ","سکینہ (اعجاز کی بیوی)",49,"133 134 201 208 209 210 211 212 217 218 264 327 328 329 363 364 367 368 382 385 404 405 414 415 416 417 419 428 441 452 482 488 491 492 621 628 629 630 633 732","135:131 135:133 202:200 206:211 207:211 208:211 209:211 210:211 212:211 212:213 220:215 220:216 264:264 329:326 329:327 329:328 329:329 366:361 366:362 366:363 366:369 367:369 381:384 386:384 386:385 402:407 403:407 413:415 415:415 417:415 417:416 417:417 418:417 418:420 419:420 427:430 442:440 454:451 484:480 486:491 492:491 492:493 624:619 626:631 627:631 628:631 630:631 635:631 733:732"
"احمد شاہ","سیکنڈ لفٹننٹ امتیاز",3,"485 486","484:486 485:486 486:486"
"احمد شاہ","شعیب",11,"326 327 328 329 388 389 395 396 397","329:324 329:325 329:326 329:328 329:329 386:391 387:391 398:393 398:394 398:396 398:397"
"احمد شاہ","شہلا رضوی",1,"735","733:737"
"احمد شاہ","عامر محمود (چیف کیمسٹ)",6,"518 637 638 639 659","516:521 635:640 636:640 637:640 638:640 662:657"
"احمد شاہ","عباس (چاچا احمد کا بیٹا)",17,"231 233 236 245 246 247 249 250 251 253 327 429 788 789","231:232 234:232 234:238 248:243 248:245 248:246 248:247 248:251 249:251 250:251 252:251 252:255 329:325 427:432 791:786 791:787 791:788"
"احمد شاہ","عمران (ہوسٹل ساتھی)",13,"203 204 205 419 420 424 439 440 511","202:205 203:205 204:205 205:205 206:205 417:421 418:421 419:421 427:422 442:437 442:438 442:439 513:510"
"احمد شاہ","غلام حسین",27,"202 203 204 205 206 207 208 209 210 211 212 220 231 232 248 249 251 252","202:202 203:202 203:203 204:203 204:205 205:205 206:205 206:206 207:206 207:207 208:207 208:208 209:208 209:209 210:209 210:210 212:210 212:212 220:220 231:231 234:231 248:248 249:248 249:249 250:249 250:252 252:252"
"احمد شاہ","فرخ غوری",1,"732","733:731"
"احمد شاہ","فضلے",1,"483","484:483"
"احمد شاہ","قائد (پارٹی بانی لیڈر)",106,"132 133 136 137 209 210 211 212 220 228 230 235 246 248 249 250 251 264 327 363 364 365 366 367 379 380 381 383 385 386 387 396 397 398 399 400 401 402 403 411 412 415 416 417 418 419 428 443 453 454 455 456 459 481 482 483 486 487 490 494 510 512 517 518 623 625 626 627 628 629 632 635 637 638 660 663 664 667 732 734 791","135:130 135:132 135:138 136:138 207:212 208:212 209:212 210:212 212:212 220:220 231:226 231:229 234:237 248:245 248:248 249:248 249:249 250:249 250:250 252:250 264:264 329:325 366:361 366:363 366:364 366:365 366:366 367:366 367:368 381:378 381:379 381:381 386:381 386:385 386:386 387:386 387:387 398:394 398:395 398:396 398:397 398:398 399:398 399:399 401:399 401:401 402:401 402:402 403:402 403:403 413:410 413:411 413:417 415:417 417:417 418:417 418:418 419:418 419:419 427:429 442:445 454:452 454:453 454:454 455:454 455:455 457:455 457:461 458:461 484:479 484:481 484:482 484:488 485:488 486:488 492:488 492:489 492:496 513:508 513:511 515:520 516:520 624:623 624:626 625:626 626:626 627:626 627:627 628:627 628:628 630:628 630:629 630:635 635:635 636:635 636:638 637:638 638:638 662:658 662:659 662:664 665:664 665:669 733:731 733:736 791:791"
"احمد شاہ","قمر الاسلام",3,"459 481","457:461 458:461 484:479"
"احمد شاہ","لیفٹیننٹ کرنل اسلام الدین",4,"132 135 136 733","135:130 135:136 136:136 733:733"
"احمد شاہ","ماسی (سرفراز کی پرورش کرنے والی)",12,"133 134 245 247 254 628 629 630 633 634","135:131 135:133 248:243 248:246 252:257 626:631 627:631 628:631 630:631 635:631 635:633 635:634"
"احمد شاہ","ماسی مریم",12,"133 134 245 247 254 628 629 630 633 634","135:131 135:133 248:243 248:246 252:257 626:631 627:631 628:631 630:631 635:631 635:633 635:634"
"احمد شاہ","محمد نواز چیمہ",2,"386 387","386:387 387:387"
"احمد شاہ","مرزا عبد الرشید",3,"459 493","457:461 458:461 492:495"
"احمد شاہ","معین الدین شاہ",11,"518 624 625 626 627 628 629","516:521 624:624 625:624 625:625 626:625 626:626 627:626 627:627 628:627 628:628 630:628"
"احمد شاہ","ملک جہانگیر اعوان (ایم ایل اے)",52,"138 200 221 230 231 233 235 246 247 252 253 264 363 364 365 378 379 380 383 386 399 400 401 402 404 410 411 412 415 416 417 418 419 494 510 511 512 517 518 621 630 631 634","136:141 202:199 220:222 231:229 231:230 231:232 234:232 234:236 248:245 248:246 250:255 252:255 264:264 366:361 366:362 366:363 366:365 381:376 381:377 381:378 381:379 381:386 386:386 387:386 398:401 399:401 401:401 402:401 402:402 403:402 403:406 413:408 413:409 413:410 413:412 413:417 415:417 417:417 418:417 418:419 419:419 492:497 513:508 513:509 513:510 513:512 515:520 516:520 624:619 628:633 630:633 635:633"
"احمد شاہ","ملک حمید",4,"236 246 265 791","234:238 248:245 264:266 791:791"
"احمد شاہ","ملک رشید (ملک حمید کا بھائی)",5,"135 136 459 460","135:135 136:135 136:136 457:462 458:462"
"احمد شاہ","ملک لطیف",1,"791","791:791"
"احمد شاہ","منشی کریم شاہ",6,"252 253 264 403 404","250:255 252:255 264:264 401:406 402:406 403:406"
"احمد شاہ","منظور (اعجاز کا ورکر)",31,"365 366 367 379 383 385 386 387 398 412 413 414 416 417 442 451 452 453 454 455 456 460 488 491 493","366:365 366:366 367:366 367:367 381:377 381:385 386:385 386:387 387:387 398:398 399:398 413:411 413:412 413:413 415:413 415:417 417:417 418:417 442:442 454:449 454:450 454:451 454:452 454:455 455:455 457:455 457:456 458:463 486:491 492:491 492:494"
"احمد شاہ","منیر میکنک",1,"482","484:480"
"احمد شاہ","میاں انتظار حسین (ایڈووکیٹ ہائی کورٹ)",26,"442 622 623 624 625 627 628 629 631 633 635 637 638 659 661 662 664 665 732","442:442 624:621 624:622 624:624 625:624 625:625 626:625 626:628 627:628 628:628 630:628 630:632 635:632 635:635 636:635 636:639 637:639 638:639 662:657 662:660 662:661 662:663 665:663 665:664 665:666 733:731"
"احمد شاہ","میجر صدیق",5,"426 482 483 492","427:426 484:481 484:482 484:483 492:492"
"احمد شاہ","میجر قدیر (ازمیر مل کا ایڈمن افسر)",1,"518","516:521"
"احمد شاہ","میجر/کیپٹن سرفراز اعوان",88,"133 202 203 204 205 206 207 208 209 210 211 212 217 218 220 231 232 236 247 248 249 250 251 252 264 326 327 328 329 368 369 380 388 389 395 396 397 403 404 417 418 419 424 425 427 439 440 441 456 457 458 483 484 486 489 510 511 512 515 516 517 732 734 788 789 790 791","135:131 202:202 203:202 203:204 204:204 205:204 205:205 206:205 206:207 207:207 208:207 208:208 209:208 209:209 210:209 210:211 212:211 212:212 220:215 220:216 220:220 231:231 234:231 234:238 248:247 248:249 249:249 250:249 250:250 252:250 252:252 264:264 329:324 329:325 329:326 329:327 329:328 329:330 366:371 367:371 381:380 386:391 387:391 398:393 398:394 398:396 398:397 401:405 402:405 403:405 415:420 417:420 418:420 419:420 427:422 427:423 427:424 427:428 442:437 442:438 442:439 442:441 454:458 455:458 457:458 458:458 484:483 484:484 485:484 485:487 486:487 492:487 513:508 513:509 513:510 513:511 513:518 514:518 515:518 516:518 733:732 733:736 791:786 791:787 791:788 791:789 791:790 791:791"
"احمد شاہ","نامعلوم مزدور عورت (ملک حمید/لطیف کا تعلق)",18,"132 134 135 136 208 209 210 211 213 217 218 417 418 419 788","135:130 135:134 135:136 136:136 206:211 207:211 208:211 209:211 210:211 212:211 212:215 220:215 220:217 415:420 417:420 418:420 419:420 791:786"
"احمد شاہ","نانبائی (او جھری والا)",13,"203 204 205 206 207 208 209","202:205 203:205 204:205 205:205 206:205 206:206 207:206 207:207 208:207 208:208 209:208 209:209 210:209"
"احمد شاہ","نسرین",11,"214 218 249 250 251 331 404 405 412 788","212:217 220:217 248:250 249:250 250:250 252:250 329:334 402:407 403:407 413:412 791:786"
"احمد شاہ","نسیمہ (شعیب کی بہن)",18,"326 328 329 388 389 396 397 417 418 419 484 486 489","329:324 329:328 329:329 386:391 387:391 398:394 398:395 398:396 398:397 415:420 417:420 418:420 419:420 484:484 485:484 485:487 486:487 492:487"
"احمد شاہ","نصیر شیخ (پارٹی امیدوار)",4,"366 367 398","366:367 367:367 398:398 399:398"
"احمد شاہ","نمائر (کیمپ کا قیدی ساتھی)",1,"482","484:481"
"احمد شاہ","وسیم بھائی (بدیع الزمان کا سالا/قرض خواہ)",16,"135 136 380 383 386 420 421 425 625 626 627 791","135:136 136:136 381:380 381:386 386:386 387:386 418:423 419:423 427:423 624:626 625:626 626:626 627:626 627:627 628:627 791:792"
"احمد شاہ","پروفیسر میر صاحب",5,"221 248 249","220:222 248:248 249:248 249:249 250:249"
"احمد شاہ","پیر حمید الدین بلال شاہ (مرشد بلال پور شریف)",1,"791","791:791"
"احمد شاہ","چاچا احمد خان راٹھور",62,"133 134 199 200 201 202 203 204 205 206 207 208 209 210 211 212 218 219 220 231 232 234 245 246 247 248 249 250 251 252 263 364 369 383 385 405 410 429 442 492 512 621 630 631 634 733 789","135:131 135:133 202:197 202:198 202:199 202:200 202:202 203:202 203:203 204:203 204:204 205:204 205:205 206:205 206:206 207:206 207:207 208:207 208:208 209:208 209:209 210:209 210:210 212:210 212:212 220:216 220:217 220:218 220:220 231:231 234:231 234:234 248:243 248:244 248:245 248:246 248:248 249:248 249:249 250:249 250:250 252:250 252:252 264:262 264:263 366:362 367:372 381:385 386:385 403:408 413:408 427:432 442:443 492:493 513:512 624:619 628:633 630:633 635:633 635:634 733:734 791:787"
"احمد شاہ","چوہدری ارشد (یونین رہنما)",1,"365","366:365"
"احمد شاہ","چوہدری اظہر (ایس ایچ او نور پور)",4,"135 136 452 453","135:136 136:136 454:450 454:453"
"احمد شاہ","چوہدری اللہ داد خان",1,"254","252:257"
"احمد شاہ","چوہدری شدا",2,"366","366:366 367:366"
"احمد شاہ","ڈاکٹر (کریم بخش کا بیٹا)",20,"133 214 218 454 455 456 511 512 517 518 623 629 630 631 633 636 637","135:131 212:217 220:217 454:455 455:455 457:455 513:509 513:510 513:512 515:520 516:520 624:623 627:632 628:632 630:632 635:632 635:637 636:637 637:637 638:637"
"احمد شاہ","ڈاکٹر احسان الحق (پُل کھنگر)",3,"511 517 518","513:510 515:520 516:520"
"احمد شاہ","ڈاکٹر خدابخش کھوکھر (چیف کیمسٹ)",2,"518 659","516:521 662:657"
"احمد شاہ","کامران خان (جواں سال کیمسٹ)",1,"661","662:660"
"احمد شاہ","کریم راٹھور",7,"264 512 624 666 788 789","264:264 513:512 624:624 625:624 665:668 791:786 791:787"
"احمد شاہ","کنیز",14,"132 133 134 135 136 200 201 214 218 382 384","135:130 135:132 135:133 135:134 135:135 136:135 136:137 202:199 202:200 212:216 220:216 220:217 381:383 386:383"
"احمد شاہ","کیپٹن دلاور",1,"330","329:331"
"احمد شاہ","گل افروز خان",10,"262 263 367 368 382 385 414 415 416","264:261 264:262 264:263 366:369 367:369 381:384 386:384 413:416 415:416 417:416"
"احمد شاہ","یعقوب اعوان",8,"232 234 383 385 428 492 789 791","231:234 234:234 381:385 386:385 427:430 492:493 791:787 791:792"
"ادھم سنگھ","اعجاز اعوان",7,"25 26 32 458 459 460 461","28:23 28:24 30:35 461:456 461:458 461:460 461:461"
"ادھم سنگھ","ایوب اعوان",4,"27 28","28:26 28:27 28:28 29:28"
"ادھم سنگھ","بھگت سنگھ",6,"27 28 29 30","28:27 28:28 29:28 29:29 30:29 30:30"
"ادھم سنگھ","بی اے چوہدری (بشیر ارائیں کے نئے نام کا سیاسی روپ)",1,"460","461:460"
"ادھم سنگھ","جسونت سنگھ",3,"28 29","28:29 29:29 30:29"
"ادھم سنگھ","جگت سنگھ",5,"27 28 30 31","28:27 28:28 29:28 29:32 30:32"
"ادھم سنگھ","دتو میراثی",2,"28","28:28 29:28"
"ادھم سنگھ","سکینہ (اعجاز کی بیوی)",1,"25","28:23"
"ادھم سنگھ","قائد (پارٹی بانی لیڈر)",3,"31 32 461","29:34 30:34 461:461"
"ادھم سنگھ","قمر الاسلام",1,"461","461:461"
"ادھم سنگھ","ماسی (سرفراز کی پرورش کرنے والی)",2,"25 26","28:23 28:24"
"ادھم سنگھ","ماسی مریم",2,"25 26","28:23 28:24"
"ادھم سنگھ","مرزا عبد الرشید",1,"461","461:461"
"ادھم سنگھ","ملک رشید (ملک حمید کا بھائی)",1,"461","461:462"
"ادھم سنگھ","منظور (اعجاز کا ورکر)",2,"458 462","461:456 461:463"
"ادھم سنگھ","میجر/کیپٹن سرفراز اعوان",7,"25 26 30 31 459 460","28:23 28:24 28:33 29:33 30:33 461:458 461:459"
"ادھم سنگھ","نامعلوم مزدور عورت (ملک حمید/لطیف کا تعلق)",2,"31 32","29:34 30:34"
"ادھم سنگھ","نسرین",5,"28 29 32","28:28 29:28 29:29 30:29 30:34"
"ادھم سنگھ","وسیم بھائی (بدیع الزمان کا سالا/قرض خواہ)",4,"27 28 32","28:26 28:28 29:28 30:35"
"ادھم سنگھ","پیر حمید الدین بلال شاہ (مرشد بلال پور شریف)",2,"31 32","29:34 30:34"
"ادھم سنگھ","چاچا احمد خان راٹھور",1,"25","28:23"
"ادھم سنگھ","ڈاکٹر (کریم بخش کا بیٹا)",1,"462","461:464"
"ادھم سنگھ","کلونت کور",3,"27 28","28:27 28:28 29:28"
"ادھم سنگھ","کنیز",1,"463","461:465"
"ادھم سنگھ","کیپٹن اسرار",2,"31 32","29:34 30:34"
"ادھم سنگھ","یعقوب اعوان",7,"26 27 28 30 31","28:24 28:26 28:27 28:28 29:28 29:32 30:32"
"ارجن سنگھ","اعجاز اعوان",10,"47 48 49 50 71 72 74","48:46 48:48 49:48 49:49 50:49 50:50 74:69 74:70 74:71 74:75"
"ارجن سنگھ","ایوب اعوان",4,"45 46 47","48:43 48:44 48:45 48:46"
"ارجن سنگھ","بھگت سنگھ",11,"45 46 47 48 49 50 72 73 74","48:43 48:44 48:47 48:48 49:48 49:49 50:49 50:51 74:71 74:73 74:74"
"ارجن سنگھ","بی بی (گھر کی بزرگ عورت/لالے کی ساتھی)",2,"71 74","74:69 74:74"
"ارجن سنگھ","بے انت سنگھ",1,"45","48:43"
"ارجن سنگھ","جسونت سنگھ",2,"47 74","48:47 74:74"
"ارجن سنگھ","جگت سنگھ",6,"45 48 49 50 73","48:43 48:49 49:49 50:49 50:51 74:73"
"ارجن سنگھ","حسین (اعجاز/سکینہ کا بیٹا)",1,"76","74:79"
"ارجن سنگھ","رنگیلی (یعقوب کی گھوڑی)",1,"46","48:45"
"ارجن سنگھ","زور آور (گھوڑا)",4,"48 49","48:48 49:48 49:49 50:49"
"ارجن سنگھ","زینب (یعقوب کی بیوی)",10,"46 47 48 49 50 72 73 74","48:45 48:46 48:47 48:48 49:48 49:50 50:50 74:71 74:73 74:74"
"ارجن سنگھ","سندر سنگھ",4,"48 49 50","48:49 49:49 50:49 50:50"
"ارجن سنگھ","سکینہ (اعجاز کی بیوی)",3,"71 72 74","74:69 74:71 74:75"
"ارجن سنگھ","شیر بہادر اعوان",2,"72 73","74:70 74:72"
"ارجن سنگھ","شیشے والا سالا (بدیع الزمان کا دوسرا قرض خواہ)",1,"73","74:72"
"ارجن سنگھ","علی بہادر",1,"73","74:72"
"ارجن سنگھ","فضلے",3,"50 51","48:52 49:52 50:52"
"ارجن سنگھ","فلک شیر اعوان",1,"72","74:70"
"ارجن سنگھ","قائد (پارٹی بانی لیڈر)",1,"73","74:72"
"ارجن سنگھ","ماسی (سرفراز کی پرورش کرنے والی)",2,"72 74","74:71 74:74"
"ارجن سنگھ","ماسی مریم",2,"72 74","74:71 74:74"
"ارجن سنگھ","منظور (اعجاز کا ورکر)",1,"73","74:73"
"ارجن سنگھ","میجر/کیپٹن سرفراز اعوان",4,"71 72 74","74:69 74:70 74:71 74:74"
"ارجن سنگھ","نامعلوم مزدور عورت (ملک حمید/لطیف کا تعلق)",4,"47 49 50","48:47 48:51 49:51 50:51"
"ارجن سنگھ","نسرین",5,"46 47 49 50","48:44 48:46 48:51 49:51 50:51"
"ارجن سنگھ","نیلی (بھینس)",2,"48","48:48 49:48"
"ارجن سنگھ","وسیم بھائی (بدیع الزمان کا سالا/قرض خواہ)",3,"48 74","48:48 49:48 74:74"
"ارجن سنگھ","چاچا احمد خان راٹھور",4,"48 49 75","48:49 49:49 50:49 74:76"
"ارجن سنگھ","چنبیلی (گھوڑی)",3,"46 48","48:45 48:48 49:48"
"ارجن سنگھ","ڈاکٹر (کریم بخش کا بیٹا)",3,"50 51","48:52 49:52 50:52"
"ارجن سنگھ","کلونت کور",4,"45 50 51","48:43 48:53 49:53 50:53"
"ارجن سنگھ","یعقوب اعوان",15,"45 46 47 48 49 50 72 73 74","48:43 48:44 48:45 48:46 48:47 48:48 49:48 49:49 50:49 50:50 74:70 74:71 74:72 74:73 74:74"
"ارشاد","اشرف",1,"733","734:733"
"ارشاد","اعجاز اعوان",50,"106 108 109 110 111 112 117 118 119 120 121 122 128 129 130 131 132 133 134 135 136 137 138 139 140 148 149 150 151 732 733 734","109:104 109:107 109:108 109:109 110:109 110:110 111:110 111:111 112:111 112:112 120:115 120:116 120:118 120:120 121:120 121:121 122:121 122:122 130:126 130:127 130:128 130:129 130:130 132:130 132:131 132:132 133:132 133:133 134:133 134:134 135:134 135:135 137:135 137:136 137:137 139:137 139:138 139:139 140:139 140:140 151:146 151:147 151:148 151:149 151:150 151:151 734:731 734:732 734:733 734:735"
"ارشاد","اقبال (کنیز کا بچہ/سکول جانے والا)",1,"733","734:733"
"ارشاد","امداد علی شاہ (محرر)",7,"132 133 134 135 136","130:135 132:135 133:135 134:135 135:135 137:135 137:136"
"ارشاد","اکتبر",4,"110 111","109:111 110:111 111:111 112:111"
"ارشاد","ایوب اعوان",11,"134 135 136 139 140 150 151 733","132:136 133:136 134:136 135:136 137:136 137:141 139:141 140:141 151:150 151:152 734:733"
"ارشاد","بی اے چوہدری (بشیر ارائیں کے نئے نام کا سیاسی روپ)",2,"149","151:147 151:148"
"ارشاد","بی بی (گھر کی بزرگ عورت/لالے کی ساتھی)",6,"111 112 113 118 736","109:114 110:114 111:114 112:114 120:116 734:739"
"ارشاد","تھانیدار / اے ایس آئی",15,"110 111 112 134 135 136 137 138 139 151","109:112 110:112 111:112 112:112 132:136 133:136 134:136 135:136 137:136 137:137 139:137 139:138 139:139 140:139 151:151"
"ارشاد","حاجی ذوالفقار",4,"111 112","109:113 110:113 111:113 112:113"
"ارشاد","حاجی عزیز دین",1,"119","120:118"
"ارشاد","حسن (اعجاز/سکینہ کا بیٹا)",2,"733 736","734:733 734:739"
"ارشاد","حسین (اعجاز/سکینہ کا بیٹا)",1,"733","734:733"
"ارشاد","دتو میراثی",5,"108 114 118 119 150","109:108 112:117 120:117 120:118 151:149"
"ارشاد","رابعہ",4,"131 132 133","130:133 132:133 133:133 134:133"
"ارشاد","رحمت چوہان",6,"112 113 117 118 119","110:115 111:115 112:115 120:115 120:117 120:118"
"ارشاد","ریاض (سرفراز کا ڈرائیور)",3,"130 131 736","130:131 132:131 734:738"
"ارشاد","سائیں جلا",2,"119","120:118 120:119"
"ارشاد","ساجا",1,"119","120:118"
"ارشاد","سراج گجر",1,"733","734:733"
"ارشاد","سلیم",1,"732","734:731"
"ارشاد","سکینہ (اعجاز کی بیوی)",16,"107 111 112 113 119 130 131 132 133 141 153 733","109:105 109:106 109:114 110:114 111:114 112:114 120:118 130:131 132:131 132:133 133:133 134:133 139:143 140:143 151:156 734:732"
"ارشاد","سیف اللہ (چکی والا)",5,"112 113 117 118","110:115 111:115 112:115 120:115 120:116"
"ارشاد","شبیرا",2,"119","120:118 120:119"
"ارشاد","شوکت",2,"141","139:143 140:143"
"ارشاد","شہلا رضوی",1,"735","734:737"
"ارشاد","عباس (چاچا احمد کا بیٹا)",3,"114 118 119","112:117 120:117 120:119"
"ارشاد","فرخ غوری",1,"732","734:731"
"ارشاد","قائد (پارٹی بانی لیڈر)",21,"109 111 112 121 122 128 130 131 132 135 136 137 138 142 732 735","109:109 110:109 110:113 111:113 112:113 120:122 121:122 122:122 130:126 130:130 132:130 132:132 133:132 133:138 134:138 135:138 137:138 139:138 140:145 734:731 734:736"
"ارشاد","لیفٹیننٹ کرنل اسلام الدین",13,"130 131 134 135 136 137 138 139 733","130:130 132:130 132:136 133:136 134:136 135:136 137:136 137:137 139:137 139:138 139:139 140:139 734:733"
"ارشاد","ماسی (سرفراز کی پرورش کرنے والی)",7,"119 130 131 132 133 153","120:118 130:131 132:131 132:133 133:133 134:133 151:156"
"ارشاد","ماسی مریم",7,"119 130 131 132 133 153","120:118 130:131 132:131 132:133 133:133 134:133 151:156"
"ارشاد","ملک جہانگیر اعوان (ایم ایل اے)",14,"109 122 123 128 139 140 148 149 150 151","109:109 110:109 120:124 121:124 122:124 130:126 137:141 139:141 140:141 151:146 151:147 151:148 151:149 151:152"
"ارشاد","ملک حمید",2,"149","151:147 151:148"
"ارشاد","ملک رشید (ملک حمید کا بھائی)",13,"132 133 134 135 136 137 138 139 151","130:135 132:135 133:135 134:135 135:135 137:135 137:136 137:137 139:137 139:138 139:139 140:139 151:151"
"ارشاد","منشی کریم شاہ",2,"141","139:143 140:143"
"ارشاد","مولوی فقیر الدین",3,"114 118 119","112:117 120:117 120:118"
"ارشاد","میاں انتظار حسین (ایڈووکیٹ ہائی کورٹ)",1,"732","734:731"
"ارشاد","میجر/کیپٹن سرفراز اعوان",12,"111 112 118 119 130 131 153 733 735","109:113 110:113 111:113 112:113 120:116 120:117 120:119 130:131 132:131 151:156 734:732 734:736"
"ارشاد","نامعلوم مزدور عورت (ملک حمید/لطیف کا تعلق)",27,"107 109 110 111 112 117 120 123 124 128 129 130 131 133 134 135 136 137 138 149 152","109:106 109:109 110:109 110:110 111:110 111:111 112:111 112:113 120:115 120:120 121:120 121:126 122:126 130:126 130:128 130:130 132:130 132:134 133:134 134:134 135:134 135:136 137:136 137:137 139:137 151:148 151:154"
"ارشاد","نسرین",6,"112 113 117 118 736","110:115 111:115 112:115 120:115 120:116 734:739"
"ارشاد","نسیمہ (شعیب کی بہن)",1,"736","734:739"
"ارشاد","وسیم بھائی (بدیع الزمان کا سالا/قرض خواہ)",7,"109 134 135 136","109:109 110:109 132:136 133:136 134:136 135:136 137:136"
"ارشاد","چاچا احمد خان راٹھور",30,"107 108 112 113 117 118 119 120 121 122 129 130 131 132 133 141 148 149 150 151 734","109:105 109:106 109:107 110:115 111:115 112:115 120:115 120:116 120:117 120:118 120:119 120:120 121:120 121:121 122:121 122:122 130:128 130:131 132:131 132:133 133:133 134:133 139:143 140:143 151:146 151:147 151:148 151:149 151:152 734:734"
"ارشاد","چوہدری اظہر (ایس ایچ او نور پور)",15,"110 111 112 134 135 136 137 138 139 151","109:112 110:112 111:112 112:112 132:136 133:136 134:136 135:136 137:136 137:137 139:137 139:138 139:139 140:139 151:151"
"ارشاد","ڈاکٹر (کریم بخش کا بیٹا)",7,"109 111 112 130 131","109:109 110:109 110:112 111:112 112:112 130:131 132:131"
"ارشاد","کنیز",29,"109 110 111 112 120 121 122 130 131 132 133 134 135 136 137 138 139 140 149 151","109:109 110:109 110:110 111:110 111:112 112:112 120:120 121:120 121:121 122:121 122:122 130:130 132:130 132:132 133:132 133:133 134:133 134:134 135:134 135:135 137:135 137:137 139:137 139:138 139:139 140:139 140:140 151:148 151:151"
"ارشاد","یعقوب اعوان",2,"141","139:143 140:143"
"اشرف","اعجاز اعوان",61,"81 82 83 85 279 280 284 287 290 291 292 297 298 299 306 309 310 311 312 317 318 322 323 328 329 330 331 332 338 549 568 569 570 571 574 575 579 732 733 765 769 770 772 774","84:79 84:81 84:82 84:83 84:86 282:277 282:278 282:279 282:287 287:287 293:288 293:289 293:290 293:292 295:300 297:300 298:300 299:300 307:305 307:311 310:311 312:311 312:313 320:315 320:316 320:317 320:324 321:324 322:324 331:326 331:327 331:328 331:329 331:330 331:332 333:332 336:340 337:340 548:551 571:566 571:567 571:568 571:569 571:570 571:572 576:572 576:573 576:574 576:575 577:582 733:731 733:732 733:733 767:763 767:771 768:771 769:771 770:771 773:771 773:772 773:775"
"اشرف","اقبال (کنیز کا بچہ/سکول جانے والا)",1,"733","733:733"
"اشرف","امداد علی شاہ (محرر)",1,"579","577:582"
"اشرف","این سی او گل نواز",1,"281","282:280"
"اشرف","ایوب اعوان",6,"84 280 308 310 311 733","84:84 282:279 307:310 310:310 312:310 733:733"
"اشرف","بدیع الزمان",1,"549","548:551"
"اشرف","برکت",20,"284 287 293 294 295 296 297 298 299 308 310 311 332 333 334 576 577","282:287 287:287 293:293 295:293 295:294 295:295 297:295 297:297 298:297 298:298 299:298 299:299 307:310 310:310 312:310 331:333 333:333 336:333 576:577 577:577"
"اشرف","بریگیڈیئر کرّار (شعیب کا والد)",5,"284 286 571 573 575","282:286 287:286 571:571 576:571 576:575"
"اشرف","بھگت سنگھ",1,"568","571:566"
"اشرف","بی بی (گھر کی بزرگ عورت/لالے کی ساتھی)",6,"299 300 568 569","297:301 298:301 299:301 571:566 571:567 571:568"
"اشرف","تھانیدار / اے ایس آئی",7,"299 300 304 569 578 579","297:302 298:302 299:302 307:302 571:567 576:581 577:581"
"اشرف","جمیلہ",7,"289 292 314 318 330 568 569","287:292 293:292 312:317 320:317 331:330 571:566 571:568"
"اشرف","حسن (اعجاز/سکینہ کا بیٹا)",15,"288 291 311 312 318 330 331 332 569 572 574 575 733","287:290 293:290 310:313 312:313 320:316 320:317 331:329 331:330 331:332 333:332 571:568 571:573 576:573 576:574 733:733"
"اشرف","حسین (اعجاز/سکینہ کا بیٹا)",16,"81 299 300 311 312 318 330 331 332 569 570 572 574 733","84:79 297:301 298:301 299:301 310:313 312:313 320:316 320:317 331:330 331:332 333:332 571:568 571:569 571:573 576:573 733:733"
"اشرف","حوالدار ستونت سنگھ",2,"764 775","767:762 773:778"
"اشرف","خوشی محمد تیلی",1,"280","282:279"
"اشرف","داؤد (خوشی محمد کا بھائی)",1,"280","282:279"
"اشرف","رحمت چوہان",1,"280","282:278"
"اشرف","ریاض (سرفراز کا ڈرائیور)",1,"735","733:738"
"اشرف","سراج گجر",3,"312 313 733","310:314 312:314 733:733"
"اشرف","سردار فلمبند خان",7,"83 769 770 772 773","84:83 767:771 768:771 769:771 770:771 773:771 773:774"
"اشرف","سلطان (پی۔او۔ڈبلیو ساتھی/دوست)",5,"573 575 576 577","571:575 576:575 576:576 577:576 577:577"
"اشرف","سلیم",1,"732","733:731"
"اشرف","سکینہ (اعجاز کی بیوی)",32,"81 279 280 284 287 290 291 292 297 298 299 311 312 318 319 323 324 328 329 330 331 332 338 568 569 732","84:79 282:277 282:278 282:287 287:287 293:288 293:289 293:290 293:292 295:300 297:300 298:300 299:300 310:313 312:313 320:316 320:318 321:326 322:326 331:326 331:327 331:328 331:329 331:330 331:332 333:332 336:340 337:340 571:566 571:567 571:568 733:732"
"اشرف","سینئر انڈر آفیسر صبغت اللہ",5,"281 297 298 299","282:281 295:299 297:299 298:299 299:299"
"اشرف","شعیب",36,"284 286 287 294 295 296 306 307 308 309 311 312 318 319 320 321 322 328 329 330 331 332 333 335 336 337 570 576 577","282:286 287:286 287:287 293:296 295:296 297:296 307:306 307:307 310:307 310:308 310:309 310:312 312:312 320:316 320:318 320:320 321:320 321:321 322:321 322:322 331:326 331:328 331:329 331:330 331:331 333:331 333:332 333:334 336:334 336:335 336:336 337:336 337:337 571:569 576:577 577:577"
"اشرف","شمس (بدیع الزمان کا اسسٹنٹ)",1,"549","548:551"
"اشرف","شوکت",4,"284 287 293 294","282:287 287:287 293:293 295:293"
"اشرف","شہلا رضوی",1,"735","733:737"
"اشرف","شیر بہادر اعوان",2,"82 84","84:80 84:85"
"اشرف","طارق (ورکس منیجر)",1,"281","282:280"
"اشرف","ظفر چوہدری",5,"573 575 576 577","571:575 576:575 576:576 577:576 577:577"
"اشرف","عباس (چاچا احمد کا بیٹا)",18,"85 287 290 299 300 304 305 306 314 318 322 323 568","84:86 287:288 293:288 297:301 298:301 299:301 307:302 307:303 307:304 307:305 307:306 312:316 320:316 320:317 320:325 321:325 322:325 571:566"
"اشرف","فرخ غوری",1,"732","733:731"
"اشرف","فلک شیر اعوان",1,"82","84:80"
"اشرف","قائد (پارٹی بانی لیڈر)",31,"83 86 284 286 288 291 308 309 312 313 322 323 338 339 545 547 549 570 571 573 575 576 577 732 734 771 772 773","84:83 84:89 282:286 287:286 287:290 293:290 307:309 310:309 310:314 312:314 320:325 321:325 322:325 336:341 337:341 548:543 548:547 548:551 571:569 571:571 576:571 576:574 576:575 576:576 577:576 577:578 733:731 733:736 769:774 770:774 773:774"
"اشرف","لیفٹیننٹ کرنل اسلام الدین",10,"335 336 337 733 769 770 772 773","333:337 336:337 337:337 733:733 767:771 768:771 769:771 770:771 773:771 773:773"
"اشرف","ماسی (سرفراز کی پرورش کرنے والی)",11,"81 289 292 297 298 299 314 318 568 569","84:79 287:292 293:292 295:300 297:300 298:300 299:300 312:317 320:317 571:566 571:568"
"اشرف","ماسی مریم",11,"81 289 292 297 298 299 314 318 568 569","84:79 287:292 293:292 295:300 297:300 298:300 299:300 312:317 320:317 571:566 571:568"
"اشرف","ملک جہانگیر اعوان (ایم ایل اے)",9,"84 288 291 569 570 571 574","84:85 287:289 293:289 293:290 571:567 571:569 571:570 571:572 576:572"
"اشرف","ملک حمید",2,"578 579","576:581 577:581"
"اشرف","منظور (اعجاز کا ورکر)",2,"338 339","336:341 337:341"
"اشرف","میاں انتظار حسین (ایڈووکیٹ ہائی کورٹ)",2,"84 732","84:85 733:731"
"اشرف","میجر صدیق",2,"577 578","576:579 577:579"
"اشرف","میجر/کیپٹن سرفراز اعوان",88,"81 82 83 85 279 280 284 287 290 291 292 297 298 299 304 305 306 307 308 309 310 311 312 317 318 319 320 321 322 328 329 330 331 332 333 334 335 336 337 545 546 547 548 568 569 570 571 573 574 575 576 577 732 734 764 765 766 767 768 770 772 773","84:79 84:81 84:82 84:83 84:86 282:277 282:279 282:287 287:287 293:288 293:289 293:292 295:300 297:300 298:300 299:300 307:302 307:303 307:304 307:305 307:306 307:307 310:307 310:308 310:309 310:310 312:310 312:311 312:312 320:315 320:316 320:317 320:318 320:319 320:320 321:320 321:321 322:321 322:322 331:326 331:327 331:328 331:330 331:331 333:331 333:332 333:333 336:333 336:334 336:335 336:337 337:337 548:543 548:544 548:545 548:546 548:547 548:548 571:566 571:567 571:568 571:569 571:570 571:571 576:571 576:572 576:573 576:574 576:575 576:576 577:576 577:577 733:732 733:736 767:762 767:763 767:764 767:765 767:766 767:767 768:767 768:768 769:768 769:771 770:771 773:771 773:772 773:773"
"اشرف","نامعلوم مزدور عورت (ملک حمید/لطیف کا تعلق)",1,"85","84:87"
"اشرف","نسرین",3,"332 333 335","331:334 333:334 336:334"
"اشرف","نسیمہ (شعیب کی بہن)",36,"284 286 314 318 319 320 321 322 329 330 331 332 333 334 335 336 337 545 546 547 548 571 573 574 575 576 577","282:286 287:286 312:316 320:316 320:319 320:320 321:320 321:321 322:321 322:323 331:328 331:329 331:330 331:332 333:332 333:333 336:333 336:334 336:335 336:336 337:336 337:338 548:543 548:544 548:545 548:546 548:547 548:548 571:571 576:571 576:573 576:574 576:575 576:576 577:576 577:578"
"اشرف","نمائر (کیمپ کا قیدی ساتھی)",4,"573 576 577","571:576 576:576 577:576 577:578"
"اشرف","وسیم بھائی (بدیع الزمان کا سالا/قرض خواہ)",3,"81 85 280","84:79 84:86 282:279"
"اشرف","چاچا احمد خان راٹھور",23,"279 280 284 287 290 291 292 297 298 299 304 314 318 568 569 570 572 574 575 733","282:277 282:278 282:279 282:287 287:287 293:288 293:290 293:292 295:300 297:300 298:300 299:300 307:302 312:316 320:316 320:317 571:566 571:567 571:570 571:573 576:573 576:574 733:734"
"اشرف","چوہدری اظہر (ایس ایچ او نور پور)",7,"299 300 304 569 578 579","297:302 298:302 299:302 307:302 571:567 576:581 577:581"
"اشرف","ڈاکٹر (کریم بخش کا بیٹا)",2,"767","767:767 768:767"
"اشرف","کریم راٹھور",1,"86","84:89"
"اشرف","کیپٹن اسد اللہ",3,"283 285 286","282:284 287:284 287:285"
"اشرف","کیپٹن اسرار",4,"770 771 773","768:773 769:773 770:773 773:773"
"اشرف","کیپٹن جمال",3,"282 284 286","282:282 287:282 287:286"
"اشرف","کیپٹن دلاور",11,"309 311 312 320 321 322 331 332 333 334","307:312 310:312 312:312 320:321 321:321 322:321 322:322 331:331 333:331 333:333 336:333"
"اشرف","کیڈٹ حبیب اللہ",3,"283 286","282:285 287:285 287:286"
"اشرف","کیڈٹ مجید اللہ",7,"295 296 297 298 299","293:297 295:297 297:297 298:297 298:298 299:298 299:299"
"اشرف","کیڈٹ نواز کھوکھر",7,"768 769 770 771 775","767:769 768:769 769:769 770:769 770:770 773:770 773:778"
"اشرف","گل افروز خان",3,"280 287 290","282:279 287:288 293:288"
"اشرف","یعقوب اعوان",12,"81 82 279 300 301 305 306 311 312 572 575","84:79 84:80 282:277 298:303 299:303 307:303 307:304 307:305 310:313 312:313 571:574 576:574"
"اعجاز اعوان","افضال احمد (اسسٹنٹ ایڈیٹر طلوع)",7,"703 704 705 706","701:706 702:706 703:706 704:706 705:706 706:706 707:706"
"اعجاز اعوان","اقبال (کنیز کا بچہ/سکول جانے والا)",16,"191 192 193 194 390 391 392 395 732 733 734","189:194 190:194 191:194 192:194 193:194 194:194 195:194 388:393 389:393 390:393 392:393 398:393 731:733 732:733 733:733 735:733"
"اعجاز اعوان","الیاس کمہار",9,"240 241 242 243 244","238:243 239:243 240:243 241:243 242:243 243:243 244:243 244:244 245:244"
"اعجاز اعوان","امداد علی شاہ (محرر)",18,"132 133 134 135 136 582 596 597 598 599 600","130:135 131:135 132:135 133:135 134:135 135:135 136:135 136:136 137:136 582:582 583:582 594:599 595:599 596:599 597:599 598:599 599:599 602:599"
"اعجاز اعوان","اکتبر",6,"109 110 111","107:111 108:111 109:111 110:111 111:111 112:111"
"اعجاز اعوان","این سی او گل نواز",12,"269 273 277 278 279 510 511 512 515","267:272 274:272 275:280 276:280 277:280 278:280 279:280 508:513 509:513 510:513 512:513 518:513"
"اعجاز اعوان","ایوب اعوان",85,"24 25 35 36 39 40 43 44 45 46 47 54 58 63 65 66 67 68 81 82 83 85 133 134 135 136 139 140 142 147 148 149 150 151 152 215 216 217 233 234 235 236 276 277 278 279 307 310 406 407 408 619 620 732 733 734","23:26 24:26 35:36 36:36 37:36 37:41 38:41 40:41 46:41 46:43 46:44 46:45 46:46 48:46 52:56 60:56 60:57 61:66 64:66 65:66 66:66 67:66 67:67 68:67 68:68 69:68 79:84 81:84 82:84 83:84 86:84 131:136 132:136 133:136 134:136 135:136 136:136 137:136 137:141 138:141 139:141 140:141 143:141 145:150 146:150 147:150 148:150 149:150 150:150 151:150 151:152 152:152 153:152 213:217 214:217 215:217 216:217 217:217 218:217 231:236 232:236 233:236 234:236 235:236 236:236 237:236 274:279 275:279 276:279 277:279 278:279 279:279 305:310 311:310 404:408 406:408 407:408 408:408 409:408 619:619 622:619 731:733 732:733 733:733 735:733"
"اعجاز اعوان","باجوہ (تھرڈ ایئر والنٹیر)",2,"201 202","199:204 200:204"
"اعجاز اعوان","بدر الحق (ایگزیکٹو ایڈیٹر طلوع)",14,"698 699 700 701 702 704 705 706","696:701 697:701 698:701 699:701 700:701 701:701 702:701 702:702 703:702 703:706 704:706 705:706 706:706 707:706"
"اعجاز اعوان","بدیع الزمان",185,"493 494 495 496 497 498 499 500 501 502 503 504 505 518 519 525 526 527 528 529 532 533 534 535 536 537 538 539 540 541 542 551 552 553 554 556 557 558 559 588 591 592 620 621 622 623 627 629 630 631 632 634 635 636 637 638 640 641 642 643 644 646 649 651 666 667 668 669 670 671 672 673 674 675 676 677 678 679 680 681 682 683 684 685 686 687 688 689 690 691 692 693 694 695 696 697 698 699 700 701 702 704 705 706 707 708 710 711 715 716 717 718 719 720 723 724 725 728","491:495 493:495 494:495 495:495 496:495 496:496 497:496 497:497 498:497 498:498 499:498 499:499 502:499 502:501 502:502 503:502 503:503 504:503 504:504 505:504 505:505 506:505 518:519 519:519 520:519 523:528 524:528 525:528 526:528 527:528 528:528 529:528 529:529 530:529 530:534 531:534 532:534 533:534 534:534 535:534 535:535 536:535 536:536 537:536 537:537 538:537 538:538 539:538 539:540 541:540 541:541 542:541 542:542 551:551 553:551 553:553 554:553 554:554 555:554 555:558 556:558 557:558 558:558 559:558 559:559 586:591 591:591 593:591 619:621 622:621 622:622 623:622 623:623 629:625 629:629 630:629 630:630 631:630 631:632 632:632 633:632 633:635 635:635 638:635 638:636 638:637 638:638 642:638 642:639 642:640 642:642 645:642 645:643 645:648 650:648 650:649 650:653 668:665 668:666 668:668 671:668 671:670 671:672 672:672 673:672 673:674 674:674 675:674 675:676 676:676 677:676 677:677 678:677 678:678 679:678 679:679 680:679 680:681 681:681 682:681 682:682 683:682 683:683 684:683 684:684 685:684 685:685 686:685 686:686 687:686 687:687 688:687 688:688 689:688 689:689 690:689 690:690 691:690 691:692 692:692 693:692 693:694 694:694 695:694 695:695 696:695 696:696 697:696 697:697 698:697 698:698 699:698 699:699 700:699 700:701 701:701 702:701 702:702 703:702 703:706 704:706 705:706 706:706 707:706 707:707 709:707 709:711 710:711 711:711 712:711 713:718 714:718 715:718 716:718 717:718 718:718 719:718 719:719 721:719 721:726 722:726 723:726 724:726 725:726 731:726"
"اعجاز اعوان","برکت",38,"255 256 257 258 287 290 291 292 297 298 299 307 310 330 331 332 558 559 560 563 574 575 576 579 593 594 595","253:258 254:258 255:258 256:258 257:258 258:258 259:258 287:287 288:287 288:293 289:293 290:293 292:293 300:295 300:297 300:298 300:299 305:310 311:310 328:333 329:333 330:333 332:333 556:561 557:561 558:561 559:561 565:561 572:577 573:577 574:577 575:577 582:577 591:595 593:595 594:595 595:595 596:595"
"اعجاز اعوان","بریگیڈیئر کرّار (شعیب کا والد)",19,"286 558 559 560 563 568 569 570 571 573 574 575 587 588 590","287:286 556:561 557:561 558:561 559:561 565:561 566:571 567:571 568:571 569:571 570:571 572:571 572:575 573:575 574:575 575:575 585:590 586:590 591:590"
"اعجاز اعوان","بلال مسیح موچی",7,"256 257 258 259 260","254:259 255:259 256:259 257:259 258:259 259:259 261:259"
"اعجاز اعوان","بکتو (کو چوہے کی بیوی)",7,"256 257 258 259 260","254:259 255:259 256:259 257:259 258:259 259:259 261:259"
"اعجاز اعوان","بھگت سنگھ",48,"25 32 33 38 39 40 43 44 45 46 47 48 49 50 51 52 61 62 63 68 69 70 71 73 74 75 76 77 78 565 566 675 676 677 678","23:27 24:27 35:30 35:32 36:41 37:41 38:41 40:41 46:41 46:43 46:44 46:47 48:47 48:48 49:48 49:49 50:49 50:51 52:51 52:52 60:63 61:63 64:63 66:71 67:71 68:71 69:71 70:71 71:71 75:71 75:73 75:74 75:75 76:75 76:76 79:76 79:77 79:78 565:566 566:566 567:566 673:678 674:678 675:678 676:678 677:678 678:678 679:678"
"اعجاز اعوان","بی اے چوہدری (بشیر ارائیں کے نئے نام کا سیاسی روپ)",42,"145 146 147 148 183 184 185 449 450 451 452 457 458 459 460 468 469 470 471 473 474 476 477 478","143:147 144:147 145:147 146:147 147:147 148:147 148:148 149:148 181:185 182:185 183:185 184:185 185:185 186:185 447:452 448:452 449:452 450:452 451:452 452:452 453:452 455:460 456:460 458:460 460:460 461:460 466:471 467:471 468:471 469:471 470:471 471:471 472:471 472:474 473:474 474:474 475:474 475:478 476:478 477:478 478:478 479:478"
"اعجاز اعوان","بی بی (گھر کی بزرگ عورت/لالے کی ساتھی)",175,"7 66 67 68 69 72 74 111 112 113 114 115 116 117 157 158 159 160 168 169 170 171 172 173 213 214 215 216 229 230 231 232 233 234 235 237 238 239 240 241 242 243 244 245 246 249 251 252 253 254 255 256 257 258 259 260 300 303 348 349 350 351 359 360 361 409 410 411 412 417 418 419 420 429 430 431 432 433 492 493 504 505 506 507 565 566 567 568 681 682 683 684 718 719 720 721 722 723 737 739 752 753 754 783 784 786 787","8:7 64:68 65:68 66:68 67:68 68:68 69:68 69:69 70:69 70:74 71:74 75:74 109:114 110:114 111:114 112:114 113:114 114:114 115:114 115:116 116:116 118:116 155:160 156:160 157:160 158:160 160:160 161:160 166:171 167:171 168:171 169:171 171:171 172:171 172:173 173:173 174:173 211:216 213:216 214:216 215:216 216:216 217:216 228:230 229:230 230:230 231:230 231:231 232:231 232:232 233:232 233:233 234:233 234:234 235:234 235:235 236:235 236:238 237:238 238:238 239:238 239:239 240:239 240:240 241:240 241:241 242:241 242:243 243:243 244:243 244:244 245:244 245:245 246:245 246:246 247:246 247:251 251:251 253:251 253:253 254:253 254:254 255:254 255:255 256:255 256:256 257:256 257:257 258:257 258:258 259:258 259:259 261:259 300:301 305:301 346:351 347:351 348:351 349:351 350:351 351:351 352:351 357:361 358:361 359:361 360:361 361:361 362:361 407:412 408:412 409:412 410:412 411:412 412:412 413:412 415:420 416:420 417:420 418:420 419:420 420:420 428:431 430:431 431:431 432:431 432:433 433:433 491:493 493:493 494:493 502:506 503:506 504:506 505:506 506:506 507:506 507:507 508:507 565:566 566:566 567:566 567:567 568:567 568:568 569:568 679:684 680:684 681:684 682:684 683:684 684:684 685:684 716:721 717:721 718:721 719:721 721:721 722:721 722:723 723:723 724:723 735:739 740:739 751:754 753:754 754:754 755:754 782:784 783:784 784:784 785:784 785:787 786:787 787:787 788:787"
"اعجاز اعوان","بی بی کمہاری",6,"504 505 506","502:506 503:506 504:506 505:506 506:506 507:506"
"اعجاز اعوان","بے انت سنگھ",9,"39 40 41 44 62 64","37:42 38:42 40:42 46:42 46:43 60:64 61:64 64:64 65:64"
"اعجاز اعوان","تھانیدار / اے ایس آئی",75,"54 58 109 110 111 112 133 134 135 136 137 138 139 148 149 150 151 301 303 347 348 349 350 450 451 452 453 566 567 581 582 583 584 585 596 597 598 599 600 604 606 607 755 756 757 758","52:57 60:57 107:112 108:112 109:112 110:112 111:112 112:112 113:112 131:136 132:136 133:136 134:136 135:136 136:136 137:136 137:137 138:137 138:138 139:138 139:139 140:139 146:151 147:151 148:151 149:151 150:151 151:151 152:151 300:302 305:302 345:350 346:350 347:350 348:350 349:350 350:350 351:350 448:453 449:453 450:453 451:453 452:453 453:453 454:453 565:567 566:567 567:567 568:567 582:581 582:582 583:582 583:583 584:583 584:584 585:584 585:585 586:585 594:599 595:599 596:599 597:599 598:599 599:599 602:599 602:606 607:606 607:607 608:607 753:758 754:758 755:758 756:758 758:758 759:758"
"اعجاز اعوان","جرنیل سنگھ (سکھ)",10,"165 166 167 168 169 170","163:168 164:168 165:168 166:168 167:168 168:168 169:168 169:169 171:169 171:170"
"اعجاز اعوان","جسونت سنگھ",7,"26 46 47 71 72 74","24:29 46:47 48:47 69:74 70:74 71:74 75:74"
"اعجاز اعوان","جعفری صاحب (کیمسٹ/پرانا رابطہ)",18,"520 521 522 523 524 525 536 537 538 539 540","518:522 519:522 520:522 521:522 522:522 523:522 523:523 524:523 524:525 525:525 526:525 534:539 535:539 536:539 537:539 538:539 539:539 541:539"
"اعجاز اعوان","جمیلہ",59,"20 22 36 37 38 39 98 100 101 170 171 172 173 175 176 177 289 290 291 292 315 316 317 327 328 329 330 331 565 566 567 568 595 596 597 600 602 604 619 620","20:21 23:21 23:22 35:38 36:38 37:38 38:38 40:38 40:39 96:101 99:101 100:101 102:101 168:173 169:173 171:173 172:173 173:173 174:173 174:176 175:176 177:176 177:177 178:177 287:292 288:292 289:292 290:292 292:292 313:317 314:317 315:317 316:317 317:317 325:330 326:330 327:330 328:330 329:330 330:330 332:330 565:566 566:566 567:566 567:568 568:568 569:568 593:597 594:597 595:597 596:597 597:597 598:597 598:602 599:602 602:602 607:602 619:619 622:619"
"اعجاز اعوان","جنگندر سنگھ",5,"38 39 40 43","36:41 37:41 38:41 40:41 46:41"
"اعجاز اعوان","جونیئر وکیل (خواجہ معراج کا شاگرد)",18,"620 622 630 631 632 666 668 669 675 676 677 678","619:622 622:622 623:622 629:632 630:632 631:632 632:632 633:632 668:664 668:668 671:668 673:678 674:678 675:678 676:678 677:678 678:678 679:678"
"اعجاز اعوان","جگت سنگھ",27,"25 33 38 39 40 43 44 47 48 49 50 51 52 57 58 59 70 71 72 74 777 781","23:27 24:27 35:32 36:41 37:41 38:41 40:41 46:41 46:42 46:43 46:49 48:49 49:49 50:49 50:51 52:51 52:53 60:55 60:56 60:58 68:73 69:73 70:73 71:73 75:73 775:780 782:780"
"اعجاز اعوان","جیرا (نانبائی کا لڑکا)",3,"208 209 210","211:206 211:207 211:209"
"اعجاز اعوان","حاجی ذوالفقار",11,"110 111 112 113 511 512 513 516","108:113 109:113 110:113 111:113 112:113 113:113 114:113 509:514 510:514 512:514 518:514"
"اعجاز اعوان","حاجی رحیم بخش",9,"522 523 524 525 526","520:525 521:525 522:525 523:525 524:525 525:525 526:525 526:526 527:526"
"اعجاز اعوان","حاجی عزیز دین",6,"115 116 117 118 119","113:118 114:118 115:118 116:118 118:118 120:118"
"اعجاز اعوان","حاجی وسیم بخش (منیجنگ ڈائریکٹر)",9,"519 520 521 523 524","518:521 519:521 520:521 521:521 522:521 522:524 523:524 524:524 525:524"
"اعجاز اعوان","حاجی کریم بخش (چیئرمین ازمیر گھی انڈسٹریز)",48,"519 520 521 522 523 524 525 526 527 528 536 537 538 539 540 595 596 597 621 623 626 668 669 672 673 674 676 677 678","518:521 519:521 520:521 521:521 522:521 522:522 523:522 523:523 524:523 524:524 525:524 525:525 526:525 526:526 527:526 527:527 528:527 528:528 529:528 534:539 535:539 536:539 537:539 538:539 539:539 541:539 593:597 594:597 595:597 596:597 597:597 598:597 619:624 622:624 623:624 629:624 668:668 671:668 671:674 672:674 673:674 674:674 675:674 675:678 676:678 677:678 678:678 679:678"
"اعجاز اعوان","حسن (اعجاز/سکینہ کا بیٹا)",134,"101 102 103 211 212 214 215 216 255 256 257 288 289 290 291 312 313 315 316 317 326 327 328 329 330 331 332 350 351 352 353 355 359 360 361 375 376 377 378 408 409 410 411 429 430 431 440 441 477 478 479 480 482 492 493 494 566 567 568 571 572 573 574 593 594 595 596 600 601 602 605 690 691 692 693 719 720 721 722 723 732 733 734 737 739 752 753 754 782","99:103 100:103 102:103 103:103 104:103 211:211 213:211 213:216 214:216 215:216 216:216 217:216 253:257 254:257 255:257 256:257 257:257 258:257 287:290 288:290 289:290 290:290 292:290 311:313 313:313 314:313 314:316 315:316 316:316 317:316 317:317 324:329 325:329 326:329 327:329 328:329 329:329 330:329 330:330 332:330 332:332 348:353 349:353 350:353 351:353 352:353 353:353 357:353 357:361 358:361 359:361 360:361 361:361 362:361 373:378 374:378 375:378 376:378 377:378 378:378 379:378 406:411 407:411 408:411 409:411 410:411 411:411 412:411 428:431 430:431 431:431 432:431 440:440 442:440 475:480 476:480 477:480 478:480 479:480 480:480 484:480 491:494 493:494 494:494 495:494 565:568 566:568 567:568 568:568 569:568 569:573 570:573 572:573 573:573 574:573 574:574 575:574 591:596 593:596 594:596 595:596 596:596 597:596 598:603 599:603 602:603 607:603 688:693 689:693 690:693 691:693 692:693 693:693 694:693 717:722 718:722 719:722 721:722 722:722 723:722 723:723 724:723 731:733 732:733 733:733 735:733 735:739 740:739 751:754 753:754 754:754 755:754 782:782 783:782"
"اعجاز اعوان","حسین (اعجاز/سکینہ کا بیٹا)",185,"77 79 80 101 102 103 199 200 201 208 209 210 211 212 217 218 219 220 229 230 231 245 246 247 249 250 251 252 267 268 272 300 303 312 313 315 316 317 327 328 329 330 331 332 350 351 352 353 355 388 389 390 391 429 430 431 440 441 477 478 479 480 482 492 493 494 553 554 555 556 566 567 568 569 571 572 573 587 588 590 593 594 595 596 600 601 602 605 621 622 623 626 627 628 639 641 642 643 645 647 648 649 650 665 666 667 668 669 671 672 673 674 675 676 677 678 686 687 688 689 716 717 718 719 720 732 733 734 751 752 753 754 782","75:79 76:79 79:79 81:79 99:103 100:103 102:103 103:103 104:103 197:202 198:202 199:202 200:202 211:206 211:207 211:208 211:209 211:210 211:211 213:211 213:212 215:220 216:220 217:220 218:220 219:220 221:220 228:231 229:231 230:231 231:231 232:231 243:248 244:248 245:248 246:248 247:248 251:248 251:249 251:252 253:252 265:270 266:270 267:270 274:270 300:301 305:301 311:313 313:313 314:313 314:316 315:316 316:316 317:316 317:317 325:330 326:330 327:330 328:330 329:330 330:330 332:330 332:332 348:353 349:353 350:353 351:353 352:353 353:353 357:353 386:391 387:391 388:391 389:391 390:391 392:391 428:431 430:431 431:431 432:431 440:440 442:440 475:480 476:480 477:480 478:480 479:480 480:480 484:480 491:494 493:494 494:494 495:494 551:556 553:556 554:556 555:556 556:556 557:556 565:568 566:568 567:568 568:568 569:568 569:569 570:569 570:573 572:573 573:573 574:573 585:590 586:590 591:590 591:596 593:596 594:596 595:596 596:596 597:596 598:603 599:603 602:603 607:603 619:623 622:623 623:623 629:624 629:625 629:628 638:641 642:641 642:642 645:642 645:645 650:645 650:646 650:647 650:648 650:649 650:651 668:663 668:664 668:665 668:666 668:668 671:668 671:671 672:671 672:673 673:673 674:673 674:675 675:675 676:675 676:676 677:676 677:678 678:678 679:678 684:689 685:689 686:689 687:689 688:689 689:689 690:689 714:719 715:719 716:719 717:719 718:719 719:719 721:719 731:733 732:733 733:733 735:733 751:751 753:751 753:753 754:753 754:754 755:754 782:782 783:782"
"اعجاز اعوان","حوالدار ستونت سنگھ",6,"760 762 776 780","758:762 759:762 763:762 775:778 782:778 782:779"
"اعجاز اعوان","خدابخش ارائیں",5,"259 260 261 262","257:262 258:262 259:262 261:262 263:262"
"اعجاز اعوان","خواجہ معراج الدین",67,"526 527 528 529 534 535 536 537 555 556 557 558 559 621 622 623 629 632 633 634 635 636 638 640 642 643 644 666 668 670 674 675 676 677 680 681 682 709 710 711 712 723 724 725 728","524:529 525:529 526:529 527:529 528:529 529:529 530:529 532:537 533:537 534:537 535:537 536:537 537:537 538:537 553:558 554:558 555:558 556:558 557:558 558:558 559:558 559:559 619:623 622:623 623:623 629:629 630:629 630:635 631:635 632:635 633:635 635:635 638:635 638:638 642:638 642:642 645:642 645:643 668:664 668:669 671:669 671:670 672:677 673:677 674:677 675:677 676:677 677:677 678:677 678:682 679:682 680:682 681:682 682:682 683:682 707:712 709:712 710:712 711:712 712:712 713:712 721:726 722:726 723:726 724:726 725:726 731:726"
"اعجاز اعوان","خوشی محمد تیلی",6,"276 277 278 279","274:279 275:279 276:279 277:279 278:279 279:279"
"اعجاز اعوان","داؤد (خوشی محمد کا بھائی)",6,"276 277 278 279","274:279 275:279 276:279 277:279 278:279 279:279"
"اعجاز اعوان","دتا کمہار",12,"503 504 505 595 596 597 598","502:505 503:505 504:505 505:505 506:505 593:598 594:598 595:598 596:598 597:598 598:598 599:598"
"اعجاز اعوان","دتو میراثی",28,"25 26 100 101 102 105 106 107 108 114 115 116 117 118 119 146 147 148 149 604 606","23:28 24:28 99:102 100:102 102:102 103:102 103:108 104:108 107:108 108:108 109:108 112:117 113:117 114:117 115:117 116:117 118:117 118:118 120:118 144:149 145:149 146:149 147:149 148:149 149:149 150:149 602:606 607:606"
"اعجاز اعوان","ذوالقرنین نقوی",6,"201 202 639 641 642 643","199:204 200:204 638:641 642:641 642:642 645:642"
"اعجاز اعوان","رابعہ",11,"130 131 132 133 355 357 358","128:133 129:133 130:133 131:133 132:133 133:133 134:133 353:358 357:358 358:358 359:358"
"اعجاز اعوان","رحمت چوہان",50,"100 101 102 112 113 114 115 116 117 118 119 168 169 170 171 255 256 257 276 277 278 504 505 506 507 528 529 530 531 532 533","99:102 100:102 102:102 103:102 110:115 111:115 112:115 113:115 114:115 115:115 116:115 116:117 118:117 118:118 120:118 166:171 167:171 168:171 169:171 171:171 172:171 253:257 254:257 255:257 256:257 257:257 258:257 274:278 275:278 276:278 277:278 278:278 279:278 502:507 503:507 504:507 505:507 506:507 507:507 508:507 526:531 527:531 528:531 529:531 530:531 531:531 532:531 532:533 533:533 534:533"
"اعجاز اعوان","رضیہ",4,"355 357 358","353:358 357:358 358:358 359:358"
"اعجاز اعوان","رنگیلی (یعقوب کی گھوڑی)",15,"42 45 63 65 66 497 498 499 501 777 781","40:45 46:45 61:66 64:66 65:66 66:66 67:66 495:500 496:500 497:500 498:500 499:500 502:500 775:780 782:780"
"اعجاز اعوان","ریاض (سرفراز کا ڈرائیور)",23,"128 129 130 131 447 448 449 450 452 453 454 618 735 736 739","126:131 127:131 128:131 129:131 130:131 131:131 132:131 445:450 446:450 447:450 448:450 449:450 450:450 451:450 451:454 452:454 453:454 454:454 455:454 619:618 733:738 735:738 740:738"
"اعجاز اعوان","زور آور (گھوڑا)",12,"47 48 49 210 784 785 786","46:48 48:48 49:48 49:49 50:49 211:210 782:786 783:786 784:786 785:786 786:786 787:786"
"اعجاز اعوان","زیدی صاحب (چیف ایڈیٹر طلوع)",14,"685 686 687 688 698 699 700 701","683:688 684:688 685:688 686:688 687:688 688:688 689:688 696:701 697:701 698:701 699:701 700:701 701:701 702:701"
"اعجاز اعوان","زینب (یعقوب کی بیوی)",32,"42 45 46 47 48 49 50 51 52 62 64 66 67 68 70 71 73 74 789 790 791 792","40:45 46:45 46:46 48:46 48:47 48:48 49:48 49:50 50:50 52:50 52:52 60:64 61:64 64:64 65:64 65:67 66:67 67:67 68:67 68:68 69:68 69:71 70:71 71:71 75:71 75:73 75:74 787:792 788:792 789:792 790:792 792:792"
"اعجاز اعوان","سائیں جلا",82,"115 116 117 118 119 157 158 159 160 161 162 163 164 165 166 167 168 169 170 171 172 173 174 175 176 177 178 179 180 239 240 241 242 243 584 585 586 588 753 754 755 756 757 782 784 785 787 788 789","113:118 114:118 115:118 116:118 118:118 120:118 120:119 155:160 156:160 157:160 158:160 160:160 161:160 161:161 162:161 162:162 163:162 163:163 164:163 164:164 165:164 165:165 166:165 166:166 167:166 167:167 168:167 168:168 169:168 169:169 171:169 171:171 172:171 172:172 173:172 173:173 174:173 174:174 175:174 175:175 177:175 177:176 177:177 178:177 178:178 179:178 179:179 181:179 237:242 238:242 239:242 240:242 241:242 242:242 243:242 243:243 244:243 582:586 583:586 584:586 585:586 586:586 591:586 751:756 753:756 754:756 755:756 756:756 758:756 758:757 782:782 783:782 783:785 784:785 785:785 786:785 786:788 787:788 788:788 789:788 789:789 790:789"
"اعجاز اعوان","ساجا",6,"115 116 117 118 119","113:118 114:118 115:118 116:118 118:118 120:118"
"اعجاز اعوان","سراج گجر",36,"312 313 314 359 360 361 362 406 407 408 409 410 411 412 507 508 509 510 511 668 670 732 733 734","311:314 313:314 314:314 315:314 357:361 358:361 359:361 360:361 361:361 362:361 362:362 363:362 404:409 406:409 407:409 408:409 409:409 410:409 410:410 411:410 411:412 412:412 413:412 505:510 506:510 507:510 508:510 509:510 510:510 512:510 668:669 671:669 731:733 732:733 733:733 735:733"
"اعجاز اعوان","سردار فلمبند خان",32,"81 82 83 84 164 165 166 167 411 412 413 414 482 484 618 757 758 759 761 771 773 774 775","79:83 81:83 82:83 83:83 86:83 162:167 163:167 164:167 165:167 166:167 167:167 168:167 409:414 410:414 411:414 412:414 413:414 414:414 415:414 480:485 484:485 619:618 755:760 756:760 758:760 759:760 763:760 771:771 772:771 772:774 775:774 775:775"
"اعجاز اعوان","سرداراں دائی",6,"359 360 361","357:361 358:361 359:361 360:361 361:361 362:361"
"اعجاز اعوان","سلطان (پی۔او۔ڈبلیو ساتھی/دوست)",37,"485 488 489 497 498 499 501 508 509 510 511 512 515 516 558 559 560 563 564 572 573 574 575 579 580 609 610 611","484:486 491:486 491:487 491:488 495:500 496:500 497:500 498:500 499:500 502:500 506:511 507:511 508:511 509:511 510:511 512:511 512:513 518:513 518:515 556:561 557:561 558:561 559:561 565:561 565:562 565:563 570:575 572:575 573:575 574:575 575:575 582:577 582:578 607:612 608:612 609:612 610:612"
"اعجاز اعوان","سلیم",116,"91 92 93 94 95 199 200 201 208 209 210 217 218 219 220 229 230 231 245 246 247 249 250 267 268 272 420 421 425 620 621 622 632 633 634 635 636 638 640 647 649 665 666 668 670 672 673 674 676 677 678 679 680 681 682 687 688 689 690 692 693 694 697 698 699 703 704 705 706 716 717 718 719 720 731","89:94 91:94 92:94 93:94 94:94 95:94 95:95 96:95 197:202 198:202 199:202 200:202 211:206 211:207 211:208 211:209 215:220 216:220 217:220 218:220 219:220 221:220 228:231 229:231 230:231 231:231 232:231 243:248 244:248 245:248 246:248 247:248 251:248 251:249 251:250 265:270 266:270 267:270 274:270 418:423 419:423 420:423 428:423 619:621 622:621 622:622 623:622 630:635 631:635 632:635 633:635 635:635 638:635 638:638 642:638 642:639 645:649 650:649 668:663 668:664 668:665 668:669 671:669 671:670 671:674 672:674 673:674 674:674 675:674 675:678 676:678 677:678 678:678 679:678 679:679 680:679 680:681 681:681 682:681 682:682 683:682 685:690 686:690 687:690 688:690 689:690 690:690 691:690 691:694 692:694 693:694 694:694 695:694 695:699 696:699 697:699 698:699 699:699 700:699 701:706 702:706 703:706 704:706 705:706 706:706 707:706 714:719 715:719 716:719 717:719 718:719 719:719 721:719 721:720 731:731 732:731"
"اعجاز اعوان","سندر سنگھ",6,"47 48 49 50 51","46:49 48:49 49:49 50:49 50:50 52:50"
"اعجاز اعوان","سپاہی غلام رسول (یونٹ ڈرائیور/ساتھی)",10,"342 343 344 345 744 746 749","340:345 341:345 342:345 343:345 344:345 345:345 346:345 742:747 745:747 751:747"
"اعجاز اعوان","سکینہ (اعجاز کی بیوی)",392,"20 21 23 35 36 37 38 39 63 65 66 67 68 69 70 71 73 75 77 79 80 100 101 102 103 104 106 111 112 113 114 116 117 118 119 128 129 130 131 132 133 140 141 143 144 153 154 155 156 157 159 160 162 163 164 168 169 170 171 172 173 175 176 177 190 191 192 193 194 197 198 199 200 211 212 213 214 215 216 261 262 263 264 274 275 276 277 278 287 288 289 290 291 292 300 302 312 313 315 316 317 325 326 327 328 329 330 331 332 340 346 347 348 349 350 351 352 355 357 358 359 360 361 362 363 364 367 368 369 370 371 372 373 374 381 382 383 384 385 404 405 406 407 412 413 414 415 416 417 419 420 429 430 431 432 433 440 441 448 449 450 451 477 478 479 480 482 491 492 493 494 501 503 504 537 538 539 540 553 554 555 556 557 558 565 566 567 568 595 596 597 619 620 630 631 682 683 684 685 686 687 689 690 691 692 693 694 697 698 699 700 701 702 703 704 705 708 709 710 711 713 714 715 716 717 718 719 720 721 722 723 724 725 731 732 737 740 741 751 752 753 754 755 782 783 784","20:20 23:20 23:23 24:23 35:36 36:36 37:36 37:38 38:38 40:38 61:66 64:66 65:66 66:66 67:66 67:67 68:67 68:68 69:68 69:69 70:69 70:71 71:71 75:71 75:75 76:75 76:79 79:79 81:79 99:102 100:102 102:102 103:102 103:103 104:103 104:105 107:105 107:106 109:114 110:114 111:114 112:114 113:114 114:114 115:114 115:118 116:118 118:118 120:118 126:131 127:131 128:131 129:131 130:131 131:131 132:131 132:133 133:133 134:133 138:143 139:143 140:143 143:143 144:143 144:144 145:144 151:156 152:156 153:156 154:156 155:156 156:156 157:156 157:157 158:157 158:160 160:160 161:160 161:163 162:163 163:163 164:163 164:164 165:164 166:171 167:171 168:171 169:171 171:171 172:171 172:173 173:173 174:173 174:176 175:176 177:176 177:177 178:177 188:193 189:193 190:193 191:193 192:193 193:193 194:193 194:194 195:194 195:200 197:200 198:200 199:200 200:200 211:211 213:211 213:213 214:213 214:214 215:214 215:215 216:215 216:216 217:216 259:264 261:264 263:264 264:264 265:264 274:275 275:275 276:275 276:276 277:276 277:277 278:277 278:278 279:278 287:287 288:287 288:288 289:288 289:289 290:289 290:290 292:290 292:292 300:300 305:300 311:313 313:313 314:313 314:316 315:316 316:316 317:316 317:318 324:326 325:326 326:326 327:326 327:327 328:327 328:328 329:328 329:329 330:329 330:330 332:330 332:332 340:340 341:340 344:349 345:349 346:349 347:349 348:349 349:349 350:349 350:350 351:350 351:351 352:351 352:352 353:352 353:357 357:357 358:357 358:358 359:358 359:359 360:359 360:361 361:361 362:361 362:362 363:362 363:363 365:363 365:369 366:369 367:369 368:369 369:369 370:369 370:370 371:370 371:372 372:372 373:372 373:373 374:373 374:374 375:374 379:384 381:384 382:384 383:384 384:384 385:384 385:385 386:385 402:407 404:407 406:407 407:407 408:407 410:415 411:415 412:415 413:415 414:415 415:415 416:415 416:416 417:416 417:417 418:417 418:420 419:420 420:420 428:430 430:430 431:430 431:431 432:431 432:432 433:432 433:433 440:440 442:440 446:451 447:451 448:451 449:451 450:451 451:451 452:451 475:480 476:480 477:480 478:480 479:480 480:480 484:480 491:491 493:491 493:493 494:493 494:494 495:494 499:504 502:504 503:504 504:504 505:504 535:540 536:540 537:540 538:540 539:540 541:540 551:556 553:556 554:556 555:556 556:556 557:556 557:557 558:557 558:558 559:558 565:566 566:566 567:566 567:567 568:567 568:568 569:568 593:597 594:597 595:597 596:597 597:597 598:597 619:619 622:619 629:631 630:631 631:631 632:631 680:685 681:685 682:685 683:685 684:685 685:685 686:685 686:686 687:686 687:687 688:687 688:691 689:691 690:691 691:691 692:691 692:692 693:692 693:694 694:694 695:694 695:700 696:700 697:700 698:700 699:700 700:700 701:700 701:702 702:702 703:702 703:704 704:704 705:704 705:705 706:705 706:711 707:711 709:711 710:711 711:711 712:711 712:715 713:715 714:715 715:715 716:715 716:716 717:716 717:717 718:717 718:718 719:718 719:719 721:719 721:722 722:722 723:722 723:723 724:723 724:724 725:724 725:725 731:732 732:732 733:732 735:740 740:740 742:740 751:751 753:751 753:753 754:753 754:754 755:754 755:755 756:755 782:782 783:782 783:783 784:783 784:784 785:784"
"اعجاز اعوان","سیف اللہ (چکی والا)",9,"112 113 114 115 116 117","110:115 111:115 112:115 113:115 114:115 115:115 116:115 116:116 118:116"
"اعجاز اعوان","سینئر انڈر آفیسر صبغت اللہ",5,"278 279 280 299","276:281 277:281 278:281 279:281 300:299"
"اعجاز اعوان","سیکنڈ لفٹننٹ امتیاز",4,"485 488 747 750","484:486 491:486 745:750 751:750"
"اعجاز اعوان","شبیرا",7,"115 116 117 118 119","113:118 114:118 115:118 116:118 118:118 120:118 120:119"
"اعجاز اعوان","شعیب",106,"286 287 294 298 305 308 309 310 311 312 314 315 316 317 322 323 324 325 326 327 328 329 330 331 332 337 338 339 340 348 349 350 351 354 356 357 358 359 388 389 390 391 392 395 396 397 558 559 560 563 567 568 569 574 575 576 579 595 596 597 598 740 741 742 743 755 756 757 758 759 761","287:286 287:287 288:287 292:296 300:296 305:306 311:306 311:307 311:308 311:309 311:312 313:312 313:316 314:316 315:316 316:316 317:316 317:318 324:320 324:321 324:322 324:323 324:324 325:324 325:325 326:325 326:326 327:326 327:328 328:328 329:328 329:329 330:329 330:330 332:330 332:331 332:332 340:335 340:336 340:337 340:338 340:340 341:340 346:351 347:351 348:351 349:351 350:351 351:351 352:351 352:356 353:356 357:356 357:357 358:357 358:358 359:358 359:359 360:359 386:391 387:391 388:391 389:391 390:391 392:391 392:393 398:393 398:394 398:396 398:397 556:561 557:561 558:561 559:561 565:561 565:562 565:569 566:569 567:569 568:569 569:569 570:569 572:577 573:577 574:577 575:577 582:577 593:598 594:598 595:598 596:598 597:598 598:598 599:598 740:741 742:741 742:742 745:742 753:758 754:758 755:758 756:758 758:758 759:758 759:759 763:759"
"اعجاز اعوان","شمس (بدیع الزمان کا اسسٹنٹ)",47,"525 526 527 528 532 533 534 535 536 537 538 551 552 554 555 556 557 558 691 692 693 694 702 703 704 705 706 707 708","523:528 524:528 525:528 526:528 527:528 528:528 529:528 530:535 531:535 532:535 533:535 534:535 535:535 536:535 536:537 537:537 538:537 538:538 539:538 551:551 553:551 553:556 554:556 555:556 556:556 557:556 557:558 558:558 559:558 689:694 690:694 691:694 692:694 693:694 694:694 695:694 700:705 701:705 702:705 703:705 704:705 705:705 706:705 706:706 707:706 707:707 709:707"
"اعجاز اعوان","شوکت",16,"140 141 143 267 268 272 273 287 290 291 292","138:143 139:143 140:143 143:143 144:143 265:270 266:270 267:270 274:270 274:272 287:287 288:287 288:293 289:293 290:293 292:293"
"اعجاز اعوان","شہلا رضوی",4,"734 735 736 738","732:737 733:737 735:737 740:737"
"اعجاز اعوان","شیر بہادر اعوان",28,"62 64 65 68 69 70 71 73 77 78 79 80 83 84 85 88 89 90 91","60:64 61:64 64:64 65:64 65:65 66:65 66:70 67:70 68:70 69:70 70:70 71:70 71:72 75:72 75:80 76:80 79:80 81:80 81:85 82:85 83:85 86:85 86:91 87:91 88:91 89:91 91:91 92:91"
"اعجاز اعوان","شیشے والا سالا (بدیع الزمان کا دوسرا قرض خواہ)",12,"69 70 71 73 538 539 540 541","67:72 68:72 69:72 70:72 71:72 75:72 536:541 537:541 538:541 539:541 541:541 542:541"
"اعجاز اعوان","صوبیدار جہاں خان",2,"54 58","52:57 60:57"
"اعجاز اعوان","طارق (ورکس منیجر)",22,"269 273 277 278 279 520 521 522 523 524 525 526 527","267:272 274:272 275:280 276:280 277:280 278:280 279:280 518:522 519:522 520:522 521:522 522:522 523:522 523:523 524:523 524:524 525:524 525:525 526:525 526:527 527:527 528:527"
"اعجاز اعوان","ظفر چوہدری",6,"572 573 574 575 579","570:575 572:575 573:575 574:575 575:575 582:577"
"اعجاز اعوان","عامر محمود (چیف کیمسٹ)",21,"519 520 521 536 537 538 539 540 637 639 641 651 672 673 674","518:521 519:521 520:521 521:521 522:521 534:539 535:539 536:539 537:539 538:539 539:539 541:539 635:640 638:640 642:640 650:653 671:674 672:674 673:674 674:674 675:674"
"اعجاز اعوان","عباس (چاچا احمد کا بیٹا)",168,"20 22 36 37 38 39 83 84 86 98 100 101 114 115 116 117 118 119 162 163 164 165 166 167 168 169 170 171 172 173 174 175 176 177 190 191 192 193 230 231 232 235 236 237 238 239 240 241 242 243 244 245 246 247 249 251 252 254 255 287 288 300 303 304 305 308 313 314 315 316 317 324 325 354 355 357 430 431 432 433 565 566 598 599 600 601 602 604 605 606 607 618 719 720 721 722 723 724 752 753 754 755 782 783 784 785 786 787 788","20:21 23:21 23:22 35:38 36:38 37:38 38:38 40:38 81:86 82:86 83:86 86:86 87:86 96:101 99:101 100:101 102:101 112:117 113:117 114:117 115:117 116:117 118:117 118:119 120:119 160:165 161:165 162:165 163:165 164:165 165:165 166:165 166:166 167:166 167:168 168:168 169:168 169:169 171:169 171:172 172:172 173:172 173:173 174:173 174:175 175:175 177:175 177:176 177:177 178:177 188:193 189:193 190:193 191:193 192:193 193:193 194:193 228:232 229:232 230:232 231:232 232:232 233:232 233:238 234:238 235:238 236:238 237:238 238:238 239:238 239:240 240:240 241:240 241:241 242:241 242:242 243:242 243:243 244:243 244:245 245:245 246:245 246:246 247:246 247:247 251:247 251:251 253:251 253:255 254:255 255:255 256:255 287:288 288:288 289:288 300:301 305:301 305:302 305:303 305:304 305:305 311:306 311:316 313:316 314:316 315:316 316:316 317:316 317:317 324:325 325:325 326:325 352:357 353:357 357:357 358:357 428:432 430:432 431:432 432:432 433:432 433:433 565:566 566:566 567:566 596:601 597:601 598:601 599:601 602:601 602:602 607:602 607:603 607:604 607:605 607:607 608:607 619:617 619:618 717:722 718:722 719:722 721:722 722:722 723:722 723:723 724:723 724:724 725:724 751:754 753:754 754:754 755:754 755:755 756:755 782:782 783:782 783:783 784:783 784:785 785:785 786:785 786:786 787:786 787:787 788:787 788:788 789:788"
"اعجاز اعوان","علی بہادر",17,"62 63 64 65 69 70 71 73 88 89 90 91","60:65 61:65 64:65 65:65 66:65 67:72 68:72 69:72 70:72 71:72 75:72 86:91 87:91 88:91 89:91 91:91 92:91"
"اعجاز اعوان","عمران (ہوسٹل ساتھی)",20,"202 418 419 420 433 434 438 439 507 508 509 510 511","200:205 416:421 417:421 418:421 419:421 420:421 431:436 432:436 433:436 440:436 440:437 440:438 440:439 505:510 506:510 507:510 508:510 509:510 510:510 512:510"
"اعجاز اعوان","غلام حسین",35,"199 200 201 208 209 210 211 212 217 218 219 220 229 230 231 245 246 247 249 250 251 252 267 268 272","197:202 198:202 199:202 200:202 211:206 211:207 211:208 211:209 211:210 211:212 213:212 215:220 216:220 217:220 218:220 219:220 221:220 228:231 229:231 230:231 231:231 232:231 243:248 244:248 245:248 246:248 247:248 251:248 251:249 251:252 253:252 265:270 266:270 267:270 274:270"
"اعجاز اعوان","فرخ غوری",8,"707 708 709 710 731","705:710 706:710 707:710 709:710 710:710 711:710 731:731 732:731"
"اعجاز اعوان","فضلے",8,"50 51 52 480 481 483","48:52 49:52 50:52 52:52 478:483 479:483 480:483 484:483"
"اعجاز اعوان","فلک شیر اعوان",21,"62 63 64 65 68 69 70 77 78 79 80 88 89 90 91","60:65 61:65 64:65 65:65 66:65 66:70 67:70 68:70 69:70 70:70 71:70 75:80 76:80 79:80 81:80 86:91 87:91 88:91 89:91 91:91 92:91"
"اعجاز اعوان","قائد (پارٹی بانی لیڈر)",545,"6 7 34 35 59 69 70 71 73 81 82 83 84 87 88 89 90 92 93 94 101 102 103 106 108 109 111 112 113 120 121 122 123 124 125 126 128 129 130 131 132 135 136 137 138 142 144 145 180 181 182 183 184 185 186 187 188 191 192 193 194 195 196 211 212 217 218 219 220 221 222 223 224 226 227 228 229 234 235 236 237 242 243 244 245 247 249 250 261 262 263 264 269 273 286 288 289 290 291 307 310 312 313 314 324 325 340 341 342 343 344 347 348 349 351 352 353 355 359 360 361 362 363 364 365 366 367 368 369 370 371 373 374 376 377 378 379 380 381 383 384 385 386 387 388 389 390 391 392 396 397 398 399 400 401 402 403 404 405 406 408 409 410 411 414 415 416 417 418 419 420 428 429 442 443 444 445 446 447 450 451 452 453 454 455 458 459 460 461 462 463 464 466 467 468 471 472 473 474 476 477 478 479 480 482 483 486 489 490 493 494 495 496 497 498 499 500 504 505 506 507 508 510 511 519 520 521 522 523 524 525 526 527 528 532 533 534 535 536 538 539 540 541 542 549 551 552 555 556 557 558 559 563 567 568 569 570 571 573 574 575 580 582 583 584 585 586 588 590 592 593 595 596 597 607 608 609 610 618 621 622 623 627 628 629 632 633 634 635 636 638 640 642 643 644 646 649 650 666 668 670 671 673 674 675 676 677 678 679 680 681 682 683 684 686 687 688 692 693 694 695 697 698 699 700 701 702 704 705 706 723 724 725 728 731 734 735 738 744 746 749 755 756 757 758 772 773 774 788 789 790 791","8:4 8:5 8:6 35:34 35:35 36:35 60:58 67:72 68:72 69:72 70:72 71:72 75:72 79:83 81:83 82:83 83:83 86:83 86:89 87:89 88:89 89:89 91:89 91:90 91:94 92:94 93:94 94:94 95:94 99:103 100:103 102:103 103:103 104:103 104:109 107:109 108:109 109:109 110:109 110:113 111:113 112:113 113:113 114:113 118:122 120:122 121:122 122:122 123:122 123:123 124:123 124:124 126:124 126:126 127:126 127:130 128:130 129:130 130:130 131:130 131:132 132:132 133:132 133:138 134:138 135:138 136:138 137:138 138:138 139:138 140:145 143:145 144:145 145:145 146:145 178:183 179:183 181:183 182:183 183:183 184:183 184:184 185:184 185:185 186:185 186:186 187:186 187:188 188:188 189:188 189:194 190:194 191:194 192:194 193:194 194:194 195:194 195:195 197:195 197:196 211:212 213:212 215:220 216:220 217:220 218:220 219:220 221:220 221:221 222:221 222:222 224:222 224:223 224:224 228:224 228:225 228:226 228:229 229:229 230:229 232:237 233:237 234:237 235:237 236:237 237:237 238:237 240:245 241:245 242:245 243:245 244:245 245:245 246:245 246:248 247:248 251:248 251:249 251:250 259:264 261:264 263:264 264:264 265:264 267:272 274:272 287:286 287:290 288:290 289:290 290:290 292:290 305:309 311:309 311:314 313:314 314:314 315:314 324:325 325:325 326:325 340:341 341:341 342:341 342:342 343:342 343:343 344:343 344:344 345:344 345:349 346:349 347:349 348:349 349:349 350:349 350:353 351:353 352:353 353:353 357:353 357:361 358:361 359:361 360:361 361:361 362:361 362:363 363:363 365:363 365:364 365:365 366:365 366:366 367:366 367:368 368:368 369:368 369:370 370:370 371:370 371:371 372:371 372:374 373:374 374:374 375:374 375:378 376:378 377:378 378:378 379:378 379:379 381:379 381:381 382:381 382:385 383:385 384:385 385:385 386:385 386:386 387:386 387:387 388:387 388:389 389:389 390:389 390:390 392:390 392:391 392:392 398:394 398:395 398:396 398:397 398:398 399:398 399:399 400:399 400:401 401:401 402:401 402:402 404:402 404:403 404:404 406:404 406:406 407:406 407:410 408:410 409:410 410:410 411:410 411:411 412:411 412:417 413:417 414:417 415:417 416:417 417:417 418:417 418:418 419:418 419:419 420:419 420:420 428:429 430:429 440:445 442:445 443:445 444:445 445:445 446:445 446:447 447:447 448:447 448:452 449:452 450:452 451:452 452:452 453:452 453:453 454:453 454:454 455:454 455:455 456:455 456:461 458:461 460:461 461:461 462:461 462:463 463:463 464:463 464:464 465:464 465:468 466:468 467:468 468:468 469:468 469:474 470:474 471:474 472:474 473:474 474:474 475:474 475:478 476:478 477:478 478:478 479:478 479:479 480:479 480:481 484:481 484:482 484:488 491:488 491:489 491:496 493:496 494:496 495:496 496:496 497:496 497:497 498:497 498:499 499:499 502:499 502:507 503:507 504:507 505:507 506:507 507:507 508:507 508:508 509:508 509:511 510:511 512:511 518:520 519:520 520:520 521:520 521:521 522:521 522:522 523:522 523:523 524:523 524:524 525:524 525:525 526:525 526:526 527:526 527:527 528:527 528:528 529:528 530:535 531:535 532:535 533:535 534:535 535:535 536:535 536:536 537:536 537:539 538:539 539:539 541:539 541:540 541:542 542:542 551:547 551:551 553:551 553:558 554:558 555:558 556:558 557:558 558:558 559:558 559:559 565:561 565:562 565:569 566:569 567:569 568:569 569:569 570:569 570:571 572:571 572:574 573:574 574:574 575:574 575:575 582:578 582:579 582:582 583:582 583:583 584:583 584:584 585:584 585:586 586:586 591:586 591:590 591:593 593:593 594:593 594:597 595:597 596:597 597:597 598:597 607:608 608:608 609:608 609:609 610:609 610:610 619:617 619:623 622:623 623:623 629:626 629:627 629:628 629:629 630:629 630:635 631:635 632:635 633:635 635:635 638:635 638:638 642:638 642:642 645:642 645:643 645:648 650:648 650:649 650:650 668:664 668:669 671:669 671:671 672:671 672:675 673:675 674:675 675:675 676:675 676:677 677:677 678:677 678:678 679:678 679:679 680:679 680:681 681:681 682:681 682:682 683:682 683:684 684:684 685:684 685:688 686:688 687:688 688:688 689:688 690:695 691:695 692:695 693:695 694:695 695:695 696:695 696:698 697:698 698:698 699:698 699:699 700:699 700:701 701:701 702:701 702:702 703:702 703:706 704:706 705:706 706:706 707:706 721:726 722:726 723:726 724:726 725:726 731:726 731:731 732:731 732:736 733:736 735:736 740:736 742:747 745:747 751:747 753:758 754:758 755:758 756:758 758:758 759:758 771:774 772:774 775:774 786:791 787:791 788:791 789:791 790:791 792:791"
"اعجاز اعوان","قمر الاسلام",23,"458 459 460 461 474 475 476 477 478 479 495 496 497 498","456:461 458:461 460:461 461:461 462:461 472:477 473:477 474:477 475:477 476:477 477:477 478:477 478:478 479:478 479:479 480:479 493:498 494:498 495:498 496:498 497:498 498:498 499:498"
"اعجاز اعوان","لیفٹیننٹ کرنل اسلام الدین",53,"128 129 130 133 134 135 136 137 138 139 334 338 586 587 590 597 598 599 601 609 610 618 732 733 734 740 741 744 746 749 771 772 774 775 780","126:130 127:130 128:130 129:130 130:130 131:130 131:136 132:136 133:136 134:136 135:136 136:136 137:136 137:137 138:137 138:138 139:138 139:139 140:139 332:337 340:337 584:589 585:589 586:589 591:589 591:590 595:600 596:600 597:600 598:600 599:600 602:600 607:611 608:611 609:611 610:611 619:618 731:733 732:733 733:733 735:733 740:741 742:741 742:747 745:747 751:747 771:771 772:771 772:773 775:773 775:774 775:775 782:778"
"اعجاز اعوان","ماسی (سرفراز کی پرورش کرنے والی)",123,"21 22 23 24 36 37 38 39 68 69 70 71 73 74 77 79 80 100 101 102 115 116 117 118 119 128 129 130 131 132 133 153 154 155 156 157 158 159 162 163 164 165 170 171 172 173 174 175 176 177 240 241 242 243 245 246 255 256 257 258 289 290 291 292 300 302 315 316 317 565 566 567 568 630 631 632 633 634 752 753 754","20:22 23:22 23:23 24:23 24:24 35:38 36:38 37:38 38:38 40:38 66:71 67:71 68:71 69:71 70:71 71:71 75:71 75:74 75:79 76:79 79:79 81:79 99:102 100:102 102:102 103:102 113:118 114:118 115:118 116:118 118:118 120:118 126:131 127:131 128:131 129:131 130:131 131:131 132:131 132:133 133:133 134:133 151:156 152:156 153:156 154:156 155:156 156:156 157:156 157:157 158:157 158:158 160:158 160:164 161:164 162:164 163:164 164:164 165:164 165:165 166:165 168:173 169:173 171:173 172:173 173:173 174:173 174:174 175:174 175:175 177:175 177:176 177:177 178:177 238:243 239:243 240:243 241:243 242:243 243:243 244:243 244:246 245:246 246:246 247:246 253:257 254:257 255:257 256:257 257:257 258:257 258:258 259:258 287:292 288:292 289:292 290:292 292:292 300:300 305:300 313:317 314:317 315:317 316:317 317:317 565:566 566:566 567:566 567:568 568:568 569:568 629:631 630:631 631:631 632:631 632:633 633:633 635:633 635:634 751:754 753:754 754:754 755:754"
"اعجاز اعوان","ماسی مریم",126,"21 22 23 24 36 37 38 39 68 69 70 71 73 74 77 79 80 100 101 102 115 116 117 118 119 128 129 130 131 132 133 153 154 155 156 157 158 159 162 163 164 165 168 169 170 171 172 173 174 175 176 177 240 241 242 243 245 246 255 256 257 258 289 290 291 292 300 302 315 316 317 565 566 567 568 630 631 632 633 634 752 753 754","20:22 23:22 23:23 24:23 24:24 35:38 36:38 37:38 38:38 40:38 66:71 67:71 68:71 69:71 70:71 71:71 75:71 75:74 75:79 76:79 79:79 81:79 99:102 100:102 102:102 103:102 113:118 114:118 115:118 116:118 118:118 120:118 126:131 127:131 128:131 129:131 130:131 131:131 132:131 132:133 133:133 134:133 151:156 152:156 153:156 154:156 155:156 156:156 157:156 157:157 158:157 158:158 160:158 160:164 161:164 162:164 163:164 164:164 165:164 165:165 166:165 166:171 167:171 168:171 169:171 171:171 172:171 172:173 173:173 174:173 174:174 175:174 175:175 177:175 177:176 177:177 178:177 238:243 239:243 240:243 241:243 242:243 243:243 244:243 244:246 245:246 246:246 247:246 253:257 254:257 255:257 256:257 257:257 258:257 258:258 259:258 287:292 288:292 289:292 290:292 292:292 300:300 305:300 313:317 314:317 315:317 316:317 317:317 565:566 566:566 567:566 567:568 568:568 569:568 629:631 630:631 631:631 632:631 632:633 633:633 635:633 635:634 751:754 753:754 754:754 755:754"
"اعجاز اعوان","محمد نواز چیمہ",21,"90 91 92 93 94 384 385 386 387 388 389 390 391","88:93 89:93 91:93 92:93 93:93 94:93 94:94 95:94 382:387 383:387 384:387 385:387 386:387 387:387 388:387 388:388 389:388 389:389 390:389 390:390 392:390"
"اعجاز اعوان","محمد یاسین (طلوع کا رپورٹر/ساتھی)",7,"703 704 705 706","701:706 702:706 703:706 704:706 705:706 706:706 707:706"
"اعجاز اعوان","مرزا عبد الرشید",26,"342 343 344 345 458 459 460 461 462 463 464 465 493 494 495","340:344 341:344 342:344 343:344 344:344 345:344 345:345 346:345 456:461 458:461 460:461 461:461 462:461 462:462 463:462 463:463 464:463 464:464 465:464 465:465 466:465 491:495 493:495 494:495 495:495 496:495"
"اعجاز اعوان","معین الدین شاہ",13,"519 520 521 621 623 626 627 628","518:521 519:521 520:521 521:521 522:521 619:624 622:624 623:624 629:624 629:625 629:626 629:627 629:628"
"اعجاز اعوان","ملک جہانگیر اعوان (ایم ایل اے)",314,"37 38 39 40 83 84 85 88 89 90 91 93 94 95 106 108 109 122 123 124 125 126 138 139 140 142 143 144 145 146 147 148 149 151 152 157 158 159 160 162 163 179 180 181 182 183 185 186 187 188 190 191 192 193 196 197 198 199 219 220 221 222 223 226 228 229 230 231 232 234 235 236 237 238 239 242 243 244 245 246 253 254 255 261 262 263 264 265 266 274 275 276 288 289 290 291 342 343 344 347 348 349 359 360 361 362 363 364 365 371 372 373 374 375 376 377 378 379 380 383 384 385 386 399 400 401 402 403 405 406 407 408 409 410 411 412 415 416 417 418 419 495 496 497 498 499 500 504 505 506 507 508 509 510 511 512 519 520 561 564 565 566 567 568 569 570 571 572 584 585 586 588 591 592 593 594 595 596 597 607 608 609 610 619 620 631 632 633 634 643 645 647 673 674 675","35:40 36:40 37:40 38:40 40:40 81:85 82:85 83:85 86:85 86:91 87:91 88:91 89:91 91:91 92:91 92:95 93:95 94:95 95:95 96:95 104:109 107:109 108:109 109:109 110:109 120:124 121:124 122:124 123:124 124:124 126:124 126:126 127:126 136:141 137:141 138:141 139:141 140:141 143:141 143:142 143:143 144:143 144:144 145:144 145:145 146:145 146:146 147:146 147:147 148:147 148:148 149:148 149:149 150:149 150:152 151:152 152:152 153:152 155:160 156:160 157:160 158:160 160:160 161:160 161:163 162:163 163:163 164:163 177:181 178:181 179:181 181:181 182:181 182:183 183:183 184:183 184:186 185:186 186:186 187:186 187:188 188:188 189:188 189:191 190:191 191:191 192:191 192:193 193:193 194:193 194:199 195:199 197:199 198:199 199:199 200:199 217:222 218:222 219:222 221:222 222:222 224:222 224:229 228:229 229:229 230:229 230:230 231:230 231:232 232:232 233:232 233:236 234:236 235:236 236:236 237:236 237:237 238:237 238:238 239:238 239:239 240:239 240:245 241:245 242:245 243:245 244:245 245:245 246:245 246:246 247:246 251:255 253:255 254:255 255:255 256:255 259:264 261:264 263:264 264:264 265:264 265:266 266:266 267:266 274:275 275:275 276:275 276:276 277:276 287:289 288:289 289:289 290:289 290:290 292:290 340:344 341:344 342:344 343:344 344:344 345:344 345:349 346:349 347:349 348:349 349:349 350:349 357:361 358:361 359:361 360:361 361:361 362:361 362:362 363:362 363:363 365:363 365:365 366:365 369:374 370:374 371:374 372:374 373:374 374:374 375:374 375:375 376:375 376:376 377:376 377:377 378:377 378:378 379:378 379:379 381:379 381:386 382:386 383:386 384:386 385:386 386:386 387:386 398:401 399:401 400:401 401:401 402:401 402:402 404:402 404:406 406:406 407:406 407:407 408:407 408:408 409:408 409:409 410:409 410:410 411:410 411:412 412:412 413:412 413:417 414:417 415:417 416:417 417:417 418:417 418:419 419:419 420:419 493:497 494:497 495:497 496:497 497:497 498:497 498:499 499:499 502:499 502:507 503:507 504:507 505:507 506:507 507:507 508:507 508:508 509:508 509:509 510:509 510:510 512:510 512:512 518:520 519:520 520:520 521:520 559:564 565:564 565:565 566:565 566:567 567:567 568:567 568:569 569:569 570:569 570:570 572:570 572:572 573:572 582:586 583:586 584:586 585:586 586:586 591:586 591:591 593:591 593:593 594:593 594:595 595:595 596:595 596:596 597:596 597:597 598:597 607:608 608:608 609:608 609:609 610:609 610:610 619:619 622:619 629:633 630:633 631:633 632:633 633:633 635:633 642:645 645:645 650:645 671:675 672:675 673:675 674:675 675:675 676:675"
"اعجاز اعوان","ملک حمید",63,"145 146 147 148 188 189 190 191 192 193 194 235 236 237 238 242 243 244 245 263 264 265 266 274 275 581 582 583 584 596 597 598 599 600 788 789 790 791","143:147 144:147 145:147 146:147 147:147 148:147 148:148 149:148 186:191 187:191 188:191 189:191 190:191 191:191 192:191 192:192 193:192 193:194 194:194 195:194 233:238 234:238 235:238 236:238 237:238 238:238 239:238 240:245 241:245 242:245 243:245 244:245 245:245 246:245 261:266 263:266 264:266 265:266 266:266 267:266 274:275 275:275 276:275 582:581 582:582 583:582 583:583 584:583 584:584 585:584 594:599 595:599 596:599 597:599 598:599 599:599 602:599 786:791 787:791 788:791 789:791 790:791 792:791"
"اعجاز اعوان","ملک رشید (ملک حمید کا بھائی)",40,"132 133 134 135 136 137 138 139 148 149 150 151 274 275 276 342 343 344 460 461 462 463","130:135 131:135 132:135 133:135 134:135 135:135 136:135 136:136 137:136 137:137 138:137 138:138 139:138 139:139 140:139 146:151 147:151 148:151 149:151 150:151 151:151 152:151 274:275 275:275 276:275 276:276 277:276 340:344 341:344 342:344 343:344 344:344 345:344 458:462 460:462 461:462 462:462 463:462 463:463 464:463"
"اعجاز اعوان","ملک عالم جہاں اعوان",9,"54 58 59 88 89 90 91","52:57 60:57 60:58 86:91 87:91 88:91 89:91 91:91 92:91"
"اعجاز اعوان","ملک لطیف",17,"583 584 596 597 598 599 600 788 789 790 791","582:584 583:584 584:584 585:584 594:599 595:599 596:599 597:599 598:599 599:599 602:599 786:791 787:791 788:791 789:791 790:791 792:791"
"اعجاز اعوان","منشی کریم شاہ",20,"140 141 143 253 254 255 261 262 263 264 403 404 405 406","138:143 139:143 140:143 143:143 144:143 251:255 253:255 254:255 255:255 256:255 259:264 261:264 263:264 264:264 265:264 401:406 402:406 404:406 406:406 407:406"
"اعجاز اعوان","منظور (اعجاز کا ورکر)",139,"70 71 72 74 192 193 194 195 196 340 341 342 343 344 345 346 347 348 349 362 363 364 365 366 367 368 369 374 375 376 377 383 384 385 386 387 388 389 390 391 392 398 408 409 410 411 412 413 415 416 417 441 442 443 444 446 447 448 449 450 451 452 454 455 456 457 460 461 462 463 464 465 491 492 493 494 501 503 504 686 687 688 689","68:73 69:73 70:73 71:73 75:73 190:195 191:195 192:195 193:195 194:195 195:195 197:195 340:341 341:341 342:341 342:342 343:342 343:343 344:343 344:344 345:344 345:345 346:345 346:346 347:346 347:347 348:347 348:348 349:348 349:349 350:349 360:365 361:365 362:365 363:365 365:365 366:365 366:366 367:366 367:367 368:367 368:368 369:368 369:369 370:369 372:377 373:377 374:377 375:377 376:377 377:377 378:377 381:385 382:385 383:385 384:385 385:385 386:385 386:387 387:387 388:387 388:388 389:388 389:390 390:390 392:390 392:392 398:398 399:398 406:411 407:411 408:411 409:411 410:411 411:411 412:411 412:412 413:412 413:413 414:413 414:417 415:417 416:417 417:417 418:417 440:442 442:442 443:442 443:443 444:443 444:444 445:444 445:447 446:447 447:447 448:447 448:448 449:448 449:449 450:449 450:450 451:450 451:451 452:451 452:452 453:452 453:455 454:455 455:455 456:455 456:456 458:456 458:463 460:463 461:463 462:463 463:463 464:463 464:464 465:464 465:465 466:465 491:491 493:491 493:494 494:494 495:494 499:504 502:504 503:504 504:504 505:504 684:689 685:689 686:689 687:689 688:689 689:689 690:689"
"اعجاز اعوان","منیر میکنک",22,"467 468 469 470 471 472 477 478 479 480 482 585 586 587 589","465:470 466:470 467:470 468:470 469:470 470:470 471:470 471:472 472:472 473:472 475:480 476:480 477:480 478:480 479:480 480:480 484:480 583:588 584:588 585:588 586:588 591:588"
"اعجاز اعوان","مولوی فقیر الدین",14,"100 101 102 103 114 115 116 117 118 119","99:102 100:102 102:102 103:102 103:103 104:103 112:117 113:117 114:117 115:117 116:117 118:117 118:118 120:118"
"اعجاز اعوان","میاں انتظار حسین (ایڈووکیٹ ہائی کورٹ)",75,"10 83 84 85 441 442 552 553 554 555 556 558 559 588 591 592 620 621 622 623 626 627 628 630 631 632 634 635 636 638 640 641 642 643 645 647 648 649 650 665 666 667 668 669 672 673 676 677 678 682 683 684 685 731","8:12 9:12 81:85 82:85 83:85 86:85 440:442 442:442 443:442 551:554 553:554 554:554 555:554 555:556 556:556 557:556 557:559 558:559 559:559 586:591 591:591 593:591 619:621 622:621 622:622 623:622 623:624 629:624 629:625 629:628 629:632 630:632 631:632 632:632 633:632 633:635 635:635 638:635 638:639 642:639 642:641 642:642 645:642 645:645 650:645 650:646 650:647 650:648 650:649 650:651 668:663 668:664 668:666 668:667 668:668 671:668 671:673 672:673 673:673 674:673 674:678 675:678 676:678 677:678 678:678 679:678 680:685 681:685 682:685 683:685 684:685 685:685 686:685 731:731 732:731"
"اعجاز اعوان","میجر ست پال ٹھاکر (کیمپ افسرِ دشمن)",2,"777 780","775:779 782:779"
"اعجاز اعوان","میجر صدیق",14,"427 478 479 480 482 483 491 492 576 577 580","428:426 476:481 477:481 478:481 479:481 480:481 484:481 484:482 484:483 491:492 493:492 574:579 575:579 582:579"
"اعجاز اعوان","میجر قدیر (ازمیر مل کا ایڈمن افسر)",17,"519 520 521 522 523 524 536 537 538 539 540","518:521 519:521 520:521 521:521 522:521 522:522 523:522 523:524 524:524 525:524 534:539 535:539 536:539 537:539 538:539 539:539 541:539"
"اعجاز اعوان","میجر/کیپٹن سرفراز اعوان",551,"5 6 7 8 9 17 18 19 20 22 23 24 34 35 36 37 38 39 40 60 61 62 66 67 68 69 70 71 73 74 75 77 79 80 81 82 83 84 86 87 88 89 90 91 92 93 95 96 97 99 100 101 102 103 110 111 112 113 115 116 117 118 119 128 129 130 131 153 154 155 156 157 159 160 163 164 165 166 167 168 169 170 171 172 173 175 176 177 190 191 192 193 199 200 201 209 210 211 212 213 214 215 216 218 219 220 229 230 231 235 236 237 238 239 240 244 245 246 247 249 250 251 252 261 262 263 264 265 266 267 273 274 276 277 278 279 287 288 289 291 292 300 302 303 304 305 308 309 310 311 312 313 314 315 316 317 321 322 323 324 325 326 327 328 329 330 331 332 337 338 339 340 348 349 350 351 352 353 355 356 357 358 359 368 369 370 371 373 374 375 378 379 380 388 389 390 391 392 395 396 397 402 403 404 405 406 417 418 419 420 425 426 428 429 430 431 432 433 438 439 440 441 455 456 457 458 459 480 481 483 484 489 505 506 507 508 509 510 511 518 540 541 542 548 549 550 551 552 557 558 559 562 563 564 565 566 567 568 569 570 571 572 573 574 575 579 580 586 587 590 591 592 593 594 595 596 597 598 599 601 602 604 609 610 616 617 618 688 689 690 691 692 693 718 719 720 721 722 723 724 725 731 732 734 735 738 739 740 741 742 743 745 748 749 750 751 752 753 754 755 756 757 758 759 761 762 763 768 769 771 772 773 774 775 779 780 781 782 783 784 785 786 787 788 789 790 791 792","8:3 8:4 8:5 8:6 8:8 9:8 9:9 20:15 20:16 20:17 20:18 20:19 20:21 23:21 23:22 23:23 24:23 24:24 35:33 35:34 35:35 36:35 36:36 37:36 37:37 38:37 38:38 40:38 40:39 40:40 60:60 61:60 61:61 64:61 64:68 65:68 66:68 67:68 68:68 69:68 69:69 70:69 70:70 71:70 71:71 75:71 75:74 75:75 76:75 76:79 79:79 81:79 81:81 82:81 82:82 83:82 83:83 86:83 86:86 87:86 87:87 88:87 88:88 89:88 89:89 91:89 91:90 91:91 92:91 92:92 93:92 93:93 94:93 94:96 95:96 96:96 99:96 99:99 100:99 100:100 102:100 102:101 102:102 103:102 103:103 104:103 108:113 109:113 110:113 111:113 112:113 113:113 114:113 114:116 115:116 116:116 118:116 118:117 118:119 120:119 126:131 127:131 128:131 129:131 130:131 131:131 132:131 151:156 152:156 153:156 154:156 155:156 156:156 157:156 157:157 158:157 158:160 160:160 161:160 161:165 162:165 163:165 164:165 165:165 166:165 166:166 167:166 167:168 168:168 169:168 169:169 171:169 171:171 172:171 172:173 173:173 174:173 174:176 175:176 177:176 177:177 178:177 188:193 189:193 190:193 191:193 192:193 193:193 194:193 197:202 198:202 199:202 200:202 211:207 211:208 211:209 211:211 213:211 213:212 213:213 214:213 214:214 215:214 215:215 216:215 216:216 217:216 217:220 218:220 219:220 221:220 228:231 229:231 230:231 231:231 232:231 233:238 234:238 235:238 236:238 237:238 238:238 239:238 239:240 240:240 241:240 242:247 243:247 244:247 245:247 246:247 247:247 251:247 251:249 251:250 251:252 253:252 259:264 261:264 263:264 264:264 265:264 265:265 266:265 266:266 267:266 267:267 274:273 274:274 275:274 275:277 276:277 277:277 278:277 278:279 279:279 287:287 288:287 288:288 289:288 289:289 290:289 290:292 292:292 300:300 305:300 305:301 305:302 305:303 305:304 305:305 311:306 311:307 311:308 311:309 311:310 311:311 313:311 313:312 313:313 314:313 314:314 315:314 315:315 316:315 316:316 317:316 317:317 324:319 324:320 324:321 324:322 324:323 324:324 325:324 325:325 326:325 326:326 327:326 327:327 328:327 328:328 329:328 329:330 330:330 332:330 332:331 332:332 340:335 340:337 340:338 340:339 340:340 341:340 346:351 347:351 348:351 349:351 350:351 351:351 352:351 352:353 353:353 357:353 357:354 357:355 357:356 357:357 358:357 358:358 359:358 359:359 360:359 366:371 367:371 368:371 369:371 370:371 371:371 372:371 372:375 373:375 374:375 375:375 376:375 376:380 377:380 378:380 379:380 381:380 386:391 387:391 388:391 389:391 390:391 392:391 392:393 398:393 398:394 398:396 398:397 400:405 401:405 402:405 404:405 406:405 406:406 407:406 415:420 416:420 417:420 418:420 419:420 420:420 428:423 428:424 428:428 430:428 430:430 431:430 431:431 432:431 432:432 433:432 433:433 440:436 440:437 440:438 440:439 440:441 442:441 453:458 454:458 455:458 456:458 458:458 460:458 460:459 478:483 479:483 480:483 484:483 484:484 491:487 503:508 504:508 505:508 506:508 507:508 508:508 509:508 509:509 510:509 510:510 512:510 512:511 518:518 519:518 538:543 539:543 541:543 542:543 551:546 551:547 551:548 551:549 551:550 551:552 553:552 555:560 556:560 557:560 558:560 559:560 565:560 565:561 565:562 565:563 565:565 566:565 566:566 567:566 567:567 568:567 568:568 569:568 569:569 570:569 570:570 572:570 572:571 572:572 573:572 573:573 574:573 574:574 575:574 575:575 582:577 582:578 582:579 584:589 585:589 586:589 591:589 591:590 591:591 593:591 593:592 593:593 594:593 594:594 595:594 595:595 596:595 596:596 597:596 597:597 598:597 598:598 599:598 599:600 602:600 602:601 602:602 607:602 607:611 608:611 609:611 610:611 619:614 619:615 619:616 619:617 619:618 686:691 687:691 688:691 689:691 690:691 691:691 692:691 692:693 693:693 694:693 716:721 717:721 718:721 719:721 721:721 722:721 722:722 723:722 723:723 724:723 724:724 725:724 725:725 731:732 732:732 733:732 733:736 735:736 740:736 740:737 740:738 740:739 740:740 742:740 742:741 742:742 745:742 745:745 751:746 751:747 751:748 751:749 751:750 751:751 753:751 753:752 753:753 754:753 754:754 755:754 755:755 756:755 756:756 758:756 758:758 759:758 759:759 763:759 763:760 763:761 763:762 763:763 771:766 771:767 771:768 771:771 772:771 772:772 775:772 775:773 775:774 775:775 782:777 782:778 782:779 782:781 782:782 783:782 783:783 784:783 784:784 785:784 785:785 786:785 786:786 787:786 787:787 788:787 788:788 789:788 789:789 790:789 790:790 792:790 792:791 792:792"
"اعجاز اعوان","نامعلوم مزدور عورت (ملک حمید/لطیف کا تعلق)",200,"18 19 34 46 47 49 50 51 54 58 59 84 85 86 87 88 90 91 92 97 98 99 100 101 102 104 105 106 108 109 110 111 112 113 114 115 118 119 120 123 124 125 126 127 128 129 130 132 133 134 135 136 137 145 146 147 148 151 152 153 154 155 190 191 192 193 211 212 214 215 216 217 347 348 349 350 352 353 355 417 418 419 420 470 471 472 473 474 475 504 505 506 507 537 538 539 540 555 556 557 558 559 562 583 584 585 595 596 597 598 679 680 681 682 694 695 696 697 698 699 720 721 722 723 783 784 785 786","20:16 20:17 20:18 20:19 35:34 46:47 48:47 48:51 49:51 50:51 52:51 52:56 60:56 60:58 82:87 83:87 86:87 87:87 88:87 88:88 89:88 89:92 91:92 92:92 93:92 95:100 96:100 99:100 100:100 102:100 102:102 103:102 103:106 104:106 107:106 107:109 108:109 109:109 110:109 110:110 111:110 111:111 112:111 112:113 113:113 114:113 114:115 115:115 116:115 116:120 118:120 120:120 121:120 121:126 122:126 123:126 124:126 126:126 127:126 127:128 128:128 129:128 129:130 130:130 131:130 131:134 132:134 133:134 134:134 135:134 135:136 136:136 137:136 137:137 138:137 143:148 144:148 145:148 146:148 147:148 148:148 149:148 149:154 150:154 151:154 152:154 153:154 154:154 155:154 155:155 156:155 188:193 189:193 190:193 191:193 192:193 193:193 194:193 211:211 213:211 213:215 214:215 215:215 216:215 216:217 217:217 218:217 345:350 346:350 347:350 348:350 349:350 350:350 351:350 351:354 352:354 353:354 357:354 415:420 416:420 417:420 418:420 419:420 420:420 468:473 469:473 470:473 471:473 472:473 473:473 474:473 474:475 475:475 476:475 502:507 503:507 504:507 505:507 506:507 507:507 508:507 535:540 536:540 537:540 538:540 539:540 541:540 553:558 554:558 555:558 556:558 557:558 558:558 559:558 559:560 565:560 582:584 583:584 584:584 585:584 585:585 586:585 593:598 594:598 595:598 596:598 597:598 598:598 599:598 677:682 678:682 679:682 680:682 681:682 682:682 683:682 692:697 693:697 694:697 695:697 696:697 697:697 698:697 698:699 699:699 700:699 718:723 719:723 721:723 722:723 723:723 724:723 782:784 783:784 784:784 785:784 785:785 786:785 786:786 787:786"
"اعجاز اعوان","نانبائی (او جھری والا)",12,"202 208 209 210 675 676 677 678","200:205 211:206 211:207 211:208 211:209 673:678 674:678 675:678 676:678 677:678 678:678 679:678"
"اعجاز اعوان","نسرین",135,"6 8 9 17 19 25 26 34 42 45 46 47 49 50 51 112 113 114 115 116 117 166 167 168 169 170 175 176 177 178 189 190 191 192 193 215 216 217 247 248 250 331 332 333 342 343 344 345 353 354 356 357 404 405 406 407 410 411 412 472 473 474 475 586 587 590 591 592 595 596 597 598 599 601 604 607 609 610 616 617 618 737 739 740 741 743 745 748 783 784 785 786","8:4 8:9 9:9 20:15 20:18 20:19 23:28 24:28 35:34 40:44 46:44 46:46 48:46 48:51 49:51 50:51 52:51 110:115 111:115 112:115 113:115 114:115 115:115 116:115 116:116 118:116 164:169 165:169 166:169 167:169 168:169 169:169 171:169 173:178 174:178 175:178 177:178 178:178 179:178 187:192 188:192 189:192 190:192 191:192 192:192 193:192 193:193 194:193 213:217 214:217 215:217 216:217 217:217 218:217 245:250 246:250 247:250 251:250 329:334 330:334 332:334 340:345 341:345 342:345 343:345 344:345 345:345 346:345 351:356 352:356 353:356 357:356 357:357 358:357 402:407 404:407 406:407 407:407 408:407 408:412 409:412 410:412 411:412 412:412 413:412 470:475 471:475 472:475 473:475 474:475 475:475 476:475 584:589 585:589 586:589 591:589 591:590 591:592 593:592 593:597 594:597 595:597 596:597 597:597 598:597 598:598 599:598 599:600 602:600 602:601 602:607 607:607 608:607 608:611 609:611 610:611 619:614 619:615 619:616 619:617 735:739 740:739 740:741 742:741 742:745 745:745 751:746 782:784 783:784 784:784 785:784 785:785 786:785 786:786 787:786"
"اعجاز اعوان","نسیمہ (شعیب کی بہن)",148,"286 313 314 315 316 318 321 322 323 324 326 327 328 329 330 331 332 337 338 339 340 348 349 350 351 352 353 355 356 357 358 359 388 389 390 391 393 396 397 417 418 419 420 481 482 484 489 540 541 542 548 549 550 551 552 557 558 559 562 563 564 568 569 570 571 572 573 574 575 580 586 587 590 595 596 597 598 718 719 720 721 722 723 724 737 739 740 741 742 743 745 748 752 753 754 755 756 757 783 784 785","287:286 311:316 313:316 314:316 315:316 316:316 317:316 317:319 324:319 324:320 324:321 324:323 324:324 325:324 325:328 326:328 327:328 328:328 329:328 329:329 330:329 330:330 332:330 332:332 340:335 340:336 340:338 340:339 340:340 341:340 346:351 347:351 348:351 349:351 350:351 351:351 352:351 352:353 353:353 357:353 357:354 357:355 357:356 357:357 358:357 358:358 359:358 359:359 360:359 386:391 387:391 388:391 389:391 390:391 392:391 392:394 398:394 398:395 398:396 398:397 415:420 416:420 417:420 418:420 419:420 420:420 479:484 480:484 484:484 491:487 538:543 539:543 541:543 542:543 551:546 551:547 551:548 551:549 551:550 551:552 553:552 555:560 556:560 557:560 558:560 559:560 565:560 565:561 565:562 565:563 566:571 567:571 568:571 569:571 570:571 572:571 572:573 573:573 574:573 574:574 575:574 575:575 582:578 582:579 584:589 585:589 586:589 591:589 591:590 593:598 594:598 595:598 596:598 597:598 598:598 599:598 716:721 717:721 718:721 719:721 721:721 722:721 722:722 723:722 723:724 724:724 725:724 735:739 740:739 740:740 742:740 742:742 745:742 745:746 751:746 751:753 753:753 754:753 754:754 755:754 755:756 756:756 758:756 782:785 783:785 784:785 785:785 786:785"
"اعجاز اعوان","نصیر شیخ (پارٹی امیدوار)",8,"364 365 366 367 398","362:367 363:367 365:367 366:367 367:367 368:367 398:398 399:398"
"اعجاز اعوان","نمائر (کیمپ کا قیدی ساتھی)",12,"478 479 480 482 574 575 580","476:481 477:481 478:481 479:481 480:481 484:481 572:576 573:576 574:576 575:576 582:578 582:579"
"اعجاز اعوان","نیلی (بھینس)",12,"47 48 700 701 702 703 704","46:48 48:48 49:48 698:703 699:703 700:703 701:703 702:703 703:703 704:703 704:704 705:704"
"اعجاز اعوان","وریا م",6,"88 89 90 91","86:91 87:91 88:91 89:91 91:91 92:91"
"اعجاز اعوان","وسیم بھائی (بدیع الزمان کا سالا/قرض خواہ)",115,"7 8 18 24 25 35 37 38 39 47 48 59 71 72 74 77 79 80 83 84 86 106 108 109 133 134 135 136 180 181 182 183 276 277 278 279 342 343 344 353 354 356 377 378 379 380 383 384 385 386 420 421 425 527 528 529 530 604 606 624 627 628 687 688 689 690 708 709 710 711 744 745 748 781 789 790 791 792","8:7 8:8 9:8 20:17 23:26 24:26 35:35 36:35 36:38 37:38 38:38 40:38 46:48 48:48 49:48 60:59 69:74 70:74 71:74 75:74 75:79 76:79 79:79 81:79 81:86 82:86 83:86 86:86 87:86 104:109 107:109 108:109 109:109 110:109 131:136 132:136 133:136 134:136 135:136 136:136 137:136 178:183 179:183 181:183 182:183 183:183 184:183 274:279 275:279 276:279 277:279 278:279 279:279 340:344 341:344 342:344 343:344 344:344 345:344 351:356 352:356 353:356 357:356 375:380 376:380 377:380 378:380 379:380 381:380 381:386 382:386 383:386 384:386 385:386 386:386 387:386 418:423 419:423 420:423 428:423 525:530 526:530 527:530 528:530 529:530 530:530 531:530 602:606 607:606 622:626 623:626 629:626 629:627 685:690 686:690 687:690 688:690 689:690 690:690 691:690 706:711 707:711 709:711 710:711 711:711 712:711 742:746 745:746 751:746 782:781 787:792 788:792 789:792 790:792 792:792"
"اعجاز اعوان","پروفیسر میر صاحب",13,"219 220 221 222 223 245 246 247 249 250","217:222 218:222 219:222 221:222 222:222 224:222 243:248 244:248 245:248 246:248 247:248 251:248 251:249"
"اعجاز اعوان","پھاتو مراثن (ڈھولکی)",4,"355 357 358","353:358 357:358 358:358 359:358"
"اعجاز اعوان","پیر حمید الدین بلال شاہ (مرشد بلال پور شریف)",21,"6 7 34 159 160 161 162 755 756 757 788 789 790 791","8:4 8:5 8:6 35:34 157:162 158:162 160:162 161:162 162:162 163:162 753:757 754:757 755:757 756:757 758:757 786:791 787:791 788:791 789:791 790:791 792:791"
"اعجاز اعوان","چاچا احمد خان راٹھور",420,"21 23 35 36 37 38 39 47 48 49 54 58 61 62 63 65 66 67 73 75 76 77 100 101 102 103 104 106 107 112 113 114 115 116 117 118 119 120 121 122 123 126 127 128 130 131 132 133 140 141 143 145 146 147 148 149 151 152 157 158 159 160 161 162 163 164 165 166 167 168 169 170 171 172 173 174 175 176 177 178 180 181 183 184 185 186 187 188 189 190 191 192 193 194 195 196 197 198 199 200 208 209 210 211 212 214 215 216 217 218 219 220 222 223 224 226 229 230 231 233 234 235 236 237 238 240 241 242 243 244 245 246 247 249 250 251 252 259 260 261 262 263 274 275 276 277 278 279 287 288 289 290 291 292 300 302 303 313 314 315 316 317 353 354 356 357 358 360 361 362 369 370 371 372 374 375 383 384 385 406 407 408 430 431 432 441 442 443 471 472 473 474 492 493 509 510 511 512 556 557 558 559 565 566 567 569 570 571 572 573 574 585 586 587 589 598 599 600 601 602 604 605 606 607 608 609 619 620 631 632 633 634 691 692 693 694 697 698 699 700 703 704 705 706 720 721 722 723 724 732 733 734 737 739 752 753 754 755 756 757 782 784 785 786 787","20:23 23:23 24:23 35:36 36:36 37:36 37:38 38:38 40:38 46:49 48:49 49:49 50:49 52:57 60:57 60:63 61:63 64:63 64:67 65:67 66:67 67:67 68:67 71:76 75:76 76:76 79:76 99:102 100:102 102:102 103:102 103:103 104:103 104:105 107:105 107:106 107:107 108:107 110:115 111:115 112:115 113:115 114:115 115:115 116:115 116:116 118:116 118:117 118:118 120:118 120:119 120:120 121:120 121:121 122:121 122:122 123:122 123:123 124:123 124:128 126:128 127:128 128:128 129:128 129:131 130:131 131:131 132:131 132:133 133:133 134:133 138:143 139:143 140:143 143:143 144:143 144:146 145:146 146:146 147:146 147:147 148:147 148:148 149:148 149:149 150:149 150:152 151:152 152:152 153:152 155:160 156:160 157:160 158:160 160:160 161:160 161:162 162:162 163:162 163:163 164:163 164:164 165:164 165:165 166:165 166:166 167:166 167:167 168:167 168:168 169:168 169:169 171:169 171:170 171:171 172:171 172:172 173:172 173:173 174:173 174:174 175:174 175:175 177:175 177:176 177:177 178:177 178:178 179:178 179:181 181:181 182:181 182:184 183:184 184:184 185:184 185:185 186:185 186:186 187:186 187:188 188:188 189:188 189:189 190:189 190:190 191:190 191:191 192:191 192:192 193:192 193:193 194:193 194:194 195:194 195:195 197:195 197:196 197:197 198:197 198:198 199:198 199:199 200:199 200:200 211:206 211:207 211:208 211:209 211:210 211:212 213:212 213:216 214:216 215:216 216:216 217:216 217:217 218:217 218:218 219:218 219:220 221:220 221:223 222:223 224:223 224:225 228:225 228:231 229:231 230:231 231:231 232:231 232:234 233:234 234:234 235:234 235:236 236:236 237:236 237:238 238:238 239:238 239:241 240:241 241:241 242:241 242:242 243:242 243:243 244:243 244:244 245:244 245:245 246:245 246:246 247:246 247:248 251:248 251:249 251:250 251:252 253:252 257:262 258:262 259:262 261:262 263:262 263:263 264:263 274:275 275:275 276:275 276:276 277:276 277:277 278:277 278:278 279:278 279:279 287:287 288:287 288:288 289:288 289:290 290:290 292:290 292:292 300:300 305:300 305:301 305:302 311:316 313:316 314:316 315:316 316:316 317:316 317:317 351:356 352:356 353:356 357:356 357:357 358:357 358:358 359:358 359:362 360:362 361:362 362:362 363:362 367:372 368:372 369:372 370:372 371:372 372:372 373:372 373:375 374:375 375:375 376:375 381:385 382:385 383:385 384:385 385:385 386:385 404:408 406:408 407:408 408:408 409:408 428:432 430:432 431:432 432:432 433:432 440:443 442:443 443:443 444:443 469:474 470:474 471:474 472:474 473:474 474:474 475:474 491:493 493:493 494:493 507:512 508:512 509:512 510:512 512:512 554:559 555:559 556:559 557:559 558:559 559:559 565:566 566:566 567:566 567:567 568:567 568:570 569:570 570:570 572:570 572:573 573:573 574:573 574:574 575:574 583:588 584:588 585:588 586:588 591:588 596:601 597:601 598:601 599:601 602:601 602:602 607:602 607:603 607:604 607:605 607:607 608:607 608:608 609:608 609:609 610:609 619:619 622:619 629:633 630:633 631:633 632:633 633:633 635:633 635:634 689:694 690:694 691:694 692:694 693:694 694:694 695:694 695:700 696:700 697:700 698:700 699:700 700:700 701:700 701:706 702:706 703:706 704:706 705:706 706:706 707:706 718:723 719:723 721:723 722:723 723:723 724:723 724:724 725:724 731:734 732:734 733:734 735:734 735:739 740:739 751:754 753:754 754:754 755:754 755:755 756:755 756:757 758:757 782:782 783:782 783:785 784:785 785:785 786:785 786:787 787:787 788:787"
"اعجاز اعوان","چنبیلی (گھوڑی)",11,"42 45 47 48 66 67 68","40:45 46:45 46:48 48:48 49:48 64:68 65:68 66:68 67:68 68:68 69:68"
"اعجاز اعوان","چوہدری ارشد (یونین رہنما)",6,"362 363 364 365","360:365 361:365 362:365 363:365 365:365 366:365"
"اعجاز اعوان","چوہدری اظہر (ایس ایچ او نور پور)",79,"54 58 109 110 111 112 133 134 135 136 137 138 139 148 149 150 151 301 303 347 348 349 350 447 448 449 450 452 453 566 567 581 582 583 584 585 596 597 598 599 600 604 606 607 755 756 757 758","52:57 60:57 107:112 108:112 109:112 110:112 111:112 112:112 113:112 131:136 132:136 133:136 134:136 135:136 136:136 137:136 137:137 138:137 138:138 139:138 139:139 140:139 146:151 147:151 148:151 149:151 150:151 151:151 152:151 300:302 305:302 345:350 346:350 347:350 348:350 349:350 350:350 351:350 445:450 446:450 447:450 448:450 449:450 450:450 451:450 451:453 452:453 453:453 454:453 565:567 566:567 567:567 568:567 582:581 582:582 583:582 583:583 584:583 584:584 585:584 585:585 586:585 594:599 595:599 596:599 597:599 598:599 599:599 602:599 602:606 607:606 607:607 608:607 753:758 754:758 755:758 756:758 758:758 759:758"
"اعجاز اعوان","چوہدری اللہ داد خان",6,"255 256 257","253:257 254:257 255:257 256:257 257:257 258:257"
"اعجاز اعوان","چوہدری شدا",6,"363 364 365 366","361:366 362:366 363:366 365:366 366:366 367:366"
"اعجاز اعوان","ڈاکٹر (کریم بخش کا بیٹا)",142,"20 21 50 51 52 58 59 106 108 109 111 112 128 129 130 131 215 216 217 452 453 454 455 462 463 464 498 499 500 501 502 505 506 507 508 509 510 511 512 519 520 523 524 525 526 527 529 530 531 532 533 534 553 554 555 621 622 623 630 631 632 635 636 637 643 644 645 647 648 649 651 678 679 680 681 682 683 684 685 692 693 694 695 696 697 698 699 765 769","20:20 23:20 48:52 49:52 50:52 52:52 60:57 60:58 104:109 107:109 108:109 109:109 110:109 110:112 111:112 112:112 113:112 126:131 127:131 128:131 129:131 130:131 131:131 132:131 213:217 214:217 215:217 216:217 217:217 218:217 450:455 451:455 452:455 453:455 454:455 455:455 456:455 460:464 461:464 462:464 463:464 464:464 465:464 496:501 497:501 498:501 499:501 502:501 502:502 503:502 503:507 504:507 505:507 506:507 507:507 508:507 508:509 509:509 510:509 510:510 512:510 512:512 518:520 519:520 520:520 521:520 521:526 522:526 523:526 524:526 525:526 526:526 527:526 527:527 528:527 528:531 529:531 530:531 531:531 532:531 532:533 533:533 534:533 534:534 535:534 551:555 553:555 554:555 555:555 556:555 619:623 622:623 623:623 629:632 630:632 631:632 632:632 633:632 633:637 635:637 638:637 642:644 645:644 645:645 650:645 650:646 650:647 650:648 650:649 650:652 676:681 677:681 678:681 679:681 680:681 681:681 682:681 682:682 683:682 683:683 684:683 684:684 685:684 685:685 686:685 690:695 691:695 692:695 693:695 694:695 695:695 696:695 696:696 697:696 697:697 698:697 698:698 699:698 699:699 700:699 763:767 771:767"
"اعجاز اعوان","ڈاکٹر احسان الحق (پُل کھنگر)",28,"507 508 509 510 511 519 520 528 529 530 531 533 534 643 645 647 648 649","505:510 506:510 507:510 508:510 509:510 510:510 512:510 518:520 519:520 520:520 521:520 526:531 527:531 528:531 529:531 530:531 531:531 532:531 532:534 533:534 534:534 535:534 642:645 645:645 650:645 650:647 650:648 650:649"
"اعجاز اعوان","ڈاکٹر خدابخش کھوکھر (چیف کیمسٹ)",18,"519 520 521 536 537 538 539 540 652 672 673 674","518:521 519:521 520:521 521:521 522:521 534:539 535:539 536:539 537:539 538:539 539:539 541:539 650:654 671:674 672:674 673:674 674:674 675:674"
"اعجاز اعوان","ڈاکٹر سعد اللہ خان (کنسلٹنٹ کارڈیالوجسٹ)",10,"692 693 694 695 696 697","690:695 691:695 692:695 693:695 694:695 695:695 696:695 696:697 697:697 698:697"
"اعجاز اعوان","ڈاکٹر عرفان (ڈیوٹی ڈاکٹر آئی سی یو)",10,"692 693 694 695 696 697","690:695 691:695 692:695 693:695 694:695 695:695 696:695 696:697 697:697 698:697"
"اعجاز اعوان","کامران خان (جواں سال کیمسٹ)",10,"647 649 651 669 671 673 674","645:649 650:649 650:652 668:671 671:671 672:671 672:674 673:674 674:674 675:674"
"اعجاز اعوان","کریم راٹھور",70,"87 88 89 90 261 262 263 264 509 510 511 512 520 521 522 523 524 525 526 527 528 536 537 538 539 540 621 623 626 668 669 672 673 674 676 677 678 716 717 718 719 720 782 784 785 786 787","86:89 87:89 88:89 89:89 91:89 259:264 261:264 263:264 264:264 265:264 507:512 508:512 509:512 510:512 512:512 518:523 519:523 520:523 521:523 522:523 523:523 524:523 524:524 525:524 525:525 526:525 526:527 527:527 528:527 528:528 529:528 534:539 535:539 536:539 537:539 538:539 539:539 541:539 619:624 622:624 623:624 629:624 668:668 671:668 671:674 672:674 673:674 674:674 675:674 675:678 676:678 677:678 678:678 679:678 714:719 715:719 716:719 717:719 718:719 719:719 721:719 782:782 783:782 783:786 784:786 785:786 786:786 787:786 787:787 788:787"
"اعجاز اعوان","کلونت کور",14,"25 38 39 40 43 44 50 51 52 57","23:27 24:27 36:41 37:41 38:41 40:41 46:41 46:42 46:43 48:53 49:53 50:53 52:53 60:55"
"اعجاز اعوان","کنیز",151,"101 102 103 106 108 109 110 111 112 117 118 119 120 121 122 128 129 130 131 132 133 134 135 136 137 138 139 140 141 145 146 147 148 150 151 152 153 154 155 156 158 159 160 162 163 189 190 191 192 193 194 195 196 198 199 200 213 214 215 216 217 380 381 382 383 462 463 464 465 468 469 470 472 473 474 475 476 477 537 538 539 540 583 584 585 686 687 688 689","99:103 100:103 102:103 103:103 104:103 104:109 107:109 108:109 109:109 110:109 110:110 111:110 111:112 112:112 113:112 115:120 116:120 118:120 120:120 121:120 121:121 122:121 122:122 123:122 126:130 127:130 128:130 129:130 130:130 131:130 131:132 132:132 133:132 133:133 134:133 134:134 135:134 135:135 136:135 136:137 137:137 138:137 138:138 139:138 139:139 140:139 140:140 143:140 143:148 144:148 145:148 146:148 147:148 148:148 149:148 149:151 150:151 151:151 152:151 152:153 153:153 154:153 154:154 155:154 155:155 156:155 156:156 157:156 157:160 158:160 160:160 161:160 161:163 162:163 163:163 164:163 187:192 188:192 189:192 190:192 191:192 192:192 193:192 193:193 194:193 194:194 195:194 195:195 197:195 197:199 198:199 199:199 200:199 200:200 211:216 213:216 214:216 215:216 216:216 217:216 217:217 218:217 378:383 379:383 381:383 382:383 383:383 384:383 460:465 461:465 462:465 463:465 464:465 465:465 466:465 466:470 467:470 468:470 469:470 470:470 471:470 471:473 472:473 473:473 474:473 474:474 475:474 475:475 476:475 476:476 477:476 477:477 478:477 535:540 536:540 537:540 538:540 539:540 541:540 582:585 583:585 584:585 585:585 586:585 684:689 685:689 686:689 687:689 688:689 689:689 690:689"
"اعجاز اعوان","کو چوہا (چوکیدار/کھیت میں سونے والا)",7,"255 256 257 258","253:258 254:258 255:258 256:258 257:258 258:258 259:258"
"اعجاز اعوان","کیپٹن اسد اللہ",3,"281 285 286","279:284 287:284 287:285"
"اعجاز اعوان","کیپٹن اسرار",21,"11 34 353 354 356 557 558 559 562 723 724 725 728 772 774","9:14 35:34 351:356 352:356 353:356 357:356 555:560 556:560 557:560 558:560 559:560 565:560 721:726 722:726 723:726 724:726 725:726 731:726 771:773 772:773 775:773"
"اعجاز اعوان","کیپٹن جمال",27,"6 17 18 19 279 280 284 286 586 587 590 591 592 595 596 597 598 617 618","8:4 20:15 20:16 20:17 20:18 20:19 277:282 278:282 279:282 287:282 287:286 584:589 585:589 586:589 591:589 591:592 593:592 593:597 594:597 595:597 596:597 597:597 598:597 598:598 599:598 619:616 619:617"
"اعجاز اعوان","کیپٹن دلاور",13,"311 312 318 319 322 323 328 329 330 331 332","311:312 313:312 316:321 317:321 324:321 324:322 326:331 327:331 328:331 329:331 330:331 332:331 332:333"
"اعجاز اعوان","کیڈٹ حبیب اللہ",2,"286","287:285 287:286"
"اعجاز اعوان","کیڈٹ مجید اللہ",4,"294 298 299","292:297 300:297 300:298 300:299"
"اعجاز اعوان","کیڈٹ نواز کھوکھر",4,"770 776 780","771:769 771:770 775:778 782:778"
"اعجاز اعوان","گل افروز خان",58,"258 259 260 261 262 263 276 277 278 279 287 288 347 348 349 350 351 352 353 355 358 359 360 367 368 369 371 372 381 382 383 384 413 414 415 416","256:261 257:261 258:261 259:261 261:261 263:261 263:262 263:263 264:263 274:279 275:279 276:279 277:279 278:279 279:279 287:288 288:288 289:288 345:350 346:350 347:350 348:350 349:350 350:350 351:350 351:351 352:351 352:353 353:353 357:353 357:360 358:360 359:360 360:360 361:360 365:369 366:369 367:369 368:369 369:369 370:369 370:372 371:372 372:372 373:372 379:384 381:384 382:384 383:384 384:384 385:384 411:416 412:416 413:416 414:416 415:416 416:416 417:416"
"اعجاز اعوان","ہکیم حاذق",9,"503 504 505 506 507","502:505 503:505 504:505 505:505 506:505 506:506 507:506 507:507 508:507"
"اعجاز اعوان","یعقوب اعوان",150,"22 23 24 33 35 36 39 40 43 44 45 46 47 48 49 50 51 52 58 59 61 62 63 64 65 66 67 68 69 70 71 73 74 75 76 77 78 79 80 98 100 101 140 141 143 162 163 164 231 232 233 234 235 237 238 239 275 276 277 301 304 305 312 313 372 373 374 375 383 384 385 429 430 431 432 492 493 494 571 572 573 574 720 721 722 723 777 781 784 785 786 787 790 791 792","20:24 23:24 24:24 35:32 35:35 36:35 36:36 37:36 37:41 38:41 40:41 46:41 46:43 46:44 46:45 46:46 48:46 48:47 48:48 49:48 49:49 50:49 50:50 52:50 52:51 52:52 60:56 60:57 60:58 60:59 60:63 61:63 64:63 64:64 65:64 65:65 66:65 66:66 67:66 67:67 68:67 68:68 69:68 69:70 70:70 71:70 71:71 75:71 75:72 75:73 75:74 75:75 76:75 76:76 79:76 79:77 79:78 79:79 81:79 81:80 96:101 99:101 100:101 102:101 138:143 139:143 140:143 143:143 144:143 160:164 161:164 162:164 163:164 164:164 165:164 229:234 230:234 231:234 232:234 233:234 234:234 235:234 235:235 236:235 236:239 237:239 238:239 239:239 240:239 274:277 275:277 276:277 277:277 278:277 300:303 305:303 305:304 305:305 311:313 313:313 314:313 370:375 371:375 372:375 373:375 374:375 375:375 376:375 381:385 382:385 383:385 384:385 385:385 386:385 428:430 430:430 431:430 431:432 432:432 433:432 491:493 493:493 494:493 494:494 495:494 569:574 570:574 572:574 573:574 574:574 575:574 718:723 719:723 721:723 722:723 723:723 724:723 775:780 782:780 782:787 783:787 784:787 785:787 786:787 787:787 788:787 788:792 789:792 790:792 792:792"
"افضال احمد (اسسٹنٹ ایڈیٹر طلوع)","بدر الحق (ایگزیکٹو ایڈیٹر طلوع)",3,"703 704 706","706:701 706:702 706:706"
"افضال احمد (اسسٹنٹ ایڈیٹر طلوع)","بدیع الزمان",3,"703 704 706","706:701 706:702 706:706"
"افضال احمد (اسسٹنٹ ایڈیٹر طلوع)","زیدی صاحب (چیف ایڈیٹر طلوع)",1,"703","706:701"
"افضال احمد (اسسٹنٹ ایڈیٹر طلوع)","سلیم",1,"706","706:706"
"افضال احمد (اسسٹنٹ ایڈیٹر طلوع)","سکینہ (اعجاز کی بیوی)",4,"704 705 708","706:702 706:704 706:705 706:711"
"افضال احمد (اسسٹنٹ ایڈیٹر طلوع)","شمس (بدیع الزمان کا اسسٹنٹ)",2,"705 706","706:705 706:706"
"افضال احمد (اسسٹنٹ ایڈیٹر طلوع)","فرخ غوری",1,"708","706:710"
"افضال احمد (اسسٹنٹ ایڈیٹر طلوع)","قائد (پارٹی بانی لیڈر)",3,"703 704 706","706:701 706:702 706:706"
"افضال احمد (اسسٹنٹ ایڈیٹر طلوع)","محمد یاسین (طلوع کا رپورٹر/ساتھی)",1,"706","706:706"
"افضال احمد (اسسٹنٹ ایڈیٹر طلوع)","نیلی (بھینس)",2,"704 705","706:703 706:704"
"افضال احمد (اسسٹنٹ ایڈیٹر طلوع)","وسیم بھائی (بدیع الزمان کا سالا/قرض خواہ)",1,"708","706:711"
"افضال احمد (اسسٹنٹ ایڈیٹر طلوع)","چاچا احمد خان راٹھور",1,"706","706:706"
"اقبال (کنیز کا بچہ/سکول جانے والا)","ایوب اعوان",1,"733","733:733"
"اقبال (کنیز کا بچہ/سکول جانے والا)","حسن (اعجاز/سکینہ کا بیٹا)",1,"733","733:733"
"اقبال (کنیز کا بچہ/سکول جانے والا)","حسین (اعجاز/سکینہ کا بیٹا)",2,"392 733","393:391 733:733"
"اقبال (کنیز کا بچہ/سکول جانے والا)","ریاض (سرفراز کا ڈرائیور)",1,"735","733:738"
"اقبال (کنیز کا بچہ/سکول جانے والا)","سراج گجر",1,"733","733:733"
"اقبال (کنیز کا بچہ/سکول جانے والا)","سلیم",1,"732","733:731"
"اقبال (کنیز کا بچہ/سکول جانے والا)","سکینہ (اعجاز کی بیوی)",3,"193 194 732","194:193 194:194 733:732"
"اقبال (کنیز کا بچہ/سکول جانے والا)","شعیب",2,"392 393","393:391 393:393"
"اقبال (کنیز کا بچہ/سکول جانے والا)","شہلا رضوی",1,"735","733:737"
"اقبال (کنیز کا بچہ/سکول جانے والا)","عباس (چاچا احمد کا بیٹا)",1,"193","194:193"
"اقبال (کنیز کا بچہ/سکول جانے والا)","فرخ غوری",1,"732","733:731"
"اقبال (کنیز کا بچہ/سکول جانے والا)","قائد (پارٹی بانی لیڈر)",8,"194 391 392 393 732 734","194:194 393:389 393:390 393:391 393:392 393:394 733:731 733:736"
"اقبال (کنیز کا بچہ/سکول جانے والا)","لیفٹیننٹ کرنل اسلام الدین",1,"733","733:733"
"اقبال (کنیز کا بچہ/سکول جانے والا)","محمد نواز چیمہ",3,"390 391","393:388 393:389 393:390"
"اقبال (کنیز کا بچہ/سکول جانے والا)","ملک جہانگیر اعوان (ایم ایل اے)",3,"192 193 196","194:191 194:193 194:199"
"اقبال (کنیز کا بچہ/سکول جانے والا)","ملک حمید",3,"192 193 194","194:191 194:192 194:194"
"اقبال (کنیز کا بچہ/سکول جانے والا)","منظور (اعجاز کا ورکر)",5,"194 390 391 392 395","194:195 393:388 393:390 393:392 393:398"
"اقبال (کنیز کا بچہ/سکول جانے والا)","میاں انتظار حسین (ایڈووکیٹ ہائی کورٹ)",1,"732","733:731"
"اقبال (کنیز کا بچہ/سکول جانے والا)","میجر/کیپٹن سرفراز اعوان",5,"193 392 393 732 734","194:193 393:391 393:393 733:732 733:736"
"اقبال (کنیز کا بچہ/سکول جانے والا)","نامعلوم مزدور عورت (ملک حمید/لطیف کا تعلق)",1,"193","194:193"
"اقبال (کنیز کا بچہ/سکول جانے والا)","نسرین",2,"193","194:192 194:193"
"اقبال (کنیز کا بچہ/سکول جانے والا)","نسیمہ (شعیب کی بہن)",2,"392 393","393:391 393:394"
"اقبال (کنیز کا بچہ/سکول جانے والا)","نصیر شیخ (پارٹی امیدوار)",1,"395","393:398"
"اقبال (کنیز کا بچہ/سکول جانے والا)","چاچا احمد خان راٹھور",7,"191 192 193 194 733","194:189 194:190 194:191 194:192 194:193 194:194 733:734"
"اقبال (کنیز کا بچہ/سکول جانے والا)","کنیز",3,"193 194","194:192 194:193 194:194"
"الیاس کمہار","بی بی (گھر کی بزرگ عورت/لالے کی ساتھی)",7,"240 241 242 243 244","243:238 243:239 243:240 243:241 243:243 244:243 244:244"
"الیاس کمہار","حسین (اعجاز/سکینہ کا بیٹا)",2,"245 246","243:248 244:248"
"الیاس کمہار","سائیں جلا",3,"242 243","243:242 243:243 244:243"
"الیاس کمہار","سلیم",2,"245 246","243:248 244:248"
"الیاس کمہار","عباس (چاچا احمد کا بیٹا)",7,"240 241 242 243 244","243:238 243:240 243:241 243:242 243:243 244:243 244:245"
"الیاس کمہار","غلام حسین",2,"245 246","243:248 244:248"
"الیاس کمہار","قائد (پارٹی بانی لیڈر)",2,"244","243:245 244:245"
"الیاس کمہار","ماسی (سرفراز کی پرورش کرنے والی)",3,"243 245","243:243 244:243 244:246"
"الیاس کمہار","ماسی مریم",3,"243 245","243:243 244:243 244:246"
"الیاس کمہار","ملک جہانگیر اعوان (ایم ایل اے)",4,"240 241 244","243:238 243:239 243:245 244:245"
"الیاس کمہار","ملک حمید",3,"240 244","243:238 243:245 244:245"
"الیاس کمہار","میجر/کیپٹن سرفراز اعوان",4,"240 241 245","243:238 243:240 243:247 244:247"
"الیاس کمہار","پروفیسر میر صاحب",2,"245 246","243:248 244:248"
"الیاس کمہار","چاچا احمد خان راٹھور",6,"240 242 243 244","243:238 243:241 243:242 243:243 244:243 244:244"
"الیاس کمہار","یعقوب اعوان",1,"241","243:239"
"امداد علی شاہ (محرر)","ایوب اعوان",2,"135 136","135:136 136:136"
"امداد علی شاہ (محرر)","برکت",2,"579 597","582:577 599:595"
"امداد علی شاہ (محرر)","تھانیدار / اے ایس آئی",5,"135 136 581 582 599","135:136 136:136 582:581 582:582 599:599"
"امداد علی شاہ (محرر)","جمیلہ",2,"598 600","599:597 599:602"
"امداد علی شاہ (محرر)","حاجی کریم بخش (چیئرمین ازمیر گھی انڈسٹریز)",1,"598","599:597"
"امداد علی شاہ (محرر)","حسن (اعجاز/سکینہ کا بیٹا)",2,"597 601","599:596 599:603"
"امداد علی شاہ (محرر)","حسین (اعجاز/سکینہ کا بیٹا)",2,"597 601","599:596 599:603"
"امداد علی شاہ (محرر)","دتا کمہار",1,"598","599:598"
"امداد علی شاہ (محرر)","رابعہ",1,"134","135:133"
"امداد علی شاہ (محرر)","ریاض (سرفراز کا ڈرائیور)",1,"133","135:131"
"امداد علی شاہ (محرر)","سائیں جلا",1,"584","582:586"
"امداد علی شاہ (محرر)","سلطان (پی۔او۔ڈبلیو ساتھی/دوست)",2,"579 580","582:577 582:578"
"امداد علی شاہ (محرر)","سکینہ (اعجاز کی بیوی)",3,"133 134 598","135:131 135:133 599:597"
"امداد علی شاہ (محرر)","شعیب",2,"579 598","582:577 599:598"
"امداد علی شاہ (محرر)","ظفر چوہدری",1,"579","582:577"
"امداد علی شاہ (محرر)","عباس (چاچا احمد کا بیٹا)",1,"600","599:601"
"امداد علی شاہ (محرر)","قائد (پارٹی بانی لیڈر)",8,"132 133 136 137 580 582 598","135:130 135:132 135:138 136:138 582:578 582:579 582:582 599:597"
"امداد علی شاہ (محرر)","لیفٹیننٹ کرنل اسلام الدین",4,"132 135 136 599","135:130 135:136 136:136 599:600"
"امداد علی شاہ (محرر)","ماسی (سرفراز کی پرورش کرنے والی)",2,"133 134","135:131 135:133"
"امداد علی شاہ (محرر)","ماسی مریم",2,"133 134","135:131 135:133"
"امداد علی شاہ (محرر)","ملک جہانگیر اعوان (ایم ایل اے)",5,"138 584 597 598","136:141 582:586 599:595 599:596 599:597"
"امداد علی شاہ (محرر)","ملک حمید",3,"581 582 599","582:581 582:582 599:599"
"امداد علی شاہ (محرر)","ملک رشید (ملک حمید کا بھائی)",3,"135 136","135:135 136:135 136:136"
"امداد علی شاہ (محرر)","ملک لطیف",2,"583 599","582:584 599:599"
"امداد علی شاہ (محرر)","میجر صدیق",1,"580","582:579"
"امداد علی شاہ (محرر)","میجر/کیپٹن سرفراز اعوان",10,"133 579 580 596 597 598 599","135:131 582:577 582:578 582:579 599:594 599:595 599:596 599:597 599:598 599:600"
"امداد علی شاہ (محرر)","نامعلوم مزدور عورت (ملک حمید/لطیف کا تعلق)",6,"132 134 135 136 583 598","135:130 135:134 135:136 136:136 582:584 599:598"
"امداد علی شاہ (محرر)","نسرین",3,"598 599","599:597 599:598 599:600"
"امداد علی شاہ (محرر)","نسیمہ (شعیب کی بہن)",3,"580 598","582:578 582:579 599:598"
"امداد علی شاہ (محرر)","نمائر (کیمپ کا قیدی ساتھی)",2,"580","582:578 582:579"
"امداد علی شاہ (محرر)","وسیم بھائی (بدیع الزمان کا سالا/قرض خواہ)",2,"135 136","135:136 136:136"
"امداد علی شاہ (محرر)","چاچا احمد خان راٹھور",3,"133 134 600","135:131 135:133 599:601"
"امداد علی شاہ (محرر)","چوہدری اظہر (ایس ایچ او نور پور)",5,"135 136 581 582 599","135:136 136:136 582:581 582:582 599:599"
"امداد علی شاہ (محرر)","ڈاکٹر (کریم بخش کا بیٹا)",1,"133","135:131"
"امداد علی شاہ (محرر)","کنیز",8,"132 133 134 135 136 583","135:130 135:132 135:133 135:134 135:135 136:135 136:137 582:585"
"امداد علی شاہ (محرر)","کیپٹن جمال",2,"598","599:597 599:598"
"اکتبر","بی بی (گھر کی بزرگ عورت/لالے کی ساتھی)",1,"112","111:114"
"اکتبر","تھانیدار / اے ایس آئی",1,"111","111:112"
"اکتبر","حاجی ذوالفقار",1,"112","111:113"
"اکتبر","دتو میراثی",1,"109","111:108"
"اکتبر","رحمت چوہان",1,"113","111:115"
"اکتبر","سکینہ (اعجاز کی بیوی)",2,"108 112","111:106 111:114"
"اکتبر","سیف اللہ (چکی والا)",1,"113","111:115"
"اکتبر","قائد (پارٹی بانی لیڈر)",2,"110 112","111:109 111:113"
"اکتبر","ملک جہانگیر اعوان (ایم ایل اے)",1,"110","111:109"
"اکتبر","میجر/کیپٹن سرفراز اعوان",1,"112","111:113"
"اکتبر","نامعلوم مزدور عورت (ملک حمید/لطیف کا تعلق)",4,"108 110 111","111:106 111:109 111:110 111:111"
"اکتبر","نسرین",1,"113","111:115"
"اکتبر","وسیم بھائی (بدیع الزمان کا سالا/قرض خواہ)",1,"110","111:109"
"اکتبر","چاچا احمد خان راٹھور",3,"108 109 113","111:106 111:107 111:115"
"اکتبر","چوہدری اظہر (ایس ایچ او نور پور)",1,"111","111:112"
"اکتبر","ڈاکٹر (کریم بخش کا بیٹا)",2,"110 111","111:109 111:112"
"اکتبر","کنیز",3,"110 111","111:109 111:110 111:112"
"این سی او گل نواز","ایوب اعوان",1,"279","280:279"
"این سی او گل نواز","حاجی ذوالفقار",1,"513","513:514"
"این سی او گل نواز","حسین (اعجاز/سکینہ کا بیٹا)",1,"271","272:270"
"این سی او گل نواز","خوشی محمد تیلی",1,"279","280:279"
"این سی او گل نواز","داؤد (خوشی محمد کا بھائی)",1,"279","280:279"
"این سی او گل نواز","رحمت چوہان",1,"279","280:278"
"این سی او گل نواز","سراج گجر",1,"511","513:510"
"این سی او گل نواز","سلطان (پی۔او۔ڈبلیو ساتھی/دوست)",2,"512 513","513:511 513:513"
"این سی او گل نواز","سلیم",1,"271","272:270"
"این سی او گل نواز","سکینہ (اعجاز کی بیوی)",5,"273 277 278 279","272:275 280:275 280:276 280:277 280:278"
"این سی او گل نواز","سینئر انڈر آفیسر صبغت اللہ",1,"280","280:281"
"این سی او گل نواز","شوکت",2,"271 272","272:270 272:272"
"این سی او گل نواز","طارق (ورکس منیجر)",2,"272 280","272:272 280:280"
"این سی او گل نواز","عمران (ہوسٹل ساتھی)",1,"511","513:510"
"این سی او گل نواز","غلام حسین",1,"271","272:270"
"این سی او گل نواز","قائد (پارٹی بانی لیڈر)",3,"272 510 512","272:272 513:508 513:511"
"این سی او گل نواز","ملک جہانگیر اعوان (ایم ایل اے)",7,"273 277 278 510 511 512","272:275 280:275 280:276 513:508 513:509 513:510 513:512"
"این سی او گل نواز","ملک حمید",2,"273 277","272:275 280:275"
"این سی او گل نواز","ملک رشید (ملک حمید کا بھائی)",3,"273 277 278","272:275 280:275 280:276"
"این سی او گل نواز","میجر/کیپٹن سرفراز اعوان",9,"269 272 278 279 510 511 512 515","272:267 272:273 280:277 280:279 513:508 513:509 513:510 513:511 513:518"
"این سی او گل نواز","وسیم بھائی (بدیع الزمان کا سالا/قرض خواہ)",1,"279","280:279"
"این سی او گل نواز","چاچا احمد خان راٹھور",7,"273 277 278 279 512","272:275 280:275 280:276 280:277 280:278 280:279 513:512"
"این سی او گل نواز","ڈاکٹر (کریم بخش کا بیٹا)",3,"511 512","513:509 513:510 513:512"
"این سی او گل نواز","ڈاکٹر احسان الحق (پُل کھنگر)",1,"511","513:510"
"این سی او گل نواز","کریم راٹھور",1,"512","513:512"
"این سی او گل نواز","کیپٹن اسد اللہ",1,"282","280:284"
"این سی او گل نواز","کیپٹن جمال",1,"281","280:282"
"این سی او گل نواز","کیڈٹ حبیب اللہ",1,"282","280:285"
"این سی او گل نواز","گل افروز خان",1,"279","280:279"
"این سی او گل نواز","یعقوب اعوان",2,"274 278","272:277 280:277"
"ایوب اعوان","بدیع الزمان",1,"620","619:621"
"ایوب اعوان","برکت",1,"310","310:310"
"ایوب اعوان","بھگت سنگھ",20,"26 27 28 34 38 41 42 43 44 46 53 54 64 68 69","26:27 27:27 28:27 28:28 36:32 36:41 41:41 43:41 43:43 44:43 44:44 45:44 45:47 46:47 56:51 56:52 66:63 66:71 67:71 68:71"
"ایوب اعوان","بی اے چوہدری (بشیر ارائیں کے نئے نام کا سیاسی روپ)",2,"148 149","150:147 150:148"
"ایوب اعوان","بی بی (گھر کی بزرگ عورت/لالے کی ساتھی)",11,"67 68 216 233 234 235 237 410","66:68 67:68 68:68 217:216 236:231 236:232 236:233 236:234 236:235 236:238 408:412"
"ایوب اعوان","بے انت سنگھ",5,"41 42 43 65","41:42 43:42 43:43 44:43 66:64"
"ایوب اعوان","تھانیدار / اے ایس آئی",9,"56 57 136 138 139 140 150 151","56:57 57:57 136:136 141:136 141:137 141:138 141:139 150:151 152:151"
"ایوب اعوان","جسونت سنگھ",7,"27 28 45 46","26:29 27:29 28:29 43:47 44:47 45:47 46:47"
"ایوب اعوان","جمیلہ",6,"23 24 37 39 40 619","26:21 26:22 36:38 41:38 41:39 619:619"
"ایوب اعوان","جنگندر سنگھ",3,"38 41 42","36:41 41:41 43:41"
"ایوب اعوان","جونیئر وکیل (خواجہ معراج کا شاگرد)",1,"620","619:622"
"ایوب اعوان","جگت سنگھ",22,"26 27 28 34 38 41 42 43 46 47 53 54 55 56 57 70","26:27 27:27 28:27 28:28 36:32 36:41 41:41 43:41 43:42 43:43 44:43 44:49 45:49 46:49 56:51 56:53 56:54 56:55 56:56 57:56 57:58 68:73"
"ایوب اعوان","حاجی کریم بخش (چیئرمین ازمیر گھی انڈسٹریز)",1,"621","619:624"
"ایوب اعوان","حسن (اعجاز/سکینہ کا بیٹا)",4,"216 311 409 733","217:216 310:313 408:411 733:733"
"ایوب اعوان","حسین (اعجاز/سکینہ کا بیٹا)",7,"81 214 218 233 311 621 733","84:79 217:212 217:220 236:231 310:313 619:623 733:733"
"ایوب اعوان","خواجہ معراج الدین",1,"621","619:623"
"ایوب اعوان","خوشی محمد تیلی",1,"279","279:279"
"ایوب اعوان","داؤد (خوشی محمد کا بھائی)",1,"279","279:279"
"ایوب اعوان","دتو میراثی",4,"27 28 149","26:28 27:28 28:28 150:149"
"ایوب اعوان","رابعہ",1,"134","136:133"
"ایوب اعوان","رحمت چوہان",1,"278","279:278"
"ایوب اعوان","رنگیلی (یعقوب کی گھوڑی)",7,"43 44 45 66","41:45 43:45 44:45 45:45 46:45 66:66 67:66"
"ایوب اعوان","ریاض (سرفراز کا ڈرائیور)",3,"133 618 735","136:131 619:618 733:738"
"ایوب اعوان","زور آور (گھوڑا)",4,"45 46 47","43:48 44:48 45:48 46:48"
"ایوب اعوان","زینب (یعقوب کی بیوی)",12,"43 44 45 46 54 65 66 67 68","41:45 43:45 44:45 45:45 46:45 46:46 56:52 66:64 66:67 67:67 68:67 68:68"
"ایوب اعوان","سراج گجر",3,"312 408 733","310:314 408:409 733:733"
"ایوب اعوان","سردار فلمبند خان",2,"83 618","84:83 619:618"
"ایوب اعوان","سلیم",4,"218 233 620 732","217:220 236:231 619:621 733:731"
"ایوب اعوان","سندر سنگھ",3,"46 47","44:49 45:49 46:49"
"ایوب اعوان","سکینہ (اعجاز کی بیوی)",26,"24 36 38 39 66 67 68 81 133 134 142 154 215 216 277 278 311 407 619 732","26:23 36:36 41:36 41:38 66:66 67:66 67:67 68:67 68:68 84:79 136:131 136:133 141:143 152:156 217:213 217:214 217:215 217:216 279:275 279:276 279:277 279:278 310:313 408:407 619:619 733:732"
"ایوب اعوان","سینئر انڈر آفیسر صبغت اللہ",1,"280","279:281"
"ایوب اعوان","شعیب",5,"308 309 311","310:306 310:307 310:308 310:309 310:312"
"ایوب اعوان","شوکت",1,"142","141:143"
"ایوب اعوان","شہلا رضوی",1,"735","733:737"
"ایوب اعوان","شیر بہادر اعوان",7,"65 68 69 82 84","66:64 66:65 66:70 67:70 68:70 84:80 84:85"
"ایوب اعوان","شیشے والا سالا (بدیع الزمان کا دوسرا قرض خواہ)",2,"69 70","67:72 68:72"
"ایوب اعوان","صوبیدار جہاں خان",2,"56 57","56:57 57:57"
"ایوب اعوان","طارق (ورکس منیجر)",1,"279","279:280"
"ایوب اعوان","عباس (چاچا احمد کا بیٹا)",11,"23 24 37 39 85 234 237 307 308 618","26:21 26:22 36:38 41:38 84:86 236:232 236:238 310:305 310:306 619:617 619:618"
"ایوب اعوان","علی بہادر",3,"65 69 70","66:65 67:72 68:72"
"ایوب اعوان","غلام حسین",3,"214 218 233","217:212 217:220 236:231"
"ایوب اعوان","فرخ غوری",1,"732","733:731"
"ایوب اعوان","فضلے",1,"54","56:52"
"ایوب اعوان","فلک شیر اعوان",5,"65 68 69 82","66:65 66:70 67:70 68:70 84:80"
"ایوب اعوان","قائد (پارٹی بانی لیڈر)",26,"35 57 69 70 83 86 134 137 139 143 147 214 218 236 309 312 405 406 407 409 618 621 732 734","36:34 36:35 56:58 57:58 67:72 68:72 84:83 84:89 136:132 136:138 141:138 141:145 150:145 217:212 217:220 236:237 310:309 310:314 408:403 408:404 408:406 408:410 619:617 619:623 733:731 733:736"
"ایوب اعوان","لیفٹیننٹ کرنل اسلام الدین",7,"136 138 139 140 618 733","136:136 141:136 141:137 141:138 141:139 619:618 733:733"
"ایوب اعوان","ماسی (سرفراز کی پرورش کرنے والی)",12,"24 25 37 39 68 69 81 133 134 154","26:22 26:23 26:24 36:38 41:38 66:71 67:71 68:71 84:79 136:131 136:133 152:156"
"ایوب اعوان","ماسی مریم",12,"24 25 37 39 68 69 81 133 134 154","26:22 26:23 26:24 36:38 41:38 66:71 67:71 68:71 84:79 136:131 136:133 152:156"
"ایوب اعوان","معین الدین شاہ",1,"621","619:624"
"ایوب اعوان","ملک جہانگیر اعوان (ایم ایل اے)",21,"38 40 84 138 141 147 148 149 151 152 219 234 236 277 407 408 619","36:40 41:40 84:85 136:141 141:141 150:145 150:146 150:147 150:148 150:149 150:152 152:152 217:222 236:232 236:236 279:275 279:276 408:406 408:407 408:408 619:619"
"ایوب اعوان","ملک حمید",4,"148 149 237 277","150:147 150:148 236:238 279:275"
"ایوب اعوان","ملک رشید (ملک حمید کا بھائی)",10,"135 136 138 139 140 150 151 277","136:135 136:136 141:136 141:137 141:138 141:139 150:151 152:151 279:275 279:276"
"ایوب اعوان","ملک عالم جہاں اعوان",2,"56 57","56:57 57:57"
"ایوب اعوان","منشی کریم شاہ",2,"142 407","141:143 408:406"
"ایوب اعوان","منظور (اعجاز کا ورکر)",2,"70 409","68:73 408:411"
"ایوب اعوان","میاں انتظار حسین (ایڈووکیٹ ہائی کورٹ)",3,"84 620 732","84:85 619:621 733:731"
"ایوب اعوان","میجر/کیپٹن سرفراز اعوان",53,"23 24 25 30 34 35 36 38 39 40 58 63 67 68 81 82 83 85 133 154 214 215 216 218 233 237 276 278 279 307 308 309 310 406 407 616 617 618 732 734","26:21 26:22 26:23 26:24 28:33 36:33 36:34 36:35 36:36 41:36 41:37 41:38 41:39 41:40 56:60 57:60 66:61 66:68 67:68 68:68 84:79 84:81 84:82 84:83 84:86 136:131 152:156 217:212 217:213 217:214 217:215 217:216 217:220 236:231 236:238 279:274 279:277 279:279 310:305 310:306 310:307 310:308 310:309 310:310 408:405 408:406 619:614 619:615 619:616 619:617 619:618 733:732 733:736"
"ایوب اعوان","نامعلوم مزدور عورت (ملک حمید/لطیف کا تعلق)",19,"35 45 46 53 56 57 85 135 136 138 139 149 152 153 216 217","36:34 43:47 44:47 45:47 46:47 56:51 56:56 57:56 57:58 84:87 136:134 136:136 141:136 141:137 150:148 150:154 152:154 217:215 217:217"
"ایوب اعوان","نسرین",18,"27 28 35 42 43 44 45 46 53 217 407 410 616 617 618","26:28 27:28 28:28 36:34 41:44 43:44 44:44 45:44 45:46 46:46 56:51 217:217 408:407 408:412 619:614 619:615 619:616 619:617"
"ایوب اعوان","نیلی (بھینس)",4,"45 46 47","43:48 44:48 45:48 46:48"
"ایوب اعوان","وسیم بھائی (بدیع الزمان کا سالا/قرض خواہ)",18,"26 27 28 35 37 39 45 46 47 57 58 81 85 136 138 279","26:26 27:26 27:28 28:28 36:35 36:38 41:38 43:48 44:48 45:48 46:48 56:59 57:59 84:79 84:86 136:136 141:136 279:279"
"ایوب اعوان","پروفیسر میر صاحب",1,"219","217:222"
"ایوب اعوان","پیر حمید الدین بلال شاہ (مرشد بلال پور شریف)",1,"35","36:34"
"ایوب اعوان","چاچا احمد خان راٹھور",36,"24 36 38 39 46 47 56 57 64 66 67 133 134 142 148 149 151 152 214 216 217 233 235 236 277 278 279 408 619 733","26:23 36:36 41:36 41:38 44:49 45:49 46:49 56:57 57:57 66:63 66:67 67:67 68:67 136:131 136:133 141:143 150:146 150:147 150:148 150:149 150:152 152:152 217:212 217:216 217:217 236:231 236:234 236:236 279:275 279:276 279:277 279:278 279:279 408:408 619:619 733:734"
"ایوب اعوان","چنبیلی (گھوڑی)",9,"43 44 45 47 67 68","41:45 43:45 44:45 45:45 46:45 46:48 66:68 67:68 68:68"
"ایوب اعوان","چوہدری اظہر (ایس ایچ او نور پور)",9,"56 57 136 138 139 140 150 151","56:57 57:57 136:136 141:136 141:137 141:138 141:139 150:151 152:151"
"ایوب اعوان","ڈاکٹر (کریم بخش کا بیٹا)",6,"54 56 57 133 217 621","56:52 56:57 57:57 136:131 217:217 619:623"
"ایوب اعوان","کریم راٹھور",2,"86 621","84:89 619:624"
"ایوب اعوان","کلونت کور",13,"26 27 28 38 41 42 43 54 55","26:27 27:27 28:27 28:28 36:41 41:41 43:41 43:42 43:43 44:43 56:53 56:54 56:55"
"ایوب اعوان","کنیز",15,"134 135 136 139 140 149 150 151 152 216 217","136:132 136:133 136:134 136:135 136:137 141:137 141:138 141:139 141:140 150:148 150:151 152:151 152:153 217:216 217:217"
"ایوب اعوان","کیپٹن اسد اللہ",1,"281","279:284"
"ایوب اعوان","کیپٹن اسرار",1,"35","36:34"
"ایوب اعوان","کیپٹن جمال",3,"280 617 618","279:282 619:616 619:617"
"ایوب اعوان","کیپٹن دلاور",1,"311","310:312"
"ایوب اعوان","گل افروز خان",1,"279","279:279"
"ایوب اعوان","یعقوب اعوان",42,"25 26 27 28 34 35 36 38 41 42 43 44 45 46 53 54 56 57 64 65 66 67 68 81 82 142 235 237 278 307 311","26:24 26:26 27:26 27:27 28:27 28:28 36:32 36:35 36:36 41:36 41:41 43:41 43:43 44:43 44:44 45:44 45:45 46:45 46:46 56:51 56:52 56:53 56:56 57:56 57:57 66:63 66:64 66:65 66:66 67:66 67:67 68:67 68:68 84:79 84:80 141:143 236:234 236:235 236:239 279:277 310:305 310:313"
"باجوہ (تھرڈ ایئر والنٹیر)","جیرا (نانبائی کا لڑکا)",1,"205","204:206"
"باجوہ (تھرڈ ایئر والنٹیر)","حسین (اعجاز/سکینہ کا بیٹا)",3,"203 204","204:202 204:203 204:205"
"باجوہ (تھرڈ ایئر والنٹیر)","ذوالقرنین نقوی",1,"204","204:204"
"باجوہ (تھرڈ ایئر والنٹیر)","سلیم",3,"203 204","204:202 204:203 204:204"
"باجوہ (تھرڈ ایئر والنٹیر)","سکینہ (اعجاز کی بیوی)",1,"202","204:200"
"باجوہ (تھرڈ ایئر والنٹیر)","عمران (ہوسٹل ساتھی)",1,"204","204:205"
"باجوہ (تھرڈ ایئر والنٹیر)","غلام حسین",3,"203 204","204:202 204:203 204:205"
"باجوہ (تھرڈ ایئر والنٹیر)","ملک جہانگیر اعوان (ایم ایل اے)",1,"201","204:199"
"باجوہ (تھرڈ ایئر والنٹیر)","میجر/کیپٹن سرفراز اعوان",2,"203 204","204:202 204:204"
"باجوہ (تھرڈ ایئر والنٹیر)","نانبائی (او جھری والا)",1,"204","204:205"
"باجوہ (تھرڈ ایئر والنٹیر)","چاچا احمد خان راٹھور",5,"201 202 203 204","204:199 204:200 204:202 204:203 204:204"
"باجوہ (تھرڈ ایئر والنٹیر)","کنیز",2,"201 202","204:199 204:200"
"بدر الحق (ایگزیکٹو ایڈیٹر طلوع)","بدیع الزمان",9,"698 699 700 701 702 704 706","701:696 701:697 701:698 701:699 701:701 702:701 702:702 706:702 706:706"
"بدر الحق (ایگزیکٹو ایڈیٹر طلوع)","زیدی صاحب (چیف ایڈیٹر طلوع)",2,"701","701:701 702:701"
"بدر الحق (ایگزیکٹو ایڈیٹر طلوع)","سلیم",4,"700 703 704 706","701:699 701:706 702:706 706:706"
"بدر الحق (ایگزیکٹو ایڈیٹر طلوع)","سکینہ (اعجاز کی بیوی)",7,"700 701 702 704 705 708","701:700 701:702 702:702 706:702 706:704 706:705 706:711"
"بدر الحق (ایگزیکٹو ایڈیٹر طلوع)","شمس (بدیع الزمان کا اسسٹنٹ)",4,"703 705 706","701:705 702:705 706:705 706:706"
"بدر الحق (ایگزیکٹو ایڈیٹر طلوع)","فرخ غوری",1,"708","706:710"
"بدر الحق (ایگزیکٹو ایڈیٹر طلوع)","قائد (پارٹی بانی لیڈر)",7,"699 700 701 702 704 706","701:698 701:699 701:701 702:701 702:702 706:702 706:706"
"بدر الحق (ایگزیکٹو ایڈیٹر طلوع)","محمد یاسین (طلوع کا رپورٹر/ساتھی)",3,"703 704 706","701:706 702:706 706:706"
"بدر الحق (ایگزیکٹو ایڈیٹر طلوع)","نامعلوم مزدور عورت (ملک حمید/لطیف کا تعلق)",2,"699 700","701:697 701:699"
"بدر الحق (ایگزیکٹو ایڈیٹر طلوع)","نیلی (بھینس)",4,"702 704 705","701:703 702:703 706:703 706:704"
"بدر الحق (ایگزیکٹو ایڈیٹر طلوع)","وسیم بھائی (بدیع الزمان کا سالا/قرض خواہ)",1,"708","706:711"
"بدر الحق (ایگزیکٹو ایڈیٹر طلوع)","چاچا احمد خان راٹھور",4,"700 703 704 706","701:700 701:706 702:706 706:706"
"بدر الحق (ایگزیکٹو ایڈیٹر طلوع)","ڈاکٹر (کریم بخش کا بیٹا)",4,"698 699 700","701:696 701:697 701:698 701:699"
"بدر الحق (ایگزیکٹو ایڈیٹر طلوع)","ڈاکٹر سعد اللہ خان (کنسلٹنٹ کارڈیالوجسٹ)",1,"699","701:697"
"بدر الحق (ایگزیکٹو ایڈیٹر طلوع)","ڈاکٹر عرفان (ڈیوٹی ڈاکٹر آئی سی یو)",1,"699","701:697"
"بدیع الزمان","برکت",3,"559 560 593","558:561 559:561 591:595"
"بدیع الزمان","بریگیڈیئر کرّار (شعیب کا والد)",3,"559 560 590","558:561 559:561 591:590"
"بدیع الزمان","بھگت سنگھ",5,"676 677 678","674:678 676:678 677:678 678:678 679:678"
"بدیع الزمان","بی بی (گھر کی بزرگ عورت/لالے کی ساتھی)",16,"494 503 504 505 681 682 683 684 719 720 723 724","495:493 501:506 502:506 503:506 504:506 505:506 679:684 681:684 682:684 683:684 684:684 685:684 718:721 719:721 726:721 726:723"
"بدیع الزمان","بی بی کمہاری",5,"503 504 505","501:506 502:506 503:506 504:506 505:506"
"بدیع الزمان","جعفری صاحب (کیمسٹ/پرانا رابطہ)",9,"520 525 526 536 537 538 539","519:522 528:523 528:525 534:539 535:539 536:539 537:539 538:539 540:539"
"بدیع الزمان","جمیلہ",1,"620","621:619"
"بدیع الزمان","جونیئر وکیل (خواجہ معراج کا شاگرد)",18,"621 622 630 631 632 633 663 664 666 667 668 669 676 677 678","621:622 622:622 623:622 629:632 630:632 632:632 635:632 662:664 665:664 665:668 666:668 668:668 670:668 674:678 676:678 677:678 678:678 679:678"
"بدیع الزمان","حاجی ذوالفقار",1,"516","519:514"
"بدیع الزمان","حاجی رحیم بخش",2,"526 527","528:525 528:526"
"بدیع الزمان","حاجی وسیم بخش (منیجنگ ڈائریکٹر)",2,"520 526","519:521 528:524"
"بدیع الزمان","حاجی کریم بخش (چیئرمین ازمیر گھی انڈسٹریز)",30,"520 525 526 527 528 536 537 538 539 622 623 624 666 667 668 669 672 673 674 675 677 678","519:521 528:523 528:524 528:525 528:526 528:527 528:528 529:528 534:539 535:539 536:539 537:539 538:539 540:539 621:624 622:624 623:624 625:624 665:668 666:668 668:668 670:668 670:674 672:674 674:674 676:674 676:678 677:678 678:678 679:678"
"بدیع الزمان","حسن (اعجاز/سکینہ کا بیٹا)",11,"494 593 690 691 692 693 720 724","495:494 591:596 688:693 689:693 690:693 692:693 694:693 718:722 719:722 726:722 726:723"
"بدیع الزمان","حسین (اعجاز/سکینہ کا بیٹا)",69,"494 553 554 555 557 590 593 622 623 624 625 627 628 638 639 640 641 642 644 646 647 648 649 651 652 653 654 659 660 661 662 664 665 666 667 668 669 670 671 672 673 674 675 676 677 678 686 687 688 689 718 719","495:494 551:556 553:556 554:556 558:556 591:590 591:596 621:623 622:623 623:623 625:623 625:624 625:625 629:625 629:628 636:641 637:641 638:641 639:641 640:641 642:641 642:642 643:642 643:645 648:645 648:646 648:647 648:648 649:648 649:649 653:649 653:651 653:652 653:653 654:653 654:654 662:657 662:659 662:660 662:661 662:663 665:663 665:664 665:665 666:665 666:666 668:666 668:668 670:668 670:671 672:671 672:673 674:673 674:675 676:675 676:676 677:676 677:678 678:678 679:678 684:689 685:689 686:689 687:689 688:689 689:689 690:689 718:719 719:719"
"بدیع الزمان","خواجہ معراج الدین",55,"528 529 531 535 536 537 555 556 558 559 622 623 624 627 629 632 633 635 637 638 640 641 642 643 645 663 664 667 668 669 670 671 674 675 676 677 680 681 682 709 711 726","528:529 529:529 534:529 534:537 535:537 536:537 537:537 538:537 553:558 554:558 558:558 559:558 559:559 621:623 622:623 623:623 625:623 625:629 629:629 630:629 630:635 632:635 635:635 636:635 636:638 637:638 638:638 639:638 639:642 640:642 642:642 643:642 643:643 648:643 662:664 665:664 665:669 666:669 668:669 670:669 670:670 672:670 672:677 674:677 676:677 677:677 678:677 678:682 679:682 681:682 682:682 683:682 707:712 711:712 726:726"
"بدیع الزمان","دتا کمہار",5,"503 504 505","501:505 502:505 503:505 504:505 505:505"
"بدیع الزمان","ذوالقرنین نقوی",13,"638 639 640 641 642 655 659 660","636:641 637:641 638:641 639:641 640:641 642:641 642:642 643:642 653:657 654:657 662:657 662:658 662:659"
"بدیع الزمان","رحمت چوہان",8,"504 505 506 529 530 532 533","502:507 503:507 504:507 505:507 528:531 529:531 534:531 534:533"
"بدیع الزمان","رنگیلی (یعقوب کی گھوڑی)",6,"497 498 499 500","495:500 496:500 497:500 498:500 499:500 501:500"
"بدیع الزمان","ریاض (سرفراز کا ڈرائیور)",1,"619","621:618"
"بدیع الزمان","زیدی صاحب (چیف ایڈیٹر طلوع)",13,"685 686 687 688 698 699 700 701","683:688 684:688 685:688 686:688 687:688 688:688 689:688 696:701 697:701 698:701 699:701 701:701 702:701"
"بدیع الزمان","سائیں جلا",1,"588","591:586"
"بدیع الزمان","سراج گجر",5,"507 667 668 669","505:510 665:669 666:669 668:669 670:669"
"بدیع الزمان","سردار فلمبند خان",1,"619","621:618"
"بدیع الزمان","سلطان (پی۔او۔ڈبلیو ساتھی/دوست)",9,"497 498 499 500 517 559 560","495:500 496:500 497:500 498:500 499:500 501:500 519:515 558:561 559:561"
"بدیع الزمان","سلیم",64,"621 622 632 633 635 637 638 639 648 649 651 662 663 664 665 667 668 669 670 671 673 674 675 677 678 679 680 681 682 687 688 689 690 691 693 694 697 698 699 700 703 704 706 718 719 728","621:621 622:621 622:622 623:622 630:635 632:635 635:635 636:635 636:638 637:638 638:638 639:638 639:639 640:639 648:649 649:649 653:649 662:662 665:662 665:663 665:664 665:665 666:665 666:669 668:669 670:669 670:670 672:670 672:674 674:674 676:674 676:678 677:678 678:678 679:678 679:679 681:679 681:681 682:681 682:682 683:682 685:690 686:690 687:690 688:690 689:690 690:690 692:690 692:694 694:694 695:694 695:699 696:699 697:699 698:699 699:699 701:699 701:706 702:706 706:706 707:706 718:719 719:719 726:731"
"بدیع الزمان","سکینہ (اعجاز کی بیوی)",68,"493 494 501 502 503 504 537 538 539 540 553 554 555 557 558 620 630 631 683 684 685 686 687 689 690 691 692 693 694 697 698 699 700 701 702 704 705 708 709 711 716 717 718 719 724 725","495:491 495:493 495:494 499:504 501:504 502:504 503:504 504:504 505:504 535:540 536:540 537:540 538:540 540:540 541:540 551:556 553:556 554:556 558:556 558:557 558:558 559:558 621:619 629:631 630:631 632:631 681:685 682:685 683:685 684:685 685:685 686:685 686:686 687:686 687:687 688:687 688:691 689:691 690:691 692:691 692:692 694:692 694:694 695:694 695:700 696:700 697:700 698:700 699:700 701:700 701:702 702:702 706:702 706:704 706:705 706:711 707:711 711:711 718:715 718:716 718:717 718:718 719:718 719:719 726:722 726:723 726:724 726:725"
"بدیع الزمان","شعیب",2,"559 560","558:561 559:561"
"بدیع الزمان","شمس (بدیع الزمان کا اسسٹنٹ)",29,"528 534 535 536 537 538 539 551 552 554 555 557 558 691 692 693 694 703 705 706 707 709","528:528 529:528 534:535 535:535 536:535 536:537 537:537 538:537 538:538 540:538 551:551 553:551 553:556 554:556 558:556 558:558 559:558 689:694 690:694 692:694 694:694 695:694 701:705 702:705 706:705 706:706 707:706 707:707 711:707"
"بدیع الزمان","شیشے والا سالا (بدیع الزمان کا دوسرا قرض خواہ)",6,"538 539 540 541","536:541 537:541 538:541 540:541 541:541 542:541"
"بدیع الزمان","طارق (ورکس منیجر)",5,"520 525 526 527","519:522 528:523 528:524 528:525 528:527"
"بدیع الزمان","عامر محمود (چیف کیمسٹ)",24,"520 536 537 538 539 637 638 639 640 641 650 651 653 654 659 672 673 674 675","519:521 534:539 535:539 536:539 537:539 538:539 540:539 635:640 636:640 637:640 638:640 639:640 640:640 642:640 648:653 649:653 653:653 654:653 654:654 662:657 670:674 672:674 674:674 676:674"
"بدیع الزمان","عباس (چاچا احمد کا بیٹا)",7,"619 720 724 725","621:617 621:618 718:722 719:722 726:722 726:723 726:724"
"بدیع الزمان","عمران (ہوسٹل ساتھی)",1,"507","505:510"
"بدیع الزمان","فرخ غوری",4,"708 710 728","706:710 707:710 711:710 726:731"
"بدیع الزمان","قائد (پارٹی بانی لیڈر)",126,"495 496 497 498 499 500 504 505 506 519 525 526 527 528 534 535 536 538 539 540 541 542 549 551 552 555 556 558 559 588 590 592 619 622 623 624 625 627 628 629 632 633 635 637 638 640 641 642 643 645 648 649 651 652 653 654 660 663 664 667 668 669 670 671 673 674 675 676 677 678 679 680 681 682 683 684 686 687 688 692 693 694 695 697 698 699 700 701 702 704 706 726","495:496 496:496 497:496 497:497 498:497 498:499 499:499 501:499 502:507 503:507 504:507 505:507 519:520 528:523 528:524 528:525 528:526 528:527 528:528 529:528 534:535 535:535 536:535 536:536 537:536 537:539 538:539 540:539 540:540 541:540 541:542 542:542 551:547 551:551 553:551 553:558 554:558 558:558 559:558 559:559 591:586 591:590 591:593 621:617 621:623 622:623 623:623 625:623 625:626 629:626 629:627 629:628 629:629 630:629 630:635 632:635 635:635 636:635 636:638 637:638 638:638 639:638 639:642 640:642 642:642 643:642 643:643 648:643 648:648 649:648 649:649 653:649 653:650 653:652 653:654 654:654 662:658 662:659 662:664 665:664 665:669 666:669 668:669 670:669 670:671 672:671 672:675 674:675 676:675 676:677 677:677 678:677 678:678 679:678 679:679 681:679 681:681 682:681 682:682 683:682 683:684 684:684 685:684 685:688 686:688 687:688 688:688 689:688 690:695 692:695 694:695 695:695 696:695 696:698 697:698 698:698 699:698 699:699 701:699 701:701 702:701 702:702 706:702 706:706 707:706 726:726"
"بدیع الزمان","قمر الاسلام",5,"496 497 498","495:498 496:498 497:498 498:498 499:498"
"بدیع الزمان","لیفٹیننٹ کرنل اسلام الدین",3,"590 619","591:589 591:590 621:618"
"بدیع الزمان","ماسی (سرفراز کی پرورش کرنے والی)",6,"630 631 632 634","629:631 630:631 632:631 632:633 635:633 635:634"
"بدیع الزمان","ماسی مریم",6,"630 631 632 634","629:631 630:631 632:631 632:633 635:633 635:634"
"بدیع الزمان","محمد یاسین (طلوع کا رپورٹر/ساتھی)",4,"703 704 706","701:706 702:706 706:706 707:706"
"بدیع الزمان","مرزا عبد الرشید",2,"495","495:495 496:495"
"بدیع الزمان","معین الدین شاہ",10,"520 622 623 624 625 627 628","519:521 621:624 622:624 623:624 625:624 625:625 629:625 629:626 629:627 629:628"
"بدیع الزمان","ملک جہانگیر اعوان (ایم ایل اے)",28,"496 497 498 499 500 504 505 506 519 561 588 591 620 631 632 634 642 643 644 646 672 673 674 675","495:497 496:497 497:497 498:497 498:499 499:499 501:499 502:507 503:507 504:507 505:507 519:520 559:564 591:586 591:591 621:619 629:633 630:633 632:633 635:633 640:645 642:645 643:645 648:645 670:675 672:675 674:675 676:675"
"بدیع الزمان","منظور (اعجاز کا ورکر)",15,"493 494 501 502 503 504 686 687 688 689","495:491 495:494 499:504 501:504 502:504 503:504 504:504 505:504 684:689 685:689 686:689 687:689 688:689 689:689 690:689"
"بدیع الزمان","منیر میکنک",1,"589","591:588"
"بدیع الزمان","میاں انتظار حسین (ایڈووکیٹ ہائی کورٹ)",72,"552 553 554 556 557 558 559 591 621 622 623 624 625 627 628 630 631 632 633 635 637 638 639 640 641 642 644 646 647 648 649 651 652 653 654 659 661 662 664 665 666 667 668 669 671 672 673 676 677 678 683 684 685 728","551:554 553:554 554:554 558:554 558:556 558:559 559:559 591:591 621:621 622:621 622:622 623:622 623:624 625:624 625:625 629:625 629:628 629:632 630:632 632:632 635:632 635:635 636:635 636:639 637:639 638:639 639:639 640:639 640:641 642:641 642:642 643:642 643:645 648:645 648:646 648:647 648:648 649:648 649:649 653:649 653:651 653:652 653:653 654:653 654:654 662:657 662:660 662:661 662:663 665:663 665:664 665:666 666:666 668:666 668:667 668:668 670:668 670:673 672:673 674:673 674:678 676:678 677:678 678:678 679:678 681:685 682:685 683:685 684:685 685:685 686:685 726:731"
"بدیع الزمان","میجر صدیق",1,"493","495:492"
"بدیع الزمان","میجر قدیر (ازمیر مل کا ایڈمن افسر)",8,"520 526 536 537 538 539","519:521 528:524 534:539 535:539 536:539 537:539 538:539 540:539"
"بدیع الزمان","میجر/کیپٹن سرفراز اعوان",38,"505 506 518 540 541 542 548 549 550 551 552 559 590 591 618 619 688 689 690 691 692 693 719 720 723 724 725","503:508 504:508 505:508 519:518 538:543 540:543 541:543 542:543 551:546 551:547 551:548 551:549 551:550 551:552 553:552 558:560 559:560 591:589 591:590 591:591 621:616 621:617 621:618 686:691 687:691 688:691 689:691 690:691 692:691 692:693 694:693 718:721 719:721 726:721 726:722 726:723 726:724 726:725"
"بدیع الزمان","نامعلوم مزدور عورت (ملک حمید/لطیف کا تعلق)",33,"504 505 506 537 538 539 540 555 556 558 559 679 680 681 682 694 695 696 697 698 699 700 720 721 724","502:507 503:507 504:507 505:507 535:540 536:540 537:540 538:540 540:540 541:540 553:558 554:558 558:558 559:558 559:560 677:682 678:682 679:682 681:682 682:682 683:682 692:697 694:697 695:697 696:697 697:697 698:697 698:699 699:699 701:699 718:723 719:723 726:723"
"بدیع الزمان","نانبائی (او جھری والا)",5,"676 677 678","674:678 676:678 677:678 678:678 679:678"
"بدیع الزمان","نسرین",5,"590 591 618 619","591:589 591:590 591:592 621:616 621:617"
"بدیع الزمان","نسیمہ (شعیب کی بہن)",20,"540 541 542 548 549 550 551 552 559 590 719 720 723 724 725","538:543 540:543 541:543 542:543 551:546 551:547 551:548 551:549 551:550 551:552 553:552 558:560 559:560 591:589 591:590 718:721 719:721 726:721 726:722 726:724"
"بدیع الزمان","نیلی (بھینس)",6,"700 701 702 704 705","698:703 699:703 701:703 702:703 706:703 706:704"
"بدیع الزمان","وسیم بھائی (بدیع الزمان کا سالا/قرض خواہ)",19,"529 532 623 624 625 627 628 687 688 689 690 691 708 709 711","528:530 529:530 534:530 621:626 622:626 623:626 625:626 629:626 629:627 685:690 686:690 687:690 688:690 689:690 690:690 692:690 706:711 707:711 711:711"
"بدیع الزمان","چاچا احمد خان راٹھور",30,"494 556 558 559 589 620 631 632 634 691 692 693 694 697 698 699 700 703 704 706 720 721 724 725","495:493 554:559 558:559 559:559 591:588 621:619 629:633 630:633 632:633 635:633 635:634 689:694 690:694 692:694 694:694 695:694 695:700 696:700 697:700 698:700 699:700 701:700 701:706 702:706 706:706 707:706 718:723 719:723 726:723 726:724"
"بدیع الزمان","ڈاکٹر (کریم بخش کا بیٹا)",76,"498 499 500 501 502 505 506 519 527 529 530 532 533 534 553 554 556 622 623 624 630 631 632 633 636 637 641 642 643 646 647 648 649 651 652 678 679 680 681 682 683 684 685 692 693 694 695 696 697 698 699 700","496:501 497:501 498:501 499:501 501:501 502:501 502:502 503:502 503:507 504:507 505:507 519:520 528:526 528:527 528:531 529:531 534:531 534:533 534:534 535:534 551:555 553:555 554:555 558:555 621:623 622:623 623:623 625:623 629:632 630:632 632:632 635:632 635:637 636:637 637:637 638:637 639:644 640:644 642:644 643:644 648:644 648:645 648:646 648:647 648:648 649:648 649:649 653:649 653:652 676:681 677:681 678:681 679:681 681:681 682:681 682:682 683:682 683:683 684:683 684:684 685:684 685:685 686:685 690:695 692:695 694:695 695:695 696:695 696:696 697:696 697:697 698:697 698:698 699:698 699:699 701:699"
"بدیع الزمان","ڈاکٹر احسان الحق (پُل کھنگر)",16,"507 519 529 530 532 534 642 643 644 646 647 648 649 651","505:510 519:520 528:531 529:531 534:531 534:534 535:534 640:645 642:645 643:645 648:645 648:647 648:648 649:648 649:649 653:649"
"بدیع الزمان","ڈاکٹر خدابخش کھوکھر (چیف کیمسٹ)",15,"520 536 537 538 539 651 653 654 659 672 673 674 675","519:521 534:539 535:539 536:539 537:539 538:539 540:539 649:654 653:654 654:654 662:657 670:674 672:674 674:674 676:674"
"بدیع الزمان","ڈاکٹر سعد اللہ خان (کنسلٹنٹ کارڈیالوجسٹ)",8,"692 693 694 695 696 697","690:695 692:695 694:695 695:695 696:695 696:697 697:697 698:697"
"بدیع الزمان","ڈاکٹر عرفان (ڈیوٹی ڈاکٹر آئی سی یو)",8,"692 693 694 695 696 697","690:695 692:695 694:695 695:695 696:695 696:697 697:697 698:697"
"بدیع الزمان","کامران خان (جواں سال کیمسٹ)",12,"648 649 651 652 661 668 669 670 671 673 674 675","648:649 649:649 653:649 653:652 662:660 666:671 668:671 670:671 672:671 672:674 674:674 676:674"
"بدیع الزمان","کریم راٹھور",31,"521 525 526 527 528 536 537 538 539 622 623 624 666 667 668 669 672 673 674 675 677 678 718 719","519:523 528:523 528:524 528:525 528:527 528:528 529:528 534:539 535:539 536:539 537:539 538:539 540:539 621:624 622:624 623:624 625:624 665:668 666:668 668:668 670:668 670:674 672:674 674:674 676:674 676:678 677:678 678:678 679:678 718:719 719:719"
"بدیع الزمان","کنیز",13,"537 538 539 540 686 687 688 689","535:540 536:540 537:540 538:540 540:540 541:540 684:689 685:689 686:689 687:689 688:689 689:689 690:689"
"بدیع الزمان","کیپٹن اسرار",3,"559 726","558:560 559:560 726:726"
"بدیع الزمان","کیپٹن جمال",4,"590 591 618 619","591:589 591:592 621:616 621:617"
"بدیع الزمان","ہکیم حاذق",5,"503 504 505","501:505 502:505 503:505 504:505 505:505"
"بدیع الزمان","یعقوب اعوان",5,"494 720 721 724","495:493 495:494 718:723 719:723 726:723"
"برکت","بریگیڈیئر کرّار (شعیب کا والد)",4,"286 561 576 592","287:286 561:561 577:575 595:590"
"برکت","بلال مسیح موچی",1,"258","258:259"
"برکت","بکتو (کو چوہے کی بیوی)",1,"258","258:259"
"برکت","بھگت سنگھ",1,"563","561:566"
"برکت","بی بی (گھر کی بزرگ عورت/لالے کی ساتھی)",10,"255 256 257 258 299 300 563","258:253 258:254 258:255 258:256 258:257 258:258 297:301 298:301 299:301 561:566"
"برکت","تھانیدار / اے ایس آئی",5,"299 300 579 597","297:302 298:302 299:302 577:581 595:599"
"برکت","جمیلہ",5,"289 292 331 563 596","287:292 293:292 333:330 561:566 595:597"
"برکت","حاجی کریم بخش (چیئرمین ازمیر گھی انڈسٹریز)",1,"596","595:597"
"برکت","حسن (اعجاز/سکینہ کا بیٹا)",10,"257 288 291 311 331 332 575 595","258:257 287:290 293:290 310:313 333:329 333:330 333:332 577:573 577:574 595:596"
"برکت","حسین (اعجاز/سکینہ کا بیٹا)",10,"299 300 311 331 332 558 575 592 595","297:301 298:301 299:301 310:313 333:330 333:332 561:556 577:573 595:590 595:596"
"برکت","خدابخش ارائیں",1,"260","258:262"
"برکت","خواجہ معراج الدین",2,"559 560","561:558 561:559"
"برکت","دتا کمہار",1,"596","595:598"
"برکت","رحمت چوہان",1,"257","258:257"
"برکت","سراج گجر",1,"312","310:314"
"برکت","سلطان (پی۔او۔ڈبلیو ساتھی/دوست)",4,"561 576 577","561:561 577:575 577:576 577:577"
"برکت","سکینہ (اعجاز کی بیوی)",19,"287 290 291 292 297 298 299 311 330 331 332 558 559 563 596","287:287 293:288 293:289 293:290 293:292 295:300 297:300 298:300 299:300 310:313 333:328 333:329 333:330 333:332 561:556 561:557 561:558 561:566 595:597"
"برکت","سینئر انڈر آفیسر صبغت اللہ",5,"296 297 298 299","294:299 295:299 297:299 298:299 299:299"
"برکت","شعیب",20,"286 287 294 295 296 308 309 311 330 331 332 333 561 577 596","287:286 287:287 293:296 294:296 295:296 297:296 310:306 310:307 310:308 310:309 310:312 333:328 333:329 333:330 333:331 333:332 333:334 561:561 577:577 595:598"
"برکت","شمس (بدیع الزمان کا اسسٹنٹ)",2,"558 559","561:556 561:558"
"برکت","شوکت",3,"287 293","287:287 293:293 294:293"
"برکت","ظفر چوہدری",3,"576 577","577:575 577:576 577:577"
"برکت","عباس (چاچا احمد کا بیٹا)",9,"256 287 290 299 300 307 308 563","258:255 287:288 293:288 297:301 298:301 299:301 310:305 310:306 561:566"
"برکت","قائد (پارٹی بانی لیڈر)",15,"286 288 291 309 312 559 560 561 575 576 577 592 594 596","287:286 287:290 293:290 310:309 310:314 561:558 561:559 561:561 577:574 577:575 577:576 577:578 595:590 595:593 595:597"
"برکت","لیفٹیننٹ کرنل اسلام الدین",3,"335 592 597","333:337 595:590 595:600"
"برکت","ماسی (سرفراز کی پرورش کرنے والی)",9,"257 258 289 292 297 298 299 563","258:257 258:258 287:292 293:292 295:300 297:300 298:300 299:300 561:566"
"برکت","ماسی مریم",9,"257 258 289 292 297 298 299 563","258:257 258:258 287:292 293:292 295:300 297:300 298:300 299:300 561:566"
"برکت","ملک جہانگیر اعوان (ایم ایل اے)",9,"256 288 291 562 574 593 594 595","258:255 287:289 293:289 293:290 561:564 577:572 595:591 595:593 595:595"
"برکت","ملک حمید",2,"579 597","577:581 595:599"
"برکت","ملک لطیف",1,"597","595:599"
"برکت","منشی کریم شاہ",1,"256","258:255"
"برکت","میاں انتظار حسین (ایڈووکیٹ ہائی کورٹ)",3,"558 560 593","561:556 561:559 595:591"
"برکت","میجر صدیق",1,"578","577:579"
"برکت","میجر/کیپٹن سرفراز اعوان",33,"287 290 291 292 297 298 299 307 308 309 310 330 331 332 333 560 561 574 575 576 577 592 593 594 595","287:287 293:288 293:289 293:292 295:300 297:300 298:300 299:300 310:305 310:306 310:307 310:308 310:309 310:310 333:328 333:330 333:331 333:332 333:333 561:560 561:561 577:572 577:573 577:574 577:575 577:576 577:577 595:590 595:591 595:592 595:593 595:594 595:595"
"برکت","نامعلوم مزدور عورت (ملک حمید/لطیف کا تعلق)",3,"559 560 596","561:558 561:560 595:598"
"برکت","نسرین",4,"333 592 593 596","333:334 595:590 595:592 595:597"
"برکت","نسیمہ (شعیب کی بہن)",15,"286 330 331 332 333 560 561 575 576 577 592 596","287:286 333:328 333:329 333:330 333:332 333:333 561:560 561:561 577:573 577:574 577:575 577:576 577:578 595:590 595:598"
"برکت","نمائر (کیمپ کا قیدی ساتھی)",2,"576 577","577:576 577:578"
"برکت","چاچا احمد خان راٹھور",13,"260 287 290 291 292 297 298 299 560 563 575","258:262 287:287 293:288 293:290 293:292 295:300 297:300 298:300 299:300 561:559 561:566 577:573 577:574"
"برکت","چوہدری اظہر (ایس ایچ او نور پور)",5,"299 300 579 597","297:302 298:302 299:302 577:581 595:599"
"برکت","چوہدری اللہ داد خان",1,"257","258:257"
"برکت","کو چوہا (چوکیدار/کھیت میں سونے والا)",1,"258","258:258"
"برکت","کیپٹن اسد اللہ",2,"285 286","287:284 287:285"
"برکت","کیپٹن اسرار",1,"560","561:560"
"برکت","کیپٹن جمال",4,"284 286 593 596","287:282 287:286 595:592 595:597"
"برکت","کیپٹن دلاور",3,"311 332 333","310:312 333:331 333:333"
"برکت","کیڈٹ حبیب اللہ",2,"286","287:285 287:286"
"برکت","کیڈٹ مجید اللہ",8,"295 296 297 298 299","293:297 294:297 295:297 297:297 298:297 298:298 299:298 299:299"
"برکت","گل افروز خان",3,"259 287 290","258:261 287:288 293:288"
"برکت","یعقوب اعوان",5,"300 301 307 311 575","298:303 299:303 310:305 310:313 577:574"
"بریگیڈیئر کرّار (شعیب کا والد)","بھگت سنگھ",2,"563 568","561:566 571:566"
"بریگیڈیئر کرّار (شعیب کا والد)","بی بی (گھر کی بزرگ عورت/لالے کی ساتھی)",4,"563 568 569","561:566 571:566 571:567 571:568"
"بریگیڈیئر کرّار (شعیب کا والد)","تھانیدار / اے ایس آئی",2,"569 587","571:567 590:585"
"بریگیڈیئر کرّار (شعیب کا والد)","جمیلہ",3,"563 568 569","561:566 571:566 571:568"
"بریگیڈیئر کرّار (شعیب کا والد)","حسن (اعجاز/سکینہ کا بیٹا)",5,"288 569 572 574","286:290 571:568 571:573 575:573 575:574"
"بریگیڈیئر کرّار (شعیب کا والد)","حسین (اعجاز/سکینہ کا بیٹا)",6,"558 569 570 572 574 590","561:556 571:568 571:569 571:573 575:573 590:590"
"بریگیڈیئر کرّار (شعیب کا والد)","خواجہ معراج الدین",2,"559 560","561:558 561:559"
"بریگیڈیئر کرّار (شعیب کا والد)","سائیں جلا",1,"588","590:586"
"بریگیڈیئر کرّار (شعیب کا والد)","سلطان (پی۔او۔ڈبلیو ساتھی/دوست)",3,"561 573 575","561:561 571:575 575:575"
"بریگیڈیئر کرّار (شعیب کا والد)","سکینہ (اعجاز کی بیوی)",8,"286 558 559 563 568 569","286:287 561:556 561:557 561:558 561:566 571:566 571:567 571:568"
"بریگیڈیئر کرّار (شعیب کا والد)","سینئر انڈر آفیسر صبغت اللہ",1,"283","286:281"
"بریگیڈیئر کرّار (شعیب کا والد)","شعیب",4,"286 561 570 576","286:286 561:561 571:569 575:577"
"بریگیڈیئر کرّار (شعیب کا والد)","شمس (بدیع الزمان کا اسسٹنٹ)",2,"558 559","561:556 561:558"
"بریگیڈیئر کرّار (شعیب کا والد)","شوکت",1,"286","286:287"
"بریگیڈیئر کرّار (شعیب کا والد)","ظفر چوہدری",2,"573 575","571:575 575:575"
"بریگیڈیئر کرّار (شعیب کا والد)","عباس (چاچا احمد کا بیٹا)",3,"287 563 568","286:288 561:566 571:566"
"بریگیڈیئر کرّار (شعیب کا والد)","قائد (پارٹی بانی لیڈر)",11,"286 559 560 561 570 571 573 574 575 588 590","286:286 561:558 561:559 561:561 571:569 571:571 575:571 575:574 575:575 590:586 590:590"
"بریگیڈیئر کرّار (شعیب کا والد)","لیفٹیننٹ کرنل اسلام الدین",2,"589 590","590:589 590:590"
"بریگیڈیئر کرّار (شعیب کا والد)","ماسی (سرفراز کی پرورش کرنے والی)",3,"563 568 569","561:566 571:566 571:568"
"بریگیڈیئر کرّار (شعیب کا والد)","ماسی مریم",3,"563 568 569","561:566 571:566 571:568"
"بریگیڈیئر کرّار (شعیب کا والد)","ملک جہانگیر اعوان (ایم ایل اے)",9,"287 562 569 570 571 573 588 590","286:289 561:564 571:567 571:569 571:570 571:572 575:572 590:586 590:591"
"بریگیڈیئر کرّار (شعیب کا والد)","منیر میکنک",1,"589","590:588"
"بریگیڈیئر کرّار (شعیب کا والد)","میاں انتظار حسین (ایڈووکیٹ ہائی کورٹ)",3,"558 560 590","561:556 561:559 590:591"
"بریگیڈیئر کرّار (شعیب کا والد)","میجر صدیق",1,"577","575:579"
"بریگیڈیئر کرّار (شعیب کا والد)","میجر/کیپٹن سرفراز اعوان",16,"286 560 561 568 569 570 571 573 574 575 589 590","286:287 561:560 561:561 571:566 571:567 571:568 571:569 571:570 571:571 575:571 575:572 575:573 575:574 575:575 590:589 590:590"
"بریگیڈیئر کرّار (شعیب کا والد)","نامعلوم مزدور عورت (ملک حمید/لطیف کا تعلق)",3,"559 560 587","561:558 561:560 590:585"
"بریگیڈیئر کرّار (شعیب کا والد)","نسرین",2,"589 590","590:589 590:590"
"بریگیڈیئر کرّار (شعیب کا والد)","نسیمہ (شعیب کی بہن)",10,"286 560 561 571 573 574 575 589 590","286:286 561:560 561:561 571:571 575:571 575:573 575:574 575:575 590:589 590:590"
"بریگیڈیئر کرّار (شعیب کا والد)","نمائر (کیمپ کا قیدی ساتھی)",2,"573 575","571:576 575:576"
"بریگیڈیئر کرّار (شعیب کا والد)","چاچا احمد خان راٹھور",10,"286 560 563 568 569 570 572 574 589","286:287 561:559 561:566 571:566 571:567 571:570 571:573 575:573 575:574 590:588"
"بریگیڈیئر کرّار (شعیب کا والد)","چوہدری اظہر (ایس ایچ او نور پور)",2,"569 587","571:567 590:585"
"بریگیڈیئر کرّار (شعیب کا والد)","کنیز",1,"587","590:585"
"بریگیڈیئر کرّار (شعیب کا والد)","کیپٹن اسد اللہ",2,"285","286:284 286:285"
"بریگیڈیئر کرّار (شعیب کا والد)","کیپٹن اسرار",1,"560","561:560"
"بریگیڈیئر کرّار (شعیب کا والد)","کیپٹن جمال",4,"284 286 589 591","286:282 286:286 590:589 590:592"
"بریگیڈیئر کرّار (شعیب کا والد)","کیڈٹ حبیب اللہ",2,"285 286","286:285 286:286"
"بریگیڈیئر کرّار (شعیب کا والد)","گل افروز خان",1,"287","286:288"
"بریگیڈیئر کرّار (شعیب کا والد)","یعقوب اعوان",2,"572 574","571:574 575:574"
"بلال مسیح موچی","بکتو (کو چوہے کی بیوی)",1,"259","259:259"
"بلال مسیح موچی","بی بی (گھر کی بزرگ عورت/لالے کی ساتھی)",6,"256 257 258 259","259:254 259:255 259:256 259:257 259:258 259:259"
"بلال مسیح موچی","حسن (اعجاز/سکینہ کا بیٹا)",1,"258","259:257"
"بلال مسیح موچی","خدابخش ارائیں",1,"260","259:262"
"بلال مسیح موچی","رحمت چوہان",1,"258","259:257"
"بلال مسیح موچی","سکینہ (اعجاز کی بیوی)",1,"261","259:264"
"بلال مسیح موچی","عباس (چاچا احمد کا بیٹا)",1,"257","259:255"
"بلال مسیح موچی","قائد (پارٹی بانی لیڈر)",1,"261","259:264"
"بلال مسیح موچی","ماسی (سرفراز کی پرورش کرنے والی)",2,"258","259:257 259:258"
"بلال مسیح موچی","ماسی مریم",2,"258","259:257 259:258"
"بلال مسیح موچی","ملک جہانگیر اعوان (ایم ایل اے)",2,"257 261","259:255 259:264"
"بلال مسیح موچی","منشی کریم شاہ",2,"257 261","259:255 259:264"
"بلال مسیح موچی","میجر/کیپٹن سرفراز اعوان",1,"261","259:264"
"بلال مسیح موچی","چاچا احمد خان راٹھور",1,"260","259:262"
"بلال مسیح موچی","چوہدری اللہ داد خان",1,"258","259:257"
"بلال مسیح موچی","کریم راٹھور",1,"261","259:264"
"بلال مسیح موچی","کو چوہا (چوکیدار/کھیت میں سونے والا)",1,"258","259:258"
"بلال مسیح موچی","گل افروز خان",1,"260","259:261"
"بکتو (کو چوہے کی بیوی)","بی بی (گھر کی بزرگ عورت/لالے کی ساتھی)",6,"256 257 258 259","259:254 259:255 259:256 259:257 259:258 259:259"
"بکتو (کو چوہے کی بیوی)","حسن (اعجاز/سکینہ کا بیٹا)",1,"258","259:257"
"بکتو (کو چوہے کی بیوی)","خدابخش ارائیں",1,"260","259:262"
"بکتو (کو چوہے کی بیوی)","رحمت چوہان",1,"258","259:257"
"بکتو (کو چوہے کی بیوی)","سکینہ (اعجاز کی بیوی)",1,"261","259:264"
"بکتو (کو چوہے کی بیوی)","عباس (چاچا احمد کا بیٹا)",1,"257","259:255"
"بکتو (کو چوہے کی بیوی)","قائد (پارٹی بانی لیڈر)",1,"261","259:264"
"بکتو (کو چوہے کی بیوی)","ماسی (سرفراز کی پرورش کرنے والی)",2,"258","259:257 259:258"
"بکتو (کو چوہے کی بیوی)","ماسی مریم",2,"258","259:257 259:258"
"بکتو (کو چوہے کی بیوی)","ملک جہانگیر اعوان (ایم ایل اے)",2,"257 261","259:255 259:264"
"بکتو (کو چوہے کی بیوی)","منشی کریم شاہ",2,"257 261","259:255 259:264"
"بکتو (کو چوہے کی بیوی)","میجر/کیپٹن سرفراز اعوان",1,"261","259:264"
"بکتو (کو چوہے کی بیوی)","چاچا احمد خان راٹھور",1,"260","259:262"
"بکتو (کو چوہے کی بیوی)","چوہدری اللہ داد خان",1,"258","259:257"
"بکتو (کو چوہے کی بیوی)","کریم راٹھور",1,"261","259:264"
"بکتو (کو چوہے کی بیوی)","کو چوہا (چوکیدار/کھیت میں سونے والا)",1,"258","259:258"
"بکتو (کو چوہے کی بیوی)","گل افروز خان",1,"260","259:261"
"بھگت سنگھ","بی بی (گھر کی بزرگ عورت/لالے کی ساتھی)",8,"65 69 70 72 73 74 566","63:68 71:68 71:69 71:74 73:74 74:74 75:74 566:566"
"بھگت سنگھ","بے انت سنگھ",5,"41 42 43 63","41:42 43:42 43:43 44:43 63:64"
"بھگت سنگھ","تھانیدار / اے ایس آئی",2,"54 566","52:57 566:567"
"بھگت سنگھ","جسونت سنگھ",12,"28 29 45 47 72 73 74","27:29 28:29 29:29 30:29 43:47 44:47 47:47 48:47 71:74 73:74 74:74 75:74"
"بھگت سنگھ","جمیلہ",4,"24 39 40 566","27:22 41:38 41:39 566:566"
"بھگت سنگھ","جنگندر سنگھ",2,"41 42","41:41 43:41"
"بھگت سنگھ","جونیئر وکیل (خواجہ معراج کا شاگرد)",1,"678","678:678"
"بھگت سنگھ","جگت سنگھ",24,"27 28 30 31 32 41 42 43 46 48 49 50 51 52 60 72 73","27:27 28:27 28:28 29:28 29:32 30:32 32:32 41:41 43:41 43:42 43:43 44:43 44:49 47:49 48:49 49:49 51:49 51:51 52:51 52:53 63:58 71:73 73:73 74:73"
"بھگت سنگھ","حاجی کریم بخش (چیئرمین ازمیر گھی انڈسٹریز)",2,"676 678","678:674 678:678"
"بھگت سنگھ","حسن (اعجاز/سکینہ کا بیٹا)",1,"567","566:568"
"بھگت سنگھ","حسین (اعجاز/سکینہ کا بیٹا)",10,"76 77 78 567 675 676 677 678","74:79 75:79 76:79 77:79 78:79 566:568 678:673 678:675 678:676 678:678"
"بھگت سنگھ","خواجہ معراج الدین",2,"677 680","678:677 678:682"
"بھگت سنگھ","دتو میراثی",3,"27 28","27:28 28:28 29:28"
"بھگت سنگھ","رنگیلی (یعقوب کی گھوڑی)",6,"43 44 46 64 68","41:45 43:45 44:45 47:45 63:66 71:66"
"بھگت سنگھ","زور آور (گھوڑا)",7,"45 46 47 48 49 50","43:48 44:48 47:48 48:48 49:48 49:49 51:49"
"بھگت سنگھ","زینب (یعقوب کی بیوی)",22,"43 44 46 47 48 49 50 51 52 63 69 71 72 73 74","41:45 43:45 44:45 47:45 47:46 47:47 48:47 48:48 49:48 49:50 51:50 51:52 52:52 63:64 71:67 71:68 71:71 73:71 73:73 74:73 74:74 75:74"
"بھگت سنگھ","سردار فلمبند خان",1,"80","78:83"
"بھگت سنگھ","سلطان (پی۔او۔ڈبلیو ساتھی/دوست)",3,"563 564","566:561 566:562 566:563"
"بھگت سنگھ","سلیم",2,"676 678","678:674 678:678"
"بھگت سنگھ","سندر سنگھ",6,"46 48 49 50","44:49 47:49 48:49 49:49 51:49 51:50"
"بھگت سنگھ","سکینہ (اعجاز کی بیوی)",19,"25 34 38 39 64 68 69 70 71 72 74 75 77 78 566","27:23 32:36 41:36 41:38 63:66 71:66 71:67 71:68 71:69 71:71 73:71 73:75 74:75 75:75 76:75 76:79 77:79 78:79 566:566"
"بھگت سنگھ","شعیب",3,"563 564 567","566:561 566:562 566:569"
"بھگت سنگھ","شیر بہادر اعوان",8,"63 70 71 72 77 78 79","63:64 71:70 71:72 73:72 75:80 76:80 77:80 78:80"
"بھگت سنگھ","شیشے والا سالا (بدیع الزمان کا دوسرا قرض خواہ)",2,"71 72","71:72 73:72"
"بھگت سنگھ","صوبیدار جہاں خان",1,"54","52:57"
"بھگت سنگھ","عامر محمود (چیف کیمسٹ)",1,"676","678:674"
"بھگت سنگھ","عباس (چاچا احمد کا بیٹا)",3,"24 39 566","27:22 41:38 566:566"
"بھگت سنگھ","علی بہادر",3,"64 71 72","63:65 71:72 73:72"
"بھگت سنگھ","فضلے",5,"49 50 51 52","47:52 48:52 49:52 51:52 52:52"
"بھگت سنگھ","فلک شیر اعوان",6,"64 70 77 78 79","63:65 71:70 75:80 76:80 77:80 78:80"
"بھگت سنگھ","قائد (پارٹی بانی لیڈر)",13,"31 32 33 60 71 72 80 563 564 567 676 677 678","29:34 30:34 32:34 63:58 71:72 73:72 78:83 566:561 566:562 566:569 678:675 678:677 678:678"
"بھگت سنگھ","ماسی (سرفراز کی پرورش کرنے والی)",14,"24 25 39 71 72 73 74 77 78 566","27:22 27:23 27:24 41:38 71:71 73:71 73:74 74:74 75:74 75:79 76:79 77:79 78:79 566:566"
"بھگت سنگھ","ماسی مریم",14,"24 25 39 71 72 73 74 77 78 566","27:22 27:23 27:24 41:38 71:71 73:71 73:74 74:74 75:74 75:79 76:79 77:79 78:79 566:566"
"بھگت سنگھ","ملک جہانگیر اعوان (ایم ایل اے)",5,"40 565 566 676","41:40 566:564 566:565 566:567 678:675"
"بھگت سنگھ","ملک عالم جہاں اعوان",2,"54 60","52:57 63:58"
"بھگت سنگھ","منظور (اعجاز کا ورکر)",3,"72 73","71:73 73:73 74:73"
"بھگت سنگھ","میاں انتظار حسین (ایڈووکیٹ ہائی کورٹ)",2,"675 678","678:673 678:678"
"بھگت سنگھ","میجر/کیپٹن سرفراز اعوان",33,"24 25 30 31 32 38 39 40 61 62 65 69 70 71 72 73 74 75 77 78 563 564 565 566","27:22 27:23 27:24 28:33 29:33 30:33 32:33 41:36 41:37 41:38 41:39 41:40 63:60 63:61 63:68 71:68 71:69 71:70 71:71 73:71 73:74 74:74 75:74 75:75 76:75 76:79 77:79 78:79 566:561 566:562 566:563 566:565 566:566"
"بھگت سنگھ","نامعلوم مزدور عورت (ملک حمید/لطیف کا تعلق)",14,"31 32 33 45 47 49 50 51 54 60 680","29:34 30:34 32:34 43:47 44:47 47:47 48:47 48:51 49:51 51:51 52:51 52:56 63:58 678:682"
"بھگت سنگھ","نانبائی (او جھری والا)",1,"678","678:678"
"بھگت سنگھ","نسرین",17,"27 28 29 32 33 42 43 44 45 46 49 50 51","27:28 28:28 29:28 29:29 30:29 30:34 32:34 41:44 43:44 44:44 47:44 47:46 47:51 48:51 49:51 51:51 52:51"
"بھگت سنگھ","نسیمہ (شعیب کی بہن)",4,"563 564 568","566:561 566:562 566:563 566:571"
"بھگت سنگھ","نیلی (بھینس)",5,"45 46 47 48","43:48 44:48 47:48 48:48 49:48"
"بھگت سنگھ","وسیم بھائی (بدیع الزمان کا سالا/قرض خواہ)",21,"26 27 28 32 33 39 45 46 47 48 61 72 73 74 77 78","27:26 27:28 28:28 29:28 30:35 32:35 41:38 43:48 44:48 47:48 48:48 49:48 63:59 71:74 73:74 74:74 75:74 75:79 76:79 77:79 78:79"
"بھگت سنگھ","پیر حمید الدین بلال شاہ (مرشد بلال پور شریف)",3,"31 32 33","29:34 30:34 32:34"
"بھگت سنگھ","چاچا احمد خان راٹھور",19,"25 34 38 39 46 48 49 50 54 63 69 73 74 75 76 566","27:23 32:36 41:36 41:38 44:49 47:49 48:49 49:49 51:49 52:57 63:63 71:67 71:76 73:76 74:76 75:76 76:76 77:76 566:566"
"بھگت سنگھ","چنبیلی (گھوڑی)",9,"43 44 46 47 48 65 69","41:45 43:45 44:45 47:45 47:48 48:48 49:48 63:68 71:68"
"بھگت سنگھ","چوہدری اظہر (ایس ایچ او نور پور)",2,"54 566","52:57 566:567"
"بھگت سنگھ","ڈاکٹر (کریم بخش کا بیٹا)",7,"49 50 51 52 60 679","47:52 48:52 49:52 51:52 52:52 63:58 678:681"
"بھگت سنگھ","ڈاکٹر خدابخش کھوکھر (چیف کیمسٹ)",1,"676","678:674"
"بھگت سنگھ","کامران خان (جواں سال کیمسٹ)",1,"676","678:674"
"بھگت سنگھ","کریم راٹھور",2,"676 678","678:674 678:678"
"بھگت سنگھ","کلونت کور",13,"27 28 41 42 43 50 51 52","27:27 28:27 28:28 29:28 41:41 43:41 43:42 43:43 44:43 48:53 49:53 51:53 52:53"
"بھگت سنگھ","کیپٹن اسرار",3,"31 32 33","29:34 30:34 32:34"
"بھگت سنگھ","یعقوب اعوان",49,"25 26 27 28 30 31 32 38 41 42 43 44 45 46 47 48 49 50 51 52 60 61 63 68 69 70 71 72 73 74 75 76 77 78","27:24 27:26 27:27 28:27 28:28 29:28 29:32 30:32 32:32 41:36 41:41 43:41 43:43 44:43 44:44 47:44 47:45 47:46 47:47 48:47 48:48 49:48 49:49 51:49 51:50 51:51 52:51 52:52 63:58 63:59 63:63 71:66 71:67 71:68 71:70 71:71 73:71 73:72 73:73 74:73 74:74 75:74 75:75 76:75 76:76 77:76 77:77 78:77 78:78"
"بی اے چوہدری (بشیر ارائیں کے نئے نام کا سیاسی روپ)","تھانیدار / اے ایس آئی",3,"149 452","147:151 148:151 452:453"
"بی اے چوہدری (بشیر ارائیں کے نئے نام کا سیاسی روپ)","حسن (اعجاز/سکینہ کا بیٹا)",1,"479","478:480"
"بی اے چوہدری (بشیر ارائیں کے نئے نام کا سیاسی روپ)","حسین (اعجاز/سکینہ کا بیٹا)",1,"479","478:480"
"بی اے چوہدری (بشیر ارائیں کے نئے نام کا سیاسی روپ)","دتو میراثی",2,"148","147:149 148:149"
"بی اے چوہدری (بشیر ارائیں کے نئے نام کا سیاسی روپ)","ریاض (سرفراز کا ڈرائیور)",2,"451 453","452:450 452:454"
"بی اے چوہدری (بشیر ارائیں کے نئے نام کا سیاسی روپ)","سکینہ (اعجاز کی بیوی)",4,"145 451 479","147:143 147:144 452:451 478:480"
"بی اے چوہدری (بشیر ارائیں کے نئے نام کا سیاسی روپ)","شوکت",1,"145","147:143"
"بی اے چوہدری (بشیر ارائیں کے نئے نام کا سیاسی روپ)","فضلے",1,"480","478:483"
"بی اے چوہدری (بشیر ارائیں کے نئے نام کا سیاسی روپ)","قائد (پارٹی بانی لیڈر)",13,"146 184 185 449 452 457 460 469 472 474 476 478","147:145 185:183 185:184 185:185 452:447 452:452 460:455 460:461 471:468 471:474 474:474 478:474 478:478"
"بی اے چوہدری (بشیر ارائیں کے نئے نام کا سیاسی روپ)","قمر الاسلام",4,"460 475 477 478","460:461 474:477 478:477 478:478"
"بی اے چوہدری (بشیر ارائیں کے نئے نام کا سیاسی روپ)","مرزا عبد الرشید",1,"460","460:461"
"بی اے چوہدری (بشیر ارائیں کے نئے نام کا سیاسی روپ)","ملک جہانگیر اعوان (ایم ایل اے)",11,"144 145 146 147 148 183 184 185","147:142 147:143 147:144 147:145 147:146 147:147 148:147 148:148 185:181 185:183 185:186"
"بی اے چوہدری (بشیر ارائیں کے نئے نام کا سیاسی روپ)","ملک حمید",3,"147 148","147:147 148:147 148:148"
"بی اے چوہدری (بشیر ارائیں کے نئے نام کا سیاسی روپ)","ملک رشید (ملک حمید کا بھائی)",3,"149 461","147:151 148:151 460:462"
"بی اے چوہدری (بشیر ارائیں کے نئے نام کا سیاسی روپ)","منشی کریم شاہ",1,"145","147:143"
"بی اے چوہدری (بشیر ارائیں کے نئے نام کا سیاسی روپ)","منظور (اعجاز کا ورکر)",9,"449 450 451 452 457 458 461","452:447 452:448 452:449 452:450 452:451 452:452 460:455 460:456 460:463"
"بی اے چوہدری (بشیر ارائیں کے نئے نام کا سیاسی روپ)","منیر میکنک",4,"470 471 473 479","471:470 471:472 474:472 478:480"
"بی اے چوہدری (بشیر ارائیں کے نئے نام کا سیاسی روپ)","میجر صدیق",1,"479","478:481"
"بی اے چوہدری (بشیر ارائیں کے نئے نام کا سیاسی روپ)","میجر/کیپٹن سرفراز اعوان",3,"459 480","460:458 460:459 478:483"
"بی اے چوہدری (بشیر ارائیں کے نئے نام کا سیاسی روپ)","نامعلوم مزدور عورت (ملک حمید/لطیف کا تعلق)",6,"147 148 472 473 474 476","147:148 148:148 471:473 474:473 474:475 478:475"
"بی اے چوہدری (بشیر ارائیں کے نئے نام کا سیاسی روپ)","نسرین",3,"473 474 476","471:475 474:475 478:475"
"بی اے چوہدری (بشیر ارائیں کے نئے نام کا سیاسی روپ)","نمائر (کیمپ کا قیدی ساتھی)",1,"479","478:481"
"بی اے چوہدری (بشیر ارائیں کے نئے نام کا سیاسی روپ)","وسیم بھائی (بدیع الزمان کا سالا/قرض خواہ)",1,"184","185:183"
"بی اے چوہدری (بشیر ارائیں کے نئے نام کا سیاسی روپ)","چاچا احمد خان راٹھور",11,"145 146 147 148 183 184 185 472 474 476","147:143 147:146 147:147 148:147 148:148 185:181 185:184 185:185 471:474 474:474 478:474"
"بی اے چوہدری (بشیر ارائیں کے نئے نام کا سیاسی روپ)","چوہدری اظہر (ایس ایچ او نور پور)",4,"149 451 452","147:151 148:151 452:450 452:453"
"بی اے چوہدری (بشیر ارائیں کے نئے نام کا سیاسی روپ)","ڈاکٹر (کریم بخش کا بیٹا)",3,"453 457 462","452:455 460:455 460:464"
"بی اے چوہدری (بشیر ارائیں کے نئے نام کا سیاسی روپ)","کنیز",11,"147 148 462 470 472 473 474 476 477","147:148 148:148 460:465 471:470 471:473 474:473 474:474 478:474 478:475 478:476 478:477"
"بی اے چوہدری (بشیر ارائیں کے نئے نام کا سیاسی روپ)","یعقوب اعوان",1,"145","147:143"
"بی بی (گھر کی بزرگ عورت/لالے کی ساتھی)","بی بی کمہاری",2,"506","506:506 507:506"
"بی بی (گھر کی بزرگ عورت/لالے کی ساتھی)","بے انت سنگھ",1,"66","68:64"
"بی بی (گھر کی بزرگ عورت/لالے کی ساتھی)","تھانیدار / اے ایس آئی",7,"113 301 350 566 567 756","114:112 301:302 351:350 566:567 567:567 568:567 754:758"
"بی بی (گھر کی بزرگ عورت/لالے کی ساتھی)","جرنیل سنگھ (سکھ)",3,"169 170","171:168 171:169 171:170"
"بی بی (گھر کی بزرگ عورت/لالے کی ساتھی)","جسونت سنگھ",2,"71 74","69:74 74:74"
"بی بی (گھر کی بزرگ عورت/لالے کی ساتھی)","جمیلہ",6,"172 173 566 567 568","171:173 173:173 566:566 567:566 567:568 568:568"
"بی بی (گھر کی بزرگ عورت/لالے کی ساتھی)","جگت سنگھ",4,"70 71 73 782","68:73 69:73 74:73 784:780"
"بی بی (گھر کی بزرگ عورت/لالے کی ساتھی)","حاجی ذوالفقار",1,"113","114:113"
"بی بی (گھر کی بزرگ عورت/لالے کی ساتھی)","حاجی عزیز دین",2,"116 117","114:118 116:118"
"بی بی (گھر کی بزرگ عورت/لالے کی ساتھی)","حسن (اعجاز/سکینہ کا بیٹا)",23,"213 216 255 256 257 352 361 411 431 432 493 567 568 721 722 723 739 754 783","216:211 216:216 253:257 254:257 255:257 256:257 257:257 258:257 351:353 361:361 412:411 431:431 433:431 493:494 566:568 567:568 568:568 721:722 723:722 723:723 739:739 754:754 784:782"
"بی بی (گھر کی بزرگ عورت/لالے کی ساتھی)","حسین (اعجاز/سکینہ کا بیٹا)",29,"76 213 214 218 230 231 245 246 247 249 250 251 252 301 352 431 432 493 567 568 686 720 752 753 754 783","74:79 216:211 216:212 216:220 230:231 231:231 232:231 243:248 244:248 245:248 246:248 251:248 251:249 251:252 253:252 301:301 351:353 431:431 433:431 493:494 566:568 567:568 568:568 684:689 721:719 754:751 754:753 754:754 784:782"
"بی بی (گھر کی بزرگ عورت/لالے کی ساتھی)","حوالدار ستونت سنگھ",1,"781","784:779"
"بی بی (گھر کی بزرگ عورت/لالے کی ساتھی)","خدابخش ارائیں",3,"259 260","257:262 258:262 259:262"
"بی بی (گھر کی بزرگ عورت/لالے کی ساتھی)","خواجہ معراج الدین",3,"683 723 724","684:682 721:726 723:726"
"بی بی (گھر کی بزرگ عورت/لالے کی ساتھی)","دتا کمہار",1,"505","506:505"
"بی بی (گھر کی بزرگ عورت/لالے کی ساتھی)","دتو میراثی",2,"115 116","114:117 116:117"
"بی بی (گھر کی بزرگ عورت/لالے کی ساتھی)","رابعہ",1,"359","361:358"
"بی بی (گھر کی بزرگ عورت/لالے کی ساتھی)","رحمت چوہان",13,"114 115 116 171 172 255 256 257 506 507","114:115 116:115 116:117 171:171 173:171 253:257 254:257 255:257 256:257 257:257 258:257 506:507 507:507"
"بی بی (گھر کی بزرگ عورت/لالے کی ساتھی)","رضیہ",1,"359","361:358"
"بی بی (گھر کی بزرگ عورت/لالے کی ساتھی)","رنگیلی (یعقوب کی گھوڑی)",2,"67 782","68:66 784:780"
"بی بی (گھر کی بزرگ عورت/لالے کی ساتھی)","ریاض (سرفراز کا ڈرائیور)",1,"738","739:738"
"بی بی (گھر کی بزرگ عورت/لالے کی ساتھی)","زور آور (گھوڑا)",2,"785 786","784:786 787:786"
"بی بی (گھر کی بزرگ عورت/لالے کی ساتھی)","زیدی صاحب (چیف ایڈیٹر طلوع)",1,"686","684:688"
"بی بی (گھر کی بزرگ عورت/لالے کی ساتھی)","زینب (یعقوب کی بیوی)",9,"66 67 68 70 72 73 74 789","68:64 68:67 68:68 69:68 69:71 74:71 74:73 74:74 787:792"
"بی بی (گھر کی بزرگ عورت/لالے کی ساتھی)","سائیں جلا",23,"116 117 160 168 169 170 171 172 173 240 241 242 243 755 783 784 786 787","114:118 116:118 160:160 171:166 171:167 171:168 171:169 171:171 173:171 173:172 173:173 238:242 239:242 240:242 241:242 243:242 243:243 244:243 754:756 784:782 784:785 787:785 787:788"
"بی بی (گھر کی بزرگ عورت/لالے کی ساتھی)","ساجا",2,"116 117","114:118 116:118"
"بی بی (گھر کی بزرگ عورت/لالے کی ساتھی)","سراج گجر",6,"361 410 411 412 508","361:361 412:409 412:410 412:412 506:510 507:510"
"بی بی (گھر کی بزرگ عورت/لالے کی ساتھی)","سردار فلمبند خان",2,"169 413","171:167 412:414"
"بی بی (گھر کی بزرگ عورت/لالے کی ساتھی)","سرداراں دائی",1,"361","361:361"
"بی بی (گھر کی بزرگ عورت/لالے کی ساتھی)","سلطان (پی۔او۔ڈبلیو ساتھی/دوست)",6,"490 508 509 563 564","493:488 506:511 507:511 566:561 566:562 566:563"
"بی بی (گھر کی بزرگ عورت/لالے کی ساتھی)","سلیم",17,"218 230 231 245 246 247 249 250 421 681 682 683 720","216:220 230:231 231:231 232:231 243:248 244:248 245:248 246:248 251:248 251:249 251:250 420:423 684:679 684:681 684:682 721:719 721:720"
"بی بی (گھر کی بزرگ عورت/لالے کی ساتھی)","سکینہ (اعجاز کی بیوی)",66,"67 68 69 71 72 74 114 115 117 158 160 171 172 173 213 214 215 216 261 300 350 351 359 360 361 409 413 417 418 420 430 431 432 433 492 493 505 566 567 568 684 718 719 720 721 722 723 739 752 753 754 783 784 785","68:66 68:67 68:68 69:68 69:69 74:69 74:71 74:75 114:114 116:114 116:118 160:156 160:157 160:160 171:171 173:171 173:173 216:211 216:213 216:214 216:215 216:216 259:264 301:300 351:349 351:350 351:351 361:357 361:358 361:359 361:361 412:407 412:415 420:415 420:416 420:417 420:420 431:430 431:431 433:431 433:432 433:433 493:491 493:493 506:504 566:566 567:566 567:567 568:567 568:568 684:685 721:716 721:717 721:718 721:719 721:722 723:722 723:723 739:740 754:751 754:753 754:754 784:782 784:783 784:784 787:784"
"بی بی (گھر کی بزرگ عورت/لالے کی ساتھی)","سیف اللہ (چکی والا)",3,"114 115 116","114:115 116:115 116:116"
"بی بی (گھر کی بزرگ عورت/لالے کی ساتھی)","سینئر انڈر آفیسر صبغت اللہ",1,"300","301:299"
"بی بی (گھر کی بزرگ عورت/لالے کی ساتھی)","سیکنڈ لفٹننٹ امتیاز",1,"752","754:750"
"بی بی (گھر کی بزرگ عورت/لالے کی ساتھی)","شبیرا",2,"116 117","114:118 116:118"
"بی بی (گھر کی بزرگ عورت/لالے کی ساتھی)","شعیب",14,"298 303 351 358 359 360 563 564 567 568 740 756","301:296 301:306 351:351 361:356 361:357 361:358 361:359 566:561 566:562 566:569 567:569 568:569 739:741 754:758"
"بی بی (گھر کی بزرگ عورت/لالے کی ساتھی)","شہلا رضوی",1,"738","739:737"
"بی بی (گھر کی بزرگ عورت/لالے کی ساتھی)","شیر بہادر اعوان",6,"66 69 72 73","68:64 68:65 68:70 69:70 74:70 74:72"
"بی بی (گھر کی بزرگ عورت/لالے کی ساتھی)","شیشے والا سالا (بدیع الزمان کا دوسرا قرض خواہ)",3,"70 73","68:72 69:72 74:72"
"بی بی (گھر کی بزرگ عورت/لالے کی ساتھی)","عباس (چاچا احمد کا بیٹا)",55,"115 116 162 168 169 170 171 172 173 231 232 235 236 238 239 240 241 242 243 244 245 246 248 249 251 252 254 255 301 359 431 432 433 566 721 722 723 754 783 784 786 787","114:117 116:117 160:165 171:166 171:168 171:169 171:172 173:172 173:173 230:232 231:232 232:232 233:232 233:238 234:238 235:238 238:238 239:238 239:240 240:240 241:240 241:241 243:241 243:242 243:243 244:243 244:245 245:245 246:245 246:246 251:246 251:247 251:251 253:251 253:255 254:255 255:255 256:255 301:301 361:357 431:432 433:432 433:433 566:566 567:566 721:722 723:722 723:723 754:754 784:782 784:783 784:785 787:785 787:786 787:787"
"بی بی (گھر کی بزرگ عورت/لالے کی ساتھی)","علی بہادر",4,"66 70 73","68:65 68:72 69:72 74:72"
"بی بی (گھر کی بزرگ عورت/لالے کی ساتھی)","عمران (ہوسٹل ساتھی)",5,"420 433 434 508","420:421 431:436 433:436 506:510 507:510"
"بی بی (گھر کی بزرگ عورت/لالے کی ساتھی)","غلام حسین",13,"214 218 230 231 245 246 247 249 250 251 252","216:212 216:220 230:231 231:231 232:231 243:248 244:248 245:248 246:248 251:248 251:249 251:252 253:252"
"بی بی (گھر کی بزرگ عورت/لالے کی ساتھی)","فلک شیر اعوان",4,"66 69 72","68:65 68:70 69:70 74:70"
"بی بی (گھر کی بزرگ عورت/لالے کی ساتھی)","قائد (پارٹی بانی لیڈر)",59,"5 6 70 73 111 113 214 218 227 228 229 234 235 236 237 242 243 244 245 247 249 250 261 350 352 361 411 414 418 419 420 430 490 491 494 506 507 563 564 567 568 681 682 683 684 723 724 737 756 789","7:4 7:5 7:6 68:72 69:72 74:72 114:109 114:113 216:212 216:220 230:225 230:226 230:229 232:237 233:237 234:237 235:237 238:237 240:245 241:245 243:245 244:245 245:245 246:245 246:248 251:248 251:249 251:250 259:264 351:349 351:353 361:361 412:410 412:411 412:417 420:417 420:418 420:419 420:420 431:429 493:488 493:489 493:496 506:507 507:507 566:561 566:562 566:569 567:569 568:569 684:679 684:681 684:682 684:684 721:726 723:726 739:736 754:758 787:791"
"بی بی (گھر کی بزرگ عورت/لالے کی ساتھی)","قمر الاسلام",1,"495","493:498"
"بی بی (گھر کی بزرگ عورت/لالے کی ساتھی)","لیفٹیننٹ کرنل اسلام الدین",1,"740","739:741"
"بی بی (گھر کی بزرگ عورت/لالے کی ساتھی)","ماسی (سرفراز کی پرورش کرنے والی)",36,"69 70 72 74 116 117 158 159 162 172 173 240 241 242 243 245 246 248 255 256 257 258 300 566 567 568 754","68:71 69:71 74:71 74:74 114:118 116:118 160:156 160:157 160:158 160:164 171:173 173:173 238:243 239:243 240:243 241:243 243:243 244:243 244:246 245:246 246:246 251:246 253:257 254:257 255:257 256:257 257:257 258:257 258:258 259:258 301:300 566:566 567:566 567:568 568:568 754:754"
"بی بی (گھر کی بزرگ عورت/لالے کی ساتھی)","ماسی مریم",37,"69 70 72 74 116 117 158 159 162 171 172 173 240 241 242 243 245 246 248 255 256 257 258 300 566 567 568 754","68:71 69:71 74:71 74:74 114:118 116:118 160:156 160:157 160:158 160:164 171:171 173:171 173:173 238:243 239:243 240:243 241:243 243:243 244:243 244:246 245:246 246:246 251:246 253:257 254:257 255:257 256:257 257:257 258:257 258:258 259:258 301:300 566:566 567:566 567:568 568:568 754:754"
"بی بی (گھر کی بزرگ عورت/لالے کی ساتھی)","مرزا عبد الرشید",1,"494","493:495"
"بی بی (گھر کی بزرگ عورت/لالے کی ساتھی)","ملک جہانگیر اعوان (ایم ایل اے)",49,"111 160 229 230 231 232 234 235 237 238 239 242 243 244 245 246 248 253 254 255 261 350 361 409 410 411 412 418 419 495 506 507 565 566 567 568","114:109 160:160 230:229 230:230 231:230 231:232 232:232 233:232 233:236 234:236 235:236 238:236 238:237 238:238 239:238 239:239 240:239 240:245 241:245 243:245 244:245 245:245 246:245 246:246 251:246 251:255 253:255 254:255 255:255 256:255 259:264 351:349 361:361 412:407 412:408 412:409 412:410 412:412 420:417 420:419 493:497 506:507 507:507 566:564 566:565 566:567 567:567 568:567 568:569"
"بی بی (گھر کی بزرگ عورت/لالے کی ساتھی)","ملک حمید",12,"235 236 238 242 243 244 245 789","233:238 234:238 235:238 238:238 239:238 240:245 241:245 243:245 244:245 245:245 246:245 787:791"
"بی بی (گھر کی بزرگ عورت/لالے کی ساتھی)","ملک لطیف",1,"789","787:791"
"بی بی (گھر کی بزرگ عورت/لالے کی ساتھی)","منشی کریم شاہ",6,"253 254 255 261","251:255 253:255 254:255 255:255 256:255 259:264"
"بی بی (گھر کی بزرگ عورت/لالے کی ساتھی)","منظور (اعجاز کا ورکر)",15,"70 71 73 348 349 350 363 411 412 418 492 493 505 686","68:73 69:73 74:73 351:346 351:347 351:348 351:349 361:365 412:411 412:412 420:417 493:491 493:494 506:504 684:689"
"بی بی (گھر کی بزرگ عورت/لالے کی ساتھی)","مولوی فقیر الدین",2,"115 116","114:117 116:117"
"بی بی (گھر کی بزرگ عورت/لالے کی ساتھی)","میاں انتظار حسین (ایڈووکیٹ ہائی کورٹ)",2,"9 684","7:12 684:685"
"بی بی (گھر کی بزرگ عورت/لالے کی ساتھی)","میجر ست پال ٹھاکر (کیمپ افسرِ دشمن)",1,"781","784:779"
"بی بی (گھر کی بزرگ عورت/لالے کی ساتھی)","میجر صدیق",2,"428 492","431:426 493:492"
"بی بی (گھر کی بزرگ عورت/لالے کی ساتھی)","میجر/کیپٹن سرفراز اعوان",100,"4 5 6 7 68 69 71 72 74 113 115 116 158 160 168 169 170 171 172 173 213 214 215 216 230 231 235 236 238 239 240 245 246 249 250 251 252 261 300 301 351 358 359 360 420 429 430 431 432 433 507 563 564 565 566 567 568 721 722 723 737 738 739 751 752 753 754 781 782 783 784 785 786 787","7:2 7:3 7:4 7:5 7:6 7:8 68:68 69:68 69:69 74:69 74:70 74:71 74:74 114:113 114:116 116:116 160:156 160:157 160:160 171:166 171:168 171:169 171:171 173:171 173:173 216:211 216:212 216:213 216:214 216:215 216:216 230:231 231:231 232:231 233:238 234:238 235:238 238:238 239:238 239:240 240:240 241:240 243:247 244:247 245:247 246:247 251:247 251:249 251:250 251:252 253:252 259:264 301:300 301:301 351:351 361:356 361:357 361:358 361:359 420:420 431:428 431:430 431:431 433:431 433:432 433:433 506:508 507:508 566:561 566:562 566:563 566:565 566:566 567:566 567:567 568:567 568:568 721:721 723:721 723:722 723:723 739:736 739:737 739:738 739:739 754:749 754:750 754:751 754:752 754:753 754:754 784:779 784:781 784:782 784:783 784:784 787:784 787:785 787:786 787:787"
"بی بی (گھر کی بزرگ عورت/لالے کی ساتھی)","نامعلوم مزدور عورت (ملک حمید/لطیف کا تعلق)",23,"111 112 113 114 115 118 157 213 215 216 350 352 420 506 507 683 722 723 784 785 786","114:109 114:110 114:111 114:113 114:115 116:115 116:120 160:155 216:211 216:215 216:217 351:350 351:354 420:420 506:507 507:507 684:682 721:723 723:723 784:784 787:784 787:785 787:786"
"بی بی (گھر کی بزرگ عورت/لالے کی ساتھی)","نسرین",22,"4 5 8 114 115 116 170 175 216 247 248 250 353 358 359 409 412 739 784 785 786","7:2 7:4 7:9 114:115 116:115 116:116 171:169 173:178 216:217 245:250 246:250 251:250 351:356 361:356 361:357 412:407 412:412 739:739 784:784 787:784 787:785 787:786"
"بی بی (گھر کی بزرگ عورت/لالے کی ساتھی)","نسیمہ (شعیب کی بہن)",21,"351 358 359 360 420 563 564 568 569 721 722 723 739 753 754 784 786","351:351 361:356 361:357 361:358 361:359 420:420 566:561 566:562 566:563 566:571 567:571 568:571 721:721 723:721 723:722 723:724 739:739 754:753 754:754 784:785 787:785"
"بی بی (گھر کی بزرگ عورت/لالے کی ساتھی)","وسیم بھائی (بدیع الزمان کا سالا/قرض خواہ)",9,"7 71 74 111 353 358 421 782 789","7:7 69:74 74:74 114:109 351:356 361:356 420:423 784:781 787:792"
"بی بی (گھر کی بزرگ عورت/لالے کی ساتھی)","پروفیسر میر صاحب",6,"245 246 247 249 250","243:248 244:248 245:248 246:248 251:248 251:249"
"بی بی (گھر کی بزرگ عورت/لالے کی ساتھی)","پھاتو مراثن (ڈھولکی)",1,"359","361:358"
"بی بی (گھر کی بزرگ عورت/لالے کی ساتھی)","پیر حمید الدین بلال شاہ (مرشد بلال پور شریف)",6,"5 6 161 755 789","7:4 7:5 7:6 160:162 754:757 787:791"
"بی بی (گھر کی بزرگ عورت/لالے کی ساتھی)","چاچا احمد خان راٹھور",77,"65 67 75 114 115 116 160 168 169 170 171 172 173 214 216 227 230 231 233 234 235 237 238 240 241 242 243 244 245 246 248 249 250 251 252 259 260 300 301 353 358 359 361 410 431 432 493 509 566 567 569 722 723 736 739 754 783 784 786 787","68:63 68:67 74:76 114:115 116:115 116:116 160:160 171:166 171:167 171:168 171:169 171:170 171:171 173:171 173:172 173:173 216:212 216:216 230:225 230:231 231:231 232:231 232:234 233:234 234:234 235:234 235:236 238:236 238:238 239:238 239:241 240:241 241:241 243:241 243:242 243:243 244:243 244:244 245:244 245:245 246:245 246:246 251:246 251:248 251:249 251:250 251:252 253:252 257:262 258:262 259:262 301:300 301:301 351:356 361:356 361:357 361:358 361:362 412:408 431:432 433:432 493:493 507:512 566:566 567:566 567:567 568:567 568:570 721:723 723:723 739:734 739:739 754:754 784:782 784:785 787:785 787:787"
"بی بی (گھر کی بزرگ عورت/لالے کی ساتھی)","چنبیلی (گھوڑی)",2,"68","68:68 69:68"
"بی بی (گھر کی بزرگ عورت/لالے کی ساتھی)","چوہدری ارشد (یونین رہنما)",1,"363","361:365"
"بی بی (گھر کی بزرگ عورت/لالے کی ساتھی)","چوہدری اظہر (ایس ایچ او نور پور)",7,"113 301 350 566 567 756","114:112 301:302 351:350 566:567 567:567 568:567 754:758"
"بی بی (گھر کی بزرگ عورت/لالے کی ساتھی)","چوہدری اللہ داد خان",6,"255 256 257","253:257 254:257 255:257 256:257 257:257 258:257"
"بی بی (گھر کی بزرگ عورت/لالے کی ساتھی)","چوہدری شدا",1,"363","361:366"
"بی بی (گھر کی بزرگ عورت/لالے کی ساتھی)","ڈاکٹر (کریم بخش کا بیٹا)",11,"111 113 216 503 504 506 507 682 683 684","114:109 114:112 216:217 506:501 506:502 506:507 507:507 684:681 684:682 684:683 684:684"
"بی بی (گھر کی بزرگ عورت/لالے کی ساتھی)","ڈاکٹر احسان الحق (پُل کھنگر)",2,"508","506:510 507:510"
"بی بی (گھر کی بزرگ عورت/لالے کی ساتھی)","کریم راٹھور",7,"261 509 720 783 785 786 787","259:264 507:512 721:719 784:782 784:786 787:786 787:787"
"بی بی (گھر کی بزرگ عورت/لالے کی ساتھی)","کنیز",9,"111 112 113 118 157 158 160 216 686","114:109 114:110 114:112 116:120 160:155 160:156 160:160 216:216 684:689"
"بی بی (گھر کی بزرگ عورت/لالے کی ساتھی)","کو چوہا (چوکیدار/کھیت میں سونے والا)",7,"255 256 257 258","253:258 254:258 255:258 256:258 257:258 258:258 259:258"
"بی بی (گھر کی بزرگ عورت/لالے کی ساتھی)","کیپٹن اسرار",4,"353 358 723 724","351:356 361:356 721:726 723:726"
"بی بی (گھر کی بزرگ عورت/لالے کی ساتھی)","کیپٹن جمال",2,"4 5","7:2 7:4"
"بی بی (گھر کی بزرگ عورت/لالے کی ساتھی)","کیڈٹ مجید اللہ",3,"299 300","301:297 301:298 301:299"
"بی بی (گھر کی بزرگ عورت/لالے کی ساتھی)","گل افروز خان",9,"258 259 260 350 351 360 414 418","256:261 257:261 258:261 259:261 351:350 351:351 361:360 412:416 420:416"
"بی بی (گھر کی بزرگ عورت/لالے کی ساتھی)","ہکیم حاذق",4,"505 506 507","506:505 506:506 507:506 507:507"
"بی بی (گھر کی بزرگ عورت/لالے کی ساتھی)","یعقوب اعوان",35,"65 66 67 68 69 72 73 74 162 232 233 234 235 236 238 239 302 430 431 432 493 722 723 782 785 787","68:63 68:64 68:65 68:66 68:67 68:68 69:68 69:70 74:70 74:71 74:72 74:73 74:74 160:164 230:234 231:234 232:234 233:234 234:234 235:234 235:235 238:235 238:239 239:239 240:239 301:303 431:430 431:432 433:432 493:493 721:723 723:723 784:780 784:787 787:787"
"بی بی کمہاری","دتا کمہار",1,"505","506:505"
"بی بی کمہاری","رحمت چوہان",1,"506","506:507"
"بی بی کمہاری","سراج گجر",1,"508","506:510"
"بی بی کمہاری","سلطان (پی۔او۔ڈبلیو ساتھی/دوست)",1,"508","506:511"
"بی بی کمہاری","سکینہ (اعجاز کی بیوی)",1,"505","506:504"
"بی بی کمہاری","عمران (ہوسٹل ساتھی)",1,"508","506:510"
"بی بی کمہاری","قائد (پارٹی بانی لیڈر)",1,"506","506:507"
"بی بی کمہاری","ملک جہانگیر اعوان (ایم ایل اے)",1,"506","506:507"
"بی بی کمہاری","منظور (اعجاز کا ورکر)",1,"505","506:504"
"بی بی کمہاری","میجر/کیپٹن سرفراز اعوان",1,"507","506:508"
"بی بی کمہاری","نامعلوم مزدور عورت (ملک حمید/لطیف کا تعلق)",1,"506","506:507"
"بی بی کمہاری","ڈاکٹر (کریم بخش کا بیٹا)",3,"503 504 506","506:501 506:502 506:507"
"بی بی کمہاری","ڈاکٹر احسان الحق (پُل کھنگر)",1,"508","506:510"
"بی بی کمہاری","ہکیم حاذق",2,"505 506","506:505 506:506"
"بے انت سنگھ","جسونت سنگھ",2,"44 45","42:47 43:47"
"بے انت سنگھ","جمیلہ",2,"40","42:38 42:39"
"بے انت سنگھ","جنگندر سنگھ",1,"41","42:41"
"بے انت سنگھ","جگت سنگھ",4,"41 42 43","42:41 42:42 43:42 43:43"
"بے انت سنگھ","رنگیلی (یعقوب کی گھوڑی)",3,"43 44 65","42:45 43:45 64:66"
"بے انت سنگھ","زور آور (گھوڑا)",1,"45","43:48"
"بے انت سنگھ","زینب (یعقوب کی بیوی)",3,"43 44 64","42:45 43:45 64:64"
"بے انت سنگھ","سکینہ (اعجاز کی بیوی)",2,"40 65","42:38 64:66"
"بے انت سنگھ","شیر بہادر اعوان",1,"64","64:64"
"بے انت سنگھ","عباس (چاچا احمد کا بیٹا)",1,"40","42:38"
"بے انت سنگھ","علی بہادر",1,"64","64:65"
"بے انت سنگھ","فلک شیر اعوان",1,"64","64:65"
"بے انت سنگھ","ماسی (سرفراز کی پرورش کرنے والی)",1,"40","42:38"
"بے انت سنگھ","ماسی مریم",1,"40","42:38"
"بے انت سنگھ","ملک جہانگیر اعوان (ایم ایل اے)",1,"41","42:40"
"بے انت سنگھ","میجر/کیپٹن سرفراز اعوان",7,"39 40 41 62 66","42:37 42:38 42:39 42:40 64:60 64:61 64:68"
"بے انت سنگھ","نامعلوم مزدور عورت (ملک حمید/لطیف کا تعلق)",2,"44 45","42:47 43:47"
"بے انت سنگھ","نسرین",2,"43","42:44 43:44"
"بے انت سنگھ","نیلی (بھینس)",1,"45","43:48"
"بے انت سنگھ","وسیم بھائی (بدیع الزمان کا سالا/قرض خواہ)",3,"40 45 61","42:38 43:48 64:59"
"بے انت سنگھ","چاچا احمد خان راٹھور",3,"40 63 65","42:38 64:63 64:67"
"بے انت سنگھ","چنبیلی (گھوڑی)",3,"43 44 66","42:45 43:45 64:68"
"بے انت سنگھ","کلونت کور",4,"41 42 43","42:41 42:42 43:42 43:43"
"بے انت سنگھ","یعقوب اعوان",6,"41 42 43 61 63 64","42:41 42:43 43:43 64:59 64:63 64:64"
"تھانیدار / اے ایس آئی","جمیلہ",5,"566 567 598 600 604","567:566 567:568 599:597 599:602 606:602"
"تھانیدار / اے ایس آئی","جگت سنگھ",5,"55 56 57","57:53 57:54 57:55 57:56 57:58"
"تھانیدار / اے ایس آئی","حاجی ذوالفقار",1,"112","112:113"
"تھانیدار / اے ایس آئی","حاجی کریم بخش (چیئرمین ازمیر گھی انڈسٹریز)",1,"598","599:597"
"تھانیدار / اے ایس آئی","حسن (اعجاز/سکینہ کا بیٹا)",6,"351 567 597 601 604 756","350:353 567:568 599:596 599:603 606:603 758:754"
"تھانیدار / اے ایس آئی","حسین (اعجاز/سکینہ کا بیٹا)",9,"301 351 567 587 597 601 604 755 756","302:301 350:353 567:568 585:590 599:596 599:603 606:603 758:753 758:754"
"تھانیدار / اے ایس آئی","حوالدار ستونت سنگھ",1,"760","758:762"
"تھانیدار / اے ایس آئی","دتا کمہار",1,"598","599:598"
"تھانیدار / اے ایس آئی","دتو میراثی",5,"110 114 150 606","112:108 112:117 151:149 606:606 607:606"
"تھانیدار / اے ایس آئی","رابعہ",1,"134","136:133"
"تھانیدار / اے ایس آئی","رحمت چوہان",1,"113","112:115"
"تھانیدار / اے ایس آئی","ریاض (سرفراز کا ڈرائیور)",3,"133 451 453","136:131 453:450 453:454"
"تھانیدار / اے ایس آئی","زینب (یعقوب کی بیوی)",1,"54","57:52"
"تھانیدار / اے ایس آئی","سائیں جلا",7,"583 584 585 757","581:586 582:586 583:586 584:586 585:586 758:756 758:757"
"تھانیدار / اے ایس آئی","سردار فلمبند خان",1,"759","758:760"
"تھانیدار / اے ایس آئی","سلطان (پی۔او۔ڈبلیو ساتھی/دوست)",6,"564 565 578 579 609","567:562 567:563 581:576 581:577 581:578 607:612"
"تھانیدار / اے ایس آئی","سپاہی غلام رسول (یونٹ ڈرائیور/ساتھی)",1,"347","350:345"
"تھانیدار / اے ایس آئی","سکینہ (اعجاز کی بیوی)",16,"113 133 134 140 141 153 301 349 350 452 566 567 598 755 756","112:114 136:131 136:133 138:143 139:143 151:156 302:300 350:349 350:350 453:451 567:566 567:567 599:597 758:753 758:754 758:755"
"تھانیدار / اے ایس آئی","سیف اللہ (چکی والا)",1,"113","112:115"
"تھانیدار / اے ایس آئی","سینئر انڈر آفیسر صبغت اللہ",1,"300","302:299"
"تھانیدار / اے ایس آئی","شعیب",7,"304 350 564 568 579 598 758","302:306 350:351 567:562 567:569 581:577 599:598 758:758"
"تھانیدار / اے ایس آئی","شوکت",2,"140 141","138:143 139:143"
"تھانیدار / اے ایس آئی","صوبیدار جہاں خان",1,"57","57:57"
"تھانیدار / اے ایس آئی","ظفر چوہدری",2,"578 579","581:576 581:577"
"تھانیدار / اے ایس آئی","عباس (چاچا احمد کا بیٹا)",14,"114 301 302 566 600 603 604 605 606 607 756","112:117 302:301 302:302 567:566 599:601 606:601 606:602 606:603 606:604 606:605 606:607 607:607 758:754 758:755"
"تھانیدار / اے ایس آئی","فضلے",1,"54","57:52"
"تھانیدار / اے ایس آئی","قائد (پارٹی بانی لیڈر)",29,"57 110 112 134 137 138 349 351 452 453 564 568 578 579 580 581 582 583 584 585 598 607 758","57:58 112:109 112:113 136:132 136:138 137:138 138:138 139:138 350:349 350:353 453:452 453:453 567:562 567:569 581:576 581:578 581:579 581:582 582:582 583:582 583:583 584:583 584:584 585:584 585:586 599:597 606:608 607:608 758:758"
"تھانیدار / اے ایس آئی","لیفٹیننٹ کرنل اسلام الدین",12,"136 137 138 139 586 587 599 608 609","136:136 137:136 137:137 138:137 138:138 139:138 139:139 584:589 585:589 599:600 606:611 607:611"
"تھانیدار / اے ایس آئی","ماسی (سرفراز کی پرورش کرنے والی)",7,"133 134 153 301 566 567 756","136:131 136:133 151:156 302:300 567:566 567:568 758:754"
"تھانیدار / اے ایس آئی","ماسی مریم",7,"133 134 153 301 566 567 756","136:131 136:133 151:156 302:300 567:566 567:568 758:754"
"تھانیدار / اے ایس آئی","مرزا عبد الرشید",1,"347","350:345"
"تھانیدار / اے ایس آئی","ملک جہانگیر اعوان (ایم ایل اے)",24,"110 138 139 140 148 149 150 151 349 565 566 567 583 584 585 597 598 607","112:109 136:141 137:141 138:141 139:141 151:146 151:147 151:148 151:149 151:152 350:349 567:564 567:565 567:567 581:586 582:586 583:586 584:586 585:586 599:595 599:596 599:597 606:608 607:608"
"تھانیدار / اے ایس آئی","ملک حمید",11,"149 581 582 583 584 599","151:147 151:148 581:581 582:581 582:582 583:582 583:583 584:583 584:584 585:584 599:599"
"تھانیدار / اے ایس آئی","ملک رشید (ملک حمید کا بھائی)",9,"135 136 137 138 139 151","136:135 136:136 137:136 137:137 138:137 138:138 139:138 139:139 151:151"
"تھانیدار / اے ایس آئی","ملک عالم جہاں اعوان",1,"57","57:57"
"تھانیدار / اے ایس آئی","ملک لطیف",6,"582 583 584 599","581:584 582:584 583:584 584:584 585:584 599:599"
"تھانیدار / اے ایس آئی","منشی کریم شاہ",2,"140 141","138:143 139:143"
"تھانیدار / اے ایس آئی","منظور (اعجاز کا ورکر)",11,"347 348 349 450 451 452 454","350:345 350:346 350:347 350:348 350:349 453:448 453:449 453:450 453:451 453:452 453:455"
"تھانیدار / اے ایس آئی","منیر میکنک",3,"585 586","583:588 584:588 585:588"
"تھانیدار / اے ایس آئی","مولوی فقیر الدین",1,"114","112:117"
"تھانیدار / اے ایس آئی","میجر صدیق",1,"580","581:579"
"تھانیدار / اے ایس آئی","میجر/کیپٹن سرفراز اعوان",35,"58 112 133 153 301 302 350 455 564 565 566 567 578 579 580 586 587 596 597 598 599 603 604 608 609 755 756 757 758","57:60 112:113 136:131 151:156 302:300 302:301 302:302 350:351 453:458 567:562 567:563 567:565 567:566 567:567 581:576 581:577 581:578 581:579 584:589 585:589 599:594 599:595 599:596 599:597 599:598 599:600 606:601 606:602 606:611 607:611 758:753 758:754 758:755 758:756 758:758"
"تھانیدار / اے ایس آئی","نامعلوم مزدور عورت (ملک حمید/لطیف کا تعلق)",21,"56 57 110 111 112 135 136 137 149 152 350 582 583 584 585 598","57:56 57:58 112:109 112:110 112:111 112:113 136:134 136:136 137:136 137:137 138:137 151:148 151:154 350:350 581:584 582:584 583:584 584:584 585:584 585:585 599:598"
"تھانیدار / اے ایس آئی","نسرین",10,"113 347 586 587 598 599 603 606 607","112:115 350:345 584:589 585:589 599:597 599:598 599:600 606:601 606:607 607:607"
"تھانیدار / اے ایس آئی","نسیمہ (شعیب کی بہن)",13,"350 564 565 569 578 579 580 586 587 598 755 756 757","350:351 567:562 567:563 567:571 581:576 581:578 581:579 584:589 585:589 599:598 758:753 758:754 758:756"
"تھانیدار / اے ایس آئی","نمائر (کیمپ کا قیدی ساتھی)",3,"578 579 580","581:576 581:578 581:579"
"تھانیدار / اے ایس آئی","وسیم بھائی (بدیع الزمان کا سالا/قرض خواہ)",6,"58 110 136 606","57:59 112:109 136:136 137:136 606:606 607:606"
"تھانیدار / اے ایس آئی","پیر حمید الدین بلال شاہ (مرشد بلال پور شریف)",1,"757","758:757"
"تھانیدار / اے ایس آئی","چاچا احمد خان راٹھور",31,"57 109 113 133 134 140 141 148 149 150 151 301 302 566 567 585 586 600 603 604 605 606 607 756 757","57:57 112:107 112:115 136:131 136:133 138:143 139:143 151:146 151:147 151:148 151:149 151:152 302:300 302:301 302:302 567:566 567:567 583:588 584:588 585:588 599:601 606:601 606:602 606:603 606:604 606:605 606:607 607:607 758:754 758:755 758:757"
"تھانیدار / اے ایس آئی","چوہدری اظہر (ایس ایچ او نور پور)",29,"57 112 136 137 138 139 151 302 350 451 453 567 581 582 583 584 585 599 606 607 758","57:57 112:112 136:136 137:136 137:137 138:137 138:138 139:138 139:139 151:151 302:302 350:350 453:450 453:453 567:567 581:581 582:581 582:582 583:582 583:583 584:583 584:584 585:584 585:585 599:599 606:606 607:606 607:607 758:758"
"تھانیدار / اے ایس آئی","ڈاکٹر (کریم بخش کا بیٹا)",6,"54 57 110 112 133 454","57:52 57:57 112:109 112:112 136:131 453:455"
"تھانیدار / اے ایس آئی","کلونت کور",3,"55 56","57:53 57:54 57:55"
"تھانیدار / اے ایس آئی","کنیز",20,"110 111 112 134 135 136 137 138 139 149 151 583 584 585","112:109 112:110 112:112 136:132 136:133 136:134 136:135 136:137 137:137 138:137 138:138 139:138 139:139 151:148 151:151 581:585 582:585 583:585 584:585 585:585"
"تھانیدار / اے ایس آئی","کیپٹن جمال",4,"586 587 598","584:589 585:589 599:597 599:598"
"تھانیدار / اے ایس آئی","کیڈٹ مجید اللہ",3,"299 300","302:297 302:298 302:299"
"تھانیدار / اے ایس آئی","گل افروز خان",1,"350","350:350"
"تھانیدار / اے ایس آئی","یعقوب اعوان",7,"54 55 56 57 140 141 302","57:52 57:53 57:56 57:57 138:143 139:143 302:303"
"جرنیل سنگھ (سکھ)","جمیلہ",3,"170 171","168:173 169:173 170:173"
"جرنیل سنگھ (سکھ)","رحمت چوہان",3,"169 170","168:171 169:171 170:171"
"جرنیل سنگھ (سکھ)","سائیں جلا",10,"165 166 167 168 169 170","168:163 168:164 168:165 168:166 168:167 168:168 169:168 169:169 170:169 170:171"
"جرنیل سنگھ (سکھ)","سردار فلمبند خان",1,"167","168:167"
"جرنیل سنگھ (سکھ)","سکینہ (اعجاز کی بیوی)",5,"165 166 169 170","168:163 168:164 168:171 169:171 170:171"
"جرنیل سنگھ (سکھ)","عباس (چاچا احمد کا بیٹا)",7,"166 167 168 169 171","168:165 168:166 168:168 169:168 169:169 170:169 170:172"
"جرنیل سنگھ (سکھ)","ماسی (سرفراز کی پرورش کرنے والی)",5,"166 170 171","168:164 168:165 168:173 169:173 170:173"
"جرنیل سنگھ (سکھ)","ماسی مریم",5,"166 169 170","168:164 168:165 168:171 169:171 170:171"
"جرنیل سنگھ (سکھ)","ملک جہانگیر اعوان (ایم ایل اے)",1,"165","168:163"
"جرنیل سنگھ (سکھ)","میجر/کیپٹن سرفراز اعوان",7,"166 167 168 169 170","168:165 168:166 168:168 169:168 169:169 170:169 170:171"
"جرنیل سنگھ (سکھ)","نسرین",3,"168 169","168:169 169:169 170:169"
"جرنیل سنگھ (سکھ)","چاچا احمد خان راٹھور",10,"165 166 167 168 169 170","168:163 168:164 168:165 168:166 168:167 168:168 169:168 169:169 170:169 170:170"
"جرنیل سنگھ (سکھ)","کنیز",1,"165","168:163"
"جرنیل سنگھ (سکھ)","یعقوب اعوان",1,"166","168:164"
"جسونت سنگھ","جگت سنگھ",7,"28 30 44 45 48 73","29:27 29:28 29:32 47:42 47:43 47:49 74:73"
"جسونت سنگھ","حسین (اعجاز/سکینہ کا بیٹا)",1,"76","74:79"
"جسونت سنگھ","دتو میراثی",1,"28","29:28"
"جسونت سنگھ","رنگیلی (یعقوب کی گھوڑی)",1,"46","47:45"
"جسونت سنگھ","زور آور (گھوڑا)",1,"47","47:48"
"جسونت سنگھ","زینب (یعقوب کی بیوی)",6,"46 47 72 73 74","47:45 47:46 47:47 74:71 74:73 74:74"
"جسونت سنگھ","سندر سنگھ",1,"48","47:49"
"جسونت سنگھ","سکینہ (اعجاز کی بیوی)",3,"71 72 74","74:69 74:71 74:75"
"جسونت سنگھ","شیر بہادر اعوان",2,"72 73","74:70 74:72"
"جسونت سنگھ","شیشے والا سالا (بدیع الزمان کا دوسرا قرض خواہ)",1,"73","74:72"
"جسونت سنگھ","علی بہادر",1,"73","74:72"
"جسونت سنگھ","فضلے",1,"49","47:52"
"جسونت سنگھ","فلک شیر اعوان",1,"72","74:70"
"جسونت سنگھ","قائد (پارٹی بانی لیڈر)",2,"31 73","29:34 74:72"
"جسونت سنگھ","ماسی (سرفراز کی پرورش کرنے والی)",3,"26 72 74","29:24 74:71 74:74"
"جسونت سنگھ","ماسی مریم",3,"26 72 74","29:24 74:71 74:74"
"جسونت سنگھ","منظور (اعجاز کا ورکر)",1,"73","74:73"
"جسونت سنگھ","میجر/کیپٹن سرفراز اعوان",6,"26 31 71 72 74","29:24 29:33 74:69 74:70 74:71 74:74"
"جسونت سنگھ","نامعلوم مزدور عورت (ملک حمید/لطیف کا تعلق)",2,"31 47","29:34 47:47"
"جسونت سنگھ","نسرین",5,"28 29 45 46 49","29:28 29:29 47:44 47:46 47:51"
"جسونت سنگھ","نیلی (بھینس)",1,"47","47:48"
"جسونت سنگھ","وسیم بھائی (بدیع الزمان کا سالا/قرض خواہ)",4,"27 28 47 74","29:26 29:28 47:48 74:74"
"جسونت سنگھ","پیر حمید الدین بلال شاہ (مرشد بلال پور شریف)",1,"31","29:34"
"جسونت سنگھ","چاچا احمد خان راٹھور",2,"48 75","47:49 74:76"
"جسونت سنگھ","چنبیلی (گھوڑی)",2,"46 47","47:45 47:48"
"جسونت سنگھ","ڈاکٹر (کریم بخش کا بیٹا)",1,"49","47:52"
"جسونت سنگھ","کلونت کور",4,"28 44 45","29:27 29:28 47:42 47:43"
"جسونت سنگھ","کیپٹن اسرار",1,"31","29:34"
"جسونت سنگھ","یعقوب اعوان",15,"26 27 28 30 45 46 47 72 73 74","29:24 29:26 29:27 29:28 29:32 47:43 47:44 47:45 47:46 47:47 74:70 74:71 74:72 74:73 74:74"
"جعفری صاحب (کیمسٹ/پرانا رابطہ)","حاجی رحیم بخش",3,"523 524 525","522:525 523:525 525:525"
"جعفری صاحب (کیمسٹ/پرانا رابطہ)","حاجی وسیم بخش (منیجنگ ڈائریکٹر)",4,"521 523 524","522:521 522:524 523:524 525:524"
"جعفری صاحب (کیمسٹ/پرانا رابطہ)","حاجی کریم بخش (چیئرمین ازمیر گھی انڈسٹریز)",8,"521 522 523 524 525 539","522:521 522:522 523:522 523:523 525:523 525:524 525:525 539:539"
"جعفری صاحب (کیمسٹ/پرانا رابطہ)","خواجہ معراج الدین",2,"527 538","525:529 539:537"
"جعفری صاحب (کیمسٹ/پرانا رابطہ)","سکینہ (اعجاز کی بیوی)",1,"539","539:540"
"جعفری صاحب (کیمسٹ/پرانا رابطہ)","شمس (بدیع الزمان کا اسسٹنٹ)",5,"525 526 537 538","523:528 525:528 539:535 539:537 539:538"
"جعفری صاحب (کیمسٹ/پرانا رابطہ)","شیشے والا سالا (بدیع الزمان کا دوسرا قرض خواہ)",1,"540","539:541"
"جعفری صاحب (کیمسٹ/پرانا رابطہ)","طارق (ورکس منیجر)",6,"522 523 524 525","522:522 523:522 523:523 525:523 525:524 525:525"
"جعفری صاحب (کیمسٹ/پرانا رابطہ)","عامر محمود (چیف کیمسٹ)",2,"521 539","522:521 539:539"
"جعفری صاحب (کیمسٹ/پرانا رابطہ)","قائد (پارٹی بانی لیڈر)",11,"521 522 523 524 525 537 539","522:520 522:521 522:522 523:522 523:523 525:523 525:524 525:525 539:535 539:536 539:539"
"جعفری صاحب (کیمسٹ/پرانا رابطہ)","معین الدین شاہ",1,"521","522:521"
"جعفری صاحب (کیمسٹ/پرانا رابطہ)","ملک جہانگیر اعوان (ایم ایل اے)",1,"521","522:520"
"جعفری صاحب (کیمسٹ/پرانا رابطہ)","میجر قدیر (ازمیر مل کا ایڈمن افسر)",6,"521 522 523 524 539","522:521 522:522 523:522 523:524 525:524 539:539"
"جعفری صاحب (کیمسٹ/پرانا رابطہ)","میجر/کیپٹن سرفراز اعوان",2,"520 541","522:518 539:543"
"جعفری صاحب (کیمسٹ/پرانا رابطہ)","نامعلوم مزدور عورت (ملک حمید/لطیف کا تعلق)",1,"539","539:540"
"جعفری صاحب (کیمسٹ/پرانا رابطہ)","نسیمہ (شعیب کی بہن)",1,"541","539:543"
"جعفری صاحب (کیمسٹ/پرانا رابطہ)","وسیم بھائی (بدیع الزمان کا سالا/قرض خواہ)",1,"527","525:530"
"جعفری صاحب (کیمسٹ/پرانا رابطہ)","ڈاکٹر (کریم بخش کا بیٹا)",5,"521 524 525 536","522:520 522:526 523:526 525:526 539:534"
"جعفری صاحب (کیمسٹ/پرانا رابطہ)","ڈاکٹر احسان الحق (پُل کھنگر)",2,"521 536","522:520 539:534"
"جعفری صاحب (کیمسٹ/پرانا رابطہ)","ڈاکٹر خدابخش کھوکھر (چیف کیمسٹ)",2,"521 539","522:521 539:539"
"جعفری صاحب (کیمسٹ/پرانا رابطہ)","کریم راٹھور",6,"522 523 524 525 539","522:523 523:523 525:523 525:524 525:525 539:539"
"جعفری صاحب (کیمسٹ/پرانا رابطہ)","کنیز",1,"539","539:540"
"جمیلہ","جنگندر سنگھ",2,"39 40","38:41 39:41"
"جمیلہ","جونیئر وکیل (خواجہ معراج کا شاگرد)",1,"620","619:622"
"جمیلہ","جگت سنگھ",3,"24 39 40","22:27 38:41 39:41"
"جمیلہ","حاجی کریم بخش (چیئرمین ازمیر گھی انڈسٹریز)",3,"597 599 621","597:597 602:597 619:624"
"جمیلہ","حسن (اعجاز/سکینہ کا بیٹا)",11,"102 291 315 316 317 329 330 567 568 596 602","101:103 292:290 317:313 317:316 317:317 330:329 330:330 566:568 568:568 597:596 602:603"
"جمیلہ","حسین (اعجاز/سکینہ کا بیٹا)",10,"102 315 316 317 330 567 568 596 602 621","101:103 317:313 317:316 317:317 330:330 566:568 568:568 597:596 602:603 619:623"
"جمیلہ","خواجہ معراج الدین",1,"621","619:623"
"جمیلہ","دتا کمہار",2,"597 600","597:598 602:598"
"جمیلہ","دتو میراثی",2,"101 604","101:102 602:606"
"جمیلہ","رحمت چوہان",2,"101 172","101:102 173:171"
"جمیلہ","ریاض (سرفراز کا ڈرائیور)",1,"618","619:618"
"جمیلہ","سائیں جلا",11,"170 171 172 173 174 175 176 177","173:168 173:169 173:171 173:172 173:173 176:173 176:174 176:175 176:176 177:176 177:177"
"جمیلہ","سراج گجر",1,"315","317:314"
"جمیلہ","سردار فلمبند خان",1,"618","619:618"
"جمیلہ","سلطان (پی۔او۔ڈبلیو ساتھی/دوست)",3,"563 564","566:561 566:562 566:563"
"جمیلہ","سلیم",1,"620","619:621"
"جمیلہ","سکینہ (اعجاز کی بیوی)",33,"20 22 37 38 101 172 173 174 176 177 289 290 291 292 315 316 317 328 329 330 566 567 568 597 599 619","21:20 21:23 22:23 38:36 38:38 39:38 101:102 173:171 173:173 176:173 176:176 177:176 177:177 292:287 292:288 292:289 292:290 292:292 317:313 317:316 317:318 330:326 330:327 330:328 330:329 330:330 566:566 568:566 568:567 568:568 597:597 602:597 619:619"
"جمیلہ","شعیب",16,"289 294 314 316 317 327 328 329 330 563 564 567 568 597 600","292:287 292:296 317:312 317:316 317:318 330:325 330:326 330:328 330:329 330:330 566:561 566:562 566:569 568:569 597:598 602:598"
"جمیلہ","شوکت",2,"289 292","292:287 292:293"
"جمیلہ","عباس (چاچا احمد کا بیٹا)",26,"21 22 38 101 170 171 172 173 174 175 176 177 290 316 317 327 566 567 599 601 602 618","21:21 22:21 22:22 38:38 39:38 101:101 173:168 173:169 173:172 173:173 176:173 176:175 176:176 177:176 177:177 292:288 317:316 317:317 330:325 566:566 568:566 597:601 602:601 602:602 619:617 619:618"
"جمیلہ","قائد (پارٹی بانی لیڈر)",15,"36 102 291 315 327 563 564 567 568 595 597 599 618 621","38:34 38:35 101:103 292:290 317:314 330:325 566:561 566:562 566:569 568:569 597:593 597:597 602:597 619:617 619:623"
"جمیلہ","لیفٹیننٹ کرنل اسلام الدین",3,"598 601 618","597:600 602:600 619:618"
"جمیلہ","ماسی (سرفراز کی پرورش کرنے والی)",17,"21 22 38 101 173 174 175 176 177 292 317 566 567 568","21:22 22:22 38:38 39:38 101:102 173:173 176:173 176:174 176:175 176:176 177:176 177:177 292:292 317:317 566:566 568:566 568:568"
"جمیلہ","ماسی مریم",18,"21 22 38 101 172 173 174 175 176 177 292 317 566 567 568","21:22 22:22 38:38 39:38 101:102 173:171 173:173 176:173 176:174 176:175 176:176 177:176 177:177 292:292 317:317 566:566 568:566 568:568"
"جمیلہ","معین الدین شاہ",1,"621","619:624"
"جمیلہ","ملک جہانگیر اعوان (ایم ایل اے)",17,"39 178 179 290 291 565 566 567 568 595 596 597 599 619","38:40 39:40 176:181 177:181 292:289 292:290 566:564 566:565 566:567 568:567 568:569 597:593 597:595 597:596 597:597 602:597 619:619"
"جمیلہ","ملک حمید",2,"598 600","597:599 602:599"
"جمیلہ","ملک لطیف",2,"598 600","597:599 602:599"
"جمیلہ","مولوی فقیر الدین",1,"101","101:102"
"جمیلہ","میاں انتظار حسین (ایڈووکیٹ ہائی کورٹ)",1,"620","619:621"
"جمیلہ","میجر/کیپٹن سرفراز اعوان",66,"18 19 20 21 22 35 36 37 38 39 98 100 101 170 171 172 173 174 176 177 289 290 292 314 315 316 317 327 328 329 330 563 564 565 566 567 568 594 595 596 597 599 600 601 602 616 617 618","21:16 21:17 21:18 21:19 21:21 22:21 22:22 38:33 38:34 38:35 38:36 38:37 38:38 39:38 39:39 101:96 101:99 101:100 101:101 173:168 173:169 173:171 173:173 176:173 176:176 177:176 177:177 292:287 292:288 292:289 292:292 317:312 317:313 317:314 317:315 317:316 317:317 330:325 330:326 330:327 330:328 330:330 566:561 566:562 566:563 566:565 566:566 568:566 568:567 568:568 597:592 597:593 597:594 597:595 597:596 597:597 602:597 602:598 602:600 602:601 602:602 619:614 619:615 619:616 619:617 619:618"
"جمیلہ","نامعلوم مزدور عورت (ملک حمید/لطیف کا تعلق)",9,"18 19 20 36 100 101 597 600","21:16 21:17 21:18 21:19 38:34 101:100 101:102 597:598 602:598"
"جمیلہ","نسرین",20,"19 20 36 41 171 175 177 332 594 597 599 600 601 604 616 617 618","21:18 21:19 38:34 39:44 173:169 173:178 176:178 177:178 330:334 597:592 597:597 602:597 602:598 602:600 602:601 602:607 619:614 619:615 619:616 619:617"
"جمیلہ","نسیمہ (شعیب کی بہن)",12,"316 318 329 330 563 564 568 569 597 600","317:316 317:319 330:328 330:329 330:330 566:561 566:562 566:563 566:571 568:571 597:598 602:598"
"جمیلہ","وسیم بھائی (بدیع الزمان کا سالا/قرض خواہ)",7,"19 23 24 36 38 604","21:17 21:26 22:26 38:35 38:38 39:38 602:606"
"جمیلہ","پیر حمید الدین بلال شاہ (مرشد بلال پور شریف)",1,"36","38:34"
"جمیلہ","چاچا احمد خان راٹھور",32,"22 37 38 101 170 171 172 173 174 175 176 177 289 290 291 292 316 317 566 567 569 599 601 602 619","21:23 22:23 38:36 38:38 39:38 101:102 173:168 173:169 173:170 173:171 173:172 173:173 176:173 176:174 176:175 176:176 177:176 177:177 292:287 292:288 292:290 292:292 317:316 317:317 566:566 568:566 568:567 568:570 597:601 602:601 602:602 619:619"
"جمیلہ","چوہدری اظہر (ایس ایچ او نور پور)",5,"566 567 598 600 604","566:567 568:567 597:599 602:599 602:606"
"جمیلہ","ڈاکٹر (کریم بخش کا بیٹا)",2,"20 621","21:20 619:623"
"جمیلہ","کریم راٹھور",1,"621","619:624"
"جمیلہ","کلونت کور",3,"24 39 40","22:27 38:41 39:41"
"جمیلہ","کنیز",1,"102","101:103"
"جمیلہ","کیپٹن اسرار",1,"36","38:34"
"جمیلہ","کیپٹن جمال",10,"18 19 20 594 597 599 600 617 618","21:16 21:17 21:18 21:19 597:592 597:597 602:597 602:598 619:616 619:617"
"جمیلہ","کیپٹن دلاور",3,"314 319 330","317:312 317:321 330:331"
"جمیلہ","کیڈٹ مجید اللہ",1,"294","292:297"
"جمیلہ","گل افروز خان",1,"290","292:288"
"جمیلہ","یعقوب اعوان",8,"22 23 36 37 39 40 101 315","21:24 22:24 38:35 38:36 38:41 39:41 101:101 317:313"
"جنگندر سنگھ","جگت سنگھ",1,"41","41:41"
"جنگندر سنگھ","رنگیلی (یعقوب کی گھوڑی)",1,"43","41:45"
"جنگندر سنگھ","زینب (یعقوب کی بیوی)",1,"43","41:45"
"جنگندر سنگھ","سکینہ (اعجاز کی بیوی)",2,"38 39","41:36 41:38"
"جنگندر سنگھ","عباس (چاچا احمد کا بیٹا)",1,"39","41:38"
"جنگندر سنگھ","ماسی (سرفراز کی پرورش کرنے والی)",1,"39","41:38"
"جنگندر سنگھ","ماسی مریم",1,"39","41:38"
"جنگندر سنگھ","ملک جہانگیر اعوان (ایم ایل اے)",1,"40","41:40"
"جنگندر سنگھ","میجر/کیپٹن سرفراز اعوان",5,"38 39 40","41:36 41:37 41:38 41:39 41:40"
"جنگندر سنگھ","نسرین",1,"42","41:44"
"جنگندر سنگھ","وسیم بھائی (بدیع الزمان کا سالا/قرض خواہ)",1,"39","41:38"
"جنگندر سنگھ","چاچا احمد خان راٹھور",2,"38 39","41:36 41:38"
"جنگندر سنگھ","چنبیلی (گھوڑی)",1,"43","41:45"
"جنگندر سنگھ","کلونت کور",1,"41","41:41"
"جنگندر سنگھ","یعقوب اعوان",2,"38 41","41:36 41:41"
"جونیئر وکیل (خواجہ معراج کا شاگرد)","حاجی کریم بخش (چیئرمین ازمیر گھی انڈسٹریز)",5,"623 666 668 676 678","622:624 664:668 668:668 678:674 678:678"
"جونیئر وکیل (خواجہ معراج کا شاگرد)","حسین (اعجاز/سکینہ کا بیٹا)",15,"622 630 661 662 663 664 666 667 668 675 676 677 678","622:623 632:628 664:659 664:660 664:661 664:663 664:664 668:664 668:665 668:666 668:668 678:673 678:675 678:676 678:678"
"جونیئر وکیل (خواجہ معراج کا شاگرد)","خواجہ معراج الدین",8,"622 630 633 664 666 668 677 680","622:623 632:629 632:635 664:664 668:664 668:669 678:677 678:682"
"جونیئر وکیل (خواجہ معراج کا شاگرد)","ذوالقرنین نقوی",1,"661","664:659"
"جونیئر وکیل (خواجہ معراج کا شاگرد)","ریاض (سرفراز کا ڈرائیور)",1,"620","622:618"
"جونیئر وکیل (خواجہ معراج کا شاگرد)","سراج گجر",2,"666 668","664:669 668:669"
"جونیئر وکیل (خواجہ معراج کا شاگرد)","سردار فلمبند خان",1,"620","622:618"
"جونیئر وکیل (خواجہ معراج کا شاگرد)","سلیم",11,"621 622 633 663 664 666 668 676 678","622:621 622:622 632:635 664:662 664:663 664:664 668:664 668:665 668:669 678:674 678:678"
"جونیئر وکیل (خواجہ معراج کا شاگرد)","سکینہ (اعجاز کی بیوی)",2,"620 631","622:619 632:631"
"جونیئر وکیل (خواجہ معراج کا شاگرد)","عامر محمود (چیف کیمسٹ)",1,"676","678:674"
"جونیئر وکیل (خواجہ معراج کا شاگرد)","عباس (چاچا احمد کا بیٹا)",2,"619 620","622:617 622:618"
"جونیئر وکیل (خواجہ معراج کا شاگرد)","قائد (پارٹی بانی لیڈر)",13,"619 622 629 630 633 661 664 666 668 676 677 678","622:617 622:623 632:627 632:628 632:629 632:635 664:659 664:664 668:664 668:669 678:675 678:677 678:678"
"جونیئر وکیل (خواجہ معراج کا شاگرد)","لیفٹیننٹ کرنل اسلام الدین",1,"620","622:618"
"جونیئر وکیل (خواجہ معراج کا شاگرد)","ماسی (سرفراز کی پرورش کرنے والی)",2,"631 632","632:631 632:633"
"جونیئر وکیل (خواجہ معراج کا شاگرد)","ماسی مریم",2,"631 632","632:631 632:633"
"جونیئر وکیل (خواجہ معراج کا شاگرد)","معین الدین شاہ",3,"623 629 630","622:624 632:627 632:628"
"جونیئر وکیل (خواجہ معراج کا شاگرد)","ملک جہانگیر اعوان (ایم ایل اے)",3,"620 632 676","622:619 632:633 678:675"
"جونیئر وکیل (خواجہ معراج کا شاگرد)","میاں انتظار حسین (ایڈووکیٹ ہائی کورٹ)",14,"621 622 630 632 662 663 664 666 667 668 675 678","622:621 622:622 632:628 632:632 664:660 664:661 664:663 664:664 668:664 668:666 668:667 668:668 678:673 678:678"
"جونیئر وکیل (خواجہ معراج کا شاگرد)","میجر/کیپٹن سرفراز اعوان",2,"619 620","622:617 622:618"
"جونیئر وکیل (خواجہ معراج کا شاگرد)","نامعلوم مزدور عورت (ملک حمید/لطیف کا تعلق)",1,"680","678:682"
"جونیئر وکیل (خواجہ معراج کا شاگرد)","نانبائی (او جھری والا)",1,"678","678:678"
"جونیئر وکیل (خواجہ معراج کا شاگرد)","نسرین",1,"619","622:617"
"جونیئر وکیل (خواجہ معراج کا شاگرد)","وسیم بھائی (بدیع الزمان کا سالا/قرض خواہ)",2,"624 629","622:626 632:627"
"جونیئر وکیل (خواجہ معراج کا شاگرد)","چاچا احمد خان راٹھور",2,"620 632","622:619 632:633"
"جونیئر وکیل (خواجہ معراج کا شاگرد)","ڈاکٹر (کریم بخش کا بیٹا)",3,"622 632 679","622:623 632:632 678:681"
"جونیئر وکیل (خواجہ معراج کا شاگرد)","ڈاکٹر خدابخش کھوکھر (چیف کیمسٹ)",1,"676","678:674"
"جونیئر وکیل (خواجہ معراج کا شاگرد)","کامران خان (جواں سال کیمسٹ)",3,"662 669 676","664:660 668:671 678:674"
"جونیئر وکیل (خواجہ معراج کا شاگرد)","کریم راٹھور",5,"623 666 668 676 678","622:624 664:668 668:668 678:674 678:678"
"جونیئر وکیل (خواجہ معراج کا شاگرد)","کیپٹن جمال",1,"619","622:617"
"جگت سنگھ","حسن (اعجاز/سکینہ کا بیٹا)",1,"781","780:782"
"جگت سنگھ","حسین (اعجاز/سکینہ کا بیٹا)",1,"781","780:782"
"جگت سنگھ","حوالدار ستونت سنگھ",2,"779","780:778 780:779"
"جگت سنگھ","دتو میراثی",3,"27 28 30","27:28 28:28 32:28"
"جگت سنگھ","رنگیلی (یعقوب کی گھوڑی)",5,"43 44 47 780","41:45 42:45 43:45 49:45 780:780"
"جگت سنگھ","زور آور (گھوڑا)",4,"45 48 49 50","43:48 49:48 49:49 51:49"
"جگت سنگھ","زینب (یعقوب کی بیوی)",14,"43 44 47 48 49 50 51 52 70 72 73","41:45 42:45 43:45 49:45 49:46 49:47 49:48 49:50 51:50 51:52 53:52 73:68 73:71 73:73"
"جگت سنگھ","سائیں جلا",1,"781","780:782"
"جگت سنگھ","سردار فلمبند خان",1,"777","780:775"
"جگت سنگھ","سندر سنگھ",3,"49 50","49:49 51:49 51:50"
"جگت سنگھ","سکینہ (اعجاز کی بیوی)",9,"25 34 38 39 70 71 72 74 781","27:23 32:36 41:36 41:38 73:68 73:69 73:71 73:75 780:782"
"جگت سنگھ","شیر بہادر اعوان",2,"71 72","73:70 73:72"
"جگت سنگھ","شیشے والا سالا (بدیع الزمان کا دوسرا قرض خواہ)",1,"72","73:72"
"جگت سنگھ","صوبیدار جہاں خان",5,"55 56 57","53:57 54:57 55:57 56:57 58:57"
"جگت سنگھ","عباس (چاچا احمد کا بیٹا)",3,"24 39 781","27:22 41:38 780:782"
"جگت سنگھ","علی بہادر",1,"72","73:72"
"جگت سنگھ","فضلے",3,"50 51 52","49:52 51:52 53:52"
"جگت سنگھ","فلک شیر اعوان",1,"71","73:70"
"جگت سنگھ","قائد (پارٹی بانی لیڈر)",7,"33 55 56 57 58 72","32:34 53:58 54:58 55:58 56:58 58:58 73:72"
"جگت سنگھ","لیفٹیننٹ کرنل اسلام الدین",2,"777 779","780:775 780:778"
"جگت سنگھ","ماسی (سرفراز کی پرورش کرنے والی)",6,"24 25 39 72 73","27:22 27:23 27:24 41:38 73:71 73:74"
"جگت سنگھ","ماسی مریم",6,"24 25 39 72 73","27:22 27:23 27:24 41:38 73:71 73:74"
"جگت سنگھ","ملک جہانگیر اعوان (ایم ایل اے)",1,"40","41:40"
"جگت سنگھ","ملک عالم جہاں اعوان",6,"55 56 57 58","53:57 54:57 55:57 56:57 58:57 58:58"
"جگت سنگھ","منظور (اعجاز کا ورکر)",1,"73","73:73"
"جگت سنگھ","میجر ست پال ٹھاکر (کیمپ افسرِ دشمن)",1,"779","780:779"
"جگت سنگھ","میجر/کیپٹن سرفراز اعوان",24,"24 25 30 32 38 39 40 57 58 59 70 71 72 73 777 778 779 780","27:22 27:23 27:24 28:33 32:33 41:36 41:37 41:38 41:39 41:40 55:60 56:60 58:60 73:68 73:69 73:70 73:71 73:74 780:775 780:776 780:777 780:778 780:779 780:781"
"جگت سنگھ","نامعلوم مزدور عورت (ملک حمید/لطیف کا تعلق)",14,"33 44 45 48 50 51 52 54 55 56 57 58 782","32:34 42:47 43:47 49:47 49:51 51:51 53:51 53:56 54:56 55:56 56:56 58:56 58:58 780:784"
"جگت سنگھ","نسرین",14,"27 28 30 33 42 43 46 47 50 51 52 782","27:28 28:28 32:28 32:29 32:34 41:44 42:44 43:44 49:44 49:46 49:51 51:51 53:51 780:784"
"جگت سنگھ","نسیمہ (شعیب کی بہن)",1,"782","780:785"
"جگت سنگھ","نیلی (بھینس)",2,"45 48","43:48 49:48"
"جگت سنگھ","وسیم بھائی (بدیع الزمان کا سالا/قرض خواہ)",14,"26 27 28 30 33 39 45 48 56 57 58 73 780","27:26 27:28 28:28 32:28 32:35 41:38 43:48 49:48 54:59 55:59 56:59 58:59 73:74 780:781"
"جگت سنگھ","پیر حمید الدین بلال شاہ (مرشد بلال پور شریف)",1,"33","32:34"
"جگت سنگھ","چاچا احمد خان راٹھور",14,"25 34 38 39 49 50 55 56 57 60 74 781","27:23 32:36 41:36 41:38 49:49 51:49 53:57 54:57 55:57 56:57 58:57 58:63 73:76 780:782"
"جگت سنگھ","چنبیلی (گھوڑی)",6,"43 44 47 48 70","41:45 42:45 43:45 49:45 49:48 73:68"
"جگت سنگھ","چوہدری اظہر (ایس ایچ او نور پور)",5,"55 56 57","53:57 54:57 55:57 56:57 58:57"
"جگت سنگھ","ڈاکٹر (کریم بخش کا بیٹا)",9,"50 51 52 55 56 57 58","49:52 51:52 53:52 53:57 54:57 55:57 56:57 58:57 58:58"
"جگت سنگھ","کریم راٹھور",1,"781","780:782"
"جگت سنگھ","کلونت کور",17,"27 28 30 41 42 43 51 52 53 54 55","27:27 28:27 28:28 32:28 41:41 42:41 42:42 43:42 43:43 49:53 51:53 53:53 54:53 54:54 55:54 55:55 56:55"
"جگت سنگھ","کیپٹن اسرار",1,"33","32:34"
"جگت سنگھ","کیڈٹ نواز کھوکھر",1,"779","780:778"
"جگت سنگھ","یعقوب اعوان",37,"25 26 27 28 30 32 38 41 42 43 46 47 48 49 50 51 52 53 55 56 57 58 70 71 72 73 780","27:24 27:26 27:27 28:27 28:28 32:28 32:32 41:36 41:41 42:41 42:43 43:43 49:44 49:45 49:46 49:47 49:48 49:49 51:49 51:50 51:51 53:51 53:52 53:53 54:53 54:56 55:56 56:56 58:56 58:57 58:58 73:68 73:70 73:71 73:72 73:73 780:780"
"جیرا (نانبائی کا لڑکا)","حسن (اعجاز/سکینہ کا بیٹا)",3,"208 209 210","206:211 207:211 209:211"
"جیرا (نانبائی کا لڑکا)","حسین (اعجاز/سکینہ کا بیٹا)",9,"204 205 206 207 208 209","206:202 206:203 206:205 206:206 207:206 207:207 209:207 209:208 209:209"
"جیرا (نانبائی کا لڑکا)","ذوالقرنین نقوی",1,"205","206:204"
"جیرا (نانبائی کا لڑکا)","زور آور (گھوڑا)",3,"208 209","206:210 207:210 209:210"
"جیرا (نانبائی کا لڑکا)","سلیم",10,"204 205 206 207 208 209","206:202 206:203 206:204 206:205 206:206 207:206 207:207 209:207 209:208 209:209"
"جیرا (نانبائی کا لڑکا)","سکینہ (اعجاز کی بیوی)",3,"208 209 210","206:211 207:211 209:211"
"جیرا (نانبائی کا لڑکا)","عمران (ہوسٹل ساتھی)",1,"205","206:205"
"جیرا (نانبائی کا لڑکا)","غلام حسین",9,"204 205 206 207 208 209","206:202 206:203 206:205 206:206 207:206 207:207 209:207 209:208 209:209"
"جیرا (نانبائی کا لڑکا)","قائد (پارٹی بانی لیڈر)",2,"209 210","207:212 209:212"
"جیرا (نانبائی کا لڑکا)","میجر/کیپٹن سرفراز اعوان",8,"204 205 206 207 208 209","206:202 206:204 206:205 206:207 207:207 209:207 209:208 209:209"
"جیرا (نانبائی کا لڑکا)","نامعلوم مزدور عورت (ملک حمید/لطیف کا تعلق)",3,"208 209 210","206:211 207:211 209:211"
"جیرا (نانبائی کا لڑکا)","نانبائی (او جھری والا)",7,"205 206 207 208 209","206:205 206:206 207:206 207:207 209:207 209:208 209:209"
"جیرا (نانبائی کا لڑکا)","چاچا احمد خان راٹھور",10,"204 205 206 207 208 209","206:202 206:203 206:204 206:205 206:206 207:206 207:207 209:207 209:208 209:209"
"حاجی ذوالفقار","حاجی عزیز دین",1,"115","113:118"
"حاجی ذوالفقار","دتو میراثی",2,"110 115","113:108 113:117"
"حاجی ذوالفقار","رحمت چوہان",1,"114","113:115"
"حاجی ذوالفقار","سائیں جلا",1,"115","113:118"
"حاجی ذوالفقار","ساجا",1,"115","113:118"
"حاجی ذوالفقار","سراج گجر",1,"512","514:510"
"حاجی ذوالفقار","سلطان (پی۔او۔ڈبلیو ساتھی/دوست)",3,"512 513 514","514:511 514:513 514:515"
"حاجی ذوالفقار","سکینہ (اعجاز کی بیوی)",1,"113","113:114"
"حاجی ذوالفقار","سیف اللہ (چکی والا)",1,"114","113:115"
"حاجی ذوالفقار","شبیرا",1,"115","113:118"
"حاجی ذوالفقار","عباس (چاچا احمد کا بیٹا)",1,"115","113:117"
"حاجی ذوالفقار","عمران (ہوسٹل ساتھی)",1,"512","514:510"
"حاجی ذوالفقار","قائد (پارٹی بانی لیڈر)",3,"111 113 512","113:109 113:113 514:511"
"حاجی ذوالفقار","ماسی (سرفراز کی پرورش کرنے والی)",1,"115","113:118"
"حاجی ذوالفقار","ماسی مریم",1,"115","113:118"
"حاجی ذوالفقار","ملک جہانگیر اعوان (ایم ایل اے)",4,"111 511 512 513","113:109 514:509 514:510 514:512"
"حاجی ذوالفقار","مولوی فقیر الدین",1,"115","113:117"
"حاجی ذوالفقار","میجر/کیپٹن سرفراز اعوان",5,"113 511 512 516","113:113 514:509 514:510 514:511 514:518"
"حاجی ذوالفقار","نامعلوم مزدور عورت (ملک حمید/لطیف کا تعلق)",4,"111 112 113","113:109 113:110 113:111 113:113"
"حاجی ذوالفقار","نسرین",1,"114","113:115"
"حاجی ذوالفقار","وسیم بھائی (بدیع الزمان کا سالا/قرض خواہ)",1,"111","113:109"
"حاجی ذوالفقار","چاچا احمد خان راٹھور",2,"114 513","113:115 514:512"
"حاجی ذوالفقار","چوہدری اظہر (ایس ایچ او نور پور)",1,"112","113:112"
"حاجی ذوالفقار","ڈاکٹر (کریم بخش کا بیٹا)",5,"111 112 511 512 513","113:109 113:112 514:509 514:510 514:512"
"حاجی ذوالفقار","ڈاکٹر احسان الحق (پُل کھنگر)",1,"512","514:510"
"حاجی ذوالفقار","کریم راٹھور",1,"513","514:512"
"حاجی ذوالفقار","کنیز",3,"111 112","113:109 113:110 113:112"
"حاجی رحیم بخش","حاجی وسیم بخش (منیجنگ ڈائریکٹر)",2,"523 524","525:521 525:524"
"حاجی رحیم بخش","حاجی کریم بخش (چیئرمین ازمیر گھی انڈسٹریز)",7,"523 524 525 526","525:521 525:522 525:523 525:524 525:525 526:525 526:526"
"حاجی رحیم بخش","خواجہ معراج الدین",2,"527","525:529 526:529"
"حاجی رحیم بخش","رحمت چوہان",1,"528","526:531"
"حاجی رحیم بخش","شمس (بدیع الزمان کا اسسٹنٹ)",2,"526 527","525:528 526:528"
"حاجی رحیم بخش","طارق (ورکس منیجر)",6,"523 524 525 526","525:522 525:523 525:524 525:525 526:525 526:527"
"حاجی رحیم بخش","عامر محمود (چیف کیمسٹ)",1,"523","525:521"
"حاجی رحیم بخش","قائد (پارٹی بانی لیڈر)",8,"522 523 524 525 526","525:520 525:521 525:522 525:523 525:524 525:525 526:525 526:526"
"حاجی رحیم بخش","معین الدین شاہ",1,"523","525:521"
"حاجی رحیم بخش","ملک جہانگیر اعوان (ایم ایل اے)",1,"522","525:520"
"حاجی رحیم بخش","میجر قدیر (ازمیر مل کا ایڈمن افسر)",3,"523 524","525:521 525:522 525:524"
"حاجی رحیم بخش","وسیم بھائی (بدیع الزمان کا سالا/قرض خواہ)",2,"527 528","525:530 526:530"
"حاجی رحیم بخش","ڈاکٹر (کریم بخش کا بیٹا)",3,"522 525 526","525:520 525:526 526:526"
"حاجی رحیم بخش","ڈاکٹر احسان الحق (پُل کھنگر)",2,"522 528","525:520 526:531"
"حاجی رحیم بخش","ڈاکٹر خدابخش کھوکھر (چیف کیمسٹ)",1,"523","525:521"
"حاجی رحیم بخش","کریم راٹھور",5,"524 525 526","525:523 525:524 525:525 526:525 526:527"
"حاجی عزیز دین","دتو میراثی",2,"117 118","118:117 118:118"
"حاجی عزیز دین","رحمت چوہان",3,"116 117 118","118:115 118:117 118:118"
"حاجی عزیز دین","سائیں جلا",1,"118","118:118"
"حاجی عزیز دین","ساجا",1,"118","118:118"
"حاجی عزیز دین","سکینہ (اعجاز کی بیوی)",2,"116 118","118:114 118:118"
"حاجی عزیز دین","سیف اللہ (چکی والا)",2,"116 117","118:115 118:116"
"حاجی عزیز دین","شبیرا",1,"118","118:118"
"حاجی عزیز دین","عباس (چاچا احمد کا بیٹا)",2,"117 118","118:117 118:119"
"حاجی عزیز دین","قائد (پارٹی بانی لیڈر)",2,"115 120","118:113 118:122"
"حاجی عزیز دین","ماسی (سرفراز کی پرورش کرنے والی)",1,"118","118:118"
"حاجی عزیز دین","ماسی مریم",1,"118","118:118"
"حاجی عزیز دین","مولوی فقیر الدین",2,"117 118","118:117 118:118"
"حاجی عزیز دین","میجر/کیپٹن سرفراز اعوان",4,"115 117 118","118:113 118:116 118:117 118:119"
"حاجی عزیز دین","نامعلوم مزدور عورت (ملک حمید/لطیف کا تعلق)",3,"115 116 119","118:113 118:115 118:120"
"حاجی عزیز دین","نسرین",2,"116 117","118:115 118:116"
"حاجی عزیز دین","چاچا احمد خان راٹھور",4,"116 117 118","118:115 118:116 118:117 118:118"
"حاجی عزیز دین","کنیز",1,"119","118:120"
"حاجی وسیم بخش (منیجنگ ڈائریکٹر)","حاجی کریم بخش (چیئرمین ازمیر گھی انڈسٹریز)",5,"521 522 523 524","521:521 524:521 524:522 524:523 524:524"
"حاجی وسیم بخش (منیجنگ ڈائریکٹر)","خواجہ معراج الدین",1,"526","524:529"
"حاجی وسیم بخش (منیجنگ ڈائریکٹر)","شمس (بدیع الزمان کا اسسٹنٹ)",1,"526","524:528"
"حاجی وسیم بخش (منیجنگ ڈائریکٹر)","طارق (ورکس منیجر)",4,"521 523 524","521:522 524:522 524:523 524:524"
"حاجی وسیم بخش (منیجنگ ڈائریکٹر)","عامر محمود (چیف کیمسٹ)",2,"521 522","521:521 524:521"
"حاجی وسیم بخش (منیجنگ ڈائریکٹر)","قائد (پارٹی بانی لیڈر)",6,"520 521 522 523 524","521:520 521:521 524:521 524:522 524:523 524:524"
"حاجی وسیم بخش (منیجنگ ڈائریکٹر)","معین الدین شاہ",2,"521 522","521:521 524:521"
"حاجی وسیم بخش (منیجنگ ڈائریکٹر)","ملک جہانگیر اعوان (ایم ایل اے)",1,"520","521:520"
"حاجی وسیم بخش (منیجنگ ڈائریکٹر)","میجر قدیر (ازمیر مل کا ایڈمن افسر)",4,"521 522 523 524","521:521 524:521 524:522 524:524"
"حاجی وسیم بخش (منیجنگ ڈائریکٹر)","میجر/کیپٹن سرفراز اعوان",1,"519","521:518"
"حاجی وسیم بخش (منیجنگ ڈائریکٹر)","ڈاکٹر (کریم بخش کا بیٹا)",3,"520 523 525","521:520 521:526 524:526"
"حاجی وسیم بخش (منیجنگ ڈائریکٹر)","ڈاکٹر احسان الحق (پُل کھنگر)",1,"520","521:520"
"حاجی وسیم بخش (منیجنگ ڈائریکٹر)","ڈاکٹر خدابخش کھوکھر (چیف کیمسٹ)",2,"521 522","521:521 524:521"
"حاجی وسیم بخش (منیجنگ ڈائریکٹر)","کریم راٹھور",3,"522 523 524","521:523 524:523 524:524"
"حاجی کریم بخش (چیئرمین ازمیر گھی انڈسٹریز)","حسن (اعجاز/سکینہ کا بیٹا)",1,"596","597:596"
"حاجی کریم بخش (چیئرمین ازمیر گھی انڈسٹریز)","حسین (اعجاز/سکینہ کا بیٹا)",14,"596 623 624 665 666 667 668 672 673 674 676 677 678","597:596 624:623 624:624 668:663 668:664 668:665 668:666 668:668 674:671 674:673 674:675 678:675 678:676 678:678"
"حاجی کریم بخش (چیئرمین ازمیر گھی انڈسٹریز)","خواجہ معراج الدین",15,"526 527 528 538 623 626 666 668 671 672 675 677 680","524:529 525:529 526:529 527:529 528:529 539:537 624:623 624:629 668:664 668:669 674:669 674:670 674:677 678:677 678:682"
"حاجی کریم بخش (چیئرمین ازمیر گھی انڈسٹریز)","دتا کمہار",1,"597","597:598"
"حاجی کریم بخش (چیئرمین ازمیر گھی انڈسٹریز)","رحمت چوہان",3,"528 529","526:531 527:531 528:531"
"حاجی کریم بخش (چیئرمین ازمیر گھی انڈسٹریز)","سراج گجر",2,"668 671","668:669 674:669"
"حاجی کریم بخش (چیئرمین ازمیر گھی انڈسٹریز)","سلیم",11,"622 623 665 666 668 671 672 674 676 678","624:621 624:622 668:663 668:664 668:665 668:669 674:669 674:670 674:674 678:674 678:678"
"حاجی کریم بخش (چیئرمین ازمیر گھی انڈسٹریز)","سکینہ (اعجاز کی بیوی)",3,"539 597 621","539:540 597:597 624:619"
"حاجی کریم بخش (چیئرمین ازمیر گھی انڈسٹریز)","شعیب",1,"597","597:598"
"حاجی کریم بخش (چیئرمین ازمیر گھی انڈسٹریز)","شمس (بدیع الزمان کا اسسٹنٹ)",9,"525 526 527 528 537 538","523:528 524:528 525:528 526:528 527:528 528:528 539:535 539:537 539:538"
"حاجی کریم بخش (چیئرمین ازمیر گھی انڈسٹریز)","شیشے والا سالا (بدیع الزمان کا دوسرا قرض خواہ)",1,"540","539:541"
"حاجی کریم بخش (چیئرمین ازمیر گھی انڈسٹریز)","طارق (ورکس منیجر)",12,"521 522 523 524 525 526 527","521:522 522:522 523:522 523:523 524:523 524:524 525:524 525:525 526:525 526:527 527:527 528:527"
"حاجی کریم بخش (چیئرمین ازمیر گھی انڈسٹریز)","عامر محمود (چیف کیمسٹ)",5,"521 539 674 676","521:521 522:521 539:539 674:674 678:674"
"حاجی کریم بخش (چیئرمین ازمیر گھی انڈسٹریز)","عباس (چاچا احمد کا بیٹا)",1,"599","597:601"
"حاجی کریم بخش (چیئرمین ازمیر گھی انڈسٹریز)","قائد (پارٹی بانی لیڈر)",31,"520 521 522 523 524 525 526 527 528 537 539 595 597 623 625 666 668 671 672 674 676 677 678","521:520 521:521 522:521 522:522 523:522 523:523 524:523 524:524 525:524 525:525 526:525 526:526 527:526 527:527 528:527 528:528 539:535 539:536 539:539 597:593 597:597 624:623 624:626 668:664 668:669 674:669 674:671 674:675 678:675 678:677 678:678"
"حاجی کریم بخش (چیئرمین ازمیر گھی انڈسٹریز)","لیفٹیننٹ کرنل اسلام الدین",1,"598","597:600"
"حاجی کریم بخش (چیئرمین ازمیر گھی انڈسٹریز)","معین الدین شاہ",3,"521 624","521:521 522:521 624:624"
"حاجی کریم بخش (چیئرمین ازمیر گھی انڈسٹریز)","ملک جہانگیر اعوان (ایم ایل اے)",8,"520 595 596 597 621 674 676","521:520 597:593 597:595 597:596 597:597 624:619 674:675 678:675"
"حاجی کریم بخش (چیئرمین ازمیر گھی انڈسٹریز)","ملک حمید",1,"598","597:599"
"حاجی کریم بخش (چیئرمین ازمیر گھی انڈسٹریز)","ملک لطیف",1,"598","597:599"
"حاجی کریم بخش (چیئرمین ازمیر گھی انڈسٹریز)","میاں انتظار حسین (ایڈووکیٹ ہائی کورٹ)",11,"622 623 624 665 666 667 668 673 676 678","624:621 624:622 624:624 668:663 668:664 668:666 668:667 668:668 674:673 674:678 678:678"
"حاجی کریم بخش (چیئرمین ازمیر گھی انڈسٹریز)","میجر قدیر (ازمیر مل کا ایڈمن افسر)",8,"521 522 523 524 539","521:521 522:521 522:522 523:522 523:524 524:524 525:524 539:539"
"حاجی کریم بخش (چیئرمین ازمیر گھی انڈسٹریز)","میجر/کیپٹن سرفراز اعوان",8,"519 541 594 595 596 597","521:518 539:543 597:592 597:593 597:594 597:595 597:596 597:597"
"حاجی کریم بخش (چیئرمین ازمیر گھی انڈسٹریز)","نامعلوم مزدور عورت (ملک حمید/لطیف کا تعلق)",3,"539 597 680","539:540 597:598 678:682"
"حاجی کریم بخش (چیئرمین ازمیر گھی انڈسٹریز)","نانبائی (او جھری والا)",2,"676 678","674:678 678:678"
"حاجی کریم بخش (چیئرمین ازمیر گھی انڈسٹریز)","نسرین",2,"594 597","597:592 597:597"
"حاجی کریم بخش (چیئرمین ازمیر گھی انڈسٹریز)","نسیمہ (شعیب کی بہن)",2,"541 597","539:543 597:598"
"حاجی کریم بخش (چیئرمین ازمیر گھی انڈسٹریز)","وسیم بھائی (بدیع الزمان کا سالا/قرض خواہ)",5,"527 528 529 625","525:530 526:530 527:530 528:530 624:626"
"حاجی کریم بخش (چیئرمین ازمیر گھی انڈسٹریز)","چاچا احمد خان راٹھور",2,"599 621","597:601 624:619"
"حاجی کریم بخش (چیئرمین ازمیر گھی انڈسٹریز)","چوہدری اظہر (ایس ایچ او نور پور)",1,"598","597:599"
"حاجی کریم بخش (چیئرمین ازمیر گھی انڈسٹریز)","ڈاکٹر (کریم بخش کا بیٹا)",14,"520 523 524 525 526 527 529 536 623 679","521:520 521:526 522:526 523:526 524:526 525:526 526:526 527:526 527:527 528:527 528:531 539:534 624:623 678:681"
"حاجی کریم بخش (چیئرمین ازمیر گھی انڈسٹریز)","ڈاکٹر احسان الحق (پُل کھنگر)",5,"520 528 529 536","521:520 526:531 527:531 528:531 539:534"
"حاجی کریم بخش (چیئرمین ازمیر گھی انڈسٹریز)","ڈاکٹر خدابخش کھوکھر (چیف کیمسٹ)",5,"521 539 674 676","521:521 522:521 539:539 674:674 678:674"
"حاجی کریم بخش (چیئرمین ازمیر گھی انڈسٹریز)","کامران خان (جواں سال کیمسٹ)",4,"669 672 674 676","668:671 674:671 674:674 678:674"
"حاجی کریم بخش (چیئرمین ازمیر گھی انڈسٹریز)","کریم راٹھور",18,"522 523 524 525 526 527 528 539 624 668 674 676 678","521:523 522:523 523:523 524:523 524:524 525:524 525:525 526:525 526:527 527:527 528:527 528:528 539:539 624:624 668:668 674:674 678:674 678:678"
"حاجی کریم بخش (چیئرمین ازمیر گھی انڈسٹریز)","کنیز",1,"539","539:540"
"حاجی کریم بخش (چیئرمین ازمیر گھی انڈسٹریز)","کیپٹن جمال",2,"594 597","597:592 597:597"
"حسن (اعجاز/سکینہ کا بیٹا)","حسین (اعجاز/سکینہ کا بیٹا)",39,"103 208 209 210 211 213 214 218 254 313 314 316 317 329 330 331 332 353 431 440 480 494 568 570 571 573 596 603 691 720 733 752 753 754 782","103:103 211:206 211:207 211:208 211:209 211:210 211:211 216:211 216:212 216:220 257:252 313:313 316:313 316:316 317:316 317:317 329:330 330:330 332:330 332:332 353:353 431:431 440:440 480:480 494:494 568:568 573:568 573:569 573:573 574:573 596:596 603:603 693:689 722:719 733:733 754:751 754:753 754:754 782:782"
"حسن (اعجاز/سکینہ کا بیٹا)","حوالدار ستونت سنگھ",2,"780","782:778 782:779"
"حسن (اعجاز/سکینہ کا بیٹا)","خدابخش ارائیں",1,"259","257:262"
"حسن (اعجاز/سکینہ کا بیٹا)","خواجہ معراج الدین",2,"724","722:726 723:726"
"حسن (اعجاز/سکینہ کا بیٹا)","دتا کمہار",2,"597 600","596:598 603:598"
"حسن (اعجاز/سکینہ کا بیٹا)","دتو میراثی",3,"102 105 604","103:102 103:108 603:606"
"حسن (اعجاز/سکینہ کا بیٹا)","رابعہ",2,"355 359","353:358 361:358"
"حسن (اعجاز/سکینہ کا بیٹا)","رحمت چوہان",2,"102 257","103:102 257:257"
"حسن (اعجاز/سکینہ کا بیٹا)","رضیہ",2,"355 359","353:358 361:358"
"حسن (اعجاز/سکینہ کا بیٹا)","رنگیلی (یعقوب کی گھوڑی)",1,"781","782:780"
"حسن (اعجاز/سکینہ کا بیٹا)","ریاض (سرفراز کا ڈرائیور)",2,"735 738","733:738 739:738"
"حسن (اعجاز/سکینہ کا بیٹا)","زور آور (گھوڑا)",2,"210 784","211:210 782:786"
"حسن (اعجاز/سکینہ کا بیٹا)","زیدی صاحب (چیف ایڈیٹر طلوع)",1,"690","693:688"
"حسن (اعجاز/سکینہ کا بیٹا)","سائیں جلا",2,"755 782","754:756 782:782"
"حسن (اعجاز/سکینہ کا بیٹا)","سراج گجر",7,"313 315 361 410 411 733","313:314 316:314 361:361 411:409 411:410 411:412 733:733"
"حسن (اعجاز/سکینہ کا بیٹا)","سردار فلمبند خان",2,"412 482","411:414 480:485"
"حسن (اعجاز/سکینہ کا بیٹا)","سرداراں دائی",1,"361","361:361"
"حسن (اعجاز/سکینہ کا بیٹا)","سلطان (پی۔او۔ڈبلیو ساتھی/دوست)",3,"565 574","568:563 573:575 574:575"
"حسن (اعجاز/سکینہ کا بیٹا)","سلیم",10,"208 209 210 218 691 693 720 721 732","211:206 211:207 211:208 211:209 216:220 693:690 693:694 722:719 722:720 733:731"
"حسن (اعجاز/سکینہ کا بیٹا)","سکینہ (اعجاز کی بیوی)",65,"102 103 211 213 214 215 216 288 289 290 313 314 316 317 327 328 329 330 331 332 351 352 355 359 360 361 375 376 409 413 430 431 440 480 492 493 494 567 568 570 596 692 693 719 720 722 723 732 739 752 753 754 782","103:102 103:103 211:211 216:211 216:213 216:214 216:215 216:216 290:287 290:288 290:289 290:290 313:313 316:313 316:316 317:316 317:318 329:326 329:327 329:328 329:329 330:329 330:330 332:330 332:332 353:349 353:350 353:351 353:352 353:357 361:357 361:358 361:359 361:361 378:373 378:374 411:407 411:415 431:430 431:431 440:440 480:480 494:491 494:493 494:494 568:566 568:567 568:568 573:568 596:597 693:691 693:692 693:694 722:717 722:718 722:719 722:722 723:722 723:723 733:732 739:740 754:751 754:753 754:754 782:782"
"حسن (اعجاز/سکینہ کا بیٹا)","سیکنڈ لفٹننٹ امتیاز",1,"752","754:750"
"حسن (اعجاز/سکینہ کا بیٹا)","شعیب",33,"288 310 311 312 314 316 317 326 327 328 329 330 331 332 352 354 358 359 360 568 571 575 597 600 740 756","290:286 290:287 313:308 313:309 313:312 313:316 316:316 317:316 317:318 329:324 329:325 329:326 329:328 329:329 330:329 330:330 332:330 332:331 332:332 353:351 353:356 361:356 361:357 361:358 361:359 568:569 573:569 573:577 574:577 596:598 603:598 739:741 754:758"
"حسن (اعجاز/سکینہ کا بیٹا)","شمس (بدیع الزمان کا اسسٹنٹ)",1,"693","693:694"
"حسن (اعجاز/سکینہ کا بیٹا)","شوکت",2,"288 291","290:287 290:293"
"حسن (اعجاز/سکینہ کا بیٹا)","شہلا رضوی",2,"735 738","733:737 739:737"
"حسن (اعجاز/سکینہ کا بیٹا)","ظفر چوہدری",2,"574","573:575 574:575"
"حسن (اعجاز/سکینہ کا بیٹا)","عباس (چاچا احمد کا بیٹا)",21,"102 256 289 314 316 317 327 355 359 431 567 598 602 603 722 723 754 782","103:101 257:255 290:288 313:316 316:316 317:316 317:317 329:325 353:357 361:357 431:432 568:566 596:601 603:601 603:602 603:603 722:722 723:722 723:723 754:754 782:782"
"حسن (اعجاز/سکینہ کا بیٹا)","عمران (ہوسٹل ساتھی)",5,"433 438 439","431:436 440:436 440:437 440:438 440:439"
"حسن (اعجاز/سکینہ کا بیٹا)","غلام حسین",9,"208 209 210 211 214 218 254","211:206 211:207 211:208 211:209 211:210 211:212 216:212 216:220 257:252"
"حسن (اعجاز/سکینہ کا بیٹا)","فرخ غوری",1,"732","733:731"
"حسن (اعجاز/سکینہ کا بیٹا)","فضلے",1,"481","480:483"
"حسن (اعجاز/سکینہ کا بیٹا)","قائد (پارٹی بانی لیڈر)",41,"103 211 214 218 288 290 311 313 315 327 351 353 361 376 378 408 410 411 430 442 479 480 491 495 568 571 572 573 574 594 596 605 690 694 724 732 734 737 756","103:103 211:212 216:212 216:220 290:286 290:290 313:309 313:314 316:314 329:325 353:349 353:353 361:361 378:374 378:378 411:406 411:410 411:411 431:429 440:445 480:478 480:479 480:481 494:489 494:496 568:569 573:569 573:571 573:574 574:574 596:593 596:597 603:608 693:688 693:695 722:726 723:726 733:731 733:736 739:736 754:758"
"حسن (اعجاز/سکینہ کا بیٹا)","قمر الاسلام",4,"478 479 496","480:477 480:478 480:479 494:498"
"حسن (اعجاز/سکینہ کا بیٹا)","لیفٹیننٹ کرنل اسلام الدین",6,"334 598 601 733 740 780","332:337 596:600 603:600 733:733 739:741 782:778"
"حسن (اعجاز/سکینہ کا بیٹا)","ماسی (سرفراز کی پرورش کرنے والی)",10,"102 257 291 315 316 317 567 568 570 754","103:102 257:257 290:292 313:317 316:317 317:317 568:566 568:568 573:568 754:754"
"حسن (اعجاز/سکینہ کا بیٹا)","ماسی مریم",10,"102 257 291 315 316 317 567 568 570 754","103:102 257:257 290:292 313:317 316:317 317:317 568:566 568:568 573:568 754:754"
"حسن (اعجاز/سکینہ کا بیٹا)","مرزا عبد الرشید",1,"494","494:495"
"حسن (اعجاز/سکینہ کا بیٹا)","ملک جہانگیر اعوان (ایم ایل اے)",29,"256 289 290 351 361 376 377 378 408 409 410 411 495 566 567 568 571 572 593 594 595 596 605","257:255 290:289 290:290 353:349 361:361 378:374 378:375 378:376 378:377 378:378 411:406 411:407 411:408 411:409 411:410 411:412 494:497 568:564 568:565 568:567 568:569 573:569 573:570 573:572 596:591 596:593 596:595 596:596 603:608"
"حسن (اعجاز/سکینہ کا بیٹا)","ملک حمید",2,"597 601","596:599 603:599"
"حسن (اعجاز/سکینہ کا بیٹا)","ملک لطیف",2,"597 601","596:599 603:599"
"حسن (اعجاز/سکینہ کا بیٹا)","منشی کریم شاہ",2,"256 408","257:255 411:406"
"حسن (اعجاز/سکینہ کا بیٹا)","منظور (اعجاز کا ورکر)",9,"350 351 363 377 411 441 492 494 691","353:348 353:349 361:365 378:377 411:411 440:442 494:491 494:494 693:689"
"حسن (اعجاز/سکینہ کا بیٹا)","منیر میکنک",1,"480","480:480"
"حسن (اعجاز/سکینہ کا بیٹا)","مولوی فقیر الدین",2,"102 103","103:102 103:103"
"حسن (اعجاز/سکینہ کا بیٹا)","میاں انتظار حسین (ایڈووکیٹ ہائی کورٹ)",3,"441 593 732","440:442 596:591 733:731"
"حسن (اعجاز/سکینہ کا بیٹا)","میجر ست پال ٹھاکر (کیمپ افسرِ دشمن)",1,"780","782:779"
"حسن (اعجاز/سکینہ کا بیٹا)","میجر صدیق",4,"428 480 493 576","431:426 480:481 494:492 574:579"
"حسن (اعجاز/سکینہ کا بیٹا)","میجر/کیپٹن سرفراز اعوان",106,"101 102 103 209 210 211 213 214 215 216 254 288 289 291 310 311 312 313 314 315 316 317 326 327 328 329 330 331 332 352 353 358 359 360 376 379 408 429 430 431 438 439 440 481 565 566 567 568 570 571 572 573 574 593 594 595 596 600 601 602 692 693 721 722 723 732 734 737 738 739 751 752 753 754 779 780 781 782","103:99 103:100 103:101 103:102 103:103 211:207 211:208 211:209 211:211 216:211 216:212 216:213 216:214 216:215 216:216 257:252 290:287 290:288 290:289 290:292 313:308 313:309 313:310 313:311 313:312 313:313 316:313 316:314 316:315 316:316 317:316 317:317 329:324 329:325 329:326 329:327 329:328 329:330 330:330 332:330 332:331 332:332 353:351 353:353 361:356 361:357 361:358 361:359 378:375 378:380 411:406 431:428 431:430 431:431 440:436 440:437 440:438 440:439 440:441 480:483 568:563 568:565 568:566 568:567 568:568 573:568 573:569 573:570 573:571 573:572 573:573 574:573 574:574 596:591 596:592 596:593 596:594 596:595 596:596 603:598 603:600 603:601 603:602 693:691 693:693 722:721 722:722 723:722 723:723 733:732 733:736 739:736 739:737 739:738 739:739 754:749 754:750 754:751 754:752 754:753 754:754 782:777 782:778 782:779 782:781 782:782"
"حسن (اعجاز/سکینہ کا بیٹا)","نامعلوم مزدور عورت (ملک حمید/لطیف کا تعلق)",16,"101 102 104 211 213 215 216 351 353 477 597 600 695 722 723 783","103:100 103:102 103:106 211:211 216:211 216:215 216:217 353:350 353:354 480:475 596:598 603:598 693:697 722:723 723:723 782:784"
"حسن (اعجاز/سکینہ کا بیٹا)","نانبائی (او جھری والا)",4,"208 209 210","211:206 211:207 211:208 211:209"
"حسن (اعجاز/سکینہ کا بیٹا)","نسرین",18,"216 331 332 333 354 358 359 409 411 477 594 596 600 601 602 605 739 783","216:217 329:334 330:334 332:334 353:356 361:356 361:357 411:407 411:412 480:475 596:592 596:597 603:598 603:600 603:601 603:607 739:739 782:784"
"حسن (اعجاز/سکینہ کا بیٹا)","نسیمہ (شعیب کی بہن)",35,"288 314 316 318 326 328 329 330 331 332 352 353 358 359 360 482 565 569 572 573 574 597 600 721 722 723 739 753 754 783","290:286 313:316 316:316 317:316 317:319 329:324 329:328 329:329 330:329 330:330 332:330 332:332 353:351 353:353 361:356 361:357 361:358 361:359 480:484 568:563 568:571 573:571 573:573 574:573 574:574 596:598 603:598 722:721 722:722 723:722 723:724 739:739 754:753 754:754 782:785"
"حسن (اعجاز/سکینہ کا بیٹا)","نمائر (کیمپ کا قیدی ساتھی)",3,"480 574 575","480:481 573:576 574:576"
"حسن (اعجاز/سکینہ کا بیٹا)","وسیم بھائی (بدیع الزمان کا سالا/قرض خواہ)",6,"354 358 379 604 691 781","353:356 361:356 378:380 603:606 693:690 782:781"
"حسن (اعجاز/سکینہ کا بیٹا)","پھاتو مراثن (ڈھولکی)",2,"355 359","353:358 361:358"
"حسن (اعجاز/سکینہ کا بیٹا)","پیر حمید الدین بلال شاہ (مرشد بلال پور شریف)",1,"755","754:757"
"حسن (اعجاز/سکینہ کا بیٹا)","چاچا احمد خان راٹھور",48,"102 103 208 209 210 211 214 216 254 259 288 289 290 314 316 317 354 358 359 361 376 409 431 441 493 567 569 571 573 574 598 602 603 693 722 723 733 736 739 754 782","103:102 103:103 211:206 211:207 211:208 211:209 211:210 211:212 216:212 216:216 257:252 257:262 290:287 290:288 290:290 313:316 316:316 317:316 317:317 353:356 361:356 361:357 361:358 361:362 378:375 411:408 431:432 440:443 494:493 568:566 568:567 568:570 573:570 573:573 574:573 574:574 596:601 603:601 603:602 603:603 693:694 722:723 723:723 733:734 739:734 739:739 754:754 782:782"
"حسن (اعجاز/سکینہ کا بیٹا)","چوہدری ارشد (یونین رہنما)",1,"363","361:365"
"حسن (اعجاز/سکینہ کا بیٹا)","چوہدری اظہر (ایس ایچ او نور پور)",6,"351 567 597 601 604 756","353:350 568:567 596:599 603:599 603:606 754:758"
"حسن (اعجاز/سکینہ کا بیٹا)","چوہدری اللہ داد خان",1,"257","257:257"
"حسن (اعجاز/سکینہ کا بیٹا)","چوہدری شدا",1,"363","361:366"
"حسن (اعجاز/سکینہ کا بیٹا)","ڈاکٹر (کریم بخش کا بیٹا)",2,"216 694","216:217 693:695"
"حسن (اعجاز/سکینہ کا بیٹا)","ڈاکٹر سعد اللہ خان (کنسلٹنٹ کارڈیالوجسٹ)",1,"694","693:695"
"حسن (اعجاز/سکینہ کا بیٹا)","ڈاکٹر عرفان (ڈیوٹی ڈاکٹر آئی سی یو)",1,"694","693:695"
"حسن (اعجاز/سکینہ کا بیٹا)","کریم راٹھور",2,"720 782","722:719 782:782"
"حسن (اعجاز/سکینہ کا بیٹا)","کنیز",8,"103 213 216 380 477 478 691","103:103 211:216 216:216 378:383 480:475 480:476 480:477 693:689"
"حسن (اعجاز/سکینہ کا بیٹا)","کو چوہا (چوکیدار/کھیت میں سونے والا)",1,"257","257:258"
"حسن (اعجاز/سکینہ کا بیٹا)","کیپٹن اسد اللہ",1,"287","290:285"
"حسن (اعجاز/سکینہ کا بیٹا)","کیپٹن اسرار",4,"354 358 724","353:356 361:356 722:726 723:726"
"حسن (اعجاز/سکینہ کا بیٹا)","کیپٹن جمال",4,"288 594 596 600","290:286 596:592 596:597 603:598"
"حسن (اعجاز/سکینہ کا بیٹا)","کیپٹن دلاور",7,"312 318 319 330 331 332","313:312 316:321 317:321 329:331 330:331 332:331 332:333"
"حسن (اعجاز/سکینہ کا بیٹا)","کیڈٹ حبیب اللہ",2,"287 288","290:285 290:286"
"حسن (اعجاز/سکینہ کا بیٹا)","کیڈٹ نواز کھوکھر",1,"780","782:778"
"حسن (اعجاز/سکینہ کا بیٹا)","گل افروز خان",7,"259 289 351 352 353 360 413","257:261 290:288 353:350 353:351 353:353 361:360 411:416"
"حسن (اعجاز/سکینہ کا بیٹا)","یعقوب اعوان",14,"102 313 314 376 430 431 493 494 573 574 722 723 781 784","103:101 313:313 316:313 378:375 431:430 431:432 494:493 494:494 573:574 574:574 722:723 723:723 782:780 782:787"
"حسین (اعجاز/سکینہ کا بیٹا)","حوالدار ستونت سنگھ",2,"780","782:778 782:779"
"حسین (اعجاز/سکینہ کا بیٹا)","خواجہ معراج الدین",27,"557 623 626 627 628 639 641 642 643 644 661 662 663 664 667 668 670 675 676 677 680","556:558 623:623 624:623 624:629 625:629 628:629 641:638 641:642 642:642 645:642 645:643 659:664 660:664 661:664 663:664 664:664 665:664 665:669 666:669 668:669 671:669 671:670 673:677 675:677 676:677 678:677 678:682"
"حسین (اعجاز/سکینہ کا بیٹا)","دتا کمہار",2,"597 600","596:598 603:598"
"حسین (اعجاز/سکینہ کا بیٹا)","دتو میراثی",3,"102 105 604","103:102 103:108 603:606"
"حسین (اعجاز/سکینہ کا بیٹا)","ذوالقرنین نقوی",16,"203 204 641 642 643 654 655 656 657 658 659","202:204 203:204 205:204 641:641 642:641 642:642 645:642 652:657 653:657 654:657 656:657 657:657 659:657 659:658 659:659 660:659"
"حسین (اعجاز/سکینہ کا بیٹا)","رابعہ",1,"355","353:358"
"حسین (اعجاز/سکینہ کا بیٹا)","رحمت چوہان",2,"102 254","103:102 252:257"
"حسین (اعجاز/سکینہ کا بیٹا)","رضیہ",1,"355","353:358"
"حسین (اعجاز/سکینہ کا بیٹا)","رنگیلی (یعقوب کی گھوڑی)",1,"781","782:780"
"حسین (اعجاز/سکینہ کا بیٹا)","ریاض (سرفراز کا ڈرائیور)",2,"620 735","623:618 733:738"
"حسین (اعجاز/سکینہ کا بیٹا)","زور آور (گھوڑا)",8,"207 208 209 210 784","205:210 206:210 207:210 208:210 209:210 210:210 211:210 782:786"
"حسین (اعجاز/سکینہ کا بیٹا)","زیدی صاحب (چیف ایڈیٹر طلوع)",1,"688","689:688"
"حسین (اعجاز/سکینہ کا بیٹا)","زینب (یعقوب کی بیوی)",1,"76","79:74"
"حسین (اعجاز/سکینہ کا بیٹا)","سائیں جلا",6,"245 588 753 754 755 782","248:243 590:586 751:756 753:756 754:756 782:782"
"حسین (اعجاز/سکینہ کا بیٹا)","سراج گجر",8,"313 315 666 667 668 670 733","313:314 316:314 664:669 665:669 666:669 668:669 671:669 733:733"
"حسین (اعجاز/سکینہ کا بیٹا)","سردار فلمبند خان",3,"81 482 620","79:83 480:485 623:618"
"حسین (اعجاز/سکینہ کا بیٹا)","سلطان (پی۔او۔ڈبلیو ساتھی/دوست)",3,"558 565 574","556:561 568:563 573:575"
"حسین (اعجاز/سکینہ کا بیٹا)","سلیم",57,"202 203 204 205 206 207 208 209 220 231 248 249 250 251 270 622 639 640 647 648 649 650 659 660 661 662 663 664 665 667 668 670 672 673 674 676 677 678 689 719 732","202:202 203:202 203:203 205:203 205:204 205:205 206:205 206:206 207:206 207:207 208:207 208:208 209:208 209:209 210:209 220:220 231:231 248:248 249:248 249:249 252:249 252:250 270:270 623:621 623:622 641:638 641:639 645:649 646:649 647:649 648:649 649:649 651:649 657:662 659:662 660:662 661:662 663:662 663:663 664:663 664:664 665:664 665:665 666:665 666:669 668:669 671:669 671:670 671:674 673:674 675:674 675:678 676:678 678:678 689:690 719:719 733:731"
"حسین (اعجاز/سکینہ کا بیٹا)","سپاہی غلام رسول (یونٹ ڈرائیور/ساتھی)",1,"749","751:747"
"حسین (اعجاز/سکینہ کا بیٹا)","سکینہ (اعجاز کی بیوی)",65,"77 79 102 103 201 208 209 210 211 212 217 218 272 300 313 314 316 317 328 329 330 331 332 351 352 355 430 431 440 480 492 493 494 556 567 568 596 621 629 687 688 690 717 718 719 732 751 752 753 754 782","79:75 79:79 103:102 103:103 202:200 206:211 207:211 208:211 209:211 210:211 211:211 212:211 212:213 220:215 220:216 270:275 301:300 313:313 316:313 316:316 317:316 317:318 330:326 330:327 330:328 330:329 330:330 332:330 332:332 353:349 353:350 353:351 353:352 353:357 431:430 431:431 440:440 480:480 494:491 494:493 494:494 556:556 568:566 568:567 568:568 569:568 596:597 623:619 628:631 689:685 689:686 689:687 689:691 719:715 719:716 719:717 719:718 719:719 733:732 751:751 753:751 753:753 754:753 754:754 782:782"
"حسین (اعجاز/سکینہ کا بیٹا)","سینئر انڈر آفیسر صبغت اللہ",1,"300","301:299"
"حسین (اعجاز/سکینہ کا بیٹا)","سیکنڈ لفٹننٹ امتیاز",1,"750","751:750"
"حسین (اعجاز/سکینہ کا بیٹا)","شعیب",29,"298 303 310 311 312 314 316 317 327 328 329 330 331 332 352 354 391 558 568 569 571 575 597 600 755 756","301:296 301:306 313:308 313:309 313:312 313:316 316:316 317:316 317:318 330:325 330:326 330:328 330:329 330:330 332:330 332:331 332:332 353:351 353:356 391:391 556:561 568:569 569:569 573:569 573:577 596:598 603:598 753:758 754:758"
"حسین (اعجاز/سکینہ کا بیٹا)","شمس (بدیع الزمان کا اسسٹنٹ)",3,"553 556 691","556:551 556:556 689:694"
"حسین (اعجاز/سکینہ کا بیٹا)","شوکت",1,"270","270:270"
"حسین (اعجاز/سکینہ کا بیٹا)","شہلا رضوی",1,"735","733:737"
"حسین (اعجاز/سکینہ کا بیٹا)","شیر بہادر اعوان",1,"79","79:80"
"حسین (اعجاز/سکینہ کا بیٹا)","طارق (ورکس منیجر)",1,"271","270:272"
"حسین (اعجاز/سکینہ کا بیٹا)","ظفر چوہدری",1,"574","573:575"
"حسین (اعجاز/سکینہ کا بیٹا)","عامر محمود (چیف کیمسٹ)",17,"640 650 651 652 653 654 655 656 657 658 672 673 674","641:640 648:653 649:653 651:653 652:653 653:653 654:653 654:654 656:654 656:655 656:656 657:656 657:657 659:657 671:674 673:674 675:674"
"حسین (اعجاز/سکینہ کا بیٹا)","عباس (چاچا احمد کا بیٹا)",29,"102 231 245 246 247 249 250 251 253 301 314 316 317 327 355 431 567 598 602 603 620 720 752 753 754 782","103:101 231:232 248:243 248:245 248:246 248:247 248:251 249:251 252:251 252:255 301:301 313:316 316:316 317:316 317:317 330:325 353:357 431:432 568:566 596:601 603:601 603:602 603:603 623:618 719:722 751:754 753:754 754:754 782:782"
"حسین (اعجاز/سکینہ کا بیٹا)","عمران (ہوسٹل ساتھی)",9,"203 204 205 433 438 439","202:205 203:205 205:205 206:205 431:436 440:436 440:437 440:438 440:439"
"حسین (اعجاز/سکینہ کا بیٹا)","غلام حسین",26,"202 203 204 205 206 207 208 209 210 211 212 220 231 248 249 250 252 270","202:202 203:202 203:203 205:203 205:205 206:205 206:206 207:206 207:207 208:207 208:208 209:208 209:209 210:209 210:210 211:210 211:212 212:212 220:220 231:231 248:248 249:248 249:249 252:249 252:252 270:270"
"حسین (اعجاز/سکینہ کا بیٹا)","فرخ غوری",1,"732","733:731"
"حسین (اعجاز/سکینہ کا بیٹا)","فضلے",1,"481","480:483"
"حسین (اعجاز/سکینہ کا بیٹا)","فلک شیر اعوان",1,"79","79:80"
"حسین (اعجاز/سکینہ کا بیٹا)","قائد (پارٹی بانی لیڈر)",103,"81 103 209 210 211 212 220 228 230 246 248 249 250 251 271 311 313 315 327 351 353 388 389 390 391 430 442 479 480 491 495 553 557 568 569 571 572 573 588 590 594 596 605 623 625 627 628 639 641 642 643 644 646 647 648 649 650 651 652 653 654 655 657 658 659 662 663 664 667 668 670 671 672 674 675 676 677 678 686 688 732 734 749 755 756","79:83 103:103 207:212 208:212 209:212 210:212 211:212 212:212 220:220 231:226 231:229 248:245 248:248 249:248 249:249 252:249 252:250 270:272 313:309 313:314 316:314 330:325 353:349 353:353 391:386 391:387 391:389 391:390 391:391 431:429 440:445 480:478 480:479 480:481 494:489 494:496 556:551 556:558 568:569 569:569 573:569 573:571 573:574 590:586 590:590 596:593 596:597 603:608 623:623 624:623 624:626 625:626 628:626 628:627 628:628 641:638 641:642 642:642 645:642 645:643 645:648 646:648 647:648 648:648 649:648 649:649 651:649 651:650 651:652 652:652 653:652 653:654 654:654 656:654 656:658 657:658 659:658 659:659 660:659 660:664 661:664 663:664 664:664 665:664 665:669 666:669 668:669 671:669 671:671 673:671 673:675 675:675 676:675 676:677 678:677 678:678 689:684 689:688 733:731 733:736 751:747 753:758 754:758"
"حسین (اعجاز/سکینہ کا بیٹا)","قمر الاسلام",4,"478 479 496","480:477 480:478 480:479 494:498"
"حسین (اعجاز/سکینہ کا بیٹا)","لیفٹیننٹ کرنل اسلام الدین",9,"334 589 590 598 601 620 733 749 780","332:337 590:589 590:590 596:600 603:600 623:618 733:733 751:747 782:778"
"حسین (اعجاز/سکینہ کا بیٹا)","ماسی (سرفراز کی پرورش کرنے والی)",17,"76 79 102 245 247 254 300 315 316 317 567 568 629 752 753 754","79:74 79:79 103:102 248:243 248:246 252:257 301:300 313:317 316:317 317:317 568:566 568:568 569:568 628:631 751:754 753:754 754:754"
"حسین (اعجاز/سکینہ کا بیٹا)","ماسی مریم",17,"76 79 102 245 247 254 300 315 316 317 567 568 629 752 753 754","79:74 79:79 103:102 248:243 248:246 252:257 301:300 313:317 316:317 317:317 568:566 568:568 569:568 628:631 751:754 753:754 754:754"
"حسین (اعجاز/سکینہ کا بیٹا)","محمد نواز چیمہ",4,"389 390","391:387 391:388 391:389 391:390"
"حسین (اعجاز/سکینہ کا بیٹا)","مرزا عبد الرشید",1,"494","494:495"
"حسین (اعجاز/سکینہ کا بیٹا)","معین الدین شاہ",8,"623 624 625 626 627 628","623:624 624:624 625:624 625:625 628:625 628:626 628:627 628:628"
"حسین (اعجاز/سکینہ کا بیٹا)","ملک جہانگیر اعوان (ایم ایل اے)",38,"200 221 230 231 246 247 253 268 272 351 388 495 566 567 568 569 571 572 588 590 593 594 595 596 605 621 630 643 645 673 674 675","202:199 220:222 231:229 231:230 231:232 248:245 248:246 252:255 270:266 270:275 353:349 391:386 494:497 568:564 568:565 568:567 568:569 569:569 573:569 573:570 573:572 590:586 590:591 596:591 596:593 596:595 596:596 603:608 623:619 628:633 641:645 642:645 645:645 646:645 671:675 673:675 675:675 676:675"
"حسین (اعجاز/سکینہ کا بیٹا)","ملک حمید",5,"246 268 272 597 601","248:245 270:266 270:275 596:599 603:599"
"حسین (اعجاز/سکینہ کا بیٹا)","ملک رشید (ملک حمید کا بھائی)",1,"272","270:275"
"حسین (اعجاز/سکینہ کا بیٹا)","ملک لطیف",2,"597 601","596:599 603:599"
"حسین (اعجاز/سکینہ کا بیٹا)","منشی کریم شاہ",1,"253","252:255"
"حسین (اعجاز/سکینہ کا بیٹا)","منظور (اعجاز کا ورکر)",10,"350 351 389 390 391 441 492 494 689","353:348 353:349 391:387 391:388 391:390 391:392 440:442 494:491 494:494 689:689"
"حسین (اعجاز/سکینہ کا بیٹا)","منیر میکنک",2,"480 589","480:480 590:588"
"حسین (اعجاز/سکینہ کا بیٹا)","مولوی فقیر الدین",2,"102 103","103:102 103:103"
"حسین (اعجاز/سکینہ کا بیٹا)","میاں انتظار حسین (ایڈووکیٹ ہائی کورٹ)",62,"441 555 556 590 593 622 623 624 625 626 628 640 641 642 643 645 646 647 648 649 650 651 652 653 654 655 656 657 658 659 660 661 662 663 664 665 666 667 668 669 672 673 674 676 677 678 687 732","440:442 556:554 556:556 590:591 596:591 623:621 623:622 623:624 624:624 625:624 625:625 628:625 628:628 641:639 641:641 642:641 642:642 645:642 645:645 646:645 646:646 647:646 647:647 648:647 648:648 649:648 649:649 651:649 651:651 652:651 652:652 653:652 653:653 654:653 654:654 656:654 656:657 657:657 659:657 659:660 660:660 661:660 661:661 663:661 663:663 664:663 664:664 665:664 665:666 666:666 668:666 668:667 668:668 671:668 671:673 673:673 675:673 675:678 676:678 678:678 689:685 733:731"
"حسین (اعجاز/سکینہ کا بیٹا)","میجر ست پال ٹھاکر (کیمپ افسرِ دشمن)",1,"780","782:779"
"حسین (اعجاز/سکینہ کا بیٹا)","میجر صدیق",3,"428 480 493","431:426 480:481 494:492"
"حسین (اعجاز/سکینہ کا بیٹا)","میجر/کیپٹن سرفراز اعوان",120,"76 77 79 101 102 103 202 203 204 205 206 207 208 209 210 211 212 217 218 220 231 247 248 249 250 251 252 267 268 271 300 301 310 311 312 313 314 315 316 317 327 328 329 330 331 332 352 353 391 429 430 431 438 439 440 481 554 558 565 566 567 568 569 571 572 573 589 590 593 594 595 596 600 601 602 620 690 720 732 734 748 749 750 751 752 753 754 779 780 781 782","79:74 79:75 79:79 103:99 103:100 103:101 103:102 103:103 202:202 203:202 203:204 205:204 205:205 206:205 206:207 207:207 208:207 208:208 209:208 209:209 210:209 210:211 211:211 212:211 212:212 220:215 220:216 220:220 231:231 248:247 248:249 249:249 252:249 252:250 252:252 270:265 270:266 270:267 270:273 301:300 301:301 313:308 313:309 313:310 313:311 313:312 313:313 316:313 316:314 316:315 316:316 317:316 317:317 330:325 330:326 330:327 330:328 330:330 332:330 332:331 332:332 353:351 353:353 391:391 431:428 431:430 431:431 440:436 440:437 440:438 440:439 440:441 480:483 556:552 556:560 568:563 568:565 568:566 568:567 568:568 569:568 569:569 573:569 573:570 573:571 573:572 573:573 590:589 590:590 596:591 596:592 596:593 596:594 596:595 596:596 603:598 603:600 603:601 603:602 623:618 689:691 719:721 733:732 733:736 751:746 751:747 751:748 751:749 751:750 751:751 753:751 753:752 753:753 754:753 754:754 782:777 782:778 782:779 782:781 782:782"
"حسین (اعجاز/سکینہ کا بیٹا)","نامعلوم مزدور عورت (ملک حمید/لطیف کا تعلق)",23,"101 102 104 208 209 210 211 213 217 218 351 353 477 557 587 597 600 680 721 783","103:100 103:102 103:106 206:211 207:211 208:211 209:211 210:211 211:211 212:211 212:215 220:215 220:217 353:350 353:354 480:475 556:558 590:585 596:598 603:598 678:682 719:723 782:784"
"حسین (اعجاز/سکینہ کا بیٹا)","نانبائی (او جھری والا)",16,"203 204 205 206 207 208 209 675 676 677 678","202:205 203:205 205:205 206:205 206:206 207:206 207:207 208:207 208:208 209:208 209:209 210:209 673:678 675:678 676:678 678:678"
"حسین (اعجاز/سکینہ کا بیٹا)","نسرین",19,"214 218 249 251 332 333 354 477 589 590 594 596 600 601 602 605 748 783","212:217 220:217 248:250 249:250 252:250 330:334 332:334 353:356 480:475 590:589 590:590 596:592 596:597 603:598 603:600 603:601 603:607 751:746 782:784"
"حسین (اعجاز/سکینہ کا بیٹا)","نسیمہ (شعیب کی بہن)",31,"314 316 318 329 330 331 332 352 353 391 482 554 558 565 569 570 572 573 589 590 597 600 720 748 752 753 754 783","313:316 316:316 317:316 317:319 330:328 330:329 330:330 332:330 332:332 353:351 353:353 391:391 480:484 556:552 556:560 568:563 568:571 569:571 573:571 573:573 590:589 590:590 596:598 603:598 719:721 751:746 751:753 753:753 754:753 754:754 782:785"
"حسین (اعجاز/سکینہ کا بیٹا)","نمائر (کیمپ کا قیدی ساتھی)",2,"480 574","480:481 573:576"
"حسین (اعجاز/سکینہ کا بیٹا)","وسیم بھائی (بدیع الزمان کا سالا/قرض خواہ)",13,"76 79 354 388 604 624 625 627 689 748 781","79:74 79:79 353:356 391:386 603:606 623:626 624:626 625:626 628:626 628:627 689:690 751:746 782:781"
"حسین (اعجاز/سکینہ کا بیٹا)","پروفیسر میر صاحب",5,"221 248 249 250","220:222 248:248 249:248 249:249 252:249"
"حسین (اعجاز/سکینہ کا بیٹا)","پھاتو مراثن (ڈھولکی)",1,"355","353:358"
"حسین (اعجاز/سکینہ کا بیٹا)","پیر حمید الدین بلال شاہ (مرشد بلال پور شریف)",2,"755","753:757 754:757"
"حسین (اعجاز/سکینہ کا بیٹا)","چاچا احمد خان راٹھور",73,"77 102 103 199 200 201 202 203 204 205 206 207 208 209 210 211 212 218 219 220 231 245 246 247 248 249 250 251 252 272 300 301 314 316 317 354 431 441 493 557 567 569 571 573 589 598 602 603 621 630 691 721 733 752 753 754 782","79:76 103:102 103:103 202:197 202:198 202:199 202:200 202:202 203:202 203:203 205:203 205:204 205:205 206:205 206:206 207:206 207:207 208:207 208:208 209:208 209:209 210:209 210:210 211:210 211:212 212:212 220:216 220:217 220:218 220:220 231:231 248:243 248:244 248:245 248:246 248:248 249:248 249:249 252:249 252:250 252:252 270:275 301:300 301:301 313:316 316:316 317:316 317:317 353:356 431:432 440:443 494:493 556:559 568:566 568:567 568:570 569:570 573:570 573:573 590:588 596:601 603:601 603:602 603:603 623:619 628:633 689:694 719:723 733:734 751:754 753:754 754:754 782:782"
"حسین (اعجاز/سکینہ کا بیٹا)","چوہدری اظہر (ایس ایچ او نور پور)",9,"301 351 567 587 597 601 604 755 756","301:302 353:350 568:567 590:585 596:599 603:599 603:606 753:758 754:758"
"حسین (اعجاز/سکینہ کا بیٹا)","چوہدری اللہ داد خان",1,"254","252:257"
"حسین (اعجاز/سکینہ کا بیٹا)","ڈاکٹر (کریم بخش کا بیٹا)",27,"214 218 555 623 630 639 642 643 644 645 646 647 648 649 650 651 652 678 679 686 687","212:217 220:217 556:555 623:623 624:623 628:632 641:637 641:644 642:644 645:644 645:645 646:645 646:646 647:646 647:647 648:647 648:648 649:648 649:649 651:649 651:652 652:652 653:652 676:681 678:681 689:684 689:685"
"حسین (اعجاز/سکینہ کا بیٹا)","ڈاکٹر احسان الحق (پُل کھنگر)",11,"643 645 646 647 648 649 650","641:645 642:645 645:645 646:645 646:647 647:647 648:647 648:648 649:648 649:649 651:649"
"حسین (اعجاز/سکینہ کا بیٹا)","ڈاکٹر خدابخش کھوکھر (چیف کیمسٹ)",14,"651 652 653 654 655 656 657 658 672 673 674","649:654 651:654 652:654 653:654 654:654 656:654 656:655 656:656 657:656 657:657 659:657 671:674 673:674 675:674"
"حسین (اعجاز/سکینہ کا بیٹا)","کامران خان (جواں سال کیمسٹ)",20,"647 648 649 650 651 652 658 659 660 668 669 671 672 673 674","645:649 646:649 647:649 648:649 649:649 651:649 651:652 652:652 653:652 656:660 657:660 659:660 660:660 661:660 666:671 668:671 671:671 673:671 673:674 675:674"
"حسین (اعجاز/سکینہ کا بیٹا)","کریم راٹھور",17,"623 624 665 666 667 668 669 672 673 674 676 677 678 719 782","623:624 624:624 625:624 663:668 664:668 665:668 666:668 668:668 671:668 671:674 673:674 675:674 675:678 676:678 678:678 719:719 782:782"
"حسین (اعجاز/سکینہ کا بیٹا)","کنیز",12,"103 200 201 213 214 218 477 478 587 689","103:103 202:199 202:200 211:216 212:216 220:216 220:217 480:475 480:476 480:477 590:585 689:689"
"حسین (اعجاز/سکینہ کا بیٹا)","کیپٹن اسرار",2,"354 558","353:356 556:560"
"حسین (اعجاز/سکینہ کا بیٹا)","کیپٹن جمال",5,"589 591 594 596 600","590:589 590:592 596:592 596:597 603:598"
"حسین (اعجاز/سکینہ کا بیٹا)","کیپٹن دلاور",6,"312 318 319 330 331 332","313:312 316:321 317:321 330:331 332:331 332:333"
"حسین (اعجاز/سکینہ کا بیٹا)","کیڈٹ مجید اللہ",3,"299 300","301:297 301:298 301:299"
"حسین (اعجاز/سکینہ کا بیٹا)","کیڈٹ نواز کھوکھر",1,"780","782:778"
"حسین (اعجاز/سکینہ کا بیٹا)","گل افروز خان",3,"351 352 353","353:350 353:351 353:353"
"حسین (اعجاز/سکینہ کا بیٹا)","یعقوب اعوان",20,"76 77 78 79 102 232 302 313 314 430 431 493 494 571 573 721 781 784","79:74 79:75 79:76 79:77 79:78 79:79 103:101 231:234 301:303 313:313 316:313 431:430 431:432 494:493 494:494 569:574 573:574 719:723 782:780 782:787"
"حوالدار ستونت سنگھ","رنگیلی (یعقوب کی گھوڑی)",2,"779","778:780 779:780"
"حوالدار ستونت سنگھ","سائیں جلا",3,"759 780","762:757 778:782 779:782"
"حوالدار ستونت سنگھ","سردار فلمبند خان",3,"761 776","762:760 778:774 778:775"
"حوالدار ستونت سنگھ","سکینہ (اعجاز کی بیوی)",2,"780","778:782 779:782"
"حوالدار ستونت سنگھ","شعیب",2,"760","762:758 762:759"
"حوالدار ستونت سنگھ","عباس (چاچا احمد کا بیٹا)",2,"780","778:782 779:782"
"حوالدار ستونت سنگھ","قائد (پارٹی بانی لیڈر)",2,"760 776","762:758 778:774"
"حوالدار ستونت سنگھ","لیفٹیننٹ کرنل اسلام الدین",5,"775 776 778","778:773 778:774 778:775 778:778 779:778"
"حوالدار ستونت سنگھ","میجر ست پال ٹھاکر (کیمپ افسرِ دشمن)",2,"778 779","778:779 779:779"
"حوالدار ستونت سنگھ","میجر/کیپٹن سرفراز اعوان",13,"760 761 762 775 776 777 778 779","762:758 762:759 762:760 762:761 762:762 778:773 778:774 778:775 778:776 778:777 778:778 779:778 779:779"
"حوالدار ستونت سنگھ","نامعلوم مزدور عورت (ملک حمید/لطیف کا تعلق)",1,"781","779:784"
"حوالدار ستونت سنگھ","نسرین",1,"781","779:784"
"حوالدار ستونت سنگھ","وسیم بھائی (بدیع الزمان کا سالا/قرض خواہ)",2,"779 780","778:781 779:781"
"حوالدار ستونت سنگھ","پیر حمید الدین بلال شاہ (مرشد بلال پور شریف)",1,"759","762:757"
"حوالدار ستونت سنگھ","چاچا احمد خان راٹھور",3,"759 780","762:757 778:782 779:782"
"حوالدار ستونت سنگھ","چوہدری اظہر (ایس ایچ او نور پور)",1,"760","762:758"
"حوالدار ستونت سنگھ","ڈاکٹر (کریم بخش کا بیٹا)",1,"764","762:767"
"حوالدار ستونت سنگھ","کریم راٹھور",2,"780","778:782 779:782"
"حوالدار ستونت سنگھ","کیپٹن اسرار",1,"775","778:773"
"حوالدار ستونت سنگھ","کیڈٹ نواز کھوکھر",2,"778","778:778 779:778"
"حوالدار ستونت سنگھ","یعقوب اعوان",2,"779","778:780 779:780"
"خدابخش ارائیں","رحمت چوہان",1,"259","262:257"
"خدابخش ارائیں","سکینہ (اعجاز کی بیوی)",1,"263","262:264"
"خدابخش ارائیں","قائد (پارٹی بانی لیڈر)",1,"263","262:264"
"خدابخش ارائیں","ماسی (سرفراز کی پرورش کرنے والی)",2,"259 260","262:257 262:258"
"خدابخش ارائیں","ماسی مریم",2,"259 260","262:257 262:258"
"خدابخش ارائیں","ملک جہانگیر اعوان (ایم ایل اے)",1,"263","262:264"
"خدابخش ارائیں","ملک حمید",1,"264","262:266"
"خدابخش ارائیں","منشی کریم شاہ",1,"263","262:264"
"خدابخش ارائیں","میجر/کیپٹن سرفراز اعوان",1,"263","262:264"
"خدابخش ارائیں","چاچا احمد خان راٹھور",1,"262","262:262"
"خدابخش ارائیں","چوہدری اللہ داد خان",1,"259","262:257"
"خدابخش ارائیں","کریم راٹھور",1,"263","262:264"
"خدابخش ارائیں","کو چوہا (چوکیدار/کھیت میں سونے والا)",1,"260","262:258"
"خدابخش ارائیں","گل افروز خان",2,"261 262","262:261 262:262"
"خواجہ معراج الدین","ذوالقرنین نقوی",5,"639 641 642 661","638:641 642:641 642:642 643:642 664:659"
"خواجہ معراج الدین","رحمت چوہان",2,"530 535","529:531 537:533"
"خواجہ معراج الدین","ریاض (سرفراز کا ڈرائیور)",1,"620","623:618"
"خواجہ معراج الدین","سراج گجر",3,"666 669","664:669 669:669 670:669"
"خواجہ معراج الدین","سردار فلمبند خان",1,"620","623:618"
"خواجہ معراج الدین","سلطان (پی۔او۔ڈبلیو ساتھی/دوست)",2,"559 560","558:561 559:561"
"خواجہ معراج الدین","سلیم",22,"622 635 636 638 640 663 664 666 667 669 670 675 677 680 681 682 728","623:621 623:622 635:635 638:635 638:638 642:638 642:639 664:662 664:663 664:664 669:664 669:665 669:669 670:669 670:670 677:674 677:678 682:678 682:679 682:681 682:682 726:731"
"خواجہ معراج الدین","سکینہ (اعجاز کی بیوی)",15,"538 557 558 621 630 633 683 711 713 724 725","537:540 558:556 558:557 558:558 559:558 623:619 629:631 635:631 682:685 712:711 712:715 726:722 726:723 726:724 726:725"
"خواجہ معراج الدین","شعیب",2,"559 560","558:561 559:561"
"خواجہ معراج الدین","شمس (بدیع الزمان کا اسسٹنٹ)",7,"528 536 537 557 558 709","529:528 537:535 537:537 558:556 558:558 559:558 712:707"
"خواجہ معراج الدین","شیشے والا سالا (بدیع الزمان کا دوسرا قرض خواہ)",1,"539","537:541"
"خواجہ معراج الدین","طارق (ورکس منیجر)",3,"526 527 528","529:524 529:525 529:527"
"خواجہ معراج الدین","عامر محمود (چیف کیمسٹ)",7,"538 637 639 641 671 672 675","537:539 635:640 638:640 642:640 669:674 670:674 677:674"
"خواجہ معراج الدین","عباس (چاچا احمد کا بیٹا)",4,"620 724 725","623:618 726:722 726:723 726:724"
"خواجہ معراج الدین","فرخ غوری",2,"711 728","712:710 726:731"
"خواجہ معراج الدین","قائد (پارٹی بانی لیڈر)",37,"526 527 528 536 538 558 559 623 627 628 629 635 636 638 640 642 643 661 664 666 669 670 676 677 679 680 681 682 726","529:524 529:525 529:526 529:527 529:528 537:535 537:536 537:539 558:558 559:558 559:559 623:623 629:626 629:627 629:628 629:629 635:635 638:635 638:638 642:638 642:642 643:642 643:643 664:659 664:664 669:664 669:669 670:669 670:671 677:675 677:677 682:677 682:678 682:679 682:681 682:682 726:726"
"خواجہ معراج الدین","لیفٹیننٹ کرنل اسلام الدین",1,"620","623:618"
"خواجہ معراج الدین","ماسی (سرفراز کی پرورش کرنے والی)",4,"630 633 634","629:631 635:631 635:633 635:634"
"خواجہ معراج الدین","ماسی مریم",4,"630 633 634","629:631 635:631 635:633 635:634"
"خواجہ معراج الدین","معین الدین شاہ",6,"623 626 627 628","623:624 629:624 629:625 629:626 629:627 629:628"
"خواجہ معراج الدین","ملک جہانگیر اعوان (ایم ایل اے)",8,"561 621 631 634 643 644 672 676","559:564 623:619 629:633 635:633 642:645 643:645 670:675 677:675"
"خواجہ معراج الدین","میاں انتظار حسین (ایڈووکیٹ ہائی کورٹ)",35,"556 557 558 559 622 623 626 627 628 630 633 635 636 638 640 641 642 644 662 663 664 666 667 668 671 675 677 680 683 728","558:554 558:556 558:559 559:559 623:621 623:622 623:624 629:624 629:625 629:628 629:632 635:632 635:635 638:635 638:639 642:639 642:641 642:642 643:642 643:645 664:660 664:661 664:663 664:664 669:664 669:666 669:667 669:668 669:673 670:673 677:673 677:678 682:678 682:685 726:731"
"خواجہ معراج الدین","میجر قدیر (ازمیر مل کا ایڈمن افسر)",2,"526 538","529:524 537:539"
"خواجہ معراج الدین","میجر/کیپٹن سرفراز اعوان",8,"559 620 723 724 725","558:560 559:560 623:618 726:721 726:722 726:723 726:724 726:725"
"خواجہ معراج الدین","نامعلوم مزدور عورت (ملک حمید/لطیف کا تعلق)",7,"538 558 559 679 682 724","537:540 558:558 559:558 559:560 677:682 682:682 726:723"
"خواجہ معراج الدین","نانبائی (او جھری والا)",2,"677 680","677:678 682:678"
"خواجہ معراج الدین","نسیمہ (شعیب کی بہن)",5,"559 723 724 725","558:560 559:560 726:721 726:722 726:724"
"خواجہ معراج الدین","وسیم بھائی (بدیع الزمان کا سالا/قرض خواہ)",5,"529 624 627 628 711","529:530 623:626 629:626 629:627 712:711"
"خواجہ معراج الدین","چاچا احمد خان راٹھور",8,"558 559 621 631 634 724 725","558:559 559:559 623:619 629:633 635:633 635:634 726:723 726:724"
"خواجہ معراج الدین","ڈاکٹر (کریم بخش کا بیٹا)",16,"527 528 530 535 556 623 630 633 636 637 643 679 681 682","529:526 529:527 529:531 537:533 537:534 558:555 623:623 629:632 635:632 635:637 638:637 642:644 643:644 677:681 682:681 682:682"
"خواجہ معراج الدین","ڈاکٹر احسان الحق (پُل کھنگر)",4,"530 535 643 644","529:531 537:534 642:645 643:645"
"خواجہ معراج الدین","ڈاکٹر خدابخش کھوکھر (چیف کیمسٹ)",4,"538 671 672 675","537:539 669:674 670:674 677:674"
"خواجہ معراج الدین","کامران خان (جواں سال کیمسٹ)",4,"662 670 675","664:660 669:671 670:671 677:674"
"خواجہ معراج الدین","کریم راٹھور",14,"526 527 528 538 623 626 666 668 671 672 675 677 680","529:524 529:525 529:527 529:528 537:539 623:624 629:624 664:668 669:668 669:674 670:674 677:674 677:678 682:678"
"خواجہ معراج الدین","کنیز",1,"538","537:540"
"خواجہ معراج الدین","کیپٹن اسرار",3,"559 726","558:560 559:560 726:726"
"خواجہ معراج الدین","یعقوب اعوان",1,"724","726:723"
"خوشی محمد تیلی","داؤد (خوشی محمد کا بھائی)",1,"279","279:279"
"خوشی محمد تیلی","رحمت چوہان",1,"278","279:278"
"خوشی محمد تیلی","سکینہ (اعجاز کی بیوی)",4,"277 278","279:275 279:276 279:277 279:278"
"خوشی محمد تیلی","سینئر انڈر آفیسر صبغت اللہ",1,"280","279:281"
"خوشی محمد تیلی","طارق (ورکس منیجر)",1,"279","279:280"
"خوشی محمد تیلی","ملک جہانگیر اعوان (ایم ایل اے)",2,"277","279:275 279:276"
"خوشی محمد تیلی","ملک حمید",1,"277","279:275"
"خوشی محمد تیلی","ملک رشید (ملک حمید کا بھائی)",2,"277","279:275 279:276"
"خوشی محمد تیلی","میجر/کیپٹن سرفراز اعوان",3,"276 278 279","279:274 279:277 279:279"
"خوشی محمد تیلی","وسیم بھائی (بدیع الزمان کا سالا/قرض خواہ)",1,"279","279:279"
"خوشی محمد تیلی","چاچا احمد خان راٹھور",5,"277 278 279","279:275 279:276 279:277 279:278 279:279"
"خوشی محمد تیلی","کیپٹن اسد اللہ",1,"281","279:284"
"خوشی محمد تیلی","کیپٹن جمال",1,"280","279:282"
"خوشی محمد تیلی","گل افروز خان",1,"279","279:279"
"خوشی محمد تیلی","یعقوب اعوان",1,"278","279:277"
"داؤد (خوشی محمد کا بھائی)","رحمت چوہان",1,"278","279:278"
"داؤد (خوشی محمد کا بھائی)","سکینہ (اعجاز کی بیوی)",4,"277 278","279:275 279:276 279:277 279:278"
"داؤد (خوشی محمد کا بھائی)","سینئر انڈر آفیسر صبغت اللہ",1,"280","279:281"
"داؤد (خوشی محمد کا بھائی)","طارق (ورکس منیجر)",1,"279","279:280"
"داؤد (خوشی محمد کا بھائی)","ملک جہانگیر اعوان (ایم ایل اے)",2,"277","279:275 279:276"
"داؤد (خوشی محمد کا بھائی)","ملک حمید",1,"277","279:275"
"داؤد (خوشی محمد کا بھائی)","ملک رشید (ملک حمید کا بھائی)",2,"277","279:275 279:276"
"داؤد (خوشی محمد کا بھائی)","میجر/کیپٹن سرفراز اعوان",3,"276 278 279","279:274 279:277 279:279"
"داؤد (خوشی محمد کا بھائی)","وسیم بھائی (بدیع الزمان کا سالا/قرض خواہ)",1,"279","279:279"
"داؤد (خوشی محمد کا بھائی)","چاچا احمد خان راٹھور",5,"277 278 279","279:275 279:276 279:277 279:278 279:279"
"داؤد (خوشی محمد کا بھائی)","کیپٹن اسد اللہ",1,"281","279:284"
"داؤد (خوشی محمد کا بھائی)","کیپٹن جمال",1,"280","279:282"
"داؤد (خوشی محمد کا بھائی)","گل افروز خان",1,"279","279:279"
"داؤد (خوشی محمد کا بھائی)","یعقوب اعوان",1,"278","279:277"
"دتا کمہار","رحمت چوہان",1,"506","505:507"
"دتا کمہار","رنگیلی (یعقوب کی گھوڑی)",1,"502","505:500"
"دتا کمہار","سراج گجر",1,"507","505:510"
"دتا کمہار","سلطان (پی۔او۔ڈبلیو ساتھی/دوست)",1,"502","505:500"
"دتا کمہار","سکینہ (اعجاز کی بیوی)",2,"504 597","505:504 598:597"
"دتا کمہار","شعیب",1,"598","598:598"
"دتا کمہار","عباس (چاچا احمد کا بیٹا)",1,"599","598:601"
"دتا کمہار","عمران (ہوسٹل ساتھی)",1,"507","505:510"
"دتا کمہار","قائد (پارٹی بانی لیڈر)",3,"506 595 597","505:507 598:593 598:597"
"دتا کمہار","لیفٹیننٹ کرنل اسلام الدین",1,"599","598:600"
"دتا کمہار","ملک جہانگیر اعوان (ایم ایل اے)",5,"506 595 596 597","505:507 598:593 598:595 598:596 598:597"
"دتا کمہار","ملک حمید",1,"598","598:599"
"دتا کمہار","ملک لطیف",1,"598","598:599"
"دتا کمہار","منظور (اعجاز کا ورکر)",1,"504","505:504"
"دتا کمہار","میجر/کیپٹن سرفراز اعوان",7,"506 595 596 597 598","505:508 598:593 598:594 598:595 598:596 598:597 598:598"
"دتا کمہار","نامعلوم مزدور عورت (ملک حمید/لطیف کا تعلق)",2,"506 598","505:507 598:598"
"دتا کمہار","نسرین",2,"597 598","598:597 598:598"
"دتا کمہار","نسیمہ (شعیب کی بہن)",1,"598","598:598"
"دتا کمہار","چاچا احمد خان راٹھور",1,"599","598:601"
"دتا کمہار","چوہدری اظہر (ایس ایچ او نور پور)",1,"598","598:599"
"دتا کمہار","ڈاکٹر (کریم بخش کا بیٹا)",3,"503 506","505:501 505:502 505:507"
"دتا کمہار","ڈاکٹر احسان الحق (پُل کھنگر)",1,"507","505:510"
"دتا کمہار","کیپٹن جمال",2,"597 598","598:597 598:598"
"دتا کمہار","ہکیم حاذق",1,"505","505:505"
"دتو میراثی","رحمت چوہان",5,"102 116 117 118","102:102 117:115 117:117 118:117 118:118"
"دتو میراثی","سائیں جلا",2,"117 118","117:118 118:118"
"دتو میراثی","ساجا",2,"117 118","117:118 118:118"
"دتو میراثی","سکینہ (اعجاز کی بیوی)",9,"25 102 105 106 107 115 117 118 146","28:23 102:102 108:103 108:105 108:106 117:114 117:118 118:118 149:144"
"دتو میراثی","سیف اللہ (چکی والا)",2,"116","117:115 117:116"
"دتو میراثی","شبیرا",2,"117 118","117:118 118:118"
"دتو میراثی","عباس (چاچا احمد کا بیٹا)",10,"101 117 118 603 604 605 606","102:101 117:117 118:117 118:119 606:601 606:602 606:603 606:604 606:605 606:607"
"دتو میراثی","قائد (پارٹی بانی لیڈر)",8,"102 105 108 115 119 120 147 607","102:103 108:103 108:109 117:113 117:122 118:122 149:145 606:608"
"دتو میراثی","لیفٹیننٹ کرنل اسلام الدین",1,"608","606:611"
"دتو میراثی","ماسی (سرفراز کی پرورش کرنے والی)",5,"25 26 102 117 118","28:23 28:24 102:102 117:118 118:118"
"دتو میراثی","ماسی مریم",5,"25 26 102 117 118","28:23 28:24 102:102 117:118 118:118"
"دتو میراثی","ملک جہانگیر اعوان (ایم ایل اے)",8,"108 146 147 148 149 607","108:109 149:144 149:145 149:146 149:147 149:148 149:149 606:608"
"دتو میراثی","ملک حمید",2,"148","149:147 149:148"
"دتو میراثی","ملک رشید (ملک حمید کا بھائی)",1,"150","149:151"
"دتو میراثی","مولوی فقیر الدین",5,"102 105 117 118","102:102 108:103 117:117 118:117 118:118"
"دتو میراثی","میجر/کیپٹن سرفراز اعوان",17,"25 26 30 100 101 102 105 110 115 116 117 118 603 604 608","28:23 28:24 28:33 102:99 102:100 102:101 102:102 108:103 108:113 117:113 117:116 117:117 118:117 118:119 606:601 606:602 606:611"
"دتو میراثی","نامعلوم مزدور عورت (ملک حمید/لطیف کا تعلق)",10,"101 102 107 108 115 116 118 119 148 151","102:100 102:102 108:106 108:109 117:113 117:115 117:120 118:120 149:148 149:154"
"دتو میراثی","نسرین",5,"28 116 603 606","28:28 117:115 117:116 606:601 606:607"
"دتو میراثی","وسیم بھائی (بدیع الزمان کا سالا/قرض خواہ)",4,"27 28 108 606","28:26 28:28 108:109 606:606"
"دتو میراثی","چاچا احمد خان راٹھور",21,"25 102 105 106 107 116 117 118 147 148 149 603 604 605 606","28:23 102:102 108:103 108:105 108:106 108:107 117:115 117:116 117:117 118:117 118:118 149:146 149:147 149:148 149:149 606:601 606:602 606:603 606:604 606:605 606:607"
"دتو میراثی","چوہدری اظہر (ایس ایچ او نور پور)",4,"110 114 150 606","108:112 117:112 149:151 606:606"
"دتو میراثی","ڈاکٹر (کریم بخش کا بیٹا)",2,"108 114","108:109 117:112"
"دتو میراثی","کلونت کور",2,"27 28","28:27 28:28"
"دتو میراثی","کنیز",8,"102 105 108 114 118 119 148 150","102:103 108:103 108:109 117:112 117:120 118:120 149:148 149:151"
"دتو میراثی","یعقوب اعوان",5,"26 27 28 101","28:24 28:26 28:27 28:28 102:101"
"ذوالقرنین نقوی","سلیم",8,"203 204 639 640 659 660","204:202 204:203 204:204 641:638 641:639 657:662 658:662 659:662"
"ذوالقرنین نقوی","سکینہ (اعجاز کی بیوی)",1,"202","204:200"
"ذوالقرنین نقوی","عامر محمود (چیف کیمسٹ)",7,"640 655 656 657","641:640 657:653 657:654 657:655 657:656 657:657 658:657"
"ذوالقرنین نقوی","عمران (ہوسٹل ساتھی)",1,"204","204:205"
"ذوالقرنین نقوی","غلام حسین",3,"203 204","204:202 204:203 204:205"
"ذوالقرنین نقوی","قائد (پارٹی بانی لیڈر)",9,"639 641 642 654 655 657 658 659","641:638 641:642 642:642 657:652 657:654 657:658 658:658 659:658 659:659"
"ذوالقرنین نقوی","ملک جہانگیر اعوان (ایم ایل اے)",3,"201 643","204:199 641:645 642:645"
"ذوالقرنین نقوی","میاں انتظار حسین (ایڈووکیٹ ہائی کورٹ)",11,"640 641 642 654 655 657 659","641:639 641:641 642:641 642:642 657:652 657:653 657:654 657:657 658:657 658:660 659:660"
"ذوالقرنین نقوی","میجر/کیپٹن سرفراز اعوان",2,"203 204","204:202 204:204"
"ذوالقرنین نقوی","نانبائی (او جھری والا)",1,"204","204:205"
"ذوالقرنین نقوی","چاچا احمد خان راٹھور",5,"201 202 203 204","204:199 204:200 204:202 204:203 204:204"
"ذوالقرنین نقوی","ڈاکٹر (کریم بخش کا بیٹا)",4,"639 642 643 654","641:637 641:644 642:644 657:652"
"ذوالقرنین نقوی","ڈاکٹر احسان الحق (پُل کھنگر)",2,"643","641:645 642:645"
"ذوالقرنین نقوی","ڈاکٹر خدابخش کھوکھر (چیف کیمسٹ)",5,"655 656 657","657:654 657:655 657:656 657:657 658:657"
"ذوالقرنین نقوی","کامران خان (جواں سال کیمسٹ)",4,"654 658 659","657:652 657:660 658:660 659:660"
"ذوالقرنین نقوی","کنیز",2,"201 202","204:199 204:200"
"رابعہ","رضیہ",1,"358","358:358"
"رابعہ","ریاض (سرفراز کا ڈرائیور)",1,"132","133:131"
"رابعہ","سراج گجر",1,"359","358:361"
"رابعہ","سرداراں دائی",1,"359","358:361"
"رابعہ","سکینہ (اعجاز کی بیوی)",4,"132 133 357 358","133:131 133:133 358:357 358:358"
"رابعہ","شعیب",3,"357 358","358:356 358:357 358:358"
"رابعہ","عباس (چاچا احمد کا بیٹا)",1,"357","358:357"
"رابعہ","قائد (پارٹی بانی لیڈر)",5,"131 132 135 355 359","133:130 133:132 133:138 358:353 358:361"
"رابعہ","لیفٹیننٹ کرنل اسلام الدین",2,"131 134","133:130 133:136"
"رابعہ","ماسی (سرفراز کی پرورش کرنے والی)",2,"132 133","133:131 133:133"
"رابعہ","ماسی مریم",2,"132 133","133:131 133:133"
"رابعہ","ملک جہانگیر اعوان (ایم ایل اے)",1,"359","358:361"
"رابعہ","ملک رشید (ملک حمید کا بھائی)",1,"134","133:135"
"رابعہ","میجر/کیپٹن سرفراز اعوان",7,"132 355 356 357 358","133:131 358:353 358:354 358:355 358:356 358:357 358:358"
"رابعہ","نامعلوم مزدور عورت (ملک حمید/لطیف کا تعلق)",4,"130 131 133 356","133:128 133:130 133:134 358:354"
"رابعہ","نسرین",2,"357","358:356 358:357"
"رابعہ","نسیمہ (شعیب کی بہن)",6,"355 356 357 358","358:353 358:354 358:355 358:356 358:357 358:358"
"رابعہ","وسیم بھائی (بدیع الزمان کا سالا/قرض خواہ)",2,"134 357","133:136 358:356"
"رابعہ","پھاتو مراثن (ڈھولکی)",1,"358","358:358"
"رابعہ","چاچا احمد خان راٹھور",6,"130 132 133 357 358","133:128 133:131 133:133 358:356 358:357 358:358"
"رابعہ","چوہدری اظہر (ایس ایچ او نور پور)",1,"134","133:136"
"رابعہ","ڈاکٹر (کریم بخش کا بیٹا)",1,"132","133:131"
"رابعہ","کنیز",3,"131 132 133","133:130 133:132 133:133"
"رابعہ","کیپٹن اسرار",1,"357","358:356"
"رابعہ","گل افروز خان",2,"355 359","358:353 358:360"
"رحمت چوہان","سائیں جلا",8,"116 117 118 168 169 170 171","115:118 117:118 118:118 171:166 171:167 171:168 171:169 171:171"
"رحمت چوہان","ساجا",3,"116 117 118","115:118 117:118 118:118"
"رحمت چوہان","سراج گجر",1,"508","507:510"
"رحمت چوہان","سردار فلمبند خان",1,"169","171:167"
"رحمت چوہان","سلطان (پی۔او۔ڈبلیو ساتھی/دوست)",1,"509","507:511"
"رحمت چوہان","سکینہ (اعجاز کی بیوی)",11,"102 114 116 117 118 171 276 277 278 505","102:102 115:114 115:118 117:118 118:118 171:171 278:275 278:276 278:277 278:278 507:504"
"رحمت چوہان","سیف اللہ (چکی والا)",3,"115 116","115:115 117:115 117:116"
"رحمت چوہان","سینئر انڈر آفیسر صبغت اللہ",1,"279","278:281"
"رحمت چوہان","شبیرا",3,"116 117 118","115:118 117:118 118:118"
"رحمت چوہان","شمس (بدیع الزمان کا اسسٹنٹ)",3,"529 533 534","531:528 531:535 533:535"
"رحمت چوہان","طارق (ورکس منیجر)",2,"279 529","278:280 531:527"
"رحمت چوہان","عباس (چاچا احمد کا بیٹا)",10,"101 116 117 118 168 169 170 171 256","102:101 115:117 117:117 118:117 118:119 171:166 171:168 171:169 171:172 257:255"
"رحمت چوہان","عمران (ہوسٹل ساتھی)",1,"508","507:510"
"رحمت چوہان","غلام حسین",1,"254","257:252"
"رحمت چوہان","قائد (پارٹی بانی لیڈر)",10,"102 114 119 120 507 528 529 533 534","102:103 115:113 117:122 118:122 507:507 531:526 531:527 531:528 531:535 533:535"
"رحمت چوہان","ماسی (سرفراز کی پرورش کرنے والی)",6,"102 116 117 118 172 257","102:102 115:118 117:118 118:118 171:173 257:257"
"رحمت چوہان","ماسی مریم",6,"102 116 117 118 171 257","102:102 115:118 117:118 118:118 171:171 257:257"
"رحمت چوہان","ملک جہانگیر اعوان (ایم ایل اے)",4,"256 276 277 507","257:255 278:275 278:276 507:507"
"رحمت چوہان","ملک حمید",1,"276","278:275"
"رحمت چوہان","ملک رشید (ملک حمید کا بھائی)",2,"276 277","278:275 278:276"
"رحمت چوہان","منشی کریم شاہ",1,"256","257:255"
"رحمت چوہان","منظور (اعجاز کا ورکر)",1,"505","507:504"
"رحمت چوہان","مولوی فقیر الدین",5,"102 116 117 118","102:102 115:117 117:117 118:117 118:118"
"رحمت چوہان","میجر/کیپٹن سرفراز اعوان",20,"100 101 102 114 115 116 117 118 168 169 170 171 254 275 276 277 278 507","102:99 102:100 102:101 102:102 115:113 115:116 117:116 117:117 118:117 118:119 171:166 171:168 171:169 171:171 257:252 278:273 278:274 278:277 278:279 507:508"
"رحمت چوہان","نامعلوم مزدور عورت (ملک حمید/لطیف کا تعلق)",10,"101 102 112 113 114 115 116 118 119 507","102:100 102:102 115:110 115:111 115:113 115:115 117:115 117:120 118:120 507:507"
"رحمت چوہان","نسرین",4,"115 116 170","115:115 117:115 117:116 171:169"
"رحمت چوہان","وسیم بھائی (بدیع الزمان کا سالا/قرض خواہ)",2,"278 530","278:279 531:530"
"رحمت چوہان","چاچا احمد خان راٹھور",20,"102 115 116 117 118 168 169 170 171 254 259 276 277 278 509","102:102 115:115 117:115 117:116 117:117 118:117 118:118 171:166 171:167 171:168 171:169 171:170 171:171 257:252 257:262 278:275 278:276 278:277 278:278 507:512"
"رحمت چوہان","چوہدری اظہر (ایس ایچ او نور پور)",1,"113","115:112"
"رحمت چوہان","چوہدری اللہ داد خان",1,"257","257:257"
"رحمت چوہان","ڈاکٹر (کریم بخش کا بیٹا)",8,"113 504 507 528 529 531 532 533","115:112 507:502 507:507 531:526 531:527 531:531 533:531 533:533"
"رحمت چوہان","ڈاکٹر احسان الحق (پُل کھنگر)",4,"508 531 532 533","507:510 531:531 533:531 533:534"
"رحمت چوہان","کریم راٹھور",3,"509 529","507:512 531:527 531:528"
"رحمت چوہان","کنیز",6,"102 112 113 117 118 119","102:103 115:110 115:112 115:120 117:120 118:120"
"رحمت چوہان","کو چوہا (چوکیدار/کھیت میں سونے والا)",1,"257","257:258"
"رحمت چوہان","کیپٹن جمال",1,"280","278:282"
"رحمت چوہان","گل افروز خان",2,"259 278","257:261 278:279"
"رحمت چوہان","ہکیم حاذق",3,"506 507","507:505 507:506 507:507"
"رحمت چوہان","یعقوب اعوان",2,"101 277","102:101 278:277"
"رضیہ","سراج گجر",1,"359","358:361"
"رضیہ","سرداراں دائی",1,"359","358:361"
"رضیہ","سکینہ (اعجاز کی بیوی)",2,"357 358","358:357 358:358"
"رضیہ","شعیب",3,"357 358","358:356 358:357 358:358"
"رضیہ","عباس (چاچا احمد کا بیٹا)",1,"357","358:357"
"رضیہ","قائد (پارٹی بانی لیڈر)",2,"355 359","358:353 358:361"
"رضیہ","ملک جہانگیر اعوان (ایم ایل اے)",1,"359","358:361"
"رضیہ","میجر/کیپٹن سرفراز اعوان",6,"355 356 357 358","358:353 358:354 358:355 358:356 358:357 358:358"
"رضیہ","نامعلوم مزدور عورت (ملک حمید/لطیف کا تعلق)",1,"356","358:354"
"رضیہ","نسرین",2,"357","358:356 358:357"
"رضیہ","نسیمہ (شعیب کی بہن)",6,"355 356 357 358","358:353 358:354 358:355 358:356 358:357 358:358"
"رضیہ","وسیم بھائی (بدیع الزمان کا سالا/قرض خواہ)",1,"357","358:356"
"رضیہ","پھاتو مراثن (ڈھولکی)",1,"358","358:358"
"رضیہ","چاچا احمد خان راٹھور",3,"357 358","358:356 358:357 358:358"
"رضیہ","کیپٹن اسرار",1,"357","358:356"
"رضیہ","گل افروز خان",2,"355 359","358:353 358:360"
"رنگیلی (یعقوب کی گھوڑی)","زور آور (گھوڑا)",1,"46","45:48"
"رنگیلی (یعقوب کی گھوڑی)","زینب (یعقوب کی بیوی)",3,"45 65 66","45:45 66:64 66:67"
"رنگیلی (یعقوب کی گھوڑی)","سائیں جلا",1,"781","780:782"
"رنگیلی (یعقوب کی گھوڑی)","سردار فلمبند خان",1,"777","780:775"
"رنگیلی (یعقوب کی گھوڑی)","سلطان (پی۔او۔ڈبلیو ساتھی/دوست)",1,"500","500:500"
"رنگیلی (یعقوب کی گھوڑی)","سندر سنگھ",1,"47","45:49"
"رنگیلی (یعقوب کی گھوڑی)","سکینہ (اعجاز کی بیوی)",3,"66 502 781","66:66 500:504 780:782"
"رنگیلی (یعقوب کی گھوڑی)","شیر بہادر اعوان",3,"65 68","66:64 66:65 66:70"
"رنگیلی (یعقوب کی گھوڑی)","عباس (چاچا احمد کا بیٹا)",1,"781","780:782"
"رنگیلی (یعقوب کی گھوڑی)","علی بہادر",1,"65","66:65"
"رنگیلی (یعقوب کی گھوڑی)","فلک شیر اعوان",2,"65 68","66:65 66:70"
"رنگیلی (یعقوب کی گھوڑی)","قائد (پارٹی بانی لیڈر)",3,"498 499","500:496 500:497 500:499"
"رنگیلی (یعقوب کی گھوڑی)","قمر الاسلام",1,"499","500:498"
"رنگیلی (یعقوب کی گھوڑی)","لیفٹیننٹ کرنل اسلام الدین",2,"777 779","780:775 780:778"
"رنگیلی (یعقوب کی گھوڑی)","ماسی (سرفراز کی پرورش کرنے والی)",1,"68","66:71"
"رنگیلی (یعقوب کی گھوڑی)","ماسی مریم",1,"68","66:71"
"رنگیلی (یعقوب کی گھوڑی)","مرزا عبد الرشید",1,"497","500:495"
"رنگیلی (یعقوب کی گھوڑی)","ملک جہانگیر اعوان (ایم ایل اے)",3,"42 498 499","45:40 500:497 500:499"
"رنگیلی (یعقوب کی گھوڑی)","منظور (اعجاز کا ورکر)",1,"502","500:504"
"رنگیلی (یعقوب کی گھوڑی)","میجر ست پال ٹھاکر (کیمپ افسرِ دشمن)",1,"779","780:779"
"رنگیلی (یعقوب کی گھوڑی)","میجر/کیپٹن سرفراز اعوان",9,"42 63 67 777 778 779 780","45:40 66:61 66:68 780:775 780:776 780:777 780:778 780:779 780:781"
"رنگیلی (یعقوب کی گھوڑی)","نامعلوم مزدور عورت (ملک حمید/لطیف کا تعلق)",2,"46 782","45:47 780:784"
"رنگیلی (یعقوب کی گھوڑی)","نسرین",3,"44 45 782","45:44 45:46 780:784"
"رنگیلی (یعقوب کی گھوڑی)","نسیمہ (شعیب کی بہن)",1,"782","780:785"
"رنگیلی (یعقوب کی گھوڑی)","نیلی (بھینس)",1,"46","45:48"
"رنگیلی (یعقوب کی گھوڑی)","وسیم بھائی (بدیع الزمان کا سالا/قرض خواہ)",2,"46 780","45:48 780:781"
"رنگیلی (یعقوب کی گھوڑی)","چاچا احمد خان راٹھور",4,"47 64 66 781","45:49 66:63 66:67 780:782"
"رنگیلی (یعقوب کی گھوڑی)","چنبیلی (گھوڑی)",2,"45 67","45:45 66:68"
"رنگیلی (یعقوب کی گھوڑی)","ڈاکٹر (کریم بخش کا بیٹا)",1,"500","500:501"
"رنگیلی (یعقوب کی گھوڑی)","کریم راٹھور",1,"781","780:782"
"رنگیلی (یعقوب کی گھوڑی)","کلونت کور",3,"43 44","45:41 45:42 45:43"
"رنگیلی (یعقوب کی گھوڑی)","کیڈٹ نواز کھوکھر",1,"779","780:778"
"رنگیلی (یعقوب کی گھوڑی)","ہکیم حاذق",1,"502","500:505"
"رنگیلی (یعقوب کی گھوڑی)","یعقوب اعوان",9,"43 44 45 64 65 66 780","45:41 45:43 45:44 45:45 66:63 66:64 66:65 66:66 780:780"
"ریاض (سرفراز کا ڈرائیور)","سراج گجر",1,"735","738:733"
"ریاض (سرفراز کا ڈرائیور)","سردار فلمبند خان",1,"618","618:618"
"ریاض (سرفراز کا ڈرائیور)","سلیم",1,"619","618:621"
"ریاض (سرفراز کا ڈرائیور)","سکینہ (اعجاز کی بیوی)",5,"131 450 452 618 739","131:131 450:451 454:451 618:619 738:740"
"ریاض (سرفراز کا ڈرائیور)","شعیب",1,"739","738:741"
"ریاض (سرفراز کا ڈرائیور)","شہلا رضوی",1,"737","738:737"
"ریاض (سرفراز کا ڈرائیور)","عباس (چاچا احمد کا بیٹا)",2,"617 618","618:617 618:618"
"ریاض (سرفراز کا ڈرائیور)","قائد (پارٹی بانی لیڈر)",12,"128 130 131 447 448 451 453 454 617 620 737","131:126 131:130 131:132 450:445 450:447 450:452 454:452 454:453 454:454 618:617 618:623 738:736"
"ریاض (سرفراز کا ڈرائیور)","لیفٹیننٹ کرنل اسلام الدین",5,"130 133 618 735 739","131:130 131:136 618:618 738:733 738:741"
"ریاض (سرفراز کا ڈرائیور)","ماسی (سرفراز کی پرورش کرنے والی)",1,"131","131:131"
"ریاض (سرفراز کا ڈرائیور)","ماسی مریم",1,"131","131:131"
"ریاض (سرفراز کا ڈرائیور)","ملک جہانگیر اعوان (ایم ایل اے)",2,"128 618","131:126 618:619"
"ریاض (سرفراز کا ڈرائیور)","ملک رشید (ملک حمید کا بھائی)",1,"133","131:135"
"ریاض (سرفراز کا ڈرائیور)","منظور (اعجاز کا ورکر)",8,"448 449 450 452 453 454","450:447 450:448 450:449 450:450 454:450 454:451 454:452 454:455"
"ریاض (سرفراز کا ڈرائیور)","میاں انتظار حسین (ایڈووکیٹ ہائی کورٹ)",1,"619","618:621"
"ریاض (سرفراز کا ڈرائیور)","میجر/کیپٹن سرفراز اعوان",11,"131 456 615 616 617 618 737 738","131:131 454:458 618:613 618:614 618:615 618:616 618:617 618:618 738:736 738:737 738:738"
"ریاض (سرفراز کا ڈرائیور)","نامعلوم مزدور عورت (ملک حمید/لطیف کا تعلق)",4,"128 129 130 132","131:126 131:128 131:130 131:134"
"ریاض (سرفراز کا ڈرائیور)","نسرین",6,"615 616 617 738","618:613 618:614 618:615 618:616 618:617 738:739"
"ریاض (سرفراز کا ڈرائیور)","نسیمہ (شعیب کی بہن)",1,"738","738:739"
"ریاض (سرفراز کا ڈرائیور)","وسیم بھائی (بدیع الزمان کا سالا/قرض خواہ)",1,"133","131:136"
"ریاض (سرفراز کا ڈرائیور)","چاچا احمد خان راٹھور",5,"129 131 618 736 738","131:128 131:131 618:619 738:734 738:739"
"ریاض (سرفراز کا ڈرائیور)","چوہدری اظہر (ایس ایچ او نور پور)",4,"133 450 452 453","131:136 450:450 454:450 454:453"
"ریاض (سرفراز کا ڈرائیور)","ڈاکٹر (کریم بخش کا بیٹا)",4,"131 452 454 620","131:131 450:455 454:455 618:623"
"ریاض (سرفراز کا ڈرائیور)","کنیز",2,"130 131","131:130 131:132"
"ریاض (سرفراز کا ڈرائیور)","کیپٹن جمال",2,"617","618:616 618:617"
"زور آور (گھوڑا)","زینب (یعقوب کی بیوی)",6,"46 47 48 49","48:45 48:46 48:47 48:48 49:48 49:50"
"زور آور (گھوڑا)","سائیں جلا",3,"784 785 787","786:782 786:785 786:788"
"زور آور (گھوڑا)","سلیم",5,"207 208 209","210:205 210:206 210:207 210:208 210:209"
"زور آور (گھوڑا)","سندر سنگھ",2,"48 49","48:49 49:49"
"زور آور (گھوڑا)","سکینہ (اعجاز کی بیوی)",4,"210 784 785","210:211 786:782 786:783 786:784"
"زور آور (گھوڑا)","عباس (چاچا احمد کا بیٹا)",4,"784 785 786","786:782 786:783 786:785 786:786"
"زور آور (گھوڑا)","عمران (ہوسٹل ساتھی)",1,"207","210:205"
"زور آور (گھوڑا)","غلام حسین",6,"207 208 209 210","210:205 210:206 210:207 210:208 210:209 210:210"
"زور آور (گھوڑا)","فضلے",2,"50","48:52 49:52"
"زور آور (گھوڑا)","قائد (پارٹی بانی لیڈر)",2,"211 788","210:212 786:791"
"زور آور (گھوڑا)","ملک حمید",1,"788","786:791"
"زور آور (گھوڑا)","ملک لطیف",1,"788","786:791"
"زور آور (گھوڑا)","میجر/کیپٹن سرفراز اعوان",11,"207 208 209 210 783 784 785 786","210:205 210:207 210:208 210:209 210:211 786:781 786:782 786:783 786:784 786:785 786:786"
"زور آور (گھوڑا)","نامعلوم مزدور عورت (ملک حمید/لطیف کا تعلق)",7,"47 49 50 210 785 786","48:47 48:51 49:51 210:211 786:784 786:785 786:786"
"زور آور (گھوڑا)","نانبائی (او جھری والا)",5,"207 208 209","210:205 210:206 210:207 210:208 210:209"
"زور آور (گھوڑا)","نسرین",7,"46 47 49 50 785 786","48:44 48:46 48:51 49:51 786:784 786:785 786:786"
"زور آور (گھوڑا)","نسیمہ (شعیب کی بہن)",1,"785","786:785"
"زور آور (گھوڑا)","نیلی (بھینس)",2,"48","48:48 49:48"
"زور آور (گھوڑا)","وسیم بھائی (بدیع الزمان کا سالا/قرض خواہ)",3,"48 783","48:48 49:48 786:781"
"زور آور (گھوڑا)","پیر حمید الدین بلال شاہ (مرشد بلال پور شریف)",1,"788","786:791"
"زور آور (گھوڑا)","چاچا احمد خان راٹھور",11,"48 49 207 208 209 210 784 785 786","48:49 49:49 210:205 210:206 210:207 210:208 210:209 210:210 786:782 786:785 786:787"
"زور آور (گھوڑا)","چنبیلی (گھوڑی)",3,"46 48","48:45 48:48 49:48"
"زور آور (گھوڑا)","ڈاکٹر (کریم بخش کا بیٹا)",2,"50","48:52 49:52"
"زور آور (گھوڑا)","کریم راٹھور",2,"784 786","786:782 786:786"
"زور آور (گھوڑا)","کلونت کور",3,"45 50 51","48:43 48:53 49:53"
"زور آور (گھوڑا)","یعقوب اعوان",9,"45 46 47 48 49 786","48:43 48:44 48:45 48:46 48:47 48:48 49:48 49:49 786:787"
"زیدی صاحب (چیف ایڈیٹر طلوع)","سلیم",3,"689 700 703","688:690 701:699 701:706"
"زیدی صاحب (چیف ایڈیٹر طلوع)","سکینہ (اعجاز کی بیوی)",6,"686 687 689 700 701","688:685 688:686 688:687 688:691 701:700 701:702"
"زیدی صاحب (چیف ایڈیٹر طلوع)","شمس (بدیع الزمان کا اسسٹنٹ)",1,"703","701:705"
"زیدی صاحب (چیف ایڈیٹر طلوع)","قائد (پارٹی بانی لیڈر)",5,"686 688 699 700 701","688:684 688:688 701:698 701:699 701:701"
"زیدی صاحب (چیف ایڈیٹر طلوع)","محمد یاسین (طلوع کا رپورٹر/ساتھی)",1,"703","701:706"
"زیدی صاحب (چیف ایڈیٹر طلوع)","منظور (اعجاز کا ورکر)",1,"688","688:689"
"زیدی صاحب (چیف ایڈیٹر طلوع)","میاں انتظار حسین (ایڈووکیٹ ہائی کورٹ)",1,"686","688:685"
"زیدی صاحب (چیف ایڈیٹر طلوع)","میجر/کیپٹن سرفراز اعوان",1,"689","688:691"
"زیدی صاحب (چیف ایڈیٹر طلوع)","نامعلوم مزدور عورت (ملک حمید/لطیف کا تعلق)",2,"699 700","701:697 701:699"
"زیدی صاحب (چیف ایڈیٹر طلوع)","نیلی (بھینس)",1,"702","701:703"
"زیدی صاحب (چیف ایڈیٹر طلوع)","وسیم بھائی (بدیع الزمان کا سالا/قرض خواہ)",1,"689","688:690"
"زیدی صاحب (چیف ایڈیٹر طلوع)","چاچا احمد خان راٹھور",2,"700 703","701:700 701:706"
"زیدی صاحب (چیف ایڈیٹر طلوع)","ڈاکٹر (کریم بخش کا بیٹا)",7,"685 686 698 699 700","688:683 688:684 688:685 701:696 701:697 701:698 701:699"
"زیدی صاحب (چیف ایڈیٹر طلوع)","ڈاکٹر سعد اللہ خان (کنسلٹنٹ کارڈیالوجسٹ)",1,"699","701:697"
"زیدی صاحب (چیف ایڈیٹر طلوع)","ڈاکٹر عرفان (ڈیوٹی ڈاکٹر آئی سی یو)",1,"699","701:697"
"زیدی صاحب (چیف ایڈیٹر طلوع)","کنیز",1,"688","688:689"
"زینب (یعقوب کی بیوی)","سائیں جلا",2,"790","792:788 792:789"
"زینب (یعقوب کی بیوی)","سندر سنگھ",7,"47 48 49 50 51","45:49 46:49 47:49 48:49 50:49 50:50 52:50"
"زینب (یعقوب کی بیوی)","سکینہ (اعجاز کی بیوی)",11,"65 66 67 68 69 70 71 72 74","64:66 67:66 67:67 68:67 68:68 71:68 71:69 71:71 73:71 73:75 74:75"
"زینب (یعقوب کی بیوی)","شیر بہادر اعوان",8,"64 65 66 68 69 70 71 72","64:64 67:64 67:65 67:70 68:70 71:70 71:72 73:72"
"زینب (یعقوب کی بیوی)","شیشے والا سالا (بدیع الزمان کا دوسرا قرض خواہ)",4,"69 70 71 72","67:72 68:72 71:72 73:72"
"زینب (یعقوب کی بیوی)","صوبیدار جہاں خان",1,"54","52:57"
"زینب (یعقوب کی بیوی)","عباس (چاچا احمد کا بیٹا)",2,"789 790","792:787 792:788"
"زینب (یعقوب کی بیوی)","علی بہادر",6,"64 66 69 70 71 72","64:65 67:65 67:72 68:72 71:72 73:72"
"زینب (یعقوب کی بیوی)","فضلے",4,"49 50 51 52","47:52 48:52 50:52 52:52"
"زینب (یعقوب کی بیوی)","فلک شیر اعوان",5,"64 66 68 69 70","64:65 67:65 67:70 68:70 71:70"
"زینب (یعقوب کی بیوی)","قائد (پارٹی بانی لیڈر)",5,"69 70 71 72 791","67:72 68:72 71:72 73:72 792:791"
"زینب (یعقوب کی بیوی)","ماسی (سرفراز کی پرورش کرنے والی)",6,"69 71 72 73 74","67:71 68:71 71:71 73:71 73:74 74:74"
"زینب (یعقوب کی بیوی)","ماسی مریم",6,"69 71 72 73 74","67:71 68:71 71:71 73:71 73:74 74:74"
"زینب (یعقوب کی بیوی)","ملک جہانگیر اعوان (ایم ایل اے)",1,"42","45:40"
"زینب (یعقوب کی بیوی)","ملک حمید",1,"791","792:791"
"زینب (یعقوب کی بیوی)","ملک عالم جہاں اعوان",1,"54","52:57"
"زینب (یعقوب کی بیوی)","ملک لطیف",1,"791","792:791"
"زینب (یعقوب کی بیوی)","منظور (اعجاز کا ورکر)",4,"70 72 73","68:73 71:73 73:73 74:73"
"زینب (یعقوب کی بیوی)","میجر/کیپٹن سرفراز اعوان",19,"42 62 66 67 68 69 70 71 72 73 74 789 790 791 792","45:40 64:60 64:61 64:68 67:68 68:68 71:68 71:69 71:70 71:71 73:71 73:74 74:74 792:787 792:788 792:789 792:790 792:791 792:792"
"زینب (یعقوب کی بیوی)","نامعلوم مزدور عورت (ملک حمید/لطیف کا تعلق)",8,"46 47 49 50 51 54","45:47 46:47 47:47 48:47 48:51 50:51 52:51 52:56"
"زینب (یعقوب کی بیوی)","نسرین",8,"44 45 46 49 50 51","45:44 45:46 46:46 47:46 47:51 48:51 50:51 52:51"
"زینب (یعقوب کی بیوی)","نیلی (بھینس)",5,"46 47 48 49","45:48 46:48 47:48 48:48 50:48"
"زینب (یعقوب کی بیوی)","وسیم بھائی (بدیع الزمان کا سالا/قرض خواہ)",10,"46 47 48 49 61 72 73 74 792","45:48 46:48 47:48 48:48 50:48 64:59 71:74 73:74 74:74 792:792"
"زینب (یعقوب کی بیوی)","پیر حمید الدین بلال شاہ (مرشد بلال پور شریف)",1,"791","792:791"
"زینب (یعقوب کی بیوی)","چاچا احمد خان راٹھور",14,"47 48 49 54 63 65 67 73 74 75 789","45:49 46:49 47:49 48:49 50:49 52:57 64:63 64:67 67:67 68:67 71:76 73:76 74:76 792:787"
"زینب (یعقوب کی بیوی)","چنبیلی (گھوڑی)",10,"45 47 48 49 66 67 68 69","45:45 46:45 46:48 47:48 48:48 50:48 64:68 67:68 68:68 71:68"
"زینب (یعقوب کی بیوی)","چوہدری اظہر (ایس ایچ او نور پور)",1,"54","52:57"
"زینب (یعقوب کی بیوی)","ڈاکٹر (کریم بخش کا بیٹا)",4,"49 50 51 52","47:52 48:52 50:52 52:52"
"زینب (یعقوب کی بیوی)","کریم راٹھور",1,"789","792:787"
"زینب (یعقوب کی بیوی)","کلونت کور",6,"43 44 50 51 52","45:41 45:42 45:43 48:53 50:53 52:53"
"زینب (یعقوب کی بیوی)","یعقوب اعوان",35,"43 44 45 46 47 48 49 50 51 52 61 63 64 65 66 67 68 69 70 71 72 73 74 789 792","45:41 45:43 45:44 45:45 46:45 46:46 47:46 47:47 48:47 48:48 50:48 50:49 50:50 52:50 52:51 52:52 64:59 64:63 64:64 67:64 67:65 67:66 67:67 68:67 68:68 71:68 71:70 71:71 73:71 73:72 73:73 74:73 74:74 792:787 792:792"
"سائیں جلا","ساجا",2,"118","118:118 119:118"
"سائیں جلا","سردار فلمبند خان",9,"164 165 166 167 758","162:167 163:167 164:167 165:167 166:167 167:167 168:167 756:760 757:760"
"سائیں جلا","سلیم",1,"245","243:248"
"سائیں جلا","سکینہ (اعجاز کی بیوی)",36,"116 118 158 160 162 163 164 168 169 170 171 172 173 175 176 177 753 754 755 782 783 784","118:114 118:118 119:118 160:156 160:157 160:160 161:160 161:163 162:163 163:163 164:163 164:164 165:164 166:171 167:171 168:171 169:171 171:171 172:171 172:173 173:173 174:173 174:176 175:176 176:176 177:176 177:177 178:177 756:751 756:753 756:754 756:755 782:782 785:782 785:783 785:784"
"سائیں جلا","سیف اللہ (چکی والا)",2,"116 117","118:115 118:116"
"سائیں جلا","شبیرا",3,"118 119","118:118 119:118 119:119"
"سائیں جلا","شعیب",2,"757","756:758 757:758"
"سائیں جلا","عباس (چاچا احمد کا بیٹا)",46,"117 118 119 162 163 164 165 166 167 168 169 170 171 172 173 174 175 176 177 240 241 242 243 755 782 783 784 785 786 787 788","118:117 118:119 119:119 160:165 161:165 162:165 163:165 164:165 165:165 166:165 166:166 167:166 167:168 168:168 169:168 169:169 171:169 171:172 172:172 173:172 173:173 174:173 174:175 175:175 176:175 176:176 177:176 177:177 178:177 242:238 242:240 242:241 242:242 243:242 243:243 756:754 756:755 782:782 785:782 785:783 785:785 788:785 788:786 788:787 788:788 789:788"
"سائیں جلا","غلام حسین",1,"245","243:248"
"سائیں جلا","قائد (پارٹی بانی لیڈر)",16,"115 120 180 181 239 243 244 584 585 586 757 789 790","118:113 118:122 119:122 178:183 179:183 242:237 242:245 243:245 586:582 586:583 586:584 586:586 756:758 757:758 788:791 789:791"
"سائیں جلا","لیفٹیننٹ کرنل اسلام الدین",2,"587 780","586:589 782:778"
"سائیں جلا","ماسی (سرفراز کی پرورش کرنے والی)",30,"118 158 159 162 163 164 165 170 171 172 173 174 175 176 177 242 243 755","118:118 119:118 160:156 160:157 160:158 160:164 161:164 162:164 163:164 164:164 165:164 165:165 166:165 168:173 169:173 171:173 172:173 173:173 174:173 174:174 175:174 175:175 176:175 176:176 177:176 177:177 178:177 242:243 243:243 756:754"
"سائیں جلا","ماسی مریم",33,"118 158 159 162 163 164 165 168 169 170 171 172 173 174 175 176 177 242 243 755","118:118 119:118 160:156 160:157 160:158 160:164 161:164 162:164 163:164 164:164 165:164 165:165 166:165 166:171 167:171 168:171 169:171 171:171 172:171 172:173 173:173 174:173 174:174 175:174 175:175 176:175 176:176 177:176 177:177 178:177 242:243 243:243 756:754"
"سائیں جلا","ملک جہانگیر اعوان (ایم ایل اے)",17,"121 160 162 163 178 179 180 239 240 243 244 586","119:124 160:160 161:160 161:163 162:163 163:163 164:163 176:181 177:181 178:181 179:181 242:237 242:238 242:239 242:245 243:245 586:586"
"سائیں جلا","ملک حمید",9,"240 243 244 583 584 585 789 790","242:238 242:245 243:245 586:581 586:582 586:583 586:584 788:791 789:791"
"سائیں جلا","ملک لطیف",3,"585 789 790","586:584 788:791 789:791"
"سائیں جلا","منیر میکنک",1,"587","586:588"
"سائیں جلا","مولوی فقیر الدین",3,"117 118","118:117 118:118 119:118"
"سائیں جلا","میاں انتظار حسین (ایڈووکیٹ ہائی کورٹ)",1,"588","586:591"
"سائیں جلا","میجر ست پال ٹھاکر (کیمپ افسرِ دشمن)",1,"780","782:779"
"سائیں جلا","میجر/کیپٹن سرفراز اعوان",61,"115 117 118 119 158 160 163 164 165 166 167 168 169 170 171 172 173 175 176 177 240 241 244 245 587 753 754 755 756 757 779 780 781 782 783 784 785 786 787 788 789","118:113 118:116 118:117 118:119 119:119 160:156 160:157 160:160 161:160 161:165 162:165 163:165 164:165 165:165 166:165 166:166 167:166 167:168 168:168 169:168 169:169 171:169 171:171 172:171 172:173 173:173 174:173 174:176 175:176 176:176 177:176 177:177 178:177 242:238 242:240 242:247 243:247 586:589 756:751 756:752 756:753 756:754 756:755 756:756 757:756 757:758 782:777 782:778 782:779 782:781 782:782 785:782 785:783 785:784 785:785 788:785 788:786 788:787 788:788 789:788 789:789"
"سائیں جلا","نامعلوم مزدور عورت (ملک حمید/لطیف کا تعلق)",12,"115 116 119 157 585 783 784 785 786 787","118:113 118:115 118:120 119:120 160:155 586:584 586:585 782:784 785:784 785:785 788:785 788:786"
"سائیں جلا","نسرین",22,"116 117 166 167 168 169 170 175 176 177 178 587 783 784 785 786 787","118:115 118:116 164:169 165:169 166:169 167:169 168:169 169:169 171:169 173:178 174:178 175:178 176:178 177:178 178:178 179:178 586:589 782:784 785:784 785:785 788:785 788:786"
"سائیں جلا","نسیمہ (شعیب کی بہن)",8,"587 754 755 756 783 785 786","586:589 756:753 756:754 756:756 757:756 782:785 785:785 788:785"
"سائیں جلا","وسیم بھائی (بدیع الزمان کا سالا/قرض خواہ)",5,"180 181 781 790","178:183 179:183 782:781 788:792 789:792"
"سائیں جلا","پروفیسر میر صاحب",1,"245","243:248"
"سائیں جلا","پیر حمید الدین بلال شاہ (مرشد بلال پور شریف)",8,"161 162 756 757 789 790","160:162 161:162 162:162 163:162 756:757 757:757 788:791 789:791"
"سائیں جلا","چاچا احمد خان راٹھور",58,"116 117 118 119 160 161 162 163 164 165 166 167 168 169 170 171 172 173 174 175 176 177 178 180 240 241 242 243 587 755 756 757 782 783 785 786 787","118:115 118:116 118:117 118:118 119:118 119:119 160:160 161:160 161:162 162:162 163:162 163:163 164:163 164:164 165:164 165:165 166:165 166:166 167:166 167:167 168:167 168:168 169:168 169:169 171:169 171:170 171:171 172:171 172:172 173:172 173:173 174:173 174:174 175:174 175:175 176:175 176:176 177:176 177:177 178:177 178:178 179:178 179:181 242:238 242:241 242:242 243:242 243:243 586:588 756:754 756:755 756:757 757:757 782:782 785:782 785:785 788:785 788:787"
"سائیں جلا","چوہدری اظہر (ایس ایچ او نور پور)",7,"583 584 585 757","586:581 586:582 586:583 586:584 586:585 756:758 757:758"
"سائیں جلا","کریم راٹھور",5,"782 783 785 787","782:782 785:782 785:786 788:786 788:787"
"سائیں جلا","کنیز",11,"119 157 158 160 162 163 585","118:120 119:120 160:155 160:156 160:160 161:160 161:163 162:163 163:163 164:163 586:585"
"سائیں جلا","کیپٹن جمال",1,"587","586:589"
"سائیں جلا","کیڈٹ نواز کھوکھر",1,"780","782:778"
"سائیں جلا","یعقوب اعوان",13,"162 163 164 240 781 784 786 787 790","160:164 161:164 162:164 163:164 164:164 165:164 242:239 782:780 782:787 785:787 788:787 788:792 789:792"
"ساجا","سکینہ (اعجاز کی بیوی)",2,"116 118","118:114 118:118"
"ساجا","سیف اللہ (چکی والا)",2,"116 117","118:115 118:116"
"ساجا","شبیرا",1,"118","118:118"
"ساجا","عباس (چاچا احمد کا بیٹا)",2,"117 118","118:117 118:119"
"ساجا","قائد (پارٹی بانی لیڈر)",2,"115 120","118:113 118:122"
"ساجا","ماسی (سرفراز کی پرورش کرنے والی)",1,"118","118:118"
"ساجا","ماسی مریم",1,"118","118:118"
"ساجا","مولوی فقیر الدین",2,"117 118","118:117 118:118"
"ساجا","میجر/کیپٹن سرفراز اعوان",4,"115 117 118","118:113 118:116 118:117 118:119"
"ساجا","نامعلوم مزدور عورت (ملک حمید/لطیف کا تعلق)",3,"115 116 119","118:113 118:115 118:120"
"ساجا","نسرین",2,"116 117","118:115 118:116"
"ساجا","چاچا احمد خان راٹھور",4,"116 117 118","118:115 118:116 118:117 118:118"
"ساجا","کنیز",1,"119","118:120"
"سراج گجر","سردار فلمبند خان",3,"411 412 413","409:414 410:414 412:414"
"سراج گجر","سرداراں دائی",2,"361","361:361 362:361"
"سراج گجر","سلطان (پی۔او۔ڈبلیو ساتھی/دوست)",1,"510","510:511"
"سراج گجر","سلیم",4,"666 667 669 732","669:664 669:665 669:669 733:731"
"سراج گجر","سکینہ (اعجاز کی بیوی)",12,"313 315 359 360 361 362 408 412 413 732","314:313 314:316 361:357 361:358 361:359 361:361 362:361 362:362 409:407 410:415 412:415 733:732"
"سراج گجر","شعیب",7,"311 313 315 358 359 360","314:309 314:312 314:316 361:356 361:357 361:358 361:359"
"سراج گجر","شہلا رضوی",1,"735","733:737"
"سراج گجر","عامر محمود (چیف کیمسٹ)",1,"671","669:674"
"سراج گجر","عباس (چاچا احمد کا بیٹا)",2,"315 359","314:316 361:357"
"سراج گجر","عمران (ہوسٹل ساتھی)",1,"510","510:510"
"سراج گجر","فرخ غوری",1,"732","733:731"
"سراج گجر","قائد (پارٹی بانی لیڈر)",19,"311 314 361 362 406 407 409 410 411 414 508 509 510 666 669 732 734","314:309 314:314 361:361 362:361 362:363 409:404 409:406 409:410 410:410 412:410 412:411 412:417 510:507 510:508 510:511 669:664 669:669 733:731 733:736"
"سراج گجر","لیفٹیننٹ کرنل اسلام الدین",1,"733","733:733"
"سراج گجر","ماسی (سرفراز کی پرورش کرنے والی)",1,"315","314:317"
"سراج گجر","ماسی مریم",1,"315","314:317"
"سراج گجر","ملک جہانگیر اعوان (ایم ایل اے)",15,"361 362 407 408 409 410 411 412 508 509 510","361:361 362:361 362:362 409:406 409:407 409:408 409:409 410:409 410:410 412:410 412:412 510:507 510:508 510:509 510:510"
"سراج گجر","منشی کریم شاہ",1,"407","409:406"
"سراج گجر","منظور (اعجاز کا ورکر)",6,"363 410 411 412","361:365 362:365 409:411 410:411 412:411 412:412"
"سراج گجر","میاں انتظار حسین (ایڈووکیٹ ہائی کورٹ)",6,"666 667 668 671 732","669:664 669:666 669:667 669:668 669:673 733:731"
"سراج گجر","میجر/کیپٹن سرفراز اعوان",17,"311 312 313 314 358 359 360 407 509 510 732 734","314:309 314:310 314:311 314:312 314:313 314:314 361:356 361:357 361:358 361:359 409:405 409:406 510:508 510:509 510:510 733:732 733:736"
"سراج گجر","نامعلوم مزدور عورت (ملک حمید/لطیف کا تعلق)",1,"508","510:507"
"سراج گجر","نسرین",6,"358 359 408 410 411 412","361:356 361:357 409:407 409:412 410:412 412:412"
"سراج گجر","نسیمہ (شعیب کی بہن)",5,"315 358 359 360","314:316 361:356 361:357 361:358 361:359"
"سراج گجر","نصیر شیخ (پارٹی امیدوار)",1,"364","362:367"
"سراج گجر","وسیم بھائی (بدیع الزمان کا سالا/قرض خواہ)",1,"358","361:356"
"سراج گجر","پھاتو مراثن (ڈھولکی)",1,"359","361:358"
"سراج گجر","چاچا احمد خان راٹھور",9,"315 358 359 361 362 408 511 733","314:316 361:356 361:357 361:358 361:362 362:362 409:408 510:512 733:734"
"سراج گجر","چوہدری ارشد (یونین رہنما)",2,"363","361:365 362:365"
"سراج گجر","چوہدری شدا",2,"363 364","361:366 362:366"
"سراج گجر","ڈاکٹر (کریم بخش کا بیٹا)",3,"508 509 510","510:507 510:509 510:510"
"سراج گجر","ڈاکٹر احسان الحق (پُل کھنگر)",1,"510","510:510"
"سراج گجر","ڈاکٹر خدابخش کھوکھر (چیف کیمسٹ)",1,"671","669:674"
"سراج گجر","کامران خان (جواں سال کیمسٹ)",1,"670","669:671"
"سراج گجر","کریم راٹھور",3,"511 668 671","510:512 669:668 669:674"
"سراج گجر","کیپٹن اسرار",1,"358","361:356"
"سراج گجر","کیپٹن دلاور",1,"313","314:312"
"سراج گجر","گل افروز خان",2,"360 414","361:360 412:416"
"سراج گجر","ہکیم حاذق",3,"507 508","510:505 510:506 510:507"
"سراج گجر","یعقوب اعوان",1,"313","314:313"
"سردار فلمبند خان","سلطان (پی۔او۔ڈبلیو ساتھی/دوست)",1,"485","485:486"
"سردار فلمبند خان","سلیم",1,"619","618:621"
"سردار فلمبند خان","سکینہ (اعجاز کی بیوی)",8,"81 165 169 414 482 618 757","83:79 167:163 167:164 167:171 414:415 485:480 618:619 760:755"
"سردار فلمبند خان","سیکنڈ لفٹننٹ امتیاز",1,"485","485:486"
"سردار فلمبند خان","شعیب",2,"759","760:758 760:759"
"سردار فلمبند خان","شیر بہادر اعوان",2,"81 84","83:80 83:85"
"سردار فلمبند خان","عباس (چاچا احمد کا بیٹا)",7,"84 166 167 617 618 757","83:86 167:165 167:166 167:168 618:617 618:618 760:755"
"سردار فلمبند خان","فضلے",1,"484","485:483"
"سردار فلمبند خان","فلک شیر اعوان",1,"81","83:80"
"سردار فلمبند خان","قائد (پارٹی بانی لیڈر)",13,"83 412 415 483 486 617 620 759 772 774","83:83 414:410 414:411 414:417 485:481 485:482 485:488 618:617 618:623 760:758 771:774 774:774 775:774"
"سردار فلمبند خان","لیفٹیننٹ کرنل اسلام الدین",7,"618 771 772 773 774 775","618:618 771:771 774:771 774:773 774:774 775:774 775:775"
"سردار فلمبند خان","ماسی (سرفراز کی پرورش کرنے والی)",3,"81 165 166","83:79 167:164 167:165"
"سردار فلمبند خان","ماسی مریم",4,"81 165 166 169","83:79 167:164 167:165 167:171"
"سردار فلمبند خان","ملک جہانگیر اعوان (ایم ایل اے)",7,"84 165 411 412 413 415 618","83:85 167:163 414:409 414:410 414:412 414:417 618:619"
"سردار فلمبند خان","منظور (اعجاز کا ورکر)",4,"412 413 415","414:411 414:412 414:413 414:417"
"سردار فلمبند خان","منیر میکنک",1,"482","485:480"
"سردار فلمبند خان","میاں انتظار حسین (ایڈووکیٹ ہائی کورٹ)",2,"84 619","83:85 618:621"
"سردار فلمبند خان","میجر ست پال ٹھاکر (کیمپ افسرِ دشمن)",2,"776 777","774:779 775:779"
"سردار فلمبند خان","میجر صدیق",3,"483 484","485:481 485:482 485:483"
"سردار فلمبند خان","میجر/کیپٹن سرفراز اعوان",31,"81 82 83 166 167 484 486 615 616 617 618 757 758 759 760 768 769 771 772 773 774 775","83:79 83:81 83:82 83:83 167:165 167:166 167:168 485:483 485:484 485:487 618:613 618:614 618:615 618:616 618:617 618:618 760:755 760:756 760:758 760:759 760:760 771:766 771:767 771:768 771:771 774:771 774:772 774:773 774:774 775:774 775:775"
"سردار فلمبند خان","نامعلوم مزدور عورت (ملک حمید/لطیف کا تعلق)",1,"85","83:87"
"سردار فلمبند خان","نسرین",7,"168 413 615 616 617","167:169 414:412 618:613 618:614 618:615 618:616 618:617"
"سردار فلمبند خان","نسیمہ (شعیب کی بہن)",3,"484 486 758","485:484 485:487 760:756"
"سردار فلمبند خان","نمائر (کیمپ کا قیدی ساتھی)",1,"483","485:481"
"سردار فلمبند خان","وسیم بھائی (بدیع الزمان کا سالا/قرض خواہ)",2,"81 84","83:79 83:86"
"سردار فلمبند خان","پیر حمید الدین بلال شاہ (مرشد بلال پور شریف)",2,"164 758","167:162 760:757"
"سردار فلمبند خان","چاچا احمد خان راٹھور",9,"164 165 166 167 618 757 758","167:162 167:163 167:164 167:165 167:166 167:167 618:619 760:755 760:757"
"سردار فلمبند خان","چوہدری اظہر (ایس ایچ او نور پور)",1,"759","760:758"
"سردار فلمبند خان","ڈاکٹر (کریم بخش کا بیٹا)",2,"620 769","618:623 771:767"
"سردار فلمبند خان","کنیز",1,"165","167:163"
"سردار فلمبند خان","کیپٹن اسرار",2,"772 773","771:773 774:773"
"سردار فلمبند خان","کیپٹن جمال",2,"617","618:616 618:617"
"سردار فلمبند خان","کیڈٹ نواز کھوکھر",4,"770 776","771:769 771:770 774:778 775:778"
"سردار فلمبند خان","گل افروز خان",1,"415","414:416"
"سردار فلمبند خان","یعقوب اعوان",5,"80 81 165 777","83:78 83:79 83:80 167:164 775:780"
"سرداراں دائی","سکینہ (اعجاز کی بیوی)",4,"359 360 361","361:357 361:358 361:359 361:361"
"سرداراں دائی","شعیب",4,"358 359 360","361:356 361:357 361:358 361:359"
"سرداراں دائی","عباس (چاچا احمد کا بیٹا)",1,"359","361:357"
"سرداراں دائی","قائد (پارٹی بانی لیڈر)",1,"361","361:361"
"سرداراں دائی","ملک جہانگیر اعوان (ایم ایل اے)",1,"361","361:361"
"سرداراں دائی","منظور (اعجاز کا ورکر)",1,"363","361:365"
"سرداراں دائی","میجر/کیپٹن سرفراز اعوان",4,"358 359 360","361:356 361:357 361:358 361:359"
"سرداراں دائی","نسرین",2,"358 359","361:356 361:357"
"سرداراں دائی","نسیمہ (شعیب کی بہن)",4,"358 359 360","361:356 361:357 361:358 361:359"
"سرداراں دائی","وسیم بھائی (بدیع الزمان کا سالا/قرض خواہ)",1,"358","361:356"
"سرداراں دائی","پھاتو مراثن (ڈھولکی)",1,"359","361:358"
"سرداراں دائی","چاچا احمد خان راٹھور",4,"358 359 361","361:356 361:357 361:358 361:362"
"سرداراں دائی","چوہدری ارشد (یونین رہنما)",1,"363","361:365"
"سرداراں دائی","چوہدری شدا",1,"363","361:366"
"سرداراں دائی","کیپٹن اسرار",1,"358","361:356"
"سرداراں دائی","گل افروز خان",1,"360","361:360"
"سلطان (پی۔او۔ڈبلیو ساتھی/دوست)","سکینہ (اعجاز کی بیوی)",10,"488 489 502 558 559 563 564","486:491 487:491 488:491 500:504 561:556 561:557 561:558 561:566 562:566 563:566"
"سلطان (پی۔او۔ڈبلیو ساتھی/دوست)","سیکنڈ لفٹننٹ امتیاز",2,"486","486:486 487:486"
"سلطان (پی۔او۔ڈبلیو ساتھی/دوست)","شعیب",8,"561 562 576 577","561:561 562:561 562:562 563:562 575:577 576:577 577:577 578:577"
"سلطان (پی۔او۔ڈبلیو ساتھی/دوست)","شمس (بدیع الزمان کا اسسٹنٹ)",2,"558 559","561:556 561:558"
"سلطان (پی۔او۔ڈبلیو ساتھی/دوست)","ظفر چوہدری",6,"575 576 577","575:575 576:575 576:576 577:576 577:577 578:577"
"سلطان (پی۔او۔ڈبلیو ساتھی/دوست)","عباس (چاچا احمد کا بیٹا)",5,"563 564 609 614","561:566 562:566 563:566 612:607 612:617"
"سلطان (پی۔او۔ڈبلیو ساتھی/دوست)","عمران (ہوسٹل ساتھی)",1,"510","511:510"
"سلطان (پی۔او۔ڈبلیو ساتھی/دوست)","فضلے",1,"484","486:483"
"سلطان (پی۔او۔ڈبلیو ساتھی/دوست)","قائد (پارٹی بانی لیڈر)",31,"483 484 487 488 498 499 509 511 512 517 559 560 561 562 573 574 575 576 577 578 610 611 614","486:481 486:482 486:488 487:488 488:488 500:496 500:497 500:499 511:507 511:508 511:511 513:511 515:520 561:558 561:559 561:561 562:561 562:562 563:562 575:571 575:574 575:575 576:575 576:576 577:576 577:578 578:578 612:608 612:609 612:610 612:617"
"سلطان (پی۔او۔ڈبلیو ساتھی/دوست)","قمر الاسلام",1,"499","500:498"
"سلطان (پی۔او۔ڈبلیو ساتھی/دوست)","لیفٹیننٹ کرنل اسلام الدین",1,"611","612:611"
"سلطان (پی۔او۔ڈبلیو ساتھی/دوست)","ماسی (سرفراز کی پرورش کرنے والی)",3,"563 564","561:566 562:566 563:566"
"سلطان (پی۔او۔ڈبلیو ساتھی/دوست)","ماسی مریم",3,"563 564","561:566 562:566 563:566"
"سلطان (پی۔او۔ڈبلیو ساتھی/دوست)","مرزا عبد الرشید",1,"497","500:495"
"سلطان (پی۔او۔ڈبلیو ساتھی/دوست)","ملک جہانگیر اعوان (ایم ایل اے)",17,"498 499 509 510 511 512 517 562 563 572 573 610 611","500:497 500:499 511:507 511:508 511:509 511:510 511:512 513:512 515:520 561:564 562:564 563:564 575:570 575:572 612:608 612:609 612:610"
"سلطان (پی۔او۔ڈبلیو ساتھی/دوست)","ملک حمید",3,"578 579","576:581 577:581 578:581"
"سلطان (پی۔او۔ڈبلیو ساتھی/دوست)","منظور (اعجاز کا ورکر)",4,"488 489 502","486:491 487:491 488:491 500:504"
"سلطان (پی۔او۔ڈبلیو ساتھی/دوست)","میاں انتظار حسین (ایڈووکیٹ ہائی کورٹ)",2,"558 560","561:556 561:559"
"سلطان (پی۔او۔ڈبلیو ساتھی/دوست)","میجر صدیق",9,"483 484 489 490 577 578","486:481 486:482 486:483 487:492 488:492 575:579 576:579 577:579 578:579"
"سلطان (پی۔او۔ڈبلیو ساتھی/دوست)","میجر/کیپٹن سرفراز اعوان",32,"484 485 486 487 509 510 511 512 515 516 560 561 562 563 572 573 574 575 576 577 578 611 612","486:483 486:484 486:487 487:487 488:487 511:508 511:509 511:510 511:511 513:511 513:518 515:518 561:560 561:561 562:561 562:562 563:562 563:563 575:570 575:571 575:572 575:573 575:574 575:575 576:575 576:576 577:576 577:577 578:577 578:578 612:611 612:612"
"سلطان (پی۔او۔ڈبلیو ساتھی/دوست)","نامعلوم مزدور عورت (ملک حمید/لطیف کا تعلق)",3,"509 559 560","511:507 561:558 561:560"
"سلطان (پی۔او۔ڈبلیو ساتھی/دوست)","نسرین",3,"609 611 612","612:607 612:611 612:612"
"سلطان (پی۔او۔ڈبلیو ساتھی/دوست)","نسیمہ (شعیب کی بہن)",19,"485 486 487 560 561 562 563 573 574 575 576 577 578","486:484 486:487 487:487 488:487 561:560 561:561 562:561 562:562 563:562 563:563 575:571 575:573 575:574 575:575 576:575 576:576 577:576 577:578 578:578"
"سلطان (پی۔او۔ڈبلیو ساتھی/دوست)","نمائر (کیمپ کا قیدی ساتھی)",6,"483 575 576 577 578","486:481 575:576 576:576 577:576 577:578 578:578"
"سلطان (پی۔او۔ڈبلیو ساتھی/دوست)","چاچا احمد خان راٹھور",13,"490 511 512 560 563 564 572 574 609 610","488:493 511:512 513:512 561:559 561:566 562:566 563:566 575:570 575:573 575:574 612:607 612:608 612:609"
"سلطان (پی۔او۔ڈبلیو ساتھی/دوست)","چوہدری اظہر (ایس ایچ او نور پور)",6,"564 565 578 579 609","562:567 563:567 576:581 577:581 578:581 612:607"
"سلطان (پی۔او۔ڈبلیو ساتھی/دوست)","ڈاکٹر (کریم بخش کا بیٹا)",7,"500 509 510 511 512 517","500:501 511:507 511:509 511:510 511:512 513:512 515:520"
"سلطان (پی۔او۔ڈبلیو ساتھی/دوست)","ڈاکٹر احسان الحق (پُل کھنگر)",2,"510 517","511:510 515:520"
"سلطان (پی۔او۔ڈبلیو ساتھی/دوست)","کریم راٹھور",2,"511 512","511:512 513:512"
"سلطان (پی۔او۔ڈبلیو ساتھی/دوست)","کیپٹن اسرار",1,"560","561:560"
"سلطان (پی۔او۔ڈبلیو ساتھی/دوست)","کیپٹن جمال",1,"614","612:616"
"سلطان (پی۔او۔ڈبلیو ساتھی/دوست)","ہکیم حاذق",3,"502 508 509","500:505 511:506 511:507"
"سلطان (پی۔او۔ڈبلیو ساتھی/دوست)","یعقوب اعوان",2,"490 574","488:493 575:574"
"سلیم","سکینہ (اعجاز کی بیوی)",34,"201 208 209 210 217 218 272 421 620 633 683 687 688 690 692 693 694 696 699 704 705 708 717 718 719 721 731","202:200 206:211 207:211 208:211 209:211 220:215 220:216 270:275 423:420 621:619 635:631 681:685 682:685 690:685 690:686 690:687 690:691 694:691 694:692 694:694 699:694 699:700 706:702 706:704 706:705 706:711 719:715 719:716 719:717 719:718 719:719 720:719 720:722 731:732"
"سلیم","شمس (بدیع الزمان کا اسسٹنٹ)",5,"692 694 696 705 706","690:694 694:694 699:694 706:705 706:706"
"سلیم","شوکت",1,"270","270:270"
"سلیم","شیر بہادر اعوان",1,"92","94:91"
"سلیم","طارق (ورکس منیجر)",1,"271","270:272"
"سلیم","عامر محمود (چیف کیمسٹ)",9,"637 639 651 659 671 672 674 676","635:640 638:640 639:640 649:653 662:657 669:674 670:674 674:674 678:674"
"سلیم","عباس (چاچا احمد کا بیٹا)",12,"231 245 246 247 249 250 619 720 721","231:232 248:243 248:245 248:246 248:247 248:251 249:251 250:251 621:617 621:618 719:722 720:722"
"سلیم","علی بہادر",1,"92","94:91"
"سلیم","عمران (ہوسٹل ساتھی)",7,"203 204 205 422","202:205 203:205 204:205 205:205 206:205 423:421 423:422"
"سلیم","غلام حسین",22,"202 203 204 205 206 207 208 209 220 231 248 249 251 270","202:202 203:202 203:203 204:203 204:205 205:205 206:205 206:206 207:206 207:207 208:207 208:208 209:208 209:209 220:220 231:231 248:248 249:248 249:249 250:249 250:252 270:270"
"سلیم","فرخ غوری",2,"708 731","706:710 731:731"
"سلیم","فلک شیر اعوان",1,"92","94:91"
"سلیم","قائد (پارٹی بانی لیڈر)",62,"91 92 94 209 210 220 228 230 246 248 249 250 271 420 421 619 622 635 636 638 640 648 649 660 663 664 667 669 670 672 674 676 677 678 679 680 681 682 689 692 694 697 698 699 703 704 706 728 731","94:89 94:90 94:94 95:94 207:212 208:212 209:212 220:220 231:226 231:229 248:245 248:248 249:248 249:249 250:249 250:250 270:272 423:418 423:419 423:420 621:617 621:623 622:623 635:635 638:635 638:638 639:638 639:642 649:648 649:649 662:658 662:659 662:664 663:664 664:664 665:664 665:669 669:669 670:669 670:671 674:671 674:675 678:675 678:677 678:678 679:678 679:679 681:679 681:681 682:681 682:682 690:688 690:695 694:695 699:695 699:698 699:699 706:701 706:702 706:706 731:726 731:731"
"سلیم","لیفٹیننٹ کرنل اسلام الدین",2,"619 732","621:618 731:733"
"سلیم","ماسی (سرفراز کی پرورش کرنے والی)",5,"245 247 633 634","248:243 248:246 635:631 635:633 635:634"
"سلیم","ماسی مریم",5,"245 247 633 634","248:243 248:246 635:631 635:633 635:634"
"سلیم","محمد نواز چیمہ",3,"93 94","94:93 94:94 95:94"
"سلیم","محمد یاسین (طلوع کا رپورٹر/ساتھی)",1,"706","706:706"
"سلیم","معین الدین شاہ",2,"622 623","621:624 622:624"
"سلیم","ملک جہانگیر اعوان (ایم ایل اے)",20,"92 94 95 200 221 230 231 246 247 252 268 272 421 620 634 647 672 674 676","94:91 94:95 95:95 202:199 220:222 231:229 231:230 231:232 248:245 248:246 250:255 270:266 270:275 423:419 621:619 635:633 649:645 670:675 674:675 678:675"
"سلیم","ملک حمید",3,"246 268 272","248:245 270:266 270:275"
"سلیم","ملک رشید (ملک حمید کا بھائی)",1,"272","270:275"
"سلیم","ملک عالم جہاں اعوان",1,"92","94:91"
"سلیم","منشی کریم شاہ",1,"252","250:255"
"سلیم","منظور (اعجاز کا ورکر)",1,"689","690:689"
"سلیم","میاں انتظار حسین (ایڈووکیٹ ہائی کورٹ)",35,"621 622 633 635 636 638 639 647 648 649 659 661 662 663 664 665 667 668 671 673 676 678 683 687 731","621:621 622:621 622:622 635:632 635:635 638:635 638:639 639:639 649:645 649:646 649:647 649:648 649:649 662:657 662:660 662:661 662:663 663:663 664:663 664:664 665:664 665:666 669:666 669:667 669:668 669:673 670:673 674:673 674:678 678:678 679:678 681:685 682:685 690:685 731:731"
"سلیم","میجر صدیق",1,"424","423:426"
"سلیم","میجر/کیپٹن سرفراز اعوان",46,"91 92 93 95 202 203 204 205 206 207 208 209 217 218 220 231 247 248 249 250 267 268 271 421 422 423 618 619 690 692 693 720 731","94:89 94:90 94:91 94:92 94:93 94:96 95:96 202:202 203:202 203:204 204:204 205:204 205:205 206:205 206:207 207:207 208:207 208:208 209:208 209:209 220:215 220:216 220:220 231:231 248:247 248:249 249:249 250:249 250:250 270:265 270:266 270:267 270:273 423:420 423:421 423:422 423:423 621:616 621:617 621:618 690:691 694:691 694:693 719:721 720:721 731:732"
"سلیم","نامعلوم مزدور عورت (ملک حمید/لطیف کا تعلق)",18,"93 97 208 209 210 217 218 421 680 681 682 695 698 699 721","94:92 95:100 206:211 207:211 208:211 209:211 220:215 220:217 423:420 678:682 679:682 681:682 682:682 694:697 699:697 699:699 719:723 720:723"
"سلیم","نانبائی (او جھری والا)",15,"203 204 205 206 207 208 209 676 678","202:205 203:205 204:205 205:205 206:205 206:206 207:206 207:207 208:207 208:208 209:208 209:209 674:678 678:678 679:678"
"سلیم","نسرین",6,"218 249 250 618 619","220:217 248:250 249:250 250:250 621:616 621:617"
"سلیم","نسیمہ (شعیب کی بہن)",3,"421 720","423:420 719:721 720:721"
"سلیم","نیلی (بھینس)",3,"701 704 705","699:703 706:703 706:704"
"سلیم","وریا م",1,"92","94:91"
"سلیم","وسیم بھائی (بدیع الزمان کا سالا/قرض خواہ)",6,"423 623 624 690 692 708","423:423 621:626 622:626 690:690 694:690 706:711"
"سلیم","پروفیسر میر صاحب",5,"221 248 249","220:222 248:248 249:248 249:249 250:249"
"سلیم","چاچا احمد خان راٹھور",45,"199 200 201 202 203 204 205 206 207 208 209 218 219 220 231 245 246 247 248 249 250 272 620 634 692 694 696 699 706 721 732","202:197 202:198 202:199 202:200 202:202 203:202 203:203 204:203 204:204 205:204 205:205 206:205 206:206 207:206 207:207 208:207 208:208 209:208 209:209 220:216 220:217 220:218 220:220 231:231 248:243 248:244 248:245 248:246 248:248 249:248 249:249 250:249 250:250 270:275 621:619 635:633 635:634 690:694 694:694 699:694 699:700 706:706 719:723 720:723 731:734"
"سلیم","ڈاکٹر (کریم بخش کا بیٹا)",26,"218 622 633 636 637 641 646 647 648 649 679 680 681 682 687 692 694 697 698 699","220:217 621:623 622:623 635:632 635:637 638:637 639:644 649:644 649:645 649:646 649:647 649:648 649:649 678:681 679:681 681:681 682:681 682:682 690:685 690:695 694:695 699:695 699:696 699:697 699:698 699:699"
"سلیم","ڈاکٹر احسان الحق (پُل کھنگر)",4,"647 648 649","649:645 649:647 649:648 649:649"
"سلیم","ڈاکٹر خدابخش کھوکھر (چیف کیمسٹ)",6,"651 659 671 672 674 676","649:654 662:657 669:674 670:674 674:674 678:674"
"سلیم","ڈاکٹر سعد اللہ خان (کنسلٹنٹ کارڈیالوجسٹ)",4,"692 694 697 698","690:695 694:695 699:695 699:697"
"سلیم","ڈاکٹر عرفان (ڈیوٹی ڈاکٹر آئی سی یو)",4,"692 694 697 698","690:695 694:695 699:695 699:697"
"سلیم","کامران خان (جواں سال کیمسٹ)",7,"649 661 670 672 674 676","649:649 662:660 669:671 670:671 674:671 674:674 678:674"
"سلیم","کریم راٹھور",15,"91 622 623 665 666 668 671 672 674 676 678 719","94:89 621:624 622:624 663:668 664:668 665:668 669:668 669:674 670:674 674:674 678:674 678:678 679:678 719:719 720:719"
"سلیم","کنیز",5,"200 201 218 689","202:199 202:200 220:216 220:217 690:689"
"سلیم","کیپٹن اسرار",1,"728","731:726"
"سلیم","کیپٹن جمال",2,"618 619","621:616 621:617"
"سلیم","یعقوب اعوان",3,"232 721","231:234 719:723 720:723"
"سندر سنگھ","فضلے",2,"50 51","49:52 50:52"
"سندر سنگھ","نامعلوم مزدور عورت (ملک حمید/لطیف کا تعلق)",3,"48 50","49:47 49:51 50:51"
"سندر سنگھ","نسرین",4,"46 47 50","49:44 49:46 49:51 50:51"
"سندر سنگھ","نیلی (بھینس)",1,"48","49:48"
"سندر سنگھ","وسیم بھائی (بدیع الزمان کا سالا/قرض خواہ)",1,"48","49:48"
"سندر سنگھ","چاچا احمد خان راٹھور",2,"49","49:49 50:49"
"سندر سنگھ","چنبیلی (گھوڑی)",2,"47 48","49:45 49:48"
"سندر سنگھ","ڈاکٹر (کریم بخش کا بیٹا)",2,"50 51","49:52 50:52"
"سندر سنگھ","کلونت کور",2,"51","49:53 50:53"
"سندر سنگھ","یعقوب اعوان",8,"46 47 48 49 50","49:44 49:45 49:46 49:47 49:48 49:49 50:49 50:50"
"سپاہی غلام رسول (یونٹ ڈرائیور/ساتھی)","سکینہ (اعجاز کی بیوی)",3,"342 347 749","345:340 345:349 747:751"
"سپاہی غلام رسول (یونٹ ڈرائیور/ساتھی)","سیکنڈ لفٹننٹ امتیاز",1,"748","747:750"
"سپاہی غلام رسول (یونٹ ڈرائیور/ساتھی)","شعیب",2,"342 744","345:340 747:742"
"سپاہی غلام رسول (یونٹ ڈرائیور/ساتھی)","قائد (پارٹی بانی لیڈر)",6,"343 344 347 747","345:341 345:342 345:343 345:344 345:349 747:747"
"سپاہی غلام رسول (یونٹ ڈرائیور/ساتھی)","لیفٹیننٹ کرنل اسلام الدین",1,"747","747:747"
"سپاہی غلام رسول (یونٹ ڈرائیور/ساتھی)","مرزا عبد الرشید",2,"344 345","345:344 345:345"
"سپاہی غلام رسول (یونٹ ڈرائیور/ساتھی)","ملک جہانگیر اعوان (ایم ایل اے)",2,"344 347","345:344 345:349"
"سپاہی غلام رسول (یونٹ ڈرائیور/ساتھی)","ملک رشید (ملک حمید کا بھائی)",1,"344","345:344"
"سپاہی غلام رسول (یونٹ ڈرائیور/ساتھی)","منظور (اعجاز کا ورکر)",5,"343 344 345","345:341 345:342 345:343 345:344 345:345"
"سپاہی غلام رسول (یونٹ ڈرائیور/ساتھی)","میجر/کیپٹن سرفراز اعوان",5,"342 744 746 747","345:340 747:742 747:745 747:746 747:747"
"سپاہی غلام رسول (یونٹ ڈرائیور/ساتھی)","نامعلوم مزدور عورت (ملک حمید/لطیف کا تعلق)",1,"347","345:350"
"سپاہی غلام رسول (یونٹ ڈرائیور/ساتھی)","نسرین",3,"345 746","345:345 747:745 747:746"
"سپاہی غلام رسول (یونٹ ڈرائیور/ساتھی)","نسیمہ (شعیب کی بہن)",3,"342 744 746","345:340 747:742 747:746"
"سپاہی غلام رسول (یونٹ ڈرائیور/ساتھی)","وسیم بھائی (بدیع الزمان کا سالا/قرض خواہ)",2,"344 746","345:344 747:746"
"سپاہی غلام رسول (یونٹ ڈرائیور/ساتھی)","چوہدری اظہر (ایس ایچ او نور پور)",1,"347","345:350"
"سپاہی غلام رسول (یونٹ ڈرائیور/ساتھی)","گل افروز خان",1,"347","345:350"
"سکینہ (اعجاز کی بیوی)","سیف اللہ (چکی والا)",3,"114 116 117","114:115 118:115 118:116"
"سکینہ (اعجاز کی بیوی)","سینئر انڈر آفیسر صبغت اللہ",4,"278 279 299","276:281 277:281 278:281 300:299"
"سکینہ (اعجاز کی بیوی)","سیکنڈ لفٹننٹ امتیاز",2,"488 750","491:486 751:750"
"سکینہ (اعجاز کی بیوی)","شبیرا",2,"116 118","114:118 118:118"
"سکینہ (اعجاز کی بیوی)","شعیب",58,"286 287 294 298 310 311 312 314 316 317 318 323 324 325 326 327 328 329 330 331 332 337 338 339 340 350 351 354 356 357 358 359 360 558 559 563 564 567 568 597 740 755 756","287:286 287:287 288:287 292:296 300:296 313:308 313:309 313:312 313:316 316:316 318:316 318:318 326:321 326:322 326:323 326:324 326:325 326:326 327:326 327:328 328:328 329:328 329:329 330:329 330:330 332:330 332:331 332:332 340:335 340:336 340:337 340:338 340:340 349:351 350:351 351:351 352:351 352:356 357:356 357:357 358:357 358:358 359:358 359:359 361:359 556:561 557:561 558:561 566:561 566:562 566:569 567:569 568:569 597:598 740:741 753:758 754:758 755:758"
"سکینہ (اعجاز کی بیوی)","شمس (بدیع الزمان کا اسسٹنٹ)",17,"537 538 539 553 556 557 558 692 693 694 702 703 704 705 708 709","540:535 540:537 540:538 556:551 556:556 557:556 557:558 558:558 691:694 692:694 694:694 700:705 702:705 704:705 705:705 711:706 711:707"
"سکینہ (اعجاز کی بیوی)","شوکت",10,"143 272 273 287 290 291 292","143:143 144:143 275:270 275:272 287:287 288:287 288:293 289:293 290:293 292:293"
"سکینہ (اعجاز کی بیوی)","شہلا رضوی",2,"734 738","732:737 740:737"
"سکینہ (اعجاز کی بیوی)","شیر بہادر اعوان",11,"65 68 69 70 71 73 77 79","66:64 66:65 66:70 67:70 68:70 69:70 71:70 71:72 75:72 75:80 79:80"
"سکینہ (اعجاز کی بیوی)","شیشے والا سالا (بدیع الزمان کا دوسرا قرض خواہ)",6,"69 70 71 73 540","67:72 68:72 69:72 71:72 75:72 540:541"
"سکینہ (اعجاز کی بیوی)","طارق (ورکس منیجر)",5,"273 277 278 279","275:272 275:280 276:280 277:280 278:280"
"سکینہ (اعجاز کی بیوی)","عامر محمود (چیف کیمسٹ)",1,"539","540:539"
"سکینہ (اعجاز کی بیوی)","عباس (چاچا احمد کا بیٹا)",66,"20 22 37 38 101 115 117 118 162 164 168 169 170 171 172 173 174 175 176 177 193 287 288 300 314 316 317 325 354 357 431 432 433 566 599 618 719 720 722 723 724 752 753 754 755 782 783 784","20:21 23:21 23:22 36:38 38:38 102:101 114:117 118:117 118:119 160:165 163:165 164:165 171:166 171:168 171:169 171:172 173:172 173:173 176:173 176:175 176:176 177:176 177:177 193:193 194:193 287:288 288:288 289:288 300:301 313:316 316:316 318:316 318:317 326:325 352:357 357:357 358:357 430:432 431:432 432:432 433:432 433:433 566:566 567:566 597:601 619:617 619:618 717:722 718:722 719:722 722:722 723:722 723:723 724:723 724:724 725:724 751:754 753:754 754:754 755:754 755:755 782:782 783:782 783:783 784:783 784:785"
"سکینہ (اعجاز کی بیوی)","علی بہادر",6,"65 69 70 71 73","66:65 67:72 68:72 69:72 71:72 75:72"
"سکینہ (اعجاز کی بیوی)","عمران (ہوسٹل ساتھی)",11,"202 418 419 420 433 434 438 439","200:205 416:421 417:421 420:421 431:436 432:436 433:436 440:436 440:437 440:438 440:439"
"سکینہ (اعجاز کی بیوی)","غلام حسین",11,"201 208 209 210 211 212 217 218 272","200:202 211:206 211:207 211:208 211:209 211:210 211:212 213:212 215:220 216:220 275:270"
"سکینہ (اعجاز کی بیوی)","فرخ غوری",3,"707 710 731","705:710 711:710 732:731"
"سکینہ (اعجاز کی بیوی)","فضلے",1,"481","480:483"
"سکینہ (اعجاز کی بیوی)","فلک شیر اعوان",8,"65 68 69 70 77 79","66:65 66:70 67:70 68:70 69:70 71:70 75:80 79:80"
"سکینہ (اعجاز کی بیوی)","قائد (پارٹی بانی لیڈر)",156,"35 69 70 71 73 81 102 103 104 107 111 113 120 128 130 131 132 135 140 144 190 193 194 197 198 211 212 217 218 264 273 286 288 289 290 291 311 313 315 325 340 346 349 351 352 355 359 360 361 362 363 366 367 368 369 370 371 373 374 381 382 384 385 404 405 406 408 412 413 416 417 418 419 420 429 442 449 451 479 480 489 490 493 494 495 501 505 537 538 539 540 553 557 558 563 564 567 568 595 597 618 621 628 629 630 633 683 684 686 687 689 693 694 697 699 700 701 702 703 705 708 724 725 731 734 738 749 755 756","36:34 36:35 67:72 68:72 69:72 71:72 75:72 79:83 102:103 103:103 105:103 105:109 106:109 114:109 114:113 118:122 131:126 131:130 131:132 133:132 133:138 143:138 143:145 144:145 193:188 193:194 194:194 200:195 200:196 211:212 213:212 215:220 216:220 264:264 275:272 287:286 287:290 288:290 289:290 290:290 292:290 313:309 313:314 316:314 326:325 340:341 349:344 349:349 350:349 350:353 351:353 352:353 357:353 357:361 358:361 359:361 361:361 362:361 362:363 363:363 369:364 369:365 369:366 369:368 369:370 370:370 372:370 372:371 372:374 373:374 374:374 384:379 384:381 384:385 385:385 407:402 407:403 407:404 407:406 407:410 415:410 415:411 415:417 416:417 417:417 420:417 420:418 420:419 420:420 430:429 440:445 451:447 451:452 480:478 480:479 480:481 491:488 491:489 491:496 493:496 494:496 504:499 504:507 540:535 540:536 540:539 540:540 556:551 556:558 557:558 558:558 566:561 566:562 566:569 567:569 568:569 597:593 597:597 619:617 619:623 631:626 631:627 631:628 631:629 631:635 685:681 685:682 685:684 685:688 686:688 687:688 691:688 691:695 692:695 694:695 700:695 700:698 700:699 700:701 702:701 702:702 704:702 704:706 705:706 711:706 722:726 723:726 724:726 725:726 732:731 732:736 740:736 751:747 753:758 754:758 755:758"
"سکینہ (اعجاز کی بیوی)","قمر الاسلام",5,"478 479 495 496","480:477 480:478 480:479 493:498 494:498"
"سکینہ (اعجاز کی بیوی)","لیفٹیننٹ کرنل اسلام الدین",13,"130 133 134 140 141 334 338 598 618 732 740 749 780","131:130 131:136 133:136 143:138 143:139 332:337 340:337 597:600 619:618 732:733 740:741 751:747 782:778"
"سکینہ (اعجاز کی بیوی)","ماسی (سرفراز کی پرورش کرنے والی)",55,"21 22 23 37 38 68 69 70 71 73 74 77 79 102 116 118 131 132 133 156 157 158 159 162 163 164 172 173 174 175 176 177 289 290 291 292 300 315 316 317 566 567 568 631 752 753 754","20:22 23:22 23:23 36:38 38:38 66:71 67:71 68:71 69:71 71:71 75:71 75:74 75:79 79:79 102:102 103:102 114:118 118:118 131:131 133:131 133:133 156:156 157:156 157:157 160:157 160:158 160:164 163:164 164:164 171:173 173:173 176:173 176:174 176:175 176:176 177:176 177:177 287:292 288:292 289:292 290:292 292:292 300:300 313:317 316:317 318:317 566:566 567:566 567:568 568:568 631:631 751:754 753:754 754:754 755:754"
"سکینہ (اعجاز کی بیوی)","ماسی مریم",56,"21 22 23 37 38 68 69 70 71 73 74 77 79 102 116 118 131 132 133 156 157 158 159 162 163 164 171 172 173 174 175 176 177 289 290 291 292 300 315 316 317 566 567 568 631 752 753 754","20:22 23:22 23:23 36:38 38:38 66:71 67:71 68:71 69:71 71:71 75:71 75:74 75:79 79:79 102:102 103:102 114:118 118:118 131:131 133:131 133:133 156:156 157:156 157:157 160:157 160:158 160:164 163:164 164:164 171:171 173:171 173:173 176:173 176:174 176:175 176:176 177:176 177:177 287:292 288:292 289:292 290:292 292:292 300:300 313:317 316:317 318:317 566:566 567:566 567:568 568:568 631:631 751:754 753:754 754:754 755:754"
"سکینہ (اعجاز کی بیوی)","محمد نواز چیمہ",2,"385 386","384:387 385:387"
"سکینہ (اعجاز کی بیوی)","محمد یاسین (طلوع کا رپورٹر/ساتھی)",4,"704 705 708","702:706 704:706 705:706 711:706"
"سکینہ (اعجاز کی بیوی)","مرزا عبد الرشید",6,"342 346 347 493 494","340:344 349:344 349:345 491:495 493:495 494:495"
"سکینہ (اعجاز کی بیوی)","معین الدین شاہ",4,"621 628 629","619:624 631:626 631:627 631:628"
"سکینہ (اعجاز کی بیوی)","ملک جہانگیر اعوان (ایم ایل اے)",84,"38 39 107 111 128 142 143 144 154 158 160 161 163 178 179 190 192 193 196 199 264 275 276 288 289 290 291 342 346 349 359 360 361 362 363 367 371 372 373 374 381 385 404 406 407 412 413 416 417 418 419 495 501 505 565 566 567 568 595 596 597 619 632","36:40 38:40 105:109 106:109 114:109 131:126 143:141 143:142 143:143 144:143 144:144 156:152 156:160 157:160 160:160 163:160 163:163 164:163 176:181 177:181 193:188 193:191 193:193 194:193 194:199 200:199 264:264 275:275 276:275 276:276 277:276 287:289 288:289 289:289 290:289 290:290 292:290 340:344 349:344 349:349 350:349 357:361 358:361 359:361 361:361 362:361 362:362 363:362 363:363 369:365 369:374 370:374 372:374 373:374 374:374 384:379 384:386 385:386 407:402 407:406 407:407 415:410 415:412 415:417 416:417 417:417 420:417 420:419 493:497 494:497 504:499 504:507 566:564 566:565 566:567 567:567 568:567 568:569 597:593 597:595 597:596 597:597 619:619 631:633"
"سکینہ (اعجاز کی بیوی)","ملک حمید",10,"145 192 193 194 265 275 598","143:147 144:147 193:191 193:192 193:194 194:194 264:266 275:275 276:275 597:599"
"سکینہ (اعجاز کی بیوی)","ملک رشید (ملک حمید کا بھائی)",11,"133 134 140 141 153 275 276 342 346","131:135 133:135 143:138 143:139 156:151 275:275 276:275 276:276 277:276 340:344 349:344"
"سکینہ (اعجاز کی بیوی)","ملک لطیف",1,"598","597:599"
"سکینہ (اعجاز کی بیوی)","منشی کریم شاہ",4,"143 264 406","143:143 144:143 264:264 407:406"
"سکینہ (اعجاز کی بیوی)","منظور (اعجاز کا ورکر)",52,"70 71 72 74 194 197 340 346 347 348 349 363 364 367 368 369 374 375 384 385 409 413 414 416 417 418 441 449 450 451 491 492 493 494 504 687 688 690","68:73 69:73 71:73 75:73 193:195 194:195 200:195 340:341 349:344 349:345 349:346 349:347 349:348 349:349 350:349 361:365 362:365 363:365 369:365 369:366 369:367 369:368 369:369 370:369 372:377 373:377 374:377 384:385 385:385 407:411 415:411 415:412 415:413 415:417 416:417 417:417 420:417 440:442 451:447 451:448 451:449 451:450 451:451 491:491 493:491 493:494 494:494 504:504 685:689 686:689 687:689 691:689"
"سکینہ (اعجاز کی بیوی)","منیر میکنک",1,"480","480:480"
"سکینہ (اعجاز کی بیوی)","مولوی فقیر الدین",7,"102 103 104 115 117 118","102:102 103:102 103:103 105:103 114:117 118:117 118:118"
"سکینہ (اعجاز کی بیوی)","میاں انتظار حسین (ایڈووکیٹ ہائی کورٹ)",12,"441 555 556 558 620 629 631 685 731","440:442 556:554 556:556 557:556 557:559 558:559 619:621 631:628 631:632 685:685 686:685 732:731"
"سکینہ (اعجاز کی بیوی)","میجر ست پال ٹھاکر (کیمپ افسرِ دشمن)",1,"780","782:779"
"سکینہ (اعجاز کی بیوی)","میجر صدیق",4,"428 480 491 492","430:426 480:481 491:492 493:492"
"سکینہ (اعجاز کی بیوی)","میجر قدیر (ازمیر مل کا ایڈمن افسر)",1,"539","540:539"
"سکینہ (اعجاز کی بیوی)","میجر/کیپٹن سرفراز اعوان",244,"17 18 19 20 22 23 34 35 36 37 38 63 67 68 69 70 71 73 74 75 77 79 100 101 102 103 104 113 115 117 118 131 132 156 157 158 160 161 164 168 169 170 171 172 173 174 176 177 193 201 209 210 211 212 213 214 215 216 264 274 276 277 278 287 288 289 291 292 300 310 311 312 313 314 315 316 317 318 323 324 325 326 327 328 329 330 331 332 337 338 339 340 350 351 352 355 356 357 358 359 360 370 371 373 374 382 406 417 418 420 429 430 431 432 433 438 439 440 481 489 506 541 554 558 559 563 564 565 566 567 568 594 595 596 597 616 617 618 688 689 691 692 693 718 719 720 721 722 723 724 725 732 738 739 740 748 749 750 751 752 753 754 755 779 780 781 782 783 784","20:15 20:16 20:17 20:18 20:19 20:21 23:21 23:22 23:23 36:33 36:34 36:35 36:36 38:36 38:37 38:38 66:61 66:68 67:68 68:68 69:68 69:69 71:69 71:70 71:71 75:71 75:74 75:75 79:75 79:79 102:99 102:100 102:101 102:102 103:102 103:103 105:103 114:113 114:116 118:116 118:117 118:119 131:131 133:131 156:156 157:156 157:157 160:157 160:160 163:160 163:165 164:165 171:166 171:168 171:169 171:171 173:171 173:173 176:173 176:176 177:176 177:177 193:193 194:193 200:202 211:207 211:208 211:209 211:211 213:211 213:212 213:213 214:213 214:214 215:214 215:215 216:215 216:216 264:264 275:273 275:274 275:277 276:277 277:277 278:277 278:279 287:287 288:287 288:288 289:288 289:289 290:289 290:292 292:292 300:300 313:308 313:309 313:310 313:311 313:312 313:313 316:313 316:314 316:315 316:316 318:316 318:317 318:318 326:321 326:322 326:323 326:324 326:325 326:326 327:326 327:327 328:327 328:328 329:328 329:330 330:330 332:330 332:331 332:332 340:335 340:337 340:338 340:339 340:340 349:351 350:351 351:351 352:351 352:353 357:353 357:354 357:355 357:356 357:357 358:357 358:358 359:358 359:359 361:359 369:371 370:371 372:371 372:375 373:375 374:375 384:380 407:405 407:406 415:420 416:420 417:420 420:420 430:428 430:430 431:430 431:431 432:431 432:432 433:432 433:433 440:436 440:437 440:438 440:439 440:441 480:483 491:487 504:508 540:543 556:552 556:560 557:560 558:560 566:561 566:562 566:563 566:565 566:566 567:566 567:567 568:567 568:568 597:592 597:593 597:594 597:595 597:596 597:597 619:614 619:615 619:616 619:617 619:618 686:691 687:691 691:691 692:691 692:693 694:693 716:721 717:721 718:721 719:721 722:721 722:722 723:722 723:723 724:723 724:724 725:724 725:725 732:732 740:736 740:737 740:738 740:739 740:740 751:746 751:747 751:748 751:749 751:750 751:751 753:751 753:752 753:753 754:753 754:754 755:754 755:755 782:777 782:778 782:779 782:781 782:782 783:782 783:783 784:783 784:784"
"سکینہ (اعجاز کی بیوی)","نامعلوم مزدور عورت (ملک حمید/لطیف کا تعلق)",66,"18 19 35 101 102 104 105 106 111 112 113 114 116 119 128 129 130 132 133 145 146 155 193 211 212 214 215 216 349 350 352 353 355 417 418 420 477 505 540 557 558 597 683 694 695 698 699 720 721 722 723 783 784","20:16 20:17 20:18 20:19 36:34 102:100 102:102 103:102 103:106 105:106 106:106 114:109 114:110 114:111 114:113 114:115 118:115 118:120 131:126 131:128 131:130 131:134 133:134 143:148 144:148 156:154 156:155 193:193 194:193 211:211 213:211 213:215 214:215 215:215 216:215 216:217 349:350 350:350 351:350 351:354 352:354 357:354 415:420 416:420 417:420 420:420 480:475 504:507 540:540 556:558 557:558 558:558 597:598 685:682 692:697 694:697 700:697 700:699 718:723 719:723 722:723 723:723 724:723 782:784 783:784 784:784"
"سکینہ (اعجاز کی بیوی)","نانبائی (او جھری والا)",5,"202 208 209 210","200:205 211:206 211:207 211:208 211:209"
"سکینہ (اعجاز کی بیوی)","نسرین",45,"17 19 25 35 114 116 117 166 170 175 177 192 193 215 216 331 332 333 342 347 353 354 356 357 407 413 477 594 597 616 617 618 739 740 748 783 784","20:15 20:18 20:19 23:28 36:34 114:115 118:115 118:116 164:169 171:169 173:178 176:178 177:178 193:192 193:193 194:193 213:217 214:217 215:217 216:217 329:334 330:334 332:334 340:345 349:345 351:356 352:356 357:356 357:357 358:357 407:407 415:412 480:475 597:592 597:597 619:614 619:615 619:616 619:617 740:739 740:741 751:746 782:784 783:784 784:784"
"سکینہ (اعجاز کی بیوی)","نسیمہ (شعیب کی بہن)",77,"286 314 316 317 318 323 324 325 327 328 329 330 331 332 337 338 339 340 350 351 352 355 356 357 358 359 360 417 418 420 482 489 541 554 558 559 563 564 568 569 597 718 719 720 721 722 723 724 739 740 748 752 753 754 755 783 784","287:286 313:316 316:316 318:316 318:319 326:321 326:323 326:324 326:328 327:328 328:328 329:328 329:329 330:329 330:330 332:330 332:332 340:335 340:336 340:338 340:339 340:340 349:351 350:351 351:351 352:351 352:353 357:353 357:354 357:355 357:356 357:357 358:357 358:358 359:358 359:359 361:359 415:420 416:420 417:420 420:420 480:484 491:487 540:543 556:552 556:560 557:560 558:560 566:561 566:562 566:563 566:571 567:571 568:571 597:598 716:721 717:721 718:721 719:721 722:721 722:722 723:722 723:724 724:724 725:724 740:739 740:740 751:746 751:753 753:753 754:753 754:754 755:754 755:756 782:785 783:785 784:785"
"سکینہ (اعجاز کی بیوی)","نصیر شیخ (پارٹی امیدوار)",3,"364 365 368","362:367 363:367 369:367"
"سکینہ (اعجاز کی بیوی)","نمائر (کیمپ کا قیدی ساتھی)",1,"480","480:481"
"سکینہ (اعجاز کی بیوی)","نیلی (بھینس)",5,"701 702 703 704","700:703 702:703 704:703 704:704 705:704"
"سکینہ (اعجاز کی بیوی)","وسیم بھائی (بدیع الزمان کا سالا/قرض خواہ)",38,"18 24 35 37 38 71 72 74 77 79 107 111 133 134 277 278 342 346 353 354 356 382 385 421 628 629 687 688 690 711 713 748 781","20:17 23:26 36:35 36:38 38:38 69:74 71:74 75:74 75:79 79:79 105:109 106:109 114:109 131:136 133:136 275:279 276:279 277:279 278:279 340:344 349:344 351:356 352:356 357:356 384:380 384:386 385:386 420:423 631:626 631:627 685:690 686:690 687:690 691:690 711:711 715:711 751:746 782:781"
"سکینہ (اعجاز کی بیوی)","پھاتو مراثن (ڈھولکی)",3,"357 358","357:358 358:358 359:358"
"سکینہ (اعجاز کی بیوی)","پیر حمید الدین بلال شاہ (مرشد بلال پور شریف)",7,"35 159 161 162 755 756","36:34 157:162 160:162 163:162 753:757 754:757 755:757"
"سکینہ (اعجاز کی بیوی)","چاچا احمد خان راٹھور",168,"21 23 36 37 38 64 66 67 73 75 77 102 103 104 105 106 114 116 117 118 129 131 132 133 143 145 154 158 160 161 162 163 164 168 169 170 171 172 173 174 175 176 177 190 191 192 193 194 197 198 199 200 208 209 210 211 212 214 215 216 263 275 276 277 278 287 288 289 290 291 292 300 314 316 317 353 354 356 357 358 360 361 362 370 371 372 374 384 385 407 431 432 441 492 493 557 558 566 567 569 599 619 632 692 693 694 700 701 704 705 708 720 721 722 723 724 733 739 752 753 754 755 782 784","20:23 23:23 36:36 38:36 38:38 66:63 66:67 67:67 68:67 71:76 75:76 79:76 102:102 103:102 103:103 105:103 105:105 106:105 106:106 114:115 118:115 118:116 118:117 118:118 131:128 131:131 133:131 133:133 143:143 144:143 144:146 156:152 156:160 157:160 160:160 163:160 163:162 163:163 164:163 164:164 171:166 171:167 171:168 171:169 171:170 171:171 173:171 173:172 173:173 176:173 176:174 176:175 176:176 177:176 177:177 193:188 193:189 193:190 193:191 193:192 193:193 194:193 194:194 200:195 200:196 200:197 200:198 200:199 200:200 211:206 211:207 211:208 211:209 211:210 211:212 213:212 213:216 214:216 215:216 216:216 264:262 264:263 275:275 276:275 276:276 277:276 277:277 278:277 278:278 287:287 288:287 288:288 289:288 289:290 290:290 292:290 292:292 300:300 313:316 316:316 318:316 318:317 351:356 352:356 357:356 357:357 358:357 358:358 359:358 359:362 361:362 362:362 363:362 369:372 370:372 372:372 373:372 373:375 374:375 384:385 385:385 407:408 430:432 431:432 432:432 433:432 440:443 491:493 493:493 494:493 556:559 557:559 558:559 566:566 567:566 567:567 568:567 568:570 597:601 619:619 631:633 691:694 692:694 694:694 700:700 702:700 702:706 704:706 705:706 711:706 718:723 719:723 722:723 723:723 724:723 724:724 725:724 732:734 740:739 751:754 753:754 754:754 755:754 755:755 782:782 783:782 783:785 784:785"
"سکینہ (اعجاز کی بیوی)","چنبیلی (گھوڑی)",4,"67 68","66:68 67:68 68:68 69:68"
"سکینہ (اعجاز کی بیوی)","چوہدری ارشد (یونین رہنما)",4,"363 364 367","361:365 362:365 363:365 369:365"
"سکینہ (اعجاز کی بیوی)","چوہدری اظہر (ایس ایچ او نور پور)",19,"113 133 134 140 141 153 301 349 350 450 452 566 567 598 755 756","114:112 131:136 133:136 143:138 143:139 156:151 300:302 349:350 350:350 351:350 451:450 451:453 566:567 567:567 568:567 597:599 753:758 754:758 755:758"
"سکینہ (اعجاز کی بیوی)","چوہدری شدا",4,"363 364 367","361:366 362:366 363:366 369:366"
"سکینہ (اعجاز کی بیوی)","ڈاکٹر (کریم بخش کا بیٹا)",33,"20 21 107 111 113 131 132 215 216 453 502 503 505 555 621 631 683 684 685 693 694 697 698 699","20:20 23:20 105:109 106:109 114:109 114:112 131:131 133:131 213:217 214:217 215:217 216:217 451:455 504:501 504:502 504:507 556:555 619:623 631:632 685:681 685:682 685:683 685:684 685:685 686:685 691:695 692:695 694:695 700:695 700:696 700:697 700:698 700:699"
"سکینہ (اعجاز کی بیوی)","ڈاکٹر خدابخش کھوکھر (چیف کیمسٹ)",1,"539","540:539"
"سکینہ (اعجاز کی بیوی)","ڈاکٹر سعد اللہ خان (کنسلٹنٹ کارڈیالوجسٹ)",5,"693 694 697 698","691:695 692:695 694:695 700:695 700:697"
"سکینہ (اعجاز کی بیوی)","ڈاکٹر عرفان (ڈیوٹی ڈاکٹر آئی سی یو)",5,"693 694 697 698","691:695 692:695 694:695 700:695 700:697"
"سکینہ (اعجاز کی بیوی)","کریم راٹھور",13,"264 539 621 717 718 719 720 782 784 785","264:264 540:539 619:624 715:719 716:719 717:719 718:719 719:719 722:719 782:782 783:782 783:786 784:786"
"سکینہ (اعجاز کی بیوی)","کلونت کور",3,"25 38 39","23:27 36:41 38:41"
"سکینہ (اعجاز کی بیوی)","کنیز",50,"102 103 104 107 111 112 113 119 130 131 132 133 140 141 145 146 153 154 155 156 158 160 161 163 192 193 194 197 199 200 213 214 215 216 383 477 478 540 687 688 690","102:103 103:103 105:103 105:109 106:109 114:109 114:110 114:112 118:120 131:130 131:132 133:132 133:133 143:138 143:139 143:140 143:148 144:148 156:151 156:153 156:154 156:155 156:156 157:156 157:160 160:160 163:160 163:163 164:163 193:192 193:193 194:193 194:194 200:195 200:199 200:200 211:216 213:216 214:216 215:216 216:216 384:383 480:475 480:476 480:477 540:540 685:689 686:689 687:689 691:689"
"سکینہ (اعجاز کی بیوی)","کیپٹن اسد اللہ",2,"285 286","287:284 287:285"
"سکینہ (اعجاز کی بیوی)","کیپٹن اسرار",11,"35 353 354 356 558 559 724 725","36:34 351:356 352:356 357:356 556:560 557:560 558:560 722:726 723:726 724:726 725:726"
"سکینہ (اعجاز کی بیوی)","کیپٹن جمال",13,"17 18 19 279 280 284 286 594 597 617 618","20:15 20:16 20:17 20:18 20:19 277:282 278:282 287:282 287:286 597:592 597:597 619:616 619:617"
"سکینہ (اعجاز کی بیوی)","کیپٹن دلاور",12,"312 318 319 323 324 328 329 330 331 332","313:312 316:321 318:321 326:321 326:322 326:331 327:331 328:331 329:331 330:331 332:331 332:333"
"سکینہ (اعجاز کی بیوی)","کیڈٹ حبیب اللہ",2,"286","287:285 287:286"
"سکینہ (اعجاز کی بیوی)","کیڈٹ مجید اللہ",4,"294 298 299","292:297 300:297 300:298 300:299"
"سکینہ (اعجاز کی بیوی)","کیڈٹ نواز کھوکھر",1,"780","782:778"
"سکینہ (اعجاز کی بیوی)","گل افروز خان",31,"262 263 277 278 287 288 349 350 351 352 355 358 359 360 369 371 372 384 415 416","264:261 264:262 264:263 275:279 276:279 277:279 278:279 287:288 288:288 289:288 349:350 350:350 351:350 351:351 352:351 352:353 357:353 357:360 358:360 359:360 361:360 369:369 370:369 370:372 372:372 373:372 384:384 385:384 415:416 416:416 417:416"
"سکینہ (اعجاز کی بیوی)","ہکیم حاذق",1,"504","504:505"
"سکینہ (اعجاز کی بیوی)","یعقوب اعوان",66,"22 23 34 35 36 37 39 64 65 66 67 68 69 70 71 73 74 75 77 78 79 101 143 162 163 164 276 277 301 313 314 372 373 374 384 385 430 431 432 492 493 494 720 721 722 723 781 784 785","20:24 23:24 36:32 36:35 36:36 38:36 38:41 66:63 66:64 66:65 66:66 67:66 67:67 68:67 68:68 69:68 69:70 71:70 71:71 75:71 75:72 75:73 75:74 75:75 79:75 79:76 79:77 79:78 79:79 102:101 143:143 144:143 160:164 163:164 164:164 275:277 276:277 277:277 278:277 300:303 313:313 316:313 370:375 372:375 373:375 374:375 384:385 385:385 430:430 431:430 431:432 432:432 433:432 491:493 493:493 494:493 494:494 718:723 719:723 722:723 723:723 724:723 782:780 782:787 783:787 784:787"
"سیف اللہ (چکی والا)","شبیرا",2,"116 117","115:118 116:118"
"سیف اللہ (چکی والا)","عباس (چاچا احمد کا بیٹا)",2,"116","115:117 116:117"
"سیف اللہ (چکی والا)","قائد (پارٹی بانی لیڈر)",1,"114","115:113"
"سیف اللہ (چکی والا)","ماسی (سرفراز کی پرورش کرنے والی)",2,"116 117","115:118 116:118"
"سیف اللہ (چکی والا)","ماسی مریم",2,"116 117","115:118 116:118"
"سیف اللہ (چکی والا)","مولوی فقیر الدین",2,"116","115:117 116:117"
"سیف اللہ (چکی والا)","میجر/کیپٹن سرفراز اعوان",3,"114 115 116","115:113 115:116 116:116"
"سیف اللہ (چکی والا)","نامعلوم مزدور عورت (ملک حمید/لطیف کا تعلق)",6,"112 113 114 115 118","115:110 115:111 115:113 115:115 116:115 116:120"
"سیف اللہ (چکی والا)","نسرین",3,"115 116","115:115 116:115 116:116"
"سیف اللہ (چکی والا)","چاچا احمد خان راٹھور",3,"115 116","115:115 116:115 116:116"
"سیف اللہ (چکی والا)","چوہدری اظہر (ایس ایچ او نور پور)",1,"113","115:112"
"سیف اللہ (چکی والا)","ڈاکٹر (کریم بخش کا بیٹا)",1,"113","115:112"
"سیف اللہ (چکی والا)","کنیز",4,"112 113 117 118","115:110 115:112 115:120 116:120"
"سینئر انڈر آفیسر صبغت اللہ","شعیب",2,"283 297","281:286 299:296"
"سینئر انڈر آفیسر صبغت اللہ","طارق (ورکس منیجر)",1,"280","281:280"
"سینئر انڈر آفیسر صبغت اللہ","عباس (چاچا احمد کا بیٹا)",1,"300","299:301"
"سینئر انڈر آفیسر صبغت اللہ","قائد (پارٹی بانی لیڈر)",1,"283","281:286"
"سینئر انڈر آفیسر صبغت اللہ","ماسی (سرفراز کی پرورش کرنے والی)",1,"299","299:300"
"سینئر انڈر آفیسر صبغت اللہ","ماسی مریم",1,"299","299:300"
"سینئر انڈر آفیسر صبغت اللہ","ملک جہانگیر اعوان (ایم ایل اے)",1,"278","281:276"
"سینئر انڈر آفیسر صبغت اللہ","ملک رشید (ملک حمید کا بھائی)",1,"278","281:276"
"سینئر انڈر آفیسر صبغت اللہ","میجر/کیپٹن سرفراز اعوان",3,"279 280 299","281:277 281:279 299:300"
"سینئر انڈر آفیسر صبغت اللہ","نسیمہ (شعیب کی بہن)",1,"283","281:286"
"سینئر انڈر آفیسر صبغت اللہ","وسیم بھائی (بدیع الزمان کا سالا/قرض خواہ)",1,"280","281:279"
"سینئر انڈر آفیسر صبغت اللہ","چاچا احمد خان راٹھور",5,"278 279 280 299","281:276 281:277 281:278 281:279 299:300"
"سینئر انڈر آفیسر صبغت اللہ","چوہدری اظہر (ایس ایچ او نور پور)",1,"300","299:302"
"سینئر انڈر آفیسر صبغت اللہ","کیپٹن اسد اللہ",1,"282","281:284"
"سینئر انڈر آفیسر صبغت اللہ","کیپٹن جمال",1,"281","281:282"
"سینئر انڈر آفیسر صبغت اللہ","کیڈٹ حبیب اللہ",1,"283","281:285"
"سینئر انڈر آفیسر صبغت اللہ","کیڈٹ مجید اللہ",3,"298 299","299:297 299:298 299:299"
"سینئر انڈر آفیسر صبغت اللہ","گل افروز خان",1,"280","281:279"
"سینئر انڈر آفیسر صبغت اللہ","یعقوب اعوان",2,"279 301","281:277 299:303"
"سیکنڈ لفٹننٹ امتیاز","عباس (چاچا احمد کا بیٹا)",1,"752","750:754"
"سیکنڈ لفٹننٹ امتیاز","فضلے",1,"484","486:483"
"سیکنڈ لفٹننٹ امتیاز","قائد (پارٹی بانی لیڈر)",4,"483 484 487 748","486:481 486:482 486:488 750:747"
"سیکنڈ لفٹننٹ امتیاز","لیفٹیننٹ کرنل اسلام الدین",1,"748","750:747"
"سیکنڈ لفٹننٹ امتیاز","ماسی (سرفراز کی پرورش کرنے والی)",1,"752","750:754"
"سیکنڈ لفٹننٹ امتیاز","ماسی مریم",1,"752","750:754"
"سیکنڈ لفٹننٹ امتیاز","منظور (اعجاز کا ورکر)",1,"488","486:491"
"سیکنڈ لفٹننٹ امتیاز","میجر صدیق",3,"483 484","486:481 486:482 486:483"
"سیکنڈ لفٹننٹ امتیاز","میجر/کیپٹن سرفراز اعوان",9,"484 485 486 747 748 749 750","486:483 486:484 486:487 750:745 750:746 750:747 750:748 750:749 750:750"
"سیکنڈ لفٹننٹ امتیاز","نسرین",2,"747 748","750:745 750:746"
"سیکنڈ لفٹننٹ امتیاز","نسیمہ (شعیب کی بہن)",4,"485 486 748 751","486:484 486:487 750:746 750:753"
"سیکنڈ لفٹننٹ امتیاز","نمائر (کیمپ کا قیدی ساتھی)",1,"483","486:481"
"سیکنڈ لفٹننٹ امتیاز","وسیم بھائی (بدیع الزمان کا سالا/قرض خواہ)",1,"748","750:746"
"سیکنڈ لفٹننٹ امتیاز","چاچا احمد خان راٹھور",1,"752","750:754"
"شبیرا","عباس (چاچا احمد کا بیٹا)",3,"117 118 119","118:117 118:119 119:119"
"شبیرا","قائد (پارٹی بانی لیڈر)",3,"115 120","118:113 118:122 119:122"
"شبیرا","ماسی (سرفراز کی پرورش کرنے والی)",2,"118","118:118 119:118"
"شبیرا","ماسی مریم",2,"118","118:118 119:118"
"شبیرا","ملک جہانگیر اعوان (ایم ایل اے)",1,"121","119:124"
"شبیرا","مولوی فقیر الدین",3,"117 118","118:117 118:118 119:118"
"شبیرا","میجر/کیپٹن سرفراز اعوان",5,"115 117 118 119","118:113 118:116 118:117 118:119 119:119"
"شبیرا","نامعلوم مزدور عورت (ملک حمید/لطیف کا تعلق)",4,"115 116 119","118:113 118:115 118:120 119:120"
"شبیرا","نسرین",2,"116 117","118:115 118:116"
"شبیرا","چاچا احمد خان راٹھور",6,"116 117 118 119","118:115 118:116 118:117 118:118 119:118 119:119"
"شبیرا","کنیز",2,"119","118:120 119:120"
"شعیب","شمس (بدیع الزمان کا اسسٹنٹ)",2,"558 559","561:556 561:558"
"شعیب","شوکت",3,"286 287 294","286:287 287:287 296:293"
"شعیب","شہلا رضوی",1,"739","741:737"
"شعیب","ظفر چوہدری",3,"576 577","577:575 577:576 577:577"
"شعیب","عباس (چاچا احمد کا بیٹا)",30,"287 298 303 304 305 306 314 316 317 322 323 324 325 356 357 563 564 567 599 756","286:288 287:288 296:301 306:301 306:302 306:303 306:304 306:305 306:306 307:306 312:316 316:316 318:316 318:317 320:325 321:325 322:325 323:325 324:325 325:325 326:325 356:357 357:357 358:357 561:566 562:566 569:566 598:601 758:754 758:755"
"شعیب","قائد (پارٹی بانی لیڈر)",58,"286 288 307 308 309 310 313 315 322 323 324 325 338 339 340 350 352 354 358 359 360 388 389 390 391 392 393 394 395 396 397 559 560 561 562 569 575 576 577 595 597 738 744 758","286:286 287:286 287:290 306:309 307:309 308:309 309:309 312:309 312:314 316:314 320:325 321:325 322:325 323:325 324:325 325:325 326:325 336:341 337:341 338:341 340:341 351:349 351:353 356:353 356:361 357:361 358:361 359:361 391:386 391:387 391:389 391:390 391:391 393:391 393:392 393:394 394:394 396:394 396:395 396:396 397:396 397:397 561:558 561:559 561:561 562:561 562:562 569:569 577:574 577:575 577:576 577:578 598:593 598:597 741:736 742:747 758:758 759:758"
"شعیب","لیفٹیننٹ کرنل اسلام الدین",10,"334 335 336 337 599 741 744","332:337 334:337 335:337 336:337 337:337 338:337 598:600 741:741 742:741 742:747"
"شعیب","ماسی (سرفراز کی پرورش کرنے والی)",11,"289 294 298 314 316 317 563 564 567 568 756","287:292 296:292 296:300 312:317 316:317 318:317 561:566 562:566 569:566 569:568 758:754"
"شعیب","ماسی مریم",11,"289 294 298 314 316 317 563 564 567 568 756","287:292 296:292 296:300 312:317 316:317 318:317 561:566 562:566 569:566 569:568 758:754"
"شعیب","محمد نواز چیمہ",4,"389 390","391:387 391:388 391:389 391:390"
"شعیب","مرزا عبد الرشید",1,"342","340:344"
"شعیب","ملک جہانگیر اعوان (ایم ایل اے)",22,"287 288 342 350 358 359 360 388 398 399 562 563 566 567 568 569 574 595 596 597","286:289 287:289 340:344 351:349 356:361 357:361 358:361 359:361 391:386 396:401 397:401 561:564 562:564 569:564 569:565 569:567 569:569 577:572 598:593 598:595 598:596 598:597"
"شعیب","ملک حمید",2,"579 598","577:581 598:599"
"شعیب","ملک رشید (ملک حمید کا بھائی)",1,"342","340:344"
"شعیب","ملک لطیف",1,"598","598:599"
"شعیب","منظور (اعجاز کا ورکر)",17,"338 339 340 348 349 350 389 390 391 392 395 396 397","336:341 337:341 338:341 340:341 351:346 351:347 351:348 351:349 391:387 391:388 391:390 391:392 393:392 393:398 394:398 396:398 397:398"
"شعیب","میاں انتظار حسین (ایڈووکیٹ ہائی کورٹ)",2,"558 560","561:556 561:559"
"شعیب","میجر صدیق",1,"578","577:579"
"شعیب","میجر/کیپٹن سرفراز اعوان",123,"286 287 294 298 303 304 305 306 307 308 309 310 311 312 314 315 316 317 318 319 320 321 322 323 324 325 326 327 328 329 330 331 332 333 334 335 336 337 338 339 340 351 353 354 355 356 357 358 359 391 392 393 394 395 396 397 560 561 562 567 568 569 574 575 576 577 595 596 597 598 738 739 740 741 742 755 756 757 758 759","286:287 287:287 296:292 296:300 306:301 306:302 306:303 306:304 306:305 306:306 307:306 307:307 308:307 308:308 309:308 309:309 312:309 312:310 312:311 312:312 316:312 316:313 316:314 316:315 316:316 318:316 318:317 318:318 320:318 320:319 320:320 321:320 321:321 322:321 322:322 323:322 323:323 324:323 324:324 325:324 325:325 326:325 326:326 328:326 328:327 328:328 329:328 329:330 330:330 331:330 331:331 332:331 332:332 334:332 334:333 334:334 335:334 335:335 336:335 336:337 337:337 338:337 338:338 340:338 340:339 340:340 351:351 356:351 356:353 356:354 356:355 356:356 357:356 357:357 358:357 358:358 359:358 359:359 391:391 393:391 393:393 394:393 394:394 396:394 396:396 397:396 397:397 561:560 561:561 562:561 562:562 569:565 569:566 569:567 569:568 569:569 577:572 577:573 577:574 577:575 577:576 577:577 598:593 598:594 598:595 598:596 598:597 598:598 741:736 741:737 741:738 741:739 741:740 741:741 742:741 742:742 758:753 758:754 758:755 758:756 758:758 759:758 759:759"
"شعیب","نامعلوم مزدور عورت (ملک حمید/لطیف کا تعلق)",6,"350 352 355 559 560 598","351:350 351:354 356:354 561:558 561:560 598:598"
"شعیب","نسرین",18,"331 332 333 334 342 353 356 357 597 598 740 741 743","329:334 330:334 331:334 332:334 334:334 335:334 340:345 351:356 356:356 357:356 357:357 358:357 598:597 598:598 741:739 741:741 742:741 742:745"
"شعیب","نسیمہ (شعیب کی بہن)",78,"286 314 316 317 318 319 320 321 322 323 324 326 327 328 329 330 331 332 333 334 335 336 337 338 339 340 351 353 354 355 356 357 358 359 391 392 393 394 395 396 397 560 561 562 570 575 576 577 598 740 741 742 755 756 757","286:286 287:286 312:316 316:316 318:316 318:319 320:319 320:320 321:320 321:321 322:321 322:323 323:323 324:323 324:324 325:324 325:328 326:328 328:328 329:328 329:329 330:329 330:330 331:330 331:332 332:332 334:332 334:333 334:334 335:334 335:335 336:335 336:336 337:336 337:338 338:338 340:338 340:339 340:340 351:351 356:351 356:353 356:354 356:355 356:356 357:356 357:357 358:357 358:358 359:358 359:359 391:391 393:391 393:394 394:394 396:394 396:395 396:396 397:396 397:397 561:560 561:561 562:561 562:562 569:571 577:573 577:574 577:575 577:576 577:578 598:598 741:739 741:740 741:742 742:742 758:753 758:754 758:756"
"شعیب","نصیر شیخ (پارٹی امیدوار)",4,"395 396 397","393:398 394:398 396:398 397:398"
"شعیب","نمائر (کیمپ کا قیدی ساتھی)",2,"576 577","577:576 577:578"
"شعیب","وسیم بھائی (بدیع الزمان کا سالا/قرض خواہ)",7,"342 353 356 388 743 744","340:344 351:356 356:356 357:356 391:386 741:746 742:746"
"شعیب","پھاتو مراثن (ڈھولکی)",4,"357 358","356:358 357:358 358:358 359:358"
"شعیب","پیر حمید الدین بلال شاہ (مرشد بلال پور شریف)",1,"757","758:757"
"شعیب","چاچا احمد خان راٹھور",31,"286 287 294 298 303 304 314 316 317 353 356 357 358 360 560 563 564 567 568 569 575 599 740 756 757","286:287 287:287 296:292 296:300 306:301 306:302 312:316 316:316 318:316 318:317 351:356 356:356 357:356 357:357 358:357 358:358 359:358 359:362 561:559 561:566 562:566 569:566 569:567 569:570 577:573 577:574 598:601 741:739 758:754 758:755 758:757"
"شعیب","چوہدری اظہر (ایس ایچ او نور پور)",8,"304 350 564 568 579 598 758","306:302 351:350 562:567 569:567 577:581 598:599 758:758 759:758"
"شعیب","کیپٹن اسد اللہ",2,"285","286:284 286:285"
"شعیب","کیپٹن اسرار",4,"353 356 560","351:356 356:356 357:356 561:560"
"شعیب","کیپٹن جمال",5,"284 286 597 598","286:282 286:286 287:286 598:597 598:598"
"شعیب","کیپٹن دلاور",20,"309 310 312 314 318 319 320 321 322 328 329 330 331 332 333","307:312 308:312 309:312 312:312 316:312 316:321 318:321 320:321 321:321 322:321 322:322 323:322 326:331 328:331 329:331 330:331 331:331 332:331 332:333 334:333"
"شعیب","کیڈٹ حبیب اللہ",3,"285 286","286:285 286:286 287:286"
"شعیب","کیڈٹ مجید اللہ",1,"296","296:297"
"شعیب","گل افروز خان",10,"287 350 351 353 354 358 359","286:288 287:288 351:350 351:351 356:351 356:353 356:360 357:360 358:360 359:360"
"شعیب","یعقوب اعوان",9,"304 305 310 311 312 314 571 575","306:303 306:304 306:305 308:313 309:313 312:313 316:313 569:574 577:574"
"شمس (بدیع الزمان کا اسسٹنٹ)","شیشے والا سالا (بدیع الزمان کا دوسرا قرض خواہ)",2,"539","537:541 538:541"
"شمس (بدیع الزمان کا اسسٹنٹ)","طارق (ورکس منیجر)",4,"525 526 527","528:523 528:524 528:525 528:527"
"شمس (بدیع الزمان کا اسسٹنٹ)","عامر محمود (چیف کیمسٹ)",3,"537 538","535:539 537:539 538:539"
"شمس (بدیع الزمان کا اسسٹنٹ)","فرخ غوری",3,"707 708","705:710 706:710 707:710"
"شمس (بدیع الزمان کا اسسٹنٹ)","قائد (پارٹی بانی لیڈر)",22,"525 526 527 528 535 536 538 549 551 553 557 558 694 703 705 706","528:523 528:524 528:525 528:526 528:527 528:528 535:535 537:535 537:536 537:539 538:539 551:547 551:551 556:551 556:558 558:558 694:695 705:701 705:702 705:706 706:706 707:706"
"شمس (بدیع الزمان کا اسسٹنٹ)","محمد یاسین (طلوع کا رپورٹر/ساتھی)",3,"705 706","705:706 706:706 707:706"
"شمس (بدیع الزمان کا اسسٹنٹ)","منظور (اعجاز کا ورکر)",1,"691","694:689"
"شمس (بدیع الزمان کا اسسٹنٹ)","میاں انتظار حسین (ایڈووکیٹ ہائی کورٹ)",5,"552 555 556 557 558","551:554 556:554 556:556 558:556 558:559"
"شمس (بدیع الزمان کا اسسٹنٹ)","میجر قدیر (ازمیر مل کا ایڈمن افسر)",4,"526 537 538","528:524 535:539 537:539 538:539"
"شمس (بدیع الزمان کا اسسٹنٹ)","میجر/کیپٹن سرفراز اعوان",12,"540 548 549 550 551 554 558 559 692 693","538:543 551:546 551:547 551:548 551:549 551:550 551:552 556:552 556:560 558:560 694:691 694:693"
"شمس (بدیع الزمان کا اسسٹنٹ)","نامعلوم مزدور عورت (ملک حمید/لطیف کا تعلق)",6,"537 538 539 557 558 695","535:540 537:540 538:540 556:558 558:558 694:697"
"شمس (بدیع الزمان کا اسسٹنٹ)","نسیمہ (شعیب کی بہن)",10,"540 548 549 550 551 554 558 559","538:543 551:546 551:547 551:548 551:549 551:550 551:552 556:552 556:560 558:560"
"شمس (بدیع الزمان کا اسسٹنٹ)","نیلی (بھینس)",2,"704","705:703 705:704"
"شمس (بدیع الزمان کا اسسٹنٹ)","وسیم بھائی (بدیع الزمان کا سالا/قرض خواہ)",5,"529 532 692 708 709","528:530 535:530 694:690 706:711 707:711"
"شمس (بدیع الزمان کا اسسٹنٹ)","چاچا احمد خان راٹھور",7,"557 558 694 702 705 706","556:559 558:559 694:694 705:700 705:706 706:706 707:706"
"شمس (بدیع الزمان کا اسسٹنٹ)","ڈاکٹر (کریم بخش کا بیٹا)",9,"527 529 533 534 553 555 694","528:526 528:527 528:531 535:531 535:533 535:534 551:555 556:555 694:695"
"شمس (بدیع الزمان کا اسسٹنٹ)","ڈاکٹر احسان الحق (پُل کھنگر)",3,"529 533 534","528:531 535:531 535:534"
"شمس (بدیع الزمان کا اسسٹنٹ)","ڈاکٹر خدابخش کھوکھر (چیف کیمسٹ)",3,"537 538","535:539 537:539 538:539"
"شمس (بدیع الزمان کا اسسٹنٹ)","ڈاکٹر سعد اللہ خان (کنسلٹنٹ کارڈیالوجسٹ)",1,"694","694:695"
"شمس (بدیع الزمان کا اسسٹنٹ)","ڈاکٹر عرفان (ڈیوٹی ڈاکٹر آئی سی یو)",1,"694","694:695"
"شمس (بدیع الزمان کا اسسٹنٹ)","کریم راٹھور",8,"525 526 527 528 537 538","528:523 528:524 528:525 528:527 528:528 535:539 537:539 538:539"
"شمس (بدیع الزمان کا اسسٹنٹ)","کنیز",4,"537 538 539 691","535:540 537:540 538:540 694:689"
"شمس (بدیع الزمان کا اسسٹنٹ)","کیپٹن اسرار",2,"558 559","556:560 558:560"
"شوکت","طارق (ورکس منیجر)",2,"271 272","270:272 272:272"
"شوکت","عباس (چاچا احمد کا بیٹا)",2,"287 290","287:288 293:288"
"شوکت","غلام حسین",2,"270 271","270:270 272:270"
"شوکت","قائد (پارٹی بانی لیڈر)",7,"140 144 271 272 286 288 291","143:138 143:145 270:272 272:272 287:286 287:290 293:290"
"شوکت","لیفٹیننٹ کرنل اسلام الدین",2,"140 141","143:138 143:139"
"شوکت","ماسی (سرفراز کی پرورش کرنے والی)",2,"289 292","287:292 293:292"
"شوکت","ماسی مریم",2,"289 292","287:292 293:292"
"شوکت","ملک جہانگیر اعوان (ایم ایل اے)",9,"142 143 268 272 273 288 291","143:141 143:142 143:143 270:266 270:275 272:275 287:289 293:289 293:290"
"شوکت","ملک حمید",4,"145 268 272 273","143:147 270:266 270:275 272:275"
"شوکت","ملک رشید (ملک حمید کا بھائی)",4,"140 141 272 273","143:138 143:139 270:275 272:275"
"شوکت","منشی کریم شاہ",1,"143","143:143"
"شوکت","میجر/کیپٹن سرفراز اعوان",9,"267 268 271 272 287 290 291 292","270:265 270:266 270:267 270:273 272:273 287:287 293:288 293:289 293:292"
"شوکت","نامعلوم مزدور عورت (ملک حمید/لطیف کا تعلق)",1,"145","143:148"
"شوکت","نسیمہ (شعیب کی بہن)",1,"286","287:286"
"شوکت","چاچا احمد خان راٹھور",7,"143 272 273 287 290 291 292","143:143 270:275 272:275 287:287 293:288 293:290 293:292"
"شوکت","چوہدری اظہر (ایس ایچ او نور پور)",2,"140 141","143:138 143:139"
"شوکت","کنیز",4,"140 141 145","143:138 143:139 143:140 143:148"
"شوکت","کیپٹن اسد اللہ",2,"285 286","287:284 287:285"
"شوکت","کیپٹن جمال",2,"284 286","287:282 287:286"
"شوکت","کیڈٹ حبیب اللہ",2,"286","287:285 287:286"
"شوکت","کیڈٹ مجید اللہ",1,"295","293:297"
"شوکت","گل افروز خان",2,"287 290","287:288 293:288"
"شوکت","یعقوب اعوان",2,"143 274","143:143 272:277"
"شہلا رضوی","قائد (پارٹی بانی لیڈر)",1,"736","737:736"
"شہلا رضوی","لیفٹیننٹ کرنل اسلام الدین",2,"735 739","737:733 737:741"
"شہلا رضوی","میجر/کیپٹن سرفراز اعوان",3,"734 736 737","737:732 737:736 737:737"
"شہلا رضوی","نسرین",1,"738","737:739"
"شہلا رضوی","نسیمہ (شعیب کی بہن)",1,"738","737:739"
"شہلا رضوی","چاچا احمد خان راٹھور",2,"735 738","737:734 737:739"
"شیر بہادر اعوان","شیشے والا سالا (بدیع الزمان کا دوسرا قرض خواہ)",2,"71 72","70:72 72:72"
"شیر بہادر اعوان","عباس (چاچا احمد کا بیٹا)",2,"85 88","85:86 91:86"
"شیر بہادر اعوان","علی بہادر",6,"64 65 67 71 72 91","64:65 65:65 70:65 70:72 72:72 91:91"
"شیر بہادر اعوان","فلک شیر اعوان",8,"64 65 67 70 71 80 82 91","64:65 65:65 70:65 70:70 72:70 80:80 85:80 91:91"
"شیر بہادر اعوان","قائد (پارٹی بانی لیڈر)",8,"71 72 81 84 87 90 92","70:72 72:72 80:83 85:83 85:89 91:89 91:90 91:94"
"شیر بہادر اعوان","ماسی (سرفراز کی پرورش کرنے والی)",4,"70 71 73 79","70:71 72:71 72:74 80:79"
"شیر بہادر اعوان","ماسی مریم",4,"70 71 73 79","70:71 72:71 72:74 80:79"
"شیر بہادر اعوان","محمد نواز چیمہ",1,"92","91:93"
"شیر بہادر اعوان","ملک جہانگیر اعوان (ایم ایل اے)",3,"82 85 91","80:85 85:85 91:91"
"شیر بہادر اعوان","ملک عالم جہاں اعوان",1,"91","91:91"
"شیر بہادر اعوان","منظور (اعجاز کا ورکر)",2,"71 72","70:73 72:73"
"شیر بہادر اعوان","میاں انتظار حسین (ایڈووکیٹ ہائی کورٹ)",2,"82 85","80:85 85:85"
"شیر بہادر اعوان","میجر/کیپٹن سرفراز اعوان",23,"62 66 69 70 71 73 77 79 80 83 84 85 88 89 90 91","64:60 64:61 64:68 65:68 70:68 70:69 70:70 72:70 72:71 72:74 80:75 80:79 80:81 85:81 85:82 85:83 85:86 91:86 91:87 91:88 91:89 91:90 91:91"
"شیر بہادر اعوان","نامعلوم مزدور عورت (ملک حمید/لطیف کا تعلق)",4,"86 89 91","85:87 91:87 91:88 91:92"
"شیر بہادر اعوان","وریا م",1,"91","91:91"
"شیر بہادر اعوان","وسیم بھائی (بدیع الزمان کا سالا/قرض خواہ)",6,"61 72 73 79 85 88","64:59 70:74 72:74 80:79 85:86 91:86"
"شیر بہادر اعوان","چاچا احمد خان راٹھور",6,"63 65 66 68 74 78","64:63 64:67 65:67 70:67 72:76 80:76"
"شیر بہادر اعوان","چنبیلی (گھوڑی)",3,"66 69","64:68 65:68 70:68"
"شیر بہادر اعوان","کریم راٹھور",2,"87 90","85:89 91:89"
"شیر بہادر اعوان","یعقوب اعوان",20,"61 63 64 65 67 68 69 70 71 72 77 78 79 80 82","64:59 64:63 64:64 65:64 65:65 70:65 70:66 70:67 70:68 70:70 72:70 72:71 72:72 80:75 80:76 80:77 80:78 80:79 80:80 85:80"
"شیشے والا سالا (بدیع الزمان کا دوسرا قرض خواہ)","عامر محمود (چیف کیمسٹ)",1,"540","541:539"
"شیشے والا سالا (بدیع الزمان کا دوسرا قرض خواہ)","علی بہادر",1,"72","72:72"
"شیشے والا سالا (بدیع الزمان کا دوسرا قرض خواہ)","فلک شیر اعوان",1,"71","72:70"
"شیشے والا سالا (بدیع الزمان کا دوسرا قرض خواہ)","قائد (پارٹی بانی لیڈر)",5,"72 538 540 541","72:72 541:536 541:539 541:540 541:542"
"شیشے والا سالا (بدیع الزمان کا دوسرا قرض خواہ)","ماسی (سرفراز کی پرورش کرنے والی)",2,"71 73","72:71 72:74"
"شیشے والا سالا (بدیع الزمان کا دوسرا قرض خواہ)","ماسی مریم",2,"71 73","72:71 72:74"
"شیشے والا سالا (بدیع الزمان کا دوسرا قرض خواہ)","منظور (اعجاز کا ورکر)",1,"72","72:73"
"شیشے والا سالا (بدیع الزمان کا دوسرا قرض خواہ)","میجر قدیر (ازمیر مل کا ایڈمن افسر)",1,"540","541:539"
"شیشے والا سالا (بدیع الزمان کا دوسرا قرض خواہ)","میجر/کیپٹن سرفراز اعوان",6,"70 71 73 542","72:68 72:69 72:70 72:71 72:74 541:543"
"شیشے والا سالا (بدیع الزمان کا دوسرا قرض خواہ)","نامعلوم مزدور عورت (ملک حمید/لطیف کا تعلق)",1,"540","541:540"
"شیشے والا سالا (بدیع الزمان کا دوسرا قرض خواہ)","نسیمہ (شعیب کی بہن)",1,"542","541:543"
"شیشے والا سالا (بدیع الزمان کا دوسرا قرض خواہ)","وسیم بھائی (بدیع الزمان کا سالا/قرض خواہ)",1,"73","72:74"
"شیشے والا سالا (بدیع الزمان کا دوسرا قرض خواہ)","چاچا احمد خان راٹھور",2,"69 74","72:67 72:76"
"شیشے والا سالا (بدیع الزمان کا دوسرا قرض خواہ)","چنبیلی (گھوڑی)",1,"70","72:68"
"شیشے والا سالا (بدیع الزمان کا دوسرا قرض خواہ)","ڈاکٹر خدابخش کھوکھر (چیف کیمسٹ)",1,"540","541:539"
"شیشے والا سالا (بدیع الزمان کا دوسرا قرض خواہ)","کریم راٹھور",1,"540","541:539"
"شیشے والا سالا (بدیع الزمان کا دوسرا قرض خواہ)","کنیز",1,"540","541:540"
"شیشے والا سالا (بدیع الزمان کا دوسرا قرض خواہ)","یعقوب اعوان",5,"69 70 71 72","72:67 72:68 72:70 72:71 72:72"
"صوبیدار جہاں خان","فضلے",1,"54","57:52"
"صوبیدار جہاں خان","قائد (پارٹی بانی لیڈر)",1,"57","57:58"
"صوبیدار جہاں خان","ملک عالم جہاں اعوان",1,"57","57:57"
"صوبیدار جہاں خان","میجر/کیپٹن سرفراز اعوان",1,"58","57:60"
"صوبیدار جہاں خان","نامعلوم مزدور عورت (ملک حمید/لطیف کا تعلق)",2,"56 57","57:56 57:58"
"صوبیدار جہاں خان","وسیم بھائی (بدیع الزمان کا سالا/قرض خواہ)",1,"58","57:59"
"صوبیدار جہاں خان","چاچا احمد خان راٹھور",1,"57","57:57"
"صوبیدار جہاں خان","چوہدری اظہر (ایس ایچ او نور پور)",1,"57","57:57"
"صوبیدار جہاں خان","ڈاکٹر (کریم بخش کا بیٹا)",2,"54 57","57:52 57:57"
"صوبیدار جہاں خان","کلونت کور",3,"55 56","57:53 57:54 57:55"
"صوبیدار جہاں خان","یعقوب اعوان",4,"54 55 56 57","57:52 57:53 57:56 57:57"
"طارق (ورکس منیجر)","عامر محمود (چیف کیمسٹ)",1,"521","522:521"
"طارق (ورکس منیجر)","غلام حسین",1,"271","272:270"
"طارق (ورکس منیجر)","قائد (پارٹی بانی لیڈر)",13,"272 521 522 523 524 525 526 527","272:272 522:520 522:521 522:522 523:522 523:523 524:523 524:524 525:524 525:525 527:525 527:526 527:527"
"طارق (ورکس منیجر)","معین الدین شاہ",1,"521","522:521"
"طارق (ورکس منیجر)","ملک جہانگیر اعوان (ایم ایل اے)",4,"273 277 278 521","272:275 280:275 280:276 522:520"
"طارق (ورکس منیجر)","ملک حمید",2,"273 277","272:275 280:275"
"طارق (ورکس منیجر)","ملک رشید (ملک حمید کا بھائی)",3,"273 277 278","272:275 280:275 280:276"
"طارق (ورکس منیجر)","میجر قدیر (ازمیر مل کا ایڈمن افسر)",6,"521 522 523 524","522:521 522:522 523:522 523:524 524:524 525:524"
"طارق (ورکس منیجر)","میجر/کیپٹن سرفراز اعوان",5,"269 272 278 279 520","272:267 272:273 280:277 280:279 522:518"
"طارق (ورکس منیجر)","وسیم بھائی (بدیع الزمان کا سالا/قرض خواہ)",3,"279 527 528","280:279 525:530 527:530"
"طارق (ورکس منیجر)","چاچا احمد خان راٹھور",6,"273 277 278 279","272:275 280:275 280:276 280:277 280:278 280:279"
"طارق (ورکس منیجر)","ڈاکٹر (کریم بخش کا بیٹا)",7,"521 524 525 526 527","522:520 522:526 523:526 524:526 525:526 527:526 527:527"
"طارق (ورکس منیجر)","ڈاکٹر احسان الحق (پُل کھنگر)",2,"521 529","522:520 527:531"
"طارق (ورکس منیجر)","ڈاکٹر خدابخش کھوکھر (چیف کیمسٹ)",1,"521","522:521"
"طارق (ورکس منیجر)","کریم راٹھور",8,"522 523 524 525 526 527","522:523 523:523 524:523 524:524 525:524 525:525 527:525 527:527"
"طارق (ورکس منیجر)","کیپٹن اسد اللہ",1,"282","280:284"
"طارق (ورکس منیجر)","کیپٹن جمال",1,"281","280:282"
"طارق (ورکس منیجر)","کیڈٹ حبیب اللہ",1,"282","280:285"
"طارق (ورکس منیجر)","گل افروز خان",1,"279","280:279"
"طارق (ورکس منیجر)","یعقوب اعوان",2,"274 278","272:277 280:277"
"ظفر چوہدری","قائد (پارٹی بانی لیڈر)",7,"573 574 575 576 577","575:571 575:574 575:575 576:575 576:576 577:576 577:578"
"ظفر چوہدری","ملک جہانگیر اعوان (ایم ایل اے)",2,"572 573","575:570 575:572"
"ظفر چوہدری","ملک حمید",2,"578 579","576:581 577:581"
"ظفر چوہدری","میجر صدیق",3,"577 578","575:579 576:579 577:579"
"ظفر چوہدری","میجر/کیپٹن سرفراز اعوان",10,"572 573 574 575 576 577","575:570 575:571 575:572 575:573 575:574 575:575 576:575 576:576 577:576 577:577"
"ظفر چوہدری","نسیمہ (شعیب کی بہن)",8,"573 574 575 576 577","575:571 575:573 575:574 575:575 576:575 576:576 577:576 577:578"
"ظفر چوہدری","نمائر (کیمپ کا قیدی ساتھی)",4,"575 576 577","575:576 576:576 577:576 577:578"
"ظفر چوہدری","چاچا احمد خان راٹھور",3,"572 574","575:570 575:573 575:574"
"ظفر چوہدری","چوہدری اظہر (ایس ایچ او نور پور)",2,"578 579","576:581 577:581"
"ظفر چوہدری","یعقوب اعوان",1,"574","575:574"
"عامر محمود (چیف کیمسٹ)","قائد (پارٹی بانی لیڈر)",21,"520 521 537 539 637 639 641 650 651 652 653 654 656 657 671 672 674","521:520 521:521 539:535 539:536 539:539 640:635 640:638 640:642 653:648 653:649 653:650 653:652 653:654 654:654 655:654 655:658 656:658 657:658 674:669 674:671 674:675"
"عامر محمود (چیف کیمسٹ)","معین الدین شاہ",1,"521","521:521"
"عامر محمود (چیف کیمسٹ)","ملک جہانگیر اعوان (ایم ایل اے)",3,"520 642 674","521:520 640:645 674:675"
"عامر محمود (چیف کیمسٹ)","میاں انتظار حسین (ایڈووکیٹ ہائی کورٹ)",16,"637 639 640 650 651 652 653 654 656 657 673 676","640:635 640:639 640:641 653:648 653:649 653:651 653:652 653:653 654:653 654:654 655:654 655:657 656:657 657:657 674:673 674:678"
"عامر محمود (چیف کیمسٹ)","میجر قدیر (ازمیر مل کا ایڈمن افسر)",2,"521 539","521:521 539:539"
"عامر محمود (چیف کیمسٹ)","میجر/کیپٹن سرفراز اعوان",2,"519 541","521:518 539:543"
"عامر محمود (چیف کیمسٹ)","نامعلوم مزدور عورت (ملک حمید/لطیف کا تعلق)",1,"539","539:540"
"عامر محمود (چیف کیمسٹ)","نانبائی (او جھری والا)",1,"676","674:678"
"عامر محمود (چیف کیمسٹ)","نسیمہ (شعیب کی بہن)",1,"541","539:543"
"عامر محمود (چیف کیمسٹ)","ڈاکٹر (کریم بخش کا بیٹا)",8,"520 523 536 638 642 650 651 652","521:520 521:526 539:534 640:637 640:644 653:648 653:649 653:652"
"عامر محمود (چیف کیمسٹ)","ڈاکٹر احسان الحق (پُل کھنگر)",5,"520 536 642 650 651","521:520 539:534 640:645 653:648 653:649"
"عامر محمود (چیف کیمسٹ)","ڈاکٹر خدابخش کھوکھر (چیف کیمسٹ)",11,"521 539 653 654 655 656 657 674","521:521 539:539 653:654 654:654 655:654 655:655 656:655 656:656 657:656 657:657 674:674"
"عامر محمود (چیف کیمسٹ)","کامران خان (جواں سال کیمسٹ)",7,"651 652 657 658 672 674","653:649 653:652 655:660 656:660 657:660 674:671 674:674"
"عامر محمود (چیف کیمسٹ)","کریم راٹھور",3,"522 539 674","521:523 539:539 674:674"
"عامر محمود (چیف کیمسٹ)","کنیز",1,"539","539:540"
"عباس (چاچا احمد کا بیٹا)","علی بہادر",1,"88","86:91"
"عباس (چاچا احمد کا بیٹا)","عمران (ہوسٹل ساتھی)",2,"434","432:436 433:436"
"عباس (چاچا احمد کا بیٹا)","غلام حسین",9,"231 245 246 247 249 250 251 253","232:231 243:248 245:248 246:248 247:248 251:248 251:249 251:252 255:252"
"عباس (چاچا احمد کا بیٹا)","فلک شیر اعوان",1,"88","86:91"
"عباس (چاچا احمد کا بیٹا)","قائد (پارٹی بانی لیڈر)",53,"36 84 87 102 115 119 120 190 193 230 234 237 242 243 244 245 247 249 250 287 289 306 307 315 325 355 359 430 563 564 567 599 605 606 607 617 620 724 725 756 788 789","38:34 38:35 86:83 86:89 101:103 117:113 117:122 119:122 193:188 193:194 232:229 232:237 238:237 240:245 241:245 242:245 243:245 245:245 246:245 246:248 247:248 251:248 251:249 251:250 288:286 288:290 304:309 305:309 306:309 316:314 325:325 357:353 357:361 432:429 566:561 566:562 566:569 601:597 603:608 604:608 605:608 607:608 617:617 618:617 618:623 722:726 723:726 724:726 754:758 755:758 786:791 787:791 788:791"
"عباس (چاچا احمد کا بیٹا)","لیفٹیننٹ کرنل اسلام الدین",5,"600 609 617 618 780","601:600 607:611 617:618 618:618 782:778"
"عباس (چاچا احمد کا بیٹا)","ماسی (سرفراز کی پرورش کرنے والی)",37,"21 22 38 101 117 118 164 165 170 171 172 173 174 175 176 177 240 241 242 243 244 245 246 256 290 300 316 317 566 754","21:22 22:22 38:38 101:102 117:118 119:118 165:164 165:165 166:165 168:173 169:173 172:173 173:173 175:173 175:174 175:175 176:175 176:176 177:176 177:177 238:243 240:243 241:243 242:243 243:243 245:243 245:246 246:246 247:246 255:257 288:292 301:300 316:317 317:317 566:566 754:754 755:754"
"عباس (چاچا احمد کا بیٹا)","ماسی مریم",39,"21 22 38 101 117 118 164 165 168 169 170 171 172 173 174 175 176 177 240 241 242 243 244 245 246 256 290 300 316 317 566 754","21:22 22:22 38:38 101:102 117:118 119:118 165:164 165:165 166:165 166:171 168:171 169:171 172:171 172:173 173:173 175:173 175:174 175:175 176:175 176:176 177:176 177:177 238:243 240:243 241:243 242:243 243:243 245:243 245:246 246:246 247:246 255:257 288:292 301:300 316:317 317:317 566:566 754:754 755:754"
"عباس (چاچا احمد کا بیٹا)","ملک جہانگیر اعوان (ایم ایل اے)",42,"39 85 88 121 162 164 178 179 190 192 193 230 231 232 237 238 239 242 243 244 245 246 253 255 288 359 565 566 598 599 605 606 607 618","38:40 86:85 86:91 119:124 165:160 165:163 176:181 177:181 193:188 193:191 193:193 232:229 232:230 232:232 238:236 238:237 238:238 240:238 240:239 240:245 241:245 242:245 243:245 245:245 246:245 246:246 247:246 251:255 255:255 288:289 357:361 566:564 566:565 566:567 601:596 601:597 603:608 604:608 605:608 607:608 617:619 618:619"
"عباس (چاچا احمد کا بیٹا)","ملک حمید",15,"192 193 238 239 242 243 244 245 600 788 789","193:191 193:192 193:194 238:238 240:238 240:245 241:245 242:245 243:245 245:245 246:245 601:599 786:791 787:791 788:791"
"عباس (چاچا احمد کا بیٹا)","ملک عالم جہاں اعوان",1,"88","86:91"
"عباس (چاچا احمد کا بیٹا)","ملک لطیف",4,"600 788 789","601:599 786:791 787:791 788:791"
"عباس (چاچا احمد کا بیٹا)","منشی کریم شاہ",2,"253 255","251:255 255:255"
"عباس (چاچا احمد کا بیٹا)","منظور (اعجاز کا ورکر)",1,"194","193:195"
"عباس (چاچا احمد کا بیٹا)","مولوی فقیر الدین",4,"101 117 118","101:102 117:117 119:117 119:118"
"عباس (چاچا احمد کا بیٹا)","میاں انتظار حسین (ایڈووکیٹ ہائی کورٹ)",3,"85 619","86:85 617:621 618:621"
"عباس (چاچا احمد کا بیٹا)","میجر ست پال ٹھاکر (کیمپ افسرِ دشمن)",1,"780","782:779"
"عباس (چاچا احمد کا بیٹا)","میجر/کیپٹن سرفراز اعوان",150,"18 19 20 21 22 35 36 37 38 83 84 86 98 100 101 115 116 117 118 119 162 165 166 167 168 169 170 171 172 173 174 175 176 177 193 231 238 239 240 244 245 246 247 249 250 251 253 287 288 300 301 302 303 304 305 306 313 314 315 316 317 322 323 324 325 355 356 357 430 431 432 433 563 564 565 566 598 599 600 601 602 609 614 615 616 617 618 721 722 723 724 751 752 753 754 755 779 780 781 782 783 784 785 786 787 788","21:16 21:17 21:18 21:19 21:21 22:21 22:22 38:33 38:34 38:35 38:36 38:37 38:38 86:81 86:82 86:83 86:86 101:96 101:99 101:100 101:101 117:113 117:116 117:117 119:117 119:119 165:160 165:165 166:165 166:166 168:166 168:168 169:168 169:169 172:169 172:171 172:173 173:173 175:173 175:176 176:176 177:176 177:177 193:193 232:231 238:238 240:238 240:240 241:240 242:247 243:247 245:247 246:247 247:247 251:247 251:249 251:250 251:252 255:252 288:287 288:288 301:300 301:301 302:301 302:302 303:302 303:303 304:303 304:304 305:304 305:305 306:305 306:306 316:311 316:312 316:313 316:314 316:315 316:316 317:316 317:317 325:320 325:321 325:322 325:323 325:324 325:325 357:353 357:354 357:355 357:356 357:357 432:428 432:430 432:431 432:432 433:432 433:433 566:561 566:562 566:563 566:565 566:566 601:596 601:597 601:598 601:600 601:601 602:601 602:602 603:602 607:611 617:612 617:613 617:614 617:615 617:616 617:617 618:617 618:618 722:721 722:722 723:722 723:723 724:723 724:724 754:749 754:750 754:751 754:752 754:753 754:754 755:754 755:755 782:777 782:778 782:779 782:781 782:782 783:782 783:783 785:783 785:784 785:785 786:785 786:786 787:786 787:787 788:787 788:788"
"عباس (چاچا احمد کا بیٹا)","نامعلوم مزدور عورت (ملک حمید/لطیف کا تعلق)",25,"18 19 20 36 86 100 101 115 116 118 119 193 355 599 722 723 783 784 785 786","21:16 21:17 21:18 21:19 38:34 86:87 101:100 101:102 117:113 117:115 117:120 119:120 193:193 357:354 601:598 722:723 723:723 724:723 782:784 783:784 785:784 785:785 786:785 786:786 787:786"
"عباس (چاچا احمد کا بیٹا)","نسرین",46,"19 20 36 116 167 168 169 170 175 176 177 192 193 247 248 250 356 357 599 600 601 604 605 606 607 614 615 616 617 783 784 785 786","21:18 21:19 38:34 117:115 117:116 165:169 166:169 168:169 169:169 172:169 173:178 175:178 176:178 177:178 193:192 193:193 245:250 246:250 247:250 251:250 357:356 357:357 601:597 601:598 601:600 601:601 602:601 602:607 603:607 604:607 605:607 607:607 617:612 617:613 617:614 617:615 617:616 617:617 618:617 782:784 783:784 785:784 785:785 786:785 786:786 787:786"
"عباس (چاچا احمد کا بیٹا)","نسیمہ (شعیب کی بہن)",32,"287 316 318 322 323 324 326 355 356 357 563 564 568 599 721 722 723 724 753 754 755 783 784 785","288:286 316:316 317:316 317:319 325:320 325:321 325:323 325:324 325:328 357:353 357:354 357:355 357:356 357:357 566:561 566:562 566:563 566:571 601:598 722:721 722:722 723:722 723:724 724:724 754:753 754:754 755:754 755:756 782:785 783:785 785:785 786:785"
"عباس (چاچا احمد کا بیٹا)","وریا م",1,"88","86:91"
"عباس (چاچا احمد کا بیٹا)","وسیم بھائی (بدیع الزمان کا سالا/قرض خواہ)",16,"19 23 24 36 38 86 356 603 604 605 606 781 789 790","21:17 21:26 22:26 38:35 38:38 86:86 357:356 601:606 602:606 603:606 604:606 605:606 607:606 782:781 787:792 788:792"
"عباس (چاچا احمد کا بیٹا)","پروفیسر میر صاحب",6,"245 246 247 249 250","243:248 245:248 246:248 247:248 251:248 251:249"
"عباس (چاچا احمد کا بیٹا)","پھاتو مراثن (ڈھولکی)",1,"357","357:358"
"عباس (چاچا احمد کا بیٹا)","پیر حمید الدین بلال شاہ (مرشد بلال پور شریف)",7,"36 163 755 756 788 789","38:34 165:162 754:757 755:757 786:791 787:791 788:791"
"عباس (چاچا احمد کا بیٹا)","چاچا احمد خان راٹھور",109,"22 37 38 101 116 117 118 119 162 163 164 165 166 167 168 169 170 171 172 173 174 175 176 177 190 191 192 193 231 233 236 237 238 239 240 241 242 243 244 245 246 247 249 250 251 253 287 288 300 301 302 316 317 356 357 432 566 601 602 603 604 605 606 607 618 722 723 724 754 755 782 784 785 786 787","21:23 22:23 38:36 38:38 101:102 117:115 117:116 117:117 119:117 119:118 119:119 165:160 165:162 165:163 165:164 165:165 166:165 166:166 168:166 168:167 168:168 169:168 169:169 172:169 172:170 172:171 172:172 173:172 173:173 175:173 175:174 175:175 176:175 176:176 177:176 177:177 193:188 193:189 193:190 193:191 193:192 193:193 232:231 232:234 238:234 238:236 238:238 240:238 240:241 241:241 242:241 242:242 243:242 243:243 245:243 245:244 245:245 246:245 246:246 247:246 247:248 251:248 251:249 251:250 251:252 255:252 288:287 288:288 301:300 301:301 302:301 302:302 303:302 316:316 317:316 317:317 357:356 357:357 432:432 433:432 566:566 601:601 602:601 602:602 603:602 603:603 604:603 604:604 605:604 605:605 607:605 607:607 617:619 618:619 722:723 723:723 724:723 724:724 754:754 755:754 755:755 782:782 783:782 783:785 785:785 786:785 786:787 787:787 788:787"
"عباس (چاچا احمد کا بیٹا)","چوہدری اظہر (ایس ایچ او نور پور)",15,"114 301 302 566 600 603 604 605 606 607 756","117:112 301:302 302:302 303:302 566:567 601:599 601:606 602:606 603:606 604:606 605:606 607:606 607:607 754:758 755:758"
"عباس (چاچا احمد کا بیٹا)","چوہدری اللہ داد خان",1,"256","255:257"
"عباس (چاچا احمد کا بیٹا)","ڈاکٹر (کریم بخش کا بیٹا)",3,"20 114 620","21:20 117:112 618:623"
"عباس (چاچا احمد کا بیٹا)","کریم راٹھور",10,"87 720 782 784 785 786 787","86:89 722:719 782:782 783:782 783:786 785:786 786:786 787:786 787:787 788:787"
"عباس (چاچا احمد کا بیٹا)","کلونت کور",2,"24 39","22:27 38:41"
"عباس (چاچا احمد کا بیٹا)","کنیز",8,"102 114 118 119 162 164 192 193","101:103 117:112 117:120 119:120 165:160 165:163 193:192 193:193"
"عباس (چاچا احمد کا بیٹا)","کو چوہا (چوکیدار/کھیت میں سونے والا)",1,"256","255:258"
"عباس (چاچا احمد کا بیٹا)","کیپٹن اسد اللہ",2,"286","288:284 288:285"
"عباس (چاچا احمد کا بیٹا)","کیپٹن اسرار",5,"36 356 724 725","38:34 357:356 722:726 723:726 724:726"
"عباس (چاچا احمد کا بیٹا)","کیپٹن جمال",10,"18 19 20 287 599 616 617","21:16 21:17 21:18 21:19 288:286 601:597 601:598 617:616 617:617 618:617"
"عباس (چاچا احمد کا بیٹا)","کیپٹن دلاور",5,"314 318 319 323","316:312 316:321 317:321 325:321 325:322"
"عباس (چاچا احمد کا بیٹا)","کیڈٹ حبیب اللہ",2,"286 287","288:285 288:286"
"عباس (چاچا احمد کا بیٹا)","کیڈٹ مجید اللہ",3,"299 300","301:297 301:298 301:299"
"عباس (چاچا احمد کا بیٹا)","کیڈٹ نواز کھوکھر",1,"780","782:778"
"عباس (چاچا احمد کا بیٹا)","گل افروز خان",3,"288 355 358","288:288 357:353 357:360"
"عباس (چاچا احمد کا بیٹا)","یعقوب اعوان",35,"22 23 36 37 39 101 164 233 236 238 239 302 303 304 305 314 431 432 722 723 781 784 785 786 787 790","21:24 22:24 38:35 38:36 38:41 101:101 165:164 232:234 238:234 238:235 238:239 240:239 301:303 302:303 303:303 304:303 304:304 305:304 305:305 306:305 316:313 432:430 432:432 433:432 722:723 723:723 724:723 782:780 782:787 783:787 785:787 786:787 787:787 788:787 788:792"
"علی بہادر","فلک شیر اعوان",3,"65 71 91","65:65 72:70 91:91"
"علی بہادر","قائد (پارٹی بانی لیڈر)",4,"72 90 92","72:72 91:89 91:90 91:94"
"علی بہادر","ماسی (سرفراز کی پرورش کرنے والی)",2,"71 73","72:71 72:74"
"علی بہادر","ماسی مریم",2,"71 73","72:71 72:74"
"علی بہادر","محمد نواز چیمہ",1,"92","91:93"
"علی بہادر","ملک جہانگیر اعوان (ایم ایل اے)",1,"91","91:91"
"علی بہادر","ملک عالم جہاں اعوان",1,"91","91:91"
"علی بہادر","منظور (اعجاز کا ورکر)",1,"72","72:73"
"علی بہادر","میجر/کیپٹن سرفراز اعوان",14,"62 63 66 70 71 73 88 89 90 91","65:60 65:61 65:68 72:68 72:69 72:70 72:71 72:74 91:86 91:87 91:88 91:89 91:90 91:91"
"علی بہادر","نامعلوم مزدور عورت (ملک حمید/لطیف کا تعلق)",3,"89 91","91:87 91:88 91:92"
"علی بہادر","وریا م",1,"91","91:91"
"علی بہادر","وسیم بھائی (بدیع الزمان کا سالا/قرض خواہ)",2,"73 88","72:74 91:86"
"علی بہادر","چاچا احمد خان راٹھور",4,"64 66 69 74","65:63 65:67 72:67 72:76"
"علی بہادر","چنبیلی (گھوڑی)",2,"66 70","65:68 72:68"
"علی بہادر","کریم راٹھور",1,"90","91:89"
"علی بہادر","یعقوب اعوان",8,"64 65 69 70 71 72","65:63 65:64 65:65 72:67 72:68 72:70 72:71 72:72"
"عمران (ہوسٹل ساتھی)","غلام حسین",3,"203 204 205","205:202 205:203 205:205"
"عمران (ہوسٹل ساتھی)","قائد (پارٹی بانی لیڈر)",7,"419 420 508 509 510","421:417 421:418 421:419 421:420 510:507 510:508 510:511"
"عمران (ہوسٹل ساتھی)","ملک جہانگیر اعوان (ایم ایل اے)",6,"419 420 508 509 510","421:417 421:419 510:507 510:508 510:509 510:510"
"عمران (ہوسٹل ساتھی)","منظور (اعجاز کا ورکر)",4,"419 439 440","421:417 437:442 438:442 439:442"
"عمران (ہوسٹل ساتھی)","میاں انتظار حسین (ایڈووکیٹ ہائی کورٹ)",3,"439 440","437:442 438:442 439:442"
"عمران (ہوسٹل ساتھی)","میجر صدیق",2,"423 424","421:426 422:426"
"عمران (ہوسٹل ساتھی)","میجر/کیپٹن سرفراز اعوان",20,"203 204 205 420 421 422 433 434 436 437 438 439 509 510","205:202 205:204 205:205 421:420 421:421 422:421 422:422 436:431 436:432 436:433 436:436 437:436 437:437 438:437 438:438 439:438 439:439 510:508 510:509 510:510"
"عمران (ہوسٹل ساتھی)","نامعلوم مزدور عورت (ملک حمید/لطیف کا تعلق)",2,"420 508","421:420 510:507"
"عمران (ہوسٹل ساتھی)","نانبائی (او جھری والا)",1,"205","205:205"
"عمران (ہوسٹل ساتھی)","نسیمہ (شعیب کی بہن)",1,"420","421:420"
"عمران (ہوسٹل ساتھی)","وسیم بھائی (بدیع الزمان کا سالا/قرض خواہ)",2,"422","421:423 422:423"
"عمران (ہوسٹل ساتھی)","چاچا احمد خان راٹھور",9,"202 203 204 205 434 440 441 511","205:200 205:202 205:203 205:204 205:205 436:432 438:443 439:443 510:512"
"عمران (ہوسٹل ساتھی)","ڈاکٹر (کریم بخش کا بیٹا)",3,"508 509 510","510:507 510:509 510:510"
"عمران (ہوسٹل ساتھی)","ڈاکٹر احسان الحق (پُل کھنگر)",1,"510","510:510"
"عمران (ہوسٹل ساتھی)","کریم راٹھور",1,"511","510:512"
"عمران (ہوسٹل ساتھی)","کنیز",1,"202","205:200"
"عمران (ہوسٹل ساتھی)","گل افروز خان",1,"418","421:416"
"عمران (ہوسٹل ساتھی)","ہکیم حاذق",3,"507 508","510:505 510:506 510:507"
"عمران (ہوسٹل ساتھی)","یعقوب اعوان",1,"434","436:432"
"غلام حسین","قائد (پارٹی بانی لیڈر)",15,"209 210 211 212 220 228 230 246 248 249 250 251 271","207:212 208:212 209:212 210:212 212:212 220:220 231:226 231:229 248:245 248:248 249:248 249:249 252:249 252:250 270:272"
"غلام حسین","ماسی (سرفراز کی پرورش کرنے والی)",3,"245 247 254","248:243 248:246 252:257"
"غلام حسین","ماسی مریم",3,"245 247 254","248:243 248:246 252:257"
"غلام حسین","ملک جہانگیر اعوان (ایم ایل اے)",10,"200 221 230 231 246 247 253 268 272","202:199 220:222 231:229 231:230 231:232 248:245 248:246 252:255 270:266 270:275"
"غلام حسین","ملک حمید",3,"246 268 272","248:245 270:266 270:275"
"غلام حسین","ملک رشید (ملک حمید کا بھائی)",1,"272","270:275"
"غلام حسین","منشی کریم شاہ",1,"253","252:255"
"غلام حسین","میجر/کیپٹن سرفراز اعوان",30,"202 203 204 205 206 207 208 209 210 211 212 217 218 220 231 247 248 249 250 251 252 267 268 271","202:202 203:202 203:204 205:204 205:205 206:205 206:207 207:207 208:207 208:208 209:208 209:209 210:209 210:211 212:211 212:212 220:215 220:216 220:220 231:231 248:247 248:249 249:249 252:249 252:250 252:252 270:265 270:266 270:267 270:273"
"غلام حسین","نامعلوم مزدور عورت (ملک حمید/لطیف کا تعلق)",9,"208 209 210 211 213 217 218","206:211 207:211 208:211 209:211 210:211 212:211 212:215 220:215 220:217"
"غلام حسین","نانبائی (او جھری والا)",12,"203 204 205 206 207 208 209","202:205 203:205 205:205 206:205 206:206 207:206 207:207 208:207 208:208 209:208 209:209 210:209"
"غلام حسین","نسرین",5,"214 218 249 251","212:217 220:217 248:250 249:250 252:250"
"غلام حسین","پروفیسر میر صاحب",5,"221 248 249 250","220:222 248:248 249:248 249:249 252:249"
"غلام حسین","چاچا احمد خان راٹھور",38,"199 200 201 202 203 204 205 206 207 208 209 210 211 212 218 219 220 231 245 246 247 248 249 250 251 252 272","202:197 202:198 202:199 202:200 202:202 203:202 203:203 205:203 205:204 205:205 206:205 206:206 207:206 207:207 208:207 208:208 209:208 209:209 210:209 210:210 212:210 212:212 220:216 220:217 220:218 220:220 231:231 248:243 248:244 248:245 248:246 248:248 249:248 249:249 252:249 252:250 252:252 270:275"
"غلام حسین","چوہدری اللہ داد خان",1,"254","252:257"
"غلام حسین","ڈاکٹر (کریم بخش کا بیٹا)",2,"214 218","212:217 220:217"
"غلام حسین","کنیز",5,"200 201 214 218","202:199 202:200 212:216 220:216 220:217"
"غلام حسین","یعقوب اعوان",1,"232","231:234"
"فرخ غوری","قائد (پارٹی بانی لیڈر)",3,"708 728 731","710:706 731:726 731:731"
"فرخ غوری","لیفٹیننٹ کرنل اسلام الدین",1,"732","731:733"
"فرخ غوری","محمد یاسین (طلوع کا رپورٹر/ساتھی)",1,"708","710:706"
"فرخ غوری","میاں انتظار حسین (ایڈووکیٹ ہائی کورٹ)",1,"731","731:731"
"فرخ غوری","میجر/کیپٹن سرفراز اعوان",1,"731","731:732"
"فرخ غوری","وسیم بھائی (بدیع الزمان کا سالا/قرض خواہ)",1,"710","710:711"
"فرخ غوری","چاچا احمد خان راٹھور",2,"708 732","710:706 731:734"
"فرخ غوری","کیپٹن اسرار",1,"728","731:726"
"فضلے","قائد (پارٹی بانی لیڈر)",5,"480 481 482 485","483:478 483:479 483:481 483:482 483:488"
"فضلے","قمر الاسلام",2,"480 481","483:478 483:479"
"فضلے","ملک عالم جہاں اعوان",1,"54","52:57"
"فضلے","منیر میکنک",1,"481","483:480"
"فضلے","میجر صدیق",3,"482 483","483:481 483:482 483:483"
"فضلے","میجر/کیپٹن سرفراز اعوان",1,"483","483:483"
"فضلے","نامعلوم مزدور عورت (ملک حمید/لطیف کا تعلق)",3,"49 51 54","52:47 52:51 52:56"
"فضلے","نسرین",1,"51","52:51"
"فضلے","نسیمہ (شعیب کی بہن)",1,"483","483:484"
"فضلے","نمائر (کیمپ کا قیدی ساتھی)",1,"482","483:481"
"فضلے","نیلی (بھینس)",1,"50","52:48"
"فضلے","وسیم بھائی (بدیع الزمان کا سالا/قرض خواہ)",1,"50","52:48"
"فضلے","چاچا احمد خان راٹھور",2,"50 54","52:49 52:57"
"فضلے","چنبیلی (گھوڑی)",1,"50","52:48"
"فضلے","چوہدری اظہر (ایس ایچ او نور پور)",1,"54","52:57"
"فضلے","ڈاکٹر (کریم بخش کا بیٹا)",1,"52","52:52"
"فضلے","کلونت کور",1,"52","52:53"
"فضلے","یعقوب اعوان",6,"49 50 51 52","52:47 52:48 52:49 52:50 52:51 52:52"
"فلک شیر اعوان","قائد (پارٹی بانی لیڈر)",5,"71 81 90 92","70:72 80:83 91:89 91:90 91:94"
"فلک شیر اعوان","ماسی (سرفراز کی پرورش کرنے والی)",2,"70 79","70:71 80:79"
"فلک شیر اعوان","ماسی مریم",2,"70 79","70:71 80:79"
"فلک شیر اعوان","محمد نواز چیمہ",1,"92","91:93"
"فلک شیر اعوان","ملک جہانگیر اعوان (ایم ایل اے)",2,"82 91","80:85 91:91"
"فلک شیر اعوان","ملک عالم جہاں اعوان",1,"91","91:91"
"فلک شیر اعوان","منظور (اعجاز کا ورکر)",1,"71","70:73"
"فلک شیر اعوان","میاں انتظار حسین (ایڈووکیٹ ہائی کورٹ)",1,"82","80:85"
"فلک شیر اعوان","میجر/کیپٹن سرفراز اعوان",15,"62 63 66 69 70 77 79 80 88 89 90 91","65:60 65:61 65:68 70:68 70:69 70:70 80:75 80:79 80:81 91:86 91:87 91:88 91:89 91:90 91:91"
"فلک شیر اعوان","نامعلوم مزدور عورت (ملک حمید/لطیف کا تعلق)",3,"89 91","91:87 91:88 91:92"
"فلک شیر اعوان","وریا م",1,"91","91:91"
"فلک شیر اعوان","وسیم بھائی (بدیع الزمان کا سالا/قرض خواہ)",3,"72 79 88","70:74 80:79 91:86"
"فلک شیر اعوان","چاچا احمد خان راٹھور",4,"64 66 68 78","65:63 65:67 70:67 80:76"
"فلک شیر اعوان","چنبیلی (گھوڑی)",2,"66 69","65:68 70:68"
"فلک شیر اعوان","کریم راٹھور",1,"90","91:89"
"فلک شیر اعوان","یعقوب اعوان",14,"64 65 67 68 69 70 77 78 79 80","65:63 65:64 65:65 70:65 70:66 70:67 70:68 70:70 80:75 80:76 80:77 80:78 80:79 80:80"
"قائد (پارٹی بانی لیڈر)","قمر الاسلام",11,"461 462 475 477 478 479 480 497 498","461:461 463:461 474:477 478:477 478:478 479:478 479:479 481:479 496:498 497:498 499:498"
"قائد (پارٹی بانی لیڈر)","لیفٹیننٹ کرنل اسلام الدین",26,"128 130 131 134 137 138 339 586 587 589 590 591 598 609 610 617 620 732 734 738 747 772 773 774","126:130 130:130 132:130 132:136 138:136 138:137 138:138 341:337 584:589 586:589 590:589 590:590 593:590 597:600 608:611 609:611 610:611 617:618 623:618 731:733 736:733 736:741 747:747 774:771 774:773 774:774"
"قائد (پارٹی بانی لیڈر)","ماسی (سرفراز کی پرورش کرنے والی)",30,"36 71 73 81 102 115 120 128 130 131 132 135 244 245 247 291 315 563 564 567 568 628 629 630 633 634 756","34:38 35:38 72:71 72:74 83:79 103:102 113:118 122:118 126:131 130:131 132:131 132:133 138:133 245:243 245:246 248:246 290:292 314:317 561:566 562:566 569:566 569:568 626:631 627:631 628:631 629:631 635:631 635:633 635:634 758:754"
"قائد (پارٹی بانی لیڈر)","ماسی مریم",30,"36 71 73 81 102 115 120 128 130 131 132 135 244 245 247 291 315 563 564 567 568 628 629 630 633 634 756","34:38 35:38 72:71 72:74 83:79 103:102 113:118 122:118 126:131 130:131 132:131 132:133 138:133 245:243 245:246 248:246 290:292 314:317 561:566 562:566 569:566 569:568 626:631 627:631 628:631 629:631 635:631 635:633 635:634 758:754"
"قائد (پارٹی بانی لیڈر)","محمد نواز چیمہ",13,"91 93 94 386 387 388 389 390","89:93 90:93 94:93 94:94 385:387 386:387 387:387 389:387 389:388 389:389 390:389 390:390 391:390"
"قائد (پارٹی بانی لیڈر)","محمد یاسین (طلوع کا رپورٹر/ساتھی)",3,"703 704 706","701:706 702:706 706:706"
"قائد (پارٹی بانی لیڈر)","مرزا عبد الرشید",15,"342 343 344 346 347 461 462 463 464 466 495","341:344 342:344 343:344 344:344 349:344 349:345 461:461 463:461 463:462 463:463 464:463 464:464 468:464 468:465 496:495"
"قائد (پارٹی بانی لیڈر)","معین الدین شاہ",12,"520 521 623 625 626 627 628","520:521 521:521 522:521 623:624 626:624 626:625 626:626 627:626 627:627 628:627 628:628 629:628"
"قائد (پارٹی بانی لیڈر)","ملک جہانگیر اعوان (ایم ایل اے)",160,"37 84 87 90 92 94 109 111 123 124 125 126 128 139 143 144 145 182 183 185 186 187 188 192 193 196 197 221 222 226 227 229 234 236 237 245 246 247 252 264 273 287 289 290 342 343 344 346 349 351 361 362 363 364 365 372 374 376 377 378 379 380 383 385 386 398 399 400 401 402 404 405 406 408 409 410 411 414 417 418 419 496 497 498 499 507 508 509 510 511 520 561 562 563 566 567 568 569 570 571 573 584 585 586 588 590 592 593 595 596 597 608 609 610 618 621 630 631 634 643 644 646 673 675 676","35:40 83:85 89:85 89:91 90:91 94:91 94:95 109:109 113:109 122:124 123:124 124:124 126:124 126:126 130:126 138:141 145:141 145:142 145:143 145:144 145:145 183:181 183:183 184:183 184:186 185:186 186:186 188:186 188:188 194:191 194:193 194:199 195:199 196:199 220:222 221:222 222:222 223:222 224:229 225:229 226:229 229:229 237:232 237:236 237:237 245:245 248:245 248:246 250:255 264:264 272:275 286:289 290:289 290:290 341:344 342:344 343:344 344:344 349:344 349:349 353:349 361:361 363:361 363:362 363:363 364:363 364:365 365:365 366:365 370:374 371:374 374:374 378:374 378:375 378:376 378:377 378:378 379:378 379:379 381:379 381:386 385:386 386:386 387:386 396:401 397:401 398:401 399:401 401:401 402:401 402:402 403:402 403:406 404:406 406:406 410:406 410:407 410:408 410:409 410:410 411:410 411:412 417:412 417:417 418:417 418:419 419:419 420:419 496:497 497:497 499:497 499:499 507:507 508:507 508:508 511:508 511:509 511:510 511:512 520:520 521:520 559:564 561:564 562:564 569:564 569:565 569:567 569:569 571:569 571:570 571:572 574:572 582:586 583:586 584:586 586:586 590:586 590:591 593:591 593:593 597:593 597:595 597:596 597:597 608:608 609:608 609:609 610:609 610:610 617:619 623:619 628:633 629:633 635:633 642:645 643:645 648:645 671:675 675:675 677:675"
"قائد (پارٹی بانی لیڈر)","ملک حمید",24,"146 188 189 192 193 194 237 245 246 265 273 578 579 580 581 582 583 584 585 598 791","145:147 186:191 188:191 194:191 194:192 194:194 195:194 237:238 245:245 248:245 264:266 272:275 576:581 578:581 579:581 582:581 582:582 583:582 583:583 584:583 584:584 586:584 597:599 791:791"
"قائد (پارٹی بانی لیڈر)","ملک رشید (ملک حمید کا بھائی)",16,"132 133 136 137 138 273 342 343 344 346 461 462 463","130:135 132:135 138:135 138:136 138:137 138:138 272:275 341:344 342:344 343:344 344:344 349:344 461:462 463:462 463:463 464:463"
"قائد (پارٹی بانی لیڈر)","ملک عالم جہاں اعوان",5,"57 58 90 92","58:57 58:58 89:91 90:91 94:91"
"قائد (پارٹی بانی لیڈر)","ملک لطیف",7,"581 583 584 585 598 791","579:584 582:584 583:584 584:584 586:584 597:599 791:791"
"قائد (پارٹی بانی لیڈر)","منشی کریم شاہ",10,"140 144 252 264 403 404 405 406 408","138:143 145:143 250:255 264:264 401:406 402:406 403:406 404:406 406:406 410:406"
"قائد (پارٹی بانی لیڈر)","منظور (اعجاز کا ورکر)",87,"72 194 195 341 342 343 344 346 347 348 349 351 363 364 365 366 367 368 369 375 377 383 385 386 387 388 389 390 391 392 393 396 397 398 408 410 411 414 415 417 443 444 446 447 449 450 451 452 454 455 458 462 463 464 466 489 490 493 495 501 505 686 688","72:73 194:195 195:195 196:195 341:341 342:341 342:342 343:342 343:343 344:343 344:344 349:344 349:345 349:346 349:347 349:348 349:349 353:349 361:365 363:365 364:365 365:365 366:365 366:366 368:366 368:367 368:368 370:368 370:369 374:377 378:377 381:385 385:385 386:385 386:387 387:387 389:387 389:388 389:390 390:390 391:390 391:392 392:392 394:392 394:398 395:398 396:398 397:398 398:398 399:398 406:411 410:411 411:411 417:412 417:413 417:417 418:417 445:442 445:443 445:444 445:447 447:447 452:447 452:448 452:449 452:450 452:451 452:452 453:452 453:455 454:455 455:455 461:456 461:463 463:463 464:463 464:464 468:464 468:465 488:491 489:491 496:491 496:494 499:504 507:504 684:689 688:689"
"قائد (پارٹی بانی لیڈر)","منیر میکنک",10,"469 472 473 479 480 585 586 587 589","468:470 474:470 474:472 478:480 479:480 481:480 583:588 584:588 586:588 590:588"
"قائد (پارٹی بانی لیڈر)","مولوی فقیر الدین",5,"102 103 115 119 120","103:102 103:103 113:117 122:117 122:118"
"قائد (پارٹی بانی لیڈر)","میاں انتظار حسین (ایڈووکیٹ ہائی کورٹ)",71,"84 87 443 552 556 557 558 559 560 588 590 592 619 622 623 625 627 628 630 633 635 636 638 640 641 642 644 646 647 648 649 650 651 652 653 654 656 657 659 662 663 664 666 667 668 671 672 674 676 677 678 683 684 686 728 731 733","83:85 89:85 445:442 551:554 558:554 558:556 558:559 559:559 561:559 586:591 590:591 593:591 617:621 623:621 623:622 623:624 626:624 626:625 626:628 627:628 628:628 629:628 629:632 635:632 635:635 638:635 638:639 642:639 642:641 642:642 643:642 643:645 648:645 648:646 648:647 648:648 649:648 649:649 650:649 650:651 652:651 652:652 654:652 654:653 654:654 658:654 658:657 658:660 659:660 664:660 664:661 664:663 664:664 669:664 669:666 669:667 669:668 669:673 671:673 675:673 675:678 677:678 678:678 679:678 681:685 682:685 684:685 688:685 726:731 731:731 736:731"
"قائد (پارٹی بانی لیڈر)","میجر ست پال ٹھاکر (کیمپ افسرِ دشمن)",1,"776","774:779"
"قائد (پارٹی بانی لیڈر)","میجر صدیق",16,"427 479 480 481 482 485 490 494 576 577 578 579 580","429:426 478:481 479:481 481:481 482:481 482:482 488:483 488:492 489:492 496:492 574:579 575:579 576:579 578:579 579:579 582:579"
"قائد (پارٹی بانی لیڈر)","میجر قدیر (ازمیر مل کا ایڈمن افسر)",12,"520 521 522 523 524 537 539","520:521 521:521 522:521 522:522 523:522 523:524 524:524 525:524 535:539 536:539 539:539 540:539"
"قائد (پارٹی بانی لیڈر)","میجر/کیپٹن سرفراز اعوان",257,"2 3 4 5 6 33 34 35 59 70 71 73 81 82 83 87 88 89 90 92 93 95 101 102 103 111 113 119 120 128 130 131 190 193 209 210 211 212 217 218 220 228 230 237 242 246 247 248 249 250 264 269 272 286 288 289 291 306 307 308 309 311 312 313 314 322 323 324 325 339 340 350 352 353 358 359 360 368 369 370 371 372 374 376 379 380 388 389 390 391 392 393 394 395 396 397 403 404 405 406 408 418 419 420 426 428 429 443 455 456 459 460 480 481 482 485 486 487 507 508 509 510 511 519 541 542 543 545 546 547 549 550 551 559 560 561 562 567 568 569 570 571 572 573 574 575 576 577 578 579 580 586 587 589 590 591 592 593 595 596 597 609 610 614 615 616 617 620 689 693 694 723 724 725 731 734 736 744 746 747 755 756 757 758 772 773 774 788 789 790 791","4:1 4:2 4:3 4:4 5:4 5:5 6:5 6:6 34:33 34:34 35:34 35:35 58:60 72:68 72:69 72:70 72:71 72:74 83:79 83:81 83:82 83:83 89:86 89:87 89:88 89:89 90:89 90:90 94:90 94:91 94:92 94:93 94:96 103:99 103:100 103:101 103:102 103:103 109:113 113:113 122:117 122:119 126:131 130:131 132:131 188:193 194:193 212:207 212:208 212:209 212:211 212:212 220:215 220:216 220:220 221:220 226:231 229:231 237:238 245:240 245:247 248:247 248:249 249:249 250:249 250:250 264:264 272:267 272:273 286:287 290:287 290:288 290:289 290:292 309:304 309:305 309:306 309:307 309:308 309:309 314:309 314:310 314:311 314:312 314:313 314:314 325:320 325:321 325:322 325:323 325:324 325:325 341:337 341:338 341:339 341:340 349:351 353:351 353:353 361:356 361:357 361:358 361:359 366:371 368:371 370:371 371:371 374:371 374:375 378:375 378:380 379:380 381:380 386:391 387:391 389:391 390:391 391:391 392:391 392:393 394:393 394:394 395:394 395:396 396:396 397:396 397:397 398:397 401:405 402:405 403:405 404:405 406:405 406:406 410:406 417:420 418:420 419:420 420:420 429:424 429:428 429:430 445:441 453:458 454:458 455:458 461:458 461:459 478:483 479:483 481:483 482:483 488:483 488:484 488:487 507:508 508:508 511:508 511:509 511:510 511:511 520:518 539:543 540:543 542:543 543:543 547:543 547:544 547:545 547:546 547:547 551:547 551:548 551:549 551:550 551:552 558:560 559:560 561:560 561:561 562:561 562:562 569:565 569:566 569:567 569:568 569:569 571:569 571:570 571:571 574:571 574:572 574:573 574:574 575:574 575:575 576:575 576:576 578:576 578:577 578:578 579:578 579:579 582:579 584:589 586:589 590:589 590:590 593:590 593:591 593:592 593:593 597:593 597:594 597:595 597:596 597:597 608:611 609:611 610:611 617:612 617:613 617:614 617:615 617:616 617:617 623:618 688:691 695:691 695:693 726:721 726:722 726:723 726:724 726:725 731:732 736:732 736:736 747:742 747:745 747:746 747:747 758:753 758:754 758:755 758:756 758:758 774:771 774:772 774:773 774:774 791:786 791:787 791:788 791:789 791:790 791:791"
"قائد (پارٹی بانی لیڈر)","نامعلوم مزدور عورت (ملک حمید/لطیف کا تعلق)",83,"2 34 57 58 85 88 90 91 93 101 102 104 107 109 111 112 113 121 124 125 126 128 129 130 131 133 136 137 146 190 193 211 213 217 218 349 351 353 418 419 420 470 473 474 476 507 537 538 539 540 541 558 559 560 581 583 584 585 595 597 679 680 681 682 683 696 697 698 699 700 724 788","4:1 34:34 35:34 58:56 58:58 83:87 89:87 89:88 89:92 90:92 94:92 103:100 103:102 103:106 109:106 109:109 113:109 113:110 113:111 113:113 122:120 122:126 123:126 124:126 126:126 130:126 130:128 130:130 132:130 132:134 138:134 138:136 138:137 145:148 188:193 194:193 212:211 212:215 220:215 220:217 349:350 353:350 353:354 417:420 418:420 419:420 420:420 468:473 474:473 474:475 478:475 507:507 508:507 535:540 536:540 539:540 540:540 542:540 558:558 559:558 559:560 561:560 579:584 582:584 583:584 584:584 586:584 586:585 593:598 597:598 677:682 678:682 679:682 681:682 682:682 684:682 695:697 698:697 698:699 699:699 701:699 726:723 791:786"
"قائد (پارٹی بانی لیڈر)","نانبائی (او جھری والا)",7,"209 210 676 677 678","212:207 212:208 212:209 675:678 677:678 678:678 679:678"
"قائد (پارٹی بانی لیڈر)","نسرین",60,"2 3 4 7 31 34 114 180 190 193 214 218 247 249 250 343 344 347 354 358 359 404 405 406 408 411 414 474 476 586 587 589 590 591 592 595 597 607 609 610 614 615 616 617 737 746 788","4:1 4:2 4:4 5:4 5:9 6:9 34:29 34:34 35:34 113:115 183:178 188:192 194:192 194:193 212:217 220:217 245:250 248:250 249:250 250:250 341:345 342:345 343:345 344:345 349:345 353:356 361:356 361:357 402:407 403:407 404:407 406:407 410:407 410:412 411:412 417:412 474:475 478:475 584:589 586:589 590:589 590:590 593:590 593:592 593:597 597:597 608:607 608:611 609:611 610:611 617:612 617:613 617:614 617:615 617:616 617:617 736:739 747:745 747:746 791:786"
"قائد (پارٹی بانی لیڈر)","نسیمہ (شعیب کی بہن)",93,"286 288 315 322 323 324 326 338 339 340 350 352 353 358 359 360 388 389 390 391 393 394 395 396 397 418 419 420 481 482 483 486 487 541 542 543 545 546 547 549 550 551 559 560 561 562 570 571 572 573 574 575 576 577 578 579 580 586 587 589 590 591 595 597 723 724 725 737 744 746 755 756 757","286:286 290:286 314:316 325:320 325:321 325:323 325:324 325:328 341:336 341:338 341:339 341:340 349:351 353:351 353:353 361:356 361:357 361:358 361:359 386:391 387:391 389:391 390:391 391:391 392:391 392:394 394:394 395:394 395:395 396:395 396:396 397:396 397:397 398:397 417:420 418:420 419:420 420:420 479:484 481:484 482:484 488:484 488:487 539:543 540:543 542:543 543:543 547:543 547:544 547:545 547:546 547:547 551:547 551:548 551:549 551:550 551:552 558:560 559:560 561:560 561:561 562:561 562:562 569:571 571:571 574:571 574:573 574:574 575:574 575:575 576:575 576:576 578:576 578:578 579:578 579:579 582:579 584:589 586:589 590:589 590:590 593:590 593:598 597:598 726:721 726:722 726:724 736:739 747:742 747:746 758:753 758:754 758:756"
"قائد (پارٹی بانی لیڈر)","نصیر شیخ (پارٹی امیدوار)",11,"365 366 367 396 397 398","363:367 364:367 365:367 366:367 368:367 394:398 395:398 396:398 397:398 398:398 399:398"
"قائد (پارٹی بانی لیڈر)","نمائر (کیمپ کا قیدی ساتھی)",13,"479 480 481 573 575 576 577 578 579 580","478:481 479:481 481:481 482:481 571:576 574:576 575:576 576:576 578:576 578:578 579:578 579:579 582:579"
"قائد (پارٹی بانی لیڈر)","نیلی (بھینس)",6,"700 701 702 704 705","698:703 699:703 701:703 702:703 706:703 706:704"
"قائد (پارٹی بانی لیڈر)","وریا م",3,"90 92","89:91 90:91 94:91"
"قائد (پارٹی بانی لیڈر)","وسیم بھائی (بدیع الزمان کا سالا/قرض خواہ)",49,"5 6 34 35 58 73 81 84 87 109 111 134 137 183 342 343 344 346 354 358 379 380 383 385 386 420 421 527 528 529 532 607 624 626 627 689 692 708 746 791","4:7 5:7 6:7 34:35 35:35 58:59 72:74 83:79 83:86 89:86 109:109 113:109 132:136 138:136 183:183 184:183 341:344 342:344 343:344 344:344 349:344 353:356 361:356 378:380 379:380 381:380 381:386 385:386 386:386 387:386 418:423 419:423 420:423 525:530 526:530 527:530 528:530 535:530 608:606 623:626 626:626 627:626 627:627 628:627 688:690 695:690 706:711 747:746 791:792"
"قائد (پارٹی بانی لیڈر)","پروفیسر میر صاحب",9,"221 222 246 248 249","220:222 221:222 222:222 223:222 245:248 248:248 249:248 249:249 250:249"
"قائد (پارٹی بانی لیڈر)","پھاتو مراثن (ڈھولکی)",2,"355 359","353:358 361:358"
"قائد (پارٹی بانی لیڈر)","پیر حمید الدین بلال شاہ (مرشد بلال پور شریف)",9,"4 5 6 34 757 791","4:4 5:4 5:5 6:5 6:6 34:34 35:34 758:757 791:791"
"قائد (پارٹی بانی لیڈر)","چاچا احمد خان راٹھور",171,"35 57 60 69 74 102 103 107 108 114 119 120 121 122 123 126 127 129 130 131 132 135 140 144 145 180 182 183 184 185 186 187 188 191 192 193 194 195 196 209 210 211 212 218 219 220 222 223 224 225 228 230 235 236 237 243 244 245 246 247 248 249 250 263 273 286 288 289 290 315 354 358 359 361 362 370 371 373 374 376 383 385 405 406 407 409 430 444 474 476 490 491 494 509 510 511 558 559 560 563 564 567 568 569 570 572 573 574 585 586 587 589 599 605 606 607 608 609 618 621 630 631 634 694 697 699 700 703 704 706 724 725 732 735 737 756 757 789","34:36 35:36 58:57 58:63 72:67 72:76 103:102 103:103 109:105 109:106 109:107 113:115 122:117 122:118 122:119 122:120 122:121 122:122 123:122 123:123 124:123 124:128 126:128 130:128 130:131 132:131 132:133 138:133 138:143 145:143 145:146 183:178 183:181 183:184 184:184 185:184 185:185 186:185 186:186 188:186 188:188 194:189 194:190 194:191 194:192 194:193 194:194 195:194 195:195 196:195 196:196 212:207 212:208 212:209 212:210 212:212 220:216 220:217 220:218 220:220 221:220 221:223 222:223 223:223 224:223 224:225 225:225 226:225 226:231 229:231 237:234 237:236 237:238 245:241 245:242 245:243 245:244 245:245 248:245 248:246 248:248 249:248 249:249 250:249 250:250 264:262 264:263 272:275 286:287 290:287 290:288 290:290 314:316 353:356 361:356 361:357 361:358 361:362 363:362 368:372 370:372 371:372 374:372 374:375 378:375 381:385 385:385 386:385 403:408 404:408 406:408 410:408 429:432 445:443 474:474 478:474 488:493 489:493 496:493 507:512 508:512 511:512 558:559 559:559 561:559 561:566 562:566 569:566 569:567 569:570 571:570 571:573 574:573 574:574 575:574 583:588 584:588 586:588 590:588 597:601 608:603 608:604 608:605 608:607 608:608 609:608 609:609 610:609 617:619 623:619 628:633 629:633 635:633 635:634 695:694 695:700 698:700 699:700 701:700 701:706 702:706 706:706 726:723 726:724 731:734 736:734 736:739 758:754 758:755 758:757 791:787"
"قائد (پارٹی بانی لیڈر)","چنبیلی (گھوڑی)",1,"70","72:68"
"قائد (پارٹی بانی لیڈر)","چوہدری ارشد (یونین رہنما)",5,"363 364 365","361:365 363:365 364:365 365:365 366:365"
"قائد (پارٹی بانی لیڈر)","چوہدری اظہر (ایس ایچ او نور پور)",32,"57 110 112 134 137 138 349 351 447 448 451 452 453 564 568 578 579 580 581 582 583 584 585 598 607 758","58:57 109:112 113:112 132:136 138:136 138:137 138:138 349:350 353:350 445:450 447:450 452:450 452:453 453:453 454:453 562:567 569:567 576:581 578:581 579:581 582:581 582:582 583:582 583:583 584:583 584:584 586:584 586:585 597:599 608:606 608:607 758:758"
"قائد (پارٹی بانی لیڈر)","چوہدری شدا",6,"363 364 365 366 367","361:366 363:366 364:366 365:366 366:366 368:366"
"قائد (پارٹی بانی لیڈر)","ڈاکٹر (کریم بخش کا بیٹا)",85,"57 58 109 111 112 128 130 131 214 218 453 454 455 462 463 464 466 498 499 500 504 507 508 510 511 520 523 524 525 526 527 529 533 534 553 556 623 624 629 630 633 636 637 643 646 647 648 649 651 652 653 679 680 681 682 683 684 686 695 696 697 698 699 700","58:57 58:58 109:109 113:109 113:112 126:131 130:131 132:131 212:217 220:217 452:455 453:455 454:455 455:455 461:464 463:464 464:464 468:464 496:501 497:501 499:501 507:502 507:507 508:507 508:509 511:509 511:510 511:512 520:520 521:520 521:526 522:526 523:526 524:526 525:526 526:526 527:526 527:527 528:527 528:531 535:531 535:533 535:534 551:555 558:555 623:623 626:623 627:632 628:632 629:632 635:632 635:637 638:637 642:644 643:644 648:644 648:645 648:646 648:647 648:648 649:648 649:649 650:649 650:652 652:652 654:652 677:681 678:681 679:681 681:681 682:681 682:682 684:682 684:683 684:684 688:684 688:685 695:695 698:695 698:696 698:697 698:698 699:698 699:699 701:699"
"قائد (پارٹی بانی لیڈر)","ڈاکٹر احسان الحق (پُل کھنگر)",18,"508 509 510 520 528 529 533 534 643 644 646 647 648 649","507:510 508:510 511:510 520:520 521:520 526:531 527:531 528:531 535:531 535:534 642:645 643:645 648:645 648:647 648:648 649:648 649:649 650:649"
"قائد (پارٹی بانی لیڈر)","ڈاکٹر خدابخش کھوکھر (چیف کیمسٹ)",18,"520 521 537 539 651 652 653 654 656 657 671 672 674","520:521 521:521 522:521 535:539 536:539 539:539 540:539 649:654 650:654 652:654 654:654 658:654 658:655 658:656 658:657 669:674 671:674 675:674"
"قائد (پارٹی بانی لیڈر)","ڈاکٹر سعد اللہ خان (کنسلٹنٹ کارڈیالوجسٹ)",3,"695 696 697","695:695 698:695 698:697"
"قائد (پارٹی بانی لیڈر)","ڈاکٹر عرفان (ڈیوٹی ڈاکٹر آئی سی یو)",3,"695 696 697","695:695 698:695 698:697"
"قائد (پارٹی بانی لیڈر)","کامران خان (جواں سال کیمسٹ)",13,"648 649 651 652 653 659 662 670 671 673 674","648:649 649:649 650:649 650:652 652:652 654:652 658:660 659:660 664:660 669:671 671:671 675:671 675:674"
"قائد (پارٹی بانی لیڈر)","کریم راٹھور",36,"89 264 509 510 511 521 522 523 524 525 526 527 528 537 539 623 625 666 668 671 672 674 676 677 678 788 789","89:89 90:89 264:264 507:512 508:512 511:512 520:523 521:523 522:523 523:523 524:523 524:524 525:524 525:525 526:525 526:527 527:527 528:527 528:528 535:539 536:539 539:539 540:539 623:624 626:624 664:668 669:668 669:674 671:674 675:674 675:678 677:678 678:678 679:678 791:786 791:787"
"قائد (پارٹی بانی لیڈر)","کلونت کور",3,"55 56","58:53 58:54 58:55"
"قائد (پارٹی بانی لیڈر)","کنیز",58,"103 109 111 112 121 122 128 130 131 132 135 136 137 138 142 146 190 193 194 195 197 214 218 380 381 382 384 463 464 466 469 472 473 474 476 477 537 538 539 540 541 583 584 585 686 688","103:103 109:109 113:109 113:110 113:112 122:120 122:121 122:122 123:122 126:130 130:130 132:130 132:132 138:133 138:134 138:135 138:137 138:138 145:140 145:148 188:192 194:192 194:193 194:194 195:194 195:195 196:195 196:199 212:216 220:216 220:217 378:383 379:383 381:383 385:383 461:465 463:465 464:465 468:465 468:470 474:470 474:473 474:474 478:474 478:475 478:476 478:477 535:540 536:540 539:540 540:540 542:540 582:585 583:585 584:585 586:585 684:689 688:689"
"قائد (پارٹی بانی لیڈر)","کیپٹن اسد اللہ",2,"285","286:284 286:285"
"قائد (پارٹی بانی لیڈر)","کیپٹن اسرار",10,"34 354 358 559 560 726 728 773","34:34 35:34 353:356 361:356 558:560 559:560 561:560 726:726 731:726 774:773"
"قائد (پارٹی بانی لیڈر)","کیپٹن جمال",16,"2 3 4 284 286 288 586 587 589 591 592 595 597 616 617","4:1 4:2 4:4 5:4 286:282 286:286 290:286 584:589 586:589 590:589 590:592 593:592 593:597 597:597 617:616 617:617"
"قائد (پارٹی بانی لیڈر)","کیپٹن دلاور",4,"310 313 323","309:312 314:312 325:321 325:322"
"قائد (پارٹی بانی لیڈر)","کیڈٹ حبیب اللہ",3,"285 286 288","286:285 286:286 290:286"
"قائد (پارٹی بانی لیڈر)","کیڈٹ نواز کھوکھر",3,"771 772 776","774:769 774:770 774:778"
"قائد (پارٹی بانی لیڈر)","گل افروز خان",23,"262 263 287 289 349 351 352 353 360 366 367 368 369 371 373 381 382 384 413 416","264:261 264:262 264:263 286:288 290:288 349:350 353:350 353:351 353:353 361:360 364:369 365:369 366:369 368:369 370:369 370:372 371:372 374:372 379:384 381:384 385:384 411:416 417:416"
"قائد (پارٹی بانی لیڈر)","ہکیم حاذق",4,"506 507","507:505 507:506 507:507 508:507"
"قائد (پارٹی بانی لیڈر)","یعقوب اعوان",46,"33 34 35 55 57 58 69 70 71 72 80 81 102 140 144 231 235 236 238 274 306 307 311 313 372 373 374 376 383 385 429 490 491 494 495 571 572 574 724 789 791","34:32 34:35 35:35 58:53 58:56 58:57 58:58 72:67 72:68 72:70 72:71 72:72 83:78 83:79 83:80 103:101 138:143 145:143 229:234 237:234 237:235 237:239 272:277 309:304 309:305 309:313 314:313 370:375 371:375 374:375 378:375 381:385 385:385 386:385 429:430 488:493 489:493 496:493 496:494 569:574 571:574 574:574 575:574 726:723 791:787 791:792"
"قمر الاسلام","مرزا عبد الرشید",2,"461 496","461:461 498:495"
"قمر الاسلام","ملک جہانگیر اعوان (ایم ایل اے)",2,"497 498","498:497 498:499"
"قمر الاسلام","ملک رشید (ملک حمید کا بھائی)",1,"461","461:462"
"قمر الاسلام","منظور (اعجاز کا ورکر)",3,"458 462 496","461:456 461:463 498:494"
"قمر الاسلام","منیر میکنک",4,"474 478 479","477:472 477:480 478:480 479:480"
"قمر الاسلام","میجر صدیق",3,"479 480","477:481 478:481 479:481"
"قمر الاسلام","میجر/کیپٹن سرفراز اعوان",4,"459 460 480 481","461:458 461:459 478:483 479:483"
"قمر الاسلام","نامعلوم مزدور عورت (ملک حمید/لطیف کا تعلق)",2,"475 476","477:473 477:475"
"قمر الاسلام","نسرین",1,"476","477:475"
"قمر الاسلام","نسیمہ (شعیب کی بہن)",1,"481","479:484"
"قمر الاسلام","نمائر (کیمپ کا قیدی ساتھی)",3,"479 480","477:481 478:481 479:481"
"قمر الاسلام","چاچا احمد خان راٹھور",2,"475 495","477:474 498:493"
"قمر الاسلام","ڈاکٹر (کریم بخش کا بیٹا)",2,"462 499","461:464 498:501"
"قمر الاسلام","کنیز",7,"463 475 476 477","461:465 477:473 477:474 477:475 477:476 477:477 478:477"
"قمر الاسلام","یعقوب اعوان",2,"495 496","498:493 498:494"
"لیفٹیننٹ کرنل اسلام الدین","ماسی (سرفراز کی پرورش کرنے والی)",3,"130 133 134","130:131 136:131 136:133"
"لیفٹیننٹ کرنل اسلام الدین","ماسی مریم",3,"130 133 134","130:131 136:131 136:133"
"لیفٹیننٹ کرنل اسلام الدین","ملک جہانگیر اعوان (ایم ایل اے)",15,"128 138 139 140 587 590 597 598 609 610 618","130:126 136:141 137:141 138:141 139:141 589:586 589:591 590:591 600:595 600:596 600:597 611:608 611:609 611:610 618:619"
"لیفٹیننٹ کرنل اسلام الدین","ملک حمید",2,"586 599","589:584 600:599"
"لیفٹیننٹ کرنل اسلام الدین","ملک رشید (ملک حمید کا بھائی)",9,"132 135 136 137 138 139","130:135 136:135 136:136 137:136 137:137 138:137 138:138 139:138 139:139"
"لیفٹیننٹ کرنل اسلام الدین","ملک لطیف",2,"586 599","589:584 600:599"
"لیفٹیننٹ کرنل اسلام الدین","منشی کریم شاہ",2,"140 141","138:143 139:143"
"لیفٹیننٹ کرنل اسلام الدین","منظور (اعجاز کا ورکر)",1,"339","337:341"
"لیفٹیننٹ کرنل اسلام الدین","منیر میکنک",1,"588","589:588"
"لیفٹیننٹ کرنل اسلام الدین","میاں انتظار حسین (ایڈووکیٹ ہائی کورٹ)",4,"590 619 732","589:591 590:591 618:621 733:731"
"لیفٹیننٹ کرنل اسلام الدین","میجر ست پال ٹھاکر (کیمپ افسرِ دشمن)",3,"776 777 778","774:779 775:779 778:779"
"لیفٹیننٹ کرنل اسلام الدین","میجر/کیپٹن سرفراز اعوان",49,"130 133 334 335 336 337 589 590 597 598 599 600 611 615 616 617 618 732 734 738 739 740 741 744 746 747 768 769 771 772 773 774 775 776 777 778","130:131 136:131 337:332 337:333 337:334 337:335 337:337 589:589 590:589 590:590 600:595 600:596 600:597 600:598 600:600 611:611 618:613 618:614 618:615 618:616 618:617 618:618 733:732 733:736 741:736 741:737 741:738 741:739 741:740 741:741 747:742 747:745 747:746 747:747 771:766 771:767 771:768 771:771 773:771 773:772 773:773 774:773 774:774 775:774 775:775 778:775 778:776 778:777 778:778"
"لیفٹیننٹ کرنل اسلام الدین","نامعلوم مزدور عورت (ملک حمید/لطیف کا تعلق)",11,"128 129 130 135 136 137 586 587 599","130:126 130:128 130:130 136:134 136:136 137:136 137:137 138:137 589:584 589:585 600:598"
"لیفٹیننٹ کرنل اسلام الدین","نسرین",18,"335 589 590 598 599 600 609 611 615 616 617 740 741 746","337:334 589:589 590:589 590:590 600:597 600:598 600:600 611:607 611:611 618:613 618:614 618:615 618:616 618:617 741:739 741:741 747:745 747:746"
"لیفٹیننٹ کرنل اسلام الدین","نسیمہ (شعیب کی بہن)",15,"334 335 336 337 589 590 599 740 741 744 746","337:332 337:333 337:334 337:335 337:336 337:338 589:589 590:589 590:590 600:598 741:739 741:740 741:742 747:742 747:746"
"لیفٹیننٹ کرنل اسلام الدین","وسیم بھائی (بدیع الزمان کا سالا/قرض خواہ)",6,"136 608 743 746 779","136:136 137:136 611:606 741:746 747:746 778:781"
"لیفٹیننٹ کرنل اسلام الدین","چاچا احمد خان راٹھور",15,"129 130 133 134 140 141 588 600 609 610 618 733 740 780","130:128 130:131 136:131 136:133 138:143 139:143 589:588 600:601 611:607 611:608 611:609 618:619 733:734 741:739 778:782"
"لیفٹیننٹ کرنل اسلام الدین","چوہدری اظہر (ایس ایچ او نور پور)",12,"136 137 138 139 586 587 599 608 609","136:136 137:136 137:137 138:137 138:138 139:138 139:139 589:584 589:585 600:599 611:606 611:607"
"لیفٹیننٹ کرنل اسلام الدین","ڈاکٹر (کریم بخش کا بیٹا)",4,"130 133 620 769","130:131 136:131 618:623 771:767"
"لیفٹیننٹ کرنل اسلام الدین","کریم راٹھور",1,"780","778:782"
"لیفٹیننٹ کرنل اسلام الدین","کنیز",12,"130 134 135 136 137 138 139 587","130:130 136:132 136:133 136:134 136:135 136:137 137:137 138:137 138:138 139:138 139:139 589:585"
"لیفٹیننٹ کرنل اسلام الدین","کیپٹن اسرار",3,"772 773","771:773 773:773 774:773"
"لیفٹیننٹ کرنل اسلام الدین","کیپٹن جمال",8,"589 591 598 599 613 617","589:589 590:589 590:592 600:597 600:598 611:616 618:616 618:617"
"لیفٹیننٹ کرنل اسلام الدین","کیپٹن دلاور",1,"335","337:333"
"لیفٹیننٹ کرنل اسلام الدین","کیڈٹ نواز کھوکھر",6,"770 775 776 778","771:769 771:770 773:778 774:778 775:778 778:778"
"لیفٹیننٹ کرنل اسلام الدین","یعقوب اعوان",4,"140 141 777 779","138:143 139:143 775:780 778:780"
"ماسی (سرفراز کی پرورش کرنے والی)","ماسی مریم",52,"22 23 24 38 71 72 74 76 79 102 118 131 132 133 156 157 158 164 165 172 173 174 175 176 177 243 244 246 257 258 292 300 317 566 567 568 631 632 633 634 754","22:22 23:22 23:23 24:23 24:24 38:38 71:71 74:71 74:74 79:74 79:79 102:102 118:118 131:131 133:131 133:133 156:156 157:156 157:157 158:157 158:158 164:164 165:164 165:165 173:171 173:173 174:173 174:174 175:174 175:175 176:175 176:176 177:176 177:177 243:243 246:243 246:246 257:257 258:257 258:258 292:292 300:300 317:317 566:566 568:566 568:568 631:631 633:631 633:633 634:633 634:634 754:754"
"ماسی (سرفراز کی پرورش کرنے والی)","معین الدین شاہ",3,"628 629","631:626 631:627 631:628"
"ماسی (سرفراز کی پرورش کرنے والی)","ملک جہانگیر اعوان (ایم ایل اے)",26,"39 128 154 158 159 162 163 178 179 240 241 244 245 246 256 290 291 565 566 567 568 632 633","38:40 131:126 156:152 156:160 157:160 158:160 164:160 164:163 176:181 177:181 243:238 243:239 243:245 246:245 246:246 257:255 292:289 292:290 566:564 566:565 566:567 568:567 568:569 631:633 633:633 634:633"
"ماسی (سرفراز کی پرورش کرنے والی)","ملک حمید",3,"240 244 245","243:238 243:245 246:245"
"ماسی (سرفراز کی پرورش کرنے والی)","ملک رشید (ملک حمید کا بھائی)",3,"133 134 153","131:135 133:135 156:151"
"ماسی (سرفراز کی پرورش کرنے والی)","منشی کریم شاہ",1,"256","257:255"
"ماسی (سرفراز کی پرورش کرنے والی)","منظور (اعجاز کا ورکر)",2,"72 73","71:73 74:73"
"ماسی (سرفراز کی پرورش کرنے والی)","مولوی فقیر الدین",3,"102 117 118","102:102 118:117 118:118"
"ماسی (سرفراز کی پرورش کرنے والی)","میاں انتظار حسین (ایڈووکیٹ ہائی کورٹ)",5,"629 631 632 634","631:628 631:632 633:632 633:635 634:635"
"ماسی (سرفراز کی پرورش کرنے والی)","میجر/کیپٹن سرفراز اعوان",82,"19 20 21 22 23 24 35 36 37 38 69 70 71 72 74 76 77 79 100 101 102 115 117 118 131 132 156 157 159 162 164 165 170 171 172 173 175 176 177 240 241 245 246 254 289 290 292 300 314 315 316 317 563 564 565 566 567 568 751 752 753 754","22:17 22:18 22:19 22:21 22:22 23:22 23:23 24:23 24:24 38:33 38:34 38:35 38:36 38:37 38:38 71:68 71:69 71:70 71:71 74:71 74:74 79:74 79:75 79:79 102:99 102:100 102:101 102:102 118:113 118:116 118:117 118:119 131:131 133:131 156:156 157:156 157:157 158:157 158:160 164:160 164:165 165:165 173:168 173:169 173:171 173:173 174:173 174:176 175:176 176:176 177:176 177:177 243:238 243:240 243:247 246:247 257:252 292:287 292:288 292:289 292:292 300:300 317:312 317:313 317:314 317:315 317:316 317:317 566:561 566:562 566:563 566:565 566:566 568:566 568:567 568:568 754:749 754:750 754:751 754:752 754:753 754:754"
"ماسی (سرفراز کی پرورش کرنے والی)","نامعلوم مزدور عورت (ملک حمید/لطیف کا تعلق)",16,"19 20 36 101 102 115 116 119 128 129 130 132 133 155","22:17 22:18 22:19 38:34 102:100 102:102 118:113 118:115 118:120 131:126 131:128 131:130 131:134 133:134 156:154 156:155"
"ماسی (سرفراز کی پرورش کرنے والی)","نسرین",16,"20 25 26 36 116 117 166 167 171 175 176 177 248","22:18 22:19 23:28 24:28 38:34 118:115 118:116 164:169 165:169 173:169 173:178 174:178 175:178 176:178 177:178 246:250"
"ماسی (سرفراز کی پرورش کرنے والی)","نسیمہ (شعیب کی بہن)",9,"316 318 563 564 568 569 753 754","317:316 317:319 566:561 566:562 566:563 566:571 568:571 754:753 754:754"
"ماسی (سرفراز کی پرورش کرنے والی)","وسیم بھائی (بدیع الزمان کا سالا/قرض خواہ)",14,"19 24 25 36 38 72 74 76 79 133 134 628 629","22:17 22:26 23:26 24:26 38:35 38:38 71:74 74:74 79:74 79:79 131:136 133:136 631:626 631:627"
"ماسی (سرفراز کی پرورش کرنے والی)","پروفیسر میر صاحب",2,"245 247","243:248 246:248"
"ماسی (سرفراز کی پرورش کرنے والی)","پیر حمید الدین بلال شاہ (مرشد بلال پور شریف)",5,"36 159 160 163 755","38:34 157:162 158:162 164:162 754:757"
"ماسی (سرفراز کی پرورش کرنے والی)","چاچا احمد خان راٹھور",69,"22 23 37 38 69 73 75 77 102 116 117 118 129 131 132 133 154 158 159 162 163 164 165 170 171 172 173 174 175 176 177 240 242 243 244 245 246 254 259 260 289 290 291 292 300 316 317 566 567 569 632 633 634 754","22:23 23:23 24:23 38:36 38:38 71:67 71:76 74:76 79:76 102:102 118:115 118:116 118:117 118:118 131:128 131:131 133:131 133:133 156:152 156:160 157:160 158:160 164:160 164:162 164:163 164:164 165:164 165:165 173:168 173:169 173:170 173:171 173:172 173:173 174:173 174:174 175:174 175:175 176:175 176:176 177:176 177:177 243:238 243:241 243:242 243:243 246:243 246:244 246:245 246:246 257:252 257:262 258:262 292:287 292:288 292:290 292:292 300:300 317:316 317:317 566:566 568:566 568:567 568:570 631:633 633:633 634:633 634:634 754:754"
"ماسی (سرفراز کی پرورش کرنے والی)","چنبیلی (گھوڑی)",1,"69","71:68"
"ماسی (سرفراز کی پرورش کرنے والی)","چوہدری اظہر (ایس ایچ او نور پور)",7,"133 134 153 301 566 567 756","131:136 133:136 156:151 300:302 566:567 568:567 754:758"
"ماسی (سرفراز کی پرورش کرنے والی)","چوہدری اللہ داد خان",2,"257","257:257 258:257"
"ماسی (سرفراز کی پرورش کرنے والی)","ڈاکٹر (کریم بخش کا بیٹا)",7,"21 131 132 631 632 635","22:20 131:131 133:131 631:632 633:632 633:637 634:637"
"ماسی (سرفراز کی پرورش کرنے والی)","کلونت کور",4,"24 25 39","22:27 23:27 24:27 38:41"
"ماسی (سرفراز کی پرورش کرنے والی)","کنیز",16,"102 119 130 131 132 133 153 154 155 156 158 159 162 163","102:103 118:120 131:130 131:132 133:132 133:133 156:151 156:153 156:154 156:155 156:156 157:156 157:160 158:160 164:160 164:163"
"ماسی (سرفراز کی پرورش کرنے والی)","کو چوہا (چوکیدار/کھیت میں سونے والا)",2,"257 258","257:258 258:258"
"ماسی (سرفراز کی پرورش کرنے والی)","کیپٹن اسرار",1,"36","38:34"
"ماسی (سرفراز کی پرورش کرنے والی)","کیپٹن جمال",3,"19 20","22:17 22:18 22:19"
"ماسی (سرفراز کی پرورش کرنے والی)","کیپٹن دلاور",2,"314 319","317:312 317:321"
"ماسی (سرفراز کی پرورش کرنے والی)","کیڈٹ مجید اللہ",4,"294 298 299","292:297 300:297 300:298 300:299"
"ماسی (سرفراز کی پرورش کرنے والی)","گل افروز خان",3,"259 290","257:261 258:261 292:288"
"ماسی (سرفراز کی پرورش کرنے والی)","یعقوب اعوان",27,"23 24 36 37 39 68 69 70 71 72 73 74 76 77 78 79 101 164 241 301 315","22:24 23:24 24:24 38:35 38:36 38:41 71:66 71:67 71:68 71:70 71:71 74:71 74:72 74:73 74:74 79:74 79:75 79:76 79:77 79:78 79:79 102:101 164:164 165:164 243:239 300:303 317:313"
"ماسی مریم","معین الدین شاہ",3,"628 629","631:626 631:627 631:628"
"ماسی مریم","ملک جہانگیر اعوان (ایم ایل اے)",26,"39 128 154 158 159 162 163 178 179 240 241 244 245 246 256 290 291 565 566 567 568 632 633","38:40 131:126 156:152 156:160 157:160 158:160 164:160 164:163 176:181 177:181 243:238 243:239 243:245 246:245 246:246 257:255 292:289 292:290 566:564 566:565 566:567 568:567 568:569 631:633 633:633 634:633"
"ماسی مریم","ملک حمید",3,"240 244 245","243:238 243:245 246:245"
"ماسی مریم","ملک رشید (ملک حمید کا بھائی)",3,"133 134 153","131:135 133:135 156:151"
"ماسی مریم","منشی کریم شاہ",1,"256","257:255"
"ماسی مریم","منظور (اعجاز کا ورکر)",2,"72 73","71:73 74:73"
"ماسی مریم","مولوی فقیر الدین",3,"102 117 118","102:102 118:117 118:118"
"ماسی مریم","میاں انتظار حسین (ایڈووکیٹ ہائی کورٹ)",5,"629 631 632 634","631:628 631:632 633:632 633:635 634:635"
"ماسی مریم","میجر/کیپٹن سرفراز اعوان",84,"19 20 21 22 23 24 35 36 37 38 69 70 71 72 74 76 77 79 100 101 102 115 117 118 131 132 156 157 159 162 164 165 168 169 170 171 172 173 175 176 177 240 241 245 246 254 289 290 292 300 314 315 316 317 563 564 565 566 567 568 751 752 753 754","22:17 22:18 22:19 22:21 22:22 23:22 23:23 24:23 24:24 38:33 38:34 38:35 38:36 38:37 38:38 71:68 71:69 71:70 71:71 74:71 74:74 79:74 79:75 79:79 102:99 102:100 102:101 102:102 118:113 118:116 118:117 118:119 131:131 133:131 156:156 157:156 157:157 158:157 158:160 164:160 164:165 165:165 171:166 171:168 171:169 171:171 173:171 173:173 174:173 174:176 175:176 176:176 177:176 177:177 243:238 243:240 243:247 246:247 257:252 292:287 292:288 292:289 292:292 300:300 317:312 317:313 317:314 317:315 317:316 317:317 566:561 566:562 566:563 566:565 566:566 568:566 568:567 568:568 754:749 754:750 754:751 754:752 754:753 754:754"
"ماسی مریم","نامعلوم مزدور عورت (ملک حمید/لطیف کا تعلق)",16,"19 20 36 101 102 115 116 119 128 129 130 132 133 155","22:17 22:18 22:19 38:34 102:100 102:102 118:113 118:115 118:120 131:126 131:128 131:130 131:134 133:134 156:154 156:155"
"ماسی مریم","نسرین",16,"20 25 26 36 116 117 166 167 170 175 176 177 248","22:18 22:19 23:28 24:28 38:34 118:115 118:116 164:169 165:169 171:169 173:178 174:178 175:178 176:178 177:178 246:250"
"ماسی مریم","نسیمہ (شعیب کی بہن)",9,"316 318 563 564 568 569 753 754","317:316 317:319 566:561 566:562 566:563 566:571 568:571 754:753 754:754"
"ماسی مریم","وسیم بھائی (بدیع الزمان کا سالا/قرض خواہ)",14,"19 24 25 36 38 72 74 76 79 133 134 628 629","22:17 22:26 23:26 24:26 38:35 38:38 71:74 74:74 79:74 79:79 131:136 133:136 631:626 631:627"
"ماسی مریم","پروفیسر میر صاحب",2,"245 247","243:248 246:248"
"ماسی مریم","پیر حمید الدین بلال شاہ (مرشد بلال پور شریف)",5,"36 159 160 163 755","38:34 157:162 158:162 164:162 754:757"
"ماسی مریم","چاچا احمد خان راٹھور",72,"22 23 37 38 69 73 75 77 102 116 117 118 129 131 132 133 154 158 159 162 163 164 165 168 169 170 171 172 173 174 175 176 177 240 242 243 244 245 246 254 259 260 289 290 291 292 300 316 317 566 567 569 632 633 634 754","22:23 23:23 24:23 38:36 38:38 71:67 71:76 74:76 79:76 102:102 118:115 118:116 118:117 118:118 131:128 131:131 133:131 133:133 156:152 156:160 157:160 158:160 164:160 164:162 164:163 164:164 165:164 165:165 171:166 171:167 171:168 171:169 171:170 171:171 173:171 173:172 173:173 174:173 174:174 175:174 175:175 176:175 176:176 177:176 177:177 243:238 243:241 243:242 243:243 246:243 246:244 246:245 246:246 257:252 257:262 258:262 292:287 292:288 292:290 292:292 300:300 317:316 317:317 566:566 568:566 568:567 568:570 631:633 633:633 634:633 634:634 754:754"
"ماسی مریم","چنبیلی (گھوڑی)",1,"69","71:68"
"ماسی مریم","چوہدری اظہر (ایس ایچ او نور پور)",7,"133 134 153 301 566 567 756","131:136 133:136 156:151 300:302 566:567 568:567 754:758"
"ماسی مریم","چوہدری اللہ داد خان",2,"257","257:257 258:257"
"ماسی مریم","ڈاکٹر (کریم بخش کا بیٹا)",7,"21 131 132 631 632 635","22:20 131:131 133:131 631:632 633:632 633:637 634:637"
"ماسی مریم","کلونت کور",4,"24 25 39","22:27 23:27 24:27 38:41"
"ماسی مریم","کنیز",16,"102 119 130 131 132 133 153 154 155 156 158 159 162 163","102:103 118:120 131:130 131:132 133:132 133:133 156:151 156:153 156:154 156:155 156:156 157:156 157:160 158:160 164:160 164:163"
"ماسی مریم","کو چوہا (چوکیدار/کھیت میں سونے والا)",2,"257 258","257:258 258:258"
"ماسی مریم","کیپٹن اسرار",1,"36","38:34"
"ماسی مریم","کیپٹن جمال",3,"19 20","22:17 22:18 22:19"
"ماسی مریم","کیپٹن دلاور",2,"314 319","317:312 317:321"
"ماسی مریم","کیڈٹ مجید اللہ",4,"294 298 299","292:297 300:297 300:298 300:299"
"ماسی مریم","گل افروز خان",3,"259 290","257:261 258:261 292:288"
"ماسی مریم","یعقوب اعوان",27,"23 24 36 37 39 68 69 70 71 72 73 74 76 77 78 79 101 164 241 301 315","22:24 23:24 24:24 38:35 38:36 38:41 71:66 71:67 71:68 71:70 71:71 74:71 74:72 74:73 74:74 79:74 79:75 79:76 79:77 79:78 79:79 102:101 164:164 165:164 243:239 300:303 317:313"
"محمد نواز چیمہ","ملک جہانگیر اعوان (ایم ایل اے)",4,"92 94 386","93:91 93:95 94:95 387:386"
"محمد نواز چیمہ","ملک عالم جہاں اعوان",1,"92","93:91"
"محمد نواز چیمہ","منظور (اعجاز کا ورکر)",7,"386 387 388 389 390","387:385 387:387 388:387 388:388 389:388 389:390 390:390"
"محمد نواز چیمہ","میجر/کیپٹن سرفراز اعوان",12,"90 91 92 93 95 389 390","93:88 93:89 93:90 93:91 93:92 93:93 94:93 94:96 387:391 388:391 389:391 390:391"
"محمد نواز چیمہ","نامعلوم مزدور عورت (ملک حمید/لطیف کا تعلق)",2,"90 92","93:88 93:92"
"محمد نواز چیمہ","نسیمہ (شعیب کی بہن)",4,"389 390","387:391 388:391 389:391 390:391"
"محمد نواز چیمہ","وریا م",1,"92","93:91"
"محمد نواز چیمہ","وسیم بھائی (بدیع الزمان کا سالا/قرض خواہ)",1,"386","387:386"
"محمد نواز چیمہ","چاچا احمد خان راٹھور",1,"386","387:385"
"محمد نواز چیمہ","کریم راٹھور",1,"91","93:89"
"محمد نواز چیمہ","کنیز",1,"385","387:383"
"محمد نواز چیمہ","گل افروز خان",1,"385","387:384"
"محمد نواز چیمہ","یعقوب اعوان",1,"386","387:385"
"محمد یاسین (طلوع کا رپورٹر/ساتھی)","نیلی (بھینس)",2,"704 705","706:703 706:704"
"محمد یاسین (طلوع کا رپورٹر/ساتھی)","وسیم بھائی (بدیع الزمان کا سالا/قرض خواہ)",1,"708","706:711"
"محمد یاسین (طلوع کا رپورٹر/ساتھی)","چاچا احمد خان راٹھور",1,"706","706:706"
"مرزا عبد الرشید","ملک جہانگیر اعوان (ایم ایل اے)",4,"344 347 496","344:344 345:344 345:349 495:497"
"مرزا عبد الرشید","ملک رشید (ملک حمید کا بھائی)",7,"344 461 462 463","344:344 345:344 461:462 462:462 463:462 463:463 464:463"
"مرزا عبد الرشید","منظور (اعجاز کا ورکر)",16,"342 343 344 345 458 462 463 464 465 493 494","344:341 344:342 344:343 344:344 345:344 345:345 461:456 461:463 462:463 463:463 464:463 464:464 465:464 465:465 495:491 495:494"
"مرزا عبد الرشید","منیر میکنک",1,"467","465:470"
"مرزا عبد الرشید","میجر صدیق",1,"493","495:492"
"مرزا عبد الرشید","میجر/کیپٹن سرفراز اعوان",4,"341 342 459 460","344:339 344:340 461:458 461:459"
"مرزا عبد الرشید","نامعلوم مزدور عورت (ملک حمید/لطیف کا تعلق)",1,"347","345:350"
"مرزا عبد الرشید","نسرین",2,"344 345","344:345 345:345"
"مرزا عبد الرشید","نسیمہ (شعیب کی بہن)",2,"341 342","344:339 344:340"
"مرزا عبد الرشید","وسیم بھائی (بدیع الزمان کا سالا/قرض خواہ)",2,"344","344:344 345:344"
"مرزا عبد الرشید","چاچا احمد خان راٹھور",1,"494","495:493"
"مرزا عبد الرشید","چوہدری اظہر (ایس ایچ او نور پور)",1,"347","345:350"
"مرزا عبد الرشید","ڈاکٹر (کریم بخش کا بیٹا)",5,"462 463 464","461:464 462:464 463:464 464:464 465:464"
"مرزا عبد الرشید","کنیز",5,"463 464 465","461:465 462:465 463:465 464:465 465:465"
"مرزا عبد الرشید","گل افروز خان",1,"347","345:350"
"مرزا عبد الرشید","یعقوب اعوان",2,"494","495:493 495:494"
"معین الدین شاہ","ملک جہانگیر اعوان (ایم ایل اے)",3,"520 621 630","521:520 624:619 628:633"
"معین الدین شاہ","میاں انتظار حسین (ایڈووکیٹ ہائی کورٹ)",9,"622 623 624 625 627 628","624:621 624:622 624:624 625:624 625:625 626:625 626:628 627:628 628:628"
"معین الدین شاہ","میجر قدیر (ازمیر مل کا ایڈمن افسر)",1,"521","521:521"
"معین الدین شاہ","میجر/کیپٹن سرفراز اعوان",1,"519","521:518"
"معین الدین شاہ","وسیم بھائی (بدیع الزمان کا سالا/قرض خواہ)",6,"625 626 627","624:626 625:626 626:626 627:626 627:627 628:627"
"معین الدین شاہ","چاچا احمد خان راٹھور",2,"621 630","624:619 628:633"
"معین الدین شاہ","ڈاکٹر (کریم بخش کا بیٹا)",5,"520 523 623 629 630","521:520 521:526 624:623 627:632 628:632"
"معین الدین شاہ","ڈاکٹر احسان الحق (پُل کھنگر)",1,"520","521:520"
"معین الدین شاہ","ڈاکٹر خدابخش کھوکھر (چیف کیمسٹ)",1,"521","521:521"
"معین الدین شاہ","کریم راٹھور",3,"522 624","521:523 624:624 625:624"
"ملک جہانگیر اعوان (ایم ایل اے)","ملک حمید",33,"144 145 146 147 148 188 189 191 192 193 196 237 238 245 265 266 275 583 584 585 597 598","142:147 143:147 144:147 145:147 146:147 147:147 148:147 148:148 149:148 186:191 188:191 191:191 193:191 193:192 193:194 199:194 236:238 237:238 238:238 239:238 245:245 246:245 264:266 266:266 275:275 276:275 586:581 586:582 586:583 586:584 595:599 596:599 597:599"
"ملک جہانگیر اعوان (ایم ایل اے)","ملک رشید (ملک حمید کا بھائی)",14,"138 139 140 148 149 150 151 275 276 344 346","141:136 141:137 141:138 141:139 146:151 147:151 148:151 149:151 152:151 275:275 276:275 276:276 344:344 349:344"
"ملک جہانگیر اعوان (ایم ایل اے)","ملک عالم جہاں اعوان",2,"91 93","91:91 95:91"
"ملک جہانگیر اعوان (ایم ایل اے)","ملک لطیف",4,"585 597 598","586:584 595:599 596:599 597:599"
"ملک جہانگیر اعوان (ایم ایل اے)","منشی کریم شاہ",11,"142 143 255 264 265 403 404 406","141:143 142:143 143:143 144:143 255:255 264:264 266:264 401:406 402:406 406:406 407:406"
"ملک جہانگیر اعوان (ایم ایل اے)","منظور (اعجاز کا ورکر)",40,"193 194 197 342 343 344 346 347 348 349 363 364 365 371 375 376 377 385 386 399 408 409 410 411 412 414 415 417 418 495 501 505","191:195 193:195 199:195 344:341 344:342 344:343 344:344 349:344 349:345 349:346 349:347 349:348 349:349 361:365 362:365 363:365 365:365 374:369 374:377 375:377 376:377 377:377 378:377 386:385 386:387 401:398 406:411 407:411 408:411 409:411 410:411 412:411 412:412 417:412 417:413 417:417 419:417 497:494 499:504 507:504"
"ملک جہانگیر اعوان (ایم ایل اے)","منیر میکنک",2,"587 589","586:588 591:588"
"ملک جہانگیر اعوان (ایم ایل اے)","میاں انتظار حسین (ایڈووکیٹ ہائی کورٹ)",14,"85 561 588 591 592 620 630 632 634 643 645 674 676","85:85 564:559 586:591 591:591 593:591 619:621 633:628 633:632 633:635 645:641 645:642 645:645 675:673 675:678"
"ملک جہانگیر اعوان (ایم ایل اے)","میجر صدیق",1,"494","497:492"
"ملک جہانگیر اعوان (ایم ایل اے)","میجر قدیر (ازمیر مل کا ایڈمن افسر)",1,"520","520:521"
"ملک جہانگیر اعوان (ایم ایل اے)","میجر/کیپٹن سرفراز اعوان",135,"37 38 39 40 83 84 85 88 89 90 91 93 94 95 111 121 128 154 158 160 161 164 178 179 190 192 193 200 221 230 231 237 238 239 242 246 252 253 264 265 266 274 276 288 289 291 341 342 350 358 359 360 372 374 375 378 379 388 398 399 403 405 406 418 419 507 508 509 510 511 519 562 563 564 565 566 567 568 569 570 571 572 587 590 591 592 593 594 595 596 597 609 610 616 617 618","40:35 40:36 40:37 40:38 40:39 40:40 85:81 85:82 85:83 85:86 91:86 91:87 91:88 91:89 91:90 91:91 95:91 95:92 95:93 95:96 109:113 124:119 126:131 152:156 160:156 160:157 160:160 163:160 163:165 181:176 181:177 188:193 191:193 193:193 199:202 222:220 229:231 230:231 232:231 236:238 237:238 238:238 239:238 239:240 245:240 245:247 246:247 255:250 255:252 264:264 266:264 266:265 266:266 275:273 275:274 275:277 276:277 289:287 289:288 289:289 290:289 290:292 344:339 344:340 349:351 361:356 361:357 361:358 361:359 374:371 374:375 375:375 376:375 376:380 377:380 378:380 379:380 386:391 401:396 401:397 401:405 402:405 406:405 406:406 407:406 417:420 419:420 507:508 508:508 509:508 509:509 510:509 510:510 512:510 512:511 520:518 564:560 564:561 564:562 564:563 564:565 565:565 567:565 567:566 567:567 569:567 569:568 569:569 570:569 570:570 572:570 572:571 572:572 586:589 591:589 591:590 591:591 593:591 593:592 593:593 595:593 595:594 595:595 596:595 596:596 597:596 597:597 608:611 609:611 610:611 619:614 619:615 619:616 619:617 619:618"
"ملک جہانگیر اعوان (ایم ایل اے)","نامعلوم مزدور عورت (ملک حمید/لطیف کا تعلق)",39,"86 89 91 93 97 107 109 122 125 126 138 139 145 146 147 148 151 153 157 190 192 193 219 349 418 419 507 562 585 595 596 597","85:87 91:87 91:88 91:92 95:92 95:100 109:106 109:109 124:120 124:126 126:126 141:136 141:137 143:148 144:148 145:148 146:148 147:148 148:148 149:148 149:154 152:154 160:155 188:193 191:193 193:193 222:217 349:350 417:420 419:420 507:507 508:507 564:560 586:584 586:585 593:598 595:598 596:598 597:598"
"ملک جہانگیر اعوان (ایم ایل اے)","نانبائی (او جھری والا)",1,"676","675:678"
"ملک جہانگیر اعوان (ایم ایل اے)","نسرین",40,"42 179 190 191 192 193 219 247 248 252 344 347 358 359 404 406 407 410 411 412 414 587 590 591 592 595 596 597 607 609 610 616 617 618","40:44 181:178 188:192 191:192 193:192 193:193 222:217 245:250 246:250 255:250 344:345 349:345 361:356 361:357 402:407 406:407 407:407 408:407 408:412 409:412 410:412 412:412 417:412 586:589 591:589 591:590 591:592 593:592 593:597 595:597 596:597 597:597 608:607 608:611 609:611 610:611 619:614 619:615 619:616 619:617"
"ملک جہانگیر اعوان (ایم ایل اے)","نسیمہ (شعیب کی بہن)",29,"287 341 342 350 358 359 360 388 398 399 418 419 562 563 569 570 571 572 587 590 595 596 597","289:286 344:339 344:340 349:351 361:356 361:357 361:358 361:359 386:391 401:396 401:397 417:420 419:420 564:560 564:561 564:562 564:563 567:571 569:571 570:571 572:571 572:573 586:589 591:589 591:590 593:598 595:598 596:598 597:598"
"ملک جہانگیر اعوان (ایم ایل اے)","نصیر شیخ (پارٹی امیدوار)",4,"364 365 366 399","362:367 363:367 365:367 401:398"
"ملک جہانگیر اعوان (ایم ایل اے)","نمائر (کیمپ کا قیدی ساتھی)",1,"574","572:576"
"ملک جہانگیر اعوان (ایم ایل اے)","وریا م",2,"91 93","91:91 95:91"
"ملک جہانگیر اعوان (ایم ایل اے)","وسیم بھائی (بدیع الزمان کا سالا/قرض خواہ)",22,"37 39 85 88 109 138 182 183 184 277 344 346 358 377 378 379 386 421 607","40:35 40:38 85:86 91:86 109:109 141:136 181:183 183:183 186:183 275:279 276:279 344:344 349:344 361:356 375:380 376:380 377:380 378:380 379:380 386:386 419:423 608:606"
"ملک جہانگیر اعوان (ایم ایل اے)","پروفیسر میر صاحب",3,"222 246 247","222:222 245:248 246:248"
"ملک جہانگیر اعوان (ایم ایل اے)","پھاتو مراثن (ڈھولکی)",1,"359","361:358"
"ملک جہانگیر اعوان (ایم ایل اے)","پیر حمید الدین بلال شاہ (مرشد بلال پور شریف)",2,"161 162","160:162 163:162"
"ملک جہانگیر اعوان (ایم ایل اے)","چاچا احمد خان راٹھور",134,"38 39 107 108 121 122 123 126 127 142 143 145 146 147 148 149 150 152 160 161 162 163 178 179 181 182 183 185 186 187 188 189 190 191 192 193 196 197 198 199 219 220 221 222 227 230 231 233 235 236 237 238 240 243 244 245 246 252 253 263 275 276 288 289 290 358 359 361 362 373 374 375 385 407 408 495 509 510 511 512 561 565 566 567 568 569 570 571 572 587 589 598 599 605 606 607 608 609 619 633","40:36 40:38 109:105 109:106 109:107 124:119 124:120 124:121 124:122 124:123 124:128 126:128 141:143 142:143 143:143 144:143 144:146 145:146 146:146 147:146 147:147 148:147 148:148 149:148 149:149 152:149 152:152 160:160 163:160 163:162 163:163 181:176 181:177 181:178 181:181 183:181 183:184 186:184 186:185 186:186 188:186 188:188 191:188 191:189 191:190 191:191 193:191 193:192 193:193 199:194 199:195 199:196 199:197 199:198 199:199 222:217 222:218 222:220 222:223 229:225 229:231 230:231 232:231 232:234 236:234 236:236 237:236 237:238 238:238 239:238 239:241 245:241 245:242 245:243 245:244 245:245 246:245 246:246 255:250 255:252 264:262 264:263 275:275 276:275 276:276 289:287 289:288 289:290 290:290 361:356 361:357 361:358 361:362 362:362 363:362 374:372 374:375 375:375 376:375 386:385 406:408 407:408 408:408 409:408 497:493 507:512 508:512 509:512 510:512 512:512 564:559 564:566 565:566 567:566 567:567 569:567 569:570 570:570 572:570 572:573 586:588 591:588 596:601 597:601 608:603 608:604 608:605 608:607 608:608 609:608 609:609 610:609 619:619 633:633"
"ملک جہانگیر اعوان (ایم ایل اے)","چنبیلی (گھوڑی)",1,"42","40:45"
"ملک جہانگیر اعوان (ایم ایل اے)","چوہدری ارشد (یونین رہنما)",4,"363 364 365","361:365 362:365 363:365 365:365"
"ملک جہانگیر اعوان (ایم ایل اے)","چوہدری اظہر (ایس ایچ او نور پور)",25,"110 138 139 140 148 149 150 151 349 565 566 567 568 583 584 585 597 598 607","109:112 141:136 141:137 141:138 141:139 146:151 147:151 148:151 149:151 152:151 349:350 564:567 565:567 567:567 569:567 586:581 586:582 586:583 586:584 586:585 595:599 596:599 597:599 608:606 608:607"
"ملک جہانگیر اعوان (ایم ایل اے)","چوہدری اللہ داد خان",1,"256","255:257"
"ملک جہانگیر اعوان (ایم ایل اے)","چوہدری شدا",4,"363 364 365","361:366 362:366 363:366 365:366"
"ملک جہانگیر اعوان (ایم ایل اے)","ڈاکٹر (کریم بخش کا بیٹا)",20,"109 128 219 499 500 504 507 508 509 510 511 512 520 621 632 635 644 645","109:109 126:131 222:217 497:501 499:501 507:502 507:507 508:507 508:509 509:509 510:509 510:510 512:510 512:512 520:520 619:623 633:632 633:637 645:644 645:645"
"ملک جہانگیر اعوان (ایم ایل اے)","ڈاکٹر احسان الحق (پُل کھنگر)",7,"508 509 510 511 520 645","507:510 508:510 509:510 510:510 512:510 520:520 645:645"
"ملک جہانگیر اعوان (ایم ایل اے)","ڈاکٹر خدابخش کھوکھر (چیف کیمسٹ)",2,"520 674","520:521 675:674"
"ملک جہانگیر اعوان (ایم ایل اے)","کامران خان (جواں سال کیمسٹ)",3,"647 673 674","645:649 675:671 675:674"
"ملک جہانگیر اعوان (ایم ایل اے)","کریم راٹھور",13,"87 90 264 265 509 510 511 512 521 621 674 676","85:89 91:89 264:264 266:264 507:512 508:512 509:512 510:512 512:512 520:523 619:624 675:674 675:678"
"ملک جہانگیر اعوان (ایم ایل اے)","کلونت کور",1,"40","40:41"
"ملک جہانگیر اعوان (ایم ایل اے)","کنیز",36,"109 122 123 128 139 140 145 146 147 148 150 151 152 157 158 160 161 163 190 191 192 193 196 197 199 219 380 381 384 585","109:109 124:120 124:121 124:122 126:130 141:137 141:138 141:139 141:140 143:148 144:148 145:148 146:148 147:148 148:148 149:148 149:151 152:151 152:153 160:155 160:156 160:160 163:160 163:163 188:192 191:192 193:192 193:193 199:194 199:195 199:199 222:217 378:383 379:383 386:383 586:585"
"ملک جہانگیر اعوان (ایم ایل اے)","کو چوہا (چوکیدار/کھیت میں سونے والا)",1,"256","255:258"
"ملک جہانگیر اعوان (ایم ایل اے)","کیپٹن اسد اللہ",2,"286 287","289:284 289:285"
"ملک جہانگیر اعوان (ایم ایل اے)","کیپٹن اسرار",2,"358 562","361:356 564:560"
"ملک جہانگیر اعوان (ایم ایل اے)","کیپٹن جمال",11,"287 587 590 591 592 595 596 597 617 618","289:286 586:589 591:589 591:592 593:592 593:597 595:597 596:597 597:597 619:616 619:617"
"ملک جہانگیر اعوان (ایم ایل اے)","کیڈٹ حبیب اللہ",2,"287","289:285 289:286"
"ملک جہانگیر اعوان (ایم ایل اے)","گل افروز خان",15,"262 263 277 288 349 360 367 371 373 381 385 414 416","264:261 264:262 264:263 275:279 276:279 289:288 349:350 361:360 365:369 374:369 374:372 379:384 386:384 412:416 417:416"
"ملک جہانگیر اعوان (ایم ایل اے)","ہکیم حاذق",4,"506 507","507:505 507:506 507:507 508:507"
"ملک جہانگیر اعوان (ایم ایل اے)","یعقوب اعوان",30,"37 38 40 82 142 143 162 163 231 232 233 235 237 238 239 276 374 375 385 495 571 572 573","40:35 40:36 40:41 85:80 141:143 142:143 143:143 144:143 160:164 163:164 229:234 230:234 232:234 236:234 236:235 236:239 237:239 238:239 239:239 275:277 276:277 374:375 375:375 376:375 386:385 497:493 497:494 569:574 570:574 572:574"
"ملک حمید","ملک رشید (ملک حمید کا بھائی)",3,"149 275","147:151 148:151 275:275"
"ملک حمید","ملک لطیف",6,"582 583 584 599 791","581:584 582:584 583:584 584:584 599:599 791:791"
"ملک حمید","منشی کریم شاہ",2,"145 265","147:143 266:264"
"ملک حمید","منظور (اعجاز کا ورکر)",3,"193 194","191:195 192:195 194:195"
"ملک حمید","منیر میکنک",2,"585 586","583:588 584:588"
"ملک حمید","میجر صدیق",1,"580","581:579"
"ملک حمید","میجر/کیپٹن سرفراز اعوان",29,"192 193 238 242 246 265 266 274 276 578 579 580 586 596 597 598 599 788 789 790 791","191:193 192:193 194:193 238:238 245:240 245:247 266:264 266:265 266:266 275:273 275:274 275:277 581:576 581:577 581:578 581:579 584:589 599:594 599:595 599:596 599:597 599:598 599:600 791:786 791:787 791:788 791:789 791:790 791:791"
"ملک حمید","نامعلوم مزدور عورت (ملک حمید/لطیف کا تعلق)",11,"147 148 192 193 582 583 584 598 788","147:148 148:148 191:193 192:193 194:193 581:584 582:584 583:584 584:584 599:598 791:786"
"ملک حمید","نسرین",10,"191 192 193 247 586 598 599 788","191:192 192:192 194:192 194:193 245:250 584:589 599:597 599:598 599:600 791:786"
"ملک حمید","نسیمہ (شعیب کی بہن)",5,"578 579 580 586 598","581:576 581:578 581:579 584:589 599:598"
"ملک حمید","نمائر (کیمپ کا قیدی ساتھی)",3,"578 579 580","581:576 581:578 581:579"
"ملک حمید","وسیم بھائی (بدیع الزمان کا سالا/قرض خواہ)",2,"277 791","275:279 791:792"
"ملک حمید","پروفیسر میر صاحب",1,"246","245:248"
"ملک حمید","پیر حمید الدین بلال شاہ (مرشد بلال پور شریف)",1,"791","791:791"
"ملک حمید","چاچا احمد خان راٹھور",30,"145 146 147 148 188 189 190 191 192 193 194 236 237 238 243 244 245 264 275 585 586 600 789","147:143 147:146 147:147 148:147 148:148 191:186 191:188 191:189 191:190 191:191 192:191 192:192 194:192 194:193 194:194 238:234 238:236 238:238 245:241 245:242 245:243 245:244 245:245 266:262 266:263 275:275 583:588 584:588 599:601 791:787"
"ملک حمید","چوہدری اظہر (ایس ایچ او نور پور)",10,"149 581 582 583 584 599","147:151 148:151 581:581 582:581 582:582 583:582 583:583 584:583 584:584 599:599"
"ملک حمید","کریم راٹھور",3,"265 788 789","266:264 791:786 791:787"
"ملک حمید","کنیز",11,"147 148 191 192 193 194 583 584","147:148 148:148 191:192 192:192 194:192 194:193 194:194 581:585 582:585 583:585 584:585"
"ملک حمید","کیپٹن جمال",3,"586 598","584:589 599:597 599:598"
"ملک حمید","گل افروز خان",4,"263 264 277","266:261 266:262 266:263 275:279"
"ملک حمید","یعقوب اعوان",7,"145 236 238 276 789 791","147:143 238:234 238:235 238:239 275:277 791:787 791:792"
"ملک رشید (ملک حمید کا بھائی)","منشی کریم شاہ",2,"140 141","138:143 139:143"
"ملک رشید (ملک حمید کا بھائی)","منظور (اعجاز کا ورکر)",6,"342 343 344 462 463","344:341 344:342 344:343 344:344 462:463 463:463"
"ملک رشید (ملک حمید کا بھائی)","میجر/کیپٹن سرفراز اعوان",10,"133 153 274 276 341 342 460","135:131 151:156 275:273 275:274 275:277 276:277 344:339 344:340 462:458 462:459"
"ملک رشید (ملک حمید کا بھائی)","نامعلوم مزدور عورت (ملک حمید/لطیف کا تعلق)",9,"132 134 135 136 137 149 152","135:130 135:134 135:136 136:136 137:136 137:137 138:137 151:148 151:154"
"ملک رشید (ملک حمید کا بھائی)","نسرین",1,"344","344:345"
"ملک رشید (ملک حمید کا بھائی)","نسیمہ (شعیب کی بہن)",2,"341 342","344:339 344:340"
"ملک رشید (ملک حمید کا بھائی)","وسیم بھائی (بدیع الزمان کا سالا/قرض خواہ)",6,"135 136 277 344","135:136 136:136 137:136 275:279 276:279 344:344"
"ملک رشید (ملک حمید کا بھائی)","چاچا احمد خان راٹھور",12,"133 134 140 141 148 149 150 151 275 276","135:131 135:133 138:143 139:143 151:146 151:147 151:148 151:149 151:152 275:275 276:275 276:276"
"ملک رشید (ملک حمید کا بھائی)","چوہدری اظہر (ایس ایچ او نور پور)",9,"135 136 137 138 139 151","135:136 136:136 137:136 137:137 138:137 138:138 139:138 139:139 151:151"
"ملک رشید (ملک حمید کا بھائی)","ڈاکٹر (کریم بخش کا بیٹا)",3,"133 463","135:131 462:464 463:464"
"ملک رشید (ملک حمید کا بھائی)","کنیز",16,"132 133 134 135 136 137 138 139 149 151 463 464","135:130 135:132 135:133 135:134 135:135 136:135 136:137 137:137 138:137 138:138 139:138 139:139 151:148 151:151 462:465 463:465"
"ملک رشید (ملک حمید کا بھائی)","گل افروز خان",2,"277","275:279 276:279"
"ملک رشید (ملک حمید کا بھائی)","یعقوب اعوان",4,"140 141 276","138:143 139:143 275:277 276:277"
"ملک عالم جہاں اعوان","میجر/کیپٹن سرفراز اعوان",8,"58 59 88 89 90 91","57:60 58:60 91:86 91:87 91:88 91:89 91:90 91:91"
"ملک عالم جہاں اعوان","نامعلوم مزدور عورت (ملک حمید/لطیف کا تعلق)",6,"56 57 58 89 91","57:56 57:58 58:58 91:87 91:88 91:92"
"ملک عالم جہاں اعوان","وریا م",1,"91","91:91"
"ملک عالم جہاں اعوان","وسیم بھائی (بدیع الزمان کا سالا/قرض خواہ)",3,"58 88","57:59 58:59 91:86"
"ملک عالم جہاں اعوان","چاچا احمد خان راٹھور",3,"57 60","57:57 58:57 58:63"
"ملک عالم جہاں اعوان","چوہدری اظہر (ایس ایچ او نور پور)",2,"57","57:57 58:57"
"ملک عالم جہاں اعوان","ڈاکٹر (کریم بخش کا بیٹا)",4,"54 57 58","57:52 57:57 58:57 58:58"
"ملک عالم جہاں اعوان","کریم راٹھور",1,"90","91:89"
"ملک عالم جہاں اعوان","کلونت کور",3,"55 56","57:53 57:54 57:55"
"ملک عالم جہاں اعوان","یعقوب اعوان",6,"54 55 56 57 58","57:52 57:53 57:56 57:57 58:57 58:58"
"ملک لطیف","منیر میکنک",1,"586","584:588"
"ملک لطیف","میجر صدیق",1,"581","584:579"
"ملک لطیف","میجر/کیپٹن سرفراز اعوان",14,"581 586 596 597 598 599 788 789 790 791","584:579 584:589 599:594 599:595 599:596 599:597 599:598 599:600 791:786 791:787 791:788 791:789 791:790 791:791"
"ملک لطیف","نامعلوم مزدور عورت (ملک حمید/لطیف کا تعلق)",3,"584 598 788","584:584 599:598 791:786"
"ملک لطیف","نسرین",5,"586 598 599 788","584:589 599:597 599:598 599:600 791:786"
"ملک لطیف","نسیمہ (شعیب کی بہن)",3,"581 586 598","584:579 584:589 599:598"
"ملک لطیف","نمائر (کیمپ کا قیدی ساتھی)",1,"581","584:579"
"ملک لطیف","وسیم بھائی (بدیع الزمان کا سالا/قرض خواہ)",1,"791","791:792"
"ملک لطیف","پیر حمید الدین بلال شاہ (مرشد بلال پور شریف)",1,"791","791:791"
"ملک لطیف","چاچا احمد خان راٹھور",3,"586 600 789","584:588 599:601 791:787"
"ملک لطیف","چوہدری اظہر (ایس ایچ او نور پور)",5,"582 583 584 599","584:581 584:582 584:583 584:584 599:599"
"ملک لطیف","کریم راٹھور",2,"788 789","791:786 791:787"
"ملک لطیف","کنیز",1,"584","584:585"
"ملک لطیف","کیپٹن جمال",3,"586 598","584:589 599:597 599:598"
"ملک لطیف","یعقوب اعوان",2,"789 791","791:787 791:792"
"منشی کریم شاہ","منظور (اعجاز کا ورکر)",1,"408","406:411"
"منشی کریم شاہ","میجر/کیپٹن سرفراز اعوان",5,"252 253 264 405 406","255:250 255:252 264:264 406:405 406:406"
"منشی کریم شاہ","نامعلوم مزدور عورت (ملک حمید/لطیف کا تعلق)",1,"145","143:148"
"منشی کریم شاہ","نسرین",2,"252 406","255:250 406:407"
"منشی کریم شاہ","چاچا احمد خان راٹھور",6,"143 252 253 263 407","143:143 255:250 255:252 264:262 264:263 406:408"
"منشی کریم شاہ","چوہدری اظہر (ایس ایچ او نور پور)",2,"140 141","143:138 143:139"
"منشی کریم شاہ","چوہدری اللہ داد خان",1,"256","255:257"
"منشی کریم شاہ","کریم راٹھور",1,"264","264:264"
"منشی کریم شاہ","کنیز",4,"140 141 145","143:138 143:139 143:140 143:148"
"منشی کریم شاہ","کو چوہا (چوکیدار/کھیت میں سونے والا)",1,"256","255:258"
"منشی کریم شاہ","گل افروز خان",3,"262 263","264:261 264:262 264:263"
"منشی کریم شاہ","یعقوب اعوان",1,"143","143:143"
"منظور (اعجاز کا ورکر)","منیر میکنک",1,"467","465:470"
"منظور (اعجاز کا ورکر)","میاں انتظار حسین (ایڈووکیٹ ہائی کورٹ)",3,"442 687","442:442 443:442 689:685"
"منظور (اعجاز کا ورکر)","میجر صدیق",2,"491 493","491:492 494:492"
"منظور (اعجاز کا ورکر)","میجر/کیپٹن سرفراز اعوان",43,"70 71 72 73 194 339 340 348 349 350 368 369 370 376 378 382 389 390 391 392 395 396 397 408 418 439 440 441 456 457 460 461 489 506 690","73:68 73:69 73:70 73:71 73:74 195:193 341:337 341:338 341:339 341:340 346:351 347:351 348:351 349:351 366:371 367:371 368:371 369:371 377:375 377:380 385:380 387:391 388:391 390:391 392:391 392:393 398:393 398:394 398:396 398:397 411:406 417:420 442:437 442:438 442:439 442:441 455:458 456:458 463:458 463:459 491:487 504:508 689:691"
"منظور (اعجاز کا ورکر)","نامعلوم مزدور عورت (ملک حمید/لطیف کا تعلق)",8,"194 347 348 349 418 505","195:193 345:350 346:350 347:350 348:350 349:350 417:420 504:507"
"منظور (اعجاز کا ورکر)","نسرین",12,"193 194 343 344 345 409 411 412","195:192 195:193 341:345 342:345 343:345 344:345 345:345 346:345 411:407 411:412 412:412 413:412"
"منظور (اعجاز کا ورکر)","نسیمہ (شعیب کی بہن)",19,"338 339 340 348 349 350 389 390 391 393 396 397 418 489","341:336 341:338 341:339 341:340 346:351 347:351 348:351 349:351 387:391 388:391 390:391 392:391 392:394 398:394 398:395 398:396 398:397 417:420 491:487"
"منظور (اعجاز کا ورکر)","نصیر شیخ (پارٹی امیدوار)",5,"366 367 398","365:367 366:367 367:367 368:367 398:398"
"منظور (اعجاز کا ورکر)","وسیم بھائی (بدیع الزمان کا سالا/قرض خواہ)",11,"73 342 343 344 378 382 385 386 689","73:74 341:344 342:344 343:344 344:344 345:344 377:380 385:380 385:386 387:386 689:690"
"منظور (اعجاز کا ورکر)","چاچا احمد خان راٹھور",22,"74 192 193 194 195 363 369 370 374 376 385 386 409 442 443 492 493 691","73:76 195:190 195:191 195:192 195:193 195:194 195:195 365:362 367:372 368:372 369:372 377:372 377:375 385:385 387:385 411:408 442:443 443:443 444:443 491:493 494:493 689:694"
"منظور (اعجاز کا ورکر)","چنبیلی (گھوڑی)",1,"70","73:68"
"منظور (اعجاز کا ورکر)","چوہدری ارشد (یونین رہنما)",2,"365","365:365 366:365"
"منظور (اعجاز کا ورکر)","چوہدری اظہر (ایس ایچ او نور پور)",13,"347 348 349 448 449 450 452 454","345:350 346:350 347:350 348:350 349:350 447:450 448:450 449:450 450:450 451:450 451:453 452:453 455:453"
"منظور (اعجاز کا ورکر)","چوہدری شدا",3,"365 366","365:366 366:366 367:366"
"منظور (اعجاز کا ورکر)","ڈاکٹر (کریم بخش کا بیٹا)",13,"452 453 455 463 464 502 503 505 686 687","450:455 451:455 452:455 455:455 456:455 463:464 464:464 465:464 504:501 504:502 504:507 689:684 689:685"
"منظور (اعجاز کا ورکر)","کنیز",9,"193 194 195 384 464 465 689","195:192 195:193 195:194 195:195 385:383 463:465 464:465 465:465 689:689"
"منظور (اعجاز کا ورکر)","گل افروز خان",17,"347 348 349 362 367 368 369 374 384 413 414 416","345:350 346:350 347:350 348:350 349:350 365:360 365:369 366:369 367:369 368:369 369:369 377:372 385:384 411:416 412:416 413:416 417:416"
"منظور (اعجاز کا ورکر)","ہکیم حاذق",1,"504","504:505"
"منظور (اعجاز کا ورکر)","یعقوب اعوان",11,"70 71 72 73 376 385 386 492 493 494","73:68 73:70 73:71 73:72 73:73 377:375 385:385 387:385 491:493 494:493 494:494"
"منیر میکنک","میاں انتظار حسین (ایڈووکیٹ ہائی کورٹ)",1,"589","588:591"
"منیر میکنک","میجر صدیق",1,"480","480:481"
"منیر میکنک","میجر/کیپٹن سرفراز اعوان",2,"481 588","480:483 588:589"
"منیر میکنک","نامعلوم مزدور عورت (ملک حمید/لطیف کا تعلق)",5,"471 472 477 586","470:473 472:473 480:475 588:584 588:585"
"منیر میکنک","نسرین",4,"472 473 477 588","470:475 472:475 480:475 588:589"
"منیر میکنک","نسیمہ (شعیب کی بہن)",2,"482 588","480:484 588:589"
"منیر میکنک","نمائر (کیمپ کا قیدی ساتھی)",1,"480","480:481"
"منیر میکنک","چاچا احمد خان راٹھور",3,"472 473 588","470:474 472:474 588:588"
"منیر میکنک","چوہدری اظہر (ایس ایچ او نور پور)",3,"585 586","588:583 588:584 588:585"
"منیر میکنک","کنیز",8,"467 470 471 472 477 478 586","470:465 470:470 472:470 472:473 480:475 480:476 480:477 588:585"
"منیر میکنک","کیپٹن جمال",1,"588","588:589"
"مولوی فقیر الدین","میجر/کیپٹن سرفراز اعوان",11,"100 101 102 103 115 116 117 118","102:99 102:100 102:101 102:102 103:102 103:103 117:113 117:116 117:117 118:117 118:119"
"مولوی فقیر الدین","نامعلوم مزدور عورت (ملک حمید/لطیف کا تعلق)",8,"101 102 104 115 116 118 119","102:100 102:102 103:102 103:106 117:113 117:115 117:120 118:120"
"مولوی فقیر الدین","نسرین",2,"116","117:115 117:116"
"مولوی فقیر الدین","چاچا احمد خان راٹھور",8,"102 103 116 117 118","102:102 103:102 103:103 117:115 117:116 117:117 118:117 118:118"
"مولوی فقیر الدین","چوہدری اظہر (ایس ایچ او نور پور)",1,"114","117:112"
"مولوی فقیر الدین","ڈاکٹر (کریم بخش کا بیٹا)",1,"114","117:112"
"مولوی فقیر الدین","کنیز",5,"102 103 114 118 119","102:103 103:103 117:112 117:120 118:120"
"مولوی فقیر الدین","یعقوب اعوان",1,"101","102:101"
"میاں انتظار حسین (ایڈووکیٹ ہائی کورٹ)","میجر/کیپٹن سرفراز اعوان",24,"10 11 13 83 84 85 439 440 441 551 552 553 558 559 590 591 618 619 731","12:8 12:9 12:11 12:14 85:81 85:82 85:83 85:86 442:437 442:438 442:439 442:441 554:549 554:550 554:552 556:560 559:560 591:589 591:590 591:591 621:616 621:617 621:618 731:732"
"میاں انتظار حسین (ایڈووکیٹ ہائی کورٹ)","نامعلوم مزدور عورت (ملک حمید/لطیف کا تعلق)",8,"14 86 556 557 558 559 680 683","12:16 85:87 554:558 556:558 559:558 559:560 678:682 685:682"
"میاں انتظار حسین (ایڈووکیٹ ہائی کورٹ)","نانبائی (او جھری والا)",2,"675 678","673:678 678:678"
"میاں انتظار حسین (ایڈووکیٹ ہائی کورٹ)","نسرین",8,"10 11 13 590 591 618 619","12:9 12:11 12:15 591:589 591:590 591:592 621:616 621:617"
"میاں انتظار حسین (ایڈووکیٹ ہائی کورٹ)","نسیمہ (شعیب کی بہن)",7,"551 552 553 558 559 590","554:549 554:550 554:552 556:560 559:560 591:589 591:590"
"میاں انتظار حسین (ایڈووکیٹ ہائی کورٹ)","وسیم بھائی (بدیع الزمان کا سالا/قرض خواہ)",11,"9 10 14 85 623 624 625 627 687","12:7 12:8 12:17 85:86 621:626 622:626 624:626 625:626 628:626 628:627 685:690"
"میاں انتظار حسین (ایڈووکیٹ ہائی کورٹ)","چاچا احمد خان راٹھور",11,"442 556 557 559 589 620 630 632 634 732","442:443 554:559 556:559 559:559 591:588 621:619 628:633 632:633 635:633 635:634 731:734"
"میاں انتظار حسین (ایڈووکیٹ ہائی کورٹ)","ڈاکٹر (کریم بخش کا بیٹا)",33,"554 555 622 623 630 632 633 636 638 641 642 643 644 645 646 647 648 649 650 651 652 679 683 684 685","554:555 556:555 621:623 622:623 624:623 628:632 632:632 635:632 635:637 639:637 639:644 641:644 642:644 645:644 645:645 646:645 646:646 647:646 647:647 648:647 648:648 649:648 649:649 651:649 651:652 652:652 653:652 678:681 685:681 685:682 685:683 685:684 685:685"
"میاں انتظار حسین (ایڈووکیٹ ہائی کورٹ)","ڈاکٹر احسان الحق (پُل کھنگر)",11,"643 645 646 647 648 649 650","641:645 642:645 645:645 646:645 646:647 647:647 648:647 648:648 649:648 649:649 651:649"
"میاں انتظار حسین (ایڈووکیٹ ہائی کورٹ)","ڈاکٹر خدابخش کھوکھر (چیف کیمسٹ)",12,"651 652 653 654 655 656 657 658 673 676","649:654 651:654 652:654 653:654 654:654 657:654 657:655 657:656 657:657 660:657 673:674 678:674"
"میاں انتظار حسین (ایڈووکیٹ ہائی کورٹ)","کامران خان (جواں سال کیمسٹ)",18,"647 648 649 650 651 652 658 660 668 669 672 673 676","645:649 646:649 647:649 648:649 649:649 651:649 651:652 652:652 653:652 657:660 660:660 661:660 666:671 667:671 668:671 673:671 673:674 678:674"
"میاں انتظار حسین (ایڈووکیٹ ہائی کورٹ)","کریم راٹھور",14,"87 622 623 624 665 666 667 668 670 673 676 678","85:89 621:624 622:624 624:624 625:624 663:668 664:668 666:668 667:668 668:668 673:668 673:674 678:674 678:678"
"میاں انتظار حسین (ایڈووکیٹ ہائی کورٹ)","کنیز",1,"687","685:689"
"میاں انتظار حسین (ایڈووکیٹ ہائی کورٹ)","کیپٹن اسرار",4,"13 558 559 728","12:14 556:560 559:560 731:726"
"میاں انتظار حسین (ایڈووکیٹ ہائی کورٹ)","کیپٹن جمال",5,"13 590 591 618 619","12:15 591:589 591:592 621:616 621:617"
"میاں انتظار حسین (ایڈووکیٹ ہائی کورٹ)","یعقوب اعوان",1,"82","85:80"
"میجر ست پال ٹھاکر (کیمپ افسرِ دشمن)","میجر/کیپٹن سرفراز اعوان",6,"776 777 778 779","779:774 779:775 779:776 779:777 779:778 779:779"
"میجر ست پال ٹھاکر (کیمپ افسرِ دشمن)","نامعلوم مزدور عورت (ملک حمید/لطیف کا تعلق)",1,"781","779:784"
"میجر ست پال ٹھاکر (کیمپ افسرِ دشمن)","نسرین",1,"781","779:784"
"میجر ست پال ٹھاکر (کیمپ افسرِ دشمن)","وسیم بھائی (بدیع الزمان کا سالا/قرض خواہ)",1,"780","779:781"
"میجر ست پال ٹھاکر (کیمپ افسرِ دشمن)","چاچا احمد خان راٹھور",1,"780","779:782"
"میجر ست پال ٹھاکر (کیمپ افسرِ دشمن)","کریم راٹھور",1,"780","779:782"
"میجر ست پال ٹھاکر (کیمپ افسرِ دشمن)","کیڈٹ نواز کھوکھر",1,"778","779:778"
"میجر ست پال ٹھاکر (کیمپ افسرِ دشمن)","یعقوب اعوان",1,"779","779:780"
"میجر صدیق","میجر/کیپٹن سرفراز اعوان",15,"423 424 425 427 482 483 489 576 577 578 579","426:421 426:422 426:423 426:424 426:428 481:483 482:483 483:483 492:487 579:574 579:575 579:576 579:577 579:578 579:579"
"میجر صدیق","نامعلوم مزدور عورت (ملک حمید/لطیف کا تعلق)",1,"581","579:584"
"میجر صدیق","نسیمہ (شعیب کی بہن)",9,"482 483 489 576 577 578 579","481:484 482:484 483:484 492:487 579:574 579:575 579:576 579:578 579:579"
"میجر صدیق","نمائر (کیمپ کا قیدی ساتھی)",5,"481 577 578 579","481:481 482:481 579:576 579:578 579:579"
"میجر صدیق","وسیم بھائی (بدیع الزمان کا سالا/قرض خواہ)",1,"424","426:423"
"میجر صدیق","چاچا احمد خان راٹھور",2,"492 576","492:493 579:574"
"میجر صدیق","چوہدری اظہر (ایس ایچ او نور پور)",1,"580","579:581"
"میجر صدیق","کنیز",2,"478 479","481:476 481:477"
"میجر صدیق","یعقوب اعوان",3,"428 492 576","426:430 492:493 579:574"
"میجر قدیر (ازمیر مل کا ایڈمن افسر)","میجر/کیپٹن سرفراز اعوان",2,"519 541","521:518 539:543"
"میجر قدیر (ازمیر مل کا ایڈمن افسر)","نامعلوم مزدور عورت (ملک حمید/لطیف کا تعلق)",1,"539","539:540"
"میجر قدیر (ازمیر مل کا ایڈمن افسر)","نسیمہ (شعیب کی بہن)",1,"541","539:543"
"میجر قدیر (ازمیر مل کا ایڈمن افسر)","ڈاکٹر (کریم بخش کا بیٹا)",5,"520 523 524 525 536","521:520 521:526 522:526 524:526 539:534"
"میجر قدیر (ازمیر مل کا ایڈمن افسر)","ڈاکٹر احسان الحق (پُل کھنگر)",2,"520 536","521:520 539:534"
"میجر قدیر (ازمیر مل کا ایڈمن افسر)","ڈاکٹر خدابخش کھوکھر (چیف کیمسٹ)",3,"521 539","521:521 522:521 539:539"
"میجر قدیر (ازمیر مل کا ایڈمن افسر)","کریم راٹھور",5,"522 523 524 539","521:523 522:523 524:523 524:524 539:539"
"میجر قدیر (ازمیر مل کا ایڈمن افسر)","کنیز",1,"539","539:540"
"میجر/کیپٹن سرفراز اعوان","نامعلوم مزدور عورت (ملک حمید/لطیف کا تعلق)",103,"1 13 15 16 17 18 19 20 33 34 58 59 84 85 86 87 88 90 91 92 98 99 100 101 102 104 111 112 113 114 115 118 119 128 129 130 132 155 193 209 210 211 213 214 215 216 218 350 352 353 354 420 507 541 559 560 581 586 587 595 596 597 598 599 695 722 723 781 782 783 784 785 786","1:1 2:1 11:16 14:16 15:16 16:16 17:16 17:17 18:17 18:18 19:18 19:19 21:19 33:34 34:34 35:34 60:56 60:58 82:87 83:87 86:87 87:87 88:87 88:88 89:88 89:92 90:92 91:92 92:92 93:92 96:100 99:100 100:100 101:100 101:102 102:102 103:102 103:106 113:109 113:110 113:111 113:113 116:113 116:115 116:120 117:120 119:120 131:126 131:128 131:130 131:134 156:154 156:155 193:193 207:211 208:211 209:211 211:211 212:211 212:215 213:215 214:215 215:215 216:215 216:217 220:217 351:350 351:354 353:354 354:354 355:354 420:420 421:420 508:507 543:540 560:558 560:560 561:560 579:584 589:584 589:585 593:598 594:598 595:598 596:598 597:598 598:598 600:598 693:697 721:723 722:723 723:723 724:723 779:784 781:784 782:784 783:784 784:784 785:784 785:785 786:785 786:786 787:786"
"میجر/کیپٹن سرفراز اعوان","نانبائی (او جھری والا)",11,"203 204 205 206 207 208 209 210","202:205 204:205 205:205 207:205 207:206 207:207 208:207 208:208 209:208 209:209 211:209"
"میجر/کیپٹن سرفراز اعوان","نسرین",131,"1 2 3 4 7 8 9 10 11 12 14 15 17 18 19 20 25 26 30 31 33 34 41 42 114 115 116 167 168 169 170 175 177 192 193 214 215 216 218 248 249 250 251 332 333 334 342 353 354 355 356 357 406 589 590 591 592 595 596 597 598 599 600 601 604 609 611 612 613 614 615 616 617 737 738 739 740 741 743 745 746 781 782 783 784 785 786","1:1 2:1 2:2 3:2 3:4 4:4 5:4 5:9 6:9 8:9 9:9 11:9 11:11 14:11 14:15 15:15 16:15 16:18 17:18 18:18 19:18 19:19 21:19 23:28 24:28 33:28 33:29 33:34 34:34 35:34 39:44 40:44 113:115 116:115 116:116 117:116 165:169 166:169 168:169 169:169 171:169 173:178 176:178 177:178 193:192 193:193 212:217 213:217 214:217 215:217 216:217 220:217 247:250 249:250 250:250 252:250 330:334 331:334 332:334 333:334 334:334 335:334 340:345 351:356 353:356 354:356 355:356 356:356 357:356 357:357 358:357 405:407 406:407 589:589 590:589 590:590 591:590 591:592 592:592 593:592 593:597 594:597 595:597 596:597 597:597 598:597 598:598 600:598 600:600 601:600 601:601 602:601 602:607 611:607 611:611 612:611 612:612 613:612 613:613 614:613 614:614 615:614 615:615 616:615 616:616 617:616 617:617 618:617 736:739 737:739 738:739 739:739 740:739 740:741 741:741 742:741 742:745 745:745 746:745 746:746 747:746 779:784 781:784 782:784 783:784 784:784 785:784 785:785 786:785 786:786 787:786"
"میجر/کیپٹن سرفراز اعوان","نسیمہ (شعیب کی بہن)",169,"286 313 314 315 316 318 319 320 321 322 323 324 326 327 328 329 330 331 332 333 334 335 336 337 338 339 340 351 352 353 354 355 356 357 358 359 391 392 393 394 395 396 397 420 483 484 485 487 543 544 545 546 547 548 549 550 551 552 560 561 562 563 564 568 569 570 571 572 573 574 575 576 577 578 579 589 590 595 596 597 598 599 721 722 723 724 737 738 739 740 741 742 743 745 746 750 751 752 753 754 755 756 757 783 784 785","287:286 311:316 312:316 313:316 314:316 315:316 316:316 317:316 317:319 318:319 319:319 320:319 320:320 321:320 321:321 322:321 322:323 323:323 324:323 324:324 325:324 325:328 326:328 327:328 328:328 330:328 330:329 330:330 331:330 331:332 332:332 333:332 333:333 334:333 334:334 335:334 335:335 337:335 337:336 337:338 338:338 339:338 339:339 340:339 340:340 351:351 353:351 353:353 354:353 354:354 355:354 355:355 356:355 356:356 357:356 357:357 358:357 358:358 359:358 359:359 391:391 393:391 393:394 394:394 396:394 396:395 396:396 397:396 397:397 420:420 421:420 483:484 484:484 487:484 487:487 543:543 544:543 544:544 545:544 545:545 546:545 546:546 547:546 547:547 548:547 548:548 549:548 549:549 550:549 550:550 552:550 552:552 560:560 561:560 561:561 562:561 562:562 563:562 563:563 565:563 566:571 567:571 568:571 569:571 570:571 571:571 572:571 572:573 573:573 574:573 574:574 575:574 575:575 576:575 576:576 577:576 577:578 578:578 579:578 579:579 589:589 590:589 590:590 591:590 593:598 594:598 595:598 596:598 597:598 598:598 600:598 721:721 722:721 722:722 723:722 723:724 724:724 725:724 736:739 737:739 738:739 739:739 740:739 740:740 741:740 741:742 742:742 745:742 745:746 746:746 747:746 748:753 749:753 750:753 751:753 752:753 753:753 754:753 754:754 755:754 755:756 756:756 758:756 781:785 782:785 783:785 784:785 785:785 786:785"
"میجر/کیپٹن سرفراز اعوان","نصیر شیخ (پارٹی امیدوار)",5,"369 395 396 397","371:367 393:398 394:398 396:398 397:398"
"میجر/کیپٹن سرفراز اعوان","نمائر (کیمپ کا قیدی ساتھی)",12,"482 573 574 575 576 577 578 579","483:481 571:576 572:576 573:576 574:576 575:576 576:576 577:576 577:578 578:578 579:578 579:579"
"میجر/کیپٹن سرفراز اعوان","وریا م",7,"88 89 90 91","86:91 87:91 88:91 89:91 90:91 91:91 92:91"
"میجر/کیپٹن سرفراز اعوان","وسیم بھائی (بدیع الزمان کا سالا/قرض خواہ)",82,"4 5 6 7 8 15 16 17 23 24 25 30 34 35 37 38 59 71 72 74 77 79 80 83 84 86 111 133 276 278 279 341 342 353 354 355 356 377 380 388 421 422 423 603 604 608 690 743 744 745 746 778 779 780 781 789 790 791 792","2:7 3:7 4:7 5:7 6:7 8:7 8:8 9:8 14:17 15:17 16:17 17:17 18:17 21:26 22:26 23:26 24:26 33:28 33:35 34:35 35:35 36:35 36:38 37:38 38:38 39:38 60:59 69:74 70:74 71:74 74:74 75:74 75:79 79:79 81:79 81:86 82:86 83:86 86:86 87:86 113:109 131:136 274:279 277:279 279:279 339:344 340:344 351:356 353:356 354:356 355:356 356:356 357:356 375:380 380:380 391:386 420:423 421:423 422:423 423:423 424:423 601:606 602:606 611:606 691:690 741:746 742:746 745:746 746:746 747:746 776:781 777:781 778:781 779:781 781:781 782:781 787:792 788:792 789:792 790:792 791:792 792:792"
"میجر/کیپٹن سرفراز اعوان","پروفیسر میر صاحب",5,"221 247 248 249","220:222 247:248 249:248 249:249 250:249"
"میجر/کیپٹن سرفراز اعوان","پھاتو مراثن (ڈھولکی)",7,"355 356 357 358","353:358 354:358 355:358 356:358 357:358 358:358 359:358"
"میجر/کیپٹن سرفراز اعوان","پیر حمید الدین بلال شاہ (مرشد بلال پور شریف)",28,"2 3 4 5 6 7 33 34 159 161 163 754 755 756 757 788 789 790 791","1:4 2:4 3:4 4:4 5:4 5:5 6:5 6:6 8:6 33:34 34:34 35:34 157:162 160:162 165:162 752:757 753:757 754:757 755:757 756:757 758:757 786:791 787:791 788:791 789:791 790:791 791:791 792:791"
"میجر/کیپٹن سرفراز اعوان","چاچا احمد خان راٹھور",257,"20 21 22 23 34 35 36 37 38 58 61 62 65 67 73 75 77 100 101 102 103 114 115 116 117 118 119 129 131 154 158 160 162 163 164 165 166 167 168 169 170 171 172 173 174 175 176 177 190 191 192 193 199 200 201 202 203 204 205 206 207 208 209 210 211 212 214 215 216 218 219 220 231 236 237 238 239 240 244 245 246 247 248 249 250 251 252 263 274 276 277 278 279 287 288 289 291 292 300 301 302 313 314 315 316 317 353 354 355 356 357 358 360 371 373 375 377 382 406 407 430 431 432 440 441 442 510 511 559 563 564 565 566 567 569 570 572 573 574 588 598 599 600 601 602 609 610 616 617 618 692 693 722 723 724 733 735 737 738 739 751 752 753 754 755 756 757 779 780 781 782 784 785 786 787","18:23 19:23 21:23 22:23 23:23 24:23 33:36 34:36 35:36 36:36 37:36 37:38 38:38 39:38 60:57 60:63 61:63 68:63 68:67 71:76 74:76 75:76 79:76 99:102 100:102 101:102 102:102 103:102 103:103 113:115 116:115 116:116 117:116 117:117 119:117 119:118 119:119 131:128 131:131 156:152 156:160 157:160 160:160 165:160 165:162 165:163 165:164 165:165 166:165 166:166 168:166 168:167 168:168 169:168 169:169 171:169 171:170 171:171 173:171 173:172 173:173 176:173 176:174 176:175 176:176 177:176 177:177 193:188 193:189 193:190 193:191 193:192 193:193 202:197 202:198 202:199 202:200 202:202 204:202 204:203 204:204 205:204 205:205 207:205 207:206 207:207 208:207 208:208 209:208 209:209 211:209 211:210 211:212 212:212 213:212 213:216 214:216 215:216 216:216 220:216 220:217 220:218 220:220 231:231 238:234 238:236 238:238 240:238 240:241 247:242 247:243 247:244 247:245 247:246 247:248 249:248 249:249 250:249 250:250 252:250 252:252 264:262 264:263 273:275 274:275 277:275 277:276 277:277 279:277 279:278 279:279 287:287 288:287 288:288 289:288 289:290 292:290 292:292 300:300 301:300 301:301 302:301 302:302 303:302 311:316 312:316 313:316 314:316 315:316 316:316 317:316 317:317 318:317 351:356 353:356 354:356 355:356 356:356 357:356 357:357 358:357 358:358 359:358 359:362 371:372 375:372 375:375 380:375 380:385 405:408 406:408 428:432 430:432 431:432 432:432 433:432 438:443 439:443 441:443 508:512 509:512 510:512 511:512 560:559 561:566 562:566 563:566 565:566 566:566 567:566 567:567 568:567 568:570 569:570 570:570 571:570 571:573 572:573 573:573 574:573 574:574 575:574 589:588 596:601 597:601 598:601 600:601 601:601 602:601 602:602 611:607 611:608 611:609 614:619 615:619 616:619 617:619 618:619 691:694 693:694 721:723 722:723 723:723 724:723 724:724 725:724 732:734 736:734 736:739 737:739 738:739 739:739 740:739 749:754 750:754 751:754 752:754 753:754 754:754 755:754 755:755 756:755 756:757 758:757 777:782 778:782 779:782 781:782 782:782 783:782 783:785 784:785 785:785 786:785 786:787 787:787 788:787"
"میجر/کیپٹن سرفراز اعوان","چنبیلی (گھوڑی)",3,"42 68","40:45 68:68 69:68"
"میجر/کیپٹن سرفراز اعوان","چوہدری اظہر (ایس ایچ او نور پور)",38,"58 112 133 153 301 302 350 455 564 565 566 567 578 579 580 586 587 596 597 598 599 603 604 608 609 755 756 757 758","60:57 113:112 131:136 156:151 300:302 301:302 302:302 303:302 351:350 458:453 562:567 563:567 565:567 566:567 567:567 568:567 576:581 577:581 578:581 579:581 589:584 589:585 594:599 595:599 596:599 597:599 598:599 600:599 601:606 602:606 611:606 611:607 753:758 754:758 755:758 756:758 758:758 759:758"
"میجر/کیپٹن سرفراز اعوان","چوہدری اللہ داد خان",1,"254","252:257"
"میجر/کیپٹن سرفراز اعوان","چوہدری شدا",1,"368","371:366"
"میجر/کیپٹن سرفراز اعوان","ڈاکٹر (کریم بخش کا بیٹا)",40,"17 18 19 20 58 59 111 112 131 214 215 216 218 456 461 507 508 509 510 511 519 552 553 557 620 693 694 764 765 766 767","15:20 16:20 17:20 18:20 19:20 21:20 60:57 60:58 113:109 113:112 131:131 212:217 213:217 214:217 215:217 216:217 220:217 458:455 459:464 508:507 508:509 509:509 510:509 510:510 511:510 511:512 518:520 550:555 552:555 560:555 618:623 691:695 693:695 762:767 763:767 764:767 765:767 766:767 767:767 768:767"
"میجر/کیپٹن سرفراز اعوان","ڈاکٹر احسان الحق (پُل کھنگر)",5,"509 510 519","508:510 509:510 510:510 511:510 518:520"
"میجر/کیپٹن سرفراز اعوان","ڈاکٹر خدابخش کھوکھر (چیف کیمسٹ)",2,"519 541","518:521 543:539"
"میجر/کیپٹن سرفراز اعوان","ڈاکٹر سعد اللہ خان (کنسلٹنٹ کارڈیالوجسٹ)",2,"693 694","691:695 693:695"
"میجر/کیپٹن سرفراز اعوان","ڈاکٹر عرفان (ڈیوٹی ڈاکٹر آئی سی یو)",2,"693 694","691:695 693:695"
"میجر/کیپٹن سرفراز اعوان","کریم راٹھور",27,"87 88 89 264 510 511 520 541 720 779 780 781 782 784 785 786 787","86:89 87:89 88:89 89:89 90:89 264:264 265:264 508:512 509:512 510:512 511:512 518:523 543:539 721:719 777:782 778:782 779:782 781:782 782:782 783:782 783:786 784:786 785:786 786:786 787:786 787:787 788:787"
"میجر/کیپٹن سرفراز اعوان","کلونت کور",10,"24 25 30 38 39 40 57","22:27 23:27 24:27 33:28 36:41 37:41 38:41 39:41 40:41 60:55"
"میجر/کیپٹن سرفراز اعوان","کنیز",39,"101 102 103 111 112 118 119 130 131 153 154 155 156 158 160 162 164 192 193 200 201 213 214 215 216 218 381 541 587 690","99:103 100:103 101:103 102:103 103:103 113:109 113:110 113:112 116:120 117:120 119:120 131:130 131:132 156:151 156:153 156:154 156:155 156:156 157:156 157:160 160:160 165:160 165:163 193:192 193:193 202:199 202:200 211:216 212:216 213:216 214:216 215:216 216:216 220:216 220:217 380:383 543:540 589:585 691:689"
"میجر/کیپٹن سرفراز اعوان","کیپٹن اسد اللہ",3,"281 285 286","279:284 287:284 287:285"
"میجر/کیپٹن سرفراز اعوان","کیپٹن اسرار",25,"11 12 14 33 34 353 354 355 356 560 723 724 725 770 772 773","9:14 11:14 14:14 15:14 33:34 34:34 35:34 351:356 353:356 354:356 355:356 356:356 357:356 560:560 561:560 721:726 722:726 723:726 724:726 725:726 768:773 771:773 772:773 773:773 774:773"
"میجر/کیپٹن سرفراز اعوان","کیپٹن جمال",46,"1 2 3 4 13 14 15 16 17 18 19 20 279 280 284 286 589 591 592 595 596 597 598 599 613 614 615 616 617","1:1 2:1 2:2 3:2 3:4 4:4 5:4 11:15 14:15 15:15 16:15 16:16 17:16 17:17 18:17 18:18 19:18 19:19 21:19 277:282 279:282 287:282 287:286 589:589 590:589 590:592 591:592 592:592 593:592 593:597 594:597 595:597 596:597 597:597 598:597 598:598 600:598 611:616 612:616 613:616 614:616 615:616 616:616 617:616 617:617 618:617"
"میجر/کیپٹن سرفراز اعوان","کیپٹن دلاور",25,"309 310 311 312 318 319 320 321 322 328 329 330 331 332 333","307:312 308:312 309:312 310:312 311:312 312:312 313:312 316:321 317:321 318:321 319:321 320:321 321:321 322:321 322:322 323:322 326:331 327:331 328:331 330:331 331:331 332:331 332:333 333:333 334:333"
"میجر/کیپٹن سرفراز اعوان","کیڈٹ حبیب اللہ",2,"286","287:285 287:286"
"میجر/کیپٹن سرفراز اعوان","کیڈٹ مجید اللہ",4,"294 298 299","292:297 300:297 300:298 300:299"
"میجر/کیپٹن سرفراز اعوان","کیڈٹ نواز کھوکھر",14,"766 767 768 770 775 776 777 778","764:769 765:769 766:769 767:769 768:769 771:769 771:770 773:778 774:778 775:778 776:778 777:778 778:778 779:778"
"میجر/کیپٹن سرفراز اعوان","گل افروز خان",24,"262 263 276 278 279 287 288 350 351 352 353 357 358 359 370 371 373 382 418","264:261 264:262 264:263 274:279 277:279 279:279 287:288 288:288 289:288 351:350 351:351 353:351 353:353 354:353 355:360 356:360 357:360 358:360 359:360 371:369 371:372 375:372 380:384 420:416"
"میجر/کیپٹن سرفراز اعوان","ہکیم حاذق",3,"506 507","508:505 508:506 508:507"
"میجر/کیپٹن سرفراز اعوان","یعقوب اعوان",118,"21 22 23 24 30 32 34 35 36 39 40 58 59 61 62 65 66 67 68 69 70 71 72 73 74 75 77 78 79 80 98 100 101 162 164 232 236 238 239 275 277 278 301 302 303 304 305 310 311 312 313 373 375 377 382 429 430 431 432 571 572 573 574 722 723 777 778 779 780 784 785 786 787 790 791 792","19:24 21:24 22:24 23:24 24:24 33:28 33:32 33:35 34:35 35:35 36:35 36:36 37:36 37:41 38:41 39:41 40:41 60:56 60:57 60:58 60:59 60:63 61:63 68:63 68:64 68:65 68:66 68:67 68:68 69:68 69:70 70:70 71:70 71:71 74:71 74:72 74:73 74:74 75:74 75:75 79:75 79:76 79:77 79:78 79:79 81:79 81:80 96:101 99:101 100:101 101:101 102:101 160:164 165:164 231:234 238:234 238:235 238:239 240:239 273:277 274:277 277:277 279:277 300:303 301:303 302:303 303:303 304:303 304:304 305:304 305:305 306:305 308:313 309:313 310:313 311:313 312:313 313:313 314:313 371:375 375:375 380:375 380:385 428:430 430:430 431:430 431:432 432:432 433:432 569:574 570:574 571:574 572:574 573:574 574:574 575:574 721:723 722:723 723:723 724:723 775:780 776:780 777:780 778:780 779:780 781:780 782:787 783:787 784:787 785:787 786:787 787:787 788:787 788:792 789:792 790:792 791:792 792:792"
"نامعلوم مزدور عورت (ملک حمید/لطیف کا تعلق)","نانبائی (او جھری والا)",5,"208 209 210 680","211:206 211:207 211:208 211:209 682:678"
"نامعلوم مزدور عورت (ملک حمید/لطیف کا تعلق)","نسرین",38,"1 13 15 17 18 19 31 34 45 46 49 51 53 112 113 114 115 117 118 192 193 216 217 347 355 474 475 586 587 597 598 784 785 786","1:1 16:11 16:15 16:18 17:18 18:18 19:18 19:19 34:29 34:34 47:44 47:46 47:51 51:51 56:51 110:115 111:115 113:115 115:115 120:115 120:116 193:192 193:193 215:217 217:217 350:345 354:356 473:475 475:475 584:589 585:589 598:597 598:598 784:784 785:784 785:785 786:785 786:786"
"نامعلوم مزدور عورت (ملک حمید/لطیف کا تعلق)","نسیمہ (شعیب کی بہن)",18,"350 352 353 354 420 541 559 560 581 586 587 598 722 723 784 785","350:351 354:351 354:353 354:354 420:420 540:543 558:560 560:560 584:579 584:589 585:589 598:598 723:721 723:722 723:724 784:785 785:785 786:785"
"نامعلوم مزدور عورت (ملک حمید/لطیف کا تعلق)","نمائر (کیمپ کا قیدی ساتھی)",1,"581","584:579"
"نامعلوم مزدور عورت (ملک حمید/لطیف کا تعلق)","نیلی (بھینس)",3,"47 49 701","47:48 51:48 699:703"
"نامعلوم مزدور عورت (ملک حمید/لطیف کا تعلق)","وریا م",3,"89 91","87:91 88:91 92:91"
"نامعلوم مزدور عورت (ملک حمید/لطیف کا تعلق)","وسیم بھائی (بدیع الزمان کا سالا/قرض خواہ)",18,"16 17 34 47 49 57 58 86 107 109 135 136 355 421 782","16:17 17:17 18:17 34:35 47:48 51:48 56:59 58:59 87:86 106:109 109:109 110:109 134:136 136:136 137:136 354:356 420:423 784:781"
"نامعلوم مزدور عورت (ملک حمید/لطیف کا تعلق)","پروفیسر میر صاحب",1,"219","217:222"
"نامعلوم مزدور عورت (ملک حمید/لطیف کا تعلق)","پھاتو مراثن (ڈھولکی)",1,"356","354:358"
"نامعلوم مزدور عورت (ملک حمید/لطیف کا تعلق)","پیر حمید الدین بلال شاہ (مرشد بلال پور شریف)",3,"2 34 788","1:4 34:34 786:791"
"نامعلوم مزدور عورت (ملک حمید/لطیف کا تعلق)","چاچا احمد خان راٹھور",76,"20 21 35 48 50 56 57 60 101 102 104 105 106 107 108 112 113 114 115 117 118 119 120 123 124 127 128 129 130 132 133 145 147 148 151 153 157 190 191 192 193 208 209 210 211 213 215 216 217 355 473 474 509 558 559 586 599 695 698 699 723 783 784 785 786","18:23 19:23 34:36 47:49 51:49 56:57 58:57 58:63 100:102 102:102 106:102 106:103 106:105 106:106 109:106 109:107 110:115 111:115 113:115 115:115 120:115 120:116 120:117 120:118 120:119 120:120 126:121 126:122 126:123 126:128 128:128 130:128 130:131 134:131 134:133 148:143 148:146 148:147 148:148 154:149 154:152 155:160 193:188 193:189 193:190 193:191 193:192 193:193 211:206 211:207 211:208 211:209 211:210 211:212 215:212 215:216 217:216 217:217 354:356 473:474 475:474 507:512 558:559 560:559 584:588 585:588 598:601 697:694 697:700 699:700 723:723 784:782 784:785 785:785 786:785 786:787"
"نامعلوم مزدور عورت (ملک حمید/لطیف کا تعلق)","چنبیلی (گھوڑی)",3,"46 47 49","47:45 47:48 51:48"
"نامعلوم مزدور عورت (ملک حمید/لطیف کا تعلق)","چوہدری اظہر (ایس ایچ او نور پور)",21,"56 57 110 111 112 135 136 137 149 152 350 352 582 583 584 585 598","56:57 58:57 109:112 110:112 111:112 113:112 134:136 136:136 137:136 137:137 148:151 154:151 350:350 354:350 584:581 584:582 584:583 584:584 585:584 585:585 598:599"
"نامعلوم مزدور عورت (ملک حمید/لطیف کا تعلق)","ڈاکٹر (کریم بخش کا بیٹا)",33,"18 19 49 51 54 56 57 58 107 109 111 112 128 129 130 132 216 217 504 507 556 681 682 696 697 698 699","16:20 17:20 18:20 19:20 47:52 51:52 56:52 56:57 58:57 58:58 106:109 109:109 110:109 110:112 111:112 113:112 126:131 128:131 130:131 134:131 215:217 217:217 507:502 507:507 558:555 682:681 682:682 697:695 697:696 697:697 699:697 699:698 699:699"
"نامعلوم مزدور عورت (ملک حمید/لطیف کا تعلق)","ڈاکٹر احسان الحق (پُل کھنگر)",1,"508","507:510"
"نامعلوم مزدور عورت (ملک حمید/لطیف کا تعلق)","ڈاکٹر خدابخش کھوکھر (چیف کیمسٹ)",1,"539","540:539"
"نامعلوم مزدور عورت (ملک حمید/لطیف کا تعلق)","ڈاکٹر سعد اللہ خان (کنسلٹنٹ کارڈیالوجسٹ)",3,"696 697 698","697:695 697:697 699:697"
"نامعلوم مزدور عورت (ملک حمید/لطیف کا تعلق)","ڈاکٹر عرفان (ڈیوٹی ڈاکٹر آئی سی یو)",3,"696 697 698","697:695 697:697 699:697"
"نامعلوم مزدور عورت (ملک حمید/لطیف کا تعلق)","کریم راٹھور",11,"88 90 509 539 680 721 783 785 786","87:89 88:89 92:89 507:512 540:539 682:678 723:719 784:782 784:786 785:786 786:786"
"نامعلوم مزدور عورت (ملک حمید/لطیف کا تعلق)","کلونت کور",6,"44 45 52 54 55","47:42 47:43 51:53 56:53 56:54 56:55"
"نامعلوم مزدور عورت (ملک حمید/لطیف کا تعلق)","کنیز",45,"101 102 104 107 109 110 111 112 117 120 123 124 128 129 130 132 133 134 135 136 137 148 152 153 154 155 192 193 213 215 216 217 471 473 474 475 540 584 585","100:103 102:103 106:103 106:109 109:109 110:109 110:110 111:110 111:112 113:112 115:120 120:120 126:121 126:122 126:130 128:130 130:130 134:130 134:132 134:133 134:134 136:134 136:135 136:137 137:137 148:148 154:151 154:153 154:154 155:154 155:155 193:192 193:193 211:216 215:216 217:216 217:217 473:470 473:473 475:473 475:474 475:475 540:540 584:585 585:585"
"نامعلوم مزدور عورت (ملک حمید/لطیف کا تعلق)","کیپٹن اسرار",6,"15 34 355 559 560 724","16:14 34:34 354:356 558:560 560:560 723:726"
"نامعلوم مزدور عورت (ملک حمید/لطیف کا تعلق)","کیپٹن جمال",13,"1 15 16 17 18 19 586 587 597 598","1:1 16:15 16:16 17:16 17:17 18:17 18:18 19:18 19:19 584:589 585:589 598:597 598:598"
"نامعلوم مزدور عورت (ملک حمید/لطیف کا تعلق)","گل افروز خان",5,"350 352 353 418","350:350 354:350 354:351 354:353 420:416"
"نامعلوم مزدور عورت (ملک حمید/لطیف کا تعلق)","ہکیم حاذق",3,"506 507","507:505 507:506 507:507"
"نامعلوم مزدور عورت (ملک حمید/لطیف کا تعلق)","یعقوب اعوان",28,"21 33 34 45 46 47 49 50 51 53 54 56 57 58 100 101 145 723 782 785 786","19:24 34:32 34:35 47:43 47:44 47:45 47:46 47:47 51:47 51:48 51:49 51:50 51:51 56:51 56:52 56:53 56:56 58:56 58:57 58:58 100:101 102:101 148:143 723:723 784:780 784:787 785:787 786:787"
"نانبائی (او جھری والا)","چاچا احمد خان راٹھور",13,"202 203 204 205 206 207 208 209","205:200 205:202 205:203 205:204 205:205 206:205 206:206 207:206 207:207 208:207 208:208 209:208 209:209"
"نانبائی (او جھری والا)","ڈاکٹر (کریم بخش کا بیٹا)",1,"679","678:681"
"نانبائی (او جھری والا)","ڈاکٹر خدابخش کھوکھر (چیف کیمسٹ)",1,"676","678:674"
"نانبائی (او جھری والا)","کامران خان (جواں سال کیمسٹ)",1,"676","678:674"
"نانبائی (او جھری والا)","کریم راٹھور",2,"676 678","678:674 678:678"
"نانبائی (او جھری والا)","کنیز",1,"202","205:200"
"نسرین","نسیمہ (شعیب کی بہن)",30,"331 332 333 334 342 353 354 355 356 357 589 590 591 597 598 599 739 740 741 743 745 746 784 785","334:329 334:330 334:332 334:333 334:334 345:340 356:351 356:353 356:354 356:355 356:356 357:356 357:357 589:589 590:589 590:590 592:590 597:598 598:598 600:598 739:739 741:739 741:740 741:742 745:742 745:746 746:746 784:785 785:785 786:785"
"نسرین","نیلی (بھینس)",3,"46 47 49","44:48 46:48 51:48"
"نسرین","وسیم بھائی (بدیع الزمان کا سالا/قرض خواہ)",23,"4 5 8 16 17 27 28 34 46 47 49 180 344 356 603 606 743 745 746 782","2:7 4:7 9:7 9:8 15:17 18:17 28:26 28:28 29:28 34:35 44:48 46:48 51:48 178:183 345:344 356:356 357:356 601:606 607:606 741:746 745:746 746:746 784:781"
"نسرین","پروفیسر میر صاحب",3,"219 249","217:222 250:248 250:249"
"نسرین","پھاتو مراثن (ڈھولکی)",2,"357","356:358 357:358"
"نسرین","پیر حمید الدین بلال شاہ (مرشد بلال پور شریف)",9,"2 3 4 6 7 31 34 788","1:4 2:4 4:4 9:4 9:5 9:6 29:34 34:34 786:791"
"نسرین","چاچا احمد خان راٹھور",68,"20 21 25 35 46 47 50 115 116 166 167 168 169 175 176 177 178 190 191 192 193 214 216 217 247 248 249 250 356 357 407 410 474 588 599 600 601 604 605 606 607 609 610 616 617 618 736 739 740 783 784 785 786","18:23 19:23 28:23 34:36 44:49 46:49 51:49 115:115 116:115 116:116 169:164 169:165 169:166 169:167 169:168 169:169 178:173 178:174 178:175 178:176 178:177 178:178 192:188 192:189 192:190 192:191 192:192 193:192 193:193 217:212 217:216 217:217 250:245 250:246 250:248 250:249 250:250 356:356 357:356 357:357 407:408 412:408 475:474 589:588 597:601 598:601 600:601 601:601 607:602 607:603 607:604 607:605 607:607 611:607 611:608 611:609 614:619 615:619 616:619 617:619 739:734 739:739 741:739 784:782 784:785 785:785 786:785 786:787"
"نسرین","چنبیلی (گھوڑی)",4,"44 45 47 49","44:45 46:45 46:48 51:48"
"نسرین","چوہدری اظہر (ایس ایچ او نور پور)",11,"113 347 586 587 598 599 603 606 607 609","115:112 345:350 589:584 589:585 597:599 598:599 600:599 601:606 607:606 607:607 611:607"
"نسرین","ڈاکٹر (کریم بخش کا بیٹا)",6,"17 19 51 113 217","15:20 18:20 19:20 51:52 115:112 217:217"
"نسرین","کریم راٹھور",4,"783 785 786","784:782 784:786 785:786 786:786"
"نسرین","کلونت کور",7,"27 28 42 43 52","28:27 28:28 29:28 44:41 44:42 44:43 51:53"
"نسرین","کنیز",14,"112 113 117 118 192 193 216 217 472 474 475 587","115:110 115:112 115:120 116:120 192:192 193:192 193:193 217:216 217:217 475:470 475:473 475:474 475:475 589:585"
"نسرین","کیپٹن اسرار",7,"11 12 14 31 34 356","9:14 11:14 15:14 29:34 34:34 356:356 357:356"
"نسرین","کیپٹن جمال",31,"1 2 3 4 6 13 15 16 17 18 19 589 591 592 594 597 598 599 613 614 615 616 617","1:1 2:1 2:2 4:2 4:4 9:4 11:15 15:15 18:15 18:16 18:17 18:18 19:18 19:19 589:589 590:589 590:592 592:592 597:592 597:597 598:597 598:598 600:598 611:616 612:616 613:616 614:616 615:616 616:616 617:616 617:617"
"نسرین","کیپٹن دلاور",2,"332 333","334:331 334:333"
"نسرین","گل افروز خان",6,"347 353 354 358 414","345:350 356:351 356:353 356:360 357:360 412:416"
"نسرین","یعقوب اعوان",26,"21 26 27 28 30 33 34 42 43 44 45 46 48 49 50 51 166 782 785 786","19:24 28:24 28:26 28:27 28:28 29:28 29:32 34:32 34:35 44:41 44:43 44:44 46:44 46:45 46:46 51:46 51:47 51:48 51:49 51:50 51:51 169:164 784:780 784:787 785:787 786:787"
"نسیمہ (شعیب کی بہن)","نصیر شیخ (پارٹی امیدوار)",4,"396 397","394:398 395:398 396:398 397:398"
"نسیمہ (شعیب کی بہن)","نمائر (کیمپ کا قیدی ساتھی)",10,"482 573 574 575 576 577 578 579","484:481 571:576 573:576 574:576 575:576 576:576 578:576 578:578 579:578 579:579"
"نسیمہ (شعیب کی بہن)","وسیم بھائی (بدیع الزمان کا سالا/قرض خواہ)",13,"341 342 353 354 355 356 388 421 744 746 783","339:344 340:344 351:356 353:356 354:356 355:356 356:356 357:356 391:386 420:423 742:746 746:746 785:781"
"نسیمہ (شعیب کی بہن)","پھاتو مراثن (ڈھولکی)",7,"355 356 357 358","353:358 354:358 355:358 356:358 357:358 358:358 359:358"
"نسیمہ (شعیب کی بہن)","پیر حمید الدین بلال شاہ (مرشد بلال پور شریف)",3,"755 756","753:757 754:757 756:757"
"نسیمہ (شعیب کی بہن)","چاچا احمد خان راٹھور",43,"286 316 317 318 353 354 355 356 357 358 360 559 563 564 568 569 570 572 573 574 588 599 722 723 724 736 739 753 754 755 756 783 785","286:287 316:316 319:316 319:317 351:356 353:356 354:356 355:356 356:356 357:356 357:357 358:357 358:358 359:358 359:362 560:559 561:566 562:566 563:566 571:566 571:567 571:570 571:573 573:573 574:573 574:574 575:574 589:588 598:601 721:723 722:723 724:723 724:724 739:734 739:739 740:739 753:754 754:754 756:754 756:755 756:757 785:782 785:785"
"نسیمہ (شعیب کی بہن)","چوہدری اظہر (ایس ایچ او نور پور)",13,"350 564 565 569 578 579 580 586 587 598 755 756 757","351:350 562:567 563:567 571:567 576:581 578:581 579:581 589:584 589:585 598:599 753:758 754:758 756:758"
"نسیمہ (شعیب کی بہن)","ڈاکٹر (کریم بخش کا بیٹا)",3,"552 553 557","550:555 552:555 560:555"
"نسیمہ (شعیب کی بہن)","ڈاکٹر خدابخش کھوکھر (چیف کیمسٹ)",1,"541","543:539"
"نسیمہ (شعیب کی بہن)","کریم راٹھور",4,"541 720 783 785","543:539 721:719 785:782 785:786"
"نسیمہ (شعیب کی بہن)","کنیز",2,"541 587","543:540 589:585"
"نسیمہ (شعیب کی بہن)","کیپٹن اسد اللہ",2,"285","286:284 286:285"
"نسیمہ (شعیب کی بہن)","کیپٹن اسرار",11,"353 354 355 356 560 723 724 725","351:356 353:356 354:356 355:356 356:356 357:356 560:560 561:560 721:726 722:726 724:726"
"نسیمہ (شعیب کی بہن)","کیپٹن جمال",7,"284 286 589 591 597 598","286:282 286:286 589:589 590:589 590:592 598:597 598:598"
"نسیمہ (شعیب کی بہن)","کیپٹن دلاور",14,"314 318 320 321 322 329 330 331 332 333","316:312 316:321 319:321 320:321 321:321 323:321 323:322 328:331 329:331 330:331 332:331 332:333 333:333 334:333"
"نسیمہ (شعیب کی بہن)","کیڈٹ حبیب اللہ",2,"285 286","286:285 286:286"
"نسیمہ (شعیب کی بہن)","گل افروز خان",12,"287 350 351 352 353 357 358 359 418","286:288 351:350 351:351 353:351 353:353 354:353 355:360 356:360 357:360 358:360 359:360 420:416"
"نسیمہ (شعیب کی بہن)","یعقوب اعوان",10,"314 572 573 574 722 723 782 786","316:313 571:574 573:574 574:574 575:574 721:723 722:723 724:723 785:780 785:787"
"نصیر شیخ (پارٹی امیدوار)","چاچا احمد خان راٹھور",2,"364 369","367:362 367:372"
"نصیر شیخ (پارٹی امیدوار)","چوہدری ارشد (یونین رہنما)",1,"366","367:365"
"نصیر شیخ (پارٹی امیدوار)","چوہدری شدا",1,"366","367:366"
"نصیر شیخ (پارٹی امیدوار)","گل افروز خان",1,"368","367:369"
"نمائر (کیمپ کا قیدی ساتھی)","چاچا احمد خان راٹھور",2,"574 575","576:573 576:574"
"نمائر (کیمپ کا قیدی ساتھی)","چوہدری اظہر (ایس ایچ او نور پور)",3,"578 579 580","576:581 578:581 579:581"
"نمائر (کیمپ کا قیدی ساتھی)","کنیز",2,"478 479","481:476 481:477"
"نمائر (کیمپ کا قیدی ساتھی)","یعقوب اعوان",1,"575","576:574"
"نیلی (بھینس)","وسیم بھائی (بدیع الزمان کا سالا/قرض خواہ)",1,"48","48:48"
"نیلی (بھینس)","چاچا احمد خان راٹھور",4,"48 701 704 705","48:49 703:700 703:706 704:706"
"نیلی (بھینس)","چنبیلی (گھوڑی)",2,"46 48","48:45 48:48"
"نیلی (بھینس)","ڈاکٹر (کریم بخش کا بیٹا)",3,"50 700 701","48:52 703:698 703:699"
"نیلی (بھینس)","کلونت کور",2,"45 50","48:43 48:53"
"نیلی (بھینس)","یعقوب اعوان",6,"45 46 47 48","48:43 48:44 48:45 48:46 48:47 48:48"
"وریا م","وسیم بھائی (بدیع الزمان کا سالا/قرض خواہ)",1,"88","91:86"
"وریا م","کریم راٹھور",1,"90","91:89"
"وسیم بھائی (بدیع الزمان کا سالا/قرض خواہ)","پھاتو مراثن (ڈھولکی)",1,"357","356:358"
"وسیم بھائی (بدیع الزمان کا سالا/قرض خواہ)","پیر حمید الدین بلال شاہ (مرشد بلال پور شریف)",5,"5 6 34 791","7:4 7:5 7:6 35:34 792:791"
"وسیم بھائی (بدیع الزمان کا سالا/قرض خواہ)","چاچا احمد خان راٹھور",36,"24 35 37 38 48 58 61 75 77 107 108 133 134 180 182 183 277 278 279 356 377 382 385 603 604 605 606 692 708 781 789","26:23 35:36 38:36 38:38 48:49 59:57 59:63 74:76 79:76 109:105 109:106 109:107 136:131 136:133 183:178 183:181 183:184 279:275 279:276 279:277 279:278 279:279 356:356 380:375 380:385 386:385 606:601 606:602 606:603 606:604 606:605 606:607 690:694 711:706 781:782 792:787"
"وسیم بھائی (بدیع الزمان کا سالا/قرض خواہ)","چنبیلی (گھوڑی)",2,"46 48","48:45 48:48"
"وسیم بھائی (بدیع الزمان کا سالا/قرض خواہ)","چوہدری اظہر (ایس ایچ او نور پور)",4,"58 110 136 606","59:57 109:112 136:136 606:606"
"وسیم بھائی (بدیع الزمان کا سالا/قرض خواہ)","ڈاکٹر (کریم بخش کا بیٹا)",13,"18 50 58 109 133 528 530 624 629 687 692","17:20 48:52 59:57 59:58 109:109 136:131 530:526 530:527 530:531 626:623 627:632 690:685 690:695"
"وسیم بھائی (بدیع الزمان کا سالا/قرض خواہ)","ڈاکٹر احسان الحق (پُل کھنگر)",1,"530","530:531"
"وسیم بھائی (بدیع الزمان کا سالا/قرض خواہ)","ڈاکٹر سعد اللہ خان (کنسلٹنٹ کارڈیالوجسٹ)",1,"692","690:695"
"وسیم بھائی (بدیع الزمان کا سالا/قرض خواہ)","ڈاکٹر عرفان (ڈیوٹی ڈاکٹر آئی سی یو)",1,"692","690:695"
"وسیم بھائی (بدیع الزمان کا سالا/قرض خواہ)","کریم راٹھور",7,"87 527 528 529 625 781 789","86:89 530:525 530:527 530:528 626:624 781:782 792:787"
"وسیم بھائی (بدیع الزمان کا سالا/قرض خواہ)","کلونت کور",8,"26 27 28 39 45 50 56 57","26:27 28:27 28:28 38:41 48:43 48:53 59:54 59:55"
"وسیم بھائی (بدیع الزمان کا سالا/قرض خواہ)","کنیز",9,"109 134 135 136 381 384 689","109:109 136:132 136:133 136:134 136:135 136:137 380:383 386:383 690:689"
"وسیم بھائی (بدیع الزمان کا سالا/قرض خواہ)","کیپٹن اسد اللہ",1,"281","279:284"
"وسیم بھائی (بدیع الزمان کا سالا/قرض خواہ)","کیپٹن اسرار",3,"15 34 356","17:14 35:34 356:356"
"وسیم بھائی (بدیع الزمان کا سالا/قرض خواہ)","کیپٹن جمال",6,"4 5 16 17 280","7:2 7:4 17:15 17:16 17:17 279:282"
"وسیم بھائی (بدیع الزمان کا سالا/قرض خواہ)","کیڈٹ نواز کھوکھر",1,"779","781:778"
"وسیم بھائی (بدیع الزمان کا سالا/قرض خواہ)","گل افروز خان",6,"279 353 354 358 382 385","279:279 356:351 356:353 356:360 380:384 386:384"
"وسیم بھائی (بدیع الزمان کا سالا/قرض خواہ)","یعقوب اعوان",38,"25 26 27 28 33 35 36 37 39 45 46 47 48 57 58 59 72 73 74 76 77 78 79 278 377 382 385 780 789 792","26:24 26:26 28:26 28:27 28:28 35:32 35:35 38:35 38:36 38:41 48:43 48:44 48:45 48:46 48:47 48:48 59:56 59:57 59:58 59:59 74:70 74:71 74:72 74:73 74:74 79:74 79:75 79:76 79:77 79:78 79:79 279:277 380:375 380:385 386:385 781:780 792:787 792:792"
"پروفیسر میر صاحب","چاچا احمد خان راٹھور",11,"219 220 221 222 245 246 247 248 249","222:217 222:218 222:220 222:223 248:243 248:244 248:245 248:246 248:248 249:248 249:249"
"پروفیسر میر صاحب","ڈاکٹر (کریم بخش کا بیٹا)",1,"219","222:217"
"پروفیسر میر صاحب","کنیز",1,"219","222:217"
"پھاتو مراثن (ڈھولکی)","چاچا احمد خان راٹھور",3,"357 358","358:356 358:357 358:358"
"پھاتو مراثن (ڈھولکی)","کیپٹن اسرار",1,"357","358:356"
"پھاتو مراثن (ڈھولکی)","گل افروز خان",2,"355 359","358:353 358:360"
"پیر حمید الدین بلال شاہ (مرشد بلال پور شریف)","چاچا احمد خان راٹھور",7,"35 161 162 755 756 757 789","34:36 162:160 162:162 757:754 757:755 757:757 791:787"
"پیر حمید الدین بلال شاہ (مرشد بلال پور شریف)","چوہدری اظہر (ایس ایچ او نور پور)",1,"757","757:758"
"پیر حمید الدین بلال شاہ (مرشد بلال پور شریف)","کریم راٹھور",2,"788 789","791:786 791:787"
"پیر حمید الدین بلال شاہ (مرشد بلال پور شریف)","کنیز",2,"161 162","162:160 162:163"
"پیر حمید الدین بلال شاہ (مرشد بلال پور شریف)","کیپٹن اسرار",1,"34","34:34"
"پیر حمید الدین بلال شاہ (مرشد بلال پور شریف)","کیپٹن جمال",4,"2 3 4","4:1 4:2 4:4 5:4"
"پیر حمید الدین بلال شاہ (مرشد بلال پور شریف)","یعقوب اعوان",5,"33 34 163 789 791","34:32 34:35 162:164 791:787 791:792"
"چاچا احمد خان راٹھور","چنبیلی (گھوڑی)",4,"47 48 65 67","49:45 49:48 63:68 67:68"
"چاچا احمد خان راٹھور","چوہدری ارشد (یونین رہنما)",1,"363","362:365"
"چاچا احمد خان راٹھور","چوہدری اظہر (ایس ایچ او نور پور)",33,"57 109 113 133 134 140 141 148 149 150 151 301 302 566 567 568 585 586 600 603 604 605 606 607 756 757","57:57 107:112 115:112 131:136 133:136 143:138 143:139 146:151 147:151 148:151 149:151 152:151 300:302 301:302 302:302 566:567 567:567 570:567 588:583 588:584 588:585 601:599 601:606 602:606 603:606 604:606 605:606 607:606 607:607 608:607 754:758 755:758 757:758"
"چاچا احمد خان راٹھور","چوہدری اللہ داد خان",2,"254 259","252:257 262:257"
"چاچا احمد خان راٹھور","چوہدری شدا",1,"364","362:366"
"چاچا احمد خان راٹھور","ڈاکٹر (کریم بخش کا بیٹا)",31,"21 50 54 57 60 107 108 113 129 131 132 214 216 217 509 510 511 512 557 621 632 635 694 697 698 699","23:20 49:52 57:52 57:57 63:58 105:109 106:109 107:109 115:112 128:131 131:131 133:131 212:217 216:217 217:217 218:217 512:507 512:509 512:510 512:512 559:555 619:623 633:632 633:637 634:637 694:695 700:695 700:696 700:697 700:698 700:699"
"چاچا احمد خان راٹھور","ڈاکٹر احسان الحق (پُل کھنگر)",1,"511","512:510"
"چاچا احمد خان راٹھور","ڈاکٹر سعد اللہ خان (کنسلٹنٹ کارڈیالوجسٹ)",3,"694 697 698","694:695 700:695 700:697"
"چاچا احمد خان راٹھور","ڈاکٹر عرفان (ڈیوٹی ڈاکٹر آئی سی یو)",3,"694 697 698","694:695 700:695 700:697"
"چاچا احمد خان راٹھور","کریم راٹھور",10,"263 512 621 721 782 783 785 786 787","262:264 263:264 512:512 619:624 723:719 782:782 785:782 785:786 787:786 787:787"
"چاچا احمد خان راٹھور","کلونت کور",7,"25 38 39 51 55 56","23:27 36:41 38:41 49:53 57:53 57:54 57:55"
"چاچا احمد خان راٹھور","کنیز",72,"102 103 104 107 108 112 113 117 118 119 120 121 122 129 130 131 132 133 140 141 145 147 148 150 151 152 157 158 160 161 162 163 190 191 192 193 194 195 197 198 199 200 201 214 216 217 384 472 473 474 586 691","102:103 103:103 105:103 105:109 106:109 107:109 115:110 115:112 115:120 116:120 117:120 118:120 119:120 120:120 121:120 121:121 122:121 122:122 123:122 128:130 131:130 131:132 133:132 133:133 143:138 143:139 143:140 143:148 146:148 147:148 148:148 149:148 149:151 152:151 152:153 160:155 160:156 160:160 162:160 162:163 163:163 164:163 188:192 189:192 190:192 191:192 192:192 193:192 193:193 194:193 194:194 195:194 195:195 196:195 196:199 197:199 198:199 199:199 200:199 200:200 202:200 212:216 216:216 217:216 217:217 218:217 385:383 474:470 474:473 474:474 588:585 694:689"
"چاچا احمد خان راٹھور","کو چوہا (چوکیدار/کھیت میں سونے والا)",1,"260","262:258"
"چاچا احمد خان راٹھور","کیپٹن اسد اللہ",3,"281 285 286","279:284 287:284 287:285"
"چاچا احمد خان راٹھور","کیپٹن اسرار",6,"35 356 559 724 725","36:34 356:356 357:356 559:560 723:726 724:726"
"چاچا احمد خان راٹھور","کیپٹن جمال",12,"20 21 279 280 284 286 588 599 617 618","23:18 23:19 277:282 278:282 279:282 287:282 287:286 588:589 601:597 601:598 619:616 619:617"
"چاچا احمد خان راٹھور","کیپٹن دلاور",3,"314 318 319","316:312 316:321 317:321"
"چاچا احمد خان راٹھور","کیڈٹ حبیب اللہ",2,"286","287:285 287:286"
"چاچا احمد خان راٹھور","کیڈٹ مجید اللہ",4,"294 298 299","292:297 300:297 300:298 300:299"
"چاچا احمد خان راٹھور","کیڈٹ نواز کھوکھر",1,"780","782:778"
"چاچا احمد خان راٹھور","گل افروز خان",22,"261 262 263 277 278 279 287 288 289 353 354 358 359 361 370 372 373 384","262:261 262:262 263:262 263:263 275:279 276:279 277:279 278:279 279:279 287:288 288:288 290:288 356:351 356:353 356:360 357:360 358:360 362:360 372:369 372:372 375:372 385:384"
"چاچا احمد خان راٹھور","ہکیم حاذق",1,"509","512:507"
"چاچا احمد خان راٹھور","یعقوب اعوان",68,"23 34 35 36 37 39 46 47 48 49 54 55 56 57 60 61 63 65 66 67 73 74 75 76 101 143 144 162 163 164 232 234 235 237 238 240 276 277 301 302 314 373 375 385 431 432 493 572 573 574 723 781 784 786 787","23:24 36:32 36:35 36:36 38:36 38:41 49:44 49:45 49:46 49:47 49:48 49:49 57:52 57:53 57:56 57:57 63:58 63:59 63:63 67:63 67:64 67:65 67:66 67:67 76:71 76:72 76:73 76:74 76:75 76:76 102:101 143:143 146:143 160:164 162:164 163:164 164:164 165:164 231:234 234:234 236:234 236:235 236:239 238:239 241:239 275:277 276:277 277:277 278:277 300:303 301:303 302:303 316:313 372:375 375:375 385:385 432:430 432:432 493:493 570:574 573:574 574:574 723:723 724:723 782:780 782:787 785:787 787:787"
"چنبیلی (گھوڑی)","ڈاکٹر (کریم بخش کا بیٹا)",1,"50","48:52"
"چنبیلی (گھوڑی)","کلونت کور",4,"43 44 50","45:41 45:42 45:43 48:53"
"چنبیلی (گھوڑی)","یعقوب اعوان",14,"43 44 45 46 47 48 65 66 67 68","45:41 45:43 45:44 45:45 48:45 48:46 48:47 48:48 68:63 68:64 68:65 68:66 68:67 68:68"
"چوہدری ارشد (یونین رہنما)","چوہدری شدا",1,"365","365:366"
"چوہدری ارشد (یونین رہنما)","گل افروز خان",2,"362 367","365:360 365:369"
"چوہدری اظہر (ایس ایچ او نور پور)","ڈاکٹر (کریم بخش کا بیٹا)",7,"54 57 110 112 133 452 454","57:52 57:57 112:109 112:112 136:131 450:455 453:455"
"چوہدری اظہر (ایس ایچ او نور پور)","کلونت کور",3,"55 56","57:53 57:54 57:55"
"چوہدری اظہر (ایس ایچ او نور پور)","کنیز",20,"110 111 112 134 135 136 137 138 139 149 151 583 584 585","112:109 112:110 112:112 136:132 136:133 136:134 136:135 136:137 137:137 138:137 138:138 139:138 139:139 151:148 151:151 581:585 582:585 583:585 584:585 585:585"
"چوہدری اظہر (ایس ایچ او نور پور)","کیپٹن جمال",4,"586 587 598","584:589 585:589 599:597 599:598"
"چوہدری اظہر (ایس ایچ او نور پور)","کیڈٹ مجید اللہ",3,"299 300","302:297 302:298 302:299"
"چوہدری اظہر (ایس ایچ او نور پور)","گل افروز خان",1,"350","350:350"
"چوہدری اظہر (ایس ایچ او نور پور)","یعقوب اعوان",7,"54 55 56 57 140 141 302","57:52 57:53 57:56 57:57 138:143 139:143 302:303"
"چوہدری اللہ داد خان","کو چوہا (چوکیدار/کھیت میں سونے والا)",1,"257","257:258"
"چوہدری اللہ داد خان","گل افروز خان",1,"259","257:261"
"چوہدری شدا","گل افروز خان",1,"367","366:369"
"ڈاکٹر (کریم بخش کا بیٹا)","ڈاکٹر احسان الحق (پُل کھنگر)",21,"508 509 510 511 520 528 529 531 532 533 534 644 645 646 647 648 649 650","507:510 509:510 510:510 512:510 520:520 526:531 527:531 531:531 533:531 533:534 534:534 644:645 645:645 646:645 646:647 647:647 648:647 648:648 649:648 649:649 652:649"
"ڈاکٹر (کریم بخش کا بیٹا)","ڈاکٹر خدابخش کھوکھر (چیف کیمسٹ)",5,"520 523 536 651 653","520:521 526:521 534:539 649:654 652:654"
"ڈاکٹر (کریم بخش کا بیٹا)","ڈاکٹر سعد اللہ خان (کنسلٹنٹ کارڈیالوجسٹ)",5,"695 696 697","695:695 696:695 696:697 697:697 698:697"
"ڈاکٹر (کریم بخش کا بیٹا)","ڈاکٹر عرفان (ڈیوٹی ڈاکٹر آئی سی یو)",5,"695 696 697","695:695 696:695 696:697 697:697 698:697"
"ڈاکٹر (کریم بخش کا بیٹا)","کامران خان (جواں سال کیمسٹ)",8,"646 647 648 649 650 652","644:649 645:649 646:649 647:649 648:649 649:649 652:649 652:652"
"ڈاکٹر (کریم بخش کا بیٹا)","کریم راٹھور",15,"509 510 511 512 521 524 525 526 527 529 536 623 679","507:512 509:512 510:512 512:512 520:523 526:523 526:524 526:525 526:527 527:527 531:527 531:528 534:539 623:624 681:678"
"ڈاکٹر (کریم بخش کا بیٹا)","کلونت کور",4,"52 55 56","52:53 57:53 57:54 57:55"
"ڈاکٹر (کریم بخش کا بیٹا)","کنیز",11,"109 110 111 112 130 131 216 217 464 686 687","109:109 112:109 112:110 112:112 131:130 131:132 217:216 217:217 464:465 684:689 685:689"
"ڈاکٹر (کریم بخش کا بیٹا)","کیپٹن اسرار",1,"557","555:560"
"ڈاکٹر (کریم بخش کا بیٹا)","کیپٹن جمال",5,"17 18 19","20:15 20:16 20:17 20:18 20:19"
"ڈاکٹر (کریم بخش کا بیٹا)","کیڈٹ نواز کھوکھر",1,"768","767:769"
"ڈاکٹر (کریم بخش کا بیٹا)","ہکیم حاذق",6,"503 506 507 508","501:505 502:505 507:505 507:506 507:507 509:507"
"ڈاکٹر (کریم بخش کا بیٹا)","یعقوب اعوان",13,"22 49 50 51 52 54 55 56 57 58","20:24 52:47 52:48 52:49 52:50 52:51 52:52 57:52 57:53 57:56 57:57 58:57 58:58"
"ڈاکٹر احسان الحق (پُل کھنگر)","ڈاکٹر خدابخش کھوکھر (چیف کیمسٹ)",3,"520 536 651","520:521 534:539 649:654"
"ڈاکٹر احسان الحق (پُل کھنگر)","کامران خان (جواں سال کیمسٹ)",4,"647 648 649","645:649 647:649 648:649 649:649"
"ڈاکٹر احسان الحق (پُل کھنگر)","کریم راٹھور",5,"511 521 529 536","510:512 520:523 531:527 531:528 534:539"
"ڈاکٹر احسان الحق (پُل کھنگر)","ہکیم حاذق",3,"507 508","510:505 510:506 510:507"
"ڈاکٹر خدابخش کھوکھر (چیف کیمسٹ)","کامران خان (جواں سال کیمسٹ)",7,"651 653 657 658 672 674","654:649 654:652 655:660 656:660 657:660 674:671 674:674"
"ڈاکٹر خدابخش کھوکھر (چیف کیمسٹ)","کریم راٹھور",3,"522 539 674","521:523 539:539 674:674"
"ڈاکٹر خدابخش کھوکھر (چیف کیمسٹ)","کنیز",1,"539","539:540"
"ڈاکٹر سعد اللہ خان (کنسلٹنٹ کارڈیالوجسٹ)","ڈاکٹر عرفان (ڈیوٹی ڈاکٹر آئی سی یو)",3,"695 696 697","695:695 697:695 697:697"
"کامران خان (جواں سال کیمسٹ)","کریم راٹھور",3,"669 672 674","671:668 671:674 674:674"
"کریم راٹھور","کنیز",1,"539","539:540"
"کریم راٹھور","کیڈٹ نواز کھوکھر",1,"780","782:778"
"کریم راٹھور","گل افروز خان",3,"262 263","264:261 264:262 264:263"
"کریم راٹھور","ہکیم حاذق",1,"509","512:507"
"کریم راٹھور","یعقوب اعوان",5,"721 781 784 786 787","719:723 782:780 782:787 786:787 787:787"
"کلونت کور","یعقوب اعوان",19,"25 26 27 28 38 41 42 43 50 51 52 53 55","27:24 27:26 27:27 28:27 28:28 41:36 41:41 42:41 42:43 43:43 53:48 53:49 53:50 53:51 53:52 53:53 54:53 54:56 55:56"
"کنیز","کیپٹن جمال",1,"587","585:589"
"کنیز","گل افروز خان",1,"383","383:384"
"کنیز","یعقوب اعوان",8,"102 140 141 145 162 163 384","103:101 138:143 139:143 140:143 148:143 160:164 163:164 383:385"
"کو چوہا (چوکیدار/کھیت میں سونے والا)","گل افروز خان",1,"259","258:261"
"کیپٹن اسد اللہ","کیپٹن جمال",3,"283 285","284:282 284:286 285:286"
"کیپٹن اسد اللہ","کیڈٹ حبیب اللہ",2,"284 285","284:285 285:285"
"کیپٹن اسد اللہ","گل افروز خان",3,"281 286","284:279 284:288 285:288"
"کیپٹن اسرار","کیپٹن جمال",1,"14","14:15"
"کیپٹن اسرار","کیڈٹ نواز کھوکھر",3,"771 775","773:769 773:770 773:778"
"کیپٹن اسرار","گل افروز خان",3,"353 354 358","356:351 356:353 356:360"
"کیپٹن اسرار","یعقوب اعوان",3,"33 34 724","34:32 34:35 726:723"
"کیپٹن جمال","کیڈٹ حبیب اللہ",3,"283 285 286","282:285 286:285 286:286"
"کیپٹن جمال","گل افروز خان",2,"280 287","282:279 286:288"
"کیپٹن جمال","یعقوب اعوان",2,"21 279","19:24 282:277"
"کیپٹن دلاور","یعقوب اعوان",1,"312","312:313"
"کیڈٹ حبیب اللہ","گل افروز خان",2,"286 287","285:288 286:288"
"کیڈٹ مجید اللہ","یعقوب اعوان",2,"300 301","298:303 299:303"
"کیڈٹ نواز کھوکھر","یعقوب اعوان",1,"779","778:780"
"گل افروز خان","یعقوب اعوان",3,"278 373 384","279:277 372:375 384:385"
