Character_A,Character_B,Weight,Pages(centers),Pairs(pa:pb)
"آصف (کیڈٹ ساتھی)","آصف شاہ (پارٹی امیدوار)",14,"287 289 291 292 293 294 310 321 322 367 398 577","287:287 291:287 291:291 293:291 293:293 294:293 294:294 310:310 321:321 322:321 322:322 367:367 398:398 577:577"
"آصف (کیڈٹ ساتھی)","احمد شاہ",5,"325 366 367 398","321:329 322:329 367:366 367:367 398:398"
"آصف (کیڈٹ ساتھی)","اشرف",17,"284 287 289 292 293 294 308 310 316 320 321 322 574 576 577","287:282 287:287 291:287 291:293 293:293 294:293 294:295 310:307 310:310 321:312 321:320 321:321 322:321 322:322 577:571 577:576 577:577"
"آصف (کیڈٹ ساتھی)","اعجاز اعوان",47,"282 283 287 289 290 291 292 296 297 305 307 310 316 317 318 319 322 323 362 363 364 365 366 367 393 394 395 398 572 573 574 575 576 579","287:277 287:278 287:279 287:287 291:287 291:288 291:289 291:290 291:292 293:292 293:300 294:300 310:300 310:305 310:311 321:311 321:313 321:314 321:315 321:316 321:317 321:324 322:324 367:357 367:358 367:359 367:360 367:361 367:362 367:363 367:365 367:366 367:367 398:388 398:389 398:390 398:392 398:398 577:567 577:568 577:569 577:570 577:572 577:573 577:574 577:575 577:582"
"آصف (کیڈٹ ساتھی)","اقبال (کنیز کا بچہ/سکول جانے والا)",1,"395","398:393"
"آصف (کیڈٹ ساتھی)","امداد علی شاہ (محرر)",1,"579","577:582"
"آصف (کیڈٹ ساتھی)","این سی او گل نواز",1,"283","287:280"
"آصف (کیڈٹ ساتھی)","ایوب اعوان",3,"283 310 403","287:279 310:310 398:408"
"آصف (کیڈٹ ساتھی)","برکت",8,"287 289 292 293 294 310 577","287:287 291:287 291:293 293:293 294:293 294:294 310:310 577:577"
"آصف (کیڈٹ ساتھی)","بریگیڈیئر کرّار (شعیب کا والد)",3,"286 574 576","287:286 577:571 577:575"
"آصف (کیڈٹ ساتھی)","بی بی (گھر کی بزرگ عورت/لالے کی ساتھی)",7,"296 297 305 364 572","291:301 293:301 294:301 310:301 367:361 577:567 577:568"
"آصف (کیڈٹ ساتھی)","تھانیدار / اے ایس آئی",5,"297 298 306 572 579","293:302 294:302 310:302 577:567 577:581"
"آصف (کیڈٹ ساتھی)","جمیلہ",8,"289 291 292 313 319 325 326 572","287:292 291:292 293:292 310:317 321:317 321:330 322:330 577:568"
"آصف (کیڈٹ ساتھی)","حسن (اعجاز/سکینہ کا بیٹا)",12,"288 290 311 317 318 319 325 364 572 575","287:290 291:290 310:313 321:313 321:316 321:317 321:329 322:329 367:361 577:568 577:573 577:574"
"آصف (کیڈٹ ساتھی)","حسین (اعجاز/سکینہ کا بیٹا)",14,"296 297 305 311 317 318 319 325 326 394 572 573 575","291:301 293:301 294:301 310:301 310:313 321:313 321:316 321:317 321:330 322:330 398:391 577:568 577:569 577:573"
"آصف (کیڈٹ ساتھی)","خوشی محمد تیلی",1,"283","287:279"
"آصف (کیڈٹ ساتھی)","داؤد (خوشی محمد کا بھائی)",1,"283","287:279"
"آصف (کیڈٹ ساتھی)","رابعہ",1,"362","367:358"
"آصف (کیڈٹ ساتھی)","رحمت چوہان",1,"282","287:278"
"آصف (کیڈٹ ساتھی)","رضیہ",1,"362","367:358"
"آصف (کیڈٹ ساتھی)","سائیں جلا",1,"581","577:586"
"آصف (کیڈٹ ساتھی)","سراج گجر",4,"312 317 364","310:314 321:314 367:361 367:362"
"آصف (کیڈٹ ساتھی)","سرداراں دائی",1,"364","367:361"
"آصف (کیڈٹ ساتھی)","سلطان (پی۔او۔ڈبلیو ساتھی/دوست)",3,"576 577","577:575 577:576 577:577"
"آصف (کیڈٹ ساتھی)","سکینہ (اعجاز کی بیوی)",28,"282 287 289 290 291 292 296 297 305 311 317 318 319 323 324 362 363 364 365 368 402 572","287:277 287:278 287:287 291:287 291:288 291:289 291:290 291:292 293:292 293:300 294:300 310:300 310:313 321:313 321:316 321:318 321:326 322:326 367:357 367:358 367:359 367:361 367:362 367:363 367:369 398:407 577:567 577:568"
"آصف (کیڈٹ ساتھی)","سینئر انڈر آفیسر صبغت اللہ",4,"284 295 296","287:281 291:299 293:299 294:299"
"آصف (کیڈٹ ساتھی)","شعیب",28,"286 287 289 293 294 295 308 309 311 316 318 319 320 321 322 362 363 394 395 396 397 573 577","287:286 287:287 291:287 291:296 293:296 294:296 310:306 310:307 310:308 310:309 310:312 321:312 321:316 321:318 321:320 321:321 322:321 322:322 367:357 367:358 367:359 398:391 398:393 398:394 398:396 398:397 577:569 577:577"
"آصف (کیڈٹ ساتھی)","شوکت",5,"287 289 292 293","287:287 291:287 291:293 293:293 294:293"
"آصف (کیڈٹ ساتھی)","طارق (ورکس منیجر)",1,"283","287:280"
"آصف (کیڈٹ ساتھی)","ظفر چوہدری",3,"576 577","577:575 577:576 577:577"
"آصف (کیڈٹ ساتھی)","عباس (چاچا احمد کا بیٹا)",17,"287 289 296 297 305 306 307 308 313 318 319 323 362","287:288 291:288 291:301 293:301 294:301 310:301 310:302 310:303 310:304 310:305 310:306 310:316 321:316 321:317 321:325 322:325 367:357"
"آصف (کیڈٹ ساتھی)","قائد (پارٹی بانی لیڈر)",29,"286 288 290 309 312 317 323 364 365 366 367 393 394 395 396 397 398 573 574 575 576 577","287:286 287:290 291:290 310:309 310:314 321:314 321:325 322:325 367:361 367:363 367:364 367:365 367:366 367:368 398:389 398:390 398:391 398:392 398:394 398:395 398:396 398:397 398:398 577:569 577:571 577:574 577:575 577:576 577:578"
"آصف (کیڈٹ ساتھی)","ماسی (سرفراز کی پرورش کرنے والی)",9,"289 291 292 296 297 305 313 319 572","287:292 291:292 293:292 293:300 294:300 310:300 310:317 321:317 577:568"
"آصف (کیڈٹ ساتھی)","ماسی مریم",9,"289 291 292 296 297 305 313 319 572","287:292 291:292 293:292 293:300 294:300 310:300 310:317 321:317 577:568"
"آصف (کیڈٹ ساتھی)","محمد نواز چیمہ",3,"393 394","398:388 398:389 398:390"
"آصف (کیڈٹ ساتھی)","ملک جہانگیر اعوان (ایم ایل اے)",14,"288 290 364 365 366 370 399 572 573 574 581","287:289 291:289 291:290 367:361 367:362 367:363 367:365 367:374 398:401 577:567 577:569 577:570 577:572 577:586"
"آصف (کیڈٹ ساتھی)","ملک حمید",1,"579","577:581"
"آصف (کیڈٹ ساتھی)","ملک لطیف",1,"580","577:584"
"آصف (کیڈٹ ساتھی)","منشی کریم شاہ",1,"402","398:406"
"آصف (کیڈٹ ساتھی)","منظور (اعجاز کا ورکر)",7,"366 367 393 394 395 398","367:365 367:366 367:367 398:388 398:390 398:392 398:398"
"آصف (کیڈٹ ساتھی)","میجر صدیق",1,"578","577:579"
"آصف (کیڈٹ ساتھی)","میجر/کیپٹن سرفراز اعوان",55,"282 283 287 289 290 291 292 296 297 305 306 307 308 309 310 316 317 318 319 320 321 322 362 363 369 394 395 396 397 401 572 573 574 575 576 577","287:277 287:279 287:287 291:287 291:288 291:289 291:292 293:292 293:300 294:300 310:300 310:301 310:302 310:303 310:304 310:305 310:306 310:307 310:308 310:309 310:310 321:311 321:312 321:313 321:314 321:315 321:316 321:317 321:318 321:319 321:320 321:321 322:321 322:322 367:357 367:358 367:359 367:371 398:391 398:393 398:394 398:396 398:397 398:405 577:567 577:568 577:569 577:570 577:571 577:572 577:573 577:574 577:575 577:576 577:577"
"آصف (کیڈٹ ساتھی)","نامعلوم مزدور عورت (ملک حمید/لطیف کا تعلق)",1,"580","577:584"
"آصف (کیڈٹ ساتھی)","نسرین",2,"362 402","367:357 398:407"
"آصف (کیڈٹ ساتھی)","نسیمہ (شعیب کی بہن)",22,"286 313 318 320 321 322 362 363 394 396 397 574 575 576 577","287:286 310:316 321:316 321:319 321:320 321:321 322:321 322:323 367:357 367:358 367:359 398:391 398:394 398:395 398:396 398:397 577:571 577:573 577:574 577:575 577:576 577:578"
"آصف (کیڈٹ ساتھی)","نصیر شیخ (پارٹی امیدوار)",2,"367 398","367:367 398:398"
"آصف (کیڈٹ ساتھی)","نمائر (کیمپ کا قیدی ساتھی)",2,"576 577","577:576 577:578"
"آصف (کیڈٹ ساتھی)","وسیم بھائی (بدیع الزمان کا سالا/قرض خواہ)",1,"283","287:279"
"آصف (کیڈٹ ساتھی)","پھاتو مراثن (ڈھولکی)",1,"362","367:358"
"آصف (کیڈٹ ساتھی)","چاچا احمد خان راٹھور",26,"282 283 287 289 290 291 292 296 297 305 306 313 318 319 362 364 369 403 572 573 575","287:277 287:278 287:279 287:287 291:287 291:288 291:290 291:292 293:292 293:300 294:300 310:300 310:301 310:302 310:316 321:316 321:317 367:357 367:358 367:362 367:372 398:408 577:567 577:570 577:573 577:574"
"آصف (کیڈٹ ساتھی)","چوہدری ارشد (یونین رہنما)",1,"366","367:365"
"آصف (کیڈٹ ساتھی)","چوہدری اظہر (ایس ایچ او نور پور)",5,"297 298 306 572 579","293:302 294:302 310:302 577:567 577:581"
"آصف (کیڈٹ ساتھی)","چوہدری شدا",1,"366","367:366"
"آصف (کیڈٹ ساتھی)","کنیز",1,"581","577:585"
"آصف (کیڈٹ ساتھی)","کیپٹن اسد اللہ",2,"285 286","287:284 287:285"
"آصف (کیڈٹ ساتھی)","کیپٹن جمال",2,"284 286","287:282 287:286"
"آصف (کیڈٹ ساتھی)","کیپٹن دلاور",5,"311 316 321 322","310:312 321:312 321:321 322:321 322:322"
"آصف (کیڈٹ ساتھی)","کیڈٹ حبیب اللہ",2,"286","287:285 287:286"
"آصف (کیڈٹ ساتھی)","کیڈٹ مجید اللہ",4,"292 294 295","287:297 291:297 293:297 294:297"
"آصف (کیڈٹ ساتھی)","گل افروز خان",5,"283 287 289 363 368","287:279 287:288 291:288 367:360 367:369"
"آصف (کیڈٹ ساتھی)","یعقوب اعوان",10,"282 298 306 307 311 317 371 575","287:277 293:303 294:303 310:303 310:304 310:305 310:313 321:313 367:375 577:574"
"آصف شاہ (پارٹی امیدوار)","احمد شاہ",5,"325 366 367 398","321:329 322:329 367:366 367:367 398:398"
"آصف شاہ (پارٹی امیدوار)","اشرف",17,"284 287 289 292 293 294 308 310 316 320 321 322 574 576 577","287:282 287:287 291:287 291:293 293:293 294:293 294:295 310:307 310:310 321:312 321:320 321:321 322:321 322:322 577:571 577:576 577:577"
"آصف شاہ (پارٹی امیدوار)","اعجاز اعوان",47,"282 283 287 289 290 291 292 296 297 305 307 310 316 317 318 319 322 323 362 363 364 365 366 367 393 394 395 398 572 573 574 575 576 579","287:277 287:278 287:279 287:287 291:287 291:288 291:289 291:290 291:292 293:292 293:300 294:300 310:300 310:305 310:311 321:311 321:313 321:314 321:315 321:316 321:317 321:324 322:324 367:357 367:358 367:359 367:360 367:361 367:362 367:363 367:365 367:366 367:367 398:388 398:389 398:390 398:392 398:398 577:567 577:568 577:569 577:570 577:572 577:573 577:574 577:575 577:582"
"آصف شاہ (پارٹی امیدوار)","اقبال (کنیز کا بچہ/سکول جانے والا)",1,"395","398:393"
"آصف شاہ (پارٹی امیدوار)","امداد علی شاہ (محرر)",1,"579","577:582"
"آصف شاہ (پارٹی امیدوار)","این سی او گل نواز",1,"283","287:280"
"آصف شاہ (پارٹی امیدوار)","ایوب اعوان",3,"283 310 403","287:279 310:310 398:408"
"آصف شاہ (پارٹی امیدوار)","برکت",8,"287 289 292 293 294 310 577","287:287 291:287 291:293 293:293 294:293 294:294 310:310 577:577"
"آصف شاہ (پارٹی امیدوار)","بریگیڈیئر کرّار (شعیب کا والد)",3,"286 574 576","287:286 577:571 577:575"
"آصف شاہ (پارٹی امیدوار)","بی بی (گھر کی بزرگ عورت/لالے کی ساتھی)",7,"296 297 305 364 572","291:301 293:301 294:301 310:301 367:361 577:567 577:568"
"آصف شاہ (پارٹی امیدوار)","تھانیدار / اے ایس آئی",5,"297 298 306 572 579","293:302 294:302 310:302 577:567 577:581"
"آصف شاہ (پارٹی امیدوار)","جمیلہ",8,"289 291 292 313 319 325 326 572","287:292 291:292 293:292 310:317 321:317 321:330 322:330 577:568"
"آصف شاہ (پارٹی امیدوار)","حسن (اعجاز/سکینہ کا بیٹا)",12,"288 290 311 317 318 319 325 364 572 575","287:290 291:290 310:313 321:313 321:316 321:317 321:329 322:329 367:361 577:568 577:573 577:574"
"آصف شاہ (پارٹی امیدوار)","حسین (اعجاز/سکینہ کا بیٹا)",14,"296 297 305 311 317 318 319 325 326 394 572 573 575","291:301 293:301 294:301 310:301 310:313 321:313 321:316 321:317 321:330 322:330 398:391 577:568 577:569 577:573"
"آصف شاہ (پارٹی امیدوار)","خوشی محمد تیلی",1,"283","287:279"
"آصف شاہ (پارٹی امیدوار)","داؤد (خوشی محمد کا بھائی)",1,"283","287:279"
"آصف شاہ (پارٹی امیدوار)","رابعہ",1,"362","367:358"
"آصف شاہ (پارٹی امیدوار)","رحمت چوہان",1,"282","287:278"
"آصف شاہ (پارٹی امیدوار)","رضیہ",1,"362","367:358"
"آصف شاہ (پارٹی امیدوار)","سائیں جلا",1,"581","577:586"
"آصف شاہ (پارٹی امیدوار)","سراج گجر",4,"312 317 364","310:314 321:314 367:361 367:362"
"آصف شاہ (پارٹی امیدوار)","سرداراں دائی",1,"364","367:361"
"آصف شاہ (پارٹی امیدوار)","سلطان (پی۔او۔ڈبلیو ساتھی/دوست)",3,"576 577","577:575 577:576 577:577"
"آصف شاہ (پارٹی امیدوار)","سکینہ (اعجاز کی بیوی)",28,"282 287 289 290 291 292 296 297 305 311 317 318 319 323 324 362 363 364 365 368 402 572","287:277 287:278 287:287 291:287 291:288 291:289 291:290 291:292 293:292 293:300 294:300 310:300 310:313 321:313 321:316 321:318 321:326 322:326 367:357 367:358 367:359 367:361 367:362 367:363 367:369 398:407 577:567 577:568"
"آصف شاہ (پارٹی امیدوار)","سینئر انڈر آفیسر صبغت اللہ",4,"284 295 296","287:281 291:299 293:299 294:299"
"آصف شاہ (پارٹی امیدوار)","شعیب",28,"286 287 289 293 294 295 308 309 311 316 318 319 320 321 322 362 363 394 395 396 397 573 577","287:286 287:287 291:287 291:296 293:296 294:296 310:306 310:307 310:308 310:309 310:312 321:312 321:316 321:318 321:320 321:321 322:321 322:322 367:357 367:358 367:359 398:391 398:393 398:394 398:396 398:397 577:569 577:577"
"آصف شاہ (پارٹی امیدوار)","شوکت",5,"287 289 292 293","287:287 291:287 291:293 293:293 294:293"
"آصف شاہ (پارٹی امیدوار)","طارق (ورکس منیجر)",1,"283","287:280"
"آصف شاہ (پارٹی امیدوار)","ظفر چوہدری",3,"576 577","577:575 577:576 577:577"
"آصف شاہ (پارٹی امیدوار)","عباس (چاچا احمد کا بیٹا)",17,"287 289 296 297 305 306 307 308 313 318 319 323 362","287:288 291:288 291:301 293:301 294:301 310:301 310:302 310:303 310:304 310:305 310:306 310:316 321:316 321:317 321:325 322:325 367:357"
"آصف شاہ (پارٹی امیدوار)","قائد (پارٹی بانی لیڈر)",29,"286 288 290 309 312 317 323 364 365 366 367 393 394 395 396 397 398 573 574 575 576 577","287:286 287:290 291:290 310:309 310:314 321:314 321:325 322:325 367:361 367:363 367:364 367:365 367:366 367:368 398:389 398:390 398:391 398:392 398:394 398:395 398:396 398:397 398:398 577:569 577:571 577:574 577:575 577:576 577:578"
"آصف شاہ (پارٹی امیدوار)","ماسی (سرفراز کی پرورش کرنے والی)",9,"289 291 292 296 297 305 313 319 572","287:292 291:292 293:292 293:300 294:300 310:300 310:317 321:317 577:568"
"آصف شاہ (پارٹی امیدوار)","ماسی مریم",9,"289 291 292 296 297 305 313 319 572","287:292 291:292 293:292 293:300 294:300 310:300 310:317 321:317 577:568"
"آصف شاہ (پارٹی امیدوار)","محمد نواز چیمہ",3,"393 394","398:388 398:389 398:390"
"آصف شاہ (پارٹی امیدوار)","ملک جہانگیر اعوان (ایم ایل اے)",14,"288 290 364 365 366 370 399 572 573 574 581","287:289 291:289 291:290 367:361 367:362 367:363 367:365 367:374 398:401 577:567 577:569 577:570 577:572 577:586"
"آصف شاہ (پارٹی امیدوار)","ملک حمید",1,"579","577:581"
"آصف شاہ (پارٹی امیدوار)","ملک لطیف",1,"580","577:584"
"آصف شاہ (پارٹی امیدوار)","منشی کریم شاہ",1,"402","398:406"
"آصف شاہ (پارٹی امیدوار)","منظور (اعجاز کا ورکر)",7,"366 367 393 394 395 398","367:365 367:366 367:367 398:388 398:390 398:392 398:398"
"آصف شاہ (پارٹی امیدوار)","میجر صدیق",1,"578","577:579"
"آصف شاہ (پارٹی امیدوار)","میجر/کیپٹن سرفراز اعوان",55,"282 283 287 289 290 291 292 296 297 305 306 307 308 309 310 316 317 318 319 320 321 322 362 363 369 394 395 396 397 401 572 573 574 575 576 577","287:277 287:279 287:287 291:287 291:288 291:289 291:292 293:292 293:300 294:300 310:300 310:301 310:302 310:303 310:304 310:305 310:306 310:307 310:308 310:309 310:310 321:311 321:312 321:313 321:314 321:315 321:316 321:317 321:318 321:319 321:320 321:321 322:321 322:322 367:357 367:358 367:359 367:371 398:391 398:393 398:394 398:396 398:397 398:405 577:567 577:568 577:569 577:570 577:571 577:572 577:573 577:574 577:575 577:576 577:577"
"آصف شاہ (پارٹی امیدوار)","نامعلوم مزدور عورت (ملک حمید/لطیف کا تعلق)",1,"580","577:584"
"آصف شاہ (پارٹی امیدوار)","نسرین",2,"362 402","367:357 398:407"
"آصف شاہ (پارٹی امیدوار)","نسیمہ (شعیب کی بہن)",22,"286 313 318 320 321 322 362 363 394 396 397 574 575 576 577","287:286 310:316 321:316 321:319 321:320 321:321 322:321 322:323 367:357 367:358 367:359 398:391 398:394 398:395 398:396 398:397 577:571 577:573 577:574 577:575 577:576 577:578"
"آصف شاہ (پارٹی امیدوار)","نصیر شیخ (پارٹی امیدوار)",2,"367 398","367:367 398:398"
"آصف شاہ (پارٹی امیدوار)","نمائر (کیمپ کا قیدی ساتھی)",2,"576 577","577:576 577:578"
"آصف شاہ (پارٹی امیدوار)","وسیم بھائی (بدیع الزمان کا سالا/قرض خواہ)",1,"283","287:279"
"آصف شاہ (پارٹی امیدوار)","پھاتو مراثن (ڈھولکی)",1,"362","367:358"
"آصف شاہ (پارٹی امیدوار)","چاچا احمد خان راٹھور",26,"282 283 287 289 290 291 292 296 297 305 306 313 318 319 362 364 369 403 572 573 575","287:277 287:278 287:279 287:287 291:287 291:288 291:290 291:292 293:292 293:300 294:300 310:300 310:301 310:302 310:316 321:316 321:317 367:357 367:358 367:362 367:372 398:408 577:567 577:570 577:573 577:574"
"آصف شاہ (پارٹی امیدوار)","چوہدری ارشد (یونین رہنما)",1,"366","367:365"
"آصف شاہ (پارٹی امیدوار)","چوہدری اظہر (ایس ایچ او نور پور)",5,"297 298 306 572 579","293:302 294:302 310:302 577:567 577:581"
"آصف شاہ (پارٹی امیدوار)","چوہدری شدا",1,"366","367:366"
"آصف شاہ (پارٹی امیدوار)","کنیز",1,"581","577:585"
"آصف شاہ (پارٹی امیدوار)","کیپٹن اسد اللہ",2,"285 286","287:284 287:285"
"آصف شاہ (پارٹی امیدوار)","کیپٹن جمال",2,"284 286","287:282 287:286"
"آصف شاہ (پارٹی امیدوار)","کیپٹن دلاور",5,"311 316 321 322","310:312 321:312 321:321 322:321 322:322"
"آصف شاہ (پارٹی امیدوار)","کیڈٹ حبیب اللہ",2,"286","287:285 287:286"
"آصف شاہ (پارٹی امیدوار)","کیڈٹ مجید اللہ",4,"292 294 295","287:297 291:297 293:297 294:297"
"آصف شاہ (پارٹی امیدوار)","گل افروز خان",5,"283 287 289 363 368","287:279 287:288 291:288 367:360 367:369"
"آصف شاہ (پارٹی امیدوار)","یعقوب اعوان",10,"282 298 306 307 311 317 371 575","287:277 293:303 294:303 310:303 310:304 310:305 310:313 321:313 367:375 577:574"
"احمد شاہ","ادھم سنگھ",4,"457 458 459","454:461 455:461 457:461 458:461"
"احمد شاہ","ارشاد",8,"132 133 134 135 136 733","135:130 135:132 135:133 135:134 135:135 136:135 136:137 733:734"
"احمد شاہ","اشرف",5,"324 325 330 733","329:320 329:321 329:322 329:331 733:733"
"احمد شاہ","اعجاز اعوان",229,"130 131 132 133 134 135 136 197 198 199 200 201 206 207 208 209 210 211 212 216 217 218 219 220 226 227 229 230 231 232 233 234 243 244 245 246 247 249 250 251 252 259 260 261 262 263 264 326 327 328 329 361 362 363 364 365 366 367 376 377 378 379 380 381 383 384 385 386 387 393 394 395 398 399 400 401 402 403 408 409 410 411 412 413 414 415 416 417 418 419 423 427 437 441 442 449 450 451 452 453 454 455 456 457 458 479 480 481 482 484 488 491 492 508 509 510 511 512 515 516 517 621 623 626 627 628 629 630 632 633 634 635 637 638 665 666 728 729 732 733 786 787 788 789 790 791","135:126 135:127 135:128 135:129 135:130 135:131 135:132 135:133 135:134 135:135 136:135 136:136 202:192 202:193 202:194 202:195 202:197 202:198 202:199 202:200 202:211 203:211 204:211 205:211 206:211 207:211 208:211 209:211 210:211 212:211 212:213 220:213 220:214 220:215 220:216 220:217 220:218 220:219 220:221 231:221 231:222 231:224 231:228 231:229 231:230 231:231 234:231 234:232 234:233 234:234 248:238 248:239 248:240 248:241 248:242 248:243 248:244 248:245 248:246 248:247 248:251 249:251 250:251 252:251 252:253 264:254 264:255 264:256 264:257 264:258 264:259 264:261 264:263 264:264 329:324 329:325 329:326 329:327 329:328 329:329 366:357 366:358 366:359 366:360 366:361 366:362 366:363 366:365 366:366 367:366 367:367 381:371 381:372 381:373 381:374 381:375 381:376 381:377 381:378 381:379 381:381 386:381 386:382 386:383 386:384 386:385 386:386 387:386 387:387 398:388 398:389 398:390 398:392 398:398 399:398 399:399 401:399 401:400 401:401 402:401 402:402 403:402 403:404 413:404 413:406 413:407 413:408 413:409 413:410 413:411 413:412 413:413 415:413 415:414 415:415 417:415 417:416 417:417 418:417 418:418 419:418 419:419 427:419 427:420 427:428 442:432 442:433 442:440 442:442 454:444 454:445 454:446 454:447 454:448 454:449 454:450 454:451 454:452 454:453 454:454 455:454 455:455 457:455 457:456 457:458 458:458 484:474 484:475 484:476 484:477 484:478 484:479 484:480 484:484 485:484 485:491 486:491 492:491 492:493 513:503 513:504 513:505 513:506 513:507 513:508 513:509 513:510 513:512 513:518 514:518 515:518 516:518 624:619 624:622 624:623 624:629 625:629 626:629 627:629 628:629 630:629 630:630 635:630 635:631 635:632 635:633 635:635 636:635 636:638 637:638 638:638 662:668 665:668 733:723 733:724 733:725 733:731 733:732 733:733 791:782 791:783 791:784 791:785 791:786 791:787 791:788 791:789 791:790 791:792"
"احمد شاہ","اقبال (کنیز کا بچہ/سکول جانے والا)",5,"198 389 390 395 733","202:194 386:393 387:393 398:393 733:733"
"احمد شاہ","الیاس کمہار",3,"238 245 246","234:243 248:243 248:244"
"احمد شاہ","امداد علی شاہ (محرر)",3,"135 136","135:135 136:135 136:136"
"احمد شاہ","این سی او گل نواز",3,"268 513","264:272 513:513 514:513"
"احمد شاہ","ایوب اعوان",18,"135 136 212 213 214 218 233 235 403 404 405 410 621 733","135:136 136:136 207:217 208:217 209:217 210:217 212:217 220:217 231:236 234:236 398:408 399:408 401:408 402:408 403:408 413:408 624:619 733:733"
"احمد شاہ","باجوہ (تھرڈ ایئر والنٹیر)",4,"203 204","202:204 203:204 204:204 205:204"
"احمد شاہ","بدیع الزمان",36,"490 493 508 509 516 517 622 623 624 625 627 628 629 630 632 633 635 636 637 638 657 658 662 663 665 729","485:495 486:495 492:495 513:503 513:504 513:505 513:519 514:519 515:519 516:519 624:621 624:622 624:623 624:625 625:625 626:625 626:629 627:629 628:629 630:629 630:630 635:630 635:632 635:635 636:635 636:636 637:636 637:637 638:637 638:638 662:653 662:654 662:662 665:662 665:665 733:726"
"احمد شاہ","برکت",6,"253 254 255 261 331","248:258 249:258 250:258 252:258 264:258 329:333"
"احمد شاہ","بلال مسیح موچی",4,"254 255 261","249:259 250:259 252:259 264:259"
"احمد شاہ","بکتو (کو چوہے کی بیوی)",4,"254 255 261","249:259 250:259 252:259 264:259"
"احمد شاہ","بی اے چوہدری (بشیر ارائیں کے نئے نام کا سیاسی روپ)",8,"447 453 457 458 459 479 481","442:452 454:452 454:460 455:460 457:460 458:460 484:474 484:478"
"احمد شاہ","بی بی (گھر کی بزرگ عورت/لالے کی ساتھی)",55,"211 212 213 214 218 225 230 231 232 233 234 243 244 245 246 247 249 250 251 252 259 260 261 363 407 412 416 417 418 419 423 429 437 488 489 492 509 510 728 736 787 789","206:216 207:216 208:216 209:216 210:216 212:216 220:216 220:230 231:230 231:231 234:231 234:232 234:233 234:234 248:238 248:239 248:240 248:241 248:243 248:244 248:245 248:246 248:251 249:251 250:251 252:251 252:253 264:254 264:255 264:256 264:257 264:258 264:259 366:361 402:412 403:412 413:412 413:420 415:420 417:420 418:420 419:420 427:420 427:431 442:433 484:493 485:493 486:493 492:493 513:506 513:507 733:723 733:739 791:784 791:787"
"احمد شاہ","بی بی کمہاری",1,"509","513:506"
"احمد شاہ","تھانیدار / اے ایس آئی",3,"135 136 453","135:136 136:136 454:453"
"احمد شاہ","جعفری صاحب (کیمسٹ/پرانا رابطہ)",4,"517 518 519","513:522 514:522 515:522 516:522"
"احمد شاہ","جمیلہ",2,"329 621","329:330 624:619"
"احمد شاہ","جونیئر وکیل (خواجہ معراج کا شاگرد)",11,"623 628 629 630 631 633 663 664 666","624:622 624:632 625:632 626:632 627:632 628:632 630:632 635:632 662:664 665:664 665:668"
"احمد شاہ","جیرا (نانبائی کا لڑکا)",11,"204 205 206 207 208 209","202:206 203:206 204:206 205:206 206:206 207:206 207:207 208:207 208:209 209:209 210:209"
"احمد شاہ","حاجی ذوالفقار",3,"513 514","513:514 514:514 515:514"
"احمد شاہ","حاجی رحیم بخش",2,"520","515:525 516:525"
"احمد شاہ","حاجی وسیم بخش (منیجنگ ڈائریکٹر)",4,"517 518","513:521 514:521 515:521 516:521"
"احمد شاہ","حاجی کریم بخش (چیئرمین ازمیر گھی انڈسٹریز)",8,"517 518 624 665 666","513:521 514:521 515:521 516:521 624:624 625:624 662:668 665:668"
"احمد شاہ","حسن (اعجاز/سکینہ کا بیٹا)",34,"206 207 208 209 210 211 214 218 252 253 254 260 329 363 379 406 407 412 429 441 482 489 490 493 728 733 786","202:211 203:211 204:211 205:211 206:211 207:211 208:211 209:211 210:211 212:211 212:216 220:216 248:257 249:257 250:257 252:257 264:257 329:329 366:361 381:378 401:411 402:411 403:411 413:411 427:431 442:440 484:480 484:494 485:494 486:494 492:494 733:723 733:733 791:782"
"احمد شاہ","حسین (اعجاز/سکینہ کا بیٹا)",69,"202 203 204 205 206 207 208 209 210 211 212 216 220 231 232 248 249 251 252 267 329 386 388 389 394 429 441 482 489 490 493 623 624 625 627 628 629 638 639 657 658 659 660 661 662 664 665 733 786","202:202 203:202 203:203 204:203 204:205 205:205 206:205 206:206 207:206 207:207 208:207 208:208 209:208 209:209 210:209 210:210 212:210 212:211 212:212 220:212 220:220 231:231 234:231 248:248 249:248 249:249 250:249 250:252 252:252 264:270 329:330 381:391 386:391 387:391 398:391 427:431 442:440 484:480 484:494 485:494 486:494 492:494 624:623 624:624 625:624 625:625 626:625 626:628 627:628 628:628 630:628 635:641 636:641 637:641 638:641 662:652 662:653 662:654 662:656 662:657 662:659 662:660 662:661 662:663 665:663 665:664 665:665 733:733 791:782"
"احمد شاہ","خدابخش ارائیں",2,"257 263","252:262 264:262"
"احمد شاہ","خواجہ معراج الدین",17,"623 626 627 628 629 632 635 637 638 663 664 667 729","624:623 624:629 625:629 626:629 627:629 628:629 630:629 630:635 635:635 636:635 636:638 637:638 638:638 662:664 665:664 665:669 733:726"
"احمد شاہ","دتا کمہار",1,"509","513:505"
"احمد شاہ","ذوالقرنین نقوی",11,"203 204 638 639 659 660","202:204 203:204 204:204 205:204 635:641 636:641 637:641 638:641 662:657 662:658 662:659"
"احمد شاہ","رابعہ",2,"134 362","135:133 366:358"
"احمد شاہ","رحمت چوہان",6,"252 253 254 260 510","248:257 249:257 250:257 252:257 264:257 513:507"
"احمد شاہ","رضیہ",1,"362","366:358"
"احمد شاہ","رنگیلی (یعقوب کی گھوڑی)",1,"496","492:500"
"احمد شاہ","ریاض (سرفراز کا ڈرائیور)",7,"133 446 452 454 621 735","135:131 442:450 454:450 454:454 455:454 624:618 733:738"
"احمد شاہ","زور آور (گھوڑا)",11,"206 207 208 209 210 211 788","202:210 203:210 204:210 205:210 206:210 207:210 208:210 209:210 210:210 212:210 791:786"
"احمد شاہ","زینب (یعقوب کی بیوی)",1,"791","791:792"
"احمد شاہ","سائیں جلا",7,"238 245 786 788 789 790","234:242 248:242 248:243 791:782 791:785 791:788 791:789"
"احمد شاہ","سراج گجر",13,"363 364 404 405 406 411 412 511 665 667 733","366:361 366:362 399:409 401:409 402:409 403:409 413:409 413:410 413:412 513:510 662:669 665:669 733:733"
"احمد شاہ","سردار فلمبند خان",6,"413 414 484 485 621","413:414 415:414 484:485 485:485 486:485 624:618"
"احمد شاہ","سرداراں دائی",1,"363","366:361"
"احمد شاہ","سلطان (پی۔او۔ڈبلیو ساتھی/دوست)",13,"485 486 489 490 496 512 513 514 515","484:486 485:486 486:486 492:486 492:487 492:488 492:500 513:511 513:513 514:513 514:515 515:515 516:515"
"احمد شاہ","سلیم",52,"202 203 204 205 206 207 208 209 215 216 220 231 232 248 249 250 251 267 418 419 420 421 425 622 623 630 631 632 635 637 638 662 663 664 665 732","202:202 203:202 203:203 204:203 204:204 205:204 205:205 206:205 206:206 207:206 207:207 208:207 208:208 209:208 209:209 210:209 210:220 212:220 220:220 231:231 234:231 248:248 249:248 249:249 250:249 250:250 252:250 264:270 413:423 415:423 417:423 418:423 419:423 427:423 624:621 624:622 625:635 626:635 627:635 628:635 630:635 635:635 636:635 636:638 637:638 638:638 662:662 665:662 665:663 665:664 665:665 733:731"
"احمد شاہ","سکینہ (اعجاز کی بیوی)",85,"133 134 139 197 198 201 206 207 208 209 210 211 212 216 217 218 264 327 328 329 361 362 363 364 367 368 376 377 382 385 402 403 404 405 410 414 415 416 417 419 423 428 437 441 446 452 482 487 488 491 492 508 621 627 628 629 630 633 728 729 732 736 786 787","135:131 135:133 135:143 136:143 202:193 202:194 202:200 202:211 203:211 204:211 205:211 206:211 207:211 208:211 209:211 210:211 212:211 212:213 220:213 220:214 220:215 220:216 264:264 329:326 329:327 329:328 329:329 366:357 366:358 366:359 366:361 366:362 366:363 366:369 367:369 381:372 381:373 381:374 381:384 386:384 386:385 398:407 399:407 401:407 402:407 403:407 413:407 413:415 415:415 417:415 417:416 417:417 418:417 418:420 419:420 427:420 427:430 442:432 442:433 442:440 442:451 454:451 484:480 484:491 485:491 486:491 492:491 492:493 513:504 624:619 624:631 625:631 626:631 627:631 628:631 630:631 635:631 733:723 733:724 733:725 733:732 733:740 791:782 791:783 791:784"
"احمد شاہ","سیکنڈ لفٹننٹ امتیاز",4,"485 486 489","484:486 485:486 486:486 492:486"
"احمد شاہ","شعیب",22,"324 325 326 327 328 329 361 362 386 388 389 394 395 396 397 737","329:320 329:321 329:322 329:323 329:324 329:325 329:326 329:328 329:329 366:356 366:357 366:358 366:359 381:391 386:391 387:391 398:391 398:393 398:394 398:396 398:397 733:741"
"احمد شاہ","شوکت",3,"139 267","135:143 136:143 264:270"
"احمد شاہ","شہلا رضوی",1,"735","733:737"
"احمد شاہ","طارق (ورکس منیجر)",5,"268 517 518 519","264:272 513:522 514:522 515:522 516:522"
"احمد شاہ","عامر محمود (چیف کیمسٹ)",15,"517 518 635 637 638 639 657 658 659 669","513:521 514:521 515:521 516:521 630:640 635:640 636:640 637:640 638:640 662:653 662:654 662:655 662:656 662:657 665:674"
"احمد شاہ","عباس (چاچا احمد کا بیٹا)",33,"197 231 233 236 243 244 245 246 247 249 250 251 253 259 327 361 429 437 620 621 728 786 787 788 789","202:193 231:232 234:232 234:238 248:238 248:240 248:241 248:242 248:243 248:245 248:246 248:247 248:251 249:251 250:251 252:251 252:255 264:255 329:325 366:357 427:432 442:432 442:433 624:617 624:618 733:723 733:724 791:782 791:783 791:785 791:786 791:787 791:788"
"احمد شاہ","عمران (ہوسٹل ساتھی)",18,"203 204 205 417 418 419 420 424 431 439 440 511","202:205 203:205 204:205 205:205 206:205 413:421 415:421 417:421 418:421 419:421 427:421 427:422 427:436 442:436 442:437 442:438 442:439 513:510"
"احمد شاہ","غلام حسین",29,"202 203 204 205 206 207 208 209 210 211 212 216 220 231 232 248 249 251 252 267","202:202 203:202 203:203 204:203 204:205 205:205 206:205 206:206 207:206 207:207 208:207 208:208 209:208 209:209 210:209 210:210 212:210 212:212 220:212 220:220 231:231 234:231 248:248 249:248 249:249 250:249 250:252 252:252 264:270"
"احمد شاہ","فرخ غوری",1,"732","733:731"
"احمد شاہ","فضلے",1,"483","484:483"
"احمد شاہ","قائد (پارٹی بانی لیڈر)",144,"130 132 133 136 137 198 199 207 208 209 210 211 212 216 220 226 227 228 230 234 235 246 248 249 250 251 264 327 363 364 365 366 367 376 377 379 380 381 383 385 386 387 393 394 395 396 397 398 399 400 401 402 403 408 409 411 412 415 416 417 418 419 423 428 443 449 450 453 454 455 456 459 479 481 482 483 486 487 490 494 510 512 516 517 518 620 623 625 626 627 628 629 632 635 637 638 657 658 660 663 664 667 729 732 734 791","135:126 135:130 135:132 135:138 136:138 202:194 202:195 202:196 202:212 203:212 204:212 205:212 206:212 207:212 208:212 209:212 210:212 212:212 220:212 220:220 231:221 231:222 231:223 231:224 231:225 231:226 231:229 231:237 234:237 248:245 248:248 249:248 249:249 250:249 250:250 252:250 264:264 329:325 366:361 366:363 366:364 366:365 366:366 367:366 367:368 381:371 381:374 381:378 381:379 381:381 386:381 386:385 386:386 387:386 387:387 398:389 398:390 398:391 398:392 398:394 398:395 398:396 398:397 398:398 399:398 399:399 401:399 401:401 402:401 402:402 403:402 403:403 413:403 413:404 413:406 413:410 413:411 413:417 415:417 417:417 418:417 418:418 419:418 419:419 427:419 427:420 427:429 442:445 454:445 454:447 454:452 454:453 454:454 455:454 455:455 457:455 457:461 458:461 484:474 484:478 484:479 484:481 484:482 484:488 485:488 486:488 492:488 492:489 492:496 513:507 513:508 513:511 513:520 514:520 515:520 516:520 624:617 624:623 624:626 625:626 626:626 627:626 627:627 628:627 628:628 630:628 630:629 630:635 635:635 636:635 636:638 637:638 638:638 662:652 662:654 662:658 662:659 662:664 665:664 665:669 733:726 733:731 733:736 791:791"
"احمد شاہ","قمر الاسلام",8,"457 458 459 480 481 495","454:461 455:461 457:461 458:461 484:477 484:478 484:479 492:498"
"احمد شاہ","لیفٹیننٹ کرنل اسلام الدین",6,"132 135 136 333 621 733","135:130 135:136 136:136 329:337 624:618 733:733"
"احمد شاہ","ماسی (سرفراز کی پرورش کرنے والی)",20,"133 134 238 245 247 252 253 254 260 261 627 628 629 630 633 634","135:131 135:133 234:243 248:243 248:246 248:257 249:257 250:257 252:257 264:257 264:258 624:631 625:631 626:631 627:631 628:631 630:631 635:631 635:633 635:634"
"احمد شاہ","ماسی مریم",20,"133 134 238 245 247 252 253 254 260 261 627 628 629 630 633 634","135:131 135:133 234:243 248:243 248:246 248:257 249:257 250:257 252:257 264:257 264:258 624:631 625:631 626:631 627:631 628:631 630:631 635:631 635:633 635:634"
"احمد شاہ","محمد نواز چیمہ",6,"384 386 387 393 394","381:387 386:387 387:387 398:388 398:389 398:390"
"احمد شاہ","مرزا عبد الرشید",7,"457 458 459 490 493","454:461 455:461 457:461 458:461 485:495 486:495 492:495"
"احمد شاہ","معین الدین شاہ",14,"517 518 624 625 626 627 628 629","513:521 514:521 515:521 516:521 624:624 625:624 625:625 626:625 626:626 627:626 627:627 628:627 628:628 630:628"
"احمد شاہ","ملک جہانگیر اعوان (ایم ایل اے)",81,"130 138 197 200 217 221 226 230 231 233 235 243 246 247 251 252 253 259 264 363 364 365 370 377 378 379 380 383 386 399 400 401 402 404 409 410 411 412 415 416 417 418 419 423 494 510 511 512 516 517 518 621 628 629 630 631 634 640 641 670","135:126 135:141 136:141 202:193 202:199 212:222 220:222 231:222 231:229 231:230 231:232 234:232 234:236 248:238 248:239 248:245 248:246 248:255 249:255 250:255 252:255 264:255 264:264 366:361 366:362 366:363 366:365 366:374 367:374 381:374 381:375 381:376 381:377 381:378 381:379 381:386 386:386 387:386 398:401 399:401 401:401 402:401 402:402 403:402 403:406 413:406 413:407 413:408 413:409 413:410 413:412 413:417 415:417 417:417 418:417 418:419 419:419 427:419 492:497 513:507 513:508 513:509 513:510 513:512 513:520 514:520 515:520 516:520 624:619 624:633 625:633 626:633 627:633 628:633 630:633 635:633 635:645 636:645 637:645 638:645 665:675"
"احمد شاہ","ملک حمید",8,"197 198 234 236 243 246 265 791","202:192 202:194 231:238 234:238 248:238 248:245 264:266 791:791"
"احمد شاہ","ملک رشید (ملک حمید کا بھائی)",7,"135 136 458 459 460","135:135 136:135 136:136 454:462 455:462 457:462 458:462"
"احمد شاہ","ملک لطیف",1,"791","791:791"
"احمد شاہ","منشی کریم شاہ",14,"139 251 252 253 259 264 402 403 404 409","135:143 136:143 248:255 249:255 250:255 252:255 264:255 264:264 398:406 399:406 401:406 402:406 403:406 413:406"
"احمد شاہ","منظور (اعجاز کا ورکر)",45,"198 365 366 367 379 383 385 386 387 393 394 395 398 406 407 412 413 414 416 417 442 449 450 451 452 453 454 455 456 460 487 488 491 493 508","202:195 366:365 366:366 367:366 367:367 381:377 381:385 386:385 386:387 387:387 398:388 398:390 398:392 398:398 399:398 401:411 402:411 403:411 413:411 413:412 413:413 415:413 415:417 417:417 418:417 442:442 454:444 454:447 454:448 454:449 454:450 454:451 454:452 454:455 455:455 457:455 457:456 457:463 458:463 484:491 485:491 486:491 492:491 492:494 513:504"
"احمد شاہ","منیر میکنک",1,"482","484:480"
"احمد شاہ","میاں انتظار حسین (ایڈووکیٹ ہائی کورٹ)",29,"442 622 623 624 625 627 628 629 631 633 635 637 638 657 658 659 661 662 664 665 732","442:442 624:621 624:622 624:624 625:624 625:625 626:625 626:628 627:628 628:628 630:628 630:632 635:632 635:635 636:635 636:639 637:639 638:639 662:652 662:653 662:654 662:657 662:660 662:661 662:663 665:663 665:664 665:666 733:731"
"احمد شاہ","میجر صدیق",11,"421 422 426 482 483 488 489 492","417:426 418:426 419:426 427:426 484:481 484:482 484:483 484:492 485:492 486:492 492:492"
"احمد شاہ","میجر قدیر (ازمیر مل کا ایڈمن افسر)",4,"517 518","513:521 514:521 515:521 516:521"
"احمد شاہ","میجر/کیپٹن سرفراز اعوان",130,"133 197 202 203 204 205 206 207 208 209 210 211 212 216 217 218 220 231 232 236 243 244 247 248 249 250 251 252 264 324 325 326 327 328 329 361 362 368 369 376 378 380 386 388 389 394 395 396 397 401 402 403 404 409 416 417 418 419 423 424 425 427 437 439 440 441 456 457 458 483 484 486 489 510 511 512 515 516 517 619 620 621 728 729 732 734 786 787 788 789 790 791","135:131 202:193 202:202 203:202 203:204 204:204 205:204 205:205 206:205 206:207 207:207 208:207 208:208 209:208 209:209 210:209 210:211 212:211 212:212 220:212 220:213 220:214 220:215 220:216 220:220 231:231 234:231 234:238 248:238 248:240 248:247 248:249 249:249 250:249 250:250 252:250 252:252 264:264 329:319 329:320 329:321 329:322 329:323 329:324 329:325 329:326 329:327 329:328 329:330 366:356 366:357 366:358 366:359 366:371 367:371 381:371 381:375 381:380 381:391 386:391 387:391 398:391 398:393 398:394 398:396 398:397 398:405 399:405 401:405 402:405 403:405 413:405 413:406 413:420 415:420 417:420 418:420 419:420 427:420 427:421 427:422 427:423 427:424 427:428 442:432 442:433 442:436 442:437 442:438 442:439 442:441 454:458 455:458 457:458 458:458 484:483 484:484 485:484 485:487 486:487 492:487 513:508 513:509 513:510 513:511 513:518 514:518 515:518 516:518 624:614 624:615 624:616 624:617 624:618 733:723 733:724 733:725 733:732 733:736 791:781 791:782 791:783 791:784 791:785 791:786 791:787 791:788 791:789 791:790 791:791"
"احمد شاہ","نامعلوم مزدور عورت (ملک حمید/لطیف کا تعلق)",32,"130 131 132 134 135 136 197 206 207 208 209 210 211 213 217 218 416 417 418 419 423 479 510 728 787 788","135:126 135:128 135:130 135:134 135:136 136:136 202:193 202:211 203:211 204:211 205:211 206:211 207:211 208:211 209:211 210:211 212:211 212:215 220:215 220:217 413:420 415:420 417:420 418:420 419:420 427:420 484:475 513:507 733:723 791:784 791:785 791:786"
"احمد شاہ","نانبائی (او جھری والا)",13,"203 204 205 206 207 208 209","202:205 203:205 204:205 205:205 206:205 206:206 207:206 207:207 208:207 208:208 209:208 209:209 210:209"
"احمد شاہ","نسرین",31,"197 212 213 214 218 249 250 251 331 361 402 403 404 405 410 412 479 619 620 736 787 788","202:192 202:193 207:217 208:217 209:217 210:217 212:217 220:217 248:250 249:250 250:250 252:250 329:334 366:356 366:357 398:407 399:407 401:407 402:407 403:407 413:407 413:412 484:475 624:614 624:615 624:616 624:617 733:739 791:784 791:785 791:786"
"احمد شاہ","نسیمہ (شعیب کی بہن)",33,"324 325 326 328 329 361 362 386 388 389 394 396 397 416 417 418 419 423 484 486 489 728 736 788","329:319 329:320 329:321 329:323 329:324 329:328 329:329 366:356 366:357 366:358 366:359 381:391 386:391 387:391 398:391 398:394 398:395 398:396 398:397 413:420 415:420 417:420 418:420 419:420 427:420 484:484 485:484 485:487 486:487 492:487 733:724 733:739 791:785"
"احمد شاہ","نصیر شیخ (پارٹی امیدوار)",4,"366 367 398","366:367 367:367 398:398 399:398"
"احمد شاہ","نمائر (کیمپ کا قیدی ساتھی)",1,"482","484:481"
"احمد شاہ","وسیم بھائی (بدیع الزمان کا سالا/قرض خواہ)",21,"135 136 361 380 383 386 418 419 420 421 425 625 626 627 786 791","135:136 136:136 366:356 381:380 381:386 386:386 387:386 413:423 415:423 417:423 418:423 419:423 427:423 624:626 625:626 626:626 627:626 627:627 628:627 791:781 791:792"
"احمد شاہ","پروفیسر میر صاحب",7,"217 221 226 248 249","212:222 220:222 231:222 248:248 249:248 249:249 250:249"
"احمد شاہ","پھاتو مراثن (ڈھولکی)",1,"362","366:358"
"احمد شاہ","پیر حمید الدین بلال شاہ (مرشد بلال پور شریف)",1,"791","791:791"
"احمد شاہ","چاچا احمد خان راٹھور",99,"131 133 134 139 197 198 199 200 201 202 203 204 205 206 207 208 209 210 211 212 216 218 219 220 227 228 231 232 234 243 244 245 246 247 248 249 250 251 252 263 361 362 364 369 376 378 383 385 403 404 405 410 429 437 442 479 488 489 492 512 621 628 629 630 631 634 728 733 786 788 789","135:128 135:131 135:133 135:143 136:143 202:192 202:193 202:194 202:195 202:196 202:197 202:198 202:199 202:200 202:202 203:202 203:203 204:203 204:204 205:204 205:205 206:205 206:206 207:206 207:207 208:207 208:208 209:208 209:209 210:209 210:210 212:210 212:212 220:212 220:216 220:217 220:218 220:220 231:223 231:225 231:231 234:231 234:234 248:238 248:241 248:242 248:243 248:244 248:245 248:246 248:248 249:248 249:249 250:249 250:250 252:250 252:252 264:262 264:263 366:356 366:357 366:358 366:362 366:372 367:372 381:372 381:375 381:385 386:385 398:408 399:408 401:408 402:408 403:408 413:408 427:432 442:432 442:443 484:474 484:493 485:493 486:493 492:493 513:512 624:619 624:633 625:633 626:633 627:633 628:633 630:633 635:633 635:634 733:723 733:724 733:734 791:782 791:785 791:787"
"احمد شاہ","چوہدری ارشد (یونین رہنما)",1,"365","366:365"
"احمد شاہ","چوہدری اظہر (ایس ایچ او نور پور)",5,"135 136 446 452 453","135:136 136:136 442:450 454:450 454:453"
"احمد شاہ","چوہدری اللہ داد خان",5,"252 253 254 260","248:257 249:257 250:257 252:257 264:257"
"احمد شاہ","چوہدری شدا",2,"366","366:366 367:366"
"احمد شاہ","ڈاکٹر (کریم بخش کا بیٹا)",35,"133 212 213 214 218 454 455 456 460 461 496 510 511 512 516 517 518 623 628 629 630 631 633 636 637 641 657","135:131 207:217 208:217 209:217 210:217 212:217 220:217 454:455 455:455 457:455 457:464 458:464 492:501 513:507 513:509 513:510 513:512 513:520 514:520 515:520 516:520 624:623 624:632 625:632 626:632 627:632 628:632 630:632 635:632 635:637 636:637 637:637 638:637 638:644 662:652"
"احمد شاہ","ڈاکٹر احسان الحق (پُل کھنگر)",9,"511 516 517 518 640 641","513:510 513:520 514:520 515:520 516:520 635:645 636:645 637:645 638:645"
"احمد شاہ","ڈاکٹر خدابخش کھوکھر (چیف کیمسٹ)",9,"517 518 658 659 669","513:521 514:521 515:521 516:521 662:654 662:655 662:656 662:657 665:674"
"احمد شاہ","کامران خان (جواں سال کیمسٹ)",4,"657 661 666 668","662:652 662:660 662:671 665:671"
"احمد شاہ","کریم راٹھور",13,"264 512 518 519 624 665 666 786 788 789","264:264 513:512 513:523 514:523 515:523 516:523 624:624 625:624 662:668 665:668 791:782 791:786 791:787"
"احمد شاہ","کنیز",30,"132 133 134 135 136 197 198 200 201 211 212 213 214 218 382 384 460 461 479 480","135:130 135:132 135:133 135:134 135:135 136:135 136:137 202:192 202:193 202:194 202:195 202:199 202:200 206:216 207:216 208:216 209:216 210:216 212:216 220:216 220:217 381:383 386:383 455:465 457:465 458:465 484:474 484:475 484:476 484:477"
"احمد شاہ","کو چوہا (چوکیدار/کھیت میں سونے والا)",5,"253 254 255 261","248:258 249:258 250:258 252:258 264:258"
"احمد شاہ","کیپٹن اسرار",2,"361 729","366:356 733:726"
"احمد شاہ","کیپٹن جمال",2,"620","624:616 624:617"
"احمد شاہ","کیپٹن دلاور",3,"325 330","329:321 329:322 329:331"
"احمد شاہ","گل افروز خان",13,"256 262 263 363 367 368 376 382 385 414 415 416","252:261 264:261 264:262 264:263 366:360 366:369 367:369 381:372 381:384 386:384 413:416 415:416 417:416"
"احمد شاہ","ہکیم حاذق",3,"509 510","513:505 513:506 513:507"
"احمد شاہ","یعقوب اعوان",19,"139 232 234 243 370 371 378 383 385 428 437 488 489 492 728 789 791","135:143 136:143 231:234 234:234 248:239 366:375 367:375 381:375 381:385 386:385 427:430 442:432 484:493 485:493 486:493 492:493 733:723 791:787 791:792"
"ادھم سنگھ","اعجاز اعوان",15,"24 25 26 31 32 456 457 458 459 460 461","28:20 28:23 28:24 28:35 29:35 30:35 461:451 461:452 461:453 461:454 461:455 461:456 461:458 461:460 461:461"
"ادھم سنگھ","ایوب اعوان",6,"27 28 32 33","28:26 28:27 28:28 29:28 29:36 30:36"
"ادھم سنگھ","بھگت سنگھ",6,"27 28 29 30","28:27 28:28 29:28 29:29 30:29 30:30"
"ادھم سنگھ","بی اے چوہدری (بشیر ارائیں کے نئے نام کا سیاسی روپ)",3,"456 460 466","461:452 461:460 461:471"
"ادھم سنگھ","تھانیدار / اے ایس آئی",1,"457","461:453"
"ادھم سنگھ","جسونت سنگھ",3,"28 29","28:29 29:29 30:29"
"ادھم سنگھ","جمیلہ",5,"24 25 33 34","28:21 28:22 28:38 29:38 30:38"
"ادھم سنگھ","جگت سنگھ",5,"27 28 30 31","28:27 28:28 29:28 29:32 30:32"
"ادھم سنگھ","دتو میراثی",2,"28","28:28 29:28"
"ادھم سنگھ","ریاض (سرفراز کا ڈرائیور)",1,"457","461:454"
"ادھم سنگھ","سکینہ (اعجاز کی بیوی)",6,"24 25 32 33 456","28:20 28:23 28:36 29:36 30:36 461:451"
"ادھم سنگھ","عباس (چاچا احمد کا بیٹا)",5,"24 25 33 34","28:21 28:22 28:38 29:38 30:38"
"ادھم سنگھ","قائد (پارٹی بانی لیڈر)",8,"31 32 456 457 458 461","28:34 29:34 30:34 461:452 461:453 461:454 461:455 461:461"
"ادھم سنگھ","قمر الاسلام",1,"461","461:461"
"ادھم سنگھ","ماسی (سرفراز کی پرورش کرنے والی)",6,"25 26 33 34","28:22 28:23 28:24 28:38 29:38 30:38"
"ادھم سنگھ","ماسی مریم",6,"25 26 33 34","28:22 28:23 28:24 28:38 29:38 30:38"
"ادھم سنگھ","مرزا عبد الرشید",1,"461","461:461"
"ادھم سنگھ","ملک جہانگیر اعوان (ایم ایل اے)",1,"35","30:40"
"ادھم سنگھ","ملک رشید (ملک حمید کا بھائی)",1,"461","461:462"
"ادھم سنگھ","منظور (اعجاز کا ورکر)",5,"456 458 462","461:451 461:452 461:455 461:456 461:463"
"ادھم سنگھ","منیر میکنک",1,"465","461:470"
"ادھم سنگھ","میجر/کیپٹن سرفراز اعوان",11,"23 24 25 26 30 31 459 460","28:18 28:19 28:21 28:22 28:23 28:24 28:33 29:33 30:33 461:458 461:459"
"ادھم سنگھ","نامعلوم مزدور عورت (ملک حمید/لطیف کا تعلق)",5,"23 31 32","28:18 28:19 28:34 29:34 30:34"
"ادھم سنگھ","نسرین",7,"23 28 29 32","28:18 28:19 28:28 29:28 29:29 30:29 30:34"
"ادھم سنگھ","وسیم بھائی (بدیع الزمان کا سالا/قرض خواہ)",5,"27 28 32","28:26 28:28 29:28 29:35 30:35"
"ادھم سنگھ","پیر حمید الدین بلال شاہ (مرشد بلال پور شریف)",3,"31 32","28:34 29:34 30:34"
"ادھم سنگھ","چاچا احمد خان راٹھور",4,"25 32 33","28:23 28:36 29:36 30:36"
"ادھم سنگھ","چوہدری اظہر (ایس ایچ او نور پور)",1,"457","461:453"
"ادھم سنگھ","ڈاکٹر (کریم بخش کا بیٹا)",3,"24 458 462","28:20 461:455 461:464"
"ادھم سنگھ","کلونت کور",3,"27 28","28:27 28:28 29:28"
"ادھم سنگھ","کنیز",1,"463","461:465"
"ادھم سنگھ","کیپٹن اسرار",3,"31 32","28:34 29:34 30:34"
"ادھم سنگھ","کیپٹن جمال",2,"23","28:18 28:19"
"ادھم سنگھ","یعقوب اعوان",7,"26 27 28 30 31","28:24 28:26 28:27 28:28 29:28 29:32 30:32"
"ارجن سنگھ","اشرف",1,"79","74:84"
"ارجن سنگھ","اعجاز اعوان",17,"43 44 47 48 49 50 69 70 71 72 74","48:38 48:40 48:46 48:48 49:48 49:49 50:49 50:50 74:64 74:65 74:66 74:67 74:68 74:69 74:70 74:71 74:75"
"ارجن سنگھ","ایوب اعوان",12,"44 45 46 47 52 53 70 71 79","48:41 48:43 48:44 48:45 48:46 48:56 49:56 50:56 74:66 74:67 74:68 74:84"
"ارجن سنگھ","بھگت سنگھ",12,"44 45 46 47 48 49 50 72 73 74","48:41 48:43 48:44 48:47 48:48 49:48 49:49 50:49 50:51 74:71 74:73 74:74"
"ارجن سنگھ","بی بی (گھر کی بزرگ عورت/لالے کی ساتھی)",3,"71 74","74:68 74:69 74:74"
"ارجن سنگھ","بے انت سنگھ",3,"45 69","48:42 48:43 74:64"
"ارجن سنگھ","تھانیدار / اے ایس آئی",3,"52 53","48:57 49:57 50:57"
"ارجن سنگھ","جسونت سنگھ",2,"47 74","48:47 74:74"
"ارجن سنگھ","جمیلہ",2,"43","48:38 48:39"
"ارجن سنگھ","جنگندر سنگھ",1,"44","48:41"
"ارجن سنگھ","جگت سنگھ",8,"44 45 48 49 50 73","48:41 48:42 48:43 48:49 49:49 50:49 50:51 74:73"
"ارجن سنگھ","حسین (اعجاز/سکینہ کا بیٹا)",1,"76","74:79"
"ارجن سنگھ","رنگیلی (یعقوب کی گھوڑی)",2,"46 70","48:45 74:66"
"ارجن سنگھ","زور آور (گھوڑا)",4,"48 49","48:48 49:48 49:49 50:49"
"ارجن سنگھ","زینب (یعقوب کی بیوی)",13,"46 47 48 49 50 69 70 71 72 73 74","48:45 48:46 48:47 48:48 49:48 49:50 50:50 74:64 74:67 74:68 74:71 74:73 74:74"
"ارجن سنگھ","سردار فلمبند خان",1,"78","74:83"
"ارجن سنگھ","سندر سنگھ",4,"48 49 50","48:49 49:49 50:49 50:50"
"ارجن سنگھ","سکینہ (اعجاز کی بیوی)",7,"43 70 71 72 74","48:38 74:66 74:67 74:68 74:69 74:71 74:75"
"ارجن سنگھ","شیر بہادر اعوان",5,"69 72 73 77","74:64 74:65 74:70 74:72 74:80"
"ارجن سنگھ","شیشے والا سالا (بدیع الزمان کا دوسرا قرض خواہ)",1,"73","74:72"
"ارجن سنگھ","صوبیدار جہاں خان",3,"52 53","48:57 49:57 50:57"
"ارجن سنگھ","عباس (چاچا احمد کا بیٹا)",1,"43","48:38"
"ارجن سنگھ","علی بہادر",2,"69 73","74:65 74:72"
"ارجن سنگھ","فضلے",3,"50 51","48:52 49:52 50:52"
"ارجن سنگھ","فلک شیر اعوان",3,"69 72 77","74:65 74:70 74:80"
"ارجن سنگھ","قائد (پارٹی بانی لیڈر)",5,"53 54 73 78","48:58 49:58 50:58 74:72 74:83"
"ارجن سنگھ","ماسی (سرفراز کی پرورش کرنے والی)",3,"43 72 74","48:38 74:71 74:74"
"ارجن سنگھ","ماسی مریم",3,"43 72 74","48:38 74:71 74:74"
"ارجن سنگھ","ملک جہانگیر اعوان (ایم ایل اے)",1,"44","48:40"
"ارجن سنگھ","ملک عالم جہاں اعوان",3,"52 53","48:57 49:57 50:57"
"ارجن سنگھ","منظور (اعجاز کا ورکر)",1,"73","74:73"
"ارجن سنگھ","میجر/کیپٹن سرفراز اعوان",9,"43 44 55 71 72 74","48:38 48:39 48:40 50:60 74:68 74:69 74:70 74:71 74:74"
"ارجن سنگھ","نامعلوم مزدور عورت (ملک حمید/لطیف کا تعلق)",4,"47 49 50","48:47 48:51 49:51 50:51"
"ارجن سنگھ","نسرین",5,"46 47 49 50","48:44 48:46 48:51 49:51 50:51"
"ارجن سنگھ","نیلی (بھینس)",2,"48","48:48 49:48"
"ارجن سنگھ","وسیم بھائی (بدیع الزمان کا سالا/قرض خواہ)",6,"43 48 54 74","48:38 48:48 49:48 49:59 50:59 74:74"
"ارجن سنگھ","چاچا احمد خان راٹھور",7,"43 48 49 53 70 75","48:38 48:49 49:49 50:49 50:57 74:67 74:76"
"ارجن سنگھ","چنبیلی (گھوڑی)",4,"46 48 71","48:45 48:48 49:48 74:68"
"ارجن سنگھ","چوہدری اظہر (ایس ایچ او نور پور)",3,"52 53","48:57 49:57 50:57"
"ارجن سنگھ","ڈاکٹر (کریم بخش کا بیٹا)",3,"50 51","48:52 49:52 50:52"
"ارجن سنگھ","کلونت کور",6,"44 45 50 51","48:41 48:42 48:43 48:53 49:53 50:53"
"ارجن سنگھ","یعقوب اعوان",21,"44 45 46 47 48 49 50 69 70 71 72 73 74","48:41 48:43 48:44 48:45 48:46 48:47 48:48 49:48 49:49 50:49 50:50 74:64 74:65 74:66 74:67 74:68 74:70 74:71 74:72 74:73 74:74"
"ارشاد","اشرف",1,"733","734:733"
"ارشاد","اعجاز اعوان",65,"104 105 106 108 109 110 111 112 116 117 118 119 120 121 122 126 127 128 129 130 131 132 133 134 135 136 137 138 139 140 147 148 149 150 151 729 732 733 734","109:99 109:100 109:102 109:103 109:104 109:107 109:108 109:109 110:109 110:110 111:110 111:111 112:111 112:112 120:112 120:113 120:114 120:115 120:116 120:118 120:120 121:120 121:121 122:121 122:122 130:122 130:123 130:124 130:126 130:127 130:128 130:129 130:130 132:130 132:131 132:132 133:132 133:133 134:133 134:134 135:134 135:135 137:135 137:136 137:137 139:137 139:138 139:139 140:139 140:140 151:143 151:144 151:145 151:146 151:147 151:148 151:149 151:150 151:151 734:724 734:725 734:731 734:732 734:733 734:735"
"ارشاد","اقبال (کنیز کا بچہ/سکول جانے والا)",1,"733","734:733"
"ارشاد","امداد علی شاہ (محرر)",7,"132 133 134 135 136","130:135 132:135 133:135 134:135 135:135 137:135 137:136"
"ارشاد","اکتبر",4,"110 111","109:111 110:111 111:111 112:111"
"ارشاد","ایوب اعوان",13,"133 134 135 136 139 140 146 150 151 733","130:136 132:136 133:136 134:136 135:136 137:136 137:141 139:141 140:141 151:141 151:150 151:152 734:733"
"ارشاد","بدیع الزمان",1,"730","734:726"
"ارشاد","بی اے چوہدری (بشیر ارائیں کے نئے نام کا سیاسی روپ)",5,"142 143 149","137:147 139:147 140:147 151:147 151:148"
"ارشاد","بی بی (گھر کی بزرگ عورت/لالے کی ساتھی)",8,"111 112 113 117 118 155 736","109:114 110:114 111:114 112:114 120:114 120:116 151:160 734:739"
"ارشاد","تھانیدار / اے ایس آئی",17,"110 111 112 116 133 134 135 136 137 138 139 151","109:112 110:112 111:112 112:112 120:112 130:136 132:136 133:136 134:136 135:136 137:136 137:137 139:137 139:138 139:139 140:139 151:151"
"ارشاد","جمیلہ",1,"105","109:101"
"ارشاد","حاجی ذوالفقار",5,"111 112 116","109:113 110:113 111:113 112:113 120:113"
"ارشاد","حاجی عزیز دین",5,"113 114 115 119","109:118 110:118 111:118 112:118 120:118"
"ارشاد","حسن (اعجاز/سکینہ کا بیٹا)",3,"106 733 736","109:103 734:733 734:739"
"ارشاد","حسین (اعجاز/سکینہ کا بیٹا)",2,"106 733","109:103 734:733"
"ارشاد","خواجہ معراج الدین",1,"730","734:726"
"ارشاد","دتو میراثی",11,"105 108 113 114 118 119 144 150","109:102 109:108 109:117 110:117 111:117 112:117 120:117 120:118 139:149 140:149 151:149"
"ارشاد","رابعہ",4,"131 132 133","130:133 132:133 133:133 134:133"
"ارشاد","رحمت چوہان",8,"105 112 113 117 118 119","109:102 109:115 110:115 111:115 112:115 120:115 120:117 120:118"
"ارشاد","ریاض (سرفراز کا ڈرائیور)",5,"126 130 131 736","121:131 122:131 130:131 132:131 734:738"
"ارشاد","سائیں جلا",7,"113 114 115 119 155","109:118 110:118 111:118 112:118 120:118 120:119 151:160"
"ارشاد","ساجا",5,"113 114 115 119","109:118 110:118 111:118 112:118 120:118"
"ارشاد","سراج گجر",1,"733","734:733"
"ارشاد","سلیم",1,"732","734:731"
"ارشاد","سکینہ (اعجاز کی بیوی)",29,"105 106 107 111 112 113 117 119 126 130 131 132 133 138 139 140 141 147 153 729 733 737","109:102 109:103 109:105 109:106 109:114 110:114 111:114 112:114 120:114 120:118 121:131 122:131 130:131 132:131 132:133 133:133 134:133 134:143 135:143 137:143 139:143 140:143 151:143 151:144 151:156 734:724 734:725 734:732 734:740"
"ارشاد","سیف اللہ (چکی والا)",6,"112 113 117 118","109:115 110:115 111:115 112:115 120:115 120:116"
"ارشاد","شبیرا",6,"113 114 115 119","109:118 110:118 111:118 112:118 120:118 120:119"
"ارشاد","شعیب",1,"737","734:741"
"ارشاد","شوکت",7,"138 139 140 141 147","133:143 134:143 135:143 137:143 139:143 140:143 151:143"
"ارشاد","شہلا رضوی",1,"735","734:737"
"ارشاد","عباس (چاچا احمد کا بیٹا)",8,"105 113 114 118 119 729","109:101 109:117 110:117 111:117 112:117 120:117 120:119 734:724"
"ارشاد","فرخ غوری",1,"732","734:731"
"ارشاد","قائد (پارٹی بانی لیڈر)",29,"106 109 111 112 116 121 122 126 127 128 130 131 132 135 136 137 138 142 148 730 732 735","109:103 109:109 110:109 110:113 111:113 112:113 120:113 120:122 121:122 122:122 130:122 130:123 130:124 130:126 130:130 132:130 132:132 133:132 133:138 134:138 135:138 137:138 139:138 139:145 140:145 151:145 734:726 734:731 734:736"
"ارشاد","لیفٹیننٹ کرنل اسلام الدین",17,"125 126 130 131 134 135 136 137 138 139 733 737","120:130 121:130 122:130 130:130 132:130 132:136 133:136 134:136 135:136 137:136 137:137 139:137 139:138 139:139 140:139 734:733 734:741"
"ارشاد","ماسی (سرفراز کی پرورش کرنے والی)",14,"105 113 114 115 119 126 130 131 132 133 153","109:102 109:118 110:118 111:118 112:118 120:118 121:131 122:131 130:131 132:131 132:133 133:133 134:133 151:156"
"ارشاد","ماسی مریم",14,"105 113 114 115 119 126 130 131 132 133 153","109:102 109:118 110:118 111:118 112:118 120:118 121:131 122:131 130:131 132:131 132:133 133:133 134:133 151:156"
"ارشاد","ملک جہانگیر اعوان (ایم ایل اے)",24,"109 122 123 127 128 136 137 138 139 140 146 147 148 149 150 151","109:109 110:109 120:124 121:124 122:124 130:124 130:126 132:141 133:141 134:141 135:141 137:141 139:141 140:141 151:141 151:142 151:143 151:144 151:145 151:146 151:147 151:148 151:149 151:152"
"ارشاد","ملک حمید",5,"142 143 149","137:147 139:147 140:147 151:147 151:148"
"ارشاد","ملک رشید (ملک حمید کا بھائی)",13,"132 133 134 135 136 137 138 139 151","130:135 132:135 133:135 134:135 135:135 137:135 137:136 137:137 139:137 139:138 139:139 140:139 151:151"
"ارشاد","منشی کریم شاہ",7,"138 139 140 141 147","133:143 134:143 135:143 137:143 139:143 140:143 151:143"
"ارشاد","مولوی فقیر الدین",8,"105 106 113 114 118 119","109:102 109:103 109:117 110:117 111:117 112:117 120:117 120:118"
"ارشاد","میاں انتظار حسین (ایڈووکیٹ ہائی کورٹ)",1,"732","734:731"
"ارشاد","میجر/کیپٹن سرفراز اعوان",22,"104 105 106 111 112 116 118 119 126 130 131 153 729 733 735","109:99 109:100 109:101 109:102 109:103 109:113 110:113 111:113 112:113 120:113 120:116 120:117 120:119 121:131 122:131 130:131 132:131 151:156 734:724 734:725 734:732 734:736"
"ارشاد","نامعلوم مزدور عورت (ملک حمید/لطیف کا تعلق)",32,"104 105 107 109 110 111 112 116 117 120 123 124 128 129 130 131 133 134 135 136 137 138 143 144 149 152","109:100 109:102 109:106 109:109 110:109 110:110 111:110 111:111 112:111 112:113 120:113 120:115 120:120 121:120 121:126 122:126 130:126 130:128 130:130 132:130 132:134 133:134 134:134 135:134 135:136 137:136 137:137 139:137 139:148 140:148 151:148 151:154"
"ارشاد","نسرین",7,"112 113 117 118 736","109:115 110:115 111:115 112:115 120:115 120:116 734:739"
"ارشاد","نسیمہ (شعیب کی بہن)",2,"729 736","734:724 734:739"
"ارشاد","وسیم بھائی (بدیع الزمان کا سالا/قرض خواہ)",8,"109 133 134 135 136","109:109 110:109 130:136 132:136 133:136 134:136 135:136 137:136"
"ارشاد","چاچا احمد خان راٹھور",40,"105 106 107 108 112 113 117 118 119 120 121 122 126 129 130 131 132 133 138 139 140 141 147 148 149 150 151 729 734","109:102 109:103 109:105 109:106 109:107 109:115 110:115 111:115 112:115 120:115 120:116 120:117 120:118 120:119 120:120 121:120 121:121 122:121 122:122 130:122 130:123 130:128 130:131 132:131 132:133 133:133 134:133 134:143 135:143 137:143 139:143 140:143 151:143 151:146 151:147 151:148 151:149 151:152 734:724 734:734"
"ارشاد","چوہدری اظہر (ایس ایچ او نور پور)",17,"110 111 112 116 133 134 135 136 137 138 139 151","109:112 110:112 111:112 112:112 120:112 130:136 132:136 133:136 134:136 135:136 137:136 137:137 139:137 139:138 139:139 140:139 151:151"
"ارشاد","ڈاکٹر (کریم بخش کا بیٹا)",10,"109 111 112 116 126 130 131","109:109 110:109 110:112 111:112 112:112 120:112 121:131 122:131 130:131 132:131"
"ارشاد","کنیز",32,"106 109 110 111 112 116 120 121 122 126 130 131 132 133 134 135 136 137 138 139 140 149 151","109:103 109:109 110:109 110:110 111:110 111:112 112:112 120:112 120:120 121:120 121:121 122:121 122:122 130:122 130:130 132:130 132:132 133:132 133:133 134:133 134:134 135:134 135:135 137:135 137:137 139:137 139:138 139:139 140:139 140:140 151:148 151:151"
"ارشاد","کیپٹن اسرار",1,"730","734:726"
"ارشاد","یعقوب اعوان",8,"105 138 139 140 141 147","109:101 133:143 134:143 135:143 137:143 139:143 140:143 151:143"
"اشرف","اعجاز اعوان",85,"79 80 81 82 83 85 278 279 280 284 287 290 291 292 296 297 298 299 303 306 309 310 311 312 316 317 318 322 323 327 328 329 330 331 332 336 338 543 544 545 549 568 569 570 571 574 575 579 728 729 732 733 762 763 765 769 770 772 774","84:75 84:76 84:79 84:81 84:82 84:83 84:86 282:274 282:275 282:276 282:277 282:278 282:279 282:287 287:287 293:287 293:288 293:289 293:290 293:292 293:300 295:300 297:300 298:300 299:300 307:300 307:305 307:311 310:311 312:311 312:313 320:313 320:314 320:315 320:316 320:317 320:324 321:324 322:324 331:324 331:325 331:326 331:327 331:328 331:329 331:330 331:332 333:332 333:340 336:340 337:340 548:538 548:539 548:541 548:542 548:551 571:565 571:566 571:567 571:568 571:569 571:570 571:572 576:572 576:573 576:574 576:575 576:582 577:582 733:723 733:724 733:725 733:731 733:732 733:733 767:758 767:759 767:763 767:771 768:771 769:771 770:771 773:771 773:772 773:775"
"اشرف","اقبال (کنیز کا بچہ/سکول جانے والا)",1,"733","733:733"
"اشرف","امداد علی شاہ (محرر)",2,"579","576:582 577:582"
"اشرف","این سی او گل نواز",2,"277 281","282:272 282:280"
"اشرف","ایوب اعوان",6,"84 280 308 310 311 733","84:84 282:279 307:310 310:310 312:310 733:733"
"اشرف","بدیع الزمان",6,"543 544 545 549 729","548:538 548:540 548:541 548:542 548:551 733:726"
"اشرف","برکت",24,"284 287 290 293 294 295 296 297 298 299 303 308 310 311 332 333 334 566 574 576 577","282:287 287:287 293:287 293:293 295:293 295:294 295:295 297:295 297:297 298:297 298:298 299:298 299:299 307:299 307:310 310:310 312:310 331:333 333:333 336:333 571:561 571:577 576:577 577:577"
"اشرف","بریگیڈیئر کرّار (شعیب کا والد)",6,"284 286 566 571 573 575","282:286 287:286 571:561 571:571 576:571 576:575"
"اشرف","بھگت سنگھ",6,"79 80 81 568","84:74 84:75 84:76 84:77 84:78 571:566"
"اشرف","بی بی (گھر کی بزرگ عورت/لالے کی ساتھی)",12,"79 297 298 299 300 304 568 569 728 736","84:74 293:301 295:301 297:301 298:301 299:301 307:301 571:566 571:567 571:568 733:723 733:739"
"اشرف","تھانیدار / اے ایس آئی",11,"297 298 299 300 304 569 576 578 579 762","293:302 295:302 297:302 298:302 299:302 307:302 571:567 571:581 576:581 577:581 767:758"
"اشرف","جسونت سنگھ",1,"79","84:74"
"اشرف","جعفری صاحب (کیمسٹ/پرانا رابطہ)",1,"543","548:539"
"اشرف","جمیلہ",13,"287 289 292 312 313 314 318 325 326 330 568 569","282:292 287:292 293:292 307:317 310:317 312:317 320:317 320:330 321:330 322:330 331:330 571:566 571:568"
"اشرف","جگت سنگھ",2,"775 776","770:780 773:780"
"اشرف","حاجی کریم بخش (چیئرمین ازمیر گھی انڈسٹریز)",1,"543","548:539"
"اشرف","حسن (اعجاز/سکینہ کا بیٹا)",23,"286 288 291 310 311 312 316 318 324 325 330 331 332 569 572 574 575 728 733 777","282:290 287:290 293:290 307:313 310:313 312:313 320:313 320:316 320:317 320:329 321:329 322:329 331:329 331:330 331:332 333:332 571:568 571:573 576:573 576:574 733:723 733:733 773:782"
"اشرف","حسین (اعجاز/سکینہ کا بیٹا)",26,"81 297 298 299 300 304 310 311 312 316 318 325 326 330 331 332 552 569 570 572 574 733 777","84:79 293:301 295:301 297:301 298:301 299:301 307:301 307:313 310:313 312:313 320:313 320:316 320:317 320:330 321:330 322:330 331:330 331:332 333:332 548:556 571:568 571:569 571:573 576:573 733:733 773:782"
"اشرف","حوالدار ستونت سنگھ",5,"764 773 774 775","767:762 768:778 769:778 770:778 773:778"
"اشرف","خواجہ معراج الدین",2,"553 729","548:558 733:726"
"اشرف","خوشی محمد تیلی",1,"280","282:279"
"اشرف","داؤد (خوشی محمد کا بھائی)",1,"280","282:279"
"اشرف","رحمت چوہان",1,"280","282:278"
"اشرف","رنگیلی (یعقوب کی گھوڑی)",2,"775 776","770:780 773:780"
"اشرف","ریاض (سرفراز کا ڈرائیور)",1,"735","733:738"
"اشرف","زینب (یعقوب کی بیوی)",1,"79","84:74"
"اشرف","سائیں جلا",4,"581 762 777","576:586 577:586 767:757 773:782"
"اشرف","سراج گجر",5,"310 312 313 317 733","307:314 310:314 312:314 320:314 733:733"
"اشرف","سردار فلمبند خان",8,"83 763 769 770 772 773","84:83 767:760 767:771 768:771 769:771 770:771 773:771 773:774"
"اشرف","سلطان (پی۔او۔ڈبلیو ساتھی/دوست)",8,"566 567 573 575 576 577","571:561 571:562 571:563 571:575 576:575 576:576 577:576 577:577"
"اشرف","سلیم",2,"89 732","84:94 733:731"
"اشرف","سپاہی غلام رسول (یونٹ ڈرائیور/ساتھی)",2,"340 341","336:345 337:345"
"اشرف","سکینہ (اعجاز کی بیوی)",49,"79 81 278 279 280 284 287 290 291 292 296 297 298 299 303 310 311 312 316 318 319 323 324 328 329 330 331 332 336 338 544 552 568 569 728 729 732 736 777","84:75 84:79 282:275 282:276 282:277 282:278 282:287 287:287 293:287 293:288 293:289 293:290 293:292 293:300 295:300 297:300 298:300 299:300 307:300 307:313 310:313 312:313 320:313 320:316 320:318 320:326 321:326 322:326 331:326 331:327 331:328 331:329 331:330 331:332 333:332 333:340 336:340 337:340 548:540 548:556 571:566 571:567 571:568 733:723 733:724 733:725 733:732 733:740 773:782"
"اشرف","سینئر انڈر آفیسر صبغت اللہ",7,"281 296 297 298 299 303","282:281 293:299 295:299 297:299 298:299 299:299 307:299"
"اشرف","شعیب",51,"284 286 287 290 294 295 296 301 302 306 307 308 309 311 312 316 318 319 320 321 322 326 327 328 329 330 331 332 333 335 336 337 566 570 574 576 577 737 762 763","282:286 287:286 287:287 293:287 293:296 295:296 297:296 297:306 298:306 299:306 307:306 307:307 310:307 310:308 310:309 310:312 312:312 320:312 320:316 320:318 320:320 321:320 321:321 322:321 322:322 331:322 331:323 331:324 331:325 331:326 331:328 331:329 331:330 331:331 333:331 333:332 333:334 336:334 336:335 336:336 337:336 337:337 571:561 571:562 571:569 571:577 576:577 577:577 733:741 767:758 767:759"
"اشرف","شمس (بدیع الزمان کا اسسٹنٹ)",2,"543 549","548:538 548:551"
"اشرف","شوکت",6,"277 284 287 290 293 294","282:272 282:287 287:287 293:287 293:293 295:293"
"اشرف","شہلا رضوی",1,"735","733:737"
"اشرف","شیر بہادر اعوان",2,"82 84","84:80 84:85"
"اشرف","شیشے والا سالا (بدیع الزمان کا دوسرا قرض خواہ)",1,"544","548:541"
"اشرف","طارق (ورکس منیجر)",2,"277 281","282:272 282:280"
"اشرف","ظفر چوہدری",5,"573 575 576 577","571:575 576:575 576:576 577:576 577:577"
"اشرف","عامر محمود (چیف کیمسٹ)",1,"543","548:539"
"اشرف","عباس (چاچا احمد کا بیٹا)",28,"85 285 287 290 297 298 299 300 304 305 306 311 313 314 318 322 323 328 568 728 777","84:86 282:288 287:288 293:288 293:301 295:301 297:301 298:301 299:301 307:301 307:302 307:303 307:304 307:305 307:306 307:316 310:316 312:316 320:316 320:317 320:325 321:325 322:325 331:325 571:566 733:723 733:724 773:782"
"اشرف","علی بہادر",1,"87","84:91"
"اشرف","فرخ غوری",1,"732","733:731"
"اشرف","فلک شیر اعوان",2,"82 87","84:80 84:91"
"اشرف","قائد (پارٹی بانی لیڈر)",46,"83 86 277 284 286 288 291 304 308 309 312 313 317 322 323 328 336 337 338 339 543 544 545 547 549 566 570 571 573 575 576 577 729 732 734 762 770 771 772 773","84:83 84:89 282:272 282:286 287:286 287:290 293:290 299:309 307:309 310:309 310:314 312:314 320:314 320:325 321:325 322:325 331:325 331:341 333:341 336:341 337:341 548:539 548:540 548:542 548:543 548:547 548:551 571:561 571:562 571:569 571:571 576:571 576:574 576:575 576:576 577:576 577:578 733:726 733:731 733:736 767:758 767:774 768:774 769:774 770:774 773:774"
"اشرف","لیفٹیننٹ کرنل اسلام الدین",11,"334 335 336 337 733 769 770 772 773","331:337 333:337 336:337 337:337 733:733 767:771 768:771 769:771 770:771 773:771 773:773"
"اشرف","ماسی (سرفراز کی پرورش کرنے والی)",17,"79 81 287 289 292 296 297 298 299 303 312 313 314 318 568 569","84:74 84:79 282:292 287:292 293:292 293:300 295:300 297:300 298:300 299:300 307:300 307:317 310:317 312:317 320:317 571:566 571:568"
"اشرف","ماسی مریم",17,"79 81 287 289 292 296 297 298 299 303 312 313 314 318 568 569","84:74 84:79 282:292 287:292 293:292 293:300 295:300 297:300 298:300 299:300 307:300 307:317 310:317 312:317 320:317 571:566 571:568"
"اشرف","محمد نواز چیمہ",1,"88","84:93"
"اشرف","مرزا عبد الرشید",2,"340","336:344 337:344"
"اشرف","ملک جہانگیر اعوان (ایم ایل اے)",18,"84 278 279 285 288 291 340 567 568 569 570 571 574 581","84:85 282:275 282:276 282:289 287:289 293:289 293:290 336:344 337:344 571:564 571:565 571:567 571:569 571:570 571:572 576:572 576:586 577:586"
"اشرف","ملک حمید",4,"278 576 578 579","282:275 571:581 576:581 577:581"
"اشرف","ملک رشید (ملک حمید کا بھائی)",4,"278 279 340","282:275 282:276 336:344 337:344"
"اشرف","ملک عالم جہاں اعوان",1,"87","84:91"
"اشرف","ملک لطیف",2,"580","576:584 577:584"
"اشرف","منظور (اعجاز کا ورکر)",4,"336 337 338 339","331:341 333:341 336:341 337:341"
"اشرف","میاں انتظار حسین (ایڈووکیٹ ہائی کورٹ)",3,"84 551 732","84:85 548:554 733:731"
"اشرف","میجر ست پال ٹھاکر (کیمپ افسرِ دشمن)",3,"774 776","769:779 770:779 773:779"
"اشرف","میجر صدیق",3,"575 577 578","571:579 576:579 577:579"
"اشرف","میجر قدیر (ازمیر مل کا ایڈمن افسر)",1,"543","548:539"
"اشرف","میجر/کیپٹن سرفراز اعوان",114,"79 81 82 83 85 277 278 279 280 284 287 290 291 292 296 297 298 299 303 304 305 306 307 308 309 310 311 312 316 317 318 319 320 321 322 326 327 328 329 330 331 332 333 334 335 336 337 545 546 547 548 566 567 568 569 570 571 573 574 575 576 577 728 729 732 734 762 763 764 765 766 767 768 770 772 773","84:74 84:75 84:79 84:81 84:82 84:83 84:86 282:273 282:274 282:277 282:279 282:287 287:287 293:287 293:288 293:289 293:292 293:300 295:300 297:300 298:300 299:300 307:300 307:301 307:302 307:303 307:304 307:305 307:306 307:307 310:307 310:308 310:309 310:310 312:310 312:311 312:312 320:312 320:313 320:314 320:315 320:316 320:317 320:318 320:319 320:320 321:320 321:321 322:321 322:322 331:322 331:323 331:324 331:325 331:326 331:327 331:328 331:330 331:331 333:331 333:332 333:333 336:333 336:334 336:335 336:337 337:337 548:543 548:544 548:545 548:546 548:547 548:548 571:561 571:562 571:563 571:565 571:566 571:567 571:568 571:569 571:570 571:571 576:571 576:572 576:573 576:574 576:575 576:576 577:576 577:577 733:723 733:724 733:725 733:732 733:736 767:758 767:759 767:760 767:761 767:762 767:763 767:764 767:765 767:766 767:767 768:767 768:768 769:768 769:771 770:771 773:771 773:772 773:773"
"اشرف","نامعلوم مزدور عورت (ملک حمید/لطیف کا تعلق)",6,"85 544 553 580 728","84:87 548:540 548:558 576:584 577:584 733:723"
"اشرف","نسرین",6,"332 333 335 340 341 736","331:334 333:334 336:334 336:345 337:345 733:739"
"اشرف","نسیمہ (شعیب کی بہن)",45,"284 286 311 313 314 318 319 320 321 322 327 329 330 331 332 333 334 335 336 337 545 546 547 548 566 567 571 573 574 575 576 577 728 736","282:286 287:286 307:316 310:316 312:316 320:316 320:319 320:320 321:320 321:321 322:321 322:323 331:323 331:324 331:328 331:329 331:330 331:332 333:332 333:333 336:333 336:334 336:335 336:336 337:336 337:338 548:543 548:544 548:545 548:546 548:547 548:548 571:561 571:562 571:563 571:571 576:571 576:573 576:574 576:575 576:576 577:576 577:578 733:724 733:739"
"اشرف","نمائر (کیمپ کا قیدی ساتھی)",4,"573 576 577","571:576 576:576 577:576 577:578"
"اشرف","وریا م",1,"87","84:91"
"اشرف","وسیم بھائی (بدیع الزمان کا سالا/قرض خواہ)",7,"79 81 85 280 340 777","84:74 84:79 84:86 282:279 336:344 337:344 773:781"
"اشرف","پیر حمید الدین بلال شاہ (مرشد بلال پور شریف)",1,"762","767:757"
"اشرف","چاچا احمد خان راٹھور",36,"80 278 279 280 284 287 290 291 292 296 297 298 299 303 304 311 313 314 318 568 569 570 572 574 575 728 733 762 777","84:76 282:275 282:276 282:277 282:278 282:279 282:287 287:287 293:287 293:288 293:290 293:292 293:300 295:300 297:300 298:300 299:300 307:300 307:301 307:302 307:316 310:316 312:316 320:316 320:317 571:566 571:567 571:570 571:573 576:573 576:574 733:723 733:724 733:734 767:757 773:782"
"اشرف","چوہدری اظہر (ایس ایچ او نور پور)",11,"297 298 299 300 304 569 576 578 579 762","293:302 295:302 297:302 298:302 299:302 307:302 571:567 571:581 576:581 577:581 767:758"
"اشرف","ڈاکٹر (کریم بخش کا بیٹا)",3,"551 767","548:555 767:767 768:767"
"اشرف","ڈاکٹر خدابخش کھوکھر (چیف کیمسٹ)",1,"543","548:539"
"اشرف","کریم راٹھور",3,"86 543 777","84:89 548:539 773:782"
"اشرف","کنیز",3,"544 580 581","548:540 576:585 577:585"
"اشرف","کیپٹن اسد اللہ",3,"283 285 286","282:284 287:284 287:285"
"اشرف","کیپٹن اسرار",6,"729 770 771 773","733:726 767:773 768:773 769:773 770:773 773:773"
"اشرف","کیپٹن جمال",3,"282 284 286","282:282 287:282 287:286"
"اشرف","کیپٹن دلاور",13,"309 311 312 316 320 321 322 326 331 332 333 334","307:312 310:312 312:312 320:312 320:321 321:321 322:321 322:322 331:322 331:331 333:331 333:333 336:333"
"اشرف","کیڈٹ حبیب اللہ",3,"283 286","282:285 287:285 287:286"
"اشرف","کیڈٹ مجید اللہ",9,"292 295 296 297 298 299 303","287:297 293:297 295:297 297:297 298:297 298:298 299:298 299:299 307:299"
"اشرف","کیڈٹ نواز کھوکھر",7,"768 769 770 771 775","767:769 768:769 769:769 770:769 770:770 773:770 773:778"
"اشرف","گل افروز خان",4,"280 285 287 290","282:279 282:288 287:288 293:288"
"اشرف","یعقوب اعوان",25,"79 80 81 82 279 298 299 300 301 305 306 310 311 312 316 572 575 728 775 776","84:74 84:75 84:76 84:77 84:78 84:79 84:80 282:277 293:303 295:303 297:303 298:303 299:303 307:303 307:304 307:305 307:313 310:313 312:313 320:313 571:574 576:574 733:723 770:780 773:780"
"اعجاز اعوان","افضال احمد (اسسٹنٹ ایڈیٹر طلوع)",12,"701 702 703 704 705 706","696:706 697:706 698:706 699:706 700:706 701:706 702:706 703:706 704:706 705:706 706:706 707:706"
"اعجاز اعوان","اقبال (کنیز کا بچہ/سکول جانے والا)",29,"189 190 191 192 193 194 388 389 390 391 392 395 728 729 732 733 734","184:194 185:194 186:194 187:194 188:194 189:194 190:194 191:194 192:194 193:194 194:194 195:194 383:393 384:393 385:393 386:393 387:393 388:393 389:393 390:393 392:393 398:393 723:733 724:733 725:733 731:733 732:733 733:733 735:733"
"اعجاز اعوان","الیاس کمہار",14,"238 239 240 241 242 243 244","233:243 234:243 235:243 236:243 237:243 238:243 239:243 240:243 241:243 242:243 243:243 244:243 244:244 245:244"
"اعجاز اعوان","امداد علی شاہ (محرر)",28,"130 131 132 133 134 135 136 577 578 582 595 596 597 598 599 600","126:135 127:135 128:135 129:135 130:135 131:135 132:135 133:135 134:135 135:135 136:135 136:136 137:136 572:582 573:582 574:582 575:582 582:582 583:582 591:599 593:599 594:599 595:599 596:599 597:599 598:599 599:599 602:599"
"اعجاز اعوان","اکتبر",9,"106 107 109 110 111","102:111 103:111 104:111 107:111 108:111 109:111 110:111 111:111 112:111"
"اعجاز اعوان","این سی او گل نواز",23,"267 268 269 273 277 278 279 283 508 509 510 511 512 515","263:272 264:272 265:272 266:272 267:272 274:272 274:280 275:280 276:280 277:280 278:280 279:280 287:280 503:513 504:513 505:513 506:513 507:513 508:513 509:513 510:513 512:513 518:513"
"اعجاز اعوان","ایوب اعوان",118,"23 24 25 30 31 35 36 39 40 43 44 45 46 47 52 53 54 58 63 65 66 67 68 79 80 81 82 83 85 131 132 133 134 135 136 139 140 142 146 147 148 149 150 151 152 214 215 216 217 232 233 234 235 236 276 277 278 279 283 305 307 310 403 404 405 406 407 408 614 619 620 728 729 732 733 734","20:26 23:26 24:26 35:26 35:27 35:28 35:36 36:36 37:36 37:41 38:41 40:41 46:41 46:43 46:44 46:45 46:46 48:46 48:56 49:56 50:56 52:56 60:56 60:57 60:66 61:66 64:66 65:66 66:66 67:66 67:67 68:67 68:68 69:68 75:84 76:84 79:84 81:84 82:84 83:84 86:84 126:136 127:136 128:136 129:136 130:136 131:136 132:136 133:136 134:136 135:136 136:136 137:136 137:141 138:141 139:141 140:141 143:141 143:150 144:150 145:150 146:150 147:150 148:150 149:150 150:150 151:150 151:152 152:152 153:152 211:217 213:217 214:217 215:217 216:217 217:217 218:217 228:236 229:236 230:236 231:236 232:236 233:236 234:236 235:236 236:236 237:236 274:279 275:279 276:279 277:279 278:279 279:279 287:279 300:310 305:310 311:310 398:408 399:408 400:408 401:408 402:408 404:408 406:408 407:408 408:408 409:408 609:619 610:619 619:619 622:619 723:733 724:733 725:733 731:733 732:733 733:733 735:733"
"اعجاز اعوان","باجوہ (تھرڈ ایئر والنٹیر)",7,"199 200 201 202 207","194:204 195:204 197:204 198:204 199:204 200:204 211:204"
"اعجاز اعوان","بدر الحق (ایگزیکٹو ایڈیٹر طلوع)",19,"696 697 698 699 700 701 702 704 705 706","691:701 692:701 693:701 694:701 695:701 696:701 697:701 698:701 699:701 700:701 701:701 702:701 702:702 703:702 703:706 704:706 705:706 706:706 707:706"
"اعجاز اعوان","بدیع الزمان",200,"493 494 495 496 497 498 499 500 501 502 503 504 505 514 515 518 519 524 525 526 527 528 529 532 533 534 535 536 537 538 539 540 541 542 546 551 552 553 554 556 557 558 559 562 586 587 588 591 592 620 621 622 623 626 627 629 630 631 632 634 635 636 637 638 640 641 642 643 644 646 649 651 665 666 667 668 669 670 671 672 673 674 675 676 677 678 679 680 681 682 683 684 685 686 687 688 689 690 691 692 693 694 695 696 697 698 699 700 701 702 704 705 706 707 708 710 711 715 716 717 718 719 720 723 724 725 728","491:495 493:495 494:495 495:495 496:495 496:496 497:496 497:497 498:497 498:498 499:498 499:499 502:499 502:501 502:502 503:502 503:503 504:503 504:504 505:504 505:505 506:505 509:519 510:519 512:519 518:519 519:519 520:519 520:528 521:528 522:528 523:528 524:528 525:528 526:528 527:528 528:528 529:528 529:529 530:529 530:534 531:534 532:534 533:534 534:534 535:534 535:535 536:535 536:536 537:536 537:537 538:537 538:538 539:538 539:540 541:540 541:541 542:541 542:542 551:542 551:551 553:551 553:553 554:553 554:554 555:554 555:558 556:558 557:558 558:558 559:558 559:559 565:559 582:591 583:591 584:591 585:591 586:591 591:591 593:591 619:621 622:621 622:622 623:622 623:623 629:623 629:625 629:629 630:629 630:630 631:630 631:632 632:632 633:632 633:635 635:635 638:635 638:636 638:637 638:638 642:638 642:639 642:640 642:642 645:642 645:643 645:648 650:648 650:649 650:653 668:662 668:665 668:666 668:668 671:668 671:670 671:672 672:672 673:672 673:674 674:674 675:674 675:676 676:676 677:676 677:677 678:677 678:678 679:678 679:679 680:679 680:681 681:681 682:681 682:682 683:682 683:683 684:683 684:684 685:684 685:685 686:685 686:686 687:686 687:687 688:687 688:688 689:688 689:689 690:689 690:690 691:690 691:692 692:692 693:692 693:694 694:694 695:694 695:695 696:695 696:696 697:696 697:697 698:697 698:698 699:698 699:699 700:699 700:701 701:701 702:701 702:702 703:702 703:706 704:706 705:706 706:706 707:706 707:707 709:707 709:711 710:711 711:711 712:711 712:718 713:718 714:718 715:718 716:718 717:718 718:718 719:718 719:719 721:719 721:726 722:726 723:726 724:726 725:726 731:726"
"اعجاز اعوان","برکت",60,"254 255 256 257 258 282 283 287 290 291 292 296 297 298 299 305 307 310 328 329 330 331 332 336 556 557 558 559 560 563 572 573 574 575 576 579 590 593 594 595","251:258 253:258 254:258 255:258 256:258 257:258 258:258 259:258 277:287 278:287 279:287 287:287 288:287 288:293 289:293 290:293 292:293 300:293 300:294 300:295 300:297 300:298 300:299 300:310 305:310 311:310 324:333 325:333 326:333 327:333 328:333 329:333 330:333 332:333 340:333 551:561 553:561 554:561 555:561 556:561 557:561 558:561 559:561 565:561 567:577 568:577 569:577 570:577 572:577 573:577 574:577 575:577 582:577 585:595 586:595 591:595 593:595 594:595 595:595 596:595"
"اعجاز اعوان","بریگیڈیئر کرّار (شعیب کا والد)",32,"281 282 286 556 557 558 559 560 563 568 569 570 571 573 574 575 578 586 587 588 590","276:286 277:286 278:286 279:286 287:286 551:561 553:561 554:561 555:561 556:561 557:561 558:561 559:561 565:561 565:571 566:571 567:571 568:571 569:571 570:571 572:571 572:575 573:575 574:575 575:575 582:575 582:590 583:590 584:590 585:590 586:590 591:590"
"اعجاز اعوان","بلال مسیح موچی",9,"255 256 257 258 259 260","251:259 253:259 254:259 255:259 256:259 257:259 258:259 259:259 261:259"
"اعجاز اعوان","بکتو (کو چوہے کی بیوی)",9,"255 256 257 258 259 260","251:259 253:259 254:259 255:259 256:259 257:259 258:259 259:259 261:259"
"اعجاز اعوان","بھگت سنگھ",63,"23 25 31 32 33 38 39 40 43 44 45 46 47 48 49 50 51 52 56 61 62 63 67 68 69 70 71 73 74 75 76 77 78 561 562 565 566 673 674 675 676 677 678","20:27 23:27 24:27 35:27 35:28 35:29 35:30 35:32 35:41 36:41 37:41 38:41 40:41 46:41 46:43 46:44 46:47 48:47 48:48 49:48 49:49 50:49 50:51 52:51 52:52 60:52 60:63 61:63 64:63 64:71 65:71 66:71 67:71 68:71 69:71 70:71 71:71 75:71 75:73 75:74 75:75 76:75 76:76 79:76 79:77 79:78 556:566 557:566 558:566 559:566 565:566 566:566 567:566 668:678 671:678 672:678 673:678 674:678 675:678 676:678 677:678 678:678 679:678"
"اعجاز اعوان","بی اے چوہدری (بشیر ارائیں کے نئے نام کا سیاسی روپ)",62,"142 143 145 146 147 148 180 181 182 183 184 185 447 448 449 450 451 452 456 457 458 459 460 466 467 468 469 470 471 473 474 476 477 478","137:147 138:147 139:147 140:147 143:147 144:147 145:147 146:147 147:147 148:147 148:148 149:148 175:185 177:185 178:185 179:185 181:185 182:185 183:185 184:185 185:185 186:185 442:452 443:452 444:452 445:452 446:452 447:452 448:452 449:452 450:452 451:452 452:452 453:452 453:460 454:460 455:460 456:460 458:460 460:460 461:460 461:471 462:471 463:471 464:471 465:471 466:471 467:471 468:471 469:471 470:471 471:471 472:471 472:474 473:474 474:474 475:474 475:478 476:478 477:478 478:478 479:478"
"اعجاز اعوان","بی بی (گھر کی بزرگ عورت/لالے کی ساتھی)",232,"7 64 66 67 68 69 72 74 109 110 111 112 113 114 115 116 117 155 156 157 158 159 160 166 167 168 169 170 171 172 173 213 214 215 216 225 226 227 229 230 231 232 233 234 235 237 238 239 240 241 242 243 244 245 246 249 251 252 253 254 255 256 257 258 259 260 296 300 303 346 347 348 349 350 351 356 357 359 360 361 407 408 409 410 411 412 416 417 418 419 420 424 429 430 431 432 433 436 488 492 493 501 502 504 505 506 507 561 562 565 566 567 568 679 680 681 682 683 684 716 717 718 719 720 721 722 723 735 736 737 739 749 752 753 754 779 783 784 786 787","8:7 60:68 61:68 64:68 65:68 66:68 67:68 68:68 69:68 69:69 70:69 70:74 71:74 75:74 104:114 107:114 108:114 109:114 110:114 111:114 112:114 113:114 114:114 115:114 115:116 116:116 118:116 150:160 151:160 152:160 153:160 154:160 155:160 156:160 157:160 158:160 160:160 161:160 161:171 162:171 163:171 164:171 165:171 166:171 167:171 168:171 169:171 171:171 172:171 172:173 173:173 174:173 211:216 213:216 214:216 215:216 216:216 217:216 221:230 222:230 224:230 228:230 229:230 230:230 231:230 231:231 232:231 232:232 233:232 233:233 234:233 234:234 235:234 235:235 236:235 236:238 237:238 238:238 239:238 239:239 240:239 240:240 241:240 241:241 242:241 242:243 243:243 244:243 244:244 245:244 245:245 246:245 246:246 247:246 247:251 251:251 253:251 253:253 254:253 254:254 255:254 255:255 256:255 256:256 257:256 257:257 258:257 258:258 259:258 259:259 261:259 292:301 300:301 305:301 341:351 342:351 343:351 344:351 345:351 346:351 347:351 348:351 349:351 350:351 351:351 352:351 352:361 353:361 357:361 358:361 359:361 360:361 361:361 362:361 402:412 404:412 406:412 407:412 408:412 409:412 410:412 411:412 412:412 413:412 413:420 414:420 415:420 416:420 417:420 418:420 419:420 420:420 428:420 428:431 430:431 431:431 432:431 432:433 433:433 440:433 484:493 491:493 493:493 494:493 496:506 497:506 498:506 499:506 502:506 503:506 504:506 505:506 506:506 507:506 507:507 508:507 556:566 557:566 558:566 559:566 565:566 566:566 567:566 567:567 568:567 568:568 569:568 674:684 675:684 676:684 677:684 678:684 679:684 680:684 681:684 682:684 683:684 684:684 685:684 711:721 712:721 713:721 714:721 715:721 716:721 717:721 718:721 719:721 721:721 722:721 722:723 723:723 724:723 731:739 732:739 733:739 735:739 740:739 745:754 751:754 753:754 754:754 755:754 775:784 782:784 783:784 784:784 785:784 785:787 786:787 787:787 788:787"
"اعجاز اعوان","بی بی کمہاری",10,"501 502 504 505 506","496:506 497:506 498:506 499:506 502:506 503:506 504:506 505:506 506:506 507:506"
"اعجاز اعوان","بے انت سنگھ",11,"38 39 40 41 44 62 64","35:42 36:42 37:42 38:42 40:42 46:42 46:43 60:64 61:64 64:64 65:64"
"اعجاز اعوان","تھانیدار / اے ایس آئی",110,"52 53 54 58 107 108 109 110 111 112 131 132 133 134 135 136 137 138 139 147 148 149 150 151 297 301 303 345 346 347 348 349 350 448 449 450 451 452 453 562 563 566 567 576 577 578 581 582 583 584 585 595 596 597 598 599 600 604 606 607 754 755 756 757 758","48:57 49:57 50:57 52:57 60:57 102:112 103:112 104:112 107:112 108:112 109:112 110:112 111:112 112:112 113:112 126:136 127:136 128:136 129:136 130:136 131:136 132:136 133:136 134:136 135:136 136:136 137:136 137:137 138:137 138:138 139:138 139:139 140:139 143:151 144:151 145:151 146:151 147:151 148:151 149:151 150:151 151:151 152:151 292:302 300:302 305:302 340:350 341:350 342:350 343:350 344:350 345:350 346:350 347:350 348:350 349:350 350:350 351:350 443:453 444:453 445:453 446:453 447:453 448:453 449:453 450:453 451:453 452:453 453:453 454:453 557:567 558:567 559:567 565:567 566:567 567:567 568:567 572:581 573:581 574:581 575:581 582:581 582:582 583:582 583:583 584:583 584:584 585:584 585:585 586:585 591:599 593:599 594:599 595:599 596:599 597:599 598:599 599:599 602:599 602:606 607:606 607:607 608:607 751:758 753:758 754:758 755:758 756:758 758:758 759:758"
"اعجاز اعوان","جرنیل سنگھ (سکھ)",14,"163 164 165 166 167 168 169 170","158:168 160:168 161:168 162:168 163:168 164:168 165:168 166:168 167:168 168:168 169:168 169:169 171:169 171:170"
"اعجاز اعوان","جسونت سنگھ",18,"24 26 32 42 43 46 47 69 70 71 72 74","20:29 23:29 24:29 35:29 37:47 38:47 40:47 46:47 48:47 64:74 65:74 66:74 67:74 68:74 69:74 70:74 71:74 75:74"
"اعجاز اعوان","جعفری صاحب (کیمسٹ/پرانا رابطہ)",24,"517 520 521 522 523 524 525 534 535 536 537 538 539 540","512:522 518:522 519:522 520:522 521:522 522:522 523:522 523:523 524:523 524:525 525:525 526:525 529:539 530:539 531:539 532:539 533:539 534:539 535:539 536:539 537:539 538:539 539:539 541:539"
"اعجاز اعوان","جمیلہ",80,"20 22 36 37 38 39 96 97 98 100 101 168 169 170 171 172 173 175 176 177 289 290 291 292 296 314 315 316 317 320 327 328 329 330 331 561 562 565 566 567 568 594 595 596 597 600 602 604 614 619 620","20:21 23:21 23:22 35:38 36:38 37:38 38:38 40:38 40:39 91:101 92:101 93:101 94:101 95:101 96:101 99:101 100:101 102:101 163:173 164:173 165:173 166:173 167:173 168:173 169:173 171:173 172:173 173:173 174:173 174:176 175:176 177:176 177:177 178:177 287:292 288:292 289:292 290:292 292:292 300:292 311:317 313:317 314:317 315:317 316:317 317:317 324:317 324:330 325:330 326:330 327:330 328:330 329:330 330:330 332:330 556:566 557:566 558:566 559:566 565:566 566:566 567:566 567:568 568:568 569:568 591:597 593:597 594:597 595:597 596:597 597:597 598:597 598:602 599:602 602:602 607:602 609:619 610:619 619:619 622:619"
"اعجاز اعوان","جنگندر سنگھ",6,"38 39 40 43","35:41 36:41 37:41 38:41 40:41 46:41"
"اعجاز اعوان","جونیئر وکیل (خواجہ معراج کا شاگرد)",21,"620 622 627 630 631 632 666 668 669 674 675 676 677 678","619:622 622:622 623:622 623:632 629:632 630:632 631:632 632:632 633:632 668:664 668:668 671:668 671:678 672:678 673:678 674:678 675:678 676:678 677:678 678:678 679:678"
"اعجاز اعوان","جگت سنگھ",39,"23 25 31 33 38 39 40 43 44 47 48 49 50 51 52 56 57 58 59 68 69 70 71 72 74 775 776 777 781","20:27 23:27 24:27 35:27 35:28 35:32 35:41 36:41 37:41 38:41 40:41 46:41 46:42 46:43 46:49 48:49 49:49 50:49 50:51 52:51 52:53 60:53 60:54 60:55 60:56 60:58 64:73 65:73 66:73 67:73 68:73 69:73 70:73 71:73 75:73 771:780 772:780 775:780 782:780"
"اعجاز اعوان","جیرا (نانبائی کا لڑکا)",7,"201 202 203 208 209 210","197:206 198:206 199:206 200:206 211:206 211:207 211:209"
"اعجاز اعوان","حاجی ذوالفقار",19,"108 110 111 112 113 509 510 511 512 513 516","103:113 104:113 107:113 108:113 109:113 110:113 111:113 112:113 113:113 114:113 504:514 505:514 506:514 507:514 508:514 509:514 510:514 512:514 518:514"
"اعجاز اعوان","حاجی رحیم بخش",11,"521 522 523 524 525 526","518:525 519:525 520:525 521:525 522:525 523:525 524:525 525:525 526:525 526:526 527:526"
"اعجاز اعوان","حاجی عزیز دین",11,"113 114 115 116 117 118 119","108:118 109:118 110:118 111:118 112:118 113:118 114:118 115:118 116:118 118:118 120:118"
"اعجاز اعوان","حاجی وسیم بخش (منیجنگ ڈائریکٹر)",10,"516 519 520 521 523 524","512:521 518:521 519:521 520:521 521:521 522:521 522:524 523:524 524:524 525:524"
"اعجاز اعوان","حاجی کریم بخش (چیئرمین ازمیر گھی انڈسٹریز)",55,"516 519 520 521 522 523 524 525 526 527 528 534 535 536 537 538 539 540 594 595 596 597 621 623 626 668 669 672 673 674 676 677 678","512:521 518:521 519:521 520:521 521:521 522:521 522:522 523:522 523:523 524:523 524:524 525:524 525:525 526:525 526:526 527:526 527:527 528:527 528:528 529:528 529:539 530:539 531:539 532:539 533:539 534:539 535:539 536:539 537:539 538:539 539:539 541:539 591:597 593:597 594:597 595:597 596:597 597:597 598:597 619:624 622:624 623:624 629:624 668:668 671:668 671:674 672:674 673:674 674:674 675:674 675:678 676:678 677:678 678:678 679:678"
"اعجاز اعوان","حسن (اعجاز/سکینہ کا بیٹا)",183,"98 99 101 102 103 211 212 214 215 216 252 254 255 256 257 288 289 290 291 309 312 313 315 316 317 320 326 327 328 329 330 331 332 336 348 349 350 351 352 353 355 359 360 361 373 374 375 376 377 378 406 407 408 409 410 411 429 430 431 436 440 441 475 476 477 478 479 480 482 489 492 493 494 563 566 567 568 571 572 573 574 591 593 594 595 596 600 601 602 605 688 689 690 691 692 693 717 718 719 720 721 722 723 728 729 732 733 734 737 739 749 752 753 754 777 778 782","93:103 94:103 95:103 96:103 99:103 100:103 102:103 103:103 104:103 211:211 213:211 213:216 214:216 215:216 216:216 217:216 247:257 251:257 253:257 254:257 255:257 256:257 257:257 258:257 287:290 288:290 289:290 290:290 292:290 305:313 311:313 313:313 314:313 314:316 315:316 316:316 317:316 317:317 324:317 324:329 325:329 326:329 327:329 328:329 329:329 330:329 330:330 332:330 332:332 340:332 343:353 344:353 345:353 346:353 347:353 348:353 349:353 350:353 351:353 352:353 353:353 357:353 357:361 358:361 359:361 360:361 361:361 362:361 368:378 369:378 370:378 371:378 372:378 373:378 374:378 375:378 376:378 377:378 378:378 379:378 401:411 402:411 404:411 406:411 407:411 408:411 409:411 410:411 411:411 412:411 428:431 430:431 431:431 432:431 432:440 433:440 440:440 442:440 470:480 471:480 472:480 473:480 474:480 475:480 476:480 477:480 478:480 479:480 480:480 484:480 484:494 491:494 493:494 494:494 495:494 558:568 559:568 565:568 566:568 567:568 568:568 569:568 569:573 570:573 572:573 573:573 574:573 574:574 575:574 586:596 591:596 593:596 594:596 595:596 596:596 597:596 597:603 598:603 599:603 602:603 607:603 683:693 684:693 685:693 686:693 687:693 688:693 689:693 690:693 691:693 692:693 693:693 694:693 712:722 713:722 714:722 715:722 716:722 717:722 718:722 719:722 721:722 722:722 723:722 723:723 724:723 724:733 725:733 731:733 732:733 733:733 735:733 735:739 740:739 745:754 751:754 753:754 754:754 755:754 772:782 775:782 782:782 783:782"
"اعجاز اعوان","حسین (اعجاز/سکینہ کا بیٹا)",266,"74 75 77 79 80 98 99 101 102 103 197 198 199 200 201 206 207 208 209 210 211 212 216 217 218 219 220 226 227 229 230 231 243 244 245 246 247 249 250 251 252 265 266 267 268 272 296 300 303 309 312 313 315 316 317 320 327 328 329 330 331 332 336 348 349 350 351 352 353 355 386 387 388 389 390 391 429 430 431 436 440 441 475 476 477 478 479 480 482 489 492 493 494 553 554 555 556 563 566 567 568 569 571 572 573 586 587 588 590 593 594 595 596 600 601 602 605 621 622 623 626 627 628 636 637 638 639 641 642 643 645 647 648 649 650 663 664 665 666 667 668 669 671 672 673 674 675 676 677 678 684 685 686 687 688 689 714 715 716 717 718 719 720 728 729 732 733 734 746 748 751 752 753 754 777 778 782","69:79 70:79 71:79 75:79 76:79 79:79 81:79 93:103 94:103 95:103 96:103 99:103 100:103 102:103 103:103 104:103 192:202 193:202 194:202 195:202 197:202 198:202 199:202 200:202 211:202 211:203 211:205 211:206 211:207 211:208 211:209 211:210 211:211 213:211 213:212 213:220 214:220 215:220 216:220 217:220 218:220 219:220 221:220 221:231 222:231 224:231 228:231 229:231 230:231 231:231 232:231 238:248 239:248 240:248 241:248 242:248 243:248 244:248 245:248 246:248 247:248 251:248 251:249 251:252 253:252 261:270 263:270 264:270 265:270 266:270 267:270 274:270 292:301 300:301 305:301 305:313 311:313 313:313 314:313 314:316 315:316 316:316 317:316 317:317 324:317 324:330 325:330 326:330 327:330 328:330 329:330 330:330 332:330 332:332 340:332 343:353 344:353 345:353 346:353 347:353 348:353 349:353 350:353 351:353 352:353 353:353 357:353 381:391 382:391 383:391 384:391 385:391 386:391 387:391 388:391 389:391 390:391 392:391 428:431 430:431 431:431 432:431 432:440 433:440 440:440 442:440 470:480 471:480 472:480 473:480 474:480 475:480 476:480 477:480 478:480 479:480 480:480 484:480 484:494 491:494 493:494 494:494 495:494 551:556 553:556 554:556 555:556 556:556 557:556 558:568 559:568 565:568 566:568 567:568 568:568 569:568 569:569 570:569 570:573 572:573 573:573 574:573 582:590 583:590 584:590 585:590 586:590 591:590 591:596 593:596 594:596 595:596 596:596 597:596 597:603 598:603 599:603 602:603 607:603 619:623 622:623 623:623 629:623 629:624 629:625 629:628 631:641 632:641 633:641 635:641 638:641 642:641 642:642 645:642 645:645 650:645 650:646 650:647 650:648 650:649 650:651 668:659 668:660 668:661 668:663 668:664 668:665 668:666 668:668 671:668 671:671 672:671 672:673 673:673 674:673 674:675 675:675 676:675 676:676 677:676 677:678 678:678 679:678 679:689 680:689 681:689 682:689 683:689 684:689 685:689 686:689 687:689 688:689 689:689 690:689 709:719 710:719 711:719 712:719 713:719 714:719 715:719 716:719 717:719 718:719 719:719 721:719 723:733 724:733 725:733 731:733 732:733 733:733 735:733 742:751 745:751 751:751 753:751 753:753 754:753 754:754 755:754 772:782 775:782 782:782 783:782"
"اعجاز اعوان","حوالدار ستونت سنگھ",12,"757 758 759 760 762 774 775 776 780","753:762 754:762 755:762 756:762 758:762 759:762 763:762 771:778 772:778 775:778 782:778 782:779"
"اعجاز اعوان","خدابخش ارائیں",9,"257 258 259 260 261 262","253:262 254:262 255:262 256:262 257:262 258:262 259:262 261:262 263:262"
"اعجاز اعوان","خواجہ معراج الدین",87,"524 525 526 527 528 529 533 534 535 536 537 554 555 556 557 558 559 562 621 622 623 626 629 632 633 634 635 636 638 640 642 643 644 666 668 670 674 675 676 677 680 681 682 707 708 709 710 711 712 721 722 723 724 725 728","519:529 520:529 521:529 522:529 523:529 524:529 525:529 526:529 527:529 528:529 529:529 530:529 530:537 531:537 532:537 533:537 534:537 535:537 536:537 537:537 538:537 551:558 553:558 554:558 555:558 556:558 557:558 558:558 559:558 559:559 565:559 619:623 622:623 623:623 629:623 629:629 630:629 630:635 631:635 632:635 633:635 635:635 638:635 638:638 642:638 642:642 645:642 645:643 668:664 668:669 671:669 671:670 671:677 672:677 673:677 674:677 675:677 676:677 677:677 678:677 678:682 679:682 680:682 681:682 682:682 683:682 702:712 703:712 704:712 705:712 706:712 707:712 709:712 710:712 711:712 712:712 713:712 716:726 717:726 718:726 719:726 721:726 722:726 723:726 724:726 725:726 731:726"
"اعجاز اعوان","خوشی محمد تیلی",7,"276 277 278 279 283","274:279 275:279 276:279 277:279 278:279 279:279 287:279"
"اعجاز اعوان","داؤد (خوشی محمد کا بھائی)",7,"276 277 278 279 283","274:279 275:279 276:279 277:279 278:279 279:279 287:279"
"اعجاز اعوان","دتا کمہار",18,"500 501 502 503 504 505 594 595 596 597 598","495:505 496:505 497:505 498:505 499:505 502:505 503:505 504:505 505:505 506:505 591:598 593:598 594:598 595:598 596:598 597:598 598:598 599:598"
"اعجاز اعوان","دتو میراثی",45,"24 25 26 31 97 98 99 100 101 102 105 106 107 108 113 114 115 116 117 118 119 144 146 147 148 149 601 602 604 606","20:28 23:28 24:28 35:28 92:102 93:102 94:102 95:102 96:102 99:102 100:102 102:102 103:102 103:108 104:108 107:108 108:108 109:108 109:117 110:117 111:117 112:117 113:117 114:117 115:117 116:117 118:117 118:118 120:118 139:149 140:149 143:149 144:149 145:149 146:149 147:149 148:149 149:149 150:149 596:606 597:606 598:606 599:606 602:606 607:606"
"اعجاز اعوان","ذوالقرنین نقوی",18,"199 200 201 202 207 636 637 638 639 641 642 643 653 663","194:204 195:204 197:204 198:204 199:204 200:204 211:204 631:641 632:641 633:641 635:641 638:641 642:641 642:642 645:642 650:657 668:658 668:659"
"اعجاز اعوان","رابعہ",20,"128 129 130 131 132 133 353 354 355 357 358","123:133 124:133 126:133 127:133 128:133 129:133 130:133 131:133 132:133 133:133 134:133 348:358 349:358 350:358 351:358 352:358 353:358 357:358 358:358 359:358"
"اعجاز اعوان","رحمت چوہان",73,"97 98 99 100 101 102 111 112 113 114 115 116 117 118 119 166 167 168 169 170 171 252 254 255 256 257 276 277 278 502 503 504 505 506 507 526 527 528 529 530 531 532 533","92:102 93:102 94:102 95:102 96:102 99:102 100:102 102:102 103:102 107:115 108:115 109:115 110:115 111:115 112:115 113:115 114:115 115:115 116:115 116:117 118:117 118:118 120:118 161:171 162:171 163:171 164:171 165:171 166:171 167:171 168:171 169:171 171:171 172:171 247:257 251:257 253:257 254:257 255:257 256:257 257:257 258:257 274:278 275:278 276:278 277:278 278:278 279:278 497:507 498:507 499:507 502:507 503:507 504:507 505:507 506:507 507:507 508:507 521:531 522:531 523:531 524:531 525:531 526:531 527:531 528:531 529:531 530:531 531:531 532:531 532:533 533:533 534:533"
"اعجاز اعوان","رضیہ",9,"353 354 355 357 358","348:358 349:358 350:358 351:358 352:358 353:358 357:358 358:358 359:358"
"اعجاز اعوان","رنگیلی (یعقوب کی گھوڑی)",25,"40 41 42 45 63 65 66 495 496 497 498 499 501 775 776 777 781","35:45 36:45 37:45 38:45 40:45 46:45 60:66 61:66 64:66 65:66 66:66 67:66 491:500 493:500 494:500 495:500 496:500 497:500 498:500 499:500 502:500 771:780 772:780 775:780 782:780"
"اعجاز اعوان","ریاض (سرفراز کا ڈرائیور)",36,"126 127 128 129 130 131 445 446 447 448 449 450 452 453 454 613 614 618 734 735 736 739","121:131 122:131 123:131 124:131 126:131 127:131 128:131 129:131 130:131 131:131 132:131 440:450 442:450 443:450 444:450 445:450 446:450 447:450 448:450 449:450 450:450 451:450 451:454 452:454 453:454 454:454 455:454 608:618 609:618 610:618 619:618 731:738 732:738 733:738 735:738 740:738"
"اعجاز اعوان","زور آور (گھوڑا)",15,"43 44 47 48 49 205 210 784 785 786","38:48 40:48 46:48 48:48 49:48 49:49 50:49 200:210 211:210 782:786 783:786 784:786 785:786 786:786 787:786"
"اعجاز اعوان","زیدی صاحب (چیف ایڈیٹر طلوع)",24,"683 684 685 686 687 688 696 697 698 699 700 701","678:688 679:688 680:688 681:688 682:688 683:688 684:688 685:688 686:688 687:688 688:688 689:688 691:701 692:701 693:701 694:701 695:701 696:701 697:701 698:701 699:701 700:701 701:701 702:701"
"اعجاز اعوان","زینب (یعقوب کی بیوی)",42,"40 41 42 45 46 47 48 49 50 51 52 56 62 64 66 67 68 70 71 73 74 787 788 789 790 791 792","35:45 36:45 37:45 38:45 40:45 46:45 46:46 48:46 48:47 48:48 49:48 49:50 50:50 52:50 52:52 60:52 60:64 61:64 64:64 65:64 65:67 66:67 67:67 68:67 68:68 69:68 69:71 70:71 71:71 75:71 75:73 75:74 782:792 783:792 784:792 785:792 786:792 787:792 788:792 789:792 790:792 792:792"
"اعجاز اعوان","سائیں جلا",99,"113 114 115 116 117 118 119 155 156 157 158 159 160 161 162 163 164 165 166 167 168 169 170 171 172 173 174 175 176 177 178 179 180 237 238 239 240 241 242 243 584 585 586 588 753 754 755 756 757 777 778 782 784 785 787 788 789","108:118 109:118 110:118 111:118 112:118 113:118 114:118 115:118 116:118 118:118 120:118 120:119 150:160 151:160 152:160 153:160 154:160 155:160 156:160 157:160 158:160 160:160 161:160 161:161 162:161 162:162 163:162 163:163 164:163 164:164 165:164 165:165 166:165 166:166 167:166 167:167 168:167 168:168 169:168 169:169 171:169 171:171 172:171 172:172 173:172 173:173 174:173 174:174 175:174 175:175 177:175 177:176 177:177 178:177 178:178 179:178 179:179 181:179 232:242 233:242 234:242 235:242 236:242 237:242 238:242 239:242 240:242 241:242 242:242 243:242 243:243 244:243 582:586 583:586 584:586 585:586 586:586 591:586 751:756 753:756 754:756 755:756 756:756 758:756 758:757 772:782 775:782 782:782 783:782 783:785 784:785 785:785 786:785 786:788 787:788 788:788 789:788 789:789 790:789"
"اعجاز اعوان","ساجا",11,"113 114 115 116 117 118 119","108:118 109:118 110:118 111:118 112:118 113:118 114:118 115:118 116:118 118:118 120:118"
"اعجاز اعوان","سراج گجر",50,"309 312 313 314 356 357 359 360 361 362 404 405 406 407 408 409 410 411 412 506 507 508 509 510 511 668 670 728 729 732 733 734","305:314 311:314 313:314 314:314 315:314 351:361 352:361 353:361 357:361 358:361 359:361 360:361 361:361 362:361 362:362 363:362 399:409 400:409 401:409 402:409 404:409 406:409 407:409 408:409 409:409 410:409 410:410 411:410 411:412 412:412 413:412 502:510 503:510 504:510 505:510 506:510 507:510 508:510 509:510 510:510 512:510 668:669 671:669 723:733 724:733 725:733 731:733 732:733 733:733 735:733"
"اعجاز اعوان","سردار فلمبند خان",56,"79 81 82 83 84 162 163 164 165 166 167 409 410 411 412 413 414 480 481 482 484 488 613 614 618 755 756 757 758 759 761 767 771 773 774 775 778","75:83 76:83 79:83 81:83 82:83 83:83 86:83 157:167 158:167 160:167 161:167 162:167 163:167 164:167 165:167 166:167 167:167 168:167 404:414 406:414 407:414 408:414 409:414 410:414 411:414 412:414 413:414 414:414 415:414 475:485 476:485 477:485 478:485 479:485 480:485 484:485 491:485 608:618 609:618 610:618 619:618 751:760 753:760 754:760 755:760 756:760 758:760 759:760 763:760 763:771 771:771 772:771 772:774 775:774 775:775 782:775"
"اعجاز اعوان","سرداراں دائی",9,"356 357 359 360 361","351:361 352:361 353:361 357:361 358:361 359:361 360:361 361:361 362:361"
"اعجاز اعوان","سلطان (پی۔او۔ڈبلیو ساتھی/دوست)",62,"481 482 483 485 488 489 495 496 497 498 499 501 506 507 508 509 510 511 512 515 516 556 557 558 559 560 563 564 570 571 572 573 574 575 578 579 580 607 609 610 611 615","476:486 477:486 478:486 479:486 480:486 484:486 491:486 491:487 491:488 491:500 493:500 494:500 495:500 496:500 497:500 498:500 499:500 502:500 502:511 503:511 504:511 505:511 506:511 507:511 508:511 509:511 510:511 512:511 512:513 518:513 518:515 551:561 553:561 554:561 555:561 556:561 557:561 558:561 559:561 565:561 565:562 565:563 565:575 566:575 567:575 568:575 569:575 570:575 572:575 573:575 574:575 575:575 582:575 582:576 582:577 582:578 602:612 607:612 608:612 609:612 610:612 619:612"
"اعجاز اعوان","سلیم",162,"90 91 92 93 94 95 197 198 199 200 201 206 207 208 209 210 215 216 217 218 219 220 226 227 229 230 231 243 244 245 246 247 249 250 265 266 267 268 272 418 419 420 421 425 620 621 622 632 633 634 635 636 638 640 645 647 649 665 666 668 670 672 673 674 676 677 678 679 680 681 682 686 687 688 689 690 692 693 694 697 698 699 703 704 705 706 714 715 716 717 718 719 720 726 727 728 731","86:94 87:94 88:94 89:94 91:94 92:94 93:94 94:94 95:94 95:95 96:95 192:202 193:202 194:202 195:202 197:202 198:202 199:202 200:202 211:202 211:203 211:204 211:205 211:206 211:207 211:208 211:209 211:220 213:220 214:220 215:220 216:220 217:220 218:220 219:220 221:220 221:231 222:231 224:231 228:231 229:231 230:231 231:231 232:231 238:248 239:248 240:248 241:248 242:248 243:248 244:248 245:248 246:248 247:248 251:248 251:249 251:250 261:270 263:270 264:270 265:270 266:270 267:270 274:270 413:423 414:423 415:423 416:423 417:423 418:423 419:423 420:423 428:423 619:621 622:621 622:622 623:622 629:635 630:635 631:635 632:635 633:635 635:635 638:635 638:638 642:638 642:639 642:649 645:649 650:649 668:662 668:663 668:664 668:665 668:669 671:669 671:670 671:674 672:674 673:674 674:674 675:674 675:678 676:678 677:678 678:678 679:678 679:679 680:679 680:681 681:681 682:681 682:682 683:682 683:690 684:690 685:690 686:690 687:690 688:690 689:690 690:690 691:690 691:694 692:694 693:694 694:694 695:694 695:699 696:699 697:699 698:699 699:699 700:699 700:706 701:706 702:706 703:706 704:706 705:706 706:706 707:706 709:719 710:719 711:719 712:719 713:719 714:719 715:719 716:719 717:719 718:719 719:719 721:719 721:720 721:731 722:731 723:731 724:731 725:731 731:731 732:731"
"اعجاز اعوان","سندر سنگھ",7,"44 47 48 49 50 51","40:49 46:49 48:49 49:49 50:49 50:50 52:50"
"اعجاز اعوان","سپاہی غلام رسول (یونٹ ڈرائیور/ساتھی)",11,"342 343 344 345 743 744 746 749","340:345 341:345 342:345 343:345 344:345 345:345 346:345 740:747 742:747 745:747 751:747"
"اعجاز اعوان","سکینہ (اعجاز کی بیوی)",483,"20 21 23 35 36 37 38 39 63 65 66 67 68 69 70 71 73 75 77 79 80 97 98 99 100 101 102 103 104 106 110 111 112 113 114 116 117 118 119 126 127 128 129 130 131 132 133 138 139 140 141 143 144 151 152 153 154 155 156 157 159 160 162 163 164 168 169 170 171 172 173 175 176 177 188 189 190 191 192 193 194 197 198 199 200 211 212 213 214 215 216 259 260 261 262 263 264 270 271 274 275 276 277 278 283 287 288 289 290 291 292 296 300 302 309 312 313 315 316 317 321 325 326 327 328 329 330 331 332 336 340 345 346 347 348 349 350 351 352 355 357 358 359 360 361 362 363 364 367 368 369 370 371 372 373 374 379 380 381 382 383 384 385 402 403 404 405 406 407 411 412 413 414 415 416 417 419 420 424 429 430 431 432 433 436 440 441 446 447 448 449 450 451 475 476 477 478 479 480 482 487 491 492 493 494 499 500 501 503 504 535 536 537 538 539 540 553 554 555 556 557 558 562 565 566 567 568 594 595 596 597 614 619 620 626 627 630 631 680 681 682 683 684 685 686 687 689 690 691 692 693 694 697 698 699 700 701 702 703 704 705 708 709 710 711 713 714 715 716 717 718 719 720 721 722 723 724 725 728 731 732 736 737 740 741 746 748 751 752 753 754 755 777 778 782 783 784","20:20 23:20 23:23 24:23 35:36 36:36 37:36 37:38 38:38 40:38 60:66 61:66 64:66 65:66 66:66 67:66 67:67 68:67 68:68 69:68 69:69 70:69 70:71 71:71 75:71 75:75 76:75 76:79 79:79 81:79 92:102 93:102 94:102 95:102 96:102 99:102 100:102 102:102 103:102 103:103 104:103 104:105 107:105 107:106 107:114 108:114 109:114 110:114 111:114 112:114 113:114 114:114 115:114 115:118 116:118 118:118 120:118 121:131 122:131 123:131 124:131 126:131 127:131 128:131 129:131 130:131 131:131 132:131 132:133 133:133 134:133 134:143 135:143 136:143 137:143 138:143 139:143 140:143 143:143 144:143 144:144 145:144 146:156 147:156 148:156 149:156 150:156 151:156 152:156 153:156 154:156 155:156 156:156 157:156 157:157 158:157 158:160 160:160 161:160 161:163 162:163 163:163 164:163 164:164 165:164 165:171 166:171 167:171 168:171 169:171 171:171 172:171 172:173 173:173 174:173 174:176 175:176 177:176 177:177 178:177 183:193 184:193 185:193 186:193 187:193 188:193 189:193 190:193 191:193 192:193 193:193 194:193 194:194 195:194 195:200 197:200 198:200 199:200 200:200 211:211 213:211 213:213 214:213 214:214 215:214 215:215 216:215 216:216 217:216 254:264 255:264 256:264 257:264 258:264 259:264 261:264 263:264 264:264 265:264 265:275 266:275 267:275 274:275 275:275 276:275 276:276 277:276 277:277 278:277 278:278 279:278 279:287 287:287 288:287 288:288 289:288 289:289 290:289 290:290 292:290 292:292 300:292 300:300 305:300 305:313 311:313 313:313 314:313 314:316 315:316 316:316 317:316 317:318 324:318 324:326 325:326 326:326 327:326 327:327 328:327 328:328 329:328 329:329 330:329 330:330 332:330 332:332 340:332 340:340 341:340 341:349 342:349 343:349 344:349 345:349 346:349 347:349 348:349 349:349 350:349 350:350 351:350 351:351 352:351 352:352 353:352 353:357 357:357 358:357 358:358 359:358 359:359 360:359 360:361 361:361 362:361 362:362 363:362 363:363 365:363 365:369 366:369 367:369 368:369 369:369 370:369 370:370 371:370 371:372 372:372 373:372 373:373 374:373 374:374 375:374 375:384 376:384 377:384 378:384 379:384 381:384 382:384 383:384 384:384 385:384 385:385 386:385 398:407 399:407 400:407 401:407 402:407 404:407 406:407 407:407 408:407 408:415 409:415 410:415 411:415 412:415 413:415 414:415 415:415 416:415 416:416 417:416 417:417 418:417 418:420 419:420 420:420 428:420 428:430 430:430 431:430 431:431 432:431 432:432 433:432 433:433 440:433 440:440 442:440 442:451 443:451 444:451 445:451 446:451 447:451 448:451 449:451 450:451 451:451 452:451 470:480 471:480 472:480 473:480 474:480 475:480 476:480 477:480 478:480 479:480 480:480 484:480 484:491 491:491 493:491 493:493 494:493 494:494 495:494 495:504 496:504 497:504 498:504 499:504 502:504 503:504 504:504 505:504 530:540 531:540 532:540 533:540 534:540 535:540 536:540 537:540 538:540 539:540 541:540 551:556 553:556 554:556 555:556 556:556 557:556 557:557 558:557 558:558 559:558 559:566 565:566 566:566 567:566 567:567 568:567 568:568 569:568 591:597 593:597 594:597 595:597 596:597 597:597 598:597 609:619 610:619 619:619 622:619 622:631 623:631 629:631 630:631 631:631 632:631 675:685 676:685 677:685 678:685 679:685 680:685 681:685 682:685 683:685 684:685 685:685 686:685 686:686 687:686 687:687 688:687 688:691 689:691 690:691 691:691 692:691 692:692 693:692 693:694 694:694 695:694 695:700 696:700 697:700 698:700 699:700 700:700 701:700 701:702 702:702 703:702 703:704 704:704 705:704 705:705 706:705 706:711 707:711 709:711 710:711 711:711 712:711 712:715 713:715 714:715 715:715 716:715 716:716 717:716 717:717 718:717 718:718 719:718 719:719 721:719 721:722 722:722 723:722 723:723 724:723 724:724 725:724 725:725 731:725 731:732 732:732 733:732 733:740 735:740 740:740 742:740 742:751 745:751 751:751 753:751 753:753 754:753 754:754 755:754 755:755 756:755 772:782 775:782 782:782 783:782 783:783 784:783 784:784 785:784"
"اعجاز اعوان","سیف اللہ (چکی والا)",12,"111 112 113 114 115 116 117","107:115 108:115 109:115 110:115 111:115 112:115 113:115 114:115 115:115 116:115 116:116 118:116"
"اعجاز اعوان","سینئر انڈر آفیسر صبغت اللہ",11,"277 278 279 280 284 294 295 299","274:281 275:281 276:281 277:281 278:281 279:281 287:281 289:299 290:299 292:299 300:299"
"اعجاز اعوان","سیکنڈ لفٹننٹ امتیاز",11,"481 482 483 485 488 745 746 747 750","476:486 477:486 478:486 479:486 480:486 484:486 491:486 740:750 742:750 745:750 751:750"
"اعجاز اعوان","شبیرا",12,"113 114 115 116 117 118 119","108:118 109:118 110:118 111:118 112:118 113:118 114:118 115:118 116:118 118:118 120:118 120:119"
"اعجاز اعوان","شعیب",138,"281 282 286 287 292 293 294 298 303 305 308 309 310 311 312 314 315 316 317 321 322 323 324 325 326 327 328 329 330 331 332 336 337 338 339 340 346 347 348 349 350 351 354 356 357 358 359 386 387 388 389 390 391 392 395 396 397 556 557 558 559 560 563 567 568 569 573 574 575 576 579 594 595 596 597 598 736 737 738 740 741 742 743 754 755 756 757 758 759 761","276:286 277:286 278:286 279:286 287:286 287:287 288:287 288:296 289:296 290:296 292:296 300:296 300:306 305:306 311:306 311:307 311:308 311:309 311:312 313:312 313:316 314:316 315:316 316:316 317:316 317:318 324:318 324:320 324:321 324:322 324:323 324:324 325:324 325:325 326:325 326:326 327:326 327:328 328:328 329:328 329:329 330:329 330:330 332:330 332:331 332:332 340:332 340:334 340:335 340:336 340:337 340:338 340:340 341:340 341:351 342:351 343:351 344:351 345:351 346:351 347:351 348:351 349:351 350:351 351:351 352:351 352:356 353:356 357:356 357:357 358:357 358:358 359:358 359:359 360:359 381:391 382:391 383:391 384:391 385:391 386:391 387:391 388:391 389:391 390:391 392:391 392:393 398:393 398:394 398:396 398:397 551:561 553:561 554:561 555:561 556:561 557:561 558:561 559:561 565:561 565:562 565:569 566:569 567:569 568:569 569:569 570:569 570:577 572:577 573:577 574:577 575:577 582:577 591:598 593:598 594:598 595:598 596:598 597:598 598:598 599:598 731:741 732:741 733:741 735:741 740:741 742:741 742:742 745:742 751:758 753:758 754:758 755:758 756:758 758:758 759:758 759:759 763:759"
"اعجاز اعوان","شمس (بدیع الزمان کا اسسٹنٹ)",65,"523 524 525 526 527 528 532 533 534 535 536 537 538 546 551 552 554 555 556 557 558 689 690 691 692 693 694 700 701 702 703 704 705 706 707 708","518:528 519:528 520:528 521:528 522:528 523:528 524:528 525:528 526:528 527:528 528:528 529:528 529:535 530:535 531:535 532:535 533:535 534:535 535:535 536:535 536:537 537:537 538:537 538:538 539:538 541:551 542:551 551:551 553:551 553:556 554:556 555:556 556:556 557:556 557:558 558:558 559:558 684:694 685:694 686:694 687:694 688:694 689:694 690:694 691:694 692:694 693:694 694:694 695:694 695:705 696:705 697:705 698:705 699:705 700:705 701:705 702:705 703:705 704:705 705:705 706:705 706:706 707:706 707:707 709:707"
"اعجاز اعوان","شوکت",28,"138 139 140 141 143 265 266 267 268 272 273 282 283 287 290 291 292 296","133:143 134:143 135:143 136:143 137:143 138:143 139:143 140:143 143:143 144:143 261:270 263:270 264:270 265:270 266:270 267:270 274:270 274:272 277:287 278:287 279:287 287:287 288:287 288:293 289:293 290:293 292:293 300:293"
"اعجاز اعوان","شہلا رضوی",5,"734 735 736 738","731:737 732:737 733:737 735:737 740:737"
"اعجاز اعوان","شیر بہادر اعوان",28,"62 64 65 68 69 70 71 73 77 78 79 80 83 84 85 88 89 90 91","60:64 61:64 64:64 65:64 65:65 66:65 66:70 67:70 68:70 69:70 70:70 71:70 71:72 75:72 75:80 76:80 79:80 81:80 81:85 82:85 83:85 86:85 86:91 87:91 88:91 89:91 91:91 92:91"
"اعجاز اعوان","شیشے والا سالا (بدیع الزمان کا دوسرا قرض خواہ)",20,"68 69 70 71 73 536 537 538 539 540 541","64:72 65:72 66:72 67:72 68:72 69:72 70:72 71:72 75:72 531:541 532:541 533:541 534:541 535:541 536:541 537:541 538:541 539:541 541:541 542:541"
"اعجاز اعوان","صوبیدار جہاں خان",5,"52 53 54 58","48:57 49:57 50:57 52:57 60:57"
"اعجاز اعوان","طارق (ورکس منیجر)",29,"267 268 269 273 277 278 279 283 517 520 521 522 523 524 525 526 527","263:272 264:272 265:272 266:272 267:272 274:272 274:280 275:280 276:280 277:280 278:280 279:280 287:280 512:522 518:522 519:522 520:522 521:522 522:522 523:522 523:523 524:523 524:524 525:524 525:525 526:525 526:527 527:527 528:527"
"اعجاز اعوان","ظفر چوہدری",13,"570 571 572 573 574 575 578 579","565:575 566:575 567:575 568:575 569:575 570:575 572:575 573:575 574:575 575:575 582:575 582:576 582:577"
"اعجاز اعوان","عامر محمود (چیف کیمسٹ)",33,"516 519 520 521 534 535 536 537 538 539 540 635 636 637 639 641 649 651 671 672 673 674","512:521 518:521 519:521 520:521 521:521 522:521 529:539 530:539 531:539 532:539 533:539 534:539 535:539 536:539 537:539 538:539 539:539 541:539 630:640 631:640 632:640 633:640 635:640 638:640 642:640 645:653 650:653 668:674 671:674 672:674 673:674 674:674 675:674"
"اعجاز اعوان","عباس (چاچا احمد کا بیٹا)",221,"20 22 36 37 38 39 81 82 83 84 86 96 97 98 100 101 112 113 114 115 116 117 118 119 160 161 162 163 164 165 166 167 168 169 170 171 172 173 174 175 176 177 188 189 190 191 192 193 227 228 230 231 232 235 236 237 238 239 240 241 242 243 244 245 246 247 249 251 252 254 255 283 287 288 296 300 303 304 305 308 313 314 315 316 317 320 324 325 352 353 354 355 357 430 431 432 433 436 561 562 565 566 596 597 598 599 600 601 602 604 605 606 607 612 613 618 717 718 719 720 721 722 723 724 749 752 753 754 755 777 778 782 783 784 785 786 787 788","20:21 23:21 23:22 35:38 36:38 37:38 38:38 40:38 76:86 79:86 81:86 82:86 83:86 86:86 87:86 91:101 92:101 93:101 94:101 95:101 96:101 99:101 100:101 102:101 107:117 108:117 109:117 110:117 111:117 112:117 113:117 114:117 115:117 116:117 118:117 118:119 120:119 155:165 156:165 157:165 158:165 160:165 161:165 162:165 163:165 164:165 165:165 166:165 166:166 167:166 167:168 168:168 169:168 169:169 171:169 171:172 172:172 173:172 173:173 174:173 174:175 175:175 177:175 177:176 177:177 178:177 183:193 184:193 185:193 186:193 187:193 188:193 189:193 190:193 191:193 192:193 193:193 194:193 222:232 224:232 228:232 229:232 230:232 231:232 232:232 233:232 233:238 234:238 235:238 236:238 237:238 238:238 239:238 239:240 240:240 241:240 241:241 242:241 242:242 243:242 243:243 244:243 244:245 245:245 246:245 246:246 247:246 247:247 251:247 251:251 253:251 253:255 254:255 255:255 256:255 278:288 279:288 287:288 288:288 289:288 292:301 300:301 305:301 305:302 305:303 305:304 305:305 311:305 311:306 311:316 313:316 314:316 315:316 316:316 317:316 317:317 324:317 324:325 325:325 326:325 347:357 348:357 349:357 350:357 351:357 352:357 353:357 357:357 358:357 428:432 430:432 431:432 432:432 433:432 433:433 440:433 556:566 557:566 558:566 559:566 565:566 566:566 567:566 591:601 593:601 594:601 595:601 596:601 597:601 598:601 599:601 602:601 602:602 607:602 607:603 607:604 607:605 607:607 608:607 608:617 609:617 610:617 619:617 619:618 712:722 713:722 714:722 715:722 716:722 717:722 718:722 719:722 721:722 722:722 723:722 723:723 724:723 724:724 725:724 745:754 751:754 753:754 754:754 755:754 755:755 756:755 772:782 775:782 782:782 783:782 783:783 784:783 784:785 785:785 786:785 786:786 787:786 787:787 788:787 788:788 789:788"
"اعجاز اعوان","علی بہادر",21,"62 63 64 65 69 70 71 73 86 87 88 89 90 91","60:65 61:65 64:65 65:65 66:65 66:72 67:72 68:72 69:72 70:72 71:72 75:72 81:91 82:91 83:91 86:91 87:91 88:91 89:91 91:91 92:91"
"اعجاز اعوان","عمران (ہوسٹل ساتھی)",37,"200 201 202 208 416 417 418 419 420 424 425 432 433 434 438 439 506 507 508 509 510 511","195:205 197:205 198:205 199:205 200:205 211:205 411:421 412:421 413:421 414:421 415:421 416:421 417:421 418:421 419:421 420:421 428:421 428:422 428:436 430:436 431:436 432:436 433:436 440:436 440:437 440:438 440:439 502:510 503:510 504:510 505:510 506:510 507:510 508:510 509:510 510:510 512:510"
"اعجاز اعوان","غلام حسین",55,"197 198 199 200 201 206 207 208 209 210 211 212 216 217 218 219 220 226 227 229 230 231 243 244 245 246 247 249 250 251 252 265 266 267 268 272","192:202 193:202 194:202 195:202 197:202 198:202 199:202 200:202 211:202 211:203 211:205 211:206 211:207 211:208 211:209 211:210 211:212 213:212 213:220 214:220 215:220 216:220 217:220 218:220 219:220 221:220 221:231 222:231 224:231 228:231 229:231 230:231 231:231 232:231 238:248 239:248 240:248 241:248 242:248 243:248 244:248 245:248 246:248 247:248 251:248 251:249 251:252 253:252 261:270 263:270 264:270 265:270 266:270 267:270 274:270"
"اعجاز اعوان","فرخ غوری",18,"705 706 707 708 709 710 726 727 728 731","700:710 701:710 702:710 703:710 704:710 705:710 706:710 707:710 709:710 710:710 711:710 721:731 722:731 723:731 724:731 725:731 731:731 732:731"
"اعجاز اعوان","فضلے",15,"49 50 51 52 56 478 479 480 481 483","46:52 48:52 49:52 50:52 52:52 60:52 473:483 474:483 475:483 476:483 477:483 478:483 479:483 480:483 484:483"
"اعجاز اعوان","فلک شیر اعوان",25,"62 63 64 65 68 69 70 75 77 78 79 80 86 87 88 89 90 91","60:65 61:65 64:65 65:65 66:65 66:70 67:70 68:70 69:70 70:70 71:70 71:80 75:80 76:80 79:80 81:80 81:91 82:91 83:91 86:91 87:91 88:91 89:91 91:91 92:91"
"اعجاز اعوان","قائد (پارٹی بانی لیڈر)",614,"6 7 29 34 35 53 54 55 59 68 69 70 71 73 79 81 82 83 84 87 88 89 90 92 93 94 99 101 102 103 106 108 109 111 112 113 118 119 120 121 122 123 124 125 126 128 129 130 131 132 135 136 137 138 142 144 145 178 179 180 181 182 183 184 185 186 187 188 191 192 193 194 195 196 211 212 216 217 218 219 220 221 222 223 224 226 227 228 229 233 234 235 236 237 241 242 243 244 245 247 249 250 259 260 261 262 263 264 268 269 273 281 282 286 288 289 290 291 304 307 310 312 313 314 320 321 324 325 336 340 341 342 343 344 347 348 349 351 352 353 355 359 360 361 362 363 364 365 366 367 368 369 370 371 373 374 376 377 378 379 380 381 383 384 385 386 387 388 389 390 391 392 395 396 397 398 399 400 401 402 403 404 405 406 408 409 410 411 414 415 416 417 418 419 420 424 428 429 442 443 444 445 446 447 450 451 452 453 454 455 458 459 460 461 462 463 464 466 467 468 471 472 473 474 476 477 478 479 480 482 483 486 489 490 493 494 495 496 497 498 499 500 504 505 506 507 508 510 511 516 519 520 521 522 523 524 525 526 527 528 532 533 534 535 536 538 539 540 541 542 546 547 549 551 552 555 556 557 558 559 562 563 567 568 569 570 571 573 574 575 578 579 580 582 583 584 585 586 588 590 592 593 595 596 597 603 605 607 608 609 610 614 618 621 622 623 626 627 628 629 632 633 634 635 636 638 640 642 643 644 646 649 650 663 666 668 670 671 673 674 675 676 677 678 679 680 681 682 683 684 686 687 688 692 693 694 695 697 698 699 700 701 702 704 705 706 721 722 723 724 725 728 731 734 735 738 743 744 746 749 754 755 756 757 758 772 773 774 786 787 788 789 790 791","8:4 8:5 8:6 24:34 35:34 35:35 36:35 48:58 49:58 50:58 52:58 60:58 64:72 65:72 66:72 67:72 68:72 69:72 70:72 71:72 75:72 75:83 76:83 79:83 81:83 82:83 83:83 86:83 86:89 87:89 88:89 89:89 91:89 91:90 91:94 92:94 93:94 94:94 95:94 95:103 96:103 99:103 100:103 102:103 103:103 104:103 104:109 107:109 108:109 109:109 110:109 110:113 111:113 112:113 113:113 114:113 114:122 115:122 116:122 118:122 120:122 121:122 122:122 123:122 123:123 124:123 124:124 126:124 126:126 127:126 127:130 128:130 129:130 130:130 131:130 131:132 132:132 133:132 133:138 134:138 135:138 136:138 137:138 138:138 139:138 139:145 140:145 143:145 144:145 145:145 146:145 173:183 174:183 175:183 177:183 178:183 179:183 181:183 182:183 183:183 184:183 184:184 185:184 185:185 186:185 186:186 187:186 187:188 188:188 189:188 189:194 190:194 191:194 192:194 193:194 194:194 195:194 195:195 197:195 197:196 211:212 213:212 213:220 214:220 215:220 216:220 217:220 218:220 219:220 221:220 221:221 222:221 222:222 224:222 224:223 224:224 228:224 228:225 228:226 228:229 229:229 230:229 230:237 231:237 232:237 233:237 234:237 235:237 236:237 237:237 238:237 238:245 239:245 240:245 241:245 242:245 243:245 244:245 245:245 246:245 246:248 247:248 251:248 251:249 251:250 254:264 255:264 256:264 257:264 258:264 259:264 261:264 263:264 264:264 265:264 265:272 266:272 267:272 274:272 276:286 277:286 278:286 279:286 287:286 287:290 288:290 289:290 290:290 292:290 300:309 305:309 311:309 311:314 313:314 314:314 315:314 315:325 316:325 317:325 324:325 325:325 326:325 332:341 340:341 341:341 342:341 342:342 343:342 343:343 344:343 344:344 345:344 345:349 346:349 347:349 348:349 349:349 350:349 350:353 351:353 352:353 353:353 357:353 357:361 358:361 359:361 360:361 361:361 362:361 362:363 363:363 365:363 365:364 365:365 366:365 366:366 367:366 367:368 368:368 369:368 369:370 370:370 371:370 371:371 372:371 372:374 373:374 374:374 375:374 375:378 376:378 377:378 378:378 379:378 379:379 381:379 381:381 382:381 382:385 383:385 384:385 385:385 386:385 386:386 387:386 387:387 388:387 388:389 389:389 390:389 390:390 392:390 392:391 392:392 398:392 398:394 398:395 398:396 398:397 398:398 399:398 399:399 400:399 400:401 401:401 402:401 402:402 404:402 404:403 404:404 406:404 406:406 407:406 407:410 408:410 409:410 410:410 411:410 411:411 412:411 412:417 413:417 414:417 415:417 416:417 417:417 418:417 418:418 419:418 419:419 420:419 420:420 428:420 428:429 430:429 440:445 442:445 443:445 444:445 445:445 446:445 446:447 447:447 448:447 448:452 449:452 450:452 451:452 452:452 453:452 453:453 454:453 454:454 455:454 455:455 456:455 456:461 458:461 460:461 461:461 462:461 462:463 463:463 464:463 464:464 465:464 465:468 466:468 467:468 468:468 469:468 469:474 470:474 471:474 472:474 473:474 474:474 475:474 475:478 476:478 477:478 478:478 479:478 479:479 480:479 480:481 484:481 484:482 484:488 491:488 491:489 491:496 493:496 494:496 495:496 496:496 497:496 497:497 498:497 498:499 499:499 502:499 502:507 503:507 504:507 505:507 506:507 507:507 508:507 508:508 509:508 509:511 510:511 512:511 512:520 518:520 519:520 520:520 521:520 521:521 522:521 522:522 523:522 523:523 524:523 524:524 525:524 525:525 526:525 526:526 527:526 527:527 528:527 528:528 529:528 529:535 530:535 531:535 532:535 533:535 534:535 535:535 536:535 536:536 537:536 537:539 538:539 539:539 541:539 541:540 541:542 542:542 551:542 551:543 551:547 551:551 553:551 553:558 554:558 555:558 556:558 557:558 558:558 559:558 559:559 565:559 565:561 565:562 565:569 566:569 567:569 568:569 569:569 570:569 570:571 572:571 572:574 573:574 574:574 575:574 575:575 582:575 582:576 582:578 582:579 582:582 583:582 583:583 584:583 584:584 585:584 585:586 586:586 591:586 591:590 591:593 593:593 594:593 594:597 595:597 596:597 597:597 598:597 598:608 599:608 602:608 607:608 608:608 609:608 609:609 610:609 610:610 619:610 619:617 619:623 622:623 623:623 629:623 629:626 629:627 629:628 629:629 630:629 630:635 631:635 632:635 633:635 635:635 638:635 638:638 642:638 642:642 645:642 645:643 645:648 650:648 650:649 650:650 668:658 668:659 668:664 668:669 671:669 671:671 672:671 672:675 673:675 674:675 675:675 676:675 676:677 677:677 678:677 678:678 679:678 679:679 680:679 680:681 681:681 682:681 682:682 683:682 683:684 684:684 685:684 685:688 686:688 687:688 688:688 689:688 689:695 690:695 691:695 692:695 693:695 694:695 695:695 696:695 696:698 697:698 698:698 699:698 699:699 700:699 700:701 701:701 702:701 702:702 703:702 703:706 704:706 705:706 706:706 707:706 716:726 717:726 718:726 719:726 721:726 722:726 723:726 724:726 725:726 731:726 731:731 732:731 732:736 733:736 735:736 740:736 740:747 742:747 745:747 751:747 751:758 753:758 754:758 755:758 756:758 758:758 759:758 771:774 772:774 775:774 782:791 783:791 784:791 785:791 786:791 787:791 788:791 789:791 790:791 792:791"
"اعجاز اعوان","قمر الاسلام",34,"456 457 458 459 460 461 472 473 474 475 476 477 478 479 494 495 496 497 498","451:461 452:461 453:461 454:461 455:461 456:461 458:461 460:461 461:461 462:461 467:477 468:477 469:477 470:477 471:477 472:477 473:477 474:477 475:477 476:477 477:477 478:477 478:478 479:478 479:479 480:479 491:498 493:498 494:498 495:498 496:498 497:498 498:498 499:498"
"اعجاز اعوان","لیفٹیننٹ کرنل اسلام الدین",75,"125 126 127 128 129 130 133 134 135 136 137 138 139 332 333 334 338 585 586 587 590 595 596 597 598 599 601 606 609 610 615 618 728 729 732 733 734 738 740 741 744 746 749 767 771 772 774 775 778 780","120:130 121:130 122:130 123:130 124:130 126:130 127:130 128:130 129:130 130:130 131:130 131:136 132:136 133:136 134:136 135:136 136:136 137:136 137:137 138:137 138:138 139:138 139:139 140:139 327:337 328:337 329:337 330:337 332:337 340:337 582:589 583:589 584:589 585:589 586:589 591:589 591:590 591:600 593:600 594:600 595:600 596:600 597:600 598:600 599:600 602:600 602:611 607:611 608:611 609:611 610:611 619:611 619:618 723:733 724:733 725:733 731:733 732:733 733:733 735:733 735:741 740:741 742:741 742:747 745:747 751:747 763:771 771:771 772:771 772:773 775:773 775:774 775:775 782:775 782:778"
"اعجاز اعوان","ماسی (سرفراز کی پرورش کرنے والی)",164,"21 22 23 24 36 37 38 39 66 67 68 69 70 71 73 74 77 79 80 97 98 99 100 101 102 113 114 115 116 117 118 119 126 127 128 129 130 131 132 133 151 152 153 154 155 156 157 158 159 162 163 164 165 169 170 171 172 173 174 175 176 177 238 239 240 241 242 243 245 246 252 254 255 256 257 258 289 290 291 292 296 300 302 314 315 316 317 320 561 562 565 566 567 568 626 627 630 631 632 633 634 749 752 753 754","20:22 23:22 23:23 24:23 24:24 35:38 36:38 37:38 38:38 40:38 61:71 64:71 65:71 66:71 67:71 68:71 69:71 70:71 71:71 75:71 75:74 75:79 76:79 79:79 81:79 92:102 93:102 94:102 95:102 96:102 99:102 100:102 102:102 103:102 108:118 109:118 110:118 111:118 112:118 113:118 114:118 115:118 116:118 118:118 120:118 121:131 122:131 123:131 124:131 126:131 127:131 128:131 129:131 130:131 131:131 132:131 132:133 133:133 134:133 146:156 147:156 148:156 149:156 150:156 151:156 152:156 153:156 154:156 155:156 156:156 157:156 157:157 158:157 158:158 160:158 160:164 161:164 162:164 163:164 164:164 165:164 165:165 166:165 166:173 167:173 168:173 169:173 171:173 172:173 173:173 174:173 174:174 175:174 175:175 177:175 177:176 177:177 178:177 233:243 234:243 235:243 236:243 237:243 238:243 239:243 240:243 241:243 242:243 243:243 244:243 244:246 245:246 246:246 247:246 247:257 251:257 253:257 254:257 255:257 256:257 257:257 258:257 258:258 259:258 287:292 288:292 289:292 290:292 292:292 300:292 300:300 305:300 311:317 313:317 314:317 315:317 316:317 317:317 324:317 556:566 557:566 558:566 559:566 565:566 566:566 567:566 567:568 568:568 569:568 622:631 623:631 629:631 630:631 631:631 632:631 632:633 633:633 635:633 635:634 745:754 751:754 753:754 754:754 755:754"
"اعجاز اعوان","ماسی مریم",165,"21 22 23 24 36 37 38 39 66 67 68 69 70 71 73 74 77 79 80 97 98 99 100 101 102 113 114 115 116 117 118 119 126 127 128 129 130 131 132 133 151 152 153 154 155 156 157 158 159 162 163 164 165 168 169 170 171 172 173 174 175 176 177 238 239 240 241 242 243 245 246 252 254 255 256 257 258 289 290 291 292 296 300 302 314 315 316 317 320 561 562 565 566 567 568 626 627 630 631 632 633 634 749 752 753 754","20:22 23:22 23:23 24:23 24:24 35:38 36:38 37:38 38:38 40:38 61:71 64:71 65:71 66:71 67:71 68:71 69:71 70:71 71:71 75:71 75:74 75:79 76:79 79:79 81:79 92:102 93:102 94:102 95:102 96:102 99:102 100:102 102:102 103:102 108:118 109:118 110:118 111:118 112:118 113:118 114:118 115:118 116:118 118:118 120:118 121:131 122:131 123:131 124:131 126:131 127:131 128:131 129:131 130:131 131:131 132:131 132:133 133:133 134:133 146:156 147:156 148:156 149:156 150:156 151:156 152:156 153:156 154:156 155:156 156:156 157:156 157:157 158:157 158:158 160:158 160:164 161:164 162:164 163:164 164:164 165:164 165:165 166:165 166:171 167:171 168:171 169:171 171:171 172:171 172:173 173:173 174:173 174:174 175:174 175:175 177:175 177:176 177:177 178:177 233:243 234:243 235:243 236:243 237:243 238:243 239:243 240:243 241:243 242:243 243:243 244:243 244:246 245:246 246:246 247:246 247:257 251:257 253:257 254:257 255:257 256:257 257:257 258:257 258:258 259:258 287:292 288:292 289:292 290:292 292:292 300:292 300:300 305:300 311:317 313:317 314:317 315:317 316:317 317:317 324:317 556:566 557:566 558:566 559:566 565:566 566:566 567:566 567:568 568:568 569:568 622:631 623:631 629:631 630:631 631:631 632:631 632:633 633:633 635:633 635:634 745:754 751:754 753:754 754:754 755:754"
"اعجاز اعوان","محمد نواز چیمہ",28,"88 89 90 91 92 93 94 382 383 384 385 386 387 388 389 390 391","83:93 86:93 87:93 88:93 89:93 91:93 92:93 93:93 94:93 94:94 95:94 377:387 378:387 379:387 381:387 382:387 383:387 384:387 385:387 386:387 387:387 388:387 388:388 389:388 389:389 390:389 390:390 392:390"
"اعجاز اعوان","محمد یاسین (طلوع کا رپورٹر/ساتھی)",12,"701 702 703 704 705 706","696:706 697:706 698:706 699:706 700:706 701:706 702:706 703:706 704:706 705:706 706:706 707:706"
"اعجاز اعوان","مرزا عبد الرشید",31,"342 343 344 345 456 457 458 459 460 461 462 463 464 465 493 494 495","340:344 341:344 342:344 343:344 344:344 345:344 345:345 346:345 451:461 452:461 453:461 454:461 455:461 456:461 458:461 460:461 461:461 462:461 462:462 463:462 463:463 464:463 464:464 465:464 465:465 466:465 491:495 493:495 494:495 495:495 496:495"
"اعجاز اعوان","معین الدین شاہ",14,"516 519 520 521 621 623 626 627 628","512:521 518:521 519:521 520:521 521:521 522:521 619:624 622:624 623:624 629:624 629:625 629:626 629:627 629:628"
"اعجاز اعوان","ملک جہانگیر اعوان (ایم ایل اے)",370,"37 38 39 40 43 80 82 83 84 85 88 89 90 91 93 94 95 104 105 106 108 109 119 120 121 122 123 124 125 126 136 137 138 139 140 142 143 144 145 146 147 148 149 151 152 156 157 158 159 160 162 163 176 177 178 179 180 181 182 183 185 186 187 188 190 191 192 193 196 197 198 199 217 218 219 220 221 222 223 226 228 229 230 231 232 234 235 236 237 238 239 242 243 244 245 246 251 253 254 255 260 261 262 263 264 265 266 271 274 275 276 284 288 289 290 291 342 343 344 347 348 349 356 357 359 360 361 362 363 364 365 370 371 372 373 374 375 376 377 378 379 380 383 384 385 386 396 399 400 401 402 403 405 406 407 408 409 410 411 412 415 416 417 418 419 494 495 496 497 498 499 500 504 505 506 507 508 509 510 511 512 515 519 520 559 560 561 564 565 566 567 568 569 570 571 572 584 585 586 588 591 592 593 594 595 596 597 603 605 607 608 609 610 614 619 620 628 631 632 633 634 640 641 643 645 647 671 673 674 675","35:40 36:40 37:40 38:40 40:40 46:40 75:85 76:85 79:85 81:85 82:85 83:85 86:85 86:91 87:91 88:91 89:91 91:91 92:91 92:95 93:95 94:95 95:95 96:95 99:109 100:109 102:109 103:109 104:109 107:109 108:109 109:109 110:109 114:124 115:124 116:124 118:124 120:124 121:124 122:124 123:124 124:124 126:124 126:126 127:126 131:141 132:141 133:141 134:141 135:141 136:141 137:141 138:141 139:141 140:141 143:141 143:142 143:143 144:143 144:144 145:144 145:145 146:145 146:146 147:146 147:147 148:147 148:148 149:148 149:149 150:149 150:152 151:152 152:152 153:152 153:160 154:160 155:160 156:160 157:160 158:160 160:160 161:160 161:163 162:163 163:163 164:163 171:181 172:181 173:181 174:181 175:181 177:181 178:181 179:181 181:181 182:181 182:183 183:183 184:183 184:186 185:186 186:186 187:186 187:188 188:188 189:188 189:191 190:191 191:191 192:191 192:193 193:193 194:193 194:199 195:199 197:199 198:199 199:199 200:199 213:222 214:222 215:222 216:222 217:222 218:222 219:222 221:222 222:222 224:222 224:229 228:229 229:229 230:229 230:230 231:230 231:232 232:232 233:232 233:236 234:236 235:236 236:236 237:236 237:237 238:237 238:238 239:238 239:239 240:239 240:245 241:245 242:245 243:245 244:245 245:245 246:245 246:246 247:246 247:255 251:255 253:255 254:255 255:255 256:255 256:264 257:264 258:264 259:264 261:264 263:264 264:264 265:264 265:266 266:266 267:266 267:275 274:275 275:275 276:275 276:276 277:276 279:289 287:289 288:289 289:289 290:289 290:290 292:290 340:344 341:344 342:344 343:344 344:344 345:344 345:349 346:349 347:349 348:349 349:349 350:349 351:361 352:361 353:361 357:361 358:361 359:361 360:361 361:361 362:361 362:362 363:362 363:363 365:363 365:365 366:365 366:374 367:374 368:374 369:374 370:374 371:374 372:374 373:374 374:374 375:374 375:375 376:375 376:376 377:376 377:377 378:377 378:378 379:378 379:379 381:379 381:386 382:386 383:386 384:386 385:386 386:386 387:386 392:401 398:401 399:401 400:401 401:401 402:401 402:402 404:402 404:406 406:406 407:406 407:407 408:407 408:408 409:408 409:409 410:409 410:410 411:410 411:412 412:412 413:412 413:417 414:417 415:417 416:417 417:417 418:417 418:419 419:419 420:419 491:497 493:497 494:497 495:497 496:497 497:497 498:497 498:499 499:499 502:499 502:507 503:507 504:507 505:507 506:507 507:507 508:507 508:508 509:508 509:509 510:509 510:510 512:510 512:512 518:512 518:520 519:520 520:520 521:520 554:564 555:564 556:564 557:564 558:564 559:564 565:564 565:565 566:565 566:567 567:567 568:567 568:569 569:569 570:569 570:570 572:570 572:572 573:572 582:586 583:586 584:586 585:586 586:586 591:586 591:591 593:591 593:593 594:593 594:595 595:595 596:595 596:596 597:596 597:597 598:597 598:608 599:608 602:608 607:608 608:608 609:608 609:609 610:609 610:610 619:610 619:619 622:619 623:633 629:633 630:633 631:633 632:633 633:633 635:633 635:645 638:645 642:645 645:645 650:645 668:675 671:675 672:675 673:675 674:675 675:675 676:675"
"اعجاز اعوان","ملک حمید",93,"142 143 145 146 147 148 186 187 188 189 190 191 192 193 194 233 234 235 236 237 238 242 243 244 245 261 262 263 264 265 266 271 274 275 576 577 578 581 582 583 584 595 596 597 598 599 600 786 787 788 789 790 791","137:147 138:147 139:147 140:147 143:147 144:147 145:147 146:147 147:147 148:147 148:148 149:148 181:191 182:191 183:191 184:191 185:191 186:191 187:191 188:191 189:191 190:191 191:191 192:191 192:192 193:192 193:194 194:194 195:194 228:238 229:238 230:238 231:238 232:238 233:238 234:238 235:238 236:238 237:238 238:238 239:238 239:245 240:245 241:245 242:245 243:245 244:245 245:245 246:245 256:266 257:266 258:266 259:266 261:266 263:266 264:266 265:266 266:266 267:266 267:275 274:275 275:275 276:275 572:581 573:581 574:581 575:581 582:581 582:582 583:582 583:583 584:583 584:584 585:584 591:599 593:599 594:599 595:599 596:599 597:599 598:599 599:599 602:599 782:791 783:791 784:791 785:791 786:791 787:791 788:791 789:791 790:791 792:791"
"اعجاز اعوان","ملک رشید (ملک حمید کا بھائی)",55,"130 131 132 133 134 135 136 137 138 139 147 148 149 150 151 270 271 274 275 276 342 343 344 457 458 459 460 461 462 463","126:135 127:135 128:135 129:135 130:135 131:135 132:135 133:135 134:135 135:135 136:135 136:136 137:136 137:137 138:137 138:138 139:138 139:139 140:139 143:151 144:151 145:151 146:151 147:151 148:151 149:151 150:151 151:151 152:151 265:275 266:275 267:275 274:275 275:275 276:275 276:276 277:276 340:344 341:344 342:344 343:344 344:344 345:344 452:462 453:462 454:462 455:462 456:462 458:462 460:462 461:462 462:462 463:462 463:463 464:463"
"اعجاز اعوان","ملک عالم جہاں اعوان",15,"52 53 54 58 59 86 87 88 89 90 91","48:57 49:57 50:57 52:57 60:57 60:58 81:91 82:91 83:91 86:91 87:91 88:91 89:91 91:91 92:91"
"اعجاز اعوان","ملک لطیف",25,"579 583 584 595 596 597 598 599 600 786 787 788 789 790 791","574:584 575:584 582:584 583:584 584:584 585:584 591:599 593:599 594:599 595:599 596:599 597:599 598:599 599:599 602:599 782:791 783:791 784:791 785:791 786:791 787:791 788:791 789:791 790:791 792:791"
"اعجاز اعوان","منشی کریم شاہ",34,"138 139 140 141 143 250 251 253 254 255 260 261 262 263 264 402 403 404 405 406","133:143 134:143 135:143 136:143 137:143 138:143 139:143 140:143 143:143 144:143 245:255 246:255 247:255 251:255 253:255 254:255 255:255 256:255 256:264 257:264 258:264 259:264 261:264 263:264 264:264 265:264 398:406 399:406 400:406 401:406 402:406 404:406 406:406 407:406"
"اعجاز اعوان","منظور (اعجاز کا ورکر)",172,"68 69 70 71 72 74 190 191 192 193 194 195 196 336 340 341 342 343 344 345 346 347 348 349 361 362 363 364 365 366 367 368 369 373 374 375 376 377 381 382 383 384 385 386 387 388 389 390 391 392 395 398 406 407 408 409 410 411 412 413 415 416 417 437 441 442 443 444 446 447 448 449 450 451 452 454 455 456 457 460 461 462 463 464 465 487 491 492 493 494 499 500 501 503 504 684 685 686 687 688 689","64:73 65:73 66:73 67:73 68:73 69:73 70:73 71:73 75:73 185:195 186:195 187:195 188:195 189:195 190:195 191:195 192:195 193:195 194:195 195:195 197:195 332:341 340:341 341:341 342:341 342:342 343:342 343:343 344:343 344:344 345:344 345:345 346:345 346:346 347:346 347:347 348:347 348:348 349:348 349:349 350:349 357:365 358:365 359:365 360:365 361:365 362:365 363:365 365:365 366:365 366:366 367:366 367:367 368:367 368:368 369:368 369:369 370:369 370:377 371:377 372:377 373:377 374:377 375:377 376:377 377:377 378:377 378:385 379:385 381:385 382:385 383:385 384:385 385:385 386:385 386:387 387:387 388:387 388:388 389:388 389:390 390:390 392:390 392:392 398:392 398:398 399:398 401:411 402:411 404:411 406:411 407:411 408:411 409:411 410:411 411:411 412:411 412:412 413:412 413:413 414:413 414:417 415:417 416:417 417:417 418:417 432:442 433:442 440:442 442:442 443:442 443:443 444:443 444:444 445:444 445:447 446:447 447:447 448:447 448:448 449:448 449:449 450:449 450:450 451:450 451:451 452:451 452:452 453:452 453:455 454:455 455:455 456:455 456:456 458:456 458:463 460:463 461:463 462:463 463:463 464:463 464:464 465:464 465:465 466:465 484:491 491:491 493:491 493:494 494:494 495:494 495:504 496:504 497:504 498:504 499:504 502:504 503:504 504:504 505:504 679:689 680:689 681:689 682:689 683:689 684:689 685:689 686:689 687:689 688:689 689:689 690:689"
"اعجاز اعوان","منیر میکنک",30,"465 466 467 468 469 470 471 472 476 477 478 479 480 482 585 586 587 589","460:470 461:470 462:470 463:470 464:470 465:470 466:470 467:470 468:470 469:470 470:470 471:470 471:472 472:472 473:472 473:480 474:480 475:480 476:480 477:480 478:480 479:480 480:480 484:480 582:588 583:588 584:588 585:588 586:588 591:588"
"اعجاز اعوان","مولوی فقیر الدین",24,"97 98 99 100 101 102 103 112 113 114 115 116 117 118 119","92:102 93:102 94:102 95:102 96:102 99:102 100:102 102:102 103:102 103:103 104:103 107:117 108:117 109:117 110:117 111:117 112:117 113:117 114:117 115:117 116:117 118:117 118:118 120:118"
"اعجاز اعوان","میاں انتظار حسین (ایڈووکیٹ ہائی کورٹ)",94,"10 16 80 82 83 84 85 437 441 442 552 553 554 555 556 558 559 562 586 587 588 591 592 620 621 622 623 626 627 628 630 631 632 634 635 636 638 640 641 642 643 645 647 648 649 650 664 665 666 667 668 669 672 673 676 677 678 682 683 684 685 726 727 728 731","8:12 9:12 20:12 75:85 76:85 79:85 81:85 82:85 83:85 86:85 432:442 433:442 440:442 442:442 443:442 551:554 553:554 554:554 555:554 555:556 556:556 557:556 557:559 558:559 559:559 565:559 582:591 583:591 584:591 585:591 586:591 591:591 593:591 619:621 622:621 622:622 623:622 623:624 629:624 629:625 629:628 629:632 630:632 631:632 632:632 633:632 633:635 635:635 638:635 638:639 642:639 642:641 642:642 645:642 645:645 650:645 650:646 650:647 650:648 650:649 650:651 668:660 668:661 668:663 668:664 668:666 668:667 668:668 671:668 671:673 672:673 673:673 674:673 674:678 675:678 676:678 677:678 678:678 679:678 679:685 680:685 681:685 682:685 683:685 684:685 685:685 686:685 721:731 722:731 723:731 724:731 725:731 731:731 732:731"
"اعجاز اعوان","میجر ست پال ٹھاکر (کیمپ افسرِ دشمن)",4,"775 777 780","771:779 772:779 775:779 782:779"
"اعجاز اعوان","میجر صدیق",29,"421 422 423 427 476 477 478 479 480 482 483 488 491 492 574 575 576 577 580","416:426 417:426 418:426 419:426 420:426 428:426 471:481 472:481 473:481 474:481 475:481 476:481 477:481 478:481 479:481 480:481 484:481 484:482 484:483 484:492 491:492 493:492 569:579 570:579 572:579 573:579 574:579 575:579 582:579"
"اعجاز اعوان","میجر قدیر (ازمیر مل کا ایڈمن افسر)",23,"516 519 520 521 522 523 524 534 535 536 537 538 539 540","512:521 518:521 519:521 520:521 521:521 522:521 522:522 523:522 523:524 524:524 525:524 529:539 530:539 531:539 532:539 533:539 534:539 535:539 536:539 537:539 538:539 539:539 541:539"
"اعجاز اعوان","میجر/کیپٹن سرفراز اعوان",672,"4 5 6 7 8 9 15 17 18 19 20 22 23 24 34 35 36 37 38 39 40 43 55 56 60 61 62 66 67 68 69 70 71 73 74 75 77 79 80 81 82 83 84 86 87 88 89 90 91 92 93 95 96 97 99 100 101 102 103 108 110 111 112 113 115 116 117 118 119 126 127 128 129 130 131 151 152 153 154 155 156 157 159 160 163 164 165 166 167 168 169 170 171 172 173 175 176 177 188 189 190 191 192 193 198 199 200 201 206 207 208 209 210 211 212 213 214 215 216 218 219 220 226 227 229 230 231 235 236 237 238 239 240 244 245 246 247 249 250 251 252 259 260 261 262 263 264 265 266 267 270 273 274 276 277 278 279 283 287 288 289 291 292 296 300 302 303 304 305 308 309 310 311 312 313 314 315 316 317 320 321 322 323 324 325 326 327 328 329 330 331 332 336 337 338 339 340 346 347 348 349 350 351 352 353 355 356 357 358 359 366 367 368 369 370 371 373 374 375 378 379 380 386 387 388 389 390 391 392 395 396 397 401 402 403 404 405 406 415 416 417 418 419 420 424 425 426 428 429 430 431 432 433 436 438 439 440 441 453 454 455 456 457 458 459 478 479 480 481 483 484 487 489 503 505 506 507 508 509 510 511 515 518 538 539 540 541 542 547 548 549 550 551 552 556 557 558 559 562 563 564 565 566 567 568 569 570 571 572 573 574 575 578 579 580 585 586 587 590 591 592 593 594 595 596 597 598 599 601 602 604 609 610 615 616 617 618 686 687 688 689 690 691 692 693 716 717 718 719 720 721 722 723 724 725 728 731 732 734 735 738 739 740 741 742 743 745 748 749 750 751 752 753 754 755 756 757 758 759 761 762 763 767 768 769 771 772 773 774 775 778 779 780 781 782 783 784 785 786 787 788 789 790 791 792","8:1 8:2 8:3 8:4 8:5 8:6 8:8 9:8 9:9 20:11 20:14 20:15 20:16 20:17 20:18 20:19 20:21 23:21 23:22 23:23 24:23 24:24 35:33 35:34 35:35 36:35 36:36 37:36 37:37 38:37 38:38 40:38 40:39 40:40 46:40 50:60 52:60 60:60 61:60 61:61 64:61 64:68 65:68 66:68 67:68 68:68 69:68 69:69 70:69 70:70 71:70 71:71 75:71 75:74 75:75 76:75 76:79 79:79 81:79 81:81 82:81 82:82 83:82 83:83 86:83 86:86 87:86 87:87 88:87 88:88 89:88 89:89 91:89 91:90 91:91 92:91 92:92 93:92 93:93 94:93 94:96 95:96 96:96 99:96 99:99 100:99 100:100 102:100 102:101 102:102 103:102 103:103 104:103 104:113 107:113 108:113 109:113 110:113 111:113 112:113 113:113 114:113 114:116 115:116 116:116 118:116 118:117 118:119 120:119 121:131 122:131 123:131 124:131 126:131 127:131 128:131 129:131 130:131 131:131 132:131 146:156 147:156 148:156 149:156 150:156 151:156 152:156 153:156 154:156 155:156 156:156 157:156 157:157 158:157 158:160 160:160 161:160 161:165 162:165 163:165 164:165 165:165 166:165 166:166 167:166 167:168 168:168 169:168 169:169 171:169 171:171 172:171 172:173 173:173 174:173 174:176 175:176 177:176 177:177 178:177 183:193 184:193 185:193 186:193 187:193 188:193 189:193 190:193 191:193 192:193 193:193 194:193 194:202 195:202 197:202 198:202 199:202 200:202 211:202 211:204 211:205 211:207 211:208 211:209 211:211 213:211 213:212 213:213 214:213 214:214 215:214 215:215 216:215 216:216 217:216 217:220 218:220 219:220 221:220 221:231 222:231 224:231 228:231 229:231 230:231 231:231 232:231 232:238 233:238 234:238 235:238 236:238 237:238 238:238 239:238 239:240 240:240 241:240 241:247 242:247 243:247 244:247 245:247 246:247 247:247 251:247 251:249 251:250 251:252 253:252 254:264 255:264 256:264 257:264 258:264 259:264 261:264 263:264 264:264 265:264 265:265 266:265 266:266 267:266 267:267 274:267 274:273 274:274 275:274 275:277 276:277 277:277 278:277 278:279 279:279 287:279 287:287 288:287 288:288 289:288 289:289 290:289 290:292 292:292 300:292 300:300 305:300 305:301 305:302 305:303 305:304 305:305 311:305 311:306 311:307 311:308 311:309 311:310 311:311 313:311 313:312 313:313 314:313 314:314 315:314 315:315 316:315 316:316 317:316 317:317 324:317 324:318 324:319 324:320 324:321 324:322 324:323 324:324 325:324 325:325 326:325 326:326 327:326 327:327 328:327 328:328 329:328 329:330 330:330 332:330 332:331 332:332 340:332 340:333 340:334 340:335 340:337 340:338 340:339 340:340 341:340 341:351 342:351 343:351 344:351 345:351 346:351 347:351 348:351 349:351 350:351 351:351 352:351 352:353 353:353 357:353 357:354 357:355 357:356 357:357 358:357 358:358 359:358 359:359 360:359 361:371 362:371 363:371 365:371 366:371 367:371 368:371 369:371 370:371 371:371 372:371 372:375 373:375 374:375 375:375 376:375 376:380 377:380 378:380 379:380 381:380 381:391 382:391 383:391 384:391 385:391 386:391 387:391 388:391 389:391 390:391 392:391 392:393 398:393 398:394 398:396 398:397 398:405 399:405 400:405 401:405 402:405 404:405 406:405 406:406 407:406 410:420 411:420 412:420 413:420 414:420 415:420 416:420 417:420 418:420 419:420 420:420 428:420 428:421 428:422 428:423 428:424 428:428 430:428 430:430 431:430 431:431 432:431 432:432 433:432 433:433 440:433 440:436 440:437 440:438 440:439 440:441 442:441 448:458 449:458 450:458 451:458 452:458 453:458 454:458 455:458 456:458 458:458 460:458 460:459 473:483 474:483 475:483 476:483 477:483 478:483 479:483 480:483 484:483 484:484 491:484 491:487 498:508 499:508 502:508 503:508 504:508 505:508 506:508 507:508 508:508 509:508 509:509 510:509 510:510 512:510 512:511 512:518 518:518 519:518 533:543 534:543 535:543 536:543 537:543 538:543 539:543 541:543 542:543 551:543 551:544 551:545 551:546 551:547 551:548 551:549 551:550 551:552 553:552 553:560 554:560 555:560 556:560 557:560 558:560 559:560 565:560 565:561 565:562 565:563 565:565 566:565 566:566 567:566 567:567 568:567 568:568 569:568 569:569 570:569 570:570 572:570 572:571 572:572 573:572 573:573 574:573 574:574 575:574 575:575 582:575 582:576 582:577 582:578 582:579 582:589 583:589 584:589 585:589 586:589 591:589 591:590 591:591 593:591 593:592 593:593 594:593 594:594 595:594 595:595 596:595 596:596 597:596 597:597 598:597 598:598 599:598 599:600 602:600 602:601 602:602 607:602 607:611 608:611 609:611 610:611 619:611 619:612 619:613 619:614 619:615 619:616 619:617 619:618 681:691 682:691 683:691 684:691 685:691 686:691 687:691 688:691 689:691 690:691 691:691 692:691 692:693 693:693 694:693 711:721 712:721 713:721 714:721 715:721 716:721 717:721 718:721 719:721 721:721 722:721 722:722 723:722 723:723 724:723 724:724 725:724 725:725 731:725 731:732 732:732 733:732 733:736 735:736 740:736 740:737 740:738 740:739 740:740 742:740 742:741 742:742 745:742 745:745 751:745 751:746 751:747 751:748 751:749 751:750 751:751 753:751 753:752 753:753 754:753 754:754 755:754 755:755 756:755 756:756 758:756 758:758 759:758 759:759 763:759 763:760 763:761 763:762 763:763 771:763 771:764 771:765 771:766 771:767 771:768 771:771 772:771 772:772 775:772 775:773 775:774 775:775 782:775 782:776 782:777 782:778 782:779 782:781 782:782 783:782 783:783 784:783 784:784 785:784 785:785 786:785 786:786 787:786 787:787 788:787 788:788 789:788 789:789 790:789 790:790 792:790 792:791 792:792"
"اعجاز اعوان","نامعلوم مزدور عورت (ملک حمید/لطیف کا تعلق)",263,"4 12 18 19 29 34 42 43 46 47 49 50 51 54 58 59 83 84 85 86 87 88 90 91 92 96 97 98 99 100 101 102 104 105 106 108 109 110 111 112 113 114 115 118 119 120 123 124 125 126 127 128 129 130 132 133 134 135 136 137 143 144 145 146 147 148 151 152 153 154 155 188 189 190 191 192 193 211 212 214 215 216 217 345 346 347 348 349 350 352 353 355 415 416 417 418 419 420 424 468 469 470 471 472 473 474 475 502 503 504 505 506 507 535 536 537 538 539 540 554 555 556 557 558 559 562 579 583 584 585 594 595 596 597 598 677 678 679 680 681 682 692 693 694 695 696 697 698 699 718 719 720 721 722 723 779 783 784 785 786","8:1 8:16 9:16 20:16 20:17 20:18 20:19 24:34 35:34 37:47 38:47 40:47 46:47 48:47 48:51 49:51 50:51 52:51 52:56 60:56 60:58 79:87 81:87 82:87 83:87 86:87 87:87 88:87 88:88 89:88 89:92 91:92 92:92 93:92 93:100 94:100 95:100 96:100 99:100 100:100 102:100 102:102 103:102 103:106 104:106 107:106 107:109 108:109 109:109 110:109 110:110 111:110 111:111 112:111 112:113 113:113 114:113 114:115 115:115 116:115 116:120 118:120 120:120 121:120 121:126 122:126 123:126 124:126 126:126 127:126 127:128 128:128 129:128 129:130 130:130 131:130 131:134 132:134 133:134 134:134 135:134 135:136 136:136 137:136 137:137 138:137 138:148 139:148 140:148 143:148 144:148 145:148 146:148 147:148 148:148 149:148 149:154 150:154 151:154 152:154 153:154 154:154 155:154 155:155 156:155 183:193 184:193 185:193 186:193 187:193 188:193 189:193 190:193 191:193 192:193 193:193 194:193 211:211 213:211 213:215 214:215 215:215 216:215 216:217 217:217 218:217 340:350 341:350 342:350 343:350 344:350 345:350 346:350 347:350 348:350 349:350 350:350 351:350 351:354 352:354 353:354 357:354 410:420 411:420 412:420 413:420 414:420 415:420 416:420 417:420 418:420 419:420 420:420 428:420 463:473 464:473 465:473 466:473 467:473 468:473 469:473 470:473 471:473 472:473 473:473 474:473 474:475 475:475 476:475 497:507 498:507 499:507 502:507 503:507 504:507 505:507 506:507 507:507 508:507 530:540 531:540 532:540 533:540 534:540 535:540 536:540 537:540 538:540 539:540 541:540 551:558 553:558 554:558 555:558 556:558 557:558 558:558 559:558 559:560 565:560 574:584 575:584 582:584 583:584 584:584 585:584 585:585 586:585 591:598 593:598 594:598 595:598 596:598 597:598 598:598 599:598 672:682 673:682 674:682 675:682 676:682 677:682 678:682 679:682 680:682 681:682 682:682 683:682 687:697 688:697 689:697 690:697 691:697 692:697 693:697 694:697 695:697 696:697 697:697 698:697 698:699 699:699 700:699 713:723 714:723 715:723 716:723 717:723 718:723 719:723 721:723 722:723 723:723 724:723 775:784 782:784 783:784 784:784 785:784 785:785 786:785 786:786 787:786"
"اعجاز اعوان","نانبائی (او جھری والا)",20,"200 201 202 208 209 210 673 674 675 676 677 678","195:205 197:205 198:205 199:205 200:205 211:205 211:206 211:207 211:208 211:209 668:678 671:678 672:678 673:678 674:678 675:678 676:678 677:678 678:678 679:678"
"اعجاز اعوان","نسرین",195,"4 5 6 8 9 15 17 19 24 25 26 31 32 34 39 40 41 42 45 46 47 49 50 51 111 112 113 114 115 116 117 164 165 166 167 168 169 170 174 175 176 177 178 187 188 189 190 191 192 193 214 215 216 217 245 246 247 248 250 329 330 331 332 333 337 342 343 344 345 351 352 353 354 356 357 402 403 404 405 406 407 410 411 412 470 471 472 473 474 475 585 586 587 590 591 592 595 596 597 598 599 601 604 607 609 610 615 616 617 618 735 736 737 739 740 741 743 745 748 779 783 784 785 786","8:1 8:2 8:4 8:9 9:9 20:11 20:15 20:18 20:19 20:28 23:28 24:28 35:28 35:29 35:34 35:44 36:44 37:44 38:44 40:44 46:44 46:46 48:46 48:51 49:51 50:51 52:51 107:115 108:115 109:115 110:115 111:115 112:115 113:115 114:115 115:115 116:115 116:116 118:116 160:169 161:169 162:169 163:169 164:169 165:169 166:169 167:169 168:169 169:169 171:169 171:178 172:178 173:178 174:178 175:178 177:178 178:178 179:178 182:192 183:192 184:192 185:192 186:192 187:192 188:192 189:192 190:192 191:192 192:192 193:192 193:193 194:193 211:217 213:217 214:217 215:217 216:217 217:217 218:217 240:250 241:250 242:250 243:250 244:250 245:250 246:250 247:250 251:250 324:334 325:334 326:334 327:334 328:334 329:334 330:334 332:334 340:334 340:345 341:345 342:345 343:345 344:345 345:345 346:345 346:356 347:356 348:356 349:356 350:356 351:356 352:356 353:356 357:356 357:357 358:357 398:407 399:407 400:407 401:407 402:407 404:407 406:407 407:407 408:407 408:412 409:412 410:412 411:412 412:412 413:412 465:475 466:475 467:475 468:475 469:475 470:475 471:475 472:475 473:475 474:475 475:475 476:475 582:589 583:589 584:589 585:589 586:589 591:589 591:590 591:592 593:592 593:597 594:597 595:597 596:597 597:597 598:597 598:598 599:598 599:600 602:600 602:601 602:607 607:607 608:607 608:611 609:611 610:611 619:611 619:612 619:613 619:614 619:615 619:616 619:617 731:739 732:739 733:739 735:739 740:739 740:741 742:741 742:745 745:745 751:745 751:746 775:784 782:784 783:784 784:784 785:784 785:785 786:785 786:786 787:786"
"اعجاز اعوان","نسیمہ (شعیب کی بہن)",202,"281 282 286 313 314 315 316 318 321 322 323 324 326 327 328 329 330 331 332 336 337 338 339 340 346 347 348 349 350 351 352 353 355 356 357 358 359 386 387 388 389 390 391 393 396 397 415 416 417 418 419 420 424 479 480 481 482 484 487 489 538 539 540 541 542 547 548 549 550 551 552 556 557 558 559 562 563 564 568 569 570 571 572 573 574 575 578 579 580 585 586 587 590 594 595 596 597 598 716 717 718 719 720 721 722 723 724 735 736 737 739 740 741 742 743 745 748 752 753 754 755 756 757 780 783 784 785","276:286 277:286 278:286 279:286 287:286 311:316 313:316 314:316 315:316 316:316 317:316 317:319 324:319 324:320 324:321 324:323 324:324 325:324 325:328 326:328 327:328 328:328 329:328 329:329 330:329 330:330 332:330 332:332 340:332 340:333 340:334 340:335 340:336 340:338 340:339 340:340 341:340 341:351 342:351 343:351 344:351 345:351 346:351 347:351 348:351 349:351 350:351 351:351 352:351 352:353 353:353 357:353 357:354 357:355 357:356 357:357 358:357 358:358 359:358 359:359 360:359 381:391 382:391 383:391 384:391 385:391 386:391 387:391 388:391 389:391 390:391 392:391 392:394 398:394 398:395 398:396 398:397 410:420 411:420 412:420 413:420 414:420 415:420 416:420 417:420 418:420 419:420 420:420 428:420 474:484 475:484 476:484 477:484 478:484 479:484 480:484 484:484 491:484 491:487 533:543 534:543 535:543 536:543 537:543 538:543 539:543 541:543 542:543 551:543 551:544 551:545 551:546 551:547 551:548 551:549 551:550 551:552 553:552 553:560 554:560 555:560 556:560 557:560 558:560 559:560 565:560 565:561 565:562 565:563 565:571 566:571 567:571 568:571 569:571 570:571 572:571 572:573 573:573 574:573 574:574 575:574 575:575 582:575 582:576 582:578 582:579 582:589 583:589 584:589 585:589 586:589 591:589 591:590 591:598 593:598 594:598 595:598 596:598 597:598 598:598 599:598 711:721 712:721 713:721 714:721 715:721 716:721 717:721 718:721 719:721 721:721 722:721 722:722 723:722 723:724 724:724 725:724 731:739 732:739 733:739 735:739 740:739 740:740 742:740 742:742 745:742 745:746 751:746 751:753 753:753 754:753 754:754 755:754 755:756 756:756 758:756 775:785 782:785 783:785 784:785 785:785 786:785"
"اعجاز اعوان","نصیر شیخ (پارٹی امیدوار)",17,"362 363 364 365 366 367 393 394 395 398","357:367 358:367 359:367 360:367 361:367 362:367 363:367 365:367 366:367 367:367 368:367 388:398 389:398 390:398 392:398 398:398 399:398"
"اعجاز اعوان","نمائر (کیمپ کا قیدی ساتھی)",23,"476 477 478 479 480 482 571 572 573 574 575 579 580","471:481 472:481 473:481 474:481 475:481 476:481 477:481 478:481 479:481 480:481 484:481 566:576 567:576 568:576 569:576 570:576 572:576 573:576 574:576 575:576 582:576 582:578 582:579"
"اعجاز اعوان","نیلی (بھینس)",19,"43 44 47 48 698 699 700 701 702 703 704","38:48 40:48 46:48 48:48 49:48 693:703 694:703 695:703 696:703 697:703 698:703 699:703 700:703 701:703 702:703 703:703 704:703 704:704 705:704"
"اعجاز اعوان","وریا م",9,"86 87 88 89 90 91","81:91 82:91 83:91 86:91 87:91 88:91 89:91 91:91 92:91"
"اعجاز اعوان","وسیم بھائی (بدیع الزمان کا سالا/قرض خواہ)",186,"7 8 13 18 23 24 25 30 31 35 37 38 39 44 47 48 54 55 59 69 70 71 72 74 77 79 80 83 84 86 104 105 106 108 109 131 132 133 134 135 136 178 179 180 181 182 183 276 277 278 279 283 342 343 344 351 352 353 354 356 375 376 377 378 379 380 383 384 385 386 418 419 420 421 425 525 526 527 528 529 530 601 602 604 606 622 624 627 628 685 686 687 688 689 690 706 707 708 709 710 711 743 744 745 748 776 778 781 787 788 789 790 791 792","8:7 8:8 9:8 9:17 20:17 20:26 23:26 24:26 35:26 35:28 35:35 36:35 36:38 37:38 38:38 40:38 40:48 46:48 48:48 49:48 49:59 50:59 52:59 60:59 64:74 65:74 66:74 67:74 68:74 69:74 70:74 71:74 75:74 75:79 76:79 79:79 81:79 81:86 82:86 83:86 86:86 87:86 99:109 100:109 102:109 103:109 104:109 107:109 108:109 109:109 110:109 126:136 127:136 128:136 129:136 130:136 131:136 132:136 133:136 134:136 135:136 136:136 137:136 173:183 174:183 175:183 177:183 178:183 179:183 181:183 182:183 183:183 184:183 274:279 275:279 276:279 277:279 278:279 279:279 287:279 340:344 341:344 342:344 343:344 344:344 345:344 346:356 347:356 348:356 349:356 350:356 351:356 352:356 353:356 357:356 370:380 371:380 372:380 373:380 374:380 375:380 376:380 377:380 378:380 379:380 381:380 381:386 382:386 383:386 384:386 385:386 386:386 387:386 413:423 414:423 415:423 416:423 417:423 418:423 419:423 420:423 428:423 520:530 521:530 522:530 523:530 524:530 525:530 526:530 527:530 528:530 529:530 530:530 531:530 596:606 597:606 598:606 599:606 602:606 607:606 619:626 622:626 623:626 629:626 629:627 680:690 681:690 682:690 683:690 684:690 685:690 686:690 687:690 688:690 689:690 690:690 691:690 701:711 702:711 703:711 704:711 705:711 706:711 707:711 709:711 710:711 711:711 712:711 740:746 742:746 745:746 751:746 771:781 772:781 775:781 782:781 782:792 783:792 784:792 785:792 786:792 787:792 788:792 789:792 790:792 792:792"
"اعجاز اعوان","پروفیسر میر صاحب",22,"217 218 219 220 221 222 223 243 244 245 246 247 249 250","213:222 214:222 215:222 216:222 217:222 218:222 219:222 221:222 222:222 224:222 238:248 239:248 240:248 241:248 242:248 243:248 244:248 245:248 246:248 247:248 251:248 251:249"
"اعجاز اعوان","پھاتو مراثن (ڈھولکی)",9,"353 354 355 357 358","348:358 349:358 350:358 351:358 352:358 353:358 357:358 358:358 359:358"
"اعجاز اعوان","پیر حمید الدین بلال شاہ (مرشد بلال پور شریف)",32,"6 7 29 34 157 158 159 160 161 162 754 755 756 757 786 787 788 789 790 791","8:4 8:5 8:6 24:34 35:34 152:162 153:162 154:162 155:162 156:162 157:162 158:162 160:162 161:162 162:162 163:162 751:757 753:757 754:757 755:757 756:757 758:757 782:791 783:791 784:791 785:791 786:791 787:791 788:791 789:791 790:791 792:791"
"اعجاز اعوان","چاچا احمد خان راٹھور",506,"21 23 35 36 37 38 39 44 47 48 49 53 54 58 61 62 63 65 66 67 72 73 75 76 77 97 98 99 100 101 102 103 104 106 107 111 112 113 114 115 116 117 118 119 120 121 122 123 126 127 128 130 131 132 133 138 139 140 141 143 145 146 147 148 149 151 152 156 157 158 159 160 161 162 163 164 165 166 167 168 169 170 171 172 173 174 175 176 177 178 180 181 183 184 185 186 187 188 189 190 191 192 193 194 195 196 197 198 199 200 206 207 208 209 210 211 212 214 215 216 217 218 219 220 222 223 224 226 229 230 231 233 234 235 236 237 238 240 241 242 243 244 245 246 247 249 250 251 252 257 258 259 260 261 262 263 270 271 274 275 276 277 278 279 283 287 288 289 290 291 292 296 300 302 303 313 314 315 316 317 320 351 352 353 354 356 357 358 360 361 362 367 368 369 370 371 372 374 375 380 381 382 383 384 385 403 404 405 406 407 408 430 431 432 438 441 442 443 469 470 471 472 473 474 488 492 493 507 508 509 510 511 512 515 555 556 557 558 559 562 565 566 567 569 570 571 572 573 574 585 586 587 589 596 597 598 599 600 601 602 604 605 606 607 608 609 614 619 620 628 631 632 633 634 689 690 691 692 693 694 697 698 699 700 703 704 705 706 718 719 720 721 722 723 724 729 732 733 734 737 739 749 752 753 754 755 756 757 777 778 782 784 785 786 787","20:23 23:23 24:23 35:36 36:36 37:36 37:38 38:38 40:38 40:49 46:49 48:49 49:49 50:49 50:57 52:57 60:57 60:63 61:63 64:63 64:67 65:67 66:67 67:67 68:67 68:76 69:76 70:76 71:76 75:76 76:76 79:76 92:102 93:102 94:102 95:102 96:102 99:102 100:102 102:102 103:102 103:103 104:103 104:105 107:105 107:106 107:107 108:107 108:115 109:115 110:115 111:115 112:115 113:115 114:115 115:115 116:115 116:116 118:116 118:117 118:118 120:118 120:119 120:120 121:120 121:121 122:121 122:122 123:122 123:123 124:123 124:128 126:128 127:128 128:128 129:128 129:131 130:131 131:131 132:131 132:133 133:133 134:133 134:143 135:143 136:143 137:143 138:143 139:143 140:143 143:143 144:143 144:146 145:146 146:146 147:146 147:147 148:147 148:148 149:148 149:149 150:149 150:152 151:152 152:152 153:152 153:160 154:160 155:160 156:160 157:160 158:160 160:160 161:160 161:162 162:162 163:162 163:163 164:163 164:164 165:164 165:165 166:165 166:166 167:166 167:167 168:167 168:168 169:168 169:169 171:169 171:170 171:171 172:171 172:172 173:172 173:173 174:173 174:174 175:174 175:175 177:175 177:176 177:177 178:177 178:178 179:178 179:181 181:181 182:181 182:184 183:184 184:184 185:184 185:185 186:185 186:186 187:186 187:188 188:188 189:188 189:189 190:189 190:190 191:190 191:191 192:191 192:192 193:192 193:193 194:193 194:194 195:194 195:195 197:195 197:196 197:197 198:197 198:198 199:198 199:199 200:199 200:200 211:202 211:203 211:204 211:205 211:206 211:207 211:208 211:209 211:210 211:212 213:212 213:216 214:216 215:216 216:216 217:216 217:217 218:217 218:218 219:218 219:220 221:220 221:223 222:223 224:223 224:225 228:225 228:231 229:231 230:231 231:231 232:231 232:234 233:234 234:234 235:234 235:236 236:236 237:236 237:238 238:238 239:238 239:241 240:241 241:241 242:241 242:242 243:242 243:243 244:243 244:244 245:244 245:245 246:245 246:246 247:246 247:248 251:248 251:249 251:250 251:252 253:252 253:262 254:262 255:262 256:262 257:262 258:262 259:262 261:262 263:262 263:263 264:263 265:275 266:275 267:275 274:275 275:275 276:275 276:276 277:276 277:277 278:277 278:278 279:278 279:279 287:279 287:287 288:287 288:288 289:288 289:290 290:290 292:290 292:292 300:292 300:300 305:300 305:301 305:302 311:316 313:316 314:316 315:316 316:316 317:316 317:317 324:317 346:356 347:356 348:356 349:356 350:356 351:356 352:356 353:356 357:356 357:357 358:357 358:358 359:358 359:362 360:362 361:362 362:362 363:362 363:372 365:372 366:372 367:372 368:372 369:372 370:372 371:372 372:372 373:372 373:375 374:375 375:375 376:375 376:385 377:385 378:385 379:385 381:385 382:385 383:385 384:385 385:385 386:385 398:408 399:408 400:408 401:408 402:408 404:408 406:408 407:408 408:408 409:408 428:432 430:432 431:432 432:432 433:432 433:443 440:443 442:443 443:443 444:443 464:474 465:474 466:474 467:474 468:474 469:474 470:474 471:474 472:474 473:474 474:474 475:474 484:493 491:493 493:493 494:493 502:512 503:512 504:512 505:512 506:512 507:512 508:512 509:512 510:512 512:512 518:512 551:559 553:559 554:559 555:559 556:559 557:559 558:559 559:559 565:559 565:566 566:566 567:566 567:567 568:567 568:570 569:570 570:570 572:570 572:573 573:573 574:573 574:574 575:574 582:588 583:588 584:588 585:588 586:588 591:588 591:601 593:601 594:601 595:601 596:601 597:601 598:601 599:601 602:601 602:602 607:602 607:603 607:604 607:605 607:607 608:607 608:608 609:608 609:609 610:609 610:619 619:619 622:619 623:633 629:633 630:633 631:633 632:633 633:633 635:633 635:634 684:694 685:694 686:694 687:694 688:694 689:694 690:694 691:694 692:694 693:694 694:694 695:694 695:700 696:700 697:700 698:700 699:700 700:700 701:700 701:706 702:706 703:706 704:706 705:706 706:706 707:706 713:723 714:723 715:723 716:723 717:723 718:723 719:723 721:723 722:723 723:723 724:723 724:724 725:724 725:734 731:734 732:734 733:734 735:734 735:739 740:739 745:754 751:754 753:754 754:754 755:754 755:755 756:755 756:757 758:757 772:782 775:782 782:782 783:782 783:785 784:785 785:785 786:785 786:787 787:787 788:787"
"اعجاز اعوان","چنبیلی (گھوڑی)",17,"40 41 42 45 47 48 64 66 67 68","35:45 36:45 37:45 38:45 40:45 46:45 46:48 48:48 49:48 60:68 61:68 64:68 65:68 66:68 67:68 68:68 69:68"
"اعجاز اعوان","چوہدری ارشد (یونین رہنما)",9,"361 362 363 364 365","357:365 358:365 359:365 360:365 361:365 362:365 363:365 365:365 366:365"
"اعجاز اعوان","چوہدری اظہر (ایس ایچ او نور پور)",113,"52 53 54 58 107 108 109 110 111 112 131 132 133 134 135 136 137 138 139 147 148 149 150 151 297 301 303 345 346 347 348 349 350 445 446 447 448 449 450 452 453 562 563 566 567 576 577 578 581 582 583 584 585 595 596 597 598 599 600 604 606 607 754 755 756 757 758","48:57 49:57 50:57 52:57 60:57 102:112 103:112 104:112 107:112 108:112 109:112 110:112 111:112 112:112 113:112 126:136 127:136 128:136 129:136 130:136 131:136 132:136 133:136 134:136 135:136 136:136 137:136 137:137 138:137 138:138 139:138 139:139 140:139 143:151 144:151 145:151 146:151 147:151 148:151 149:151 150:151 151:151 152:151 292:302 300:302 305:302 340:350 341:350 342:350 343:350 344:350 345:350 346:350 347:350 348:350 349:350 350:350 351:350 440:450 442:450 443:450 444:450 445:450 446:450 447:450 448:450 449:450 450:450 451:450 451:453 452:453 453:453 454:453 557:567 558:567 559:567 565:567 566:567 567:567 568:567 572:581 573:581 574:581 575:581 582:581 582:582 583:582 583:583 584:583 584:584 585:584 585:585 586:585 591:599 593:599 594:599 595:599 596:599 597:599 598:599 599:599 602:599 602:606 607:606 607:607 608:607 751:758 753:758 754:758 755:758 756:758 758:758 759:758"
"اعجاز اعوان","چوہدری اللہ داد خان",8,"252 254 255 256 257","247:257 251:257 253:257 254:257 255:257 256:257 257:257 258:257"
"اعجاز اعوان","چوہدری شدا",10,"361 362 363 364 365 366","357:366 358:366 359:366 360:366 361:366 362:366 363:366 365:366 366:366 367:366"
"اعجاز اعوان","ڈاکٹر (کریم بخش کا بیٹا)",178,"20 21 49 50 51 52 56 58 59 104 105 106 108 109 111 112 126 127 128 129 130 131 214 215 216 217 450 451 452 453 454 455 460 461 462 463 464 496 497 498 499 500 501 502 505 506 507 508 509 510 511 512 515 519 520 523 524 525 526 527 529 530 531 532 533 534 553 554 555 621 622 623 626 630 631 632 635 636 637 641 643 644 645 647 648 649 651 676 677 678 679 680 681 682 683 684 685 690 691 692 693 694 695 696 697 698 699 762 763 765 769","20:20 23:20 46:52 48:52 49:52 50:52 52:52 60:52 60:57 60:58 99:109 100:109 102:109 103:109 104:109 107:109 108:109 109:109 110:109 110:112 111:112 112:112 113:112 121:131 122:131 123:131 124:131 126:131 127:131 128:131 129:131 130:131 131:131 132:131 211:217 213:217 214:217 215:217 216:217 217:217 218:217 445:455 446:455 447:455 448:455 449:455 450:455 451:455 452:455 453:455 454:455 455:455 456:455 456:464 458:464 460:464 461:464 462:464 463:464 464:464 465:464 491:501 493:501 494:501 495:501 496:501 497:501 498:501 499:501 502:501 502:502 503:502 503:507 504:507 505:507 506:507 507:507 508:507 508:509 509:509 510:509 510:510 512:510 512:512 518:512 518:520 519:520 520:520 521:520 521:526 522:526 523:526 524:526 525:526 526:526 527:526 527:527 528:527 528:531 529:531 530:531 531:531 532:531 532:533 533:533 534:533 534:534 535:534 551:555 553:555 554:555 555:555 556:555 619:623 622:623 623:623 629:623 629:632 630:632 631:632 632:632 633:632 633:637 635:637 638:637 638:644 642:644 645:644 645:645 650:645 650:646 650:647 650:648 650:649 650:652 671:681 672:681 673:681 674:681 675:681 676:681 677:681 678:681 679:681 680:681 681:681 682:681 682:682 683:682 683:683 684:683 684:684 685:684 685:685 686:685 686:695 687:695 688:695 689:695 690:695 691:695 692:695 693:695 694:695 695:695 696:695 696:696 697:696 697:697 698:697 698:698 699:698 699:699 700:699 758:767 759:767 763:767 771:767"
"اعجاز اعوان","ڈاکٹر احسان الحق (پُل کھنگر)",39,"506 507 508 509 510 511 516 519 520 526 527 528 529 530 531 533 534 640 641 643 645 647 648 649","502:510 503:510 504:510 505:510 506:510 507:510 508:510 509:510 510:510 512:510 512:520 518:520 519:520 520:520 521:520 521:531 522:531 523:531 524:531 525:531 526:531 527:531 528:531 529:531 530:531 531:531 532:531 532:534 533:534 534:534 535:534 635:645 638:645 642:645 645:645 650:645 650:647 650:648 650:649"
"اعجاز اعوان","ڈاکٹر خدابخش کھوکھر (چیف کیمسٹ)",26,"516 519 520 521 534 535 536 537 538 539 540 649 652 671 672 673 674","512:521 518:521 519:521 520:521 521:521 522:521 529:539 530:539 531:539 532:539 533:539 534:539 535:539 536:539 537:539 538:539 539:539 541:539 645:654 650:654 668:674 671:674 672:674 673:674 674:674 675:674"
"اعجاز اعوان","ڈاکٹر سعد اللہ خان (کنسلٹنٹ کارڈیالوجسٹ)",15,"690 691 692 693 694 695 696 697","685:695 686:695 687:695 688:695 689:695 690:695 691:695 692:695 693:695 694:695 695:695 696:695 696:697 697:697 698:697"
"اعجاز اعوان","ڈاکٹر عرفان (ڈیوٹی ڈاکٹر آئی سی یو)",15,"690 691 692 693 694 695 696 697","685:695 686:695 687:695 688:695 689:695 690:695 691:695 692:695 693:695 694:695 695:695 696:695 696:697 697:697 698:697"
"اعجاز اعوان","کامران خان (جواں سال کیمسٹ)",12,"645 647 649 651 664 669 671 673 674","642:649 645:649 650:649 650:652 668:660 668:671 671:671 672:671 672:674 673:674 674:674 675:674"
"اعجاز اعوان","کریم راٹھور",97,"84 85 86 87 88 89 90 259 260 261 262 263 264 507 508 509 510 511 512 515 520 521 522 523 524 525 526 527 528 534 535 536 537 538 539 540 621 623 626 668 669 672 673 674 676 677 678 714 715 716 717 718 719 720 777 778 782 784 785 786 787","79:89 81:89 82:89 83:89 86:89 87:89 88:89 89:89 91:89 254:264 255:264 256:264 257:264 258:264 259:264 261:264 263:264 264:264 265:264 502:512 503:512 504:512 505:512 506:512 507:512 508:512 509:512 510:512 512:512 518:512 518:523 519:523 520:523 521:523 522:523 523:523 524:523 524:524 525:524 525:525 526:525 526:527 527:527 528:527 528:528 529:528 529:539 530:539 531:539 532:539 533:539 534:539 535:539 536:539 537:539 538:539 539:539 541:539 619:624 622:624 623:624 629:624 668:668 671:668 671:674 672:674 673:674 674:674 675:674 675:678 676:678 677:678 678:678 679:678 709:719 710:719 711:719 712:719 713:719 714:719 715:719 716:719 717:719 718:719 719:719 721:719 772:782 775:782 782:782 783:782 783:786 784:786 785:786 786:786 787:786 787:787 788:787"
"اعجاز اعوان","کلونت کور",21,"23 25 31 38 39 40 43 44 49 50 51 52 56 57","20:27 23:27 24:27 35:27 35:28 35:41 36:41 37:41 38:41 40:41 46:41 46:42 46:43 46:53 48:53 49:53 50:53 52:53 60:53 60:54 60:55"
"اعجاز اعوان","کنیز",183,"98 99 101 102 103 106 108 109 110 111 112 116 117 118 119 120 121 122 126 127 128 129 130 131 132 133 134 135 136 137 138 139 140 141 145 146 147 148 150 151 152 153 154 155 156 158 159 160 162 163 187 188 189 190 191 192 193 194 195 196 198 199 200 213 214 215 216 217 378 379 380 381 382 383 460 461 462 463 464 465 468 469 470 472 473 474 475 476 477 535 536 537 538 539 540 580 583 584 585 684 685 686 687 688 689","93:103 94:103 95:103 96:103 99:103 100:103 102:103 103:103 104:103 104:109 107:109 108:109 109:109 110:109 110:110 111:110 111:112 112:112 113:112 113:120 114:120 115:120 116:120 118:120 120:120 121:120 121:121 122:121 122:122 123:122 123:130 124:130 126:130 127:130 128:130 129:130 130:130 131:130 131:132 132:132 133:132 133:133 134:133 134:134 135:134 135:135 136:135 136:137 137:137 138:137 138:138 139:138 139:139 140:139 140:140 143:140 143:148 144:148 145:148 146:148 147:148 148:148 149:148 149:151 150:151 151:151 152:151 152:153 153:153 154:153 154:154 155:154 155:155 156:155 156:156 157:156 157:160 158:160 160:160 161:160 161:163 162:163 163:163 164:163 182:192 183:192 184:192 185:192 186:192 187:192 188:192 189:192 190:192 191:192 192:192 193:192 193:193 194:193 194:194 195:194 195:195 197:195 197:199 198:199 199:199 200:199 200:200 211:216 213:216 214:216 215:216 216:216 217:216 217:217 218:217 373:383 374:383 375:383 376:383 377:383 378:383 379:383 381:383 382:383 383:383 384:383 455:465 456:465 458:465 460:465 461:465 462:465 463:465 464:465 465:465 466:465 466:470 467:470 468:470 469:470 470:470 471:470 471:473 472:473 473:473 474:473 474:474 475:474 475:475 476:475 476:476 477:476 477:477 478:477 530:540 531:540 532:540 533:540 534:540 535:540 536:540 537:540 538:540 539:540 541:540 575:585 582:585 583:585 584:585 585:585 586:585 679:689 680:689 681:689 682:689 683:689 684:689 685:689 686:689 687:689 688:689 689:689 690:689"
"اعجاز اعوان","کو چوہا (چوکیدار/کھیت میں سونے والا)",8,"254 255 256 257 258","251:258 253:258 254:258 255:258 256:258 257:258 258:258 259:258"
"اعجاز اعوان","کیپٹن اسد اللہ",8,"279 280 281 285 286","274:284 275:284 276:284 277:284 278:284 279:284 287:284 287:285"
"اعجاز اعوان","کیپٹن اسرار",37,"11 17 29 34 351 352 353 354 356 555 556 557 558 559 562 721 722 723 724 725 728 768 772 774","8:14 9:14 20:14 24:34 35:34 346:356 347:356 348:356 349:356 350:356 351:356 352:356 353:356 357:356 551:560 553:560 554:560 555:560 556:560 557:560 558:560 559:560 565:560 716:726 717:726 718:726 719:726 721:726 722:726 723:726 724:726 725:726 731:726 763:773 771:773 772:773 775:773"
"اعجاز اعوان","کیپٹن جمال",40,"4 5 6 11 12 17 18 19 278 279 280 284 286 585 586 587 590 591 592 595 596 597 598 611 612 613 617 618","8:1 8:2 8:4 8:15 9:15 20:15 20:16 20:17 20:18 20:19 274:282 275:282 276:282 277:282 278:282 279:282 287:282 287:286 582:589 583:589 584:589 585:589 586:589 591:589 591:592 593:592 593:597 594:597 595:597 596:597 597:597 598:597 598:598 599:598 607:616 608:616 609:616 610:616 619:616 619:617"
"اعجاز اعوان","کیپٹن دلاور",20,"308 311 312 317 318 319 322 323 327 328 329 330 331 332 336","305:312 311:312 313:312 313:321 314:321 315:321 316:321 317:321 324:321 324:322 324:331 325:331 326:331 327:331 328:331 329:331 330:331 332:331 332:333 340:333"
"اعجاز اعوان","کیڈٹ حبیب اللہ",7,"280 281 282 286","275:285 276:285 277:285 278:285 279:285 287:285 287:286"
"اعجاز اعوان","کیڈٹ مجید اللہ",8,"292 293 294 298 299","287:297 288:297 289:297 290:297 292:297 300:297 300:298 300:299"
"اعجاز اعوان","کیڈٹ نواز کھوکھر",8,"764 766 770 774 775 776 780","759:769 763:769 771:769 771:770 771:778 772:778 775:778 782:778"
"اعجاز اعوان","گل افروز خان",81,"256 257 258 259 260 261 262 263 276 277 278 279 283 287 288 345 346 347 348 349 350 351 352 353 355 358 359 360 365 366 367 368 369 371 372 379 380 381 382 383 384 411 412 413 414 415 416","251:261 253:261 254:261 255:261 256:261 257:261 258:261 259:261 261:261 263:261 263:262 263:263 264:263 274:279 275:279 276:279 277:279 278:279 279:279 287:279 287:288 288:288 289:288 340:350 341:350 342:350 343:350 344:350 345:350 346:350 347:350 348:350 349:350 350:350 351:350 351:351 352:351 352:353 353:353 357:353 357:360 358:360 359:360 360:360 361:360 361:369 362:369 363:369 365:369 366:369 367:369 368:369 369:369 370:369 370:372 371:372 372:372 373:372 374:384 375:384 376:384 377:384 378:384 379:384 381:384 382:384 383:384 384:384 385:384 406:416 407:416 408:416 409:416 410:416 411:416 412:416 413:416 414:416 415:416 416:416 417:416"
"اعجاز اعوان","ہکیم حاذق",14,"500 501 502 503 504 505 506 507","495:505 496:505 497:505 498:505 499:505 502:505 503:505 504:505 505:505 506:505 506:506 507:506 507:507 508:507"
"اعجاز اعوان","یعقوب اعوان",196,"22 23 24 30 31 33 35 36 39 40 43 44 45 46 47 48 49 50 51 52 56 58 59 61 62 63 64 65 66 67 68 69 70 71 73 74 75 76 77 78 79 80 96 97 98 100 101 138 139 140 141 143 159 160 161 162 163 164 229 231 232 233 234 235 237 238 239 272 275 276 277 301 304 305 308 312 313 370 371 372 373 374 375 380 381 382 383 384 385 425 429 430 431 432 488 492 493 494 569 570 571 572 573 574 718 719 720 721 722 723 775 776 777 781 784 785 786 787 790 791 792","20:24 23:24 24:24 35:26 35:27 35:28 35:32 35:35 36:35 36:36 37:36 37:41 38:41 40:41 46:41 46:43 46:44 46:45 46:46 48:46 48:47 48:48 49:48 49:49 50:49 50:50 52:50 52:51 52:52 60:52 60:53 60:56 60:57 60:58 60:59 60:63 61:63 64:63 64:64 65:64 65:65 66:65 66:66 67:66 67:67 68:67 68:68 69:68 69:70 70:70 71:70 71:71 75:71 75:72 75:73 75:74 75:75 76:75 76:76 79:76 79:77 79:78 79:79 81:79 81:80 91:101 92:101 93:101 94:101 95:101 96:101 99:101 100:101 102:101 133:143 134:143 135:143 136:143 137:143 138:143 139:143 140:143 143:143 144:143 154:164 155:164 156:164 157:164 158:164 160:164 161:164 162:164 163:164 164:164 165:164 224:234 228:234 229:234 230:234 231:234 232:234 233:234 234:234 235:234 235:235 236:235 236:239 237:239 238:239 239:239 240:239 267:277 274:277 275:277 276:277 277:277 278:277 300:303 305:303 305:304 305:305 311:305 311:313 313:313 314:313 365:375 366:375 367:375 368:375 369:375 370:375 371:375 372:375 373:375 374:375 375:375 376:375 376:385 377:385 378:385 379:385 381:385 382:385 383:385 384:385 385:385 386:385 420:430 428:430 430:430 431:430 431:432 432:432 433:432 484:493 491:493 493:493 494:493 494:494 495:494 565:574 566:574 567:574 568:574 569:574 570:574 572:574 573:574 574:574 575:574 713:723 714:723 715:723 716:723 717:723 718:723 719:723 721:723 722:723 723:723 724:723 771:780 772:780 775:780 782:780 782:787 783:787 784:787 785:787 786:787 787:787 788:787 788:792 789:792 790:792 792:792"
"افضال احمد (اسسٹنٹ ایڈیٹر طلوع)","بدر الحق (ایگزیکٹو ایڈیٹر طلوع)",3,"703 704 706","706:701 706:702 706:706"
"افضال احمد (اسسٹنٹ ایڈیٹر طلوع)","بدیع الزمان",7,"701 702 703 704 706","706:696 706:697 706:698 706:699 706:701 706:702 706:706"
"افضال احمد (اسسٹنٹ ایڈیٹر طلوع)","خواجہ معراج الدین",1,"709","706:712"
"افضال احمد (اسسٹنٹ ایڈیٹر طلوع)","زیدی صاحب (چیف ایڈیٹر طلوع)",1,"703","706:701"
"افضال احمد (اسسٹنٹ ایڈیٹر طلوع)","سلیم",2,"702 706","706:699 706:706"
"افضال احمد (اسسٹنٹ ایڈیٹر طلوع)","سکینہ (اعجاز کی بیوی)",5,"703 704 705 708","706:700 706:702 706:704 706:705 706:711"
"افضال احمد (اسسٹنٹ ایڈیٹر طلوع)","شمس (بدیع الزمان کا اسسٹنٹ)",2,"705 706","706:705 706:706"
"افضال احمد (اسسٹنٹ ایڈیٹر طلوع)","فرخ غوری",1,"708","706:710"
"افضال احمد (اسسٹنٹ ایڈیٹر طلوع)","قائد (پارٹی بانی لیڈر)",5,"702 703 704 706","706:698 706:699 706:701 706:702 706:706"
"افضال احمد (اسسٹنٹ ایڈیٹر طلوع)","محمد یاسین (طلوع کا رپورٹر/ساتھی)",1,"706","706:706"
"افضال احمد (اسسٹنٹ ایڈیٹر طلوع)","نامعلوم مزدور عورت (ملک حمید/لطیف کا تعلق)",2,"701 702","706:697 706:699"
"افضال احمد (اسسٹنٹ ایڈیٹر طلوع)","نیلی (بھینس)",2,"704 705","706:703 706:704"
"افضال احمد (اسسٹنٹ ایڈیٹر طلوع)","وسیم بھائی (بدیع الزمان کا سالا/قرض خواہ)",1,"708","706:711"
"افضال احمد (اسسٹنٹ ایڈیٹر طلوع)","چاچا احمد خان راٹھور",2,"703 706","706:700 706:706"
"افضال احمد (اسسٹنٹ ایڈیٹر طلوع)","ڈاکٹر (کریم بخش کا بیٹا)",4,"701 702","706:696 706:697 706:698 706:699"
"افضال احمد (اسسٹنٹ ایڈیٹر طلوع)","ڈاکٹر سعد اللہ خان (کنسلٹنٹ کارڈیالوجسٹ)",1,"701","706:697"
"افضال احمد (اسسٹنٹ ایڈیٹر طلوع)","ڈاکٹر عرفان (ڈیوٹی ڈاکٹر آئی سی یو)",1,"701","706:697"
"اقبال (کنیز کا بچہ/سکول جانے والا)","ایوب اعوان",1,"733","733:733"
"اقبال (کنیز کا بچہ/سکول جانے والا)","باجوہ (تھرڈ ایئر والنٹیر)",1,"199","194:204"
"اقبال (کنیز کا بچہ/سکول جانے والا)","بدیع الزمان",1,"729","733:726"
"اقبال (کنیز کا بچہ/سکول جانے والا)","بی اے چوہدری (بشیر ارائیں کے نئے نام کا سیاسی روپ)",1,"189","194:185"
"اقبال (کنیز کا بچہ/سکول جانے والا)","بی بی (گھر کی بزرگ عورت/لالے کی ساتھی)",2,"728 736","733:723 733:739"
"اقبال (کنیز کا بچہ/سکول جانے والا)","حسن (اعجاز/سکینہ کا بیٹا)",2,"728 733","733:723 733:733"
"اقبال (کنیز کا بچہ/سکول جانے والا)","حسین (اعجاز/سکینہ کا بیٹا)",3,"198 392 733","194:202 393:391 733:733"
"اقبال (کنیز کا بچہ/سکول جانے والا)","خواجہ معراج الدین",1,"729","733:726"
"اقبال (کنیز کا بچہ/سکول جانے والا)","ذوالقرنین نقوی",1,"199","194:204"
"اقبال (کنیز کا بچہ/سکول جانے والا)","ریاض (سرفراز کا ڈرائیور)",1,"735","733:738"
"اقبال (کنیز کا بچہ/سکول جانے والا)","سراج گجر",1,"733","733:733"
"اقبال (کنیز کا بچہ/سکول جانے والا)","سلیم",2,"198 732","194:202 733:731"
"اقبال (کنیز کا بچہ/سکول جانے والا)","سکینہ (اعجاز کی بیوی)",9,"193 194 388 389 728 729 732 736","194:193 194:194 393:384 393:385 733:723 733:724 733:725 733:732 733:740"
"اقبال (کنیز کا بچہ/سکول جانے والا)","شعیب",3,"392 393 737","393:391 393:393 733:741"
"اقبال (کنیز کا بچہ/سکول جانے والا)","شہلا رضوی",1,"735","733:737"
"اقبال (کنیز کا بچہ/سکول جانے والا)","عباس (چاچا احمد کا بیٹا)",3,"193 728","194:193 733:723 733:724"
"اقبال (کنیز کا بچہ/سکول جانے والا)","غلام حسین",1,"198","194:202"
"اقبال (کنیز کا بچہ/سکول جانے والا)","فرخ غوری",1,"732","733:731"
"اقبال (کنیز کا بچہ/سکول جانے والا)","قائد (پارٹی بانی لیڈر)",16,"189 190 191 194 389 390 391 392 393 729 732 734","194:184 194:185 194:186 194:188 194:194 393:385 393:386 393:387 393:389 393:390 393:391 393:392 393:394 733:726 733:731 733:736"
"اقبال (کنیز کا بچہ/سکول جانے والا)","لیفٹیننٹ کرنل اسلام الدین",1,"733","733:733"
"اقبال (کنیز کا بچہ/سکول جانے والا)","محمد نواز چیمہ",4,"390 391","393:387 393:388 393:389 393:390"
"اقبال (کنیز کا بچہ/سکول جانے والا)","ملک جہانگیر اعوان (ایم ایل اے)",7,"190 191 192 193 196 389 397","194:186 194:188 194:191 194:193 194:199 393:386 393:401"
"اقبال (کنیز کا بچہ/سکول جانے والا)","ملک حمید",3,"192 193 194","194:191 194:192 194:194"
"اقبال (کنیز کا بچہ/سکول جانے والا)","منظور (اعجاز کا ورکر)",7,"194 389 390 391 392 395","194:195 393:385 393:387 393:388 393:390 393:392 393:398"
"اقبال (کنیز کا بچہ/سکول جانے والا)","میاں انتظار حسین (ایڈووکیٹ ہائی کورٹ)",1,"732","733:731"
"اقبال (کنیز کا بچہ/سکول جانے والا)","میجر/کیپٹن سرفراز اعوان",9,"193 198 392 393 728 729 732 734","194:193 194:202 393:391 393:393 733:723 733:724 733:725 733:732 733:736"
"اقبال (کنیز کا بچہ/سکول جانے والا)","نامعلوم مزدور عورت (ملک حمید/لطیف کا تعلق)",2,"193 728","194:193 733:723"
"اقبال (کنیز کا بچہ/سکول جانے والا)","نسرین",3,"193 736","194:192 194:193 733:739"
"اقبال (کنیز کا بچہ/سکول جانے والا)","نسیمہ (شعیب کی بہن)",4,"392 393 728 736","393:391 393:394 733:724 733:739"
"اقبال (کنیز کا بچہ/سکول جانے والا)","نصیر شیخ (پارٹی امیدوار)",1,"395","393:398"
"اقبال (کنیز کا بچہ/سکول جانے والا)","وسیم بھائی (بدیع الزمان کا سالا/قرض خواہ)",1,"389","393:386"
"اقبال (کنیز کا بچہ/سکول جانے والا)","چاچا احمد خان راٹھور",14,"189 190 191 192 193 194 389 728 733","194:184 194:185 194:186 194:188 194:189 194:190 194:191 194:192 194:193 194:194 393:385 733:723 733:724 733:734"
"اقبال (کنیز کا بچہ/سکول جانے والا)","کنیز",4,"193 194 388","194:192 194:193 194:194 393:383"
"اقبال (کنیز کا بچہ/سکول جانے والا)","کیپٹن اسرار",1,"729","733:726"
"اقبال (کنیز کا بچہ/سکول جانے والا)","گل افروز خان",1,"388","393:384"
"اقبال (کنیز کا بچہ/سکول جانے والا)","یعقوب اعوان",2,"389 728","393:385 733:723"
"الیاس کمہار","ایوب اعوان",1,"239","243:236"
"الیاس کمہار","بی بی (گھر کی بزرگ عورت/لالے کی ساتھی)",10,"238 239 240 241 242 243 244","243:233 243:234 243:235 243:238 243:239 243:240 243:241 243:243 244:243 244:244"
"الیاس کمہار","حسین (اعجاز/سکینہ کا بیٹا)",2,"245 246","243:248 244:248"
"الیاس کمہار","سائیں جلا",3,"242 243","243:242 243:243 244:243"
"الیاس کمہار","سلیم",2,"245 246","243:248 244:248"
"الیاس کمہار","عباس (چاچا احمد کا بیٹا)",7,"240 241 242 243 244","243:238 243:240 243:241 243:242 243:243 244:243 244:245"
"الیاس کمہار","غلام حسین",2,"245 246","243:248 244:248"
"الیاس کمہار","قائد (پارٹی بانی لیڈر)",3,"240 244","243:237 243:245 244:245"
"الیاس کمہار","ماسی (سرفراز کی پرورش کرنے والی)",3,"243 245","243:243 244:243 244:246"
"الیاس کمہار","ماسی مریم",3,"243 245","243:243 244:243 244:246"
"الیاس کمہار","ملک جہانگیر اعوان (ایم ایل اے)",6,"239 240 241 244","243:236 243:237 243:238 243:239 243:245 244:245"
"الیاس کمہار","ملک حمید",3,"240 244","243:238 243:245 244:245"
"الیاس کمہار","میجر/کیپٹن سرفراز اعوان",4,"240 241 245","243:238 243:240 243:247 244:247"
"الیاس کمہار","نسرین",2,"246 247","243:250 244:250"
"الیاس کمہار","پروفیسر میر صاحب",2,"245 246","243:248 244:248"
"الیاس کمہار","چاچا احمد خان راٹھور",8,"238 239 240 242 243 244","243:234 243:236 243:238 243:241 243:242 243:243 244:243 244:244"
"الیاس کمہار","یعقوب اعوان",3,"238 239 241","243:234 243:235 243:239"
"امداد علی شاہ (محرر)","ایوب اعوان",2,"135 136","135:136 136:136"
"امداد علی شاہ (محرر)","بدیع الزمان",2,"586 595","582:591 599:591"
"امداد علی شاہ (محرر)","برکت",2,"579 597","582:577 599:595"
"امداد علی شاہ (محرر)","بریگیڈیئر کرّار (شعیب کا والد)",3,"578 586 594","582:575 582:590 599:590"
"امداد علی شاہ (محرر)","تھانیدار / اے ایس آئی",5,"135 136 581 582 599","135:136 136:136 582:581 582:582 599:599"
"امداد علی شاہ (محرر)","جمیلہ",2,"598 600","599:597 599:602"
"امداد علی شاہ (محرر)","حاجی کریم بخش (چیئرمین ازمیر گھی انڈسٹریز)",1,"598","599:597"
"امداد علی شاہ (محرر)","حسن (اعجاز/سکینہ کا بیٹا)",4,"577 578 597 601","582:573 582:574 599:596 599:603"
"امداد علی شاہ (محرر)","حسین (اعجاز/سکینہ کا بیٹا)",5,"577 586 594 597 601","582:573 582:590 599:590 599:596 599:603"
"امداد علی شاہ (محرر)","دتا کمہار",1,"598","599:598"
"امداد علی شاہ (محرر)","دتو میراثی",1,"602","599:606"
"امداد علی شاہ (محرر)","رابعہ",1,"134","135:133"
"امداد علی شاہ (محرر)","ریاض (سرفراز کا ڈرائیور)",1,"133","135:131"
"امداد علی شاہ (محرر)","سائیں جلا",1,"584","582:586"
"امداد علی شاہ (محرر)","سلطان (پی۔او۔ڈبلیو ساتھی/دوست)",4,"578 579 580","582:575 582:576 582:577 582:578"
"امداد علی شاہ (محرر)","سکینہ (اعجاز کی بیوی)",5,"133 134 139 598","135:131 135:133 135:143 136:143 599:597"
"امداد علی شاہ (محرر)","شعیب",2,"579 598","582:577 599:598"
"امداد علی شاہ (محرر)","شوکت",2,"139","135:143 136:143"
"امداد علی شاہ (محرر)","ظفر چوہدری",3,"578 579","582:575 582:576 582:577"
"امداد علی شاہ (محرر)","عباس (چاچا احمد کا بیٹا)",1,"600","599:601"
"امداد علی شاہ (محرر)","قائد (پارٹی بانی لیڈر)",15,"130 132 133 136 137 578 579 580 582 594 596 598 603","135:126 135:130 135:132 135:138 136:138 582:574 582:575 582:576 582:578 582:579 582:582 599:590 599:593 599:597 599:608"
"امداد علی شاہ (محرر)","لیفٹیننٹ کرنل اسلام الدین",7,"132 135 136 585 594 599","135:130 135:136 136:136 582:589 599:589 599:590 599:600"
"امداد علی شاہ (محرر)","ماسی (سرفراز کی پرورش کرنے والی)",2,"133 134","135:131 135:133"
"امداد علی شاہ (محرر)","ماسی مریم",2,"133 134","135:131 135:133"
"امداد علی شاہ (محرر)","ملک جہانگیر اعوان (ایم ایل اے)",11,"130 138 577 584 595 596 597 598 603","135:126 135:141 136:141 582:572 582:586 599:591 599:593 599:595 599:596 599:597 599:608"
"امداد علی شاہ (محرر)","ملک حمید",3,"581 582 599","582:581 582:582 599:599"
"امداد علی شاہ (محرر)","ملک رشید (ملک حمید کا بھائی)",3,"135 136","135:135 136:135 136:136"
"امداد علی شاہ (محرر)","ملک لطیف",2,"583 599","582:584 599:599"
"امداد علی شاہ (محرر)","منشی کریم شاہ",2,"139","135:143 136:143"
"امداد علی شاہ (محرر)","منیر میکنک",1,"585","582:588"
"امداد علی شاہ (محرر)","میاں انتظار حسین (ایڈووکیٹ ہائی کورٹ)",2,"586 595","582:591 599:591"
"امداد علی شاہ (محرر)","میجر صدیق",1,"580","582:579"
"امداد علی شاہ (محرر)","میجر/کیپٹن سرفراز اعوان",21,"133 577 578 579 580 585 594 595 596 597 598 599","135:131 582:572 582:573 582:574 582:575 582:576 582:577 582:578 582:579 582:589 599:589 599:590 599:591 599:592 599:593 599:594 599:595 599:596 599:597 599:598 599:600"
"امداد علی شاہ (محرر)","نامعلوم مزدور عورت (ملک حمید/لطیف کا تعلق)",8,"130 131 132 134 135 136 583 598","135:126 135:128 135:130 135:134 135:136 136:136 582:584 599:598"
"امداد علی شاہ (محرر)","نسرین",7,"585 594 595 598 599","582:589 599:589 599:590 599:592 599:597 599:598 599:600"
"امداد علی شاہ (محرر)","نسیمہ (شعیب کی بہن)",10,"577 578 579 580 585 594 598","582:573 582:574 582:575 582:576 582:578 582:579 582:589 599:589 599:590 599:598"
"امداد علی شاہ (محرر)","نمائر (کیمپ کا قیدی ساتھی)",3,"579 580","582:576 582:578 582:579"
"امداد علی شاہ (محرر)","وسیم بھائی (بدیع الزمان کا سالا/قرض خواہ)",3,"135 136 602","135:136 136:136 599:606"
"امداد علی شاہ (محرر)","چاچا احمد خان راٹھور",9,"131 133 134 139 577 578 585 600","135:128 135:131 135:133 135:143 136:143 582:573 582:574 582:588 599:601"
"امداد علی شاہ (محرر)","چوہدری اظہر (ایس ایچ او نور پور)",5,"135 136 581 582 599","135:136 136:136 582:581 582:582 599:599"
"امداد علی شاہ (محرر)","ڈاکٹر (کریم بخش کا بیٹا)",1,"133","135:131"
"امداد علی شاہ (محرر)","کنیز",8,"132 133 134 135 136 583","135:130 135:132 135:133 135:134 135:135 136:135 136:137 582:585"
"امداد علی شاہ (محرر)","کیپٹن جمال",5,"585 594 595 598","582:589 599:589 599:592 599:597 599:598"
"امداد علی شاہ (محرر)","یعقوب اعوان",3,"139 578","135:143 136:143 582:574"
"اکتبر","بی بی (گھر کی بزرگ عورت/لالے کی ساتھی)",1,"112","111:114"
"اکتبر","تھانیدار / اے ایس آئی",1,"111","111:112"
"اکتبر","جمیلہ",1,"106","111:101"
"اکتبر","حاجی ذوالفقار",1,"112","111:113"
"اکتبر","حاجی عزیز دین",1,"114","111:118"
"اکتبر","حسن (اعجاز/سکینہ کا بیٹا)",1,"107","111:103"
"اکتبر","حسین (اعجاز/سکینہ کا بیٹا)",1,"107","111:103"
"اکتبر","دتو میراثی",3,"106 109 114","111:102 111:108 111:117"
"اکتبر","رحمت چوہان",2,"106 113","111:102 111:115"
"اکتبر","سائیں جلا",1,"114","111:118"
"اکتبر","ساجا",1,"114","111:118"
"اکتبر","سکینہ (اعجاز کی بیوی)",5,"106 107 108 112","111:102 111:103 111:105 111:106 111:114"
"اکتبر","سیف اللہ (چکی والا)",1,"113","111:115"
"اکتبر","شبیرا",1,"114","111:118"
"اکتبر","عباس (چاچا احمد کا بیٹا)",2,"106 114","111:101 111:117"
"اکتبر","قائد (پارٹی بانی لیڈر)",3,"107 110 112","111:103 111:109 111:113"
"اکتبر","ماسی (سرفراز کی پرورش کرنے والی)",2,"106 114","111:102 111:118"
"اکتبر","ماسی مریم",2,"106 114","111:102 111:118"
"اکتبر","ملک جہانگیر اعوان (ایم ایل اے)",1,"110","111:109"
"اکتبر","مولوی فقیر الدین",3,"106 107 114","111:102 111:103 111:117"
"اکتبر","میجر/کیپٹن سرفراز اعوان",4,"106 107 112","111:101 111:102 111:103 111:113"
"اکتبر","نامعلوم مزدور عورت (ملک حمید/لطیف کا تعلق)",5,"106 108 110 111","111:102 111:106 111:109 111:110 111:111"
"اکتبر","نسرین",1,"113","111:115"
"اکتبر","وسیم بھائی (بدیع الزمان کا سالا/قرض خواہ)",1,"110","111:109"
"اکتبر","چاچا احمد خان راٹھور",6,"106 107 108 109 113","111:102 111:103 111:105 111:106 111:107 111:115"
"اکتبر","چوہدری اظہر (ایس ایچ او نور پور)",1,"111","111:112"
"اکتبر","ڈاکٹر (کریم بخش کا بیٹا)",2,"110 111","111:109 111:112"
"اکتبر","کنیز",4,"107 110 111","111:103 111:109 111:110 111:112"
"اکتبر","یعقوب اعوان",1,"106","111:101"
"این سی او گل نواز","ایوب اعوان",2,"275 279","272:279 280:279"
"این سی او گل نواز","بدیع الزمان",4,"508 509 516","513:503 513:504 513:505 513:519"
"این سی او گل نواز","برکت",1,"283","280:287"
"این سی او گل نواز","بریگیڈیئر کرّار (شعیب کا والد)",1,"283","280:286"
"این سی او گل نواز","بی بی (گھر کی بزرگ عورت/لالے کی ساتھی)",2,"509 510","513:506 513:507"
"این سی او گل نواز","بی بی کمہاری",1,"509","513:506"
"این سی او گل نواز","جعفری صاحب (کیمسٹ/پرانا رابطہ)",1,"517","513:522"
"این سی او گل نواز","حاجی ذوالفقار",1,"513","513:514"
"این سی او گل نواز","حاجی وسیم بخش (منیجنگ ڈائریکٹر)",1,"517","513:521"
"این سی او گل نواز","حاجی کریم بخش (چیئرمین ازمیر گھی انڈسٹریز)",1,"517","513:521"
"این سی او گل نواز","حسن (اعجاز/سکینہ کا بیٹا)",1,"285","280:290"
"این سی او گل نواز","حسین (اعجاز/سکینہ کا بیٹا)",1,"271","272:270"
"این سی او گل نواز","خدابخش ارائیں",1,"267","272:262"
"این سی او گل نواز","خوشی محمد تیلی",2,"275 279","272:279 280:279"
"این سی او گل نواز","داؤد (خوشی محمد کا بھائی)",2,"275 279","272:279 280:279"
"این سی او گل نواز","دتا کمہار",1,"509","513:505"
"این سی او گل نواز","رحمت چوہان",3,"275 279 510","272:278 280:278 513:507"
"این سی او گل نواز","سراج گجر",1,"511","513:510"
"این سی او گل نواز","سلطان (پی۔او۔ڈبلیو ساتھی/دوست)",2,"512 513","513:511 513:513"
"این سی او گل نواز","سلیم",1,"271","272:270"
"این سی او گل نواز","سکینہ (اعجاز کی بیوی)",8,"268 273 277 278 279 283 508","272:264 272:275 280:275 280:276 280:277 280:278 280:287 513:504"
"این سی او گل نواز","سینئر انڈر آفیسر صبغت اللہ",2,"276 280","272:281 280:281"
"این سی او گل نواز","شعیب",1,"283","280:286"
"این سی او گل نواز","شوکت",4,"271 272 276 283","272:270 272:272 280:272 280:287"
"این سی او گل نواز","طارق (ورکس منیجر)",4,"272 276 280 517","272:272 280:272 280:280 513:522"
"این سی او گل نواز","عامر محمود (چیف کیمسٹ)",1,"517","513:521"
"این سی او گل نواز","عباس (چاچا احمد کا بیٹا)",1,"284","280:288"
"این سی او گل نواز","عمران (ہوسٹل ساتھی)",1,"511","513:510"
"این سی او گل نواز","غلام حسین",1,"271","272:270"
"این سی او گل نواز","قائد (پارٹی بانی لیڈر)",8,"268 272 276 283 510 512 516","272:264 272:272 280:272 280:286 513:507 513:508 513:511 513:520"
"این سی او گل نواز","معین الدین شاہ",1,"517","513:521"
"این سی او گل نواز","ملک جہانگیر اعوان (ایم ایل اے)",12,"268 269 273 277 278 284 510 511 512 516","272:264 272:266 272:275 280:275 280:276 280:289 513:507 513:508 513:509 513:510 513:512 513:520"
"این سی او گل نواز","ملک حمید",3,"269 273 277","272:266 272:275 280:275"
"این سی او گل نواز","ملک رشید (ملک حمید کا بھائی)",3,"273 277 278","272:275 280:275 280:276"
"این سی او گل نواز","منشی کریم شاہ",1,"268","272:264"
"این سی او گل نواز","منظور (اعجاز کا ورکر)",1,"508","513:504"
"این سی او گل نواز","میجر قدیر (ازمیر مل کا ایڈمن افسر)",1,"517","513:521"
"این سی او گل نواز","میجر/کیپٹن سرفراز اعوان",15,"268 269 272 276 277 278 279 283 510 511 512 515","272:264 272:265 272:266 272:267 272:273 280:273 280:274 280:277 280:279 280:287 513:508 513:509 513:510 513:511 513:518"
"این سی او گل نواز","نامعلوم مزدور عورت (ملک حمید/لطیف کا تعلق)",1,"510","513:507"
"این سی او گل نواز","نسیمہ (شعیب کی بہن)",1,"283","280:286"
"این سی او گل نواز","وسیم بھائی (بدیع الزمان کا سالا/قرض خواہ)",2,"275 279","272:279 280:279"
"این سی او گل نواز","چاچا احمد خان راٹھور",10,"267 273 277 278 279 283 512","272:262 272:263 272:275 280:275 280:276 280:277 280:278 280:279 280:287 513:512"
"این سی او گل نواز","ڈاکٹر (کریم بخش کا بیٹا)",5,"510 511 512 516","513:507 513:509 513:510 513:512 513:520"
"این سی او گل نواز","ڈاکٹر احسان الحق (پُل کھنگر)",2,"511 516","513:510 513:520"
"این سی او گل نواز","ڈاکٹر خدابخش کھوکھر (چیف کیمسٹ)",1,"517","513:521"
"این سی او گل نواز","کریم راٹھور",3,"268 512 518","272:264 513:512 513:523"
"این سی او گل نواز","کیپٹن اسد اللہ",1,"282","280:284"
"این سی او گل نواز","کیپٹن جمال",2,"277 281","272:282 280:282"
"این سی او گل نواز","کیڈٹ حبیب اللہ",1,"282","280:285"
"این سی او گل نواز","گل افروز خان",5,"267 275 279 284","272:262 272:263 272:279 280:279 280:288"
"این سی او گل نواز","ہکیم حاذق",3,"509 510","513:505 513:506 513:507"
"این سی او گل نواز","یعقوب اعوان",2,"274 278","272:277 280:277"
"ایوب اعوان","بدیع الزمان",2,"620 729","619:621 733:726"
"ایوب اعوان","برکت",2,"283 310","279:287 310:310"
"ایوب اعوان","بریگیڈیئر کرّار (شعیب کا والد)",1,"282","279:286"
"ایوب اعوان","بھگت سنگھ",33,"26 27 28 32 33 34 38 41 42 43 44 46 51 52 53 54 59 60 64 68 69 79 80 81","26:27 27:27 28:27 28:28 36:28 36:29 36:30 36:32 36:41 41:41 43:41 43:43 44:43 44:44 45:44 45:47 46:47 56:47 56:48 56:49 56:51 56:52 56:63 57:63 66:63 66:71 67:71 68:71 84:74 84:75 84:76 84:77 84:78"
"ایوب اعوان","بی اے چوہدری (بشیر ارائیں کے نئے نام کا سیاسی روپ)",3,"144 148 149","141:147 150:147 150:148"
"ایوب اعوان","بی بی (گھر کی بزرگ عورت/لالے کی ساتھی)",18,"67 68 79 155 156 216 233 234 235 237 305 410 728 736","66:68 67:68 68:68 84:74 150:160 152:160 217:216 236:230 236:231 236:232 236:233 236:234 236:235 236:238 310:301 408:412 733:723 733:739"
"ایوب اعوان","بے انت سنگھ",8,"39 41 42 43 60 65","36:42 41:42 43:42 43:43 44:43 56:64 57:64 66:64"
"ایوب اعوان","تھانیدار / اے ایس آئی",12,"56 57 61 136 138 139 140 146 150 151 306","56:57 57:57 66:57 136:136 141:136 141:137 141:138 141:139 141:151 150:151 152:151 310:302"
"ایوب اعوان","جسونت سنگھ",14,"27 28 32 44 45 46 51 70 71 79","26:29 27:29 28:29 36:29 41:47 43:47 44:47 45:47 46:47 56:47 66:74 67:74 68:74 84:74"
"ایوب اعوان","جمیلہ",8,"23 24 33 37 39 40 313 619","26:21 26:22 28:38 36:38 41:38 41:39 310:317 619:619"
"ایوب اعوان","جنگندر سنگھ",3,"38 41 42","36:41 41:41 43:41"
"ایوب اعوان","جونیئر وکیل (خواجہ معراج کا شاگرد)",1,"620","619:622"
"ایوب اعوان","جگت سنگھ",27,"26 27 28 32 34 38 41 42 43 46 47 52 53 54 55 56 57 62 69 70","26:27 27:27 28:27 28:28 36:28 36:32 36:41 41:41 43:41 43:42 43:43 44:43 44:49 45:49 46:49 56:49 56:51 56:53 56:54 56:55 56:56 57:56 57:58 66:58 66:73 67:73 68:73"
"ایوب اعوان","جیرا (نانبائی کا لڑکا)",2,"212 213","217:207 217:209"
"ایوب اعوان","حاجی کریم بخش (چیئرمین ازمیر گھی انڈسٹریز)",1,"621","619:624"
"ایوب اعوان","حسن (اعجاز/سکینہ کا بیٹا)",6,"214 216 311 409 728 733","217:211 217:216 310:313 408:411 733:723 733:733"
"ایوب اعوان","حسین (اعجاز/سکینہ کا بیٹا)",14,"81 212 213 214 218 233 274 305 311 621 733","84:79 217:207 217:208 217:209 217:210 217:211 217:212 217:220 236:231 279:270 310:301 310:313 619:623 733:733"
"ایوب اعوان","خواجہ معراج الدین",2,"621 729","619:623 733:726"
"ایوب اعوان","خوشی محمد تیلی",1,"279","279:279"
"ایوب اعوان","داؤد (خوشی محمد کا بھائی)",1,"279","279:279"
"ایوب اعوان","دتو میراثی",6,"27 28 32 145 149","26:28 27:28 28:28 36:28 141:149 150:149"
"ایوب اعوان","رابعہ",1,"134","136:133"
"ایوب اعوان","رحمت چوہان",1,"278","279:278"
"ایوب اعوان","رنگیلی (یعقوب کی گھوڑی)",10,"40 43 44 45 61 66","36:45 41:45 43:45 44:45 45:45 46:45 56:66 57:66 66:66 67:66"
"ایوب اعوان","ریاض (سرفراز کا ڈرائیور)",3,"133 618 735","136:131 619:618 733:738"
"ایوب اعوان","زور آور (گھوڑا)",8,"44 45 46 47 52 213","41:48 43:48 44:48 45:48 46:48 56:48 56:49 217:210"
"ایوب اعوان","زینب (یعقوب کی بیوی)",20,"40 43 44 45 46 51 52 53 54 60 65 66 67 68 79","36:45 41:45 43:45 44:45 45:45 46:45 46:46 56:46 56:47 56:48 56:50 56:52 56:64 57:64 66:64 66:67 67:67 68:67 68:68 84:74"
"ایوب اعوان","سائیں جلا",3,"155 156 239","150:160 152:160 236:242"
"ایوب اعوان","سراج گجر",3,"312 408 733","310:314 408:409 733:733"
"ایوب اعوان","سردار فلمبند خان",3,"83 411 618","84:83 408:414 619:618"
"ایوب اعوان","سلطان (پی۔او۔ڈبلیو ساتھی/دوست)",1,"615","619:612"
"ایوب اعوان","سلیم",9,"89 212 213 218 233 274 620 732","84:94 217:207 217:208 217:209 217:220 236:231 279:270 619:621 733:731"
"ایوب اعوان","سندر سنگھ",7,"45 46 47 52 53","41:49 43:49 44:49 45:49 46:49 56:49 56:50"
"ایوب اعوان","سکینہ (اعجاز کی بیوی)",45,"23 24 31 32 36 38 39 61 66 67 68 79 81 133 134 139 142 146 147 153 154 214 215 216 277 278 283 305 311 407 411 619 728 729 732 736","26:20 26:23 26:36 27:36 28:36 36:36 41:36 41:38 56:66 57:66 66:66 67:66 67:67 68:67 68:68 84:75 84:79 136:131 136:133 136:143 141:143 150:143 150:144 150:156 152:156 217:211 217:213 217:214 217:215 217:216 279:275 279:276 279:277 279:278 279:287 310:300 310:313 408:407 408:415 619:619 733:723 733:724 733:725 733:732 733:740"
"ایوب اعوان","سینئر انڈر آفیسر صبغت اللہ",1,"280","279:281"
"ایوب اعوان","شعیب",7,"282 308 309 311 737","279:286 310:306 310:307 310:308 310:309 310:312 733:741"
"ایوب اعوان","شوکت",6,"139 142 146 274 275 283","136:143 141:143 150:143 279:270 279:272 279:287"
"ایوب اعوان","شہلا رضوی",1,"735","733:737"
"ایوب اعوان","شیر بہادر اعوان",9,"60 65 68 69 82 84","56:64 57:64 66:64 66:65 66:70 67:70 68:70 84:80 84:85"
"ایوب اعوان","شیشے والا سالا (بدیع الزمان کا دوسرا قرض خواہ)",3,"69 70","66:72 67:72 68:72"
"ایوب اعوان","صوبیدار جہاں خان",3,"56 57 61","56:57 57:57 66:57"
"ایوب اعوان","طارق (ورکس منیجر)",2,"275 279","279:272 279:280"
"ایوب اعوان","عباس (چاچا احمد کا بیٹا)",20,"23 24 33 37 39 85 234 237 283 305 306 307 308 313 618 728","26:21 26:22 28:38 36:38 41:38 84:86 236:232 236:238 279:288 310:301 310:302 310:303 310:304 310:305 310:306 310:316 619:617 619:618 733:723 733:724"
"ایوب اعوان","علی بہادر",7,"60 61 65 69 70 87","56:65 57:65 66:65 66:72 67:72 68:72 84:91"
"ایوب اعوان","غلام حسین",8,"212 213 214 218 233 274","217:207 217:208 217:209 217:210 217:212 217:220 236:231 279:270"
"ایوب اعوان","فرخ غوری",1,"732","733:731"
"ایوب اعوان","فضلے",5,"47 48 49 54","43:52 44:52 45:52 46:52 56:52"
"ایوب اعوان","فلک شیر اعوان",8,"60 61 65 68 69 82 87","56:65 57:65 66:65 66:70 67:70 68:70 84:80 84:91"
"ایوب اعوان","قائد (پارٹی بانی لیڈر)",44,"30 31 35 57 62 69 70 83 86 131 133 134 137 139 143 147 214 218 231 232 236 275 282 309 312 403 404 405 406 407 409 614 618 621 729 732 734","26:34 27:34 28:34 36:34 36:35 56:58 57:58 66:58 66:72 67:72 68:72 84:83 84:89 136:126 136:130 136:132 136:138 141:138 141:145 150:145 217:212 217:220 236:226 236:229 236:237 279:272 279:286 310:309 310:314 408:398 408:399 408:401 408:402 408:403 408:404 408:406 408:410 619:609 619:610 619:617 619:623 733:726 733:731 733:736"
"ایوب اعوان","لیفٹیننٹ کرنل اسلام الدین",9,"133 136 138 139 140 615 618 733","136:130 136:136 141:136 141:137 141:138 141:139 619:611 619:618 733:733"
"ایوب اعوان","ماسی (سرفراز کی پرورش کرنے والی)",18,"24 25 33 37 39 68 69 79 81 133 134 153 154 239 305 313","26:22 26:23 26:24 28:38 36:38 41:38 66:71 67:71 68:71 84:74 84:79 136:131 136:133 150:156 152:156 236:243 310:300 310:317"
"ایوب اعوان","ماسی مریم",18,"24 25 33 37 39 68 69 79 81 133 134 153 154 239 305 313","26:22 26:23 26:24 28:38 36:38 41:38 66:71 67:71 68:71 84:74 84:79 136:131 136:133 150:156 152:156 236:243 310:300 310:317"
"ایوب اعوان","محمد نواز چیمہ",1,"88","84:93"
"ایوب اعوان","معین الدین شاہ",1,"621","619:624"
"ایوب اعوان","ملک جہانگیر اعوان (ایم ایل اے)",33,"38 40 84 131 138 141 145 146 147 148 149 151 152 219 232 233 234 236 277 284 404 405 407 408 614 619","36:40 41:40 84:85 136:126 136:141 141:141 150:141 150:142 150:143 150:144 150:145 150:146 150:147 150:148 150:149 150:152 152:152 217:222 236:229 236:230 236:232 236:236 279:275 279:276 279:289 408:401 408:402 408:406 408:407 408:408 619:609 619:610 619:619"
"ایوب اعوان","ملک حمید",5,"144 148 149 237 277","141:147 150:147 150:148 236:238 279:275"
"ایوب اعوان","ملک رشید (ملک حمید کا بھائی)",11,"135 136 138 139 140 146 150 151 277","136:135 136:136 141:136 141:137 141:138 141:139 141:151 150:151 152:151 279:275 279:276"
"ایوب اعوان","ملک عالم جہاں اعوان",5,"56 57 61 62 87","56:57 57:57 66:57 66:58 84:91"
"ایوب اعوان","منشی کریم شاہ",4,"139 142 146 407","136:143 141:143 150:143 408:406"
"ایوب اعوان","منظور (اعجاز کا ورکر)",5,"69 70 403 409","66:73 67:73 68:73 408:398 408:411"
"ایوب اعوان","میاں انتظار حسین (ایڈووکیٹ ہائی کورٹ)",3,"84 620 732","84:85 619:621 733:731"
"ایوب اعوان","میجر/کیپٹن سرفراز اعوان",79,"21 22 23 24 25 29 30 34 35 36 38 39 40 58 63 67 68 79 81 82 83 85 133 153 154 212 213 214 215 216 218 233 237 276 278 279 305 306 307 308 309 310 406 407 615 616 617 618 728 729 732 734","26:16 26:17 26:18 26:19 26:21 26:22 26:23 26:24 26:33 27:33 28:33 36:33 36:34 36:35 36:36 41:36 41:37 41:38 41:39 41:40 56:60 57:60 66:60 66:61 66:68 67:68 68:68 84:74 84:75 84:79 84:81 84:82 84:83 84:86 136:131 150:156 152:156 217:207 217:208 217:209 217:211 217:212 217:213 217:214 217:215 217:216 217:220 236:231 236:238 279:273 279:274 279:277 279:279 310:300 310:301 310:302 310:303 310:304 310:305 310:306 310:307 310:308 310:309 310:310 408:405 408:406 619:611 619:612 619:613 619:614 619:615 619:616 619:617 619:618 733:723 733:724 733:725 733:732 733:736"
"ایوب اعوان","نامعلوم مزدور عورت (ملک حمید/لطیف کا تعلق)",35,"21 22 30 31 35 44 45 46 51 53 56 57 62 85 131 132 133 135 136 138 139 144 149 152 153 214 216 217 728","26:16 26:17 26:18 26:19 26:34 27:34 28:34 36:34 41:47 43:47 44:47 45:47 46:47 56:47 56:51 56:56 57:56 57:58 66:58 84:87 136:126 136:128 136:130 136:134 136:136 141:136 141:137 141:148 150:148 150:154 152:154 217:211 217:215 217:217 733:723"
"ایوب اعوان","نانبائی (او جھری والا)",3,"212 213","217:207 217:208 217:209"
"ایوب اعوان","نسرین",28,"22 27 28 32 35 40 42 43 44 45 46 51 53 217 407 410 615 616 617 618 736","26:18 26:19 26:28 27:28 28:28 36:28 36:29 36:34 36:44 41:44 43:44 44:44 45:44 45:46 46:46 56:46 56:51 217:217 408:407 408:412 619:611 619:612 619:613 619:614 619:615 619:616 619:617 733:739"
"ایوب اعوان","نسیمہ (شعیب کی بہن)",4,"282 313 728 736","279:286 310:316 733:724 733:739"
"ایوب اعوان","نصیر شیخ (پارٹی امیدوار)",1,"403","408:398"
"ایوب اعوان","نیلی (بھینس)",6,"44 45 46 47 52","41:48 43:48 44:48 45:48 46:48 56:48"
"ایوب اعوان","وریا م",1,"87","84:91"
"ایوب اعوان","وسیم بھائی (بدیع الزمان کا سالا/قرض خواہ)",28,"21 26 27 28 32 35 37 39 44 45 46 47 52 57 58 62 70 71 79 81 85 136 138 279 622","26:17 26:26 27:26 27:28 28:28 36:28 36:35 36:38 41:38 41:48 43:48 44:48 45:48 46:48 56:48 56:59 57:59 66:59 66:74 67:74 68:74 84:74 84:79 84:86 136:136 141:136 279:279 619:626"
"ایوب اعوان","پروفیسر میر صاحب",1,"219","217:222"
"ایوب اعوان","پیر حمید الدین بلال شاہ (مرشد بلال پور شریف)",5,"30 31 35 157","26:34 27:34 28:34 36:34 152:162"
"ایوب اعوان","چاچا احمد خان راٹھور",59,"24 31 32 36 38 39 45 46 47 52 56 57 61 64 66 67 72 80 132 133 134 139 142 146 148 149 151 152 212 213 214 216 217 233 235 236 277 278 279 305 306 313 408 614 619 728 733","26:23 26:36 27:36 28:36 36:36 41:36 41:38 41:49 43:49 44:49 45:49 46:49 56:49 56:57 57:57 66:57 66:63 66:67 67:67 68:67 68:76 84:76 136:128 136:131 136:133 136:143 141:143 150:143 150:146 150:147 150:148 150:149 150:152 152:152 217:207 217:208 217:209 217:210 217:212 217:216 217:217 236:231 236:234 236:236 279:275 279:276 279:277 279:278 279:279 310:300 310:301 310:302 310:316 408:408 619:609 619:619 733:723 733:724 733:734"
"ایوب اعوان","چنبیلی (گھوڑی)",11,"40 43 44 45 47 52 67 68","36:45 41:45 43:45 44:45 45:45 46:45 46:48 56:48 66:68 67:68 68:68"
"ایوب اعوان","چوہدری اظہر (ایس ایچ او نور پور)",12,"56 57 61 136 138 139 140 146 150 151 306","56:57 57:57 66:57 136:136 141:136 141:137 141:138 141:139 141:151 150:151 152:151 310:302"
"ایوب اعوان","ڈاکٹر (کریم بخش کا بیٹا)",13,"23 47 48 49 54 56 57 61 62 133 217 621","26:20 43:52 44:52 45:52 46:52 56:52 56:57 57:57 66:57 66:58 136:131 217:217 619:623"
"ایوب اعوان","کریم راٹھور",2,"86 621","84:89 619:624"
"ایوب اعوان","کلونت کور",17,"26 27 28 32 38 41 42 43 48 49 54 55","26:27 27:27 28:27 28:28 36:28 36:41 41:41 43:41 43:42 43:43 44:43 44:53 45:53 46:53 56:53 56:54 56:55"
"ایوب اعوان","کنیز",17,"133 134 135 136 139 140 144 149 150 151 152 216 217","136:130 136:132 136:133 136:134 136:135 136:137 141:137 141:138 141:139 141:140 141:148 150:148 150:151 152:151 152:153 217:216 217:217"
"ایوب اعوان","کیپٹن اسد اللہ",1,"281","279:284"
"ایوب اعوان","کیپٹن اسرار",5,"30 31 35 729","26:34 27:34 28:34 36:34 733:726"
"ایوب اعوان","کیپٹن جمال",7,"21 22 280 617 618","26:16 26:17 26:18 26:19 279:282 619:616 619:617"
"ایوب اعوان","کیپٹن دلاور",1,"311","310:312"
"ایوب اعوان","کیڈٹ حبیب اللہ",1,"282","279:285"
"ایوب اعوان","گل افروز خان",2,"279 412","279:279 408:416"
"ایوب اعوان","یعقوب اعوان",61,"25 26 27 28 32 34 35 36 38 41 42 43 44 45 46 51 52 53 54 56 57 61 62 64 65 66 67 68 79 80 81 82 139 142 146 235 237 278 306 307 311 728","26:24 26:26 27:26 27:27 28:27 28:28 36:28 36:32 36:35 36:36 41:36 41:41 43:41 43:43 44:43 44:44 45:44 45:45 46:45 46:46 56:46 56:47 56:48 56:49 56:50 56:51 56:52 56:53 56:56 57:56 57:57 66:57 66:58 66:59 66:63 66:64 66:65 66:66 67:66 67:67 68:67 68:68 84:74 84:75 84:76 84:77 84:78 84:79 84:80 136:143 141:143 150:143 236:234 236:235 236:239 279:277 310:303 310:304 310:305 310:313 733:723"
"باجوہ (تھرڈ ایئر والنٹیر)","جیرا (نانبائی کا لڑکا)",1,"205","204:206"
"باجوہ (تھرڈ ایئر والنٹیر)","حسن (اعجاز/سکینہ کا بیٹا)",1,"207","204:211"
"باجوہ (تھرڈ ایئر والنٹیر)","حسین (اعجاز/سکینہ کا بیٹا)",3,"203 204","204:202 204:203 204:205"
"باجوہ (تھرڈ ایئر والنٹیر)","ذوالقرنین نقوی",1,"204","204:204"
"باجوہ (تھرڈ ایئر والنٹیر)","زور آور (گھوڑا)",1,"207","204:210"
"باجوہ (تھرڈ ایئر والنٹیر)","سلیم",3,"203 204","204:202 204:203 204:204"
"باجوہ (تھرڈ ایئر والنٹیر)","سکینہ (اعجاز کی بیوی)",3,"199 202 207","204:194 204:200 204:211"
"باجوہ (تھرڈ ایئر والنٹیر)","عمران (ہوسٹل ساتھی)",1,"204","204:205"
"باجوہ (تھرڈ ایئر والنٹیر)","غلام حسین",3,"203 204","204:202 204:203 204:205"
"باجوہ (تھرڈ ایئر والنٹیر)","قائد (پارٹی بانی لیڈر)",4,"199 200 208","204:194 204:195 204:196 204:212"
"باجوہ (تھرڈ ایئر والنٹیر)","ملک جہانگیر اعوان (ایم ایل اے)",1,"201","204:199"
"باجوہ (تھرڈ ایئر والنٹیر)","ملک حمید",1,"199","204:194"
"باجوہ (تھرڈ ایئر والنٹیر)","منظور (اعجاز کا ورکر)",1,"199","204:195"
"باجوہ (تھرڈ ایئر والنٹیر)","میجر/کیپٹن سرفراز اعوان",2,"203 204","204:202 204:204"
"باجوہ (تھرڈ ایئر والنٹیر)","نامعلوم مزدور عورت (ملک حمید/لطیف کا تعلق)",1,"207","204:211"
"باجوہ (تھرڈ ایئر والنٹیر)","نانبائی (او جھری والا)",1,"204","204:205"
"باجوہ (تھرڈ ایئر والنٹیر)","چاچا احمد خان راٹھور",10,"199 200 201 202 203 204","204:194 204:195 204:196 204:197 204:198 204:199 204:200 204:202 204:203 204:204"
"باجوہ (تھرڈ ایئر والنٹیر)","کنیز",4,"199 201 202","204:194 204:195 204:199 204:200"
"بدر الحق (ایگزیکٹو ایڈیٹر طلوع)","بدیع الزمان",12,"696 697 698 699 700 701 702 704 706","701:692 701:694 701:695 701:696 701:697 701:698 701:699 701:701 702:701 702:702 706:702 706:706"
"بدر الحق (ایگزیکٹو ایڈیٹر طلوع)","حسن (اعجاز/سکینہ کا بیٹا)",1,"697","701:693"
"بدر الحق (ایگزیکٹو ایڈیٹر طلوع)","خواجہ معراج الدین",2,"707 709","702:712 706:712"
"بدر الحق (ایگزیکٹو ایڈیٹر طلوع)","زیدی صاحب (چیف ایڈیٹر طلوع)",2,"701","701:701 702:701"
"بدر الحق (ایگزیکٹو ایڈیٹر طلوع)","سلیم",5,"697 700 703 704 706","701:694 701:699 701:706 702:706 706:706"
"بدر الحق (ایگزیکٹو ایڈیٹر طلوع)","سکینہ (اعجاز کی بیوی)",10,"696 697 700 701 702 704 705 708","701:691 701:692 701:694 701:700 701:702 702:702 706:702 706:704 706:705 706:711"
"بدر الحق (ایگزیکٹو ایڈیٹر طلوع)","شمس (بدیع الزمان کا اسسٹنٹ)",5,"697 703 705 706","701:694 701:705 702:705 706:705 706:706"
"بدر الحق (ایگزیکٹو ایڈیٹر طلوع)","فرخ غوری",3,"705 706 708","701:710 702:710 706:710"
"بدر الحق (ایگزیکٹو ایڈیٹر طلوع)","قائد (پارٹی بانی لیڈر)",8,"698 699 700 701 702 704 706","701:695 701:698 701:699 701:701 702:701 702:702 706:702 706:706"
"بدر الحق (ایگزیکٹو ایڈیٹر طلوع)","محمد یاسین (طلوع کا رپورٹر/ساتھی)",3,"703 704 706","701:706 702:706 706:706"
"بدر الحق (ایگزیکٹو ایڈیٹر طلوع)","میجر/کیپٹن سرفراز اعوان",2,"696 697","701:691 701:693"
"بدر الحق (ایگزیکٹو ایڈیٹر طلوع)","نامعلوم مزدور عورت (ملک حمید/لطیف کا تعلق)",2,"699 700","701:697 701:699"
"بدر الحق (ایگزیکٹو ایڈیٹر طلوع)","نیلی (بھینس)",4,"702 704 705","701:703 702:703 706:703 706:704"
"بدر الحق (ایگزیکٹو ایڈیٹر طلوع)","وسیم بھائی (بدیع الزمان کا سالا/قرض خواہ)",3,"706 708","701:711 702:711 706:711"
"بدر الحق (ایگزیکٹو ایڈیٹر طلوع)","چاچا احمد خان راٹھور",5,"697 700 703 704 706","701:694 701:700 701:706 702:706 706:706"
"بدر الحق (ایگزیکٹو ایڈیٹر طلوع)","ڈاکٹر (کریم بخش کا بیٹا)",5,"698 699 700","701:695 701:696 701:697 701:698 701:699"
"بدر الحق (ایگزیکٹو ایڈیٹر طلوع)","ڈاکٹر سعد اللہ خان (کنسلٹنٹ کارڈیالوجسٹ)",2,"698 699","701:695 701:697"
"بدر الحق (ایگزیکٹو ایڈیٹر طلوع)","ڈاکٹر عرفان (ڈیوٹی ڈاکٹر آئی سی یو)",2,"698 699","701:695 701:697"
"بدیع الزمان","برکت",6,"556 557 559 560 593","551:561 553:561 554:561 558:561 559:561 591:595"
"بدیع الزمان","بریگیڈیئر کرّار (شعیب کا والد)",6,"556 557 559 560 590","551:561 553:561 554:561 558:561 559:561 591:590"
"بدیع الزمان","بھگت سنگھ",10,"562 673 674 675 676 677 678","558:566 559:566 668:678 670:678 672:678 674:678 676:678 677:678 678:678 679:678"
"بدیع الزمان","بی بی (گھر کی بزرگ عورت/لالے کی ساتھی)",27,"494 501 502 503 504 505 562 679 680 681 682 683 684 716 719 720 723 724","495:493 496:506 497:506 498:506 499:506 501:506 502:506 503:506 504:506 505:506 558:566 559:566 674:684 676:684 677:684 678:684 679:684 681:684 682:684 683:684 684:684 685:684 711:721 718:721 719:721 726:721 726:723"
"بدیع الزمان","بی بی کمہاری",9,"501 502 503 504 505","496:506 497:506 498:506 499:506 501:506 502:506 503:506 504:506 505:506"
"بدیع الزمان","تھانیدار / اے ایس آئی",8,"562 563 586 587 588 595","558:567 559:567 591:581 591:582 591:583 591:584 591:585 591:599"
"بدیع الزمان","جعفری صاحب (کیمسٹ/پرانا رابطہ)",11,"520 525 526 534 536 537 538 539","519:522 528:522 528:523 528:525 529:539 534:539 535:539 536:539 537:539 538:539 540:539"
"بدیع الزمان","جمیلہ",4,"562 594 620","558:566 559:566 591:597 621:619"
"بدیع الزمان","جونیئر وکیل (خواجہ معراج کا شاگرد)",23,"621 622 627 628 630 631 632 633 659 663 664 666 667 668 669 674 675 676 677 678","621:622 622:622 623:622 623:632 625:632 629:632 630:632 632:632 635:632 654:664 662:664 665:664 665:668 666:668 668:668 670:668 670:678 672:678 674:678 676:678 677:678 678:678 679:678"
"بدیع الزمان","حاجی ذوالفقار",3,"509 516","504:514 505:514 519:514"
"بدیع الزمان","حاجی رحیم بخش",3,"522 526 527","519:525 528:525 528:526"
"بدیع الزمان","حاجی وسیم بخش (منیجنگ ڈائریکٹر)",3,"520 524 526","519:521 528:521 528:524"
"بدیع الزمان","حاجی کریم بخش (چیئرمین ازمیر گھی انڈسٹریز)",35,"520 524 525 526 527 528 534 536 537 538 539 594 622 623 624 665 666 667 668 669 672 673 674 675 677 678","519:521 528:521 528:522 528:523 528:524 528:525 528:526 528:527 528:528 529:528 529:539 534:539 535:539 536:539 537:539 538:539 540:539 591:597 621:624 622:624 623:624 625:624 662:668 665:668 666:668 668:668 670:668 670:674 672:674 674:674 676:674 676:678 677:678 678:678 679:678"
"بدیع الزمان","حسن (اعجاز/سکینہ کا بیٹا)",19,"494 563 593 688 689 690 691 692 693 720 724 729","495:494 558:568 559:568 591:596 683:693 684:693 685:693 686:693 687:693 688:693 689:693 690:693 692:693 694:693 718:722 719:722 726:722 726:723 726:733"
"بدیع الزمان","حسین (اعجاز/سکینہ کا بیٹا)",82,"494 553 554 555 557 563 590 593 622 623 624 625 627 628 636 638 639 640 641 642 644 646 647 648 649 651 652 653 654 658 659 660 661 662 664 665 666 667 668 669 670 671 672 673 674 675 676 677 678 684 685 686 687 688 689 715 718 719 722 729","495:494 551:556 553:556 554:556 558:556 558:568 559:568 591:590 591:596 621:623 622:623 623:623 625:623 625:624 625:625 629:625 629:628 632:641 635:641 636:641 637:641 638:641 639:641 640:641 642:641 642:642 643:642 643:645 648:645 648:646 648:647 648:648 649:648 649:649 653:649 653:651 653:652 653:653 654:653 654:654 662:654 662:656 662:657 662:659 662:660 662:661 662:663 665:663 665:664 665:665 666:665 666:666 668:666 668:668 670:668 670:671 672:671 672:673 674:673 674:675 676:675 676:676 677:676 677:678 678:678 679:678 679:689 681:689 682:689 683:689 684:689 685:689 686:689 687:689 688:689 689:689 690:689 711:719 718:719 719:719 726:719 726:733"
"بدیع الزمان","خواجہ معراج الدین",63,"524 528 529 531 535 536 537 554 555 556 558 559 622 623 624 627 629 632 633 635 637 638 640 641 642 643 645 659 663 664 667 668 669 670 671 674 675 676 677 680 681 682 707 709 711 715 722 726","519:529 528:529 529:529 534:529 534:537 535:537 536:537 537:537 538:537 551:558 553:558 554:558 558:558 559:558 559:559 621:623 622:623 623:623 625:623 625:629 629:629 630:629 630:635 632:635 635:635 636:635 636:638 637:638 638:638 639:638 639:642 640:642 642:642 643:642 643:643 648:643 654:664 662:664 665:664 665:669 666:669 668:669 670:669 670:670 672:670 672:677 674:677 676:677 677:677 678:677 678:682 679:682 681:682 682:682 683:682 702:712 706:712 707:712 711:712 718:712 718:726 719:726 726:726"
"بدیع الزمان","دتا کمہار",11,"500 501 502 503 504 505 594","495:505 496:505 497:505 498:505 499:505 501:505 502:505 503:505 504:505 505:505 591:598"
"بدیع الزمان","ذوالقرنین نقوی",17,"636 638 639 640 641 642 652 653 655 659 660","632:641 635:641 636:641 637:641 638:641 639:641 640:641 642:641 642:642 643:642 648:657 649:657 653:657 654:657 662:657 662:658 662:659"
"بدیع الزمان","رحمت چوہان",12,"502 503 504 505 506 529 530 532 533","497:507 498:507 499:507 501:507 502:507 503:507 504:507 505:507 528:531 529:531 534:531 534:533"
"بدیع الزمان","رنگیلی (یعقوب کی گھوڑی)",6,"497 498 499 500","495:500 496:500 497:500 498:500 499:500 501:500"
"بدیع الزمان","ریاض (سرفراز کا ڈرائیور)",1,"619","621:618"
"بدیع الزمان","زیدی صاحب (چیف ایڈیٹر طلوع)",20,"683 684 685 686 687 688 696 697 698 699 700 701","678:688 679:688 681:688 682:688 683:688 684:688 685:688 686:688 687:688 688:688 689:688 692:701 694:701 695:701 696:701 697:701 698:701 699:701 701:701 702:701"
"بدیع الزمان","سائیں جلا",1,"588","591:586"
"بدیع الزمان","سراج گجر",12,"505 506 507 514 665 667 668 669 729","501:510 502:510 503:510 504:510 505:510 519:510 662:669 665:669 666:669 668:669 670:669 726:733"
"بدیع الزمان","سردار فلمبند خان",2,"490 619","495:485 621:618"
"بدیع الزمان","سلطان (پی۔او۔ڈبلیو ساتھی/دوست)",23,"490 491 497 498 499 500 506 507 508 515 516 517 556 557 559 560 616","495:486 495:487 495:488 495:500 496:500 497:500 498:500 499:500 501:500 501:511 502:511 503:511 504:511 505:511 519:511 519:513 519:515 551:561 553:561 554:561 558:561 559:561 621:612"
"بدیع الزمان","سلیم",76,"621 622 630 632 633 635 637 638 639 644 645 646 648 649 651 657 658 662 663 664 665 667 668 669 670 671 673 674 675 677 678 679 680 681 682 686 687 688 689 690 691 693 694 697 698 699 700 703 704 706 715 718 719 722 723 728","621:621 622:621 622:622 623:622 625:635 629:635 630:635 632:635 635:635 636:635 636:638 637:638 638:638 639:638 639:639 640:639 640:649 642:649 643:649 648:649 649:649 653:649 653:662 654:662 662:662 665:662 665:663 665:664 665:665 666:665 666:669 668:669 670:669 670:670 672:670 672:674 674:674 676:674 676:678 677:678 678:678 679:678 679:679 681:679 681:681 682:681 682:682 683:682 683:690 684:690 685:690 686:690 687:690 688:690 689:690 690:690 692:690 692:694 694:694 695:694 695:699 696:699 697:699 698:699 699:699 701:699 701:706 702:706 706:706 707:706 711:719 718:719 719:719 726:719 726:720 726:731"
"بدیع الزمان","سکینہ (اعجاز کی بیوی)",86,"493 494 499 500 501 502 503 504 537 538 539 540 553 554 555 557 558 562 594 620 626 627 628 630 631 680 681 682 683 684 685 686 687 689 690 691 692 693 694 697 698 699 700 701 702 704 705 708 709 711 714 716 717 718 719 722 724 725 729","495:491 495:493 495:494 495:504 496:504 497:504 498:504 499:504 501:504 502:504 503:504 504:504 505:504 534:540 535:540 536:540 537:540 538:540 540:540 541:540 551:556 553:556 554:556 558:556 558:557 558:558 559:558 559:566 591:597 621:619 621:631 622:631 623:631 625:631 629:631 630:631 632:631 676:685 677:685 678:685 679:685 681:685 682:685 683:685 684:685 685:685 686:685 686:686 687:686 687:687 688:687 688:691 689:691 690:691 692:691 692:692 694:692 694:694 695:694 695:700 696:700 697:700 698:700 699:700 701:700 701:702 702:702 706:702 706:704 706:705 706:711 707:711 711:711 718:711 718:715 718:716 718:717 718:718 719:718 719:719 726:719 726:722 726:723 726:724 726:725 726:732"
"بدیع الزمان","سیکنڈ لفٹننٹ امتیاز",1,"490","495:486"
"بدیع الزمان","شعیب",6,"556 557 559 560 594","551:561 553:561 554:561 558:561 559:561 591:598"
"بدیع الزمان","شمس (بدیع الزمان کا اسسٹنٹ)",43,"523 528 532 534 535 536 537 538 539 546 551 552 554 555 557 558 689 690 691 692 693 694 700 701 702 703 705 706 707 709","519:528 528:528 529:528 529:535 534:535 535:535 536:535 536:537 537:537 538:537 538:538 540:538 541:551 542:551 551:551 553:551 553:556 554:556 558:556 558:558 559:558 684:694 685:694 686:694 687:694 688:694 689:694 690:694 692:694 694:694 695:694 695:705 696:705 697:705 698:705 699:705 701:705 702:705 706:705 706:706 707:706 707:707 711:707"
"بدیع الزمان","شیشے والا سالا (بدیع الزمان کا دوسرا قرض خواہ)",8,"537 538 539 540 541","534:541 535:541 536:541 537:541 538:541 540:541 541:541 542:541"
"بدیع الزمان","طارق (ورکس منیجر)",6,"520 525 526 527","519:522 528:522 528:523 528:524 528:525 528:527"
"بدیع الزمان","عامر محمود (چیف کیمسٹ)",35,"520 524 534 536 537 538 539 635 636 637 638 639 640 641 648 650 651 653 654 658 659 669 670 671 672 673 674 675","519:521 528:521 529:539 534:539 535:539 536:539 537:539 538:539 540:539 630:640 632:640 635:640 636:640 637:640 638:640 639:640 640:640 642:640 643:653 648:653 649:653 653:653 654:653 654:654 662:654 662:655 662:656 662:657 665:674 666:674 668:674 670:674 672:674 674:674 676:674"
"بدیع الزمان","عباس (چاچا احمد کا بیٹا)",10,"562 596 619 720 724 725","558:566 559:566 591:601 621:617 621:618 718:722 719:722 726:722 726:723 726:724"
"بدیع الزمان","عمران (ہوسٹل ساتھی)",6,"505 506 507 514","501:510 502:510 503:510 504:510 505:510 519:510"
"بدیع الزمان","فرخ غوری",6,"705 706 708 710 728","701:710 702:710 706:710 707:710 711:710 726:731"
"بدیع الزمان","قائد (پارٹی بانی لیڈر)",143,"491 492 495 496 497 498 499 500 504 505 506 515 519 524 525 526 527 528 532 534 535 536 538 539 540 541 542 546 547 549 551 552 555 556 558 559 586 587 588 590 592 619 622 623 624 625 627 628 629 632 633 635 637 638 640 641 642 643 645 648 649 651 652 653 654 658 660 663 664 667 668 669 670 671 673 674 675 676 677 678 679 680 681 682 683 684 686 687 688 692 693 694 695 697 698 699 700 701 702 704 706 722 726","495:488 495:489 495:496 496:496 497:496 497:497 498:497 498:499 499:499 501:499 501:507 502:507 503:507 504:507 505:507 519:511 519:520 528:520 528:521 528:522 528:523 528:524 528:525 528:526 528:527 528:528 529:528 529:535 534:535 535:535 536:535 536:536 537:536 537:539 538:539 540:539 540:540 541:540 541:542 542:542 551:542 551:543 551:547 551:551 553:551 553:558 554:558 558:558 559:558 559:559 591:582 591:583 591:584 591:586 591:590 591:593 621:617 621:623 622:623 623:623 625:623 625:626 629:626 629:627 629:628 629:629 630:629 630:635 632:635 635:635 636:635 636:638 637:638 638:638 639:638 639:642 640:642 642:642 643:642 643:643 648:643 648:648 649:648 649:649 653:649 653:650 653:652 653:654 654:654 662:654 662:658 662:659 662:664 665:664 665:669 666:669 668:669 670:669 670:671 672:671 672:675 674:675 676:675 676:677 677:677 678:677 678:678 679:678 679:679 681:679 681:681 682:681 682:682 683:682 683:684 684:684 685:684 685:688 686:688 687:688 688:688 689:688 689:695 690:695 692:695 694:695 695:695 696:695 696:698 697:698 698:698 699:698 699:699 701:699 701:701 702:701 702:702 706:702 706:706 707:706 718:726 719:726 726:726"
"بدیع الزمان","قمر الاسلام",5,"496 497 498","495:498 496:498 497:498 498:498 499:498"
"بدیع الزمان","لیفٹیننٹ کرنل اسلام الدین",6,"590 595 616 619 729","591:589 591:590 591:600 621:611 621:618 726:733"
"بدیع الزمان","ماسی (سرفراز کی پرورش کرنے والی)",12,"562 626 627 628 630 631 632 634","558:566 559:566 621:631 622:631 623:631 625:631 629:631 630:631 632:631 632:633 635:633 635:634"
"بدیع الزمان","ماسی مریم",12,"562 626 627 628 630 631 632 634","558:566 559:566 621:631 622:631 623:631 625:631 629:631 630:631 632:631 632:633 635:633 635:634"
"بدیع الزمان","محمد یاسین (طلوع کا رپورٹر/ساتھی)",8,"701 702 703 704 706","696:706 697:706 698:706 699:706 701:706 702:706 706:706 707:706"
"بدیع الزمان","مرزا عبد الرشید",2,"495","495:495 496:495"
"بدیع الزمان","معین الدین شاہ",11,"520 524 622 623 624 625 627 628","519:521 528:521 621:624 622:624 623:624 625:624 625:625 629:625 629:626 629:627 629:628"
"بدیع الزمان","ملک جہانگیر اعوان (ایم ایل اے)",45,"496 497 498 499 500 504 505 506 514 515 519 524 559 561 588 591 620 628 629 631 632 634 640 641 642 643 644 646 670 671 672 673 674 675","495:497 496:497 497:497 498:497 498:499 499:499 501:499 501:507 502:507 503:507 504:507 505:507 519:509 519:510 519:512 519:520 528:520 554:564 558:564 559:564 591:586 591:591 621:619 623:633 625:633 629:633 630:633 632:633 635:633 635:645 636:645 637:645 638:645 639:645 640:645 642:645 643:645 648:645 665:675 666:675 668:675 670:675 672:675 674:675 676:675"
"بدیع الزمان","ملک حمید",5,"586 587 595","591:581 591:582 591:583 591:584 591:599"
"بدیع الزمان","ملک لطیف",2,"587 595","591:584 591:599"
"بدیع الزمان","منظور (اعجاز کا ورکر)",23,"493 494 499 500 501 502 503 504 684 685 686 687 688 689","495:491 495:494 495:504 496:504 497:504 498:504 499:504 501:504 502:504 503:504 504:504 505:504 679:689 681:689 682:689 683:689 684:689 685:689 686:689 687:689 688:689 689:689 690:689"
"بدیع الزمان","منیر میکنک",1,"589","591:588"
"بدیع الزمان","میاں انتظار حسین (ایڈووکیٹ ہائی کورٹ)",74,"552 553 554 556 557 558 559 591 621 622 623 624 625 627 628 630 631 632 633 635 637 638 639 640 641 642 644 646 647 648 649 651 652 653 654 658 659 661 662 664 665 666 667 668 669 671 672 673 676 677 678 682 683 684 685 728","551:554 553:554 554:554 558:554 558:556 558:559 559:559 591:591 621:621 622:621 622:622 623:622 623:624 625:624 625:625 629:625 629:628 629:632 630:632 632:632 635:632 635:635 636:635 636:639 637:639 638:639 639:639 640:639 640:641 642:641 642:642 643:642 643:645 648:645 648:646 648:647 648:648 649:648 649:649 653:649 653:651 653:652 653:653 654:653 654:654 662:654 662:657 662:660 662:661 662:663 665:663 665:664 665:666 666:666 668:666 668:667 668:668 670:668 670:673 672:673 674:673 674:678 676:678 677:678 678:678 679:678 679:685 681:685 682:685 683:685 684:685 685:685 686:685 726:731"
"بدیع الزمان","میجر صدیق",1,"493","495:492"
"بدیع الزمان","میجر قدیر (ازمیر مل کا ایڈمن افسر)",11,"520 524 525 526 534 536 537 538 539","519:521 528:521 528:522 528:524 529:539 534:539 535:539 536:539 537:539 538:539 540:539"
"بدیع الزمان","میجر/کیپٹن سرفراز اعوان",67,"491 503 504 505 506 514 515 518 538 539 540 541 542 547 548 549 550 551 552 556 557 559 590 591 616 617 618 619 686 687 688 689 690 691 692 693 716 719 720 723 724 725 729","495:487 498:508 499:508 501:508 502:508 503:508 504:508 505:508 519:509 519:510 519:511 519:518 534:543 535:543 536:543 537:543 538:543 540:543 541:543 542:543 551:543 551:544 551:545 551:546 551:547 551:548 551:549 551:550 551:552 553:552 553:560 554:560 558:560 559:560 591:589 591:590 591:591 621:611 621:612 621:613 621:614 621:615 621:616 621:617 621:618 681:691 682:691 683:691 684:691 685:691 686:691 687:691 688:691 689:691 690:691 692:691 692:693 694:693 711:721 718:721 719:721 726:721 726:722 726:723 726:724 726:725 726:732"
"بدیع الزمان","نامعلوم مزدور عورت (ملک حمید/لطیف کا تعلق)",49,"502 503 504 505 506 537 538 539 540 554 555 556 558 559 587 588 594 677 678 679 680 681 682 692 693 694 695 696 697 698 699 700 720 721 724","497:507 498:507 499:507 501:507 502:507 503:507 504:507 505:507 534:540 535:540 536:540 537:540 538:540 540:540 541:540 551:558 553:558 554:558 558:558 559:558 559:560 591:584 591:585 591:598 672:682 674:682 676:682 677:682 678:682 679:682 681:682 682:682 683:682 687:697 688:697 689:697 690:697 692:697 694:697 695:697 696:697 697:697 698:697 698:699 699:699 701:699 718:723 719:723 726:723"
"بدیع الزمان","نانبائی (او جھری والا)",8,"673 674 675 676 677 678","668:678 670:678 672:678 674:678 676:678 677:678 678:678 679:678"
"بدیع الزمان","نسرین",10,"590 591 616 617 618 619","591:589 591:590 591:592 621:611 621:612 621:613 621:614 621:615 621:616 621:617"
"بدیع الزمان","نسیمہ (شعیب کی بہن)",32,"491 538 539 540 541 542 547 548 549 550 551 552 556 557 559 590 594 716 719 720 723 724 725","495:487 534:543 535:543 536:543 537:543 538:543 540:543 541:543 542:543 551:543 551:544 551:545 551:546 551:547 551:548 551:549 551:550 551:552 553:552 553:560 554:560 558:560 559:560 591:589 591:590 591:598 711:721 718:721 719:721 726:721 726:722 726:724"
"بدیع الزمان","نیلی (بھینس)",10,"698 699 700 701 702 704 705","694:703 695:703 696:703 697:703 698:703 699:703 701:703 702:703 706:703 706:704"
"بدیع الزمان","وسیم بھائی (بدیع الزمان کا سالا/قرض خواہ)",26,"529 532 623 624 625 627 628 685 686 687 688 689 690 691 706 708 709 711 714","528:530 529:530 534:530 621:626 622:626 623:626 625:626 629:626 629:627 681:690 682:690 683:690 684:690 685:690 686:690 687:690 688:690 689:690 690:690 692:690 701:711 702:711 706:711 707:711 711:711 718:711"
"بدیع الزمان","چاچا احمد خان راٹھور",46,"494 507 508 515 555 556 558 559 589 596 620 628 629 631 632 634 689 690 691 692 693 694 697 698 699 700 703 704 706 720 721 724 725 730","495:493 502:512 503:512 504:512 505:512 519:512 551:559 553:559 554:559 558:559 559:559 591:588 591:601 621:619 623:633 625:633 629:633 630:633 632:633 635:633 635:634 684:694 685:694 686:694 687:694 688:694 689:694 690:694 692:694 694:694 695:694 695:700 696:700 697:700 698:700 699:700 701:700 701:706 702:706 706:706 707:706 718:723 719:723 726:723 726:724 726:734"
"بدیع الزمان","چوہدری اظہر (ایس ایچ او نور پور)",8,"562 563 586 587 588 595","558:567 559:567 591:581 591:582 591:583 591:584 591:585 591:599"
"بدیع الزمان","ڈاکٹر (کریم بخش کا بیٹا)",89,"498 499 500 501 502 505 506 514 515 519 524 527 529 530 532 533 534 553 554 556 622 623 624 628 630 631 632 633 636 637 641 642 643 646 647 648 649 651 652 676 677 678 679 680 681 682 683 684 685 690 691 692 693 694 695 696 697 698 699 700","495:501 496:501 497:501 498:501 499:501 501:501 502:501 502:502 503:502 503:507 504:507 505:507 519:509 519:510 519:512 519:520 528:520 528:526 528:527 528:531 529:531 534:531 534:533 534:534 535:534 551:555 553:555 554:555 558:555 621:623 622:623 623:623 625:623 625:632 629:632 630:632 632:632 635:632 635:637 636:637 637:637 638:637 638:644 639:644 640:644 642:644 643:644 648:644 648:645 648:646 648:647 648:648 649:648 649:649 653:649 653:652 672:681 674:681 676:681 677:681 678:681 679:681 681:681 682:681 682:682 683:682 683:683 684:683 684:684 685:684 685:685 686:685 686:695 687:695 688:695 689:695 690:695 692:695 694:695 695:695 696:695 696:696 697:696 697:697 698:697 698:698 699:698 699:699 701:699"
"بدیع الزمان","ڈاکٹر احسان الحق (پُل کھنگر)",27,"505 506 507 514 519 524 529 530 532 534 640 641 642 643 644 646 647 648 649 651","501:510 502:510 503:510 504:510 505:510 519:510 519:520 528:520 528:531 529:531 534:531 534:534 535:534 635:645 636:645 637:645 638:645 639:645 640:645 642:645 643:645 648:645 648:647 648:648 649:648 649:649 653:649"
"بدیع الزمان","ڈاکٹر خدابخش کھوکھر (چیف کیمسٹ)",24,"520 524 534 536 537 538 539 651 653 654 658 659 669 670 671 672 673 674 675","519:521 528:521 529:539 534:539 535:539 536:539 537:539 538:539 540:539 648:654 649:654 653:654 654:654 662:654 662:655 662:656 662:657 665:674 666:674 668:674 670:674 672:674 674:674 676:674"
"بدیع الزمان","ڈاکٹر سعد اللہ خان (کنسلٹنٹ کارڈیالوجسٹ)",13,"690 691 692 693 694 695 696 697","685:695 686:695 687:695 688:695 689:695 690:695 692:695 694:695 695:695 696:695 696:697 697:697 698:697"
"بدیع الزمان","ڈاکٹر عرفان (ڈیوٹی ڈاکٹر آئی سی یو)",13,"690 691 692 693 694 695 696 697","685:695 686:695 687:695 688:695 689:695 690:695 692:695 694:695 695:695 696:695 696:697 697:697 698:697"
"بدیع الزمان","کامران خان (جواں سال کیمسٹ)",20,"644 645 646 648 649 651 652 656 657 661 666 668 669 670 671 673 674 675","639:649 640:649 642:649 643:649 648:649 649:649 653:649 653:652 653:660 654:660 662:660 662:671 665:671 666:671 668:671 670:671 672:671 672:674 674:674 676:674"
"بدیع الزمان","کریم راٹھور",40,"507 508 515 521 525 526 527 528 534 536 537 538 539 622 623 624 665 666 667 668 669 672 673 674 675 677 678 715 718 719 722","502:512 503:512 504:512 505:512 519:512 519:523 528:523 528:524 528:525 528:527 528:528 529:528 529:539 534:539 535:539 536:539 537:539 538:539 540:539 621:624 622:624 623:624 625:624 662:668 665:668 666:668 668:668 670:668 670:674 672:674 674:674 676:674 676:678 677:678 678:678 679:678 711:719 718:719 719:719 726:719"
"بدیع الزمان","کنیز",19,"537 538 539 540 588 684 685 686 687 688 689","534:540 535:540 536:540 537:540 538:540 540:540 541:540 591:585 679:689 681:689 682:689 683:689 684:689 685:689 686:689 687:689 688:689 689:689 690:689"
"بدیع الزمان","کیپٹن اسرار",8,"555 556 557 559 722 726","551:560 553:560 554:560 558:560 559:560 718:726 719:726 726:726"
"بدیع الزمان","کیپٹن جمال",4,"590 591 618 619","591:589 591:592 621:616 621:617"
"بدیع الزمان","ہکیم حاذق",10,"500 501 502 503 504 505","495:505 496:505 497:505 498:505 499:505 501:505 502:505 503:505 504:505 505:505"
"بدیع الزمان","یعقوب اعوان",5,"494 720 721 724","495:493 495:494 718:723 719:723 726:723"
"برکت","بریگیڈیئر کرّار (شعیب کا والد)",5,"286 561 574 576 592","287:286 561:561 577:571 577:575 595:590"
"برکت","بلال مسیح موچی",1,"258","258:259"
"برکت","بکتو (کو چوہے کی بیوی)",1,"258","258:259"
"برکت","بھگت سنگھ",1,"563","561:566"
"برکت","بی بی (گھر کی بزرگ عورت/لالے کی ساتھی)",17,"254 255 256 257 258 297 298 299 300 305 563 572","258:251 258:253 258:254 258:255 258:256 258:257 258:258 293:301 294:301 295:301 297:301 298:301 299:301 310:301 561:566 577:567 577:568"
"برکت","تھانیدار / اے ایس آئی",12,"297 298 299 300 306 564 572 579 590 597","293:302 294:302 295:302 297:302 298:302 299:302 310:302 561:567 577:567 577:581 595:585 595:599"
"برکت","جمیلہ",7,"289 292 313 331 563 572 596","287:292 293:292 310:317 333:330 561:566 577:568 595:597"
"برکت","حاجی کریم بخش (چیئرمین ازمیر گھی انڈسٹریز)",1,"596","595:597"
"برکت","حسن (اعجاز/سکینہ کا بیٹا)",12,"257 288 291 311 331 332 564 572 575 595","258:257 287:290 293:290 310:313 333:329 333:330 333:332 561:568 577:568 577:573 577:574 595:596"
"برکت","حسین (اعجاز/سکینہ کا بیٹا)",20,"253 255 297 298 299 300 305 311 331 332 558 564 572 573 575 592 595","258:248 258:249 258:252 293:301 294:301 295:301 297:301 298:301 299:301 310:301 310:313 333:330 333:332 561:556 561:568 577:568 577:569 577:573 595:590 595:596"
"برکت","خدابخش ارائیں",1,"260","258:262"
"برکت","خواجہ معراج الدین",2,"559 560","561:558 561:559"
"برکت","خوشی محمد تیلی",1,"283","287:279"
"برکت","داؤد (خوشی محمد کا بھائی)",1,"283","287:279"
"برکت","دتا کمہار",1,"596","595:598"
"برکت","رحمت چوہان",2,"257 282","258:257 287:278"
"برکت","سائیں جلا",2,"581 590","577:586 595:586"
"برکت","سراج گجر",1,"312","310:314"
"برکت","سلطان (پی۔او۔ڈبلیو ساتھی/دوست)",4,"561 576 577","561:561 577:575 577:576 577:577"
"برکت","سلیم",3,"253 254","258:248 258:249 258:250"
"برکت","سکینہ (اعجاز کی بیوی)",31,"261 282 287 290 291 292 296 297 298 299 305 311 329 330 331 332 336 558 559 563 572 596","258:264 287:277 287:278 287:287 293:287 293:288 293:289 293:290 293:292 293:300 294:300 295:300 297:300 298:300 299:300 310:300 310:313 333:326 333:327 333:328 333:329 333:330 333:332 333:340 561:556 561:557 561:558 561:566 577:567 577:568 595:597"
"برکت","سینئر انڈر آفیسر صبغت اللہ",7,"284 296 297 298 299","287:281 293:299 294:299 295:299 297:299 298:299 299:299"
"برکت","شعیب",29,"286 287 290 294 295 296 301 302 308 309 311 328 329 330 331 332 333 561 573 577 596","287:286 287:287 293:287 293:296 294:296 295:296 297:296 297:306 298:306 299:306 310:306 310:307 310:308 310:309 310:312 333:323 333:324 333:325 333:326 333:328 333:329 333:330 333:331 333:332 333:334 561:561 577:569 577:577 595:598"
"برکت","شمس (بدیع الزمان کا اسسٹنٹ)",3,"556 558 559","561:551 561:556 561:558"
"برکت","شوکت",4,"287 290 293","287:287 293:287 293:293 294:293"
"برکت","طارق (ورکس منیجر)",1,"283","287:280"
"برکت","ظفر چوہدری",3,"576 577","577:575 577:576 577:577"
"برکت","عباس (چاچا احمد کا بیٹا)",20,"254 256 287 290 297 298 299 300 305 306 307 308 313 329 563 598","258:251 258:255 287:288 293:288 293:301 294:301 295:301 297:301 298:301 299:301 310:301 310:302 310:303 310:304 310:305 310:306 310:316 333:325 561:566 595:601"
"برکت","غلام حسین",3,"253 255","258:248 258:249 258:252"
"برکت","قائد (پارٹی بانی لیڈر)",26,"253 254 261 286 288 291 304 309 312 329 337 556 559 560 561 573 574 575 576 577 590 592 594 596","258:248 258:249 258:250 258:264 287:286 287:290 293:290 299:309 310:309 310:314 333:325 333:341 561:551 561:558 561:559 561:561 577:569 577:571 577:574 577:575 577:576 577:578 595:586 595:590 595:593 595:597"
"برکت","لیفٹیننٹ کرنل اسلام الدین",4,"335 592 597","333:337 595:589 595:590 595:600"
"برکت","ماسی (سرفراز کی پرورش کرنے والی)",14,"257 258 289 292 296 297 298 299 305 313 563 572","258:257 258:258 287:292 293:292 293:300 294:300 295:300 297:300 298:300 299:300 310:300 310:317 561:566 577:568"
"برکت","ماسی مریم",14,"257 258 289 292 296 297 298 299 305 313 563 572","258:257 258:258 287:292 293:292 293:300 294:300 295:300 297:300 298:300 299:300 310:300 310:317 561:566 577:568"
"برکت","ملک جہانگیر اعوان (ایم ایل اے)",15,"256 261 288 291 562 572 573 574 581 590 593 594 595","258:255 258:264 287:289 293:289 293:290 561:564 577:567 577:569 577:570 577:572 577:586 595:586 595:591 595:593 595:595"
"برکت","ملک حمید",3,"262 579 597","258:266 577:581 595:599"
"برکت","ملک لطیف",2,"580 597","577:584 595:599"
"برکت","منشی کریم شاہ",2,"256 261","258:255 258:264"
"برکت","منظور (اعجاز کا ورکر)",1,"337","333:341"
"برکت","منیر میکنک",1,"591","595:588"
"برکت","میاں انتظار حسین (ایڈووکیٹ ہائی کورٹ)",4,"557 558 560 593","561:554 561:556 561:559 595:591"
"برکت","میجر صدیق",1,"578","577:579"
"برکت","میجر/کیپٹن سرفراز اعوان",59,"253 254 255 261 282 283 287 290 291 292 296 297 298 299 305 306 307 308 309 310 328 329 330 331 332 333 556 560 561 572 573 574 575 576 577 592 593 594 595","258:249 258:250 258:252 258:264 287:277 287:279 287:287 293:287 293:288 293:289 293:292 293:300 294:300 295:300 297:300 298:300 299:300 310:300 310:301 310:302 310:303 310:304 310:305 310:306 310:307 310:308 310:309 310:310 333:323 333:324 333:325 333:326 333:327 333:328 333:330 333:331 333:332 333:333 561:552 561:560 561:561 577:567 577:568 577:569 577:570 577:571 577:572 577:573 577:574 577:575 577:576 577:577 595:589 595:590 595:591 595:592 595:593 595:594 595:595"
"برکت","نامعلوم مزدور عورت (ملک حمید/لطیف کا تعلق)",5,"559 560 580 590 596","561:558 561:560 577:584 595:585 595:598"
"برکت","نسرین",6,"254 333 592 593 596","258:250 333:334 595:589 595:590 595:592 595:597"
"برکت","نسیمہ (شعیب کی بہن)",21,"286 313 328 330 331 332 333 556 560 561 574 575 576 577 592 596","287:286 310:316 333:323 333:324 333:328 333:329 333:330 333:332 333:333 561:552 561:560 561:561 577:571 577:573 577:574 577:575 577:576 577:578 595:589 595:590 595:598"
"برکت","نمائر (کیمپ کا قیدی ساتھی)",2,"576 577","577:576 577:578"
"برکت","وسیم بھائی (بدیع الزمان کا سالا/قرض خواہ)",1,"283","287:279"
"برکت","پروفیسر میر صاحب",2,"253","258:248 258:249"
"برکت","چاچا احمد خان راٹھور",31,"253 254 255 260 282 283 287 290 291 292 296 297 298 299 305 306 313 560 563 572 573 575 591 598","258:248 258:249 258:250 258:252 258:262 287:277 287:278 287:279 287:287 293:287 293:288 293:290 293:292 293:300 294:300 295:300 297:300 298:300 299:300 310:300 310:301 310:302 310:316 561:559 561:566 577:567 577:570 577:573 577:574 595:588 595:601"
"برکت","چوہدری اظہر (ایس ایچ او نور پور)",12,"297 298 299 300 306 564 572 579 590 597","293:302 294:302 295:302 297:302 298:302 299:302 310:302 561:567 577:567 577:581 595:585 595:599"
"برکت","چوہدری اللہ داد خان",1,"257","258:257"
"برکت","ڈاکٹر (کریم بخش کا بیٹا)",1,"558","561:555"
"برکت","کریم راٹھور",1,"261","258:264"
"برکت","کنیز",2,"581 590","577:585 595:585"
"برکت","کو چوہا (چوکیدار/کھیت میں سونے والا)",1,"258","258:258"
"برکت","کیپٹن اسد اللہ",2,"285 286","287:284 287:285"
"برکت","کیپٹن اسرار",1,"560","561:560"
"برکت","کیپٹن جمال",5,"284 286 592 593 596","287:282 287:286 595:589 595:592 595:597"
"برکت","کیپٹن دلاور",3,"311 332 333","310:312 333:331 333:333"
"برکت","کیڈٹ حبیب اللہ",2,"286","287:285 287:286"
"برکت","کیڈٹ مجید اللہ",9,"292 295 296 297 298 299","287:297 293:297 294:297 295:297 297:297 298:297 298:298 299:298 299:299"
"برکت","گل افروز خان",4,"259 283 287 290","258:261 287:279 287:288 293:288"
"برکت","یعقوب اعوان",12,"282 298 299 300 301 306 307 311 575","287:277 293:303 294:303 295:303 297:303 298:303 299:303 310:303 310:304 310:305 310:313 577:574"
"بریگیڈیئر کرّار (شعیب کا والد)","بھگت سنگھ",2,"563 568","561:566 571:566"
"بریگیڈیئر کرّار (شعیب کا والد)","بی بی (گھر کی بزرگ عورت/لالے کی ساتھی)",4,"563 568 569","561:566 571:566 571:567 571:568"
"بریگیڈیئر کرّار (شعیب کا والد)","تھانیدار / اے ایس آئی",10,"564 569 576 578 585 586 587 594","561:567 571:567 571:581 575:581 590:581 590:582 590:583 590:584 590:585 590:599"
"بریگیڈیئر کرّار (شعیب کا والد)","جمیلہ",5,"289 563 568 569 593","286:292 561:566 571:566 571:568 590:597"
"بریگیڈیئر کرّار (شعیب کا والد)","حاجی کریم بخش (چیئرمین ازمیر گھی انڈسٹریز)",1,"593","590:597"
"بریگیڈیئر کرّار (شعیب کا والد)","حسن (اعجاز/سکینہ کا بیٹا)",7,"288 564 569 572 574 593","286:290 561:568 571:568 571:573 575:573 575:574 590:596"
"بریگیڈیئر کرّار (شعیب کا والد)","حسین (اعجاز/سکینہ کا بیٹا)",7,"558 564 569 570 572 574 590","561:556 561:568 571:568 571:569 571:573 575:573 590:590"
"بریگیڈیئر کرّار (شعیب کا والد)","خواجہ معراج الدین",2,"559 560","561:558 561:559"
"بریگیڈیئر کرّار (شعیب کا والد)","خوشی محمد تیلی",1,"282","286:279"
"بریگیڈیئر کرّار (شعیب کا والد)","داؤد (خوشی محمد کا بھائی)",1,"282","286:279"
"بریگیڈیئر کرّار (شعیب کا والد)","دتا کمہار",1,"594","590:598"
"بریگیڈیئر کرّار (شعیب کا والد)","رحمت چوہان",1,"282","286:278"
"بریگیڈیئر کرّار (شعیب کا والد)","سائیں جلا",1,"588","590:586"
"بریگیڈیئر کرّار (شعیب کا والد)","سلطان (پی۔او۔ڈبلیو ساتھی/دوست)",6,"561 566 567 573 575","561:561 571:561 571:562 571:563 571:575 575:575"
"بریگیڈیئر کرّار (شعیب کا والد)","سکینہ (اعجاز کی بیوی)",12,"281 282 286 558 559 563 568 569 593","286:276 286:277 286:278 286:287 561:556 561:557 561:558 561:566 571:566 571:567 571:568 590:597"
"بریگیڈیئر کرّار (شعیب کا والد)","سینئر انڈر آفیسر صبغت اللہ",1,"283","286:281"
"بریگیڈیئر کرّار (شعیب کا والد)","شعیب",8,"286 561 566 570 574 576 594","286:286 561:561 571:561 571:562 571:569 571:577 575:577 590:598"
"بریگیڈیئر کرّار (شعیب کا والد)","شمس (بدیع الزمان کا اسسٹنٹ)",3,"556 558 559","561:551 561:556 561:558"
"بریگیڈیئر کرّار (شعیب کا والد)","شوکت",1,"286","286:287"
"بریگیڈیئر کرّار (شعیب کا والد)","طارق (ورکس منیجر)",1,"283","286:280"
"بریگیڈیئر کرّار (شعیب کا والد)","ظفر چوہدری",2,"573 575","571:575 575:575"
"بریگیڈیئر کرّار (شعیب کا والد)","عباس (چاچا احمد کا بیٹا)",3,"287 563 568","286:288 561:566 571:566"
"بریگیڈیئر کرّار (شعیب کا والد)","قائد (پارٹی بانی لیڈر)",17,"286 556 559 560 561 566 570 571 573 574 575 586 587 588 590","286:286 561:551 561:558 561:559 561:561 571:561 571:562 571:569 571:571 575:571 575:574 575:575 590:582 590:583 590:584 590:586 590:590"
"بریگیڈیئر کرّار (شعیب کا والد)","لیفٹیننٹ کرنل اسلام الدین",2,"589 590","590:589 590:590"
"بریگیڈیئر کرّار (شعیب کا والد)","ماسی (سرفراز کی پرورش کرنے والی)",4,"289 563 568 569","286:292 561:566 571:566 571:568"
"بریگیڈیئر کرّار (شعیب کا والد)","ماسی مریم",4,"289 563 568 569","286:292 561:566 571:566 571:568"
"بریگیڈیئر کرّار (شعیب کا والد)","ملک جہانگیر اعوان (ایم ایل اے)",12,"281 287 562 567 568 569 570 571 573 588 590","286:276 286:289 561:564 571:564 571:565 571:567 571:569 571:570 571:572 575:572 590:586 590:591"
"بریگیڈیئر کرّار (شعیب کا والد)","ملک حمید",7,"576 578 585 586 587 594","571:581 575:581 590:581 590:582 590:583 590:584 590:599"
"بریگیڈیئر کرّار (شعیب کا والد)","ملک رشید (ملک حمید کا بھائی)",1,"281","286:276"
"بریگیڈیئر کرّار (شعیب کا والد)","ملک لطیف",3,"579 587 594","575:584 590:584 590:599"
"بریگیڈیئر کرّار (شعیب کا والد)","منیر میکنک",1,"589","590:588"
"بریگیڈیئر کرّار (شعیب کا والد)","میاں انتظار حسین (ایڈووکیٹ ہائی کورٹ)",4,"557 558 560 590","561:554 561:556 561:559 590:591"
"بریگیڈیئر کرّار (شعیب کا والد)","میجر صدیق",2,"575 577","571:579 575:579"
"بریگیڈیئر کرّار (شعیب کا والد)","میجر/کیپٹن سرفراز اعوان",23,"281 282 286 556 560 561 566 567 568 569 570 571 573 574 575 589 590","286:277 286:279 286:287 561:552 561:560 561:561 571:561 571:562 571:563 571:565 571:566 571:567 571:568 571:569 571:570 571:571 575:571 575:572 575:573 575:574 575:575 590:589 590:590"
"بریگیڈیئر کرّار (شعیب کا والد)","نامعلوم مزدور عورت (ملک حمید/لطیف کا تعلق)",6,"559 560 579 587 594","561:558 561:560 575:584 590:584 590:585 590:598"
"بریگیڈیئر کرّار (شعیب کا والد)","نسرین",2,"589 590","590:589 590:590"
"بریگیڈیئر کرّار (شعیب کا والد)","نسیمہ (شعیب کی بہن)",14,"286 556 560 561 566 567 571 573 574 575 589 590","286:286 561:552 561:560 561:561 571:561 571:562 571:563 571:571 575:571 575:573 575:574 575:575 590:589 590:590"
"بریگیڈیئر کرّار (شعیب کا والد)","نمائر (کیمپ کا قیدی ساتھی)",2,"573 575","571:576 575:576"
"بریگیڈیئر کرّار (شعیب کا والد)","وسیم بھائی (بدیع الزمان کا سالا/قرض خواہ)",1,"282","286:279"
"بریگیڈیئر کرّار (شعیب کا والد)","چاچا احمد خان راٹھور",14,"281 282 286 560 563 568 569 570 572 574 589","286:276 286:277 286:278 286:279 286:287 561:559 561:566 571:566 571:567 571:570 571:573 575:573 575:574 590:588"
"بریگیڈیئر کرّار (شعیب کا والد)","چوہدری اظہر (ایس ایچ او نور پور)",10,"564 569 576 578 585 586 587 594","561:567 571:567 571:581 575:581 590:581 590:582 590:583 590:584 590:585 590:599"
"بریگیڈیئر کرّار (شعیب کا والد)","ڈاکٹر (کریم بخش کا بیٹا)",1,"558","561:555"
"بریگیڈیئر کرّار (شعیب کا والد)","کنیز",2,"580 587","575:585 590:585"
"بریگیڈیئر کرّار (شعیب کا والد)","کیپٹن اسد اللہ",2,"285","286:284 286:285"
"بریگیڈیئر کرّار (شعیب کا والد)","کیپٹن اسرار",1,"560","561:560"
"بریگیڈیئر کرّار (شعیب کا والد)","کیپٹن جمال",4,"284 286 589 591","286:282 286:286 590:589 590:592"
"بریگیڈیئر کرّار (شعیب کا والد)","کیڈٹ حبیب اللہ",2,"285 286","286:285 286:286"
"بریگیڈیئر کرّار (شعیب کا والد)","گل افروز خان",2,"282 287","286:279 286:288"
"بریگیڈیئر کرّار (شعیب کا والد)","یعقوب اعوان",3,"281 572 574","286:277 571:574 575:574"
"بلال مسیح موچی","بکتو (کو چوہے کی بیوی)",1,"259","259:259"
"بلال مسیح موچی","بی بی (گھر کی بزرگ عورت/لالے کی ساتھی)",8,"255 256 257 258 259","259:251 259:253 259:254 259:255 259:256 259:257 259:258 259:259"
"بلال مسیح موچی","حسن (اعجاز/سکینہ کا بیٹا)",1,"258","259:257"
"بلال مسیح موچی","حسین (اعجاز/سکینہ کا بیٹا)",2,"254 255","259:249 259:252"
"بلال مسیح موچی","خدابخش ارائیں",1,"260","259:262"
"بلال مسیح موچی","رحمت چوہان",1,"258","259:257"
"بلال مسیح موچی","سلیم",2,"254","259:249 259:250"
"بلال مسیح موچی","سکینہ (اعجاز کی بیوی)",1,"261","259:264"
"بلال مسیح موچی","عباس (چاچا احمد کا بیٹا)",2,"255 257","259:251 259:255"
"بلال مسیح موچی","غلام حسین",2,"254 255","259:249 259:252"
"بلال مسیح موچی","قائد (پارٹی بانی لیڈر)",3,"254 261","259:249 259:250 259:264"
"بلال مسیح موچی","ماسی (سرفراز کی پرورش کرنے والی)",2,"258","259:257 259:258"
"بلال مسیح موچی","ماسی مریم",2,"258","259:257 259:258"
"بلال مسیح موچی","ملک جہانگیر اعوان (ایم ایل اے)",2,"257 261","259:255 259:264"
"بلال مسیح موچی","ملک حمید",1,"262","259:266"
"بلال مسیح موچی","منشی کریم شاہ",2,"257 261","259:255 259:264"
"بلال مسیح موچی","میجر/کیپٹن سرفراز اعوان",4,"254 255 261","259:249 259:250 259:252 259:264"
"بلال مسیح موچی","نسرین",1,"254","259:250"
"بلال مسیح موچی","پروفیسر میر صاحب",1,"254","259:249"
"بلال مسیح موچی","چاچا احمد خان راٹھور",4,"254 255 260","259:249 259:250 259:252 259:262"
"بلال مسیح موچی","چوہدری اللہ داد خان",1,"258","259:257"
"بلال مسیح موچی","کریم راٹھور",1,"261","259:264"
"بلال مسیح موچی","کو چوہا (چوکیدار/کھیت میں سونے والا)",1,"258","259:258"
"بلال مسیح موچی","گل افروز خان",1,"260","259:261"
"بکتو (کو چوہے کی بیوی)","بی بی (گھر کی بزرگ عورت/لالے کی ساتھی)",8,"255 256 257 258 259","259:251 259:253 259:254 259:255 259:256 259:257 259:258 259:259"
"بکتو (کو چوہے کی بیوی)","حسن (اعجاز/سکینہ کا بیٹا)",1,"258","259:257"
"بکتو (کو چوہے کی بیوی)","حسین (اعجاز/سکینہ کا بیٹا)",2,"254 255","259:249 259:252"
"بکتو (کو چوہے کی بیوی)","خدابخش ارائیں",1,"260","259:262"
"بکتو (کو چوہے کی بیوی)","رحمت چوہان",1,"258","259:257"
"بکتو (کو چوہے کی بیوی)","سلیم",2,"254","259:249 259:250"
"بکتو (کو چوہے کی بیوی)","سکینہ (اعجاز کی بیوی)",1,"261","259:264"
"بکتو (کو چوہے کی بیوی)","عباس (چاچا احمد کا بیٹا)",2,"255 257","259:251 259:255"
"بکتو (کو چوہے کی بیوی)","غلام حسین",2,"254 255","259:249 259:252"
"بکتو (کو چوہے کی بیوی)","قائد (پارٹی بانی لیڈر)",3,"254 261","259:249 259:250 259:264"
"بکتو (کو چوہے کی بیوی)","ماسی (سرفراز کی پرورش کرنے والی)",2,"258","259:257 259:258"
"بکتو (کو چوہے کی بیوی)","ماسی مریم",2,"258","259:257 259:258"
"بکتو (کو چوہے کی بیوی)","ملک جہانگیر اعوان (ایم ایل اے)",2,"257 261","259:255 259:264"
"بکتو (کو چوہے کی بیوی)","ملک حمید",1,"262","259:266"
"بکتو (کو چوہے کی بیوی)","منشی کریم شاہ",2,"257 261","259:255 259:264"
"بکتو (کو چوہے کی بیوی)","میجر/کیپٹن سرفراز اعوان",4,"254 255 261","259:249 259:250 259:252 259:264"
"بکتو (کو چوہے کی بیوی)","نسرین",1,"254","259:250"
"بکتو (کو چوہے کی بیوی)","پروفیسر میر صاحب",1,"254","259:249"
"بکتو (کو چوہے کی بیوی)","چاچا احمد خان راٹھور",4,"254 255 260","259:249 259:250 259:252 259:262"
"بکتو (کو چوہے کی بیوی)","چوہدری اللہ داد خان",1,"258","259:257"
"بکتو (کو چوہے کی بیوی)","کریم راٹھور",1,"261","259:264"
"بکتو (کو چوہے کی بیوی)","کو چوہا (چوکیدار/کھیت میں سونے والا)",1,"258","259:258"
"بکتو (کو چوہے کی بیوی)","گل افروز خان",1,"260","259:261"
"بھگت سنگھ","بی بی (گھر کی بزرگ عورت/لالے کی ساتھی)",9,"65 69 70 72 73 74 566 681","63:68 71:68 71:69 71:74 73:74 74:74 75:74 566:566 678:684"
"بھگت سنگھ","بے انت سنگھ",7,"37 41 42 43 63 67","32:42 41:42 43:42 43:43 44:43 63:64 71:64"
"بھگت سنگھ","تھانیدار / اے ایس آئی",7,"52 53 54 60 566","47:57 48:57 49:57 51:57 52:57 63:57 566:567"
"بھگت سنگھ","جسونت سنگھ",13,"28 29 44 45 47 72 73 74","27:29 28:29 29:29 30:29 41:47 43:47 44:47 47:47 48:47 71:74 73:74 74:74 75:74"
"بھگت سنگھ","جمیلہ",9,"24 33 34 35 39 40 566","27:21 27:22 28:38 29:38 30:38 32:38 41:38 41:39 566:566"
"بھگت سنگھ","جنگندر سنگھ",3,"36 41 42","32:41 41:41 43:41"
"بھگت سنگھ","جونیئر وکیل (خواجہ معراج کا شاگرد)",2,"673 678","678:668 678:678"
"بھگت سنگھ","جگت سنگھ",30,"27 28 30 31 32 36 41 42 43 46 48 49 50 51 52 58 59 60 68 72 73","27:27 28:27 28:28 29:28 29:32 30:32 32:32 41:32 41:41 43:41 43:42 43:43 44:43 44:49 47:49 48:49 49:49 51:49 51:51 52:51 52:53 63:53 63:54 63:55 63:56 63:58 63:73 71:73 73:73 74:73"
"بھگت سنگھ","حاجی کریم بخش (چیئرمین ازمیر گھی انڈسٹریز)",3,"673 676 678","678:668 678:674 678:678"
"بھگت سنگھ","حسن (اعجاز/سکینہ کا بیٹا)",1,"567","566:568"
"بھگت سنگھ","حسین (اعجاز/سکینہ کا بیٹا)",15,"75 76 77 78 561 567 673 674 675 676 677 678","71:79 73:79 74:79 75:79 76:79 77:79 78:79 566:556 566:568 678:668 678:671 678:673 678:675 678:676 678:678"
"بھگت سنگھ","خواجہ معراج الدین",6,"562 673 674 677 680","566:558 566:559 678:669 678:670 678:677 678:682"
"بھگت سنگھ","دتو میراثی",3,"27 28","27:28 28:28 29:28"
"بھگت سنگھ","رنگیلی (یعقوب کی گھوڑی)",6,"43 44 46 64 68","41:45 43:45 44:45 47:45 63:66 71:66"
"بھگت سنگھ","زور آور (گھوڑا)",8,"44 45 46 47 48 49 50","41:48 43:48 44:48 47:48 48:48 49:48 49:49 51:49"
"بھگت سنگھ","زیدی صاحب (چیف ایڈیٹر طلوع)",1,"683","678:688"
"بھگت سنگھ","زینب (یعقوب کی بیوی)",23,"43 44 46 47 48 49 50 51 52 63 67 69 71 72 73 74","41:45 43:45 44:45 47:45 47:46 47:47 48:47 48:48 49:48 49:50 51:50 51:52 52:52 63:64 71:64 71:67 71:68 71:71 73:71 73:73 74:73 74:74 75:74"
"بھگت سنگھ","سراج گجر",1,"673","678:669"
"بھگت سنگھ","سردار فلمبند خان",6,"78 79 80","73:83 74:83 75:83 76:83 77:83 78:83"
"بھگت سنگھ","سلطان (پی۔او۔ڈبلیو ساتھی/دوست)",4,"563 564 570","566:561 566:562 566:563 566:575"
"بھگت سنگھ","سلیم",4,"673 674 676 678","678:669 678:670 678:674 678:678"
"بھگت سنگھ","سندر سنگھ",8,"45 46 48 49 50","41:49 43:49 44:49 47:49 48:49 49:49 51:49 51:50"
"بھگت سنگھ","سکینہ (اعجاز کی بیوی)",28,"23 25 31 32 33 34 38 39 64 68 69 70 71 72 74 75 77 78 561 562 566 681","27:20 27:23 27:36 28:36 29:36 30:36 32:36 41:36 41:38 63:66 71:66 71:67 71:68 71:69 71:71 73:71 73:75 74:75 75:75 76:75 76:79 77:79 78:79 566:556 566:557 566:558 566:566 678:685"
"بھگت سنگھ","شعیب",3,"563 564 567","566:561 566:562 566:569"
"بھگت سنگھ","شمس (بدیع الزمان کا اسسٹنٹ)",2,"561 562","566:556 566:558"
"بھگت سنگھ","شیر بہادر اعوان",12,"63 67 68 70 71 72 76 77 78 79","63:64 71:64 71:65 71:70 71:72 73:72 73:80 74:80 75:80 76:80 77:80 78:80"
"بھگت سنگھ","شیشے والا سالا (بدیع الزمان کا دوسرا قرض خواہ)",3,"67 71 72","63:72 71:72 73:72"
"بھگت سنگھ","صوبیدار جہاں خان",6,"52 53 54 60","47:57 48:57 49:57 51:57 52:57 63:57"
"بھگت سنگھ","ظفر چوہدری",1,"570","566:575"
"بھگت سنگھ","عامر محمود (چیف کیمسٹ)",1,"676","678:674"
"بھگت سنگھ","عباس (چاچا احمد کا بیٹا)",11,"24 33 34 35 39 81 82 566","27:21 27:22 28:38 29:38 30:38 32:38 41:38 76:86 77:86 78:86 566:566"
"بھگت سنگھ","علی بہادر",4,"64 68 71 72","63:65 71:65 71:72 73:72"
"بھگت سنگھ","فضلے",7,"47 48 49 50 51 52","43:52 44:52 47:52 48:52 49:52 51:52 52:52"
"بھگت سنگھ","فلک شیر اعوان",10,"64 68 70 75 76 77 78 79","63:65 71:65 71:70 71:80 73:80 74:80 75:80 76:80 77:80 78:80"
"بھگت سنگھ","قائد (پارٹی بانی لیڈر)",31,"30 31 32 33 37 38 53 54 55 60 67 71 72 78 79 80 562 563 564 567 673 674 676 677 678","27:34 28:34 29:34 30:34 32:34 41:34 41:35 48:58 49:58 51:58 52:58 63:58 63:72 71:72 73:72 73:83 74:83 75:83 76:83 77:83 78:83 566:558 566:559 566:561 566:562 566:569 678:669 678:671 678:675 678:677 678:678"
"بھگت سنگھ","ماسی (سرفراز کی پرورش کرنے والی)",19,"24 25 33 34 35 39 67 71 72 73 74 77 78 566","27:22 27:23 27:24 28:38 29:38 30:38 32:38 41:38 63:71 71:71 73:71 73:74 74:74 75:74 75:79 76:79 77:79 78:79 566:566"
"بھگت سنگھ","ماسی مریم",19,"24 25 33 34 35 39 67 71 72 73 74 77 78 566","27:22 27:23 27:24 28:38 29:38 30:38 32:38 41:38 63:71 71:71 73:71 73:74 74:74 75:74 75:79 76:79 77:79 78:79 566:566"
"بھگت سنگھ","ملک جہانگیر اعوان (ایم ایل اے)",11,"35 36 40 80 81 565 566 676","30:40 32:40 41:40 75:85 76:85 77:85 78:85 566:564 566:565 566:567 678:675"
"بھگت سنگھ","ملک عالم جہاں اعوان",7,"52 53 54 60","47:57 48:57 49:57 51:57 52:57 63:57 63:58"
"بھگت سنگھ","منظور (اعجاز کا ورکر)",4,"68 72 73","63:73 71:73 73:73 74:73"
"بھگت سنگھ","میاں انتظار حسین (ایڈووکیٹ ہائی کورٹ)",9,"80 81 561 562 673 675 678","75:85 76:85 77:85 78:85 566:556 566:559 678:668 678:673 678:678"
"بھگت سنگھ","میجر/کیپٹن سرفراز اعوان",44,"22 23 24 25 30 31 32 37 38 39 40 55 56 61 62 65 69 70 71 72 73 74 75 77 78 563 564 565 566","27:17 27:18 27:19 27:21 27:22 27:23 27:24 27:33 28:33 29:33 30:33 32:33 41:33 41:34 41:35 41:36 41:37 41:38 41:39 41:40 51:60 52:60 63:60 63:61 63:68 71:68 71:69 71:70 71:71 73:71 73:74 74:74 75:74 75:75 76:75 76:79 77:79 78:79 566:560 566:561 566:562 566:563 566:565 566:566"
"بھگت سنگھ","نامعلوم مزدور عورت (ملک حمید/لطیف کا تعلق)",26,"22 23 30 31 32 33 37 44 45 47 49 50 51 54 59 60 82 562 563 680","27:17 27:18 27:19 27:34 28:34 29:34 30:34 32:34 41:34 41:47 43:47 44:47 47:47 48:47 48:51 49:51 51:51 52:51 52:56 63:56 63:58 77:87 78:87 566:558 566:560 678:682"
"بھگت سنگھ","نانبائی (او جھری والا)",1,"678","678:678"
"بھگت سنگھ","نسرین",20,"22 23 27 28 29 32 33 37 42 43 44 45 46 49 50 51","27:18 27:19 27:28 28:28 29:28 29:29 30:29 30:34 32:34 41:34 41:44 43:44 44:44 47:44 47:46 47:51 48:51 49:51 51:51 52:51"
"بھگت سنگھ","نسیمہ (شعیب کی بہن)",5,"563 564 568","566:560 566:561 566:562 566:563 566:571"
"بھگت سنگھ","نمائر (کیمپ کا قیدی ساتھی)",1,"571","566:576"
"بھگت سنگھ","نیلی (بھینس)",6,"44 45 46 47 48","41:48 43:48 44:48 47:48 48:48 49:48"
"بھگت سنگھ","وسیم بھائی (بدیع الزمان کا سالا/قرض خواہ)",28,"22 26 27 28 32 33 38 39 44 45 46 47 48 54 55 61 72 73 74 77 78","27:17 27:26 27:28 28:28 29:28 29:35 30:35 32:35 41:35 41:38 41:48 43:48 44:48 47:48 48:48 49:48 49:59 51:59 52:59 63:59 71:74 73:74 74:74 75:74 75:79 76:79 77:79 78:79"
"بھگت سنگھ","پیر حمید الدین بلال شاہ (مرشد بلال پور شریف)",6,"30 31 32 33 37","27:34 28:34 29:34 30:34 32:34 41:34"
"بھگت سنگھ","چاچا احمد خان راٹھور",29,"25 31 32 33 34 38 39 45 46 48 49 50 54 60 63 67 69 73 74 75 76 562 566","27:23 27:36 28:36 29:36 30:36 32:36 41:36 41:38 41:49 43:49 44:49 47:49 48:49 49:49 51:49 51:57 52:57 63:57 63:63 71:63 71:67 71:76 73:76 74:76 75:76 76:76 77:76 566:559 566:566"
"بھگت سنگھ","چنبیلی (گھوڑی)",9,"43 44 46 47 48 65 69","41:45 43:45 44:45 47:45 47:48 48:48 49:48 63:68 71:68"
"بھگت سنگھ","چوہدری اظہر (ایس ایچ او نور پور)",7,"52 53 54 60 566","47:57 48:57 49:57 51:57 52:57 63:57 566:567"
"بھگت سنگھ","ڈاکٹر (کریم بخش کا بیٹا)",11,"23 47 48 49 50 51 52 60 679","27:20 43:52 44:52 47:52 48:52 49:52 51:52 52:52 63:57 63:58 678:681"
"بھگت سنگھ","ڈاکٹر خدابخش کھوکھر (چیف کیمسٹ)",1,"676","678:674"
"بھگت سنگھ","کامران خان (جواں سال کیمسٹ)",2,"674 676","678:671 678:674"
"بھگت سنگھ","کریم راٹھور",3,"673 676 678","678:668 678:674 678:678"
"بھگت سنگھ","کلونت کور",19,"27 28 36 41 42 43 48 50 51 52 58 59","27:27 28:27 28:28 29:28 32:41 41:41 43:41 43:42 43:43 44:43 44:53 47:53 48:53 49:53 51:53 52:53 63:53 63:54 63:55"
"بھگت سنگھ","کیپٹن اسرار",7,"30 31 32 33 37 563","27:34 28:34 29:34 30:34 32:34 41:34 566:560"
"بھگت سنگھ","کیپٹن جمال",3,"22 23","27:17 27:18 27:19"
"بھگت سنگھ","یعقوب اعوان",58,"25 26 27 28 30 31 32 36 38 41 42 43 44 45 46 47 48 49 50 51 52 58 59 60 61 63 67 68 69 70 71 72 73 74 75 76 77 78 570","27:24 27:26 27:27 28:27 28:28 29:28 29:32 30:32 32:32 41:32 41:35 41:36 41:41 43:41 43:43 44:43 44:44 47:44 47:45 47:46 47:47 48:47 48:48 49:48 49:49 51:49 51:50 51:51 52:51 52:52 63:53 63:56 63:57 63:58 63:59 63:63 71:63 71:64 71:65 71:66 71:67 71:68 71:70 71:71 73:71 73:72 73:73 74:73 74:74 75:74 75:75 76:75 76:76 77:76 77:77 78:77 78:78 566:574"
"بی اے چوہدری (بشیر ارائیں کے نئے نام کا سیاسی روپ)","تھانیدار / اے ایس آئی",7,"142 143 149 452 456","147:137 147:138 147:139 147:151 148:151 452:453 460:453"
"بی اے چوہدری (بشیر ارائیں کے نئے نام کا سیاسی روپ)","جمیلہ",2,"180 181","185:176 185:177"
"بی اے چوہدری (بشیر ارائیں کے نئے نام کا سیاسی روپ)","حسن (اعجاز/سکینہ کا بیٹا)",3,"475 477 479","471:480 474:480 478:480"
"بی اے چوہدری (بشیر ارائیں کے نئے نام کا سیاسی روپ)","حسین (اعجاز/سکینہ کا بیٹا)",3,"475 477 479","471:480 474:480 478:480"
"بی اے چوہدری (بشیر ارائیں کے نئے نام کا سیاسی روپ)","دتو میراثی",2,"148","147:149 148:149"
"بی اے چوہدری (بشیر ارائیں کے نئے نام کا سیاسی روپ)","ریاض (سرفراز کا ڈرائیور)",3,"451 453 457","452:450 452:454 460:454"
"بی اے چوہدری (بشیر ارائیں کے نئے نام کا سیاسی روپ)","سائیں جلا",5,"180 181 182","185:175 185:176 185:177 185:178 185:179"
"بی اے چوہدری (بشیر ارائیں کے نئے نام کا سیاسی روپ)","سردار فلمبند خان",1,"481","478:485"
"بی اے چوہدری (بشیر ارائیں کے نئے نام کا سیاسی روپ)","سلطان (پی۔او۔ڈبلیو ساتھی/دوست)",1,"482","478:486"
"بی اے چوہدری (بشیر ارائیں کے نئے نام کا سیاسی روپ)","سکینہ (اعجاز کی بیوی)",11,"145 151 152 180 181 189 451 475 477 479","147:143 147:144 147:156 148:156 185:176 185:177 185:193 452:451 471:480 474:480 478:480"
"بی اے چوہدری (بشیر ارائیں کے نئے نام کا سیاسی روپ)","سیکنڈ لفٹننٹ امتیاز",1,"482","478:486"
"بی اے چوہدری (بشیر ارائیں کے نئے نام کا سیاسی روپ)","شوکت",1,"145","147:143"
"بی اے چوہدری (بشیر ارائیں کے نئے نام کا سیاسی روپ)","عباس (چاچا احمد کا بیٹا)",4,"180 181 189","185:175 185:176 185:177 185:193"
"بی اے چوہدری (بشیر ارائیں کے نئے نام کا سیاسی روپ)","فضلے",2,"478 480","474:483 478:483"
"بی اے چوہدری (بشیر ارائیں کے نئے نام کا سیاسی روپ)","قائد (پارٹی بانی لیڈر)",21,"142 146 184 185 448 449 452 456 457 460 466 467 469 472 474 476 478","147:138 147:145 185:183 185:184 185:185 452:445 452:447 452:452 460:452 460:453 460:454 460:455 460:461 471:461 471:463 471:464 471:468 471:474 474:474 478:474 478:478"
"بی اے چوہدری (بشیر ارائیں کے نئے نام کا سیاسی روپ)","قمر الاسلام",7,"456 460 466 474 475 477 478","452:461 460:461 471:461 471:477 474:477 478:477 478:478"
"بی اے چوہدری (بشیر ارائیں کے نئے نام کا سیاسی روپ)","لیفٹیننٹ کرنل اسلام الدین",3,"142 143","147:137 147:138 147:139"
"بی اے چوہدری (بشیر ارائیں کے نئے نام کا سیاسی روپ)","ماسی (سرفراز کی پرورش کرنے والی)",5,"151 152 180 181","147:156 148:156 185:175 185:176 185:177"
"بی اے چوہدری (بشیر ارائیں کے نئے نام کا سیاسی روپ)","ماسی مریم",5,"151 152 180 181","147:156 148:156 185:175 185:176 185:177"
"بی اے چوہدری (بشیر ارائیں کے نئے نام کا سیاسی روپ)","مرزا عبد الرشید",7,"456 460 466 467 468","452:461 460:461 471:461 471:462 471:463 471:464 471:465"
"بی اے چوہدری (بشیر ارائیں کے نئے نام کا سیاسی روپ)","ملک جہانگیر اعوان (ایم ایل اے)",12,"144 145 146 147 148 183 184 185","147:141 147:142 147:143 147:144 147:145 147:146 147:147 148:147 148:148 185:181 185:183 185:186"
"بی اے چوہدری (بشیر ارائیں کے نئے نام کا سیاسی روپ)","ملک حمید",4,"147 148 188","147:147 148:147 148:148 185:191"
"بی اے چوہدری (بشیر ارائیں کے نئے نام کا سیاسی روپ)","ملک رشید (ملک حمید کا بھائی)",9,"142 143 149 457 461 466 467","147:137 147:138 147:139 147:151 148:151 452:462 460:462 471:462 471:463"
"بی اے چوہدری (بشیر ارائیں کے نئے نام کا سیاسی روپ)","منشی کریم شاہ",1,"145","147:143"
"بی اے چوہدری (بشیر ارائیں کے نئے نام کا سیاسی روپ)","منظور (اعجاز کا ورکر)",17,"190 447 448 449 450 451 452 456 457 458 461 467 468","185:195 452:442 452:443 452:444 452:447 452:448 452:449 452:450 452:451 452:452 460:452 460:455 460:456 460:463 471:463 471:464 471:465"
"بی اے چوہدری (بشیر ارائیں کے نئے نام کا سیاسی روپ)","منیر میکنک",6,"465 470 471 473 477 479","460:470 471:470 471:472 474:472 474:480 478:480"
"بی اے چوہدری (بشیر ارائیں کے نئے نام کا سیاسی روپ)","میاں انتظار حسین (ایڈووکیٹ ہائی کورٹ)",1,"447","452:442"
"بی اے چوہدری (بشیر ارائیں کے نئے نام کا سیاسی روپ)","میجر صدیق",3,"476 477 479","471:481 474:481 478:481"
"بی اے چوہدری (بشیر ارائیں کے نئے نام کا سیاسی روپ)","میجر/کیپٹن سرفراز اعوان",10,"151 152 180 181 189 455 459 478 480","147:156 148:156 185:176 185:177 185:193 452:458 460:458 460:459 474:483 478:483"
"بی اے چوہدری (بشیر ارائیں کے نئے نام کا سیاسی روپ)","نامعلوم مزدور عورت (ملک حمید/لطیف کا تعلق)",8,"142 147 148 189 472 473 474 476","147:137 147:148 148:148 185:193 471:473 474:473 474:475 478:475"
"بی اے چوہدری (بشیر ارائیں کے نئے نام کا سیاسی روپ)","نسرین",5,"181 188 473 474 476","185:178 185:192 471:475 474:475 478:475"
"بی اے چوہدری (بشیر ارائیں کے نئے نام کا سیاسی روپ)","نسیمہ (شعیب کی بہن)",2,"479 481","474:484 478:484"
"بی اے چوہدری (بشیر ارائیں کے نئے نام کا سیاسی روپ)","نمائر (کیمپ کا قیدی ساتھی)",3,"476 477 479","471:481 474:481 478:481"
"بی اے چوہدری (بشیر ارائیں کے نئے نام کا سیاسی روپ)","وسیم بھائی (بدیع الزمان کا سالا/قرض خواہ)",1,"184","185:183"
"بی اے چوہدری (بشیر ارائیں کے نئے نام کا سیاسی روپ)","چاچا احمد خان راٹھور",16,"145 146 147 148 180 181 183 184 185 447 472 474 476","147:143 147:146 147:147 148:147 148:148 185:175 185:176 185:177 185:178 185:181 185:184 185:185 452:443 471:474 474:474 478:474"
"بی اے چوہدری (بشیر ارائیں کے نئے نام کا سیاسی روپ)","چوہدری اظہر (ایس ایچ او نور پور)",8,"142 143 149 451 452 456","147:137 147:138 147:139 147:151 148:151 452:450 452:453 460:453"
"بی اے چوہدری (بشیر ارائیں کے نئے نام کا سیاسی روپ)","ڈاکٹر (کریم بخش کا بیٹا)",4,"453 457 462 467","452:455 460:455 460:464 471:464"
"بی اے چوہدری (بشیر ارائیں کے نئے نام کا سیاسی روپ)","کنیز",17,"142 143 147 148 188 462 468 470 472 473 474 476 477","147:137 147:138 147:139 147:140 147:148 148:148 185:192 460:465 471:465 471:470 471:473 474:473 474:474 478:474 478:475 478:476 478:477"
"بی اے چوہدری (بشیر ارائیں کے نئے نام کا سیاسی روپ)","یعقوب اعوان",1,"145","147:143"
"بی بی (گھر کی بزرگ عورت/لالے کی ساتھی)","بی بی کمہاری",2,"506","506:506 507:506"
"بی بی (گھر کی بزرگ عورت/لالے کی ساتھی)","بے انت سنگھ",1,"66","68:64"
"بی بی (گھر کی بزرگ عورت/لالے کی ساتھی)","تھانیدار / اے ایس آئی",8,"113 155 301 350 566 567 756","114:112 160:151 301:302 351:350 566:567 567:567 568:567 754:758"
"بی بی (گھر کی بزرگ عورت/لالے کی ساتھی)","جرنیل سنگھ (سکھ)",4,"164 169 170","160:168 171:168 171:169 171:170"
"بی بی (گھر کی بزرگ عورت/لالے کی ساتھی)","جسونت سنگھ",3,"71 74","68:74 69:74 74:74"
"بی بی (گھر کی بزرگ عورت/لالے کی ساتھی)","جمیلہ",7,"172 173 296 566 567 568","171:173 173:173 301:292 566:566 567:566 567:568 568:568"
"بی بی (گھر کی بزرگ عورت/لالے کی ساتھی)","جونیئر وکیل (خواجہ معراج کا شاگرد)",1,"681","684:678"
"بی بی (گھر کی بزرگ عورت/لالے کی ساتھی)","جگت سنگھ",5,"63 70 71 73 782","68:58 68:73 69:73 74:73 784:780"
"بی بی (گھر کی بزرگ عورت/لالے کی ساتھی)","جیرا (نانبائی کا لڑکا)",3,"211 212","216:206 216:207 216:209"
"بی بی (گھر کی بزرگ عورت/لالے کی ساتھی)","حاجی ذوالفقار",3,"113 510","114:113 506:514 507:514"
"بی بی (گھر کی بزرگ عورت/لالے کی ساتھی)","حاجی عزیز دین",2,"116 117","114:118 116:118"
"بی بی (گھر کی بزرگ عورت/لالے کی ساتھی)","حاجی کریم بخش (چیئرمین ازمیر گھی انڈسٹریز)",2,"679 681","684:674 684:678"
"بی بی (گھر کی بزرگ عورت/لالے کی ساتھی)","حسن (اعجاز/سکینہ کا بیٹا)",28,"213 216 254 255 256 257 352 357 361 411 431 432 436 493 567 568 688 721 722 723 736 739 754 783","216:211 216:216 251:257 253:257 254:257 255:257 256:257 257:257 258:257 351:353 361:353 361:361 412:411 431:431 433:431 433:440 493:494 566:568 567:568 568:568 684:693 721:722 723:722 723:723 739:733 739:739 754:754 784:782"
"بی بی (گھر کی بزرگ عورت/لالے کی ساتھی)","حسین (اعجاز/سکینہ کا بیٹا)",48,"74 76 211 212 213 214 218 225 230 231 243 244 245 246 247 249 250 251 252 301 352 357 431 432 436 493 561 567 568 679 680 681 686 720 728 736 752 753 754 783","69:79 74:79 216:206 216:207 216:208 216:209 216:210 216:211 216:212 216:220 230:220 230:231 231:231 232:231 238:248 239:248 240:248 241:248 243:248 244:248 245:248 246:248 251:248 251:249 251:252 253:252 301:301 351:353 361:353 431:431 433:431 433:440 493:494 566:556 566:568 567:568 568:568 684:675 684:676 684:678 684:689 721:719 723:733 739:733 754:751 754:753 754:754 784:782"
"بی بی (گھر کی بزرگ عورت/لالے کی ساتھی)","حوالدار ستونت سنگھ",3,"758 781","754:762 784:778 784:779"
"بی بی (گھر کی بزرگ عورت/لالے کی ساتھی)","خدابخش ارائیں",7,"257 258 259 260","253:262 254:262 255:262 256:262 257:262 258:262 259:262"
"بی بی (گھر کی بزرگ عورت/لالے کی ساتھی)","خواجہ معراج الدین",7,"562 680 683 716 723 724","566:558 566:559 684:677 684:682 721:712 721:726 723:726"
"بی بی (گھر کی بزرگ عورت/لالے کی ساتھی)","دتا کمہار",1,"505","506:505"
"بی بی (گھر کی بزرگ عورت/لالے کی ساتھی)","دتو میراثی",3,"111 115 116","114:108 114:117 116:117"
"بی بی (گھر کی بزرگ عورت/لالے کی ساتھی)","رابعہ",2,"354 359","351:358 361:358"
"بی بی (گھر کی بزرگ عورت/لالے کی ساتھی)","رحمت چوہان",14,"114 115 116 171 172 254 255 256 257 506 507","114:115 116:115 116:117 171:171 173:171 251:257 253:257 254:257 255:257 256:257 257:257 258:257 506:507 507:507"
"بی بی (گھر کی بزرگ عورت/لالے کی ساتھی)","رضیہ",2,"354 359","351:358 361:358"
"بی بی (گھر کی بزرگ عورت/لالے کی ساتھی)","رنگیلی (یعقوب کی گھوڑی)",4,"67 496 503 782","68:66 493:500 506:500 784:780"
"بی بی (گھر کی بزرگ عورت/لالے کی ساتھی)","ریاض (سرفراز کا ڈرائیور)",1,"738","739:738"
"بی بی (گھر کی بزرگ عورت/لالے کی ساتھی)","زور آور (گھوڑا)",3,"213 785 786","216:210 784:786 787:786"
"بی بی (گھر کی بزرگ عورت/لالے کی ساتھی)","زیدی صاحب (چیف ایڈیٹر طلوع)",1,"686","684:688"
"بی بی (گھر کی بزرگ عورت/لالے کی ساتھی)","زینب (یعقوب کی بیوی)",10,"66 67 68 70 72 73 74 788 789","68:64 68:67 68:68 69:68 69:71 74:71 74:73 74:74 784:792 787:792"
"بی بی (گھر کی بزرگ عورت/لالے کی ساتھی)","سائیں جلا",32,"116 117 160 166 167 168 169 170 171 172 173 237 238 240 241 242 243 755 783 784 786 787","114:118 116:118 160:160 171:161 171:162 171:163 171:164 171:165 171:166 171:167 171:168 171:169 171:171 173:171 173:172 173:173 232:242 233:242 234:242 235:242 238:242 239:242 240:242 241:242 243:242 243:243 244:243 754:756 784:782 784:785 787:785 787:788"
"بی بی (گھر کی بزرگ عورت/لالے کی ساتھی)","ساجا",2,"116 117","114:118 116:118"
"بی بی (گھر کی بزرگ عورت/لالے کی ساتھی)","سراج گجر",10,"356 361 410 411 412 416 508 728 736","351:361 361:361 412:409 412:410 412:412 420:412 506:510 507:510 723:733 739:733"
"بی بی (گھر کی بزرگ عورت/لالے کی ساتھی)","سردار فلمبند خان",9,"78 163 169 413 417 489 757 779","74:83 160:167 171:167 412:414 420:414 493:485 754:760 784:774 784:775"
"بی بی (گھر کی بزرگ عورت/لالے کی ساتھی)","سرداراں دائی",2,"356 361","351:361 361:361"
"بی بی (گھر کی بزرگ عورت/لالے کی ساتھی)","سلطان (پی۔او۔ڈبلیو ساتھی/دوست)",13,"489 490 496 503 508 509 563 564 570 571","493:486 493:487 493:488 493:500 506:500 506:511 507:511 566:561 566:562 566:563 566:575 567:575 568:575"
"بی بی (گھر کی بزرگ عورت/لالے کی ساتھی)","سلیم",33,"211 212 218 225 230 231 243 244 245 246 247 249 250 421 427 679 681 682 683 687 720 726 727 735","216:206 216:207 216:208 216:209 216:220 230:220 230:231 231:231 232:231 238:248 239:248 240:248 241:248 243:248 244:248 245:248 246:248 251:248 251:249 251:250 420:423 431:423 684:674 684:678 684:679 684:681 684:682 684:690 721:719 721:720 721:731 723:731 739:731"
"بی بی (گھر کی بزرگ عورت/لالے کی ساتھی)","سپاہی غلام رسول (یونٹ ڈرائیور/ساتھی)",3,"348 743 750","351:345 739:747 754:747"
"بی بی (گھر کی بزرگ عورت/لالے کی ساتھی)","سکینہ (اعجاز کی بیوی)",84,"67 68 69 71 72 74 109 110 114 115 117 158 160 167 171 172 173 213 214 215 216 259 260 261 296 300 350 351 356 359 360 361 409 413 417 418 420 430 431 432 433 492 493 505 561 562 566 567 568 684 716 718 719 720 721 722 723 735 739 752 753 754 783 784 785","68:66 68:67 68:68 69:68 69:69 74:69 74:71 74:75 114:105 114:106 114:114 116:114 116:118 160:156 160:157 160:160 171:163 171:164 171:171 173:171 173:173 216:211 216:213 216:214 216:215 216:216 254:264 255:264 256:264 257:264 258:264 259:264 301:292 301:300 351:349 351:350 351:351 361:351 361:352 361:357 361:358 361:359 361:361 412:407 412:415 420:415 420:416 420:417 420:420 431:430 431:431 433:431 433:432 433:433 493:491 493:493 506:504 566:556 566:557 566:558 566:566 567:566 567:567 568:567 568:568 684:685 721:711 721:715 721:716 721:717 721:718 721:719 721:722 723:722 723:723 739:732 739:740 754:751 754:753 754:754 784:782 784:783 784:784 787:784"
"بی بی (گھر کی بزرگ عورت/لالے کی ساتھی)","سیف اللہ (چکی والا)",3,"114 115 116","114:115 116:115 116:116"
"بی بی (گھر کی بزرگ عورت/لالے کی ساتھی)","سینئر انڈر آفیسر صبغت اللہ",1,"300","301:299"
"بی بی (گھر کی بزرگ عورت/لالے کی ساتھی)","سیکنڈ لفٹننٹ امتیاز",2,"489 752","493:486 754:750"
"بی بی (گھر کی بزرگ عورت/لالے کی ساتھی)","شبیرا",2,"116 117","114:118 116:118"
"بی بی (گھر کی بزرگ عورت/لالے کی ساتھی)","شعیب",15,"298 303 351 356 358 359 360 563 564 567 568 740 756","301:296 301:306 351:351 361:351 361:356 361:357 361:358 361:359 566:561 566:562 566:569 567:569 568:569 739:741 754:758"
"بی بی (گھر کی بزرگ عورت/لالے کی ساتھی)","شمس (بدیع الزمان کا اسسٹنٹ)",3,"561 562 689","566:556 566:558 684:694"
"بی بی (گھر کی بزرگ عورت/لالے کی ساتھی)","شوکت",1,"297","301:293"
"بی بی (گھر کی بزرگ عورت/لالے کی ساتھی)","شہلا رضوی",1,"738","739:737"
"بی بی (گھر کی بزرگ عورت/لالے کی ساتھی)","شیر بہادر اعوان",7,"66 69 72 73 77","68:64 68:65 68:70 69:70 74:70 74:72 74:80"
"بی بی (گھر کی بزرگ عورت/لالے کی ساتھی)","شیشے والا سالا (بدیع الزمان کا دوسرا قرض خواہ)",3,"70 73","68:72 69:72 74:72"
"بی بی (گھر کی بزرگ عورت/لالے کی ساتھی)","ظفر چوہدری",3,"570 571","566:575 567:575 568:575"
"بی بی (گھر کی بزرگ عورت/لالے کی ساتھی)","عامر محمود (چیف کیمسٹ)",1,"679","684:674"
"بی بی (گھر کی بزرگ عورت/لالے کی ساتھی)","عباس (چاچا احمد کا بیٹا)",57,"115 116 162 168 169 170 171 172 173 231 232 235 236 238 239 240 241 242 243 244 245 246 248 249 251 252 254 255 301 354 359 431 432 433 566 721 722 723 754 783 784 786 787","114:117 116:117 160:165 171:165 171:166 171:168 171:169 171:172 173:172 173:173 230:232 231:232 232:232 233:232 233:238 234:238 235:238 238:238 239:238 239:240 240:240 241:240 241:241 243:241 243:242 243:243 244:243 244:245 245:245 246:245 246:246 251:246 251:247 251:251 253:251 253:255 254:255 255:255 256:255 301:301 351:357 361:357 431:432 433:432 433:433 566:566 567:566 721:722 723:722 723:723 754:754 784:782 784:783 784:785 787:785 787:786 787:787"
"بی بی (گھر کی بزرگ عورت/لالے کی ساتھی)","علی بہادر",4,"66 70 73","68:65 68:72 69:72 74:72"
"بی بی (گھر کی بزرگ عورت/لالے کی ساتھی)","عمران (ہوسٹل ساتھی)",8,"416 420 426 433 434 508","412:421 420:421 431:421 431:422 431:436 433:436 506:510 507:510"
"بی بی (گھر کی بزرگ عورت/لالے کی ساتھی)","غلام حسین",23,"211 212 213 214 218 225 230 231 243 244 245 246 247 249 250 251 252","216:206 216:207 216:208 216:209 216:210 216:212 216:220 230:220 230:231 231:231 232:231 238:248 239:248 240:248 241:248 243:248 244:248 245:248 246:248 251:248 251:249 251:252 253:252"
"بی بی (گھر کی بزرگ عورت/لالے کی ساتھی)","فرخ غوری",3,"726 727 735","721:731 723:731 739:731"
"بی بی (گھر کی بزرگ عورت/لالے کی ساتھی)","فضلے",1,"488","493:483"
"بی بی (گھر کی بزرگ عورت/لالے کی ساتھی)","فلک شیر اعوان",5,"66 69 72 77","68:65 68:70 69:70 74:70 74:80"
"بی بی (گھر کی بزرگ عورت/لالے کی ساتھی)","قائد (پارٹی بانی لیڈر)",101,"5 6 63 70 73 78 111 113 118 119 178 214 218 225 226 227 228 229 233 234 235 236 237 241 242 243 244 245 247 249 250 259 260 261 305 346 347 350 352 357 361 407 408 409 411 414 418 419 420 430 490 491 494 501 502 506 507 562 563 564 567 568 679 680 681 682 683 684 723 724 735 737 743 750 756 779 787 789","7:4 7:5 7:6 68:58 68:72 69:72 74:72 74:83 114:109 114:113 114:122 116:122 173:183 216:212 216:220 230:220 230:221 230:222 230:223 230:224 230:225 230:226 230:229 230:237 231:237 232:237 233:237 234:237 235:237 238:237 238:245 239:245 240:245 241:245 243:245 244:245 245:245 246:245 246:248 251:248 251:249 251:250 254:264 255:264 256:264 257:264 258:264 259:264 301:309 351:341 351:342 351:343 351:344 351:349 351:353 361:353 361:361 412:402 412:403 412:404 412:406 412:410 412:411 412:417 420:417 420:418 420:419 420:420 431:429 493:488 493:489 493:496 506:496 506:497 506:499 506:507 507:507 566:558 566:559 566:561 566:562 566:569 567:569 568:569 684:675 684:677 684:678 684:679 684:681 684:682 684:684 721:726 723:726 739:731 739:736 739:747 754:747 754:758 784:774 784:791 787:791"
"بی بی (گھر کی بزرگ عورت/لالے کی ساتھی)","قمر الاسلام",2,"495 502","493:498 506:498"
"بی بی (گھر کی بزرگ عورت/لالے کی ساتھی)","لیفٹیننٹ کرنل اسلام الدین",7,"728 736 740 750 779 781","723:733 739:733 739:741 754:747 784:774 784:775 784:778"
"بی بی (گھر کی بزرگ عورت/لالے کی ساتھی)","ماسی (سرفراز کی پرورش کرنے والی)",43,"69 70 72 74 116 117 158 159 162 167 168 172 173 238 239 240 241 242 243 245 246 248 254 255 256 257 258 296 300 566 567 568 754","68:71 69:71 74:71 74:74 114:118 116:118 160:156 160:157 160:158 160:164 171:164 171:165 171:173 173:173 233:243 234:243 235:243 238:243 239:243 240:243 241:243 243:243 244:243 244:246 245:246 246:246 251:246 251:257 253:257 254:257 255:257 256:257 257:257 258:257 258:258 259:258 301:292 301:300 566:566 567:566 567:568 568:568 754:754"
"بی بی (گھر کی بزرگ عورت/لالے کی ساتھی)","ماسی مریم",44,"69 70 72 74 116 117 158 159 162 167 168 171 172 173 238 239 240 241 242 243 245 246 248 254 255 256 257 258 296 300 566 567 568 754","68:71 69:71 74:71 74:74 114:118 116:118 160:156 160:157 160:158 160:164 171:164 171:165 171:171 173:171 173:173 233:243 234:243 235:243 238:243 239:243 240:243 241:243 243:243 244:243 244:246 245:246 246:246 251:246 251:257 253:257 254:257 255:257 256:257 257:257 258:257 258:258 259:258 301:292 301:300 566:566 567:566 567:568 568:568 754:754"
"بی بی (گھر کی بزرگ عورت/لالے کی ساتھی)","مرزا عبد الرشید",3,"347 348 494","351:344 351:345 493:495"
"بی بی (گھر کی بزرگ عورت/لالے کی ساتھی)","ملک جہانگیر اعوان (ایم ایل اے)",68,"111 119 120 156 160 167 176 177 219 226 229 230 231 232 234 235 237 238 239 242 243 244 245 246 248 253 254 255 260 261 347 350 356 361 407 409 410 411 412 416 418 419 495 501 502 506 507 565 566 567 568 679","114:109 114:124 116:124 160:152 160:160 171:163 171:181 173:181 216:222 230:222 230:229 230:230 231:230 231:232 232:232 233:232 233:236 234:236 235:236 238:236 238:237 238:238 239:238 239:239 240:239 240:245 241:245 243:245 244:245 245:245 246:245 246:246 251:246 251:255 253:255 254:255 255:255 256:255 256:264 257:264 258:264 259:264 351:344 351:349 351:361 361:361 412:402 412:406 412:407 412:408 412:409 412:410 412:412 420:412 420:417 420:419 493:497 506:497 506:499 506:507 507:507 566:564 566:565 566:567 567:567 568:567 568:569 684:675"
"بی بی (گھر کی بزرگ عورت/لالے کی ساتھی)","ملک حمید",21,"234 235 236 238 242 243 244 245 261 262 787 789","230:238 231:238 232:238 233:238 234:238 235:238 238:238 239:238 239:245 240:245 241:245 243:245 244:245 245:245 246:245 256:266 257:266 258:266 259:266 784:791 787:791"
"بی بی (گھر کی بزرگ عورت/لالے کی ساتھی)","ملک رشید (ملک حمید کا بھائی)",2,"155 347","160:151 351:344"
"بی بی (گھر کی بزرگ عورت/لالے کی ساتھی)","ملک عالم جہاں اعوان",1,"63","68:58"
"بی بی (گھر کی بزرگ عورت/لالے کی ساتھی)","ملک لطیف",2,"787 789","784:791 787:791"
"بی بی (گھر کی بزرگ عورت/لالے کی ساتھی)","منشی کریم شاہ",12,"250 253 254 255 260 261 409","245:255 246:255 251:255 253:255 254:255 255:255 256:255 256:264 257:264 258:264 259:264 412:406"
"بی بی (گھر کی بزرگ عورت/لالے کی ساتھی)","منظور (اعجاز کا ورکر)",23,"70 71 73 346 347 348 349 350 363 411 412 416 418 437 492 493 505 686","68:73 69:73 74:73 351:341 351:342 351:343 351:344 351:345 351:346 351:347 351:348 351:349 361:365 412:411 412:412 420:412 420:413 420:417 433:442 493:491 493:494 506:504 684:689"
"بی بی (گھر کی بزرگ عورت/لالے کی ساتھی)","مولوی فقیر الدین",2,"115 116","114:117 116:117"
"بی بی (گھر کی بزرگ عورت/لالے کی ساتھی)","میاں انتظار حسین (ایڈووکیٹ ہائی کورٹ)",9,"9 437 561 562 681 684 726 727 735","7:12 433:442 566:556 566:559 684:678 684:685 721:731 723:731 739:731"
"بی بی (گھر کی بزرگ عورت/لالے کی ساتھی)","میجر ست پال ٹھاکر (کیمپ افسرِ دشمن)",1,"781","784:779"
"بی بی (گھر کی بزرگ عورت/لالے کی ساتھی)","میجر صدیق",4,"423 428 488 492","420:426 431:426 493:483 493:492"
"بی بی (گھر کی بزرگ عورت/لالے کی ساتھی)","میجر/کیپٹن سرفراز اعوان",143,"4 5 6 7 64 68 69 71 72 74 113 115 116 158 160 168 169 170 171 172 173 211 212 213 214 215 216 225 230 231 235 236 238 239 240 244 245 246 249 250 251 252 259 260 261 296 300 301 351 356 357 358 359 360 366 408 409 416 420 426 427 429 430 431 432 433 488 490 507 563 564 565 566 567 568 687 721 722 723 735 737 738 739 749 750 751 752 753 754 779 780 781 782 783 784 785 786 787","7:1 7:2 7:3 7:4 7:5 7:6 7:8 68:60 68:61 68:68 69:68 69:69 74:69 74:70 74:71 74:74 114:113 114:116 116:116 160:156 160:157 160:160 171:165 171:166 171:168 171:169 171:171 173:171 173:173 216:207 216:208 216:209 216:211 216:212 216:213 216:214 216:215 216:216 230:220 230:231 231:231 232:231 232:238 233:238 234:238 235:238 238:238 239:238 239:240 240:240 241:240 241:247 243:247 244:247 245:247 246:247 251:247 251:249 251:250 251:252 253:252 254:264 255:264 256:264 257:264 258:264 259:264 301:292 301:300 301:301 351:351 361:351 361:353 361:354 361:355 361:356 361:357 361:358 361:359 361:371 412:405 412:406 412:420 420:420 431:421 431:422 431:423 431:424 431:428 431:430 431:431 433:431 433:432 433:433 493:483 493:484 493:487 506:508 507:508 566:560 566:561 566:562 566:563 566:565 566:566 567:566 567:567 568:567 568:568 684:691 721:721 723:721 723:722 723:723 739:732 739:736 739:737 739:738 739:739 754:745 754:746 754:747 754:748 754:749 754:750 754:751 754:752 754:753 754:754 784:774 784:775 784:776 784:777 784:778 784:779 784:781 784:782 784:783 784:784 787:784 787:785 787:786 787:787"
"بی بی (گھر کی بزرگ عورت/لالے کی ساتھی)","نامعلوم مزدور عورت (ملک حمید/لطیف کا تعلق)",32,"4 11 63 110 111 112 113 114 115 118 157 213 215 216 350 352 357 416 420 506 507 562 563 683 722 723 784 785 786","7:1 7:16 68:58 114:106 114:109 114:110 114:111 114:113 114:115 116:115 116:120 160:154 160:155 216:211 216:215 216:217 351:350 351:354 361:354 412:420 420:420 506:507 507:507 566:558 566:560 684:682 721:723 723:723 784:784 787:784 787:785 787:786"
"بی بی (گھر کی بزرگ عورت/لالے کی ساتھی)","نانبائی (او جھری والا)",5,"211 212 681","216:206 216:207 216:208 216:209 684:678"
"بی بی (گھر کی بزرگ عورت/لالے کی ساتھی)","نسرین",33,"4 5 8 114 115 116 164 170 174 175 216 245 246 247 248 250 348 353 358 359 409 412 416 739 749 750 784 785 786","7:1 7:2 7:4 7:9 114:115 116:115 116:116 160:169 171:169 171:178 173:178 216:217 240:250 241:250 243:250 244:250 245:250 246:250 251:250 351:345 351:356 361:356 361:357 412:407 412:412 420:412 739:739 754:745 754:746 784:784 787:784 787:785 787:786"
"بی بی (گھر کی بزرگ عورت/لالے کی ساتھی)","نسیمہ (شعیب کی بہن)",30,"351 356 357 358 359 360 416 420 488 490 563 564 568 569 721 722 723 739 750 753 754 784 786","351:351 361:351 361:353 361:354 361:355 361:356 361:357 361:358 361:359 412:420 420:420 493:484 493:487 566:560 566:561 566:562 566:563 566:571 567:571 568:571 721:721 723:721 723:722 723:724 739:739 754:746 754:753 754:754 784:785 787:785"
"بی بی (گھر کی بزرگ عورت/لالے کی ساتھی)","نصیر شیخ (پارٹی امیدوار)",1,"364","361:367"
"بی بی (گھر کی بزرگ عورت/لالے کی ساتھی)","نمائر (کیمپ کا قیدی ساتھی)",3,"571 572","566:576 567:576 568:576"
"بی بی (گھر کی بزرگ عورت/لالے کی ساتھی)","وسیم بھائی (بدیع الزمان کا سالا/قرض خواہ)",19,"7 63 71 74 111 178 347 353 358 421 427 687 716 742 750 782 788 789","7:7 68:59 68:74 69:74 74:74 114:109 173:183 351:344 351:356 361:356 420:423 431:423 684:690 721:711 739:746 754:746 784:781 784:792 787:792"
"بی بی (گھر کی بزرگ عورت/لالے کی ساتھی)","پروفیسر میر صاحب",12,"219 226 243 244 245 246 247 249 250","216:222 230:222 238:248 239:248 240:248 241:248 243:248 244:248 245:248 246:248 251:248 251:249"
"بی بی (گھر کی بزرگ عورت/لالے کی ساتھی)","پھاتو مراثن (ڈھولکی)",2,"354 359","351:358 361:358"
"بی بی (گھر کی بزرگ عورت/لالے کی ساتھی)","پیر حمید الدین بلال شاہ (مرشد بلال پور شریف)",8,"5 6 161 166 755 787 789","7:4 7:5 7:6 160:162 171:162 754:757 784:791 787:791"
"بی بی (گھر کی بزرگ عورت/لالے کی ساتھی)","چاچا احمد خان راٹھور",103,"65 67 72 75 109 110 114 115 116 156 160 166 167 168 169 170 171 172 173 211 212 213 214 216 225 226 227 230 231 233 234 235 237 238 240 241 242 243 244 245 246 248 249 250 251 252 257 258 259 260 296 300 301 353 358 359 361 410 431 432 438 493 509 562 566 567 569 689 722 723 736 739 754 783 784 786 787","68:63 68:67 68:76 69:76 74:76 114:105 114:106 114:107 114:115 116:115 116:116 160:152 160:160 171:162 171:163 171:164 171:165 171:166 171:167 171:168 171:169 171:170 171:171 173:171 173:172 173:173 216:206 216:207 216:208 216:209 216:210 216:212 216:216 230:220 230:223 230:225 230:231 231:231 232:231 232:234 233:234 234:234 235:234 235:236 238:236 238:238 239:238 239:241 240:241 241:241 243:241 243:242 243:243 244:243 244:244 245:244 245:245 246:245 246:246 251:246 251:248 251:249 251:250 251:252 253:252 253:262 254:262 255:262 256:262 257:262 258:262 259:262 301:292 301:300 301:301 351:356 361:356 361:357 361:358 361:362 412:408 431:432 433:432 433:443 493:493 506:512 507:512 566:559 566:566 567:566 567:567 568:567 568:570 684:694 721:723 723:723 739:734 739:739 754:754 784:782 784:785 787:785 787:787"
"بی بی (گھر کی بزرگ عورت/لالے کی ساتھی)","چنبیلی (گھوڑی)",2,"68","68:68 69:68"
"بی بی (گھر کی بزرگ عورت/لالے کی ساتھی)","چوہدری ارشد (یونین رہنما)",1,"363","361:365"
"بی بی (گھر کی بزرگ عورت/لالے کی ساتھی)","چوہدری اظہر (ایس ایچ او نور پور)",8,"113 155 301 350 566 567 756","114:112 160:151 301:302 351:350 566:567 567:567 568:567 754:758"
"بی بی (گھر کی بزرگ عورت/لالے کی ساتھی)","چوہدری اللہ داد خان",7,"254 255 256 257","251:257 253:257 254:257 255:257 256:257 257:257 258:257"
"بی بی (گھر کی بزرگ عورت/لالے کی ساتھی)","چوہدری شدا",1,"363","361:366"
"بی بی (گھر کی بزرگ عورت/لالے کی ساتھی)","ڈاکٹر (کریم بخش کا بیٹا)",13,"63 111 113 216 497 503 504 506 507 682 683 684","68:58 114:109 114:112 216:217 493:501 506:501 506:502 506:507 507:507 684:681 684:682 684:683 684:684"
"بی بی (گھر کی بزرگ عورت/لالے کی ساتھی)","ڈاکٹر احسان الحق (پُل کھنگر)",2,"508","506:510 507:510"
"بی بی (گھر کی بزرگ عورت/لالے کی ساتھی)","ڈاکٹر خدابخش کھوکھر (چیف کیمسٹ)",1,"679","684:674"
"بی بی (گھر کی بزرگ عورت/لالے کی ساتھی)","کامران خان (جواں سال کیمسٹ)",1,"679","684:674"
"بی بی (گھر کی بزرگ عورت/لالے کی ساتھی)","کریم راٹھور",15,"259 260 261 509 679 681 720 783 785 786 787","254:264 255:264 256:264 257:264 258:264 259:264 506:512 507:512 684:674 684:678 721:719 784:782 784:786 787:786 787:787"
"بی بی (گھر کی بزرگ عورت/لالے کی ساتھی)","کنیز",14,"111 112 113 117 118 155 156 157 158 160 167 216 686","114:109 114:110 114:112 114:120 116:120 160:151 160:153 160:154 160:155 160:156 160:160 171:163 216:216 684:689"
"بی بی (گھر کی بزرگ عورت/لالے کی ساتھی)","کو چوہا (چوکیدار/کھیت میں سونے والا)",8,"254 255 256 257 258","251:258 253:258 254:258 255:258 256:258 257:258 258:258 259:258"
"بی بی (گھر کی بزرگ عورت/لالے کی ساتھی)","کیپٹن اسرار",6,"10 353 358 563 723 724","7:14 351:356 361:356 566:560 721:726 723:726"
"بی بی (گھر کی بزرگ عورت/لالے کی ساتھی)","کیپٹن جمال",4,"4 5 11","7:1 7:2 7:4 7:15"
"بی بی (گھر کی بزرگ عورت/لالے کی ساتھی)","کیڈٹ مجید اللہ",3,"299 300","301:297 301:298 301:299"
"بی بی (گھر کی بزرگ عورت/لالے کی ساتھی)","کیڈٹ نواز کھوکھر",1,"781","784:778"
"بی بی (گھر کی بزرگ عورت/لالے کی ساتھی)","گل افروز خان",16,"256 257 258 259 260 350 351 356 357 360 365 414 418","251:261 253:261 254:261 255:261 256:261 257:261 258:261 259:261 351:350 351:351 361:351 361:353 361:360 361:369 412:416 420:416"
"بی بی (گھر کی بزرگ عورت/لالے کی ساتھی)","ہکیم حاذق",4,"505 506 507","506:505 506:506 507:506 507:507"
"بی بی (گھر کی بزرگ عورت/لالے کی ساتھی)","یعقوب اعوان",42,"63 65 66 67 68 69 72 73 74 162 167 232 233 234 235 236 238 239 302 425 430 431 432 493 570 571 722 723 782 785 787","68:58 68:59 68:63 68:64 68:65 68:66 68:67 68:68 69:68 69:70 74:70 74:71 74:72 74:73 74:74 160:164 171:164 230:234 231:234 232:234 233:234 234:234 235:234 235:235 238:235 238:239 239:239 240:239 301:303 420:430 431:430 431:432 433:432 493:493 566:574 567:574 568:574 721:723 723:723 784:780 784:787 787:787"
"بی بی کمہاری","حاجی ذوالفقار",1,"510","506:514"
"بی بی کمہاری","دتا کمہار",1,"505","506:505"
"بی بی کمہاری","رحمت چوہان",1,"506","506:507"
"بی بی کمہاری","رنگیلی (یعقوب کی گھوڑی)",1,"503","506:500"
"بی بی کمہاری","سراج گجر",1,"508","506:510"
"بی بی کمہاری","سلطان (پی۔او۔ڈبلیو ساتھی/دوست)",2,"503 508","506:500 506:511"
"بی بی کمہاری","سکینہ (اعجاز کی بیوی)",1,"505","506:504"
"بی بی کمہاری","عمران (ہوسٹل ساتھی)",1,"508","506:510"
"بی بی کمہاری","قائد (پارٹی بانی لیڈر)",4,"501 502 506","506:496 506:497 506:499 506:507"
"بی بی کمہاری","قمر الاسلام",1,"502","506:498"
"بی بی کمہاری","ملک جہانگیر اعوان (ایم ایل اے)",3,"501 502 506","506:497 506:499 506:507"
"بی بی کمہاری","منظور (اعجاز کا ورکر)",1,"505","506:504"
"بی بی کمہاری","میجر/کیپٹن سرفراز اعوان",1,"507","506:508"
"بی بی کمہاری","نامعلوم مزدور عورت (ملک حمید/لطیف کا تعلق)",1,"506","506:507"
"بی بی کمہاری","چاچا احمد خان راٹھور",1,"509","506:512"
"بی بی کمہاری","ڈاکٹر (کریم بخش کا بیٹا)",3,"503 504 506","506:501 506:502 506:507"
"بی بی کمہاری","ڈاکٹر احسان الحق (پُل کھنگر)",1,"508","506:510"
"بی بی کمہاری","کریم راٹھور",1,"509","506:512"
"بی بی کمہاری","ہکیم حاذق",2,"505 506","506:505 506:506"
"بے انت سنگھ","تھانیدار / اے ایس آئی",1,"60","64:57"
"بے انت سنگھ","جسونت سنگھ",3,"44 45 69","42:47 43:47 64:74"
"بے انت سنگھ","جمیلہ",2,"40","42:38 42:39"
"بے انت سنگھ","جنگندر سنگھ",1,"41","42:41"
"بے انت سنگھ","جگت سنگھ",10,"37 41 42 43 59 60 61 68","42:32 42:41 42:42 43:42 43:43 64:54 64:55 64:56 64:58 64:73"
"بے انت سنگھ","رنگیلی (یعقوب کی گھوڑی)",3,"43 44 65","42:45 43:45 64:66"
"بے انت سنگھ","زور آور (گھوڑا)",2,"45","42:48 43:48"
"بے انت سنگھ","زینب (یعقوب کی بیوی)",3,"43 44 64","42:45 43:45 64:64"
"بے انت سنگھ","سندر سنگھ",2,"45 46","42:49 43:49"
"بے انت سنگھ","سکینہ (اعجاز کی بیوی)",3,"39 40 65","42:36 42:38 64:66"
"بے انت سنگھ","شیر بہادر اعوان",1,"64","64:64"
"بے انت سنگھ","شیشے والا سالا (بدیع الزمان کا دوسرا قرض خواہ)",1,"68","64:72"
"بے انت سنگھ","صوبیدار جہاں خان",1,"60","64:57"
"بے انت سنگھ","عباس (چاچا احمد کا بیٹا)",1,"40","42:38"
"بے انت سنگھ","علی بہادر",1,"64","64:65"
"بے انت سنگھ","فضلے",2,"47","42:52 43:52"
"بے انت سنگھ","فلک شیر اعوان",1,"64","64:65"
"بے انت سنگھ","قائد (پارٹی بانی لیڈر)",4,"38 61 68","42:34 42:35 64:58 64:72"
"بے انت سنگھ","ماسی (سرفراز کی پرورش کرنے والی)",2,"40 67","42:38 64:71"
"بے انت سنگھ","ماسی مریم",2,"40 67","42:38 64:71"
"بے انت سنگھ","ملک جہانگیر اعوان (ایم ایل اے)",1,"41","42:40"
"بے انت سنگھ","ملک عالم جہاں اعوان",2,"60 61","64:57 64:58"
"بے انت سنگھ","منظور (اعجاز کا ورکر)",1,"68","64:73"
"بے انت سنگھ","میجر/کیپٹن سرفراز اعوان",11,"37 38 39 40 41 62 66","42:33 42:34 42:35 42:36 42:37 42:38 42:39 42:40 64:60 64:61 64:68"
"بے انت سنگھ","نامعلوم مزدور عورت (ملک حمید/لطیف کا تعلق)",5,"38 44 45 60 61","42:34 42:47 43:47 64:56 64:58"
"بے انت سنگھ","نسرین",3,"38 43","42:34 42:44 43:44"
"بے انت سنگھ","نیلی (بھینس)",2,"45","42:48 43:48"
"بے انت سنگھ","وسیم بھائی (بدیع الزمان کا سالا/قرض خواہ)",6,"38 40 45 61 69","42:35 42:38 42:48 43:48 64:59 64:74"
"بے انت سنگھ","پیر حمید الدین بلال شاہ (مرشد بلال پور شریف)",1,"38","42:34"
"بے انت سنگھ","چاچا احمد خان راٹھور",7,"39 40 45 46 60 63 65","42:36 42:38 42:49 43:49 64:57 64:63 64:67"
"بے انت سنگھ","چنبیلی (گھوڑی)",3,"43 44 66","42:45 43:45 64:68"
"بے انت سنگھ","چوہدری اظہر (ایس ایچ او نور پور)",1,"60","64:57"
"بے انت سنگھ","ڈاکٹر (کریم بخش کا بیٹا)",4,"47 60 61","42:52 43:52 64:57 64:58"
"بے انت سنگھ","کلونت کور",6,"41 42 43 59","42:41 42:42 43:42 43:43 64:54 64:55"
"بے انت سنگھ","کیپٹن اسرار",1,"38","42:34"
"بے انت سنگھ","یعقوب اعوان",12,"37 38 39 41 42 43 60 61 63 64","42:32 42:35 42:36 42:41 42:43 43:43 64:56 64:57 64:58 64:59 64:63 64:64"
"تھانیدار / اے ایس آئی","جسونت سنگھ",1,"52","57:47"
"تھانیدار / اے ایس آئی","جمیلہ",6,"297 566 567 598 600 604","302:292 567:566 567:568 599:597 599:602 606:602"
"تھانیدار / اے ایس آئی","جگت سنگھ",7,"53 54 55 56 57","57:49 57:51 57:53 57:54 57:55 57:56 57:58"
"تھانیدار / اے ایس آئی","حاجی ذوالفقار",1,"112","112:113"
"تھانیدار / اے ایس آئی","حاجی عزیز دین",1,"115","112:118"
"تھانیدار / اے ایس آئی","حاجی کریم بخش (چیئرمین ازمیر گھی انڈسٹریز)",1,"598","599:597"
"تھانیدار / اے ایس آئی","حسن (اعجاز/سکینہ کا بیٹا)",9,"107 351 567 577 597 601 604 756","112:103 350:353 567:568 581:573 581:574 599:596 599:603 606:603 758:754"
"تھانیدار / اے ایس آئی","حسین (اعجاز/سکینہ کا بیٹا)",17,"107 301 351 567 577 585 586 587 594 597 601 604 754 755 756","112:103 302:301 350:353 567:568 581:573 581:590 582:590 583:590 584:590 585:590 599:590 599:596 599:603 606:603 758:751 758:753 758:754"
"تھانیدار / اے ایس آئی","حوالدار ستونت سنگھ",1,"760","758:762"
"تھانیدار / اے ایس آئی","خواجہ معراج الدین",2,"562 563","567:558 567:559"
"تھانیدار / اے ایس آئی","دتا کمہار",1,"598","599:598"
"تھانیدار / اے ایس آئی","دتو میراثی",8,"107 110 114 144 150 602 606","112:102 112:108 112:117 139:149 151:149 599:606 606:606 607:606"
"تھانیدار / اے ایس آئی","رابعہ",2,"134 354","136:133 350:358"
"تھانیدار / اے ایس آئی","رحمت چوہان",2,"107 113","112:102 112:115"
"تھانیدار / اے ایس آئی","رضیہ",1,"354","350:358"
"تھانیدار / اے ایس آئی","رنگیلی (یعقوب کی گھوڑی)",1,"61","57:66"
"تھانیدار / اے ایس آئی","ریاض (سرفراز کا ڈرائیور)",3,"133 451 453","136:131 453:450 453:454"
"تھانیدار / اے ایس آئی","زور آور (گھوڑا)",2,"52 53","57:48 57:49"
"تھانیدار / اے ایس آئی","زینب (یعقوب کی بیوی)",5,"52 53 54 60","57:47 57:48 57:50 57:52 57:64"
"تھانیدار / اے ایس آئی","سائیں جلا",9,"115 155 583 584 585 757","112:118 151:160 581:586 582:586 583:586 584:586 585:586 758:756 758:757"
"تھانیدار / اے ایس آئی","ساجا",1,"115","112:118"
"تھانیدار / اے ایس آئی","سردار فلمبند خان",1,"759","758:760"
"تھانیدار / اے ایس آئی","سلطان (پی۔او۔ڈبلیو ساتھی/دوست)",10,"564 565 571 578 579 609","567:561 567:562 567:563 567:575 581:575 581:576 581:577 581:578 606:612 607:612"
"تھانیدار / اے ایس آئی","سندر سنگھ",2,"53","57:49 57:50"
"تھانیدار / اے ایس آئی","سپاہی غلام رسول (یونٹ ڈرائیور/ساتھی)",1,"347","350:345"
"تھانیدار / اے ایس آئی","سکینہ (اعجاز کی بیوی)",30,"61 107 108 109 113 133 134 139 140 141 147 153 297 301 345 349 350 452 562 566 567 598 754 755 756","57:66 112:102 112:103 112:105 112:106 112:114 136:131 136:133 136:143 137:143 138:143 139:143 151:143 151:144 151:156 302:292 302:300 350:340 350:349 350:350 453:451 567:557 567:558 567:566 567:567 599:597 758:751 758:753 758:754 758:755"
"تھانیدار / اے ایس آئی","سیف اللہ (چکی والا)",1,"113","112:115"
"تھانیدار / اے ایس آئی","سینئر انڈر آفیسر صبغت اللہ",1,"300","302:299"
"تھانیدار / اے ایس آئی","سیکنڈ لفٹننٹ امتیاز",1,"754","758:750"
"تھانیدار / اے ایس آئی","شبیرا",1,"115","112:118"
"تھانیدار / اے ایس آئی","شعیب",10,"299 304 345 350 564 568 579 598 758","302:296 302:306 350:340 350:351 567:561 567:562 567:569 581:577 599:598 758:758"
"تھانیدار / اے ایس آئی","شمس (بدیع الزمان کا اسسٹنٹ)",1,"562","567:558"
"تھانیدار / اے ایس آئی","شوکت",6,"139 140 141 147 297","136:143 137:143 138:143 139:143 151:143 302:293"
"تھانیدار / اے ایس آئی","شیر بہادر اعوان",1,"60","57:64"
"تھانیدار / اے ایس آئی","صوبیدار جہاں خان",1,"57","57:57"
"تھانیدار / اے ایس آئی","ظفر چوہدری",4,"571 578 579","567:575 581:575 581:576 581:577"
"تھانیدار / اے ایس آئی","عباس (چاچا احمد کا بیٹا)",15,"114 301 302 353 566 600 603 604 605 606 607 756","112:117 302:301 302:302 350:357 567:566 599:601 606:601 606:602 606:603 606:604 606:605 606:607 607:607 758:754 758:755"
"تھانیدار / اے ایس آئی","علی بہادر",1,"61","57:65"
"تھانیدار / اے ایس آئی","فضلے",1,"54","57:52"
"تھانیدار / اے ایس آئی","فلک شیر اعوان",1,"61","57:65"
"تھانیدار / اے ایس آئی","قائد (پارٹی بانی لیڈر)",50,"57 107 110 112 131 133 134 137 138 142 148 305 345 346 347 349 351 449 450 452 453 562 563 564 568 576 577 578 579 580 581 582 583 584 585 594 596 598 603 607 758","57:58 112:103 112:109 112:113 136:126 136:130 136:132 136:138 137:138 138:138 139:138 139:145 151:145 302:309 350:341 350:342 350:343 350:344 350:349 350:353 453:445 453:447 453:452 453:453 567:558 567:559 567:561 567:562 567:569 581:571 581:574 581:575 581:576 581:578 581:579 581:582 582:582 583:582 583:583 584:583 584:584 585:584 585:586 599:590 599:593 599:597 599:608 606:608 607:608 758:758"
"تھانیدار / اے ایس آئی","قمر الاسلام",1,"457","453:461"
"تھانیدار / اے ایس آئی","لیفٹیننٹ کرنل اسلام الدین",19,"133 136 137 138 139 585 586 587 594 599 603 608 609","136:130 136:136 137:136 137:137 138:137 138:138 139:138 139:139 581:589 582:589 583:589 584:589 585:589 599:589 599:590 599:600 606:600 606:611 607:611"
"تھانیدار / اے ایس آئی","ماسی (سرفراز کی پرورش کرنے والی)",10,"107 115 133 134 153 297 301 566 567 756","112:102 112:118 136:131 136:133 151:156 302:292 302:300 567:566 567:568 758:754"
"تھانیدار / اے ایس آئی","ماسی مریم",10,"107 115 133 134 153 297 301 566 567 756","112:102 112:118 136:131 136:133 151:156 302:292 302:300 567:566 567:568 758:754"
"تھانیدار / اے ایس آئی","مرزا عبد الرشید",3,"347 457","350:344 350:345 453:461"
"تھانیدار / اے ایس آئی","ملک جہانگیر اعوان (ایم ایل اے)",35,"110 131 138 139 140 146 147 148 149 150 151 347 349 565 566 567 576 583 584 585 595 596 597 598 603 607","112:109 136:126 136:141 137:141 138:141 139:141 151:141 151:142 151:143 151:144 151:145 151:146 151:147 151:148 151:149 151:152 350:344 350:349 567:564 567:565 567:567 581:572 581:586 582:586 583:586 584:586 585:586 599:591 599:593 599:595 599:596 599:597 599:608 606:608 607:608"
"تھانیدار / اے ایس آئی","ملک حمید",15,"142 143 149 581 582 583 584 599 602","137:147 138:147 139:147 151:147 151:148 581:581 582:581 582:582 583:582 583:583 584:583 584:584 585:584 599:599 606:599"
"تھانیدار / اے ایس آئی","ملک رشید (ملک حمید کا بھائی)",11,"135 136 137 138 139 151 347 457","136:135 136:136 137:136 137:137 138:137 138:138 139:138 139:139 151:151 350:344 453:462"
"تھانیدار / اے ایس آئی","ملک عالم جہاں اعوان",1,"57","57:57"
"تھانیدار / اے ایس آئی","ملک لطیف",7,"582 583 584 599 602","581:584 582:584 583:584 584:584 585:584 599:599 606:599"
"تھانیدار / اے ایس آئی","منشی کریم شاہ",5,"139 140 141 147","136:143 137:143 138:143 139:143 151:143"
"تھانیدار / اے ایس آئی","منظور (اعجاز کا ورکر)",18,"345 346 347 348 349 448 450 451 452 454","350:341 350:342 350:343 350:344 350:345 350:346 350:347 350:348 350:349 453:443 453:444 453:447 453:448 453:449 453:450 453:451 453:452 453:455"
"تھانیدار / اے ایس آئی","منیر میکنک",5,"584 585 586","581:588 582:588 583:588 584:588 585:588"
"تھانیدار / اے ایس آئی","مولوی فقیر الدین",3,"107 114","112:102 112:103 112:117"
"تھانیدار / اے ایس آئی","میاں انتظار حسین (ایڈووکیٹ ہائی کورٹ)",7,"563 586 587 588 595","567:559 581:591 582:591 583:591 584:591 585:591 599:591"
"تھانیدار / اے ایس آئی","میجر صدیق",1,"580","581:579"
"تھانیدار / اے ایس آئی","میجر/کیپٹن سرفراز اعوان",60,"58 107 112 133 153 297 301 302 345 350 455 563 564 565 566 567 576 577 578 579 580 585 586 587 594 595 596 597 598 599 603 604 608 609 753 754 755 756 757 758","57:60 112:102 112:103 112:113 136:131 151:156 302:292 302:300 302:301 302:302 350:340 350:351 453:458 567:560 567:561 567:562 567:563 567:565 567:566 567:567 581:571 581:572 581:573 581:574 581:575 581:576 581:577 581:578 581:579 581:589 582:589 583:589 584:589 585:589 599:589 599:590 599:591 599:592 599:593 599:594 599:595 599:596 599:597 599:598 599:600 606:600 606:601 606:602 606:611 607:611 758:748 758:749 758:750 758:751 758:752 758:753 758:754 758:755 758:756 758:758"
"تھانیدار / اے ایس آئی","نامعلوم مزدور عورت (ملک حمید/لطیف کا تعلق)",32,"52 54 56 57 107 109 110 111 112 131 132 133 135 136 137 143 149 152 350 562 563 582 583 584 585 598","57:47 57:51 57:56 57:58 112:102 112:106 112:109 112:110 112:111 112:113 136:126 136:128 136:130 136:134 136:136 137:136 137:137 138:137 138:148 139:148 151:148 151:154 350:350 567:558 567:560 581:584 582:584 583:584 584:584 585:584 585:585 599:598"
"تھانیدار / اے ایس آئی","نسرین",19,"54 113 347 353 585 586 587 594 595 598 599 603 606 607","57:51 112:115 350:345 350:356 581:589 582:589 583:589 584:589 585:589 599:589 599:590 599:592 599:597 599:598 599:600 606:600 606:601 606:607 607:607"
"تھانیدار / اے ایس آئی","نسیمہ (شعیب کی بہن)",25,"345 350 563 564 565 569 576 577 578 579 580 585 586 587 594 598 755 756 757","350:340 350:351 567:560 567:561 567:562 567:563 567:571 581:571 581:573 581:574 581:575 581:576 581:578 581:579 581:589 582:589 583:589 584:589 585:589 599:589 599:590 599:598 758:753 758:754 758:756"
"تھانیدار / اے ایس آئی","نمائر (کیمپ کا قیدی ساتھی)",4,"571 578 579 580","567:576 581:576 581:578 581:579"
"تھانیدار / اے ایس آئی","نیلی (بھینس)",1,"52","57:48"
"تھانیدار / اے ایس آئی","وسیم بھائی (بدیع الزمان کا سالا/قرض خواہ)",10,"52 58 110 136 347 353 602 606","57:48 57:59 112:109 136:136 137:136 350:344 350:356 599:606 606:606 607:606"
"تھانیدار / اے ایس آئی","پھاتو مراثن (ڈھولکی)",1,"354","350:358"
"تھانیدار / اے ایس آئی","پیر حمید الدین بلال شاہ (مرشد بلال پور شریف)",1,"757","758:757"
"تھانیدار / اے ایس آئی","چاچا احمد خان راٹھور",48,"53 57 107 108 109 113 132 133 134 139 140 141 147 148 149 150 151 297 301 302 353 448 563 566 567 577 584 585 586 600 603 604 605 606 607 756 757","57:49 57:57 112:102 112:103 112:105 112:106 112:107 112:115 136:128 136:131 136:133 136:143 137:143 138:143 139:143 151:143 151:146 151:147 151:148 151:149 151:152 302:292 302:300 302:301 302:302 350:356 453:443 567:559 567:566 567:567 581:573 581:574 581:588 582:588 583:588 584:588 585:588 599:601 606:601 606:602 606:603 606:604 606:605 606:607 607:607 758:754 758:755 758:757"
"تھانیدار / اے ایس آئی","چنبیلی (گھوڑی)",1,"52","57:48"
"تھانیدار / اے ایس آئی","چوہدری اظہر (ایس ایچ او نور پور)",30,"57 112 136 137 138 139 151 302 350 451 453 567 581 582 583 584 585 599 602 606 607 758","57:57 112:112 136:136 137:136 137:137 138:137 138:138 139:138 139:139 151:151 302:302 350:350 453:450 453:453 567:567 581:581 582:581 582:582 583:582 583:583 584:583 584:584 585:584 585:585 599:599 606:599 606:606 607:606 607:607 758:758"
"تھانیدار / اے ایس آئی","ڈاکٹر (کریم بخش کا بیٹا)",7,"54 57 110 112 133 454 762","57:52 57:57 112:109 112:112 136:131 453:455 758:767"
"تھانیدار / اے ایس آئی","کلونت کور",3,"55 56","57:53 57:54 57:55"
"تھانیدار / اے ایس آئی","کنیز",22,"107 110 111 112 133 134 135 136 137 138 139 149 151 583 584 585","112:103 112:109 112:110 112:112 136:130 136:132 136:133 136:134 136:135 136:137 137:137 138:137 138:138 139:138 139:139 151:148 151:151 581:585 582:585 583:585 584:585 585:585"
"تھانیدار / اے ایس آئی","کیپٹن اسرار",2,"353 563","350:356 567:560"
"تھانیدار / اے ایس آئی","کیپٹن جمال",11,"585 586 587 594 595 598 611","581:589 582:589 583:589 584:589 585:589 599:589 599:592 599:597 599:598 606:616 607:616"
"تھانیدار / اے ایس آئی","کیپٹن دلاور",1,"307","302:312"
"تھانیدار / اے ایس آئی","کیڈٹ مجید اللہ",3,"299 300","302:297 302:298 302:299"
"تھانیدار / اے ایس آئی","گل افروز خان",1,"350","350:350"
"تھانیدار / اے ایس آئی","یعقوب اعوان",17,"52 53 54 55 56 57 139 140 141 147 302 570 577","57:47 57:48 57:49 57:50 57:51 57:52 57:53 57:56 57:57 136:143 137:143 138:143 139:143 151:143 302:303 567:574 581:574"
"جرنیل سنگھ (سکھ)","جمیلہ",3,"170 171","168:173 169:173 170:173"
"جرنیل سنگھ (سکھ)","رحمت چوہان",3,"169 170","168:171 169:171 170:171"
"جرنیل سنگھ (سکھ)","سائیں جلا",13,"164 165 166 167 168 169 170","168:160 168:161 168:162 168:163 168:164 168:165 168:166 168:167 168:168 169:168 169:169 170:169 170:171"
"جرنیل سنگھ (سکھ)","سردار فلمبند خان",1,"167","168:167"
"جرنیل سنگھ (سکھ)","سکینہ (اعجاز کی بیوی)",6,"164 165 166 169 170","168:160 168:163 168:164 168:171 169:171 170:171"
"جرنیل سنگھ (سکھ)","عباس (چاچا احمد کا بیٹا)",7,"166 167 168 169 171","168:165 168:166 168:168 169:168 169:169 170:169 170:172"
"جرنیل سنگھ (سکھ)","ماسی (سرفراز کی پرورش کرنے والی)",6,"163 166 170 171","168:158 168:164 168:165 168:173 169:173 170:173"
"جرنیل سنگھ (سکھ)","ماسی مریم",6,"163 166 169 170","168:158 168:164 168:165 168:171 169:171 170:171"
"جرنیل سنگھ (سکھ)","ملک جہانگیر اعوان (ایم ایل اے)",2,"164 165","168:160 168:163"
"جرنیل سنگھ (سکھ)","میجر/کیپٹن سرفراز اعوان",8,"164 166 167 168 169 170","168:160 168:165 168:166 168:168 169:168 169:169 170:169 170:171"
"جرنیل سنگھ (سکھ)","نسرین",4,"168 169 174","168:169 169:169 170:169 170:178"
"جرنیل سنگھ (سکھ)","پیر حمید الدین بلال شاہ (مرشد بلال پور شریف)",1,"165","168:162"
"جرنیل سنگھ (سکھ)","چاچا احمد خان راٹھور",12,"164 165 166 167 168 169 170","168:160 168:162 168:163 168:164 168:165 168:166 168:167 168:168 169:168 169:169 170:169 170:170"
"جرنیل سنگھ (سکھ)","کنیز",2,"164 165","168:160 168:163"
"جرنیل سنگھ (سکھ)","یعقوب اعوان",1,"166","168:164"
"جسونت سنگھ","جمیلہ",5,"25 33 42 43","29:21 29:22 29:38 47:38 47:39"
"جسونت سنگھ","جنگندر سنگھ",1,"44","47:41"
"جسونت سنگھ","جگت سنگھ",8,"28 30 44 45 48 73","29:27 29:28 29:32 47:41 47:42 47:43 47:49 74:73"
"جسونت سنگھ","حسین (اعجاز/سکینہ کا بیٹا)",1,"76","74:79"
"جسونت سنگھ","دتو میراثی",1,"28","29:28"
"جسونت سنگھ","رنگیلی (یعقوب کی گھوڑی)",2,"46 70","47:45 74:66"
"جسونت سنگھ","زور آور (گھوڑا)",1,"47","47:48"
"جسونت سنگھ","زینب (یعقوب کی بیوی)",9,"46 47 69 70 71 72 73 74","47:45 47:46 47:47 74:64 74:67 74:68 74:71 74:73 74:74"
"جسونت سنگھ","سردار فلمبند خان",1,"78","74:83"
"جسونت سنگھ","سندر سنگھ",1,"48","47:49"
"جسونت سنگھ","سکینہ (اعجاز کی بیوی)",10,"24 26 32 42 70 71 72 74","29:20 29:23 29:36 47:38 74:66 74:67 74:68 74:69 74:71 74:75"
"جسونت سنگھ","شیر بہادر اعوان",5,"69 72 73 77","74:64 74:65 74:70 74:72 74:80"
"جسونت سنگھ","شیشے والا سالا (بدیع الزمان کا دوسرا قرض خواہ)",1,"73","74:72"
"جسونت سنگھ","صوبیدار جہاں خان",1,"52","47:57"
"جسونت سنگھ","عباس (چاچا احمد کا بیٹا)",4,"25 33 42","29:21 29:22 29:38 47:38"
"جسونت سنگھ","علی بہادر",2,"69 73","74:65 74:72"
"جسونت سنگھ","فضلے",1,"49","47:52"
"جسونت سنگھ","فلک شیر اعوان",3,"69 72 77","74:65 74:70 74:80"
"جسونت سنگھ","قائد (پارٹی بانی لیڈر)",3,"31 73 78","29:34 74:72 74:83"
"جسونت سنگھ","ماسی (سرفراز کی پرورش کرنے والی)",7,"25 26 33 42 72 74","29:22 29:23 29:24 29:38 47:38 74:71 74:74"
"جسونت سنگھ","ماسی مریم",7,"25 26 33 42 72 74","29:22 29:23 29:24 29:38 47:38 74:71 74:74"
"جسونت سنگھ","ملک جہانگیر اعوان (ایم ایل اے)",1,"43","47:40"
"جسونت سنگھ","ملک عالم جہاں اعوان",1,"52","47:57"
"جسونت سنگھ","منظور (اعجاز کا ورکر)",1,"73","74:73"
"جسونت سنگھ","میجر/کیپٹن سرفراز اعوان",15,"24 25 26 31 42 43 71 72 74","29:19 29:21 29:22 29:23 29:24 29:33 47:37 47:38 47:39 47:40 74:68 74:69 74:70 74:71 74:74"
"جسونت سنگھ","نامعلوم مزدور عورت (ملک حمید/لطیف کا تعلق)",3,"24 31 47","29:19 29:34 47:47"
"جسونت سنگھ","نسرین",6,"24 28 29 45 46 49","29:19 29:28 29:29 47:44 47:46 47:51"
"جسونت سنگھ","نیلی (بھینس)",1,"47","47:48"
"جسونت سنگھ","وسیم بھائی (بدیع الزمان کا سالا/قرض خواہ)",6,"27 28 32 42 47 74","29:26 29:28 29:35 47:38 47:48 74:74"
"جسونت سنگھ","پیر حمید الدین بلال شاہ (مرشد بلال پور شریف)",1,"31","29:34"
"جسونت سنگھ","چاچا احمد خان راٹھور",6,"26 32 42 48 70 75","29:23 29:36 47:38 47:49 74:67 74:76"
"جسونت سنگھ","چنبیلی (گھوڑی)",3,"46 47 71","47:45 47:48 74:68"
"جسونت سنگھ","چوہدری اظہر (ایس ایچ او نور پور)",1,"52","47:57"
"جسونت سنگھ","ڈاکٹر (کریم بخش کا بیٹا)",2,"24 49","29:20 47:52"
"جسونت سنگھ","کلونت کور",6,"28 44 45 50","29:27 29:28 47:41 47:42 47:43 47:53"
"جسونت سنگھ","کیپٹن اسرار",1,"31","29:34"
"جسونت سنگھ","کیپٹن جمال",1,"24","29:19"
"جسونت سنگھ","یعقوب اعوان",21,"26 27 28 30 44 45 46 47 69 70 71 72 73 74","29:24 29:26 29:27 29:28 29:32 47:41 47:43 47:44 47:45 47:46 47:47 74:64 74:65 74:66 74:67 74:68 74:70 74:71 74:72 74:73 74:74"
"جعفری صاحب (کیمسٹ/پرانا رابطہ)","حاجی ذوالفقار",1,"518","522:514"
"جعفری صاحب (کیمسٹ/پرانا رابطہ)","حاجی رحیم بخش",3,"523 524 525","522:525 523:525 525:525"
"جعفری صاحب (کیمسٹ/پرانا رابطہ)","حاجی وسیم بخش (منیجنگ ڈائریکٹر)",4,"521 523 524","522:521 522:524 523:524 525:524"
"جعفری صاحب (کیمسٹ/پرانا رابطہ)","حاجی کریم بخش (چیئرمین ازمیر گھی انڈسٹریز)",8,"521 522 523 524 525 539","522:521 522:522 523:522 523:523 525:523 525:524 525:525 539:539"
"جعفری صاحب (کیمسٹ/پرانا رابطہ)","خواجہ معراج الدین",5,"525 526 527 534 538","522:529 523:529 525:529 539:529 539:537"
"جعفری صاحب (کیمسٹ/پرانا رابطہ)","رحمت چوہان",5,"526 527 528 535 536","522:531 523:531 525:531 539:531 539:533"
"جعفری صاحب (کیمسٹ/پرانا رابطہ)","سلطان (پی۔او۔ڈبلیو ساتھی/دوست)",2,"517 518","522:513 522:515"
"جعفری صاحب (کیمسٹ/پرانا رابطہ)","سکینہ (اعجاز کی بیوی)",1,"539","539:540"
"جعفری صاحب (کیمسٹ/پرانا رابطہ)","شمس (بدیع الزمان کا اسسٹنٹ)",6,"525 526 537 538","522:528 523:528 525:528 539:535 539:537 539:538"
"جعفری صاحب (کیمسٹ/پرانا رابطہ)","شیشے والا سالا (بدیع الزمان کا دوسرا قرض خواہ)",1,"540","539:541"
"جعفری صاحب (کیمسٹ/پرانا رابطہ)","طارق (ورکس منیجر)",6,"522 523 524 525","522:522 523:522 523:523 525:523 525:524 525:525"
"جعفری صاحب (کیمسٹ/پرانا رابطہ)","عامر محمود (چیف کیمسٹ)",2,"521 539","522:521 539:539"
"جعفری صاحب (کیمسٹ/پرانا رابطہ)","قائد (پارٹی بانی لیڈر)",11,"521 522 523 524 525 537 539","522:520 522:521 522:522 523:522 523:523 525:523 525:524 525:525 539:535 539:536 539:539"
"جعفری صاحب (کیمسٹ/پرانا رابطہ)","معین الدین شاہ",1,"521","522:521"
"جعفری صاحب (کیمسٹ/پرانا رابطہ)","ملک جہانگیر اعوان (ایم ایل اے)",2,"517 521","522:512 522:520"
"جعفری صاحب (کیمسٹ/پرانا رابطہ)","میجر قدیر (ازمیر مل کا ایڈمن افسر)",6,"521 522 523 524 539","522:521 522:522 523:522 523:524 525:524 539:539"
"جعفری صاحب (کیمسٹ/پرانا رابطہ)","میجر/کیپٹن سرفراز اعوان",2,"520 541","522:518 539:543"
"جعفری صاحب (کیمسٹ/پرانا رابطہ)","نامعلوم مزدور عورت (ملک حمید/لطیف کا تعلق)",1,"539","539:540"
"جعفری صاحب (کیمسٹ/پرانا رابطہ)","نسیمہ (شعیب کی بہن)",1,"541","539:543"
"جعفری صاحب (کیمسٹ/پرانا رابطہ)","وسیم بھائی (بدیع الزمان کا سالا/قرض خواہ)",4,"526 527 534","522:530 523:530 525:530 539:530"
"جعفری صاحب (کیمسٹ/پرانا رابطہ)","چاچا احمد خان راٹھور",1,"517","522:512"
"جعفری صاحب (کیمسٹ/پرانا رابطہ)","ڈاکٹر (کریم بخش کا بیٹا)",8,"517 521 524 525 535 536","522:512 522:520 522:526 523:526 525:526 539:531 539:533 539:534"
"جعفری صاحب (کیمسٹ/پرانا رابطہ)","ڈاکٹر احسان الحق (پُل کھنگر)",6,"521 526 527 528 535 536","522:520 522:531 523:531 525:531 539:531 539:534"
"جعفری صاحب (کیمسٹ/پرانا رابطہ)","ڈاکٹر خدابخش کھوکھر (چیف کیمسٹ)",2,"521 539","522:521 539:539"
"جعفری صاحب (کیمسٹ/پرانا رابطہ)","کریم راٹھور",7,"517 522 523 524 525 539","522:512 522:523 523:523 525:523 525:524 525:525 539:539"
"جعفری صاحب (کیمسٹ/پرانا رابطہ)","کنیز",1,"539","539:540"
"جمیلہ","جنگندر سنگھ",2,"39 40","38:41 39:41"
"جمیلہ","جونیئر وکیل (خواجہ معراج کا شاگرد)",1,"620","619:622"
"جمیلہ","جگت سنگھ",6,"24 33 35 39 40","21:27 22:27 38:28 38:32 38:41 39:41"
"جمیلہ","حاجی کریم بخش (چیئرمین ازمیر گھی انڈسٹریز)",3,"597 599 621","597:597 602:597 619:624"
"جمیلہ","حسن (اعجاز/سکینہ کا بیٹا)",12,"102 291 315 316 317 329 330 567 568 596 600 602","101:103 292:290 317:313 317:316 317:317 330:329 330:330 566:568 568:568 597:596 597:603 602:603"
"جمیلہ","حسین (اعجاز/سکینہ کا بیٹا)",14,"102 296 315 316 317 330 561 567 568 593 596 600 602 621","101:103 292:301 317:313 317:316 317:317 330:330 566:556 566:568 568:568 597:590 597:596 597:603 602:603 619:623"
"جمیلہ","خواجہ معراج الدین",3,"562 621","566:558 566:559 619:623"
"جمیلہ","دتا کمہار",2,"597 600","597:598 602:598"
"جمیلہ","دتو میراثی",6,"24 25 33 101 601 604","21:28 22:28 38:28 101:102 597:606 602:606"
"جمیلہ","رحمت چوہان",2,"101 172","101:102 173:171"
"جمیلہ","رنگیلی (یعقوب کی گھوڑی)",2,"41 42","38:45 39:45"
"جمیلہ","ریاض (سرفراز کا ڈرائیور)",1,"618","619:618"
"جمیلہ","زور آور (گھوڑا)",2,"43","38:48 39:48"
"جمیلہ","زینب (یعقوب کی بیوی)",2,"41 42","38:45 39:45"
"جمیلہ","سائیں جلا",16,"168 169 170 171 172 173 174 175 176 177","173:163 173:164 173:165 173:166 173:167 173:168 173:169 173:171 173:172 173:173 176:173 176:174 176:175 176:176 177:176 177:177"
"جمیلہ","سراج گجر",1,"315","317:314"
"جمیلہ","سردار فلمبند خان",2,"170 618","173:167 619:618"
"جمیلہ","سلطان (پی۔او۔ڈبلیو ساتھی/دوست)",7,"563 564 570 571 607 615","566:561 566:562 566:563 566:575 568:575 602:612 619:612"
"جمیلہ","سلیم",3,"97 98 620","101:94 101:95 619:621"
"جمیلہ","سندر سنگھ",1,"44","39:49"
"جمیلہ","سکینہ (اعجاز کی بیوی)",38,"20 22 37 38 101 168 172 173 174 176 177 289 290 291 292 315 316 317 328 329 330 561 562 566 567 568 597 599 619","21:20 21:23 22:23 38:36 38:38 39:38 101:102 173:163 173:164 173:171 173:173 176:173 176:176 177:176 177:177 292:287 292:288 292:289 292:290 292:292 317:313 317:316 317:318 330:326 330:327 330:328 330:329 330:330 566:556 566:557 566:558 566:566 568:566 568:567 568:568 597:597 602:597 619:619"
"جمیلہ","سینئر انڈر آفیسر صبغت اللہ",1,"295","292:299"
"جمیلہ","شعیب",25,"289 294 312 313 314 316 317 325 326 327 328 329 330 563 564 567 568 597 600","292:286 292:287 292:296 317:307 317:308 317:309 317:312 317:316 317:318 330:320 330:321 330:322 330:323 330:324 330:325 330:326 330:328 330:329 330:330 566:561 566:562 566:569 568:569 597:598 602:598"
"جمیلہ","شمس (بدیع الزمان کا اسسٹنٹ)",2,"561 562","566:556 566:558"
"جمیلہ","شوکت",2,"289 292","292:287 292:293"
"جمیلہ","شیر بہادر اعوان",1,"96","101:91"
"جمیلہ","ظفر چوہدری",2,"570 571","566:575 568:575"
"جمیلہ","عباس (چاچا احمد کا بیٹا)",29,"21 22 38 101 169 170 171 172 173 174 175 176 177 290 296 316 317 327 566 567 599 601 602 618","21:21 22:21 22:22 38:38 39:38 101:101 173:165 173:166 173:168 173:169 173:172 173:173 176:173 176:175 176:176 177:176 177:177 292:288 292:301 317:316 317:317 330:325 566:566 568:566 597:601 602:601 602:602 619:617 619:618"
"جمیلہ","علی بہادر",1,"96","101:91"
"جمیلہ","فلک شیر اعوان",1,"96","101:91"
"جمیلہ","قائد (پارٹی بانی لیڈر)",28,"36 97 102 178 179 180 289 291 313 315 321 327 562 563 564 567 568 593 595 597 599 605 614 618 621","38:34 38:35 101:94 101:103 173:183 176:183 177:183 292:286 292:290 317:309 317:314 317:325 330:325 566:558 566:559 566:561 566:562 566:569 568:569 597:590 597:593 597:597 602:597 602:608 619:609 619:610 619:617 619:623"
"جمیلہ","لیفٹیننٹ کرنل اسلام الدین",8,"333 593 598 601 606 615 618","330:337 597:589 597:590 597:600 602:600 602:611 619:611 619:618"
"جمیلہ","ماسی (سرفراز کی پرورش کرنے والی)",19,"21 22 38 101 168 169 173 174 175 176 177 292 317 566 567 568","21:22 22:22 38:38 39:38 101:102 173:164 173:165 173:173 176:173 176:174 176:175 176:176 177:176 177:177 292:292 317:317 566:566 568:566 568:568"
"جمیلہ","ماسی مریم",20,"21 22 38 101 168 169 172 173 174 175 176 177 292 317 566 567 568","21:22 22:22 38:38 39:38 101:102 173:164 173:165 173:171 173:173 176:173 176:174 176:175 176:176 177:176 177:177 292:292 317:317 566:566 568:566 568:568"
"جمیلہ","محمد نواز چیمہ",2,"97","101:93 101:94"
"جمیلہ","معین الدین شاہ",1,"621","619:624"
"جمیلہ","ملک جہانگیر اعوان (ایم ایل اے)",26,"39 96 98 105 168 177 178 179 290 291 565 566 567 568 594 595 596 597 599 605 614 619","38:40 39:40 101:91 101:95 101:109 173:163 173:181 176:181 177:181 292:289 292:290 566:564 566:565 566:567 568:567 568:569 597:591 597:593 597:595 597:596 597:597 602:597 602:608 619:609 619:610 619:619"
"جمیلہ","ملک حمید",2,"598 600","597:599 602:599"
"جمیلہ","ملک عالم جہاں اعوان",1,"96","101:91"
"جمیلہ","ملک لطیف",2,"598 600","597:599 602:599"
"جمیلہ","منیر میکنک",1,"592","597:588"
"جمیلہ","مولوی فقیر الدین",1,"101","101:102"
"جمیلہ","میاں انتظار حسین (ایڈووکیٹ ہائی کورٹ)",5,"16 561 562 594 620","21:12 566:556 566:559 597:591 619:621"
"جمیلہ","میجر/کیپٹن سرفراز اعوان",91,"16 17 18 19 20 21 22 35 36 37 38 39 96 97 98 100 101 169 170 171 172 173 174 176 177 289 290 292 312 313 314 315 316 317 325 326 327 328 329 330 563 564 565 566 567 568 593 594 595 596 597 599 600 601 602 615 616 617 618","21:11 21:14 21:15 21:16 21:17 21:18 21:19 21:21 22:21 22:22 38:33 38:34 38:35 38:36 38:37 38:38 39:38 39:39 101:91 101:92 101:93 101:96 101:99 101:100 101:101 173:165 173:166 173:168 173:169 173:171 173:173 176:173 176:176 177:176 177:177 292:287 292:288 292:289 292:292 317:307 317:308 317:309 317:310 317:311 317:312 317:313 317:314 317:315 317:316 317:317 330:320 330:321 330:322 330:323 330:324 330:325 330:326 330:327 330:328 330:330 566:560 566:561 566:562 566:563 566:565 566:566 568:566 568:567 568:568 597:589 597:590 597:591 597:592 597:593 597:594 597:595 597:596 597:597 602:597 602:598 602:600 602:601 602:602 619:611 619:612 619:613 619:614 619:615 619:616 619:617 619:618"
"جمیلہ","نامعلوم مزدور عورت (ملک حمید/لطیف کا تعلق)",14,"18 19 20 36 42 43 96 100 101 562 563 597 600","21:16 21:17 21:18 21:19 38:34 38:47 39:47 101:92 101:100 101:102 566:558 566:560 597:598 602:598"
"جمیلہ","نسرین",32,"16 18 19 20 24 25 33 36 41 171 175 177 332 593 594 597 599 600 601 604 615 616 617 618","21:11 21:15 21:18 21:19 21:28 22:28 38:28 38:29 38:34 38:44 39:44 173:169 173:178 176:178 177:178 330:334 597:589 597:590 597:592 597:597 602:597 602:598 602:600 602:601 602:607 619:611 619:612 619:613 619:614 619:615 619:616 619:617"
"جمیلہ","نسیمہ (شعیب کی بہن)",20,"289 316 318 325 326 327 329 330 563 564 568 569 593 597 600","292:286 317:316 317:319 330:320 330:321 330:323 330:324 330:328 330:329 330:330 566:560 566:561 566:562 566:563 566:571 568:571 597:589 597:590 597:598 602:598"
"جمیلہ","نمائر (کیمپ کا قیدی ساتھی)",2,"571 572","566:576 568:576"
"جمیلہ","نیلی (بھینس)",2,"43","38:48 39:48"
"جمیلہ","وریا م",1,"96","101:91"
"جمیلہ","وسیم بھائی (بدیع الزمان کا سالا/قرض خواہ)",15,"19 23 24 33 36 38 43 105 178 179 180 601 604 622","21:17 21:26 22:26 38:28 38:35 38:38 39:38 39:48 101:109 173:183 176:183 177:183 597:606 602:606 619:626"
"جمیلہ","پیر حمید الدین بلال شاہ (مرشد بلال پور شریف)",1,"36","38:34"
"جمیلہ","چاچا احمد خان راٹھور",41,"22 37 38 44 101 168 169 170 171 172 173 174 175 176 177 289 290 291 292 316 317 562 566 567 569 592 599 601 602 614 619","21:23 22:23 38:36 38:38 39:38 39:49 101:102 173:163 173:164 173:165 173:166 173:167 173:168 173:169 173:170 173:171 173:172 173:173 176:173 176:174 176:175 176:176 177:176 177:177 292:287 292:288 292:290 292:292 317:316 317:317 566:559 566:566 568:566 568:567 568:570 597:588 597:601 602:601 602:602 619:609 619:619"
"جمیلہ","چنبیلی (گھوڑی)",2,"41 42","38:45 39:45"
"جمیلہ","چوہدری اظہر (ایس ایچ او نور پور)",6,"297 566 567 598 600 604","292:302 566:567 568:567 597:599 602:599 602:606"
"جمیلہ","ڈاکٹر (کریم بخش کا بیٹا)",3,"20 105 621","21:20 101:109 619:623"
"جمیلہ","کریم راٹھور",1,"621","619:624"
"جمیلہ","کلونت کور",5,"24 33 39 40","21:27 22:27 38:28 38:41 39:41"
"جمیلہ","کنیز",2,"102 168","101:103 173:163"
"جمیلہ","کیپٹن اسد اللہ",2,"288","292:284 292:285"
"جمیلہ","کیپٹن اسرار",3,"17 36 563","21:14 38:34 566:560"
"جمیلہ","کیپٹن جمال",14,"18 19 20 287 289 593 594 597 599 600 617 618","21:15 21:16 21:17 21:18 21:19 292:282 292:286 597:589 597:592 597:597 602:597 602:598 619:616 619:617"
"جمیلہ","کیپٹن دلاور",5,"314 319 325 326 330","317:312 317:321 330:321 330:322 330:331"
"جمیلہ","کیڈٹ حبیب اللہ",2,"288 289","292:285 292:286"
"جمیلہ","کیڈٹ مجید اللہ",1,"294","292:297"
"جمیلہ","گل افروز خان",1,"290","292:288"
"جمیلہ","یعقوب اعوان",13,"22 23 33 35 36 37 39 40 101 168 315 570 571","21:24 22:24 38:28 38:32 38:35 38:36 38:41 39:41 101:101 173:164 317:313 566:574 568:574"
"جنگندر سنگھ","جگت سنگھ",2,"36 41","41:32 41:41"
"جنگندر سنگھ","رنگیلی (یعقوب کی گھوڑی)",1,"43","41:45"
"جنگندر سنگھ","زور آور (گھوڑا)",1,"44","41:48"
"جنگندر سنگھ","زینب (یعقوب کی بیوی)",1,"43","41:45"
"جنگندر سنگھ","سندر سنگھ",1,"45","41:49"
"جنگندر سنگھ","سکینہ (اعجاز کی بیوی)",2,"38 39","41:36 41:38"
"جنگندر سنگھ","عباس (چاچا احمد کا بیٹا)",1,"39","41:38"
"جنگندر سنگھ","قائد (پارٹی بانی لیڈر)",2,"37 38","41:34 41:35"
"جنگندر سنگھ","ماسی (سرفراز کی پرورش کرنے والی)",1,"39","41:38"
"جنگندر سنگھ","ماسی مریم",1,"39","41:38"
"جنگندر سنگھ","ملک جہانگیر اعوان (ایم ایل اے)",1,"40","41:40"
"جنگندر سنگھ","میجر/کیپٹن سرفراز اعوان",8,"37 38 39 40","41:33 41:34 41:35 41:36 41:37 41:38 41:39 41:40"
"جنگندر سنگھ","نامعلوم مزدور عورت (ملک حمید/لطیف کا تعلق)",2,"37 44","41:34 41:47"
"جنگندر سنگھ","نسرین",2,"37 42","41:34 41:44"
"جنگندر سنگھ","نیلی (بھینس)",1,"44","41:48"
"جنگندر سنگھ","وسیم بھائی (بدیع الزمان کا سالا/قرض خواہ)",3,"38 39 44","41:35 41:38 41:48"
"جنگندر سنگھ","پیر حمید الدین بلال شاہ (مرشد بلال پور شریف)",1,"37","41:34"
"جنگندر سنگھ","چاچا احمد خان راٹھور",3,"38 39 45","41:36 41:38 41:49"
"جنگندر سنگھ","چنبیلی (گھوڑی)",1,"43","41:45"
"جنگندر سنگھ","کلونت کور",1,"41","41:41"
"جنگندر سنگھ","کیپٹن اسرار",1,"37","41:34"
"جنگندر سنگھ","یعقوب اعوان",4,"36 38 41","41:32 41:35 41:36 41:41"
"جونیئر وکیل (خواجہ معراج کا شاگرد)","حاجی کریم بخش (چیئرمین ازمیر گھی انڈسٹریز)",7,"623 628 666 668 673 676 678","622:624 632:624 664:668 668:668 678:668 678:674 678:678"
"جونیئر وکیل (خواجہ معراج کا شاگرد)","حسین (اعجاز/سکینہ کا بیٹا)",24,"622 627 628 630 636 659 660 661 662 663 664 666 667 668 673 674 675 676 677 678","622:623 632:623 632:624 632:625 632:628 632:641 664:654 664:656 664:657 664:659 664:660 664:661 664:663 664:664 668:664 668:665 668:666 668:668 678:668 678:671 678:673 678:675 678:676 678:678"
"جونیئر وکیل (خواجہ معراج کا شاگرد)","خواجہ معراج الدین",11,"622 627 630 633 664 666 668 673 674 677 680","622:623 632:623 632:629 632:635 664:664 668:664 668:669 678:669 678:670 678:677 678:682"
"جونیئر وکیل (خواجہ معراج کا شاگرد)","ذوالقرنین نقوی",4,"636 660 661","632:641 664:657 664:658 664:659"
"جونیئر وکیل (خواجہ معراج کا شاگرد)","ریاض (سرفراز کا ڈرائیور)",1,"620","622:618"
"جونیئر وکیل (خواجہ معراج کا شاگرد)","زیدی صاحب (چیف ایڈیٹر طلوع)",1,"683","678:688"
"جونیئر وکیل (خواجہ معراج کا شاگرد)","سراج گجر",3,"666 668 673","664:669 668:669 678:669"
"جونیئر وکیل (خواجہ معراج کا شاگرد)","سردار فلمبند خان",1,"620","622:618"
"جونیئر وکیل (خواجہ معراج کا شاگرد)","سلطان (پی۔او۔ڈبلیو ساتھی/دوست)",1,"617","622:612"
"جونیئر وکیل (خواجہ معراج کا شاگرد)","سلیم",14,"621 622 627 633 663 664 666 668 673 674 676 678","622:621 622:622 632:622 632:635 664:662 664:663 664:664 668:664 668:665 668:669 678:669 678:670 678:674 678:678"
"جونیئر وکیل (خواجہ معراج کا شاگرد)","سکینہ (اعجاز کی بیوی)",4,"620 626 631 681","622:619 622:631 632:631 678:685"
"جونیئر وکیل (خواجہ معراج کا شاگرد)","عامر محمود (چیف کیمسٹ)",8,"636 659 660 669 671 676","632:640 664:654 664:655 664:656 664:657 664:674 668:674 678:674"
"جونیئر وکیل (خواجہ معراج کا شاگرد)","عباس (چاچا احمد کا بیٹا)",2,"619 620","622:617 622:618"
"جونیئر وکیل (خواجہ معراج کا شاگرد)","قائد (پارٹی بانی لیڈر)",19,"619 622 627 629 630 633 659 661 664 666 668 673 674 676 677 678","622:617 622:623 632:623 632:626 632:627 632:628 632:629 632:635 664:654 664:658 664:659 664:664 668:664 668:669 678:669 678:671 678:675 678:677 678:678"
"جونیئر وکیل (خواجہ معراج کا شاگرد)","لیفٹیننٹ کرنل اسلام الدین",1,"620","622:618"
"جونیئر وکیل (خواجہ معراج کا شاگرد)","ماسی (سرفراز کی پرورش کرنے والی)",3,"626 631 632","622:631 632:631 632:633"
"جونیئر وکیل (خواجہ معراج کا شاگرد)","ماسی مریم",3,"626 631 632","622:631 632:631 632:633"
"جونیئر وکیل (خواجہ معراج کا شاگرد)","معین الدین شاہ",6,"623 628 629 630","622:624 632:624 632:625 632:626 632:627 632:628"
"جونیئر وکیل (خواجہ معراج کا شاگرد)","ملک جہانگیر اعوان (ایم ایل اے)",4,"620 632 671 676","622:619 632:633 668:675 678:675"
"جونیئر وکیل (خواجہ معراج کا شاگرد)","میاں انتظار حسین (ایڈووکیٹ ہائی کورٹ)",20,"621 622 627 628 630 632 659 660 662 663 664 666 667 668 673 675 678","622:621 622:622 632:622 632:624 632:625 632:628 632:632 664:654 664:657 664:660 664:661 664:663 664:664 668:664 668:666 668:667 668:668 678:668 678:673 678:678"
"جونیئر وکیل (خواجہ معراج کا شاگرد)","میجر/کیپٹن سرفراز اعوان",7,"617 618 619 620","622:612 622:613 622:614 622:615 622:616 622:617 622:618"
"جونیئر وکیل (خواجہ معراج کا شاگرد)","نامعلوم مزدور عورت (ملک حمید/لطیف کا تعلق)",1,"680","678:682"
"جونیئر وکیل (خواجہ معراج کا شاگرد)","نانبائی (او جھری والا)",2,"673 678","668:678 678:678"
"جونیئر وکیل (خواجہ معراج کا شاگرد)","نسرین",6,"617 618 619","622:612 622:613 622:614 622:615 622:616 622:617"
"جونیئر وکیل (خواجہ معراج کا شاگرد)","وسیم بھائی (بدیع الزمان کا سالا/قرض خواہ)",3,"624 629","622:626 632:626 632:627"
"جونیئر وکیل (خواجہ معراج کا شاگرد)","چاچا احمد خان راٹھور",2,"620 632","622:619 632:633"
"جونیئر وکیل (خواجہ معراج کا شاگرد)","ڈاکٹر (کریم بخش کا بیٹا)",4,"622 627 632 679","622:623 632:623 632:632 678:681"
"جونیئر وکیل (خواجہ معراج کا شاگرد)","ڈاکٹر خدابخش کھوکھر (چیف کیمسٹ)",7,"659 660 669 671 676","664:654 664:655 664:656 664:657 664:674 668:674 678:674"
"جونیئر وکیل (خواجہ معراج کا شاگرد)","کامران خان (جواں سال کیمسٹ)",5,"662 667 669 674 676","664:660 664:671 668:671 678:671 678:674"
"جونیئر وکیل (خواجہ معراج کا شاگرد)","کریم راٹھور",7,"623 628 666 668 673 676 678","622:624 632:624 664:668 668:668 678:668 678:674 678:678"
"جونیئر وکیل (خواجہ معراج کا شاگرد)","کیپٹن جمال",2,"619","622:616 622:617"
"جگت سنگھ","حسن (اعجاز/سکینہ کا بیٹا)",1,"781","780:782"
"جگت سنگھ","حسین (اعجاز/سکینہ کا بیٹا)",2,"76 781","73:79 780:782"
"جگت سنگھ","حوالدار ستونت سنگھ",2,"779","780:778 780:779"
"جگت سنگھ","دتو میراثی",3,"27 28 30","27:28 28:28 32:28"
"جگت سنگھ","رنگیلی (یعقوب کی گھوڑی)",8,"43 44 47 61 62 69 780","41:45 42:45 43:45 49:45 56:66 58:66 73:66 780:780"
"جگت سنگھ","زور آور (گھوڑا)",7,"44 45 48 49 50 783","41:48 42:48 43:48 49:48 49:49 51:49 780:786"
"جگت سنگھ","زینب (یعقوب کی بیوی)",20,"43 44 47 48 49 50 51 52 59 60 61 68 70 72 73","41:45 42:45 43:45 49:45 49:46 49:47 49:48 49:50 51:50 51:52 53:52 54:64 55:64 56:64 58:64 73:64 73:67 73:68 73:71 73:73"
"جگت سنگھ","سائیں جلا",1,"781","780:782"
"جگت سنگھ","سردار فلمبند خان",4,"78 775 777","73:83 780:771 780:774 780:775"
"جگت سنگھ","سندر سنگھ",6,"45 46 49 50","41:49 42:49 43:49 49:49 51:49 51:50"
"جگت سنگھ","سکینہ (اعجاز کی بیوی)",16,"23 25 31 32 34 38 39 61 62 69 70 71 72 74 781","27:20 27:23 27:36 28:36 32:36 41:36 41:38 56:66 58:66 73:66 73:67 73:68 73:69 73:71 73:75 780:782"
"جگت سنگھ","شیر بہادر اعوان",9,"59 60 61 68 69 71 72 76","54:64 55:64 56:64 58:64 73:64 73:65 73:70 73:72 73:80"
"جگت سنگھ","شیشے والا سالا (بدیع الزمان کا دوسرا قرض خواہ)",1,"72","73:72"
"جگت سنگھ","صوبیدار جہاں خان",7,"53 54 55 56 57","49:57 51:57 53:57 54:57 55:57 56:57 58:57"
"جگت سنگھ","عباس (چاچا احمد کا بیٹا)",6,"24 33 35 39 781","27:21 27:22 28:38 32:38 41:38 780:782"
"جگت سنگھ","علی بہادر",5,"60 61 69 72","55:65 56:65 58:65 73:65 73:72"
"جگت سنگھ","فضلے",5,"47 50 51 52","42:52 43:52 49:52 51:52 53:52"
"جگت سنگھ","فلک شیر اعوان",6,"60 61 69 71 76","55:65 56:65 58:65 73:65 73:70 73:80"
"جگت سنگھ","قائد (پارٹی بانی لیڈر)",15,"30 31 33 37 38 53 54 55 56 57 58 72 78 777","27:34 28:34 32:34 41:34 41:35 49:58 51:58 53:58 54:58 55:58 56:58 58:58 73:72 73:83 780:774"
"جگت سنگھ","لیفٹیننٹ کرنل اسلام الدین",5,"775 776 777 779","780:771 780:773 780:774 780:775 780:778"
"جگت سنگھ","ماسی (سرفراز کی پرورش کرنے والی)",8,"24 25 33 35 39 72 73","27:22 27:23 27:24 28:38 32:38 41:38 73:71 73:74"
"جگت سنگھ","ماسی مریم",8,"24 25 33 35 39 72 73","27:22 27:23 27:24 28:38 32:38 41:38 73:71 73:74"
"جگت سنگھ","ملک جہانگیر اعوان (ایم ایل اے)",2,"36 40","32:40 41:40"
"جگت سنگھ","ملک عالم جہاں اعوان",8,"53 54 55 56 57 58","49:57 51:57 53:57 54:57 55:57 56:57 58:57 58:58"
"جگت سنگھ","منظور (اعجاز کا ورکر)",1,"73","73:73"
"جگت سنگھ","میجر ست پال ٹھاکر (کیمپ افسرِ دشمن)",1,"779","780:779"
"جگت سنگھ","میجر/کیپٹن سرفراز اعوان",39,"22 23 24 25 30 32 37 38 39 40 55 56 57 58 59 70 71 72 73 775 776 777 778 779 780","27:17 27:18 27:19 27:21 27:22 27:23 27:24 27:33 28:33 32:33 41:33 41:34 41:35 41:36 41:37 41:38 41:39 41:40 51:60 53:60 54:60 55:60 56:60 58:60 73:68 73:69 73:70 73:71 73:74 780:771 780:772 780:773 780:774 780:775 780:776 780:777 780:778 780:779 780:781"
"جگت سنگھ","نامعلوم مزدور عورت (ملک حمید/لطیف کا تعلق)",21,"22 23 30 31 33 37 44 45 48 50 51 52 54 55 56 57 58 782","27:17 27:18 27:19 27:34 28:34 32:34 41:34 41:47 42:47 43:47 49:47 49:51 51:51 53:51 53:56 54:56 55:56 56:56 58:56 58:58 780:784"
"جگت سنگھ","نسرین",17,"22 23 27 28 30 33 37 42 43 46 47 50 51 52 782","27:18 27:19 27:28 28:28 32:28 32:29 32:34 41:34 41:44 42:44 43:44 49:44 49:46 49:51 51:51 53:51 780:784"
"جگت سنگھ","نسیمہ (شعیب کی بہن)",1,"782","780:785"
"جگت سنگھ","نیلی (بھینس)",4,"44 45 48","41:48 42:48 43:48 49:48"
"جگت سنگھ","وسیم بھائی (بدیع الزمان کا سالا/قرض خواہ)",21,"22 26 27 28 30 33 38 39 44 45 48 54 55 56 57 58 73 780","27:17 27:26 27:28 28:28 32:28 32:35 41:35 41:38 41:48 42:48 43:48 49:48 49:59 51:59 53:59 54:59 55:59 56:59 58:59 73:74 780:781"
"جگت سنگھ","پیر حمید الدین بلال شاہ (مرشد بلال پور شریف)",4,"30 31 33 37","27:34 28:34 32:34 41:34"
"جگت سنگھ","چاچا احمد خان راٹھور",22,"25 31 32 34 38 39 45 46 49 50 54 55 56 57 60 68 70 74 781","27:23 27:36 28:36 32:36 41:36 41:38 41:49 42:49 43:49 49:49 51:49 51:57 53:57 54:57 55:57 56:57 58:57 58:63 73:63 73:67 73:76 780:782"
"جگت سنگھ","چنبیلی (گھوڑی)",7,"43 44 47 48 63 70","41:45 42:45 43:45 49:45 49:48 58:68 73:68"
"جگت سنگھ","چوہدری اظہر (ایس ایچ او نور پور)",7,"53 54 55 56 57","49:57 51:57 53:57 54:57 55:57 56:57 58:57"
"جگت سنگھ","ڈاکٹر (کریم بخش کا بیٹا)",12,"23 47 50 51 52 55 56 57 58","27:20 42:52 43:52 49:52 51:52 53:52 53:57 54:57 55:57 56:57 58:57 58:58"
"جگت سنگھ","کریم راٹھور",1,"781","780:782"
"جگت سنگھ","کلونت کور",19,"27 28 30 36 41 42 43 46 51 52 53 54 55","27:27 28:27 28:28 32:28 32:41 41:41 42:41 42:42 43:42 43:43 49:43 49:53 51:53 53:53 54:53 54:54 55:54 55:55 56:55"
"جگت سنگھ","کیپٹن اسرار",5,"30 31 33 37 776","27:34 28:34 32:34 41:34 780:773"
"جگت سنگھ","کیپٹن جمال",3,"22 23","27:17 27:18 27:19"
"جگت سنگھ","کیڈٹ نواز کھوکھر",2,"775 779","780:770 780:778"
"جگت سنگھ","یعقوب اعوان",45,"25 26 27 28 30 32 36 38 41 42 43 46 47 48 49 50 51 52 53 55 56 57 58 68 69 70 71 72 73 780","27:24 27:26 27:27 28:27 28:28 32:28 32:32 41:32 41:35 41:36 41:41 42:41 42:43 43:43 49:43 49:44 49:45 49:46 49:47 49:48 49:49 51:49 51:50 51:51 53:51 53:52 53:53 54:53 54:56 55:56 56:56 58:56 58:57 58:58 73:63 73:64 73:65 73:66 73:67 73:68 73:70 73:71 73:72 73:73 780:780"
"جیرا (نانبائی کا لڑکا)","حسن (اعجاز/سکینہ کا بیٹا)",3,"208 209 210","206:211 207:211 209:211"
"جیرا (نانبائی کا لڑکا)","حسین (اعجاز/سکینہ کا بیٹا)",9,"204 205 206 207 208 209","206:202 206:203 206:205 206:206 207:206 207:207 209:207 209:208 209:209"
"جیرا (نانبائی کا لڑکا)","ذوالقرنین نقوی",1,"205","206:204"
"جیرا (نانبائی کا لڑکا)","زور آور (گھوڑا)",3,"208 209","206:210 207:210 209:210"
"جیرا (نانبائی کا لڑکا)","سلیم",10,"204 205 206 207 208 209","206:202 206:203 206:204 206:205 206:206 207:206 207:207 209:207 209:208 209:209"
"جیرا (نانبائی کا لڑکا)","سکینہ (اعجاز کی بیوی)",4,"203 208 209 210","206:200 206:211 207:211 209:211"
"جیرا (نانبائی کا لڑکا)","عمران (ہوسٹل ساتھی)",1,"205","206:205"
"جیرا (نانبائی کا لڑکا)","غلام حسین",9,"204 205 206 207 208 209","206:202 206:203 206:205 206:206 207:206 207:207 209:207 209:208 209:209"
"جیرا (نانبائی کا لڑکا)","قائد (پارٹی بانی لیڈر)",4,"201 209 210","206:196 206:212 207:212 209:212"
"جیرا (نانبائی کا لڑکا)","ملک جہانگیر اعوان (ایم ایل اے)",1,"202","206:199"
"جیرا (نانبائی کا لڑکا)","میجر/کیپٹن سرفراز اعوان",8,"204 205 206 207 208 209","206:202 206:204 206:205 206:207 207:207 209:207 209:208 209:209"
"جیرا (نانبائی کا لڑکا)","نامعلوم مزدور عورت (ملک حمید/لطیف کا تعلق)",3,"208 209 210","206:211 207:211 209:211"
"جیرا (نانبائی کا لڑکا)","نانبائی (او جھری والا)",7,"205 206 207 208 209","206:205 206:206 207:206 207:207 209:207 209:208 209:209"
"جیرا (نانبائی کا لڑکا)","نسرین",2,"212 213","207:217 209:217"
"جیرا (نانبائی کا لڑکا)","چاچا احمد خان راٹھور",15,"201 202 203 204 205 206 207 208 209","206:196 206:197 206:198 206:199 206:200 206:202 206:203 206:204 206:205 206:206 207:206 207:207 209:207 209:208 209:209"
"جیرا (نانبائی کا لڑکا)","ڈاکٹر (کریم بخش کا بیٹا)",2,"212 213","207:217 209:217"
"جیرا (نانبائی کا لڑکا)","کنیز",5,"202 203 211 212","206:199 206:200 206:216 207:216 209:216"
"حاجی ذوالفقار","حاجی عزیز دین",1,"115","113:118"
"حاجی ذوالفقار","حاجی وسیم بخش (منیجنگ ڈائریکٹر)",1,"517","514:521"
"حاجی ذوالفقار","حاجی کریم بخش (چیئرمین ازمیر گھی انڈسٹریز)",1,"517","514:521"
"حاجی ذوالفقار","حسن (اعجاز/سکینہ کا بیٹا)",1,"108","113:103"
"حاجی ذوالفقار","حسین (اعجاز/سکینہ کا بیٹا)",1,"108","113:103"
"حاجی ذوالفقار","دتا کمہار",1,"509","514:505"
"حاجی ذوالفقار","دتو میراثی",2,"110 115","113:108 113:117"
"حاجی ذوالفقار","رحمت چوہان",2,"114 510","113:115 514:507"
"حاجی ذوالفقار","سائیں جلا",1,"115","113:118"
"حاجی ذوالفقار","ساجا",1,"115","113:118"
"حاجی ذوالفقار","سراج گجر",1,"512","514:510"
"حاجی ذوالفقار","سلطان (پی۔او۔ڈبلیو ساتھی/دوست)",3,"512 513 514","514:511 514:513 514:515"
"حاجی ذوالفقار","سکینہ (اعجاز کی بیوی)",5,"108 109 113 509","113:103 113:105 113:106 113:114 514:504"
"حاجی ذوالفقار","سیف اللہ (چکی والا)",1,"114","113:115"
"حاجی ذوالفقار","شبیرا",1,"115","113:118"
"حاجی ذوالفقار","طارق (ورکس منیجر)",1,"518","514:522"
"حاجی ذوالفقار","عامر محمود (چیف کیمسٹ)",1,"517","514:521"
"حاجی ذوالفقار","عباس (چاچا احمد کا بیٹا)",1,"115","113:117"
"حاجی ذوالفقار","عمران (ہوسٹل ساتھی)",1,"512","514:510"
"حاجی ذوالفقار","قائد (پارٹی بانی لیڈر)",7,"108 111 113 510 511 512 517","113:103 113:109 113:113 514:507 514:508 514:511 514:520"
"حاجی ذوالفقار","ماسی (سرفراز کی پرورش کرنے والی)",1,"115","113:118"
"حاجی ذوالفقار","ماسی مریم",1,"115","113:118"
"حاجی ذوالفقار","معین الدین شاہ",1,"517","514:521"
"حاجی ذوالفقار","ملک جہانگیر اعوان (ایم ایل اے)",7,"111 510 511 512 513 517","113:109 514:507 514:508 514:509 514:510 514:512 514:520"
"حاجی ذوالفقار","منظور (اعجاز کا ورکر)",1,"509","514:504"
"حاجی ذوالفقار","مولوی فقیر الدین",2,"108 115","113:103 113:117"
"حاجی ذوالفقار","میجر قدیر (ازمیر مل کا ایڈمن افسر)",1,"517","514:521"
"حاجی ذوالفقار","میجر/کیپٹن سرفراز اعوان",7,"108 113 511 512 516","113:103 113:113 514:508 514:509 514:510 514:511 514:518"
"حاجی ذوالفقار","نامعلوم مزدور عورت (ملک حمید/لطیف کا تعلق)",6,"109 111 112 113 510","113:106 113:109 113:110 113:111 113:113 514:507"
"حاجی ذوالفقار","نسرین",1,"114","113:115"
"حاجی ذوالفقار","وسیم بھائی (بدیع الزمان کا سالا/قرض خواہ)",1,"111","113:109"
"حاجی ذوالفقار","چاچا احمد خان راٹھور",6,"108 109 110 114 513","113:103 113:105 113:106 113:107 113:115 514:512"
"حاجی ذوالفقار","چوہدری اظہر (ایس ایچ او نور پور)",1,"112","113:112"
"حاجی ذوالفقار","ڈاکٹر (کریم بخش کا بیٹا)",7,"111 112 510 511 512 513 517","113:109 113:112 514:507 514:509 514:510 514:512 514:520"
"حاجی ذوالفقار","ڈاکٹر احسان الحق (پُل کھنگر)",2,"512 517","514:510 514:520"
"حاجی ذوالفقار","ڈاکٹر خدابخش کھوکھر (چیف کیمسٹ)",1,"517","514:521"
"حاجی ذوالفقار","کریم راٹھور",2,"513 518","514:512 514:523"
"حاجی ذوالفقار","کنیز",5,"108 111 112 116","113:103 113:109 113:110 113:112 113:120"
"حاجی ذوالفقار","ہکیم حاذق",3,"509 510","514:505 514:506 514:507"
"حاجی رحیم بخش","حاجی وسیم بخش (منیجنگ ڈائریکٹر)",2,"523 524","525:521 525:524"
"حاجی رحیم بخش","حاجی کریم بخش (چیئرمین ازمیر گھی انڈسٹریز)",7,"523 524 525 526","525:521 525:522 525:523 525:524 525:525 526:525 526:526"
"حاجی رحیم بخش","خواجہ معراج الدین",2,"527","525:529 526:529"
"حاجی رحیم بخش","رحمت چوہان",2,"528","525:531 526:531"
"حاجی رحیم بخش","سلطان (پی۔او۔ڈبلیو ساتھی/دوست)",1,"520","525:515"
"حاجی رحیم بخش","شمس (بدیع الزمان کا اسسٹنٹ)",2,"526 527","525:528 526:528"
"حاجی رحیم بخش","طارق (ورکس منیجر)",6,"523 524 525 526","525:522 525:523 525:524 525:525 526:525 526:527"
"حاجی رحیم بخش","عامر محمود (چیف کیمسٹ)",1,"523","525:521"
"حاجی رحیم بخش","قائد (پارٹی بانی لیڈر)",8,"522 523 524 525 526","525:520 525:521 525:522 525:523 525:524 525:525 526:525 526:526"
"حاجی رحیم بخش","معین الدین شاہ",1,"523","525:521"
"حاجی رحیم بخش","ملک جہانگیر اعوان (ایم ایل اے)",1,"522","525:520"
"حاجی رحیم بخش","میجر قدیر (ازمیر مل کا ایڈمن افسر)",3,"523 524","525:521 525:522 525:524"
"حاجی رحیم بخش","میجر/کیپٹن سرفراز اعوان",1,"521","525:518"
"حاجی رحیم بخش","وسیم بھائی (بدیع الزمان کا سالا/قرض خواہ)",2,"527 528","525:530 526:530"
"حاجی رحیم بخش","ڈاکٹر (کریم بخش کا بیٹا)",3,"522 525 526","525:520 525:526 526:526"
"حاجی رحیم بخش","ڈاکٹر احسان الحق (پُل کھنگر)",3,"522 528","525:520 525:531 526:531"
"حاجی رحیم بخش","ڈاکٹر خدابخش کھوکھر (چیف کیمسٹ)",1,"523","525:521"
"حاجی رحیم بخش","کریم راٹھور",5,"524 525 526","525:523 525:524 525:525 526:525 526:527"
"حاجی عزیز دین","دتو میراثی",3,"113 117 118","118:108 118:117 118:118"
"حاجی عزیز دین","رحمت چوہان",3,"116 117 118","118:115 118:117 118:118"
"حاجی عزیز دین","سائیں جلا",1,"118","118:118"
"حاجی عزیز دین","ساجا",1,"118","118:118"
"حاجی عزیز دین","سکینہ (اعجاز کی بیوی)",2,"116 118","118:114 118:118"
"حاجی عزیز دین","سیف اللہ (چکی والا)",2,"116 117","118:115 118:116"
"حاجی عزیز دین","شبیرا",1,"118","118:118"
"حاجی عزیز دین","عباس (چاچا احمد کا بیٹا)",2,"117 118","118:117 118:119"
"حاجی عزیز دین","قائد (پارٹی بانی لیڈر)",3,"113 115 120","118:109 118:113 118:122"
"حاجی عزیز دین","ماسی (سرفراز کی پرورش کرنے والی)",1,"118","118:118"
"حاجی عزیز دین","ماسی مریم",1,"118","118:118"
"حاجی عزیز دین","ملک جہانگیر اعوان (ایم ایل اے)",2,"113 121","118:109 118:124"
"حاجی عزیز دین","مولوی فقیر الدین",2,"117 118","118:117 118:118"
"حاجی عزیز دین","میجر/کیپٹن سرفراز اعوان",4,"115 117 118","118:113 118:116 118:117 118:119"
"حاجی عزیز دین","نامعلوم مزدور عورت (ملک حمید/لطیف کا تعلق)",6,"113 114 115 116 119","118:109 118:110 118:111 118:113 118:115 118:120"
"حاجی عزیز دین","نسرین",2,"116 117","118:115 118:116"
"حاجی عزیز دین","وسیم بھائی (بدیع الزمان کا سالا/قرض خواہ)",1,"113","118:109"
"حاجی عزیز دین","چاچا احمد خان راٹھور",4,"116 117 118","118:115 118:116 118:117 118:118"
"حاجی عزیز دین","چوہدری اظہر (ایس ایچ او نور پور)",1,"115","118:112"
"حاجی عزیز دین","ڈاکٹر (کریم بخش کا بیٹا)",2,"113 115","118:109 118:112"
"حاجی عزیز دین","کنیز",4,"113 114 115 119","118:109 118:110 118:112 118:120"
"حاجی وسیم بخش (منیجنگ ڈائریکٹر)","حاجی کریم بخش (چیئرمین ازمیر گھی انڈسٹریز)",5,"521 522 523 524","521:521 524:521 524:522 524:523 524:524"
"حاجی وسیم بخش (منیجنگ ڈائریکٹر)","خواجہ معراج الدین",2,"525 526","521:529 524:529"
"حاجی وسیم بخش (منیجنگ ڈائریکٹر)","رحمت چوہان",2,"526 527","521:531 524:531"
"حاجی وسیم بخش (منیجنگ ڈائریکٹر)","سلطان (پی۔او۔ڈبلیو ساتھی/دوست)",3,"516 517 518","521:511 521:513 521:515"
"حاجی وسیم بخش (منیجنگ ڈائریکٹر)","شمس (بدیع الزمان کا اسسٹنٹ)",2,"524 526","521:528 524:528"
"حاجی وسیم بخش (منیجنگ ڈائریکٹر)","طارق (ورکس منیجر)",4,"521 523 524","521:522 524:522 524:523 524:524"
"حاجی وسیم بخش (منیجنگ ڈائریکٹر)","عامر محمود (چیف کیمسٹ)",2,"521 522","521:521 524:521"
"حاجی وسیم بخش (منیجنگ ڈائریکٹر)","قائد (پارٹی بانی لیڈر)",7,"516 520 521 522 523 524","521:511 521:520 521:521 524:521 524:522 524:523 524:524"
"حاجی وسیم بخش (منیجنگ ڈائریکٹر)","معین الدین شاہ",2,"521 522","521:521 524:521"
"حاجی وسیم بخش (منیجنگ ڈائریکٹر)","ملک جہانگیر اعوان (ایم ایل اے)",2,"516 520","521:512 521:520"
"حاجی وسیم بخش (منیجنگ ڈائریکٹر)","میجر قدیر (ازمیر مل کا ایڈمن افسر)",4,"521 522 523 524","521:521 524:521 524:522 524:524"
"حاجی وسیم بخش (منیجنگ ڈائریکٹر)","میجر/کیپٹن سرفراز اعوان",2,"516 519","521:511 521:518"
"حاجی وسیم بخش (منیجنگ ڈائریکٹر)","وسیم بھائی (بدیع الزمان کا سالا/قرض خواہ)",2,"525 527","521:530 524:530"
"حاجی وسیم بخش (منیجنگ ڈائریکٹر)","چاچا احمد خان راٹھور",1,"516","521:512"
"حاجی وسیم بخش (منیجنگ ڈائریکٹر)","ڈاکٹر (کریم بخش کا بیٹا)",4,"516 520 523 525","521:512 521:520 521:526 524:526"
"حاجی وسیم بخش (منیجنگ ڈائریکٹر)","ڈاکٹر احسان الحق (پُل کھنگر)",3,"520 526 527","521:520 521:531 524:531"
"حاجی وسیم بخش (منیجنگ ڈائریکٹر)","ڈاکٹر خدابخش کھوکھر (چیف کیمسٹ)",2,"521 522","521:521 524:521"
"حاجی وسیم بخش (منیجنگ ڈائریکٹر)","کریم راٹھور",4,"516 522 523 524","521:512 521:523 524:523 524:524"
"حاجی کریم بخش (چیئرمین ازمیر گھی انڈسٹریز)","حسن (اعجاز/سکینہ کا بیٹا)",2,"596 600","597:596 597:603"
"حاجی کریم بخش (چیئرمین ازمیر گھی انڈسٹریز)","حسین (اعجاز/سکینہ کا بیٹا)",20,"593 596 600 623 624 663 664 665 666 667 668 671 672 673 674 676 677 678","597:590 597:596 597:603 624:623 624:624 668:659 668:660 668:661 668:663 668:664 668:665 668:666 668:668 674:668 674:671 674:673 674:675 678:675 678:676 678:678"
"حاجی کریم بخش (چیئرمین ازمیر گھی انڈسٹریز)","خواجہ معراج الدین",19,"525 526 527 528 534 538 623 626 666 668 671 672 675 677 680","521:529 522:529 523:529 524:529 525:529 526:529 527:529 528:529 539:529 539:537 624:623 624:629 668:664 668:669 674:669 674:670 674:677 678:677 678:682"
"حاجی کریم بخش (چیئرمین ازمیر گھی انڈسٹریز)","دتا کمہار",1,"597","597:598"
"حاجی کریم بخش (چیئرمین ازمیر گھی انڈسٹریز)","دتو میراثی",1,"601","597:606"
"حاجی کریم بخش (چیئرمین ازمیر گھی انڈسٹریز)","ذوالقرنین نقوی",2,"663","668:658 668:659"
"حاجی کریم بخش (چیئرمین ازمیر گھی انڈسٹریز)","رحمت چوہان",10,"526 527 528 529 535 536","521:531 522:531 523:531 524:531 525:531 526:531 527:531 528:531 539:531 539:533"
"حاجی کریم بخش (چیئرمین ازمیر گھی انڈسٹریز)","ریاض (سرفراز کا ڈرائیور)",1,"621","624:618"
"حاجی کریم بخش (چیئرمین ازمیر گھی انڈسٹریز)","زیدی صاحب (چیف ایڈیٹر طلوع)",1,"683","678:688"
"حاجی کریم بخش (چیئرمین ازمیر گھی انڈسٹریز)","سراج گجر",2,"668 671","668:669 674:669"
"حاجی کریم بخش (چیئرمین ازمیر گھی انڈسٹریز)","سردار فلمبند خان",1,"621","624:618"
"حاجی کریم بخش (چیئرمین ازمیر گھی انڈسٹریز)","سلطان (پی۔او۔ڈبلیو ساتھی/دوست)",3,"516 517 518","521:511 521:513 521:515"
"حاجی کریم بخش (چیئرمین ازمیر گھی انڈسٹریز)","سلیم",12,"622 623 665 666 668 671 672 674 676 678","624:621 624:622 668:662 668:663 668:664 668:665 668:669 674:669 674:670 674:674 678:674 678:678"
"حاجی کریم بخش (چیئرمین ازمیر گھی انڈسٹریز)","سکینہ (اعجاز کی بیوی)",5,"539 597 621 627 681","539:540 597:597 624:619 624:631 678:685"
"حاجی کریم بخش (چیئرمین ازمیر گھی انڈسٹریز)","شعیب",1,"597","597:598"
"حاجی کریم بخش (چیئرمین ازمیر گھی انڈسٹریز)","شمس (بدیع الزمان کا اسسٹنٹ)",11,"524 525 526 527 528 537 538","521:528 522:528 523:528 524:528 525:528 526:528 527:528 528:528 539:535 539:537 539:538"
"حاجی کریم بخش (چیئرمین ازمیر گھی انڈسٹریز)","شیشے والا سالا (بدیع الزمان کا دوسرا قرض خواہ)",1,"540","539:541"
"حاجی کریم بخش (چیئرمین ازمیر گھی انڈسٹریز)","طارق (ورکس منیجر)",12,"521 522 523 524 525 526 527","521:522 522:522 523:522 523:523 524:523 524:524 525:524 525:525 526:525 526:527 527:527 528:527"
"حاجی کریم بخش (چیئرمین ازمیر گھی انڈسٹریز)","عامر محمود (چیف کیمسٹ)",6,"521 539 671 674 676","521:521 522:521 539:539 668:674 674:674 678:674"
"حاجی کریم بخش (چیئرمین ازمیر گھی انڈسٹریز)","عباس (چاچا احمد کا بیٹا)",3,"599 620 621","597:601 624:617 624:618"
"حاجی کریم بخش (چیئرمین ازمیر گھی انڈسٹریز)","قائد (پارٹی بانی لیڈر)",36,"516 520 521 522 523 524 525 526 527 528 537 539 593 595 597 620 623 625 663 666 668 671 672 674 676 677 678","521:511 521:520 521:521 522:521 522:522 523:522 523:523 524:523 524:524 525:524 525:525 526:525 526:526 527:526 527:527 528:527 528:528 539:535 539:536 539:539 597:590 597:593 597:597 624:617 624:623 624:626 668:658 668:659 668:664 668:669 674:669 674:671 674:675 678:675 678:677 678:678"
"حاجی کریم بخش (چیئرمین ازمیر گھی انڈسٹریز)","لیفٹیننٹ کرنل اسلام الدین",4,"593 598 621","597:589 597:590 597:600 624:618"
"حاجی کریم بخش (چیئرمین ازمیر گھی انڈسٹریز)","ماسی (سرفراز کی پرورش کرنے والی)",1,"627","624:631"
"حاجی کریم بخش (چیئرمین ازمیر گھی انڈسٹریز)","ماسی مریم",1,"627","624:631"
"حاجی کریم بخش (چیئرمین ازمیر گھی انڈسٹریز)","معین الدین شاہ",3,"521 624","521:521 522:521 624:624"
"حاجی کریم بخش (چیئرمین ازمیر گھی انڈسٹریز)","ملک جہانگیر اعوان (ایم ایل اے)",12,"516 520 594 595 596 597 621 628 671 674 676","521:512 521:520 597:591 597:593 597:595 597:596 597:597 624:619 624:633 668:675 674:675 678:675"
"حاجی کریم بخش (چیئرمین ازمیر گھی انڈسٹریز)","ملک حمید",1,"598","597:599"
"حاجی کریم بخش (چیئرمین ازمیر گھی انڈسٹریز)","ملک لطیف",1,"598","597:599"
"حاجی کریم بخش (چیئرمین ازمیر گھی انڈسٹریز)","منیر میکنک",1,"592","597:588"
"حاجی کریم بخش (چیئرمین ازمیر گھی انڈسٹریز)","میاں انتظار حسین (ایڈووکیٹ ہائی کورٹ)",15,"594 622 623 624 664 665 666 667 668 671 673 676 678","597:591 624:621 624:622 624:624 668:660 668:661 668:663 668:664 668:666 668:667 668:668 674:668 674:673 674:678 678:678"
"حاجی کریم بخش (چیئرمین ازمیر گھی انڈسٹریز)","میجر قدیر (ازمیر مل کا ایڈمن افسر)",8,"521 522 523 524 539","521:521 522:521 522:522 523:522 523:524 524:524 525:524 539:539"
"حاجی کریم بخش (چیئرمین ازمیر گھی انڈسٹریز)","میجر/کیپٹن سرفراز اعوان",17,"516 519 541 593 594 595 596 597 619 620 621","521:511 521:518 539:543 597:589 597:590 597:591 597:592 597:593 597:594 597:595 597:596 597:597 624:614 624:615 624:616 624:617 624:618"
"حاجی کریم بخش (چیئرمین ازمیر گھی انڈسٹریز)","نامعلوم مزدور عورت (ملک حمید/لطیف کا تعلق)",4,"539 597 678 680","539:540 597:598 674:682 678:682"
"حاجی کریم بخش (چیئرمین ازمیر گھی انڈسٹریز)","نانبائی (او جھری والا)",3,"673 676 678","668:678 674:678 678:678"
"حاجی کریم بخش (چیئرمین ازمیر گھی انڈسٹریز)","نسرین",8,"593 594 597 619 620","597:589 597:590 597:592 597:597 624:614 624:615 624:616 624:617"
"حاجی کریم بخش (چیئرمین ازمیر گھی انڈسٹریز)","نسیمہ (شعیب کی بہن)",4,"541 593 597","539:543 597:589 597:590 597:598"
"حاجی کریم بخش (چیئرمین ازمیر گھی انڈسٹریز)","وسیم بھائی (بدیع الزمان کا سالا/قرض خواہ)",11,"525 526 527 528 529 534 601 625","521:530 522:530 523:530 524:530 525:530 526:530 527:530 528:530 539:530 597:606 624:626"
"حاجی کریم بخش (چیئرمین ازمیر گھی انڈسٹریز)","چاچا احمد خان راٹھور",5,"516 592 599 621 628","521:512 597:588 597:601 624:619 624:633"
"حاجی کریم بخش (چیئرمین ازمیر گھی انڈسٹریز)","چوہدری اظہر (ایس ایچ او نور پور)",1,"598","597:599"
"حاجی کریم بخش (چیئرمین ازمیر گھی انڈسٹریز)","ڈاکٹر (کریم بخش کا بیٹا)",19,"516 520 523 524 525 526 527 529 535 536 623 628 677 679","521:512 521:520 521:526 522:526 523:526 524:526 525:526 526:526 527:526 527:527 528:527 528:531 539:531 539:533 539:534 624:623 624:632 674:681 678:681"
"حاجی کریم بخش (چیئرمین ازمیر گھی انڈسٹریز)","ڈاکٹر احسان الحق (پُل کھنگر)",11,"520 526 527 528 529 535 536","521:520 521:531 522:531 523:531 524:531 525:531 526:531 527:531 528:531 539:531 539:534"
"حاجی کریم بخش (چیئرمین ازمیر گھی انڈسٹریز)","ڈاکٹر خدابخش کھوکھر (چیف کیمسٹ)",6,"521 539 671 674 676","521:521 522:521 539:539 668:674 674:674 678:674"
"حاجی کریم بخش (چیئرمین ازمیر گھی انڈسٹریز)","کامران خان (جواں سال کیمسٹ)",5,"664 669 672 674 676","668:660 668:671 674:671 674:674 678:674"
"حاجی کریم بخش (چیئرمین ازمیر گھی انڈسٹریز)","کریم راٹھور",20,"516 522 523 524 525 526 527 528 539 624 668 671 674 676 678","521:512 521:523 522:523 523:523 524:523 524:524 525:524 525:525 526:525 526:527 527:527 528:527 528:528 539:539 624:624 668:668 674:668 674:674 678:674 678:678"
"حاجی کریم بخش (چیئرمین ازمیر گھی انڈسٹریز)","کنیز",1,"539","539:540"
"حاجی کریم بخش (چیئرمین ازمیر گھی انڈسٹریز)","کیپٹن جمال",5,"593 594 597 620","597:589 597:592 597:597 624:616 624:617"
"حسن (اعجاز/سکینہ کا بیٹا)","حسین (اعجاز/سکینہ کا بیٹا)",50,"103 206 207 208 209 210 211 213 214 218 252 253 254 313 314 316 317 329 330 331 332 353 357 431 435 440 480 494 568 570 571 573 593 596 599 603 691 720 728 733 736 752 753 754 782","103:103 211:202 211:203 211:205 211:206 211:207 211:208 211:209 211:210 211:211 216:211 216:212 216:220 257:248 257:249 257:252 313:313 316:313 316:316 317:316 317:317 329:330 330:330 332:330 332:332 353:353 361:353 431:431 440:431 440:440 480:480 494:494 568:568 573:568 573:569 573:573 574:573 596:590 596:596 603:596 603:603 693:689 722:719 723:733 733:733 739:733 754:751 754:753 754:754 782:782"
"حسن (اعجاز/سکینہ کا بیٹا)","حوالدار ستونت سنگھ",3,"758 780","754:762 782:778 782:779"
"حسن (اعجاز/سکینہ کا بیٹا)","خدابخش ارائیں",1,"259","257:262"
"حسن (اعجاز/سکینہ کا بیٹا)","خواجہ معراج الدین",6,"563 717 724 729","568:558 568:559 722:712 722:726 723:726 733:726"
"حسن (اعجاز/سکینہ کا بیٹا)","دتا کمہار",2,"597 600","596:598 603:598"
"حسن (اعجاز/سکینہ کا بیٹا)","دتو میراثی",4,"102 105 601 604","103:102 103:108 596:606 603:606"
"حسن (اعجاز/سکینہ کا بیٹا)","ذوالقرنین نقوی",1,"207","211:204"
"حسن (اعجاز/سکینہ کا بیٹا)","رابعہ",2,"355 359","353:358 361:358"
"حسن (اعجاز/سکینہ کا بیٹا)","رحمت چوہان",2,"102 257","103:102 257:257"
"حسن (اعجاز/سکینہ کا بیٹا)","رضیہ",2,"355 359","353:358 361:358"
"حسن (اعجاز/سکینہ کا بیٹا)","رنگیلی (یعقوب کی گھوڑی)",2,"497 781","494:500 782:780"
"حسن (اعجاز/سکینہ کا بیٹا)","ریاض (سرفراز کا ڈرائیور)",3,"445 735 738","440:450 733:738 739:738"
"حسن (اعجاز/سکینہ کا بیٹا)","زور آور (گھوڑا)",2,"210 784","211:210 782:786"
"حسن (اعجاز/سکینہ کا بیٹا)","زیدی صاحب (چیف ایڈیٹر طلوع)",2,"690 697","693:688 693:701"
"حسن (اعجاز/سکینہ کا بیٹا)","زینب (یعقوب کی بیوی)",1,"787","782:792"
"حسن (اعجاز/سکینہ کا بیٹا)","سائیں جلا",3,"591 755 782","596:586 754:756 782:782"
"حسن (اعجاز/سکینہ کا بیٹا)","سراج گجر",10,"313 315 357 361 410 411 728 733 736","313:314 316:314 353:361 361:361 411:409 411:410 411:412 723:733 733:733 739:733"
"حسن (اعجاز/سکینہ کا بیٹا)","سردار فلمبند خان",6,"412 482 489 757 778","411:414 480:485 494:485 754:760 782:774 782:775"
"حسن (اعجاز/سکینہ کا بیٹا)","سرداراں دائی",2,"357 361","353:361 361:361"
"حسن (اعجاز/سکینہ کا بیٹا)","سلطان (پی۔او۔ڈبلیو ساتھی/دوست)",12,"483 490 491 497 564 565 571 574 607","480:486 494:486 494:487 494:488 494:500 568:561 568:562 568:563 568:575 573:575 574:575 603:612"
"حسن (اعجاز/سکینہ کا بیٹا)","سلیم",23,"98 99 206 207 208 209 210 215 218 252 253 427 691 693 720 721 726 727 732","103:94 103:95 211:202 211:203 211:204 211:205 211:206 211:207 211:208 211:209 211:220 216:220 257:248 257:249 257:250 431:423 693:690 693:694 722:719 722:720 722:731 723:731 733:731"
"حسن (اعجاز/سکینہ کا بیٹا)","سپاہی غلام رسول (یونٹ ڈرائیور/ساتھی)",3,"349 743 750","353:345 739:747 754:747"
"حسن (اعجاز/سکینہ کا بیٹا)","سکینہ (اعجاز کی بیوی)",84,"102 103 211 213 214 215 216 260 288 289 290 313 314 316 317 327 328 329 330 331 332 351 352 355 359 360 361 373 374 375 376 381 409 413 430 431 435 436 440 480 492 493 494 563 567 568 570 596 600 689 690 692 693 718 719 720 722 723 728 729 732 736 739 752 753 754 782","103:102 103:103 211:211 216:211 216:213 216:214 216:215 216:216 257:264 290:287 290:288 290:289 290:290 313:313 316:313 316:316 317:316 317:318 329:326 329:327 329:328 329:329 330:329 330:330 332:330 332:332 353:349 353:350 353:351 353:352 353:357 361:357 361:358 361:359 361:361 378:369 378:370 378:372 378:373 378:374 378:384 411:407 411:415 431:430 431:431 440:431 440:432 440:433 440:440 480:480 494:491 494:493 494:494 568:558 568:566 568:567 568:568 573:568 596:597 603:597 693:685 693:686 693:687 693:691 693:692 693:694 722:715 722:716 722:717 722:718 722:719 722:722 723:722 723:723 733:723 733:724 733:725 733:732 733:740 739:740 754:751 754:753 754:754 782:782"
"حسن (اعجاز/سکینہ کا بیٹا)","سینئر انڈر آفیسر صبغت اللہ",2,"285 294","290:281 290:299"
"حسن (اعجاز/سکینہ کا بیٹا)","سیکنڈ لفٹننٹ امتیاز",3,"483 490 752","480:486 494:486 754:750"
"حسن (اعجاز/سکینہ کا بیٹا)","شعیب",43,"288 293 309 310 311 312 314 316 317 324 325 326 327 328 329 330 331 332 352 354 358 359 360 564 565 568 571 575 597 600 737 740 756","290:286 290:287 290:296 313:306 313:307 313:308 313:309 313:312 313:316 316:316 317:316 317:318 329:320 329:321 329:322 329:323 329:324 329:325 329:326 329:328 329:329 330:329 330:330 332:330 332:331 332:332 353:351 353:356 361:356 361:357 361:358 361:359 568:561 568:562 568:569 573:569 573:577 574:577 596:598 603:598 733:741 739:741 754:758"
"حسن (اعجاز/سکینہ کا بیٹا)","شمس (بدیع الزمان کا اسسٹنٹ)",2,"563 693","568:558 693:694"
"حسن (اعجاز/سکینہ کا بیٹا)","شوکت",2,"288 291","290:287 290:293"
"حسن (اعجاز/سکینہ کا بیٹا)","شہلا رضوی",2,"735 738","733:737 739:737"
"حسن (اعجاز/سکینہ کا بیٹا)","طارق (ورکس منیجر)",1,"285","290:280"
"حسن (اعجاز/سکینہ کا بیٹا)","ظفر چوہدری",3,"571 574","568:575 573:575 574:575"
"حسن (اعجاز/سکینہ کا بیٹا)","عباس (چاچا احمد کا بیٹا)",31,"102 252 254 256 289 308 309 314 316 317 327 355 359 431 436 567 598 602 603 722 723 728 754 782","103:101 257:247 257:251 257:255 290:288 313:303 313:304 313:305 313:306 313:316 316:316 317:316 317:317 329:325 353:357 361:357 431:432 440:432 440:433 568:566 596:601 603:601 603:602 603:603 722:722 723:722 723:723 733:723 733:724 754:754 782:782"
"حسن (اعجاز/سکینہ کا بیٹا)","عمران (ہوسٹل ساتھی)",9,"208 416 426 433 438 439","211:205 411:421 431:421 431:422 431:436 440:436 440:437 440:438 440:439"
"حسن (اعجاز/سکینہ کا بیٹا)","غلام حسین",14,"206 207 208 209 210 211 214 218 252 253 254","211:202 211:203 211:205 211:206 211:207 211:208 211:209 211:210 211:212 216:212 216:220 257:248 257:249 257:252"
"حسن (اعجاز/سکینہ کا بیٹا)","فرخ غوری",3,"726 727 732","722:731 723:731 733:731"
"حسن (اعجاز/سکینہ کا بیٹا)","فضلے",1,"481","480:483"
"حسن (اعجاز/سکینہ کا بیٹا)","قائد (پارٹی بانی لیڈر)",74,"98 103 211 214 218 252 253 260 288 290 311 313 315 320 321 327 336 348 351 353 357 361 373 374 376 378 406 407 408 410 411 430 442 477 479 480 491 495 563 564 565 568 571 572 573 574 591 593 594 596 600 605 688 690 694 724 729 732 734 737 743 750 756 778 786","103:94 103:103 211:212 216:212 216:220 257:248 257:249 257:250 257:264 290:286 290:290 313:309 313:314 316:314 316:325 317:325 329:325 332:341 353:343 353:344 353:349 353:353 361:353 361:361 378:368 378:370 378:371 378:374 378:378 411:401 411:402 411:403 411:404 411:406 411:410 411:411 431:429 440:445 480:474 480:478 480:479 480:481 494:488 494:489 494:496 568:558 568:559 568:561 568:562 568:569 573:569 573:571 573:574 574:574 596:586 596:590 596:593 596:597 603:597 603:608 693:684 693:688 693:695 722:726 723:726 733:726 733:731 733:736 739:736 739:747 754:747 754:758 782:774 782:791"
"حسن (اعجاز/سکینہ کا بیٹا)","قمر الاسلام",4,"478 479 496","480:477 480:478 480:479 494:498"
"حسن (اعجاز/سکینہ کا بیٹا)","لیفٹیننٹ کرنل اسلام الدین",17,"333 334 592 593 598 601 607 728 733 736 740 750 777 778 780","329:337 330:337 332:337 596:589 596:590 596:600 603:600 603:611 723:733 733:733 739:733 739:741 754:747 782:773 782:774 782:775 782:778"
"حسن (اعجاز/سکینہ کا بیٹا)","ماسی (سرفراز کی پرورش کرنے والی)",10,"102 257 291 315 316 317 567 568 570 754","103:102 257:257 290:292 313:317 316:317 317:317 568:566 568:568 573:568 754:754"
"حسن (اعجاز/سکینہ کا بیٹا)","ماسی مریم",10,"102 257 291 315 316 317 567 568 570 754","103:102 257:257 290:292 313:317 316:317 317:317 568:566 568:568 573:568 754:754"
"حسن (اعجاز/سکینہ کا بیٹا)","محمد نواز چیمہ",3,"98 382","103:93 103:94 378:387"
"حسن (اعجاز/سکینہ کا بیٹا)","مرزا عبد الرشید",3,"348 349 494","353:344 353:345 494:495"
"حسن (اعجاز/سکینہ کا بیٹا)","ملک جہانگیر اعوان (ایم ایل اے)",40,"99 106 219 256 260 289 290 348 351 357 361 376 377 378 406 408 409 410 411 495 566 567 568 571 572 591 593 594 595 596 599 600 605","103:95 103:109 216:222 257:255 257:264 290:289 290:290 353:344 353:349 353:361 361:361 378:374 378:375 378:376 378:377 378:378 411:401 411:402 411:406 411:407 411:408 411:409 411:410 411:412 494:497 568:564 568:565 568:567 568:569 573:569 573:570 573:572 596:586 596:591 596:593 596:595 596:596 603:596 603:597 603:608"
"حسن (اعجاز/سکینہ کا بیٹا)","ملک حمید",6,"261 577 597 601 786","257:266 573:581 574:581 596:599 603:599 782:791"
"حسن (اعجاز/سکینہ کا بیٹا)","ملک رشید (ملک حمید کا بھائی)",1,"348","353:344"
"حسن (اعجاز/سکینہ کا بیٹا)","ملک لطیف",4,"579 597 601 786","574:584 596:599 603:599 782:791"
"حسن (اعجاز/سکینہ کا بیٹا)","منشی کریم شاہ",3,"256 260 408","257:255 257:264 411:406"
"حسن (اعجاز/سکینہ کا بیٹا)","منظور (اعجاز کا ورکر)",18,"336 348 349 350 351 363 373 377 381 411 441 492 494 691","332:341 353:343 353:344 353:345 353:346 353:347 353:348 353:349 361:365 378:368 378:369 378:377 378:385 411:411 440:442 494:491 494:494 693:689"
"حسن (اعجاز/سکینہ کا بیٹا)","منیر میکنک",4,"475 476 480 592","480:470 480:472 480:480 596:588"
"حسن (اعجاز/سکینہ کا بیٹا)","مولوی فقیر الدین",2,"102 103","103:102 103:103"
"حسن (اعجاز/سکینہ کا بیٹا)","میاں انتظار حسین (ایڈووکیٹ ہائی کورٹ)",7,"441 563 593 689 726 727 732","440:442 568:559 596:591 693:685 722:731 723:731 733:731"
"حسن (اعجاز/سکینہ کا بیٹا)","میجر ست پال ٹھاکر (کیمپ افسرِ دشمن)",1,"780","782:779"
"حسن (اعجاز/سکینہ کا بیٹا)","میجر صدیق",5,"428 480 493 576","431:426 480:481 494:492 573:579 574:579"
"حسن (اعجاز/سکینہ کا بیٹا)","میجر/کیپٹن سرفراز اعوان",161,"98 99 101 102 103 206 207 208 209 210 211 213 214 215 216 252 253 254 260 288 289 291 308 309 310 311 312 313 314 315 316 317 324 325 326 327 328 329 330 331 332 352 353 357 358 359 360 366 374 376 379 408 415 426 427 429 430 431 435 436 438 439 440 481 489 490 564 565 566 567 568 570 571 572 573 574 592 593 594 595 596 599 600 601 602 607 692 693 721 722 723 728 729 732 734 737 738 739 749 750 751 752 753 754 777 778 779 780 781 782","103:93 103:96 103:99 103:100 103:101 103:102 103:103 211:202 211:204 211:205 211:207 211:208 211:209 211:211 216:211 216:212 216:213 216:214 216:215 216:216 257:247 257:249 257:250 257:252 257:264 290:287 290:288 290:289 290:292 313:303 313:304 313:305 313:306 313:307 313:308 313:309 313:310 313:311 313:312 313:313 316:313 316:314 316:315 316:316 317:316 317:317 329:319 329:320 329:321 329:322 329:323 329:324 329:325 329:326 329:327 329:328 329:330 330:330 332:330 332:331 332:332 353:351 353:353 361:353 361:354 361:355 361:356 361:357 361:358 361:359 361:371 378:371 378:375 378:380 411:405 411:406 411:420 431:421 431:422 431:423 431:424 431:428 431:430 431:431 440:431 440:432 440:433 440:436 440:437 440:438 440:439 440:441 480:483 494:484 494:487 568:560 568:561 568:562 568:563 568:565 568:566 568:567 568:568 573:568 573:569 573:570 573:571 573:572 573:573 574:573 574:574 596:589 596:590 596:591 596:592 596:593 596:594 596:595 596:596 603:596 603:597 603:598 603:600 603:601 603:602 603:611 693:691 693:693 722:721 722:722 723:722 723:723 733:723 733:724 733:725 733:732 733:736 739:736 739:737 739:738 739:739 754:745 754:746 754:747 754:748 754:749 754:750 754:751 754:752 754:753 754:754 782:772 782:773 782:774 782:775 782:776 782:777 782:778 782:779 782:781 782:782"
"حسن (اعجاز/سکینہ کا بیٹا)","نامعلوم مزدور عورت (ملک حمید/لطیف کا تعلق)",23,"101 102 104 211 213 215 216 351 353 357 415 476 477 563 564 579 597 600 695 722 723 728 783","103:100 103:102 103:106 211:211 216:211 216:215 216:217 353:350 353:354 361:354 411:420 480:473 480:475 568:558 568:560 574:584 596:598 603:598 693:697 722:723 723:723 733:723 782:784"
"حسن (اعجاز/سکینہ کا بیٹا)","نانبائی (او جھری والا)",5,"208 209 210","211:205 211:206 211:207 211:208 211:209"
"حسن (اعجاز/سکینہ کا بیٹا)","نسرین",27,"214 216 253 331 332 333 349 354 358 359 409 411 477 592 593 594 596 600 601 602 605 736 739 749 750 783","211:217 216:217 257:250 329:334 330:334 332:334 353:345 353:356 361:356 361:357 411:407 411:412 480:475 596:589 596:590 596:592 596:597 603:597 603:598 603:600 603:601 603:607 733:739 739:739 754:745 754:746 782:784"
"حسن (اعجاز/سکینہ کا بیٹا)","نسیمہ (شعیب کی بہن)",53,"288 314 316 318 324 325 326 328 329 330 331 332 352 353 357 358 359 360 415 482 489 490 564 565 569 572 573 574 592 593 597 600 721 722 723 728 736 739 750 753 754 783","290:286 313:316 316:316 317:316 317:319 329:319 329:320 329:321 329:323 329:324 329:328 329:329 330:329 330:330 332:330 332:332 353:351 353:353 361:353 361:354 361:355 361:356 361:357 361:358 361:359 411:420 480:484 494:484 494:487 568:560 568:561 568:562 568:563 568:571 573:571 573:573 574:573 574:574 596:589 596:590 596:598 603:598 722:721 722:722 723:722 723:724 733:724 733:739 739:739 754:746 754:753 754:754 782:785"
"حسن (اعجاز/سکینہ کا بیٹا)","نصیر شیخ (پارٹی امیدوار)",1,"364","361:367"
"حسن (اعجاز/سکینہ کا بیٹا)","نمائر (کیمپ کا قیدی ساتھی)",4,"480 572 574 575","480:481 568:576 573:576 574:576"
"حسن (اعجاز/سکینہ کا بیٹا)","نیلی (بھینس)",1,"698","693:703"
"حسن (اعجاز/سکینہ کا بیٹا)","وسیم بھائی (بدیع الزمان کا سالا/قرض خواہ)",13,"106 348 354 358 379 427 601 604 691 742 750 781 787","103:109 353:344 353:356 361:356 378:380 431:423 596:606 603:606 693:690 739:746 754:746 782:781 782:792"
"حسن (اعجاز/سکینہ کا بیٹا)","پروفیسر میر صاحب",3,"219 252 253","216:222 257:248 257:249"
"حسن (اعجاز/سکینہ کا بیٹا)","پھاتو مراثن (ڈھولکی)",2,"355 359","353:358 361:358"
"حسن (اعجاز/سکینہ کا بیٹا)","پیر حمید الدین بلال شاہ (مرشد بلال پور شریف)",2,"755 786","754:757 782:791"
"حسن (اعجاز/سکینہ کا بیٹا)","چاچا احمد خان راٹھور",63,"102 103 206 207 208 209 210 211 214 216 252 253 254 259 288 289 290 314 316 317 354 358 359 361 375 376 381 409 431 436 441 477 493 563 567 569 571 573 574 592 598 602 603 693 722 723 728 733 736 739 754 782","103:102 103:103 211:202 211:203 211:204 211:205 211:206 211:207 211:208 211:209 211:210 211:212 216:212 216:216 257:248 257:249 257:250 257:252 257:262 290:287 290:288 290:290 313:316 316:316 317:316 317:317 353:356 361:356 361:357 361:358 361:362 378:372 378:375 378:385 411:408 431:432 440:432 440:443 480:474 494:493 568:559 568:566 568:567 568:570 573:570 573:573 574:573 574:574 596:588 596:601 603:601 603:602 603:603 693:694 722:723 723:723 733:723 733:724 733:734 739:734 739:739 754:754 782:782"
"حسن (اعجاز/سکینہ کا بیٹا)","چوہدری ارشد (یونین رہنما)",1,"363","361:365"
"حسن (اعجاز/سکینہ کا بیٹا)","چوہدری اظہر (ایس ایچ او نور پور)",10,"107 351 445 567 577 597 601 604 756","103:112 353:350 440:450 568:567 573:581 574:581 596:599 603:599 603:606 754:758"
"حسن (اعجاز/سکینہ کا بیٹا)","چوہدری اللہ داد خان",1,"257","257:257"
"حسن (اعجاز/سکینہ کا بیٹا)","چوہدری شدا",1,"363","361:366"
"حسن (اعجاز/سکینہ کا بیٹا)","ڈاکٹر (کریم بخش کا بیٹا)",8,"106 214 216 497 688 689 694","103:109 211:217 216:217 494:501 693:683 693:684 693:685 693:695"
"حسن (اعجاز/سکینہ کا بیٹا)","ڈاکٹر سعد اللہ خان (کنسلٹنٹ کارڈیالوجسٹ)",1,"694","693:695"
"حسن (اعجاز/سکینہ کا بیٹا)","ڈاکٹر عرفان (ڈیوٹی ڈاکٹر آئی سی یو)",1,"694","693:695"
"حسن (اعجاز/سکینہ کا بیٹا)","کریم راٹھور",3,"260 720 782","257:264 722:719 782:782"
"حسن (اعجاز/سکینہ کا بیٹا)","کنیز",11,"103 213 216 380 475 476 477 478 691","103:103 211:216 216:216 378:383 480:470 480:473 480:474 480:475 480:476 480:477 693:689"
"حسن (اعجاز/سکینہ کا بیٹا)","کو چوہا (چوکیدار/کھیت میں سونے والا)",1,"257","257:258"
"حسن (اعجاز/سکینہ کا بیٹا)","کیپٹن اسد اللہ",2,"287","290:284 290:285"
"حسن (اعجاز/سکینہ کا بیٹا)","کیپٹن اسرار",7,"354 358 564 724 729 777","353:356 361:356 568:560 722:726 723:726 733:726 782:773"
"حسن (اعجاز/سکینہ کا بیٹا)","کیپٹن جمال",7,"286 288 592 594 596 600","290:282 290:286 596:589 596:592 596:597 603:597 603:598"
"حسن (اعجاز/سکینہ کا بیٹا)","کیپٹن دلاور",10,"312 317 318 319 325 330 331 332","313:312 313:321 316:321 317:321 329:321 329:322 329:331 330:331 332:331 332:333"
"حسن (اعجاز/سکینہ کا بیٹا)","کیڈٹ حبیب اللہ",2,"287 288","290:285 290:286"
"حسن (اعجاز/سکینہ کا بیٹا)","کیڈٹ مجید اللہ",1,"293","290:297"
"حسن (اعجاز/سکینہ کا بیٹا)","کیڈٹ نواز کھوکھر",1,"780","782:778"
"حسن (اعجاز/سکینہ کا بیٹا)","گل افروز خان",12,"259 289 351 352 353 357 360 365 373 375 381 413","257:261 290:288 353:350 353:351 353:353 361:353 361:360 361:369 378:369 378:372 378:384 411:416"
"حسن (اعجاز/سکینہ کا بیٹا)","یعقوب اعوان",21,"102 308 309 313 314 376 381 430 431 436 493 494 571 573 574 722 723 728 781 784","103:101 313:303 313:304 313:305 313:313 316:313 378:375 378:385 431:430 431:432 440:432 494:493 494:494 568:574 573:574 574:574 722:723 723:723 733:723 782:780 782:787"
"حسین (اعجاز/سکینہ کا بیٹا)","حوالدار ستونت سنگھ",4,"757 758 780","753:762 754:762 782:778 782:779"
"حسین (اعجاز/سکینہ کا بیٹا)","خدابخش ارائیں",2,"257 266","252:262 270:262"
"حسین (اعجاز/سکینہ کا بیٹا)","خواجہ معراج الدین",38,"557 563 623 626 627 628 638 639 641 642 643 644 659 660 661 662 663 664 667 668 670 674 675 676 677 680 685 715 722 729","556:558 568:558 568:559 623:623 624:623 624:629 625:629 628:629 641:635 641:638 641:642 642:642 645:642 645:643 654:664 656:664 657:664 659:664 660:664 661:664 663:664 664:664 665:664 665:669 666:669 668:669 671:669 671:670 671:677 673:677 675:677 676:677 678:677 678:682 689:682 719:712 719:726 733:726"
"حسین (اعجاز/سکینہ کا بیٹا)","خوشی محمد تیلی",1,"274","270:279"
"حسین (اعجاز/سکینہ کا بیٹا)","داؤد (خوشی محمد کا بھائی)",1,"274","270:279"
"حسین (اعجاز/سکینہ کا بیٹا)","دتا کمہار",3,"594 597 600","590:598 596:598 603:598"
"حسین (اعجاز/سکینہ کا بیٹا)","دتو میراثی",4,"102 105 601 604","103:102 103:108 596:606 603:606"
"حسین (اعجاز/سکینہ کا بیٹا)","ذوالقرنین نقوی",20,"203 204 641 642 643 652 653 654 655 656 657 658 659","202:204 203:204 205:204 641:641 642:641 642:642 645:642 647:657 648:657 649:657 651:657 652:657 653:657 654:657 656:657 657:657 659:657 659:658 659:659 660:659"
"حسین (اعجاز/سکینہ کا بیٹا)","رابعہ",1,"355","353:358"
"حسین (اعجاز/سکینہ کا بیٹا)","رحمت چوہان",5,"102 252 253 254 274","103:102 248:257 249:257 252:257 270:278"
"حسین (اعجاز/سکینہ کا بیٹا)","رضیہ",1,"355","353:358"
"حسین (اعجاز/سکینہ کا بیٹا)","رنگیلی (یعقوب کی گھوڑی)",2,"497 781","494:500 782:780"
"حسین (اعجاز/سکینہ کا بیٹا)","ریاض (سرفراز کا ڈرائیور)",3,"445 620 735","440:450 623:618 733:738"
"حسین (اعجاز/سکینہ کا بیٹا)","زور آور (گھوڑا)",10,"206 207 208 209 210 784","202:210 203:210 205:210 206:210 207:210 208:210 209:210 210:210 211:210 782:786"
"حسین (اعجاز/سکینہ کا بیٹا)","زیدی صاحب (چیف ایڈیٹر طلوع)",2,"683 688","678:688 689:688"
"حسین (اعجاز/سکینہ کا بیٹا)","زینب (یعقوب کی بیوی)",4,"75 76 787","79:71 79:73 79:74 782:792"
"حسین (اعجاز/سکینہ کا بیٹا)","سائیں جلا",7,"245 588 753 754 755 782","248:242 248:243 590:586 751:756 753:756 754:756 782:782"
"حسین (اعجاز/سکینہ کا بیٹا)","سراج گجر",13,"313 315 357 664 665 666 667 668 670 733","313:314 316:314 353:361 659:669 660:669 661:669 663:669 664:669 665:669 666:669 668:669 671:669 733:733"
"حسین (اعجاز/سکینہ کا بیٹا)","سردار فلمبند خان",9,"81 482 489 620 755 756 757 778","79:83 480:485 494:485 623:618 751:760 753:760 754:760 782:774 782:775"
"حسین (اعجاز/سکینہ کا بیٹا)","سرداراں دائی",1,"357","353:361"
"حسین (اعجاز/سکینہ کا بیٹا)","سلطان (پی۔او۔ڈبلیو ساتھی/دوست)",13,"483 490 491 497 558 564 565 571 572 574 607","480:486 494:486 494:487 494:488 494:500 556:561 568:561 568:562 568:563 568:575 569:575 573:575 603:612"
"حسین (اعجاز/سکینہ کا بیٹا)","سلیم",75,"98 99 202 203 204 205 206 207 208 209 215 216 220 231 248 249 250 251 270 427 622 630 631 638 639 640 645 647 648 649 650 657 658 659 660 661 662 663 664 665 667 668 670 672 673 674 676 677 678 684 685 689 719 732","103:94 103:95 202:202 203:202 203:203 205:203 205:204 205:205 206:205 206:206 207:206 207:207 208:207 208:208 209:208 209:209 210:209 210:220 211:220 212:220 220:220 231:231 248:248 249:248 249:249 252:249 252:250 270:270 431:423 623:621 623:622 625:635 628:635 641:635 641:638 641:639 641:649 642:649 645:649 646:649 647:649 648:649 649:649 651:649 652:662 653:662 654:662 656:662 657:662 659:662 660:662 661:662 663:662 663:663 664:663 664:664 665:664 665:665 666:665 666:669 668:669 671:669 671:670 671:674 673:674 675:674 675:678 676:678 678:678 689:679 689:681 689:682 689:690 719:719 733:731"
"حسین (اعجاز/سکینہ کا بیٹا)","سپاہی غلام رسول (یونٹ ڈرائیور/ساتھی)",2,"349 749","353:345 751:747"
"حسین (اعجاز/سکینہ کا بیٹا)","سکینہ (اعجاز کی بیوی)",96,"74 75 77 79 102 103 197 198 201 206 207 208 209 210 211 212 216 217 218 267 272 296 300 313 314 316 317 328 329 330 331 332 351 352 355 387 388 430 431 435 436 440 480 492 493 494 556 563 567 568 593 596 600 621 627 628 629 636 680 681 687 688 690 715 717 718 719 728 729 732 736 751 752 753 754 782","79:69 79:71 79:75 79:79 103:102 103:103 202:193 202:194 202:200 202:211 203:211 205:211 206:211 207:211 208:211 209:211 210:211 211:211 212:211 212:213 220:213 220:214 220:215 220:216 270:264 270:275 301:292 301:300 313:313 316:313 316:316 317:316 317:318 330:326 330:327 330:328 330:329 330:330 332:330 332:332 353:349 353:350 353:351 353:352 353:357 391:384 391:385 431:430 431:431 440:431 440:432 440:433 440:440 480:480 494:491 494:493 494:494 556:556 568:558 568:566 568:567 568:568 569:568 590:597 596:597 603:597 623:619 623:631 624:631 625:631 628:631 641:631 675:685 676:685 678:685 689:685 689:686 689:687 689:691 719:711 719:715 719:716 719:717 719:718 719:719 733:723 733:724 733:725 733:732 733:740 751:751 753:751 753:753 754:753 754:754 782:782"
"حسین (اعجاز/سکینہ کا بیٹا)","سینئر انڈر آفیسر صبغت اللہ",1,"300","301:299"
"حسین (اعجاز/سکینہ کا بیٹا)","سیکنڈ لفٹننٹ امتیاز",3,"483 490 750","480:486 494:486 751:750"
"حسین (اعجاز/سکینہ کا بیٹا)","شعیب",43,"298 303 309 310 311 312 314 316 317 325 326 327 328 329 330 331 332 352 354 391 558 564 565 568 569 571 575 594 597 600 737 746 754 755 756","301:296 301:306 313:306 313:307 313:308 313:309 313:312 313:316 316:316 317:316 317:318 330:320 330:321 330:322 330:323 330:324 330:325 330:326 330:328 330:329 330:330 332:330 332:331 332:332 353:351 353:356 391:391 556:561 568:561 568:562 568:569 569:569 573:569 573:577 590:598 596:598 603:598 733:741 751:741 751:742 751:758 753:758 754:758"
"حسین (اعجاز/سکینہ کا بیٹا)","شمس (بدیع الزمان کا اسسٹنٹ)",4,"553 556 563 691","556:551 556:556 568:558 689:694"
"حسین (اعجاز/سکینہ کا بیٹا)","شوکت",2,"270 297","270:270 301:293"
"حسین (اعجاز/سکینہ کا بیٹا)","شہلا رضوی",1,"735","733:737"
"حسین (اعجاز/سکینہ کا بیٹا)","شیر بہادر اعوان",3,"74 75 79","79:70 79:72 79:80"
"حسین (اعجاز/سکینہ کا بیٹا)","شیشے والا سالا (بدیع الزمان کا دوسرا قرض خواہ)",1,"75","79:72"
"حسین (اعجاز/سکینہ کا بیٹا)","طارق (ورکس منیجر)",1,"271","270:272"
"حسین (اعجاز/سکینہ کا بیٹا)","ظفر چوہدری",3,"571 572 574","568:575 569:575 573:575"
"حسین (اعجاز/سکینہ کا بیٹا)","عامر محمود (چیف کیمسٹ)",24,"640 649 650 651 652 653 654 655 656 657 658 669 670 671 672 673 674","641:640 645:653 646:653 647:653 648:653 649:653 651:653 652:653 653:653 654:653 654:654 656:654 656:655 656:656 657:656 657:657 659:657 664:674 665:674 666:674 668:674 671:674 673:674 675:674"
"حسین (اعجاز/سکینہ کا بیٹا)","عباس (چاچا احمد کا بیٹا)",45,"82 102 197 231 243 244 245 246 247 249 250 251 253 301 308 309 314 316 317 327 355 431 436 561 567 598 602 603 620 720 728 752 753 754 782","79:86 103:101 202:193 231:232 248:238 248:240 248:241 248:242 248:243 248:245 248:246 248:247 248:251 249:251 252:251 252:255 301:301 313:303 313:304 313:305 313:306 313:316 316:316 317:316 317:317 330:325 353:357 431:432 440:432 440:433 556:566 568:566 596:601 603:601 603:602 603:603 623:617 623:618 719:722 733:723 733:724 751:754 753:754 754:754 782:782"
"حسین (اعجاز/سکینہ کا بیٹا)","علی بہادر",1,"75","79:72"
"حسین (اعجاز/سکینہ کا بیٹا)","عمران (ہوسٹل ساتھی)",11,"203 204 205 426 433 438 439","202:205 203:205 205:205 206:205 431:421 431:422 431:436 440:436 440:437 440:438 440:439"
"حسین (اعجاز/سکینہ کا بیٹا)","غلام حسین",27,"202 203 204 205 206 207 208 209 210 211 212 216 220 231 248 249 250 252 270","202:202 203:202 203:203 205:203 205:205 206:205 206:206 207:206 207:207 208:207 208:208 209:208 209:209 210:209 210:210 211:210 211:212 212:212 220:212 220:220 231:231 248:248 249:248 249:249 252:249 252:252 270:270"
"حسین (اعجاز/سکینہ کا بیٹا)","فرخ غوری",2,"714 732","719:710 733:731"
"حسین (اعجاز/سکینہ کا بیٹا)","فضلے",1,"481","480:483"
"حسین (اعجاز/سکینہ کا بیٹا)","فلک شیر اعوان",2,"74 79","79:70 79:80"
"حسین (اعجاز/سکینہ کا بیٹا)","قائد (پارٹی بانی لیڈر)",151,"75 81 98 103 198 199 207 208 209 210 211 212 216 220 226 227 228 230 234 246 248 249 250 251 267 271 305 311 313 315 320 321 327 336 348 351 353 386 388 389 390 391 430 442 477 479 480 491 495 551 553 557 563 564 565 568 569 571 572 573 586 587 588 590 593 594 596 600 605 620 623 625 627 628 638 639 641 642 643 644 646 647 648 649 650 651 652 653 654 655 657 658 659 662 663 664 667 668 670 671 672 674 675 676 677 678 684 685 686 688 692 722 729 732 734 749 754 755 756 778 786","79:72 79:83 103:94 103:103 202:194 202:195 202:196 202:212 203:212 205:212 206:212 207:212 208:212 209:212 210:212 211:212 212:212 220:212 220:220 231:221 231:222 231:223 231:224 231:225 231:226 231:229 231:237 248:245 248:248 249:248 249:249 252:249 252:250 270:264 270:272 301:309 313:309 313:314 316:314 316:325 317:325 330:325 332:341 353:343 353:344 353:349 353:353 391:381 391:385 391:386 391:387 391:389 391:390 391:391 431:429 440:445 480:474 480:478 480:479 480:481 494:488 494:489 494:496 556:547 556:551 556:558 568:558 568:559 568:561 568:562 568:569 569:569 573:569 573:571 573:574 590:582 590:583 590:584 590:586 590:590 596:590 596:593 596:597 603:597 603:608 623:617 623:623 624:623 624:626 625:626 628:626 628:627 628:628 641:635 641:638 641:642 642:642 645:642 645:643 645:648 646:648 647:648 648:648 649:648 649:649 651:649 651:650 651:652 652:652 653:652 653:654 654:654 656:654 656:658 657:658 659:658 659:659 660:659 660:664 661:664 663:664 664:664 665:664 665:669 666:669 668:669 671:669 671:671 673:671 673:675 675:675 676:675 676:677 678:677 678:678 689:679 689:681 689:682 689:684 689:688 689:695 719:726 733:726 733:731 733:736 751:747 751:758 753:758 754:758 782:774 782:791"
"حسین (اعجاز/سکینہ کا بیٹا)","قمر الاسلام",4,"478 479 496","480:477 480:478 480:479 494:498"
"حسین (اعجاز/سکینہ کا بیٹا)","لیفٹیننٹ کرنل اسلام الدین",16,"333 334 589 590 593 598 601 607 620 733 746 749 777 778 780","330:337 332:337 590:589 590:590 596:590 596:600 603:600 603:611 623:618 733:733 751:741 751:747 782:773 782:774 782:775 782:778"
"حسین (اعجاز/سکینہ کا بیٹا)","ماسی (سرفراز کی پرورش کرنے والی)",28,"75 76 79 102 245 247 252 253 254 296 300 315 316 317 561 567 568 627 628 629 636 637 752 753 754","79:71 79:74 79:79 103:102 248:243 248:246 248:257 249:257 252:257 301:292 301:300 313:317 316:317 317:317 556:566 568:566 568:568 569:568 623:631 624:631 625:631 628:631 641:631 641:633 641:634 751:754 753:754 754:754"
"حسین (اعجاز/سکینہ کا بیٹا)","ماسی مریم",28,"75 76 79 102 245 247 252 253 254 296 300 315 316 317 561 567 568 627 628 629 636 637 752 753 754","79:71 79:74 79:79 103:102 248:243 248:246 248:257 249:257 252:257 301:292 301:300 313:317 316:317 317:317 556:566 568:566 568:568 569:568 623:631 624:631 625:631 628:631 641:631 641:633 641:634 751:754 753:754 754:754"
"حسین (اعجاز/سکینہ کا بیٹا)","محمد نواز چیمہ",6,"98 389 390","103:93 103:94 391:387 391:388 391:389 391:390"
"حسین (اعجاز/سکینہ کا بیٹا)","مرزا عبد الرشید",3,"348 349 494","353:344 353:345 494:495"
"حسین (اعجاز/سکینہ کا بیٹا)","معین الدین شاہ",8,"623 624 625 626 627 628","623:624 624:624 625:624 625:625 628:625 628:626 628:627 628:628"
"حسین (اعجاز/سکینہ کا بیٹا)","ملک جہانگیر اعوان (ایم ایل اے)",62,"82 99 106 197 200 217 221 226 230 231 243 246 247 251 252 253 267 268 272 348 351 357 388 396 495 560 566 567 568 569 571 572 588 590 593 594 595 596 599 600 605 621 628 629 630 637 643 645 670 671 673 674 675","79:85 103:95 103:109 202:193 202:199 212:222 220:222 231:222 231:229 231:230 231:232 248:238 248:239 248:245 248:246 248:255 249:255 252:255 270:264 270:266 270:275 353:344 353:349 353:361 391:386 391:401 494:497 556:564 568:564 568:565 568:567 568:569 569:569 573:569 573:570 573:572 590:586 590:591 596:591 596:593 596:595 596:596 603:596 603:597 603:608 623:619 623:633 624:633 625:633 628:633 641:633 641:645 642:645 645:645 646:645 665:675 666:675 668:675 671:675 673:675 675:675 676:675"
"حسین (اعجاز/سکینہ کا بیٹا)","ملک حمید",16,"197 198 234 243 246 268 272 577 585 586 587 594 597 601 786","202:192 202:194 231:238 248:238 248:245 270:266 270:275 573:581 590:581 590:582 590:583 590:584 590:599 596:599 603:599 782:791"
"حسین (اعجاز/سکینہ کا بیٹا)","ملک رشید (ملک حمید کا بھائی)",2,"272 348","270:275 353:344"
"حسین (اعجاز/سکینہ کا بیٹا)","ملک لطیف",5,"587 594 597 601 786","590:584 590:599 596:599 603:599 782:791"
"حسین (اعجاز/سکینہ کا بیٹا)","منشی کریم شاہ",4,"251 252 253 267","248:255 249:255 252:255 270:264"
"حسین (اعجاز/سکینہ کا بیٹا)","منظور (اعجاز کا ورکر)",19,"76 198 336 348 349 350 351 388 389 390 391 441 492 494 689","79:73 202:195 332:341 353:343 353:344 353:345 353:346 353:347 353:348 353:349 391:385 391:387 391:388 391:390 391:392 440:442 494:491 494:494 689:689"
"حسین (اعجاز/سکینہ کا بیٹا)","منیر میکنک",4,"475 476 480 589","480:470 480:472 480:480 590:588"
"حسین (اعجاز/سکینہ کا بیٹا)","مولوی فقیر الدین",2,"102 103","103:102 103:103"
"حسین (اعجاز/سکینہ کا بیٹا)","میاں انتظار حسین (ایڈووکیٹ ہائی کورٹ)",66,"82 441 555 556 563 590 593 622 623 624 625 626 628 636 638 640 641 642 643 645 646 647 648 649 650 651 652 653 654 655 656 657 658 659 660 661 662 663 664 665 666 667 668 669 672 673 674 676 677 678 687 732","79:85 440:442 556:554 556:556 568:559 590:591 596:591 623:621 623:622 623:624 624:624 625:624 625:625 628:625 628:628 641:632 641:635 641:639 641:641 642:641 642:642 645:642 645:645 646:645 646:646 647:646 647:647 648:647 648:648 649:648 649:649 651:649 651:651 652:651 652:652 653:652 653:653 654:653 654:654 656:654 656:657 657:657 659:657 659:660 660:660 661:660 661:661 663:661 663:663 664:663 664:664 665:664 665:666 666:666 668:666 668:667 668:668 671:668 671:673 673:673 675:673 675:678 676:678 678:678 689:685 733:731"
"حسین (اعجاز/سکینہ کا بیٹا)","میجر ست پال ٹھاکر (کیمپ افسرِ دشمن)",1,"780","782:779"
"حسین (اعجاز/سکینہ کا بیٹا)","میجر صدیق",5,"428 480 493 574 576","431:426 480:481 494:492 569:579 573:579"
"حسین (اعجاز/سکینہ کا بیٹا)","میجر/کیپٹن سرفراز اعوان",180,"74 75 76 77 79 98 99 101 102 103 197 202 203 204 205 206 207 208 209 210 211 212 216 217 218 220 231 243 244 247 248 249 250 251 252 267 268 271 296 300 301 308 309 310 311 312 313 314 315 316 317 325 326 327 328 329 330 331 332 352 353 391 426 427 429 430 431 435 436 438 439 440 481 489 490 551 552 553 554 558 564 565 566 567 568 569 571 572 573 589 590 593 594 595 596 599 600 601 602 607 618 619 620 690 720 728 729 732 734 746 748 749 750 751 752 753 754 777 778 779 780 781 782","79:69 79:70 79:71 79:74 79:75 79:79 103:93 103:96 103:99 103:100 103:101 103:102 103:103 202:193 202:202 203:202 203:204 205:204 205:205 206:205 206:207 207:207 208:207 208:208 209:208 209:209 210:209 210:211 211:211 212:211 212:212 220:212 220:213 220:214 220:215 220:216 220:220 231:231 248:238 248:240 248:247 248:249 249:249 252:249 252:250 252:252 270:264 270:265 270:266 270:267 270:273 301:292 301:300 301:301 313:303 313:304 313:305 313:306 313:307 313:308 313:309 313:310 313:311 313:312 313:313 316:313 316:314 316:315 316:316 317:316 317:317 330:320 330:321 330:322 330:323 330:324 330:325 330:326 330:327 330:328 330:330 332:330 332:331 332:332 353:351 353:353 391:391 431:421 431:422 431:423 431:424 431:428 431:430 431:431 440:431 440:432 440:433 440:436 440:437 440:438 440:439 440:441 480:483 494:484 494:487 556:546 556:547 556:548 556:549 556:550 556:552 556:560 568:560 568:561 568:562 568:563 568:565 568:566 568:567 568:568 569:568 569:569 573:569 573:570 573:571 573:572 573:573 590:589 590:590 596:590 596:591 596:592 596:593 596:594 596:595 596:596 603:596 603:597 603:598 603:600 603:601 603:602 603:611 623:613 623:614 623:615 623:616 623:617 623:618 689:691 719:721 733:723 733:724 733:725 733:732 733:736 751:741 751:742 751:745 751:746 751:747 751:748 751:749 751:750 751:751 753:751 753:752 753:753 754:753 754:754 782:772 782:773 782:774 782:775 782:776 782:777 782:778 782:779 782:781 782:782"
"حسین (اعجاز/سکینہ کا بیٹا)","نامعلوم مزدور عورت (ملک حمید/لطیف کا تعلق)",39,"83 101 102 104 197 206 207 208 209 210 211 213 217 218 351 353 476 477 557 563 564 587 594 597 600 677 678 679 680 685 693 721 728 783","79:87 103:100 103:102 103:106 202:193 202:211 203:211 205:211 206:211 207:211 208:211 209:211 210:211 211:211 212:211 212:215 220:215 220:217 353:350 353:354 480:473 480:475 556:558 568:558 568:560 590:584 590:585 590:598 596:598 603:598 673:682 675:682 676:682 678:682 689:682 689:697 719:723 733:723 782:784"
"حسین (اعجاز/سکینہ کا بیٹا)","نانبائی (او جھری والا)",18,"203 204 205 206 207 208 209 673 674 675 676 677 678","202:205 203:205 205:205 206:205 206:206 207:206 207:207 208:207 208:208 209:208 209:209 210:209 668:678 671:678 673:678 675:678 676:678 678:678"
"حسین (اعجاز/سکینہ کا بیٹا)","نسرین",37,"197 212 213 214 218 249 251 332 333 349 354 477 589 590 593 594 596 600 601 602 605 618 619 620 736 746 748 783","202:192 202:193 207:217 208:217 209:217 210:217 211:217 212:217 220:217 248:250 249:250 252:250 330:334 332:334 353:345 353:356 480:475 590:589 590:590 596:590 596:592 596:597 603:597 603:598 603:600 603:601 603:607 623:613 623:614 623:615 623:616 623:617 733:739 751:741 751:745 751:746 782:784"
"حسین (اعجاز/سکینہ کا بیٹا)","نسیمہ (شعیب کی بہن)",49,"314 316 318 325 326 327 329 330 331 332 352 353 391 482 489 490 551 552 553 554 558 564 565 569 570 572 573 589 590 593 597 600 720 728 736 746 748 752 753 754 783","313:316 316:316 317:316 317:319 330:320 330:321 330:323 330:324 330:328 330:329 330:330 332:330 332:332 353:351 353:353 391:391 480:484 494:484 494:487 556:546 556:547 556:548 556:549 556:550 556:552 556:560 568:560 568:561 568:562 568:563 568:571 569:571 573:571 573:573 590:589 590:590 596:590 596:598 603:598 719:721 733:724 733:739 751:742 751:746 751:753 753:753 754:753 754:754 782:785"
"حسین (اعجاز/سکینہ کا بیٹا)","نصیر شیخ (پارٹی امیدوار)",1,"394","391:398"
"حسین (اعجاز/سکینہ کا بیٹا)","نمائر (کیمپ کا قیدی ساتھی)",4,"480 572 574","480:481 568:576 569:576 573:576"
"حسین (اعجاز/سکینہ کا بیٹا)","وسیم بھائی (بدیع الزمان کا سالا/قرض خواہ)",20,"76 79 106 274 348 354 388 427 601 604 624 625 627 689 715 748 781 787","79:74 79:79 103:109 270:279 353:344 353:356 391:386 431:423 596:606 603:606 623:626 624:626 625:626 628:626 628:627 689:690 719:711 751:746 782:781 782:792"
"حسین (اعجاز/سکینہ کا بیٹا)","پروفیسر میر صاحب",7,"217 221 226 248 249 250","212:222 220:222 231:222 248:248 249:248 249:249 252:249"
"حسین (اعجاز/سکینہ کا بیٹا)","پھاتو مراثن (ڈھولکی)",1,"355","353:358"
"حسین (اعجاز/سکینہ کا بیٹا)","پیر حمید الدین بلال شاہ (مرشد بلال پور شریف)",4,"754 755 786","751:757 753:757 754:757 782:791"
"حسین (اعجاز/سکینہ کا بیٹا)","چاچا احمد خان راٹھور",98,"77 102 103 197 198 199 200 201 202 203 204 205 206 207 208 209 210 211 212 216 218 219 220 227 228 231 243 244 245 246 247 248 249 250 251 252 266 272 296 300 301 314 316 317 354 388 431 436 441 477 493 557 563 567 569 571 573 589 598 602 603 621 628 629 630 637 691 721 728 733 752 753 754 782","79:76 103:102 103:103 202:192 202:193 202:194 202:195 202:196 202:197 202:198 202:199 202:200 202:202 203:202 203:203 205:203 205:204 205:205 206:205 206:206 207:206 207:207 208:207 208:208 209:208 209:209 210:209 210:210 211:210 211:212 212:212 220:212 220:216 220:217 220:218 220:220 231:223 231:225 231:231 248:238 248:241 248:242 248:243 248:244 248:245 248:246 248:248 249:248 249:249 252:249 252:250 252:252 270:262 270:263 270:275 301:292 301:300 301:301 313:316 316:316 317:316 317:317 353:356 391:385 431:432 440:432 440:443 480:474 494:493 556:559 568:559 568:566 568:567 568:570 569:570 573:570 573:573 590:588 596:601 603:601 603:602 603:603 623:619 623:633 624:633 625:633 628:633 641:633 641:634 689:694 719:723 733:723 733:724 733:734 751:754 753:754 754:754 782:782"
"حسین (اعجاز/سکینہ کا بیٹا)","چوہدری اظہر (ایس ایچ او نور پور)",18,"107 301 351 445 567 577 585 586 587 594 597 601 604 754 755 756","103:112 301:302 353:350 440:450 568:567 573:581 590:581 590:582 590:583 590:584 590:585 590:599 596:599 603:599 603:606 751:758 753:758 754:758"
"حسین (اعجاز/سکینہ کا بیٹا)","چوہدری اللہ داد خان",3,"252 253 254","248:257 249:257 252:257"
"حسین (اعجاز/سکینہ کا بیٹا)","ڈاکٹر (کریم بخش کا بیٹا)",44,"106 212 213 214 218 497 555 623 628 630 636 639 642 643 644 645 646 647 648 649 650 651 652 676 677 678 679 685 686 687 692","103:109 207:217 208:217 209:217 210:217 211:217 212:217 220:217 494:501 556:555 623:623 624:623 624:632 625:632 628:632 641:632 641:637 641:644 642:644 645:644 645:645 646:645 646:646 647:646 647:647 648:647 648:648 649:648 649:649 651:649 651:652 652:652 653:652 671:681 673:681 675:681 676:681 678:681 689:681 689:682 689:683 689:684 689:685 689:695"
"حسین (اعجاز/سکینہ کا بیٹا)","ڈاکٹر احسان الحق (پُل کھنگر)",11,"643 645 646 647 648 649 650","641:645 642:645 645:645 646:645 646:647 647:647 648:647 648:648 649:648 649:649 651:649"
"حسین (اعجاز/سکینہ کا بیٹا)","ڈاکٹر خدابخش کھوکھر (چیف کیمسٹ)",22,"649 650 651 652 653 654 655 656 657 658 669 670 671 672 673 674","645:654 646:654 647:654 648:654 649:654 651:654 652:654 653:654 654:654 656:654 656:655 656:656 657:656 657:657 659:657 664:674 665:674 666:674 668:674 671:674 673:674 675:674"
"حسین (اعجاز/سکینہ کا بیٹا)","ڈاکٹر سعد اللہ خان (کنسلٹنٹ کارڈیالوجسٹ)",1,"692","689:695"
"حسین (اعجاز/سکینہ کا بیٹا)","ڈاکٹر عرفان (ڈیوٹی ڈاکٹر آئی سی یو)",1,"692","689:695"
"حسین (اعجاز/سکینہ کا بیٹا)","کامران خان (جواں سال کیمسٹ)",28,"645 647 648 649 650 651 652 656 657 658 659 660 666 667 668 669 671 672 673 674","641:649 642:649 645:649 646:649 647:649 648:649 649:649 651:649 651:652 652:652 653:652 653:660 654:660 656:660 657:660 659:660 660:660 661:660 661:671 663:671 664:671 665:671 666:671 668:671 671:671 673:671 673:674 675:674"
"حسین (اعجاز/سکینہ کا بیٹا)","کریم راٹھور",22,"84 267 623 624 663 664 665 666 667 668 669 672 673 674 676 677 678 719 782","79:89 270:264 623:624 624:624 625:624 659:668 660:668 661:668 663:668 664:668 665:668 666:668 668:668 671:668 671:674 673:674 675:674 675:678 676:678 678:678 719:719 782:782"
"حسین (اعجاز/سکینہ کا بیٹا)","کنیز",25,"103 197 198 200 201 211 212 213 214 218 387 475 476 477 478 587 689","103:103 202:192 202:193 202:194 202:195 202:199 202:200 206:216 207:216 208:216 209:216 210:216 211:216 212:216 220:216 220:217 391:383 480:470 480:473 480:474 480:475 480:476 480:477 590:585 689:689"
"حسین (اعجاز/سکینہ کا بیٹا)","کو چوہا (چوکیدار/کھیت میں سونے والا)",3,"253 255","248:258 249:258 252:258"
"حسین (اعجاز/سکینہ کا بیٹا)","کیپٹن اسرار",6,"354 558 564 722 729 777","353:356 556:560 568:560 719:726 733:726 782:773"
"حسین (اعجاز/سکینہ کا بیٹا)","کیپٹن جمال",8,"589 591 594 596 600 619 620","590:589 590:592 596:592 596:597 603:597 603:598 623:616 623:617"
"حسین (اعجاز/سکینہ کا بیٹا)","کیپٹن دلاور",9,"312 317 318 319 325 326 330 331 332","313:312 313:321 316:321 317:321 330:321 330:322 330:331 332:331 332:333"
"حسین (اعجاز/سکینہ کا بیٹا)","کیڈٹ مجید اللہ",3,"299 300","301:297 301:298 301:299"
"حسین (اعجاز/سکینہ کا بیٹا)","کیڈٹ نواز کھوکھر",1,"780","782:778"
"حسین (اعجاز/سکینہ کا بیٹا)","گل افروز خان",9,"256 265 266 274 351 352 353 387","252:261 270:261 270:262 270:263 270:279 353:350 353:351 353:353 391:384"
"حسین (اعجاز/سکینہ کا بیٹا)","یعقوب اعوان",33,"74 75 76 77 78 79 102 232 243 273 302 308 309 313 314 388 430 431 436 493 494 571 573 721 728 781 784","79:70 79:71 79:72 79:73 79:74 79:75 79:76 79:77 79:78 79:79 103:101 231:234 248:239 270:277 301:303 313:303 313:304 313:305 313:313 316:313 391:385 431:430 431:432 440:432 494:493 494:494 568:574 569:574 573:574 719:723 733:723 782:780 782:787"
"حوالدار ستونت سنگھ","رنگیلی (یعقوب کی گھوڑی)",2,"779","778:780 779:780"
"حوالدار ستونت سنگھ","زور آور (گھوڑا)",2,"782","778:786 779:786"
"حوالدار ستونت سنگھ","سائیں جلا",4,"759 780","762:756 762:757 778:782 779:782"
"حوالدار ستونت سنگھ","سردار فلمبند خان",5,"761 766 774 776","762:760 762:771 778:771 778:774 778:775"
"حوالدار ستونت سنگھ","سکینہ (اعجاز کی بیوی)",5,"757 758 780","762:753 762:754 762:755 778:782 779:782"
"حوالدار ستونت سنگھ","شعیب",2,"760","762:758 762:759"
"حوالدار ستونت سنگھ","عباس (چاچا احمد کا بیٹا)",4,"758 780","762:754 762:755 778:782 779:782"
"حوالدار ستونت سنگھ","قائد (پارٹی بانی لیڈر)",2,"760 776","762:758 778:774"
"حوالدار ستونت سنگھ","لیفٹیننٹ کرنل اسلام الدین",7,"766 774 775 776 778","762:771 778:771 778:773 778:774 778:775 778:778 779:778"
"حوالدار ستونت سنگھ","ماسی (سرفراز کی پرورش کرنے والی)",1,"758","762:754"
"حوالدار ستونت سنگھ","ماسی مریم",1,"758","762:754"
"حوالدار ستونت سنگھ","میجر ست پال ٹھاکر (کیمپ افسرِ دشمن)",2,"778 779","778:779 779:779"
"حوالدار ستونت سنگھ","میجر/کیپٹن سرفراز اعوان",21,"757 758 759 760 761 762 773 774 775 776 777 778 779","762:752 762:753 762:754 762:755 762:756 762:758 762:759 762:760 762:761 762:762 778:768 778:771 778:772 778:773 778:774 778:775 778:776 778:777 778:778 779:778 779:779"
"حوالدار ستونت سنگھ","نامعلوم مزدور عورت (ملک حمید/لطیف کا تعلق)",2,"781","778:784 779:784"
"حوالدار ستونت سنگھ","نسرین",2,"781","778:784 779:784"
"حوالدار ستونت سنگھ","نسیمہ (شعیب کی بہن)",5,"757 758 759 781 782","762:753 762:754 762:756 778:785 779:785"
"حوالدار ستونت سنگھ","وسیم بھائی (بدیع الزمان کا سالا/قرض خواہ)",2,"779 780","778:781 779:781"
"حوالدار ستونت سنگھ","پیر حمید الدین بلال شاہ (مرشد بلال پور شریف)",1,"759","762:757"
"حوالدار ستونت سنگھ","چاچا احمد خان راٹھور",5,"758 759 780","762:754 762:755 762:757 778:782 779:782"
"حوالدار ستونت سنگھ","چوہدری اظہر (ایس ایچ او نور پور)",1,"760","762:758"
"حوالدار ستونت سنگھ","ڈاکٹر (کریم بخش کا بیٹا)",1,"764","762:767"
"حوالدار ستونت سنگھ","کریم راٹھور",2,"780","778:782 779:782"
"حوالدار ستونت سنگھ","کیپٹن اسرار",1,"775","778:773"
"حوالدار ستونت سنگھ","کیڈٹ نواز کھوکھر",5,"765 773 774 778","762:769 778:769 778:770 778:778 779:778"
"حوالدار ستونت سنگھ","یعقوب اعوان",2,"779","778:780 779:780"
"خدابخش ارائیں","رحمت چوہان",1,"259","262:257"
"خدابخش ارائیں","سلیم",1,"266","262:270"
"خدابخش ارائیں","سکینہ (اعجاز کی بیوی)",1,"263","262:264"
"خدابخش ارائیں","شوکت",1,"266","262:270"
"خدابخش ارائیں","طارق (ورکس منیجر)",1,"267","262:272"
"خدابخش ارائیں","عباس (چاچا احمد کا بیٹا)",1,"258","262:255"
"خدابخش ارائیں","غلام حسین",2,"257 266","262:252 262:270"
"خدابخش ارائیں","قائد (پارٹی بانی لیڈر)",1,"263","262:264"
"خدابخش ارائیں","ماسی (سرفراز کی پرورش کرنے والی)",2,"259 260","262:257 262:258"
"خدابخش ارائیں","ماسی مریم",2,"259 260","262:257 262:258"
"خدابخش ارائیں","ملک جہانگیر اعوان (ایم ایل اے)",2,"258 263","262:255 262:264"
"خدابخش ارائیں","ملک حمید",1,"264","262:266"
"خدابخش ارائیں","منشی کریم شاہ",2,"258 263","262:255 262:264"
"خدابخش ارائیں","میجر/کیپٹن سرفراز اعوان",2,"257 263","262:252 262:264"
"خدابخش ارائیں","چاچا احمد خان راٹھور",2,"257 262","262:252 262:262"
"خدابخش ارائیں","چوہدری اللہ داد خان",1,"259","262:257"
"خدابخش ارائیں","کریم راٹھور",1,"263","262:264"
"خدابخش ارائیں","کو چوہا (چوکیدار/کھیت میں سونے والا)",1,"260","262:258"
"خدابخش ارائیں","گل افروز خان",2,"261 262","262:261 262:262"
"خواجہ معراج الدین","ذوالقرنین نقوی",8,"638 639 641 642 660 661","635:641 638:641 642:641 642:642 643:642 664:657 664:658 664:659"
"خواجہ معراج الدین","رحمت چوہان",3,"530 534 535","529:531 537:531 537:533"
"خواجہ معراج الدین","ریاض (سرفراز کا ڈرائیور)",1,"620","623:618"
"خواجہ معراج الدین","زیدی صاحب (چیف ایڈیٹر طلوع)",1,"685","682:688"
"خواجہ معراج الدین","سراج گجر",4,"666 669 729","664:669 669:669 670:669 726:733"
"خواجہ معراج الدین","سردار فلمبند خان",1,"620","623:618"
"خواجہ معراج الدین","سلطان (پی۔او۔ڈبلیو ساتھی/دوست)",2,"559 560","558:561 559:561"
"خواجہ معراج الدین","سلیم",30,"622 632 635 636 638 640 645 646 663 664 666 667 669 670 673 675 677 680 681 682 709 715 722 723 728","623:621 623:622 629:635 635:635 638:635 638:638 642:638 642:639 642:649 643:649 664:662 664:663 664:664 669:664 669:665 669:669 670:669 670:670 677:670 677:674 677:678 682:678 682:679 682:681 682:682 712:706 712:719 726:719 726:720 726:731"
"خواجہ معراج الدین","سکینہ (اعجاز کی بیوی)",26,"538 557 558 562 621 627 630 633 681 683 707 708 711 713 721 722 724 725 729","537:540 558:556 558:557 558:558 559:558 559:566 623:619 623:631 629:631 635:631 677:685 682:685 712:702 712:704 712:705 712:711 712:715 726:716 726:717 726:718 726:719 726:722 726:723 726:724 726:725 726:732"
"خواجہ معراج الدین","شعیب",2,"559 560","558:561 559:561"
"خواجہ معراج الدین","شمس (بدیع الزمان کا اسسٹنٹ)",11,"528 532 536 537 554 557 558 708 709","529:528 529:535 537:535 537:537 558:551 558:556 558:558 559:558 712:705 712:706 712:707"
"خواجہ معراج الدین","شیشے والا سالا (بدیع الزمان کا دوسرا قرض خواہ)",1,"539","537:541"
"خواجہ معراج الدین","طارق (ورکس منیجر)",5,"525 526 527 528","529:522 529:523 529:524 529:525 529:527"
"خواجہ معراج الدین","عامر محمود (چیف کیمسٹ)",15,"525 534 538 637 639 641 648 659 660 669 671 672 675","529:521 529:539 537:539 635:640 638:640 642:640 643:653 664:654 664:655 664:656 664:657 664:674 669:674 670:674 677:674"
"خواجہ معراج الدین","عباس (چاچا احمد کا بیٹا)",8,"562 620 717 724 725","558:566 559:566 623:617 623:618 712:722 726:722 726:723 726:724"
"خواجہ معراج الدین","فرخ غوری",2,"711 728","712:710 726:731"
"خواجہ معراج الدین","قائد (پارٹی بانی لیڈر)",51,"524 525 526 527 528 532 536 538 554 558 559 620 623 626 627 628 629 632 635 636 638 640 642 643 659 661 664 666 669 670 674 676 677 679 680 681 682 707 709 726","529:520 529:521 529:522 529:523 529:524 529:525 529:526 529:527 529:528 529:535 537:535 537:536 537:539 558:551 558:558 559:558 559:559 623:617 623:623 629:623 629:626 629:627 629:628 629:629 635:629 635:635 638:635 638:638 642:638 642:642 643:642 643:643 664:654 664:658 664:659 664:664 669:664 669:669 670:669 670:671 677:671 677:675 677:677 682:677 682:678 682:679 682:681 682:682 712:702 712:706 726:726"
"خواجہ معراج الدین","لیفٹیننٹ کرنل اسلام الدین",2,"620 729","623:618 726:733"
"خواجہ معراج الدین","ماسی (سرفراز کی پرورش کرنے والی)",7,"562 627 630 633 634","558:566 559:566 623:631 629:631 635:631 635:633 635:634"
"خواجہ معراج الدین","ماسی مریم",7,"562 627 630 633 634","558:566 559:566 623:631 629:631 635:631 635:633 635:634"
"خواجہ معراج الدین","محمد یاسین (طلوع کا رپورٹر/ساتھی)",1,"709","712:706"
"خواجہ معراج الدین","معین الدین شاہ",7,"525 623 626 627 628","529:521 623:624 629:624 629:625 629:626 629:627 629:628"
"خواجہ معراج الدین","ملک جہانگیر اعوان (ایم ایل اے)",14,"524 561 621 628 631 634 640 641 643 644 672 676","529:520 558:564 559:564 623:619 623:633 629:633 635:633 635:645 638:645 642:645 643:645 669:675 670:675 677:675"
"خواجہ معراج الدین","منظور (اعجاز کا ورکر)",1,"685","682:689"
"خواجہ معراج الدین","میاں انتظار حسین (ایڈووکیٹ ہائی کورٹ)",37,"556 557 558 559 622 623 626 627 628 630 633 635 636 638 640 641 642 644 659 660 662 663 664 666 667 668 671 675 677 680 683 728","558:554 558:556 558:559 559:559 623:621 623:622 623:624 629:624 629:625 629:628 629:632 635:632 635:635 638:635 638:639 642:639 642:641 642:642 643:642 643:645 664:654 664:657 664:660 664:661 664:663 664:664 669:664 669:666 669:667 669:668 669:673 670:673 677:673 677:678 682:678 682:685 726:731"
"خواجہ معراج الدین","میجر قدیر (ازمیر مل کا ایڈمن افسر)",5,"525 526 534 538","529:521 529:522 529:524 529:539 537:539"
"خواجہ معراج الدین","میجر/کیپٹن سرفراز اعوان",21,"540 553 554 555 559 618 619 620 686 716 723 724 725 729","537:543 558:548 558:549 558:550 558:552 558:560 559:560 623:613 623:614 623:615 623:616 623:617 623:618 682:691 712:721 726:721 726:722 726:723 726:724 726:725 726:732"
"خواجہ معراج الدین","نامعلوم مزدور عورت (ملک حمید/لطیف کا تعلق)",7,"538 558 559 679 682 724","537:540 558:558 559:558 559:560 677:682 682:682 726:723"
"خواجہ معراج الدین","نانبائی (او جھری والا)",4,"673 674 677 680","669:678 670:678 677:678 682:678"
"خواجہ معراج الدین","نسرین",5,"618 619 620","623:613 623:614 623:615 623:616 623:617"
"خواجہ معراج الدین","نسیمہ (شعیب کی بہن)",11,"540 553 554 555 559 716 723 724 725","537:543 558:548 558:549 558:550 558:552 558:560 559:560 712:721 726:721 726:722 726:724"
"خواجہ معراج الدین","نیلی (بھینس)",2,"707 708","712:703 712:704"
"خواجہ معراج الدین","وسیم بھائی (بدیع الزمان کا سالا/قرض خواہ)",7,"529 533 624 627 628 686 711","529:530 537:530 623:626 629:626 629:627 682:690 712:711"
"خواجہ معراج الدین","چاچا احمد خان راٹھور",11,"558 559 621 628 631 634 709 724 725 730","558:559 559:559 623:619 623:633 629:633 635:633 635:634 712:706 726:723 726:724 726:734"
"خواجہ معراج الدین","چوہدری اظہر (ایس ایچ او نور پور)",2,"562 563","558:567 559:567"
"خواجہ معراج الدین","ڈاکٹر (کریم بخش کا بیٹا)",20,"524 527 528 530 534 535 556 623 626 630 633 636 637 641 643 679 681 682","529:520 529:526 529:527 529:531 537:531 537:533 537:534 558:555 623:623 629:623 629:632 635:632 635:637 638:637 638:644 642:644 643:644 677:681 682:681 682:682"
"خواجہ معراج الدین","ڈاکٹر احسان الحق (پُل کھنگر)",8,"524 530 534 535 640 641 643 644","529:520 529:531 537:531 537:534 635:645 638:645 642:645 643:645"
"خواجہ معراج الدین","ڈاکٹر خدابخش کھوکھر (چیف کیمسٹ)",11,"525 534 538 659 660 669 671 672 675","529:521 529:539 537:539 664:654 664:655 664:656 664:657 664:674 669:674 670:674 677:674"
"خواجہ معراج الدین","کامران خان (جواں سال کیمسٹ)",8,"645 646 662 667 670 674 675","642:649 643:649 664:660 664:671 669:671 670:671 677:671 677:674"
"خواجہ معراج الدین","کریم راٹھور",18,"526 527 528 534 538 623 626 666 668 671 672 675 677 680 715 722","529:523 529:524 529:525 529:527 529:528 529:539 537:539 623:624 629:624 664:668 669:668 669:674 670:674 677:674 677:678 682:678 712:719 726:719"
"خواجہ معراج الدین","کنیز",2,"538 685","537:540 682:689"
"خواجہ معراج الدین","کیپٹن اسرار",3,"559 726","558:560 559:560 726:726"
"خواجہ معراج الدین","کیپٹن جمال",2,"619 620","623:616 623:617"
"خواجہ معراج الدین","یعقوب اعوان",1,"724","726:723"
"خوشی محمد تیلی","داؤد (خوشی محمد کا بھائی)",1,"279","279:279"
"خوشی محمد تیلی","رحمت چوہان",1,"278","279:278"
"خوشی محمد تیلی","سلیم",1,"274","279:270"
"خوشی محمد تیلی","سکینہ (اعجاز کی بیوی)",5,"277 278 283","279:275 279:276 279:277 279:278 279:287"
"خوشی محمد تیلی","سینئر انڈر آفیسر صبغت اللہ",1,"280","279:281"
"خوشی محمد تیلی","شعیب",1,"282","279:286"
"خوشی محمد تیلی","شوکت",3,"274 275 283","279:270 279:272 279:287"
"خوشی محمد تیلی","طارق (ورکس منیجر)",2,"275 279","279:272 279:280"
"خوشی محمد تیلی","عباس (چاچا احمد کا بیٹا)",1,"283","279:288"
"خوشی محمد تیلی","غلام حسین",1,"274","279:270"
"خوشی محمد تیلی","قائد (پارٹی بانی لیڈر)",2,"275 282","279:272 279:286"
"خوشی محمد تیلی","ملک جہانگیر اعوان (ایم ایل اے)",3,"277 284","279:275 279:276 279:289"
"خوشی محمد تیلی","ملک حمید",1,"277","279:275"
"خوشی محمد تیلی","ملک رشید (ملک حمید کا بھائی)",2,"277","279:275 279:276"
"خوشی محمد تیلی","میجر/کیپٹن سرفراز اعوان",4,"276 278 279","279:273 279:274 279:277 279:279"
"خوشی محمد تیلی","نسیمہ (شعیب کی بہن)",1,"282","279:286"
"خوشی محمد تیلی","وسیم بھائی (بدیع الزمان کا سالا/قرض خواہ)",1,"279","279:279"
"خوشی محمد تیلی","چاچا احمد خان راٹھور",5,"277 278 279","279:275 279:276 279:277 279:278 279:279"
"خوشی محمد تیلی","کیپٹن اسد اللہ",1,"281","279:284"
"خوشی محمد تیلی","کیپٹن جمال",1,"280","279:282"
"خوشی محمد تیلی","کیڈٹ حبیب اللہ",1,"282","279:285"
"خوشی محمد تیلی","گل افروز خان",1,"279","279:279"
"خوشی محمد تیلی","یعقوب اعوان",1,"278","279:277"
"داؤد (خوشی محمد کا بھائی)","رحمت چوہان",1,"278","279:278"
"داؤد (خوشی محمد کا بھائی)","سلیم",1,"274","279:270"
"داؤد (خوشی محمد کا بھائی)","سکینہ (اعجاز کی بیوی)",5,"277 278 283","279:275 279:276 279:277 279:278 279:287"
"داؤد (خوشی محمد کا بھائی)","سینئر انڈر آفیسر صبغت اللہ",1,"280","279:281"
"داؤد (خوشی محمد کا بھائی)","شعیب",1,"282","279:286"
"داؤد (خوشی محمد کا بھائی)","شوکت",3,"274 275 283","279:270 279:272 279:287"
"داؤد (خوشی محمد کا بھائی)","طارق (ورکس منیجر)",2,"275 279","279:272 279:280"
"داؤد (خوشی محمد کا بھائی)","عباس (چاچا احمد کا بیٹا)",1,"283","279:288"
"داؤد (خوشی محمد کا بھائی)","غلام حسین",1,"274","279:270"
"داؤد (خوشی محمد کا بھائی)","قائد (پارٹی بانی لیڈر)",2,"275 282","279:272 279:286"
"داؤد (خوشی محمد کا بھائی)","ملک جہانگیر اعوان (ایم ایل اے)",3,"277 284","279:275 279:276 279:289"
"داؤد (خوشی محمد کا بھائی)","ملک حمید",1,"277","279:275"
"داؤد (خوشی محمد کا بھائی)","ملک رشید (ملک حمید کا بھائی)",2,"277","279:275 279:276"
"داؤد (خوشی محمد کا بھائی)","میجر/کیپٹن سرفراز اعوان",4,"276 278 279","279:273 279:274 279:277 279:279"
"داؤد (خوشی محمد کا بھائی)","نسیمہ (شعیب کی بہن)",1,"282","279:286"
"داؤد (خوشی محمد کا بھائی)","وسیم بھائی (بدیع الزمان کا سالا/قرض خواہ)",1,"279","279:279"
"داؤد (خوشی محمد کا بھائی)","چاچا احمد خان راٹھور",5,"277 278 279","279:275 279:276 279:277 279:278 279:279"
"داؤد (خوشی محمد کا بھائی)","کیپٹن اسد اللہ",1,"281","279:284"
"داؤد (خوشی محمد کا بھائی)","کیپٹن جمال",1,"280","279:282"
"داؤد (خوشی محمد کا بھائی)","کیڈٹ حبیب اللہ",1,"282","279:285"
"داؤد (خوشی محمد کا بھائی)","گل افروز خان",1,"279","279:279"
"داؤد (خوشی محمد کا بھائی)","یعقوب اعوان",1,"278","279:277"
"دتا کمہار","دتو میراثی",1,"602","598:606"
"دتا کمہار","رحمت چوہان",1,"506","505:507"
"دتا کمہار","رنگیلی (یعقوب کی گھوڑی)",1,"502","505:500"
"دتا کمہار","سراج گجر",1,"507","505:510"
"دتا کمہار","سلطان (پی۔او۔ڈبلیو ساتھی/دوست)",2,"502 508","505:500 505:511"
"دتا کمہار","سکینہ (اعجاز کی بیوی)",2,"504 597","505:504 598:597"
"دتا کمہار","شعیب",1,"598","598:598"
"دتا کمہار","عباس (چاچا احمد کا بیٹا)",1,"599","598:601"
"دتا کمہار","عمران (ہوسٹل ساتھی)",1,"507","505:510"
"دتا کمہار","قائد (پارٹی بانی لیڈر)",8,"500 501 502 506 594 595 597 603","505:496 505:497 505:499 505:507 598:590 598:593 598:597 598:608"
"دتا کمہار","قمر الاسلام",1,"501","505:498"
"دتا کمہار","لیفٹیننٹ کرنل اسلام الدین",3,"593 594 599","598:589 598:590 598:600"
"دتا کمہار","مرزا عبد الرشید",1,"500","505:495"
"دتا کمہار","ملک جہانگیر اعوان (ایم ایل اے)",9,"501 502 506 594 595 596 597 603","505:497 505:499 505:507 598:591 598:593 598:595 598:596 598:597 598:608"
"دتا کمہار","ملک حمید",1,"598","598:599"
"دتا کمہار","ملک لطیف",1,"598","598:599"
"دتا کمہار","منظور (اعجاز کا ورکر)",1,"504","505:504"
"دتا کمہار","منیر میکنک",1,"593","598:588"
"دتا کمہار","میاں انتظار حسین (ایڈووکیٹ ہائی کورٹ)",1,"594","598:591"
"دتا کمہار","میجر/کیپٹن سرفراز اعوان",11,"506 593 594 595 596 597 598","505:508 598:589 598:590 598:591 598:592 598:593 598:594 598:595 598:596 598:597 598:598"
"دتا کمہار","نامعلوم مزدور عورت (ملک حمید/لطیف کا تعلق)",2,"506 598","505:507 598:598"
"دتا کمہار","نسرین",5,"593 594 595 597 598","598:589 598:590 598:592 598:597 598:598"
"دتا کمہار","نسیمہ (شعیب کی بہن)",3,"593 594 598","598:589 598:590 598:598"
"دتا کمہار","وسیم بھائی (بدیع الزمان کا سالا/قرض خواہ)",1,"602","598:606"
"دتا کمہار","چاچا احمد خان راٹھور",3,"508 593 599","505:512 598:588 598:601"
"دتا کمہار","چوہدری اظہر (ایس ایچ او نور پور)",1,"598","598:599"
"دتا کمہار","ڈاکٹر (کریم بخش کا بیٹا)",3,"503 506","505:501 505:502 505:507"
"دتا کمہار","ڈاکٹر احسان الحق (پُل کھنگر)",1,"507","505:510"
"دتا کمہار","کریم راٹھور",1,"508","505:512"
"دتا کمہار","کیپٹن جمال",4,"593 595 597 598","598:589 598:592 598:597 598:598"
"دتا کمہار","ہکیم حاذق",1,"505","505:505"
"دتو میراثی","رحمت چوہان",7,"102 105 111 116 117 118","102:102 108:102 108:115 117:115 117:117 118:117 118:118"
"دتو میراثی","سائیں جلا",3,"113 117 118","108:118 117:118 118:118"
"دتو میراثی","ساجا",3,"113 117 118","108:118 117:118 118:118"
"دتو میراثی","سلطان (پی۔او۔ڈبلیو ساتھی/دوست)",1,"609","606:612"
"دتو میراثی","سلیم",2,"98","102:94 102:95"
"دتو میراثی","سکینہ (اعجاز کی بیوی)",16,"24 25 32 102 105 106 107 111 115 117 118 146 152 601","28:20 28:23 28:36 102:102 108:102 108:103 108:105 108:106 108:114 117:114 117:118 118:118 149:143 149:144 149:156 606:597"
"دتو میراثی","سیف اللہ (چکی والا)",3,"111 116","108:115 117:115 117:116"
"دتو میراثی","شبیرا",3,"113 117 118","108:118 117:118 118:118"
"دتو میراثی","شعیب",1,"602","606:598"
"دتو میراثی","شوکت",1,"146","149:143"
"دتو میراثی","عباس (چاچا احمد کا بیٹا)",14,"24 25 33 101 112 117 118 603 604 605 606","28:21 28:22 28:38 102:101 108:117 117:117 118:117 118:119 606:601 606:602 606:603 606:604 606:605 606:607"
"دتو میراثی","قائد (پارٹی بانی لیڈر)",12,"31 98 102 105 108 113 115 119 120 147 601 607","28:34 102:94 102:103 108:103 108:109 117:109 117:113 117:122 118:122 149:145 606:597 606:608"
"دتو میراثی","لیفٹیننٹ کرنل اسلام الدین",3,"144 603 608","149:139 606:600 606:611"
"دتو میراثی","ماسی (سرفراز کی پرورش کرنے والی)",10,"25 26 33 102 105 113 117 118 152","28:22 28:23 28:24 28:38 102:102 108:102 108:118 117:118 118:118 149:156"
"دتو میراثی","ماسی مریم",10,"25 26 33 102 105 113 117 118 152","28:22 28:23 28:24 28:38 102:102 108:102 108:118 117:118 118:118 149:156"
"دتو میراثی","محمد نواز چیمہ",2,"97 98","102:93 102:94"
"دتو میراثی","ملک جہانگیر اعوان (ایم ایل اے)",18,"98 105 108 113 120 121 145 146 147 148 149 601 607","102:95 102:109 108:109 117:109 117:124 118:124 149:141 149:142 149:143 149:144 149:145 149:146 149:147 149:148 149:149 606:596 606:597 606:608"
"دتو میراثی","ملک حمید",3,"148 602","149:147 149:148 606:599"
"دتو میراثی","ملک رشید (ملک حمید کا بھائی)",2,"144 150","149:139 149:151"
"دتو میراثی","ملک لطیف",1,"602","606:599"
"دتو میراثی","منشی کریم شاہ",1,"146","149:143"
"دتو میراثی","مولوی فقیر الدین",7,"102 105 112 117 118","102:102 108:102 108:103 108:117 117:117 118:117 118:118"
"دتو میراثی","میجر/کیپٹن سرفراز اعوان",30,"23 24 25 26 30 97 99 100 101 102 105 110 115 116 117 118 152 601 602 603 604 608","28:18 28:19 28:21 28:22 28:23 28:24 28:33 102:92 102:93 102:96 102:99 102:100 102:101 102:102 108:102 108:103 108:113 117:113 117:116 117:117 118:117 118:119 149:156 606:596 606:597 606:598 606:600 606:601 606:602 606:611"
"دتو میراثی","نامعلوم مزدور عورت (ملک حمید/لطیف کا تعلق)",19,"23 31 97 101 102 105 107 108 113 114 115 116 118 119 148 151 602","28:18 28:19 28:34 102:92 102:100 102:102 108:102 108:106 108:109 117:109 117:110 117:111 117:113 117:115 117:120 118:120 149:148 149:154 606:598"
"دتو میراثی","نسرین",11,"23 28 111 116 601 602 603 606","28:18 28:19 28:28 108:115 117:115 117:116 606:597 606:598 606:600 606:601 606:607"
"دتو میراثی","نسیمہ (شعیب کی بہن)",1,"602","606:598"
"دتو میراثی","وسیم بھائی (بدیع الزمان کا سالا/قرض خواہ)",6,"27 28 105 108 113 606","28:26 28:28 102:109 108:109 117:109 606:606"
"دتو میراثی","پیر حمید الدین بلال شاہ (مرشد بلال پور شریف)",1,"31","28:34"
"دتو میراثی","چاچا احمد خان راٹھور",25,"25 32 102 105 106 107 111 116 117 118 146 147 148 149 603 604 605 606","28:23 28:36 102:102 108:102 108:103 108:105 108:106 108:107 108:115 117:115 117:116 117:117 118:117 118:118 149:143 149:146 149:147 149:148 149:149 606:601 606:602 606:603 606:604 606:605 606:607"
"دتو میراثی","چوہدری اظہر (ایس ایچ او نور پور)",7,"107 110 114 144 150 602 606","102:112 108:112 117:112 149:139 149:151 606:599 606:606"
"دتو میراثی","ڈاکٹر (کریم بخش کا بیٹا)",5,"24 105 108 113 114","28:20 102:109 108:109 117:109 117:112"
"دتو میراثی","کلونت کور",2,"27 28","28:27 28:28"
"دتو میراثی","کنیز",12,"102 105 108 113 114 118 119 144 148 150","102:103 108:103 108:109 117:109 117:110 117:112 117:120 118:120 149:139 149:140 149:148 149:151"
"دتو میراثی","کیپٹن اسرار",1,"31","28:34"
"دتو میراثی","کیپٹن جمال",5,"23 601 602 611","28:18 28:19 606:597 606:598 606:616"
"دتو میراثی","یعقوب اعوان",6,"26 27 28 101 146","28:24 28:26 28:27 28:28 102:101 149:143"
"ذوالقرنین نقوی","زور آور (گھوڑا)",1,"207","204:210"
"ذوالقرنین نقوی","سراج گجر",1,"664","659:669"
"ذوالقرنین نقوی","سلیم",12,"203 204 638 639 640 645 653 659 660","204:202 204:203 204:204 641:635 641:638 641:639 641:649 642:649 657:649 657:662 658:662 659:662"
"ذوالقرنین نقوی","سکینہ (اعجاز کی بیوی)",4,"199 202 207 636","204:194 204:200 204:211 641:631"
"ذوالقرنین نقوی","عامر محمود (چیف کیمسٹ)",7,"640 655 656 657","641:640 657:653 657:654 657:655 657:656 657:657 658:657"
"ذوالقرنین نقوی","عمران (ہوسٹل ساتھی)",1,"204","204:205"
"ذوالقرنین نقوی","غلام حسین",3,"203 204","204:202 204:203 204:205"
"ذوالقرنین نقوی","قائد (پارٹی بانی لیڈر)",17,"199 200 208 638 639 641 642 652 653 654 655 657 658 659","204:194 204:195 204:196 204:212 641:635 641:638 641:642 642:642 657:648 657:649 657:650 657:652 657:654 657:658 658:658 659:658 659:659"
"ذوالقرنین نقوی","ماسی (سرفراز کی پرورش کرنے والی)",3,"636 637","641:631 641:633 641:634"
"ذوالقرنین نقوی","ماسی مریم",3,"636 637","641:631 641:633 641:634"
"ذوالقرنین نقوی","ملک جہانگیر اعوان (ایم ایل اے)",4,"201 637 643","204:199 641:633 641:645 642:645"
"ذوالقرنین نقوی","ملک حمید",1,"199","204:194"
"ذوالقرنین نقوی","منظور (اعجاز کا ورکر)",1,"199","204:195"
"ذوالقرنین نقوی","میاں انتظار حسین (ایڈووکیٹ ہائی کورٹ)",17,"636 638 640 641 642 652 653 654 655 657 659","641:632 641:635 641:639 641:641 642:641 642:642 657:647 657:648 657:649 657:651 657:652 657:653 657:654 657:657 658:657 658:660 659:660"
"ذوالقرنین نقوی","میجر/کیپٹن سرفراز اعوان",2,"203 204","204:202 204:204"
"ذوالقرنین نقوی","نامعلوم مزدور عورت (ملک حمید/لطیف کا تعلق)",1,"207","204:211"
"ذوالقرنین نقوی","نانبائی (او جھری والا)",1,"204","204:205"
"ذوالقرنین نقوی","چاچا احمد خان راٹھور",12,"199 200 201 202 203 204 637","204:194 204:195 204:196 204:197 204:198 204:199 204:200 204:202 204:203 204:204 641:633 641:634"
"ذوالقرنین نقوی","ڈاکٹر (کریم بخش کا بیٹا)",8,"636 639 642 643 652 653 654","641:632 641:637 641:644 642:644 657:647 657:648 657:649 657:652"
"ذوالقرنین نقوی","ڈاکٹر احسان الحق (پُل کھنگر)",5,"643 652 653","641:645 642:645 657:647 657:648 657:649"
"ذوالقرنین نقوی","ڈاکٹر خدابخش کھوکھر (چیف کیمسٹ)",5,"655 656 657","657:654 657:655 657:656 657:657 658:657"
"ذوالقرنین نقوی","کامران خان (جواں سال کیمسٹ)",7,"645 653 654 658 659","641:649 642:649 657:649 657:652 657:660 658:660 659:660"
"ذوالقرنین نقوی","کریم راٹھور",2,"663","658:668 659:668"
"ذوالقرنین نقوی","کنیز",4,"199 201 202","204:194 204:195 204:199 204:200"
"رابعہ","رضیہ",1,"358","358:358"
"رابعہ","ریاض (سرفراز کا ڈرائیور)",1,"132","133:131"
"رابعہ","سراج گجر",1,"359","358:361"
"رابعہ","سرداراں دائی",1,"359","358:361"
"رابعہ","سکینہ (اعجاز کی بیوی)",8,"132 133 353 354 355 357 358","133:131 133:133 358:349 358:350 358:351 358:352 358:357 358:358"
"رابعہ","شعیب",4,"354 357 358","358:351 358:356 358:357 358:358"
"رابعہ","شوکت",1,"138","133:143"
"رابعہ","عباس (چاچا احمد کا بیٹا)",1,"357","358:357"
"رابعہ","قائد (پارٹی بانی لیڈر)",9,"128 129 131 132 135 353 355 359","133:123 133:124 133:126 133:130 133:132 133:138 358:349 358:353 358:361"
"رابعہ","لیفٹیننٹ کرنل اسلام الدین",2,"131 134","133:130 133:136"
"رابعہ","ماسی (سرفراز کی پرورش کرنے والی)",2,"132 133","133:131 133:133"
"رابعہ","ماسی مریم",2,"132 133","133:131 133:133"
"رابعہ","ملک جہانگیر اعوان (ایم ایل اے)",5,"128 129 137 353 359","133:124 133:126 133:141 358:349 358:361"
"رابعہ","ملک رشید (ملک حمید کا بھائی)",1,"134","133:135"
"رابعہ","منشی کریم شاہ",1,"138","133:143"
"رابعہ","منظور (اعجاز کا ورکر)",3,"353 361","358:348 358:349 358:365"
"رابعہ","میجر/کیپٹن سرفراز اعوان",8,"132 354 355 356 357 358","133:131 358:351 358:353 358:354 358:355 358:356 358:357 358:358"
"رابعہ","نامعلوم مزدور عورت (ملک حمید/لطیف کا تعلق)",6,"129 130 131 133 354 356","133:126 133:128 133:130 133:134 358:350 358:354"
"رابعہ","نسرین",2,"357","358:356 358:357"
"رابعہ","نسیمہ (شعیب کی بہن)",7,"354 355 356 357 358","358:351 358:353 358:354 358:355 358:356 358:357 358:358"
"رابعہ","نصیر شیخ (پارٹی امیدوار)",1,"362","358:367"
"رابعہ","وسیم بھائی (بدیع الزمان کا سالا/قرض خواہ)",2,"134 357","133:136 358:356"
"رابعہ","پھاتو مراثن (ڈھولکی)",1,"358","358:358"
"رابعہ","چاچا احمد خان راٹھور",7,"128 130 132 133 357 358","133:123 133:128 133:131 133:133 358:356 358:357 358:358"
"رابعہ","چوہدری ارشد (یونین رہنما)",1,"361","358:365"
"رابعہ","چوہدری اظہر (ایس ایچ او نور پور)",2,"134 354","133:136 358:350"
"رابعہ","چوہدری شدا",1,"362","358:366"
"رابعہ","ڈاکٹر (کریم بخش کا بیٹا)",1,"132","133:131"
"رابعہ","کنیز",3,"131 132 133","133:130 133:132 133:133"
"رابعہ","کیپٹن اسرار",1,"357","358:356"
"رابعہ","گل افروز خان",4,"354 355 359","358:350 358:351 358:353 358:360"
"رابعہ","یعقوب اعوان",1,"138","133:143"
"رحمت چوہان","رنگیلی (یعقوب کی گھوڑی)",1,"503","507:500"
"رحمت چوہان","سائیں جلا",13,"116 117 118 166 167 168 169 170 171","115:118 117:118 118:118 171:161 171:162 171:163 171:164 171:165 171:166 171:167 171:168 171:169 171:171"
"رحمت چوہان","ساجا",3,"116 117 118","115:118 117:118 118:118"
"رحمت چوہان","سراج گجر",1,"508","507:510"
"رحمت چوہان","سردار فلمبند خان",1,"169","171:167"
"رحمت چوہان","سلطان (پی۔او۔ڈبلیو ساتھی/دوست)",2,"503 509","507:500 507:511"
"رحمت چوہان","سلیم",6,"98 252 253 274","102:94 102:95 257:248 257:249 257:250 278:270"
"رحمت چوہان","سکینہ (اعجاز کی بیوی)",18,"102 110 114 116 117 118 167 171 260 276 277 278 505 535 536","102:102 115:105 115:106 115:114 115:118 117:118 118:118 171:163 171:164 171:171 257:264 278:275 278:276 278:277 278:278 507:504 531:540 533:540"
"رحمت چوہان","سیف اللہ (چکی والا)",3,"115 116","115:115 117:115 117:116"
"رحمت چوہان","سینئر انڈر آفیسر صبغت اللہ",1,"279","278:281"
"رحمت چوہان","شبیرا",3,"116 117 118","115:118 117:118 118:118"
"رحمت چوہان","شعیب",1,"282","278:286"
"رحمت چوہان","شمس (بدیع الزمان کا اسسٹنٹ)",3,"529 533 534","531:528 531:535 533:535"
"رحمت چوہان","شوکت",3,"274 275 282","278:270 278:272 278:287"
"رحمت چوہان","شیشے والا سالا (بدیع الزمان کا دوسرا قرض خواہ)",2,"536 537","531:541 533:541"
"رحمت چوہان","طارق (ورکس منیجر)",7,"275 279 526 527 528 529","278:272 278:280 531:522 531:523 531:524 531:525 531:527"
"رحمت چوہان","عامر محمود (چیف کیمسٹ)",3,"526 535 536","531:521 531:539 533:539"
"رحمت چوہان","عباس (چاچا احمد کا بیٹا)",14,"101 116 117 118 168 169 170 171 252 254 256 283","102:101 115:117 117:117 118:117 118:119 171:165 171:166 171:168 171:169 171:172 257:247 257:251 257:255 278:288"
"رحمت چوہان","عمران (ہوسٹل ساتھی)",1,"508","507:510"
"رحمت چوہان","غلام حسین",4,"252 253 254 274","257:248 257:249 257:252 278:270"
"رحمت چوہان","قائد (پارٹی بانی لیڈر)",26,"98 102 112 114 118 119 120 252 253 260 275 282 502 503 507 526 527 528 529 533 534","102:94 102:103 115:109 115:113 115:122 117:122 118:122 257:248 257:249 257:250 257:264 278:272 278:286 507:497 507:499 507:507 531:521 531:522 531:523 531:524 531:525 531:526 531:527 531:528 531:535 533:535"
"رحمت چوہان","قمر الاسلام",1,"502","507:498"
"رحمت چوہان","ماسی (سرفراز کی پرورش کرنے والی)",8,"102 116 117 118 167 168 172 257","102:102 115:118 117:118 118:118 171:164 171:165 171:173 257:257"
"رحمت چوہان","ماسی مریم",8,"102 116 117 118 167 168 171 257","102:102 115:118 117:118 118:118 171:164 171:165 171:171 257:257"
"رحمت چوہان","محمد نواز چیمہ",2,"97 98","102:93 102:94"
"رحمت چوہان","معین الدین شاہ",1,"526","531:521"
"رحمت چوہان","ملک جہانگیر اعوان (ایم ایل اے)",15,"98 105 112 119 120 121 167 176 256 260 276 277 502 503 507","102:95 102:109 115:109 115:124 117:124 118:124 171:163 171:181 257:255 257:264 278:275 278:276 507:497 507:499 507:507"
"رحمت چوہان","ملک حمید",2,"261 276","257:266 278:275"
"رحمت چوہان","ملک رشید (ملک حمید کا بھائی)",2,"276 277","278:275 278:276"
"رحمت چوہان","منشی کریم شاہ",2,"256 260","257:255 257:264"
"رحمت چوہان","منظور (اعجاز کا ورکر)",1,"505","507:504"
"رحمت چوہان","مولوی فقیر الدین",5,"102 116 117 118","102:102 115:117 117:117 118:117 118:118"
"رحمت چوہان","میجر قدیر (ازمیر مل کا ایڈمن افسر)",5,"526 527 535 536","531:521 531:522 531:524 531:539 533:539"
"رحمت چوہان","میجر/کیپٹن سرفراز اعوان",29,"97 99 100 101 102 114 115 116 117 118 168 169 170 171 252 253 254 260 275 276 277 278 507 538","102:92 102:93 102:96 102:99 102:100 102:101 102:102 115:113 115:116 117:116 117:117 118:117 118:119 171:165 171:166 171:168 171:169 171:171 257:247 257:249 257:250 257:252 257:264 278:273 278:274 278:277 278:279 507:508 533:543"
"رحمت چوہان","نامعلوم مزدور عورت (ملک حمید/لطیف کا تعلق)",15,"97 101 102 110 112 113 114 115 116 118 119 507 535 536","102:92 102:100 102:102 115:106 115:109 115:110 115:111 115:113 115:115 117:115 117:120 118:120 507:507 531:540 533:540"
"رحمت چوہان","نسرین",6,"115 116 170 174 253","115:115 117:115 117:116 171:169 171:178 257:250"
"رحمت چوہان","نسیمہ (شعیب کی بہن)",2,"282 538","278:286 533:543"
"رحمت چوہان","وسیم بھائی (بدیع الزمان کا سالا/قرض خواہ)",4,"105 112 278 530","102:109 115:109 278:279 531:530"
"رحمت چوہان","پروفیسر میر صاحب",2,"252 253","257:248 257:249"
"رحمت چوہان","پیر حمید الدین بلال شاہ (مرشد بلال پور شریف)",1,"166","171:162"
"رحمت چوہان","چاچا احمد خان راٹھور",30,"102 110 111 115 116 117 118 166 167 168 169 170 171 252 253 254 259 276 277 278 509","102:102 115:105 115:106 115:107 115:115 117:115 117:116 117:117 118:117 118:118 171:162 171:163 171:164 171:165 171:166 171:167 171:168 171:169 171:170 171:171 257:248 257:249 257:250 257:252 257:262 278:275 278:276 278:277 278:278 507:512"
"رحمت چوہان","چوہدری اظہر (ایس ایچ او نور پور)",2,"107 113","102:112 115:112"
"رحمت چوہان","چوہدری اللہ داد خان",1,"257","257:257"
"رحمت چوہان","ڈاکٹر (کریم بخش کا بیٹا)",11,"105 112 113 504 507 528 529 531 532 533","102:109 115:109 115:112 507:501 507:502 507:507 531:526 531:527 531:531 533:531 533:533"
"رحمت چوہان","ڈاکٹر احسان الحق (پُل کھنگر)",4,"508 531 532 533","507:510 531:531 533:531 533:534"
"رحمت چوہان","ڈاکٹر خدابخش کھوکھر (چیف کیمسٹ)",3,"526 535 536","531:521 531:539 533:539"
"رحمت چوہان","کریم راٹھور",9,"260 509 527 528 529 535 536","257:264 507:512 531:523 531:524 531:525 531:527 531:528 531:539 533:539"
"رحمت چوہان","کنیز",10,"102 112 113 117 118 119 167 535 536","102:103 115:109 115:110 115:112 115:120 117:120 118:120 171:163 531:540 533:540"
"رحمت چوہان","کو چوہا (چوکیدار/کھیت میں سونے والا)",1,"257","257:258"
"رحمت چوہان","کیپٹن اسد اللہ",1,"281","278:284"
"رحمت چوہان","کیپٹن جمال",1,"280","278:282"
"رحمت چوہان","کیڈٹ حبیب اللہ",1,"281","278:285"
"رحمت چوہان","گل افروز خان",2,"259 278","257:261 278:279"
"رحمت چوہان","ہکیم حاذق",3,"506 507","507:505 507:506 507:507"
"رحمت چوہان","یعقوب اعوان",3,"101 167 277","102:101 171:164 278:277"
"رضیہ","سراج گجر",1,"359","358:361"
"رضیہ","سرداراں دائی",1,"359","358:361"
"رضیہ","سکینہ (اعجاز کی بیوی)",6,"353 354 355 357 358","358:349 358:350 358:351 358:352 358:357 358:358"
"رضیہ","شعیب",4,"354 357 358","358:351 358:356 358:357 358:358"
"رضیہ","عباس (چاچا احمد کا بیٹا)",1,"357","358:357"
"رضیہ","قائد (پارٹی بانی لیڈر)",3,"353 355 359","358:349 358:353 358:361"
"رضیہ","ملک جہانگیر اعوان (ایم ایل اے)",2,"353 359","358:349 358:361"
"رضیہ","منظور (اعجاز کا ورکر)",3,"353 361","358:348 358:349 358:365"
"رضیہ","میجر/کیپٹن سرفراز اعوان",7,"354 355 356 357 358","358:351 358:353 358:354 358:355 358:356 358:357 358:358"
"رضیہ","نامعلوم مزدور عورت (ملک حمید/لطیف کا تعلق)",2,"354 356","358:350 358:354"
"رضیہ","نسرین",2,"357","358:356 358:357"
"رضیہ","نسیمہ (شعیب کی بہن)",7,"354 355 356 357 358","358:351 358:353 358:354 358:355 358:356 358:357 358:358"
"رضیہ","نصیر شیخ (پارٹی امیدوار)",1,"362","358:367"
"رضیہ","وسیم بھائی (بدیع الزمان کا سالا/قرض خواہ)",1,"357","358:356"
"رضیہ","پھاتو مراثن (ڈھولکی)",1,"358","358:358"
"رضیہ","چاچا احمد خان راٹھور",3,"357 358","358:356 358:357 358:358"
"رضیہ","چوہدری ارشد (یونین رہنما)",1,"361","358:365"
"رضیہ","چوہدری اظہر (ایس ایچ او نور پور)",1,"354","358:350"
"رضیہ","چوہدری شدا",1,"362","358:366"
"رضیہ","کیپٹن اسرار",1,"357","358:356"
"رضیہ","گل افروز خان",4,"354 355 359","358:350 358:351 358:353 358:360"
"رنگیلی (یعقوب کی گھوڑی)","زور آور (گھوڑا)",2,"46 783","45:48 780:786"
"رنگیلی (یعقوب کی گھوڑی)","زینب (یعقوب کی بیوی)",3,"45 65 66","45:45 66:64 66:67"
"رنگیلی (یعقوب کی گھوڑی)","سائیں جلا",1,"781","780:782"
"رنگیلی (یعقوب کی گھوڑی)","سراج گجر",1,"505","500:510"
"رنگیلی (یعقوب کی گھوڑی)","سردار فلمبند خان",3,"775 777","780:771 780:774 780:775"
"رنگیلی (یعقوب کی گھوڑی)","سلطان (پی۔او۔ڈبلیو ساتھی/دوست)",1,"500","500:500"
"رنگیلی (یعقوب کی گھوڑی)","سندر سنگھ",1,"47","45:49"
"رنگیلی (یعقوب کی گھوڑی)","سکینہ (اعجاز کی بیوی)",8,"40 41 66 495 496 497 502 781","45:36 45:38 66:66 500:491 500:493 500:494 500:504 780:782"
"رنگیلی (یعقوب کی گھوڑی)","شیر بہادر اعوان",3,"65 68","66:64 66:65 66:70"
"رنگیلی (یعقوب کی گھوڑی)","شیشے والا سالا (بدیع الزمان کا دوسرا قرض خواہ)",1,"69","66:72"
"رنگیلی (یعقوب کی گھوڑی)","صوبیدار جہاں خان",1,"61","66:57"
"رنگیلی (یعقوب کی گھوڑی)","عباس (چاچا احمد کا بیٹا)",2,"41 781","45:38 780:782"
"رنگیلی (یعقوب کی گھوڑی)","علی بہادر",2,"65 69","66:65 66:72"
"رنگیلی (یعقوب کی گھوڑی)","عمران (ہوسٹل ساتھی)",1,"505","500:510"
"رنگیلی (یعقوب کی گھوڑی)","فضلے",1,"48","45:52"
"رنگیلی (یعقوب کی گھوڑی)","فلک شیر اعوان",2,"65 68","66:65 66:70"
"رنگیلی (یعقوب کی گھوڑی)","قائد (پارٹی بانی لیڈر)",8,"40 62 69 498 499 503 777","45:35 66:58 66:72 500:496 500:497 500:499 500:507 780:774"
"رنگیلی (یعقوب کی گھوڑی)","قمر الاسلام",1,"499","500:498"
"رنگیلی (یعقوب کی گھوڑی)","لیفٹیننٹ کرنل اسلام الدین",5,"775 776 777 779","780:771 780:773 780:774 780:775 780:778"
"رنگیلی (یعقوب کی گھوڑی)","ماسی (سرفراز کی پرورش کرنے والی)",2,"41 68","45:38 66:71"
"رنگیلی (یعقوب کی گھوڑی)","ماسی مریم",2,"41 68","45:38 66:71"
"رنگیلی (یعقوب کی گھوڑی)","مرزا عبد الرشید",1,"497","500:495"
"رنگیلی (یعقوب کی گھوڑی)","ملک جہانگیر اعوان (ایم ایل اے)",4,"42 498 499 503","45:40 500:497 500:499 500:507"
"رنگیلی (یعقوب کی گھوڑی)","ملک عالم جہاں اعوان",2,"61 62","66:57 66:58"
"رنگیلی (یعقوب کی گھوڑی)","منظور (اعجاز کا ورکر)",4,"69 495 497 502","66:73 500:491 500:494 500:504"
"رنگیلی (یعقوب کی گھوڑی)","میجر ست پال ٹھاکر (کیمپ افسرِ دشمن)",1,"779","780:779"
"رنگیلی (یعقوب کی گھوڑی)","میجر صدیق",1,"496","500:492"
"رنگیلی (یعقوب کی گھوڑی)","میجر/کیپٹن سرفراز اعوان",20,"40 41 42 63 67 504 775 776 777 778 779 780","45:35 45:36 45:37 45:38 45:39 45:40 66:60 66:61 66:68 500:508 780:771 780:772 780:773 780:774 780:775 780:776 780:777 780:778 780:779 780:781"
"رنگیلی (یعقوب کی گھوڑی)","نامعلوم مزدور عورت (ملک حمید/لطیف کا تعلق)",5,"46 61 62 503 782","45:47 66:56 66:58 500:507 780:784"
"رنگیلی (یعقوب کی گھوڑی)","نسرین",3,"44 45 782","45:44 45:46 780:784"
"رنگیلی (یعقوب کی گھوڑی)","نسیمہ (شعیب کی بہن)",1,"782","780:785"
"رنگیلی (یعقوب کی گھوڑی)","نیلی (بھینس)",1,"46","45:48"
"رنگیلی (یعقوب کی گھوڑی)","وسیم بھائی (بدیع الزمان کا سالا/قرض خواہ)",6,"40 41 46 62 70 780","45:35 45:38 45:48 66:59 66:74 780:781"
"رنگیلی (یعقوب کی گھوڑی)","چاچا احمد خان راٹھور",8,"40 41 47 61 64 66 496 781","45:36 45:38 45:49 66:57 66:63 66:67 500:493 780:782"
"رنگیلی (یعقوب کی گھوڑی)","چنبیلی (گھوڑی)",2,"45 67","45:45 66:68"
"رنگیلی (یعقوب کی گھوڑی)","چوہدری اظہر (ایس ایچ او نور پور)",1,"61","66:57"
"رنگیلی (یعقوب کی گھوڑی)","ڈاکٹر (کریم بخش کا بیٹا)",4,"48 61 62 500","45:52 66:57 66:58 500:501"
"رنگیلی (یعقوب کی گھوڑی)","ڈاکٹر احسان الحق (پُل کھنگر)",1,"505","500:510"
"رنگیلی (یعقوب کی گھوڑی)","کریم راٹھور",1,"781","780:782"
"رنگیلی (یعقوب کی گھوڑی)","کلونت کور",4,"43 44 49","45:41 45:42 45:43 45:53"
"رنگیلی (یعقوب کی گھوڑی)","کیپٹن اسرار",1,"776","780:773"
"رنگیلی (یعقوب کی گھوڑی)","کیڈٹ نواز کھوکھر",2,"775 779","780:770 780:778"
"رنگیلی (یعقوب کی گھوڑی)","ہکیم حاذق",1,"502","500:505"
"رنگیلی (یعقوب کی گھوڑی)","یعقوب اعوان",17,"40 43 44 45 61 62 64 65 66 496 497 780","45:35 45:36 45:41 45:43 45:44 45:45 66:56 66:57 66:58 66:59 66:63 66:64 66:65 66:66 500:493 500:494 780:780"
"ریاض (سرفراز کا ڈرائیور)","سراج گجر",1,"735","738:733"
"ریاض (سرفراز کا ڈرائیور)","سردار فلمبند خان",1,"618","618:618"
"ریاض (سرفراز کا ڈرائیور)","سلطان (پی۔او۔ڈبلیو ساتھی/دوست)",1,"615","618:612"
"ریاض (سرفراز کا ڈرائیور)","سلیم",2,"619 734","618:621 738:731"
"ریاض (سرفراز کا ڈرائیور)","سپاہی غلام رسول (یونٹ ڈرائیور/ساتھی)",1,"742","738:747"
"ریاض (سرفراز کا ڈرائیور)","سکینہ (اعجاز کی بیوی)",7,"131 445 450 452 618 735 739","131:131 450:440 450:451 454:451 618:619 738:732 738:740"
"ریاض (سرفراز کا ڈرائیور)","شعیب",1,"739","738:741"
"ریاض (سرفراز کا ڈرائیور)","شہلا رضوی",1,"737","738:737"
"ریاض (سرفراز کا ڈرائیور)","عباس (چاچا احمد کا بیٹا)",2,"617 618","618:617 618:618"
"ریاض (سرفراز کا ڈرائیور)","فرخ غوری",1,"734","738:731"
"ریاض (سرفراز کا ڈرائیور)","قائد (پارٹی بانی لیڈر)",20,"126 127 128 130 131 447 448 451 453 454 613 614 617 620 734 737 742","131:122 131:123 131:124 131:126 131:130 131:132 450:445 450:447 450:452 454:452 454:453 454:454 618:608 618:609 618:610 618:617 618:623 738:731 738:736 738:747"
"ریاض (سرفراز کا ڈرائیور)","قمر الاسلام",1,"457","454:461"
"ریاض (سرفراز کا ڈرائیور)","لیفٹیننٹ کرنل اسلام الدین",6,"130 133 614 618 735 739","131:130 131:136 618:611 618:618 738:733 738:741"
"ریاض (سرفراز کا ڈرائیور)","ماسی (سرفراز کی پرورش کرنے والی)",1,"131","131:131"
"ریاض (سرفراز کا ڈرائیور)","ماسی مریم",1,"131","131:131"
"ریاض (سرفراز کا ڈرائیور)","مرزا عبد الرشید",1,"457","454:461"
"ریاض (سرفراز کا ڈرائیور)","معین الدین شاہ",1,"621","618:624"
"ریاض (سرفراز کا ڈرائیور)","ملک جہانگیر اعوان (ایم ایل اے)",7,"127 128 136 613 614 618","131:124 131:126 131:141 618:608 618:609 618:610 618:619"
"ریاض (سرفراز کا ڈرائیور)","ملک رشید (ملک حمید کا بھائی)",2,"133 458","131:135 454:462"
"ریاض (سرفراز کا ڈرائیور)","منظور (اعجاز کا ورکر)",11,"446 447 448 449 450 452 453 454","450:442 450:443 450:444 450:447 450:448 450:449 450:450 454:450 454:451 454:452 454:455"
"ریاض (سرفراز کا ڈرائیور)","میاں انتظار حسین (ایڈووکیٹ ہائی کورٹ)",3,"446 619 734","450:442 618:621 738:731"
"ریاض (سرفراز کا ڈرائیور)","میجر/کیپٹن سرفراز اعوان",16,"131 445 454 456 614 615 616 617 618 735 737 738","131:131 450:441 450:458 454:458 618:611 618:612 618:613 618:614 618:615 618:616 618:617 618:618 738:732 738:736 738:737 738:738"
"ریاض (سرفراز کا ڈرائیور)","نامعلوم مزدور عورت (ملک حمید/لطیف کا تعلق)",4,"128 129 130 132","131:126 131:128 131:130 131:134"
"ریاض (سرفراز کا ڈرائیور)","نسرین",8,"614 615 616 617 738","618:611 618:612 618:613 618:614 618:615 618:616 618:617 738:739"
"ریاض (سرفراز کا ڈرائیور)","نسیمہ (شعیب کی بہن)",1,"738","738:739"
"ریاض (سرفراز کا ڈرائیور)","وسیم بھائی (بدیع الزمان کا سالا/قرض خواہ)",3,"133 622 742","131:136 618:626 738:746"
"ریاض (سرفراز کا ڈرائیور)","چاچا احمد خان راٹھور",11,"126 127 129 131 446 613 618 736 738","131:121 131:122 131:123 131:128 131:131 450:443 618:608 618:609 618:619 738:734 738:739"
"ریاض (سرفراز کا ڈرائیور)","چوہدری اظہر (ایس ایچ او نور پور)",4,"133 450 452 453","131:136 450:450 454:450 454:453"
"ریاض (سرفراز کا ڈرائیور)","ڈاکٹر (کریم بخش کا بیٹا)",4,"131 452 454 620","131:131 450:455 454:455 618:623"
"ریاض (سرفراز کا ڈرائیور)","کریم راٹھور",1,"621","618:624"
"ریاض (سرفراز کا ڈرائیور)","کنیز",4,"126 130 131","131:121 131:122 131:130 131:132"
"ریاض (سرفراز کا ڈرائیور)","کیپٹن جمال",2,"617","618:616 618:617"
"زور آور (گھوڑا)","زینب (یعقوب کی بیوی)",7,"46 47 48 49 789","48:45 48:46 48:47 48:48 49:48 49:50 786:792"
"زور آور (گھوڑا)","سائیں جلا",3,"784 785 787","786:782 786:785 786:788"
"زور آور (گھوڑا)","سلیم",9,"206 207 208 209 215","210:202 210:203 210:204 210:205 210:206 210:207 210:208 210:209 210:220"
"زور آور (گھوڑا)","سندر سنگھ",2,"48 49","48:49 49:49"
"زور آور (گھوڑا)","سکینہ (اعجاز کی بیوی)",6,"43 205 210 784 785","48:38 210:200 210:211 786:782 786:783 786:784"
"زور آور (گھوڑا)","صوبیدار جہاں خان",2,"52 53","48:57 49:57"
"زور آور (گھوڑا)","عباس (چاچا احمد کا بیٹا)",5,"43 784 785 786","48:38 786:782 786:783 786:785 786:786"
"زور آور (گھوڑا)","عمران (ہوسٹل ساتھی)",1,"207","210:205"
"زور آور (گھوڑا)","غلام حسین",8,"206 207 208 209 210","210:202 210:203 210:205 210:206 210:207 210:208 210:209 210:210"
"زور آور (گھوڑا)","فضلے",2,"50","48:52 49:52"
"زور آور (گھوڑا)","قائد (پارٹی بانی لیڈر)",4,"53 211 788","48:58 49:58 210:212 786:791"
"زور آور (گھوڑا)","لیفٹیننٹ کرنل اسلام الدین",1,"782","786:778"
"زور آور (گھوڑا)","ماسی (سرفراز کی پرورش کرنے والی)",1,"43","48:38"
"زور آور (گھوڑا)","ماسی مریم",1,"43","48:38"
"زور آور (گھوڑا)","ملک جہانگیر اعوان (ایم ایل اے)",1,"44","48:40"
"زور آور (گھوڑا)","ملک حمید",1,"788","786:791"
"زور آور (گھوڑا)","ملک عالم جہاں اعوان",2,"52 53","48:57 49:57"
"زور آور (گھوڑا)","ملک لطیف",1,"788","786:791"
"زور آور (گھوڑا)","میجر ست پال ٹھاکر (کیمپ افسرِ دشمن)",1,"782","786:779"
"زور آور (گھوڑا)","میجر/کیپٹن سرفراز اعوان",20,"43 44 206 207 208 209 210 781 782 783 784 785 786","48:38 48:39 48:40 210:202 210:204 210:205 210:207 210:208 210:209 210:211 786:776 786:777 786:778 786:779 786:781 786:782 786:783 786:784 786:785 786:786"
"زور آور (گھوڑا)","نامعلوم مزدور عورت (ملک حمید/لطیف کا تعلق)",7,"47 49 50 210 785 786","48:47 48:51 49:51 210:211 786:784 786:785 786:786"
"زور آور (گھوڑا)","نانبائی (او جھری والا)",5,"207 208 209","210:205 210:206 210:207 210:208 210:209"
"زور آور (گھوڑا)","نسرین",8,"46 47 49 50 213 785 786","48:44 48:46 48:51 49:51 210:217 786:784 786:785 786:786"
"زور آور (گھوڑا)","نسیمہ (شعیب کی بہن)",1,"785","786:785"
"زور آور (گھوڑا)","نیلی (بھینس)",2,"48","48:48 49:48"
"زور آور (گھوڑا)","وسیم بھائی (بدیع الزمان کا سالا/قرض خواہ)",6,"43 48 54 783 789","48:38 48:48 49:48 49:59 786:781 786:792"
"زور آور (گھوڑا)","پیر حمید الدین بلال شاہ (مرشد بلال پور شریف)",1,"788","786:791"
"زور آور (گھوڑا)","چاچا احمد خان راٹھور",16,"43 48 49 205 206 207 208 209 210 784 785 786","48:38 48:49 49:49 210:200 210:202 210:203 210:204 210:205 210:206 210:207 210:208 210:209 210:210 786:782 786:785 786:787"
"زور آور (گھوڑا)","چنبیلی (گھوڑی)",3,"46 48","48:45 48:48 49:48"
"زور آور (گھوڑا)","چوہدری اظہر (ایس ایچ او نور پور)",2,"52 53","48:57 49:57"
"زور آور (گھوڑا)","ڈاکٹر (کریم بخش کا بیٹا)",3,"50 213","48:52 49:52 210:217"
"زور آور (گھوڑا)","کریم راٹھور",2,"784 786","786:782 786:786"
"زور آور (گھوڑا)","کلونت کور",5,"44 45 50 51","48:41 48:42 48:43 48:53 49:53"
"زور آور (گھوڑا)","کنیز",2,"205 213","210:200 210:216"
"زور آور (گھوڑا)","کیڈٹ نواز کھوکھر",1,"782","786:778"
"زور آور (گھوڑا)","یعقوب اعوان",11,"44 45 46 47 48 49 783 786","48:41 48:43 48:44 48:45 48:46 48:47 48:48 49:48 49:49 786:780 786:787"
"زیدی صاحب (چیف ایڈیٹر طلوع)","سلیم",8,"683 684 685 689 697 700 703","688:678 688:679 688:681 688:682 688:690 701:694 701:699 701:706"
"زیدی صاحب (چیف ایڈیٹر طلوع)","سکینہ (اعجاز کی بیوی)",9,"686 687 689 696 697 700 701","688:685 688:686 688:687 688:691 701:691 701:692 701:694 701:700 701:702"
"زیدی صاحب (چیف ایڈیٹر طلوع)","شمس (بدیع الزمان کا اسسٹنٹ)",3,"691 697 703","688:694 701:694 701:705"
"زیدی صاحب (چیف ایڈیٹر طلوع)","فرخ غوری",1,"705","701:710"
"زیدی صاحب (چیف ایڈیٹر طلوع)","قائد (پارٹی بانی لیڈر)",10,"683 684 685 686 688 698 699 700 701","688:678 688:679 688:681 688:682 688:684 688:688 701:695 701:698 701:699 701:701"
"زیدی صاحب (چیف ایڈیٹر طلوع)","محمد یاسین (طلوع کا رپورٹر/ساتھی)",1,"703","701:706"
"زیدی صاحب (چیف ایڈیٹر طلوع)","منظور (اعجاز کا ورکر)",1,"688","688:689"
"زیدی صاحب (چیف ایڈیٹر طلوع)","میاں انتظار حسین (ایڈووکیٹ ہائی کورٹ)",2,"683 686","688:678 688:685"
"زیدی صاحب (چیف ایڈیٹر طلوع)","میجر/کیپٹن سرفراز اعوان",3,"689 696 697","688:691 701:691 701:693"
"زیدی صاحب (چیف ایڈیٹر طلوع)","نامعلوم مزدور عورت (ملک حمید/لطیف کا تعلق)",4,"685 692 699 700","688:682 688:697 701:697 701:699"
"زیدی صاحب (چیف ایڈیٹر طلوع)","نانبائی (او جھری والا)",1,"683","688:678"
"زیدی صاحب (چیف ایڈیٹر طلوع)","نیلی (بھینس)",1,"702","701:703"
"زیدی صاحب (چیف ایڈیٹر طلوع)","وسیم بھائی (بدیع الزمان کا سالا/قرض خواہ)",2,"689 706","688:690 701:711"
"زیدی صاحب (چیف ایڈیٹر طلوع)","چاچا احمد خان راٹھور",4,"691 697 700 703","688:694 701:694 701:700 701:706"
"زیدی صاحب (چیف ایڈیٹر طلوع)","ڈاکٹر (کریم بخش کا بیٹا)",11,"684 685 686 691 698 699 700","688:681 688:682 688:683 688:684 688:685 688:695 701:695 701:696 701:697 701:698 701:699"
"زیدی صاحب (چیف ایڈیٹر طلوع)","ڈاکٹر سعد اللہ خان (کنسلٹنٹ کارڈیالوجسٹ)",3,"691 698 699","688:695 701:695 701:697"
"زیدی صاحب (چیف ایڈیٹر طلوع)","ڈاکٹر عرفان (ڈیوٹی ڈاکٹر آئی سی یو)",3,"691 698 699","688:695 701:695 701:697"
"زیدی صاحب (چیف ایڈیٹر طلوع)","کریم راٹھور",1,"683","688:678"
"زیدی صاحب (چیف ایڈیٹر طلوع)","کنیز",1,"688","688:689"
"زینب (یعقوب کی بیوی)","سائیں جلا",4,"787 788 790","792:782 792:785 792:788 792:789"
"زینب (یعقوب کی بیوی)","سردار فلمبند خان",2,"78","73:83 74:83"
"زینب (یعقوب کی بیوی)","سندر سنگھ",7,"47 48 49 50 51","45:49 46:49 47:49 48:49 50:49 50:50 52:50"
"زینب (یعقوب کی بیوی)","سکینہ (اعجاز کی بیوی)",16,"40 41 65 66 67 68 69 70 71 72 74 787 788","45:36 45:38 64:66 67:66 67:67 68:67 68:68 71:68 71:69 71:71 73:71 73:75 74:75 792:782 792:783 792:784"
"زینب (یعقوب کی بیوی)","شیر بہادر اعوان",10,"64 65 66 68 69 70 71 72 76 77","64:64 67:64 67:65 67:70 68:70 71:70 71:72 73:72 73:80 74:80"
"زینب (یعقوب کی بیوی)","شیشے والا سالا (بدیع الزمان کا دوسرا قرض خواہ)",5,"68 69 70 71 72","64:72 67:72 68:72 71:72 73:72"
"زینب (یعقوب کی بیوی)","صوبیدار جہاں خان",5,"52 53 54 60","47:57 48:57 50:57 52:57 64:57"
"زینب (یعقوب کی بیوی)","عباس (چاچا احمد کا بیٹا)",7,"41 787 788 789 790","45:38 792:782 792:783 792:785 792:786 792:787 792:788"
"زینب (یعقوب کی بیوی)","علی بہادر",6,"64 66 69 70 71 72","64:65 67:65 67:72 68:72 71:72 73:72"
"زینب (یعقوب کی بیوی)","فضلے",6,"48 49 50 51 52","45:52 46:52 47:52 48:52 50:52 52:52"
"زینب (یعقوب کی بیوی)","فلک شیر اعوان",8,"64 66 68 69 70 75 76 77","64:65 67:65 67:70 68:70 71:70 71:80 73:80 74:80"
"زینب (یعقوب کی بیوی)","قائد (پارٹی بانی لیڈر)",13,"40 53 54 55 61 68 69 70 71 72 78 791","45:35 48:58 50:58 52:58 64:58 64:72 67:72 68:72 71:72 73:72 73:83 74:83 792:791"
"زینب (یعقوب کی بیوی)","ماسی (سرفراز کی پرورش کرنے والی)",8,"41 67 69 71 72 73 74","45:38 64:71 67:71 68:71 71:71 73:71 73:74 74:74"
"زینب (یعقوب کی بیوی)","ماسی مریم",8,"41 67 69 71 72 73 74","45:38 64:71 67:71 68:71 71:71 73:71 73:74 74:74"
"زینب (یعقوب کی بیوی)","ملک جہانگیر اعوان (ایم ایل اے)",1,"42","45:40"
"زینب (یعقوب کی بیوی)","ملک حمید",1,"791","792:791"
"زینب (یعقوب کی بیوی)","ملک عالم جہاں اعوان",6,"52 53 54 60 61","47:57 48:57 50:57 52:57 64:57 64:58"
"زینب (یعقوب کی بیوی)","ملک لطیف",1,"791","792:791"
"زینب (یعقوب کی بیوی)","منظور (اعجاز کا ورکر)",6,"68 70 72 73","64:73 67:73 68:73 71:73 73:73 74:73"
"زینب (یعقوب کی بیوی)","میجر/کیپٹن سرفراز اعوان",31,"40 41 42 55 56 62 66 67 68 69 70 71 72 73 74 787 788 789 790 791 792","45:35 45:36 45:37 45:38 45:39 45:40 50:60 52:60 64:60 64:61 64:68 67:68 68:68 71:68 71:69 71:70 71:71 73:71 73:74 74:74 792:782 792:783 792:784 792:785 792:786 792:787 792:788 792:789 792:790 792:791 792:792"
"زینب (یعقوب کی بیوی)","نامعلوم مزدور عورت (ملک حمید/لطیف کا تعلق)",13,"46 47 49 50 51 54 60 61 788 789","45:47 46:47 47:47 48:47 48:51 50:51 52:51 52:56 64:56 64:58 792:784 792:785 792:786"
"زینب (یعقوب کی بیوی)","نسرین",11,"44 45 46 49 50 51 788 789","45:44 45:46 46:46 47:46 47:51 48:51 50:51 52:51 792:784 792:785 792:786"
"زینب (یعقوب کی بیوی)","نسیمہ (شعیب کی بہن)",1,"788","792:785"
"زینب (یعقوب کی بیوی)","نیلی (بھینس)",5,"46 47 48 49","45:48 46:48 47:48 48:48 50:48"
"زینب (یعقوب کی بیوی)","وسیم بھائی (بدیع الزمان کا سالا/قرض خواہ)",17,"40 41 46 47 48 49 54 55 61 69 70 71 72 73 74 792","45:35 45:38 45:48 46:48 47:48 48:48 50:48 50:59 52:59 64:59 64:74 67:74 68:74 71:74 73:74 74:74 792:792"
"زینب (یعقوب کی بیوی)","پیر حمید الدین بلال شاہ (مرشد بلال پور شریف)",1,"791","792:791"
"زینب (یعقوب کی بیوی)","چاچا احمد خان راٹھور",21,"40 41 47 48 49 53 54 60 63 65 67 72 73 74 75 787 788 789","45:36 45:38 45:49 46:49 47:49 48:49 50:49 50:57 52:57 64:57 64:63 64:67 67:67 68:67 68:76 71:76 73:76 74:76 792:782 792:785 792:787"
"زینب (یعقوب کی بیوی)","چنبیلی (گھوڑی)",10,"45 47 48 49 66 67 68 69","45:45 46:45 46:48 47:48 48:48 50:48 64:68 67:68 68:68 71:68"
"زینب (یعقوب کی بیوی)","چوہدری اظہر (ایس ایچ او نور پور)",5,"52 53 54 60","47:57 48:57 50:57 52:57 64:57"
"زینب (یعقوب کی بیوی)","ڈاکٹر (کریم بخش کا بیٹا)",8,"48 49 50 51 52 60 61","45:52 46:52 47:52 48:52 50:52 52:52 64:57 64:58"
"زینب (یعقوب کی بیوی)","کریم راٹھور",3,"787 789","792:782 792:786 792:787"
"زینب (یعقوب کی بیوی)","کلونت کور",11,"43 44 49 50 51 52 59","45:41 45:42 45:43 45:53 46:53 47:53 48:53 50:53 52:53 64:54 64:55"
"زینب (یعقوب کی بیوی)","یعقوب اعوان",40,"40 43 44 45 46 47 48 49 50 51 52 60 61 63 64 65 66 67 68 69 70 71 72 73 74 789 792","45:35 45:36 45:41 45:43 45:44 45:45 46:45 46:46 47:46 47:47 48:47 48:48 50:48 50:49 50:50 52:50 52:51 52:52 64:56 64:57 64:58 64:59 64:63 64:64 67:64 67:65 67:66 67:67 68:67 68:68 71:68 71:70 71:71 73:71 73:72 73:73 74:73 74:74 792:787 792:792"
"سائیں جلا","ساجا",2,"118","118:118 119:118"
"سائیں جلا","سردار فلمبند خان",13,"163 164 165 166 167 758 778","160:167 161:167 162:167 163:167 164:167 165:167 166:167 167:167 168:167 756:760 757:760 782:774 782:775"
"سائیں جلا","سلطان (پی۔او۔ڈبلیو ساتھی/دوست)",3,"581 582","586:576 586:577 586:578"
"سائیں جلا","سلیم",2,"245","242:248 243:248"
"سائیں جلا","سپاہی غلام رسول (یونٹ ڈرائیور/ساتھی)",1,"751","756:747"
"سائیں جلا","سکینہ (اعجاز کی بیوی)",37,"116 118 158 160 162 163 164 168 169 170 171 172 173 175 176 177 753 754 755 782 783 784","118:114 118:118 119:118 160:156 160:157 160:160 161:160 161:163 162:163 163:163 164:163 164:164 165:164 165:171 166:171 167:171 168:171 169:171 171:171 172:171 172:173 173:173 174:173 174:176 175:176 176:176 177:176 177:177 178:177 756:751 756:753 756:754 756:755 782:782 785:782 785:783 785:784"
"سائیں جلا","سیف اللہ (چکی والا)",2,"116 117","118:115 118:116"
"سائیں جلا","سیکنڈ لفٹننٹ امتیاز",1,"753","756:750"
"سائیں جلا","شبیرا",3,"118 119","118:118 119:118 119:119"
"سائیں جلا","شعیب",3,"581 757","586:577 756:758 757:758"
"سائیں جلا","ظفر چوہدری",2,"581","586:576 586:577"
"سائیں جلا","عباس (چاچا احمد کا بیٹا)",47,"117 118 119 162 163 164 165 166 167 168 169 170 171 172 173 174 175 176 177 237 240 241 242 243 755 782 783 784 785 786 787 788","118:117 118:119 119:119 160:165 161:165 162:165 163:165 164:165 165:165 166:165 166:166 167:166 167:168 168:168 169:168 169:169 171:169 171:172 172:172 173:172 173:173 174:173 174:175 175:175 176:175 176:176 177:176 177:177 178:177 242:232 242:238 242:240 242:241 242:242 243:242 243:243 756:754 756:755 782:782 785:782 785:783 785:785 788:785 788:786 788:787 788:788 789:788"
"سائیں جلا","غلام حسین",2,"245","242:248 243:248"
"سائیں جلا","قائد (پارٹی بانی لیڈر)",29,"113 115 120 178 179 180 181 239 243 244 581 582 584 585 586 751 757 778 786 788 789 790","118:109 118:113 118:122 119:122 173:183 174:183 175:183 176:183 177:183 178:183 179:183 242:237 242:245 243:245 586:576 586:578 586:579 586:582 586:583 586:584 586:586 756:747 756:758 757:758 782:774 782:791 785:791 788:791 789:791"
"سائیں جلا","لیفٹیننٹ کرنل اسلام الدین",6,"587 751 777 778 780","586:589 756:747 782:773 782:774 782:775 782:778"
"سائیں جلا","ماسی (سرفراز کی پرورش کرنے والی)",32,"118 158 159 162 163 164 165 169 170 171 172 173 174 175 176 177 242 243 755","118:118 119:118 160:156 160:157 160:158 160:164 161:164 162:164 163:164 164:164 165:164 165:165 166:165 166:173 167:173 168:173 169:173 171:173 172:173 173:173 174:173 174:174 175:174 175:175 176:175 176:176 177:176 177:177 178:177 242:243 243:243 756:754"
"سائیں جلا","ماسی مریم",33,"118 158 159 162 163 164 165 168 169 170 171 172 173 174 175 176 177 242 243 755","118:118 119:118 160:156 160:157 160:158 160:164 161:164 162:164 163:164 164:164 165:164 165:165 166:165 166:171 167:171 168:171 169:171 171:171 172:171 172:173 173:173 174:173 174:174 175:174 175:175 176:175 176:176 177:176 177:177 178:177 242:243 243:243 756:754"
"سائیں جلا","ملک جہانگیر اعوان (ایم ایل اے)",27,"113 121 156 160 162 163 176 177 178 179 180 237 239 240 243 244 586","118:109 118:124 119:124 160:152 160:160 161:160 161:163 162:163 163:163 164:163 171:181 172:181 173:181 174:181 175:181 176:181 177:181 178:181 179:181 242:232 242:236 242:237 242:238 242:239 242:245 243:245 586:586"
"سائیں جلا","ملک حمید",11,"240 243 244 583 584 585 786 788 789 790","242:238 242:245 243:245 586:581 586:582 586:583 586:584 782:791 785:791 788:791 789:791"
"سائیں جلا","ملک رشید (ملک حمید کا بھائی)",1,"155","160:151"
"سائیں جلا","ملک لطیف",5,"585 786 788 789 790","586:584 782:791 785:791 788:791 789:791"
"سائیں جلا","منیر میکنک",1,"587","586:588"
"سائیں جلا","مولوی فقیر الدین",3,"117 118","118:117 118:118 119:118"
"سائیں جلا","میاں انتظار حسین (ایڈووکیٹ ہائی کورٹ)",1,"588","586:591"
"سائیں جلا","میجر ست پال ٹھاکر (کیمپ افسرِ دشمن)",1,"780","782:779"
"سائیں جلا","میجر صدیق",1,"582","586:579"
"سائیں جلا","میجر/کیپٹن سرفراز اعوان",75,"115 117 118 119 158 160 163 164 165 166 167 168 169 170 171 172 173 175 176 177 240 241 244 245 581 582 587 751 752 753 754 755 756 757 777 778 779 780 781 782 783 784 785 786 787 788 789","118:113 118:116 118:117 118:119 119:119 160:156 160:157 160:160 161:160 161:165 162:165 163:165 164:165 165:165 166:165 166:166 167:166 167:168 168:168 169:168 169:169 171:169 171:171 172:171 172:173 173:173 174:173 174:176 175:176 176:176 177:176 177:177 178:177 242:238 242:240 242:247 243:247 586:576 586:577 586:578 586:579 586:589 756:746 756:747 756:748 756:749 756:750 756:751 756:752 756:753 756:754 756:755 756:756 757:756 757:758 782:772 782:773 782:774 782:775 782:776 782:777 782:778 782:779 782:781 782:782 785:782 785:783 785:784 785:785 788:785 788:786 788:787 788:788 789:788 789:789"
"سائیں جلا","نامعلوم مزدور عورت (ملک حمید/لطیف کا تعلق)",16,"113 114 115 116 119 157 585 783 784 785 786 787","118:109 118:110 118:111 118:113 118:115 118:120 119:120 160:154 160:155 586:584 586:585 782:784 785:784 785:785 788:785 788:786"
"سائیں جلا","نسرین",31,"116 117 164 165 166 167 168 169 170 174 175 176 177 178 246 587 751 783 784 785 786 787","118:115 118:116 160:169 161:169 162:169 163:169 164:169 165:169 166:169 167:169 168:169 169:169 171:169 171:178 172:178 173:178 174:178 175:178 176:178 177:178 178:178 179:178 242:250 243:250 586:589 756:746 782:784 785:784 785:785 788:785 788:786"
"سائیں جلا","نسیمہ (شعیب کی بہن)",12,"581 582 587 751 754 755 756 783 785 786","586:576 586:578 586:579 586:589 756:746 756:753 756:754 756:756 757:756 782:785 785:785 788:785"
"سائیں جلا","نمائر (کیمپ کا قیدی ساتھی)",3,"581 582","586:576 586:578 586:579"
"سائیں جلا","وسیم بھائی (بدیع الزمان کا سالا/قرض خواہ)",14,"113 178 179 180 181 751 781 787 788 790","118:109 173:183 174:183 175:183 176:183 177:183 178:183 179:183 756:746 782:781 782:792 785:792 788:792 789:792"
"سائیں جلا","پروفیسر میر صاحب",2,"245","242:248 243:248"
"سائیں جلا","پیر حمید الدین بلال شاہ (مرشد بلال پور شریف)",10,"161 162 756 757 786 788 789 790","160:162 161:162 162:162 163:162 756:757 757:757 782:791 785:791 788:791 789:791"
"سائیں جلا","چاچا احمد خان راٹھور",61,"116 117 118 119 156 160 161 162 163 164 165 166 167 168 169 170 171 172 173 174 175 176 177 178 180 238 239 240 241 242 243 587 755 756 757 782 783 785 786 787","118:115 118:116 118:117 118:118 119:118 119:119 160:152 160:160 161:160 161:162 162:162 163:162 163:163 164:163 164:164 165:164 165:165 166:165 166:166 167:166 167:167 168:167 168:168 169:168 169:169 171:169 171:170 171:171 172:171 172:172 173:172 173:173 174:173 174:174 175:174 175:175 176:175 176:176 177:176 177:177 178:177 178:178 179:178 179:181 242:234 242:236 242:238 242:241 242:242 243:242 243:243 586:588 756:754 756:755 756:757 757:757 782:782 785:782 785:785 788:785 788:787"
"سائیں جلا","چوہدری اظہر (ایس ایچ او نور پور)",9,"115 155 583 584 585 757","118:112 160:151 586:581 586:582 586:583 586:584 586:585 756:758 757:758"
"سائیں جلا","ڈاکٹر (کریم بخش کا بیٹا)",3,"113 115 762","118:109 118:112 757:767"
"سائیں جلا","کریم راٹھور",5,"782 783 785 787","782:782 785:782 785:786 788:786 788:787"
"سائیں جلا","کنیز",17,"113 114 115 119 155 156 157 158 160 162 163 585","118:109 118:110 118:112 118:120 119:120 160:151 160:153 160:154 160:155 160:156 160:160 161:160 161:163 162:163 163:163 164:163 586:585"
"سائیں جلا","کیپٹن اسرار",1,"777","782:773"
"سائیں جلا","کیپٹن جمال",1,"587","586:589"
"سائیں جلا","کیڈٹ نواز کھوکھر",1,"780","782:778"
"سائیں جلا","یعقوب اعوان",15,"162 163 164 238 240 781 784 786 787 790","160:164 161:164 162:164 163:164 164:164 165:164 242:234 242:235 242:239 782:780 782:787 785:787 788:787 788:792 789:792"
"ساجا","سکینہ (اعجاز کی بیوی)",2,"116 118","118:114 118:118"
"ساجا","سیف اللہ (چکی والا)",2,"116 117","118:115 118:116"
"ساجا","شبیرا",1,"118","118:118"
"ساجا","عباس (چاچا احمد کا بیٹا)",2,"117 118","118:117 118:119"
"ساجا","قائد (پارٹی بانی لیڈر)",3,"113 115 120","118:109 118:113 118:122"
"ساجا","ماسی (سرفراز کی پرورش کرنے والی)",1,"118","118:118"
"ساجا","ماسی مریم",1,"118","118:118"
"ساجا","ملک جہانگیر اعوان (ایم ایل اے)",2,"113 121","118:109 118:124"
"ساجا","مولوی فقیر الدین",2,"117 118","118:117 118:118"
"ساجا","میجر/کیپٹن سرفراز اعوان",4,"115 117 118","118:113 118:116 118:117 118:119"
"ساجا","نامعلوم مزدور عورت (ملک حمید/لطیف کا تعلق)",6,"113 114 115 116 119","118:109 118:110 118:111 118:113 118:115 118:120"
"ساجا","نسرین",2,"116 117","118:115 118:116"
"ساجا","وسیم بھائی (بدیع الزمان کا سالا/قرض خواہ)",1,"113","118:109"
"ساجا","چاچا احمد خان راٹھور",4,"116 117 118","118:115 118:116 118:117 118:118"
"ساجا","چوہدری اظہر (ایس ایچ او نور پور)",1,"115","118:112"
"ساجا","ڈاکٹر (کریم بخش کا بیٹا)",2,"113 115","118:109 118:112"
"ساجا","کنیز",4,"113 114 115 119","118:109 118:110 118:112 118:120"
"سراج گجر","سردار فلمبند خان",3,"411 412 413","409:414 410:414 412:414"
"سراج گجر","سرداراں دائی",2,"361","361:361 362:361"
"سراج گجر","سلطان (پی۔او۔ڈبلیو ساتھی/دوست)",2,"505 510","510:500 510:511"
"سراج گجر","سلیم",6,"665 666 667 669 732","669:662 669:663 669:664 669:665 669:669 733:731"
"سراج گجر","سکینہ (اعجاز کی بیوی)",20,"313 315 356 359 360 361 362 408 412 413 507 728 729 732 736","314:313 314:316 361:351 361:352 361:357 361:358 361:359 361:361 362:361 362:362 409:407 409:415 410:415 412:415 510:504 733:723 733:724 733:725 733:732 733:740"
"سراج گجر","شعیب",12,"310 311 313 315 356 358 359 360 737","314:306 314:307 314:308 314:309 314:312 314:316 361:351 361:356 361:357 361:358 361:359 733:741"
"سراج گجر","شہلا رضوی",1,"735","733:737"
"سراج گجر","عامر محمود (چیف کیمسٹ)",1,"671","669:674"
"سراج گجر","عباس (چاچا احمد کا بیٹا)",7,"309 310 315 359 728","314:304 314:305 314:306 314:316 361:357 733:723 733:724"
"سراج گجر","عمران (ہوسٹل ساتھی)",2,"416 510","412:421 510:510"
"سراج گجر","فرخ غوری",1,"732","733:731"
"سراج گجر","قائد (پارٹی بانی لیڈر)",26,"311 314 357 361 362 404 405 406 407 409 410 411 414 508 509 510 664 666 669 729 732 734","314:309 314:314 361:353 361:361 362:361 362:363 409:399 409:401 409:402 409:403 409:404 409:406 409:410 410:410 412:410 412:411 412:417 510:507 510:508 510:511 669:659 669:664 669:669 733:726 733:731 733:736"
"سراج گجر","لیفٹیننٹ کرنل اسلام الدین",1,"733","733:733"
"سراج گجر","ماسی (سرفراز کی پرورش کرنے والی)",1,"315","314:317"
"سراج گجر","ماسی مریم",1,"315","314:317"
"سراج گجر","ملک جہانگیر اعوان (ایم ایل اے)",18,"361 362 405 407 408 409 410 411 412 508 509 510 672","361:361 362:361 362:362 409:401 409:402 409:406 409:407 409:408 409:409 410:409 410:410 412:410 412:412 510:507 510:508 510:509 510:510 669:675"
"سراج گجر","منشی کریم شاہ",1,"407","409:406"
"سراج گجر","منظور (اعجاز کا ورکر)",7,"363 410 411 412 507","361:365 362:365 409:411 410:411 412:411 412:412 510:504"
"سراج گجر","میاں انتظار حسین (ایڈووکیٹ ہائی کورٹ)",9,"664 665 666 667 668 671 732","669:660 669:661 669:663 669:664 669:666 669:667 669:668 669:673 733:731"
"سراج گجر","میجر/کیپٹن سرفراز اعوان",33,"309 310 311 312 313 314 356 357 358 359 360 366 407 415 416 509 510 728 729 732 734","314:304 314:305 314:306 314:307 314:308 314:309 314:310 314:311 314:312 314:313 314:314 361:351 361:353 361:354 361:355 361:356 361:357 361:358 361:359 361:371 362:371 409:405 409:406 410:420 412:420 510:508 510:509 510:510 733:723 733:724 733:725 733:732 733:736"
"سراج گجر","نامعلوم مزدور عورت (ملک حمید/لطیف کا تعلق)",5,"357 415 416 508 728","361:354 410:420 412:420 510:507 733:723"
"سراج گجر","نانبائی (او جھری والا)",1,"673","669:678"
"سراج گجر","نسرین",7,"358 359 408 410 411 412 736","361:356 361:357 409:407 409:412 410:412 412:412 733:739"
"سراج گجر","نسیمہ (شعیب کی بہن)",13,"315 356 357 358 359 360 415 416 728 736","314:316 361:351 361:353 361:354 361:355 361:356 361:357 361:358 361:359 410:420 412:420 733:724 733:739"
"سراج گجر","نصیر شیخ (پارٹی امیدوار)",2,"364","361:367 362:367"
"سراج گجر","وسیم بھائی (بدیع الزمان کا سالا/قرض خواہ)",1,"358","361:356"
"سراج گجر","پھاتو مراثن (ڈھولکی)",1,"359","361:358"
"سراج گجر","چاچا احمد خان راٹھور",11,"315 358 359 361 362 408 511 728 733","314:316 361:356 361:357 361:358 361:362 362:362 409:408 510:512 733:723 733:724 733:734"
"سراج گجر","چوہدری ارشد (یونین رہنما)",2,"363","361:365 362:365"
"سراج گجر","چوہدری شدا",2,"363 364","361:366 362:366"
"سراج گجر","ڈاکٹر (کریم بخش کا بیٹا)",5,"505 506 508 509 510","510:501 510:502 510:507 510:509 510:510"
"سراج گجر","ڈاکٹر احسان الحق (پُل کھنگر)",1,"510","510:510"
"سراج گجر","ڈاکٹر خدابخش کھوکھر (چیف کیمسٹ)",1,"671","669:674"
"سراج گجر","کامران خان (جواں سال کیمسٹ)",2,"664 670","669:660 669:671"
"سراج گجر","کریم راٹھور",3,"511 668 671","510:512 669:668 669:674"
"سراج گجر","کیپٹن اسرار",2,"358 729","361:356 733:726"
"سراج گجر","کیپٹن دلاور",2,"313 317","314:312 314:321"
"سراج گجر","گل افروز خان",8,"356 357 360 365 412 413 414","361:351 361:353 361:360 361:369 362:369 409:416 410:416 412:416"
"سراج گجر","ہکیم حاذق",3,"507 508","510:505 510:506 510:507"
"سراج گجر","یعقوب اعوان",4,"309 313 728","314:304 314:305 314:313 733:723"
"سردار فلمبند خان","سلطان (پی۔او۔ڈبلیو ساتھی/دوست)",2,"485 615","485:486 618:612"
"سردار فلمبند خان","سلیم",2,"418 619","414:423 618:621"
"سردار فلمبند خان","سکینہ (اعجاز کی بیوی)",18,"79 81 162 163 165 169 410 414 482 488 618 755 756 757 778","83:75 83:79 167:157 167:160 167:163 167:164 167:171 414:407 414:415 485:480 485:491 618:619 760:751 760:753 760:754 760:755 774:782 775:782"
"سردار فلمبند خان","سیکنڈ لفٹننٹ امتیاز",2,"485 755","485:486 760:750"
"سردار فلمبند خان","شعیب",2,"759","760:758 760:759"
"سردار فلمبند خان","شیر بہادر اعوان",2,"81 84","83:80 83:85"
"سردار فلمبند خان","عباس (چاچا احمد کا بیٹا)",10,"84 166 167 617 618 757 778","83:86 167:165 167:166 167:168 618:617 618:618 760:754 760:755 774:782 775:782"
"سردار فلمبند خان","علی بہادر",1,"87","83:91"
"سردار فلمبند خان","عمران (ہوسٹل ساتھی)",1,"417","414:421"
"سردار فلمبند خان","فضلے",1,"484","485:483"
"سردار فلمبند خان","فلک شیر اعوان",2,"81 87","83:80 83:91"
"سردار فلمبند خان","قائد (پارٹی بانی لیڈر)",20,"83 409 410 412 415 481 482 483 486 613 614 617 620 759 772 774","83:83 414:404 414:406 414:410 414:411 414:417 485:478 485:479 485:481 485:482 485:488 618:608 618:609 618:610 618:617 618:623 760:758 771:774 774:774 775:774"
"سردار فلمبند خان","قمر الاسلام",3,"481 482","485:477 485:478 485:479"
"سردار فلمبند خان","لیفٹیننٹ کرنل اسلام الدین",8,"614 618 771 772 773 774 775","618:611 618:618 771:771 774:771 774:773 774:774 775:774 775:775"
"سردار فلمبند خان","ماسی (سرفراز کی پرورش کرنے والی)",8,"78 81 162 165 166 170 757","83:74 83:79 167:157 167:158 167:164 167:165 167:173 760:754"
"سردار فلمبند خان","ماسی مریم",8,"78 81 162 165 166 169 757","83:74 83:79 167:157 167:158 167:164 167:165 167:171 760:754"
"سردار فلمبند خان","محمد نواز چیمہ",1,"88","83:93"
"سردار فلمبند خان","مرزا عبد الرشید",1,"490","485:495"
"سردار فلمبند خان","معین الدین شاہ",1,"621","618:624"
"سردار فلمبند خان","ملک جہانگیر اعوان (ایم ایل اے)",14,"84 163 165 410 411 412 413 415 613 614 618","83:85 167:160 167:163 414:406 414:407 414:408 414:409 414:410 414:412 414:417 618:608 618:609 618:610 618:619"
"سردار فلمبند خان","ملک عالم جہاں اعوان",1,"87","83:91"
"سردار فلمبند خان","منشی کریم شاہ",1,"410","414:406"
"سردار فلمبند خان","منظور (اعجاز کا ورکر)",6,"78 412 413 415 488","83:73 414:411 414:412 414:413 414:417 485:491"
"سردار فلمبند خان","منیر میکنک",1,"482","485:480"
"سردار فلمبند خان","میاں انتظار حسین (ایڈووکیٹ ہائی کورٹ)",2,"84 619","83:85 618:621"
"سردار فلمبند خان","میجر ست پال ٹھاکر (کیمپ افسرِ دشمن)",3,"775 776 777","771:779 774:779 775:779"
"سردار فلمبند خان","میجر صدیق",4,"483 484 488","485:481 485:482 485:483 485:492"
"سردار فلمبند خان","میجر/کیپٹن سرفراز اعوان",50,"78 79 81 82 83 162 163 166 167 409 410 417 484 486 614 615 616 617 618 755 756 757 758 759 760 766 767 768 769 771 772 773 774 775","83:74 83:75 83:79 83:81 83:82 83:83 167:157 167:160 167:165 167:166 167:168 414:405 414:406 414:420 485:483 485:484 485:487 618:611 618:612 618:613 618:614 618:615 618:616 618:617 618:618 760:750 760:751 760:752 760:753 760:754 760:755 760:756 760:758 760:759 760:760 771:761 771:762 771:763 771:764 771:765 771:766 771:767 771:768 771:771 774:771 774:772 774:773 774:774 775:774 775:775"
"سردار فلمبند خان","نامعلوم مزدور عورت (ملک حمید/لطیف کا تعلق)",5,"85 417 480 779","83:87 414:420 485:475 774:784 775:784"
"سردار فلمبند خان","نسرین",13,"168 410 413 480 614 615 616 617 779","167:169 414:407 414:412 485:475 618:611 618:612 618:613 618:614 618:615 618:616 618:617 774:784 775:784"
"سردار فلمبند خان","نسیمہ (شعیب کی بہن)",7,"417 484 486 756 757 758 780","414:420 485:484 485:487 760:753 760:754 760:756 775:785"
"سردار فلمبند خان","نمائر (کیمپ کا قیدی ساتھی)",1,"483","485:481"
"سردار فلمبند خان","وریا م",1,"87","83:91"
"سردار فلمبند خان","وسیم بھائی (بدیع الزمان کا سالا/قرض خواہ)",8,"78 81 84 418 622 776 777 778","83:74 83:79 83:86 414:423 618:626 771:781 774:781 775:781"
"سردار فلمبند خان","پیر حمید الدین بلال شاہ (مرشد بلال پور شریف)",2,"164 758","167:162 760:757"
"سردار فلمبند خان","چاچا احمد خان راٹھور",18,"79 163 164 165 166 167 411 489 613 618 757 758 778","83:76 167:160 167:162 167:163 167:164 167:165 167:166 167:167 414:408 485:493 618:608 618:609 618:619 760:754 760:755 760:757 774:782 775:782"
"سردار فلمبند خان","چوہدری اظہر (ایس ایچ او نور پور)",1,"759","760:758"
"سردار فلمبند خان","ڈاکٹر (کریم بخش کا بیٹا)",3,"620 763 769","618:623 760:767 771:767"
"سردار فلمبند خان","کریم راٹھور",4,"86 621 778","83:89 618:624 774:782 775:782"
"سردار فلمبند خان","کنیز",5,"163 165 480 481","167:160 167:163 485:475 485:476 485:477"
"سردار فلمبند خان","کیپٹن اسرار",2,"772 773","771:773 774:773"
"سردار فلمبند خان","کیپٹن جمال",2,"617","618:616 618:617"
"سردار فلمبند خان","کیڈٹ نواز کھوکھر",6,"764 770 774 776","760:769 771:769 771:770 771:778 774:778 775:778"
"سردار فلمبند خان","گل افروز خان",1,"415","414:416"
"سردار فلمبند خان","یعقوب اعوان",13,"78 79 80 81 165 489 775 777","83:73 83:74 83:75 83:76 83:77 83:78 83:79 83:80 167:164 485:493 771:780 774:780 775:780"
"سرداراں دائی","سکینہ (اعجاز کی بیوی)",6,"356 359 360 361","361:351 361:352 361:357 361:358 361:359 361:361"
"سرداراں دائی","شعیب",5,"356 358 359 360","361:351 361:356 361:357 361:358 361:359"
"سرداراں دائی","عباس (چاچا احمد کا بیٹا)",1,"359","361:357"
"سرداراں دائی","قائد (پارٹی بانی لیڈر)",2,"357 361","361:353 361:361"
"سرداراں دائی","ملک جہانگیر اعوان (ایم ایل اے)",1,"361","361:361"
"سرداراں دائی","منظور (اعجاز کا ورکر)",1,"363","361:365"
"سرداراں دائی","میجر/کیپٹن سرفراز اعوان",9,"356 357 358 359 360 366","361:351 361:353 361:354 361:355 361:356 361:357 361:358 361:359 361:371"
"سرداراں دائی","نامعلوم مزدور عورت (ملک حمید/لطیف کا تعلق)",1,"357","361:354"
"سرداراں دائی","نسرین",2,"358 359","361:356 361:357"
"سرداراں دائی","نسیمہ (شعیب کی بہن)",8,"356 357 358 359 360","361:351 361:353 361:354 361:355 361:356 361:357 361:358 361:359"
"سرداراں دائی","نصیر شیخ (پارٹی امیدوار)",1,"364","361:367"
"سرداراں دائی","وسیم بھائی (بدیع الزمان کا سالا/قرض خواہ)",1,"358","361:356"
"سرداراں دائی","پھاتو مراثن (ڈھولکی)",1,"359","361:358"
"سرداراں دائی","چاچا احمد خان راٹھور",4,"358 359 361","361:356 361:357 361:358 361:362"
"سرداراں دائی","چوہدری ارشد (یونین رہنما)",1,"363","361:365"
"سرداراں دائی","چوہدری شدا",1,"363","361:366"
"سرداراں دائی","کیپٹن اسرار",1,"358","361:356"
"سرداراں دائی","گل افروز خان",4,"356 357 360 365","361:351 361:353 361:360 361:369"
"سلطان (پی۔او۔ڈبلیو ساتھی/دوست)","سلیم",1,"616","612:621"
"سلطان (پی۔او۔ڈبلیو ساتھی/دوست)","سکینہ (اعجاز کی بیوی)",19,"483 488 489 495 496 497 502 507 558 559 563 564 570 571 615","486:480 486:491 487:491 488:491 500:491 500:493 500:494 500:504 511:504 561:556 561:557 561:558 561:566 562:566 563:566 575:566 575:567 575:568 612:619"
"سلطان (پی۔او۔ڈبلیو ساتھی/دوست)","سیکنڈ لفٹننٹ امتیاز",2,"486","486:486 487:486"
"سلطان (پی۔او۔ڈبلیو ساتھی/دوست)","شعیب",10,"561 562 566 572 576 577","561:561 562:561 562:562 563:562 563:569 575:569 575:577 576:577 577:577 578:577"
"سلطان (پی۔او۔ڈبلیو ساتھی/دوست)","شمس (بدیع الزمان کا اسسٹنٹ)",3,"556 558 559","561:551 561:556 561:558"
"سلطان (پی۔او۔ڈبلیو ساتھی/دوست)","طارق (ورکس منیجر)",2,"517 518","513:522 515:522"
"سلطان (پی۔او۔ڈبلیو ساتھی/دوست)","ظفر چوہدری",6,"575 576 577","575:575 576:575 576:576 577:576 577:577 578:577"
"سلطان (پی۔او۔ڈبلیو ساتھی/دوست)","عامر محمود (چیف کیمسٹ)",3,"516 517 518","511:521 513:521 515:521"
"سلطان (پی۔او۔ڈبلیو ساتھی/دوست)","عباس (چاچا احمد کا بیٹا)",10,"563 564 570 607 608 609 614","561:566 562:566 563:566 575:566 612:602 612:603 612:604 612:605 612:607 612:617"
"سلطان (پی۔او۔ڈبلیو ساتھی/دوست)","عمران (ہوسٹل ساتھی)",2,"505 510","500:510 511:510"
"سلطان (پی۔او۔ڈبلیو ساتھی/دوست)","فضلے",1,"484","486:483"
"سلطان (پی۔او۔ڈبلیو ساتھی/دوست)","قائد (پارٹی بانی لیڈر)",38,"482 483 484 487 488 498 499 503 509 511 512 516 517 556 559 560 561 562 566 572 573 574 575 576 577 578 610 611 614","486:478 486:479 486:481 486:482 486:488 487:488 488:488 500:496 500:497 500:499 500:507 511:507 511:508 511:511 513:511 513:520 515:520 561:551 561:558 561:559 561:561 562:561 562:562 563:562 563:569 575:569 575:571 575:574 575:575 576:575 576:576 577:576 577:578 578:578 612:608 612:609 612:610 612:617"
"سلطان (پی۔او۔ڈبلیو ساتھی/دوست)","قمر الاسلام",5,"481 482 493 499","486:477 486:478 486:479 488:498 500:498"
"سلطان (پی۔او۔ڈبلیو ساتھی/دوست)","لیفٹیننٹ کرنل اسلام الدین",2,"611 615","612:611 612:618"
"سلطان (پی۔او۔ڈبلیو ساتھی/دوست)","ماسی (سرفراز کی پرورش کرنے والی)",5,"563 564 570 571","561:566 562:566 563:566 575:566 575:568"
"سلطان (پی۔او۔ڈبلیو ساتھی/دوست)","ماسی مریم",5,"563 564 570 571","561:566 562:566 563:566 575:566 575:568"
"سلطان (پی۔او۔ڈبلیو ساتھی/دوست)","مرزا عبد الرشید",4,"490 491 497","486:495 487:495 488:495 500:495"
"سلطان (پی۔او۔ڈبلیو ساتھی/دوست)","معین الدین شاہ",3,"516 517 518","511:521 513:521 515:521"
"سلطان (پی۔او۔ڈبلیو ساتھی/دوست)","ملک جہانگیر اعوان (ایم ایل اے)",28,"492 498 499 503 509 510 511 512 516 517 562 563 570 571 572 573 581 582 610 611 615","487:497 488:497 500:497 500:499 500:507 511:507 511:508 511:509 511:510 511:512 513:512 513:520 515:520 561:564 562:564 563:564 575:565 575:567 575:569 575:570 575:572 576:586 577:586 578:586 612:608 612:609 612:610 612:619"
"سلطان (پی۔او۔ڈبلیو ساتھی/دوست)","ملک حمید",4,"578 579","575:581 576:581 577:581 578:581"
"سلطان (پی۔او۔ڈبلیو ساتھی/دوست)","ملک لطیف",4,"579 580 581","575:584 576:584 577:584 578:584"
"سلطان (پی۔او۔ڈبلیو ساتھی/دوست)","منظور (اعجاز کا ورکر)",7,"488 489 495 497 502 507","486:491 487:491 488:491 500:491 500:494 500:504 511:504"
"سلطان (پی۔او۔ڈبلیو ساتھی/دوست)","منیر میکنک",2,"483 583","486:480 578:588"
"سلطان (پی۔او۔ڈبلیو ساتھی/دوست)","میاں انتظار حسین (ایڈووکیٹ ہائی کورٹ)",4,"557 558 560 616","561:554 561:556 561:559 612:621"
"سلطان (پی۔او۔ڈبلیو ساتھی/دوست)","میجر صدیق",11,"483 484 489 490 496 577 578","486:481 486:482 486:483 486:492 487:492 488:492 500:492 575:579 576:579 577:579 578:579"
"سلطان (پی۔او۔ڈبلیو ساتھی/دوست)","میجر قدیر (ازمیر مل کا ایڈمن افسر)",3,"516 517 518","511:521 513:521 515:521"
"سلطان (پی۔او۔ڈبلیو ساتھی/دوست)","میجر/کیپٹن سرفراز اعوان",40,"484 485 486 487 504 509 510 511 512 515 516 556 560 561 562 563 570 571 572 573 574 575 576 577 578 607 611 612","486:483 486:484 486:487 487:487 488:487 500:508 511:508 511:509 511:510 511:511 513:511 513:518 515:518 561:552 561:560 561:561 562:561 562:562 563:562 563:563 575:565 575:566 575:567 575:568 575:569 575:570 575:571 575:572 575:573 575:574 575:575 576:575 576:576 577:576 577:577 578:577 578:578 612:602 612:611 612:612"
"سلطان (پی۔او۔ڈبلیو ساتھی/دوست)","نامعلوم مزدور عورت (ملک حمید/لطیف کا تعلق)",8,"503 509 559 560 579 580 581","500:507 511:507 561:558 561:560 575:584 576:584 577:584 578:584"
"سلطان (پی۔او۔ڈبلیو ساتھی/دوست)","نسرین",3,"609 611 612","612:607 612:611 612:612"
"سلطان (پی۔او۔ڈبلیو ساتھی/دوست)","نسیمہ (شعیب کی بہن)",20,"485 486 487 556 560 561 562 563 573 574 575 576 577 578","486:484 486:487 487:487 488:487 561:552 561:560 561:561 562:561 562:562 563:562 563:563 575:571 575:573 575:574 575:575 576:575 576:576 577:576 577:578 578:578"
"سلطان (پی۔او۔ڈبلیو ساتھی/دوست)","نمائر (کیمپ کا قیدی ساتھی)",6,"483 575 576 577 578","486:481 575:576 576:576 577:576 577:578 578:578"
"سلطان (پی۔او۔ڈبلیو ساتھی/دوست)","وسیم بھائی (بدیع الزمان کا سالا/قرض خواہ)",1,"609","612:606"
"سلطان (پی۔او۔ڈبلیو ساتھی/دوست)","چاچا احمد خان راٹھور",24,"489 490 496 511 512 560 563 564 570 571 572 574 583 607 608 609 610 615","486:493 487:493 488:493 500:493 511:512 513:512 561:559 561:566 562:566 563:566 575:566 575:567 575:570 575:573 575:574 578:588 612:602 612:603 612:604 612:605 612:607 612:608 612:609 612:619"
"سلطان (پی۔او۔ڈبلیو ساتھی/دوست)","چوہدری اظہر (ایس ایچ او نور پور)",10,"564 565 571 578 579 609","561:567 562:567 563:567 575:567 575:581 576:581 577:581 578:581 612:606 612:607"
"سلطان (پی۔او۔ڈبلیو ساتھی/دوست)","ڈاکٹر (کریم بخش کا بیٹا)",11,"500 506 509 510 511 512 516 517 558","500:501 511:501 511:502 511:507 511:509 511:510 511:512 513:512 513:520 515:520 561:555"
"سلطان (پی۔او۔ڈبلیو ساتھی/دوست)","ڈاکٹر احسان الحق (پُل کھنگر)",5,"505 510 515 516 517","500:510 511:510 511:520 513:520 515:520"
"سلطان (پی۔او۔ڈبلیو ساتھی/دوست)","ڈاکٹر خدابخش کھوکھر (چیف کیمسٹ)",3,"516 517 518","511:521 513:521 515:521"
"سلطان (پی۔او۔ڈبلیو ساتھی/دوست)","کریم راٹھور",4,"511 512 518 519","511:512 513:512 513:523 515:523"
"سلطان (پی۔او۔ڈبلیو ساتھی/دوست)","کنیز",6,"481 580 581","486:476 486:477 575:585 576:585 577:585 578:585"
"سلطان (پی۔او۔ڈبلیو ساتھی/دوست)","کیپٹن اسرار",1,"560","561:560"
"سلطان (پی۔او۔ڈبلیو ساتھی/دوست)","کیپٹن جمال",1,"614","612:616"
"سلطان (پی۔او۔ڈبلیو ساتھی/دوست)","ہکیم حاذق",4,"502 508 509","500:505 511:505 511:506 511:507"
"سلطان (پی۔او۔ڈبلیو ساتھی/دوست)","یعقوب اعوان",6,"489 490 496 497 574","486:493 487:493 488:493 500:493 500:494 575:574"
"سلیم","سکینہ (اعجاز کی بیوی)",60,"98 197 198 201 206 207 208 209 210 215 216 217 218 267 272 419 420 421 426 620 626 633 681 682 683 687 688 690 692 693 694 696 699 703 704 705 708 715 717 718 719 721 726 727 728 731","94:102 95:102 202:193 202:194 202:200 202:211 203:211 204:211 205:211 206:211 207:211 208:211 209:211 220:211 220:213 220:214 220:215 220:216 270:264 270:275 423:415 423:416 423:417 423:420 423:430 621:619 621:631 622:631 635:631 678:685 679:685 681:685 682:685 690:685 690:686 690:687 690:691 694:691 694:692 694:694 699:694 699:700 706:700 706:702 706:704 706:705 706:711 719:711 719:715 719:716 719:717 719:718 719:719 720:719 720:722 731:722 731:723 731:724 731:725 731:732"
"سلیم","شعیب",1,"736","731:741"
"سلیم","شمس (بدیع الزمان کا اسسٹنٹ)",6,"692 694 696 702 705 706","690:694 694:694 699:694 699:705 706:705 706:706"
"سلیم","شوکت",1,"270","270:270"
"سلیم","شہلا رضوی",1,"734","731:737"
"سلیم","شیر بہادر اعوان",2,"89 92","94:85 94:91"
"سلیم","طارق (ورکس منیجر)",1,"271","270:272"
"سلیم","عامر محمود (چیف کیمسٹ)",16,"637 639 644 651 657 658 659 669 671 672 674 676","635:640 638:640 639:640 649:640 649:653 662:653 662:654 662:655 662:656 662:657 664:674 665:674 669:674 670:674 674:674 678:674"
"سلیم","عباس (چاچا احمد کا بیٹا)",24,"90 97 98 197 231 243 244 245 246 247 249 250 427 619 720 721 726 727","94:86 94:101 95:101 202:193 231:232 248:238 248:240 248:241 248:242 248:243 248:245 248:246 248:247 248:251 249:251 250:251 423:432 621:617 621:618 719:722 720:722 731:722 731:723 731:724"
"سلیم","علی بہادر",1,"92","94:91"
"سلیم","عمران (ہوسٹل ساتھی)",7,"203 204 205 422","202:205 203:205 204:205 205:205 206:205 423:421 423:422"
"سلیم","غلام حسین",24,"202 203 204 205 206 207 208 209 215 216 220 231 248 249 251 270","202:202 203:202 203:203 204:203 204:205 205:205 206:205 206:206 207:206 207:207 208:207 208:208 209:208 209:209 220:210 220:212 220:220 231:231 248:248 249:248 249:249 250:249 250:252 270:270"
"سلیم","فرخ غوری",3,"708 714 731","706:710 719:710 731:731"
"سلیم","فلک شیر اعوان",1,"92","94:91"
"سلیم","قائد (پارٹی بانی لیڈر)",94,"91 92 94 99 198 199 207 208 209 210 216 220 226 227 228 230 234 246 248 249 250 267 271 420 421 426 619 622 630 631 632 635 636 638 640 645 646 648 649 657 658 660 663 664 667 669 670 672 674 676 677 678 679 680 681 682 686 687 689 692 694 697 698 699 702 703 704 706 722 723 728 731","94:89 94:90 94:94 95:94 95:103 202:194 202:195 202:196 202:212 203:212 204:212 205:212 206:212 207:212 208:212 209:212 220:212 220:220 231:221 231:222 231:223 231:224 231:225 231:226 231:229 231:237 248:245 248:248 249:248 249:249 250:249 250:250 270:264 270:272 423:417 423:418 423:419 423:420 423:429 621:617 621:623 622:623 635:626 635:627 635:628 635:629 635:635 638:635 638:638 639:638 639:642 649:642 649:643 649:648 649:649 662:652 662:654 662:658 662:659 662:664 663:664 664:664 665:664 665:669 669:669 670:669 670:671 674:671 674:675 678:675 678:677 678:678 679:678 679:679 681:679 681:681 682:681 682:682 690:682 690:684 690:688 690:695 694:695 699:695 699:698 699:699 706:699 706:701 706:702 706:706 719:726 720:726 731:726 731:731"
"سلیم","لیفٹیننٹ کرنل اسلام الدین",3,"616 619 732","621:611 621:618 731:733"
"سلیم","ماسی (سرفراز کی پرورش کرنے والی)",12,"98 245 247 252 253 626 633 634","94:102 95:102 248:243 248:246 248:257 249:257 250:257 621:631 622:631 635:631 635:633 635:634"
"سلیم","ماسی مریم",12,"98 245 247 252 253 626 633 634","94:102 95:102 248:243 248:246 248:257 249:257 250:257 621:631 622:631 635:631 635:633 635:634"
"سلیم","محمد نواز چیمہ",3,"93 94","94:93 94:94 95:94"
"سلیم","محمد یاسین (طلوع کا رپورٹر/ساتھی)",2,"702 706","699:706 706:706"
"سلیم","معین الدین شاہ",6,"622 623 630 631","621:624 622:624 635:625 635:626 635:627 635:628"
"سلیم","ملک جہانگیر اعوان (ایم ایل اے)",34,"89 92 94 95 197 200 221 226 230 231 243 246 247 251 252 267 268 272 420 421 620 634 640 641 642 647 670 672 674 676","94:85 94:91 94:95 95:95 202:193 202:199 220:222 231:222 231:229 231:230 231:232 248:238 248:239 248:245 248:246 248:255 249:255 250:255 270:264 270:266 270:275 423:417 423:419 621:619 635:633 635:645 638:645 639:645 649:645 665:675 669:675 670:675 674:675 678:675"
"سلیم","ملک حمید",7,"197 198 234 243 246 268 272","202:192 202:194 231:238 248:238 248:245 270:266 270:275"
"سلیم","ملک رشید (ملک حمید کا بھائی)",1,"272","270:275"
"سلیم","ملک عالم جہاں اعوان",1,"92","94:91"
"سلیم","منشی کریم شاہ",4,"251 252 267","248:255 249:255 250:255 270:264"
"سلیم","منظور (اعجاز کا ورکر)",7,"198 418 420 684 685 689","202:195 423:413 423:417 679:689 681:689 682:689 690:689"
"سلیم","مولوی فقیر الدین",2,"98","94:102 95:102"
"سلیم","میاں انتظار حسین (ایڈووکیٹ ہائی کورٹ)",45,"89 621 622 630 631 633 635 636 638 639 644 645 647 648 649 657 658 659 661 662 663 664 665 667 668 671 673 676 678 682 683 687 731","94:85 621:621 622:621 622:622 635:625 635:628 635:632 635:635 638:635 638:639 639:639 649:639 649:641 649:642 649:645 649:646 649:647 649:648 649:649 662:652 662:653 662:654 662:657 662:660 662:661 662:663 663:663 664:663 664:664 665:664 665:666 669:666 669:667 669:668 669:673 670:673 674:673 674:678 678:678 679:678 679:685 681:685 682:685 690:685 731:731"
"سلیم","میجر صدیق",1,"424","423:426"
"سلیم","میجر/کیپٹن سرفراز اعوان",69,"90 91 92 93 95 197 202 203 204 205 206 207 208 209 215 216 217 218 220 231 243 244 247 248 249 250 267 268 271 421 422 423 616 617 618 619 686 690 692 693 720 726 727 728 731","94:86 94:87 94:88 94:89 94:90 94:91 94:92 94:93 94:96 95:96 202:193 202:202 203:202 203:204 204:204 205:204 205:205 206:205 206:207 207:207 208:207 208:208 209:208 209:209 220:211 220:212 220:213 220:214 220:215 220:216 220:220 231:231 248:238 248:240 248:247 248:249 249:249 250:249 250:250 270:264 270:265 270:266 270:267 270:273 423:420 423:421 423:422 423:423 621:611 621:612 621:613 621:614 621:615 621:616 621:617 621:618 681:691 682:691 690:691 694:691 694:693 719:721 720:721 731:721 731:722 731:723 731:724 731:725 731:732"
"سلیم","نامعلوم مزدور عورت (ملک حمید/لطیف کا تعلق)",32,"90 91 93 97 197 206 207 208 209 210 215 217 218 421 678 680 681 682 686 693 695 698 699 702 721 727","94:87 94:88 94:92 94:100 95:100 202:193 202:211 203:211 204:211 205:211 206:211 207:211 208:211 209:211 220:211 220:215 220:217 423:420 674:682 678:682 679:682 681:682 682:682 690:682 690:697 694:697 699:697 699:699 706:699 719:723 720:723 731:723"
"سلیم","نانبائی (او جھری والا)",17,"203 204 205 206 207 208 209 673 674 676 678","202:205 203:205 204:205 205:205 206:205 206:206 207:206 207:207 208:207 208:208 209:208 209:209 669:678 670:678 674:678 678:678 679:678"
"سلیم","نسرین",17,"197 212 213 218 249 250 616 617 618 619 735","202:192 202:193 207:217 208:217 209:217 220:217 248:250 249:250 250:250 621:611 621:612 621:613 621:614 621:615 621:616 621:617 731:739"
"سلیم","نسیمہ (شعیب کی بہن)",7,"421 720 726 727 735","423:420 719:721 720:721 731:721 731:722 731:724 731:739"
"سلیم","نیلی (بھینس)",4,"698 701 704 705","694:703 699:703 706:703 706:704"
"سلیم","وریا م",1,"92","94:91"
"سلیم","وسیم بھائی (بدیع الزمان کا سالا/قرض خواہ)",13,"90 274 423 623 624 630 631 685 686 690 692 708 715","94:86 270:279 423:423 621:626 622:626 635:626 635:627 681:690 682:690 690:690 694:690 706:711 719:711"
"سلیم","پروفیسر میر صاحب",6,"221 226 248 249","220:222 231:222 248:248 249:248 249:249 250:249"
"سلیم","چاچا احمد خان راٹھور",65,"98 197 198 199 200 201 202 203 204 205 206 207 208 209 215 216 218 219 220 227 228 231 243 244 245 246 247 248 249 250 266 272 427 620 634 692 694 696 699 703 706 721 727 732","94:102 95:102 202:192 202:193 202:194 202:195 202:196 202:197 202:198 202:199 202:200 202:202 203:202 203:203 204:203 204:204 205:204 205:205 206:205 206:206 207:206 207:207 208:207 208:208 209:208 209:209 220:210 220:212 220:216 220:217 220:218 220:220 231:223 231:225 231:231 248:238 248:241 248:242 248:243 248:244 248:245 248:246 248:248 249:248 249:249 250:249 250:250 270:262 270:263 270:275 423:432 621:619 635:633 635:634 690:694 694:694 699:694 699:700 706:700 706:706 719:723 720:723 731:723 731:724 731:734"
"سلیم","چوہدری اللہ داد خان",3,"252 253","248:257 249:257 250:257"
"سلیم","ڈاکٹر (کریم بخش کا بیٹا)",36,"212 213 218 622 633 636 637 641 646 647 648 649 657 677 679 680 681 682 686 687 692 694 697 698 699 702","207:217 208:217 209:217 220:217 621:623 622:623 635:632 635:637 638:637 638:644 639:644 649:644 649:645 649:646 649:647 649:648 649:649 662:652 674:681 678:681 679:681 681:681 682:681 682:682 690:682 690:683 690:684 690:685 690:695 694:695 699:695 699:696 699:697 699:698 699:699 706:699"
"سلیم","ڈاکٹر احسان الحق (پُل کھنگر)",7,"640 641 642 647 648 649","635:645 638:645 639:645 649:645 649:647 649:648 649:649"
"سلیم","ڈاکٹر خدابخش کھوکھر (چیف کیمسٹ)",11,"651 658 659 669 671 672 674 676","649:654 662:654 662:655 662:656 662:657 664:674 665:674 669:674 670:674 674:674 678:674"
"سلیم","ڈاکٹر سعد اللہ خان (کنسلٹنٹ کارڈیالوجسٹ)",4,"692 694 697 698","690:695 694:695 699:695 699:697"
"سلیم","ڈاکٹر عرفان (ڈیوٹی ڈاکٹر آئی سی یو)",4,"692 694 697 698","690:695 694:695 699:695 699:697"
"سلیم","کامران خان (جواں سال کیمسٹ)",13,"644 649 657 661 666 667 668 670 672 674 676","639:649 649:649 662:652 662:660 662:671 663:671 664:671 665:671 669:671 670:671 674:671 674:674 678:674"
"سلیم","کریم راٹھور",17,"91 267 622 623 665 666 668 671 672 674 676 678 719","94:89 270:264 621:624 622:624 662:668 663:668 664:668 665:668 669:668 669:674 670:674 674:674 678:674 678:678 679:678 719:719 720:719"
"سلیم","کنیز",18,"98 99 197 198 200 201 211 212 218 684 685 689","94:103 95:103 202:192 202:193 202:194 202:195 202:199 202:200 206:216 207:216 208:216 209:216 220:216 220:217 679:689 681:689 682:689 690:689"
"سلیم","کو چوہا (چوکیدار/کھیت میں سونے والا)",3,"253 254","248:258 249:258 250:258"
"سلیم","کیپٹن اسرار",3,"722 723 728","719:726 720:726 731:726"
"سلیم","کیپٹن جمال",2,"618 619","621:616 621:617"
"سلیم","گل افروز خان",5,"265 266 274 419","270:261 270:262 270:263 270:279 423:416"
"سلیم","یعقوب اعوان",9,"97 98 232 243 273 426 721 727","94:101 95:101 231:234 248:239 270:277 423:430 719:723 720:723 731:723"
"سندر سنگھ","صوبیدار جہاں خان",2,"53","49:57 50:57"
"سندر سنگھ","فضلے",2,"50 51","49:52 50:52"
"سندر سنگھ","قائد (پارٹی بانی لیڈر)",2,"53 54","49:58 50:58"
"سندر سنگھ","ملک جہانگیر اعوان (ایم ایل اے)",1,"44","49:40"
"سندر سنگھ","ملک عالم جہاں اعوان",2,"53","49:57 50:57"
"سندر سنگھ","میجر/کیپٹن سرفراز اعوان",3,"44 55","49:39 49:40 50:60"
"سندر سنگھ","نامعلوم مزدور عورت (ملک حمید/لطیف کا تعلق)",3,"48 50","49:47 49:51 50:51"
"سندر سنگھ","نسرین",4,"46 47 50","49:44 49:46 49:51 50:51"
"سندر سنگھ","نیلی (بھینس)",1,"48","49:48"
"سندر سنگھ","وسیم بھائی (بدیع الزمان کا سالا/قرض خواہ)",3,"48 54","49:48 49:59 50:59"
"سندر سنگھ","چاچا احمد خان راٹھور",3,"49 53","49:49 50:49 50:57"
"سندر سنگھ","چنبیلی (گھوڑی)",2,"47 48","49:45 49:48"
"سندر سنگھ","چوہدری اظہر (ایس ایچ او نور پور)",2,"53","49:57 50:57"
"سندر سنگھ","ڈاکٹر (کریم بخش کا بیٹا)",2,"50 51","49:52 50:52"
"سندر سنگھ","کلونت کور",5,"45 46 51","49:41 49:42 49:43 49:53 50:53"
"سندر سنگھ","یعقوب اعوان",10,"45 46 47 48 49 50","49:41 49:43 49:44 49:45 49:46 49:47 49:48 49:49 50:49 50:50"
"سپاہی غلام رسول (یونٹ ڈرائیور/ساتھی)","سکینہ (اعجاز کی بیوی)",4,"342 347 743 749","345:340 345:349 747:740 747:751"
"سپاہی غلام رسول (یونٹ ڈرائیور/ساتھی)","سیکنڈ لفٹننٹ امتیاز",1,"748","747:750"
"سپاہی غلام رسول (یونٹ ڈرائیور/ساتھی)","شعیب",8,"340 341 342 348 744","345:335 345:336 345:337 345:338 345:340 345:351 747:741 747:742"
"سپاہی غلام رسول (یونٹ ڈرائیور/ساتھی)","شہلا رضوی",1,"742","747:737"
"سپاہی غلام رسول (یونٹ ڈرائیور/ساتھی)","عباس (چاچا احمد کا بیٹا)",1,"750","747:754"
"سپاہی غلام رسول (یونٹ ڈرائیور/ساتھی)","قائد (پارٹی بانی لیڈر)",6,"343 344 347 747","345:341 345:342 345:343 345:344 345:349 747:747"
"سپاہی غلام رسول (یونٹ ڈرائیور/ساتھی)","لیفٹیننٹ کرنل اسلام الدین",3,"341 744 747","345:337 747:741 747:747"
"سپاہی غلام رسول (یونٹ ڈرائیور/ساتھی)","ماسی (سرفراز کی پرورش کرنے والی)",1,"750","747:754"
"سپاہی غلام رسول (یونٹ ڈرائیور/ساتھی)","ماسی مریم",1,"750","747:754"
"سپاہی غلام رسول (یونٹ ڈرائیور/ساتھی)","مرزا عبد الرشید",2,"344 345","345:344 345:345"
"سپاہی غلام رسول (یونٹ ڈرائیور/ساتھی)","ملک جہانگیر اعوان (ایم ایل اے)",2,"344 347","345:344 345:349"
"سپاہی غلام رسول (یونٹ ڈرائیور/ساتھی)","ملک رشید (ملک حمید کا بھائی)",1,"344","345:344"
"سپاہی غلام رسول (یونٹ ڈرائیور/ساتھی)","منظور (اعجاز کا ورکر)",5,"343 344 345","345:341 345:342 345:343 345:344 345:345"
"سپاہی غلام رسول (یونٹ ڈرائیور/ساتھی)","میجر/کیپٹن سرفراز اعوان",15,"340 341 342 348 742 743 744 746 747","345:335 345:337 345:338 345:339 345:340 345:351 747:737 747:738 747:739 747:740 747:741 747:742 747:745 747:746 747:747"
"سپاہی غلام رسول (یونٹ ڈرائیور/ساتھی)","نامعلوم مزدور عورت (ملک حمید/لطیف کا تعلق)",1,"347","345:350"
"سپاہی غلام رسول (یونٹ ڈرائیور/ساتھی)","نسرین",5,"345 743 744 746","345:345 747:739 747:741 747:745 747:746"
"سپاہی غلام رسول (یونٹ ڈرائیور/ساتھی)","نسیمہ (شعیب کی بہن)",11,"340 341 342 348 743 744 746 750","345:335 345:336 345:338 345:339 345:340 345:351 747:739 747:740 747:742 747:746 747:753"
"سپاہی غلام رسول (یونٹ ڈرائیور/ساتھی)","وسیم بھائی (بدیع الزمان کا سالا/قرض خواہ)",2,"344 746","345:344 747:746"
"سپاہی غلام رسول (یونٹ ڈرائیور/ساتھی)","پیر حمید الدین بلال شاہ (مرشد بلال پور شریف)",1,"752","747:757"
"سپاہی غلام رسول (یونٹ ڈرائیور/ساتھی)","چاچا احمد خان راٹھور",2,"743 750","747:739 747:754"
"سپاہی غلام رسول (یونٹ ڈرائیور/ساتھی)","چوہدری اظہر (ایس ایچ او نور پور)",1,"347","345:350"
"سپاہی غلام رسول (یونٹ ڈرائیور/ساتھی)","گل افروز خان",1,"347","345:350"
"سکینہ (اعجاز کی بیوی)","سیف اللہ (چکی والا)",5,"110 114 116 117","105:115 106:115 114:115 118:115 118:116"
"سکینہ (اعجاز کی بیوی)","سینئر انڈر آفیسر صبغت اللہ",9,"278 279 284 294 295 299","275:281 276:281 277:281 278:281 287:281 289:299 290:299 292:299 300:299"
"سکینہ (اعجاز کی بیوی)","سیکنڈ لفٹننٹ امتیاز",4,"483 488 745 750","480:486 491:486 740:750 751:750"
"سکینہ (اعجاز کی بیوی)","شبیرا",2,"116 118","114:118 118:118"
"سکینہ (اعجاز کی بیوی)","شعیب",79,"281 282 286 287 292 293 294 298 303 309 310 311 312 314 316 317 318 322 323 324 325 326 327 328 329 330 331 332 336 337 338 339 340 344 350 351 354 356 357 358 359 360 387 388 402 558 559 563 564 567 568 597 736 740 746 754 755 756","276:286 277:286 278:286 287:286 287:287 288:287 288:296 289:296 290:296 292:296 300:296 300:306 313:306 313:307 313:308 313:309 313:312 313:316 316:316 318:316 318:318 326:318 326:320 326:321 326:322 326:323 326:324 326:325 326:326 327:326 327:328 328:328 329:328 329:329 330:329 330:330 332:330 332:331 332:332 340:332 340:334 340:335 340:336 340:337 340:338 340:340 349:340 349:351 350:351 351:351 352:351 352:356 357:356 357:357 358:357 358:358 359:358 359:359 361:359 384:391 385:391 407:397 556:561 557:561 558:561 566:561 566:562 566:569 567:569 568:569 597:598 732:741 740:741 751:741 751:742 751:758 753:758 754:758 755:758"
"سکینہ (اعجاز کی بیوی)","شمس (بدیع الزمان کا اسسٹنٹ)",23,"537 538 539 553 556 557 558 562 689 690 692 693 694 697 702 703 704 705 708 709","540:535 540:537 540:538 556:551 556:556 557:556 557:558 558:558 566:558 685:694 686:694 687:694 691:694 692:694 694:694 700:694 700:705 702:705 704:705 705:705 711:705 711:706 711:707"
"سکینہ (اعجاز کی بیوی)","شوکت",15,"138 143 267 272 273 282 287 290 291 292 296","133:143 143:143 144:143 264:270 275:270 275:272 277:287 278:287 287:287 288:287 288:293 289:293 290:293 292:293 300:293"
"سکینہ (اعجاز کی بیوی)","شہلا رضوی",2,"734 738","732:737 740:737"
"سکینہ (اعجاز کی بیوی)","شیر بہادر اعوان",11,"65 68 69 70 71 73 77 79","66:64 66:65 66:70 67:70 68:70 69:70 71:70 71:72 75:72 75:80 79:80"
"سکینہ (اعجاز کی بیوی)","شیشے والا سالا (بدیع الزمان کا دوسرا قرض خواہ)",7,"69 70 71 73 540","66:72 67:72 68:72 69:72 71:72 75:72 540:541"
"سکینہ (اعجاز کی بیوی)","صوبیدار جہاں خان",1,"61","66:57"
"سکینہ (اعجاز کی بیوی)","طارق (ورکس منیجر)",7,"268 273 277 278 279 283","264:272 275:272 275:280 276:280 277:280 278:280 287:280"
"سکینہ (اعجاز کی بیوی)","ظفر چوہدری",3,"570 571","566:575 567:575 568:575"
"سکینہ (اعجاز کی بیوی)","عامر محمود (چیف کیمسٹ)",2,"539 635","540:539 631:640"
"سکینہ (اعجاز کی بیوی)","عباس (چاچا احمد کا بیٹا)",87,"20 22 37 38 82 101 115 117 118 160 161 162 164 168 169 170 171 172 173 174 175 176 177 193 259 283 287 288 296 300 308 309 314 316 317 321 325 353 354 357 431 432 433 436 561 562 566 599 618 718 719 720 722 723 724 752 753 754 755 782 783 784","20:21 23:21 23:22 36:38 38:38 79:86 102:101 114:117 118:117 118:119 156:165 157:165 160:165 163:165 164:165 171:165 171:166 171:168 171:169 171:172 173:172 173:173 176:173 176:175 176:176 177:176 177:177 193:193 194:193 264:255 278:288 287:288 288:288 289:288 292:301 300:301 313:303 313:304 313:305 313:306 313:316 316:316 318:316 318:317 318:325 326:325 349:357 350:357 351:357 352:357 357:357 358:357 430:432 431:432 432:432 433:432 433:433 440:433 556:566 557:566 558:566 566:566 567:566 597:601 619:617 619:618 715:722 716:722 717:722 718:722 719:722 722:722 723:722 723:723 724:723 724:724 725:724 751:754 753:754 754:754 755:754 755:755 782:782 783:782 783:783 784:783 784:785"
"سکینہ (اعجاز کی بیوی)","علی بہادر",7,"65 69 70 71 73","66:65 66:72 67:72 68:72 69:72 71:72 75:72"
"سکینہ (اعجاز کی بیوی)","عمران (ہوسٹل ساتھی)",17,"202 208 418 419 420 425 426 433 434 438 439 507","200:205 211:205 415:421 416:421 417:421 420:421 430:421 430:422 430:436 431:436 432:436 433:436 440:436 440:437 440:438 440:439 504:510"
"سکینہ (اعجاز کی بیوی)","غلام حسین",19,"197 198 201 206 207 208 209 210 211 212 216 217 218 267 272","193:202 194:202 200:202 211:202 211:203 211:205 211:206 211:207 211:208 211:209 211:210 211:212 213:212 213:220 214:220 215:220 216:220 264:270 275:270"
"سکینہ (اعجاز کی بیوی)","فرخ غوری",10,"705 706 707 710 726 727 728 731","700:710 702:710 704:710 705:710 711:710 722:731 723:731 724:731 725:731 732:731"
"سکینہ (اعجاز کی بیوی)","فضلے",2,"481 487","480:483 491:483"
"سکینہ (اعجاز کی بیوی)","فلک شیر اعوان",9,"65 68 69 70 75 77 79","66:65 66:70 67:70 68:70 69:70 71:70 71:80 75:80 79:80"
"سکینہ (اعجاز کی بیوی)","قائد (پارٹی بانی لیڈر)",220,"35 62 69 70 71 73 79 81 98 102 103 104 107 111 113 118 120 126 127 128 130 131 132 135 140 144 178 179 180 188 189 190 193 194 197 198 211 212 216 217 218 264 273 281 282 286 288 289 290 291 304 311 313 315 320 321 325 336 340 345 346 349 351 352 355 359 360 361 362 363 366 367 368 369 370 371 373 374 379 381 382 384 385 402 403 404 405 406 408 412 413 416 417 418 419 420 425 429 442 448 449 451 477 479 480 486 489 490 493 494 495 500 501 505 537 538 539 540 551 553 557 558 562 563 564 567 568 593 595 597 614 618 621 627 628 629 630 633 680 681 682 683 684 686 687 689 693 694 697 699 700 701 702 703 705 708 721 722 724 725 729 731 734 738 743 749 754 755 756 778 786 787","36:34 36:35 66:58 66:72 67:72 68:72 69:72 71:72 75:72 75:83 79:83 102:94 102:103 103:103 105:103 105:109 106:109 114:109 114:113 114:122 118:122 131:122 131:123 131:124 131:126 131:130 131:132 133:132 133:138 143:138 143:145 144:145 173:183 176:183 177:183 193:183 193:184 193:185 193:186 193:188 193:194 194:194 200:194 200:195 200:196 211:212 213:212 213:220 214:220 215:220 216:220 264:264 275:272 276:286 277:286 278:286 287:286 287:290 288:290 289:290 290:290 292:290 300:309 313:309 313:314 316:314 316:325 318:325 326:325 332:341 340:341 349:341 349:342 349:343 349:344 349:349 350:349 350:353 351:353 352:353 357:353 357:361 358:361 359:361 361:361 362:361 362:363 363:363 369:363 369:364 369:365 369:366 369:368 369:370 370:370 372:370 372:371 372:374 373:374 374:374 384:374 384:378 384:379 384:381 384:385 385:385 407:397 407:398 407:399 407:401 407:402 407:403 407:404 407:406 407:410 415:410 415:411 415:417 416:417 417:417 420:417 420:418 420:419 420:420 430:420 430:429 440:445 451:445 451:447 451:452 480:474 480:478 480:479 480:481 491:481 491:482 491:488 491:489 491:496 493:496 494:496 504:496 504:497 504:499 504:507 540:535 540:536 540:539 540:540 556:547 556:551 556:558 557:558 558:558 566:558 566:559 566:561 566:562 566:569 567:569 568:569 597:590 597:593 597:597 619:609 619:610 619:617 619:623 631:623 631:626 631:627 631:628 631:629 631:635 685:675 685:677 685:678 685:679 685:681 685:682 685:684 685:688 686:688 687:688 691:688 691:695 692:695 694:695 700:695 700:698 700:699 700:701 702:701 702:702 704:702 704:706 705:706 711:706 716:726 717:726 718:726 719:726 722:726 723:726 724:726 725:726 732:726 732:731 732:736 740:736 740:747 751:747 751:758 753:758 754:758 755:758 782:774 782:791 783:791 784:791"
"سکینہ (اعجاز کی بیوی)","قمر الاسلام",8,"456 478 479 494 495 496 501","451:461 480:477 480:478 480:479 491:498 493:498 494:498 504:498"
"سکینہ (اعجاز کی بیوی)","لیفٹیننٹ کرنل اسلام الدین",30,"130 133 134 139 140 141 332 333 334 338 593 598 615 618 728 729 732 736 740 746 749 777 778 780","131:130 131:136 133:136 143:136 143:137 143:138 143:139 327:337 328:337 329:337 330:337 332:337 340:337 597:589 597:590 597:600 619:611 619:618 723:733 724:733 725:733 732:733 740:733 740:741 751:741 751:747 782:773 782:774 782:775 782:778"
"سکینہ (اعجاز کی بیوی)","ماسی (سرفراز کی پرورش کرنے والی)",64,"21 22 23 37 38 68 69 70 71 73 74 77 79 102 116 118 131 132 133 138 156 157 158 159 162 163 164 167 168 172 173 174 175 176 177 260 261 289 290 291 292 296 300 315 316 317 561 562 566 567 568 631 752 753 754","20:22 23:22 23:23 36:38 38:38 66:71 67:71 68:71 69:71 71:71 75:71 75:74 75:79 79:79 102:102 103:102 114:118 118:118 131:131 133:131 133:133 143:133 156:156 157:156 157:157 160:157 160:158 160:164 163:164 164:164 171:164 171:165 171:173 173:173 176:173 176:174 176:175 176:176 177:176 177:177 264:257 264:258 287:292 288:292 289:292 290:292 292:292 300:292 300:300 313:317 316:317 318:317 556:566 557:566 558:566 566:566 567:566 567:568 568:568 631:631 751:754 753:754 754:754 755:754"
"سکینہ (اعجاز کی بیوی)","ماسی مریم",65,"21 22 23 37 38 68 69 70 71 73 74 77 79 102 116 118 131 132 133 138 156 157 158 159 162 163 164 167 168 171 172 173 174 175 176 177 260 261 289 290 291 292 296 300 315 316 317 561 562 566 567 568 631 752 753 754","20:22 23:22 23:23 36:38 38:38 66:71 67:71 68:71 69:71 71:71 75:71 75:74 75:79 79:79 102:102 103:102 114:118 118:118 131:131 133:131 133:133 143:133 156:156 157:156 157:157 160:157 160:158 160:164 163:164 164:164 171:164 171:165 171:171 173:171 173:173 176:173 176:174 176:175 176:176 177:176 177:177 264:257 264:258 287:292 288:292 289:292 290:292 292:292 300:292 300:300 313:317 316:317 318:317 556:566 557:566 558:566 566:566 567:566 567:568 568:568 631:631 751:754 753:754 754:754 755:754"
"سکینہ (اعجاز کی بیوی)","محمد نواز چیمہ",4,"97 98 385 386","102:93 102:94 384:387 385:387"
"سکینہ (اعجاز کی بیوی)","محمد یاسین (طلوع کا رپورٹر/ساتھی)",5,"703 704 705 708","700:706 702:706 704:706 705:706 711:706"
"سکینہ (اعجاز کی بیوی)","مرزا عبد الرشید",8,"342 346 347 456 493 494 499","340:344 349:344 349:345 451:461 491:495 493:495 494:495 504:495"
"سکینہ (اعجاز کی بیوی)","معین الدین شاہ",6,"621 627 628 629","619:624 631:624 631:625 631:626 631:627 631:628"
"سکینہ (اعجاز کی بیوی)","ملک جہانگیر اعوان (ایم ایل اے)",129,"38 39 80 82 98 105 106 107 111 119 121 127 128 136 137 142 143 144 151 152 154 158 160 161 163 176 177 178 179 188 189 190 192 193 196 199 217 218 219 259 264 270 275 276 288 289 290 291 342 346 349 356 359 360 361 362 363 366 367 371 372 373 374 379 380 381 385 404 406 407 411 412 413 416 417 418 419 494 495 500 501 505 560 561 565 566 567 568 594 595 596 597 614 619 632 680","36:40 38:40 75:85 79:85 102:95 102:109 103:109 105:109 106:109 114:109 114:124 118:124 131:124 131:126 131:141 133:141 143:141 143:142 143:143 144:143 144:144 156:146 156:147 156:148 156:149 156:152 156:160 157:160 160:160 163:160 163:163 164:163 171:181 173:181 176:181 177:181 193:183 193:186 193:188 193:191 193:193 194:193 194:199 200:199 213:222 214:222 215:222 216:222 264:255 264:264 275:266 275:275 276:275 276:276 277:276 287:289 288:289 289:289 290:289 290:290 292:290 340:344 349:344 349:349 350:349 351:361 352:361 357:361 358:361 359:361 361:361 362:361 362:362 363:362 363:363 369:363 369:365 369:374 370:374 372:374 373:374 374:374 384:374 384:375 384:376 384:377 384:378 384:379 384:386 385:386 407:401 407:402 407:406 407:407 415:407 415:408 415:409 415:410 415:412 415:417 416:417 417:417 420:417 420:419 491:497 493:497 494:497 504:497 504:499 504:507 556:564 557:564 558:564 566:564 566:565 566:567 567:567 568:567 568:569 597:591 597:593 597:595 597:596 597:597 619:609 619:610 619:619 631:633 685:675"
"سکینہ (اعجاز کی بیوی)","ملک حمید",17,"145 151 152 192 193 194 197 265 270 275 598 786 787","143:147 144:147 156:147 156:148 193:191 193:192 193:194 194:194 200:194 264:266 275:266 275:275 276:275 597:599 782:791 783:791 784:791"
"سکینہ (اعجاز کی بیوی)","ملک رشید (ملک حمید کا بھائی)",16,"133 134 139 140 141 147 153 275 276 342 346","131:135 133:135 143:135 143:136 143:137 143:138 143:139 143:151 144:151 156:151 275:275 276:275 276:276 277:276 340:344 349:344"
"سکینہ (اعجاز کی بیوی)","ملک عالم جہاں اعوان",2,"61 62","66:57 66:58"
"سکینہ (اعجاز کی بیوی)","ملک لطیف",4,"598 786 787","597:599 782:791 783:791 784:791"
"سکینہ (اعجاز کی بیوی)","منشی کریم شاہ",6,"138 143 259 264 406","133:143 143:143 144:143 264:255 264:264 407:406"
"سکینہ (اعجاز کی بیوی)","منظور (اعجاز کا ورکر)",70,"69 70 71 72 74 194 197 336 340 345 346 347 348 349 361 362 363 364 367 368 369 373 374 375 380 384 385 402 409 413 414 416 417 418 437 441 446 447 449 450 451 491 492 493 494 499 504 687 688 690","66:73 67:73 68:73 69:73 71:73 75:73 193:195 194:195 200:195 332:341 340:341 349:341 349:342 349:343 349:344 349:345 349:346 349:347 349:348 349:349 350:349 357:365 358:365 359:365 361:365 362:365 363:365 369:365 369:366 369:367 369:368 369:369 370:369 370:377 372:377 373:377 374:377 384:377 384:385 385:385 407:398 407:411 415:411 415:412 415:413 415:417 416:417 417:417 420:417 432:442 433:442 440:442 451:442 451:443 451:444 451:447 451:448 451:449 451:450 451:451 491:491 493:491 493:494 494:494 504:494 504:504 685:689 686:689 687:689 691:689"
"سکینہ (اعجاز کی بیوی)","منیر میکنک",4,"475 476 480 592","480:470 480:472 480:480 597:588"
"سکینہ (اعجاز کی بیوی)","مولوی فقیر الدین",7,"102 103 104 115 117 118","102:102 103:102 103:103 105:103 114:117 118:117 118:118"
"سکینہ (اعجاز کی بیوی)","میاں انتظار حسین (ایڈووکیٹ ہائی کورٹ)",29,"16 80 82 437 441 446 555 556 558 562 594 620 626 627 628 629 631 681 685 726 727 728 731","20:12 75:85 79:85 432:442 433:442 440:442 451:442 556:554 556:556 557:556 557:559 558:559 566:559 597:591 619:621 631:621 631:622 631:624 631:625 631:628 631:632 685:678 685:685 686:685 722:731 723:731 724:731 725:731 732:731"
"سکینہ (اعجاز کی بیوی)","میجر ست پال ٹھاکر (کیمپ افسرِ دشمن)",1,"780","782:779"
"سکینہ (اعجاز کی بیوی)","میجر صدیق",10,"421 423 428 480 486 487 491 492","416:426 417:426 420:426 430:426 480:481 491:481 491:482 491:483 491:492 493:492"
"سکینہ (اعجاز کی بیوی)","میجر قدیر (ازمیر مل کا ایڈمن افسر)",1,"539","540:539"
"سکینہ (اعجاز کی بیوی)","میجر/کیپٹن سرفراز اعوان",316,"15 17 18 19 20 22 23 34 35 36 37 38 63 67 68 69 70 71 73 74 75 77 79 97 99 100 101 102 103 104 109 113 115 117 118 131 132 156 157 158 160 161 164 168 169 170 171 172 173 174 176 177 193 198 201 206 207 208 209 210 211 212 213 214 215 216 264 270 271 274 276 277 278 283 287 288 289 291 292 296 300 308 309 310 311 312 313 314 315 316 317 318 322 323 324 325 326 327 328 329 330 331 332 336 337 338 339 340 344 350 351 352 355 356 357 358 359 360 366 367 370 371 373 374 379 382 387 388 402 406 417 418 420 425 426 427 429 430 431 432 433 436 438 439 440 446 454 481 487 489 506 541 551 552 553 554 558 559 563 564 565 566 567 568 593 594 595 596 597 615 616 617 618 688 689 691 692 693 716 718 719 720 721 722 723 724 725 728 732 736 738 739 740 746 748 749 750 751 752 753 754 755 777 778 779 780 781 782 783 784","20:11 20:14 20:15 20:16 20:17 20:18 20:19 20:21 23:21 23:22 23:23 36:33 36:34 36:35 36:36 38:36 38:37 38:38 66:60 66:61 66:68 67:68 68:68 69:68 69:69 71:69 71:70 71:71 75:71 75:74 75:75 79:75 79:79 102:92 102:93 102:96 102:99 102:100 102:101 102:102 103:102 103:103 105:103 105:113 106:113 114:113 114:116 118:116 118:117 118:119 131:131 133:131 156:156 157:156 157:157 160:157 160:160 163:160 163:165 164:165 171:165 171:166 171:168 171:169 171:171 173:171 173:173 176:173 176:176 177:176 177:177 193:193 194:193 194:202 200:202 211:202 211:204 211:205 211:207 211:208 211:209 211:211 213:211 213:212 213:213 214:213 214:214 215:214 215:215 216:215 216:216 264:264 275:265 275:266 275:267 275:273 275:274 275:277 276:277 277:277 278:277 278:279 287:279 287:287 288:287 288:288 289:288 289:289 290:289 290:292 292:292 300:292 300:300 313:303 313:304 313:305 313:306 313:307 313:308 313:309 313:310 313:311 313:312 313:313 316:313 316:314 316:315 316:316 318:316 318:317 318:318 326:318 326:319 326:320 326:321 326:322 326:323 326:324 326:325 326:326 327:326 327:327 328:327 328:328 329:328 329:330 330:330 332:330 332:331 332:332 340:332 340:333 340:334 340:335 340:337 340:338 340:339 340:340 349:340 349:351 350:351 351:351 352:351 352:353 357:353 357:354 357:355 357:356 357:357 358:357 358:358 359:358 359:359 361:359 361:371 362:371 363:371 369:371 370:371 372:371 372:375 373:375 374:375 384:375 384:380 384:391 385:391 407:397 407:405 407:406 415:420 416:420 417:420 420:420 430:420 430:421 430:422 430:423 430:424 430:428 430:430 431:430 431:431 432:431 432:432 433:432 433:433 440:433 440:436 440:437 440:438 440:439 440:441 451:441 451:458 480:483 491:483 491:484 491:487 504:508 540:543 556:546 556:547 556:548 556:549 556:550 556:552 556:560 557:560 558:560 566:560 566:561 566:562 566:563 566:565 566:566 567:566 567:567 568:567 568:568 597:589 597:590 597:591 597:592 597:593 597:594 597:595 597:596 597:597 619:611 619:612 619:613 619:614 619:615 619:616 619:617 619:618 685:691 686:691 687:691 691:691 692:691 692:693 694:693 711:721 715:721 716:721 717:721 718:721 719:721 722:721 722:722 723:722 723:723 724:723 724:724 725:724 725:725 732:725 732:732 740:732 740:736 740:737 740:738 740:739 740:740 751:741 751:742 751:745 751:746 751:747 751:748 751:749 751:750 751:751 753:751 753:752 753:753 754:753 754:754 755:754 755:755 782:772 782:773 782:774 782:775 782:776 782:777 782:778 782:779 782:781 782:782 783:782 783:783 784:783 784:784"
"سکینہ (اعجاز کی بیوی)","نامعلوم مزدور عورت (ملک حمید/لطیف کا تعلق)",86,"18 19 35 42 61 62 83 97 101 102 104 105 106 110 111 112 113 114 116 119 128 129 130 132 133 138 139 140 145 146 152 155 193 211 212 214 215 216 345 349 350 352 353 355 417 418 420 425 476 477 505 540 557 558 562 563 597 683 692 694 695 698 699 719 720 721 722 723 783 784","20:16 20:17 20:18 20:19 36:34 38:47 66:56 66:58 79:87 102:92 102:100 102:102 103:102 103:106 105:106 106:106 114:106 114:109 114:110 114:111 114:113 114:115 118:115 118:120 131:126 131:128 131:130 131:134 133:134 143:134 143:136 143:137 143:148 144:148 156:148 156:154 156:155 193:193 194:193 211:211 213:211 213:215 214:215 215:215 216:215 216:217 340:350 349:350 350:350 351:350 351:354 352:354 357:354 415:420 416:420 417:420 420:420 430:420 480:473 480:475 504:507 540:540 556:558 557:558 558:558 566:558 566:560 597:598 685:682 687:697 691:697 692:697 694:697 700:697 700:699 715:723 716:723 717:723 718:723 719:723 722:723 723:723 724:723 782:784 783:784 784:784"
"سکینہ (اعجاز کی بیوی)","نانبائی (او جھری والا)",7,"202 208 209 210 681","200:205 211:205 211:206 211:207 211:208 211:209 685:678"
"سکینہ (اعجاز کی بیوی)","نسرین",72,"15 17 19 24 25 32 35 40 41 110 114 116 117 164 166 170 174 175 177 192 193 214 215 216 330 331 332 333 337 342 347 352 353 354 356 357 407 411 413 477 593 594 597 615 616 617 618 735 739 740 746 748 783 784","20:11 20:15 20:18 20:19 20:28 23:28 36:28 36:29 36:34 36:44 38:44 105:115 106:115 114:115 118:115 118:116 160:169 163:169 164:169 171:169 171:178 173:178 176:178 177:178 193:192 193:193 194:193 211:217 213:217 214:217 215:217 216:217 326:334 327:334 328:334 329:334 330:334 332:334 340:334 340:345 349:345 349:356 350:356 351:356 352:356 357:356 357:357 358:357 407:407 415:407 415:412 480:475 597:589 597:590 597:592 597:597 619:611 619:612 619:613 619:614 619:615 619:616 619:617 732:739 740:739 740:741 751:741 751:745 751:746 782:784 783:784 784:784"
"سکینہ (اعجاز کی بیوی)","نسیمہ (شعیب کی بہن)",103,"281 282 286 314 316 317 318 322 323 324 325 327 328 329 330 331 332 336 337 338 339 340 344 350 351 352 355 356 357 358 359 360 387 388 402 417 418 420 425 482 487 489 541 551 552 553 554 558 559 563 564 568 569 593 597 716 718 719 720 721 722 723 724 735 739 740 746 748 752 753 754 755 783 784","276:286 277:286 278:286 287:286 313:316 316:316 318:316 318:319 326:319 326:320 326:321 326:323 326:324 326:328 327:328 328:328 329:328 329:329 330:329 330:330 332:330 332:332 340:332 340:333 340:334 340:335 340:336 340:338 340:339 340:340 349:340 349:351 350:351 351:351 352:351 352:353 357:353 357:354 357:355 357:356 357:357 358:357 358:358 359:358 359:359 361:359 384:391 385:391 407:397 415:420 416:420 417:420 420:420 430:420 480:484 491:484 491:487 540:543 556:546 556:547 556:548 556:549 556:550 556:552 556:560 557:560 558:560 566:560 566:561 566:562 566:563 566:571 567:571 568:571 597:589 597:590 597:598 711:721 715:721 716:721 717:721 718:721 719:721 722:721 722:722 723:722 723:724 724:724 725:724 732:739 740:739 740:740 751:742 751:746 751:753 753:753 754:753 754:754 755:754 755:756 782:785 783:785 784:785"
"سکینہ (اعجاز کی بیوی)","نصیر شیخ (پارٹی امیدوار)",8,"362 363 364 365 368 402","357:367 358:367 359:367 361:367 362:367 363:367 369:367 407:398"
"سکینہ (اعجاز کی بیوی)","نمائر (کیمپ کا قیدی ساتھی)",5,"480 486 571 572","480:481 491:481 566:576 567:576 568:576"
"سکینہ (اعجاز کی بیوی)","نیلی (بھینس)",7,"43 698 701 702 703 704","38:48 694:703 700:703 702:703 704:703 704:704 705:704"
"سکینہ (اعجاز کی بیوی)","وسیم بھائی (بدیع الزمان کا سالا/قرض خواہ)",73,"18 23 24 31 32 35 37 38 62 70 71 72 74 77 79 105 106 107 111 133 134 139 178 179 180 188 277 278 283 342 346 352 353 354 356 375 376 377 382 385 419 420 421 426 535 601 622 628 629 687 688 690 706 707 708 711 713 743 748 781 787 788","20:17 20:26 23:26 36:26 36:28 36:35 36:38 38:38 66:59 66:74 67:74 68:74 69:74 71:74 75:74 75:79 79:79 102:109 103:109 105:109 106:109 114:109 131:136 133:136 143:136 173:183 176:183 177:183 193:183 275:279 276:279 277:279 278:279 287:279 340:344 349:344 349:356 350:356 351:356 352:356 357:356 370:380 372:380 373:380 374:380 384:380 384:386 385:386 415:423 416:423 417:423 420:423 430:423 540:530 597:606 619:626 631:626 631:627 685:690 686:690 687:690 691:690 702:711 704:711 705:711 711:711 715:711 740:746 751:746 782:781 782:792 783:792 784:792"
"سکینہ (اعجاز کی بیوی)","پروفیسر میر صاحب",4,"217 218 219","213:222 214:222 215:222 216:222"
"سکینہ (اعجاز کی بیوی)","پھاتو مراثن (ڈھولکی)",7,"353 354 355 357 358","349:358 350:358 351:358 352:358 357:358 358:358 359:358"
"سکینہ (اعجاز کی بیوی)","پیر حمید الدین بلال شاہ (مرشد بلال پور شریف)",12,"35 159 161 162 754 755 756 786 787","36:34 156:162 157:162 160:162 163:162 751:757 753:757 754:757 755:757 782:791 783:791 784:791"
"سکینہ (اعجاز کی بیوی)","چاچا احمد خان راٹھور",215,"21 23 36 37 38 61 64 66 67 72 73 75 77 102 103 104 105 106 110 114 116 117 118 126 127 129 131 132 133 138 143 145 151 152 154 158 160 161 162 163 164 167 168 169 170 171 172 173 174 175 176 177 188 189 190 191 192 193 194 197 198 199 200 206 207 208 209 210 211 212 214 215 216 263 275 276 277 278 282 283 287 288 289 290 291 292 296 300 314 316 317 352 353 354 356 357 358 360 361 362 367 370 371 372 374 379 384 385 407 411 431 432 438 441 447 477 492 493 508 557 558 562 566 567 569 592 599 614 619 632 689 690 692 693 694 697 700 701 704 705 708 719 720 721 722 723 724 729 733 737 739 752 753 754 755 782 784","20:23 23:23 36:36 38:36 38:38 66:57 66:63 66:67 67:67 68:67 68:76 69:76 71:76 75:76 79:76 102:102 103:102 103:103 105:103 105:105 106:105 106:106 114:106 114:107 114:115 118:115 118:116 118:117 118:118 131:121 131:122 131:123 131:128 131:131 133:131 133:133 143:133 143:143 144:143 144:146 156:146 156:147 156:148 156:149 156:152 156:160 157:160 160:160 163:160 163:162 163:163 164:163 164:164 171:164 171:165 171:166 171:167 171:168 171:169 171:170 171:171 173:171 173:172 173:173 176:173 176:174 176:175 176:176 177:176 177:177 193:184 193:185 193:186 193:188 193:189 193:190 193:191 193:192 193:193 194:193 194:194 200:194 200:195 200:196 200:197 200:198 200:199 200:200 211:202 211:203 211:204 211:205 211:206 211:207 211:208 211:209 211:210 211:212 213:212 213:216 214:216 215:216 216:216 264:262 264:263 275:275 276:275 276:276 277:276 277:277 278:277 278:278 287:278 287:279 287:287 288:287 288:288 289:288 289:290 290:290 292:290 292:292 300:292 300:300 313:316 316:316 318:316 318:317 349:356 350:356 351:356 352:356 357:356 357:357 358:357 358:358 359:358 359:362 361:362 362:362 363:362 363:372 369:372 370:372 372:372 373:372 373:375 374:375 384:375 384:385 385:385 407:408 415:408 430:432 431:432 432:432 433:432 433:443 440:443 451:443 480:474 491:493 493:493 494:493 504:512 556:559 557:559 558:559 566:559 566:566 567:566 567:567 568:567 568:570 597:588 597:601 619:609 619:619 631:633 685:694 686:694 687:694 691:694 692:694 694:694 700:694 700:700 702:700 702:706 704:706 705:706 711:706 715:723 716:723 717:723 718:723 719:723 722:723 723:723 724:723 724:724 725:724 725:734 732:734 740:734 740:739 751:754 753:754 754:754 755:754 755:755 782:782 783:782 783:785 784:785"
"سکینہ (اعجاز کی بیوی)","چنبیلی (گھوڑی)",6,"40 41 67 68","36:45 38:45 66:68 67:68 68:68 69:68"
"سکینہ (اعجاز کی بیوی)","چوہدری ارشد (یونین رہنما)",7,"361 362 363 364 367","357:365 358:365 359:365 361:365 362:365 363:365 369:365"
"سکینہ (اعجاز کی بیوی)","چوہدری اظہر (ایس ایچ او نور پور)",34,"61 107 108 109 113 133 134 139 140 141 147 153 297 301 345 349 350 445 450 452 562 566 567 598 754 755 756","66:57 102:112 103:112 105:112 106:112 114:112 131:136 133:136 143:136 143:137 143:138 143:139 143:151 144:151 156:151 292:302 300:302 340:350 349:350 350:350 351:350 440:450 451:450 451:453 557:567 558:567 566:567 567:567 568:567 597:599 751:758 753:758 754:758 755:758"
"سکینہ (اعجاز کی بیوی)","چوہدری اللہ داد خان",1,"260","264:257"
"سکینہ (اعجاز کی بیوی)","چوہدری شدا",7,"361 362 363 364 367","357:366 358:366 359:366 361:366 362:366 363:366 369:366"
"سکینہ (اعجاز کی بیوی)","ڈاکٹر (کریم بخش کا بیٹا)",47,"20 21 61 62 105 106 107 111 113 131 132 214 215 216 453 496 497 502 503 505 535 536 537 555 621 627 631 683 684 685 690 691 693 694 697 698 699","20:20 23:20 66:57 66:58 102:109 103:109 105:109 106:109 114:109 114:112 131:131 133:131 211:217 213:217 214:217 215:217 216:217 451:455 491:501 493:501 494:501 504:501 504:502 504:507 540:531 540:533 540:534 556:555 619:623 631:623 631:632 685:681 685:682 685:683 685:684 685:685 686:685 686:695 687:695 691:695 692:695 694:695 700:695 700:696 700:697 700:698 700:699"
"سکینہ (اعجاز کی بیوی)","ڈاکٹر احسان الحق (پُل کھنگر)",3,"507 535 537","504:510 540:531 540:534"
"سکینہ (اعجاز کی بیوی)","ڈاکٹر خدابخش کھوکھر (چیف کیمسٹ)",1,"539","540:539"
"سکینہ (اعجاز کی بیوی)","ڈاکٹر سعد اللہ خان (کنسلٹنٹ کارڈیالوجسٹ)",8,"690 691 693 694 697 698","685:695 686:695 687:695 691:695 692:695 694:695 700:695 700:697"
"سکینہ (اعجاز کی بیوی)","ڈاکٹر عرفان (ڈیوٹی ڈاکٹر آئی سی یو)",8,"690 691 693 694 697 698","685:695 686:695 687:695 691:695 692:695 694:695 700:695 700:697"
"سکینہ (اعجاز کی بیوی)","کریم راٹھور",18,"84 264 508 539 621 627 681 715 717 718 719 720 782 784 785","79:89 264:264 504:512 540:539 619:624 631:624 685:678 711:719 715:719 716:719 717:719 718:719 719:719 722:719 782:782 783:782 783:786 784:786"
"سکینہ (اعجاز کی بیوی)","کلونت کور",6,"23 25 31 32 38 39","20:27 23:27 36:27 36:28 36:41 38:41"
"سکینہ (اعجاز کی بیوی)","کنیز",64,"102 103 104 107 111 112 113 117 119 126 130 131 132 133 138 139 140 141 145 146 152 153 154 155 156 158 160 161 163 192 193 194 197 199 200 213 214 215 216 378 383 475 476 477 478 540 687 688 690","102:103 103:103 105:103 105:109 106:109 114:109 114:110 114:112 114:120 118:120 131:121 131:122 131:130 131:132 133:132 133:133 143:133 143:134 143:135 143:137 143:138 143:139 143:140 143:148 144:148 156:148 156:151 156:153 156:154 156:155 156:156 157:156 157:160 160:160 163:160 163:163 164:163 193:192 193:193 194:193 194:194 200:194 200:195 200:199 200:200 211:216 213:216 214:216 215:216 216:216 373:383 374:383 384:383 480:470 480:473 480:474 480:475 480:476 480:477 540:540 685:689 686:689 687:689 691:689"
"سکینہ (اعجاز کی بیوی)","کو چوہا (چوکیدار/کھیت میں سونے والا)",1,"261","264:258"
"سکینہ (اعجاز کی بیوی)","کیپٹن اسد اللہ",6,"279 280 281 285 286","275:284 276:284 277:284 278:284 287:284 287:285"
"سکینہ (اعجاز کی بیوی)","کیپٹن اسرار",21,"17 35 352 353 354 356 558 559 563 721 722 724 725 729 777","20:14 36:34 349:356 350:356 351:356 352:356 357:356 556:560 557:560 558:560 566:560 716:726 717:726 718:726 719:726 722:726 723:726 724:726 725:726 732:726 782:773"
"سکینہ (اعجاز کی بیوی)","کیپٹن جمال",16,"17 18 19 278 279 280 284 286 593 594 597 617 618","20:15 20:16 20:17 20:18 20:19 275:282 276:282 277:282 278:282 287:282 287:286 597:589 597:592 597:597 619:616 619:617"
"سکینہ (اعجاز کی بیوی)","کیپٹن دلاور",14,"312 317 318 319 323 324 328 329 330 331 332 336","313:312 313:321 316:321 318:321 326:321 326:322 326:331 327:331 328:331 329:331 330:331 332:331 332:333 340:333"
"سکینہ (اعجاز کی بیوی)","کیڈٹ حبیب اللہ",6,"280 281 286","275:285 276:285 277:285 278:285 287:285 287:286"
"سکینہ (اعجاز کی بیوی)","کیڈٹ مجید اللہ",8,"292 293 294 298 299","287:297 288:297 289:297 290:297 292:297 300:297 300:298 300:299"
"سکینہ (اعجاز کی بیوی)","کیڈٹ نواز کھوکھر",1,"780","782:778"
"سکینہ (اعجاز کی بیوی)","گل افروز خان",38,"262 263 277 278 283 287 288 345 349 350 351 352 355 358 359 360 365 366 369 371 372 379 384 411 415 416","264:261 264:262 264:263 275:279 276:279 277:279 278:279 287:279 287:288 288:288 289:288 340:350 349:350 350:350 351:350 351:351 352:351 352:353 357:353 357:360 358:360 359:360 361:360 361:369 362:369 363:369 369:369 370:369 370:372 372:372 373:372 374:384 384:384 385:384 407:416 415:416 416:416 417:416"
"سکینہ (اعجاز کی بیوی)","ہکیم حاذق",1,"504","504:505"
"سکینہ (اعجاز کی بیوی)","یعقوب اعوان",90,"22 23 31 32 34 35 36 37 39 61 62 64 65 66 67 68 69 70 71 73 74 75 77 78 79 101 138 143 160 162 163 164 167 276 277 301 308 309 313 314 372 373 374 379 384 385 425 430 431 432 492 493 494 499 570 571 719 720 721 722 723 781 784 785","20:24 23:24 36:26 36:27 36:28 36:32 36:35 36:36 38:36 38:41 66:56 66:57 66:58 66:59 66:63 66:64 66:65 66:66 67:66 67:67 68:67 68:68 69:68 69:70 71:70 71:71 75:71 75:72 75:73 75:74 75:75 79:75 79:76 79:77 79:78 79:79 102:101 133:143 143:143 144:143 156:164 157:164 160:164 163:164 164:164 171:164 275:277 276:277 277:277 278:277 300:303 313:303 313:304 313:305 313:313 316:313 369:375 370:375 372:375 373:375 374:375 384:375 384:385 385:385 420:430 430:430 431:430 431:432 432:432 433:432 491:493 493:493 494:493 494:494 504:494 566:574 567:574 568:574 715:723 716:723 717:723 718:723 719:723 722:723 723:723 724:723 782:780 782:787 783:787 784:787"
"سیف اللہ (چکی والا)","شبیرا",2,"116 117","115:118 116:118"
"سیف اللہ (چکی والا)","عباس (چاچا احمد کا بیٹا)",2,"116","115:117 116:117"
"سیف اللہ (چکی والا)","قائد (پارٹی بانی لیڈر)",4,"112 114 118 119","115:109 115:113 115:122 116:122"
"سیف اللہ (چکی والا)","ماسی (سرفراز کی پرورش کرنے والی)",2,"116 117","115:118 116:118"
"سیف اللہ (چکی والا)","ماسی مریم",2,"116 117","115:118 116:118"
"سیف اللہ (چکی والا)","ملک جہانگیر اعوان (ایم ایل اے)",3,"112 119 120","115:109 115:124 116:124"
"سیف اللہ (چکی والا)","مولوی فقیر الدین",2,"116","115:117 116:117"
"سیف اللہ (چکی والا)","میجر/کیپٹن سرفراز اعوان",3,"114 115 116","115:113 115:116 116:116"
"سیف اللہ (چکی والا)","نامعلوم مزدور عورت (ملک حمید/لطیف کا تعلق)",8,"110 112 113 114 115 118","115:106 115:109 115:110 115:111 115:113 115:115 116:115 116:120"
"سیف اللہ (چکی والا)","نسرین",3,"115 116","115:115 116:115 116:116"
"سیف اللہ (چکی والا)","وسیم بھائی (بدیع الزمان کا سالا/قرض خواہ)",1,"112","115:109"
"سیف اللہ (چکی والا)","چاچا احمد خان راٹھور",6,"110 111 115 116","115:105 115:106 115:107 115:115 116:115 116:116"
"سیف اللہ (چکی والا)","چوہدری اظہر (ایس ایچ او نور پور)",1,"113","115:112"
"سیف اللہ (چکی والا)","ڈاکٹر (کریم بخش کا بیٹا)",2,"112 113","115:109 115:112"
"سیف اللہ (چکی والا)","کنیز",5,"112 113 117 118","115:109 115:110 115:112 115:120 116:120"
"سینئر انڈر آفیسر صبغت اللہ","شعیب",3,"283 297 302","281:286 299:296 299:306"
"سینئر انڈر آفیسر صبغت اللہ","شوکت",3,"276 284 296","281:272 281:287 299:293"
"سینئر انڈر آفیسر صبغت اللہ","طارق (ورکس منیجر)",2,"276 280","281:272 281:280"
"سینئر انڈر آفیسر صبغت اللہ","عباس (چاچا احمد کا بیٹا)",2,"284 300","281:288 299:301"
"سینئر انڈر آفیسر صبغت اللہ","قائد (پارٹی بانی لیڈر)",4,"276 283 294 304","281:272 281:286 299:290 299:309"
"سینئر انڈر آفیسر صبغت اللہ","ماسی (سرفراز کی پرورش کرنے والی)",2,"295 299","299:292 299:300"
"سینئر انڈر آفیسر صبغت اللہ","ماسی مریم",2,"295 299","299:292 299:300"
"سینئر انڈر آفیسر صبغت اللہ","ملک جہانگیر اعوان (ایم ایل اے)",5,"278 285 294","281:275 281:276 281:289 299:289 299:290"
"سینئر انڈر آفیسر صبغت اللہ","ملک حمید",1,"278","281:275"
"سینئر انڈر آفیسر صبغت اللہ","ملک رشید (ملک حمید کا بھائی)",2,"278","281:275 281:276"
"سینئر انڈر آفیسر صبغت اللہ","میجر/کیپٹن سرفراز اعوان",8,"277 279 280 284 294 295 299","281:273 281:274 281:277 281:279 281:287 299:289 299:292 299:300"
"سینئر انڈر آفیسر صبغت اللہ","نسیمہ (شعیب کی بہن)",1,"283","281:286"
"سینئر انڈر آفیسر صبغت اللہ","وسیم بھائی (بدیع الزمان کا سالا/قرض خواہ)",1,"280","281:279"
"سینئر انڈر آفیسر صبغت اللہ","چاچا احمد خان راٹھور",9,"278 279 280 284 294 295 299","281:275 281:276 281:277 281:278 281:279 281:287 299:290 299:292 299:300"
"سینئر انڈر آفیسر صبغت اللہ","چوہدری اظہر (ایس ایچ او نور پور)",1,"300","299:302"
"سینئر انڈر آفیسر صبغت اللہ","کیپٹن اسد اللہ",1,"282","281:284"
"سینئر انڈر آفیسر صبغت اللہ","کیپٹن جمال",1,"281","281:282"
"سینئر انڈر آفیسر صبغت اللہ","کیڈٹ حبیب اللہ",1,"283","281:285"
"سینئر انڈر آفیسر صبغت اللہ","کیڈٹ مجید اللہ",3,"298 299","299:297 299:298 299:299"
"سینئر انڈر آفیسر صبغت اللہ","گل افروز خان",2,"280 284","281:279 281:288"
"سینئر انڈر آفیسر صبغت اللہ","یعقوب اعوان",2,"279 301","281:277 299:303"
"سیکنڈ لفٹننٹ امتیاز","شعیب",3,"745 746 754","750:741 750:742 750:758"
"سیکنڈ لفٹننٹ امتیاز","عباس (چاچا احمد کا بیٹا)",1,"752","750:754"
"سیکنڈ لفٹننٹ امتیاز","فضلے",1,"484","486:483"
"سیکنڈ لفٹننٹ امتیاز","قائد (پارٹی بانی لیڈر)",7,"482 483 484 487 748 754","486:478 486:479 486:481 486:482 486:488 750:747 750:758"
"سیکنڈ لفٹننٹ امتیاز","قمر الاسلام",3,"481 482","486:477 486:478 486:479"
"سیکنڈ لفٹننٹ امتیاز","لیفٹیننٹ کرنل اسلام الدین",2,"745 748","750:741 750:747"
"سیکنڈ لفٹننٹ امتیاز","ماسی (سرفراز کی پرورش کرنے والی)",1,"752","750:754"
"سیکنڈ لفٹننٹ امتیاز","ماسی مریم",1,"752","750:754"
"سیکنڈ لفٹننٹ امتیاز","مرزا عبد الرشید",1,"490","486:495"
"سیکنڈ لفٹننٹ امتیاز","منظور (اعجاز کا ورکر)",1,"488","486:491"
"سیکنڈ لفٹننٹ امتیاز","منیر میکنک",1,"483","486:480"
"سیکنڈ لفٹننٹ امتیاز","میجر صدیق",4,"483 484 489","486:481 486:482 486:483 486:492"
"سیکنڈ لفٹننٹ امتیاز","میجر/کیپٹن سرفراز اعوان",12,"484 485 486 745 746 747 748 749 750","486:483 486:484 486:487 750:740 750:741 750:742 750:745 750:746 750:747 750:748 750:749 750:750"
"سیکنڈ لفٹننٹ امتیاز","نسرین",3,"745 747 748","750:741 750:745 750:746"
"سیکنڈ لفٹننٹ امتیاز","نسیمہ (شعیب کی بہن)",6,"485 486 745 746 748 751","486:484 486:487 750:740 750:742 750:746 750:753"
"سیکنڈ لفٹننٹ امتیاز","نمائر (کیمپ کا قیدی ساتھی)",1,"483","486:481"
"سیکنڈ لفٹننٹ امتیاز","وسیم بھائی (بدیع الزمان کا سالا/قرض خواہ)",1,"748","750:746"
"سیکنڈ لفٹننٹ امتیاز","پیر حمید الدین بلال شاہ (مرشد بلال پور شریف)",1,"753","750:757"
"سیکنڈ لفٹننٹ امتیاز","چاچا احمد خان راٹھور",2,"489 752","486:493 750:754"
"سیکنڈ لفٹننٹ امتیاز","چوہدری اظہر (ایس ایچ او نور پور)",1,"754","750:758"
"سیکنڈ لفٹننٹ امتیاز","کنیز",2,"481","486:476 486:477"
"سیکنڈ لفٹننٹ امتیاز","یعقوب اعوان",1,"489","486:493"
"شبیرا","عباس (چاچا احمد کا بیٹا)",3,"117 118 119","118:117 118:119 119:119"
"شبیرا","قائد (پارٹی بانی لیڈر)",4,"113 115 120","118:109 118:113 118:122 119:122"
"شبیرا","ماسی (سرفراز کی پرورش کرنے والی)",2,"118","118:118 119:118"
"شبیرا","ماسی مریم",2,"118","118:118 119:118"
"شبیرا","ملک جہانگیر اعوان (ایم ایل اے)",3,"113 121","118:109 118:124 119:124"
"شبیرا","مولوی فقیر الدین",3,"117 118","118:117 118:118 119:118"
"شبیرا","میجر/کیپٹن سرفراز اعوان",5,"115 117 118 119","118:113 118:116 118:117 118:119 119:119"
"شبیرا","نامعلوم مزدور عورت (ملک حمید/لطیف کا تعلق)",7,"113 114 115 116 119","118:109 118:110 118:111 118:113 118:115 118:120 119:120"
"شبیرا","نسرین",2,"116 117","118:115 118:116"
"شبیرا","وسیم بھائی (بدیع الزمان کا سالا/قرض خواہ)",1,"113","118:109"
"شبیرا","چاچا احمد خان راٹھور",6,"116 117 118 119","118:115 118:116 118:117 118:118 119:118 119:119"
"شبیرا","چوہدری اظہر (ایس ایچ او نور پور)",1,"115","118:112"
"شبیرا","ڈاکٹر (کریم بخش کا بیٹا)",2,"113 115","118:109 118:112"
"شبیرا","کنیز",5,"113 114 115 119","118:109 118:110 118:112 118:120 119:120"
"شعیب","شمس (بدیع الزمان کا اسسٹنٹ)",3,"556 558 559","561:551 561:556 561:558"
"شعیب","شوکت",4,"286 287 291 294","286:287 287:287 296:287 296:293"
"شعیب","شہلا رضوی",1,"739","741:737"
"شعیب","طارق (ورکس منیجر)",1,"283","286:280"
"شعیب","ظفر چوہدری",4,"572 576 577","569:575 577:575 577:576 577:577"
"شعیب","عباس (چاچا احمد کا بیٹا)",36,"287 292 298 303 304 305 306 311 312 314 316 317 321 322 323 324 325 354 356 357 563 564 567 599 756","286:288 287:288 296:288 296:301 306:301 306:302 306:303 306:304 306:305 306:306 307:306 307:316 308:316 309:316 312:316 316:316 318:316 318:317 318:325 320:325 321:325 322:325 323:325 324:325 325:325 326:325 351:357 356:357 357:357 358:357 561:566 562:566 569:566 598:601 758:754 758:755"
"شعیب","فرخ غوری",1,"736","741:731"
"شعیب","قائد (پارٹی بانی لیڈر)",79,"286 288 293 307 308 309 310 313 315 320 321 322 323 324 325 336 337 338 339 340 346 347 350 352 354 358 359 360 386 388 389 390 391 392 393 394 395 396 397 556 559 560 561 562 565 569 573 574 575 576 577 594 595 597 603 736 738 744 758","286:286 287:286 287:290 296:290 306:309 307:309 308:309 309:309 312:309 312:314 316:314 316:325 318:325 320:325 321:325 322:325 323:325 324:325 325:325 326:325 331:341 332:341 334:341 335:341 336:341 337:341 338:341 340:341 351:341 351:342 351:343 351:344 351:349 351:353 356:353 356:361 357:361 358:361 359:361 391:381 391:385 391:386 391:387 391:389 391:390 391:391 393:391 393:392 393:394 394:394 396:394 396:395 396:396 397:396 397:397 561:551 561:558 561:559 561:561 562:561 562:562 569:562 569:569 577:569 577:571 577:574 577:575 577:576 577:578 598:590 598:593 598:597 598:608 741:731 741:736 741:747 742:747 758:758 759:758"
"شعیب","لیفٹیننٹ کرنل اسلام الدین",17,"332 333 334 335 336 337 593 594 599 737 741 744","328:337 329:337 330:337 331:337 332:337 334:337 335:337 336:337 337:337 338:337 598:589 598:590 598:600 741:733 741:741 742:741 742:747"
"شعیب","ماسی (سرفراز کی پرورش کرنے والی)",16,"289 294 298 303 312 313 314 316 317 563 564 567 568 756","286:292 287:292 296:292 296:300 306:300 307:317 308:317 309:317 312:317 316:317 318:317 561:566 562:566 569:566 569:568 758:754"
"شعیب","ماسی مریم",16,"289 294 298 303 312 313 314 316 317 563 564 567 568 756","286:292 287:292 296:292 296:300 306:300 307:317 308:317 309:317 312:317 316:317 318:317 561:566 562:566 569:566 569:568 758:754"
"شعیب","محمد نواز چیمہ",4,"389 390","391:387 391:388 391:389 391:390"
"شعیب","مرزا عبد الرشید",8,"339 340 341 342 347 348","334:344 335:344 336:344 337:344 338:344 340:344 351:344 351:345"
"شعیب","ملک جہانگیر اعوان (ایم ایل اے)",40,"281 287 288 292 293 339 340 341 342 347 350 356 358 359 360 388 396 397 398 399 562 563 566 567 568 569 573 574 581 594 595 596 597 603","286:276 286:289 287:289 296:289 296:290 334:344 335:344 336:344 337:344 338:344 340:344 351:344 351:349 351:361 356:361 357:361 358:361 359:361 391:386 391:401 393:401 394:401 396:401 397:401 561:564 562:564 569:564 569:565 569:567 569:569 577:569 577:570 577:572 577:586 598:591 598:593 598:595 598:596 598:597 598:608"
"شعیب","ملک حمید",2,"579 598","577:581 598:599"
"شعیب","ملک رشید (ملک حمید کا بھائی)",8,"281 339 340 341 342 347","286:276 334:344 335:344 336:344 337:344 338:344 340:344 351:344"
"شعیب","ملک لطیف",2,"580 598","577:584 598:599"
"شعیب","منشی کریم شاہ",2,"401","396:406 397:406"
"شعیب","منظور (اعجاز کا ورکر)",31,"336 337 338 339 340 346 347 348 349 350 360 361 362 388 389 390 391 392 395 396 397","331:341 332:341 334:341 335:341 336:341 337:341 338:341 340:341 351:341 351:342 351:343 351:344 351:345 351:346 351:347 351:348 351:349 356:365 357:365 358:365 359:365 391:385 391:387 391:388 391:390 391:392 393:392 393:398 394:398 396:398 397:398"
"شعیب","منیر میکنک",1,"593","598:588"
"شعیب","میاں انتظار حسین (ایڈووکیٹ ہائی کورٹ)",5,"557 558 560 594 736","561:554 561:556 561:559 598:591 741:731"
"شعیب","میجر صدیق",2,"574 578","569:579 577:579"
"شعیب","میجر/کیپٹن سرفراز اعوان",145,"281 282 286 287 291 292 294 298 303 304 305 306 307 308 309 310 311 312 314 315 316 317 318 319 320 321 322 323 324 325 326 327 328 329 330 331 332 333 334 335 336 337 338 339 340 351 353 354 355 356 357 358 359 391 392 393 394 395 396 397 556 560 561 562 565 566 567 568 569 573 574 575 576 577 593 594 595 596 597 598 736 738 739 740 741 742 753 754 755 756 757 758 759","286:277 286:279 286:287 287:287 296:287 296:288 296:289 296:292 296:300 306:300 306:301 306:302 306:303 306:304 306:305 306:306 307:306 307:307 308:307 308:308 309:308 309:309 312:309 312:310 312:311 312:312 316:312 316:313 316:314 316:315 316:316 318:316 318:317 318:318 320:318 320:319 320:320 321:320 321:321 322:321 322:322 323:322 323:323 324:323 324:324 325:324 325:325 326:325 326:326 328:326 328:327 328:328 329:328 329:330 330:330 331:330 331:331 332:331 332:332 334:332 334:333 334:334 335:334 335:335 336:335 336:337 337:337 338:337 338:338 340:338 340:339 340:340 351:351 356:351 356:353 356:354 356:355 356:356 357:356 357:357 358:357 358:358 359:358 359:359 391:391 393:391 393:393 394:393 394:394 396:394 396:396 397:396 397:397 561:552 561:560 561:561 562:561 562:562 569:562 569:563 569:565 569:566 569:567 569:568 569:569 577:569 577:570 577:571 577:572 577:573 577:574 577:575 577:576 577:577 598:589 598:590 598:591 598:592 598:593 598:594 598:595 598:596 598:597 598:598 741:732 741:736 741:737 741:738 741:739 741:740 741:741 742:741 742:742 758:748 758:749 758:750 758:751 758:752 758:753 758:754 758:755 758:756 758:758 759:758 759:759"
"شعیب","نامعلوم مزدور عورت (ملک حمید/لطیف کا تعلق)",8,"345 350 352 355 559 560 580 598","340:350 351:350 351:354 356:354 561:558 561:560 577:584 598:598"
"شعیب","نسرین",31,"329 330 331 332 333 334 340 341 342 348 353 356 357 402 593 594 595 597 598 740 741 743","324:334 325:334 326:334 328:334 329:334 330:334 331:334 332:334 334:334 335:334 335:345 336:345 337:345 338:345 340:345 351:345 351:356 356:356 357:356 357:357 358:357 397:407 598:589 598:590 598:592 598:597 598:598 741:739 741:741 742:741 742:745"
"شعیب","نسیمہ (شعیب کی بہن)",88,"286 311 312 314 316 317 318 319 320 321 322 323 324 326 327 328 329 330 331 332 333 334 335 336 337 338 339 340 351 353 354 355 356 357 358 359 391 392 393 394 395 396 397 556 560 561 562 565 566 570 574 575 576 577 593 594 598 740 741 742 755 756 757","286:286 287:286 306:316 307:316 308:316 309:316 312:316 316:316 318:316 318:319 320:319 320:320 321:320 321:321 322:321 322:323 323:323 324:323 324:324 325:324 325:328 326:328 328:328 329:328 329:329 330:329 330:330 331:330 331:332 332:332 334:332 334:333 334:334 335:334 335:335 336:335 336:336 337:336 337:338 338:338 340:338 340:339 340:340 351:351 356:351 356:353 356:354 356:355 356:356 357:356 357:357 358:357 358:358 359:358 359:359 391:391 393:391 393:394 394:394 396:394 396:395 396:396 397:396 397:397 561:552 561:560 561:561 562:561 562:562 569:562 569:563 569:571 577:571 577:573 577:574 577:575 577:576 577:578 598:589 598:590 598:598 741:739 741:740 741:742 742:742 758:753 758:754 758:756"
"شعیب","نصیر شیخ (پارٹی امیدوار)",8,"362 363 394 395 396 397","357:367 358:367 359:367 391:398 393:398 394:398 396:398 397:398"
"شعیب","نمائر (کیمپ کا قیدی ساتھی)",3,"572 576 577","569:576 577:576 577:578"
"شعیب","وسیم بھائی (بدیع الزمان کا سالا/قرض خواہ)",15,"282 339 340 341 342 347 353 356 388 602 743 744","286:279 334:344 335:344 336:344 337:344 338:344 340:344 351:344 351:356 356:356 357:356 391:386 598:606 741:746 742:746"
"شعیب","پھاتو مراثن (ڈھولکی)",5,"354 357 358","351:358 356:358 357:358 358:358 359:358"
"شعیب","پیر حمید الدین بلال شاہ (مرشد بلال پور شریف)",1,"757","758:757"
"شعیب","چاچا احمد خان راٹھور",47,"281 282 286 287 291 292 293 294 298 303 304 311 312 314 316 317 353 356 357 358 360 388 560 563 564 567 568 569 573 575 593 599 737 740 756 757","286:276 286:277 286:278 286:279 286:287 287:287 296:287 296:288 296:290 296:292 296:300 306:300 306:301 306:302 306:316 307:316 308:316 309:316 312:316 316:316 318:316 318:317 351:356 356:356 357:356 357:357 358:357 358:358 359:358 359:362 391:385 561:559 561:566 562:566 569:566 569:567 569:570 577:570 577:573 577:574 598:588 598:601 741:734 741:739 758:754 758:755 758:757"
"شعیب","چوہدری ارشد (یونین رہنما)",4,"360 361 362","356:365 357:365 358:365 359:365"
"شعیب","چوہدری اظہر (ایس ایچ او نور پور)",11,"299 304 345 350 564 568 579 598 758","296:302 306:302 340:350 351:350 561:567 562:567 569:567 577:581 598:599 758:758 759:758"
"شعیب","چوہدری شدا",4,"361 362","356:366 357:366 358:366 359:366"
"شعیب","ڈاکٹر (کریم بخش کا بیٹا)",3,"558 762 763","561:555 758:767 759:767"
"شعیب","کنیز",2,"387 581","391:383 577:585"
"شعیب","کیپٹن اسد اللہ",2,"285","286:284 286:285"
"شعیب","کیپٹن اسرار",4,"353 356 560","351:356 356:356 357:356 561:560"
"شعیب","کیپٹن جمال",7,"284 286 593 595 597 598","286:282 286:286 287:286 598:589 598:592 598:597 598:598"
"شعیب","کیپٹن دلاور",24,"309 310 312 314 318 319 320 321 322 327 328 329 330 331 332 333","306:312 307:312 308:312 309:312 312:312 316:312 316:321 318:321 320:321 321:321 322:321 322:322 323:322 323:331 324:331 325:331 326:331 328:331 329:331 330:331 331:331 332:331 332:333 334:333"
"شعیب","کیڈٹ حبیب اللہ",3,"285 286","286:285 286:286 287:286"
"شعیب","کیڈٹ مجید اللہ",5,"292 296 301 302","287:297 296:297 306:297 306:298 306:299"
"شعیب","کیڈٹ نواز کھوکھر",1,"764","759:769"
"شعیب","گل افروز خان",14,"282 287 292 345 350 351 353 354 358 359 387","286:279 286:288 287:288 296:288 340:350 351:350 351:351 356:351 356:353 356:360 357:360 358:360 359:360 391:384"
"شعیب","یعقوب اعوان",14,"281 299 304 305 309 310 311 312 314 388 571 575","286:277 296:303 306:303 306:304 306:305 306:313 307:313 308:313 309:313 312:313 316:313 391:385 569:574 577:574"
"شمس (بدیع الزمان کا اسسٹنٹ)","شیشے والا سالا (بدیع الزمان کا دوسرا قرض خواہ)",4,"538 539 546","535:541 537:541 538:541 551:541"
"شمس (بدیع الزمان کا اسسٹنٹ)","طارق (ورکس منیجر)",5,"525 526 527","528:522 528:523 528:524 528:525 528:527"
"شمس (بدیع الزمان کا اسسٹنٹ)","عامر محمود (چیف کیمسٹ)",4,"524 537 538","528:521 535:539 537:539 538:539"
"شمس (بدیع الزمان کا اسسٹنٹ)","عباس (چاچا احمد کا بیٹا)",2,"561 562","556:566 558:566"
"شمس (بدیع الزمان کا اسسٹنٹ)","فرخ غوری",3,"707 708","705:710 706:710 707:710"
"شمس (بدیع الزمان کا اسسٹنٹ)","قائد (پارٹی بانی لیڈر)",33,"524 525 526 527 528 531 535 536 538 546 547 549 551 553 557 558 689 691 694 700 701 702 703 705 706","528:520 528:521 528:522 528:523 528:524 528:525 528:526 528:527 528:528 535:528 535:535 537:535 537:536 537:539 538:539 551:542 551:543 551:547 551:551 556:551 556:558 558:558 694:684 694:688 694:695 705:695 705:698 705:699 705:701 705:702 705:706 706:706 707:706"
"شمس (بدیع الزمان کا اسسٹنٹ)","ماسی (سرفراز کی پرورش کرنے والی)",2,"561 562","556:566 558:566"
"شمس (بدیع الزمان کا اسسٹنٹ)","ماسی مریم",2,"561 562","556:566 558:566"
"شمس (بدیع الزمان کا اسسٹنٹ)","محمد یاسین (طلوع کا رپورٹر/ساتھی)",3,"705 706","705:706 706:706 707:706"
"شمس (بدیع الزمان کا اسسٹنٹ)","معین الدین شاہ",1,"524","528:521"
"شمس (بدیع الزمان کا اسسٹنٹ)","ملک جہانگیر اعوان (ایم ایل اے)",3,"524 560 561","528:520 556:564 558:564"
"شمس (بدیع الزمان کا اسسٹنٹ)","منظور (اعجاز کا ورکر)",1,"691","694:689"
"شمس (بدیع الزمان کا اسسٹنٹ)","میاں انتظار حسین (ایڈووکیٹ ہائی کورٹ)",6,"552 555 556 557 558 689","551:554 556:554 556:556 558:556 558:559 694:685"
"شمس (بدیع الزمان کا اسسٹنٹ)","میجر قدیر (ازمیر مل کا ایڈمن افسر)",6,"524 525 526 537 538","528:521 528:522 528:524 535:539 537:539 538:539"
"شمس (بدیع الزمان کا اسسٹنٹ)","میجر/کیپٹن سرفراز اعوان",18,"523 539 540 547 548 549 550 551 554 558 559 692 693","528:518 535:543 537:543 538:543 551:543 551:544 551:545 551:546 551:547 551:548 551:549 551:550 551:552 556:552 556:560 558:560 694:691 694:693"
"شمس (بدیع الزمان کا اسسٹنٹ)","نامعلوم مزدور عورت (ملک حمید/لطیف کا تعلق)",9,"537 538 539 554 557 558 695 701 702","535:540 537:540 538:540 551:558 556:558 558:558 694:697 705:697 705:699"
"شمس (بدیع الزمان کا اسسٹنٹ)","نسیمہ (شعیب کی بہن)",15,"539 540 547 548 549 550 551 554 558 559","535:543 537:543 538:543 551:543 551:544 551:545 551:546 551:547 551:548 551:549 551:550 551:552 556:552 556:560 558:560"
"شمس (بدیع الزمان کا اسسٹنٹ)","نیلی (بھینس)",3,"698 704","694:703 705:703 705:704"
"شمس (بدیع الزمان کا اسسٹنٹ)","وسیم بھائی (بدیع الزمان کا سالا/قرض خواہ)",6,"529 532 692 708 709","528:530 535:530 694:690 705:711 706:711 707:711"
"شمس (بدیع الزمان کا اسسٹنٹ)","چاچا احمد خان راٹھور",8,"555 557 558 694 702 705 706","551:559 556:559 558:559 694:694 705:700 705:706 706:706 707:706"
"شمس (بدیع الزمان کا اسسٹنٹ)","چوہدری اظہر (ایس ایچ او نور پور)",1,"562","558:567"
"شمس (بدیع الزمان کا اسسٹنٹ)","ڈاکٹر (کریم بخش کا بیٹا)",17,"524 527 529 533 534 553 555 689 694 700 701 702","528:520 528:526 528:527 528:531 535:531 535:533 535:534 551:555 556:555 694:684 694:685 694:695 705:695 705:696 705:697 705:698 705:699"
"شمس (بدیع الزمان کا اسسٹنٹ)","ڈاکٹر احسان الحق (پُل کھنگر)",4,"524 529 533 534","528:520 528:531 535:531 535:534"
"شمس (بدیع الزمان کا اسسٹنٹ)","ڈاکٹر خدابخش کھوکھر (چیف کیمسٹ)",4,"524 537 538","528:521 535:539 537:539 538:539"
"شمس (بدیع الزمان کا اسسٹنٹ)","ڈاکٹر سعد اللہ خان (کنسلٹنٹ کارڈیالوجسٹ)",3,"694 700 701","694:695 705:695 705:697"
"شمس (بدیع الزمان کا اسسٹنٹ)","ڈاکٹر عرفان (ڈیوٹی ڈاکٹر آئی سی یو)",3,"694 700 701","694:695 705:695 705:697"
"شمس (بدیع الزمان کا اسسٹنٹ)","کریم راٹھور",9,"525 526 527 528 531 537 538","528:523 528:524 528:525 528:527 528:528 535:528 535:539 537:539 538:539"
"شمس (بدیع الزمان کا اسسٹنٹ)","کنیز",4,"537 538 539 691","535:540 537:540 538:540 694:689"
"شمس (بدیع الزمان کا اسسٹنٹ)","کیپٹن اسرار",3,"555 558 559","551:560 556:560 558:560"
"شوکت","طارق (ورکس منیجر)",3,"271 272 283","270:272 272:272 287:280"
"شوکت","عباس (چاچا احمد کا بیٹا)",3,"287 290 297","287:288 293:288 293:301"
"شوکت","غلام حسین",2,"270 271","270:270 272:270"
"شوکت","قائد (پارٹی بانی لیڈر)",8,"140 144 267 271 272 286 288 291","143:138 143:145 270:264 270:272 272:272 287:286 287:290 293:290"
"شوکت","لیفٹیننٹ کرنل اسلام الدین",4,"139 140 141","143:136 143:137 143:138 143:139"
"شوکت","ماسی (سرفراز کی پرورش کرنے والی)",4,"138 289 292 296","143:133 287:292 293:292 293:300"
"شوکت","ماسی مریم",4,"138 289 292 296","143:133 287:292 293:292 293:300"
"شوکت","ملک جہانگیر اعوان (ایم ایل اے)",10,"142 143 267 268 272 273 288 291","143:141 143:142 143:143 270:264 270:266 270:275 272:275 287:289 293:289 293:290"
"شوکت","ملک حمید",4,"145 268 272 273","143:147 270:266 270:275 272:275"
"شوکت","ملک رشید (ملک حمید کا بھائی)",8,"139 140 141 147 272 273","143:135 143:136 143:137 143:138 143:139 143:151 270:275 272:275"
"شوکت","منشی کریم شاہ",2,"143 267","143:143 270:264"
"شوکت","میجر/کیپٹن سرفراز اعوان",14,"267 268 271 272 282 283 287 290 291 292 296","270:264 270:265 270:266 270:267 270:273 272:273 287:277 287:279 287:287 293:287 293:288 293:289 293:292 293:300"
"شوکت","نامعلوم مزدور عورت (ملک حمید/لطیف کا تعلق)",4,"138 139 140 145","143:134 143:136 143:137 143:148"
"شوکت","نسیمہ (شعیب کی بہن)",1,"286","287:286"
"شوکت","وسیم بھائی (بدیع الزمان کا سالا/قرض خواہ)",4,"139 274 275 283","143:136 270:279 272:279 287:279"
"شوکت","چاچا احمد خان راٹھور",15,"138 143 266 272 273 282 283 287 290 291 292 296","143:133 143:143 270:262 270:263 270:275 272:275 287:277 287:278 287:279 287:287 293:287 293:288 293:290 293:292 293:300"
"شوکت","چوہدری اظہر (ایس ایچ او نور پور)",6,"139 140 141 147 297","143:136 143:137 143:138 143:139 143:151 293:302"
"شوکت","کریم راٹھور",1,"267","270:264"
"شوکت","کنیز",8,"138 139 140 141 145","143:133 143:134 143:135 143:137 143:138 143:139 143:140 143:148"
"شوکت","کیپٹن اسد اللہ",2,"285 286","287:284 287:285"
"شوکت","کیپٹن جمال",3,"277 284 286","272:282 287:282 287:286"
"شوکت","کیڈٹ حبیب اللہ",2,"286","287:285 287:286"
"شوکت","کیڈٹ مجید اللہ",2,"292 295","287:297 293:297"
"شوکت","گل افروز خان",8,"265 266 274 275 283 287 290","270:261 270:262 270:263 270:279 272:279 287:279 287:288 293:288"
"شوکت","یعقوب اعوان",5,"143 273 274 282 298","143:143 270:277 272:277 287:277 293:303"
"شہلا رضوی","فرخ غوری",1,"734","737:731"
"شہلا رضوی","قائد (پارٹی بانی لیڈر)",3,"734 736 742","737:731 737:736 737:747"
"شہلا رضوی","لیفٹیننٹ کرنل اسلام الدین",2,"735 739","737:733 737:741"
"شہلا رضوی","میاں انتظار حسین (ایڈووکیٹ ہائی کورٹ)",1,"734","737:731"
"شہلا رضوی","میجر/کیپٹن سرفراز اعوان",3,"734 736 737","737:732 737:736 737:737"
"شہلا رضوی","نسرین",1,"738","737:739"
"شہلا رضوی","نسیمہ (شعیب کی بہن)",1,"738","737:739"
"شہلا رضوی","وسیم بھائی (بدیع الزمان کا سالا/قرض خواہ)",1,"741","737:746"
"شہلا رضوی","چاچا احمد خان راٹھور",2,"735 738","737:734 737:739"
"شیر بہادر اعوان","شیشے والا سالا (بدیع الزمان کا دوسرا قرض خواہ)",5,"68 71 72 76","64:72 65:72 70:72 72:72 80:72"
"شیر بہادر اعوان","صوبیدار جہاں خان",1,"60","64:57"
"شیر بہادر اعوان","عباس (چاچا احمد کا بیٹا)",4,"83 85 88 96","80:86 85:86 91:86 91:101"
"شیر بہادر اعوان","علی بہادر",8,"64 65 67 71 72 76 88 91","64:65 65:65 70:65 70:72 72:72 80:72 85:91 91:91"
"شیر بہادر اعوان","فلک شیر اعوان",10,"64 65 67 70 71 76 80 82 88 91","64:65 65:65 70:65 70:70 72:70 72:80 80:80 85:80 85:91 91:91"
"شیر بہادر اعوان","قائد (پارٹی بانی لیڈر)",12,"61 68 71 72 76 81 84 87 90 92","64:58 64:72 65:72 70:72 72:72 80:72 80:83 85:83 85:89 91:89 91:90 91:94"
"شیر بہادر اعوان","ماسی (سرفراز کی پرورش کرنے والی)",7,"67 68 70 71 73 77 79","64:71 65:71 70:71 72:71 72:74 80:74 80:79"
"شیر بہادر اعوان","ماسی مریم",7,"67 68 70 71 73 77 79","64:71 65:71 70:71 72:71 72:74 80:74 80:79"
"شیر بہادر اعوان","محمد نواز چیمہ",2,"89 92","85:93 91:93"
"شیر بہادر اعوان","ملک جہانگیر اعوان (ایم ایل اے)",4,"82 85 88 91","80:85 85:85 91:85 91:91"
"شیر بہادر اعوان","ملک عالم جہاں اعوان",4,"60 61 88 91","64:57 64:58 85:91 91:91"
"شیر بہادر اعوان","منظور (اعجاز کا ورکر)",5,"68 69 71 72 76","64:73 65:73 70:73 72:73 80:73"
"شیر بہادر اعوان","میاں انتظار حسین (ایڈووکیٹ ہائی کورٹ)",3,"82 85 88","80:85 85:85 91:85"
"شیر بہادر اعوان","میجر/کیپٹن سرفراز اعوان",24,"62 66 69 70 71 73 77 79 80 83 84 85 88 89 90 91","64:60 64:61 64:68 65:68 70:68 70:69 70:70 72:70 72:71 72:74 80:74 80:75 80:79 80:81 85:81 85:82 85:83 85:86 91:86 91:87 91:88 91:89 91:90 91:91"
"شیر بہادر اعوان","نامعلوم مزدور عورت (ملک حمید/لطیف کا تعلق)",7,"60 61 83 86 89 91","64:56 64:58 80:87 85:87 91:87 91:88 91:92"
"شیر بہادر اعوان","وریا م",2,"88 91","85:91 91:91"
"شیر بہادر اعوان","وسیم بھائی (بدیع الزمان کا سالا/قرض خواہ)",10,"61 69 72 73 77 79 83 85 88","64:59 64:74 65:74 70:74 72:74 80:74 80:79 80:86 85:86 91:86"
"شیر بہادر اعوان","چاچا احمد خان راٹھور",8,"60 63 65 66 68 73 74 78","64:57 64:63 64:67 65:67 70:67 70:76 72:76 80:76"
"شیر بہادر اعوان","چنبیلی (گھوڑی)",3,"66 69","64:68 65:68 70:68"
"شیر بہادر اعوان","چوہدری اظہر (ایس ایچ او نور پور)",1,"60","64:57"
"شیر بہادر اعوان","ڈاکٹر (کریم بخش کا بیٹا)",2,"60 61","64:57 64:58"
"شیر بہادر اعوان","کریم راٹھور",3,"84 87 90","80:89 85:89 91:89"
"شیر بہادر اعوان","کلونت کور",2,"59","64:54 64:55"
"شیر بہادر اعوان","یعقوب اعوان",27,"60 61 63 64 65 67 68 69 70 71 72 76 77 78 79 80 82 96","64:56 64:57 64:58 64:59 64:63 64:64 65:64 65:65 70:65 70:66 70:67 70:68 70:70 72:70 72:71 72:72 80:72 80:73 80:74 80:75 80:76 80:77 80:78 80:79 80:80 85:80 91:101"
"شیشے والا سالا (بدیع الزمان کا دوسرا قرض خواہ)","عامر محمود (چیف کیمسٹ)",1,"540","541:539"
"شیشے والا سالا (بدیع الزمان کا دوسرا قرض خواہ)","علی بہادر",2,"68 72","72:65 72:72"
"شیشے والا سالا (بدیع الزمان کا دوسرا قرض خواہ)","فلک شیر اعوان",3,"68 71 76","72:65 72:70 72:80"
"شیشے والا سالا (بدیع الزمان کا دوسرا قرض خواہ)","قائد (پارٹی بانی لیڈر)",6,"72 538 540 541","72:72 541:535 541:536 541:539 541:540 541:542"
"شیشے والا سالا (بدیع الزمان کا دوسرا قرض خواہ)","ماسی (سرفراز کی پرورش کرنے والی)",2,"71 73","72:71 72:74"
"شیشے والا سالا (بدیع الزمان کا دوسرا قرض خواہ)","ماسی مریم",2,"71 73","72:71 72:74"
"شیشے والا سالا (بدیع الزمان کا دوسرا قرض خواہ)","منظور (اعجاز کا ورکر)",1,"72","72:73"
"شیشے والا سالا (بدیع الزمان کا دوسرا قرض خواہ)","میجر قدیر (ازمیر مل کا ایڈمن افسر)",1,"540","541:539"
"شیشے والا سالا (بدیع الزمان کا دوسرا قرض خواہ)","میجر/کیپٹن سرفراز اعوان",6,"70 71 73 542","72:68 72:69 72:70 72:71 72:74 541:543"
"شیشے والا سالا (بدیع الزمان کا دوسرا قرض خواہ)","نامعلوم مزدور عورت (ملک حمید/لطیف کا تعلق)",1,"540","541:540"
"شیشے والا سالا (بدیع الزمان کا دوسرا قرض خواہ)","نسیمہ (شعیب کی بہن)",1,"542","541:543"
"شیشے والا سالا (بدیع الزمان کا دوسرا قرض خواہ)","وسیم بھائی (بدیع الزمان کا سالا/قرض خواہ)",1,"73","72:74"
"شیشے والا سالا (بدیع الزمان کا دوسرا قرض خواہ)","چاچا احمد خان راٹھور",3,"67 69 74","72:63 72:67 72:76"
"شیشے والا سالا (بدیع الزمان کا دوسرا قرض خواہ)","چنبیلی (گھوڑی)",1,"70","72:68"
"شیشے والا سالا (بدیع الزمان کا دوسرا قرض خواہ)","ڈاکٹر (کریم بخش کا بیٹا)",3,"536 537","541:531 541:533 541:534"
"شیشے والا سالا (بدیع الزمان کا دوسرا قرض خواہ)","ڈاکٹر احسان الحق (پُل کھنگر)",2,"536 537","541:531 541:534"
"شیشے والا سالا (بدیع الزمان کا دوسرا قرض خواہ)","ڈاکٹر خدابخش کھوکھر (چیف کیمسٹ)",1,"540","541:539"
"شیشے والا سالا (بدیع الزمان کا دوسرا قرض خواہ)","کریم راٹھور",1,"540","541:539"
"شیشے والا سالا (بدیع الزمان کا دوسرا قرض خواہ)","کنیز",1,"540","541:540"
"شیشے والا سالا (بدیع الزمان کا دوسرا قرض خواہ)","یعقوب اعوان",9,"67 68 69 70 71 72","72:63 72:64 72:65 72:66 72:67 72:68 72:70 72:71 72:72"
"صوبیدار جہاں خان","علی بہادر",1,"61","57:65"
"صوبیدار جہاں خان","فضلے",1,"54","57:52"
"صوبیدار جہاں خان","فلک شیر اعوان",1,"61","57:65"
"صوبیدار جہاں خان","قائد (پارٹی بانی لیڈر)",1,"57","57:58"
"صوبیدار جہاں خان","ملک عالم جہاں اعوان",1,"57","57:57"
"صوبیدار جہاں خان","میجر/کیپٹن سرفراز اعوان",1,"58","57:60"
"صوبیدار جہاں خان","نامعلوم مزدور عورت (ملک حمید/لطیف کا تعلق)",4,"52 54 56 57","57:47 57:51 57:56 57:58"
"صوبیدار جہاں خان","نسرین",1,"54","57:51"
"صوبیدار جہاں خان","نیلی (بھینس)",1,"52","57:48"
"صوبیدار جہاں خان","وسیم بھائی (بدیع الزمان کا سالا/قرض خواہ)",2,"52 58","57:48 57:59"
"صوبیدار جہاں خان","چاچا احمد خان راٹھور",2,"53 57","57:49 57:57"
"صوبیدار جہاں خان","چنبیلی (گھوڑی)",1,"52","57:48"
"صوبیدار جہاں خان","چوہدری اظہر (ایس ایچ او نور پور)",1,"57","57:57"
"صوبیدار جہاں خان","ڈاکٹر (کریم بخش کا بیٹا)",2,"54 57","57:52 57:57"
"صوبیدار جہاں خان","کلونت کور",3,"55 56","57:53 57:54 57:55"
"صوبیدار جہاں خان","یعقوب اعوان",9,"52 53 54 55 56 57","57:47 57:48 57:49 57:50 57:51 57:52 57:53 57:56 57:57"
"طارق (ورکس منیجر)","عامر محمود (چیف کیمسٹ)",1,"521","522:521"
"طارق (ورکس منیجر)","عباس (چاچا احمد کا بیٹا)",1,"284","280:288"
"طارق (ورکس منیجر)","غلام حسین",1,"271","272:270"
"طارق (ورکس منیجر)","قائد (پارٹی بانی لیڈر)",16,"268 272 276 283 521 522 523 524 525 526 527","272:264 272:272 280:272 280:286 522:520 522:521 522:522 523:522 523:523 524:523 524:524 525:524 525:525 527:525 527:526 527:527"
"طارق (ورکس منیجر)","معین الدین شاہ",1,"521","522:521"
"طارق (ورکس منیجر)","ملک جہانگیر اعوان (ایم ایل اے)",8,"268 269 273 277 278 284 517 521","272:264 272:266 272:275 280:275 280:276 280:289 522:512 522:520"
"طارق (ورکس منیجر)","ملک حمید",3,"269 273 277","272:266 272:275 280:275"
"طارق (ورکس منیجر)","ملک رشید (ملک حمید کا بھائی)",3,"273 277 278","272:275 280:275 280:276"
"طارق (ورکس منیجر)","منشی کریم شاہ",1,"268","272:264"
"طارق (ورکس منیجر)","میجر قدیر (ازمیر مل کا ایڈمن افسر)",6,"521 522 523 524","522:521 522:522 523:522 523:524 524:524 525:524"
"طارق (ورکس منیجر)","میجر/کیپٹن سرفراز اعوان",11,"268 269 272 276 277 278 279 283 520","272:264 272:265 272:266 272:267 272:273 280:273 280:274 280:277 280:279 280:287 522:518"
"طارق (ورکس منیجر)","نسیمہ (شعیب کی بہن)",1,"283","280:286"
"طارق (ورکس منیجر)","وسیم بھائی (بدیع الزمان کا سالا/قرض خواہ)",7,"275 279 526 527 528","272:279 280:279 522:530 523:530 524:530 525:530 527:530"
"طارق (ورکس منیجر)","چاچا احمد خان راٹھور",10,"267 273 277 278 279 283 517","272:262 272:263 272:275 280:275 280:276 280:277 280:278 280:279 280:287 522:512"
"طارق (ورکس منیجر)","ڈاکٹر (کریم بخش کا بیٹا)",8,"517 521 524 525 526 527","522:512 522:520 522:526 523:526 524:526 525:526 527:526 527:527"
"طارق (ورکس منیجر)","ڈاکٹر احسان الحق (پُل کھنگر)",6,"521 526 527 528 529","522:520 522:531 523:531 524:531 525:531 527:531"
"طارق (ورکس منیجر)","ڈاکٹر خدابخش کھوکھر (چیف کیمسٹ)",1,"521","522:521"
"طارق (ورکس منیجر)","کریم راٹھور",10,"268 517 522 523 524 525 526 527","272:264 522:512 522:523 523:523 524:523 524:524 525:524 525:525 527:525 527:527"
"طارق (ورکس منیجر)","کیپٹن اسد اللہ",1,"282","280:284"
"طارق (ورکس منیجر)","کیپٹن جمال",2,"277 281","272:282 280:282"
"طارق (ورکس منیجر)","کیڈٹ حبیب اللہ",1,"282","280:285"
"طارق (ورکس منیجر)","گل افروز خان",5,"267 275 279 284","272:262 272:263 272:279 280:279 280:288"
"طارق (ورکس منیجر)","یعقوب اعوان",2,"274 278","272:277 280:277"
"ظفر چوہدری","عباس (چاچا احمد کا بیٹا)",1,"570","575:566"
"ظفر چوہدری","قائد (پارٹی بانی لیڈر)",8,"572 573 574 575 576 577","575:569 575:571 575:574 575:575 576:575 576:576 577:576 577:578"
"ظفر چوہدری","ماسی (سرفراز کی پرورش کرنے والی)",2,"570 571","575:566 575:568"
"ظفر چوہدری","ماسی مریم",2,"570 571","575:566 575:568"
"ظفر چوہدری","ملک جہانگیر اعوان (ایم ایل اے)",7,"570 571 572 573 581","575:565 575:567 575:569 575:570 575:572 576:586 577:586"
"ظفر چوہدری","ملک حمید",3,"578 579","575:581 576:581 577:581"
"ظفر چوہدری","ملک لطیف",3,"579 580","575:584 576:584 577:584"
"ظفر چوہدری","میجر صدیق",3,"577 578","575:579 576:579 577:579"
"ظفر چوہدری","میجر/کیپٹن سرفراز اعوان",15,"570 571 572 573 574 575 576 577","575:565 575:566 575:567 575:568 575:569 575:570 575:571 575:572 575:573 575:574 575:575 576:575 576:576 577:576 577:577"
"ظفر چوہدری","نامعلوم مزدور عورت (ملک حمید/لطیف کا تعلق)",3,"579 580","575:584 576:584 577:584"
"ظفر چوہدری","نسیمہ (شعیب کی بہن)",8,"573 574 575 576 577","575:571 575:573 575:574 575:575 576:575 576:576 577:576 577:578"
"ظفر چوہدری","نمائر (کیمپ کا قیدی ساتھی)",4,"575 576 577","575:576 576:576 577:576 577:578"
"ظفر چوہدری","چاچا احمد خان راٹھور",5,"570 571 572 574","575:566 575:567 575:570 575:573 575:574"
"ظفر چوہدری","چوہدری اظہر (ایس ایچ او نور پور)",4,"571 578 579","575:567 575:581 576:581 577:581"
"ظفر چوہدری","کنیز",3,"580 581","575:585 576:585 577:585"
"ظفر چوہدری","یعقوب اعوان",1,"574","575:574"
"عامر محمود (چیف کیمسٹ)","قائد (پارٹی بانی لیڈر)",24,"516 520 521 537 539 637 639 641 648 650 651 652 653 654 656 657 669 671 672 674","521:511 521:520 521:521 539:535 539:536 539:539 640:635 640:638 640:642 653:643 653:648 653:649 653:650 653:652 653:654 654:654 655:654 655:658 656:658 657:658 674:664 674:669 674:671 674:675"
"عامر محمود (چیف کیمسٹ)","ماسی (سرفراز کی پرورش کرنے والی)",3,"635 636 637","640:631 640:633 640:634"
"عامر محمود (چیف کیمسٹ)","ماسی مریم",3,"635 636 637","640:631 640:633 640:634"
"عامر محمود (چیف کیمسٹ)","معین الدین شاہ",1,"521","521:521"
"عامر محمود (چیف کیمسٹ)","ملک جہانگیر اعوان (ایم ایل اے)",6,"516 520 636 642 649 674","521:512 521:520 640:633 640:645 653:645 674:675"
"عامر محمود (چیف کیمسٹ)","میاں انتظار حسین (ایڈووکیٹ ہائی کورٹ)",24,"636 637 639 640 649 650 651 652 653 654 656 657 669 670 671 673 676","640:632 640:635 640:639 640:641 653:645 653:646 653:647 653:648 653:649 653:651 653:652 653:653 654:653 654:654 655:654 655:657 656:657 657:657 674:664 674:666 674:667 674:668 674:673 674:678"
"عامر محمود (چیف کیمسٹ)","میجر قدیر (ازمیر مل کا ایڈمن افسر)",2,"521 539","521:521 539:539"
"عامر محمود (چیف کیمسٹ)","میجر/کیپٹن سرفراز اعوان",3,"516 519 541","521:511 521:518 539:543"
"عامر محمود (چیف کیمسٹ)","نامعلوم مزدور عورت (ملک حمید/لطیف کا تعلق)",2,"539 678","539:540 674:682"
"عامر محمود (چیف کیمسٹ)","نانبائی (او جھری والا)",1,"676","674:678"
"عامر محمود (چیف کیمسٹ)","نسیمہ (شعیب کی بہن)",1,"541","539:543"
"عامر محمود (چیف کیمسٹ)","وسیم بھائی (بدیع الزمان کا سالا/قرض خواہ)",2,"525 534","521:530 539:530"
"عامر محمود (چیف کیمسٹ)","چاچا احمد خان راٹھور",3,"516 636 637","521:512 640:633 640:634"
"عامر محمود (چیف کیمسٹ)","ڈاکٹر (کریم بخش کا بیٹا)",17,"516 520 523 535 536 636 638 642 648 649 650 651 652 677","521:512 521:520 521:526 539:531 539:533 539:534 640:632 640:637 640:644 653:644 653:645 653:646 653:647 653:648 653:649 653:652 674:681"
"عامر محمود (چیف کیمسٹ)","ڈاکٹر احسان الحق (پُل کھنگر)",9,"520 526 535 536 642 649 650 651","521:520 521:531 539:531 539:534 640:645 653:645 653:647 653:648 653:649"
"عامر محمود (چیف کیمسٹ)","ڈاکٹر خدابخش کھوکھر (چیف کیمسٹ)",11,"521 539 653 654 655 656 657 674","521:521 539:539 653:654 654:654 655:654 655:655 656:655 656:656 657:656 657:657 674:674"
"عامر محمود (چیف کیمسٹ)","کامران خان (جواں سال کیمسٹ)",10,"644 651 652 656 657 658 672 674","640:649 653:649 653:652 653:660 654:660 655:660 656:660 657:660 674:671 674:674"
"عامر محمود (چیف کیمسٹ)","کریم راٹھور",5,"516 522 539 671 674","521:512 521:523 539:539 674:668 674:674"
"عامر محمود (چیف کیمسٹ)","کنیز",1,"539","539:540"
"عباس (چاچا احمد کا بیٹا)","علی بہادر",2,"88 96","86:91 101:91"
"عباس (چاچا احمد کا بیٹا)","عمران (ہوسٹل ساتھی)",3,"427 434","432:422 432:436 433:436"
"عباس (چاچا احمد کا بیٹا)","غلام حسین",14,"197 231 243 244 245 246 247 249 250 251 253","193:202 232:231 238:248 240:248 241:248 242:248 243:248 245:248 246:248 247:248 251:248 251:249 251:252 255:252"
"عباس (چاچا احمد کا بیٹا)","فرخ غوری",3,"726 727","722:731 723:731 724:731"
"عباس (چاچا احمد کا بیٹا)","فلک شیر اعوان",3,"83 88 96","86:80 86:91 101:91"
"عباس (چاچا احمد کا بیٹا)","قائد (پارٹی بانی لیڈر)",90,"36 84 87 97 102 113 115 119 120 178 179 180 188 189 190 193 227 228 229 230 234 237 241 242 243 244 245 247 249 250 259 287 289 305 306 307 312 315 320 321 325 353 355 359 430 562 563 564 567 597 599 604 605 606 607 612 613 617 620 724 725 750 756 778 786 787 788 789","38:34 38:35 86:83 86:89 101:94 101:103 117:109 117:113 117:122 119:122 173:183 175:183 176:183 177:183 193:183 193:184 193:185 193:186 193:188 193:194 232:222 232:223 232:224 232:225 232:226 232:229 232:237 238:237 238:245 240:245 241:245 242:245 243:245 245:245 246:245 246:248 247:248 251:248 251:249 251:250 255:264 288:286 288:290 301:309 302:309 303:309 304:309 305:309 306:309 316:309 316:314 316:325 317:325 325:325 357:349 357:353 357:361 432:429 566:558 566:559 566:561 566:562 566:569 601:593 601:597 601:608 602:608 603:608 604:608 605:608 607:608 617:608 617:609 617:610 617:617 618:617 618:623 722:726 723:726 724:726 754:747 754:758 755:758 782:774 782:791 783:791 785:791 786:791 787:791 788:791"
"عباس (چاچا احمد کا بیٹا)","لیفٹیننٹ کرنل اسلام الدین",17,"600 606 607 608 609 614 617 618 728 750 777 778 780","601:600 601:611 602:611 603:611 604:611 605:611 607:611 617:611 617:618 618:618 723:733 724:733 754:747 782:773 782:774 782:775 782:778"
"عباس (چاچا احمد کا بیٹا)","ماسی (سرفراز کی پرورش کرنے والی)",46,"21 22 38 82 101 117 118 160 161 164 165 169 170 171 172 173 174 175 176 177 240 241 242 243 244 245 246 252 254 256 290 296 300 316 317 321 566 754","21:22 22:22 38:38 86:79 101:102 117:118 119:118 165:156 165:157 165:158 165:164 165:165 166:165 166:173 168:173 169:173 172:173 173:173 175:173 175:174 175:175 176:175 176:176 177:176 177:177 238:243 240:243 241:243 242:243 243:243 245:243 245:246 246:246 247:246 247:257 251:257 255:257 288:292 301:292 301:300 316:317 317:317 325:317 566:566 754:754 755:754"
"عباس (چاچا احمد کا بیٹا)","ماسی مریم",47,"21 22 38 82 101 117 118 160 161 164 165 168 169 170 171 172 173 174 175 176 177 240 241 242 243 244 245 246 252 254 256 290 296 300 316 317 321 566 754","21:22 22:22 38:38 86:79 101:102 117:118 119:118 165:156 165:157 165:158 165:164 165:165 166:165 166:171 168:171 169:171 172:171 172:173 173:173 175:173 175:174 175:175 176:175 176:176 177:176 177:177 238:243 240:243 241:243 242:243 243:243 245:243 245:246 246:246 247:246 247:257 251:257 255:257 288:292 301:292 301:300 316:317 317:317 325:317 566:566 754:754 755:754"
"عباس (چاچا احمد کا بیٹا)","محمد نواز چیمہ",3,"89 97","86:93 101:93 101:94"
"عباس (چاچا احمد کا بیٹا)","معین الدین شاہ",2,"620 621","617:624 618:624"
"عباس (چاچا احمد کا بیٹا)","ملک جہانگیر اعوان (ایم ایل اے)",64,"39 85 88 96 98 105 113 120 121 162 164 176 177 178 179 188 189 190 192 193 227 230 231 232 235 237 238 239 242 243 244 245 246 251 253 255 288 353 359 565 566 596 597 598 599 604 605 606 607 612 613 618","38:40 86:85 86:91 101:91 101:95 101:109 117:109 117:124 119:124 165:160 165:163 172:181 173:181 175:181 176:181 177:181 193:183 193:186 193:188 193:191 193:193 232:222 232:229 232:230 232:232 238:232 238:236 238:237 238:238 240:238 240:239 240:245 241:245 242:245 243:245 245:245 246:245 246:246 247:246 247:255 251:255 255:255 288:289 357:349 357:361 566:564 566:565 566:567 601:591 601:593 601:595 601:596 601:597 601:608 602:608 603:608 604:608 605:608 607:608 617:608 617:609 617:610 617:619 618:619"
"عباس (چاچا احمد کا بیٹا)","ملک حمید",19,"192 193 235 238 239 242 243 244 245 600 786 787 788 789","193:191 193:192 193:194 232:238 238:238 240:238 240:245 241:245 242:245 243:245 245:245 246:245 601:599 782:791 783:791 785:791 786:791 787:791 788:791"
"عباس (چاچا احمد کا بیٹا)","ملک عالم جہاں اعوان",2,"88 96","86:91 101:91"
"عباس (چاچا احمد کا بیٹا)","ملک لطیف",7,"600 786 787 788 789","601:599 782:791 783:791 785:791 786:791 787:791 788:791"
"عباس (چاچا احمد کا بیٹا)","منشی کریم شاہ",5,"250 251 253 255","245:255 246:255 247:255 251:255 255:255"
"عباس (چاچا احمد کا بیٹا)","منظور (اعجاز کا ورکر)",7,"194 352 353 361 437","193:195 357:347 357:348 357:349 357:365 432:442 433:442"
"عباس (چاچا احمد کا بیٹا)","مولوی فقیر الدین",4,"101 117 118","101:102 117:117 119:117 119:118"
"عباس (چاچا احمد کا بیٹا)","میاں انتظار حسین (ایڈووکیٹ ہائی کورٹ)",12,"16 85 437 561 562 596 619 726 727","21:12 86:85 432:442 433:442 566:556 566:559 601:591 617:621 618:621 722:731 723:731 724:731"
"عباس (چاچا احمد کا بیٹا)","میجر ست پال ٹھاکر (کیمپ افسرِ دشمن)",1,"780","782:779"
"عباس (چاچا احمد کا بیٹا)","میجر صدیق",1,"429","432:426"
"عباس (چاچا احمد کا بیٹا)","میجر/کیپٹن سرفراز اعوان",195,"16 17 18 19 20 21 22 35 36 37 38 82 83 84 86 96 97 98 100 101 115 116 117 118 119 160 161 162 165 166 167 168 169 170 171 172 173 174 175 176 177 193 231 235 238 239 240 244 245 246 247 249 250 251 253 259 283 287 288 296 300 301 302 303 304 305 306 311 312 313 314 315 316 317 321 322 323 324 325 354 355 356 357 427 428 430 431 432 433 563 564 565 566 596 597 598 599 600 601 602 607 608 609 614 615 616 617 618 721 722 723 724 749 750 751 752 753 754 755 777 778 779 780 781 782 783 784 785 786 787 788","21:11 21:14 21:15 21:16 21:17 21:18 21:19 21:21 22:21 22:22 38:33 38:34 38:35 38:36 38:37 38:38 86:79 86:81 86:82 86:83 86:86 101:91 101:92 101:93 101:96 101:99 101:100 101:101 117:113 117:116 117:117 119:117 119:119 165:156 165:157 165:160 165:165 166:165 166:166 168:166 168:168 169:168 169:169 172:169 172:171 172:173 173:173 175:173 175:176 176:176 177:176 177:177 193:193 232:231 232:238 238:238 240:238 240:240 241:240 241:247 242:247 243:247 245:247 246:247 247:247 251:247 251:249 251:250 251:252 255:252 255:264 288:279 288:287 288:288 301:292 301:300 301:301 302:301 302:302 303:302 303:303 304:303 304:304 305:304 305:305 306:305 306:306 316:306 316:307 316:308 316:309 316:310 316:311 316:312 316:313 316:314 316:315 316:316 317:316 317:317 325:317 325:318 325:319 325:320 325:321 325:322 325:323 325:324 325:325 357:351 357:353 357:354 357:355 357:356 357:357 432:422 432:423 432:424 432:428 432:430 432:431 432:432 433:432 433:433 566:560 566:561 566:562 566:563 566:565 566:566 601:591 601:592 601:593 601:594 601:595 601:596 601:597 601:598 601:600 601:601 602:601 602:602 603:602 603:611 604:611 605:611 607:611 617:611 617:612 617:613 617:614 617:615 617:616 617:617 618:617 618:618 722:721 722:722 723:722 723:723 724:723 724:724 754:745 754:746 754:747 754:748 754:749 754:750 754:751 754:752 754:753 754:754 755:754 755:755 782:772 782:773 782:774 782:775 782:776 782:777 782:778 782:779 782:781 782:782 783:782 783:783 785:783 785:784 785:785 786:785 786:786 787:786 787:787 788:787 788:788"
"عباس (چاچا احمد کا بیٹا)","نامعلوم مزدور عورت (ملک حمید/لطیف کا تعلق)",34,"18 19 20 36 42 86 96 100 101 113 114 115 116 118 119 160 193 353 355 562 563 599 722 723 783 784 785 786","21:16 21:17 21:18 21:19 38:34 38:47 86:87 101:92 101:100 101:102 117:109 117:110 117:111 117:113 117:115 117:120 119:120 165:155 193:193 357:350 357:354 566:558 566:560 601:598 722:723 723:723 724:723 782:784 783:784 785:784 785:785 786:785 786:786 787:786"
"عباس (چاچا احمد کا بیٹا)","نسرین",64,"16 18 19 20 24 25 33 36 41 116 167 168 169 170 175 176 177 192 193 245 246 247 248 250 329 356 357 596 599 600 601 604 605 606 607 612 614 615 616 617 749 750 783 784 785 786","21:11 21:15 21:18 21:19 21:28 22:28 38:28 38:29 38:34 38:44 117:115 117:116 165:169 166:169 168:169 169:169 172:169 172:178 173:178 175:178 176:178 177:178 193:192 193:193 240:250 241:250 242:250 243:250 245:250 246:250 247:250 251:250 325:334 357:356 357:357 601:592 601:597 601:598 601:600 601:601 602:601 602:607 603:607 604:607 605:607 607:607 617:607 617:611 617:612 617:613 617:614 617:615 617:616 617:617 618:617 754:745 754:746 782:784 783:784 785:784 785:785 786:785 786:786 787:786"
"عباس (چاچا احمد کا بیٹا)","نسیمہ (شعیب کی بہن)",37,"287 311 316 318 322 323 324 326 354 355 356 357 563 564 568 599 721 722 723 724 750 753 754 755 783 784 785","288:286 306:316 316:316 317:316 317:319 325:319 325:320 325:321 325:323 325:324 325:328 357:351 357:353 357:354 357:355 357:356 357:357 566:560 566:561 566:562 566:563 566:571 601:598 722:721 722:722 723:722 723:724 724:724 754:746 754:753 754:754 755:754 755:756 782:785 783:785 785:785 786:785"
"عباس (چاچا احمد کا بیٹا)","نصیر شیخ (پارٹی امیدوار)",1,"362","357:367"
"عباس (چاچا احمد کا بیٹا)","نمائر (کیمپ کا قیدی ساتھی)",1,"571","566:576"
"عباس (چاچا احمد کا بیٹا)","نیلی (بھینس)",1,"43","38:48"
"عباس (چاچا احمد کا بیٹا)","وریا م",2,"88 96","86:91 101:91"
"عباس (چاچا احمد کا بیٹا)","وسیم بھائی (بدیع الزمان کا سالا/قرض خواہ)",34,"19 23 24 33 36 38 82 86 105 113 178 179 180 188 283 356 427 603 604 605 606 621 622 750 781 787 788 789 790","21:17 21:26 22:26 38:28 38:35 38:38 86:79 86:86 101:109 117:109 173:183 175:183 176:183 177:183 193:183 288:279 357:356 432:423 601:606 602:606 603:606 604:606 605:606 607:606 617:626 618:626 754:746 782:781 782:792 783:792 785:792 786:792 787:792 788:792"
"عباس (چاچا احمد کا بیٹا)","پروفیسر میر صاحب",11,"227 243 244 245 246 247 249 250","232:222 238:248 240:248 241:248 242:248 243:248 245:248 246:248 247:248 251:248 251:249"
"عباس (چاچا احمد کا بیٹا)","پھاتو مراثن (ڈھولکی)",1,"357","357:358"
"عباس (چاچا احمد کا بیٹا)","پیر حمید الدین بلال شاہ (مرشد بلال پور شریف)",10,"36 163 755 756 786 787 788 789","38:34 165:162 754:757 755:757 782:791 783:791 785:791 786:791 787:791 788:791"
"عباس (چاچا احمد کا بیٹا)","چاچا احمد خان راٹھور",127,"22 37 38 81 101 112 116 117 118 119 162 163 164 165 166 167 168 169 170 171 172 173 174 175 176 177 188 189 190 191 192 193 227 228 231 233 236 237 238 239 240 241 242 243 244 245 246 247 249 250 251 253 258 283 287 288 296 300 301 302 311 316 317 321 356 357 432 438 562 566 601 602 603 604 605 606 607 612 613 618 722 723 724 754 755 782 784 785 786 787","21:23 22:23 38:36 38:38 86:76 101:102 117:107 117:115 117:116 117:117 119:117 119:118 119:119 165:160 165:162 165:163 165:164 165:165 166:165 166:166 168:166 168:167 168:168 169:168 169:169 172:169 172:170 172:171 172:172 173:172 173:173 175:173 175:174 175:175 176:175 176:176 177:176 177:177 193:184 193:185 193:186 193:188 193:189 193:190 193:191 193:192 193:193 232:223 232:225 232:231 232:234 238:234 238:236 238:238 240:238 240:241 241:241 242:241 242:242 243:242 243:243 245:243 245:244 245:245 246:245 246:246 247:246 247:248 251:248 251:249 251:250 251:252 255:252 255:262 288:278 288:279 288:287 288:288 301:292 301:300 301:301 302:301 302:302 303:302 306:316 316:316 317:316 317:317 325:317 357:356 357:357 432:432 433:432 433:443 566:559 566:566 601:601 602:601 602:602 603:602 603:603 604:603 604:604 605:604 605:605 607:605 607:607 617:607 617:608 617:609 617:619 618:619 722:723 723:723 724:723 724:724 754:754 755:754 755:755 782:782 783:782 783:785 785:785 786:785 786:787 787:787 788:787"
"عباس (چاچا احمد کا بیٹا)","چنبیلی (گھوڑی)",1,"41","38:45"
"عباس (چاچا احمد کا بیٹا)","چوہدری ارشد (یونین رہنما)",1,"361","357:365"
"عباس (چاچا احمد کا بیٹا)","چوہدری اظہر (ایس ایچ او نور پور)",17,"114 301 302 353 566 600 603 604 605 606 607 612 756","117:112 301:302 302:302 303:302 357:350 566:567 601:599 601:606 602:606 603:606 604:606 605:606 607:606 607:607 617:607 754:758 755:758"
"عباس (چاچا احمد کا بیٹا)","چوہدری اللہ داد خان",3,"252 254 256","247:257 251:257 255:257"
"عباس (چاچا احمد کا بیٹا)","چوہدری شدا",1,"361","357:366"
"عباس (چاچا احمد کا بیٹا)","ڈاکٹر (کریم بخش کا بیٹا)",6,"20 105 113 114 620","21:20 101:109 117:109 117:112 617:623 618:623"
"عباس (چاچا احمد کا بیٹا)","کریم راٹھور",13,"87 259 620 621 720 782 784 785 786 787","86:89 255:264 617:624 618:624 722:719 782:782 783:782 783:786 785:786 786:786 787:786 787:787 788:787"
"عباس (چاچا احمد کا بیٹا)","کلونت کور",4,"24 33 39","21:27 22:27 38:28 38:41"
"عباس (چاچا احمد کا بیٹا)","کنیز",12,"102 113 114 118 119 160 162 164 192 193","101:103 117:109 117:110 117:112 117:120 119:120 165:155 165:156 165:160 165:163 193:192 193:193"
"عباس (چاچا احمد کا بیٹا)","کو چوہا (چوکیدار/کھیت میں سونے والا)",2,"254 256","251:258 255:258"
"عباس (چاچا احمد کا بیٹا)","کیپٹن اسد اللہ",2,"286","288:284 288:285"
"عباس (چاچا احمد کا بیٹا)","کیپٹن اسرار",8,"17 36 356 563 724 725 777","21:14 38:34 357:356 566:560 722:726 723:726 724:726 782:773"
"عباس (چاچا احمد کا بیٹا)","کیپٹن جمال",14,"18 19 20 285 287 596 599 611 616 617","21:15 21:16 21:17 21:18 21:19 288:282 288:286 601:592 601:597 601:598 607:616 617:616 617:617 618:617"
"عباس (چاچا احمد کا بیٹا)","کیپٹن دلاور",11,"307 308 309 314 318 319 323 328","302:312 303:312 304:312 305:312 306:312 316:312 316:321 317:321 325:321 325:322 325:331"
"عباس (چاچا احمد کا بیٹا)","کیڈٹ حبیب اللہ",2,"286 287","288:285 288:286"
"عباس (چاچا احمد کا بیٹا)","کیڈٹ مجید اللہ",4,"292 299 300","288:297 301:297 301:298 301:299"
"عباس (چاچا احمد کا بیٹا)","کیڈٹ نواز کھوکھر",1,"780","782:778"
"عباس (چاچا احمد کا بیٹا)","گل افروز خان",8,"256 258 283 288 353 354 355 358","251:261 255:261 288:279 288:288 357:350 357:351 357:353 357:360"
"عباس (چاچا احمد کا بیٹا)","یعقوب اعوان",44,"22 23 33 35 36 37 39 81 82 83 101 164 233 236 238 239 302 303 304 305 309 314 431 432 570 722 723 781 784 785 786 787 790","21:24 22:24 38:28 38:32 38:35 38:36 38:41 86:76 86:77 86:78 86:79 86:80 101:101 165:164 232:234 238:234 238:235 238:239 240:239 301:303 302:303 303:303 304:303 304:304 305:304 305:305 306:305 306:313 316:313 432:430 432:432 433:432 566:574 722:723 723:723 724:723 782:780 782:787 783:787 785:787 786:787 787:787 788:787 788:792"
"علی بہادر","فلک شیر اعوان",5,"65 68 71 76 91","65:65 72:65 72:70 72:80 91:91"
"علی بہادر","قائد (پارٹی بانی لیڈر)",7,"61 68 72 87 90 92","65:58 65:72 72:72 91:83 91:89 91:90 91:94"
"علی بہادر","ماسی (سرفراز کی پرورش کرنے والی)",3,"68 71 73","65:71 72:71 72:74"
"علی بہادر","ماسی مریم",3,"68 71 73","65:71 72:71 72:74"
"علی بہادر","محمد نواز چیمہ",1,"92","91:93"
"علی بہادر","ملک جہانگیر اعوان (ایم ایل اے)",2,"88 91","91:85 91:91"
"علی بہادر","ملک عالم جہاں اعوان",3,"61 91","65:57 65:58 91:91"
"علی بہادر","منظور (اعجاز کا ورکر)",2,"69 72","65:73 72:73"
"علی بہادر","میاں انتظار حسین (ایڈووکیٹ ہائی کورٹ)",1,"88","91:85"
"علی بہادر","میجر/کیپٹن سرفراز اعوان",17,"62 63 66 70 71 73 86 87 88 89 90 91","65:60 65:61 65:68 72:68 72:69 72:70 72:71 72:74 91:81 91:82 91:83 91:86 91:87 91:88 91:89 91:90 91:91"
"علی بہادر","نامعلوم مزدور عورت (ملک حمید/لطیف کا تعلق)",5,"60 61 89 91","65:56 65:58 91:87 91:88 91:92"
"علی بہادر","وریا م",1,"91","91:91"
"علی بہادر","وسیم بھائی (بدیع الزمان کا سالا/قرض خواہ)",4,"62 69 73 88","65:59 65:74 72:74 91:86"
"علی بہادر","چاچا احمد خان راٹھور",5,"61 64 66 69 74","65:57 65:63 65:67 72:67 72:76"
"علی بہادر","چنبیلی (گھوڑی)",2,"66 70","65:68 72:68"
"علی بہادر","چوہدری اظہر (ایس ایچ او نور پور)",1,"61","65:57"
"علی بہادر","ڈاکٹر (کریم بخش کا بیٹا)",2,"61","65:57 65:58"
"علی بہادر","کریم راٹھور",1,"90","91:89"
"علی بہادر","کلونت کور",1,"60","65:55"
"علی بہادر","یعقوب اعوان",15,"60 61 62 64 65 68 69 70 71 72 96","65:56 65:57 65:58 65:59 65:63 65:64 65:65 72:65 72:66 72:67 72:68 72:70 72:71 72:72 91:101"
"عمران (ہوسٹل ساتھی)","غلام حسین",3,"203 204 205","205:202 205:203 205:205"
"عمران (ہوسٹل ساتھی)","قائد (پارٹی بانی لیڈر)",18,"200 208 416 419 420 425 432 440 441 442 508 509 510","205:195 205:196 205:212 421:411 421:417 421:418 421:419 421:420 421:429 422:429 436:429 436:445 437:445 438:445 439:445 510:507 510:508 510:511"
"عمران (ہوسٹل ساتھی)","ملک جہانگیر اعوان (ایم ایل اے)",8,"202 416 419 420 508 509 510","205:199 421:412 421:417 421:419 510:507 510:508 510:509 510:510"
"عمران (ہوسٹل ساتھی)","منظور (اعجاز کا ورکر)",10,"200 416 417 419 439 440 507","205:195 421:411 421:412 421:413 421:417 436:442 437:442 438:442 439:442 510:504"
"عمران (ہوسٹل ساتھی)","میاں انتظار حسین (ایڈووکیٹ ہائی کورٹ)",4,"439 440","436:442 437:442 438:442 439:442"
"عمران (ہوسٹل ساتھی)","میجر صدیق",3,"423 424 431","421:426 422:426 436:426"
"عمران (ہوسٹل ساتھی)","میجر/کیپٹن سرفراز اعوان",22,"203 204 205 420 421 422 432 433 434 436 437 438 439 509 510","205:202 205:204 205:205 421:420 421:421 422:421 422:422 436:428 436:430 436:431 436:432 436:433 436:436 437:436 437:437 438:437 438:438 439:438 439:439 510:508 510:509 510:510"
"عمران (ہوسٹل ساتھی)","نامعلوم مزدور عورت (ملک حمید/لطیف کا تعلق)",3,"208 420 508","205:211 421:420 510:507"
"عمران (ہوسٹل ساتھی)","نانبائی (او جھری والا)",1,"205","205:205"
"عمران (ہوسٹل ساتھی)","نسرین",1,"416","421:412"
"عمران (ہوسٹل ساتھی)","نسیمہ (شعیب کی بہن)",1,"420","421:420"
"عمران (ہوسٹل ساتھی)","وسیم بھائی (بدیع الزمان کا سالا/قرض خواہ)",2,"422","421:423 422:423"
"عمران (ہوسٹل ساتھی)","چاچا احمد خان راٹھور",17,"200 201 202 203 204 205 427 434 439 440 441 511","205:195 205:196 205:197 205:198 205:199 205:200 205:202 205:203 205:204 205:205 422:432 436:432 436:443 437:443 438:443 439:443 510:512"
"عمران (ہوسٹل ساتھی)","ڈاکٹر (کریم بخش کا بیٹا)",5,"505 506 508 509 510","510:501 510:502 510:507 510:509 510:510"
"عمران (ہوسٹل ساتھی)","ڈاکٹر احسان الحق (پُل کھنگر)",1,"510","510:510"
"عمران (ہوسٹل ساتھی)","کریم راٹھور",1,"511","510:512"
"عمران (ہوسٹل ساتھی)","کنیز",3,"200 202","205:195 205:199 205:200"
"عمران (ہوسٹل ساتھی)","گل افروز خان",1,"418","421:416"
"عمران (ہوسٹل ساتھی)","ہکیم حاذق",3,"507 508","510:505 510:506 510:507"
"عمران (ہوسٹل ساتھی)","یعقوب اعوان",4,"425 426 433 434","421:430 422:430 436:430 436:432"
"غلام حسین","قائد (پارٹی بانی لیڈر)",30,"198 199 207 208 209 210 211 212 216 220 226 227 228 230 234 246 248 249 250 251 267 271","202:194 202:195 202:196 202:212 203:212 205:212 206:212 207:212 208:212 209:212 210:212 212:212 220:212 220:220 231:221 231:222 231:223 231:224 231:225 231:226 231:229 231:237 248:245 248:248 249:248 249:249 252:249 252:250 270:264 270:272"
"غلام حسین","ماسی (سرفراز کی پرورش کرنے والی)",5,"245 247 252 253 254","248:243 248:246 248:257 249:257 252:257"
"غلام حسین","ماسی مریم",5,"245 247 252 253 254","248:243 248:246 248:257 249:257 252:257"
"غلام حسین","ملک جہانگیر اعوان (ایم ایل اے)",18,"197 200 217 221 226 230 231 243 246 247 251 252 253 267 268 272","202:193 202:199 212:222 220:222 231:222 231:229 231:230 231:232 248:238 248:239 248:245 248:246 248:255 249:255 252:255 270:264 270:266 270:275"
"غلام حسین","ملک حمید",7,"197 198 234 243 246 268 272","202:192 202:194 231:238 248:238 248:245 270:266 270:275"
"غلام حسین","ملک رشید (ملک حمید کا بھائی)",1,"272","270:275"
"غلام حسین","منشی کریم شاہ",4,"251 252 253 267","248:255 249:255 252:255 270:264"
"غلام حسین","منظور (اعجاز کا ورکر)",1,"198","202:195"
"غلام حسین","میجر/کیپٹن سرفراز اعوان",37,"197 202 203 204 205 206 207 208 209 210 211 212 216 217 218 220 231 243 244 247 248 249 250 251 252 267 268 271","202:193 202:202 203:202 203:204 205:204 205:205 206:205 206:207 207:207 208:207 208:208 209:208 209:209 210:209 210:211 212:211 212:212 220:212 220:213 220:214 220:215 220:216 220:220 231:231 248:238 248:240 248:247 248:249 249:249 252:249 252:250 252:252 270:264 270:265 270:266 270:267 270:273"
"غلام حسین","نامعلوم مزدور عورت (ملک حمید/لطیف کا تعلق)",13,"197 206 207 208 209 210 211 213 217 218","202:193 202:211 203:211 205:211 206:211 207:211 208:211 209:211 210:211 212:211 212:215 220:215 220:217"
"غلام حسین","نانبائی (او جھری والا)",12,"203 204 205 206 207 208 209","202:205 203:205 205:205 206:205 206:206 207:206 207:207 208:207 208:208 209:208 209:209 210:209"
"غلام حسین","نسرین",11,"197 212 213 214 218 249 251","202:192 202:193 207:217 208:217 209:217 210:217 212:217 220:217 248:250 249:250 252:250"
"غلام حسین","وسیم بھائی (بدیع الزمان کا سالا/قرض خواہ)",1,"274","270:279"
"غلام حسین","پروفیسر میر صاحب",7,"217 221 226 248 249 250","212:222 220:222 231:222 248:248 249:248 249:249 252:249"
"غلام حسین","چاچا احمد خان راٹھور",51,"197 198 199 200 201 202 203 204 205 206 207 208 209 210 211 212 216 218 219 220 227 228 231 243 244 245 246 247 248 249 250 251 252 266 272","202:192 202:193 202:194 202:195 202:196 202:197 202:198 202:199 202:200 202:202 203:202 203:203 205:203 205:204 205:205 206:205 206:206 207:206 207:207 208:207 208:208 209:208 209:209 210:209 210:210 212:210 212:212 220:212 220:216 220:217 220:218 220:220 231:223 231:225 231:231 248:238 248:241 248:242 248:243 248:244 248:245 248:246 248:248 249:248 249:249 252:249 252:250 252:252 270:262 270:263 270:275"
"غلام حسین","چوہدری اللہ داد خان",3,"252 253 254","248:257 249:257 252:257"
"غلام حسین","ڈاکٹر (کریم بخش کا بیٹا)",6,"212 213 214 218","207:217 208:217 209:217 210:217 212:217 220:217"
"غلام حسین","کریم راٹھور",1,"267","270:264"
"غلام حسین","کنیز",14,"197 198 200 201 211 212 213 214 218","202:192 202:193 202:194 202:195 202:199 202:200 206:216 207:216 208:216 209:216 210:216 212:216 220:216 220:217"
"غلام حسین","کو چوہا (چوکیدار/کھیت میں سونے والا)",3,"253 255","248:258 249:258 252:258"
"غلام حسین","گل افروز خان",5,"256 265 266 274","252:261 270:261 270:262 270:263 270:279"
"غلام حسین","یعقوب اعوان",3,"232 243 273","231:234 248:239 270:277"
"فرخ غوری","قائد (پارٹی بانی لیڈر)",5,"705 706 708 728 731","710:701 710:702 710:706 731:726 731:731"
"فرخ غوری","لیفٹیننٹ کرنل اسلام الدین",1,"732","731:733"
"فرخ غوری","محمد یاسین (طلوع کا رپورٹر/ساتھی)",1,"708","710:706"
"فرخ غوری","میاں انتظار حسین (ایڈووکیٹ ہائی کورٹ)",1,"731","731:731"
"فرخ غوری","میجر/کیپٹن سرفراز اعوان",6,"726 727 728 731","731:721 731:722 731:723 731:724 731:725 731:732"
"فرخ غوری","نامعلوم مزدور عورت (ملک حمید/لطیف کا تعلق)",1,"727","731:723"
"فرخ غوری","نسرین",1,"735","731:739"
"فرخ غوری","نسیمہ (شعیب کی بہن)",4,"726 727 735","731:721 731:722 731:724 731:739"
"فرخ غوری","نیلی (بھینس)",2,"706 707","710:703 710:704"
"فرخ غوری","وسیم بھائی (بدیع الزمان کا سالا/قرض خواہ)",1,"710","710:711"
"فرخ غوری","چاچا احمد خان راٹھور",5,"705 708 727 732","710:700 710:706 731:723 731:724 731:734"
"فرخ غوری","کریم راٹھور",1,"714","710:719"
"فرخ غوری","کیپٹن اسرار",1,"728","731:726"
"فرخ غوری","یعقوب اعوان",1,"727","731:723"
"فضلے","قائد (پارٹی بانی لیڈر)",7,"55 478 480 481 482 485","52:58 483:474 483:478 483:479 483:481 483:482 483:488"
"فضلے","قمر الاسلام",3,"480 481","483:477 483:478 483:479"
"فضلے","ملک عالم جہاں اعوان",1,"54","52:57"
"فضلے","منظور (اعجاز کا ورکر)",1,"487","483:491"
"فضلے","منیر میکنک",1,"481","483:480"
"فضلے","میجر صدیق",3,"482 483","483:481 483:482 483:483"
"فضلے","میجر/کیپٹن سرفراز اعوان",2,"56 483","52:60 483:483"
"فضلے","نامعلوم مزدور عورت (ملک حمید/لطیف کا تعلق)",5,"49 51 54 478 479","52:47 52:51 52:56 483:473 483:475"
"فضلے","نسرین",4,"48 49 51 479","52:44 52:46 52:51 483:475"
"فضلے","نسیمہ (شعیب کی بہن)",1,"483","483:484"
"فضلے","نمائر (کیمپ کا قیدی ساتھی)",1,"482","483:481"
"فضلے","نیلی (بھینس)",1,"50","52:48"
"فضلے","وسیم بھائی (بدیع الزمان کا سالا/قرض خواہ)",2,"50 55","52:48 52:59"
"فضلے","چاچا احمد خان راٹھور",4,"50 54 478 488","52:49 52:57 483:474 483:493"
"فضلے","چنبیلی (گھوڑی)",2,"48 50","52:45 52:48"
"فضلے","چوہدری اظہر (ایس ایچ او نور پور)",1,"54","52:57"
"فضلے","ڈاکٹر (کریم بخش کا بیٹا)",1,"52","52:52"
"فضلے","کلونت کور",3,"47 52","52:42 52:43 52:53"
"فضلے","کنیز",5,"478 479 480","483:473 483:474 483:475 483:476 483:477"
"فضلے","یعقوب اعوان",11,"47 48 49 50 51 52 488","52:43 52:44 52:45 52:46 52:47 52:48 52:49 52:50 52:51 52:52 483:493"
"فلک شیر اعوان","قائد (پارٹی بانی لیڈر)",9,"61 68 71 76 81 87 90 92","65:58 65:72 70:72 80:72 80:83 91:83 91:89 91:90 91:94"
"فلک شیر اعوان","ماسی (سرفراز کی پرورش کرنے والی)",5,"68 70 75 77 79","65:71 70:71 80:71 80:74 80:79"
"فلک شیر اعوان","ماسی مریم",5,"68 70 75 77 79","65:71 70:71 80:71 80:74 80:79"
"فلک شیر اعوان","محمد نواز چیمہ",1,"92","91:93"
"فلک شیر اعوان","ملک جہانگیر اعوان (ایم ایل اے)",3,"82 88 91","80:85 91:85 91:91"
"فلک شیر اعوان","ملک عالم جہاں اعوان",3,"61 91","65:57 65:58 91:91"
"فلک شیر اعوان","منظور (اعجاز کا ورکر)",3,"69 71 76","65:73 70:73 80:73"
"فلک شیر اعوان","میاں انتظار حسین (ایڈووکیٹ ہائی کورٹ)",2,"82 88","80:85 91:85"
"فلک شیر اعوان","میجر/کیپٹن سرفراز اعوان",21,"62 63 66 69 70 75 77 79 80 86 87 88 89 90 91","65:60 65:61 65:68 70:68 70:69 70:70 80:70 80:71 80:74 80:75 80:79 80:81 91:81 91:82 91:83 91:86 91:87 91:88 91:89 91:90 91:91"
"فلک شیر اعوان","نامعلوم مزدور عورت (ملک حمید/لطیف کا تعلق)",6,"60 61 83 89 91","65:56 65:58 80:87 91:87 91:88 91:92"
"فلک شیر اعوان","وریا م",1,"91","91:91"
"فلک شیر اعوان","وسیم بھائی (بدیع الزمان کا سالا/قرض خواہ)",7,"62 69 72 77 79 83 88","65:59 65:74 70:74 80:74 80:79 80:86 91:86"
"فلک شیر اعوان","چاچا احمد خان راٹھور",6,"61 64 66 68 73 78","65:57 65:63 65:67 70:67 70:76 80:76"
"فلک شیر اعوان","چنبیلی (گھوڑی)",2,"66 69","65:68 70:68"
"فلک شیر اعوان","چوہدری اظہر (ایس ایچ او نور پور)",1,"61","65:57"
"فلک شیر اعوان","ڈاکٹر (کریم بخش کا بیٹا)",2,"61","65:57 65:58"
"فلک شیر اعوان","کریم راٹھور",2,"84 90","80:89 91:89"
"فلک شیر اعوان","کلونت کور",1,"60","65:55"
"فلک شیر اعوان","یعقوب اعوان",24,"60 61 62 64 65 67 68 69 70 75 76 77 78 79 80 96","65:56 65:57 65:58 65:59 65:63 65:64 65:65 70:65 70:66 70:67 70:68 70:70 80:70 80:71 80:72 80:73 80:74 80:75 80:76 80:77 80:78 80:79 80:80 91:101"
"قائد (پارٹی بانی لیڈر)","قمر الاسلام",18,"456 457 458 461 462 472 475 477 478 479 480 493 497 498","452:461 453:461 454:461 455:461 461:461 463:461 468:477 474:477 478:477 478:478 479:478 479:479 481:479 488:498 489:498 496:498 497:498 499:498"
"قائد (پارٹی بانی لیڈر)","لیفٹیننٹ کرنل اسلام الدین",39,"126 127 128 130 131 134 137 138 141 142 339 584 585 586 587 589 590 591 596 598 604 609 610 614 617 620 729 732 734 738 744 747 772 773 774","122:130 123:130 124:130 126:130 130:130 132:130 132:136 138:136 138:137 138:138 145:138 145:139 341:337 579:589 582:589 583:589 584:589 586:589 590:589 590:590 593:590 593:600 597:600 608:600 608:611 609:611 610:611 617:611 617:618 623:618 726:733 731:733 736:733 736:741 747:741 747:747 774:771 774:773 774:774"
"قائد (پارٹی بانی لیڈر)","ماسی (سرفراز کی پرورش کرنے والی)",56,"29 36 71 73 78 81 98 102 113 115 120 126 127 128 130 131 132 135 178 179 180 240 244 245 247 252 253 260 261 289 291 304 313 315 321 562 563 564 567 568 627 628 629 630 633 634 750 756","34:24 34:38 35:38 72:71 72:74 83:74 83:79 94:102 103:102 109:118 113:118 122:118 122:131 123:131 124:131 126:131 130:131 132:131 132:133 138:133 183:173 183:174 183:175 183:176 183:177 237:243 245:243 245:246 248:246 248:257 249:257 250:257 264:257 264:258 286:292 290:292 309:300 309:317 314:317 325:317 558:566 559:566 561:566 562:566 569:566 569:568 623:631 626:631 627:631 628:631 629:631 635:631 635:633 635:634 747:754 758:754"
"قائد (پارٹی بانی لیڈر)","ماسی مریم",56,"29 36 71 73 78 81 98 102 113 115 120 126 127 128 130 131 132 135 178 179 180 240 244 245 247 252 253 260 261 289 291 304 313 315 321 562 563 564 567 568 627 628 629 630 633 634 750 756","34:24 34:38 35:38 72:71 72:74 83:74 83:79 94:102 103:102 109:118 113:118 122:118 122:131 123:131 124:131 126:131 130:131 132:131 132:133 138:133 183:173 183:174 183:175 183:176 183:177 237:243 245:243 245:246 248:246 248:257 249:257 250:257 264:257 264:258 286:292 290:292 309:300 309:317 314:317 325:317 558:566 559:566 561:566 562:566 569:566 569:568 623:631 626:631 627:631 628:631 629:631 635:631 635:633 635:634 747:754 758:754"
"قائد (پارٹی بانی لیڈر)","محمد نواز چیمہ",18,"88 91 93 94 98 382 383 384 386 387 388 389 390","83:93 89:93 90:93 94:93 94:94 103:94 378:387 379:387 381:387 385:387 386:387 387:387 389:387 389:388 389:389 390:389 390:390 391:390"
"قائد (پارٹی بانی لیڈر)","محمد یاسین (طلوع کا رپورٹر/ساتھی)",5,"702 703 704 706","698:706 699:706 701:706 702:706 706:706"
"قائد (پارٹی بانی لیڈر)","مرزا عبد الرشید",21,"342 343 344 346 347 456 457 458 461 462 463 464 466 491 492 495","341:344 342:344 343:344 344:344 349:344 349:345 452:461 453:461 454:461 455:461 461:461 463:461 463:462 463:463 464:463 464:464 468:464 468:465 488:495 489:495 496:495"
"قائد (پارٹی بانی لیڈر)","معین الدین شاہ",14,"516 520 521 620 623 625 626 627 628","511:521 520:521 521:521 522:521 617:624 623:624 626:624 626:625 626:626 627:626 627:627 628:627 628:628 629:628"
"قائد (پارٹی بانی لیڈر)","ملک جہانگیر اعوان (ایم ایل اے)",200,"37 84 87 90 92 94 99 106 109 111 123 124 125 126 128 136 139 143 144 145 182 183 185 186 187 188 191 192 193 196 197 217 221 222 226 227 229 233 234 236 237 241 242 245 246 247 251 252 259 264 268 269 273 281 287 289 290 342 343 344 346 349 351 357 361 362 363 364 365 370 371 372 374 376 377 378 379 380 383 385 386 396 397 398 399 400 401 402 404 405 406 408 409 410 411 414 417 418 419 492 493 496 497 498 499 503 507 508 509 510 511 516 520 561 562 563 566 567 568 569 570 571 573 581 582 584 585 586 588 590 592 593 595 596 597 608 609 610 613 618 621 628 629 630 631 634 640 641 643 644 646 672 673 675 676","34:40 35:40 83:85 89:85 89:91 90:91 94:91 94:95 103:95 103:109 109:109 113:109 122:124 123:124 124:124 126:124 126:126 130:126 132:141 138:141 145:141 145:142 145:143 145:144 145:145 183:181 183:183 184:183 184:186 185:186 186:186 188:186 188:188 194:188 194:191 194:193 194:199 195:199 196:199 212:222 220:222 221:222 222:222 223:222 223:229 224:229 225:229 226:229 229:229 237:229 237:230 237:232 237:236 237:237 245:237 245:238 245:239 245:245 248:245 248:246 248:255 249:255 250:255 264:255 264:264 272:264 272:266 272:275 286:276 286:289 290:289 290:290 341:344 342:344 343:344 344:344 349:344 349:349 353:349 353:361 361:361 363:361 363:362 363:363 364:363 364:365 365:365 366:365 366:374 368:374 370:374 371:374 374:374 378:374 378:375 378:376 378:377 378:378 379:378 379:379 381:379 381:386 385:386 386:386 387:386 391:401 392:401 394:401 395:401 396:401 397:401 398:401 399:401 401:401 402:401 402:402 403:402 403:406 404:406 406:406 410:406 410:407 410:408 410:409 410:410 411:410 411:412 417:412 417:417 418:417 418:419 419:419 420:419 488:497 489:497 496:497 497:497 499:497 499:499 507:499 507:507 508:507 508:508 511:508 511:509 511:510 511:512 520:512 520:520 521:520 558:564 559:564 561:564 562:564 569:564 569:565 569:567 569:569 571:569 571:570 571:572 574:572 576:586 578:586 579:586 582:586 583:586 584:586 586:586 590:586 590:591 593:591 593:593 597:593 597:595 597:596 597:597 608:608 609:608 609:609 610:609 610:610 617:610 617:619 623:619 623:633 626:633 627:633 628:633 629:633 635:633 635:645 638:645 642:645 643:645 648:645 669:675 671:675 675:675 677:675"
"قائد (پارٹی بانی لیڈر)","ملک حمید",37,"142 146 187 188 189 192 193 194 233 237 241 245 246 265 269 273 576 577 578 579 580 581 582 583 584 585 594 596 598 603 791","138:147 145:147 183:191 184:191 185:191 186:191 188:191 194:191 194:192 194:194 195:194 229:238 237:238 245:238 245:245 248:245 264:266 272:266 272:275 571:581 574:581 575:581 576:581 578:581 579:581 582:581 582:582 583:582 583:583 584:583 584:584 586:584 590:599 593:599 597:599 608:599 791:791"
"قائد (پارٹی بانی لیڈر)","ملک رشید (ملک حمید کا بھائی)",25,"130 132 133 136 137 138 141 142 148 273 281 342 343 344 346 457 458 461 462 463","126:135 130:135 132:135 138:135 138:136 138:137 138:138 145:138 145:139 145:151 272:275 286:276 341:344 342:344 343:344 344:344 349:344 452:462 453:462 454:462 455:462 461:462 463:462 463:463 464:463"
"قائد (پارٹی بانی لیڈر)","ملک عالم جہاں اعوان",6,"57 58 87 90 92","58:57 58:58 83:91 89:91 90:91 94:91"
"قائد (پارٹی بانی لیڈر)","ملک لطیف",14,"579 580 581 583 584 585 594 596 598 603 791","574:584 575:584 576:584 578:584 579:584 582:584 583:584 584:584 586:584 590:599 593:599 597:599 608:599 791:791"
"قائد (پارٹی بانی لیڈر)","منشی کریم شاہ",19,"140 144 250 251 252 259 264 268 401 402 403 404 405 406 408","138:143 145:143 245:255 248:255 249:255 250:255 264:255 264:264 272:264 396:406 397:406 398:406 399:406 401:406 402:406 403:406 404:406 406:406 410:406"
"قائد (پارٹی بانی لیڈر)","منظور (اعجاز کا ورکر)",109,"72 78 190 191 194 195 341 342 343 344 346 347 348 349 351 363 364 365 366 367 368 369 373 374 375 377 381 382 383 385 386 387 388 389 390 391 392 393 396 397 398 406 407 408 410 411 414 415 417 443 444 446 447 449 450 451 452 454 455 458 462 463 464 466 486 489 490 493 495 500 501 505 684 685 686 688 692","72:73 83:73 185:195 186:195 188:195 194:195 195:195 196:195 341:341 342:341 342:342 343:342 343:343 344:343 344:344 349:344 349:345 349:346 349:347 349:348 349:349 353:349 361:365 363:365 364:365 365:365 366:365 366:366 368:366 368:367 368:368 370:368 370:369 370:377 371:377 374:377 378:377 378:385 379:385 381:385 385:385 386:385 386:387 387:387 389:387 389:388 389:390 390:390 391:390 391:392 392:392 394:392 394:398 395:398 396:398 397:398 398:398 399:398 401:411 402:411 403:411 404:411 406:411 410:411 411:411 417:411 417:412 417:413 417:417 418:417 445:442 445:443 445:444 445:447 447:447 452:447 452:448 452:449 452:450 452:451 452:452 453:452 453:455 454:455 455:455 461:455 461:456 461:463 463:463 464:463 464:464 468:464 468:465 481:491 482:491 488:491 489:491 496:491 496:494 496:504 497:504 499:504 507:504 679:689 681:689 682:689 684:689 688:689 695:689"
"قائد (پارٹی بانی لیڈر)","منیر میکنک",17,"465 466 467 469 472 473 477 479 480 583 585 586 587 589","461:470 463:470 464:470 468:470 474:470 474:472 474:480 478:480 479:480 481:480 578:588 579:588 582:588 583:588 584:588 586:588 590:588"
"قائد (پارٹی بانی لیڈر)","مولوی فقیر الدین",8,"98 102 103 106 113 115 119 120","94:102 103:102 103:103 109:103 109:117 113:117 122:117 122:118"
"قائد (پارٹی بانی لیڈر)","میاں انتظار حسین (ایڈووکیٹ ہائی کورٹ)",79,"8 9 84 87 443 550 552 556 557 558 559 560 586 587 588 590 592 619 622 623 625 627 628 630 633 635 636 638 640 641 642 644 646 647 648 649 650 651 652 653 654 656 657 659 662 663 664 666 667 668 671 672 674 676 677 678 682 683 684 686 728 731 733","4:12 5:12 6:12 83:85 89:85 445:442 547:554 551:554 558:554 558:556 558:559 559:559 561:559 582:591 583:591 584:591 586:591 590:591 593:591 617:621 623:621 623:622 623:624 626:624 626:625 626:628 627:628 628:628 629:628 629:632 635:632 635:635 638:635 638:639 642:639 642:641 642:642 643:642 643:645 648:645 648:646 648:647 648:648 649:648 649:649 650:649 650:651 652:651 652:652 654:652 654:653 654:654 658:654 658:657 658:660 659:660 664:660 664:661 664:663 664:664 669:664 669:666 669:667 669:668 669:673 671:673 675:673 675:678 677:678 678:678 679:678 679:685 681:685 682:685 684:685 688:685 726:731 731:731 736:731"
"قائد (پارٹی بانی لیڈر)","میجر ست پال ٹھاکر (کیمپ افسرِ دشمن)",1,"776","774:779"
"قائد (پارٹی بانی لیڈر)","میجر صدیق",24,"421 422 423 427 477 479 480 481 482 485 490 494 574 575 576 577 578 579 580","417:426 418:426 419:426 420:426 429:426 474:481 478:481 479:481 481:481 482:481 482:482 488:482 488:483 488:492 489:492 496:492 569:579 571:579 574:579 575:579 576:579 578:579 579:579 582:579"
"قائد (پارٹی بانی لیڈر)","میجر قدیر (ازمیر مل کا ایڈمن افسر)",13,"516 520 521 522 523 524 537 539","511:521 520:521 521:521 522:521 522:522 523:522 523:524 524:524 525:524 535:539 536:539 539:539 540:539"
"قائد (پارٹی بانی لیڈر)","میجر/کیپٹن سرفراز اعوان",376,"2 3 4 5 6 29 33 34 35 59 70 71 73 78 79 81 82 83 86 87 88 89 90 92 93 95 99 101 102 103 106 111 113 117 119 120 126 127 128 130 131 178 179 180 188 189 190 193 198 199 207 208 209 210 211 212 216 217 218 220 226 227 228 230 234 237 241 242 246 247 248 249 250 264 268 269 272 281 282 286 288 289 291 304 305 306 307 308 309 311 312 313 314 320 321 322 323 324 325 336 337 338 339 340 346 347 350 352 353 357 358 359 360 366 367 368 369 370 371 372 374 376 379 380 386 388 389 390 391 392 393 394 395 396 397 401 402 403 404 405 406 408 415 418 419 420 424 425 426 428 429 440 441 442 443 455 456 459 460 478 480 481 482 485 486 487 503 507 508 509 510 511 515 519 539 541 542 543 545 546 547 549 550 551 555 559 560 561 562 565 566 567 568 569 570 571 572 573 574 575 576 577 578 579 580 585 586 587 589 590 591 592 593 595 596 597 603 604 605 609 610 614 615 616 617 620 686 687 689 693 694 723 724 725 729 731 734 736 742 743 744 746 747 753 754 755 756 757 758 769 770 771 772 773 774 786 787 788 789 790 791","4:1 4:2 4:3 4:4 5:4 5:5 6:5 6:6 34:24 34:33 34:34 35:34 35:35 58:60 72:68 72:69 72:70 72:71 72:74 83:74 83:75 83:79 83:81 83:82 83:83 89:83 89:86 89:87 89:88 89:89 90:89 90:90 94:90 94:91 94:92 94:93 94:96 103:96 103:99 103:100 103:101 103:102 103:103 109:103 109:113 113:113 122:113 122:116 122:117 122:119 122:131 123:131 124:131 126:131 130:131 132:131 183:173 183:176 183:177 183:193 184:193 185:193 186:193 188:193 194:193 194:202 195:202 196:202 212:202 212:204 212:205 212:207 212:208 212:209 212:211 212:212 220:212 220:213 220:214 220:215 220:216 220:220 221:220 221:231 222:231 223:231 224:231 225:231 226:231 229:231 237:231 237:238 245:238 245:240 245:247 248:247 248:249 249:249 250:249 250:250 264:264 272:264 272:265 272:266 272:267 272:273 286:277 286:279 286:287 290:287 290:288 290:289 290:292 309:300 309:301 309:302 309:303 309:304 309:305 309:306 309:307 309:308 309:309 314:309 314:310 314:311 314:312 314:313 314:314 325:315 325:316 325:317 325:318 325:319 325:320 325:321 325:322 325:323 325:324 325:325 341:331 341:332 341:333 341:334 341:335 341:337 341:338 341:339 341:340 341:351 342:351 343:351 344:351 349:351 353:351 353:353 361:353 361:354 361:355 361:356 361:357 361:358 361:359 361:371 363:371 364:371 365:371 366:371 368:371 370:371 371:371 374:371 374:375 378:375 378:380 379:380 381:380 381:391 385:391 386:391 387:391 389:391 390:391 391:391 392:391 392:393 394:393 394:394 395:394 395:396 396:396 397:396 397:397 398:397 398:405 399:405 401:405 402:405 403:405 404:405 406:405 406:406 410:406 410:420 411:420 417:420 418:420 419:420 420:420 429:420 429:421 429:422 429:423 429:424 429:428 429:430 445:436 445:437 445:438 445:439 445:441 452:458 453:458 454:458 455:458 461:458 461:459 474:483 478:483 479:483 481:483 482:483 488:483 488:484 488:487 499:508 507:508 508:508 511:508 511:509 511:510 511:511 520:511 520:518 535:543 536:543 539:543 540:543 542:543 543:543 547:543 547:544 547:545 547:546 547:547 551:547 551:548 551:549 551:550 551:552 558:552 558:560 559:560 561:560 561:561 562:561 562:562 569:562 569:563 569:565 569:566 569:567 569:568 569:569 571:569 571:570 571:571 574:571 574:572 574:573 574:574 575:574 575:575 576:575 576:576 578:576 578:577 578:578 579:578 579:579 582:579 582:589 583:589 584:589 586:589 590:589 590:590 593:590 593:591 593:592 593:593 597:593 597:594 597:595 597:596 597:597 608:598 608:600 608:601 608:602 608:611 609:611 610:611 617:611 617:612 617:613 617:614 617:615 617:616 617:617 623:617 623:618 681:691 682:691 684:691 688:691 695:691 695:693 726:721 726:722 726:723 726:724 726:725 726:732 731:732 736:732 736:736 747:737 747:738 747:739 747:740 747:741 747:742 747:745 747:746 747:747 758:748 758:749 758:750 758:751 758:752 758:753 758:754 758:755 758:756 758:758 774:764 774:765 774:766 774:767 774:768 774:771 774:772 774:773 774:774 791:781 791:782 791:783 791:784 791:785 791:786 791:787 791:788 791:789 791:790 791:791"
"قائد (پارٹی بانی لیڈر)","نامعلوم مزدور عورت (ملک حمید/لطیف کا تعلق)",117,"2 11 34 54 57 58 85 88 90 91 93 97 101 102 104 107 109 111 112 113 117 118 121 124 125 126 128 129 130 131 133 136 137 143 146 188 189 190 193 211 213 217 218 345 346 347 349 351 353 357 415 418 419 420 424 468 470 473 474 476 502 503 507 537 538 539 540 541 554 558 559 560 579 580 581 583 584 585 594 595 597 603 678 679 680 681 682 683 692 696 697 698 699 700 724 779 787 788","4:1 6:16 34:34 35:34 58:51 58:56 58:58 83:87 89:87 89:88 89:92 90:92 94:92 94:100 103:100 103:102 103:106 109:106 109:109 113:109 113:110 113:111 113:113 122:113 122:115 122:120 122:126 123:126 124:126 126:126 130:126 130:128 130:130 132:130 132:134 138:134 138:136 138:137 138:148 145:148 183:193 184:193 185:193 186:193 188:193 194:193 212:211 212:215 220:215 220:217 341:350 342:350 343:350 344:350 349:350 353:350 353:354 361:354 410:420 411:420 417:420 418:420 419:420 420:420 429:420 463:473 464:473 468:473 474:473 474:475 478:475 497:507 499:507 507:507 508:507 535:540 536:540 539:540 540:540 542:540 551:558 558:558 559:558 559:560 561:560 574:584 575:584 576:584 578:584 579:584 582:584 583:584 584:584 586:584 586:585 590:598 593:598 597:598 608:598 675:682 677:682 678:682 679:682 681:682 682:682 684:682 688:697 695:697 698:697 698:699 699:699 701:699 726:723 774:784 791:784 791:785 791:786"
"قائد (پارٹی بانی لیڈر)","نانبائی (او جھری والا)",13,"200 208 209 210 673 674 676 677 678","195:205 196:205 212:205 212:206 212:207 212:208 212:209 669:678 671:678 675:678 677:678 678:678 679:678"
"قائد (پارٹی بانی لیڈر)","نسرین",92,"2 3 4 7 31 34 39 54 112 114 118 119 180 187 188 189 190 193 214 218 247 249 250 329 337 343 344 347 352 354 358 359 402 403 404 405 406 408 411 414 471 474 476 584 585 586 587 589 590 591 592 595 597 603 604 607 609 610 614 615 616 617 620 735 737 743 744 746 779 787 788","4:1 4:2 4:4 5:4 5:9 6:9 34:28 34:29 34:34 35:34 35:44 58:51 109:115 113:115 122:115 122:116 183:178 183:192 184:192 185:192 186:192 188:192 194:192 194:193 212:217 220:217 245:250 248:250 249:250 250:250 325:334 341:334 341:345 342:345 343:345 344:345 349:345 349:356 353:356 361:356 361:357 397:407 398:407 399:407 401:407 402:407 403:407 404:407 406:407 410:407 410:412 411:412 417:412 468:475 474:475 478:475 579:589 582:589 583:589 584:589 586:589 590:589 590:590 593:590 593:592 593:597 597:597 608:598 608:600 608:601 608:607 608:611 609:611 610:611 617:611 617:612 617:613 617:614 617:615 617:616 617:617 623:617 731:739 736:739 747:739 747:741 747:745 747:746 774:784 791:784 791:785 791:786"
"قائد (پارٹی بانی لیڈر)","نسیمہ (شعیب کی بہن)",127,"286 288 312 315 320 322 323 324 326 336 337 338 339 340 346 347 350 352 353 357 358 359 360 386 388 389 390 391 393 394 395 396 397 415 418 419 420 424 479 481 482 483 486 487 539 541 542 543 545 546 547 549 550 551 555 559 560 561 562 565 566 570 571 572 573 574 575 576 577 578 579 580 585 586 587 589 590 591 595 597 603 723 724 725 735 737 743 744 746 750 755 756 757 788","286:286 290:286 309:316 314:316 325:316 325:319 325:320 325:321 325:323 325:324 325:328 341:332 341:333 341:334 341:335 341:336 341:338 341:339 341:340 341:351 342:351 343:351 344:351 349:351 353:351 353:353 361:353 361:354 361:355 361:356 361:357 361:358 361:359 381:391 385:391 386:391 387:391 389:391 390:391 391:391 392:391 392:394 394:394 395:394 395:395 396:395 396:396 397:396 397:397 398:397 410:420 411:420 417:420 418:420 419:420 420:420 429:420 474:484 478:484 479:484 481:484 482:484 488:484 488:487 535:543 536:543 539:543 540:543 542:543 543:543 547:543 547:544 547:545 547:546 547:547 551:547 551:548 551:549 551:550 551:552 558:552 558:560 559:560 561:560 561:561 562:561 562:562 569:562 569:563 569:571 571:571 574:571 574:573 574:574 575:574 575:575 576:575 576:576 578:576 578:578 579:578 579:579 582:579 582:589 583:589 584:589 586:589 590:589 590:590 593:590 593:598 597:598 608:598 726:721 726:722 726:724 731:739 736:739 747:739 747:740 747:742 747:746 747:753 758:753 758:754 758:756 791:785"
"قائد (پارٹی بانی لیڈر)","نصیر شیخ (پارٹی امیدوار)",16,"364 365 366 367 393 394 395 396 397 398","361:367 363:367 364:367 365:367 366:367 368:367 389:398 390:398 391:398 392:398 394:398 395:398 396:398 397:398 398:398 399:398"
"قائد (پارٹی بانی لیڈر)","نمائر (کیمپ کا قیدی ساتھی)",15,"477 479 480 481 572 573 575 576 577 578 579 580","474:481 478:481 479:481 481:481 482:481 569:576 571:576 574:576 575:576 576:576 578:576 578:578 579:578 579:579 582:579"
"قائد (پارٹی بانی لیڈر)","نیلی (بھینس)",8,"53 699 700 701 702 704 705","58:48 695:703 698:703 699:703 701:703 702:703 706:703 706:704"
"قائد (پارٹی بانی لیڈر)","وریا م",4,"87 90 92","83:91 89:91 90:91 94:91"
"قائد (پارٹی بانی لیڈر)","وسیم بھائی (بدیع الزمان کا سالا/قرض خواہ)",79,"5 6 30 31 34 35 53 58 73 78 81 84 87 106 109 111 131 133 134 137 183 275 282 342 343 344 346 352 354 358 375 377 379 380 383 385 386 420 421 426 525 526 527 528 529 532 601 607 621 624 626 627 685 686 687 689 692 706 708 741 746 777 786 791","4:7 5:7 6:7 34:26 34:28 34:35 35:35 58:48 58:59 72:74 83:74 83:79 83:86 89:86 103:109 109:109 113:109 126:136 130:136 132:136 138:136 183:183 184:183 272:279 286:279 341:344 342:344 343:344 344:344 349:344 349:356 353:356 361:356 370:380 371:380 374:380 378:380 379:380 381:380 381:386 385:386 386:386 387:386 417:423 418:423 419:423 420:423 429:423 520:530 521:530 522:530 523:530 524:530 525:530 526:530 527:530 528:530 535:530 597:606 608:606 617:626 623:626 626:626 627:626 627:627 628:627 681:690 682:690 684:690 688:690 695:690 701:711 702:711 706:711 736:746 747:746 774:781 791:781 791:792"
"قائد (پارٹی بانی لیڈر)","پروفیسر میر صاحب",10,"217 221 222 246 248 249","212:222 220:222 221:222 222:222 223:222 245:248 248:248 249:248 249:249 250:249"
"قائد (پارٹی بانی لیڈر)","پھاتو مراثن (ڈھولکی)",3,"353 355 359","349:358 353:358 361:358"
"قائد (پارٹی بانی لیڈر)","پیر حمید الدین بلال شاہ (مرشد بلال پور شریف)",10,"4 5 6 34 752 757 791","4:4 5:4 5:5 6:5 6:6 34:34 35:34 747:757 758:757 791:791"
"قائد (پارٹی بانی لیڈر)","چاچا احمد خان راٹھور",236,"35 53 57 60 67 69 74 79 98 102 103 106 107 108 112 114 118 119 120 121 122 123 126 127 129 130 131 132 135 140 144 145 178 179 180 182 183 184 185 186 187 188 191 192 193 194 195 196 207 208 209 210 211 212 216 218 219 220 222 223 224 225 228 230 234 235 236 237 241 243 244 245 246 247 248 249 250 263 273 281 282 286 288 289 290 304 305 312 315 320 321 352 354 358 359 361 362 367 368 369 370 371 373 374 376 381 382 383 385 403 404 405 406 407 409 430 444 469 471 474 476 490 491 494 509 510 511 516 555 558 559 560 563 564 567 568 569 570 572 573 574 583 585 586 587 589 597 599 604 605 606 607 608 609 614 618 621 628 629 630 631 634 689 691 694 697 699 700 703 704 706 724 725 730 732 735 737 743 750 756 757 778 786 788 789","34:36 35:36 58:49 58:57 58:63 72:63 72:67 72:76 83:76 94:102 103:102 103:103 109:103 109:105 109:106 109:107 109:115 113:115 122:115 122:116 122:117 122:118 122:119 122:120 122:121 122:122 123:122 123:123 124:123 124:128 126:128 130:128 130:131 132:131 132:133 138:133 138:143 145:143 145:146 183:173 183:174 183:175 183:176 183:177 183:178 183:181 183:184 184:184 185:184 185:185 186:185 186:186 188:186 188:188 194:188 194:189 194:190 194:191 194:192 194:193 194:194 195:194 195:195 196:195 196:196 212:202 212:203 212:204 212:205 212:206 212:207 212:208 212:209 212:210 212:212 220:212 220:216 220:217 220:218 220:220 221:220 221:223 222:223 223:223 224:223 224:225 225:225 226:225 226:231 229:231 237:231 237:234 237:236 237:238 245:238 245:241 245:242 245:243 245:244 245:245 248:245 248:246 248:248 249:248 249:249 250:249 250:250 264:262 264:263 272:275 286:276 286:277 286:278 286:279 286:287 290:287 290:288 290:290 309:300 309:301 309:302 309:316 314:316 325:316 325:317 349:356 353:356 361:356 361:357 361:358 361:362 363:362 363:372 364:372 365:372 366:372 368:372 370:372 371:372 374:372 374:375 378:375 378:385 379:385 381:385 385:385 386:385 398:408 399:408 401:408 402:408 403:408 404:408 406:408 410:408 429:432 445:443 464:474 468:474 474:474 478:474 488:493 489:493 496:493 507:512 508:512 511:512 520:512 551:559 558:559 559:559 561:559 561:566 562:566 569:566 569:567 569:570 571:570 571:573 574:573 574:574 575:574 578:588 579:588 582:588 583:588 584:588 586:588 590:588 593:601 597:601 608:601 608:602 608:603 608:604 608:605 608:607 608:608 609:608 609:609 610:609 610:619 617:619 623:619 623:633 626:633 627:633 628:633 629:633 635:633 635:634 684:694 688:694 695:694 695:700 698:700 699:700 701:700 701:706 702:706 706:706 726:723 726:724 726:734 731:734 736:734 736:739 747:739 747:754 758:754 758:755 758:757 774:782 791:782 791:785 791:787"
"قائد (پارٹی بانی لیڈر)","چنبیلی (گھوڑی)",4,"40 53 63 70","35:45 58:48 58:68 72:68"
"قائد (پارٹی بانی لیڈر)","چوہدری ارشد (یونین رہنما)",5,"363 364 365","361:365 363:365 364:365 365:365 366:365"
"قائد (پارٹی بانی لیڈر)","چوہدری اظہر (ایس ایچ او نور پور)",52,"57 107 110 112 131 133 134 137 138 141 142 148 305 345 346 347 349 351 447 448 451 452 453 562 563 564 568 576 577 578 579 580 581 582 583 584 585 594 596 598 603 607 758","58:57 103:112 109:112 113:112 126:136 130:136 132:136 138:136 138:137 138:138 145:138 145:139 145:151 309:302 341:350 342:350 343:350 344:350 349:350 353:350 445:450 447:450 452:450 452:453 453:453 454:453 558:567 559:567 561:567 562:567 569:567 571:581 574:581 575:581 576:581 578:581 579:581 582:581 582:582 583:582 583:583 584:583 584:584 586:584 586:585 590:599 593:599 597:599 608:599 608:606 608:607 758:758"
"قائد (پارٹی بانی لیڈر)","چوہدری اللہ داد خان",4,"252 253 260","248:257 249:257 250:257 264:257"
"قائد (پارٹی بانی لیڈر)","چوہدری شدا",6,"363 364 365 366 367","361:366 363:366 364:366 365:366 366:366 368:366"
"قائد (پارٹی بانی لیڈر)","ڈاکٹر (کریم بخش کا بیٹا)",104,"55 57 58 106 109 111 112 126 127 128 130 131 214 218 450 451 453 454 455 458 462 463 464 466 498 499 500 504 507 508 510 511 516 520 523 524 525 526 527 529 533 534 551 553 556 620 623 624 629 630 633 636 637 641 643 646 647 648 649 651 652 653 676 678 679 680 681 682 683 684 686 691 695 696 697 698 699 700 762 770","58:52 58:57 58:58 103:109 109:109 113:109 113:112 122:131 123:131 124:131 126:131 130:131 132:131 212:217 220:217 445:455 447:455 452:455 453:455 454:455 455:455 461:455 461:464 463:464 464:464 468:464 496:501 497:501 499:501 507:501 507:502 507:507 508:507 508:509 511:509 511:510 511:512 520:512 520:520 521:520 521:526 522:526 523:526 524:526 525:526 526:526 527:526 527:527 528:527 528:531 535:531 535:533 535:534 547:555 551:555 558:555 617:623 623:623 626:623 626:632 627:632 628:632 629:632 635:632 635:637 638:637 638:644 642:644 643:644 648:644 648:645 648:646 648:647 648:648 649:648 649:649 650:649 650:652 652:652 654:652 671:681 675:681 677:681 678:681 679:681 681:681 682:681 682:682 684:682 684:683 684:684 688:684 688:685 688:695 695:695 698:695 698:696 698:697 698:698 699:698 699:699 701:699 758:767 774:767"
"قائد (پارٹی بانی لیڈر)","ڈاکٹر احسان الحق (پُل کھنگر)",26,"508 509 510 515 520 526 527 528 529 533 534 640 641 643 644 646 647 648 649","507:510 508:510 511:510 511:520 520:520 521:520 521:531 522:531 523:531 524:531 525:531 526:531 527:531 528:531 535:531 535:534 635:645 638:645 642:645 643:645 648:645 648:647 648:648 649:648 649:649 650:649"
"قائد (پارٹی بانی لیڈر)","ڈاکٹر خدابخش کھوکھر (چیف کیمسٹ)",21,"516 520 521 537 539 651 652 653 654 656 657 669 671 672 674","511:521 520:521 521:521 522:521 535:539 536:539 539:539 540:539 648:654 649:654 650:654 652:654 654:654 658:654 658:655 658:656 658:657 664:674 669:674 671:674 675:674"
"قائد (پارٹی بانی لیڈر)","ڈاکٹر سعد اللہ خان (کنسلٹنٹ کارڈیالوجسٹ)",4,"691 695 696 697","688:695 695:695 698:695 698:697"
"قائد (پارٹی بانی لیڈر)","ڈاکٹر عرفان (ڈیوٹی ڈاکٹر آئی سی یو)",4,"691 695 696 697","688:695 695:695 698:695 698:697"
"قائد (پارٹی بانی لیڈر)","کامران خان (جواں سال کیمسٹ)",17,"645 646 648 649 651 652 653 657 659 662 667 670 671 673 674","642:649 643:649 648:649 649:649 650:649 650:652 652:652 654:652 654:660 658:660 659:660 664:660 664:671 669:671 671:671 675:671 675:674"
"قائد (پارٹی بانی لیڈر)","کریم راٹھور",46,"86 89 264 268 509 510 511 516 521 522 523 524 525 526 527 528 531 537 539 620 623 625 663 666 668 671 672 674 676 677 678 722 778 786 788 789","83:89 89:89 90:89 264:264 272:264 507:512 508:512 511:512 520:512 520:523 521:523 522:523 523:523 524:523 524:524 525:524 525:525 526:525 526:527 527:527 528:527 528:528 535:528 535:539 536:539 539:539 540:539 617:624 623:624 626:624 658:668 659:668 664:668 669:668 669:674 671:674 675:674 675:678 677:678 678:678 679:678 726:719 774:782 791:782 791:786 791:787"
"قائد (پارٹی بانی لیڈر)","کلونت کور",7,"30 31 37 38 55 56","34:27 34:28 34:41 35:41 58:53 58:54 58:55"
"قائد (پارٹی بانی لیڈر)","کنیز",80,"98 103 106 109 111 112 116 121 122 126 127 128 130 131 132 135 136 137 138 141 142 146 187 188 189 190 193 194 195 197 214 218 378 380 381 382 384 460 463 464 466 469 472 473 474 476 477 537 538 539 540 541 580 581 582 583 584 585 684 685 686 688 692","94:103 103:103 109:103 109:109 113:109 113:110 113:112 113:120 122:120 122:121 122:122 123:122 123:130 124:130 126:130 130:130 132:130 132:132 138:132 138:133 138:134 138:135 138:137 138:138 145:138 145:139 145:140 145:148 183:192 184:192 185:192 186:192 188:192 194:192 194:193 194:194 195:194 195:195 196:195 196:199 212:216 220:216 220:217 374:383 378:383 379:383 381:383 385:383 455:465 461:465 463:465 464:465 468:465 468:470 474:470 474:473 474:474 478:474 478:475 478:476 478:477 535:540 536:540 539:540 540:540 542:540 575:585 576:585 578:585 579:585 582:585 583:585 584:585 586:585 679:689 681:689 682:689 684:689 688:689 695:689"
"قائد (پارٹی بانی لیڈر)","کو چوہا (چوکیدار/کھیت میں سونے والا)",4,"253 254 261","248:258 249:258 250:258 264:258"
"قائد (پارٹی بانی لیڈر)","کیپٹن اسد اللہ",2,"285","286:284 286:285"
"قائد (پارٹی بانی لیڈر)","کیپٹن اسرار",15,"9 10 34 352 354 358 555 559 560 726 728 773","4:14 5:14 6:14 34:34 35:34 349:356 353:356 361:356 551:560 558:560 559:560 561:560 726:726 731:726 774:773"
"قائد (پارٹی بانی لیڈر)","کیپٹن جمال",27,"2 3 4 10 277 284 286 288 584 585 586 587 589 591 592 595 597 603 612 613 616 617 620","4:1 4:2 4:4 5:4 5:15 6:15 272:282 286:282 286:286 290:286 579:589 582:589 583:589 584:589 586:589 590:589 590:592 593:592 593:597 597:597 608:598 608:616 609:616 610:616 617:616 617:617 623:617"
"قائد (پارٹی بانی لیڈر)","کیپٹن دلاور",8,"310 313 317 323 328 336 337","309:312 314:312 314:321 325:321 325:322 325:331 341:331 341:333"
"قائد (پارٹی بانی لیڈر)","کیڈٹ حبیب اللہ",3,"285 286 288","286:285 286:286 290:286"
"قائد (پارٹی بانی لیڈر)","کیڈٹ مجید اللہ",2,"293 304","290:297 309:299"
"قائد (پارٹی بانی لیڈر)","کیڈٹ نواز کھوکھر",3,"771 772 776","774:769 774:770 774:778"
"قائد (پارٹی بانی لیڈر)","گل افروز خان",36,"262 263 275 282 287 289 345 346 347 349 351 352 353 357 360 365 366 367 368 369 371 373 379 381 382 384 411 413 416","264:261 264:262 264:263 272:279 286:279 286:288 290:288 341:350 342:350 343:350 344:350 349:350 353:350 353:351 353:353 361:353 361:360 361:369 363:369 364:369 365:369 366:369 368:369 370:369 370:372 371:372 374:372 374:384 378:384 379:384 381:384 385:384 406:416 410:416 411:416 417:416"
"قائد (پارٹی بانی لیڈر)","ہکیم حاذق",7,"500 501 502 506 507","496:505 497:505 499:505 507:505 507:506 507:507 508:507"
"قائد (پارٹی بانی لیڈر)","یعقوب اعوان",78,"29 30 31 33 34 35 53 54 55 57 58 67 68 69 70 71 72 78 79 80 81 97 102 140 144 229 230 231 235 236 238 242 274 281 306 307 311 313 370 371 372 373 374 376 381 382 383 385 425 429 490 491 494 495 571 572 574 724 777 789 791","34:24 34:26 34:27 34:28 34:32 34:35 35:35 58:48 58:49 58:50 58:51 58:52 58:53 58:56 58:57 58:58 72:63 72:64 72:65 72:66 72:67 72:68 72:70 72:71 72:72 83:73 83:74 83:75 83:76 83:77 83:78 83:79 83:80 94:101 103:101 138:143 145:143 224:234 225:234 226:234 229:234 237:234 237:235 237:239 245:239 272:277 286:277 309:303 309:304 309:305 309:313 314:313 365:375 366:375 368:375 370:375 371:375 374:375 378:375 378:385 379:385 381:385 385:385 386:385 420:430 429:430 488:493 489:493 496:493 496:494 569:574 571:574 574:574 575:574 726:723 774:780 791:787 791:792"
"قمر الاسلام","مرزا عبد الرشید",2,"461 496","461:461 498:495"
"قمر الاسلام","ملک جہانگیر اعوان (ایم ایل اے)",2,"497 498","498:497 498:499"
"قمر الاسلام","ملک رشید (ملک حمید کا بھائی)",1,"461","461:462"
"قمر الاسلام","منظور (اعجاز کا ورکر)",8,"456 458 462 494 496 501","461:451 461:452 461:455 461:456 461:463 498:491 498:494 498:504"
"قمر الاسلام","منیر میکنک",6,"465 473 474 478 479","461:470 477:470 477:472 477:480 478:480 479:480"
"قمر الاسلام","میجر صدیق",4,"479 480 495","477:481 478:481 479:481 498:492"
"قمر الاسلام","میجر/کیپٹن سرفراز اعوان",6,"459 460 480 481 503","461:458 461:459 477:483 478:483 479:483 498:508"
"قمر الاسلام","نامعلوم مزدور عورت (ملک حمید/لطیف کا تعلق)",3,"475 476 502","477:473 477:475 498:507"
"قمر الاسلام","نسرین",1,"476","477:475"
"قمر الاسلام","نسیمہ (شعیب کی بہن)",3,"480 481","477:484 478:484 479:484"
"قمر الاسلام","نمائر (کیمپ کا قیدی ساتھی)",3,"479 480","477:481 478:481 479:481"
"قمر الاسلام","چاچا احمد خان راٹھور",2,"475 495","477:474 498:493"
"قمر الاسلام","چوہدری اظہر (ایس ایچ او نور پور)",1,"457","461:453"
"قمر الاسلام","ڈاکٹر (کریم بخش کا بیٹا)",3,"458 462 499","461:455 461:464 498:501"
"قمر الاسلام","کنیز",8,"463 473 475 476 477","461:465 477:470 477:473 477:474 477:475 477:476 477:477 478:477"
"قمر الاسلام","ہکیم حاذق",1,"501","498:505"
"قمر الاسلام","یعقوب اعوان",2,"495 496","498:493 498:494"
"لیفٹیننٹ کرنل اسلام الدین","ماسی (سرفراز کی پرورش کرنے والی)",4,"130 133 134 750","130:131 136:131 136:133 747:754"
"لیفٹیننٹ کرنل اسلام الدین","ماسی مریم",4,"130 133 134 750","130:131 136:131 136:133 747:754"
"لیفٹیننٹ کرنل اسلام الدین","مرزا عبد الرشید",1,"340","337:344"
"لیفٹیننٹ کرنل اسلام الدین","معین الدین شاہ",1,"621","618:624"
"لیفٹیننٹ کرنل اسلام الدین","ملک جہانگیر اعوان (ایم ایل اے)",21,"127 128 138 139 140 340 587 590 595 596 597 598 604 609 610 615 618","130:124 130:126 136:141 137:141 138:141 139:141 337:344 589:586 589:591 590:591 600:591 600:593 600:595 600:596 600:597 600:608 611:608 611:609 611:610 611:619 618:619"
"لیفٹیننٹ کرنل اسلام الدین","ملک حمید",10,"142 143 585 586 594 599","137:147 138:147 139:147 589:581 589:582 589:583 589:584 589:599 590:599 600:599"
"لیفٹیننٹ کرنل اسلام الدین","ملک رشید (ملک حمید کا بھائی)",10,"132 135 136 137 138 139 340","130:135 136:135 136:136 137:136 137:137 138:137 138:138 139:138 139:139 337:344"
"لیفٹیننٹ کرنل اسلام الدین","ملک لطیف",4,"586 594 599","589:584 589:599 590:599 600:599"
"لیفٹیننٹ کرنل اسلام الدین","منشی کریم شاہ",4,"139 140 141","136:143 137:143 138:143 139:143"
"لیفٹیننٹ کرنل اسلام الدین","منظور (اعجاز کا ورکر)",1,"339","337:341"
"لیفٹیننٹ کرنل اسلام الدین","منیر میکنک",1,"588","589:588"
"لیفٹیننٹ کرنل اسلام الدین","میاں انتظار حسین (ایڈووکیٹ ہائی کورٹ)",6,"590 595 616 619 732","589:591 590:591 600:591 611:621 618:621 733:731"
"لیفٹیننٹ کرنل اسلام الدین","میجر ست پال ٹھاکر (کیمپ افسرِ دشمن)",5,"775 776 777 778","771:779 773:779 774:779 775:779 778:779"
"لیفٹیننٹ کرنل اسلام الدین","میجر صدیق",1,"584","589:579"
"لیفٹیننٹ کرنل اسلام الدین","میجر/کیپٹن سرفراز اعوان",72,"130 133 332 333 334 335 336 337 584 589 590 595 596 597 598 599 600 606 611 614 615 616 617 618 728 729 732 734 738 739 740 741 744 746 747 766 767 768 769 771 772 773 774 775 776 777 778","130:131 136:131 337:327 337:328 337:330 337:331 337:332 337:333 337:334 337:335 337:337 589:579 589:589 590:589 590:590 600:590 600:591 600:592 600:593 600:594 600:595 600:596 600:597 600:598 600:600 611:601 611:602 611:611 618:611 618:612 618:613 618:614 618:615 618:616 618:617 618:618 733:723 733:724 733:725 733:732 733:736 741:736 741:737 741:738 741:739 741:740 741:741 747:741 747:742 747:745 747:746 747:747 771:761 771:762 771:763 771:764 771:765 771:766 771:767 771:768 771:771 773:771 773:772 773:773 774:773 774:774 775:774 775:775 778:775 778:776 778:777 778:778"
"لیفٹیننٹ کرنل اسلام الدین","نامعلوم مزدور عورت (ملک حمید/لطیف کا تعلق)",21,"125 128 129 130 133 135 136 137 143 586 587 593 594 599 728 779 781","130:120 130:126 130:128 130:130 136:130 136:134 136:136 137:136 137:137 138:137 138:148 139:148 589:584 589:585 589:598 590:598 600:598 733:723 774:784 775:784 778:784"
"لیفٹیننٹ کرنل اسلام الدین","نسرین",29,"335 341 589 590 595 596 598 599 600 606 609 611 614 615 616 617 736 740 741 744 746 779 781","337:334 337:345 589:589 590:589 590:590 600:590 600:592 600:597 600:598 600:600 611:601 611:607 611:611 618:611 618:612 618:613 618:614 618:615 618:616 618:617 733:739 741:739 741:741 747:741 747:745 747:746 774:784 775:784 778:784"
"لیفٹیننٹ کرنل اسلام الدین","نسیمہ (شعیب کی بہن)",25,"332 333 334 335 336 337 584 589 590 595 599 728 736 740 741 744 746 750 780 781","337:328 337:329 337:330 337:332 337:333 337:334 337:335 337:336 337:338 589:579 589:589 590:589 590:590 600:590 600:598 733:724 733:739 741:739 741:740 741:742 747:742 747:746 747:753 775:785 778:785"
"لیفٹیننٹ کرنل اسلام الدین","نمائر (کیمپ کا قیدی ساتھی)",1,"584","589:579"
"لیفٹیننٹ کرنل اسلام الدین","وسیم بھائی (بدیع الزمان کا سالا/قرض خواہ)",14,"133 136 340 603 608 622 743 746 776 777 778 779","130:136 136:136 137:136 337:344 600:606 611:606 618:626 741:746 747:746 771:781 773:781 774:781 775:781 778:781"
"لیفٹیننٹ کرنل اسلام الدین","پیر حمید الدین بلال شاہ (مرشد بلال پور شریف)",1,"752","747:757"
"لیفٹیننٹ کرنل اسلام الدین","چاچا احمد خان راٹھور",34,"125 126 129 130 133 134 139 140 141 588 600 606 607 608 609 610 615 618 728 733 737 740 750 777 778 780","130:120 130:121 130:122 130:123 130:128 130:131 136:131 136:133 136:143 137:143 138:143 139:143 589:588 600:601 611:601 611:602 611:603 611:604 611:605 611:607 611:608 611:609 611:619 618:619 733:723 733:724 733:734 741:734 741:739 747:754 773:782 774:782 775:782 778:782"
"لیفٹیننٹ کرنل اسلام الدین","چوہدری اظہر (ایس ایچ او نور پور)",19,"133 136 137 138 139 585 586 587 594 599 603 608 609","130:136 136:136 137:136 137:137 138:137 138:138 139:138 139:139 589:581 589:582 589:583 589:584 589:585 589:599 590:599 600:599 600:606 611:606 611:607"
"لیفٹیننٹ کرنل اسلام الدین","ڈاکٹر (کریم بخش کا بیٹا)",4,"130 133 620 769","130:131 136:131 618:623 771:767"
"لیفٹیننٹ کرنل اسلام الدین","کریم راٹھور",5,"621 777 778 780","618:624 773:782 774:782 775:782 778:782"
"لیفٹیننٹ کرنل اسلام الدین","کنیز",16,"125 126 130 133 134 135 136 137 138 139 587","130:120 130:121 130:122 130:130 136:130 136:132 136:133 136:134 136:135 136:137 137:137 138:137 138:138 139:138 139:139 589:585"
"لیفٹیننٹ کرنل اسلام الدین","کیپٹن اسرار",4,"729 772 773","733:726 771:773 773:773 774:773"
"لیفٹیننٹ کرنل اسلام الدین","کیپٹن جمال",9,"589 591 596 598 599 613 617","589:589 590:589 590:592 600:592 600:597 600:598 611:616 618:616 618:617"
"لیفٹیننٹ کرنل اسلام الدین","کیپٹن دلاور",2,"334 335","337:331 337:333"
"لیفٹیننٹ کرنل اسلام الدین","کیڈٹ نواز کھوکھر",7,"770 774 775 776 778","771:769 771:770 771:778 773:778 774:778 775:778 778:778"
"لیفٹیننٹ کرنل اسلام الدین","یعقوب اعوان",10,"139 140 141 728 775 776 777 779","136:143 137:143 138:143 139:143 733:723 771:780 773:780 774:780 775:780 778:780"
"ماسی (سرفراز کی پرورش کرنے والی)","ماسی مریم",55,"22 23 24 38 71 72 74 76 79 102 118 131 132 133 156 157 158 161 164 165 169 172 173 174 175 176 177 243 244 246 257 258 292 296 300 317 566 567 568 631 632 633 634 754","22:22 23:22 23:23 24:23 24:24 38:38 71:71 74:71 74:74 79:74 79:79 102:102 118:118 131:131 133:131 133:133 156:156 157:156 157:157 158:157 158:158 164:158 164:164 165:164 165:165 173:165 173:171 173:173 174:173 174:174 175:174 175:175 176:175 176:176 177:176 177:177 243:243 246:243 246:246 257:257 258:257 258:258 292:292 300:292 300:300 317:317 566:566 568:566 568:568 631:631 633:631 633:633 634:633 634:634 754:754"
"ماسی (سرفراز کی پرورش کرنے والی)","محمد نواز چیمہ",2,"97 98","102:93 102:94"
"ماسی (سرفراز کی پرورش کرنے والی)","معین الدین شاہ",5,"627 628 629","631:624 631:625 631:626 631:627 631:628"
"ماسی (سرفراز کی پرورش کرنے والی)","ملک جہانگیر اعوان (ایم ایل اے)",45,"39 82 98 105 113 121 127 128 136 137 151 152 154 158 159 162 163 177 178 179 239 240 241 244 245 246 256 260 261 290 291 565 566 567 568 632 633","38:40 79:85 102:95 102:109 118:109 118:124 131:124 131:126 131:141 133:141 156:146 156:147 156:148 156:149 156:152 156:160 157:160 158:160 164:160 164:163 173:181 174:181 175:181 176:181 177:181 243:236 243:237 243:238 243:239 243:245 246:245 246:246 257:255 257:264 258:264 292:289 292:290 566:564 566:565 566:567 568:567 568:569 631:633 633:633 634:633"
"ماسی (سرفراز کی پرورش کرنے والی)","ملک حمید",7,"151 152 240 244 245 261 262","156:147 156:148 243:238 243:245 246:245 257:266 258:266"
"ماسی (سرفراز کی پرورش کرنے والی)","ملک رشید (ملک حمید کا بھائی)",3,"133 134 153","131:135 133:135 156:151"
"ماسی (سرفراز کی پرورش کرنے والی)","منشی کریم شاہ",5,"138 250 256 260 261","133:143 246:255 257:255 257:264 258:264"
"ماسی (سرفراز کی پرورش کرنے والی)","منظور (اعجاز کا ورکر)",2,"72 73","71:73 74:73"
"ماسی (سرفراز کی پرورش کرنے والی)","مولوی فقیر الدین",3,"102 117 118","102:102 118:117 118:118"
"ماسی (سرفراز کی پرورش کرنے والی)","میاں انتظار حسین (ایڈووکیٹ ہائی کورٹ)",13,"17 82 561 562 626 627 628 629 631 632 634","22:12 79:85 566:556 566:559 631:621 631:622 631:624 631:625 631:628 631:632 633:632 633:635 634:635"
"ماسی (سرفراز کی پرورش کرنے والی)","میجر/کیپٹن سرفراز اعوان",107,"18 19 20 21 22 23 24 35 36 37 38 66 69 70 71 72 74 76 77 79 97 99 100 101 102 115 117 118 131 132 156 157 159 162 164 165 169 170 171 172 173 175 176 177 240 241 245 246 252 253 254 260 261 289 290 292 296 300 312 313 314 315 316 317 563 564 565 566 567 568 749 750 751 752 753 754","22:14 22:15 22:16 22:17 22:18 22:19 22:21 22:22 23:22 23:23 24:23 24:24 38:33 38:34 38:35 38:36 38:37 38:38 71:61 71:68 71:69 71:70 71:71 74:71 74:74 79:74 79:75 79:79 102:92 102:93 102:96 102:99 102:100 102:101 102:102 118:113 118:116 118:117 118:119 131:131 133:131 156:156 157:156 157:157 158:157 158:160 164:160 164:165 165:165 173:165 173:166 173:168 173:169 173:171 173:173 174:173 174:176 175:176 176:176 177:176 177:177 243:238 243:240 243:247 246:247 257:247 257:249 257:250 257:252 257:264 258:264 292:287 292:288 292:289 292:292 300:292 300:300 317:307 317:308 317:309 317:310 317:311 317:312 317:313 317:314 317:315 317:316 317:317 566:560 566:561 566:562 566:563 566:565 566:566 568:566 568:567 568:568 754:745 754:746 754:747 754:748 754:749 754:750 754:751 754:752 754:753 754:754"
"ماسی (سرفراز کی پرورش کرنے والی)","نامعلوم مزدور عورت (ملک حمید/لطیف کا تعلق)",27,"19 20 29 36 42 83 97 101 102 113 114 115 116 119 128 129 130 132 133 152 155 562 563","22:16 22:17 22:18 22:19 24:34 38:34 38:47 79:87 102:92 102:100 102:102 118:109 118:110 118:111 118:113 118:115 118:120 131:126 131:128 131:130 131:134 133:134 156:148 156:154 156:155 566:558 566:560"
"ماسی (سرفراز کی پرورش کرنے والی)","نسرین",25,"18 20 25 26 33 36 41 116 117 166 167 171 175 176 177 246 248 253 749 750","22:15 22:18 22:19 22:28 23:28 24:28 38:28 38:29 38:34 38:44 118:115 118:116 164:169 165:169 173:169 173:178 174:178 175:178 176:178 177:178 243:250 246:250 257:250 754:745 754:746"
"ماسی (سرفراز کی پرورش کرنے والی)","نسیمہ (شعیب کی بہن)",12,"289 316 318 563 564 568 569 750 753 754","292:286 317:316 317:319 566:560 566:561 566:562 566:563 566:571 568:571 754:746 754:753 754:754"
"ماسی (سرفراز کی پرورش کرنے والی)","نمائر (کیمپ کا قیدی ساتھی)",2,"571 572","566:576 568:576"
"ماسی (سرفراز کی پرورش کرنے والی)","نیلی (بھینس)",1,"43","38:48"
"ماسی (سرفراز کی پرورش کرنے والی)","وسیم بھائی (بدیع الزمان کا سالا/قرض خواہ)",23,"19 24 25 33 36 38 72 74 76 79 105 113 133 134 178 179 180 628 629 750","22:17 22:26 23:26 24:26 38:28 38:35 38:38 71:74 74:74 79:74 79:79 102:109 118:109 131:136 133:136 173:183 174:183 175:183 176:183 177:183 631:626 631:627 754:746"
"ماسی (سرفراز کی پرورش کرنے والی)","پروفیسر میر صاحب",4,"245 247 252 253","243:248 246:248 257:248 257:249"
"ماسی (سرفراز کی پرورش کرنے والی)","پیر حمید الدین بلال شاہ (مرشد بلال پور شریف)",7,"29 36 159 160 163 755","24:34 38:34 156:162 157:162 158:162 164:162 754:757"
"ماسی (سرفراز کی پرورش کرنے والی)","چاچا احمد خان راٹھور",87,"22 23 37 38 67 69 73 75 77 102 116 117 118 126 127 129 131 132 133 151 152 154 158 159 162 163 164 165 169 170 171 172 173 174 175 176 177 238 239 240 242 243 244 245 246 252 253 254 259 260 289 290 291 292 296 300 316 317 562 566 567 569 632 633 634 754","22:23 23:23 24:23 38:36 38:38 71:63 71:67 71:76 74:76 79:76 102:102 118:115 118:116 118:117 118:118 131:121 131:122 131:123 131:128 131:131 133:131 133:133 156:146 156:147 156:148 156:149 156:152 156:160 157:160 158:160 164:160 164:162 164:163 164:164 165:164 165:165 173:165 173:166 173:167 173:168 173:169 173:170 173:171 173:172 173:173 174:173 174:174 175:174 175:175 176:175 176:176 177:176 177:177 243:234 243:236 243:238 243:241 243:242 243:243 246:243 246:244 246:245 246:246 257:248 257:249 257:250 257:252 257:262 258:262 292:287 292:288 292:290 292:292 300:292 300:300 317:316 317:317 566:559 566:566 568:566 568:567 568:570 631:633 633:633 634:633 634:634 754:754"
"ماسی (سرفراز کی پرورش کرنے والی)","چنبیلی (گھوڑی)",2,"41 69","38:45 71:68"
"ماسی (سرفراز کی پرورش کرنے والی)","چوہدری اظہر (ایس ایچ او نور پور)",10,"107 115 133 134 153 297 301 566 567 756","102:112 118:112 131:136 133:136 156:151 292:302 300:302 566:567 568:567 754:758"
"ماسی (سرفراز کی پرورش کرنے والی)","چوہدری اللہ داد خان",2,"257","257:257 258:257"
"ماسی (سرفراز کی پرورش کرنے والی)","ڈاکٹر (کریم بخش کا بیٹا)",11,"21 105 113 115 131 132 627 631 632 635","22:20 102:109 118:109 118:112 131:131 133:131 631:623 631:632 633:632 633:637 634:637"
"ماسی (سرفراز کی پرورش کرنے والی)","کریم راٹھور",4,"84 260 261 627","79:89 257:264 258:264 631:624"
"ماسی (سرفراز کی پرورش کرنے والی)","کلونت کور",5,"24 25 33 39","22:27 23:27 24:27 38:28 38:41"
"ماسی (سرفراز کی پرورش کرنے والی)","کنیز",22,"102 113 114 115 119 126 130 131 132 133 152 153 154 155 156 158 159 162 163","102:103 118:109 118:110 118:112 118:120 131:121 131:122 131:130 131:132 133:132 133:133 156:148 156:151 156:153 156:154 156:155 156:156 157:156 157:160 158:160 164:160 164:163"
"ماسی (سرفراز کی پرورش کرنے والی)","کو چوہا (چوکیدار/کھیت میں سونے والا)",2,"257 258","257:258 258:258"
"ماسی (سرفراز کی پرورش کرنے والی)","کیپٹن اسد اللہ",2,"288","292:284 292:285"
"ماسی (سرفراز کی پرورش کرنے والی)","کیپٹن اسرار",4,"18 29 36 563","22:14 24:34 38:34 566:560"
"ماسی (سرفراز کی پرورش کرنے والی)","کیپٹن جمال",7,"18 19 20 287 289","22:15 22:16 22:17 22:18 22:19 292:282 292:286"
"ماسی (سرفراز کی پرورش کرنے والی)","کیپٹن دلاور",2,"314 319","317:312 317:321"
"ماسی (سرفراز کی پرورش کرنے والی)","کیڈٹ حبیب اللہ",2,"288 289","292:285 292:286"
"ماسی (سرفراز کی پرورش کرنے والی)","کیڈٹ مجید اللہ",4,"294 298 299","292:297 300:297 300:298 300:299"
"ماسی (سرفراز کی پرورش کرنے والی)","گل افروز خان",3,"259 290","257:261 258:261 292:288"
"ماسی (سرفراز کی پرورش کرنے والی)","یعقوب اعوان",40,"23 24 33 35 36 37 39 67 68 69 70 71 72 73 74 76 77 78 79 101 138 160 161 164 238 239 241 301 315 570 571","22:24 23:24 24:24 38:28 38:32 38:35 38:36 38:41 71:63 71:64 71:65 71:66 71:67 71:68 71:70 71:71 74:71 74:72 74:73 74:74 79:74 79:75 79:76 79:77 79:78 79:79 102:101 133:143 156:164 157:164 158:164 164:164 165:164 243:234 243:235 243:239 300:303 317:313 566:574 568:574"
"ماسی مریم","محمد نواز چیمہ",2,"97 98","102:93 102:94"
"ماسی مریم","معین الدین شاہ",5,"627 628 629","631:624 631:625 631:626 631:627 631:628"
"ماسی مریم","ملک جہانگیر اعوان (ایم ایل اے)",46,"39 82 98 105 113 121 127 128 136 137 151 152 154 158 159 162 163 176 177 178 179 239 240 241 244 245 246 256 260 261 290 291 565 566 567 568 632 633","38:40 79:85 102:95 102:109 118:109 118:124 131:124 131:126 131:141 133:141 156:146 156:147 156:148 156:149 156:152 156:160 157:160 158:160 164:160 164:163 171:181 173:181 174:181 175:181 176:181 177:181 243:236 243:237 243:238 243:239 243:245 246:245 246:246 257:255 257:264 258:264 292:289 292:290 566:564 566:565 566:567 568:567 568:569 631:633 633:633 634:633"
"ماسی مریم","ملک حمید",7,"151 152 240 244 245 261 262","156:147 156:148 243:238 243:245 246:245 257:266 258:266"
"ماسی مریم","ملک رشید (ملک حمید کا بھائی)",3,"133 134 153","131:135 133:135 156:151"
"ماسی مریم","منشی کریم شاہ",5,"138 250 256 260 261","133:143 246:255 257:255 257:264 258:264"
"ماسی مریم","منظور (اعجاز کا ورکر)",2,"72 73","71:73 74:73"
"ماسی مریم","مولوی فقیر الدین",3,"102 117 118","102:102 118:117 118:118"
"ماسی مریم","میاں انتظار حسین (ایڈووکیٹ ہائی کورٹ)",13,"17 82 561 562 626 627 628 629 631 632 634","22:12 79:85 566:556 566:559 631:621 631:622 631:624 631:625 631:628 631:632 633:632 633:635 634:635"
"ماسی مریم","میجر/کیپٹن سرفراز اعوان",108,"18 19 20 21 22 23 24 35 36 37 38 66 69 70 71 72 74 76 77 79 97 99 100 101 102 115 117 118 131 132 156 157 159 162 164 165 168 169 170 171 172 173 175 176 177 240 241 245 246 252 253 254 260 261 289 290 292 296 300 312 313 314 315 316 317 563 564 565 566 567 568 749 750 751 752 753 754","22:14 22:15 22:16 22:17 22:18 22:19 22:21 22:22 23:22 23:23 24:23 24:24 38:33 38:34 38:35 38:36 38:37 38:38 71:61 71:68 71:69 71:70 71:71 74:71 74:74 79:74 79:75 79:79 102:92 102:93 102:96 102:99 102:100 102:101 102:102 118:113 118:116 118:117 118:119 131:131 133:131 156:156 157:156 157:157 158:157 158:160 164:160 164:165 165:165 171:165 171:166 171:168 171:169 171:171 173:171 173:173 174:173 174:176 175:176 176:176 177:176 177:177 243:238 243:240 243:247 246:247 257:247 257:249 257:250 257:252 257:264 258:264 292:287 292:288 292:289 292:292 300:292 300:300 317:307 317:308 317:309 317:310 317:311 317:312 317:313 317:314 317:315 317:316 317:317 566:560 566:561 566:562 566:563 566:565 566:566 568:566 568:567 568:568 754:745 754:746 754:747 754:748 754:749 754:750 754:751 754:752 754:753 754:754"
"ماسی مریم","نامعلوم مزدور عورت (ملک حمید/لطیف کا تعلق)",27,"19 20 29 36 42 83 97 101 102 113 114 115 116 119 128 129 130 132 133 152 155 562 563","22:16 22:17 22:18 22:19 24:34 38:34 38:47 79:87 102:92 102:100 102:102 118:109 118:110 118:111 118:113 118:115 118:120 131:126 131:128 131:130 131:134 133:134 156:148 156:154 156:155 566:558 566:560"
"ماسی مریم","نسرین",26,"18 20 25 26 33 36 41 116 117 166 167 170 174 175 176 177 246 248 253 749 750","22:15 22:18 22:19 22:28 23:28 24:28 38:28 38:29 38:34 38:44 118:115 118:116 164:169 165:169 171:169 171:178 173:178 174:178 175:178 176:178 177:178 243:250 246:250 257:250 754:745 754:746"
"ماسی مریم","نسیمہ (شعیب کی بہن)",12,"289 316 318 563 564 568 569 750 753 754","292:286 317:316 317:319 566:560 566:561 566:562 566:563 566:571 568:571 754:746 754:753 754:754"
"ماسی مریم","نمائر (کیمپ کا قیدی ساتھی)",2,"571 572","566:576 568:576"
"ماسی مریم","نیلی (بھینس)",1,"43","38:48"
"ماسی مریم","وسیم بھائی (بدیع الزمان کا سالا/قرض خواہ)",23,"19 24 25 33 36 38 72 74 76 79 105 113 133 134 178 179 180 628 629 750","22:17 22:26 23:26 24:26 38:28 38:35 38:38 71:74 74:74 79:74 79:79 102:109 118:109 131:136 133:136 173:183 174:183 175:183 176:183 177:183 631:626 631:627 754:746"
"ماسی مریم","پروفیسر میر صاحب",4,"245 247 252 253","243:248 246:248 257:248 257:249"
"ماسی مریم","پیر حمید الدین بلال شاہ (مرشد بلال پور شریف)",7,"29 36 159 160 163 755","24:34 38:34 156:162 157:162 158:162 164:162 754:757"
"ماسی مریم","چاچا احمد خان راٹھور",88,"22 23 37 38 67 69 73 75 77 102 116 117 118 126 127 129 131 132 133 151 152 154 158 159 162 163 164 165 168 169 170 171 172 173 174 175 176 177 238 239 240 242 243 244 245 246 252 253 254 259 260 289 290 291 292 296 300 316 317 562 566 567 569 632 633 634 754","22:23 23:23 24:23 38:36 38:38 71:63 71:67 71:76 74:76 79:76 102:102 118:115 118:116 118:117 118:118 131:121 131:122 131:123 131:128 131:131 133:131 133:133 156:146 156:147 156:148 156:149 156:152 156:160 157:160 158:160 164:160 164:162 164:163 164:164 165:164 165:165 171:165 171:166 171:167 171:168 171:169 171:170 171:171 173:171 173:172 173:173 174:173 174:174 175:174 175:175 176:175 176:176 177:176 177:177 243:234 243:236 243:238 243:241 243:242 243:243 246:243 246:244 246:245 246:246 257:248 257:249 257:250 257:252 257:262 258:262 292:287 292:288 292:290 292:292 300:292 300:300 317:316 317:317 566:559 566:566 568:566 568:567 568:570 631:633 633:633 634:633 634:634 754:754"
"ماسی مریم","چنبیلی (گھوڑی)",2,"41 69","38:45 71:68"
"ماسی مریم","چوہدری اظہر (ایس ایچ او نور پور)",10,"107 115 133 134 153 297 301 566 567 756","102:112 118:112 131:136 133:136 156:151 292:302 300:302 566:567 568:567 754:758"
"ماسی مریم","چوہدری اللہ داد خان",2,"257","257:257 258:257"
"ماسی مریم","ڈاکٹر (کریم بخش کا بیٹا)",11,"21 105 113 115 131 132 627 631 632 635","22:20 102:109 118:109 118:112 131:131 133:131 631:623 631:632 633:632 633:637 634:637"
"ماسی مریم","کریم راٹھور",4,"84 260 261 627","79:89 257:264 258:264 631:624"
"ماسی مریم","کلونت کور",5,"24 25 33 39","22:27 23:27 24:27 38:28 38:41"
"ماسی مریم","کنیز",22,"102 113 114 115 119 126 130 131 132 133 152 153 154 155 156 158 159 162 163","102:103 118:109 118:110 118:112 118:120 131:121 131:122 131:130 131:132 133:132 133:133 156:148 156:151 156:153 156:154 156:155 156:156 157:156 157:160 158:160 164:160 164:163"
"ماسی مریم","کو چوہا (چوکیدار/کھیت میں سونے والا)",2,"257 258","257:258 258:258"
"ماسی مریم","کیپٹن اسد اللہ",2,"288","292:284 292:285"
"ماسی مریم","کیپٹن اسرار",4,"18 29 36 563","22:14 24:34 38:34 566:560"
"ماسی مریم","کیپٹن جمال",7,"18 19 20 287 289","22:15 22:16 22:17 22:18 22:19 292:282 292:286"
"ماسی مریم","کیپٹن دلاور",2,"314 319","317:312 317:321"
"ماسی مریم","کیڈٹ حبیب اللہ",2,"288 289","292:285 292:286"
"ماسی مریم","کیڈٹ مجید اللہ",4,"294 298 299","292:297 300:297 300:298 300:299"
"ماسی مریم","گل افروز خان",3,"259 290","257:261 258:261 292:288"
"ماسی مریم","یعقوب اعوان",40,"23 24 33 35 36 37 39 67 68 69 70 71 72 73 74 76 77 78 79 101 138 160 161 164 238 239 241 301 315 570 571","22:24 23:24 24:24 38:28 38:32 38:35 38:36 38:41 71:63 71:64 71:65 71:66 71:67 71:68 71:70 71:71 74:71 74:72 74:73 74:74 79:74 79:75 79:76 79:77 79:78 79:79 102:101 133:143 156:164 157:164 158:164 164:164 165:164 243:234 243:235 243:239 300:303 317:313 566:574 568:574"
"محمد نواز چیمہ","ملک جہانگیر اعوان (ایم ایل اے)",8,"89 92 94 382 383 386","93:85 93:91 93:95 94:95 387:377 387:378 387:379 387:386"
"محمد نواز چیمہ","ملک عالم جہاں اعوان",1,"92","93:91"
"محمد نواز چیمہ","منظور (اعجاز کا ورکر)",8,"382 386 387 388 389 390","387:377 387:385 387:387 388:387 388:388 389:388 389:390 390:390"
"محمد نواز چیمہ","مولوی فقیر الدین",2,"97 98","93:102 94:102"
"محمد نواز چیمہ","میاں انتظار حسین (ایڈووکیٹ ہائی کورٹ)",1,"89","93:85"
"محمد نواز چیمہ","میجر/کیپٹن سرفراز اعوان",16,"88 89 90 91 92 93 95 383 389 390","93:83 93:86 93:87 93:88 93:89 93:90 93:91 93:92 93:93 94:93 94:96 387:380 387:391 388:391 389:391 390:391"
"محمد نواز چیمہ","نامعلوم مزدور عورت (ملک حمید/لطیف کا تعلق)",5,"90 92 96 97","93:87 93:88 93:92 93:100 94:100"
"محمد نواز چیمہ","نسیمہ (شعیب کی بہن)",4,"389 390","387:391 388:391 389:391 390:391"
"محمد نواز چیمہ","نصیر شیخ (پارٹی امیدوار)",3,"393 394","388:398 389:398 390:398"
"محمد نواز چیمہ","وریا م",1,"92","93:91"
"محمد نواز چیمہ","وسیم بھائی (بدیع الزمان کا سالا/قرض خواہ)",3,"89 383 386","93:86 387:380 387:386"
"محمد نواز چیمہ","چاچا احمد خان راٹھور",3,"97 98 386","93:102 94:102 387:385"
"محمد نواز چیمہ","کریم راٹھور",1,"91","93:89"
"محمد نواز چیمہ","کنیز",3,"98 385","93:103 94:103 387:383"
"محمد نواز چیمہ","گل افروز خان",1,"385","387:384"
"محمد نواز چیمہ","یعقوب اعوان",3,"97 386","93:101 94:101 387:385"
"محمد یاسین (طلوع کا رپورٹر/ساتھی)","نامعلوم مزدور عورت (ملک حمید/لطیف کا تعلق)",2,"701 702","706:697 706:699"
"محمد یاسین (طلوع کا رپورٹر/ساتھی)","نیلی (بھینس)",2,"704 705","706:703 706:704"
"محمد یاسین (طلوع کا رپورٹر/ساتھی)","وسیم بھائی (بدیع الزمان کا سالا/قرض خواہ)",1,"708","706:711"
"محمد یاسین (طلوع کا رپورٹر/ساتھی)","چاچا احمد خان راٹھور",2,"703 706","706:700 706:706"
"محمد یاسین (طلوع کا رپورٹر/ساتھی)","ڈاکٹر (کریم بخش کا بیٹا)",4,"701 702","706:696 706:697 706:698 706:699"
"محمد یاسین (طلوع کا رپورٹر/ساتھی)","ڈاکٹر سعد اللہ خان (کنسلٹنٹ کارڈیالوجسٹ)",1,"701","706:697"
"محمد یاسین (طلوع کا رپورٹر/ساتھی)","ڈاکٹر عرفان (ڈیوٹی ڈاکٹر آئی سی یو)",1,"701","706:697"
"مرزا عبد الرشید","ملک جہانگیر اعوان (ایم ایل اے)",4,"344 347 496","344:344 345:344 345:349 495:497"
"مرزا عبد الرشید","ملک رشید (ملک حمید کا بھائی)",7,"344 461 462 463","344:344 345:344 461:462 462:462 463:462 463:463 464:463"
"مرزا عبد الرشید","منظور (اعجاز کا ورکر)",20,"342 343 344 345 456 458 462 463 464 465 493 494 499","344:341 344:342 344:343 344:344 345:344 345:345 461:451 461:452 461:455 461:456 461:463 462:463 463:463 464:463 464:464 465:464 465:465 495:491 495:494 495:504"
"مرزا عبد الرشید","منیر میکنک",5,"465 466 467","461:470 462:470 463:470 464:470 465:470"
"مرزا عبد الرشید","میجر صدیق",1,"493","495:492"
"مرزا عبد الرشید","میجر/کیپٹن سرفراز اعوان",11,"339 340 341 342 347 348 459 460 491","344:334 344:335 344:337 344:338 344:339 344:340 344:351 345:351 461:458 461:459 495:487"
"مرزا عبد الرشید","نامعلوم مزدور عورت (ملک حمید/لطیف کا تعلق)",5,"347 468 469","344:350 345:350 463:473 464:473 465:473"
"مرزا عبد الرشید","نسرین",4,"339 344 345 470","344:334 344:345 345:345 465:475"
"مرزا عبد الرشید","نسیمہ (شعیب کی بہن)",9,"339 340 341 342 347 348 491","344:334 344:335 344:336 344:338 344:339 344:340 344:351 345:351 495:487"
"مرزا عبد الرشید","وسیم بھائی (بدیع الزمان کا سالا/قرض خواہ)",2,"344","344:344 345:344"
"مرزا عبد الرشید","چاچا احمد خان راٹھور",3,"469 494","464:474 465:474 495:493"
"مرزا عبد الرشید","چوہدری اظہر (ایس ایچ او نور پور)",3,"347 457","344:350 345:350 461:453"
"مرزا عبد الرشید","ڈاکٹر (کریم بخش کا بیٹا)",7,"458 462 463 464 498","461:455 461:464 462:464 463:464 464:464 465:464 495:501"
"مرزا عبد الرشید","کنیز",5,"463 464 465","461:465 462:465 463:465 464:465 465:465"
"مرزا عبد الرشید","گل افروز خان",2,"347","344:350 345:350"
"مرزا عبد الرشید","ہکیم حاذق",1,"500","495:505"
"مرزا عبد الرشید","یعقوب اعوان",2,"494","495:493 495:494"
"معین الدین شاہ","ملک جہانگیر اعوان (ایم ایل اے)",8,"516 520 621 628 629 630","521:512 521:520 624:619 624:633 625:633 626:633 627:633 628:633"
"معین الدین شاہ","میاں انتظار حسین (ایڈووکیٹ ہائی کورٹ)",9,"622 623 624 625 627 628","624:621 624:622 624:624 625:624 625:625 626:625 626:628 627:628 628:628"
"معین الدین شاہ","میجر قدیر (ازمیر مل کا ایڈمن افسر)",1,"521","521:521"
"معین الدین شاہ","میجر/کیپٹن سرفراز اعوان",7,"516 519 619 620 621","521:511 521:518 624:614 624:615 624:616 624:617 624:618"
"معین الدین شاہ","نسرین",4,"619 620","624:614 624:615 624:616 624:617"
"معین الدین شاہ","وسیم بھائی (بدیع الزمان کا سالا/قرض خواہ)",7,"525 625 626 627","521:530 624:626 625:626 626:626 627:626 627:627 628:627"
"معین الدین شاہ","چاچا احمد خان راٹھور",7,"516 621 628 629 630","521:512 624:619 624:633 625:633 626:633 627:633 628:633"
"معین الدین شاہ","ڈاکٹر (کریم بخش کا بیٹا)",9,"516 520 523 623 628 629 630","521:512 521:520 521:526 624:623 624:632 625:632 626:632 627:632 628:632"
"معین الدین شاہ","ڈاکٹر احسان الحق (پُل کھنگر)",2,"520 526","521:520 521:531"
"معین الدین شاہ","ڈاکٹر خدابخش کھوکھر (چیف کیمسٹ)",1,"521","521:521"
"معین الدین شاہ","کریم راٹھور",4,"516 522 624","521:512 521:523 624:624 625:624"
"معین الدین شاہ","کیپٹن جمال",2,"620","624:616 624:617"
"ملک جہانگیر اعوان (ایم ایل اے)","ملک حمید",45,"144 145 146 147 148 186 187 188 189 191 192 193 196 233 234 235 237 238 242 245 265 266 270 275 576 583 584 585 595 596 597 598 603","141:147 142:147 143:147 144:147 145:147 146:147 147:147 148:147 148:148 149:148 181:191 183:191 186:191 188:191 191:191 193:191 193:192 193:194 199:194 229:238 230:238 232:238 236:238 237:238 238:238 239:238 239:245 245:245 246:245 264:266 266:266 275:266 275:275 276:275 572:581 586:581 586:582 586:583 586:584 591:599 593:599 595:599 596:599 597:599 608:599"
"ملک جہانگیر اعوان (ایم ایل اے)","ملک رشید (ملک حمید کا بھائی)",22,"130 138 139 140 146 147 148 149 150 151 270 275 276 344 346","126:135 141:135 141:136 141:137 141:138 141:139 141:151 142:151 143:151 144:151 145:151 146:151 147:151 148:151 149:151 152:151 266:275 275:275 276:275 276:276 344:344 349:344"
"ملک جہانگیر اعوان (ایم ایل اے)","ملک عالم جہاں اعوان",3,"88 91 93","85:91 91:91 95:91"
"ملک جہانگیر اعوان (ایم ایل اے)","ملک لطیف",7,"585 595 596 597 598 603","586:584 591:599 593:599 595:599 596:599 597:599 608:599"
"ملک جہانگیر اعوان (ایم ایل اے)","منشی کریم شاہ",14,"142 143 250 255 259 264 265 403 404 406","141:143 142:143 143:143 144:143 245:255 246:255 255:255 264:255 264:264 266:264 401:406 402:406 406:406 407:406"
"ملک جہانگیر اعوان (ایم ایل اے)","منظور (اعجاز کا ورکر)",53,"190 191 193 194 197 342 343 344 346 347 348 349 363 364 365 369 370 371 375 376 377 381 382 385 386 396 399 406 408 409 410 411 412 414 415 417 418 494 495 500 501 505","186:195 188:195 191:195 193:195 199:195 344:341 344:342 344:343 344:344 349:344 349:345 349:346 349:347 349:348 349:349 361:365 362:365 363:365 365:365 374:365 374:366 374:367 374:368 374:369 374:377 375:377 376:377 377:377 378:377 378:385 379:385 386:385 386:387 401:392 401:398 401:411 402:411 406:411 407:411 408:411 409:411 410:411 412:411 412:412 417:412 417:413 417:417 419:417 497:491 497:494 497:504 499:504 507:504"
"ملک جہانگیر اعوان (ایم ایل اے)","منیر میکنک",2,"587 589","586:588 591:588"
"ملک جہانگیر اعوان (ایم ایل اے)","مولوی فقیر الدین",6,"98 105 106 113 120 121","95:102 109:102 109:103 109:117 124:117 124:118"
"ملک جہانگیر اعوان (ایم ایل اے)","میاں انتظار حسین (ایڈووکیٹ ہائی کورٹ)",24,"85 88 559 560 561 588 591 592 620 628 629 630 632 634 640 642 643 645 670 671 674 676","85:85 91:85 564:554 564:556 564:559 586:591 591:591 593:591 619:621 633:624 633:625 633:628 633:632 633:635 645:635 645:639 645:641 645:642 645:645 675:666 675:667 675:668 675:673 675:678"
"ملک جہانگیر اعوان (ایم ایل اے)","میجر صدیق",7,"421 422 494 574 575 582","417:426 419:426 497:492 569:579 570:579 572:579 586:579"
"ملک جہانگیر اعوان (ایم ایل اے)","میجر قدیر (ازمیر مل کا ایڈمن افسر)",2,"516 520","512:521 520:521"
"ملک جہانگیر اعوان (ایم ایل اے)","میجر/کیپٹن سرفراز اعوان",203,"36 37 38 39 40 80 82 83 84 85 88 89 90 91 93 94 95 104 105 106 111 120 121 127 128 136 151 152 154 158 160 161 164 176 177 178 179 188 189 190 192 193 196 200 217 218 219 221 226 230 231 235 237 238 239 242 246 251 252 253 259 264 265 266 270 271 274 276 284 288 289 291 339 340 341 342 347 350 356 357 358 359 360 366 367 368 372 374 375 378 379 383 388 396 397 398 399 403 405 406 415 416 418 419 492 503 507 508 509 510 511 515 519 562 563 564 565 566 567 568 569 570 571 572 581 582 587 590 591 592 593 594 595 596 597 603 604 605 609 610 615 616 617 618","40:33 40:34 40:35 40:36 40:37 40:38 40:39 40:40 85:75 85:79 85:81 85:82 85:83 85:86 91:86 91:87 91:88 91:89 91:90 91:91 95:91 95:92 95:93 95:96 109:99 109:100 109:101 109:102 109:103 109:113 124:116 124:117 124:119 124:131 126:131 141:131 146:156 147:156 148:156 149:156 152:156 160:156 160:157 160:160 163:160 163:165 181:171 181:173 181:176 181:177 183:193 186:193 188:193 191:193 193:193 199:193 199:202 222:212 222:213 222:214 222:215 222:216 222:220 222:231 229:231 230:231 232:231 232:238 236:238 237:238 238:238 239:238 239:240 245:240 245:247 246:247 255:247 255:249 255:250 255:252 255:264 264:264 266:264 266:265 266:266 275:266 275:267 275:273 275:274 275:277 276:277 289:279 289:287 289:288 289:289 290:289 290:292 344:334 344:335 344:337 344:338 344:339 344:340 344:351 349:351 361:351 361:353 361:354 361:355 361:356 361:357 361:358 361:359 361:371 362:371 363:371 365:371 374:371 374:375 375:375 376:375 376:380 377:380 378:380 379:380 386:380 386:391 401:391 401:393 401:394 401:396 401:397 401:405 402:405 406:405 406:406 407:406 410:420 412:420 417:420 419:420 497:487 499:508 507:508 508:508 509:508 509:509 510:509 510:510 512:510 512:511 512:518 520:518 564:560 564:561 564:562 564:563 564:565 565:565 567:565 567:566 567:567 569:567 569:568 569:569 570:569 570:570 572:570 572:571 572:572 586:576 586:577 586:578 586:579 586:589 591:589 591:590 591:591 593:591 593:592 593:593 595:593 595:594 595:595 596:595 596:596 597:596 597:597 608:598 608:600 608:601 608:602 608:611 609:611 610:611 619:611 619:612 619:613 619:614 619:615 619:616 619:617 619:618"
"ملک جہانگیر اعوان (ایم ایل اے)","نامعلوم مزدور عورت (ملک حمید/لطیف کا تعلق)",62,"37 43 86 89 91 93 97 104 105 107 109 119 122 125 126 137 138 139 144 145 146 147 148 151 153 157 188 189 190 192 193 196 218 219 347 349 357 415 416 418 419 502 503 507 561 562 585 594 595 596 597 603 678","40:34 40:47 85:87 91:87 91:88 91:92 95:92 95:100 109:100 109:102 109:106 109:109 124:115 124:120 124:126 126:126 141:134 141:136 141:137 141:148 142:148 143:148 144:148 145:148 146:148 147:148 148:148 149:148 149:154 152:154 160:154 160:155 183:193 186:193 188:193 191:193 193:193 199:193 222:215 222:217 344:350 349:350 361:354 410:420 412:420 417:420 419:420 497:507 499:507 507:507 508:507 564:558 564:560 586:584 586:585 591:598 593:598 595:598 596:598 597:598 608:598 675:682"
"ملک جہانگیر اعوان (ایم ایل اے)","نانبائی (او جھری والا)",2,"202 676","199:205 675:678"
"ملک جہانگیر اعوان (ایم ایل اے)","نسرین",58,"37 42 112 119 120 164 166 179 187 189 190 191 192 193 196 219 247 248 252 339 344 347 352 358 359 404 406 407 410 411 412 414 587 590 591 592 595 596 597 603 604 607 609 610 615 616 617 618","40:34 40:44 109:115 124:115 124:116 160:169 163:169 181:178 183:192 186:192 188:192 191:192 193:192 193:193 199:193 222:217 245:250 246:250 255:250 344:334 344:345 349:345 349:356 361:356 361:357 401:407 402:407 406:407 407:407 408:407 408:412 409:412 410:412 412:412 417:412 586:589 591:589 591:590 591:592 593:592 593:597 595:597 596:597 597:597 608:598 608:600 608:601 608:607 608:611 609:611 610:611 619:611 619:612 619:613 619:614 619:615 619:616 619:617"
"ملک جہانگیر اعوان (ایم ایل اے)","نسیمہ (شعیب کی بہن)",52,"281 287 339 340 341 342 347 350 356 357 358 359 360 388 396 397 398 399 415 416 418 419 492 562 563 567 568 569 570 571 572 581 582 587 590 594 595 596 597 603","276:286 289:286 344:334 344:335 344:336 344:338 344:339 344:340 344:351 349:351 361:351 361:353 361:354 361:355 361:356 361:357 361:358 361:359 386:391 401:391 401:394 401:395 401:396 401:397 410:420 412:420 417:420 419:420 497:487 564:560 564:561 564:562 564:563 564:571 565:571 567:571 569:571 570:571 572:571 572:573 586:576 586:578 586:579 586:589 591:589 591:590 591:598 593:598 595:598 596:598 597:598 608:598"
"ملک جہانگیر اعوان (ایم ایل اے)","نصیر شیخ (پارٹی امیدوار)",6,"364 365 366 370 399","361:367 362:367 363:367 365:367 374:367 401:398"
"ملک جہانگیر اعوان (ایم ایل اے)","نمائر (کیمپ کا قیدی ساتھی)",7,"571 572 573 574 581 582","567:576 569:576 570:576 572:576 586:576 586:578 586:579"
"ملک جہانگیر اعوان (ایم ایل اے)","نیلی (بھینس)",1,"44","40:48"
"ملک جہانگیر اعوان (ایم ایل اے)","وریا م",3,"88 91 93","85:91 91:91 95:91"
"ملک جہانگیر اعوان (ایم ایل اے)","وسیم بھائی (بدیع الزمان کا سالا/قرض خواہ)",36,"37 39 44 82 85 88 109 131 138 182 183 184 277 284 344 346 352 358 377 378 379 383 386 420 421 525 601 607 622 629 630","40:35 40:38 40:48 85:79 85:86 91:86 109:109 126:136 141:136 181:183 183:183 186:183 275:279 276:279 289:279 344:344 349:344 349:356 361:356 374:380 375:380 376:380 377:380 378:380 379:380 386:380 386:386 417:423 419:423 520:530 596:606 597:606 608:606 619:626 633:626 633:627"
"ملک جہانگیر اعوان (ایم ایل اے)","پروفیسر میر صاحب",8,"222 225 243 246 247 251 252","222:222 229:222 238:248 239:248 245:248 246:248 255:248 255:249"
"ملک جہانگیر اعوان (ایم ایل اے)","پھاتو مراثن (ڈھولکی)",2,"353 359","349:358 361:358"
"ملک جہانگیر اعوان (ایم ایل اے)","پیر حمید الدین بلال شاہ (مرشد بلال پور شریف)",4,"37 157 161 162","40:34 152:162 160:162 163:162"
"ملک جہانگیر اعوان (ایم ایل اے)","چاچا احمد خان راٹھور",178,"38 39 44 80 98 105 106 107 108 112 119 120 121 122 123 126 127 136 137 142 143 145 146 147 148 149 150 152 156 160 161 162 163 176 177 178 179 181 182 183 185 186 187 188 189 190 191 192 193 196 197 198 199 217 219 220 221 222 226 227 230 231 233 235 236 237 238 240 243 244 245 246 250 251 252 253 258 263 270 275 276 284 288 289 290 352 358 359 361 362 367 368 373 374 375 380 381 382 385 404 405 407 408 495 509 510 511 512 516 561 565 566 567 568 569 570 571 572 587 589 596 597 598 599 604 605 606 607 608 609 614 619 633","40:36 40:38 40:49 85:76 95:102 109:102 109:103 109:105 109:106 109:107 109:115 124:115 124:116 124:117 124:118 124:119 124:120 124:121 124:122 124:123 124:128 126:128 141:131 141:133 141:143 142:143 143:143 144:143 144:146 145:146 146:146 147:146 147:147 148:147 148:148 149:148 149:149 152:149 152:152 160:152 160:160 163:160 163:162 163:163 181:171 181:172 181:173 181:174 181:175 181:176 181:177 181:178 181:181 183:181 183:184 186:184 186:185 186:186 188:186 188:188 191:188 191:189 191:190 191:191 193:191 193:192 193:193 199:193 199:194 199:195 199:196 199:197 199:198 199:199 222:212 222:216 222:217 222:218 222:220 222:223 229:223 229:225 229:231 230:231 232:231 232:234 236:234 236:236 237:236 237:238 238:238 239:238 239:241 245:241 245:242 245:243 245:244 245:245 246:245 246:246 255:246 255:248 255:249 255:250 255:252 255:262 264:262 264:263 266:275 275:275 276:275 276:276 289:279 289:287 289:288 289:290 290:290 349:356 361:356 361:357 361:358 361:362 362:362 363:362 363:372 365:372 374:372 374:375 375:375 376:375 376:385 377:385 378:385 379:385 386:385 401:408 402:408 406:408 407:408 408:408 409:408 497:493 507:512 508:512 509:512 510:512 512:512 520:512 564:559 564:566 565:566 567:566 567:567 569:567 569:570 570:570 572:570 572:573 586:588 591:588 591:601 593:601 595:601 596:601 597:601 608:601 608:602 608:603 608:604 608:605 608:607 608:608 609:608 609:609 610:609 610:619 619:619 633:633"
"ملک جہانگیر اعوان (ایم ایل اے)","چنبیلی (گھوڑی)",1,"42","40:45"
"ملک جہانگیر اعوان (ایم ایل اے)","چوہدری ارشد (یونین رہنما)",5,"363 364 365 369","361:365 362:365 363:365 365:365 374:365"
"ملک جہانگیر اعوان (ایم ایل اے)","چوہدری اظہر (ایس ایچ او نور پور)",36,"110 131 138 139 140 146 147 148 149 150 151 347 349 565 566 567 568 576 583 584 585 595 596 597 598 603 607","109:112 126:136 141:136 141:137 141:138 141:139 141:151 142:151 143:151 144:151 145:151 146:151 147:151 148:151 149:151 152:151 344:350 349:350 564:567 565:567 567:567 569:567 572:581 586:581 586:582 586:583 586:584 586:585 591:599 593:599 595:599 596:599 597:599 608:599 608:606 608:607"
"ملک جہانگیر اعوان (ایم ایل اے)","چوہدری اللہ داد خان",2,"256 260","255:257 264:257"
"ملک جہانگیر اعوان (ایم ایل اے)","چوہدری شدا",5,"363 364 365 370","361:366 362:366 363:366 365:366 374:366"
"ملک جہانگیر اعوان (ایم ایل اے)","ڈاکٹر (کریم بخش کا بیٹا)",28,"109 127 128 136 219 499 500 504 507 508 509 510 511 512 516 520 559 621 628 632 635 641 644 645 678","109:109 124:131 126:131 141:131 222:217 497:501 499:501 507:501 507:502 507:507 508:507 508:509 509:509 510:509 510:510 512:510 512:512 520:512 520:520 564:555 619:623 633:623 633:632 633:637 645:637 645:644 645:645 675:681"
"ملک جہانگیر اعوان (ایم ایل اے)","ڈاکٹر احسان الحق (پُل کھنگر)",8,"508 509 510 511 516 520 645","507:510 508:510 509:510 510:510 512:510 512:520 520:520 645:645"
"ملک جہانگیر اعوان (ایم ایل اے)","ڈاکٹر خدابخش کھوکھر (چیف کیمسٹ)",4,"516 520 649 674","512:521 520:521 645:654 675:674"
"ملک جہانگیر اعوان (ایم ایل اے)","کامران خان (جواں سال کیمسٹ)",3,"647 673 674","645:649 675:671 675:674"
"ملک جہانگیر اعوان (ایم ایل اے)","کریم راٹھور",17,"87 90 259 264 265 509 510 511 512 516 521 621 628 671 674 676","85:89 91:89 255:264 264:264 266:264 507:512 508:512 509:512 510:512 512:512 520:512 520:523 619:624 633:624 675:668 675:674 675:678"
"ملک جہانگیر اعوان (ایم ایل اے)","کلونت کور",1,"40","40:41"
"ملک جہانگیر اعوان (ایم ایل اے)","کنیز",55,"99 106 109 122 123 127 128 136 137 138 139 140 144 145 146 147 148 150 151 152 156 157 158 160 161 163 187 189 190 191 192 193 196 197 199 219 378 379 380 381 384 585","95:103 109:103 109:109 124:120 124:121 124:122 124:130 126:130 141:132 141:133 141:134 141:135 141:137 141:138 141:139 141:140 141:148 142:148 143:148 144:148 145:148 146:148 147:148 148:148 149:148 149:151 152:151 152:153 160:153 160:154 160:155 160:156 160:160 163:160 163:163 183:192 186:192 188:192 191:192 193:192 193:193 199:193 199:194 199:195 199:199 222:216 222:217 374:383 375:383 376:383 377:383 378:383 379:383 386:383 586:585"
"ملک جہانگیر اعوان (ایم ایل اے)","کو چوہا (چوکیدار/کھیت میں سونے والا)",2,"256 261","255:258 264:258"
"ملک جہانگیر اعوان (ایم ایل اے)","کیپٹن اسد اللہ",4,"279 280 286 287","275:284 276:284 289:284 289:285"
"ملک جہانگیر اعوان (ایم ایل اے)","کیپٹن اسرار",4,"37 352 358 562","40:34 349:356 361:356 564:560"
"ملک جہانگیر اعوان (ایم ایل اے)","کیپٹن جمال",18,"278 279 285 287 587 590 591 592 595 596 597 603 612 613 617 618","275:282 276:282 289:282 289:286 586:589 591:589 591:592 593:592 593:597 595:597 596:597 597:597 608:598 608:616 609:616 610:616 619:616 619:617"
"ملک جہانگیر اعوان (ایم ایل اے)","کیڈٹ حبیب اللہ",4,"280 287","275:285 276:285 289:285 289:286"
"ملک جہانگیر اعوان (ایم ایل اے)","کیڈٹ مجید اللہ",2,"293","289:297 290:297"
"ملک جہانگیر اعوان (ایم ایل اے)","گل افروز خان",33,"258 262 263 277 284 288 347 349 356 357 360 365 366 367 371 373 379 380 381 385 411 412 413 414 416","255:261 264:261 264:262 264:263 275:279 276:279 289:279 289:288 344:350 349:350 361:351 361:353 361:360 361:369 362:369 363:369 365:369 374:369 374:372 374:384 375:384 376:384 377:384 378:384 379:384 386:384 406:416 407:416 408:416 409:416 410:416 412:416 417:416"
"ملک جہانگیر اعوان (ایم ایل اے)","ہکیم حاذق",6,"501 502 506 507","497:505 499:505 507:505 507:506 507:507 508:507"
"ملک جہانگیر اعوان (ایم ایل اے)","یعقوب اعوان",48,"36 37 38 40 80 81 82 96 98 105 142 143 162 163 231 232 233 235 237 238 239 242 276 370 374 375 380 381 382 385 495 569 570 571 572 573","40:32 40:35 40:36 40:41 85:75 85:76 85:77 85:78 85:79 85:80 91:101 95:101 109:101 141:143 142:143 143:143 144:143 160:164 163:164 229:234 230:234 232:234 236:234 236:235 236:239 237:239 238:239 239:239 245:239 275:277 276:277 365:375 374:375 375:375 376:375 376:385 377:385 378:385 379:385 386:385 497:493 497:494 564:574 565:574 567:574 569:574 570:574 572:574"
"ملک حمید","ملک رشید (ملک حمید کا بھائی)",7,"142 143 149 270 275","147:137 147:138 147:139 147:151 148:151 266:275 275:275"
"ملک حمید","ملک لطیف",6,"582 583 584 599 791","581:584 582:584 583:584 584:584 599:599 791:791"
"ملک حمید","منشی کریم شاہ",3,"145 250 265","147:143 245:255 266:264"
"ملک حمید","منظور (اعجاز کا ورکر)",3,"193 194","191:195 192:195 194:195"
"ملک حمید","منیر میکنک",4,"584 585 586","581:588 582:588 583:588 584:588"
"ملک حمید","میاں انتظار حسین (ایڈووکیٹ ہائی کورٹ)",5,"586 587 595","581:591 582:591 583:591 584:591 599:591"
"ملک حمید","میجر صدیق",1,"580","581:579"
"ملک حمید","میجر/کیپٹن سرفراز اعوان",54,"151 152 192 193 198 234 238 241 242 246 265 266 270 271 274 276 576 577 578 579 580 585 586 594 595 596 597 598 599 786 787 788 789 790 791","147:156 148:156 191:193 192:193 194:193 194:202 238:231 238:238 245:238 245:240 245:247 266:264 266:265 266:266 275:266 275:267 275:273 275:274 275:277 581:571 581:572 581:573 581:574 581:575 581:576 581:577 581:578 581:579 581:589 582:589 583:589 584:589 599:589 599:590 599:591 599:592 599:593 599:594 599:595 599:596 599:597 599:598 599:600 791:781 791:782 791:783 791:784 791:785 791:786 791:787 791:788 791:789 791:790 791:791"
"ملک حمید","نامعلوم مزدور عورت (ملک حمید/لطیف کا تعلق)",14,"142 147 148 192 193 582 583 584 598 787 788","147:137 147:148 148:148 191:193 192:193 194:193 581:584 582:584 583:584 584:584 599:598 791:784 791:785 791:786"
"ملک حمید","نسرین",18,"191 192 193 247 585 586 594 595 598 599 787 788","191:192 192:192 194:192 194:193 245:250 581:589 582:589 583:589 584:589 599:589 599:590 599:592 599:597 599:598 599:600 791:784 791:785 791:786"
"ملک حمید","نسیمہ (شعیب کی بہن)",15,"576 577 578 579 580 585 586 594 598 788","581:571 581:573 581:574 581:575 581:576 581:578 581:579 581:589 582:589 583:589 584:589 599:589 599:590 599:598 791:785"
"ملک حمید","نمائر (کیمپ کا قیدی ساتھی)",3,"578 579 580","581:576 581:578 581:579"
"ملک حمید","وسیم بھائی (بدیع الزمان کا سالا/قرض خواہ)",5,"187 277 602 786 791","191:183 275:279 599:606 791:781 791:792"
"ملک حمید","پروفیسر میر صاحب",2,"243 246","238:248 245:248"
"ملک حمید","پیر حمید الدین بلال شاہ (مرشد بلال پور شریف)",1,"791","791:791"
"ملک حمید","چاچا احمد خان راٹھور",42,"145 146 147 148 186 187 188 189 190 191 192 193 194 234 236 237 238 241 243 244 245 264 270 275 577 584 585 586 600 786 788 789","147:143 147:146 147:147 148:147 148:148 191:181 191:184 191:185 191:186 191:188 191:189 191:190 191:191 192:191 192:192 194:192 194:193 194:194 238:231 238:234 238:236 238:238 245:238 245:241 245:242 245:243 245:244 245:245 266:262 266:263 266:275 275:275 581:573 581:574 581:588 582:588 583:588 584:588 599:601 791:782 791:785 791:787"
"ملک حمید","چوہدری اظہر (ایس ایچ او نور پور)",13,"142 143 149 581 582 583 584 599","147:137 147:138 147:139 147:151 148:151 581:581 582:581 582:582 583:582 583:583 584:583 584:584 599:599"
"ملک حمید","چوہدری اللہ داد خان",1,"261","266:257"
"ملک حمید","کریم راٹھور",4,"265 786 788 789","266:264 791:782 791:786 791:787"
"ملک حمید","کنیز",15,"142 143 147 148 191 192 193 194 583 584","147:137 147:138 147:139 147:140 147:148 148:148 191:192 192:192 194:192 194:193 194:194 581:585 582:585 583:585 584:585"
"ملک حمید","کو چوہا (چوکیدار/کھیت میں سونے والا)",1,"262","266:258"
"ملک حمید","کیپٹن اسد اللہ",1,"279","275:284"
"ملک حمید","کیپٹن جمال",9,"278 585 586 594 595 598","275:282 581:589 582:589 583:589 584:589 599:589 599:592 599:597 599:598"
"ملک حمید","کیڈٹ حبیب اللہ",1,"280","275:285"
"ملک حمید","گل افروز خان",4,"263 264 277","266:261 266:262 266:263 275:279"
"ملک حمید","یعقوب اعوان",9,"145 236 238 242 276 577 789 791","147:143 238:234 238:235 238:239 245:239 275:277 581:574 791:787 791:792"
"ملک رشید (ملک حمید کا بھائی)","منشی کریم شاہ",6,"139 140 141 147","135:143 136:143 137:143 138:143 139:143 151:143"
"ملک رشید (ملک حمید کا بھائی)","منظور (اعجاز کا ورکر)",9,"342 343 344 457 458 459 462 463","344:341 344:342 344:343 344:344 462:452 462:455 462:456 462:463 463:463"
"ملک رشید (ملک حمید کا بھائی)","منیر میکنک",2,"466","462:470 463:470"
"ملک رشید (ملک حمید کا بھائی)","میجر/کیپٹن سرفراز اعوان",18,"133 153 270 271 274 276 339 340 341 342 347 460","135:131 151:156 275:265 275:266 275:267 275:273 275:274 275:277 276:277 344:334 344:335 344:337 344:338 344:339 344:340 344:351 462:458 462:459"
"ملک رشید (ملک حمید کا بھائی)","نامعلوم مزدور عورت (ملک حمید/لطیف کا تعلق)",15,"130 131 132 134 135 136 137 143 149 152 347 468","135:126 135:128 135:130 135:134 135:136 136:136 137:136 137:137 138:137 138:148 139:148 151:148 151:154 344:350 463:473"
"ملک رشید (ملک حمید کا بھائی)","نسرین",2,"339 344","344:334 344:345"
"ملک رشید (ملک حمید کا بھائی)","نسیمہ (شعیب کی بہن)",8,"281 339 340 341 342 347","276:286 344:334 344:335 344:336 344:338 344:339 344:340 344:351"
"ملک رشید (ملک حمید کا بھائی)","وسیم بھائی (بدیع الزمان کا سالا/قرض خواہ)",6,"135 136 277 344","135:136 136:136 137:136 275:279 276:279 344:344"
"ملک رشید (ملک حمید کا بھائی)","چاچا احمد خان راٹھور",17,"131 133 134 139 140 141 147 148 149 150 151 275 276","135:128 135:131 135:133 135:143 136:143 137:143 138:143 139:143 151:143 151:146 151:147 151:148 151:149 151:152 275:275 276:275 276:276"
"ملک رشید (ملک حمید کا بھائی)","چوہدری اظہر (ایس ایچ او نور پور)",11,"135 136 137 138 139 151 347 457","135:136 136:136 137:136 137:137 138:137 138:138 139:138 139:139 151:151 344:350 462:453"
"ملک رشید (ملک حمید کا بھائی)","ڈاکٹر (کریم بخش کا بیٹا)",4,"133 458 463","135:131 462:455 462:464 463:464"
"ملک رشید (ملک حمید کا بھائی)","کنیز",16,"132 133 134 135 136 137 138 139 149 151 463 464","135:130 135:132 135:133 135:134 135:135 136:135 136:137 137:137 138:137 138:138 139:138 139:139 151:148 151:151 462:465 463:465"
"ملک رشید (ملک حمید کا بھائی)","کیپٹن اسد اللہ",2,"279 280","275:284 276:284"
"ملک رشید (ملک حمید کا بھائی)","کیپٹن جمال",2,"278 279","275:282 276:282"
"ملک رشید (ملک حمید کا بھائی)","کیڈٹ حبیب اللہ",2,"280","275:285 276:285"
"ملک رشید (ملک حمید کا بھائی)","گل افروز خان",3,"277 347","275:279 276:279 344:350"
"ملک رشید (ملک حمید کا بھائی)","یعقوب اعوان",8,"139 140 141 147 276","135:143 136:143 137:143 138:143 139:143 151:143 275:277 276:277"
"ملک عالم جہاں اعوان","میاں انتظار حسین (ایڈووکیٹ ہائی کورٹ)",1,"88","91:85"
"ملک عالم جہاں اعوان","میجر/کیپٹن سرفراز اعوان",11,"58 59 86 87 88 89 90 91","57:60 58:60 91:81 91:82 91:83 91:86 91:87 91:88 91:89 91:90 91:91"
"ملک عالم جہاں اعوان","نامعلوم مزدور عورت (ملک حمید/لطیف کا تعلق)",8,"52 54 56 57 58 89 91","57:47 57:51 57:56 57:58 58:58 91:87 91:88 91:92"
"ملک عالم جہاں اعوان","نسرین",1,"54","57:51"
"ملک عالم جہاں اعوان","نیلی (بھینس)",1,"52","57:48"
"ملک عالم جہاں اعوان","وریا م",1,"91","91:91"
"ملک عالم جہاں اعوان","وسیم بھائی (بدیع الزمان کا سالا/قرض خواہ)",4,"52 58 88","57:48 57:59 58:59 91:86"
"ملک عالم جہاں اعوان","چاچا احمد خان راٹھور",4,"53 57 60","57:49 57:57 58:57 58:63"
"ملک عالم جہاں اعوان","چنبیلی (گھوڑی)",2,"52 63","57:48 58:68"
"ملک عالم جہاں اعوان","چوہدری اظہر (ایس ایچ او نور پور)",2,"57","57:57 58:57"
"ملک عالم جہاں اعوان","ڈاکٹر (کریم بخش کا بیٹا)",4,"54 57 58","57:52 57:57 58:57 58:58"
"ملک عالم جہاں اعوان","کریم راٹھور",1,"90","91:89"
"ملک عالم جہاں اعوان","کلونت کور",3,"55 56","57:53 57:54 57:55"
"ملک عالم جہاں اعوان","یعقوب اعوان",12,"52 53 54 55 56 57 58 96","57:47 57:48 57:49 57:50 57:51 57:52 57:53 57:56 57:57 58:57 58:58 91:101"
"ملک لطیف","منیر میکنک",1,"586","584:588"
"ملک لطیف","میاں انتظار حسین (ایڈووکیٹ ہائی کورٹ)",2,"587 595","584:591 599:591"
"ملک لطیف","میجر صدیق",1,"581","584:579"
"ملک لطیف","میجر/کیپٹن سرفراز اعوان",29,"579 580 581 586 594 595 596 597 598 599 786 787 788 789 790 791","584:574 584:575 584:576 584:577 584:578 584:579 584:589 599:589 599:590 599:591 599:592 599:593 599:594 599:595 599:596 599:597 599:598 599:600 791:781 791:782 791:783 791:784 791:785 791:786 791:787 791:788 791:789 791:790 791:791"
"ملک لطیف","نامعلوم مزدور عورت (ملک حمید/لطیف کا تعلق)",5,"584 598 787 788","584:584 599:598 791:784 791:785 791:786"
"ملک لطیف","نسرین",10,"586 594 595 598 599 787 788","584:589 599:589 599:590 599:592 599:597 599:598 599:600 791:784 791:785 791:786"
"ملک لطیف","نسیمہ (شعیب کی بہن)",10,"579 580 581 586 594 598 788","584:574 584:575 584:576 584:578 584:579 584:589 599:589 599:590 599:598 791:785"
"ملک لطیف","نمائر (کیمپ کا قیدی ساتھی)",3,"580 581","584:576 584:578 584:579"
"ملک لطیف","وسیم بھائی (بدیع الزمان کا سالا/قرض خواہ)",3,"602 786 791","599:606 791:781 791:792"
"ملک لطیف","پیر حمید الدین بلال شاہ (مرشد بلال پور شریف)",1,"791","791:791"
"ملک لطیف","چاچا احمد خان راٹھور",6,"579 586 600 786 788 789","584:574 584:588 599:601 791:782 791:785 791:787"
"ملک لطیف","چوہدری اظہر (ایس ایچ او نور پور)",5,"582 583 584 599","584:581 584:582 584:583 584:584 599:599"
"ملک لطیف","کریم راٹھور",3,"786 788 789","791:782 791:786 791:787"
"ملک لطیف","کنیز",1,"584","584:585"
"ملک لطیف","کیپٹن جمال",5,"586 594 595 598","584:589 599:589 599:592 599:597 599:598"
"ملک لطیف","یعقوب اعوان",3,"579 789 791","584:574 791:787 791:792"
"منشی کریم شاہ","منظور (اعجاز کا ورکر)",2,"402 408","406:398 406:411"
"منشی کریم شاہ","میجر/کیپٹن سرفراز اعوان",10,"251 252 253 259 264 401 405 406","255:247 255:249 255:250 255:252 255:264 264:264 406:396 406:397 406:405 406:406"
"منشی کریم شاہ","نامعلوم مزدور عورت (ملک حمید/لطیف کا تعلق)",4,"138 139 140 145","143:134 143:136 143:137 143:148"
"منشی کریم شاہ","نسرین",2,"252 406","255:250 406:407"
"منشی کریم شاہ","نسیمہ (شعیب کی بہن)",2,"401","406:396 406:397"
"منشی کریم شاہ","نصیر شیخ (پارٹی امیدوار)",1,"402","406:398"
"منشی کریم شاہ","وسیم بھائی (بدیع الزمان کا سالا/قرض خواہ)",1,"139","143:136"
"منشی کریم شاہ","پروفیسر میر صاحب",2,"251 252","255:248 255:249"
"منشی کریم شاہ","چاچا احمد خان راٹھور",12,"138 143 250 251 252 253 258 263 407","143:133 143:143 255:245 255:246 255:248 255:249 255:250 255:252 255:262 264:262 264:263 406:408"
"منشی کریم شاہ","چوہدری اظہر (ایس ایچ او نور پور)",5,"139 140 141 147","143:136 143:137 143:138 143:139 143:151"
"منشی کریم شاہ","چوہدری اللہ داد خان",2,"256 260","255:257 264:257"
"منشی کریم شاہ","کریم راٹھور",2,"259 264","255:264 264:264"
"منشی کریم شاہ","کنیز",8,"138 139 140 141 145","143:133 143:134 143:135 143:137 143:138 143:139 143:140 143:148"
"منشی کریم شاہ","کو چوہا (چوکیدار/کھیت میں سونے والا)",2,"256 261","255:258 264:258"
"منشی کریم شاہ","گل افروز خان",5,"258 262 263 411","255:261 264:261 264:262 264:263 406:416"
"منشی کریم شاہ","یعقوب اعوان",1,"143","143:143"
"منظور (اعجاز کا ورکر)","منیر میکنک",3,"466 467","463:470 464:470 465:470"
"منظور (اعجاز کا ورکر)","میاں انتظار حسین (ایڈووکیٹ ہائی کورٹ)",3,"442 687","442:442 443:442 689:685"
"منظور (اعجاز کا ورکر)","میجر صدیق",6,"421 486 487 491 493","417:426 491:481 491:482 491:483 491:492 494:492"
"منظور (اعجاز کا ورکر)","میجر/کیپٹن سرفراز اعوان",77,"70 71 72 73 194 198 336 337 338 339 340 346 347 348 349 350 360 361 362 368 369 370 374 376 378 382 388 389 390 391 392 395 396 397 401 408 415 416 418 437 439 440 441 453 454 455 456 457 460 461 487 489 506 690","73:68 73:69 73:70 73:71 73:74 195:193 195:202 341:331 341:332 341:333 341:334 341:335 341:337 341:338 341:339 341:340 341:351 342:351 343:351 344:351 345:351 346:351 347:351 348:351 349:351 365:355 365:356 365:357 365:358 365:359 365:371 366:371 367:371 368:371 369:371 377:371 377:375 377:380 385:380 385:391 387:391 388:391 390:391 392:391 392:393 398:393 398:394 398:396 398:397 398:405 411:405 411:406 411:420 412:420 413:420 417:420 442:432 442:433 442:436 442:437 442:438 442:439 442:441 448:458 449:458 450:458 451:458 452:458 455:458 456:458 463:458 463:459 491:483 491:484 491:487 504:508 689:691"
"منظور (اعجاز کا ورکر)","نامعلوم مزدور عورت (ملک حمید/لطیف کا تعلق)",20,"194 345 346 347 348 349 415 416 418 468 469 505 685 693","195:193 341:350 342:350 343:350 344:350 345:350 346:350 347:350 348:350 349:350 411:420 412:420 413:420 417:420 463:473 464:473 465:473 504:507 689:682 689:697"
"منظور (اعجاز کا ورکر)","نانبائی (او جھری والا)",1,"200","195:205"
"منظور (اعجاز کا ورکر)","نسرین",21,"193 194 337 343 344 345 351 352 360 361 402 409 411 412 470","195:192 195:193 341:334 341:345 342:345 343:345 344:345 345:345 346:345 346:356 347:356 348:356 349:356 365:356 365:357 398:407 411:407 411:412 412:412 413:412 465:475"
"منظور (اعجاز کا ورکر)","نسیمہ (شعیب کی بہن)",38,"336 337 338 339 340 346 347 348 349 350 360 361 362 388 389 390 391 393 396 397 415 416 418 487 489","341:332 341:333 341:334 341:335 341:336 341:338 341:339 341:340 341:351 342:351 343:351 344:351 345:351 346:351 347:351 348:351 349:351 365:355 365:356 365:357 365:358 365:359 385:391 387:391 388:391 390:391 392:391 392:394 398:394 398:395 398:396 398:397 411:420 412:420 413:420 417:420 491:484 491:487"
"منظور (اعجاز کا ورکر)","نصیر شیخ (پارٹی امیدوار)",8,"366 367 393 394 395 398","365:367 366:367 367:367 368:367 388:398 390:398 392:398 398:398"
"منظور (اعجاز کا ورکر)","نمائر (کیمپ کا قیدی ساتھی)",1,"486","491:481"
"منظور (اعجاز کا ورکر)","وسیم بھائی (بدیع الزمان کا سالا/قرض خواہ)",18,"73 342 343 344 351 352 360 378 382 385 386 418 420 689","73:74 341:344 342:344 343:344 344:344 345:344 346:356 347:356 348:356 349:356 365:356 377:380 385:380 385:386 387:386 413:423 417:423 689:690"
"منظور (اعجاز کا ورکر)","پھاتو مراثن (ڈھولکی)",3,"353 361","348:358 349:358 365:358"
"منظور (اعجاز کا ورکر)","چاچا احمد خان راٹھور",43,"68 70 74 190 191 192 193 194 195 351 352 360 361 363 368 369 370 374 376 381 385 386 403 409 437 442 443 469 492 493 508 691","73:63 73:67 73:76 195:185 195:186 195:188 195:189 195:190 195:191 195:192 195:193 195:194 195:195 346:356 347:356 348:356 349:356 365:356 365:357 365:358 365:362 365:372 366:372 367:372 368:372 369:372 377:372 377:375 377:385 385:385 387:385 398:408 411:408 442:432 442:443 443:443 444:443 464:474 465:474 491:493 494:493 504:512 689:694"
"منظور (اعجاز کا ورکر)","چنبیلی (گھوڑی)",1,"70","73:68"
"منظور (اعجاز کا ورکر)","چوہدری ارشد (یونین رہنما)",2,"365","365:365 366:365"
"منظور (اعجاز کا ورکر)","چوہدری اظہر (ایس ایچ او نور پور)",20,"345 346 347 348 349 446 447 448 449 450 452 454","341:350 342:350 343:350 344:350 345:350 346:350 347:350 348:350 349:350 442:450 443:450 444:450 447:450 448:450 449:450 450:450 451:450 451:453 452:453 455:453"
"منظور (اعجاز کا ورکر)","چوہدری شدا",3,"365 366","365:366 366:366 367:366"
"منظور (اعجاز کا ورکر)","ڈاکٹر (کریم بخش کا بیٹا)",23,"451 452 453 455 460 463 464 496 497 502 503 505 685 686 687 692","447:455 448:455 449:455 450:455 451:455 452:455 455:455 456:455 456:464 463:464 464:464 465:464 491:501 494:501 504:501 504:502 504:507 689:681 689:682 689:683 689:684 689:685 689:695"
"منظور (اعجاز کا ورکر)","ڈاکٹر احسان الحق (پُل کھنگر)",1,"507","504:510"
"منظور (اعجاز کا ورکر)","ڈاکٹر سعد اللہ خان (کنسلٹنٹ کارڈیالوجسٹ)",1,"692","689:695"
"منظور (اعجاز کا ورکر)","ڈاکٹر عرفان (ڈیوٹی ڈاکٹر آئی سی یو)",1,"692","689:695"
"منظور (اعجاز کا ورکر)","کریم راٹھور",1,"508","504:512"
"منظور (اعجاز کا ورکر)","کنیز",12,"193 194 195 380 384 460 464 465 689","195:192 195:193 195:194 195:195 377:383 385:383 455:465 456:465 463:465 464:465 465:465 689:689"
"منظور (اعجاز کا ورکر)","کیپٹن اسرار",5,"351 352 360","346:356 347:356 348:356 349:356 365:356"
"منظور (اعجاز کا ورکر)","کیپٹن دلاور",2,"336 337","341:331 341:333"
"منظور (اعجاز کا ورکر)","گل افروز خان",23,"345 346 347 348 349 362 367 368 369 373 374 380 384 413 414 416","341:350 342:350 343:350 344:350 345:350 346:350 347:350 348:350 349:350 365:360 365:369 366:369 367:369 368:369 369:369 377:369 377:372 377:384 385:384 411:416 412:416 413:416 417:416"
"منظور (اعجاز کا ورکر)","ہکیم حاذق",1,"504","504:505"
"منظور (اعجاز کا ورکر)","یعقوب اعوان",24,"68 69 70 71 72 73 370 371 372 376 381 385 386 437 492 493 494 499","73:63 73:64 73:65 73:66 73:67 73:68 73:70 73:71 73:72 73:73 365:375 366:375 367:375 368:375 369:375 377:375 377:385 385:385 387:385 442:432 491:493 494:493 494:494 504:494"
"منیر میکنک","میاں انتظار حسین (ایڈووکیٹ ہائی کورٹ)",1,"589","588:591"
"منیر میکنک","میجر صدیق",3,"476 480 583","472:481 480:481 588:579"
"منیر میکنک","میجر/کیپٹن سرفراز اعوان",4,"481 583 588","480:483 588:578 588:579 588:589"
"منیر میکنک","نامعلوم مزدور عورت (ملک حمید/لطیف کا تعلق)",7,"471 472 476 477 586 593","470:473 472:473 480:473 480:475 588:584 588:585 588:598"
"منیر میکنک","نسرین",4,"472 473 477 588","470:475 472:475 480:475 588:589"
"منیر میکنک","نسیمہ (شعیب کی بہن)",4,"482 583 588","480:484 588:578 588:579 588:589"
"منیر میکنک","نمائر (کیمپ کا قیدی ساتھی)",4,"476 480 583","472:481 480:481 588:578 588:579"
"منیر میکنک","چاچا احمد خان راٹھور",4,"472 473 477 588","470:474 472:474 480:474 588:588"
"منیر میکنک","چوہدری اظہر (ایس ایچ او نور پور)",5,"584 585 586","588:581 588:582 588:583 588:584 588:585"
"منیر میکنک","ڈاکٹر (کریم بخش کا بیٹا)",1,"467","470:464"
"منیر میکنک","کنیز",10,"467 470 471 472 476 477 478 586","470:465 470:470 472:470 472:473 480:473 480:474 480:475 480:476 480:477 588:585"
"منیر میکنک","کیپٹن جمال",1,"588","588:589"
"مولوی فقیر الدین","میجر/کیپٹن سرفراز اعوان",14,"97 99 100 101 102 103 115 116 117 118","102:92 102:93 102:96 102:99 102:100 102:101 102:102 103:102 103:103 117:113 117:116 117:117 118:117 118:119"
"مولوی فقیر الدین","نامعلوم مزدور عورت (ملک حمید/لطیف کا تعلق)",12,"97 101 102 104 113 114 115 116 118 119","102:92 102:100 102:102 103:102 103:106 117:109 117:110 117:111 117:113 117:115 117:120 118:120"
"مولوی فقیر الدین","نسرین",2,"116","117:115 117:116"
"مولوی فقیر الدین","وسیم بھائی (بدیع الزمان کا سالا/قرض خواہ)",3,"105 106 113","102:109 103:109 117:109"
"مولوی فقیر الدین","چاچا احمد خان راٹھور",9,"102 103 112 116 117 118","102:102 103:102 103:103 117:107 117:115 117:116 117:117 118:117 118:118"
"مولوی فقیر الدین","چوہدری اظہر (ایس ایچ او نور پور)",3,"107 114","102:112 103:112 117:112"
"مولوی فقیر الدین","ڈاکٹر (کریم بخش کا بیٹا)",4,"105 106 113 114","102:109 103:109 117:109 117:112"
"مولوی فقیر الدین","کنیز",7,"102 103 113 114 118 119","102:103 103:103 117:109 117:110 117:112 117:120 118:120"
"مولوی فقیر الدین","یعقوب اعوان",1,"101","102:101"
"میاں انتظار حسین (ایڈووکیٹ ہائی کورٹ)","میجر/کیپٹن سرفراز اعوان",51,"7 8 9 10 11 13 80 82 83 84 85 437 439 440 441 549 550 551 552 553 557 558 559 590 591 616 617 618 619 688 726 727 728 731","12:2 12:3 12:4 12:5 12:6 12:8 12:9 12:11 12:14 85:75 85:79 85:81 85:82 85:83 85:86 442:432 442:433 442:436 442:437 442:438 442:439 442:441 554:544 554:545 554:546 554:547 554:548 554:549 554:550 554:552 554:560 556:560 559:560 591:589 591:590 591:591 621:611 621:612 621:613 621:614 621:615 621:616 621:617 621:618 685:691 731:721 731:722 731:723 731:724 731:725 731:732"
"میاں انتظار حسین (ایڈووکیٹ ہائی کورٹ)","نامعلوم مزدور عورت (ملک حمید/لطیف کا تعلق)",13,"14 86 556 557 558 559 587 588 594 677 680 683 727","12:16 85:87 554:558 556:558 559:558 559:560 591:584 591:585 591:598 673:682 678:682 685:682 731:723"
"میاں انتظار حسین (ایڈووکیٹ ہائی کورٹ)","نانبائی (او جھری والا)",4,"673 675 678 681","668:678 673:678 678:678 685:678"
"میاں انتظار حسین (ایڈووکیٹ ہائی کورٹ)","نسرین",16,"7 8 10 11 13 590 591 616 617 618 619 735","12:2 12:4 12:9 12:11 12:15 591:589 591:590 591:592 621:611 621:612 621:613 621:614 621:615 621:616 621:617 731:739"
"میاں انتظار حسین (ایڈووکیٹ ہائی کورٹ)","نسیمہ (شعیب کی بہن)",18,"549 550 551 552 553 557 558 559 590 594 726 727 735","554:544 554:545 554:546 554:547 554:548 554:549 554:550 554:552 554:560 556:560 559:560 591:589 591:590 591:598 731:721 731:722 731:724 731:739"
"میاں انتظار حسین (ایڈووکیٹ ہائی کورٹ)","وریا م",1,"88","85:91"
"میاں انتظار حسین (ایڈووکیٹ ہائی کورٹ)","وسیم بھائی (بدیع الزمان کا سالا/قرض خواہ)",12,"9 10 14 82 85 623 624 625 627 687","12:7 12:8 12:17 85:79 85:86 621:626 622:626 624:626 625:626 628:626 628:627 685:690"
"میاں انتظار حسین (ایڈووکیٹ ہائی کورٹ)","پیر حمید الدین بلال شاہ (مرشد بلال پور شریف)",3,"8 9","12:4 12:5 12:6"
"میاں انتظار حسین (ایڈووکیٹ ہائی کورٹ)","چاچا احمد خان راٹھور",19,"80 437 442 556 557 559 589 596 620 628 629 630 632 634 689 727 732","85:76 442:432 442:443 554:559 556:559 559:559 591:588 591:601 621:619 624:633 625:633 628:633 632:633 635:633 635:634 685:694 731:723 731:724 731:734"
"میاں انتظار حسین (ایڈووکیٹ ہائی کورٹ)","چوہدری اظہر (ایس ایچ او نور پور)",8,"446 563 586 587 588 595","442:450 559:567 591:581 591:582 591:583 591:584 591:585 591:599"
"میاں انتظار حسین (ایڈووکیٹ ہائی کورٹ)","ڈاکٹر (کریم بخش کا بیٹا)",37,"16 554 555 622 623 628 630 632 633 636 638 641 642 643 644 645 646 647 648 649 650 651 652 677 679 683 684 685","12:20 554:555 556:555 621:623 622:623 624:623 624:632 625:632 628:632 632:632 635:632 635:637 639:637 639:644 641:644 642:644 645:644 645:645 646:645 646:646 647:646 647:647 648:647 648:648 649:648 649:649 651:649 651:652 652:652 653:652 673:681 678:681 685:681 685:682 685:683 685:684 685:685"
"میاں انتظار حسین (ایڈووکیٹ ہائی کورٹ)","ڈاکٹر احسان الحق (پُل کھنگر)",13,"640 642 643 645 646 647 648 649 650","635:645 639:645 641:645 642:645 645:645 646:645 646:647 647:647 648:647 648:648 649:648 649:649 651:649"
"میاں انتظار حسین (ایڈووکیٹ ہائی کورٹ)","ڈاکٹر خدابخش کھوکھر (چیف کیمسٹ)",20,"649 650 651 652 653 654 655 656 657 658 669 670 671 673 676","645:654 646:654 647:654 648:654 649:654 651:654 652:654 653:654 654:654 657:654 657:655 657:656 657:657 660:657 664:674 666:674 667:674 668:674 673:674 678:674"
"میاں انتظار حسین (ایڈووکیٹ ہائی کورٹ)","ڈاکٹر سعد اللہ خان (کنسلٹنٹ کارڈیالوجسٹ)",1,"690","685:695"
"میاں انتظار حسین (ایڈووکیٹ ہائی کورٹ)","ڈاکٹر عرفان (ڈیوٹی ڈاکٹر آئی سی یو)",1,"690","685:695"
"میاں انتظار حسین (ایڈووکیٹ ہائی کورٹ)","کامران خان (جواں سال کیمسٹ)",26,"644 645 647 648 649 650 651 652 656 657 658 660 666 667 668 669 672 673 676","639:649 641:649 642:649 645:649 646:649 647:649 648:649 649:649 651:649 651:652 652:652 653:652 653:660 654:660 657:660 660:660 661:660 661:671 663:671 664:671 666:671 667:671 668:671 673:671 673:674 678:674"
"میاں انتظار حسین (ایڈووکیٹ ہائی کورٹ)","کریم راٹھور",17,"87 622 623 624 664 665 666 667 668 670 673 676 678 681","85:89 621:624 622:624 624:624 625:624 660:668 661:668 663:668 664:668 666:668 667:668 668:668 673:668 673:674 678:674 678:678 685:678"
"میاں انتظار حسین (ایڈووکیٹ ہائی کورٹ)","کنیز",2,"588 687","591:585 685:689"
"میاں انتظار حسین (ایڈووکیٹ ہائی کورٹ)","کیپٹن اسرار",5,"13 557 558 559 728","12:14 554:560 556:560 559:560 731:726"
"میاں انتظار حسین (ایڈووکیٹ ہائی کورٹ)","کیپٹن جمال",7,"7 8 13 590 591 618 619","12:2 12:4 12:15 591:589 591:592 621:616 621:617"
"میاں انتظار حسین (ایڈووکیٹ ہائی کورٹ)","یعقوب اعوان",8,"80 81 82 437 727","85:75 85:76 85:77 85:78 85:79 85:80 442:432 731:723"
"میجر ست پال ٹھاکر (کیمپ افسرِ دشمن)","میجر/کیپٹن سرفراز اعوان",9,"775 776 777 778 779","779:771 779:772 779:773 779:774 779:775 779:776 779:777 779:778 779:779"
"میجر ست پال ٹھاکر (کیمپ افسرِ دشمن)","نامعلوم مزدور عورت (ملک حمید/لطیف کا تعلق)",1,"781","779:784"
"میجر ست پال ٹھاکر (کیمپ افسرِ دشمن)","نسرین",1,"781","779:784"
"میجر ست پال ٹھاکر (کیمپ افسرِ دشمن)","نسیمہ (شعیب کی بہن)",1,"782","779:785"
"میجر ست پال ٹھاکر (کیمپ افسرِ دشمن)","وسیم بھائی (بدیع الزمان کا سالا/قرض خواہ)",1,"780","779:781"
"میجر ست پال ٹھاکر (کیمپ افسرِ دشمن)","چاچا احمد خان راٹھور",1,"780","779:782"
"میجر ست پال ٹھاکر (کیمپ افسرِ دشمن)","کریم راٹھور",1,"780","779:782"
"میجر ست پال ٹھاکر (کیمپ افسرِ دشمن)","کیپٹن اسرار",1,"776","779:773"
"میجر ست پال ٹھاکر (کیمپ افسرِ دشمن)","کیڈٹ نواز کھوکھر",3,"774 778","779:769 779:770 779:778"
"میجر ست پال ٹھاکر (کیمپ افسرِ دشمن)","یعقوب اعوان",1,"779","779:780"
"میجر صدیق","میجر/کیپٹن سرفراز اعوان",23,"423 424 425 427 482 483 487 488 489 574 575 576 577 578 579","426:420 426:421 426:422 426:423 426:424 426:428 481:483 482:483 483:483 492:483 492:484 492:487 579:569 579:570 579:571 579:572 579:573 579:574 579:575 579:576 579:577 579:578 579:579"
"میجر صدیق","نامعلوم مزدور عورت (ملک حمید/لطیف کا تعلق)",4,"423 477 478 581","426:420 481:473 481:475 579:584"
"میجر صدیق","نسرین",2,"478 584","481:475 579:589"
"میجر صدیق","نسیمہ (شعیب کی بہن)",13,"423 482 483 488 489 575 576 577 578 579","426:420 481:484 482:484 483:484 492:484 492:487 579:571 579:573 579:574 579:575 579:576 579:578 579:579"
"میجر صدیق","نمائر (کیمپ کا قیدی ساتھی)",5,"481 577 578 579","481:481 482:481 579:576 579:578 579:579"
"میجر صدیق","وسیم بھائی (بدیع الزمان کا سالا/قرض خواہ)",1,"424","426:423"
"میجر صدیق","چاچا احمد خان راٹھور",8,"429 477 488 492 574 576 583","426:432 481:474 483:493 492:493 579:570 579:573 579:574 579:588"
"میجر صدیق","چوہدری اظہر (ایس ایچ او نور پور)",1,"580","579:581"
"میجر صدیق","ڈاکٹر (کریم بخش کا بیٹا)",1,"496","492:501"
"میجر صدیق","کنیز",6,"477 478 479 582","481:473 481:474 481:475 481:476 481:477 579:585"
"میجر صدیق","کیپٹن جمال",1,"584","579:589"
"میجر صدیق","گل افروز خان",1,"421","426:416"
"میجر صدیق","یعقوب اعوان",4,"428 488 492 576","426:430 483:493 492:493 579:574"
"میجر قدیر (ازمیر مل کا ایڈمن افسر)","میجر/کیپٹن سرفراز اعوان",3,"516 519 541","521:511 521:518 539:543"
"میجر قدیر (ازمیر مل کا ایڈمن افسر)","نامعلوم مزدور عورت (ملک حمید/لطیف کا تعلق)",1,"539","539:540"
"میجر قدیر (ازمیر مل کا ایڈمن افسر)","نسیمہ (شعیب کی بہن)",1,"541","539:543"
"میجر قدیر (ازمیر مل کا ایڈمن افسر)","وسیم بھائی (بدیع الزمان کا سالا/قرض خواہ)",4,"525 526 527 534","521:530 522:530 524:530 539:530"
"میجر قدیر (ازمیر مل کا ایڈمن افسر)","چاچا احمد خان راٹھور",1,"516","521:512"
"میجر قدیر (ازمیر مل کا ایڈمن افسر)","ڈاکٹر (کریم بخش کا بیٹا)",8,"516 520 523 524 525 535 536","521:512 521:520 521:526 522:526 524:526 539:531 539:533 539:534"
"میجر قدیر (ازمیر مل کا ایڈمن افسر)","ڈاکٹر احسان الحق (پُل کھنگر)",6,"520 526 527 535 536","521:520 521:531 522:531 524:531 539:531 539:534"
"میجر قدیر (ازمیر مل کا ایڈمن افسر)","ڈاکٹر خدابخش کھوکھر (چیف کیمسٹ)",3,"521 539","521:521 522:521 539:539"
"میجر قدیر (ازمیر مل کا ایڈمن افسر)","کریم راٹھور",6,"516 522 523 524 539","521:512 521:523 522:523 524:523 524:524 539:539"
"میجر قدیر (ازمیر مل کا ایڈمن افسر)","کنیز",1,"539","539:540"
"میجر/کیپٹن سرفراز اعوان","نامعلوم مزدور عورت (ملک حمید/لطیف کا تعلق)",144,"1 11 12 13 15 16 17 18 19 20 29 33 34 42 43 55 58 59 83 84 85 86 87 88 90 91 92 96 98 99 100 101 102 104 109 111 112 113 114 115 118 119 128 129 130 132 152 155 193 197 206 207 208 209 210 211 213 214 215 216 218 345 350 352 353 354 420 478 479 507 541 553 554 555 559 560 579 580 581 586 587 593 594 595 596 597 598 599 686 694 695 722 723 779 780 781 782 783 784 785 786","1:1 2:1 6:16 8:16 9:16 11:16 14:16 15:16 16:16 17:16 17:17 18:17 18:18 19:18 19:19 21:19 24:34 33:34 34:34 35:34 37:47 38:47 39:47 40:47 60:51 60:56 60:58 79:87 81:87 82:87 83:87 86:87 87:87 88:87 88:88 89:88 89:92 90:92 91:92 92:92 93:92 93:100 96:100 99:100 100:100 101:100 101:102 102:102 103:102 103:106 113:106 113:109 113:110 113:111 113:113 116:113 116:115 116:120 117:120 119:120 131:126 131:128 131:130 131:134 156:148 156:154 156:155 193:193 202:193 202:211 204:211 205:211 207:211 208:211 209:211 211:211 212:211 212:215 213:215 214:215 215:215 216:215 216:217 220:217 340:350 351:350 351:354 353:354 354:354 355:354 420:420 421:420 483:473 483:475 508:507 543:540 548:558 549:558 550:558 552:558 560:558 560:560 561:560 574:584 575:584 576:584 577:584 578:584 579:584 589:584 589:585 589:598 590:598 591:598 592:598 593:598 594:598 595:598 596:598 597:598 598:598 600:598 691:682 691:697 693:697 721:723 722:723 723:723 724:723 774:784 775:784 776:784 777:784 778:784 779:784 781:784 782:784 783:784 784:784 785:784 785:785 786:785 786:786 787:786"
"میجر/کیپٹن سرفراز اعوان","نانبائی (او جھری والا)",11,"203 204 205 206 207 208 209 210","202:205 204:205 205:205 207:205 207:206 207:207 208:207 208:208 209:208 209:209 211:209"
"میجر/کیپٹن سرفراز اعوان","نسرین",166,"1 2 3 4 7 8 9 10 11 12 14 15 17 18 19 20 24 25 26 30 31 33 34 39 40 41 42 55 114 115 116 164 167 168 169 170 174 175 177 192 193 197 212 213 214 215 216 218 245 248 249 250 251 329 330 331 332 333 334 340 341 342 348 353 354 355 356 357 402 406 416 479 584 589 590 591 592 595 596 597 598 599 600 601 604 609 611 612 613 614 615 616 617 735 737 738 739 740 741 743 745 746 779 780 781 782 783 784 785 786","1:1 2:1 2:2 3:2 3:4 4:4 5:4 5:9 6:9 8:9 9:9 11:9 11:11 14:11 14:15 15:15 16:15 16:18 17:18 18:18 19:18 19:19 21:19 21:28 22:28 23:28 24:28 33:28 33:29 33:34 34:34 35:34 35:44 36:44 37:44 38:44 39:44 40:44 60:51 113:115 116:115 116:116 117:116 160:169 165:169 166:169 168:169 169:169 171:169 171:178 173:178 176:178 177:178 193:192 193:193 202:193 207:217 208:217 209:217 211:217 212:217 213:217 214:217 215:217 216:217 220:217 240:250 247:250 249:250 250:250 252:250 324:334 325:334 326:334 327:334 328:334 330:334 331:334 332:334 333:334 334:334 335:334 335:345 337:345 338:345 339:345 340:345 351:345 351:356 353:356 354:356 355:356 356:356 357:356 357:357 358:357 397:407 405:407 406:407 420:412 483:475 579:589 589:589 590:589 590:590 591:590 591:592 592:592 593:592 593:597 594:597 595:597 596:597 597:597 598:597 598:598 600:598 600:600 601:600 601:601 602:601 602:607 611:607 611:611 612:611 612:612 613:612 613:613 614:613 614:614 615:614 615:615 616:615 616:616 617:616 617:617 618:617 732:739 736:739 737:739 738:739 739:739 740:739 740:741 741:741 742:741 742:745 745:745 746:745 746:746 747:746 774:784 775:784 776:784 777:784 778:784 779:784 781:784 782:784 783:784 784:784 785:784 785:785 786:785 786:786 787:786"
"میجر/کیپٹن سرفراز اعوان","نسیمہ (شعیب کی بہن)",189,"281 282 286 311 312 313 314 315 316 318 319 320 321 322 323 324 326 327 328 329 330 331 332 333 334 335 336 337 338 339 340 351 352 353 354 355 356 357 358 359 391 392 393 394 395 396 397 401 420 483 484 485 487 543 544 545 546 547 548 549 550 551 552 556 560 561 562 563 564 568 569 570 571 572 573 574 575 576 577 578 579 584 589 590 594 595 596 597 598 599 721 722 723 724 735 737 738 739 740 741 742 743 745 746 750 751 752 753 754 755 756 757 780 781 782 783 784 785","277:286 279:286 287:286 306:316 307:316 308:316 309:316 310:316 311:316 312:316 313:316 314:316 315:316 316:316 317:316 317:319 318:319 319:319 320:319 320:320 321:320 321:321 322:321 322:323 323:323 324:323 324:324 325:324 325:328 326:328 327:328 328:328 330:328 330:329 330:330 331:330 331:332 332:332 333:332 333:333 334:333 334:334 335:334 335:335 337:335 337:336 337:338 338:338 339:338 339:339 340:339 340:340 351:351 353:351 353:353 354:353 354:354 355:354 355:355 356:355 356:356 357:356 357:357 358:357 358:358 359:358 359:359 391:391 393:391 393:394 394:394 396:394 396:395 396:396 397:396 397:397 405:397 420:420 421:420 483:484 484:484 487:484 487:487 543:543 544:543 544:544 545:544 545:545 546:545 546:546 547:546 547:547 548:547 548:548 549:548 549:549 550:549 550:550 552:550 552:552 560:552 560:560 561:560 561:561 562:561 562:562 563:562 563:563 565:563 565:571 566:571 567:571 568:571 569:571 570:571 571:571 572:571 572:573 573:573 574:573 574:574 575:574 575:575 576:575 576:576 577:576 577:578 578:578 579:578 579:579 589:579 589:589 590:589 590:590 591:590 591:598 592:598 593:598 594:598 595:598 596:598 597:598 598:598 600:598 721:721 722:721 722:722 723:722 723:724 724:724 725:724 732:739 736:739 737:739 738:739 739:739 740:739 740:740 741:740 741:742 742:742 745:742 745:746 746:746 747:746 747:753 748:753 749:753 750:753 751:753 752:753 753:753 754:753 754:754 755:754 755:756 756:756 758:756 775:785 776:785 777:785 778:785 779:785 781:785 782:785 783:785 784:785 785:785 786:785"
"میجر/کیپٹن سرفراز اعوان","نصیر شیخ (پارٹی امیدوار)",10,"362 363 369 394 395 396 397 401","357:367 358:367 359:367 371:367 391:398 393:398 394:398 396:398 397:398 405:398"
"میجر/کیپٹن سرفراز اعوان","نمائر (کیمپ کا قیدی ساتھی)",18,"482 571 572 573 574 575 576 577 578 579 584","483:481 566:576 567:576 568:576 569:576 570:576 571:576 572:576 573:576 574:576 575:576 576:576 577:576 577:578 578:578 579:578 579:579 589:579"
"میجر/کیپٹن سرفراز اعوان","نیلی (بھینس)",4,"43 44 698","38:48 39:48 40:48 693:703"
"میجر/کیپٹن سرفراز اعوان","وریا م",10,"86 87 88 89 90 91","81:91 82:91 83:91 86:91 87:91 88:91 89:91 90:91 91:91 92:91"
"میجر/کیپٹن سرفراز اعوان","وسیم بھائی (بدیع الزمان کا سالا/قرض خواہ)",131,"4 5 6 7 8 13 14 15 16 17 22 23 24 25 29 30 34 35 37 38 43 44 59 71 72 74 77 79 80 83 84 86 104 105 106 111 133 178 179 180 188 276 278 279 283 339 340 341 342 347 353 354 355 356 375 377 380 388 421 422 423 601 602 603 604 608 621 622 690 716 741 742 743 744 745 746 776 777 778 779 780 781 787 788 789 790 791 792","1:7 2:7 3:7 4:7 5:7 6:7 8:7 8:8 9:8 9:17 11:17 14:17 15:17 16:17 17:17 18:17 18:26 19:26 21:26 22:26 23:26 24:26 33:26 33:28 33:35 34:35 35:35 36:35 36:38 37:38 38:38 39:38 39:48 40:48 60:59 68:74 69:74 70:74 71:74 74:74 75:74 75:79 79:79 81:79 81:86 82:86 83:86 86:86 87:86 99:109 100:109 101:109 102:109 103:109 113:109 131:136 173:183 176:183 177:183 193:183 273:279 274:279 277:279 279:279 287:279 334:344 335:344 337:344 338:344 339:344 340:344 351:344 351:356 353:356 354:356 355:356 356:356 357:356 371:380 375:380 380:380 391:386 420:423 421:423 422:423 423:423 424:423 596:606 597:606 598:606 600:606 601:606 602:606 611:606 616:626 617:626 618:626 691:690 721:711 736:746 737:746 738:746 739:746 740:746 741:746 742:746 745:746 746:746 747:746 771:781 772:781 773:781 774:781 775:781 776:781 777:781 778:781 779:781 781:781 782:781 782:792 783:792 784:792 785:792 786:792 787:792 788:792 789:792 790:792 791:792 792:792"
"میجر/کیپٹن سرفراز اعوان","پروفیسر میر صاحب",13,"217 218 219 221 226 243 244 247 248 249","212:222 213:222 214:222 215:222 216:222 220:222 231:222 238:248 240:248 247:248 249:248 249:249 250:249"
"میجر/کیپٹن سرفراز اعوان","پھاتو مراثن (ڈھولکی)",8,"354 355 356 357 358","351:358 353:358 354:358 355:358 356:358 357:358 358:358 359:358"
"میجر/کیپٹن سرفراز اعوان","پیر حمید الدین بلال شاہ (مرشد بلال پور شریف)",40,"2 3 4 5 6 7 29 33 34 159 161 163 752 753 754 755 756 757 786 787 788 789 790 791","1:4 2:4 3:4 4:4 5:4 5:5 6:5 6:6 8:6 24:34 33:34 34:34 35:34 156:162 157:162 160:162 165:162 747:757 748:757 749:757 750:757 751:757 752:757 753:757 754:757 755:757 756:757 758:757 781:791 782:791 783:791 784:791 785:791 786:791 787:791 788:791 789:791 790:791 791:791 792:791"
"میجر/کیپٹن سرفراز اعوان","چاچا احمد خان راٹھور",342,"18 19 20 21 22 23 34 35 36 37 38 44 58 61 62 65 67 72 73 75 77 97 99 100 101 102 103 108 109 110 114 115 116 117 118 119 126 127 129 131 151 152 154 158 160 162 163 164 165 166 167 168 169 170 171 172 173 174 175 176 177 188 189 190 191 192 193 197 198 199 200 201 202 203 204 205 206 207 208 209 210 211 212 214 215 216 218 219 220 227 228 231 234 236 237 238 239 240 244 245 246 247 248 249 250 251 252 263 270 271 274 276 277 278 279 283 287 288 289 291 292 296 300 301 302 311 312 313 314 315 316 317 353 354 355 356 357 358 360 366 371 373 375 377 382 388 406 407 427 428 430 431 432 438 439 440 441 442 478 488 490 510 511 515 554 555 559 563 564 565 566 567 569 570 572 573 574 583 588 596 597 598 599 600 601 602 606 607 608 609 610 615 616 617 618 692 693 722 723 724 729 733 735 737 738 739 749 750 751 752 753 754 755 756 757 777 778 779 780 781 782 784 785 786 787","14:23 15:23 16:23 17:23 18:23 19:23 21:23 22:23 23:23 24:23 33:36 34:36 35:36 36:36 37:36 37:38 38:38 39:38 39:49 40:49 60:57 60:63 61:63 68:63 68:67 68:76 69:76 70:76 71:76 74:76 75:76 79:76 92:102 93:102 96:102 99:102 100:102 101:102 102:102 103:102 103:103 113:103 113:105 113:106 113:107 113:115 116:115 116:116 117:116 117:117 119:117 119:118 119:119 131:121 131:122 131:123 131:128 131:131 156:146 156:147 156:148 156:149 156:152 156:160 157:160 160:160 165:160 165:162 165:163 165:164 165:165 166:165 166:166 168:166 168:167 168:168 169:168 169:169 171:169 171:170 171:171 173:171 173:172 173:173 176:173 176:174 176:175 176:176 177:176 177:177 193:184 193:185 193:186 193:188 193:189 193:190 193:191 193:192 193:193 202:193 202:194 202:195 202:196 202:197 202:198 202:199 202:200 202:202 204:202 204:203 204:204 205:204 205:205 207:205 207:206 207:207 208:207 208:208 209:208 209:209 211:209 211:210 211:212 212:212 213:212 213:216 214:216 215:216 216:216 220:216 220:217 220:218 220:220 231:223 231:225 231:231 238:231 238:234 238:236 238:238 240:238 240:241 247:241 247:242 247:243 247:244 247:245 247:246 247:248 249:248 249:249 250:249 250:250 252:250 252:252 264:262 264:263 265:275 266:275 267:275 273:275 274:275 277:275 277:276 277:277 279:277 279:278 279:279 287:279 287:287 288:287 288:288 289:288 289:290 292:290 292:292 300:292 300:300 301:300 301:301 302:301 302:302 303:302 306:316 307:316 308:316 309:316 310:316 311:316 312:316 313:316 314:316 315:316 316:316 317:316 317:317 318:317 351:356 353:356 354:356 355:356 356:356 357:356 357:357 358:357 358:358 359:358 359:362 371:362 371:372 375:372 375:375 380:375 380:385 391:385 405:408 406:408 422:432 423:432 424:432 428:432 430:432 431:432 432:432 433:432 433:443 436:443 437:443 438:443 439:443 441:443 483:474 483:493 484:493 487:493 508:512 509:512 510:512 511:512 518:512 549:559 550:559 552:559 560:559 560:566 561:566 562:566 563:566 565:566 566:566 567:566 567:567 568:567 568:570 569:570 570:570 571:570 571:573 572:573 573:573 574:573 574:574 575:574 578:588 579:588 589:588 591:601 592:601 593:601 594:601 595:601 596:601 597:601 598:601 600:601 601:601 602:601 602:602 611:602 611:603 611:604 611:605 611:607 611:608 611:609 611:619 612:619 613:619 614:619 615:619 616:619 617:619 618:619 691:694 693:694 721:723 722:723 723:723 724:723 724:724 725:724 725:734 732:734 736:734 736:739 737:739 738:739 739:739 740:739 745:754 746:754 747:754 748:754 749:754 750:754 751:754 752:754 753:754 754:754 755:754 755:755 756:755 756:757 758:757 772:782 773:782 774:782 775:782 776:782 777:782 778:782 779:782 781:782 782:782 783:782 783:785 784:785 785:785 786:785 786:787 787:787 788:787"
"میجر/کیپٹن سرفراز اعوان","چنبیلی (گھوڑی)",10,"40 41 42 64 68","35:45 36:45 37:45 38:45 39:45 40:45 60:68 61:68 68:68 69:68"
"میجر/کیپٹن سرفراز اعوان","چوہدری ارشد (یونین رہنما)",6,"360 361 362 368","355:365 356:365 357:365 358:365 359:365 371:365"
"میجر/کیپٹن سرفراز اعوان","چوہدری اظہر (ایس ایچ او نور پور)",65,"58 107 112 133 153 297 301 302 345 350 445 454 455 563 564 565 566 567 576 577 578 579 580 585 586 587 594 595 596 597 598 599 603 604 608 609 753 754 755 756 757 758","60:57 102:112 103:112 113:112 131:136 156:151 292:302 300:302 301:302 302:302 303:302 340:350 351:350 441:450 458:450 458:453 560:567 561:567 562:567 563:567 565:567 566:567 567:567 568:567 571:581 572:581 573:581 574:581 575:581 576:581 577:581 578:581 579:581 589:581 589:582 589:583 589:584 589:585 589:599 590:599 591:599 592:599 593:599 594:599 595:599 596:599 597:599 598:599 600:599 600:606 601:606 602:606 611:606 611:607 748:758 749:758 750:758 751:758 752:758 753:758 754:758 755:758 756:758 758:758 759:758"
"میجر/کیپٹن سرفراز اعوان","چوہدری اللہ داد خان",5,"252 253 254 260","247:257 249:257 250:257 252:257 264:257"
"میجر/کیپٹن سرفراز اعوان","چوہدری شدا",5,"361 362 368","356:366 357:366 358:366 359:366 371:366"
"میجر/کیپٹن سرفراز اعوان","ڈاکٹر (کریم بخش کا بیٹا)",77,"15 17 18 19 20 56 58 59 104 105 106 111 112 131 212 213 214 215 216 218 456 461 504 505 507 508 509 510 511 515 519 538 550 551 552 553 557 618 619 620 686 687 688 693 694 762 763 764 765 766 767","11:20 14:20 15:20 16:20 17:20 18:20 19:20 21:20 60:52 60:57 60:58 99:109 100:109 101:109 102:109 103:109 113:109 113:112 131:131 207:217 208:217 209:217 211:217 212:217 213:217 214:217 215:217 216:217 220:217 458:455 458:464 459:464 508:501 508:502 508:507 508:509 509:509 510:509 510:510 511:510 511:512 518:512 518:520 543:533 543:534 545:555 546:555 547:555 548:555 549:555 550:555 552:555 560:555 613:623 614:623 615:623 616:623 617:623 618:623 691:681 691:682 691:683 691:684 691:685 691:695 693:695 758:767 759:767 760:767 761:767 762:767 763:767 764:767 765:767 766:767 767:767 768:767"
"میجر/کیپٹن سرفراز اعوان","ڈاکٹر احسان الحق (پُل کھنگر)",7,"509 510 515 519 538","508:510 509:510 510:510 511:510 511:520 518:520 543:534"
"میجر/کیپٹن سرفراز اعوان","ڈاکٹر خدابخش کھوکھر (چیف کیمسٹ)",3,"516 519 541","511:521 518:521 543:539"
"میجر/کیپٹن سرفراز اعوان","ڈاکٹر سعد اللہ خان (کنسلٹنٹ کارڈیالوجسٹ)",2,"693 694","691:695 693:695"
"میجر/کیپٹن سرفراز اعوان","ڈاکٹر عرفان (ڈیوٹی ڈاکٹر آئی سی یو)",2,"693 694","691:695 693:695"
"میجر/کیپٹن سرفراز اعوان","کریم راٹھور",42,"84 85 86 87 88 89 264 510 511 515 520 541 619 620 621 720 777 778 779 780 781 782 784 785 786 787","79:89 81:89 82:89 83:89 86:89 87:89 88:89 89:89 90:89 264:264 265:264 508:512 509:512 510:512 511:512 518:512 518:523 543:539 614:624 615:624 616:624 617:624 618:624 721:719 772:782 773:782 774:782 775:782 776:782 777:782 778:782 779:782 781:782 782:782 783:782 783:786 784:786 785:786 786:786 787:786 787:787 788:787"
"میجر/کیپٹن سرفراز اعوان","کلونت کور",20,"22 23 24 25 30 37 38 39 40 56 57","17:27 18:27 19:27 21:27 22:27 23:27 24:27 33:27 33:28 33:41 34:41 35:41 36:41 37:41 38:41 39:41 40:41 60:53 60:54 60:55"
"میجر/کیپٹن سرفراز اعوان","کنیز",66,"98 99 101 102 103 108 111 112 116 118 119 126 130 131 152 153 154 155 156 158 160 162 164 192 193 197 198 200 201 211 212 213 214 215 216 218 379 381 387 461 462 478 479 480 541 580 581 582 587 690","93:103 96:103 99:103 100:103 101:103 102:103 103:103 113:103 113:109 113:110 113:112 113:120 116:120 117:120 119:120 131:121 131:122 131:130 131:132 156:148 156:151 156:153 156:154 156:155 156:156 157:156 157:160 160:160 165:160 165:163 193:192 193:193 202:193 202:194 202:195 202:199 202:200 207:216 208:216 209:216 211:216 212:216 213:216 214:216 215:216 216:216 220:216 220:217 375:383 380:383 391:383 458:465 459:465 483:473 483:474 483:475 483:476 483:477 543:540 575:585 576:585 577:585 578:585 579:585 589:585 691:689"
"میجر/کیپٹن سرفراز اعوان","کو چوہا (چوکیدار/کھیت میں سونے والا)",4,"253 254 255 261","249:258 250:258 252:258 264:258"
"میجر/کیپٹن سرفراز اعوان","کیپٹن اسد اللہ",5,"279 280 281 285 286","274:284 277:284 279:284 287:284 287:285"
"میجر/کیپٹن سرفراز اعوان","کیپٹن اسرار",38,"9 10 11 12 14 29 33 34 353 354 355 356 555 556 560 723 724 725 729 768 769 770 772 773","4:14 5:14 6:14 8:14 9:14 11:14 14:14 15:14 24:34 33:34 34:34 35:34 351:356 353:356 354:356 355:356 356:356 357:356 550:560 552:560 560:560 561:560 721:726 722:726 723:726 724:726 725:726 732:726 763:773 764:773 765:773 766:773 767:773 768:773 771:773 772:773 773:773 774:773"
"میجر/کیپٹن سرفراز اعوان","کیپٹن جمال",53,"1 2 3 4 10 11 12 13 14 15 16 17 18 19 20 277 278 279 280 284 286 584 589 591 592 595 596 597 598 599 613 614 615 616 617","1:1 2:1 2:2 3:2 3:4 4:4 5:4 5:15 6:15 8:15 9:15 11:15 14:15 15:15 16:15 16:16 17:16 17:17 18:17 18:18 19:18 19:19 21:19 273:282 274:282 277:282 279:282 287:282 287:286 579:589 589:589 590:589 590:592 591:592 592:592 593:592 593:597 594:597 595:597 596:597 597:597 598:597 598:598 600:598 611:616 612:616 613:616 614:616 615:616 616:616 617:616 617:617 618:617"
"میجر/کیپٹن سرفراز اعوان","کیپٹن دلاور",36,"307 308 309 310 311 312 317 318 319 320 321 322 327 328 329 330 331 332 333","302:312 303:312 304:312 305:312 306:312 307:312 308:312 309:312 310:312 311:312 312:312 313:312 313:321 314:321 315:321 316:321 317:321 318:321 319:321 320:321 321:321 322:321 322:322 323:322 323:331 324:331 325:331 326:331 327:331 328:331 330:331 331:331 332:331 332:333 333:333 334:333"
"میجر/کیپٹن سرفراز اعوان","کیڈٹ حبیب اللہ",4,"281 282 286","277:285 279:285 287:285 287:286"
"میجر/کیپٹن سرفراز اعوان","کیڈٹ مجید اللہ",7,"292 293 294 298 299","287:297 288:297 289:297 292:297 300:297 300:298 300:299"
"میجر/کیپٹن سرفراز اعوان","کیڈٹ نواز کھوکھر",21,"764 765 766 767 768 770 774 775 776 777 778","759:769 760:769 761:769 762:769 763:769 764:769 765:769 766:769 767:769 768:769 771:769 771:770 771:778 772:778 773:778 774:778 775:778 776:778 777:778 778:778 779:778"
"میجر/کیپٹن سرفراز اعوان","گل افروز خان",32,"256 262 263 276 278 279 283 287 288 345 350 351 352 353 357 358 359 370 371 373 379 382 387 411 418","252:261 264:261 264:262 264:263 273:279 274:279 277:279 279:279 287:279 287:288 288:288 289:288 340:350 351:350 351:351 353:351 353:353 354:353 354:360 355:360 356:360 357:360 358:360 359:360 371:369 371:372 375:372 375:384 380:384 391:384 406:416 420:416"
"میجر/کیپٹن سرفراز اعوان","ہکیم حاذق",3,"506 507","508:505 508:506 508:507"
"میجر/کیپٹن سرفراز اعوان","یعقوب اعوان",156,"19 20 21 22 23 24 28 29 30 32 34 35 36 39 40 55 56 58 59 61 62 65 66 67 68 69 70 71 72 73 74 75 77 78 79 80 96 97 98 100 101 160 162 164 232 236 238 239 272 275 277 278 301 302 303 304 305 309 310 311 312 313 373 375 377 382 388 425 426 427 429 430 431 432 488 490 569 570 571 572 573 574 722 723 775 776 777 778 779 780 784 785 786 787 790 791 792","14:24 15:24 16:24 17:24 18:24 19:24 21:24 22:24 23:24 24:24 33:24 33:26 33:27 33:28 33:32 33:35 34:35 35:35 36:35 36:36 37:36 37:41 38:41 39:41 40:41 60:50 60:51 60:52 60:53 60:56 60:57 60:58 60:59 60:63 61:63 68:63 68:64 68:65 68:66 68:67 68:68 69:68 69:70 70:70 71:70 71:71 74:71 74:72 74:73 74:74 75:74 75:75 79:75 79:76 79:77 79:78 79:79 81:79 81:80 91:101 92:101 93:101 96:101 99:101 100:101 101:101 102:101 156:164 157:164 160:164 165:164 231:234 238:234 238:235 238:239 240:239 267:277 273:277 274:277 277:277 279:277 300:303 301:303 302:303 303:303 304:303 304:304 305:304 305:305 306:305 306:313 307:313 308:313 309:313 310:313 311:313 312:313 313:313 314:313 371:375 375:375 380:375 380:385 391:385 420:430 421:430 422:430 423:430 424:430 428:430 430:430 431:430 431:432 432:432 433:432 483:493 484:493 487:493 565:574 566:574 567:574 568:574 569:574 570:574 571:574 572:574 573:574 574:574 575:574 721:723 722:723 723:723 724:723 771:780 772:780 773:780 774:780 775:780 776:780 777:780 778:780 779:780 781:780 781:787 782:787 783:787 784:787 785:787 786:787 787:787 788:787 788:792 789:792 790:792 791:792 792:792"
"نامعلوم مزدور عورت (ملک حمید/لطیف کا تعلق)","نانبائی (او جھری والا)",6,"208 209 210 680","211:205 211:206 211:207 211:208 211:209 682:678"
"نامعلوم مزدور عورت (ملک حمید/لطیف کا تعلق)","نسرین",48,"1 12 13 15 17 18 19 31 34 45 46 49 51 53 110 112 113 114 115 117 118 192 193 214 216 217 347 353 355 416 474 475 586 587 593 594 595 597 598 784 785 786","1:1 16:9 16:11 16:15 16:18 17:18 18:18 19:18 19:19 34:28 34:29 34:34 47:44 47:46 47:51 51:51 56:51 106:115 109:115 110:115 111:115 113:115 115:115 120:115 120:116 193:192 193:193 211:217 215:217 217:217 350:345 350:356 354:356 420:412 473:475 475:475 584:589 585:589 598:589 598:590 598:592 598:597 598:598 784:784 785:784 785:785 786:785 786:786"
"نامعلوم مزدور عورت (ملک حمید/لطیف کا تعلق)","نسیمہ (شعیب کی بہن)",30,"345 350 352 353 354 420 479 541 553 554 555 559 560 579 580 581 586 587 593 594 598 722 723 784 785","350:340 350:351 354:351 354:353 354:354 420:420 475:484 540:543 558:548 558:549 558:550 558:552 558:560 560:560 584:574 584:575 584:576 584:578 584:579 584:589 585:589 598:589 598:590 598:598 723:721 723:722 723:724 784:785 785:785 786:785"
"نامعلوم مزدور عورت (ملک حمید/لطیف کا تعلق)","نمائر (کیمپ کا قیدی ساتھی)",5,"477 478 580 581","473:481 475:481 584:576 584:578 584:579"
"نامعلوم مزدور عورت (ملک حمید/لطیف کا تعلق)","نیلی (بھینس)",4,"47 49 700 701","47:48 51:48 697:703 699:703"
"نامعلوم مزدور عورت (ملک حمید/لطیف کا تعلق)","وریا م",3,"89 91","87:91 88:91 92:91"
"نامعلوم مزدور عورت (ملک حمید/لطیف کا تعلق)","وسیم بھائی (بدیع الزمان کا سالا/قرض خواہ)",43,"4 11 12 16 17 22 30 31 34 42 47 49 55 57 58 83 86 104 105 107 109 131 132 133 135 136 188 347 353 355 421 535 602 686 693 782 788 789","1:7 16:7 16:8 16:17 17:17 18:17 18:26 19:26 34:26 34:28 34:35 47:38 47:48 51:48 51:59 56:59 58:59 87:79 87:86 100:109 102:109 106:109 109:109 110:109 126:136 128:136 130:136 134:136 136:136 137:136 193:183 350:344 350:356 354:356 420:423 540:530 598:606 682:690 697:690 784:781 784:792 785:792 786:792"
"نامعلوم مزدور عورت (ملک حمید/لطیف کا تعلق)","پروفیسر میر صاحب",2,"218 219","215:222 217:222"
"نامعلوم مزدور عورت (ملک حمید/لطیف کا تعلق)","پھاتو مراثن (ڈھولکی)",2,"354 356","350:358 354:358"
"نامعلوم مزدور عورت (ملک حمید/لطیف کا تعلق)","پیر حمید الدین بلال شاہ (مرشد بلال پور شریف)",8,"2 11 34 158 787 788","1:4 16:6 34:34 154:162 155:162 784:791 785:791 786:791"
"نامعلوم مزدور عورت (ملک حمید/لطیف کا تعلق)","چاچا احمد خان راٹھور",99,"19 20 21 35 42 48 50 54 56 57 60 97 101 102 104 105 106 107 108 112 113 114 115 117 118 119 120 123 124 127 128 129 130 132 133 138 139 140 145 147 148 151 153 157 188 189 190 191 192 193 206 207 208 209 210 211 213 215 216 217 353 355 473 474 509 558 559 563 579 586 593 599 695 698 699 723 783 784 785 786","16:23 17:23 18:23 19:23 34:36 47:38 47:49 51:49 51:57 56:57 58:57 58:63 92:102 100:102 102:102 106:102 106:103 106:105 106:106 109:106 109:107 109:115 110:115 111:115 113:115 115:115 120:115 120:116 120:117 120:118 120:119 120:120 126:120 126:121 126:122 126:123 126:128 128:128 130:128 130:131 134:131 134:133 134:143 136:143 137:143 148:143 148:146 148:147 148:148 154:148 154:149 154:152 154:160 155:160 193:184 193:185 193:186 193:188 193:189 193:190 193:191 193:192 193:193 211:202 211:203 211:204 211:205 211:206 211:207 211:208 211:209 211:210 211:212 215:212 215:216 217:216 217:217 350:356 354:356 473:474 475:474 507:512 558:559 560:559 560:566 584:574 584:588 585:588 598:588 598:601 697:694 697:700 699:700 723:723 784:782 784:785 785:785 786:785 786:787"
"نامعلوم مزدور عورت (ملک حمید/لطیف کا تعلق)","چنبیلی (گھوڑی)",4,"46 47 49 63","47:45 47:48 51:48 58:68"
"نامعلوم مزدور عورت (ملک حمید/لطیف کا تعلق)","چوہدری اظہر (ایس ایچ او نور پور)",32,"52 54 56 57 107 109 110 111 112 131 132 133 135 136 137 143 149 152 350 352 562 563 582 583 584 585 598","47:57 51:57 56:57 58:57 102:112 106:112 109:112 110:112 111:112 113:112 126:136 128:136 130:136 134:136 136:136 137:136 137:137 148:138 148:139 148:151 154:151 350:350 354:350 558:567 560:567 584:581 584:582 584:583 584:584 585:584 585:585 598:599"
"نامعلوم مزدور عورت (ملک حمید/لطیف کا تعلق)","ڈاکٹر (کریم بخش کا بیٹا)",41,"18 19 49 51 54 56 57 58 104 105 107 109 111 112 128 129 130 132 214 216 217 468 504 507 535 536 537 556 681 682 696 697 698 699","16:20 17:20 18:20 19:20 47:52 51:52 56:52 56:57 58:57 58:58 100:109 102:109 106:109 109:109 110:109 110:112 111:112 113:112 126:131 128:131 130:131 134:131 211:217 215:217 217:217 473:464 507:501 507:502 507:507 540:531 540:533 540:534 558:555 682:681 682:682 697:695 697:696 697:697 699:697 699:698 699:699"
"نامعلوم مزدور عورت (ملک حمید/لطیف کا تعلق)","ڈاکٹر احسان الحق (پُل کھنگر)",3,"508 535 537","507:510 540:531 540:534"
"نامعلوم مزدور عورت (ملک حمید/لطیف کا تعلق)","ڈاکٹر خدابخش کھوکھر (چیف کیمسٹ)",2,"539 678","540:539 682:674"
"نامعلوم مزدور عورت (ملک حمید/لطیف کا تعلق)","ڈاکٹر سعد اللہ خان (کنسلٹنٹ کارڈیالوجسٹ)",3,"696 697 698","697:695 697:697 699:697"
"نامعلوم مزدور عورت (ملک حمید/لطیف کا تعلق)","ڈاکٹر عرفان (ڈیوٹی ڈاکٹر آئی سی یو)",3,"696 697 698","697:695 697:697 699:697"
"نامعلوم مزدور عورت (ملک حمید/لطیف کا تعلق)","کامران خان (جواں سال کیمسٹ)",1,"678","682:674"
"نامعلوم مزدور عورت (ملک حمید/لطیف کا تعلق)","کریم راٹھور",12,"88 90 509 539 678 680 721 783 785 786","87:89 88:89 92:89 507:512 540:539 682:674 682:678 723:719 784:782 784:786 785:786 786:786"
"نامعلوم مزدور عورت (ملک حمید/لطیف کا تعلق)","کلونت کور",14,"22 23 30 31 37 44 45 50 52 54 55","17:27 18:27 19:27 34:27 34:28 34:41 47:41 47:42 47:43 47:53 51:53 56:53 56:54 56:55"
"نامعلوم مزدور عورت (ملک حمید/لطیف کا تعلق)","کنیز",54,"101 102 104 107 109 110 111 112 116 117 120 123 124 128 129 130 132 133 134 135 136 137 143 144 148 151 152 153 154 155 192 193 213 215 216 217 469 471 473 474 475 540 584 585 685 693","100:103 102:103 106:103 106:109 109:109 110:109 110:110 111:110 111:112 113:112 113:120 115:120 120:120 126:120 126:121 126:122 126:130 128:130 130:130 134:130 134:132 134:133 134:134 136:134 136:135 136:137 137:137 148:138 148:139 148:140 148:148 154:148 154:151 154:153 154:154 155:154 155:155 193:192 193:193 211:216 215:216 217:216 217:217 473:465 473:470 473:473 475:473 475:474 475:475 540:540 584:585 585:585 682:689 697:689"
"نامعلوم مزدور عورت (ملک حمید/لطیف کا تعلق)","کیپٹن اسرار",7,"15 34 353 355 559 560 724","16:14 34:34 350:356 354:356 558:560 560:560 723:726"
"نامعلوم مزدور عورت (ملک حمید/لطیف کا تعلق)","کیپٹن جمال",15,"1 15 16 17 18 19 586 587 593 595 597 598","1:1 16:15 16:16 17:16 17:17 18:17 18:18 19:18 19:19 584:589 585:589 598:589 598:592 598:597 598:598"
"نامعلوم مزدور عورت (ملک حمید/لطیف کا تعلق)","کیڈٹ نواز کھوکھر",1,"781","784:778"
"نامعلوم مزدور عورت (ملک حمید/لطیف کا تعلق)","گل افروز خان",6,"350 352 353 357 418","350:350 354:350 354:351 354:353 354:360 420:416"
"نامعلوم مزدور عورت (ملک حمید/لطیف کا تعلق)","ہکیم حاذق",3,"506 507","507:505 507:506 507:507"
"نامعلوم مزدور عورت (ملک حمید/لطیف کا تعلق)","یعقوب اعوان",48,"20 21 29 30 31 33 34 44 45 46 47 49 50 51 53 54 56 57 58 82 83 96 100 101 138 139 140 145 159 425 579 723 782 785 786","16:24 17:24 18:24 19:24 34:24 34:26 34:27 34:28 34:32 34:35 47:41 47:43 47:44 47:45 47:46 47:47 51:47 51:48 51:49 51:50 51:51 56:51 56:52 56:53 56:56 58:56 58:57 58:58 87:77 87:78 87:79 87:80 92:101 100:101 102:101 134:143 136:143 137:143 148:143 154:164 155:164 420:430 584:574 723:723 784:780 784:787 785:787 786:787"
"نانبائی (او جھری والا)","نسرین",3,"212 213","207:217 208:217 209:217"
"نانبائی (او جھری والا)","چاچا احمد خان راٹھور",18,"200 201 202 203 204 205 206 207 208 209","205:195 205:196 205:197 205:198 205:199 205:200 205:202 205:203 205:204 205:205 206:205 206:206 207:206 207:207 208:207 208:208 209:208 209:209"
"نانبائی (او جھری والا)","ڈاکٹر (کریم بخش کا بیٹا)",4,"212 213 679","207:217 208:217 209:217 678:681"
"نانبائی (او جھری والا)","ڈاکٹر خدابخش کھوکھر (چیف کیمسٹ)",1,"676","678:674"
"نانبائی (او جھری والا)","کامران خان (جواں سال کیمسٹ)",2,"674 676","678:671 678:674"
"نانبائی (او جھری والا)","کریم راٹھور",3,"673 676 678","678:668 678:674 678:678"
"نانبائی (او جھری والا)","کنیز",7,"200 202 211 212","205:195 205:199 205:200 206:216 207:216 208:216 209:216"
"نسرین","نسیمہ (شعیب کی بہن)",42,"329 331 332 333 334 340 341 342 348 353 354 355 356 357 402 416 479 584 589 590 591 595 597 598 599 739 740 741 743 745 746 784 785","334:324 334:328 334:329 334:330 334:332 334:333 334:334 345:335 345:336 345:338 345:339 345:340 345:351 356:351 356:353 356:354 356:355 356:356 357:356 357:357 407:397 412:420 475:484 589:579 589:589 590:589 590:590 592:590 592:598 597:598 598:598 600:598 739:739 741:739 741:740 741:742 745:742 745:746 746:746 784:785 785:785 786:785"
"نسرین","نصیر شیخ (پارٹی امیدوار)",2,"362 402","357:367 407:398"
"نسرین","نمائر (کیمپ کا قیدی ساتھی)",2,"478 584","475:481 589:579"
"نسرین","نیلی (بھینس)",3,"46 47 49","44:48 46:48 51:48"
"نسرین","وسیم بھائی (بدیع الزمان کا سالا/قرض خواہ)",44,"4 5 8 13 14 16 17 22 27 28 32 34 39 41 46 47 49 55 112 180 187 339 344 356 601 602 603 606 621 742 743 745 746 782 788 789","1:7 2:7 4:7 9:7 9:8 9:17 11:17 15:17 18:17 18:26 19:26 28:26 28:28 29:28 29:35 34:35 44:35 44:38 44:48 46:48 51:48 51:59 115:109 178:183 192:183 334:344 345:344 356:356 357:356 597:606 598:606 600:606 601:606 607:606 616:626 617:626 739:746 741:746 745:746 746:746 784:781 784:792 785:792 786:792"
"نسرین","پروفیسر میر صاحب",3,"219 249","217:222 250:248 250:249"
"نسرین","پھاتو مراثن (ڈھولکی)",2,"357","356:358 357:358"
"نسرین","پیر حمید الدین بلال شاہ (مرشد بلال پور شریف)",14,"2 3 4 6 7 31 34 39 165 787 788","1:4 2:4 4:4 9:4 9:5 9:6 28:34 29:34 34:34 44:34 169:162 784:791 785:791 786:791"
"نسرین","چاچا احمد خان راٹھور",102,"19 20 21 25 32 35 40 41 46 47 50 54 110 111 115 116 164 165 166 167 168 169 173 174 175 176 177 178 188 189 190 191 192 193 212 213 214 216 217 245 246 247 248 249 250 356 357 407 410 474 588 596 599 600 601 604 605 606 607 609 610 615 616 617 618 736 739 740 749 750 783 784 785 786","15:23 18:23 19:23 28:23 28:36 29:36 34:36 44:36 44:38 44:49 46:49 51:49 51:57 115:105 115:106 115:107 115:115 116:115 116:116 169:160 169:162 169:163 169:164 169:165 169:166 169:167 169:168 169:169 178:169 178:170 178:171 178:172 178:173 178:174 178:175 178:176 178:177 178:178 192:184 192:185 192:186 192:188 192:189 192:190 192:191 192:192 193:192 193:193 217:207 217:208 217:209 217:210 217:212 217:216 217:217 250:241 250:242 250:243 250:244 250:245 250:246 250:248 250:249 250:250 356:356 357:356 357:357 407:408 412:408 475:474 589:588 592:601 597:601 598:601 600:601 601:601 607:601 607:602 607:603 607:604 607:605 607:607 611:607 611:608 611:609 611:619 612:619 613:619 614:619 615:619 616:619 617:619 739:734 739:739 741:739 745:754 746:754 784:782 784:785 785:785 786:785 786:787"
"نسرین","چنبیلی (گھوڑی)",4,"44 45 47 49","44:45 46:45 46:48 51:48"
"نسرین","چوہدری ارشد (یونین رہنما)",2,"360 361","356:365 357:365"
"نسرین","چوہدری اظہر (ایس ایچ او نور پور)",20,"54 113 347 353 585 586 587 594 595 598 599 603 606 607 609","51:57 115:112 345:350 356:350 589:581 589:582 589:583 589:584 589:585 589:599 590:599 592:599 597:599 598:599 600:599 600:606 601:606 607:606 607:607 611:607"
"نسرین","چوہدری اللہ داد خان",1,"253","250:257"
"نسرین","چوہدری شدا",2,"361","356:366 357:366"
"نسرین","ڈاکٹر (کریم بخش کا بیٹا)",16,"15 17 19 24 48 49 51 112 113 217 618 619 620","11:20 15:20 18:20 19:20 28:20 44:52 46:52 51:52 115:109 115:112 217:217 613:623 614:623 615:623 616:623 617:623"
"نسرین","کریم راٹھور",8,"619 620 783 785 786","614:624 615:624 616:624 617:624 784:782 784:786 785:786 786:786"
"نسرین","کلونت کور",12,"22 23 27 28 37 42 43 48 49 52","18:27 19:27 28:27 28:28 29:28 34:41 44:41 44:42 44:43 44:53 46:53 51:53"
"نسرین","کنیز",18,"112 113 117 118 164 166 192 193 216 217 470 472 474 475 587","115:109 115:110 115:112 115:120 116:120 169:160 169:163 192:192 193:192 193:193 217:216 217:217 475:465 475:470 475:473 475:474 475:475 589:585"
"نسرین","کو چوہا (چوکیدار/کھیت میں سونے والا)",1,"254","250:258"
"نسرین","کیپٹن اسرار",10,"9 11 12 14 31 34 39 356","4:14 9:14 11:14 15:14 28:34 29:34 34:34 44:34 356:356 357:356"
"نسرین","کیپٹن جمال",34,"1 2 3 4 6 12 13 15 16 17 18 19 23 589 591 592 594 597 598 599 611 613 614 615 616 617","1:1 2:1 2:2 4:2 4:4 9:4 9:15 11:15 15:15 18:15 18:16 18:17 18:18 19:18 19:19 28:19 589:589 590:589 590:592 592:592 597:592 597:597 598:597 598:598 600:598 607:616 611:616 612:616 613:616 614:616 615:616 616:616 617:616 617:617"
"نسرین","کیپٹن دلاور",2,"332 333","334:331 334:333"
"نسرین","کیڈٹ نواز کھوکھر",1,"781","784:778"
"نسرین","گل افروز خان",8,"347 353 354 358 411 414","345:350 356:350 356:351 356:353 356:360 357:360 407:416 412:416"
"نسرین","یعقوب اعوان",30,"19 21 26 27 28 30 33 34 39 40 42 43 44 45 46 48 49 50 51 166 782 785 786","15:24 18:24 19:24 28:24 28:26 28:27 28:28 29:28 29:32 34:32 34:35 44:35 44:36 44:41 44:43 44:44 46:44 46:45 46:46 51:46 51:47 51:48 51:49 51:50 51:51 169:164 784:780 784:787 785:787 786:787"
"نسیمہ (شعیب کی بہن)","نصیر شیخ (پارٹی امیدوار)",8,"362 363 394 396 397","357:367 358:367 359:367 391:398 394:398 395:398 396:398 397:398"
"نسیمہ (شعیب کی بہن)","نمائر (کیمپ کا قیدی ساتھی)",11,"482 573 574 575 576 577 578 579 584","484:481 571:576 573:576 574:576 575:576 576:576 578:576 578:578 579:578 579:579 589:579"
"نسیمہ (شعیب کی بہن)","وسیم بھائی (بدیع الزمان کا سالا/قرض خواہ)",25,"282 339 340 341 342 347 353 354 355 356 388 421 602 716 742 743 744 746 749 783 788","286:279 334:344 335:344 336:344 338:344 339:344 340:344 351:344 351:356 353:356 354:356 355:356 356:356 357:356 391:386 420:423 598:606 721:711 739:746 740:746 742:746 746:746 753:746 785:781 785:792"
"نسیمہ (شعیب کی بہن)","پھاتو مراثن (ڈھولکی)",8,"354 355 356 357 358","351:358 353:358 354:358 355:358 356:358 357:358 358:358 359:358"
"نسیمہ (شعیب کی بہن)","پیر حمید الدین بلال شاہ (مرشد بلال پور شریف)",4,"755 756 788","753:757 754:757 756:757 785:791"
"نسیمہ (شعیب کی بہن)","چاچا احمد خان راٹھور",58,"281 282 286 316 317 318 353 354 355 356 357 358 360 388 479 488 490 554 555 559 563 564 568 569 570 572 573 574 583 588 599 722 723 724 736 739 750 753 754 755 756 783 785","286:276 286:277 286:278 286:279 286:287 316:316 319:316 319:317 351:356 353:356 354:356 355:356 356:356 357:356 357:357 358:357 358:358 359:358 359:362 391:385 484:474 484:493 487:493 549:559 550:559 552:559 560:559 560:566 561:566 562:566 563:566 571:566 571:567 571:570 571:573 573:573 574:573 574:574 575:574 578:588 579:588 589:588 598:601 721:723 722:723 724:723 724:724 739:734 739:739 740:739 746:754 753:754 754:754 756:754 756:755 756:757 785:782 785:785"
"نسیمہ (شعیب کی بہن)","چوہدری ارشد (یونین رہنما)",5,"360 361 362","355:365 356:365 357:365 358:365 359:365"
"نسیمہ (شعیب کی بہن)","چوہدری اظہر (ایس ایچ او نور پور)",25,"345 350 563 564 565 569 576 577 578 579 580 585 586 587 594 598 755 756 757","340:350 351:350 560:567 561:567 562:567 563:567 571:567 571:581 573:581 574:581 575:581 576:581 578:581 579:581 589:581 589:582 589:583 589:584 589:585 589:599 590:599 598:599 753:758 754:758 756:758"
"نسیمہ (شعیب کی بہن)","چوہدری شدا",4,"361 362","356:366 357:366 358:366 359:366"
"نسیمہ (شعیب کی بہن)","ڈاکٹر (کریم بخش کا بیٹا)",10,"538 550 551 552 553 557","543:533 543:534 545:555 546:555 547:555 548:555 549:555 550:555 552:555 560:555"
"نسیمہ (شعیب کی بہن)","ڈاکٹر احسان الحق (پُل کھنگر)",1,"538","543:534"
"نسیمہ (شعیب کی بہن)","ڈاکٹر خدابخش کھوکھر (چیف کیمسٹ)",1,"541","543:539"
"نسیمہ (شعیب کی بہن)","کریم راٹھور",4,"541 720 783 785","543:539 721:719 785:782 785:786"
"نسیمہ (شعیب کی بہن)","کنیز",11,"387 479 480 541 580 581 582 587","391:383 484:474 484:475 484:476 484:477 543:540 575:585 576:585 578:585 579:585 589:585"
"نسیمہ (شعیب کی بہن)","کیپٹن اسد اللہ",2,"285","286:284 286:285"
"نسیمہ (شعیب کی بہن)","کیپٹن اسرار",13,"353 354 355 356 555 556 560 723 724 725","351:356 353:356 354:356 355:356 356:356 357:356 550:560 552:560 560:560 561:560 721:726 722:726 724:726"
"نسیمہ (شعیب کی بہن)","کیپٹن جمال",9,"284 286 584 589 591 595 597 598","286:282 286:286 579:589 589:589 590:589 590:592 598:592 598:597 598:598"
"نسیمہ (شعیب کی بہن)","کیپٹن دلاور",16,"314 318 320 321 322 327 329 330 331 332 333","316:312 316:321 319:321 320:321 321:321 323:321 323:322 323:331 324:331 328:331 329:331 330:331 332:331 332:333 333:333 334:333"
"نسیمہ (شعیب کی بہن)","کیڈٹ حبیب اللہ",2,"285 286","286:285 286:286"
"نسیمہ (شعیب کی بہن)","کیڈٹ نواز کھوکھر",1,"781","785:778"
"نسیمہ (شعیب کی بہن)","گل افروز خان",16,"282 287 345 350 351 352 353 357 358 359 387 418","286:279 286:288 340:350 351:350 351:351 353:351 353:353 354:353 354:360 355:360 356:360 357:360 358:360 359:360 391:384 420:416"
"نسیمہ (شعیب کی بہن)","یعقوب اعوان",15,"281 314 388 425 488 490 572 573 574 722 723 782 786","286:277 316:313 391:385 420:430 484:493 487:493 571:574 573:574 574:574 575:574 721:723 722:723 724:723 785:780 785:787"
"نصیر شیخ (پارٹی امیدوار)","پھاتو مراثن (ڈھولکی)",1,"362","367:358"
"نصیر شیخ (پارٹی امیدوار)","چاچا احمد خان راٹھور",5,"362 364 369 403","367:357 367:358 367:362 367:372 398:408"
"نصیر شیخ (پارٹی امیدوار)","چوہدری ارشد (یونین رہنما)",1,"366","367:365"
"نصیر شیخ (پارٹی امیدوار)","چوہدری شدا",1,"366","367:366"
"نصیر شیخ (پارٹی امیدوار)","گل افروز خان",2,"363 368","367:360 367:369"
"نصیر شیخ (پارٹی امیدوار)","یعقوب اعوان",1,"371","367:375"
"نمائر (کیمپ کا قیدی ساتھی)","چاچا احمد خان راٹھور",8,"477 571 573 574 575 583","481:474 576:566 576:567 576:570 576:573 576:574 578:588 579:588"
"نمائر (کیمپ کا قیدی ساتھی)","چوہدری اظہر (ایس ایچ او نور پور)",4,"571 578 579 580","576:567 576:581 578:581 579:581"
"نمائر (کیمپ کا قیدی ساتھی)","کنیز",8,"477 478 479 580 581 582","481:473 481:474 481:475 481:476 481:477 576:585 578:585 579:585"
"نمائر (کیمپ کا قیدی ساتھی)","کیپٹن جمال",1,"584","579:589"
"نمائر (کیمپ کا قیدی ساتھی)","یعقوب اعوان",1,"575","576:574"
"نیلی (بھینس)","وسیم بھائی (بدیع الزمان کا سالا/قرض خواہ)",4,"43 48 707","48:38 48:48 703:711 704:711"
"نیلی (بھینس)","چاچا احمد خان راٹھور",6,"43 48 698 701 704 705","48:38 48:49 703:694 703:700 703:706 704:706"
"نیلی (بھینس)","چنبیلی (گھوڑی)",2,"46 48","48:45 48:48"
"نیلی (بھینس)","چوہدری اظہر (ایس ایچ او نور پور)",1,"52","48:57"
"نیلی (بھینس)","ڈاکٹر (کریم بخش کا بیٹا)",6,"50 699 700 701","48:52 703:695 703:696 703:697 703:698 703:699"
"نیلی (بھینس)","ڈاکٹر سعد اللہ خان (کنسلٹنٹ کارڈیالوجسٹ)",2,"699 700","703:695 703:697"
"نیلی (بھینس)","ڈاکٹر عرفان (ڈیوٹی ڈاکٹر آئی سی یو)",2,"699 700","703:695 703:697"
"نیلی (بھینس)","کلونت کور",4,"44 45 50","48:41 48:42 48:43 48:53"
"نیلی (بھینس)","یعقوب اعوان",7,"44 45 46 47 48","48:41 48:43 48:44 48:45 48:46 48:47 48:48"
"وریا م","وسیم بھائی (بدیع الزمان کا سالا/قرض خواہ)",1,"88","91:86"
"وریا م","کریم راٹھور",1,"90","91:89"
"وریا م","یعقوب اعوان",1,"96","91:101"
"وسیم بھائی (بدیع الزمان کا سالا/قرض خواہ)","پھاتو مراثن (ڈھولکی)",1,"357","356:358"
"وسیم بھائی (بدیع الزمان کا سالا/قرض خواہ)","پیر حمید الدین بلال شاہ (مرشد بلال پور شریف)",8,"5 6 30 31 34 786 791","7:4 7:5 7:6 26:34 28:34 35:34 781:791 792:791"
"وسیم بھائی (بدیع الزمان کا سالا/قرض خواہ)","چاچا احمد خان راٹھور",61,"20 24 31 32 35 37 38 43 48 54 58 61 70 75 77 105 106 107 108 112 132 133 134 139 178 179 180 182 183 277 278 279 356 376 377 382 385 427 603 604 605 606 622 629 630 692 708 742 750 781 787 788 789","17:23 26:23 26:36 28:36 35:36 38:36 38:38 48:38 48:49 59:49 59:57 59:63 74:67 74:76 79:76 109:102 109:103 109:105 109:106 109:107 109:115 136:128 136:131 136:133 136:143 183:173 183:174 183:175 183:176 183:177 183:178 183:181 183:184 279:275 279:276 279:277 279:278 279:279 356:356 380:372 380:375 380:385 386:385 423:432 606:601 606:602 606:603 606:604 606:605 606:607 626:619 626:633 627:633 690:694 711:706 746:739 746:754 781:782 792:782 792:785 792:787"
"وسیم بھائی (بدیع الزمان کا سالا/قرض خواہ)","چنبیلی (گھوڑی)",6,"40 41 46 48 63 71","35:45 38:45 48:45 48:48 59:68 74:68"
"وسیم بھائی (بدیع الزمان کا سالا/قرض خواہ)","چوہدری ارشد (یونین رہنما)",1,"360","356:365"
"وسیم بھائی (بدیع الزمان کا سالا/قرض خواہ)","چوہدری اظہر (ایس ایچ او نور پور)",8,"52 58 110 136 347 353 602 606","48:57 59:57 109:112 136:136 344:350 356:350 606:599 606:606"
"وسیم بھائی (بدیع الزمان کا سالا/قرض خواہ)","چوہدری شدا",1,"361","356:366"
"وسیم بھائی (بدیع الزمان کا سالا/قرض خواہ)","ڈاکٹر (کریم بخش کا بیٹا)",21,"18 23 50 55 58 109 133 525 528 530 624 629 685 686 687 692","17:20 26:20 48:52 59:52 59:57 59:58 109:109 136:131 530:520 530:526 530:527 530:531 626:623 626:632 627:632 690:681 690:682 690:683 690:684 690:685 690:695"
"وسیم بھائی (بدیع الزمان کا سالا/قرض خواہ)","ڈاکٹر احسان الحق (پُل کھنگر)",2,"525 530","530:520 530:531"
"وسیم بھائی (بدیع الزمان کا سالا/قرض خواہ)","ڈاکٹر خدابخش کھوکھر (چیف کیمسٹ)",2,"525 534","530:521 530:539"
"وسیم بھائی (بدیع الزمان کا سالا/قرض خواہ)","ڈاکٹر سعد اللہ خان (کنسلٹنٹ کارڈیالوجسٹ)",1,"692","690:695"
"وسیم بھائی (بدیع الزمان کا سالا/قرض خواہ)","ڈاکٹر عرفان (ڈیوٹی ڈاکٹر آئی سی یو)",1,"692","690:695"
"وسیم بھائی (بدیع الزمان کا سالا/قرض خواہ)","کریم راٹھور",14,"84 87 526 527 528 529 534 625 715 781 787 789","79:89 86:89 530:523 530:524 530:525 530:527 530:528 530:539 626:624 711:719 781:782 792:782 792:786 792:787"
"وسیم بھائی (بدیع الزمان کا سالا/قرض خواہ)","کلونت کور",14,"22 26 27 28 31 38 39 44 45 50 56 57","17:27 26:27 28:27 28:28 35:28 35:41 38:41 48:41 48:42 48:43 48:53 59:53 59:54 59:55"
"وسیم بھائی (بدیع الزمان کا سالا/قرض خواہ)","کنیز",13,"106 109 133 134 135 136 187 381 384 535 689","109:103 109:109 136:130 136:132 136:133 136:134 136:135 136:137 183:192 380:383 386:383 530:540 690:689"
"وسیم بھائی (بدیع الزمان کا سالا/قرض خواہ)","کیپٹن اسد اللہ",1,"281","279:284"
"وسیم بھائی (بدیع الزمان کا سالا/قرض خواہ)","کیپٹن اسرار",8,"10 11 15 30 31 34 356 777","7:14 8:14 17:14 26:34 28:34 35:34 356:356 781:773"
"وسیم بھائی (بدیع الزمان کا سالا/قرض خواہ)","کیپٹن جمال",17,"4 5 11 16 17 21 22 280 601 602 611 621","7:1 7:2 7:4 7:15 8:15 17:15 17:16 17:17 26:17 26:18 26:19 279:282 606:597 606:598 606:616 626:616 626:617"
"وسیم بھائی (بدیع الزمان کا سالا/قرض خواہ)","کیڈٹ حبیب اللہ",1,"282","279:285"
"وسیم بھائی (بدیع الزمان کا سالا/قرض خواہ)","کیڈٹ نواز کھوکھر",1,"779","781:778"
"وسیم بھائی (بدیع الزمان کا سالا/قرض خواہ)","گل افروز خان",10,"279 347 353 354 358 376 382 385 419","279:279 344:350 356:350 356:351 356:353 356:360 380:372 380:384 386:384 423:416"
"وسیم بھائی (بدیع الزمان کا سالا/قرض خواہ)","یعقوب اعوان",57,"20 25 26 27 28 31 33 35 36 37 39 44 45 46 47 48 54 55 56 57 58 59 69 70 71 72 73 74 76 77 78 79 82 83 105 139 278 377 382 385 426 780 784 789 792","17:24 26:24 26:26 28:26 28:27 28:28 35:28 35:32 35:35 38:35 38:36 38:41 48:41 48:43 48:44 48:45 48:46 48:47 48:48 59:49 59:50 59:51 59:52 59:53 59:56 59:57 59:58 59:59 74:64 74:65 74:66 74:67 74:68 74:70 74:71 74:72 74:73 74:74 79:74 79:75 79:76 79:77 79:78 79:79 86:79 86:80 109:101 136:143 279:277 380:375 380:385 386:385 423:430 781:780 781:787 792:787 792:792"
"پروفیسر میر صاحب","چاچا احمد خان راٹھور",16,"217 219 220 221 222 243 244 245 246 247 248 249","222:212 222:216 222:217 222:218 222:220 222:223 248:238 248:241 248:242 248:243 248:244 248:245 248:246 248:248 249:248 249:249"
"پروفیسر میر صاحب","چوہدری اللہ داد خان",2,"252 253","248:257 249:257"
"پروفیسر میر صاحب","ڈاکٹر (کریم بخش کا بیٹا)",1,"219","222:217"
"پروفیسر میر صاحب","کنیز",2,"219","222:216 222:217"
"پروفیسر میر صاحب","کو چوہا (چوکیدار/کھیت میں سونے والا)",2,"253","248:258 249:258"
"پروفیسر میر صاحب","یعقوب اعوان",1,"243","248:239"
"پھاتو مراثن (ڈھولکی)","چاچا احمد خان راٹھور",3,"357 358","358:356 358:357 358:358"
"پھاتو مراثن (ڈھولکی)","چوہدری ارشد (یونین رہنما)",1,"361","358:365"
"پھاتو مراثن (ڈھولکی)","چوہدری اظہر (ایس ایچ او نور پور)",1,"354","358:350"
"پھاتو مراثن (ڈھولکی)","چوہدری شدا",1,"362","358:366"
"پھاتو مراثن (ڈھولکی)","کیپٹن اسرار",1,"357","358:356"
"پھاتو مراثن (ڈھولکی)","گل افروز خان",4,"354 355 359","358:350 358:351 358:353 358:360"
"پیر حمید الدین بلال شاہ (مرشد بلال پور شریف)","چاچا احمد خان راٹھور",10,"35 157 161 162 755 756 757 786 788 789","34:36 162:152 162:160 162:162 757:754 757:755 757:757 791:782 791:785 791:787"
"پیر حمید الدین بلال شاہ (مرشد بلال پور شریف)","چوہدری اظہر (ایس ایچ او نور پور)",1,"757","757:758"
"پیر حمید الدین بلال شاہ (مرشد بلال پور شریف)","ڈاکٹر (کریم بخش کا بیٹا)",1,"762","757:767"
"پیر حمید الدین بلال شاہ (مرشد بلال پور شریف)","کریم راٹھور",3,"786 788 789","791:782 791:786 791:787"
"پیر حمید الدین بلال شاہ (مرشد بلال پور شریف)","کلونت کور",3,"30 31 37","34:27 34:28 34:41"
"پیر حمید الدین بلال شاہ (مرشد بلال پور شریف)","کنیز",6,"157 158 159 161 162","162:153 162:154 162:155 162:156 162:160 162:163"
"پیر حمید الدین بلال شاہ (مرشد بلال پور شریف)","کیپٹن اسرار",4,"9 10 34","4:14 5:14 6:14 34:34"
"پیر حمید الدین بلال شاہ (مرشد بلال پور شریف)","کیپٹن جمال",6,"2 3 4 10","4:1 4:2 4:4 5:4 5:15 6:15"
"پیر حمید الدین بلال شاہ (مرشد بلال پور شریف)","یعقوب اعوان",9,"29 30 31 33 34 163 789 791","34:24 34:26 34:27 34:28 34:32 34:35 162:164 791:787 791:792"
"چاچا احمد خان راٹھور","چنبیلی (گھوڑی)",7,"40 41 47 48 65 67 72","36:45 38:45 49:45 49:48 63:68 67:68 76:68"
"چاچا احمد خان راٹھور","چوہدری ارشد (یونین رہنما)",5,"360 361 363 368","356:365 357:365 358:365 362:365 372:365"
"چاچا احمد خان راٹھور","چوہدری اظہر (ایس ایچ او نور پور)",51,"53 57 60 107 108 109 113 132 133 134 139 140 141 147 148 149 150 151 297 301 302 353 446 563 566 567 568 577 584 585 586 600 603 604 605 606 607 756 757","49:57 57:57 63:57 102:112 103:112 105:112 106:112 107:112 115:112 128:136 131:136 133:136 143:136 143:137 143:138 143:139 143:151 146:151 147:151 148:151 149:151 152:151 292:302 300:302 301:302 302:302 356:350 443:450 559:567 566:567 567:567 570:567 573:581 574:581 588:581 588:582 588:583 588:584 588:585 601:599 601:606 602:606 603:606 604:606 605:606 607:606 607:607 608:607 754:758 755:758 757:758"
"چاچا احمد خان راٹھور","چوہدری اللہ داد خان",5,"252 253 254 259","248:257 249:257 250:257 252:257 262:257"
"چاچا احمد خان راٹھور","چوہدری شدا",5,"361 362 364 369","356:366 357:366 358:366 362:366 372:366"
"چاچا احمد خان راٹھور","ڈاکٹر (کریم بخش کا بیٹا)",49,"21 50 54 57 60 105 106 107 108 112 113 126 127 129 131 132 212 213 214 216 217 469 497 507 509 510 511 512 557 621 628 632 635 689 694 697 698 699 762","23:20 49:52 57:52 57:57 63:57 63:58 102:109 103:109 105:109 106:109 107:109 115:109 115:112 121:131 122:131 123:131 128:131 131:131 133:131 207:217 208:217 209:217 210:217 212:217 216:217 217:217 218:217 474:464 493:501 512:502 512:507 512:509 512:510 512:512 559:555 619:623 633:623 633:632 633:637 634:637 694:684 694:685 694:695 700:695 700:696 700:697 700:698 700:699 757:767"
"چاچا احمد خان راٹھور","ڈاکٹر احسان الحق (پُل کھنگر)",2,"511 516","512:510 512:520"
"چاچا احمد خان راٹھور","ڈاکٹر خدابخش کھوکھر (چیف کیمسٹ)",1,"516","512:521"
"چاچا احمد خان راٹھور","ڈاکٹر سعد اللہ خان (کنسلٹنٹ کارڈیالوجسٹ)",3,"694 697 698","694:695 700:695 700:697"
"چاچا احمد خان راٹھور","ڈاکٹر عرفان (ڈیوٹی ڈاکٹر آئی سی یو)",3,"694 697 698","694:695 700:695 700:697"
"چاچا احمد خان راٹھور","کریم راٹھور",11,"263 512 621 628 721 782 783 785 786 787","262:264 263:264 512:512 619:624 633:624 723:719 782:782 785:782 785:786 787:786 787:787"
"چاچا احمد خان راٹھور","کلونت کور",12,"25 31 32 38 39 45 46 51 55 56","23:27 36:27 36:28 36:41 38:41 49:41 49:42 49:43 49:53 57:53 57:54 57:55"
"چاچا احمد خان راٹھور","کنیز",90,"102 103 104 107 108 112 113 117 118 119 120 121 122 126 129 130 131 132 133 138 139 140 141 145 147 148 150 151 152 156 157 158 160 161 162 163 188 189 190 191 192 193 194 195 197 198 199 200 201 211 212 213 214 216 217 379 384 469 472 473 474 586 691","102:103 103:103 105:103 105:109 106:109 107:109 115:109 115:110 115:112 115:120 116:120 117:120 118:120 119:120 120:120 121:120 121:121 122:121 122:122 123:122 123:130 128:130 131:130 131:132 133:132 133:133 143:133 143:134 143:135 143:137 143:138 143:139 143:140 143:148 146:148 147:148 148:148 149:148 149:151 152:151 152:153 160:153 160:154 160:155 160:156 160:160 162:160 162:163 163:163 164:163 184:192 185:192 186:192 188:192 189:192 190:192 191:192 192:192 193:192 193:193 194:193 194:194 195:194 195:195 196:195 196:199 197:199 198:199 199:199 200:199 200:200 202:200 206:216 207:216 208:216 209:216 210:216 212:216 216:216 217:216 217:217 218:217 375:383 385:383 474:465 474:470 474:473 474:474 588:585 694:689"
"چاچا احمد خان راٹھور","کو چوہا (چوکیدار/کھیت میں سونے والا)",5,"253 254 255 260","248:258 249:258 250:258 252:258 262:258"
"چاچا احمد خان راٹھور","کیپٹن اسد اللہ",7,"279 280 281 285 286","275:284 276:284 277:284 278:284 279:284 287:284 287:285"
"چاچا احمد خان راٹھور","کیپٹن اسرار",10,"18 35 356 559 563 724 725 730 777","23:14 36:34 356:356 357:356 559:560 566:560 723:726 724:726 734:726 782:773"
"چاچا احمد خان راٹھور","کیپٹن جمال",21,"19 20 21 278 279 280 284 286 588 596 599 611 612 617 618","23:15 23:16 23:17 23:18 23:19 275:282 276:282 277:282 278:282 279:282 287:282 287:286 588:589 601:592 601:597 601:598 607:616 608:616 609:616 619:616 619:617"
"چاچا احمد خان راٹھور","کیپٹن دلاور",4,"307 314 318 319","302:312 316:312 316:321 317:321"
"چاچا احمد خان راٹھور","کیڈٹ حبیب اللہ",7,"280 281 282 286","275:285 276:285 277:285 278:285 279:285 287:285 287:286"
"چاچا احمد خان راٹھور","کیڈٹ مجید اللہ",7,"292 293 294 298 299","287:297 288:297 290:297 292:297 300:297 300:298 300:299"
"چاچا احمد خان راٹھور","کیڈٹ نواز کھوکھر",1,"780","782:778"
"چاچا احمد خان راٹھور","گل افروز خان",28,"256 261 262 263 277 278 279 283 287 288 289 353 354 358 359 361 365 370 372 373 379 384 412","252:261 262:261 262:262 263:262 263:263 275:279 276:279 277:279 278:279 279:279 287:279 287:288 288:288 290:288 356:350 356:351 356:353 356:360 357:360 358:360 362:360 362:369 372:369 372:372 375:372 375:384 385:384 408:416"
"چاچا احمد خان راٹھور","ہکیم حاذق",3,"508 509","512:505 512:506 512:507"
"چاچا احمد خان راٹھور","یعقوب اعوان",85,"23 31 32 34 35 36 37 39 45 46 47 48 49 53 54 55 56 57 60 61 63 65 66 67 71 72 73 74 75 76 101 138 143 144 162 163 164 229 232 234 235 237 238 240 276 277 301 302 314 373 375 380 385 431 432 493 570 572 573 574 723 781 784 786 787","23:24 36:26 36:27 36:28 36:32 36:35 36:36 38:36 38:41 49:41 49:43 49:44 49:45 49:46 49:47 49:48 49:49 57:49 57:50 57:51 57:52 57:53 57:56 57:57 63:57 63:58 63:59 63:63 67:63 67:64 67:65 67:66 67:67 76:67 76:68 76:70 76:71 76:72 76:73 76:74 76:75 76:76 102:101 133:143 143:143 146:143 160:164 162:164 163:164 164:164 165:164 225:234 231:234 234:234 236:234 236:235 236:239 238:239 241:239 275:277 276:277 277:277 278:277 300:303 301:303 302:303 316:313 372:375 375:375 385:375 385:385 432:430 432:432 493:493 566:574 567:574 570:574 573:574 574:574 723:723 724:723 782:780 782:787 785:787 787:787"
"چنبیلی (گھوڑی)","چوہدری اظہر (ایس ایچ او نور پور)",1,"52","48:57"
"چنبیلی (گھوڑی)","ڈاکٹر (کریم بخش کا بیٹا)",3,"48 50 63","45:52 48:52 68:58"
"چنبیلی (گھوڑی)","کلونت کور",5,"43 44 49 50","45:41 45:42 45:43 45:53 48:53"
"چنبیلی (گھوڑی)","یعقوب اعوان",18,"40 43 44 45 46 47 48 63 65 66 67 68","45:35 45:36 45:41 45:43 45:44 45:45 48:45 48:46 48:47 48:48 68:58 68:59 68:63 68:64 68:65 68:66 68:67 68:68"
"چوہدری ارشد (یونین رہنما)","چوہدری شدا",1,"365","365:366"
"چوہدری ارشد (یونین رہنما)","کیپٹن اسرار",1,"360","365:356"
"چوہدری ارشد (یونین رہنما)","گل افروز خان",2,"362 367","365:360 365:369"
"چوہدری ارشد (یونین رہنما)","یعقوب اعوان",1,"370","365:375"
"چوہدری اظہر (ایس ایچ او نور پور)","ڈاکٹر (کریم بخش کا بیٹا)",8,"54 57 110 112 133 452 454 762","57:52 57:57 112:109 112:112 136:131 450:455 453:455 758:767"
"چوہدری اظہر (ایس ایچ او نور پور)","کلونت کور",3,"55 56","57:53 57:54 57:55"
"چوہدری اظہر (ایس ایچ او نور پور)","کنیز",22,"107 110 111 112 133 134 135 136 137 138 139 149 151 583 584 585","112:103 112:109 112:110 112:112 136:130 136:132 136:133 136:134 136:135 136:137 137:137 138:137 138:138 139:138 139:139 151:148 151:151 581:585 582:585 583:585 584:585 585:585"
"چوہدری اظہر (ایس ایچ او نور پور)","کیپٹن اسرار",2,"353 563","350:356 567:560"
"چوہدری اظہر (ایس ایچ او نور پور)","کیپٹن جمال",11,"585 586 587 594 595 598 611","581:589 582:589 583:589 584:589 585:589 599:589 599:592 599:597 599:598 606:616 607:616"
"چوہدری اظہر (ایس ایچ او نور پور)","کیپٹن دلاور",1,"307","302:312"
"چوہدری اظہر (ایس ایچ او نور پور)","کیڈٹ مجید اللہ",3,"299 300","302:297 302:298 302:299"
"چوہدری اظہر (ایس ایچ او نور پور)","گل افروز خان",1,"350","350:350"
"چوہدری اظہر (ایس ایچ او نور پور)","یعقوب اعوان",17,"52 53 54 55 56 57 139 140 141 147 302 570 577","57:47 57:48 57:49 57:50 57:51 57:52 57:53 57:56 57:57 136:143 137:143 138:143 139:143 151:143 302:303 567:574 581:574"
"چوہدری اللہ داد خان","کریم راٹھور",1,"260","257:264"
"چوہدری اللہ داد خان","کو چوہا (چوکیدار/کھیت میں سونے والا)",1,"257","257:258"
"چوہدری اللہ داد خان","گل افروز خان",1,"259","257:261"
"چوہدری شدا","کیپٹن اسرار",1,"361","366:356"
"چوہدری شدا","گل افروز خان",2,"363 367","366:360 366:369"
"چوہدری شدا","یعقوب اعوان",1,"370","366:375"
"ڈاکٹر (کریم بخش کا بیٹا)","ڈاکٹر احسان الحق (پُل کھنگر)",26,"505 506 508 509 510 511 516 520 523 528 529 531 532 533 534 641 644 645 646 647 648 649 650","501:510 502:510 507:510 509:510 510:510 512:510 512:520 520:520 526:520 526:531 527:531 531:531 533:531 533:534 534:534 637:645 644:645 645:645 646:645 646:647 647:647 648:647 648:648 649:648 649:649 652:649"
"ڈاکٹر (کریم بخش کا بیٹا)","ڈاکٹر خدابخش کھوکھر (چیف کیمسٹ)",14,"516 520 523 535 536 649 650 651 653 677","512:521 520:521 526:521 531:539 533:539 534:539 644:654 645:654 646:654 647:654 648:654 649:654 652:654 681:674"
"ڈاکٹر (کریم بخش کا بیٹا)","ڈاکٹر سعد اللہ خان (کنسلٹنٹ کارڈیالوجسٹ)",6,"690 695 696 697","685:695 695:695 696:695 696:697 697:697 698:697"
"ڈاکٹر (کریم بخش کا بیٹا)","ڈاکٹر عرفان (ڈیوٹی ڈاکٹر آئی سی یو)",6,"690 695 696 697","685:695 695:695 696:695 696:697 697:697 698:697"
"ڈاکٹر (کریم بخش کا بیٹا)","کامران خان (جواں سال کیمسٹ)",10,"646 647 648 649 650 652 676 677","644:649 645:649 646:649 647:649 648:649 649:649 652:649 652:652 681:671 681:674"
"ڈاکٹر (کریم بخش کا بیٹا)","کریم راٹھور",21,"507 509 510 511 512 516 521 524 525 526 527 529 535 536 623 628 677 679","502:512 507:512 509:512 510:512 512:512 520:512 520:523 526:523 526:524 526:525 526:527 527:527 531:527 531:528 531:539 533:539 534:539 623:624 632:624 681:674 681:678"
"ڈاکٹر (کریم بخش کا بیٹا)","کلونت کور",7,"23 47 52 55 56","20:27 52:42 52:43 52:53 57:53 57:54 57:55"
"ڈاکٹر (کریم بخش کا بیٹا)","کنیز",22,"106 109 110 111 112 126 130 131 216 217 460 464 535 536 537 685 686 687 692","109:103 109:109 112:109 112:110 112:112 131:121 131:122 131:130 131:132 217:216 217:217 455:465 464:465 531:540 533:540 534:540 681:689 682:689 683:689 684:689 685:689 695:689"
"ڈاکٹر (کریم بخش کا بیٹا)","کیپٹن اسرار",3,"17 557 770","20:14 555:560 767:773"
"ڈاکٹر (کریم بخش کا بیٹا)","کیپٹن جمال",7,"17 18 19 619 620","20:15 20:16 20:17 20:18 20:19 623:616 623:617"
"ڈاکٹر (کریم بخش کا بیٹا)","کیڈٹ نواز کھوکھر",1,"768","767:769"
"ڈاکٹر (کریم بخش کا بیٹا)","ہکیم حاذق",6,"503 506 507 508","501:505 502:505 507:505 507:506 507:507 509:507"
"ڈاکٹر (کریم بخش کا بیٹا)","یعقوب اعوان",20,"22 47 48 49 50 51 52 54 55 56 57 58 105 497","20:24 52:43 52:44 52:45 52:46 52:47 52:48 52:49 52:50 52:51 52:52 57:52 57:53 57:56 57:57 58:57 58:58 109:101 501:493 501:494"
"ڈاکٹر احسان الحق (پُل کھنگر)","ڈاکٹر خدابخش کھوکھر (چیف کیمسٹ)",8,"520 526 535 536 649 650 651","520:521 531:521 531:539 534:539 645:654 647:654 648:654 649:654"
"ڈاکٹر احسان الحق (پُل کھنگر)","کامران خان (جواں سال کیمسٹ)",4,"647 648 649","645:649 647:649 648:649 649:649"
"ڈاکٹر احسان الحق (پُل کھنگر)","کریم راٹھور",10,"511 516 521 527 528 529 535 536","510:512 520:512 520:523 531:523 531:524 531:525 531:527 531:528 531:539 534:539"
"ڈاکٹر احسان الحق (پُل کھنگر)","کنیز",2,"535 537","531:540 534:540"
"ڈاکٹر احسان الحق (پُل کھنگر)","ہکیم حاذق",3,"507 508","510:505 510:506 510:507"
"ڈاکٹر خدابخش کھوکھر (چیف کیمسٹ)","کامران خان (جواں سال کیمسٹ)",8,"651 653 657 658 672 674","654:649 654:652 654:660 655:660 656:660 657:660 674:671 674:674"
"ڈاکٹر خدابخش کھوکھر (چیف کیمسٹ)","کریم راٹھور",5,"516 522 539 671 674","521:512 521:523 539:539 674:668 674:674"
"ڈاکٹر خدابخش کھوکھر (چیف کیمسٹ)","کنیز",1,"539","539:540"
"ڈاکٹر سعد اللہ خان (کنسلٹنٹ کارڈیالوجسٹ)","ڈاکٹر عرفان (ڈیوٹی ڈاکٹر آئی سی یو)",3,"695 696 697","695:695 697:695 697:697"
"ڈاکٹر سعد اللہ خان (کنسلٹنٹ کارڈیالوجسٹ)","کنیز",1,"692","695:689"
"ڈاکٹر عرفان (ڈیوٹی ڈاکٹر آئی سی یو)","کنیز",1,"692","695:689"
"کامران خان (جواں سال کیمسٹ)","کریم راٹھور",4,"664 669 672 674","660:668 671:668 671:674 674:674"
"کریم راٹھور","کنیز",1,"539","539:540"
"کریم راٹھور","کو چوہا (چوکیدار/کھیت میں سونے والا)",1,"261","264:258"
"کریم راٹھور","کیپٹن اسرار",2,"722 777","719:726 782:773"
"کریم راٹھور","کیپٹن جمال",2,"620","624:616 624:617"
"کریم راٹھور","کیڈٹ نواز کھوکھر",1,"780","782:778"
"کریم راٹھور","گل افروز خان",3,"262 263","264:261 264:262 264:263"
"کریم راٹھور","ہکیم حاذق",3,"508 509","512:505 512:506 512:507"
"کریم راٹھور","یعقوب اعوان",7,"84 721 781 784 786 787","89:79 89:80 719:723 782:780 782:787 786:787 787:787"
"کلونت کور","کیپٹن اسرار",3,"30 31 37","27:34 28:34 41:34"
"کلونت کور","کیپٹن جمال",3,"22 23","27:17 27:18 27:19"
"کلونت کور","یعقوب اعوان",26,"25 26 27 28 36 38 41 42 43 48 49 50 51 52 53 55","27:24 27:26 27:27 28:27 28:28 41:32 41:35 41:36 41:41 42:41 42:43 43:43 53:43 53:44 53:45 53:46 53:47 53:48 53:49 53:50 53:51 53:52 53:53 54:53 54:56 55:56"
"کنیز","کیپٹن جمال",1,"587","585:589"
"کنیز","گل افروز خان",1,"383","383:384"
"کنیز","یعقوب اعوان",16,"102 138 139 140 141 145 159 160 162 163 379 384","103:101 133:143 134:143 135:143 137:143 138:143 139:143 140:143 148:143 154:164 155:164 156:164 160:164 163:164 383:375 383:385"
"کو چوہا (چوکیدار/کھیت میں سونے والا)","گل افروز خان",1,"259","258:261"
"کیپٹن اسد اللہ","کیپٹن جمال",3,"283 285","284:282 284:286 285:286"
"کیپٹن اسد اللہ","کیڈٹ حبیب اللہ",2,"284 285","284:285 285:285"
"کیپٹن اسد اللہ","گل افروز خان",3,"281 286","284:279 284:288 285:288"
"کیپٹن اسد اللہ","یعقوب اعوان",1,"280","284:277"
"کیپٹن اسرار","کیپٹن جمال",2,"9 14","14:4 14:15"
"کیپٹن اسرار","کیڈٹ نواز کھوکھر",3,"771 775","773:769 773:770 773:778"
"کیپٹن اسرار","گل افروز خان",4,"353 354 358","356:350 356:351 356:353 356:360"
"کیپٹن اسرار","یعقوب اعوان",9,"19 29 30 31 33 34 724 776","14:24 34:24 34:26 34:27 34:28 34:32 34:35 726:723 773:780"
"کیپٹن جمال","کیڈٹ حبیب اللہ",3,"283 285 286","282:285 286:285 286:286"
"کیپٹن جمال","گل افروز خان",3,"280 285 287","282:279 282:288 286:288"
"کیپٹن جمال","یعقوب اعوان",6,"19 20 21 279","15:24 16:24 17:24 18:24 19:24 282:277"
"کیپٹن دلاور","یعقوب اعوان",5,"307 308 312 317","312:303 312:304 312:305 312:313 321:313"
"کیڈٹ حبیب اللہ","گل افروز خان",3,"282 286 287","285:279 285:288 286:288"
"کیڈٹ حبیب اللہ","یعقوب اعوان",1,"281","285:277"
"کیڈٹ مجید اللہ","گل افروز خان",1,"292","297:288"
"کیڈٹ مجید اللہ","یعقوب اعوان",3,"300 301","297:303 298:303 299:303"
"کیڈٹ نواز کھوکھر","یعقوب اعوان",2,"775 779","770:780 778:780"
"گل افروز خان","یعقوب اعوان",5,"278 372 373 379 384","279:277 369:375 372:375 384:375 384:385"
