Character_A,Character_B,Weight,Pages(centers),Pairs(pa:pb)
"آفتاب عمر","احمد فیروز",2,"99 101","101:98 101:101"
"آفتاب عمر","اظہر",13,"198 199 200 201 209 225 273 279","193:203 194:203 195:203 196:203 197:203 198:203 199:203 214:204 214:205 221:229 278:268 278:269 278:281"
"آفتاب عمر","اماں (آفتاب عمر کی ماں)",70,"101 124 128 140 143 153 154 159 160 161 162 163 164 168 169 170 171 172 175 176 177 178 179 180 186 187 188 191 192 195 196 197 199 200 211 214 217 218 220 221 243 244 246 247 250 274 276 277 278","101:101 126:123 126:130 145:136 145:141 148:158 149:158 150:158 160:158 160:160 161:160 161:161 162:161 162:163 163:163 164:163 164:164 165:164 165:172 166:172 167:172 168:172 169:172 170:172 172:172 173:172 173:178 174:178 175:178 176:178 177:178 178:178 179:178 179:179 181:179 181:191 182:191 183:191 184:191 185:191 186:191 191:191 193:191 193:192 193:197 194:197 195:197 196:197 197:197 198:197 198:201 199:201 214:208 214:214 221:214 221:215 221:219 221:222 244:242 244:243 244:244 249:244 249:245 249:252 278:271 278:274 278:275 278:276 278:277 278:279"
"آفتاب عمر","امیگریشن وکیل",1,"281","278:285"
"آفتاب عمر","انیڈ سی گل",6,"96 98 99 100 102","101:91 101:96 101:97 101:99 101:100 101:104"
"آفتاب عمر","ایانہ بیگ",57,"183 184 185 186 187 189 190 191 192 196 197 198 199 209 210 211 212 213 214 217 218 219 220 221 239 240 241 242 243 244 246 247 251 273 274 275 279","178:188 179:188 181:188 182:188 183:188 184:188 185:188 186:188 191:188 191:189 191:190 191:192 193:192 193:200 194:200 195:200 196:200 197:200 198:200 199:200 214:204 214:205 214:206 214:207 214:208 214:209 214:210 214:211 214:212 214:213 214:214 221:214 221:215 221:216 221:217 221:218 221:219 221:220 221:221 244:234 244:235 244:236 244:237 244:238 244:239 244:241 244:242 244:243 244:244 249:244 249:245 249:246 249:254 278:268 278:270 278:272 278:280"
"آفتاب عمر","ایانہ کی ماں",9,"196 197 198 199 200 211","191:201 193:201 194:201 195:201 196:201 197:201 198:201 199:201 214:208"
"آفتاب عمر","اینا ہیمبرگ",87,"96 98 99 100 102 121 122 124 125 145 146 149 150 155 156 161 162 163 164 165 166 168 169 170 171 173 174 178 179 180 181 182 183 184 187 188 190 191 192 193 194 195 196 199 200 213 214 218 219 220 223 244 246 248 251 273 274 276 277 281","101:92 101:96 101:97 101:98 101:99 101:103 126:116 126:117 126:118 126:119 126:123 126:125 145:146 147:146 147:151 148:151 149:151 150:151 160:151 160:153 160:162 161:162 162:162 163:162 163:164 164:164 165:164 165:165 166:165 166:166 167:166 167:170 168:170 169:170 170:170 172:170 172:174 173:174 174:174 175:174 175:181 176:181 177:181 178:181 179:181 181:181 182:181 182:182 183:182 183:183 184:183 184:184 185:184 185:190 186:190 191:190 191:191 193:191 193:193 194:193 194:194 195:194 195:196 196:196 197:196 197:201 198:201 199:201 214:212 214:215 221:215 221:216 221:217 221:218 221:219 221:225 244:244 249:244 249:248 249:254 278:268 278:271 278:274 278:275 278:276 278:277 278:285"
"آفتاب عمر","بزرگ ملازم (قصور حویلی)",19,"164 165 166 167 168 169 203 211 224 246 249 279","160:169 161:169 162:169 163:169 164:169 165:169 166:169 167:169 168:169 169:169 170:169 198:208 199:208 214:208 214:209 221:227 244:249 249:249 278:281"
"آفتاب عمر","بھانجی",19,"98 101 126 143 151 152 153 158 159 162 163 164 244 246 276","101:95 101:102 126:126 145:142 147:156 148:156 149:156 150:156 160:156 160:158 160:164 161:164 162:164 163:164 164:164 165:164 244:244 249:244 278:274"
"آفتاب عمر","بیدی",5,"161 162 163","160:163 161:163 162:163 163:163 164:163"
"آفتاب عمر","تانگے والے کا کسان",9,"125 128 140 146 147 148 149","126:124 126:131 145:135 145:148 147:148 148:148 149:148 149:149 150:149"
"آفتاب عمر","ثاقب",1,"281","278:284"
"آفتاب عمر","جرمن لڑکی (برج ساتھی)",1,"98","101:95"
"آفتاب عمر","جوان لڑکا (قصور حویلی)",2,"246 249","244:249 249:249"
"آفتاب عمر","جہاز کا نوجوان افسر",1,"100","101:99"
"آفتاب عمر","خلیق",4,"273 274 279","278:268 278:269 278:270 278:281"
"آفتاب عمر","رضا علی",1,"282","278:287"
"آفتاب عمر","سعیدہ",25,"98 126 143 146 147 152 153 158 159 196 197 198 199 200 209 216 220 244 246","101:95 126:127 145:142 145:147 147:147 148:147 148:157 149:157 150:157 160:157 160:158 160:159 191:201 193:201 194:201 195:201 196:201 197:201 198:201 199:201 214:205 214:219 221:219 244:244 249:244"
"آفتاب عمر","سلمی",2,"216 220","214:219 221:219"
"آفتاب عمر","شاہ جی حکیم پیر بخش",10,"244 247 248 249 275 276 277","244:245 249:245 249:246 249:247 249:248 249:249 278:273 278:274 278:275 278:277"
"آفتاب عمر","شیخ عمر درانہ",105,"97 100 101 123 124 126 140 141 142 143 145 146 147 148 149 150 155 156 158 159 160 161 162 163 164 165 167 168 169 170 171 172 173 174 175 176 177 178 179 180 181 182 183 184 185 187 190 191 192 193 194 195 196 197 198 199 210 211 212 214 217 218 219 223 239 241 242 244 246 247 250 279","101:94 101:99 101:101 126:120 126:121 126:122 126:123 126:126 145:136 145:137 145:138 145:139 145:140 145:141 145:145 147:145 147:146 147:147 148:147 148:148 149:148 149:149 150:149 150:150 160:150 160:151 160:152 160:157 160:158 160:160 161:160 161:161 162:161 162:162 163:162 163:163 164:163 164:164 165:164 165:165 166:165 166:169 167:169 168:169 169:169 170:169 170:170 172:170 172:171 172:172 173:172 173:173 174:173 174:174 175:174 175:175 176:175 176:176 177:176 177:177 178:177 178:178 179:178 179:179 181:179 181:182 182:182 183:182 183:183 184:183 184:184 185:184 185:185 186:185 186:189 191:189 191:191 193:191 193:193 194:193 194:195 195:195 196:195 196:197 197:197 198:197 198:199 199:199 214:207 214:208 214:209 214:210 214:214 221:214 221:215 221:218 221:225 244:234 244:239 244:240 244:244 249:244 249:246 249:251 278:281"
"آفتاب عمر","شیخ مظہر الدین",7,"199 200 201 209","194:204 195:204 196:204 197:204 198:204 199:204 214:204"
"آفتاب عمر","ظفر علی چوہان",16,"217 221 241 242 243 244 246 248 249 275 276 277 278","214:221 221:221 244:239 244:240 244:241 244:242 244:243 244:244 249:244 249:248 249:249 278:273 278:275 278:276 278:277 278:278"
"آفتاب عمر","علاقے کا مشہور سیاست دان",1,"224","221:228"
"آفتاب عمر","فاروق",71,"104 123 124 125 126 140 143 146 147 148 152 153 158 162 163 164 165 166 168 169 170 171 173 174 175 177 178 180 181 182 183 184 185 186 188 191 192 193 194 195 196 197 198 242 243 247 249 278","101:107 126:120 126:121 126:122 126:123 126:124 126:126 145:135 145:141 145:147 147:147 148:147 148:148 149:148 149:156 150:156 160:156 160:157 160:165 161:165 162:165 163:165 164:165 165:165 166:165 166:166 167:166 167:169 168:169 169:169 170:169 170:170 172:170 172:174 173:174 174:174 175:174 175:175 176:175 176:178 177:178 178:178 179:178 179:182 181:182 182:182 183:182 183:183 184:183 184:185 185:185 186:185 186:186 191:186 191:191 193:191 193:193 194:193 194:195 195:195 196:195 196:197 197:197 198:197 198:198 199:198 244:240 244:243 244:250 249:250 278:278"
"آفتاب عمر","فقیر",1,"126","126:126"
"آفتاب عمر","فیاض ایڈیٹر",5,"273 274 275 279","278:268 278:269 278:270 278:272 278:280"
"آفتاب عمر","قربان تانگے والا",6,"146 147 148 149","145:148 147:148 148:148 149:148 149:149 150:149"
"آفتاب عمر","ماجد",1,"281","278:285"
"آفتاب عمر","مارگریٹ میکنٹریٹ",1,"281","278:285"
"آفتاب عمر","مبشر",5,"273 274 275 279","278:268 278:269 278:270 278:272 278:280"
"آفتاب عمر","محترمہ سی گل",3,"96 102","101:91 101:92 101:104"
"آفتاب عمر","مرد لیکچرار (کوثر کا مبینہ عاشق)",2,"217 221","214:221 221:221"
"آفتاب عمر","مزارع",11,"172 173 174 175 176 177","167:177 168:177 169:177 170:177 172:177 173:177 174:177 175:177 176:177 177:177 178:177"
"آفتاب عمر","مسٹر بیٹی",1,"223","221:226"
"آفتاب عمر","میاں محمد (ظفر کا باپ)",3,"242 247 250","244:240 244:251 249:251"
"آفتاب عمر","میری",61,"96 97 98 99 100 101 121 122 143 161 162 183 184 185 186 187 189 190 191 192 196 197 198 199 209 210 212 214 218 219 220 222 241 242 244 247 248 249 274 275 276 277 278","101:91 101:93 101:94 101:95 101:96 101:97 101:100 101:101 126:116 126:118 126:119 145:142 160:162 161:162 162:162 163:162 178:188 179:188 181:188 182:188 183:188 184:188 185:188 186:188 191:188 191:190 191:192 193:192 193:200 194:200 195:200 196:200 197:200 198:200 199:200 214:204 214:205 214:207 214:211 214:215 221:215 221:218 221:220 221:223 244:238 244:239 244:241 244:245 249:245 249:246 249:247 249:248 249:250 278:270 278:271 278:273 278:274 278:275 278:276 278:277 278:278"
"آفتاب عمر","نجومی (کنویں والا)",2,"130 140","126:135 145:135"
"آفتاب عمر","نسیم",21,"200 201 202 209 210 211 212 213 218 222 239 240 241 273 279","195:205 196:205 197:205 198:205 199:205 214:205 214:206 214:207 214:208 214:209 214:210 214:212 214:223 221:223 244:234 244:235 244:236 244:238 278:268 278:269 278:281"
"آفتاب عمر","نواب شیر محمد خان",2,"246 249","244:249 249:249"
"آفتاب عمر","نوجوان جرمن لڑکا",1,"97","101:93"
"آفتاب عمر","نوری",6,"152 153 158 159","147:157 148:157 149:157 150:157 160:157 160:158"
"آفتاب عمر","ٹنڈا کباب والا",11,"188 189 192 193 194 195","183:193 184:193 185:193 186:193 191:193 193:193 194:193 194:194 195:194 195:195 196:195"
"آفتاب عمر","پیشیا",7,"148 149 150 155 157","145:151 147:151 148:151 149:151 150:151 160:151 160:154"
"آفتاب عمر","چوہدری (ایانہ حصہ راوی)",12,"160 161 162 163 216 219 246 248 250","160:161 161:161 162:161 162:162 163:162 163:163 164:163 214:218 221:218 244:248 249:248 249:251"
"آفتاب عمر","چوہدری نذیر",7,"160 161 162 163","160:161 161:161 162:161 162:162 163:162 163:163 164:163"
"آفتاب عمر","چپراسی",6,"149 150 151 156","145:153 147:153 148:153 149:153 150:153 160:153"
"آفتاب عمر","چین",4,"215 218 221 282","214:216 221:216 221:222 278:286"
"آفتاب عمر","کلثوم (اظہر کی بیوی)",1,"273","278:269"
"آفتاب عمر","کلرک",6,"147 148 149 225","145:149 147:149 148:149 149:149 150:149 221:230"
"آفتاب عمر","کمال (ایانہ حصّہ راوی کا بیٹا)",9,"198 199 200 201 209 213","193:203 194:203 195:203 196:203 197:203 198:203 199:203 214:204 214:213"
"آفتاب عمر","کوثر",17,"217 221 241 242 243 244 246 247 248 249 274 276 277 278","214:221 221:221 244:239 244:241 244:242 244:243 244:244 249:244 249:245 249:248 249:249 278:271 278:274 278:275 278:276 278:277 278:278"
"آفتاب عمر","کوثر کا بھائی (قیصر)",3,"243 244 246","244:243 244:244 249:244"
"آفتاب عمر","کوثر کا ماموں",2,"246 249","244:249 249:249"
"آفتاب عمر","کوثر کی ماں",5,"244 246 247 274 276","244:244 249:244 249:245 278:271 278:274"
"آفتاب عمر","گوالا",1,"125","126:125"
"آفتاب عمر","ہسپتال کے ڈاکٹر",14,"100 180 181 182 183 184 185 275 282","101:100 175:185 176:185 177:185 178:185 179:185 181:185 182:185 183:185 184:185 185:185 186:185 278:272 278:286"
"آفتاب عمر","ہنگیرین بیوی",1,"97","101:93"
"آفتاب عمر","ہنگیرین خاوند",1,"98","101:96"
"آفتاب عمر","ہیڈ کلرک",5,"147 148 149","145:149 147:149 148:149 149:149 150:149"
"احمد فیروز","اماں (آفتاب عمر کی ماں)",10,"57 59 61 63 65 66 99 101 102","62:52 62:56 62:60 62:65 66:65 66:66 98:101 101:101 102:101 102:102"
"احمد فیروز","انیڈ سی گل",11,"62 64 67 94 97 98 100 102 103","62:62 66:62 66:69 98:91 98:96 98:97 98:99 101:99 101:100 101:104 102:104"
"احمد فیروز","اینا ہیمبرگ",13,"57 60 67 69 95 97 98 99 100 102","62:52 62:53 62:59 62:72 66:72 98:92 98:96 98:97 98:98 101:98 101:99 101:103 102:103"
"احمد فیروز","بائرن",3,"58 70","62:54 62:55 66:75"
"احمد فیروز","بلانکا",4,"57 58 70","62:53 62:54 62:55 66:74"
"احمد فیروز","بھانجی",14,"57 58 59 60 61 62 64 65 70 96 100 101 102","62:52 62:53 62:54 62:57 62:59 62:60 62:63 66:63 66:64 66:75 98:95 98:102 101:102 102:102"
"احمد فیروز","تانگے والے کا کسان",1,"71","66:76"
"احمد فیروز","جرمن لڑکی (برج ساتھی)",1,"96","98:95"
"احمد فیروز","جہاز کا نوجوان افسر",2,"98 100","98:99 101:99"
"احمد فیروز","جین",1,"70","66:75"
"احمد فیروز","رابرٹ",1,"57","62:52"
"احمد فیروز","سعیدہ",2,"61 96","62:60 98:95"
"احمد فیروز","سلطان حسین",3,"59 60 70","62:56 62:58 66:74"
"احمد فیروز","شیخ عمر درانہ",12,"57 59 60 61 64 66 96 98 100 101 102","62:52 62:56 62:59 62:60 62:67 66:67 98:94 98:99 101:99 101:101 102:101 102:102"
"احمد فیروز","فاروق",6,"57 62 64 102 104","62:52 62:63 66:63 98:107 101:107 102:107"
"احمد فیروز","محترمہ سی گل",7,"64 66 94 95 101 102 103","62:66 66:66 98:91 98:92 98:104 101:104 102:104"
"احمد فیروز","میرو",1,"70","66:74"
"احمد فیروز","میری",21,"57 59 60 61 62 64 65 66 94 95 96 97 99 100 101 102","62:52 62:53 62:56 62:58 62:59 62:60 62:62 66:62 66:64 66:66 98:91 98:93 98:94 98:95 98:96 98:97 98:100 101:100 101:101 102:101 102:102"
"احمد فیروز","میٹرن",1,"57","62:52"
"احمد فیروز","نوجوان جرمن لڑکا",1,"95","98:93"
"احمد فیروز","چین",1,"60","62:58"
"احمد فیروز","ڈیوڈ (میری کا بیٹا)",1,"71","66:76"
"احمد فیروز","ڈیویڈ نٹر جیئرلڈ بائرن",1,"71","66:76"
"احمد فیروز","ہسپتال کے ڈاکٹر",2,"99 100","98:100 101:100"
"احمد فیروز","ہنگیرین بیوی",3,"63 65 95","62:64 66:64 98:93"
"احمد فیروز","ہنگیرین خاوند",5,"62 64 65 97","62:63 66:63 66:64 66:65 98:96"
"ارشاد","اماں (آفتاب عمر کی ماں)",12,"339 340 376 377 378 379 380 385 389","341:338 341:340 371:381 373:381 374:381 375:381 376:381 377:381 378:381 379:381 390:381 390:388"
"ارشاد","اکرم میر پوری",1,"336","341:332"
"ارشاد","اینا ہیمبرگ",46,"337 340 341 342 343 344 347 348 349 350 351 352 356 357 361 362 363 367 368 369 371 372 374 375 376 378 379 385 386 388","341:333 341:334 341:339 341:341 342:341 342:342 343:342 343:343 344:343 344:344 345:344 345:349 346:349 347:349 348:349 349:349 350:349 350:351 352:351 352:352 360:352 360:354 360:363 361:363 363:363 371:363 371:364 371:366 371:367 371:368 371:371 373:371 373:372 373:375 374:375 375:375 376:375 376:376 377:376 377:380 378:380 379:380 390:380 390:382 390:383 390:386"
"ارشاد","ثاقب",59,"336 337 338 339 340 341 342 343 345 346 347 348 349 350 351 352 356 357 360 361 362 363 367 368 369 370 371 372 373 374 375 376 377 378 379 385 386 389 390","341:331 341:333 341:336 341:337 341:338 341:339 341:342 342:342 343:342 343:343 344:343 344:346 345:346 346:346 347:346 347:347 348:347 348:348 349:348 349:349 350:349 350:350 352:350 352:351 352:352 360:352 360:353 360:355 360:360 361:360 361:361 363:361 363:363 371:363 371:365 371:366 371:367 371:368 371:369 371:370 371:371 373:371 373:372 373:373 374:373 374:374 375:374 375:376 376:376 377:376 377:377 378:377 378:378 379:378 379:379 390:381 390:382 390:389 390:390"
"ارشاد","حافظ آبادی مکین",24,"338 340 344 345 346 347 348 350 351 352 356 360 361 362 367 371 372","341:335 341:336 341:340 341:348 342:348 343:348 344:348 345:348 346:348 347:348 348:348 349:348 349:351 350:351 352:351 352:353 360:353 360:361 361:361 363:361 363:362 363:371 371:371 373:371"
"ارشاد","حسین شاہ",59,"336 337 338 339 340 341 342 343 344 345 346 347 348 349 350 351 352 356 357 358 359 360 361 362 367 371 372 373 374 375 376 377 378 379 390","341:332 341:333 341:334 341:335 341:336 341:337 341:340 341:341 342:341 342:342 343:342 343:343 344:343 344:344 345:344 345:345 346:345 346:346 347:346 347:347 348:347 348:348 349:348 349:349 350:349 350:350 352:350 352:351 352:352 360:352 360:353 360:354 360:355 360:356 360:357 360:358 360:359 360:360 361:360 361:361 363:361 363:362 363:371 371:371 373:371 373:373 374:373 374:374 375:374 375:375 376:375 376:376 377:376 377:377 378:377 378:378 379:378 379:379 390:390"
"ارشاد","حیدر شاہ",11,"343 344 345 346 355 356 360","341:346 342:346 343:346 344:346 345:346 346:346 347:346 350:360 352:360 360:360 361:360"
"ارشاد","سمگلر ایجنٹ",12,"339 348 349 350 351 352 356 357","341:338 343:353 344:353 345:353 346:353 347:353 348:353 349:353 350:353 352:353 360:353 360:354"
"ارشاد","شاہ جی حکیم پیر بخش",1,"338","341:336"
"ارشاد","شیخ عمر درانہ",17,"339 341 342 364 365 366 370 371 372 381 382 388 389","341:338 341:342 342:342 343:342 360:369 361:369 363:369 371:369 371:372 373:372 376:386 377:386 378:386 379:386 390:386 390:388 390:389"
"ارشاد","شیر باز",26,"336 342 343 344 346 347 350 351 352 356 357 360 361 362 373 374 375","341:332 341:343 342:343 343:343 344:343 344:344 345:344 345:347 346:347 347:347 348:347 348:353 349:353 350:353 352:353 360:353 360:355 360:361 361:361 363:361 363:362 371:375 373:375 374:375 375:375 376:375"
"ارشاد","علی محمد حافظ آبادی",4,"366 367 371 372","361:371 363:371 371:371 373:371"
"ارشاد","غلام محمد",34,"337 338 339 341 342 345 346 347 348 349 350 351 352 356 360 361 362 363 367 368 369 373 374 375 376","341:333 341:335 341:337 341:342 342:342 343:342 343:347 344:347 345:347 346:347 347:347 348:347 348:349 349:349 350:349 350:350 352:350 352:353 360:353 360:361 361:361 363:361 363:362 363:364 371:364 371:365 371:366 371:367 371:376 373:376 374:376 375:376 376:376 377:376"
"ارشاد","فاروق",36,"340 342 343 346 347 348 350 351 352 356 357 361 362 368 372 373 374 375 379 380 386 387 388 389 390","341:340 341:343 342:343 343:343 344:343 344:348 345:348 346:348 347:348 348:348 349:348 349:352 350:352 352:352 360:352 360:354 360:362 361:362 363:362 363:373 371:373 373:373 374:373 374:375 375:375 376:375 376:382 377:382 378:382 379:382 390:382 390:384 390:385 390:386 390:389 390:390"
"ارشاد","مائیکل جارج",1,"336","341:332"
"ارشاد","میر پوری مکین",15,"336 337 339 340 346 347 348 349 350 351","341:332 341:334 341:337 341:340 341:351 342:351 343:351 344:351 345:351 346:351 347:351 348:351 349:351 350:351 352:351"
"ارشاد","میرو",1,"390","390:391"
"ارشاد","میری",76,"336 337 338 339 340 341 342 343 344 345 346 347 348 349 350 351 352 356 357 358 359 360 361 362 363 367 368 369 370 371 372 373 374 375 376 377 378 379 386 387 388 389 390","341:331 341:332 341:334 341:335 341:336 341:337 341:338 341:339 341:340 341:341 342:341 342:342 343:342 343:343 344:343 344:344 345:344 345:346 346:346 347:346 347:347 348:347 348:348 349:348 349:349 350:349 350:350 352:350 352:351 352:352 360:352 360:353 360:354 360:355 360:356 360:357 360:358 360:359 360:360 361:360 361:361 363:361 363:362 363:363 371:363 371:364 371:365 371:366 371:367 371:368 371:369 371:370 371:371 373:371 373:373 374:373 374:374 375:374 375:375 376:375 376:376 377:376 377:377 378:377 378:378 379:378 379:379 390:382 390:383 390:384 390:385 390:386 390:387 390:388 390:389 390:390"
"ارشاد","میری کا آئرش ساتھی",4,"382 383 388","377:387 378:387 379:387 390:387"
"ارشاد","ٹا پسٹ",9,"375 376 377 378 379 385","371:380 373:380 374:380 375:380 376:380 377:380 378:380 379:380 390:380"
"ارشاد","چپراسی",9,"375 376 377 378 379 385","371:380 373:380 374:380 375:380 376:380 377:380 378:380 379:380 390:380"
"ارشاد","چین",4,"355 356 360","350:360 352:360 360:360 361:360"
"ارشاد","ڈسپیچر",9,"375 376 377 378 379 385","371:380 373:380 374:380 375:380 376:380 377:380 378:380 379:380 390:380"
"ارشاد","ڈیوڈ (میری کا بیٹا)",6,"381 382 388 389","376:386 377:386 378:386 379:386 390:386 390:389"
"ارشاد","ڈیویڈ نٹر جیئرلڈ بائرن",6,"381 382 388 389","376:386 377:386 378:386 379:386 390:386 390:389"
"ارشاد","کلرک",9,"375 376 377 378 379 385","371:380 373:380 374:380 375:380 376:380 377:380 378:380 379:380 390:380"
"ارشاد","ہسپتال کے ڈاکٹر",10,"337 338 377 378 379 380 386","341:334 341:335 373:382 374:382 375:382 376:382 377:382 378:382 379:382 390:382"
"ازابلا","اماں (آفتاب عمر کی ماں)",3,"25 26","21:29 22:29 24:29"
"ازابلا","اینا ہیمبرگ",6,"16 17 18 27 28","21:11 21:12 21:14 21:15 22:32 24:32"
"ازابلا","بائرن",4,"21 24 25","21:21 22:21 22:26 24:26"
"ازابلا","بلانکا",3,"22 23 24","21:24 22:24 24:24"
"ازابلا","بھانجی",5,"21 22 23 26","21:21 22:21 22:23 24:23 24:29"
"ازابلا","ثاقب",1,"20","21:20"
"ازابلا","جین",4,"21 25 26","21:21 22:21 22:28 24:28"
"ازابلا","سلطان حسین",3,"23 24","21:25 22:25 24:25"
"ازابلا","سلطان حسین کے پروفیسر",2,"27 28","22:32 24:32"
"ازابلا","شیخ عمر درانہ",4,"20 24 25","21:19 21:27 22:27 24:27"
"ازابلا","میرو",1,"16","21:12"
"ازابلا","میری",10,"16 18 19 20 21 22 23 24","21:11 21:12 21:16 21:17 21:20 21:22 22:22 24:22 24:23 24:24"
"ازابلا","چپراسی",2,"16 18","21:11 21:15"
"ازابلا","چین",4,"17 23 24 25","21:14 21:26 22:26 24:26"
"ازابلا","ڈیوڈ (میری کا بیٹا)",3,"23 24 25","21:26 22:26 24:26"
"ازابلا","ڈیویڈ نٹر جیئرلڈ بائرن",3,"23 24 25","21:26 22:26 24:26"
"ازابلا","کلرک",4,"17 18 19 20","21:14 21:16 21:17 21:19"
"ازابلا","ہیڈ کلرک",3,"17 19 20","21:14 21:17 21:19"
"اظہر","اماں (آفتاب عمر کی ماں)",27,"200 202 203 206 224 225 226 237 263 264 268 269 270 276 277 278 279 280 286 291 292","203:197 203:201 203:202 203:203 204:203 204:208 205:208 229:219 229:222 229:223 233:242 265:262 265:263 265:271 266:271 267:271 268:271 269:271 281:271 281:274 281:275 281:276 281:277 281:279 281:291 291:291 293:291"
"اظہر","امیگریشن وکیل",2,"283 288","281:285 291:285"
"اظہر","ایانہ بیگ",42,"201 202 203 204 205 224 225 226 228 229 231 232 233 261 262 263 264 265 266 267 268 269 276 280 281 286 291 292 293","203:200 203:201 203:202 203:203 204:203 204:204 205:204 205:205 229:219 229:220 229:221 229:222 229:223 229:224 229:227 229:228 229:229 233:229 233:230 233:231 233:233 265:258 265:259 265:262 265:263 265:264 265:265 266:265 266:266 267:266 267:267 268:267 268:268 269:268 269:270 281:272 281:280 281:281 291:281 291:291 293:291 293:293"
"اظہر","ایانہ کی ماں",4,"202 205 206","203:201 203:208 204:208 205:208"
"اظہر","اینا ہیمبرگ",31,"198 199 202 207 208 224 227 229 231 232 260 263 266 267 268 270 276 277 278 279 283 288 291 292 293","203:193 203:194 203:196 203:201 203:212 204:212 205:212 229:219 229:225 229:226 229:230 233:230 233:231 265:256 265:261 265:268 266:268 267:268 268:268 269:268 269:271 281:271 281:274 281:275 281:276 281:277 281:285 291:285 291:292 293:292 293:294"
"اظہر","بزرگ ملازم (قصور حویلی)",6,"205 206 228 281 286","203:208 204:208 205:208 229:227 281:281 291:281"
"اظہر","بھانجی",8,"269 270 271 277 285 290","265:274 266:274 267:274 268:274 269:274 281:274 281:289 291:289"
"اظہر","تانگے والے کا کسان",2,"230 232","229:232 233:232"
"اظہر","ثاقب",5,"282 287 288 295 296","281:284 291:284 291:286 291:300 293:300"
"اظہر","حافظ آبادی مکین",2,"296 297","291:301 293:301"
"اظہر","حسین شاہ",2,"295 296","291:300 293:300"
"اظہر","خلیق",13,"265 266 267 268 269 281 286 291 292 293","265:265 266:265 266:267 267:267 268:267 268:268 269:268 269:269 281:281 291:281 291:291 293:291 293:293"
"اظہر","رضا علی",5,"284 289 290","281:287 291:287 291:288 291:289 291:290"
"اظہر","سعیدہ",7,"202 204 205 224 265","203:201 203:205 204:205 205:205 229:219 265:265 266:265"
"اظہر","سلمی",1,"224","229:219"
"اظہر","سمگلر ایجنٹ",2,"285 290","281:290 291:290"
"اظہر","شاہ جی حکیم پیر بخش",12,"262 263 269 270 271 277 278 279","265:260 265:261 265:262 265:273 266:273 267:273 268:273 269:273 281:273 281:274 281:275 281:277"
"اظہر","شیخ عمر درانہ",25,"198 199 200 201 205 206 227 228 229 231 232 233 261 265 281 286 288 289 290 294 295","203:193 203:195 203:197 203:199 203:207 204:207 205:207 229:225 229:227 229:229 233:229 233:230 233:231 233:232 233:234 265:258 265:265 266:265 281:281 291:281 291:286 291:287 291:289 291:298 293:298"
"اظہر","شیخ مظہر الدین",3,"203 204","203:204 204:204 205:204"
"اظہر","ظفر علی چوہان",30,"225 226 227 228 229 231 232 236 260 261 262 263 269 270 271 277 278 279 280 294 295","229:221 229:222 229:223 229:224 229:225 229:226 229:227 229:230 233:230 233:232 233:239 265:256 265:257 265:258 265:259 265:261 265:262 265:273 266:273 267:273 268:273 269:273 281:273 281:275 281:276 281:277 281:278 281:279 291:298 293:298"
"اظہر","علاقے کا مشہور سیاست دان",1,"228","229:228"
"اظہر","غلام محمد",3,"291 292 296","291:292 293:292 293:300"
"اظہر","فاروق",16,"198 199 200 236 262 273 279 283 288 290 291 292 293","203:193 203:195 203:197 203:198 233:240 265:260 268:278 269:278 281:278 281:285 291:285 291:286 291:289 291:291 293:291 293:293"
"اظہر","فیاض ایڈیٹر",15,"265 266 267 268 269 276 280 286 291 292 293","265:265 266:265 266:266 267:266 267:267 268:267 268:268 269:268 269:269 281:272 281:280 281:291 291:291 293:291 293:294"
"اظہر","ماجد",2,"283 288","281:285 291:285"
"اظہر","مارگریٹ میکنٹریٹ",2,"283 288","281:285 291:285"
"اظہر","مبشر",12,"265 266 267 268 269 276 280 292 293","265:265 266:265 266:267 267:267 268:267 268:268 269:268 269:269 281:272 281:280 291:293 293:293"
"اظہر","مرد لیکچرار (کوثر کا مبینہ عاشق)",1,"225","229:221"
"اظہر","مسٹر بیٹی",1,"227","229:226"
"اظہر","میاں محمد (ظفر کا باپ)",3,"230 232 236","229:232 233:232 233:240"
"اظہر","میر پوری مکین",2,"295 296","291:300 293:300"
"اظہر","میری",50,"201 202 203 204 205 224 226 227 228 229 231 232 233 260 261 262 263 265 266 267 269 276 277 278 279 280 281 286 288 289 291 292 293","203:200 203:201 203:203 204:203 204:204 205:204 205:205 229:220 229:223 229:224 229:225 229:226 229:228 229:229 233:229 233:232 233:233 265:255 265:257 265:258 265:259 265:260 265:261 265:262 265:265 266:265 266:266 267:266 267:267 268:267 268:270 269:270 281:271 281:273 281:274 281:275 281:276 281:277 281:278 281:279 281:281 291:281 291:282 291:285 291:286 291:287 291:288 291:292 293:292 293:294"
"اظہر","نسیم",25,"204 205 226 228 229 231 232 233 264 265 266 267 268 269 281 286 291 292 293","203:205 204:205 205:205 229:223 229:224 229:228 229:229 233:229 233:231 233:233 265:263 265:264 265:266 266:266 267:266 267:267 268:267 268:268 269:268 269:269 281:281 291:281 291:291 293:291 293:293"
"اظہر","نوجوان عورت (چائے دینے والی)",1,"262","265:260"
"اظہر","ٹنڈا کباب والا",3,"198 199","203:193 203:194 203:195"
"اظہر","چین",5,"225 283 288 293 294","229:222 281:286 291:286 291:295 293:295"
"اظہر","کلثوم (اظہر کی بیوی)",12,"265 266 267 268 269 286 291 292 293","265:265 266:265 266:266 267:266 267:267 268:267 268:269 269:269 281:291 291:291 293:291 293:293"
"اظہر","کلرک",2,"229 231","229:230 233:230"
"اظہر","کمال (ایانہ حصّہ راوی کا بیٹا)",5,"203 204 209","203:203 204:203 204:204 205:204 205:213"
"اظہر","کوثر",18,"225 234 236 262 263 268 269 270 276 277 278 279 280","229:221 229:239 233:239 265:259 265:261 265:262 265:271 266:271 267:271 268:271 269:271 281:271 281:274 281:275 281:276 281:277 281:278 281:279"
"اظہر","کوثر کا بھائی (قیصر)",1,"238","233:243"
"اظہر","کوثر کی ماں",8,"263 268 269 270 276 277","265:262 265:271 266:271 267:271 268:271 269:271 281:271 281:274"
"اظہر","ہسپتال کے ڈاکٹر",10,"268 269 270 276 283 288 291 292","265:272 266:272 267:272 268:272 269:272 281:272 281:286 291:286 291:292 293:292"
"اماں (آفتاب عمر کی ماں)","امیگریشن وکیل",5,"280 281 282 288","275:285 276:285 277:285 279:285 291:285"
"اماں (آفتاب عمر کی ماں)","انیڈ سی گل",20,"57 59 61 63 67 69 70 96 98 99 100 102 103 104 109 114","52:62 56:62 60:62 65:62 65:69 66:69 69:69 70:69 70:70 101:91 101:96 101:97 101:99 101:100 101:104 102:104 104:104 105:104 105:114 115:114"
"اماں (آفتاب عمر کی ماں)","اکرم میر پوری",6,"324 326 333 334 335","319:329 323:329 324:329 338:329 338:330 338:332"
"اماں (آفتاب عمر کی ماں)","ایانہ بیگ",81,"183 189 190 191 192 194 198 200 201 202 203 205 206 207 208 211 212 213 214 215 217 218 219 220 221 222 223 237 238 239 240 241 242 243 244 245 248 249 253 258 260 262 263 267 268 269 270 271 273 277 278 279 286 291","178:188 179:188 191:188 191:189 191:190 191:192 192:192 197:192 197:200 201:200 201:201 202:201 202:202 203:202 203:203 208:203 208:204 208:205 208:206 208:207 208:208 214:208 214:209 214:210 214:211 214:212 214:213 214:214 215:214 215:215 219:215 219:216 219:217 219:218 219:219 222:219 222:220 222:221 222:222 223:222 223:223 242:233 242:234 242:235 242:236 242:237 242:238 242:239 242:241 242:242 243:242 243:243 244:243 244:244 245:244 245:245 252:245 252:246 252:254 262:254 262:258 262:259 262:262 263:262 263:263 271:263 271:264 271:265 271:266 271:267 271:268 271:270 271:272 274:272 274:280 275:280 276:280 277:280 279:280 291:281 291:291"
"اماں (آفتاب عمر کی ماں)","ایانہ کی ماں",9,"196 199 201 205 208 211","191:201 192:201 197:201 201:201 202:201 202:208 203:208 208:208 214:208"
"اماں (آفتاب عمر کی ماں)","اینا ہیمبرگ",136,"30 31 32 42 43 44 49 50 51 52 54 57 59 68 69 70 71 96 98 99 100 102 103 104 110 115 119 120 121 123 126 127 141 143 154 155 160 161 162 163 164 168 169 171 173 176 179 180 186 187 190 191 192 195 196 199 201 207 210 213 214 215 217 218 219 220 223 224 243 244 246 250 253 258 259 261 265 269 271 272 274 275 276 277 278 282 288 291 314 318 319 321 322 326 327 334 335 336 338 339 340 376 378 380 381 385 387","29:32 30:32 32:32 47:37 47:40 47:41 47:51 48:51 49:51 50:51 51:51 52:51 52:52 56:52 56:53 56:59 60:59 65:72 66:72 69:72 70:72 101:92 101:96 101:97 101:98 101:99 101:103 102:103 104:103 104:104 105:104 105:115 115:115 123:115 123:116 123:117 123:118 123:119 123:123 130:123 130:125 136:146 141:146 158:151 158:153 158:162 160:162 161:162 163:162 163:164 164:164 172:164 172:165 172:166 172:170 172:174 178:174 178:181 179:181 191:181 191:182 191:183 191:184 191:190 191:191 192:191 192:193 197:193 197:194 197:196 197:201 201:201 202:201 202:212 203:212 208:212 214:212 214:215 215:215 219:215 219:216 219:217 219:218 219:219 222:219 222:225 223:225 242:244 243:244 244:244 245:244 245:248 252:248 252:254 262:254 262:256 262:261 262:268 263:268 271:268 271:271 274:271 274:274 275:274 275:275 276:275 276:276 277:276 277:277 279:277 279:285 291:285 291:292 319:309 319:310 319:318 319:319 323:319 323:321 323:330 324:330 338:330 338:333 338:334 338:339 340:339 340:341 381:371 381:372 381:375 381:376 381:380 381:382 388:382 388:383 388:386"
"اماں (آفتاب عمر کی ماں)","بائرن",26,"25 27 28 29 30 31 34 42 43 44 45 47 51 52 53 55 70 72","29:21 29:26 29:27 29:28 29:29 30:29 30:30 32:30 32:37 47:37 47:39 47:42 47:43 47:47 48:47 48:54 49:54 50:54 51:54 52:54 56:54 56:55 65:75 66:75 69:75 70:75"
"اماں (آفتاب عمر کی ماں)","بزرگ ملازم (قصور حویلی)",27,"164 165 166 170 204 205 208 211 223 224 225 245 246 247 250 251 276 277 278 279 280 286","160:169 161:169 163:169 164:169 172:169 201:208 202:208 203:208 208:208 214:208 214:209 219:227 222:227 223:227 242:249 243:249 244:249 245:249 252:249 252:250 271:281 274:281 275:281 276:281 277:281 279:281 291:281"
"اماں (آفتاب عمر کی ماں)","بلانکا",27,"26 27 28 29 30 31 35 42 43 44 49 50 51 52 54 55 69 70 71 72","29:24 29:25 29:26 29:27 29:29 30:29 30:30 32:30 32:38 47:38 47:39 47:41 47:42 47:51 48:51 49:51 50:51 51:51 52:51 52:53 56:53 56:54 56:55 65:74 66:74 69:74 70:74"
"اماں (آفتاب عمر کی ماں)","بھانجی",62,"25 26 29 34 35 43 48 49 51 52 54 55 56 58 59 60 62 64 70 72 98 101 102 103 124 128 129 131 134 139 141 157 158 159 162 163 164 168 243 244 272 274 284 290 319 321 323","29:21 29:23 29:29 30:29 30:39 32:39 47:39 47:49 48:49 49:49 50:49 50:52 51:52 52:52 56:52 56:53 56:54 56:57 60:57 60:59 60:60 65:60 65:63 65:64 65:75 66:75 69:75 70:75 101:95 101:102 102:102 104:102 123:126 130:126 130:127 130:128 130:129 130:132 136:132 136:142 141:142 158:156 158:158 160:158 160:164 161:164 163:164 164:164 172:164 242:244 243:244 244:244 245:244 271:274 274:274 275:274 279:289 291:289 319:320 323:320 323:323 324:323"
"اماں (آفتاب عمر کی ماں)","بیدی",5,"160 161 162 163","158:163 160:163 161:163 163:163 164:163"
"اماں (آفتاب عمر کی ماں)","تانگے والے کا کسان",15,"71 72 73 119 123 127 130 133 135 144 153 227 237","66:76 69:76 70:76 115:124 123:124 130:124 130:131 136:131 136:135 141:148 158:148 158:149 222:232 223:232 242:232"
"اماں (آفتاب عمر کی ماں)","ثاقب",42,"24 279 280 281 287 288 295 314 315 316 317 319 321 322 323 324 334 335 337 338 339 341 376 377 378 379 380 381 384 385 388","29:20 274:284 275:284 276:284 277:284 279:284 291:284 291:286 291:300 319:309 319:311 319:312 319:314 319:315 319:319 323:319 323:320 323:321 323:322 323:323 324:323 324:325 338:331 338:333 338:336 338:337 338:338 340:338 340:339 340:342 381:371 381:372 381:373 381:374 381:376 381:377 381:378 381:379 381:381 388:381 388:382 388:389"
"اماں (آفتاب عمر کی ماں)","جرمن لڑکی (برج ساتھی)",1,"98","101:95"
"اماں (آفتاب عمر کی ماں)","جمیکے جارج",3,"321 323 324","319:324 323:324 324:324"
"اماں (آفتاب عمر کی ماں)","جوان لڑکا (قصور حویلی)",5,"245 246 247 250","242:249 243:249 244:249 245:249 252:249"
"اماں (آفتاب عمر کی ماں)","جہاز کا نوجوان افسر",1,"100","101:99"
"اماں (آفتاب عمر کی ماں)","جین",11,"25 28 29 30 31 35 42 70 72","29:21 29:28 29:30 30:30 32:30 32:38 47:38 65:75 66:75 69:75 70:75"
"اماں (آفتاب عمر کی ماں)","حافظ آبادی مکین",13,"296 319 321 324 325 333 334 336 337 339 340 376","291:301 319:320 323:320 323:326 324:326 338:328 338:329 338:330 338:335 338:336 338:340 340:340 381:371"
"اماں (آفتاب عمر کی ماں)","حسین شاہ",33,"295 314 315 316 317 319 321 322 323 324 333 334 335 336 337 339 340 376 377 378 379 380 385 389","291:300 319:309 319:310 319:312 319:314 319:315 319:320 323:320 323:322 323:323 324:323 324:325 338:328 338:329 338:330 338:332 338:333 338:334 338:335 338:336 338:337 338:340 340:340 381:371 381:373 381:374 381:375 381:376 381:377 381:378 381:379 381:390 388:390"
"اماں (آفتاب عمر کی ماں)","حیدر شاہ",2,"342 343","338:346 340:346"
"اماں (آفتاب عمر کی ماں)","خلیق",15,"263 264 268 269 270 276 277 278 279 280 286 291","262:265 263:265 271:265 271:267 271:268 271:269 271:270 271:281 274:281 275:281 276:281 277:281 279:281 291:281 291:291"
"اماں (آفتاب عمر کی ماں)","رابرٹ",7,"49 50 51 52 54","47:52 48:52 49:52 50:52 51:52 52:52 56:52"
"اماں (آفتاب عمر کی ماں)","رضا علی",6,"282 283 289 290","277:287 279:287 291:287 291:288 291:289 291:290"
"اماں (آفتاب عمر کی ماں)","سعیدہ",39,"55 56 58 60 62 98 125 128 129 130 133 134 139 141 157 158 159 196 199 201 203 204 206 216 217 219 220 243 244 263 264 268","50:60 51:60 52:60 56:60 60:60 65:60 101:95 123:127 130:127 130:128 130:129 130:130 136:130 136:132 136:142 141:142 158:157 158:158 160:158 160:159 191:201 192:201 197:201 201:201 202:201 202:205 203:205 208:205 214:219 215:219 219:219 222:219 242:244 243:244 244:244 245:244 262:265 263:265 271:265"
"اماں (آفتاب عمر کی ماں)","سلطان حسین",26,"27 28 29 30 31 33 43 45 46 49 50 51 54 56 58 59 69 70 71 72","29:25 29:26 29:28 29:29 30:29 30:30 32:30 32:35 47:39 47:40 47:43 47:45 47:51 48:51 49:51 50:51 51:51 52:51 52:56 56:56 60:56 60:58 65:74 66:74 69:74 70:74"
"اماں (آفتاب عمر کی ماں)","سلطان حسین کے پروفیسر",5,"30 31 32 42","29:32 30:32 32:32 47:37 47:38"
"اماں (آفتاب عمر کی ماں)","سلمی",4,"216 217 219 220","214:219 215:219 219:219 222:219"
"اماں (آفتاب عمر کی ماں)","سمگلر ایجنٹ",9,"290 314 324 326 333 334 338 339","291:290 319:309 319:329 323:329 324:329 338:329 338:330 338:338 340:338"
"اماں (آفتاب عمر کی ماں)","شاہ جی حکیم پیر بخش",27,"243 244 245 248 249 250 251 252 257 261 262 268 272 273 274 275 276 277 278 337","242:245 243:245 244:245 245:245 252:245 252:246 252:247 252:248 252:249 252:250 252:252 262:252 262:260 262:261 262:262 263:262 263:273 271:273 274:273 274:274 275:274 275:275 276:275 276:277 277:277 279:277 338:336"
"اماں (آفتاب عمر کی ماں)","شیخ عمر درانہ",160,"24 28 45 47 48 49 50 51 52 54 56 58 59 60 62 66 68 71 97 100 101 102 103 105 106 111 112 117 121 122 123 126 128 129 130 133 134 135 136 138 139 140 141 153 154 155 157 158 159 160 161 162 163 164 168 170 171 172 175 176 177 178 179 186 187 188 190 191 192 195 196 197 199 200 204 205 207 208 211 212 214 215 217 218 222 223 224 237 238 240 241 243 244 245 249 251 253 258 260 263 264 268 276 277 278 279 280 286 288 289 290 294 319 321 323 324 333 338 339 341 376 383 387 388","29:19 29:27 47:44 47:47 48:47 48:48 49:48 49:49 50:49 50:50 51:50 51:52 52:52 56:52 56:56 60:56 60:59 60:60 65:60 65:67 66:67 69:67 69:73 70:73 101:94 101:99 101:101 102:101 102:102 104:102 104:107 105:107 115:107 115:108 115:109 115:110 115:120 123:120 123:121 123:122 123:123 130:123 130:126 130:127 130:128 130:129 130:130 136:130 136:131 136:132 136:133 136:134 136:136 141:136 141:137 141:138 141:139 141:140 141:141 158:148 158:149 158:150 158:151 158:152 158:157 158:158 160:158 160:160 161:160 161:161 163:161 163:162 163:163 164:163 164:164 172:164 172:165 172:169 172:170 172:171 172:172 178:172 178:173 178:174 178:175 178:176 178:177 178:178 179:178 179:179 191:182 191:183 191:184 191:185 191:189 191:191 192:191 192:193 197:193 197:195 197:197 201:197 201:199 201:207 202:207 203:207 208:207 208:208 214:208 214:209 214:210 214:214 215:214 215:215 219:215 219:218 219:225 222:225 223:225 242:232 242:234 242:239 242:240 242:244 243:244 244:244 245:244 245:246 252:246 252:251 252:254 262:254 262:258 262:265 263:265 271:265 271:281 274:281 275:281 276:281 277:281 279:281 291:281 291:286 291:287 291:289 291:298 319:319 323:319 323:323 324:323 324:324 338:328 338:338 340:338 340:342 381:372 381:386 388:386 388:388"
"اماں (آفتاب عمر کی ماں)","شیخ مظہر الدین",5,"200 202 203 206","197:204 201:204 202:204 203:204 208:204"
"اماں (آفتاب عمر کی ماں)","شیر باز",8,"323 325 326 333 335 340 341 378","319:328 323:328 324:328 338:328 338:332 338:343 340:343 381:375"
"اماں (آفتاب عمر کی ماں)","ظفر علی چوہان",44,"217 218 220 221 222 223 237 240 241 242 243 244 246 250 251 252 257 258 259 260 261 262 268 272 273 274 275 276 277 278 279 294","214:221 215:221 219:221 222:221 222:222 223:222 223:223 242:232 242:239 242:240 242:241 242:242 243:242 243:243 244:243 244:244 245:244 245:248 252:248 252:249 252:251 252:253 262:253 262:254 262:256 262:257 262:258 262:259 262:261 262:262 263:262 263:273 271:273 274:273 274:275 275:275 276:275 276:276 277:276 277:277 279:277 279:278 279:279 291:298"
"اماں (آفتاب عمر کی ماں)","علاقے کا مشہور سیاست دان",3,"223 225","219:228 222:228 223:228"
"اماں (آفتاب عمر کی ماں)","علی محمد حافظ آبادی",1,"376","381:371"
"اماں (آفتاب عمر کی ماں)","غلام محمد",22,"291 314 315 316 317 318 319 321 322 324 325 335 336 337 340 341 378","291:292 319:309 319:310 319:311 319:312 319:314 319:315 319:316 319:317 319:318 319:319 323:319 323:320 323:322 323:326 324:326 338:333 338:335 338:337 338:342 340:342 381:376"
"اماں (آفتاب عمر کی ماں)","فاروق",98,"36 44 49 50 51 52 54 59 61 64 104 105 106 111 112 113 117 121 122 123 126 127 128 130 133 134 135 138 141 153 157 161 162 163 164 168 169 170 171 173 176 178 180 186 187 188 191 192 195 196 197 199 241 242 243 247 251 252 257 261 274 276 277 278 282 288 290 291 339 340 377 378 381 385 386 387 388","32:41 47:41 47:52 48:52 49:52 50:52 51:52 52:52 56:52 56:63 60:63 65:63 101:107 102:107 104:107 105:107 115:107 115:108 115:109 115:110 115:112 115:120 123:120 123:121 123:122 123:123 130:123 130:124 130:126 130:131 136:131 136:132 136:133 136:134 136:135 136:141 141:141 158:148 158:156 158:157 158:165 160:165 161:165 163:165 164:165 172:165 172:166 172:169 172:170 172:174 178:174 178:175 178:178 179:178 179:182 191:182 191:183 191:185 191:186 191:191 192:191 192:193 197:193 197:195 197:197 201:197 201:198 242:240 242:243 243:243 244:243 244:250 245:250 252:250 252:252 262:252 262:260 271:278 274:278 275:278 276:278 277:278 279:278 279:285 291:285 291:286 291:289 291:291 338:340 340:340 381:373 381:375 381:382 388:382 388:384 388:385 388:386 388:389"
"اماں (آفتاب عمر کی ماں)","فقیر",2,"124 128","123:126 130:126"
"اماں (آفتاب عمر کی ماں)","فیاض ایڈیٹر",16,"263 264 268 269 270 271 273 277 278 279 291","262:265 263:265 271:265 271:266 271:267 271:268 271:269 271:270 271:272 274:272 274:280 275:280 276:280 277:280 279:280 291:291"
"اماں (آفتاب عمر کی ماں)","قربان تانگے والا",3,"144 153","141:148 158:148 158:149"
"اماں (آفتاب عمر کی ماں)","مائیکل جارج",3,"327 328 335","323:332 324:332 338:332"
"اماں (آفتاب عمر کی ماں)","ماجد",5,"280 281 282 288","275:285 276:285 277:285 279:285 291:285"
"اماں (آفتاب عمر کی ماں)","مارگریٹ میکنٹریٹ",5,"280 281 282 288","275:285 276:285 277:285 279:285 291:285"
"اماں (آفتاب عمر کی ماں)","مبشر",15,"263 264 268 269 270 271 273 277 278 279 292","262:265 263:265 271:265 271:267 271:268 271:269 271:270 271:272 274:272 274:280 275:280 276:280 277:280 279:280 291:293"
"اماں (آفتاب عمر کی ماں)","محترمہ سی گل",15,"61 63 65 66 67 96 102 103 104 109 114 115 119","56:66 60:66 65:66 66:66 69:66 101:91 101:92 101:104 102:104 104:104 105:104 105:114 115:114 115:115 123:115"
"اماں (آفتاب عمر کی ماں)","مرد لیکچرار (کوثر کا مبینہ عاشق)",4,"217 218 220 221","214:221 215:221 219:221 222:221"
"اماں (آفتاب عمر کی ماں)","مزارع",2,"174 177","172:177 178:177"
"اماں (آفتاب عمر کی ماں)","مسٹر بیٹی",3,"222 224","219:226 222:226 223:226"
"اماں (آفتاب عمر کی ماں)","میاں محمد (ظفر کا باپ)",11,"227 237 241 246 247 248 251 252 257","222:232 223:232 242:232 242:240 242:251 243:251 244:251 245:251 252:251 252:253 262:253"
"اماں (آفتاب عمر کی ماں)","میر پوری مکین",11,"295 324 326 333 334 335 336 337 339 340","291:300 319:329 323:329 324:329 338:329 338:330 338:332 338:334 338:337 338:340 340:340"
"اماں (آفتاب عمر کی ماں)","میرو",12,"32 33 46 47 69 70 71 72 386 389","29:35 30:35 32:35 47:46 47:47 48:47 65:74 66:74 69:74 70:74 381:391 388:391"
"اماں (آفتاب عمر کی ماں)","میری",183,"24 25 26 27 28 29 30 31 32 42 43 44 45 46 47 48 49 50 51 52 54 56 58 59 60 62 63 64 65 66 67 68 69 70 96 97 98 99 100 101 102 103 110 115 119 120 121 139 141 160 161 162 183 189 190 191 192 194 198 200 201 202 203 205 206 207 209 212 214 215 217 218 219 221 222 223 237 240 241 243 244 245 248 249 250 251 252 257 258 259 260 261 262 264 268 269 270 271 272 273 274 275 276 277 278 279 286 288 289 291 317 318 320 322 323 324 333 334 335 336 337 338 339 340 376 377 378 379 380 381 385 386 387 388","29:20 29:22 29:23 29:24 29:26 29:28 29:30 30:30 32:30 32:31 32:32 47:37 47:40 47:41 47:43 47:44 47:45 47:47 48:47 48:48 49:48 49:49 50:49 50:51 51:51 52:51 52:52 56:52 56:53 56:56 60:56 60:58 60:59 60:60 65:60 65:62 65:64 65:66 66:66 69:66 69:67 69:69 70:69 70:71 101:91 101:93 101:94 101:95 101:96 101:97 101:100 101:101 102:101 102:102 104:102 104:103 105:115 115:115 123:115 123:116 123:118 123:119 136:142 141:142 158:162 160:162 161:162 163:162 178:188 179:188 191:188 191:190 191:192 192:192 197:192 197:200 201:200 201:201 202:201 202:203 203:203 208:203 208:204 208:205 208:207 208:211 214:211 214:215 215:215 219:215 219:218 219:220 222:220 222:223 223:223 242:232 242:233 242:238 242:239 242:241 242:245 243:245 244:245 245:245 252:245 252:246 252:247 252:248 252:250 252:252 262:252 262:255 262:257 262:258 262:259 262:260 262:261 262:262 263:262 263:265 271:265 271:266 271:267 271:270 271:271 274:271 274:273 274:274 275:274 275:275 276:275 276:276 277:276 277:277 279:277 279:278 279:279 291:281 291:282 291:285 291:286 291:287 291:288 291:292 319:315 319:316 319:317 319:318 319:321 323:321 323:322 323:323 324:323 324:324 338:328 338:329 338:330 338:331 338:332 338:334 338:335 338:336 338:337 338:338 340:338 340:339 340:340 381:371 381:373 381:374 381:375 381:376 381:377 381:378 381:379 381:382 388:382 388:383 388:384 388:385 388:386 388:387 388:388"
"اماں (آفتاب عمر کی ماں)","میری کا آئرش ساتھی",5,"321 323 324 384 387","319:324 323:324 324:324 381:387 388:387"
"اماں (آفتاب عمر کی ماں)","میری کی ماں",3,"321 323","319:323 323:323 324:323"
"اماں (آفتاب عمر کی ماں)","میٹرن",7,"49 50 51 52 54","47:52 48:52 49:52 50:52 51:52 52:52 56:52"
"اماں (آفتاب عمر کی ماں)","نجومی (کنویں والا)",2,"132 135","130:135 136:135"
"اماں (آفتاب عمر کی ماں)","نسیم",38,"201 203 204 206 207 208 211 212 213 218 219 221 222 223 237 238 239 240 262 263 267 268 269 270 276 277 278 279 280 286 291","197:205 201:205 202:205 203:205 208:205 208:206 208:207 208:208 214:208 214:209 214:210 214:212 214:223 215:223 219:223 222:223 223:223 242:233 242:234 242:235 242:236 242:238 262:263 263:263 271:263 271:264 271:266 271:267 271:268 271:269 271:281 274:281 275:281 276:281 277:281 279:281 291:281 291:291"
"اماں (آفتاب عمر کی ماں)","نواب شیر محمد خان",5,"245 246 247 250","242:249 243:249 244:249 245:249 252:249"
"اماں (آفتاب عمر کی ماں)","نوجوان جرمن لڑکا",1,"97","101:93"
"اماں (آفتاب عمر کی ماں)","نوجوان عورت (چائے دینے والی)",5,"45 256 261 319 321","47:44 252:260 262:260 319:320 323:320"
"اماں (آفتاب عمر کی ماں)","نوری",3,"157 158 159","158:157 158:158 160:158"
"اماں (آفتاب عمر کی ماں)","ٹا پسٹ",1,"380","381:380"
"اماں (آفتاب عمر کی ماں)","ٹنڈا کباب والا",5,"192 195 196","191:193 192:193 197:193 197:194 197:195"
"اماں (آفتاب عمر کی ماں)","پیشیا",3,"146 154 156","141:151 158:151 158:154"
"اماں (آفتاب عمر کی ماں)","چوہدری (ایانہ حصہ راوی)",17,"159 160 161 162 163 213 216 218 245 246 250 251","158:161 160:161 161:161 163:161 163:162 163:163 164:163 208:218 214:218 215:218 219:218 242:248 243:248 244:248 245:248 252:248 252:251"
"اماں (آفتاب عمر کی ماں)","چوہدری نذیر",7,"159 160 161 162 163","158:161 160:161 161:161 163:161 163:162 163:163 164:163"
"اماں (آفتاب عمر کی ماں)","چپراسی",2,"155 380","158:153 381:380"
"اماں (آفتاب عمر کی ماں)","چین",27,"27 29 37 44 53 54 55 57 59 108 109 114 212 215 217 220 222 281 282 288 293","29:26 29:29 30:29 32:42 47:42 48:58 49:58 50:58 51:58 52:58 56:58 60:58 104:113 105:113 115:113 208:216 214:216 215:216 219:216 219:222 222:222 223:222 276:286 277:286 279:286 291:286 291:295"
"اماں (آفتاب عمر کی ماں)","ڈسپیچر",1,"380","381:380"
"اماں (آفتاب عمر کی ماں)","ڈیوڈ (میری کا بیٹا)",7,"27 71 72 73 383 387 388","29:26 66:76 69:76 70:76 381:386 388:386 388:389"
"اماں (آفتاب عمر کی ماں)","ڈیویڈ نٹر جیئرلڈ بائرن",7,"27 71 72 73 383 387 388","29:26 66:76 69:76 70:76 381:386 388:386 388:389"
"اماں (آفتاب عمر کی ماں)","کلثوم (اظہر کی بیوی)",7,"263 264 268 269 270 291","262:265 263:265 271:265 271:266 271:267 271:269 291:291"
"اماں (آفتاب عمر کی ماں)","کلرک",6,"24 145 153 226 380","29:19 141:149 158:149 222:230 223:230 381:380"
"اماں (آفتاب عمر کی ماں)","کمال (ایانہ حصّہ راوی کا بیٹا)",8,"200 202 203 205 206 210 213","197:203 201:203 202:203 203:203 208:203 208:204 208:213 214:213"
"اماں (آفتاب عمر کی ماں)","کوثر",37,"217 218 220 221 240 241 242 243 244 245 248 250 251 252 257 260 261 262 267 271 272 274 275 276 277 278 279","214:221 215:221 219:221 222:221 242:239 242:241 242:242 243:242 243:243 244:243 244:244 245:244 245:245 252:245 252:248 252:249 252:251 252:252 262:252 262:253 262:259 262:261 262:262 263:262 263:271 271:271 274:271 274:274 275:274 275:275 276:275 276:276 277:276 277:277 279:277 279:278 279:279"
"اماں (آفتاب عمر کی ماں)","کوثر کا بھائی (قیصر)",5,"242 243 244","242:243 243:243 244:243 244:244 245:244"
"اماں (آفتاب عمر کی ماں)","کوثر کا ماموں",5,"245 246 247 250","242:249 243:249 244:249 245:249 252:249"
"اماں (آفتاب عمر کی ماں)","کوثر کی ماں",14,"243 244 245 248 257 262 267 271 272 274","242:244 243:244 244:244 245:244 245:245 252:245 252:262 262:262 263:262 263:271 271:271 274:271 274:274 275:274"
"اماں (آفتاب عمر کی ماں)","گوالا",3,"120 124 127","115:125 123:125 130:125"
"اماں (آفتاب عمر کی ماں)","ہسپتال کے ڈاکٹر",23,"47 48 100 181 182 188 267 271 273 281 282 288 291 319 321 329 336 381 385","47:48 48:48 49:48 101:100 178:185 179:185 191:185 262:272 263:272 271:272 274:272 276:286 277:286 279:286 291:286 291:292 319:320 323:320 324:334 338:334 338:335 381:382 388:382"
"اماں (آفتاب عمر کی ماں)","ہنگیرین بیوی",4,"60 62 64 97","56:64 60:64 65:64 101:93"
"اماں (آفتاب عمر کی ماں)","ہنگیرین خاوند",7,"59 61 64 65 98","56:63 60:63 65:63 65:64 65:65 66:65 101:96"
"اماں (آفتاب عمر کی ماں)","ہیڈ کلرک",3,"24 145 153","29:19 141:149 158:149"
"امیگریشن وکیل","ایانہ بیگ",3,"282 283 288","285:280 285:281 285:291"
"امیگریشن وکیل","اینا ہیمبرگ",4,"280 281 285","285:275 285:276 285:277 285:285"
"امیگریشن وکیل","بزرگ ملازم (قصور حویلی)",1,"283","285:281"
"امیگریشن وکیل","بھانجی",1,"287","285:289"
"امیگریشن وکیل","ثاقب",2,"284 285","285:284 285:286"
"امیگریشن وکیل","خلیق",2,"283 288","285:281 285:291"
"امیگریشن وکیل","رضا علی",1,"286","285:287"
"امیگریشن وکیل","سمگلر ایجنٹ",1,"287","285:290"
"امیگریشن وکیل","شاہ جی حکیم پیر بخش",2,"280 281","285:275 285:277"
"امیگریشن وکیل","شیخ عمر درانہ",2,"283 285","285:281 285:286"
"امیگریشن وکیل","ظفر علی چوہان",5,"280 281 282","285:275 285:276 285:277 285:278 285:279"
"امیگریشن وکیل","غلام محمد",1,"288","285:292"
"امیگریشن وکیل","فاروق",2,"281 285","285:278 285:285"
"امیگریشن وکیل","فیاض ایڈیٹر",2,"282 288","285:280 285:291"
"امیگریشن وکیل","ماجد",1,"285","285:285"
"امیگریشن وکیل","مارگریٹ میکنٹریٹ",1,"285","285:285"
"امیگریشن وکیل","مبشر",2,"282 289","285:280 285:293"
"امیگریشن وکیل","میری",8,"280 281 282 283 285","285:275 285:276 285:277 285:278 285:279 285:281 285:282 285:285"
"امیگریشن وکیل","نسیم",2,"283 288","285:281 285:291"
"امیگریشن وکیل","چین",1,"285","285:286"
"امیگریشن وکیل","کلثوم (اظہر کی بیوی)",1,"288","285:291"
"امیگریشن وکیل","کوثر",5,"280 281 282","285:275 285:276 285:277 285:278 285:279"
"امیگریشن وکیل","ہسپتال کے ڈاکٹر",1,"285","285:286"
"انیڈ سی گل","اینا ہیمبرگ",27,"57 60 67 70 71 72 86 87 88 89 91 94 96 97 98 99 101 103 104 109 114","62:52 62:53 62:59 62:72 69:72 70:72 72:72 91:81 91:82 91:84 91:85 91:86 91:87 91:92 96:92 96:96 97:96 97:97 99:97 99:98 99:99 100:99 100:103 104:103 104:104 114:104 114:115"
"انیڈ سی گل","بائرن",5,"58 72 73","62:54 62:55 69:75 70:75 72:75"
"انیڈ سی گل","بلانکا",6,"57 58 71 72 73","62:53 62:54 62:55 69:74 70:74 72:74"
"انیڈ سی گل","بھانجی",20,"57 58 59 60 61 62 66 72 73 89 93 95 99 100 101 103","62:52 62:53 62:54 62:57 62:59 62:60 62:63 69:63 69:64 69:75 70:75 72:75 91:87 91:95 96:95 96:102 97:102 99:102 100:102 104:102"
"انیڈ سی گل","تانگے والے کا کسان",4,"72 73 74 119","69:76 70:76 72:76 114:124"
"انیڈ سی گل","جرمن لڑکی (برج ساتھی)",2,"93 95","91:95 96:95"
"انیڈ سی گل","جہاز کا نوجوان افسر",5,"95 97 98 99","91:99 96:99 97:99 99:99 100:99"
"انیڈ سی گل","جین",3,"72 73","69:75 70:75 72:75"
"انیڈ سی گل","رابرٹ",1,"57","62:52"
"انیڈ سی گل","سعیدہ",3,"61 93 95","62:60 91:95 96:95"
"انیڈ سی گل","سلطان حسین",5,"59 60 71 72 73","62:56 62:58 69:74 70:74 72:74"
"انیڈ سی گل","شیخ عمر درانہ",26,"57 59 60 61 64 68 71 72 86 87 92 95 97 98 99 100 102 103 105 110 111 112 117","62:52 62:56 62:59 62:60 62:67 69:67 69:73 70:73 72:73 91:82 91:84 91:94 96:94 96:99 97:99 99:99 100:99 100:101 104:101 104:102 104:107 114:107 114:108 114:109 114:110 114:120"
"انیڈ سی گل","فاروق",13,"57 62 66 102 103 105 110 111 112 113 117","62:52 62:63 69:63 97:107 99:107 100:107 104:107 114:107 114:108 114:109 114:110 114:112 114:120"
"انیڈ سی گل","محترمہ سی گل",12,"64 67 91 93 94 100 101 102 104 109 114","62:66 69:66 91:91 96:91 96:92 96:104 97:104 99:104 100:104 104:104 114:104 114:114"
"انیڈ سی گل","میرو",3,"71 72 73","69:74 70:74 72:74"
"انیڈ سی گل","میری",37,"57 59 60 61 62 65 66 67 68 69 70 71 72 86 87 88 89 91 93 94 95 96 97 98 99 100 102 103 114","62:52 62:53 62:56 62:58 62:59 62:60 62:62 69:62 69:64 69:66 69:67 69:69 70:69 70:71 72:71 72:72 91:82 91:83 91:84 91:86 91:87 91:91 96:91 96:93 96:94 96:95 96:96 97:96 97:97 99:97 99:100 100:100 104:100 104:101 104:102 104:103 114:115"
"انیڈ سی گل","میٹرن",1,"57","62:52"
"انیڈ سی گل","نوجوان جرمن لڑکا",2,"92 94","91:93 96:93"
"انیڈ سی گل","چین",3,"60 108 113","62:58 104:113 114:113"
"انیڈ سی گل","ڈیوڈ (میری کا بیٹا)",3,"72 73 74","69:76 70:76 72:76"
"انیڈ سی گل","ڈیویڈ نٹر جیئرلڈ بائرن",3,"72 73 74","69:76 70:76 72:76"
"انیڈ سی گل","ہسپتال کے ڈاکٹر",6,"95 98 99 100 102","91:100 96:100 97:100 99:100 100:100 104:100"
"انیڈ سی گل","ہنگیرین بیوی",4,"63 66 92 94","62:64 69:64 91:93 96:93"
"انیڈ سی گل","ہنگیرین خاوند",7,"62 66 67 93 96","62:63 69:63 69:64 69:65 91:96 96:96 97:96"
"اکرم میر پوری","اینا ہیمبرگ",6,"324 325 329 330 331 332","329:319 329:321 329:330 330:330 332:330 332:333"
"اکرم میر پوری","بھانجی",2,"324 326","329:320 329:323"
"اکرم میر پوری","ثاقب",10,"324 325 326 327 330 331 332","329:319 329:320 329:321 329:322 329:323 329:325 329:331 330:331 332:331 332:333"
"اکرم میر پوری","جمیکے جارج",2,"326 327","329:324 329:325"
"اکرم میر پوری","حافظ آبادی مکین",9,"324 327 328 329 330 331 333","329:320 329:326 329:327 329:328 329:329 330:329 330:330 332:330 332:335"
"اکرم میر پوری","حسین شاہ",12,"324 325 326 327 328 329 330 331 332","329:320 329:322 329:323 329:325 329:326 329:327 329:328 329:329 330:329 330:330 332:330 332:332"
"اکرم میر پوری","سمگلر ایجنٹ",5,"329 330 331 335","329:329 330:329 330:330 332:330 332:338"
"اکرم میر پوری","شاہ جی حکیم پیر بخش",3,"332 333 334","329:336 330:336 332:336"
"اکرم میر پوری","شیخ عمر درانہ",8,"324 326 327 328 333 334 335","329:319 329:323 329:324 329:325 329:328 329:338 330:338 332:338"
"اکرم میر پوری","شیر باز",4,"328 330 331 332","329:328 329:332 330:332 332:332"
"اکرم میر پوری","غلام محمد",7,"324 325 327 331 332","329:319 329:320 329:322 329:326 329:333 330:333 332:333"
"اکرم میر پوری","فاروق",2,"335 336","330:340 332:340"
"اکرم میر پوری","مائیکل جارج",3,"330 331 332","329:332 330:332 332:332"
"اکرم میر پوری","میر پوری مکین",5,"329 330 331 332","329:329 330:329 330:330 332:330 332:332"
"اکرم میر پوری","میری",14,"325 326 327 328 329 330 331 332","329:321 329:322 329:323 329:324 329:325 329:326 329:327 329:328 329:329 330:329 330:330 332:330 332:331 332:332"
"اکرم میر پوری","میری کا آئرش ساتھی",1,"326","329:324"
"اکرم میر پوری","میری کی ماں",1,"326","329:323"
"اکرم میر پوری","نوجوان عورت (چائے دینے والی)",1,"324","329:320"
"اکرم میر پوری","ہسپتال کے ڈاکٹر",4,"324 331 332 333","329:320 329:334 330:334 332:334"
"ایانہ بیگ","ایانہ کی ماں",12,"196 200 201 205 206 207 208","192:201 200:201 201:201 202:201 202:208 203:208 204:208 205:208 206:208 207:208 208:208 209:208"
"ایانہ بیگ","اینا ہیمبرگ",102,"184 185 186 189 190 191 192 196 197 198 200 201 207 208 209 210 211 212 214 215 216 217 218 219 222 223 224 226 228 229 230 231 232 239 240 241 242 243 244 246 247 251 254 256 257 259 260 261 265 266 267 268 269 270 271 273 277 278 282 283 288 291 292 293 294 296 297 298 299","188:181 188:182 188:183 188:184 188:190 189:190 190:190 192:190 192:191 192:193 200:193 200:194 200:196 200:201 201:201 202:201 202:212 203:212 204:212 205:212 206:212 207:212 208:212 209:212 210:212 211:212 212:212 213:212 213:215 214:215 215:215 216:215 216:216 217:216 217:217 218:217 218:218 219:218 219:219 220:219 220:225 221:225 222:225 223:225 224:225 227:225 227:226 227:230 228:230 229:230 230:230 231:230 231:231 233:231 234:244 235:244 236:244 237:244 238:244 239:244 241:244 242:244 243:244 244:244 245:244 245:248 246:248 254:248 254:254 258:254 258:256 258:261 259:261 262:261 262:268 263:268 264:268 265:268 266:268 267:268 268:268 270:268 270:271 272:271 272:274 280:274 280:275 280:276 280:277 280:285 281:285 291:285 291:292 293:292 293:294 294:294 295:294 295:297 296:297 298:297 298:299 299:299"
"ایانہ بیگ","بزرگ ملازم (قصور حویلی)",40,"204 205 206 207 208 209 222 223 224 225 227 244 245 246 247 251 252 276 280 281 286 299 300 301","200:208 201:208 202:208 203:208 204:208 205:208 206:208 207:208 208:208 209:208 209:209 210:209 217:227 218:227 219:227 220:227 221:227 222:227 223:227 224:227 227:227 228:227 239:249 241:249 242:249 243:249 244:249 245:249 246:249 254:249 254:250 272:281 280:281 281:281 291:281 294:304 295:304 296:304 298:304 299:304"
"ایانہ بیگ","بھانجی",22,"239 240 241 242 243 244 269 270 271 272 273 277 284 285 290","234:244 235:244 236:244 237:244 238:244 239:244 241:244 242:244 243:244 244:244 245:244 264:274 265:274 266:274 267:274 268:274 270:274 272:274 280:274 280:289 281:289 291:289"
"ایانہ بیگ","تانگے والے کا کسان",9,"227 228 229 230 231 232","222:232 223:232 224:232 227:232 228:232 229:232 230:232 231:232 233:232"
"ایانہ بیگ","ثاقب",11,"282 287 288 295 296 297 298 299","280:284 281:284 291:284 291:286 291:300 293:300 294:300 295:300 296:300 298:300 299:300"
"ایانہ بیگ","جوان لڑکا (قصور حویلی)",8,"244 245 246 247 251","239:249 241:249 242:249 243:249 244:249 245:249 246:249 254:249"
"ایانہ بیگ","حافظ آبادی مکین",7,"296 297 298 299 300","291:301 293:301 294:301 295:301 296:301 298:301 299:301"
"ایانہ بیگ","حسین شاہ",7,"295 296 297 298 299","291:300 293:300 294:300 295:300 296:300 298:300 299:300"
"ایانہ بیگ","خلیق",29,"261 262 263 264 265 266 267 268 269 270 271 276 280 281 286 291 292 293 294 295 296 297","258:265 259:265 262:265 263:265 264:265 265:265 266:265 266:267 267:267 268:267 268:268 270:268 270:269 270:270 272:270 272:281 280:281 281:281 291:281 291:291 293:291 293:293 294:293 294:294 295:294 295:295 296:295 296:296 298:296"
"ایانہ بیگ","رضا علی",6,"283 284 289 290","280:287 281:287 291:287 291:288 291:289 291:290"
"ایانہ بیگ","سعیدہ",39,"196 200 201 203 204 205 214 215 216 217 218 219 239 240 241 242 243 244 261 262 263 264 265","192:201 200:201 201:201 202:201 202:205 203:205 204:205 205:205 206:205 209:219 210:219 211:219 212:219 213:219 214:219 215:219 216:219 217:219 218:219 219:219 220:219 234:244 235:244 236:244 237:244 238:244 239:244 241:244 242:244 243:244 244:244 245:244 258:265 259:265 262:265 263:265 264:265 265:265 266:265"
"ایانہ بیگ","سلمی",12,"214 215 216 217 218 219","209:219 210:219 211:219 212:219 213:219 214:219 215:219 216:219 217:219 218:219 219:219 220:219"
"ایانہ بیگ","سمگلر ایجنٹ",7,"285 290 300 301 302","280:290 281:290 291:290 295:305 296:305 298:305 299:305"
"ایانہ بیگ","شاہ جی حکیم پیر بخش",37,"240 241 242 243 244 245 246 250 251 252 253 257 259 261 262 268 269 270 271 272 276 277 278","235:245 236:245 237:245 238:245 239:245 241:245 242:245 243:245 244:245 245:245 246:245 246:246 254:246 254:247 254:248 254:249 254:250 254:252 254:260 258:260 259:260 262:260 262:261 262:262 263:262 263:273 264:273 265:273 266:273 267:273 268:273 270:273 272:273 280:273 280:274 280:275 280:277"
"ایانہ بیگ","شیخ عمر درانہ",103,"183 185 186 188 189 190 191 192 196 197 198 199 203 204 205 206 207 208 209 210 212 213 214 215 217 218 222 223 224 226 227 228 229 230 231 232 233 234 237 238 239 240 242 243 244 245 246 250 252 254 256 258 262 263 264 265 276 280 281 286 288 289 290 294 295 296 297 298 300","188:178 188:179 188:182 188:183 188:184 188:185 188:189 189:189 190:189 190:191 192:191 192:193 200:193 200:195 200:197 200:199 200:207 201:207 202:207 203:207 204:207 205:207 206:207 207:207 208:207 208:208 209:208 209:209 210:209 210:210 211:210 211:214 212:214 213:214 214:214 215:214 215:215 216:215 216:218 217:218 218:218 219:218 219:225 220:225 221:225 222:225 223:225 224:225 227:225 227:227 228:227 228:229 229:229 230:229 230:230 231:230 231:231 233:231 233:232 233:234 234:234 235:234 235:239 236:239 237:239 238:239 239:239 241:239 241:240 241:244 242:244 243:244 244:244 245:244 245:246 246:246 254:246 254:251 254:254 258:254 258:258 259:258 259:265 262:265 263:265 264:265 265:265 266:265 272:281 280:281 281:281 291:281 291:286 291:287 291:289 291:298 293:298 294:298 295:298 296:298 298:298 299:298 299:302"
"ایانہ بیگ","شیخ مظہر الدین",6,"202 203 204","200:204 201:204 202:204 203:204 204:204 205:204"
"ایانہ بیگ","ظفر علی چوہان",83,"216 217 218 219 220 221 222 223 224 225 226 227 229 230 231 232 236 237 238 239 240 241 242 243 244 246 247 251 252 253 254 256 257 258 259 260 261 262 268 269 270 271 272 276 277 278 279 294 295 296 297 298","211:221 212:221 213:221 214:221 215:221 216:221 217:221 218:221 219:221 220:221 221:221 222:221 222:222 223:222 223:223 224:223 224:224 227:224 227:225 227:226 227:227 228:227 228:230 229:230 230:230 231:230 231:232 233:232 233:239 234:239 235:239 236:239 237:239 238:239 239:239 241:239 241:240 241:241 242:241 242:242 243:242 243:243 244:243 244:244 245:244 245:248 246:248 254:248 254:249 254:251 254:253 254:254 258:254 258:256 258:257 258:258 259:258 259:259 262:259 262:261 262:262 263:262 263:273 264:273 265:273 266:273 267:273 268:273 270:273 272:273 280:273 280:275 280:276 280:277 280:278 280:279 291:298 293:298 294:298 295:298 296:298 298:298 299:298"
"ایانہ بیگ","علاقے کا مشہور سیاست دان",10,"223 224 225 226 227 228","218:228 219:228 220:228 221:228 222:228 223:228 224:228 227:228 228:228 229:228"
"ایانہ بیگ","غلام محمد",8,"291 292 296 297 298 299","291:292 293:292 293:300 294:300 295:300 296:300 298:300 299:300"
"ایانہ بیگ","فاروق",50,"183 185 186 187 189 190 191 192 196 197 198 199 235 236 237 238 239 240 242 243 247 248 252 253 257 259 261 273 274 275 279 282 283 288 290 291 292 293","188:178 188:182 188:183 188:185 188:186 188:191 189:191 190:191 192:191 192:193 200:193 200:195 200:197 200:198 230:240 231:240 233:240 234:240 235:240 236:240 237:240 238:240 239:240 241:240 241:243 242:243 243:243 244:243 244:250 245:250 246:250 254:250 254:252 254:260 258:260 259:260 262:260 268:278 270:278 272:278 280:278 280:285 281:285 291:285 291:286 291:289 291:291 293:291 293:293 294:293"
"ایانہ بیگ","فیاض ایڈیٹر",32,"261 262 263 264 265 266 267 268 269 270 271 272 276 280 286 291 292 293 294 295 296 297 298 299","258:265 259:265 262:265 263:265 264:265 265:265 266:265 266:266 267:266 267:267 268:267 268:268 270:268 270:269 270:270 272:270 272:272 280:272 280:280 281:280 281:291 291:291 293:291 293:294 294:294 295:294 295:295 296:295 296:296 298:296 298:299 299:299"
"ایانہ بیگ","ماجد",3,"282 283 288","280:285 281:285 291:285"
"ایانہ بیگ","مارگریٹ میکنٹریٹ",3,"282 283 288","280:285 281:285 291:285"
"ایانہ بیگ","مبشر",30,"261 262 263 264 265 266 267 268 269 270 271 272 276 280 292 293 294 295 296 297 298 299","258:265 259:265 262:265 263:265 264:265 265:265 266:265 266:267 267:267 268:267 268:268 270:268 270:269 270:270 272:270 272:272 280:272 280:280 281:280 291:293 293:293 294:293 294:294 295:294 295:295 296:295 296:296 298:296 298:299 299:299"
"ایانہ بیگ","مرد لیکچرار (کوثر کا مبینہ عاشق)",12,"216 217 218 219 220 221","211:221 212:221 213:221 214:221 215:221 216:221 217:221 218:221 219:221 220:221 221:221 222:221"
"ایانہ بیگ","مسٹر بیٹی",10,"221 222 223 224 225 226","216:226 217:226 218:226 219:226 220:226 221:226 222:226 223:226 224:226 227:226"
"ایانہ بیگ","میاں محمد (ظفر کا باپ)",25,"227 228 229 230 231 232 236 237 238 239 240 246 247 248 252 253","222:232 223:232 224:232 227:232 228:232 229:232 230:232 231:232 233:232 233:240 234:240 235:240 236:240 237:240 238:240 239:240 241:240 241:251 242:251 243:251 244:251 245:251 246:251 254:251 254:253"
"ایانہ بیگ","میر پوری مکین",7,"295 296 297 298 299","291:300 293:300 294:300 295:300 296:300 298:300 299:300"
"ایانہ بیگ","میری",126,"188 189 190 191 192 196 200 201 202 203 204 205 206 207 209 210 211 213 214 215 217 218 219 220 222 223 224 225 226 227 228 229 231 232 233 236 237 238 239 240 241 243 244 245 246 250 251 252 253 254 256 257 258 259 260 261 262 264 265 266 267 269 270 271 272 276 277 278 279 280 281 286 288 289 291 292 293 294 296 297 298 299","188:188 189:188 189:190 190:190 192:190 192:192 200:192 200:200 201:200 201:201 202:201 202:203 203:203 204:203 204:204 205:204 205:205 206:205 206:207 207:207 208:207 208:211 209:211 210:211 211:211 212:211 212:215 213:215 214:215 215:215 216:215 216:218 217:218 218:218 219:218 219:220 220:220 221:220 221:223 222:223 223:223 224:223 224:224 227:224 227:225 227:226 227:228 228:228 229:228 229:229 230:229 230:232 231:232 233:232 233:233 234:233 234:238 235:238 236:238 237:238 238:238 239:238 239:239 241:239 241:241 242:241 242:245 243:245 244:245 245:245 246:245 246:246 254:246 254:247 254:248 254:250 254:252 254:255 258:255 258:257 258:258 259:258 259:259 262:259 262:260 262:261 262:262 263:262 263:265 264:265 265:265 266:265 266:266 267:266 267:267 268:267 268:270 270:270 272:270 272:271 272:273 280:273 280:274 280:275 280:276 280:277 280:278 280:279 280:281 281:281 291:281 291:282 291:285 291:286 291:287 291:288 291:292 293:292 293:294 294:294 295:294 295:297 296:297 298:297 298:299 299:299"
"ایانہ بیگ","نسیم",85,"202 203 204 205 206 207 208 209 210 211 212 218 219 220 221 222 223 224 225 227 228 229 230 231 232 233 234 235 236 237 238 258 260 261 262 263 264 265 266 267 268 269 276 280 281 286 291 292 293 294 296 297 298 299","200:205 201:205 202:205 203:205 204:205 205:205 206:205 206:206 207:206 207:207 208:207 208:208 209:208 209:209 210:209 210:210 211:210 211:212 212:212 213:212 213:223 214:223 215:223 216:223 217:223 218:223 219:223 220:223 221:223 222:223 223:223 224:223 224:224 227:224 227:228 228:228 229:228 229:229 230:229 230:231 231:231 233:231 233:233 234:233 234:234 235:234 235:235 236:235 236:236 237:236 237:238 238:238 239:238 254:263 258:263 259:263 262:263 263:263 264:263 264:264 265:264 265:266 266:266 267:266 267:267 268:267 268:268 270:268 270:269 272:281 280:281 281:281 291:281 291:291 293:291 293:293 294:293 294:294 295:294 295:297 296:297 298:297 298:298 299:298 299:299"
"ایانہ بیگ","نواب شیر محمد خان",8,"244 245 246 247 251","239:249 241:249 242:249 243:249 244:249 245:249 246:249 254:249"
"ایانہ بیگ","نوجوان عورت (چائے دینے والی)",4,"257 259 261","254:260 258:260 259:260 262:260"
"ایانہ بیگ","ٹنڈا کباب والا",7,"190 191 192 196 197","188:193 189:193 190:193 192:193 200:193 200:194 200:195"
"ایانہ بیگ","چوہدری (ایانہ حصہ راوی)",22,"213 214 215 216 217 218 243 244 245 246 247 251 252","208:218 209:218 210:218 211:218 212:218 213:218 214:218 215:218 216:218 217:218 218:218 219:218 238:248 239:248 241:248 242:248 243:248 244:248 245:248 246:248 254:248 254:251"
"ایانہ بیگ","چین",27,"211 212 213 214 215 216 219 220 221 222 283 288 293 294 295","206:216 207:216 208:216 209:216 210:216 211:216 212:216 213:216 214:216 215:216 216:216 217:216 217:222 218:222 219:222 220:222 221:222 222:222 223:222 280:286 281:286 291:286 291:295 293:295 294:295 295:295 296:295"
"ایانہ بیگ","کلثوم (اظہر کی بیوی)",18,"261 262 263 264 265 266 267 268 269 286 291 292 293","258:265 259:265 262:265 263:265 264:265 265:265 266:265 266:266 267:266 267:267 268:267 268:269 270:269 281:291 291:291 293:291 293:293 294:293"
"ایانہ بیگ","کلرک",10,"225 226 227 228 229 230","220:230 221:230 222:230 223:230 224:230 227:230 228:230 229:230 230:230 231:230"
"ایانہ بیگ","کمال (ایانہ حصّہ راوی کا بیٹا)",17,"201 202 203 204 209 210 211 212 213","200:203 201:203 202:203 203:203 204:203 204:204 205:204 205:213 206:213 207:213 208:213 209:213 210:213 211:213 212:213 213:213 214:213"
"ایانہ بیگ","کوثر",61,"216 217 218 219 220 221 234 235 236 237 238 239 240 241 242 243 244 245 247 251 252 253 256 258 259 260 261 262 267 268 269 270 271 273 277 278 279","211:221 212:221 213:221 214:221 215:221 216:221 217:221 218:221 219:221 220:221 221:221 222:221 229:239 230:239 231:239 233:239 234:239 235:239 236:239 237:239 238:239 239:239 241:239 241:241 242:241 242:242 243:242 243:243 244:243 244:244 245:244 245:245 246:245 246:248 254:248 254:249 254:251 254:252 254:253 254:259 258:259 259:259 262:259 262:261 262:262 263:262 263:271 264:271 265:271 266:271 267:271 268:271 270:271 272:271 272:274 280:274 280:275 280:276 280:277 280:278 280:279"
"ایانہ بیگ","کوثر کا بھائی (قیصر)",13,"238 239 240 241 242 243 244","233:243 234:243 235:243 236:243 237:243 238:243 239:243 241:243 242:243 243:243 244:243 244:244 245:244"
"ایانہ بیگ","کوثر کا ماموں",8,"244 245 246 247 251","239:249 241:249 242:249 243:249 244:249 245:249 246:249 254:249"
"ایانہ بیگ","کوثر کی ماں",28,"239 240 241 242 243 244 245 258 260 262 267 268 269 270 271 273 277","234:244 235:244 236:244 237:244 238:244 239:244 241:244 242:244 243:244 244:244 245:244 245:245 246:245 254:262 258:262 259:262 262:262 263:262 263:271 264:271 265:271 266:271 267:271 268:271 270:271 272:271 272:274 280:274"
"ایانہ بیگ","ہسپتال کے ڈاکٹر",16,"186 267 268 269 270 271 272 276 283 288 291 292","188:185 262:272 263:272 264:272 265:272 266:272 267:272 268:272 270:272 272:272 280:272 280:286 281:286 291:286 291:292 293:292"
"ایانہ کی ماں","اینا ہیمبرگ",7,"196 197 198 201 204 210","201:191 201:193 201:194 201:196 201:201 208:201 208:212"
"ایانہ کی ماں","بزرگ ملازم (قصور حویلی)",2,"204 208","201:208 208:208"
"ایانہ کی ماں","سعیدہ",3,"201 204 206","201:201 208:201 208:205"
"ایانہ کی ماں","شیخ عمر درانہ",8,"196 197 198 199 200 204 207 208","201:191 201:193 201:195 201:197 201:199 201:207 208:207 208:208"
"ایانہ کی ماں","شیخ مظہر الدین",2,"202 206","201:204 208:204"
"ایانہ کی ماں","فاروق",5,"196 197 198 199","201:191 201:193 201:195 201:197 201:198"
"ایانہ کی ماں","میری",9,"196 200 201 204 205 206 207 209","201:192 201:200 201:201 208:201 208:203 208:204 208:205 208:207 208:211"
"ایانہ کی ماں","نسیم",5,"203 206 207 208","201:205 208:205 208:206 208:207 208:208"
"ایانہ کی ماں","ٹنڈا کباب والا",3,"197 198","201:193 201:194 201:195"
"ایانہ کی ماں","چوہدری (ایانہ حصہ راوی)",1,"213","208:218"
"ایانہ کی ماں","چین",1,"212","208:216"
"ایانہ کی ماں","کمال (ایانہ حصّہ راوی کا بیٹا)",4,"202 205 206 210","201:203 208:203 208:204 208:213"
"اینا ہیمبرگ","بائرن",29,"9 16 17 18 29 30 31 34 37 38 39 41 46 47 49 52 53 56 57 73 74 75 78","11:8 11:21 12:21 14:21 15:21 32:26 32:27 32:28 32:29 32:30 32:37 37:37 40:37 40:39 40:42 41:42 51:42 51:43 51:47 51:54 52:54 53:54 59:54 59:55 72:75 73:75 75:75 81:75 81:76"
"اینا ہیمبرگ","بزرگ ملازم (قصور حویلی)",29,"165 166 167 169 204 210 222 223 226 228 246 248 251 252 276 277 278 279 283 299 300 301 304","162:169 164:169 165:169 166:169 170:169 201:208 212:208 212:209 217:227 218:227 219:227 225:227 226:227 230:227 244:249 248:249 254:249 254:250 271:281 274:281 275:281 276:281 277:281 285:281 294:304 297:304 299:304 304:304 305:304"
"اینا ہیمبرگ","بلانکا",29,"19 28 29 30 31 35 37 39 40 41 46 51 52 53 56 57 73 74 75 78 79","14:24 15:24 32:24 32:25 32:26 32:27 32:29 32:30 32:38 37:38 40:38 40:39 40:41 41:41 51:41 51:42 51:51 52:51 52:53 53:53 59:53 59:54 59:55 72:74 73:74 75:74 75:75 81:75 81:77"
"اینا ہیمبرگ","بھانجی",71,"10 16 17 18 27 30 35 38 39 44 45 50 51 52 53 56 58 59 67 68 73 74 75 78 80 84 85 86 87 89 93 95 99 100 102 121 122 124 125 144 151 153 154 159 160 163 164 244 246 271 272 274 287 290 315 319 320 322 326","11:10 11:21 12:21 14:21 15:21 32:23 32:29 32:39 37:39 40:39 40:49 41:49 51:49 51:52 52:52 53:52 53:53 59:53 59:54 59:57 59:59 72:63 72:64 72:75 73:75 75:75 81:75 81:79 81:87 82:87 84:87 85:87 86:87 87:87 92:87 92:95 96:95 96:102 97:102 98:102 99:102 103:102 116:126 117:126 118:126 119:126 123:126 125:126 146:142 146:156 151:156 153:156 162:156 162:158 162:164 164:164 165:164 244:244 248:244 268:274 271:274 274:274 275:274 285:289 292:289 310:320 318:320 319:320 321:320 321:323 330:323"
"اینا ہیمبرگ","بیدی",3,"158 162 163","153:163 162:163 164:163"
"اینا ہیمبرگ","تانگے والے کا کسان",20,"9 74 75 78 119 120 121 123 124 128 147 149 150 228 229 231","11:8 72:76 73:76 75:76 81:76 115:124 116:124 117:124 118:124 119:124 123:124 125:124 125:131 146:148 151:148 151:149 225:232 226:232 230:232 231:232"
"اینا ہیمبرگ","ثاقب",100,"15 16 17 279 280 284 285 289 296 297 298 299 302 303 305 306 307 308 309 310 314 315 316 318 319 320 321 325 326 327 330 332 333 335 337 338 339 340 341 342 343 345 347 348 349 350 351 352 353 354 359 361 362 363 364 365 366 367 368 369 370 371 372 373 374 375 376 378 379 380 381 382 386 387","11:20 12:20 14:20 15:20 274:284 275:284 276:284 277:284 285:284 285:286 292:286 292:300 294:300 297:300 299:300 304:300 304:302 304:303 304:307 305:307 306:307 308:307 308:309 309:309 310:309 310:311 318:311 318:312 318:314 318:315 318:319 319:319 321:319 321:320 321:321 330:321 330:322 330:323 330:325 330:331 333:331 333:333 334:333 334:336 339:336 339:337 339:338 339:339 341:339 341:342 342:342 343:342 343:343 344:343 344:346 349:346 349:347 349:348 349:349 351:349 351:350 351:351 352:351 352:352 354:352 354:353 354:355 363:355 363:360 363:361 363:363 364:363 364:365 366:365 366:366 367:366 367:367 368:367 368:368 371:368 371:369 371:370 371:371 372:371 372:372 375:372 375:373 375:374 375:376 376:376 380:376 380:377 380:378 380:379 380:381 382:381 382:382 383:382 383:389 386:389"
"اینا ہیمبرگ","جرمن لڑکی (برج ساتھی)",5,"90 91 93 95","85:95 86:95 87:95 92:95 96:95"
"اینا ہیمبرگ","جمیکے جارج",5,"321 322 327","318:324 319:324 321:324 330:324 330:325"
"اینا ہیمبرگ","جوان لڑکا (قصور حویلی)",3,"246 248 251","244:249 248:249 254:249"
"اینا ہیمبرگ","جہاز کا نوجوان افسر",6,"95 97 98 99 101","92:99 96:99 97:99 98:99 99:99 103:99"
"اینا ہیمبرگ","جین",14,"16 17 18 30 31 35 37 39 73 74 75 78","11:21 12:21 14:21 15:21 32:28 32:30 32:38 37:38 40:38 72:75 73:75 75:75 81:75 81:76"
"اینا ہیمبرگ","حافظ آبادی مکین",49,"296 297 299 300 302 303 305 306 307 308 315 319 320 323 328 329 330 331 334 337 339 340 344 345 346 348 350 351 352 353 357 362 367 368 369 371","292:301 294:301 297:301 299:301 304:301 304:302 304:307 305:307 306:307 308:307 308:308 309:308 310:320 318:320 319:320 321:320 321:326 330:326 330:327 330:328 330:329 330:330 333:330 333:335 334:335 339:335 339:336 339:340 341:340 341:348 342:348 343:348 344:348 349:348 349:351 351:351 352:351 352:353 354:353 354:361 363:361 363:362 363:371 364:371 366:371 367:371 368:371 371:371 372:371"
"اینا ہیمبرگ","حسین شاہ",95,"296 297 298 299 302 303 305 306 307 308 309 310 314 315 316 319 320 321 326 327 328 329 330 331 332 333 334 336 337 338 339 340 341 342 343 344 346 347 348 349 350 351 352 353 354 358 359 360 361 362 367 368 369 371 372 374 375 376 378 379 385 386 388","292:300 294:300 297:300 299:300 304:300 304:301 304:302 304:306 305:306 306:306 308:306 308:307 308:308 309:308 309:309 310:309 310:310 318:310 318:312 318:314 318:315 318:320 319:320 321:320 321:322 330:322 330:323 330:325 330:326 330:327 330:328 330:329 330:330 333:330 333:332 333:333 334:333 334:334 339:334 339:335 339:336 339:337 339:340 341:340 341:341 342:341 342:342 343:342 343:343 344:343 344:344 349:344 349:345 349:346 349:347 349:348 349:349 351:349 351:350 351:351 352:351 352:352 354:352 354:353 354:354 363:354 363:355 363:356 363:357 363:358 363:359 363:360 363:361 363:362 363:371 364:371 366:371 367:371 368:371 371:371 372:371 372:373 375:373 375:374 375:375 376:375 376:376 380:376 380:377 380:378 380:379 380:390 382:390 383:390 386:390"
"اینا ہیمبرگ","حیدر شاہ",10,"342 343 344 345 347 355 356 357 361","339:346 341:346 342:346 343:346 344:346 349:346 351:360 352:360 354:360 363:360"
"اینا ہیمبرگ","خلیق",22,"260 263 266 267 268 269 270 276 277 278 279 283 288 291 292 293 294 295 296","256:265 261:265 268:265 268:267 268:268 271:268 271:269 271:270 271:281 274:281 275:281 276:281 277:281 285:281 285:291 292:291 292:293 294:293 294:294 297:294 297:295 297:296"
"اینا ہیمبرگ","رابرٹ",3,"51 52","51:52 52:52 53:52"
"اینا ہیمبرگ","رضا علی",6,"282 286 289 290 291","277:287 285:287 292:287 292:288 292:289 292:290"
"اینا ہیمبرگ","سعیدہ",40,"55 56 59 90 91 93 95 122 123 125 126 144 146 149 154 155 159 160 196 197 198 201 208 215 217 218 219 222 244 246 260 263 266","51:60 52:60 53:60 59:60 85:95 86:95 87:95 92:95 96:95 117:127 118:127 119:127 123:127 125:127 146:142 146:147 151:147 151:157 153:157 162:157 162:158 162:159 191:201 193:201 194:201 196:201 201:201 212:205 212:219 215:219 216:219 217:219 218:219 219:219 225:219 244:244 248:244 256:265 261:265 268:265"
"اینا ہیمبرگ","سلطان حسین",24,"20 28 29 30 31 33 36 38 39 40 42 47 48 51 54 57 58 73 74","15:25 32:25 32:26 32:28 32:29 32:30 32:35 37:35 37:39 40:39 40:40 41:40 41:43 51:43 51:45 51:51 52:51 52:56 53:56 59:56 59:58 72:74 73:74 75:74"
"اینا ہیمبرگ","سلطان حسین کے پروفیسر",5,"32 34 37 38 39","32:32 37:32 37:37 40:37 40:38"
"اینا ہیمبرگ","سلمی",7,"215 217 218 219 222","212:219 215:219 216:219 217:219 218:219 219:219 225:219"
"اینا ہیمبرگ","سمگلر ایجنٹ",27,"287 291 301 302 304 305 307 308 309 324 325 329 330 331 335 336 338 348 351 352 353 354 358","285:290 292:290 297:305 299:305 304:305 305:305 306:305 306:309 308:309 309:309 310:309 319:329 321:329 330:329 330:330 333:330 333:338 334:338 339:338 343:353 344:353 349:353 351:353 352:353 354:353 354:354 363:354"
"اینا ہیمبرگ","شاہ جی حکیم پیر بخش",29,"244 246 247 248 251 252 253 257 258 260 261 264 265 270 272 273 274 275 276 277 281 333 334 335 337","244:245 248:245 248:246 248:247 248:248 254:248 254:249 254:250 254:252 254:260 256:260 261:260 261:261 268:261 268:262 268:273 271:273 274:273 274:274 275:274 275:275 276:275 276:277 277:277 285:277 330:336 333:336 334:336 339:336"
"اینا ہیمبرگ","شیخ عمر درانہ",210,"8 15 16 17 29 40 42 47 49 50 51 52 54 57 59 69 72 73 74 78 81 82 83 84 89 90 93 95 97 98 99 101 102 105 111 112 117 118 119 121 122 123 124 125 141 142 143 145 146 148 149 150 151 152 155 159 160 161 162 163 164 165 167 169 170 172 173 174 177 178 179 180 181 182 183 184 187 189 190 191 192 193 194 195 196 199 200 204 209 210 211 213 214 215 217 218 222 225 226 228 229 230 231 239 241 242 244 246 247 249 252 254 255 257 259 263 266 276 277 278 279 283 285 289 290 295 296 297 298 300 303 304 305 306 307 314 318 319 320 322 326 327 329 334 335 336 338 340 341 342 366 367 368 370 371 372 373 381 383 384 386","11:5 11:6 11:19 12:19 14:19 15:19 32:27 37:44 40:44 41:44 51:44 51:47 51:48 51:49 51:50 51:52 52:52 53:52 53:56 59:56 59:59 72:67 72:73 73:73 75:73 75:82 81:82 82:82 84:82 84:84 85:84 85:94 86:94 87:94 92:94 96:94 96:99 97:99 98:99 99:99 103:99 103:101 103:102 103:107 104:107 115:107 115:108 115:109 115:110 115:120 116:120 117:120 118:120 119:120 123:120 123:121 123:122 123:123 125:123 125:126 146:136 146:137 146:138 146:139 146:140 146:141 146:145 146:146 151:146 151:147 151:148 151:149 151:150 151:151 153:151 153:152 153:157 162:157 162:158 162:160 162:161 162:162 164:162 164:163 164:164 165:164 165:165 166:165 166:169 170:169 170:170 174:170 174:171 174:172 174:173 174:174 181:174 181:175 181:176 181:177 181:178 181:179 181:182 182:182 183:182 183:183 184:183 184:184 190:184 190:185 190:189 190:191 191:191 193:191 193:193 194:193 194:195 196:195 196:197 201:197 201:199 201:207 212:207 212:208 212:209 212:210 212:214 215:214 215:215 216:215 216:218 217:218 218:218 219:218 219:225 225:225 226:225 226:227 230:227 230:229 230:230 231:230 231:231 244:234 244:239 244:240 244:244 248:244 248:246 248:251 254:251 254:254 256:254 256:258 261:258 261:265 268:265 271:281 274:281 275:281 276:281 277:281 285:281 285:286 292:286 292:287 292:289 292:298 294:298 297:298 299:298 299:302 304:302 304:305 305:305 306:305 306:307 308:307 309:319 310:319 318:319 319:319 321:319 321:323 330:323 330:324 330:325 330:328 330:338 333:338 334:338 339:338 339:342 341:342 342:342 343:342 363:369 364:369 366:369 367:369 368:369 371:369 371:372 372:372 375:372 376:386 380:386 382:386 383:386 386:386"
"اینا ہیمبرگ","شیخ مظہر الدین",4,"199 200 202 208","194:204 196:204 201:204 212:204"
"اینا ہیمبرگ","شیر باز",31,"323 324 329 331 332 338 341 342 343 344 346 348 351 352 353 354 359 362 370 371 373 375","318:328 319:328 321:328 330:328 330:332 333:332 333:343 334:343 339:343 341:343 342:343 343:343 344:343 344:344 349:344 349:347 349:353 351:353 352:353 354:353 354:355 363:355 363:361 363:362 366:375 367:375 368:375 371:375 372:375 375:375 376:375"
"اینا ہیمبرگ","ظفر علی چوہان",56,"216 218 219 220 223 224 225 226 228 230 231 241 242 243 244 246 248 251 252 253 254 255 256 258 259 260 261 264 265 270 272 273 274 275 276 277 281 282 295 296 297 298","212:221 215:221 216:221 217:221 218:221 219:221 225:221 225:222 225:223 225:224 225:225 226:225 226:226 230:226 230:227 230:230 231:230 231:232 244:239 244:240 244:241 244:242 244:243 244:244 248:244 248:248 254:248 254:249 254:251 254:253 254:254 256:254 256:256 261:256 261:257 261:258 261:259 261:261 268:261 268:262 268:273 271:273 274:273 274:275 275:275 276:275 276:276 277:276 277:277 285:277 285:278 285:279 292:298 294:298 297:298 299:298"
"اینا ہیمبرگ","علاقے کا مشہور سیاست دان",5,"223 226 227 229","218:228 219:228 225:228 226:228 230:228"
"اینا ہیمبرگ","علی محمد حافظ آبادی",7,"367 368 369 371","363:371 364:371 366:371 367:371 368:371 371:371 372:371"
"اینا ہیمبرگ","غلام محمد",65,"288 292 293 297 298 299 302 306 307 308 309 310 314 315 316 317 318 319 320 321 326 328 331 333 334 337 338 340 341 342 345 348 349 350 352 353 357 362 363 364 365 366 367 372 373 374 375 376 378","285:292 292:292 294:292 294:300 297:300 299:300 304:300 304:309 305:309 306:309 308:309 309:309 310:309 310:310 318:310 318:311 318:312 318:314 318:315 318:316 318:317 318:318 319:318 319:319 321:319 321:320 321:322 330:322 330:326 330:333 333:333 334:333 334:335 339:335 339:337 339:342 341:342 342:342 343:342 343:347 344:347 349:347 349:349 351:349 351:350 351:353 352:353 354:353 354:361 363:361 363:362 363:364 364:364 366:364 366:365 366:366 367:366 367:367 368:367 368:376 371:376 372:376 375:376 376:376 380:376"
"اینا ہیمبرگ","فاروق",133,"36 39 40 41 46 51 52 58 61 67 102 103 105 111 112 113 117 118 119 121 122 123 124 125 143 146 149 153 154 159 163 164 165 166 168 169 170 172 174 177 178 179 181 182 183 184 187 188 190 191 192 193 194 195 196 199 235 242 243 247 249 252 253 257 258 260 273 274 276 277 281 285 288 289 290 291 292 293 335 336 337 339 340 342 343 346 348 350 351 352 353 354 358 362 368 369 370 372 374 375 379 381 382 383 385 386","32:41 37:41 40:41 41:41 51:41 51:52 52:52 53:52 53:63 59:63 72:63 97:107 98:107 99:107 103:107 104:107 115:107 115:108 115:109 115:110 115:112 115:120 116:120 117:120 118:120 119:120 123:120 123:121 123:122 123:123 125:123 125:124 125:126 146:141 146:147 151:147 151:148 151:156 153:156 162:156 162:157 162:165 164:165 165:165 166:165 166:166 170:166 170:169 170:170 174:170 174:174 181:174 181:175 181:178 181:182 182:182 183:182 183:183 184:183 184:185 190:185 190:186 190:191 191:191 193:191 193:193 194:193 194:195 196:195 196:197 201:197 201:198 230:240 231:240 244:240 244:243 244:250 248:250 254:250 254:252 254:260 256:260 261:260 268:278 271:278 274:278 275:278 276:278 277:278 285:278 285:285 292:285 292:286 292:289 292:291 292:293 294:293 330:340 333:340 334:340 339:340 341:340 341:343 342:343 343:343 344:343 344:348 349:348 349:352 351:352 352:352 354:352 354:354 363:354 363:362 363:373 364:373 366:373 367:373 368:373 371:373 372:373 375:373 375:375 376:375 376:382 380:382 382:382 383:382 383:384 386:384 386:385 386:386"
"اینا ہیمبرگ","فقیر",6,"121 122 124 125","116:126 117:126 118:126 119:126 123:126 125:126"
"اینا ہیمبرگ","فیاض ایڈیٹر",26,"260 263 266 267 268 269 270 271 273 277 278 282 288 291 293 294 295 296 298 299 301","256:265 261:265 268:265 268:266 268:267 268:268 271:268 271:269 271:270 271:272 274:272 274:280 275:280 276:280 277:280 285:280 285:291 292:291 292:294 294:294 297:294 297:295 297:296 297:299 299:299 304:299"
"اینا ہیمبرگ","قربان تانگے والا",3,"147 149 150","146:148 151:148 151:149"
"اینا ہیمبرگ","مائیکل جارج",2,"331 332","330:332 333:332"
"اینا ہیمبرگ","ماجد",5,"280 281 285 288","275:285 276:285 277:285 285:285 292:285"
"اینا ہیمبرگ","مارگریٹ میکنٹریٹ",5,"280 281 285 288","275:285 276:285 277:285 285:285 292:285"
"اینا ہیمبرگ","مبشر",25,"260 263 266 267 268 269 270 271 273 277 278 282 289 292 293 294 295 296 298 299 301","256:265 261:265 268:265 268:267 268:268 271:268 271:269 271:270 271:272 274:272 274:280 275:280 276:280 277:280 285:280 285:293 292:293 294:293 294:294 297:294 297:295 297:296 297:299 299:299 304:299"
"اینا ہیمبرگ","محترمہ سی گل",20,"62 69 86 87 88 89 91 92 94 100 101 103 104 114 115","59:66 72:66 81:91 82:91 84:91 85:91 86:91 87:91 92:91 92:92 96:92 96:104 97:104 98:104 99:104 103:104 104:104 115:114 115:115 116:115"
"اینا ہیمبرگ","مرد لیکچرار (کوثر کا مبینہ عاشق)",7,"216 218 219 220 223","212:221 215:221 216:221 217:221 218:221 219:221 225:221"
"اینا ہیمبرگ","مزارع",3,"173 175 179","170:177 174:177 181:177"
"اینا ہیمبرگ","مسٹر بیٹی",7,"221 222 225 226 228","216:226 217:226 218:226 219:226 225:226 226:226 230:226"
"اینا ہیمبرگ","میاں محمد (ظفر کا باپ)",9,"228 229 231 242 247 249 252 253","225:232 226:232 230:232 231:232 244:240 244:251 248:251 254:251 254:253"
"اینا ہیمبرگ","میر پوری مکین",30,"296 297 298 299 302 303 305 306 307 324 325 329 330 331 332 333 334 336 338 339 340 346 347 350 351","292:300 294:300 297:300 299:300 304:300 304:301 304:302 304:307 305:307 306:307 308:307 319:329 321:329 330:329 330:330 333:330 333:332 333:334 334:334 339:334 339:337 339:340 341:340 341:351 342:351 343:351 344:351 349:351 351:351 352:351"
"اینا ہیمبرگ","میرو",16,"11 12 13 33 36 41 43 48 49 73 74 386 387 388","11:12 12:12 14:12 32:35 37:35 37:46 40:46 41:46 51:46 51:47 72:74 73:74 75:74 382:391 383:391 386:391"
"اینا ہیمبرگ","میری",287,"7 8 10 11 12 13 15 27 28 29 30 31 32 34 35 37 38 40 41 46 47 48 49 50 51 52 53 56 57 58 59 67 68 69 70 71 72 73 74 75 78 80 81 82 83 84 85 86 87 89 91 92 94 95 96 97 99 101 102 103 115 116 117 118 119 121 144 157 162 163 184 185 186 189 190 191 192 196 197 198 200 201 207 208 209 211 213 215 217 218 219 222 224 225 226 228 229 231 241 242 244 246 247 248 251 252 253 254 255 256 259 260 261 264 265 266 267 269 270 271 272 273 274 275 276 277 281 282 283 285 288 289 290 292 293 294 295 297 298 299 301 310 311 312 316 317 318 320 321 325 326 327 328 329 330 331 332 333 334 336 337 338 339 340 341 342 343 344 346 347 348 349 350 351 352 353 354 358 359 360 361 362 363 364 365 366 367 368 369 370 371 372 374 375 376 378 379 381 382 383 384 385 386","11:3 11:4 11:5 11:6 11:9 11:10 11:11 12:11 12:12 14:12 14:16 15:16 32:22 32:23 32:24 32:26 32:28 32:30 32:31 32:32 37:32 37:33 37:34 37:37 40:37 40:40 41:40 41:41 51:41 51:43 51:44 51:45 51:47 51:48 51:49 51:51 52:51 52:52 53:52 53:53 59:53 59:56 59:58 59:59 72:62 72:64 72:66 72:67 72:69 72:71 72:72 73:72 73:73 75:73 75:74 75:76 81:76 81:79 81:82 82:82 84:82 84:83 84:84 85:84 85:86 86:86 87:86 87:87 92:87 92:91 92:93 96:93 96:94 96:95 96:96 97:96 97:97 98:97 98:100 99:100 103:100 103:101 103:102 103:103 104:103 115:115 116:115 116:116 117:116 117:118 118:118 119:118 119:119 123:119 146:142 153:162 162:162 164:162 181:188 182:188 183:188 184:188 190:188 190:190 191:190 191:192 193:192 193:200 194:200 196:200 201:200 201:201 212:203 212:204 212:205 212:207 212:211 212:215 215:215 216:215 216:218 217:218 218:218 219:218 219:220 225:220 225:223 225:224 225:225 226:225 226:226 230:226 230:228 230:229 230:232 231:232 244:238 244:239 244:241 244:245 248:245 248:246 248:247 248:248 254:248 254:250 254:252 254:255 256:255 256:257 261:257 261:258 261:259 261:260 261:261 268:261 268:262 268:265 268:266 268:267 268:270 271:270 271:271 274:271 274:273 274:274 275:274 275:275 276:275 276:276 277:276 277:277 285:277 285:278 285:279 285:281 285:282 285:285 292:285 292:286 292:287 292:288 292:292 294:292 294:294 297:294 297:297 299:297 299:299 304:299 305:315 306:315 308:315 309:315 310:315 318:315 318:316 318:317 318:318 319:318 319:321 321:321 330:321 330:322 330:323 330:324 330:325 330:326 330:327 330:328 330:329 330:330 333:330 333:331 333:332 333:334 334:334 339:334 339:335 339:336 339:337 339:338 339:339 341:339 341:340 341:341 342:341 342:342 343:342 343:343 344:343 344:344 349:344 349:346 349:347 349:348 349:349 351:349 351:350 351:351 352:351 352:352 354:352 354:353 354:354 363:354 363:355 363:356 363:357 363:358 363:359 363:360 363:361 363:362 363:363 364:363 364:364 366:364 366:365 366:366 367:366 367:367 368:367 368:368 371:368 371:369 371:370 371:371 372:371 372:373 375:373 375:374 375:375 376:375 376:376 380:376 380:377 380:378 380:379 380:382 382:382 383:382 383:383 386:383 386:384 386:385 386:386"
"اینا ہیمبرگ","میری کا آئرش ساتھی",8,"321 322 327 383 384 385 386","318:324 319:324 321:324 330:324 380:387 382:387 383:387 386:387"
"اینا ہیمبرگ","میری کی ماں",4,"320 321 322 326","318:323 319:323 321:323 330:323"
"اینا ہیمبرگ","میٹرن",3,"51 52","51:52 52:52 53:52"
"اینا ہیمبرگ","نجومی (کنویں والا)",1,"130","125:135"
"اینا ہیمبرگ","نسیم",54,"200 203 208 209 210 211 212 213 219 220 221 224 226 227 229 230 231 239 240 241 258 259 262 265 266 267 268 269 270 276 277 278 279 283 288 291 292 293 294 295 297 298 299 301","196:205 201:205 212:205 212:206 212:207 212:208 212:209 212:210 212:212 215:212 215:223 216:223 217:223 218:223 219:223 225:223 225:224 225:228 226:228 230:228 230:229 230:231 231:231 244:234 244:235 244:236 244:238 254:263 256:263 261:263 268:263 268:264 268:266 268:267 268:268 271:268 271:269 271:281 274:281 275:281 276:281 277:281 285:281 285:291 292:291 292:293 294:293 294:294 297:294 297:297 299:297 299:298 299:299 304:299"
"اینا ہیمبرگ","نواب شیر محمد خان",3,"246 248 251","244:249 248:249 254:249"
"اینا ہیمبرگ","نوجوان جرمن لڑکا",6,"88 89 90 92 94","84:93 85:93 86:93 87:93 92:93 96:93"
"اینا ہیمبرگ","نوجوان عورت (چائے دینے والی)",11,"40 42 47 257 258 260 315 319 320","37:44 40:44 41:44 51:44 254:260 256:260 261:260 310:320 318:320 319:320 321:320"
"اینا ہیمبرگ","نوری",4,"154 155 159 160","151:157 153:157 162:157 162:158"
"اینا ہیمبرگ","ٹا پسٹ",6,"375 376 377 378 380 381","371:380 372:380 375:380 376:380 380:380 382:380"
"اینا ہیمبرگ","ٹنڈا کباب والا",9,"188 191 192 193 194 195","183:193 184:193 190:193 191:193 193:193 194:193 194:194 196:194 196:195"
"اینا ہیمبرگ","پیشیا",5,"148 151 152 153 158","146:151 151:151 153:151 153:154 162:154"
"اینا ہیمبرگ","چوہدری (ایانہ حصہ راوی)",16,"156 157 161 162 163 215 216 217 218 246 248 251 252","151:161 153:161 162:161 162:162 164:162 164:163 212:218 215:218 216:218 217:218 218:218 219:218 244:248 248:248 254:248 254:251"
"اینا ہیمبرگ","چوہدری نذیر",6,"156 157 161 162 163","151:161 153:161 162:161 162:162 164:162 164:163"
"اینا ہیمبرگ","چپراسی",15,"11 13 14 15 149 152 153 157 375 376 377 378 380 381","11:11 12:11 12:15 14:15 15:15 146:153 151:153 153:153 162:153 371:380 372:380 375:380 376:380 380:380 382:380"
"اینا ہیمبرگ","چین",37,"12 13 14 29 30 37 39 41 46 54 55 58 108 114 214 215 216 219 220 223 281 285 289 293 294 296 355 356 357 361","11:14 12:14 14:14 15:14 32:26 32:29 32:42 37:42 40:42 41:42 51:42 51:58 52:58 53:58 59:58 103:113 104:113 115:113 212:216 215:216 216:216 217:216 217:222 218:222 219:222 225:222 276:286 277:286 285:286 292:286 292:295 294:295 297:295 351:360 352:360 354:360 363:360"
"اینا ہیمبرگ","ڈسپیچر",6,"375 376 377 378 380 381","371:380 372:380 375:380 376:380 380:380 382:380"
"اینا ہیمبرگ","ڈیوڈ (میری کا بیٹا)",10,"29 74 75 78 381 383 384 386","32:26 72:76 73:76 75:76 81:76 376:386 380:386 382:386 383:386 386:386"
"اینا ہیمبرگ","ڈیویڈ نٹر جیئرلڈ بائرن",10,"29 74 75 78 381 383 384 386","32:26 72:76 73:76 75:76 81:76 376:386 380:386 382:386 383:386 386:386"
"اینا ہیمبرگ","کلثوم (اظہر کی بیوی)",11,"260 263 266 267 268 270 288 291 292 293","256:265 261:265 268:265 268:266 268:267 268:269 271:269 285:291 292:291 292:293 294:293"
"اینا ہیمبرگ","کلرک",17,"12 13 14 15 147 150 227 228 230 375 376 377 378 380 381","11:14 12:14 14:14 15:14 15:16 146:149 151:149 225:230 226:230 230:230 231:230 371:380 372:380 375:380 376:380 380:380 382:380"
"اینا ہیمبرگ","کمال (ایانہ حصّہ راوی کا بیٹا)",8,"198 199 202 207 208 212 214","193:203 194:203 196:203 201:203 212:203 212:204 212:213 215:213"
"اینا ہیمبرگ","کوثر",41,"216 218 219 220 223 234 235 241 242 243 244 246 248 251 252 253 256 257 260 261 264 265 269 271 272 274 275 276 277 281 282","212:221 215:221 216:221 217:221 218:221 219:221 225:221 230:239 231:239 244:239 244:241 244:242 244:243 244:244 248:244 248:245 248:248 254:248 254:249 254:251 254:252 254:253 254:259 256:259 261:259 261:261 268:261 268:262 268:271 271:271 274:271 274:274 275:274 275:275 276:275 276:276 277:276 277:277 285:277 285:278 285:279"
"اینا ہیمبرگ","کوثر کا بھائی (قیصر)",3,"243 244 246","244:243 244:244 248:244"
"اینا ہیمبرگ","کوثر کا ماموں",3,"246 248 251","244:249 248:249 254:249"
"اینا ہیمبرگ","کوثر کی ماں",12,"244 246 258 259 261 265 269 271 272 274","244:244 248:244 248:245 254:262 256:262 261:262 268:262 268:271 271:271 274:271 274:274 275:274"
"اینا ہیمبرگ","گوالا",7,"120 121 122 124 125","115:125 116:125 117:125 118:125 119:125 123:125 125:125"
"اینا ہیمبرگ","ہسپتال کے ڈاکٹر",38,"44 49 96 98 99 101 183 184 187 270 271 273 281 285 289 292 293 315 319 320 332 333 334 336 337 377 378 379 381 382","40:48 41:48 51:48 92:100 96:100 97:100 98:100 99:100 103:100 181:185 182:185 183:185 184:185 190:185 268:272 271:272 274:272 276:286 277:286 285:286 292:286 292:292 294:292 310:320 318:320 319:320 321:320 330:334 333:334 334:334 339:334 339:335 372:382 375:382 376:382 380:382 382:382 383:382"
"اینا ہیمبرگ","ہنگیرین بیوی",8,"61 68 88 89 90 92 94","59:64 72:64 84:93 85:93 86:93 87:93 92:93 96:93"
"اینا ہیمبرگ","ہنگیرین خاوند",10,"58 61 67 68 91 94 96","53:63 59:63 72:63 72:64 72:65 86:96 87:96 92:96 96:96 97:96"
"اینا ہیمبرگ","ہیڈ کلرک",7,"12 13 14 16 147 150","11:14 12:14 14:14 15:14 15:17 146:149 151:149"
"بائرن","بلانکا",30,"22 25 26 27 28 29 30 33 37 38 39 40 41 42 47 49 52 53 54 55 74 75 76","21:24 26:24 26:25 26:26 27:26 27:27 28:27 28:29 29:29 30:29 30:30 37:30 37:38 39:38 39:39 42:39 42:41 42:42 43:42 43:51 47:51 54:51 54:53 54:54 55:54 55:55 75:74 75:75 76:75 76:77"
"بائرن","بھانجی",25,"9 21 23 24 27 28 29 34 38 39 40 45 46 48 51 53 54 56 75 77","8:10 21:21 26:21 26:23 26:29 27:29 28:29 29:29 30:29 30:39 37:39 39:39 42:39 42:49 43:49 47:49 54:49 54:52 54:53 54:54 55:54 55:57 75:75 76:75 76:79"
"بائرن","تانگے والے کا کسان",3,"8 75 76","8:8 75:76 76:76"
"بائرن","ثاقب",1,"20","21:20"
"بائرن","جین",14,"21 23 27 28 29 30 33 37 38 75 76","21:21 26:21 26:28 27:28 28:28 29:28 29:30 30:30 37:30 37:38 39:38 75:75 76:75 76:76"
"بائرن","رابرٹ",4,"47 49 53","42:52 43:52 47:52 54:52"
"بائرن","سعیدہ",2,"57","54:60 55:60"
"بائرن","سلطان حسین",25,"23 25 26 27 28 29 30 33 36 38 39 40 41 42 43 45 46 49 52 55 74","21:25 26:25 26:26 27:26 27:28 28:28 29:28 29:29 30:29 30:30 37:30 37:35 37:39 39:39 42:39 42:40 42:43 43:43 47:43 47:45 47:51 54:51 54:56 55:56 75:74"
"بائرن","سلطان حسین کے پروفیسر",9,"29 30 31 34 37 38","26:32 27:32 28:32 29:32 30:32 37:32 37:37 39:37 39:38"
"بائرن","شیخ عمر درانہ",24,"6 7 20 24 26 27 40 41 43 45 47 50 51 52 53 55 71 74 78 79","8:5 8:6 21:19 21:27 26:27 27:27 28:27 37:44 39:44 42:44 43:44 47:44 47:47 54:47 54:48 54:49 54:50 54:52 54:56 55:56 75:67 75:73 75:82 76:82"
"بائرن","فاروق",9,"39 40 41 47 49 53 58 59","37:41 39:41 42:41 42:52 43:52 47:52 54:52 54:63 55:63"
"بائرن","محترمہ سی گل",1,"70","75:66"
"بائرن","میرو",16,"10 16 30 31 32 36 41 42 44 46 47 50 74","8:12 21:12 26:35 27:35 28:35 29:35 30:35 37:35 37:46 39:46 42:46 43:46 47:46 47:47 54:47 75:74"
"بائرن","میری",54,"5 6 7 8 16 18 19 20 21 24 25 26 27 28 29 30 33 34 35 37 38 39 41 42 43 45 46 47 50 51 52 53 55 70 71 72 73 74 75 76","8:3 8:4 8:5 8:6 8:9 21:11 21:12 21:16 21:17 21:20 21:22 26:22 26:23 26:24 26:26 27:26 27:28 28:28 29:28 29:30 30:30 37:30 37:31 37:32 37:33 37:34 37:37 39:37 39:40 42:40 42:41 42:43 43:43 47:43 47:44 47:45 47:47 54:47 54:48 54:49 54:51 54:52 54:53 54:56 55:56 75:66 75:67 75:69 75:71 75:72 75:73 75:74 75:76 76:76"
"بائرن","میٹرن",4,"47 49 53","42:52 43:52 47:52 54:52"
"بائرن","نوجوان عورت (چائے دینے والی)",5,"40 41 43 45","37:44 39:44 42:44 43:44 47:44"
"بائرن","چپراسی",3,"9 16 18","8:11 21:11 21:15"
"بائرن","چین",15,"11 17 23 26 28 29 39 40 42 56","8:14 21:14 21:26 26:26 27:26 27:29 28:29 29:29 30:29 37:42 39:42 42:42 43:42 54:58 55:58"
"بائرن","ڈیوڈ (میری کا بیٹا)",5,"23 26 75 76","21:26 26:26 27:26 75:76 76:76"
"بائرن","ڈیویڈ نٹر جیئرلڈ بائرن",5,"23 26 75 76","21:26 26:26 27:26 75:76 76:76"
"بائرن","کلرک",5,"11 17 18 19 20","8:14 21:14 21:16 21:17 21:19"
"بائرن","ہسپتال کے ڈاکٹر",5,"43 45 47 51","39:48 42:48 43:48 47:48 54:48"
"بائرن","ہنگیرین بیوی",2,"59","54:64 55:64"
"بائرن","ہنگیرین خاوند",3,"58 59 70","54:63 55:63 75:65"
"بائرن","ہیڈ کلرک",4,"11 17 19 20","8:14 21:14 21:17 21:19"
"بزرگ ملازم (قصور حویلی)","بھانجی",4,"166 246 277 285","169:164 249:244 281:274 281:289"
"بزرگ ملازم (قصور حویلی)","بیدی",1,"166","169:163"
"بزرگ ملازم (قصور حویلی)","تانگے والے کا کسان",1,"229","227:232"
"بزرگ ملازم (قصور حویلی)","ثاقب",5,"282 302 303 305","281:284 304:300 304:302 304:303 304:307"
"بزرگ ملازم (قصور حویلی)","جوان لڑکا (قصور حویلی)",2,"249","249:249 250:249"
"بزرگ ملازم (قصور حویلی)","حافظ آبادی مکین",3,"302 303 305","304:301 304:302 304:307"
"بزرگ ملازم (قصور حویلی)","حسین شاہ",4,"302 303 305","304:300 304:301 304:302 304:306"
"بزرگ ملازم (قصور حویلی)","خلیق",4,"281 299 300","281:281 304:294 304:295 304:296"
"بزرگ ملازم (قصور حویلی)","رضا علی",1,"284","281:287"
"بزرگ ملازم (قصور حویلی)","سعیدہ",6,"164 204 206 214 223 246","169:159 208:201 208:205 209:219 227:219 249:244"
"بزرگ ملازم (قصور حویلی)","سلمی",2,"214 223","209:219 227:219"
"بزرگ ملازم (قصور حویلی)","سمگلر ایجنٹ",2,"285 304","281:290 304:305"
"بزرگ ملازم (قصور حویلی)","شاہ جی حکیم پیر بخش",11,"247 248 249 250 277 278 279","249:245 249:246 249:247 249:248 249:249 250:249 250:250 281:273 281:274 281:275 281:277"
"بزرگ ملازم (قصور حویلی)","شیخ عمر درانہ",25,"164 165 166 167 169 203 207 208 209 222 226 227 244 246 247 250 281 301 303 304","169:160 169:161 169:162 169:163 169:164 169:165 169:169 208:199 208:207 208:208 209:208 209:209 227:218 227:225 227:227 249:239 249:240 249:244 249:246 249:251 250:251 281:281 304:298 304:302 304:305"
"بزرگ ملازم (قصور حویلی)","شیخ مظہر الدین",1,"206","208:204"
"بزرگ ملازم (قصور حویلی)","ظفر علی چوہان",24,"224 225 226 227 244 245 246 248 249 250 277 278 279 280 301","227:221 227:222 227:223 227:224 227:225 227:226 227:227 249:239 249:240 249:241 249:242 249:243 249:244 249:248 249:249 250:249 250:251 281:273 281:275 281:276 281:277 281:278 281:279 304:298"
"بزرگ ملازم (قصور حویلی)","علاقے کا مشہور سیاست دان",1,"227","227:228"
"بزرگ ملازم (قصور حویلی)","غلام محمد",2,"302 306","304:300 304:309"
"بزرگ ملازم (قصور حویلی)","فاروق",10,"167 169 203 244 246 249 250 279 283","169:165 169:166 169:169 208:198 249:240 249:243 249:250 250:250 281:278 281:285"
"بزرگ ملازم (قصور حویلی)","فیاض ایڈیٹر",7,"276 280 286 299 300 301","281:272 281:280 281:291 304:294 304:295 304:296 304:299"
"بزرگ ملازم (قصور حویلی)","ماجد",1,"283","281:285"
"بزرگ ملازم (قصور حویلی)","مارگریٹ میکنٹریٹ",1,"283","281:285"
"بزرگ ملازم (قصور حویلی)","مبشر",6,"276 280 299 300 301","281:272 281:280 304:294 304:295 304:296 304:299"
"بزرگ ملازم (قصور حویلی)","مرد لیکچرار (کوثر کا مبینہ عاشق)",1,"224","227:221"
"بزرگ ملازم (قصور حویلی)","مزارع",1,"173","169:177"
"بزرگ ملازم (قصور حویلی)","مسٹر بیٹی",1,"226","227:226"
"بزرگ ملازم (قصور حویلی)","میاں محمد (ظفر کا باپ)",4,"229 244 250","227:232 249:240 249:251 250:251"
"بزرگ ملازم (قصور حویلی)","میر پوری مکین",4,"302 303 305","304:300 304:301 304:302 304:307"
"بزرگ ملازم (قصور حویلی)","میری",36,"165 204 205 206 207 209 210 222 223 225 226 227 244 245 247 248 249 250 276 277 278 279 280 281 299 300 301","169:162 208:200 208:201 208:203 208:204 208:205 208:207 208:211 209:211 227:218 227:220 227:223 227:224 227:225 227:226 227:228 249:239 249:241 249:245 249:246 249:247 249:248 249:250 250:250 281:271 281:273 281:274 281:275 281:276 281:277 281:278 281:279 281:281 304:294 304:297 304:299"
"بزرگ ملازم (قصور حویلی)","نسیم",14,"206 207 208 209 225 227 281 299 300 301","208:205 208:206 208:207 208:208 209:208 209:209 227:223 227:224 227:228 281:281 304:294 304:297 304:298 304:299"
"بزرگ ملازم (قصور حویلی)","نواب شیر محمد خان",2,"249","249:249 250:249"
"بزرگ ملازم (قصور حویلی)","نوجوان عورت (چائے دینے والی)",1,"255","250:260"
"بزرگ ملازم (قصور حویلی)","چوہدری (ایانہ حصہ راوی)",9,"165 166 213 222 248 250","169:161 169:162 169:163 208:218 209:218 227:218 249:248 249:251 250:251"
"بزرگ ملازم (قصور حویلی)","چوہدری نذیر",3,"165 166","169:161 169:162 169:163"
"بزرگ ملازم (قصور حویلی)","چین",5,"212 224 283 299","208:216 209:216 227:222 281:286 304:295"
"بزرگ ملازم (قصور حویلی)","کلثوم (اظہر کی بیوی)",1,"286","281:291"
"بزرگ ملازم (قصور حویلی)","کلرک",1,"228","227:230"
"بزرگ ملازم (قصور حویلی)","کمال (ایانہ حصّہ راوی کا بیٹا)",4,"205 206 210 211","208:203 208:204 208:213 209:213"
"بزرگ ملازم (قصور حویلی)","کوثر",18,"224 244 245 246 247 248 249 250 276 277 278 279 280","227:221 249:239 249:241 249:242 249:243 249:244 249:245 249:248 249:249 250:249 250:251 281:271 281:274 281:275 281:276 281:277 281:278 281:279"
"بزرگ ملازم (قصور حویلی)","کوثر کا بھائی (قیصر)",2,"246","249:243 249:244"
"بزرگ ملازم (قصور حویلی)","کوثر کا ماموں",2,"249","249:249 250:249"
"بزرگ ملازم (قصور حویلی)","کوثر کی ماں",4,"246 247 276 277","249:244 249:245 281:271 281:274"
"بزرگ ملازم (قصور حویلی)","ہسپتال کے ڈاکٹر",2,"276 283","281:272 281:286"
"بلانکا","بھانجی",27,"22 23 26 27 28 29 34 38 39 40 45 50 51 52 53 54 56 69 74 75 76 78","24:21 24:23 24:29 25:29 26:29 27:29 29:29 30:29 30:39 38:39 39:39 41:39 41:49 42:49 51:49 51:52 53:52 53:53 54:53 54:54 55:54 55:57 74:64 74:75 75:75 77:75 77:79"
"بلانکا","تانگے والے کا کسان",3,"75 76","74:76 75:76 77:76"
"بلانکا","ثاقب",1,"22","24:20"
"بلانکا","جین",15,"22 26 27 28 29 30 34 38 74 75 76","24:21 24:28 25:28 26:28 27:28 29:28 29:30 30:30 38:30 38:38 39:38 74:75 75:75 77:75 77:76"
"بلانکا","رابرٹ",3,"47 51 52","42:52 51:52 53:52"
"بلانکا","سعیدہ",4,"55 56 57","51:60 53:60 54:60 55:60"
"بلانکا","سلطان حسین",27,"24 25 26 27 28 29 30 34 36 38 39 40 42 47 48 51 52 54 55 74","24:25 25:25 26:25 26:26 27:26 27:28 29:28 29:29 30:29 30:30 38:30 38:35 38:39 39:39 41:39 41:40 41:43 42:43 51:43 51:45 51:51 53:51 53:56 54:56 55:56 74:74 75:74"
"بلانکا","سلطان حسین کے پروفیسر",10,"28 29 30 31 35 37 38","24:32 25:32 26:32 27:32 29:32 30:32 38:32 38:37 38:38 39:38"
"بلانکا","شیخ عمر درانہ",25,"21 25 26 27 28 41 42 43 47 49 50 51 52 54 55 70 73 78 79","24:19 24:27 25:27 26:27 27:27 29:27 38:44 39:44 41:44 42:44 51:44 51:47 51:48 51:49 51:50 51:52 53:52 53:56 54:56 55:56 74:67 74:73 74:82 75:82 77:82"
"بلانکا","فاروق",10,"39 40 41 47 51 52 58 59","38:41 39:41 41:41 42:41 42:52 51:52 53:52 53:63 54:63 55:63"
"بلانکا","محترمہ سی گل",1,"70","74:66"
"بلانکا","میرو",14,"30 31 32 36 42 43 44 48 49 74","25:35 26:35 27:35 29:35 30:35 38:35 38:46 39:46 41:46 42:46 51:46 51:47 74:74 75:74"
"بلانکا","میری",51,"20 22 23 24 25 26 27 28 29 30 34 35 36 37 39 40 41 42 47 48 49 50 51 52 53 55 69 70 71 72 73 74 75 76 78","24:16 24:17 24:20 24:22 24:23 24:24 25:24 25:26 26:26 27:26 27:28 29:28 29:30 30:30 38:30 38:31 38:32 38:33 38:34 38:37 38:40 39:40 41:40 41:41 42:41 42:43 51:43 51:44 51:45 51:47 51:48 51:49 51:51 53:51 53:52 53:53 54:53 54:56 55:56 74:64 74:66 74:67 74:69 74:71 74:72 74:73 74:74 75:74 75:76 77:76 77:79"
"بلانکا","میٹرن",3,"47 51 52","42:52 51:52 53:52"
"بلانکا","نوجوان عورت (چائے دینے والی)",5,"41 42 43 47","38:44 39:44 41:44 42:44 51:44"
"بلانکا","چپراسی",1,"19","24:15"
"بلانکا","چین",17,"19 25 26 28 29 40 41 42 46 54 55 56","24:14 24:26 25:26 26:26 27:26 27:29 29:29 30:29 38:42 39:42 41:42 42:42 51:42 51:58 53:58 54:58 55:58"
"بلانکا","ڈیوڈ (میری کا بیٹا)",7,"25 26 75 76","24:26 25:26 26:26 27:26 74:76 75:76 77:76"
"بلانکا","ڈیویڈ نٹر جیئرلڈ بائرن",7,"25 26 75 76","24:26 25:26 26:26 27:26 74:76 75:76 77:76"
"بلانکا","کلرک",4,"19 20 21","24:14 24:16 24:17 24:19"
"بلانکا","ہسپتال کے ڈاکٹر",5,"43 44 45 49","38:48 39:48 41:48 42:48 51:48"
"بلانکا","ہنگیرین بیوی",3,"59 69","54:64 55:64 74:64"
"بلانکا","ہنگیرین خاوند",5,"58 59 69","53:63 54:63 55:63 74:64 74:65"
"بلانکا","ہیڈ کلرک",3,"19 20 21","24:14 24:17 24:19"
"بھانجی","بیدی",3,"159 160 163","156:163 158:163 164:163"
"بھانجی","تانگے والے کا کسان",14,"9 75 77 125 128 129 130 131 133 138 145 152","10:8 75:76 79:76 126:124 126:131 127:131 128:131 129:131 132:131 132:135 142:135 142:148 156:148 156:149"
"بھانجی","ثاقب",15,"15 20 279 286 287 315 316 317 319 320 321 322 323","10:20 21:20 274:284 289:284 289:286 320:311 320:312 320:314 320:315 320:319 320:320 323:320 323:321 323:322 323:323"
"بھانجی","جرمن لڑکی (برج ساتھی)",3,"91 95 98","87:95 95:95 102:95"
"بھانجی","جمیکے جارج",2,"322 323","320:324 323:324"
"بھانجی","جوان لڑکا (قصور حویلی)",1,"246","244:249"
"بھانجی","جہاز کا نوجوان افسر",2,"97 100","95:99 102:99"
"بھانجی","جین",10,"21 22 25 28 29 34 38 75 77","21:21 23:21 23:28 29:28 29:30 39:30 39:38 75:75 79:75 79:76"
"بھانجی","حافظ آبادی مکین",3,"320 321 324","320:320 323:320 323:326"
"بھانجی","حسین شاہ",8,"315 316 317 320 321 322 323","320:310 320:312 320:314 320:315 320:320 323:320 323:322 323:323"
"بھانجی","خلیق",8,"269 270 271 272 277 285 290","274:265 274:267 274:268 274:269 274:270 274:281 289:281 289:291"
"بھانجی","رابرٹ",3,"50 52","49:52 52:52 53:52"
"بھانجی","رضا علی",3,"288 289","289:287 289:288 289:289"
"بھانجی","سعیدہ",29,"56 57 58 59 60 61 91 95 98 126 127 128 129 130 131 132 137 142 151 156 157 158 161 244 269","52:60 53:60 54:60 57:60 59:60 60:60 63:60 87:95 95:95 102:95 126:127 127:127 128:127 128:128 129:128 129:129 132:129 132:130 132:132 142:132 142:142 156:147 156:157 158:157 158:158 164:158 164:159 244:244 274:265"
"بھانجی","سلطان حسین",24,"23 24 27 28 29 34 37 39 44 46 47 50 51 54 55 56 57 58 69 74","21:25 23:25 29:25 29:26 29:28 29:29 39:29 39:30 39:35 39:39 49:39 49:40 49:43 49:45 49:51 52:51 52:56 53:56 54:56 57:56 57:58 59:58 64:74 75:74"
"بھانجی","سلطان حسین کے پروفیسر",5,"27 30 35 38","23:32 29:32 39:32 39:37 39:38"
"بھانجی","سمگلر ایجنٹ",3,"289 324 326","289:290 320:329 323:329"
"بھانجی","شاہ جی حکیم پیر بخش",3,"244 273 274","244:245 274:273 274:274"
"بھانجی","شیخ عمر درانہ",92,"7 8 14 20 24 25 28 41 46 48 49 50 51 52 54 55 56 58 59 60 61 65 71 74 78 80 84 85 90 94 97 100 101 102 123 124 126 127 128 129 130 131 132 137 138 139 140 141 143 151 152 153 154 156 157 158 161 162 163 164 239 241 242 244 269 277 285 287 288 289 319 321 323","10:5 10:6 10:19 21:19 21:27 23:27 29:27 39:44 49:44 49:47 49:48 49:49 52:49 52:50 52:52 53:52 53:56 54:56 57:56 57:59 59:59 60:59 60:60 63:60 63:67 64:67 75:67 75:73 75:82 79:82 87:82 87:84 87:94 95:94 95:99 102:99 102:101 102:102 126:120 126:121 126:122 126:123 126:126 127:126 127:127 128:127 128:128 129:128 129:129 132:129 132:130 132:131 132:132 142:132 142:133 142:134 142:136 142:137 142:138 142:139 142:140 142:141 142:145 156:146 156:147 156:148 156:149 156:150 156:151 156:152 156:157 158:157 158:158 164:158 164:160 164:161 164:162 164:163 164:164 244:234 244:239 244:240 244:244 274:265 274:281 289:281 289:286 289:287 289:289 320:319 320:323 323:323"
"بھانجی","شیر باز",2,"324 325","320:328 323:328"
"بھانجی","ظفر علی چوہان",10,"241 242 243 244 273 274 284 293","244:239 244:240 244:241 244:242 244:243 244:244 274:273 274:275 289:279 289:298"
"بھانجی","غلام محمد",14,"290 315 316 317 318 319 320 321 322 324","289:292 320:310 320:311 320:312 320:314 320:315 320:316 320:317 320:318 320:319 320:320 323:320 323:322 323:326"
"بھانجی","فاروق",45,"40 45 50 52 58 60 61 63 104 123 124 125 126 129 130 131 132 137 138 141 144 151 152 156 157 161 164 242 243 247 276 287 289","39:41 49:41 49:52 52:52 53:52 53:63 54:63 57:63 59:63 60:63 63:63 64:63 102:107 126:120 126:121 126:122 126:123 126:124 126:126 127:126 127:131 128:131 129:131 132:131 132:132 142:132 142:133 142:134 142:135 142:141 142:147 156:147 156:148 156:156 158:156 158:157 158:165 164:165 244:240 244:243 244:250 274:278 289:285 289:286 289:289"
"بھانجی","فقیر",2,"126","126:126 127:126"
"بھانجی","فیاض ایڈیٹر",10,"269 270 271 272 273 277 284 290","274:265 274:266 274:267 274:268 274:269 274:270 274:272 274:280 289:280 289:291"
"بھانجی","قربان تانگے والا",3,"145 152","142:148 156:148 156:149"
"بھانجی","مائیکل جارج",1,"327","323:332"
"بھانجی","ماجد",1,"287","289:285"
"بھانجی","مارگریٹ میکنٹریٹ",1,"287","289:285"
"بھانجی","مبشر",9,"269 270 271 272 273 277 284 291","274:265 274:267 274:268 274:269 274:270 274:272 274:280 289:280 289:293"
"بھانجی","محترمہ سی گل",11,"61 62 63 64 65 70 89 93 99 103","57:66 59:66 60:66 63:66 64:66 75:66 87:91 95:91 95:92 95:104 102:104"
"بھانجی","میاں محمد (ظفر کا باپ)",2,"242 247","244:240 244:251"
"بھانجی","میر پوری مکین",2,"324 326","320:329 323:329"
"بھانجی","میرو",9,"11 16 32 37 42 47 48 69 74","10:12 21:12 29:35 39:35 39:46 49:46 49:47 64:74 75:74"
"بھانجی","میری",113,"6 7 8 9 10 16 18 19 20 21 22 23 26 27 28 29 34 35 36 38 39 44 45 46 47 48 49 50 51 52 53 55 56 57 58 59 60 61 62 63 64 70 71 72 73 74 75 77 79 83 84 85 86 87 91 93 94 95 98 99 101 102 121 122 137 142 159 160 163 241 242 244 269 270 272 273 274 284 285 287 288 290 317 318 319 320 322 323","10:3 10:4 10:5 10:6 10:9 10:10 21:11 21:12 21:16 21:17 21:20 21:22 23:22 23:23 29:23 29:24 29:26 29:28 29:30 39:30 39:31 39:32 39:33 39:34 39:37 39:40 49:40 49:41 49:43 49:44 49:45 49:47 49:48 49:49 52:49 52:51 52:52 53:52 53:53 54:53 54:56 57:56 57:58 59:58 59:59 60:59 60:60 63:60 63:62 63:64 64:64 75:66 75:67 75:69 75:71 75:72 75:73 75:74 75:76 79:76 79:79 87:79 87:82 87:83 87:84 87:86 87:87 95:87 95:91 95:93 95:94 95:95 102:95 102:96 102:97 102:100 102:101 102:102 126:116 126:118 126:119 132:142 142:142 156:162 158:162 164:162 244:238 244:239 244:241 244:245 274:265 274:266 274:267 274:270 274:271 274:273 274:274 289:279 289:281 289:282 289:285 289:286 289:287 289:288 289:292 320:315 320:316 320:317 320:318 320:321 323:321 323:322 323:323"
"بھانجی","میری کا آئرش ساتھی",2,"322 323","320:324 323:324"
"بھانجی","میری کی ماں",2,"321 323","320:323 323:323"
"بھانجی","میٹرن",3,"50 52","49:52 52:52 53:52"
"بھانجی","نجومی (کنویں والا)",6,"130 131 132 133 138","126:135 127:135 128:135 129:135 132:135 142:135"
"بھانجی","نسیم",12,"239 240 241 269 270 271 277 285 290","244:234 244:235 244:236 244:238 274:264 274:266 274:267 274:268 274:269 274:281 289:281 289:291"
"بھانجی","نواب شیر محمد خان",1,"246","244:249"
"بھانجی","نوجوان جرمن لڑکا",2,"90 94","87:93 95:93"
"بھانجی","نوجوان عورت (چائے دینے والی)",4,"41 46 320 321","39:44 49:44 320:320 323:320"
"بھانجی","نوری",4,"156 157 158 161","156:157 158:157 158:158 164:158"
"بھانجی","پیشیا",3,"146 153 155","142:151 156:151 156:154"
"بھانجی","چوہدری (ایانہ حصہ راوی)",6,"158 159 162 163 246","156:161 158:161 164:161 164:162 164:163 244:248"
"بھانجی","چوہدری نذیر",5,"158 159 162 163","156:161 158:161 164:161 164:162 164:163"
"بھانجی","چپراسی",4,"10 16 18 154","10:11 21:11 21:15 156:153"
"بھانجی","چین",17,"12 17 23 24 27 29 34 40 45 53 55 56 57 58 287 292","10:14 21:14 21:26 23:26 29:26 29:29 39:29 39:42 49:42 49:58 52:58 53:58 54:58 57:58 59:58 289:286 289:295"
"بھانجی","ڈیوڈ (میری کا بیٹا)",5,"23 24 27 75 77","21:26 23:26 29:26 75:76 79:76"
"بھانجی","ڈیویڈ نٹر جیئرلڈ بائرن",5,"23 24 27 75 77","21:26 23:26 29:26 75:76 79:76"
"بھانجی","کلثوم (اظہر کی بیوی)",5,"269 270 271 290","274:265 274:266 274:267 274:269 289:291"
"بھانجی","کلرک",7,"12 17 18 19 20 145 152","10:14 21:14 21:16 21:17 21:19 142:149 156:149"
"بھانجی","کوثر",8,"241 242 243 244 272 274 284","244:239 244:241 244:242 244:243 244:244 274:271 274:274 289:279"
"بھانجی","کوثر کا بھائی (قیصر)",2,"243 244","244:243 244:244"
"بھانجی","کوثر کا ماموں",1,"246","244:249"
"بھانجی","کوثر کی ماں",3,"244 272 274","244:244 274:271 274:274"
"بھانجی","گوالا",1,"125","126:125"
"بھانجی","ہسپتال کے ڈاکٹر",9,"43 48 97 101 273 287 290 320 321","39:48 49:48 95:100 102:100 274:272 289:286 289:292 320:320 323:320"
"بھانجی","ہنگیرین بیوی",8,"59 60 61 62 63 64 90 94","54:64 57:64 59:64 60:64 63:64 64:64 87:93 95:93"
"بھانجی","ہنگیرین خاوند",12,"58 60 61 63 64 70 91 95 99","53:63 54:63 57:63 59:63 60:63 63:63 64:63 64:64 75:65 87:96 95:96 102:96"
"بھانجی","ہیڈ کلرک",6,"12 17 19 20 145 152","10:14 21:14 21:17 21:19 142:149 156:149"
"بیدی","سعیدہ",3,"160 161","163:157 163:158 163:159"
"بیدی","شیخ عمر درانہ",6,"160 161 162 163","163:157 163:158 163:160 163:161 163:162 163:163"
"بیدی","فاروق",3,"159 160 164","163:156 163:157 163:165"
"بیدی","میری",1,"162","163:162"
"بیدی","نوری",2,"160","163:157 163:158"
"بیدی","پیشیا",1,"158","163:154"
"بیدی","چوہدری (ایانہ حصہ راوی)",3,"162 163","163:161 163:162 163:163"
"بیدی","چوہدری نذیر",3,"162 163","163:161 163:162 163:163"
"بیدی","چپراسی",1,"158","163:153"
"تانگے والے کا کسان","جین",2,"75 76","76:75 76:76"
"تانگے والے کا کسان","سعیدہ",12,"125 129 130 131 133 138 145 147 152 153","124:127 131:127 131:128 131:129 131:130 131:132 135:132 135:142 148:142 148:147 148:157 149:157"
"تانگے والے کا کسان","سلطان حسین",1,"75","76:74"
"تانگے والے کا کسان","شیخ عمر درانہ",37,"6 7 71 74 79 122 123 125 128 129 130 131 133 134 135 143 144 146 147 148 149 228 229 230 231 232","8:5 8:6 76:67 76:73 76:82 124:120 124:121 124:122 124:123 124:126 131:126 131:127 131:128 131:129 131:130 131:131 135:131 135:132 135:133 135:134 135:136 148:138 148:139 148:140 148:141 148:145 148:146 148:147 148:148 149:148 149:149 232:225 232:227 232:229 232:230 232:231 232:232"
"تانگے والے کا کسان","ظفر علی چوہان",8,"227 228 229 231 232","232:222 232:223 232:224 232:225 232:226 232:227 232:230 232:232"
"تانگے والے کا کسان","علاقے کا مشہور سیاست دان",1,"230","232:228"
"تانگے والے کا کسان","فاروق",19,"122 123 124 127 128 131 133 134 135 144 147 148 152 236","124:120 124:121 124:122 124:123 124:124 131:124 131:126 131:131 135:131 135:132 135:133 135:134 135:135 148:141 148:147 148:148 149:148 149:156 232:240"
"تانگے والے کا کسان","فقیر",2,"125 128","124:126 131:126"
"تانگے والے کا کسان","قربان تانگے والا",3,"148 149","148:148 149:148 149:149"
"تانگے والے کا کسان","محترمہ سی گل",3,"71 119","76:66 124:114 124:115"
"تانگے والے کا کسان","مسٹر بیٹی",1,"229","232:226"
"تانگے والے کا کسان","میاں محمد (ظفر کا باپ)",1,"232","232:232"
"تانگے والے کا کسان","میرو",2,"10 75","8:12 76:74"
"تانگے والے کا کسان","میری",26,"5 6 7 8 71 72 73 74 75 76 119 120 121 138 145 227 228 229 230 232","8:3 8:4 8:5 8:6 8:9 76:66 76:67 76:69 76:71 76:72 76:73 76:74 76:76 124:115 124:116 124:118 124:119 135:142 148:142 232:223 232:224 232:225 232:226 232:228 232:229 232:232"
"تانگے والے کا کسان","نجومی (کنویں والا)",2,"133 135","131:135 135:135"
"تانگے والے کا کسان","نسیم",6,"227 228 230 231 232","232:223 232:224 232:228 232:229 232:231 232:233"
"تانگے والے کا کسان","نوری",2,"152 153","148:157 149:157"
"تانگے والے کا کسان","پیشیا",2,"149 150","148:151 149:151"
"تانگے والے کا کسان","چپراسی",3,"9 150 151","8:11 148:153 149:153"
"تانگے والے کا کسان","چین",2,"11 227","8:14 232:222"
"تانگے والے کا کسان","ڈیوڈ (میری کا بیٹا)",1,"76","76:76"
"تانگے والے کا کسان","ڈیویڈ نٹر جیئرلڈ بائرن",1,"76","76:76"
"تانگے والے کا کسان","کلرک",4,"11 148 149 231","8:14 148:149 149:149 232:230"
"تانگے والے کا کسان","کوثر",1,"235","232:239"
"تانگے والے کا کسان","گوالا",2,"124 128","124:125 131:125"
"تانگے والے کا کسان","ہیڈ کلرک",3,"11 148 149","8:14 148:149 149:149"
"ثاقب","جمیکے جارج",10,"319 321 322 323 324 325 328","314:324 315:324 319:324 320:324 321:324 322:324 323:324 325:324 325:325 331:325"
"ثاقب","جین",1,"20","20:21"
"ثاقب","حافظ آبادی مکین",60,"300 301 302 305 307 308 315 316 317 319 320 323 324 325 328 329 330 333 334 335 336 338 339 341 345 347 348 350 351 352 353 354 358 360 361 362 367 368 369 370 371","300:301 302:301 302:302 303:302 303:307 307:307 309:307 309:308 311:320 312:320 314:320 315:320 319:320 320:320 321:320 321:326 322:326 323:326 325:326 331:326 331:327 331:328 331:329 331:330 331:335 333:335 336:335 336:336 337:336 337:340 338:340 339:340 342:340 342:348 343:348 346:348 347:348 348:348 349:348 349:351 350:351 351:351 352:351 352:353 353:353 355:353 355:361 360:361 361:361 363:361 363:362 363:371 365:371 366:371 367:371 368:371 369:371 370:371 371:371 372:371"
"ثاقب","حسین شاہ",110,"300 301 302 304 306 307 308 309 310 311 312 313 314 315 317 319 320 321 322 323 324 325 328 329 330 331 332 333 334 335 336 337 339 341 342 343 344 345 346 347 348 349 350 351 352 353 354 355 357 358 359 360 361 362 367 368 369 370 371 372 373 374 375 376 377 378 379 380 385 386 389 390","300:300 302:300 302:301 302:302 303:302 303:306 307:306 307:307 309:307 309:308 309:309 311:309 311:310 311:312 312:312 314:312 314:314 315:314 315:315 319:315 319:320 320:320 321:320 321:322 322:322 323:322 323:323 325:323 325:325 331:325 331:326 331:327 331:328 331:329 331:330 331:332 333:332 333:333 336:333 336:334 336:335 336:336 337:336 337:337 338:337 338:340 339:340 342:340 342:341 342:342 343:342 343:343 346:343 346:344 346:345 346:346 347:346 347:347 348:347 348:348 349:348 349:349 350:349 350:350 351:350 351:351 352:351 352:352 353:352 353:353 355:353 355:354 355:355 360:355 360:356 360:357 360:358 360:359 360:360 361:360 361:361 363:361 363:362 363:371 365:371 366:371 367:371 368:371 369:371 370:371 371:371 372:371 372:373 373:373 374:373 374:374 376:374 376:375 376:376 377:376 377:377 378:377 378:378 379:378 379:379 381:379 381:390 382:390 389:390 390:390"
"ثاقب","حیدر شاہ",15,"341 342 344 346 355 356 357 360","336:346 337:346 338:346 339:346 342:346 343:346 346:346 347:346 350:360 351:360 352:360 353:360 355:360 360:360 361:360"
"ثاقب","خلیق",8,"282 287 288 295 296 297 298","284:281 284:291 286:291 300:291 300:293 300:294 300:295 300:296"
"ثاقب","رضا علی",3,"285 286 295","284:287 286:287 300:290"
"ثاقب","سلطان حسین",1,"22","20:25"
"ثاقب","سمگلر ایجنٹ",35,"287 288 295 302 303 304 306 308 309 310 324 325 326 327 330 334 335 337 338 348 349 350 351 352 353 354","284:290 286:290 300:290 300:305 302:305 303:305 307:305 307:309 309:309 311:309 319:329 320:329 321:329 322:329 323:329 325:329 331:329 331:330 331:338 333:338 336:338 337:338 338:338 339:338 343:353 346:353 347:353 348:353 349:353 350:353 351:353 352:353 353:353 355:353 355:354"
"ثاقب","شاہ جی حکیم پیر بخش",7,"279 280 333 334 336","284:274 284:275 284:277 331:336 333:336 336:336 337:336"
"ثاقب","شیخ عمر درانہ",61,"19 23 282 285 286 299 301 302 304 306 307 308 314 315 316 317 319 321 322 323 324 325 328 329 334 335 337 338 340 342 364 365 366 367 368 369 371 372 381 382 383 384 387 388 389","20:19 20:27 284:281 284:286 286:286 300:298 300:302 302:302 303:302 303:305 307:305 307:307 309:307 309:319 311:319 312:319 314:319 315:319 319:319 320:319 320:323 321:323 322:323 323:323 325:323 325:324 325:325 331:325 331:328 331:338 333:338 336:338 337:338 338:338 339:338 339:342 342:342 343:342 360:369 361:369 363:369 365:369 366:369 367:369 368:369 369:369 370:369 370:372 371:372 372:372 373:372 376:386 377:386 378:386 379:386 381:386 382:386 389:386 389:388 389:389 390:389"
"ثاقب","شیر باز",45,"323 324 325 326 329 331 332 338 339 340 341 342 343 344 345 346 347 350 351 352 353 354 355 357 360 361 362 370 371 372 373 374 375","319:328 320:328 321:328 322:328 323:328 325:328 331:328 331:332 333:332 333:343 336:343 337:343 338:343 339:343 342:343 343:343 346:343 346:344 346:347 347:347 348:347 348:353 349:353 350:353 351:353 352:353 353:353 355:353 355:355 360:355 360:361 361:361 363:361 363:362 365:375 366:375 367:375 368:375 369:375 370:375 371:375 372:375 373:375 374:375 376:375"
"ثاقب","ظفر علی چوہان",6,"279 280 281 299","284:275 284:276 284:277 284:278 284:279 300:298"
"ثاقب","علی محمد حافظ آبادی",10,"366 367 368 369 370 371","361:371 363:371 365:371 366:371 367:371 368:371 369:371 370:371 371:371 372:371"
"ثاقب","غلام محمد",78,"288 289 296 300 301 305 306 308 309 310 311 312 313 314 315 317 318 319 320 321 322 324 325 328 332 333 334 335 336 337 340 342 345 346 347 348 349 350 352 353 354 358 360 361 362 363 364 365 366 367 372 373 374 375 376","284:292 286:292 300:292 300:300 302:300 302:309 303:309 307:309 309:309 311:309 311:310 311:311 312:311 312:312 314:312 314:314 315:314 315:315 319:315 319:316 319:317 319:318 319:319 320:319 320:320 321:320 321:322 322:322 323:322 323:326 325:326 331:326 331:333 333:333 336:333 336:335 336:337 337:337 338:337 338:342 339:342 342:342 343:342 343:347 346:347 347:347 348:347 348:349 349:349 350:349 350:350 351:350 351:353 352:353 353:353 355:353 355:361 360:361 361:361 363:361 363:362 363:364 365:364 365:365 366:365 366:366 367:366 367:367 368:367 368:376 369:376 370:376 371:376 372:376 373:376 374:376 376:376 377:376"
"ثاقب","فاروق",57,"281 284 285 286 295 296 335 336 338 339 341 342 343 344 347 348 350 351 352 353 354 358 361 362 368 369 370 371 372 373 374 375 379 380 381 382 385 386 387 389 390","284:278 284:285 286:285 286:286 300:291 300:293 331:340 333:340 336:340 337:340 338:340 339:340 342:340 342:343 343:343 346:343 346:348 347:348 348:348 349:348 349:352 350:352 351:352 352:352 353:352 353:354 355:354 355:362 360:362 361:362 363:362 363:373 365:373 366:373 367:373 368:373 369:373 370:373 371:373 372:373 373:373 374:373 374:375 376:375 376:382 377:382 378:382 379:382 381:382 382:382 389:382 389:384 389:385 389:386 389:389 390:389 390:390"
"ثاقب","فیاض ایڈیٹر",8,"282 287 288 295 297 298 299","284:280 284:291 286:291 300:291 300:294 300:295 300:296 300:299"
"ثاقب","مائیکل جارج",5,"327 328 331 332","322:332 323:332 325:332 331:332 333:332"
"ثاقب","ماجد",2,"284 285","284:285 286:285"
"ثاقب","مارگریٹ میکنٹریٹ",2,"284 285","284:285 286:285"
"ثاقب","مبشر",8,"282 288 289 296 297 298 299","284:280 284:293 286:293 300:293 300:294 300:295 300:296 300:299"
"ثاقب","میر پوری مکین",35,"300 301 302 305 307 308 324 325 326 327 330 331 332 333 335 336 337 339 341 346 347 348 349 350 351","300:300 302:300 302:301 302:302 303:302 303:307 307:307 309:307 319:329 320:329 321:329 322:329 323:329 325:329 331:329 331:330 331:332 333:332 333:334 336:334 336:337 337:337 338:337 338:340 339:340 342:340 342:351 343:351 346:351 347:351 348:351 349:351 350:351 351:351 352:351"
"ثاقب","میرو",5,"16 386 390","20:12 381:391 382:391 389:391 390:391"
"ثاقب","میری",139,"15 16 18 20 279 280 281 282 283 284 285 286 296 297 298 299 311 312 313 314 315 317 318 320 321 322 323 324 325 328 329 330 331 332 333 335 336 337 338 339 340 341 342 343 344 345 346 347 348 349 350 351 352 353 354 355 357 358 359 360 361 362 363 364 365 366 367 368 369 370 371 372 373 374 375 376 377 378 379 380 381 382 385 386 387 388 389 390","20:10 20:11 20:12 20:16 20:17 20:20 284:274 284:275 284:276 284:277 284:278 284:279 284:281 284:282 284:285 286:285 286:286 300:292 300:294 300:297 300:299 307:315 309:315 311:315 312:315 314:315 315:315 319:315 319:316 319:317 319:318 319:321 320:321 321:321 322:321 322:322 323:322 323:323 325:323 325:324 325:325 331:325 331:326 331:327 331:328 331:329 331:330 331:331 333:331 333:332 333:334 336:334 336:335 336:336 337:336 337:337 338:337 338:338 339:338 339:339 342:339 342:340 342:341 342:342 343:342 343:343 346:343 346:344 346:346 347:346 347:347 348:347 348:348 349:348 349:349 350:349 350:350 351:350 351:351 352:351 352:352 353:352 353:353 355:353 355:354 355:355 360:355 360:356 360:357 360:358 360:359 360:360 361:360 361:361 363:361 363:362 363:363 365:363 365:364 365:365 366:365 366:366 367:366 367:367 368:367 368:368 369:368 369:369 370:369 370:370 371:370 371:371 372:371 372:373 373:373 374:373 374:374 376:374 376:375 376:376 377:376 377:377 378:377 378:378 379:378 379:379 381:379 381:382 382:382 389:382 389:383 389:384 389:385 389:386 389:387 389:388 389:389 390:389 390:390"
"ثاقب","میری کا آئرش ساتھی",14,"319 321 322 323 324 382 383 384 388","314:324 315:324 319:324 320:324 321:324 322:324 323:324 325:324 377:387 378:387 379:387 381:387 382:387 389:387"
"ثاقب","میری کی ماں",8,"318 319 321 322 323 324","314:323 315:323 319:323 320:323 321:323 322:323 323:323 325:323"
"ثاقب","نسیم",9,"282 287 288 295 296 297 298 299","284:281 284:291 286:291 300:291 300:293 300:294 300:297 300:298 300:299"
"ثاقب","نوجوان عورت (چائے دینے والی)",7,"315 316 317 319 320","311:320 312:320 314:320 315:320 319:320 320:320 321:320"
"ثاقب","ٹا پسٹ",10,"375 376 377 378 379 380","370:380 371:380 372:380 373:380 374:380 376:380 377:380 378:380 379:380 381:380"
"ثاقب","چپراسی",12,"15 17 375 376 377 378 379 380","20:11 20:15 370:380 371:380 372:380 373:380 374:380 376:380 377:380 378:380 379:380 381:380"
"ثاقب","چین",12,"17 23 285 286 297 355 356 357 360","20:14 20:26 284:286 286:286 300:295 350:360 351:360 352:360 353:360 355:360 360:360 361:360"
"ثاقب","ڈسپیچر",10,"375 376 377 378 379 380","370:380 371:380 372:380 373:380 374:380 376:380 377:380 378:380 379:380 381:380"
"ثاقب","ڈیوڈ (میری کا بیٹا)",10,"23 381 382 383 384 387 389","20:26 376:386 377:386 378:386 379:386 381:386 382:386 389:386 389:389 390:389"
"ثاقب","ڈیویڈ نٹر جیئرلڈ بائرن",10,"23 381 382 383 384 387 389","20:26 376:386 377:386 378:386 379:386 381:386 382:386 389:386 389:389 390:389"
"ثاقب","کلثوم (اظہر کی بیوی)",4,"287 288 295 296","284:291 286:291 300:291 300:293"
"ثاقب","کلرک",14,"17 18 19 375 376 377 378 379 380","20:14 20:16 20:17 20:19 370:380 371:380 372:380 373:380 374:380 376:380 377:380 378:380 379:380 381:380"
"ثاقب","کوثر",6,"279 280 281","284:274 284:275 284:276 284:277 284:278 284:279"
"ثاقب","کوثر کی ماں",1,"279","284:274"
"ثاقب","ہسپتال کے ڈاکٹر",25,"285 286 296 315 316 317 319 320 329 332 333 335 377 378 379 380 381 382 385","284:286 286:286 300:292 311:320 312:320 314:320 315:320 319:320 320:320 321:320 325:334 331:334 333:334 336:334 336:335 372:382 373:382 374:382 376:382 377:382 378:382 379:382 381:382 382:382 389:382"
"ثاقب","ہیڈ کلرک",3,"17 18 19","20:14 20:17 20:19"
"جرمن لڑکی (برج ساتھی)","جہاز کا نوجوان افسر",1,"97","95:99"
"جرمن لڑکی (برج ساتھی)","سعیدہ",1,"95","95:95"
"جرمن لڑکی (برج ساتھی)","شیخ عمر درانہ",2,"94 97","95:94 95:99"
"جرمن لڑکی (برج ساتھی)","محترمہ سی گل",3,"93 99","95:91 95:92 95:104"
"جرمن لڑکی (برج ساتھی)","میری",6,"90 91 93 94 95","95:86 95:87 95:91 95:93 95:94 95:95"
"جرمن لڑکی (برج ساتھی)","نوجوان جرمن لڑکا",1,"94","95:93"
"جرمن لڑکی (برج ساتھی)","ہسپتال کے ڈاکٹر",1,"97","95:100"
"جرمن لڑکی (برج ساتھی)","ہنگیرین بیوی",1,"94","95:93"
"جرمن لڑکی (برج ساتھی)","ہنگیرین خاوند",1,"95","95:96"
"جمیکے جارج","حافظ آبادی مکین",3,"322 325","324:320 324:326 325:326"
"جمیکے جارج","حسین شاہ",7,"319 322 323 324 325","324:314 324:315 324:320 324:322 324:323 324:325 325:325"
"جمیکے جارج","سمگلر ایجنٹ",2,"326 327","324:329 325:329"
"جمیکے جارج","شیخ عمر درانہ",5,"321 323 324 325","324:319 324:323 324:324 325:324 325:325"
"جمیکے جارج","شیر باز",2,"326","324:328 325:328"
"جمیکے جارج","غلام محمد",10,"319 320 321 322 323 325","324:314 324:315 324:316 324:317 324:318 324:319 324:320 324:322 324:326 325:326"
"جمیکے جارج","مائیکل جارج",2,"328","324:332 325:332"
"جمیکے جارج","میر پوری مکین",2,"326 327","324:329 325:329"
"جمیکے جارج","میری",10,"319 320 321 322 323 324 325","324:315 324:316 324:317 324:318 324:321 324:322 324:323 324:324 325:324 325:325"
"جمیکے جارج","میری کا آئرش ساتھی",2,"324","324:324 325:324"
"جمیکے جارج","میری کی ماں",1,"323","324:323"
"جمیکے جارج","نوجوان عورت (چائے دینے والی)",1,"322","324:320"
"جمیکے جارج","ہسپتال کے ڈاکٹر",3,"322 329","324:320 324:334 325:334"
"جوان لڑکا (قصور حویلی)","سعیدہ",1,"246","249:244"
"جوان لڑکا (قصور حویلی)","شاہ جی حکیم پیر بخش",5,"247 248 249","249:245 249:246 249:247 249:248 249:249"
"جوان لڑکا (قصور حویلی)","شیخ عمر درانہ",5,"244 246 247 250","249:239 249:240 249:244 249:246 249:251"
"جوان لڑکا (قصور حویلی)","ظفر علی چوہان",8,"244 245 246 248 249","249:239 249:240 249:241 249:242 249:243 249:244 249:248 249:249"
"جوان لڑکا (قصور حویلی)","فاروق",3,"244 246 249","249:240 249:243 249:250"
"جوان لڑکا (قصور حویلی)","میاں محمد (ظفر کا باپ)",2,"244 250","249:240 249:251"
"جوان لڑکا (قصور حویلی)","میری",7,"244 245 247 248 249","249:239 249:241 249:245 249:246 249:247 249:248 249:250"
"جوان لڑکا (قصور حویلی)","نواب شیر محمد خان",1,"249","249:249"
"جوان لڑکا (قصور حویلی)","چوہدری (ایانہ حصہ راوی)",2,"248 250","249:248 249:251"
"جوان لڑکا (قصور حویلی)","کوثر",8,"244 245 246 247 248 249","249:239 249:241 249:242 249:243 249:244 249:245 249:248 249:249"
"جوان لڑکا (قصور حویلی)","کوثر کا بھائی (قیصر)",2,"246","249:243 249:244"
"جوان لڑکا (قصور حویلی)","کوثر کا ماموں",1,"249","249:249"
"جوان لڑکا (قصور حویلی)","کوثر کی ماں",2,"246 247","249:244 249:245"
"جہاز کا نوجوان افسر","سعیدہ",1,"97","99:95"
"جہاز کا نوجوان افسر","شیخ عمر درانہ",2,"96 99","99:94 99:99"
"جہاز کا نوجوان افسر","فاروق",1,"103","99:107"
"جہاز کا نوجوان افسر","محترمہ سی گل",3,"95 101","99:91 99:92 99:104"
"جہاز کا نوجوان افسر","میری",7,"95 96 97 98 99","99:91 99:93 99:94 99:95 99:96 99:97 99:100"
"جہاز کا نوجوان افسر","نوجوان جرمن لڑکا",1,"96","99:93"
"جہاز کا نوجوان افسر","ہسپتال کے ڈاکٹر",1,"99","99:100"
"جہاز کا نوجوان افسر","ہنگیرین بیوی",1,"96","99:93"
"جہاز کا نوجوان افسر","ہنگیرین خاوند",1,"97","99:96"
"جین","سلطان حسین",11,"23 26 27 28 29 30 34 36 38 74","21:25 28:25 28:26 28:28 30:28 30:29 30:30 38:30 38:35 38:39 75:74"
"جین","سلطان حسین کے پروفیسر",5,"30 31 35 37 38","28:32 30:32 38:32 38:37 38:38"
"جین","شیخ عمر درانہ",8,"20 24 27 41 71 74 78 79","21:19 21:27 28:27 38:44 75:67 75:73 75:82 76:82"
"جین","فاروق",1,"39","38:41"
"جین","محترمہ سی گل",1,"70","75:66"
"جین","میرو",6,"16 31 32 36 42 74","21:12 28:35 30:35 38:35 38:46 75:74"
"جین","میری",29,"16 18 19 20 21 25 26 27 28 29 30 34 35 36 37 39 70 71 72 73 74 75 76","21:11 21:12 21:16 21:17 21:20 21:22 28:22 28:23 28:24 28:26 28:28 30:28 30:30 38:30 38:31 38:32 38:33 38:34 38:37 38:40 75:66 75:67 75:69 75:71 75:72 75:73 75:74 75:76 76:76"
"جین","نوجوان عورت (چائے دینے والی)",1,"41","38:44"
"جین","چپراسی",2,"16 18","21:11 21:15"
"جین","چین",6,"17 23 27 28 29 40","21:14 21:26 28:26 28:29 30:29 38:42"
"جین","ڈیوڈ (میری کا بیٹا)",4,"23 27 75 76","21:26 28:26 75:76 76:76"
"جین","ڈیویڈ نٹر جیئرلڈ بائرن",4,"23 27 75 76","21:26 28:26 75:76 76:76"
"جین","کلرک",4,"17 18 19 20","21:14 21:16 21:17 21:19"
"جین","ہسپتال کے ڈاکٹر",1,"43","38:48"
"جین","ہنگیرین خاوند",1,"70","75:65"
"جین","ہیڈ کلرک",3,"17 19 20","21:14 21:17 21:19"
"حافظ آبادی مکین","حسین شاہ",66,"300 301 302 304 306 307 308 315 316 317 320 323 324 325 326 327 328 329 330 332 333 334 335 336 338 340 344 345 346 347 348 349 350 351 352 353 357 358 359 360 361 362 366 371","301:300 301:301 302:301 302:302 307:302 307:306 307:307 308:307 308:308 320:310 320:312 320:314 320:315 320:320 326:320 326:322 326:323 326:325 326:326 327:326 327:327 328:327 328:328 329:328 329:329 330:329 330:330 335:330 335:332 335:333 335:334 335:335 336:335 336:336 340:336 340:337 340:340 348:340 348:341 348:342 348:343 348:344 348:345 348:346 348:347 348:348 351:348 351:349 351:350 351:351 353:351 353:352 353:353 361:353 361:354 361:355 361:356 361:357 361:358 361:359 361:360 361:361 362:361 362:362 371:362 371:371"
"حافظ آبادی مکین","حیدر شاہ",6,"341 343 347 355 356 360","336:346 340:346 348:346 351:360 353:360 361:360"
"حافظ آبادی مکین","خلیق",5,"296 297 298","301:291 301:293 301:294 301:295 301:296"
"حافظ آبادی مکین","سمگلر ایجنٹ",21,"303 306 308 324 327 328 329 330 332 336 337 339 350 352 353 357","301:305 302:305 307:305 307:309 308:309 320:329 326:329 327:329 328:329 329:329 330:329 330:330 335:330 335:338 336:338 340:338 348:353 351:353 353:353 361:353 361:354"
"حافظ آبادی مکین","شاہ جی حکیم پیر بخش",8,"331 332 333 335 336 338","326:336 327:336 328:336 329:336 330:336 335:336 336:336 340:336"
"حافظ آبادی مکین","شیخ عمر درانہ",27,"299 301 302 304 306 307 319 321 324 325 327 328 333 334 336 337 339 341 345 365 370 371","301:298 301:302 302:302 307:302 307:305 307:307 308:307 320:319 320:323 326:323 326:324 326:325 326:328 327:328 328:328 329:328 329:338 330:338 335:338 336:338 340:338 340:342 348:342 361:369 362:369 371:369 371:372"
"حافظ آبادی مکین","شیر باز",24,"324 327 328 330 331 333 339 341 345 346 347 350 352 353 357 358 361 362 366 373","320:328 326:328 327:328 328:328 329:328 329:332 330:332 335:332 335:343 336:343 340:343 348:343 348:344 348:347 348:353 351:353 353:353 361:353 361:355 361:361 362:361 362:362 371:362 371:375"
"حافظ آبادی مکین","ظفر علی چوہان",1,"299","301:298"
"حافظ آبادی مکین","علی محمد حافظ آبادی",3,"366 371","361:371 362:371 371:371"
"حافظ آبادی مکین","غلام محمد",47,"296 300 305 308 315 316 317 318 319 320 323 324 326 330 331 334 335 336 338 341 345 347 348 350 352 353 357 361 362 366 367 368 369 373","301:292 301:300 301:309 302:309 307:309 308:309 320:310 320:311 320:312 320:314 320:315 320:316 320:317 320:318 320:319 320:320 326:320 326:322 326:326 327:326 327:333 328:333 329:333 330:333 335:333 335:335 336:335 336:337 340:337 340:342 348:342 348:347 348:349 351:349 351:350 351:353 353:353 361:353 361:361 362:361 362:362 371:362 371:364 371:365 371:366 371:367 371:376"
"حافظ آبادی مکین","فاروق",18,"296 297 335 337 338 340 344 345 348 349 351 352 353 357 361 362 366 372","301:291 301:293 330:340 335:340 336:340 340:340 348:340 348:343 348:348 351:348 351:352 353:352 353:354 361:354 361:362 362:362 371:362 371:373"
"حافظ آبادی مکین","فیاض ایڈیٹر",5,"296 297 298 300","301:291 301:294 301:295 301:296 301:299"
"حافظ آبادی مکین","مائیکل جارج",6,"329 330 331 333","326:332 327:332 328:332 329:332 330:332 335:332"
"حافظ آبادی مکین","مبشر",5,"297 298 300","301:293 301:294 301:295 301:296 301:299"
"حافظ آبادی مکین","میر پوری مکین",25,"300 301 302 304 307 324 327 328 329 330 332 333 334 336 338 340 344 349 351 352","301:300 301:301 302:301 302:302 307:302 307:307 308:307 320:329 326:329 327:329 328:329 329:329 330:329 330:330 335:330 335:332 335:334 335:337 336:337 340:337 340:340 348:340 348:351 351:351 353:351"
"حافظ آبادی مکین","میری",73,"296 297 299 300 311 317 318 319 320 323 324 325 326 327 328 329 330 332 333 334 335 336 338 339 340 344 345 346 347 348 349 350 351 352 353 357 358 359 360 361 362 366 367 368 369 370 371","301:292 301:294 301:297 301:299 307:315 308:315 320:315 320:316 320:317 320:318 320:321 326:321 326:322 326:323 326:324 326:325 326:326 327:326 327:327 328:327 328:328 329:328 329:329 330:329 330:330 335:330 335:331 335:332 335:334 335:335 336:335 336:336 340:336 340:337 340:338 340:339 340:340 348:340 348:341 348:342 348:343 348:344 348:346 348:347 348:348 351:348 351:349 351:350 351:351 353:351 353:352 353:353 361:353 361:354 361:355 361:356 361:357 361:358 361:359 361:360 361:361 362:361 362:362 371:362 371:363 371:364 371:365 371:366 371:367 371:368 371:369 371:370 371:371"
"حافظ آبادی مکین","میری کا آئرش ساتھی",2,"322 325","320:324 326:324"
"حافظ آبادی مکین","میری کی ماں",2,"321 324","320:323 326:323"
"حافظ آبادی مکین","نسیم",6,"296 297 299 300","301:291 301:293 301:294 301:297 301:298 301:299"
"حافظ آبادی مکین","نوجوان عورت (چائے دینے والی)",2,"320 323","320:320 326:320"
"حافظ آبادی مکین","ٹا پسٹ",1,"375","371:380"
"حافظ آبادی مکین","چپراسی",1,"375","371:380"
"حافظ آبادی مکین","چین",4,"298 355 356 360","301:295 351:360 353:360 361:360"
"حافظ آبادی مکین","ڈسپیچر",1,"375","371:380"
"حافظ آبادی مکین","کلثوم (اظہر کی بیوی)",2,"296 297","301:291 301:293"
"حافظ آبادی مکین","کلرک",1,"375","371:380"
"حافظ آبادی مکین","ہسپتال کے ڈاکٹر",11,"296 320 323 330 331 332 334 335","301:292 320:320 326:320 326:334 327:334 328:334 329:334 330:334 335:334 335:335 336:335"
"حسین شاہ","حیدر شاہ",22,"341 343 344 345 346 355 356 357 358 359 360","336:346 337:346 340:346 341:346 342:346 343:346 344:346 345:346 346:346 347:346 350:360 351:360 352:360 353:360 354:360 355:360 356:360 357:360 358:360 359:360 360:360 361:360"
"حسین شاہ","خلیق",5,"295 296 297 298","300:291 300:293 300:294 300:295 300:296"
"حسین شاہ","رضا علی",1,"295","300:290"
"حسین شاہ","سمگلر ایجنٹ",42,"295 302 303 305 307 308 309 324 325 326 327 328 329 330 331 335 336 337 339 348 349 350 351 352 353 354","300:290 300:305 301:305 302:305 306:305 306:309 307:309 308:309 309:309 310:309 320:329 322:329 323:329 325:329 326:329 327:329 328:329 329:329 330:329 330:330 332:330 332:338 333:338 334:338 335:338 336:338 337:338 340:338 343:353 344:353 345:353 346:353 347:353 348:353 349:353 350:353 351:353 352:353 353:353 354:353 354:354 355:354"
"حسین شاہ","شاہ جی حکیم پیر بخش",11,"331 332 333 334 335 336","326:336 327:336 328:336 329:336 330:336 332:336 333:336 334:336 335:336 336:336 337:336"
"حسین شاہ","شیخ عمر درانہ",53,"299 301 302 304 305 306 307 314 315 316 317 319 321 322 323 324 325 327 328 333 334 335 336 337 339 341 342 364 365 370 371 372 381 382 388 389","300:298 300:302 301:302 302:302 306:302 306:305 306:307 307:307 308:307 309:319 310:319 312:319 314:319 315:319 320:319 320:323 322:323 323:323 325:323 325:324 325:325 326:325 326:328 327:328 328:328 329:328 329:338 330:338 332:338 333:338 334:338 335:338 336:338 337:338 340:338 340:342 341:342 342:342 343:342 359:369 360:369 361:369 362:369 371:369 371:372 373:372 376:386 377:386 378:386 379:386 390:386 390:388 390:389"
"حسین شاہ","شیر باز",52,"324 325 326 327 328 330 331 332 338 339 340 341 342 343 344 346 347 350 351 352 353 354 355 358 359 360 361 362 366 373 374 375","320:328 322:328 323:328 325:328 326:328 327:328 328:328 329:328 329:332 330:332 332:332 333:332 333:343 334:343 335:343 336:343 337:343 340:343 341:343 342:343 343:343 344:343 344:344 345:344 345:347 346:347 347:347 348:347 348:353 349:353 350:353 351:353 352:353 353:353 354:353 354:355 355:355 356:355 356:361 357:361 358:361 359:361 360:361 361:361 362:361 362:362 371:362 371:375 373:375 374:375 375:375 376:375"
"حسین شاہ","ظفر علی چوہان",1,"299","300:298"
"حسین شاہ","علی محمد حافظ آبادی",4,"366 371 372","361:371 362:371 371:371 373:371"
"حسین شاہ","غلام محمد",84,"296 300 305 307 308 309 310 311 312 313 314 315 317 318 319 320 321 322 324 325 326 330 331 332 333 334 335 336 337 338 341 342 345 346 347 348 349 350 352 353 357 358 359 360 361 362 366 367 368 369 373 374 375 376","300:292 300:300 301:300 301:309 302:309 306:309 307:309 308:309 309:309 310:309 310:310 312:310 312:311 312:312 314:312 314:314 315:314 315:315 320:315 320:316 320:317 320:318 320:319 320:320 322:320 322:322 323:322 323:326 325:326 326:326 327:326 327:333 328:333 329:333 330:333 332:333 333:333 334:333 334:335 335:335 336:335 336:337 337:337 340:337 340:342 341:342 342:342 343:342 343:347 344:347 345:347 346:347 347:347 348:347 348:349 349:349 350:349 350:350 351:350 351:353 352:353 353:353 354:353 354:361 355:361 356:361 357:361 358:361 359:361 360:361 361:361 362:361 362:362 371:362 371:364 371:365 371:366 371:367 371:376 373:376 374:376 375:376 376:376 377:376"
"حسین شاہ","فاروق",54,"295 296 335 336 337 338 340 342 343 346 347 348 350 351 352 353 354 358 359 360 361 362 366 372 373 374 375 379 380 386 387 388 389 390","300:291 300:293 330:340 332:340 333:340 334:340 335:340 336:340 337:340 340:340 341:340 341:343 342:343 343:343 344:343 344:348 345:348 346:348 347:348 348:348 349:348 349:352 350:352 351:352 352:352 353:352 353:354 354:354 355:354 355:362 356:362 357:362 358:362 359:362 360:362 361:362 362:362 371:362 371:373 373:373 374:373 374:375 375:375 376:375 376:382 377:382 378:382 379:382 390:382 390:384 390:385 390:386 390:389 390:390"
"حسین شاہ","فیاض ایڈیٹر",5,"295 297 298 299","300:291 300:294 300:295 300:296 300:299"
"حسین شاہ","مائیکل جارج",10,"327 328 329 330 331 332","322:332 323:332 325:332 326:332 327:332 328:332 329:332 330:332 332:332 333:332"
"حسین شاہ","مبشر",5,"296 297 298 299","300:293 300:294 300:295 300:296 300:299"
"حسین شاہ","میر پوری مکین",43,"300 301 302 304 306 307 324 325 326 327 328 329 330 331 332 333 334 336 337 338 340 346 347 348 349 350 351","300:300 301:300 301:301 302:301 302:302 306:302 306:307 307:307 308:307 320:329 322:329 323:329 325:329 326:329 327:329 328:329 329:329 330:329 330:330 332:330 332:332 333:332 333:334 334:334 335:334 335:337 336:337 337:337 340:337 340:340 341:340 341:351 342:351 343:351 344:351 345:351 346:351 347:351 348:351 349:351 350:351 351:351 352:351"
"حسین شاہ","میرو",1,"390","390:391"
"حسین شاہ","میری",126,"296 297 298 299 310 311 312 313 314 315 317 318 319 320 321 322 323 324 325 326 327 328 329 330 331 332 333 334 335 336 337 338 339 340 341 342 343 344 345 346 347 348 349 350 351 352 353 354 355 356 357 358 359 360 361 362 366 367 368 369 370 371 372 373 374 375 376 377 378 379 386 387 388 389 390","300:292 300:294 300:297 300:299 306:315 307:315 308:315 309:315 310:315 312:315 314:315 315:315 320:315 320:316 320:317 320:318 320:321 322:321 322:322 323:322 323:323 325:323 325:324 325:325 326:325 326:326 327:326 327:327 328:327 328:328 329:328 329:329 330:329 330:330 332:330 332:331 332:332 333:332 333:334 334:334 335:334 335:335 336:335 336:336 337:336 337:337 340:337 340:338 340:339 340:340 341:340 341:341 342:341 342:342 343:342 343:343 344:343 344:344 345:344 345:346 346:346 347:346 347:347 348:347 348:348 349:348 349:349 350:349 350:350 351:350 351:351 352:351 352:352 353:352 353:353 354:353 354:354 355:354 355:355 356:355 356:356 357:356 357:357 358:357 358:358 359:358 359:359 360:359 360:360 361:360 361:361 362:361 362:362 371:362 371:363 371:364 371:365 371:366 371:367 371:368 371:369 371:370 371:371 373:371 373:373 374:373 374:374 375:374 375:375 376:375 376:376 377:376 377:377 378:377 378:378 379:378 379:379 390:382 390:383 390:384 390:385 390:386 390:387 390:388 390:389 390:390"
"حسین شاہ","میری کا آئرش ساتھی",10,"319 322 323 324 382 383 388","314:324 315:324 320:324 322:324 323:324 325:324 377:387 378:387 379:387 390:387"
"حسین شاہ","میری کی ماں",6,"318 319 321 322 323 324","314:323 315:323 320:323 322:323 323:323 325:323"
"حسین شاہ","نسیم",6,"295 296 297 298 299","300:291 300:293 300:294 300:297 300:298 300:299"
"حسین شاہ","نوجوان عورت (چائے دینے والی)",6,"315 316 317 320 321","310:320 312:320 314:320 315:320 320:320 322:320"
"حسین شاہ","ٹا پسٹ",9,"375 376 377 378 379 385","371:380 373:380 374:380 375:380 376:380 377:380 378:380 379:380 390:380"
"حسین شاہ","چپراسی",9,"375 376 377 378 379 385","371:380 373:380 374:380 375:380 376:380 377:380 378:380 379:380 390:380"
"حسین شاہ","چین",13,"297 355 356 357 358 359 360","300:295 350:360 351:360 352:360 353:360 354:360 355:360 356:360 357:360 358:360 359:360 360:360 361:360"
"حسین شاہ","ڈسپیچر",9,"375 376 377 378 379 385","371:380 373:380 374:380 375:380 376:380 377:380 378:380 379:380 390:380"
"حسین شاہ","ڈیوڈ (میری کا بیٹا)",6,"381 382 388 389","376:386 377:386 378:386 379:386 390:386 390:389"
"حسین شاہ","ڈیویڈ نٹر جیئرلڈ بائرن",6,"381 382 388 389","376:386 377:386 378:386 379:386 390:386 390:389"
"حسین شاہ","کلثوم (اظہر کی بیوی)",2,"295 296","300:291 300:293"
"حسین شاہ","کلرک",9,"375 376 377 378 379 385","371:380 373:380 374:380 375:380 376:380 377:380 378:380 379:380 390:380"
"حسین شاہ","ہسپتال کے ڈاکٹر",27,"296 315 316 317 320 321 329 330 331 332 333 334 335 377 378 379 380 386","300:292 310:320 312:320 314:320 315:320 320:320 322:320 325:334 326:334 327:334 328:334 329:334 330:334 332:334 333:334 334:334 335:334 335:335 336:335 373:382 374:382 375:382 376:382 377:382 378:382 379:382 390:382"
"حیدر شاہ","سمگلر ایجنٹ",4,"342 349 356 357","346:338 346:353 360:353 360:354"
"حیدر شاہ","شاہ جی حکیم پیر بخش",1,"341","346:336"
"حیدر شاہ","شیخ عمر درانہ",3,"342 344 364","346:338 346:342 360:369"
"حیدر شاہ","شیر باز",6,"344 345 346 356 357 360","346:343 346:344 346:347 360:353 360:355 360:361"
"حیدر شاہ","غلام محمد",6,"341 344 346 355 356 360","346:337 346:342 346:347 360:350 360:353 360:361"
"حیدر شاہ","فاروق",6,"343 344 347 356 357 361","346:340 346:343 346:348 360:352 360:354 360:362"
"حیدر شاہ","میر پوری مکین",4,"341 343 348 355","346:337 346:340 346:351 360:351"
"حیدر شاہ","میری",21,"341 342 343 344 345 346 355 356 357 358 359 360","346:336 346:337 346:338 346:339 346:340 346:341 346:342 346:343 346:344 346:346 360:350 360:351 360:352 360:353 360:354 360:355 360:356 360:357 360:358 360:359 360:360"
"حیدر شاہ","چین",1,"360","360:360"
"خلیق","رضا علی",5,"284 289 290","281:287 291:287 291:288 291:289 291:290"
"خلیق","سعیدہ",2,"265 266","265:265 267:265"
"خلیق","سمگلر ایجنٹ",4,"285 290 300","281:290 291:290 295:305 296:305"
"خلیق","شاہ جی حکیم پیر بخش",12,"262 263 269 270 271 277 278 279","265:260 265:261 265:262 265:273 267:273 268:273 269:273 270:273 281:273 281:274 281:275 281:277"
"خلیق","شیخ عمر درانہ",13,"261 265 266 281 286 288 289 290 294 295 296 297","265:258 265:265 267:265 281:281 291:281 291:286 291:287 291:289 291:298 293:298 294:298 295:298 296:298"
"خلیق","ظفر علی چوہان",22,"260 261 262 263 269 270 271 277 278 279 280 294 295 296 297","265:256 265:257 265:258 265:259 265:261 265:262 265:273 267:273 268:273 269:273 270:273 281:273 281:275 281:276 281:277 281:278 281:279 291:298 293:298 294:298 295:298 296:298"
"خلیق","غلام محمد",6,"291 292 296 297 298","291:292 293:292 293:300 294:300 295:300 296:300"
"خلیق","فاروق",13,"262 273 274 279 283 288 290 291 292 293","265:260 268:278 269:278 270:278 281:278 281:285 291:285 291:286 291:289 291:291 293:291 293:293 294:293"
"خلیق","فیاض ایڈیٹر",21,"265 266 267 268 269 270 276 280 286 291 292 293 294 295 296","265:265 267:265 267:266 267:267 268:267 268:268 269:268 269:269 270:269 270:270 281:272 281:280 281:291 291:291 293:291 293:294 294:294 295:294 295:295 296:295 296:296"
"خلیق","ماجد",2,"283 288","281:285 291:285"
"خلیق","مارگریٹ میکنٹریٹ",2,"283 288","281:285 291:285"
"خلیق","مبشر",19,"265 266 267 268 269 270 276 280 292 293 294 295 296","265:265 267:265 267:267 268:267 268:268 269:268 269:269 270:269 270:270 281:272 281:280 291:293 293:293 294:293 294:294 295:294 295:295 296:295 296:296"
"خلیق","میر پوری مکین",5,"295 296 297 298","291:300 293:300 294:300 295:300 296:300"
"خلیق","میری",37,"260 261 262 263 265 266 267 269 270 276 277 278 279 280 281 286 288 289 291 292 293 294 296","265:255 265:257 265:258 265:259 265:260 265:261 265:262 265:265 267:265 267:266 267:267 268:267 268:270 269:270 270:270 281:271 281:273 281:274 281:275 281:276 281:277 281:278 281:279 281:281 291:281 291:282 291:285 291:286 291:287 291:288 291:292 293:292 293:294 294:294 295:294 295:297 296:297"
"خلیق","نسیم",20,"264 265 266 267 268 269 281 286 291 292 293 294 296","265:263 265:264 265:266 267:266 267:267 268:267 268:268 269:268 269:269 270:269 281:281 291:281 291:291 293:291 293:293 294:293 294:294 295:294 295:297 296:297"
"خلیق","نوجوان عورت (چائے دینے والی)",1,"262","265:260"
"خلیق","چین",7,"283 288 293 294 295","281:286 291:286 291:295 293:295 294:295 295:295 296:295"
"خلیق","کلثوم (اظہر کی بیوی)",13,"265 266 267 268 269 286 291 292 293","265:265 267:265 267:266 267:267 268:267 268:269 269:269 270:269 281:291 291:291 293:291 293:293 294:293"
"خلیق","کوثر",15,"262 263 268 269 270 276 277 278 279 280","265:259 265:261 265:262 265:271 267:271 268:271 269:271 270:271 281:271 281:274 281:275 281:276 281:277 281:278 281:279"
"خلیق","کوثر کی ماں",8,"263 268 269 270 276 277","265:262 265:271 267:271 268:271 269:271 270:271 281:271 281:274"
"خلیق","ہسپتال کے ڈاکٹر",10,"268 269 270 271 276 283 288 291 292","265:272 267:272 268:272 269:272 270:272 281:272 281:286 291:286 291:292 293:292"
"رابرٹ","سعیدہ",1,"56","52:60"
"رابرٹ","سلطان حسین",4,"47 48 51 54","52:43 52:45 52:51 52:56"
"رابرٹ","شیخ عمر درانہ",6,"48 49 50 51 52","52:44 52:47 52:48 52:49 52:50 52:52"
"رابرٹ","فاروق",1,"52","52:52"
"رابرٹ","میرو",2,"49","52:46 52:47"
"رابرٹ","میری",8,"47 48 49 50 51 52","52:43 52:44 52:45 52:47 52:48 52:49 52:51 52:52"
"رابرٹ","میٹرن",1,"52","52:52"
"رابرٹ","نوجوان عورت (چائے دینے والی)",1,"48","52:44"
"رابرٹ","چین",2,"47 55","52:42 52:58"
"رابرٹ","ہسپتال کے ڈاکٹر",1,"50","52:48"
"رضا علی","سمگلر ایجنٹ",4,"288 289 290","287:290 288:290 289:290 290:290"
"رضا علی","شاہ جی حکیم پیر بخش",1,"282","287:277"
"رضا علی","شیخ عمر درانہ",8,"284 286 287 288 289 294","287:281 287:286 287:287 288:287 288:289 289:289 290:289 290:298"
"رضا علی","ظفر علی چوہان",6,"282 283 293 294","287:277 287:278 287:279 288:298 289:298 290:298"
"رضا علی","غلام محمد",4,"289 290 291","287:292 288:292 289:292 290:292"
"رضا علی","فاروق",8,"282 286 288 289 290","287:278 287:285 287:286 287:289 288:289 289:289 290:289 290:291"
"رضا علی","فیاض ایڈیٹر",5,"283 289 290","287:280 287:291 288:291 289:291 290:291"
"رضا علی","ماجد",1,"286","287:285"
"رضا علی","مارگریٹ میکنٹریٹ",1,"286","287:285"
"رضا علی","مبشر",5,"283 290 291","287:280 287:293 288:293 289:293 290:293"
"رضا علی","میر پوری مکین",1,"295","290:300"
"رضا علی","میری",13,"282 283 284 286 287 288 290 291","287:277 287:278 287:279 287:281 287:282 287:285 287:286 287:287 288:287 288:288 289:288 289:292 290:292"
"رضا علی","نسیم",5,"284 289 290","287:281 287:291 288:291 289:291 290:291"
"رضا علی","چین",5,"286 291 292","287:286 287:295 288:295 289:295 290:295"
"رضا علی","کلثوم (اظہر کی بیوی)",4,"289 290","287:291 288:291 289:291 290:291"
"رضا علی","کوثر",3,"282 283","287:277 287:278 287:279"
"رضا علی","ہسپتال کے ڈاکٹر",5,"286 289 290 291","287:286 287:292 288:292 289:292 290:292"
"سعیدہ","سلطان حسین",3,"55 58 59","60:51 60:56 60:58"
"سعیدہ","سلمی",1,"219","219:219"
"سعیدہ","شاہ جی حکیم پیر بخش",5,"244 262 263 269","244:245 265:260 265:261 265:262 265:273"
"سعیدہ","شیخ عمر درانہ",65,"55 56 58 59 60 94 97 123 124 125 126 127 128 129 130 131 132 137 138 139 140 141 143 146 147 152 153 154 157 158 159 196 197 198 199 200 204 206 214 216 217 218 222 239 241 242 244 261 265","60:50 60:52 60:56 60:59 60:60 95:94 95:99 127:120 127:121 127:122 127:123 127:126 127:127 128:127 128:128 129:128 129:129 130:129 130:130 132:130 132:131 132:132 142:132 142:133 142:134 142:136 142:137 142:138 142:139 142:140 142:141 142:145 147:145 147:146 147:147 157:147 157:148 157:149 157:150 157:151 157:152 157:157 158:157 158:158 159:158 159:160 201:191 201:193 201:195 201:197 201:199 201:207 205:207 219:209 219:210 219:214 219:215 219:218 219:225 244:234 244:239 244:240 244:244 265:258 265:265"
"سعیدہ","شیخ مظہر الدین",2,"202 204","201:204 205:204"
"سعیدہ","ظفر علی چوہان",14,"220 241 242 243 244 260 261 262 263 269","219:221 244:239 244:240 244:241 244:242 244:243 244:244 265:256 265:257 265:258 265:259 265:261 265:262 265:273"
"سعیدہ","علاقے کا مشہور سیاست دان",1,"223","219:228"
"سعیدہ","فاروق",37,"56 61 123 124 125 126 129 130 131 132 137 138 141 144 147 152 156 157 161 162 196 197 198 199 242 243 247 262","60:52 60:63 127:120 127:121 127:122 127:123 127:124 127:126 127:131 128:131 129:131 130:131 132:131 132:132 142:132 142:133 142:134 142:135 142:141 142:147 147:147 157:147 157:148 157:156 157:157 158:157 158:165 159:165 201:191 201:193 201:195 201:197 201:198 244:240 244:243 244:250 265:260"
"سعیدہ","فقیر",1,"126","127:126"
"سعیدہ","فیاض ایڈیٹر",1,"265","265:265"
"سعیدہ","قربان تانگے والا",4,"145 147 152 153","142:148 147:148 157:148 157:149"
"سعیدہ","مبشر",1,"265","265:265"
"سعیدہ","محترمہ سی گل",4,"63 93 99","60:66 95:91 95:92 95:104"
"سعیدہ","مرد لیکچرار (کوثر کا مبینہ عاشق)",1,"220","219:221"
"سعیدہ","مسٹر بیٹی",1,"222","219:226"
"سعیدہ","میاں محمد (ظفر کا باپ)",2,"242 247","244:240 244:251"
"سعیدہ","میری",44,"55 56 58 59 60 90 91 93 94 95 122 123 137 142 144 159 160 196 200 201 203 204 205 215 217 218 219 241 242 244 260 261 262 263 265","60:51 60:52 60:53 60:56 60:58 60:59 60:60 95:86 95:87 95:91 95:93 95:94 95:95 127:118 127:119 132:142 142:142 147:142 157:162 158:162 159:162 201:192 201:200 201:201 205:201 205:203 205:204 205:205 219:211 219:215 219:218 219:220 244:238 244:239 244:241 244:245 265:255 265:257 265:258 265:259 265:260 265:261 265:262 265:265"
"سعیدہ","میٹرن",1,"56","60:52"
"سعیدہ","نجومی (کنویں والا)",6,"131 132 133 138","127:135 128:135 129:135 130:135 132:135 142:135"
"سعیدہ","نسیم",13,"203 205 214 215 221 239 240 241 264 265","201:205 205:205 219:209 219:210 219:212 219:223 244:234 244:235 244:236 244:238 265:263 265:264 265:266"
"سعیدہ","نواب شیر محمد خان",1,"246","244:249"
"سعیدہ","نوجوان جرمن لڑکا",1,"94","95:93"
"سعیدہ","نوجوان عورت (چائے دینے والی)",1,"262","265:260"
"سعیدہ","نوری",5,"152 157 158","147:157 157:157 158:157 158:158 159:158"
"سعیدہ","ٹنڈا کباب والا",3,"197 198","201:193 201:194 201:195"
"سعیدہ","پیشیا",4,"146 149 154 155","142:151 147:151 157:151 157:154"
"سعیدہ","چوہدری (ایانہ حصہ راوی)",5,"159 160 218 246","157:161 158:161 159:161 219:218 244:248"
"سعیدہ","چوہدری نذیر",3,"159 160","157:161 158:161 159:161"
"سعیدہ","چپراسی",2,"150 155","147:153 157:153"
"سعیدہ","چین",3,"59 217 220","60:58 219:216 219:222"
"سعیدہ","کلثوم (اظہر کی بیوی)",1,"265","265:265"
"سعیدہ","کلرک",3,"145 148 153","142:149 147:149 157:149"
"سعیدہ","کمال (ایانہ حصّہ راوی کا بیٹا)",5,"202 204 209 216","201:203 205:203 205:204 205:213 219:213"
"سعیدہ","کوثر",10,"220 241 242 243 244 262 263 268","219:221 244:239 244:241 244:242 244:243 244:244 265:259 265:261 265:262 265:271"
"سعیدہ","کوثر کا بھائی (قیصر)",2,"243 244","244:243 244:244"
"سعیدہ","کوثر کا ماموں",1,"246","244:249"
"سعیدہ","کوثر کی ماں",3,"244 263 268","244:244 265:262 265:271"
"سعیدہ","گوالا",1,"126","127:125"
"سعیدہ","ہسپتال کے ڈاکٹر",2,"97 268","95:100 265:272"
"سعیدہ","ہنگیرین بیوی",2,"62 94","60:64 95:93"
"سعیدہ","ہنگیرین خاوند",2,"61 95","60:63 95:96"
"سعیدہ","ہیڈ کلرک",3,"145 148 153","142:149 147:149 157:149"
"سلطان حسین","سلطان حسین کے پروفیسر",9,"28 29 30 31 33 36 38","25:32 26:32 28:32 29:32 30:32 35:32 35:37 39:37 39:38"
"سلطان حسین","شیخ عمر درانہ",22,"22 26 27 39 41 42 43 44 46 49 50 51 54 56 57 58 70 73 78","25:19 25:27 26:27 28:27 35:44 39:44 40:44 43:44 45:44 45:47 51:47 51:48 51:49 51:50 51:52 56:52 56:56 58:56 58:59 74:67 74:73 74:82"
"سلطان حسین","فاروق",10,"38 40 42 47 48 51 54 59 60","35:41 39:41 40:41 43:41 43:52 45:52 51:52 56:52 56:63 58:63"
"سلطان حسین","محترمہ سی گل",3,"61 62 70","56:66 58:66 74:66"
"سلطان حسین","میرو",14,"30 31 32 35 37 42 43 44 45 48 49 74","25:35 26:35 28:35 29:35 30:35 35:35 39:35 39:46 40:46 43:46 45:46 51:46 51:47 74:74"
"سلطان حسین","میری",47,"20 21 22 23 24 25 26 27 28 29 30 32 33 34 36 38 39 40 41 42 43 44 45 48 49 50 51 53 54 56 57 58 69 70 71 72 73 74","25:16 25:17 25:20 25:22 25:23 25:24 25:26 26:26 28:26 28:28 29:28 29:30 30:30 35:30 35:31 35:32 35:33 35:34 35:37 39:37 39:40 40:40 43:40 43:41 43:43 45:43 45:44 45:45 51:45 51:47 51:48 51:49 51:51 56:51 56:52 56:53 56:56 58:56 58:58 74:64 74:66 74:67 74:69 74:71 74:72 74:73 74:74"
"سلطان حسین","میٹرن",4,"47 48 51 54","43:52 45:52 51:52 56:52"
"سلطان حسین","نوجوان عورت (چائے دینے والی)",5,"39 41 42 43 44","35:44 39:44 40:44 43:44 45:44"
"سلطان حسین","چپراسی",1,"20","25:15"
"سلطان حسین","چین",13,"25 26 27 28 29 38 40 41 42 54 57 58","25:26 26:26 28:26 28:29 29:29 30:29 35:42 39:42 40:42 43:42 51:58 56:58 58:58"
"سلطان حسین","ڈیوڈ (میری کا بیٹا)",4,"25 26 27 75","25:26 26:26 28:26 74:76"
"سلطان حسین","ڈیویڈ نٹر جیئرلڈ بائرن",4,"25 26 27 75","25:26 26:26 28:26 74:76"
"سلطان حسین","کلرک",3,"20 21 22","25:16 25:17 25:19"
"سلطان حسین","ہسپتال کے ڈاکٹر",5,"43 44 45 46 49","39:48 40:48 43:48 45:48 51:48"
"سلطان حسین","ہنگیرین بیوی",3,"60 61 69","56:64 58:64 74:64"
"سلطان حسین","ہنگیرین خاوند",4,"59 60 69","56:63 58:63 74:64 74:65"
"سلطان حسین","ہیڈ کلرک",2,"21 22","25:17 25:19"
"سلطان حسین کے پروفیسر","شیخ عمر درانہ",3,"29 40 41","32:27 37:44 38:44"
"سلطان حسین کے پروفیسر","فاروق",3,"36 39","32:41 37:41 38:41"
"سلطان حسین کے پروفیسر","میرو",4,"33 36 41 42","32:35 37:35 37:46 38:46"
"سلطان حسین کے پروفیسر","میری",14,"27 28 29 30 31 32 34 35 37 39","32:22 32:23 32:24 32:26 32:28 32:30 32:31 32:32 37:32 37:33 37:34 37:37 38:37 38:40"
"سلطان حسین کے پروفیسر","نوجوان عورت (چائے دینے والی)",2,"40 41","37:44 38:44"
"سلطان حسین کے پروفیسر","چین",5,"29 30 37 39 40","32:26 32:29 32:42 37:42 38:42"
"سلطان حسین کے پروفیسر","ڈیوڈ (میری کا بیٹا)",1,"29","32:26"
"سلطان حسین کے پروفیسر","ڈیویڈ نٹر جیئرلڈ بائرن",1,"29","32:26"
"سلطان حسین کے پروفیسر","ہسپتال کے ڈاکٹر",1,"43","38:48"
"سلمی","شیخ عمر درانہ",6,"214 216 217 218 222","219:209 219:210 219:214 219:215 219:218 219:225"
"سلمی","ظفر علی چوہان",1,"220","219:221"
"سلمی","علاقے کا مشہور سیاست دان",1,"223","219:228"
"سلمی","مرد لیکچرار (کوثر کا مبینہ عاشق)",1,"220","219:221"
"سلمی","مسٹر بیٹی",1,"222","219:226"
"سلمی","میری",4,"215 217 218 219","219:211 219:215 219:218 219:220"
"سلمی","نسیم",4,"214 215 221","219:209 219:210 219:212 219:223"
"سلمی","چوہدری (ایانہ حصہ راوی)",1,"218","219:218"
"سلمی","چین",2,"217 220","219:216 219:222"
"سلمی","کمال (ایانہ حصّہ راوی کا بیٹا)",1,"216","219:213"
"سلمی","کوثر",1,"220","219:221"
"سمگلر ایجنٹ","شاہ جی حکیم پیر بخش",3,"332 333 337","329:336 330:336 338:336"
"سمگلر ایجنٹ","شیخ عمر درانہ",19,"285 288 289 294 301 303 305 307 308 314 324 326 327 328 333 334 338","290:281 290:286 290:287 290:289 290:298 305:298 305:302 305:305 309:305 309:307 309:319 329:319 329:323 329:324 329:325 329:328 329:338 330:338 338:338"
"سمگلر ایجنٹ","شیر باز",11,"328 330 331 335 340 348 350 353 354","329:328 329:332 330:332 338:332 338:343 353:343 353:344 353:347 353:353 354:353 354:355"
"سمگلر ایجنٹ","ظفر علی چوہان",2,"294 301","290:298 305:298"
"سمگلر ایجنٹ","غلام محمد",20,"291 302 307 309 324 325 327 331 335 336 337 340 350 351 353 357","290:292 305:300 305:309 309:309 329:319 329:320 329:322 329:326 329:333 330:333 338:333 338:335 338:337 338:342 353:347 353:349 353:350 353:353 354:353 354:361"
"سمگلر ایجنٹ","فاروق",11,"287 288 289 290 335 339 348 350 352 353 354","290:285 290:286 290:289 290:291 330:340 338:340 353:343 353:348 353:352 353:354 354:354"
"سمگلر ایجنٹ","فیاض ایڈیٹر",5,"285 290 300 302","290:280 290:291 305:295 305:296 305:299"
"سمگلر ایجنٹ","مائیکل جارج",3,"330 331 335","329:332 330:332 338:332"
"سمگلر ایجنٹ","ماجد",1,"287","290:285"
"سمگلر ایجنٹ","مارگریٹ میکنٹریٹ",1,"287","290:285"
"سمگلر ایجنٹ","مبشر",5,"285 291 300 302","290:280 290:293 305:295 305:296 305:299"
"سمگلر ایجنٹ","میر پوری مکین",15,"295 302 303 306 308 329 330 334 335 336 337 339 352","290:300 305:300 305:301 305:302 305:307 309:307 329:329 330:329 330:330 338:330 338:332 338:334 338:337 338:340 353:351"
"سمگلر ایجنٹ","میری",42,"285 286 287 288 289 291 301 302 310 312 325 326 327 328 329 330 334 335 336 337 338 348 349 350 351 352 353 354","290:281 290:282 290:285 290:286 290:287 290:288 290:292 305:297 305:299 305:315 309:315 329:321 329:322 329:323 329:324 329:325 329:326 329:327 329:328 329:329 330:329 330:330 338:330 338:331 338:332 338:334 338:335 338:336 338:337 338:338 353:343 353:344 353:346 353:347 353:348 353:349 353:350 353:351 353:352 353:353 354:353 354:354"
"سمگلر ایجنٹ","میری کا آئرش ساتھی",1,"326","329:324"
"سمگلر ایجنٹ","میری کی ماں",1,"326","329:323"
"سمگلر ایجنٹ","نسیم",5,"285 290 301 302","290:281 290:291 305:297 305:298 305:299"
"سمگلر ایجنٹ","نوجوان عورت (چائے دینے والی)",1,"324","329:320"
"سمگلر ایجنٹ","چین",5,"288 292 300 356 357","290:286 290:295 305:295 353:360 354:360"
"سمگلر ایجنٹ","کلثوم (اظہر کی بیوی)",1,"290","290:291"
"سمگلر ایجنٹ","ہسپتال کے ڈاکٹر",7,"288 291 324 331 332 336","290:286 290:292 329:320 329:334 330:334 338:334 338:335"
"شاہ جی حکیم پیر بخش","شیخ عمر درانہ",24,"242 244 245 246 249 250 251 253 257 259 262 263 269 277 278 279 332 337","245:239 245:240 245:244 245:246 246:246 247:246 247:251 248:251 249:251 250:251 252:251 252:254 260:254 260:258 260:265 261:265 262:265 273:265 273:281 274:281 275:281 277:281 336:328 336:338"
"شاہ جی حکیم پیر بخش","شیر باز",3,"332 334 339","336:328 336:332 336:343"
"شاہ جی حکیم پیر بخش","ظفر علی چوہان",33,"242 243 244 246 247 248 249 250 251 252 256 257 258 259 260 261 262 273 274 275 276 277","245:239 245:240 245:241 245:242 245:243 245:244 245:248 246:248 247:248 248:248 249:248 249:249 250:249 250:251 252:251 252:253 260:253 260:254 260:256 260:257 260:258 260:259 260:261 261:261 262:261 262:262 273:273 274:273 274:275 275:275 277:275 277:276 277:277"
"شاہ جی حکیم پیر بخش","غلام محمد",4,"331 334 335 336","336:326 336:333 336:335 336:337"
"شاہ جی حکیم پیر بخش","فاروق",18,"242 244 247 248 249 250 251 252 256 260 275 276 277 338","245:240 245:243 245:250 246:250 247:250 248:250 249:250 250:250 252:250 252:252 260:252 260:260 261:260 273:278 274:278 275:278 277:278 336:340"
"شاہ جی حکیم پیر بخش","فیاض ایڈیٹر",14,"262 263 269 270 271 272 276 277 278","260:265 261:265 262:265 273:265 273:266 273:267 273:268 273:269 273:270 273:272 273:280 274:280 275:280 277:280"
"شاہ جی حکیم پیر بخش","مائیکل جارج",1,"334","336:332"
"شاہ جی حکیم پیر بخش","ماجد",2,"280 281","275:285 277:285"
"شاہ جی حکیم پیر بخش","مارگریٹ میکنٹریٹ",2,"280 281","275:285 277:285"
"شاہ جی حکیم پیر بخش","مبشر",13,"262 263 269 270 271 272 276 277 278","260:265 261:265 262:265 273:265 273:267 273:268 273:269 273:270 273:272 273:280 274:280 275:280 277:280"
"شاہ جی حکیم پیر بخش","میاں محمد (ظفر کا باپ)",10,"242 248 249 250 251 252 256","245:240 245:251 246:251 247:251 248:251 249:251 250:251 252:251 252:253 260:253"
"شاہ جی حکیم پیر بخش","میر پوری مکین",5,"332 333 334 335 336","336:329 336:330 336:332 336:334 336:337"
"شاہ جی حکیم پیر بخش","میری",48,"241 242 243 245 246 247 248 249 250 251 252 256 257 258 259 260 261 262 269 270 271 272 273 274 275 276 277 331 332 333 334 335 336","245:238 245:239 245:241 245:245 246:245 246:246 247:246 247:247 248:247 248:248 249:248 249:250 250:250 252:250 252:252 260:252 260:255 260:257 260:258 260:259 260:260 261:260 261:261 262:261 262:262 273:265 273:266 273:267 273:270 273:271 273:273 274:273 274:274 275:274 275:275 277:275 277:276 277:277 336:326 336:327 336:328 336:329 336:330 336:331 336:332 336:334 336:335 336:336"
"شاہ جی حکیم پیر بخش","نسیم",16,"240 241 261 262 268 269 270 271 277 278 279","245:235 245:236 245:238 260:263 261:263 262:263 273:263 273:264 273:266 273:267 273:268 273:269 273:281 274:281 275:281 277:281"
"شاہ جی حکیم پیر بخش","نواب شیر محمد خان",6,"247 248 249","245:249 246:249 247:249 248:249 249:249 250:249"
"شاہ جی حکیم پیر بخش","نوجوان عورت (چائے دینے والی)",4,"255 256 260","250:260 252:260 260:260 261:260"
"شاہ جی حکیم پیر بخش","چوہدری (ایانہ حصہ راوی)",8,"246 247 248 250 251","245:248 246:248 247:248 248:248 249:248 249:251 250:251 252:251"
"شاہ جی حکیم پیر بخش","چین",1,"281","277:286"
"شاہ جی حکیم پیر بخش","کلثوم (اظہر کی بیوی)",7,"262 263 269 270 271","260:265 261:265 262:265 273:265 273:266 273:267 273:269"
"شاہ جی حکیم پیر بخش","کوثر",31,"242 243 244 245 247 248 249 250 251 252 256 259 260 261 262 272 273 274 275 276 277","245:239 245:241 245:242 245:243 245:244 245:245 246:245 246:248 247:248 248:248 249:248 249:249 250:249 250:251 252:251 252:252 260:252 260:253 260:259 260:261 261:261 262:261 262:262 273:271 273:274 274:274 275:274 275:275 277:275 277:276 277:277"
"شاہ جی حکیم پیر بخش","کوثر کا بھائی (قیصر)",2,"244","245:243 245:244"
"شاہ جی حکیم پیر بخش","کوثر کا ماموں",6,"247 248 249","245:249 246:249 247:249 248:249 249:249 250:249"
"شاہ جی حکیم پیر بخش","کوثر کی ماں",11,"244 245 257 261 262 272 273 274","245:244 245:245 246:245 252:262 260:262 261:262 262:262 273:271 273:274 274:274 275:274"
"شاہ جی حکیم پیر بخش","ہسپتال کے ڈاکٹر",5,"267 272 281 335","262:272 273:272 277:286 336:334 336:335"
"شیخ عمر درانہ","شیخ مظہر الدین",4,"199 200 201 205","195:204 197:204 199:204 207:204"
"شیخ عمر درانہ","شیر باز",13,"323 325 326 328 333 335 340 342 365 372 373","319:328 323:328 324:328 325:328 328:328 338:328 338:332 338:343 342:343 369:361 369:362 369:375 372:375"
"شیخ عمر درانہ","ظفر علی چوہان",53,"217 218 219 223 224 225 226 227 228 229 230 231 232 233 236 239 240 242 243 244 245 247 249 250 251 252 253 254 256 257 258 261 262 263 269 277 278 279 280 293 298 300","214:221 215:221 218:221 225:221 225:222 225:223 225:224 225:225 227:225 227:226 227:227 229:227 229:230 230:230 231:230 231:232 232:232 234:232 234:239 239:239 240:239 240:240 244:240 244:241 244:242 244:243 244:244 246:244 246:248 251:248 251:249 251:251 254:251 254:253 254:254 258:254 258:256 258:257 258:258 265:258 265:259 265:261 265:262 265:273 281:273 281:275 281:276 281:277 281:278 281:279 289:298 298:298 302:298"
"شیخ عمر درانہ","علاقے کا مشہور سیاست دان",4,"223 226 227 228","218:228 225:228 227:228 229:228"
"شیخ عمر درانہ","علی محمد حافظ آبادی",2,"370 371","369:371 372:371"
"شیخ عمر درانہ","غلام محمد",41,"289 290 295 299 301 305 307 308 314 315 316 317 318 319 321 322 324 325 327 330 335 336 337 340 342 365 366 367 368 372 374 381","286:292 287:292 289:292 298:292 298:300 302:300 302:309 305:309 307:309 319:309 319:310 319:311 319:312 319:314 319:315 319:316 319:317 319:318 319:319 323:319 323:320 323:322 323:326 324:326 325:326 328:326 328:333 338:333 338:335 338:337 338:342 342:342 369:361 369:362 369:364 369:365 369:366 369:367 369:376 372:376 386:376"
"شیخ عمر درانہ","فاروق",150,"42 48 49 50 51 52 54 59 61 65 103 104 107 108 109 110 115 116 120 121 122 123 124 125 126 129 130 131 132 133 134 135 138 139 140 141 143 146 147 148 152 153 154 156 157 161 162 163 164 165 167 169 170 172 173 174 175 177 178 180 182 183 184 185 187 190 191 192 193 194 195 196 197 198 235 236 237 239 240 242 243 247 248 250 251 253 257 259 262 279 283 285 286 288 289 293 294 295 339 341 342 365 371 372 384 385 386 387 388 389","44:41 44:52 47:52 48:52 49:52 50:52 52:52 56:52 56:63 59:63 60:63 67:63 99:107 101:107 102:107 107:107 108:107 108:108 109:108 109:109 110:109 110:110 120:110 120:112 120:120 121:120 121:121 122:121 122:122 123:122 123:123 126:123 126:124 126:126 127:126 127:131 128:131 129:131 130:131 131:131 132:131 132:132 133:132 133:133 134:133 134:134 136:134 136:135 136:141 137:141 138:141 139:141 140:141 141:141 145:141 145:147 146:147 147:147 148:147 148:148 149:148 149:156 150:156 151:156 152:156 157:156 157:157 158:157 158:165 160:165 161:165 162:165 163:165 164:165 165:165 169:165 169:166 169:169 170:169 170:170 171:170 171:174 172:174 173:174 174:174 175:174 175:175 176:175 176:178 177:178 178:178 179:178 179:182 182:182 183:182 183:183 184:183 184:185 185:185 189:185 189:186 189:191 191:191 193:191 193:193 195:193 195:195 197:195 197:197 199:197 199:198 230:240 231:240 232:240 234:240 239:240 240:240 244:240 244:243 244:250 246:250 251:250 251:252 254:252 254:260 258:260 265:260 281:278 281:285 286:285 286:286 287:286 287:289 289:289 298:289 298:291 298:293 338:340 342:340 342:343 369:362 369:373 372:373 386:382 386:384 386:385 386:386 388:386 388:389 389:389"
"شیخ عمر درانہ","فقیر",6,"123 124 126","120:126 121:126 122:126 123:126 126:126 127:126"
"شیخ عمر درانہ","فیاض ایڈیٹر",14,"261 265 276 280 286 288 289 290 294 296 297 298 300","258:265 265:265 281:272 281:280 281:291 286:291 287:291 289:291 298:291 298:294 298:295 298:296 298:299 302:299"
"شیخ عمر درانہ","قربان تانگے والا",11,"143 144 146 147 148 149","138:148 139:148 140:148 141:148 145:148 146:148 147:148 148:148 149:148 149:149 150:149"
"شیخ عمر درانہ","مائیکل جارج",5,"327 328 330 335","323:332 324:332 325:332 328:332 338:332"
"شیخ عمر درانہ","ماجد",2,"283 285","281:285 286:285"
"شیخ عمر درانہ","مارگریٹ میکنٹریٹ",2,"283 285","281:285 286:285"
"شیخ عمر درانہ","مبشر",13,"261 265 276 280 289 290 291 295 296 297 298 300","258:265 265:265 281:272 281:280 286:293 287:293 289:293 298:293 298:294 298:295 298:296 298:299 302:299"
"شیخ عمر درانہ","محترمہ سی گل",19,"61 62 63 66 86 87 92 93 99 101 102 103 105 110 111 112 117","56:66 59:66 60:66 67:66 82:91 84:91 94:91 94:92 94:104 99:104 101:104 102:104 107:104 107:114 108:114 109:114 110:114 120:114 120:115"
"شیخ عمر درانہ","مرد لیکچرار (کوثر کا مبینہ عاشق)",4,"217 218 219 223","214:221 215:221 218:221 225:221"
"شیخ عمر درانہ","مزارع",10,"173 174 175 176 177","169:177 170:177 171:177 172:177 173:177 174:177 175:177 176:177 177:177 178:177"
"شیخ عمر درانہ","مسٹر بیٹی",3,"222 225 226","218:226 225:226 227:226"
"شیخ عمر درانہ","میاں محمد (ظفر کا باپ)",16,"228 229 230 231 232 233 237 239 240 242 247 248 251 252 253","225:232 227:232 229:232 230:232 231:232 232:232 234:232 234:240 239:240 240:240 244:240 244:251 246:251 251:251 254:251 254:253"
"شیخ عمر درانہ","میر پوری مکین",20,"299 301 302 303 306 307 324 326 327 328 333 334 335 336 337 339 341 346","298:300 302:300 302:301 302:302 305:302 305:307 307:307 319:329 323:329 324:329 325:329 328:329 338:329 338:330 338:332 338:334 338:337 338:340 342:340 342:351"
"شیخ عمر درانہ","میرو",15,"8 9 15 31 39 45 46 47 70 73 78 388 389 390","5:12 6:12 19:12 27:35 44:35 44:46 47:46 47:47 48:47 67:74 73:74 82:74 386:391 388:391 389:391"
"شیخ عمر درانہ","میری",259,"4 5 6 14 15 17 18 19 23 24 25 26 27 39 40 42 43 44 45 46 47 48 49 50 51 52 54 56 57 58 59 60 63 64 65 66 67 70 71 72 73 77 78 79 80 82 83 84 89 90 92 93 94 96 97 98 99 100 101 102 104 105 111 112 117 118 119 137 138 139 140 141 143 157 159 160 161 162 183 185 186 188 189 190 191 192 196 197 198 199 203 204 205 206 207 209 210 212 214 215 216 218 221 222 224 225 226 227 228 229 231 232 233 236 238 239 240 242 244 245 246 248 249 250 251 253 254 256 257 258 261 262 263 265 276 277 278 279 280 281 283 284 285 286 287 288 290 295 296 297 298 300 310 311 317 318 320 322 323 324 325 326 327 328 333 334 335 336 337 338 340 341 342 364 365 366 367 368 369 370 371 372 381 382 384 385 386 387 388 389","5:3 5:4 5:5 6:5 6:6 19:9 19:10 19:11 19:12 19:16 19:17 19:20 27:20 27:22 27:23 27:24 27:26 27:28 44:34 44:37 44:40 44:41 44:43 44:44 47:44 47:45 47:47 48:47 48:48 49:48 49:49 50:49 50:51 52:51 52:52 56:52 56:53 56:56 59:56 59:58 59:59 60:59 60:60 67:60 67:62 67:64 67:66 67:67 73:67 73:69 73:71 73:72 73:73 82:73 82:74 82:76 82:79 82:82 84:82 84:83 84:84 94:84 94:86 94:87 94:91 94:93 94:94 99:94 99:95 99:96 99:97 99:100 101:100 101:101 102:101 102:102 107:102 107:103 107:115 108:115 109:115 110:115 120:115 120:116 120:118 120:119 132:142 133:142 134:142 136:142 137:142 138:142 139:142 140:142 141:142 145:142 152:162 157:162 158:162 160:162 161:162 162:162 163:162 178:188 179:188 182:188 183:188 184:188 185:188 189:188 189:190 191:190 191:192 193:192 193:200 195:200 197:200 199:200 207:200 207:201 207:203 207:204 207:205 207:207 208:207 208:211 209:211 210:211 214:211 214:215 215:215 218:215 218:218 225:218 225:220 225:223 225:224 225:225 227:225 227:226 227:228 229:228 229:229 230:229 230:232 231:232 232:232 234:232 234:233 234:238 239:238 239:239 240:239 240:241 244:241 244:245 246:245 246:246 251:246 251:247 251:248 251:250 251:252 254:252 254:255 258:255 258:257 258:258 265:258 265:259 265:260 265:261 265:262 265:265 281:271 281:273 281:274 281:275 281:276 281:277 281:278 281:279 281:281 286:281 286:282 286:285 286:286 287:286 287:287 289:287 289:288 289:292 298:292 298:294 298:297 298:299 302:299 305:315 307:315 319:315 319:316 319:317 319:318 319:321 323:321 323:322 323:323 324:323 324:324 325:324 325:325 328:325 328:326 328:327 328:328 338:328 338:329 338:330 338:331 338:332 338:334 338:335 338:336 338:337 338:338 342:338 342:339 342:340 342:341 342:342 369:359 369:360 369:361 369:362 369:363 369:364 369:365 369:366 369:367 369:368 369:369 372:369 372:370 372:371 372:373 386:376 386:377 386:378 386:379 386:382 386:383 386:384 386:385 386:386 388:386 388:387 388:388 389:388 389:389"
"شیخ عمر درانہ","میری کا آئرش ساتھی",6,"321 323 324 386 387","319:324 323:324 324:324 325:324 386:387 388:387"
"شیخ عمر درانہ","میری کی ماں",3,"321 323","319:323 323:323 324:323"
"شیخ عمر درانہ","میٹرن",7,"48 49 50 51 52 54","44:52 47:52 48:52 49:52 50:52 52:52 56:52"
"شیخ عمر درانہ","نجومی (کنویں والا)",10,"130 131 132 133 134 135","126:135 127:135 128:135 129:135 130:135 131:135 132:135 133:135 134:135 136:135"
"شیخ عمر درانہ","نسیم",51,"200 201 202 206 207 208 209 210 212 213 218 219 220 224 226 227 228 229 230 231 232 233 234 236 237 238 258 260 264 265 281 283 288 289 290 294 295 296 297 298 300","195:205 197:205 199:205 207:205 207:206 207:207 208:207 208:208 209:208 209:209 210:209 210:210 214:210 214:212 214:223 215:223 218:223 225:223 225:224 225:228 227:228 229:228 229:229 230:229 230:231 231:231 232:231 232:233 234:233 234:234 239:234 239:235 239:236 239:238 254:263 258:263 265:263 265:264 265:266 281:281 286:281 286:291 287:291 289:291 298:291 298:293 298:294 298:297 298:298 302:298 302:299"
"شیخ عمر درانہ","نواب شیر محمد خان",5,"244 246 247 250","239:249 240:249 244:249 246:249 251:249"
"شیخ عمر درانہ","نوجوان جرمن لڑکا",2,"88 93","84:93 94:93"
"شیخ عمر درانہ","نوجوان عورت (چائے دینے والی)",8,"44 45 255 257 259 262 319 321","44:44 47:44 251:260 254:260 258:260 265:260 319:320 323:320"
"شیخ عمر درانہ","نوری",10,"152 153 154 157 158 159","147:157 148:157 149:157 150:157 151:157 152:157 157:157 158:157 158:158 160:158"
"شیخ عمر درانہ","ٹا پسٹ",2,"376 383","372:380 386:380"
"شیخ عمر درانہ","ٹنڈا کباب والا",10,"188 189 191 192 193 194 195 196","183:193 184:193 185:193 189:193 191:193 193:193 195:193 195:194 195:195 197:195"
"شیخ عمر درانہ","پیشیا",11,"146 148 149 150 151 153 155","141:151 145:151 146:151 147:151 148:151 149:151 150:151 151:151 152:151 152:154 157:154"
"شیخ عمر درانہ","چوہدری (ایانہ حصہ راوی)",25,"156 159 160 161 162 163 213 214 216 218 221 243 244 246 247 249 251 252","151:161 152:161 157:161 158:161 160:161 161:161 162:161 162:162 163:162 163:163 164:163 208:218 209:218 210:218 214:218 215:218 218:218 225:218 239:248 240:248 244:248 246:248 251:248 251:251 254:251"
"شیخ عمر درانہ","چوہدری نذیر",11,"156 159 160 161 162 163","151:161 152:161 157:161 158:161 160:161 161:161 162:161 162:162 163:162 163:163 164:163"
"شیخ عمر درانہ","چپراسی",15,"8 15 17 149 150 151 152 155 376 383","5:11 6:11 19:11 19:15 145:153 146:153 147:153 148:153 149:153 150:153 151:153 152:153 157:153 372:380 386:380"
"شیخ عمر درانہ","چین",34,"9 10 16 22 26 28 43 53 54 55 57 58 110 111 116 211 212 213 215 217 220 223 283 286 291 292 296 364","5:14 6:14 19:14 19:26 27:26 27:29 44:42 48:58 49:58 50:58 52:58 56:58 59:58 107:113 108:113 109:113 110:113 120:113 207:216 208:216 209:216 210:216 214:216 215:216 218:216 218:222 225:222 281:286 286:286 287:286 287:295 289:295 298:295 369:360"
"شیخ عمر درانہ","ڈسپیچر",2,"376 383","372:380 386:380"
"شیخ عمر درانہ","ڈیوڈ (میری کا بیٹا)",9,"22 26 71 74 79 386 387 388 389","19:26 27:26 67:76 73:76 82:76 386:386 388:386 388:389 389:389"
"شیخ عمر درانہ","ڈیویڈ نٹر جیئرلڈ بائرن",9,"22 26 71 74 79 386 387 388 389","19:26 27:26 67:76 73:76 82:76 386:386 388:386 388:389 389:389"
"شیخ عمر درانہ","کلثوم (اظہر کی بیوی)",8,"261 265 286 288 289 290 294 295","258:265 265:265 281:291 286:291 287:291 289:291 298:291 298:293"
"شیخ عمر درانہ","کلرک",23,"9 10 16 17 18 19 23 144 145 147 148 149 227 228 229 230 376 383","5:14 6:14 19:14 19:16 19:17 19:19 27:19 139:149 140:149 141:149 145:149 146:149 147:149 148:149 149:149 150:149 225:230 227:230 229:230 230:230 231:230 372:380 386:380"
"شیخ عمر درانہ","کمال (ایانہ حصّہ راوی کا بیٹا)",11,"198 199 200 201 205 210 211 213","193:203 195:203 197:203 199:203 207:203 207:204 207:213 208:213 209:213 210:213 214:213"
"شیخ عمر درانہ","کوثر",38,"217 218 219 223 234 235 236 239 240 242 243 244 245 247 249 250 251 252 253 256 258 262 263 268 276 277 278 279 280","214:221 215:221 218:221 225:221 229:239 230:239 231:239 232:239 234:239 239:239 240:239 240:241 244:241 244:242 244:243 244:244 246:244 246:245 246:248 251:248 251:249 251:251 254:251 254:252 254:253 254:259 258:259 265:259 265:261 265:262 265:271 281:271 281:274 281:275 281:276 281:277 281:278 281:279"
"شیخ عمر درانہ","کوثر کا بھائی (قیصر)",6,"238 241 243 244 245","234:243 239:243 240:243 244:243 244:244 246:244"
"شیخ عمر درانہ","کوثر کا ماموں",5,"244 246 247 250","239:249 240:249 244:249 246:249 251:249"
"شیخ عمر درانہ","کوثر کی ماں",12,"239 241 242 244 245 258 260 263 268 276 277","234:244 239:244 240:244 244:244 246:244 246:245 254:262 258:262 265:262 265:271 281:271 281:274"
"شیخ عمر درانہ","گوالا",5,"122 123 124 125","120:125 121:125 122:125 123:125 126:125"
"شیخ عمر درانہ","ہسپتال کے ڈاکٹر",34,"46 47 48 97 99 100 180 181 182 183 184 185 187 268 276 283 286 289 290 295 319 321 329 331 336 377 384","44:48 47:48 48:48 49:48 94:100 99:100 101:100 175:185 176:185 177:185 178:185 179:185 182:185 183:185 184:185 185:185 189:185 265:272 281:272 281:286 286:286 287:286 287:292 289:292 298:292 319:320 323:320 324:334 325:334 328:334 338:334 338:335 372:382 386:382"
"شیخ عمر درانہ","ہنگیرین بیوی",6,"60 61 62 65 88 93","56:64 59:64 60:64 67:64 84:93 94:93"
"شیخ عمر درانہ","ہنگیرین خاوند",8,"59 61 65 66 95 97","56:63 59:63 60:63 67:63 67:64 67:65 94:96 99:96"
"شیخ عمر درانہ","ہیڈ کلرک",15,"9 10 16 18 19 23 144 145 147 148 149","5:14 6:14 19:14 19:17 19:19 27:19 139:149 140:149 141:149 145:149 146:149 147:149 148:149 149:149 150:149"
"شیخ مظہر الدین","فاروق",3,"199 200 201","204:195 204:197 204:198"
"شیخ مظہر الدین","میری",4,"202 203 204","204:200 204:201 204:203 204:204"
"شیخ مظہر الدین","نسیم",1,"204","204:205"
"شیخ مظہر الدین","ٹنڈا کباب والا",2,"199","204:194 204:195"
"شیخ مظہر الدین","کمال (ایانہ حصّہ راوی کا بیٹا)",2,"203 204","204:203 204:204"
"شیر باز","علی محمد حافظ آبادی",3,"366 373","361:371 362:371 375:371"
"شیر باز","غلام محمد",27,"323 324 325 327 330 332 338 339 340 342 345 347 350 351 353 354 358 361 362 370 371 375","328:318 328:319 328:320 328:322 328:326 328:333 332:333 343:333 343:335 343:337 343:342 343:347 344:347 347:347 353:347 353:349 353:350 353:353 355:353 355:361 361:361 362:361 362:362 375:365 375:366 375:367 375:376"
"شیر باز","فاروق",15,"336 341 343 346 347 350 352 353 354 358 361 362 374 375","332:340 343:340 343:343 344:343 344:348 347:348 353:348 353:352 353:354 355:354 355:362 361:362 362:362 375:373 375:375"
"شیر باز","مائیکل جارج",2,"330 332","328:332 332:332"
"شیر باز","میر پوری مکین",11,"328 330 331 332 338 340 341 347 349 352","328:329 332:329 332:330 332:332 343:334 343:337 343:340 343:351 344:351 347:351 353:351"
"شیر باز","میری",58,"323 324 325 326 327 328 330 331 332 338 339 340 341 342 343 344 345 346 347 350 351 352 353 354 355 358 359 360 361 362 370 371 372 373 374 375","328:318 328:321 328:322 328:323 328:324 328:325 328:326 328:327 328:328 332:328 332:329 332:330 332:331 332:332 343:334 343:335 343:336 343:337 343:338 343:339 343:340 343:341 343:342 343:343 344:343 344:344 347:344 347:346 347:347 353:347 353:348 353:349 353:350 353:351 353:352 353:353 355:353 355:354 355:355 361:355 361:356 361:357 361:358 361:359 361:360 361:361 362:361 362:362 375:365 375:366 375:367 375:368 375:369 375:370 375:371 375:373 375:374 375:375"
"شیر باز","میری کا آئرش ساتھی",1,"326","328:324"
"شیر باز","میری کی ماں",1,"325","328:323"
"شیر باز","نوجوان عورت (چائے دینے والی)",1,"324","328:320"
"شیر باز","ٹا پسٹ",1,"377","375:380"
"شیر باز","چپراسی",1,"377","375:380"
"شیر باز","چین",3,"356 357 360","353:360 355:360 361:360"
"شیر باز","ڈسپیچر",1,"377","375:380"
"شیر باز","کلرک",1,"377","375:380"
"شیر باز","ہسپتال کے ڈاکٹر",6,"324 331 333 338 339 378","328:320 328:334 332:334 343:334 343:335 375:382"
"ظفر علی چوہان","علاقے کا مشہور سیاست دان",8,"224 225 226 227 229","221:228 222:228 223:228 224:228 225:228 226:228 227:228 230:228"
"ظفر علی چوہان","غلام محمد",2,"295 299","298:292 298:300"
"ظفر علی چوہان","فاروق",32,"235 236 239 240 242 243 247 249 250 251 252 256 257 258 259 260 275 276 277 278 282 293 294 295","230:240 232:240 239:240 240:240 241:240 241:243 242:243 243:243 244:243 244:250 248:250 249:250 251:250 251:252 253:252 253:260 254:260 256:260 257:260 258:260 259:260 261:260 273:278 275:278 276:278 277:278 278:278 279:278 279:285 298:289 298:291 298:293"
"ظفر علی چوہان","فیاض ایڈیٹر",24,"260 261 262 263 269 270 271 272 276 277 278 279 294 296 297 298","256:265 257:265 258:265 259:265 261:265 262:265 273:265 273:266 273:267 273:268 273:269 273:270 273:272 273:280 275:280 276:280 277:280 278:280 279:280 298:291 298:294 298:295 298:296 298:299"
"ظفر علی چوہان","ماجد",5,"280 281 282","275:285 276:285 277:285 278:285 279:285"
"ظفر علی چوہان","مارگریٹ میکنٹریٹ",5,"280 281 282","275:285 276:285 277:285 278:285 279:285"
"ظفر علی چوہان","مبشر",23,"260 261 262 263 269 270 271 272 276 277 278 279 295 296 297 298","256:265 257:265 258:265 259:265 261:265 262:265 273:265 273:267 273:268 273:269 273:270 273:272 273:280 275:280 276:280 277:280 278:280 279:280 298:293 298:294 298:295 298:296 298:299"
"ظفر علی چوہان","مرد لیکچرار (کوثر کا مبینہ عاشق)",2,"221","221:221 222:221"
"ظفر علی چوہان","مسٹر بیٹی",7,"223 224 225 226","221:226 222:226 223:226 224:226 225:226 226:226 227:226"
"ظفر علی چوہان","میاں محمد (ظفر کا باپ)",22,"227 228 229 231 232 235 239 240 246 247 249 250 251 252 253","222:232 223:232 224:232 225:232 226:232 227:232 230:232 232:232 239:232 239:240 240:240 241:240 241:251 242:251 243:251 244:251 248:251 249:251 251:251 253:251 253:253 254:253"
"ظفر علی چوہان","میر پوری مکین",1,"299","298:300"
"ظفر علی چوہان","میری",75,"216 218 219 220 222 223 224 225 226 227 229 231 232 235 236 238 239 240 241 243 244 246 247 248 249 250 251 252 254 255 256 257 258 259 260 261 262 269 270 271 272 273 274 275 276 277 278 279 293 295 296 297 298","221:211 221:215 221:218 221:220 221:223 222:223 223:223 224:223 224:224 225:224 225:225 226:225 226:226 227:226 227:228 230:228 230:229 230:232 232:232 239:232 239:233 239:238 239:239 240:239 240:241 241:241 242:241 242:245 243:245 244:245 248:245 248:246 248:247 248:248 249:248 249:250 251:250 251:252 253:252 253:255 254:255 256:255 256:257 257:257 258:257 258:258 259:258 259:259 261:259 261:260 261:261 262:261 262:262 273:265 273:266 273:267 273:270 273:271 273:273 275:273 275:274 275:275 276:275 276:276 277:276 277:277 278:277 278:278 279:278 279:279 298:288 298:292 298:294 298:297 298:299"
"ظفر علی چوہان","نسیم",45,"216 222 223 224 226 227 229 230 231 232 236 237 238 258 259 260 261 262 268 269 270 271 277 278 279 280 294 295 296 297 298","221:212 221:223 222:223 223:223 224:223 224:224 225:224 225:228 226:228 227:228 230:228 230:229 230:231 232:231 232:233 239:233 239:234 239:235 239:236 239:238 253:263 254:263 256:263 257:263 258:263 259:263 261:263 262:263 273:263 273:264 273:266 273:267 273:268 273:269 273:281 275:281 276:281 277:281 278:281 279:281 298:291 298:293 298:294 298:297 298:298"
"ظفر علی چوہان","نواب شیر محمد خان",9,"244 245 246 248 249 250","239:249 240:249 241:249 242:249 243:249 244:249 248:249 249:249 251:249"
"ظفر علی چوہان","نوجوان عورت (چائے دینے والی)",8,"255 256 257 258 259 260","251:260 253:260 254:260 256:260 257:260 258:260 259:260 261:260"
"ظفر علی چوہان","چوہدری (ایانہ حصہ راوی)",12,"219 243 244 245 246 248 250 251 252","221:218 239:248 240:248 241:248 242:248 243:248 244:248 248:248 249:248 249:251 251:251 253:251"
"ظفر علی چوہان","چین",9,"218 221 222 281 282 296","221:216 221:222 222:222 223:222 276:286 277:286 278:286 279:286 298:295"
"ظفر علی چوہان","کلثوم (اظہر کی بیوی)",12,"260 261 262 263 269 270 271 294 295","256:265 257:265 258:265 259:265 261:265 262:265 273:265 273:266 273:267 273:269 298:291 298:293"
"ظفر علی چوہان","کلرک",9,"225 226 227 228 230 231","221:230 222:230 223:230 224:230 225:230 226:230 227:230 230:230 232:230"
"ظفر علی چوہان","کمال (ایانہ حصّہ راوی کا بیٹا)",1,"217","221:213"
"ظفر علی چوہان","کوثر",46,"221 234 235 239 240 241 242 243 244 246 248 249 250 251 252 253 256 257 258 259 260 261 262 272 273 274 275 276 277 278 279","221:221 222:221 230:239 232:239 239:239 240:239 240:241 241:241 242:241 242:242 243:242 243:243 244:243 244:244 248:244 248:245 248:248 249:248 249:249 251:249 251:251 253:251 253:252 253:253 254:253 254:259 256:259 257:259 258:259 259:259 261:259 261:261 262:261 262:262 273:271 273:274 275:274 275:275 276:275 276:276 277:276 277:277 278:277 278:278 279:278 279:279"
"ظفر علی چوہان","کوثر کا بھائی (قیصر)",8,"241 242 243 244 246","239:243 240:243 241:243 242:243 243:243 244:243 244:244 248:244"
"ظفر علی چوہان","کوثر کا ماموں",9,"244 245 246 248 249 250","239:249 240:249 241:249 242:249 243:249 244:249 248:249 249:249 251:249"
"ظفر علی چوہان","کوثر کی ماں",19,"241 242 243 244 246 257 258 259 260 261 262 272 273 274","239:244 240:244 241:244 242:244 243:244 244:244 248:244 248:245 253:262 254:262 256:262 257:262 258:262 259:262 261:262 262:262 273:271 273:274 275:274"
"ظفر علی چوہان","ہسپتال کے ڈاکٹر",7,"267 272 281 282 295","262:272 273:272 276:286 277:286 278:286 279:286 298:292"
"علاقے کا مشہور سیاست دان","مرد لیکچرار (کوثر کا مبینہ عاشق)",1,"224","228:221"
"علاقے کا مشہور سیاست دان","مسٹر بیٹی",1,"227","228:226"
"علاقے کا مشہور سیاست دان","میاں محمد (ظفر کا باپ)",1,"230","228:232"
"علاقے کا مشہور سیاست دان","میری",7,"223 224 225 226 227 228","228:218 228:220 228:223 228:224 228:225 228:226 228:228"
"علاقے کا مشہور سیاست دان","نسیم",3,"225 226 228","228:223 228:224 228:228"
"علاقے کا مشہور سیاست دان","چوہدری (ایانہ حصہ راوی)",1,"223","228:218"
"علاقے کا مشہور سیاست دان","چین",1,"225","228:222"
"علاقے کا مشہور سیاست دان","کلرک",1,"229","228:230"
"علاقے کا مشہور سیاست دان","کوثر",1,"224","228:221"
"علی محمد حافظ آبادی","غلام محمد",7,"366 367 368 369 373","371:361 371:362 371:364 371:365 371:366 371:367 371:376"
"علی محمد حافظ آبادی","فاروق",2,"366 372","371:362 371:373"
"علی محمد حافظ آبادی","میری",11,"366 367 368 369 370 371","371:361 371:362 371:363 371:364 371:365 371:366 371:367 371:368 371:369 371:370 371:371"
"علی محمد حافظ آبادی","ٹا پسٹ",1,"375","371:380"
"علی محمد حافظ آبادی","چپراسی",1,"375","371:380"
"علی محمد حافظ آبادی","ڈسپیچر",1,"375","371:380"
"علی محمد حافظ آبادی","کلرک",1,"375","371:380"
"غلام محمد","فاروق",29,"288 289 290 291 292 296 336 337 338 341 342 345 347 348 350 351 352 353 357 361 362 363 368 369 370 374 375 379","292:285 292:286 292:289 292:291 292:293 300:293 333:340 335:340 337:340 342:340 342:343 347:343 347:348 349:348 349:352 350:352 353:352 353:354 361:354 361:362 362:362 364:362 364:373 365:373 366:373 367:373 376:373 376:375 376:382"
"غلام محمد","فیاض ایڈیٹر",6,"291 293 297 298 299","292:291 292:294 300:294 300:295 300:296 300:299"
"غلام محمد","مائیکل جارج",3,"327 329 332","322:332 326:332 333:332"
"غلام محمد","ماجد",1,"288","292:285"
"غلام محمد","مارگریٹ میکنٹریٹ",1,"288","292:285"
"غلام محمد","مبشر",6,"292 296 297 298 299","292:293 300:293 300:294 300:295 300:296 300:299"
"غلام محمد","میر پوری مکین",24,"296 300 304 305 308 324 325 327 331 332 333 334 336 337 339 341 346 349 350 352","292:300 300:300 309:300 309:301 309:302 309:307 319:329 320:329 322:329 326:329 333:329 333:330 333:332 333:334 335:334 335:337 337:337 342:337 342:340 342:351 347:351 349:351 350:351 353:351"
"غلام محمد","میری",94,"287 288 289 290 292 296 297 298 299 312 313 314 315 316 317 318 320 321 322 324 325 326 329 330 331 332 333 334 335 336 337 339 340 341 342 344 345 346 347 348 349 350 351 352 353 357 358 359 360 361 362 363 364 365 366 367 371 372 373 374 375 376","292:282 292:285 292:286 292:287 292:288 292:292 300:292 300:294 300:297 300:299 309:315 310:315 311:315 312:315 314:315 315:315 316:315 316:316 317:316 317:317 318:317 318:318 319:318 319:321 320:321 322:321 322:322 326:322 326:323 326:324 326:325 326:326 333:326 333:327 333:328 333:329 333:330 333:331 333:332 333:334 335:334 335:335 337:335 337:336 337:337 342:337 342:338 342:339 342:340 342:341 342:342 347:342 347:343 347:344 347:346 347:347 349:347 349:348 349:349 350:349 350:350 353:350 353:351 353:352 353:353 361:353 361:354 361:355 361:356 361:357 361:358 361:359 361:360 361:361 362:361 362:362 364:362 364:363 364:364 365:364 365:365 366:365 366:366 367:366 367:367 376:367 376:368 376:369 376:370 376:371 376:373 376:374 376:375 376:376"
"غلام محمد","میری کا آئرش ساتھی",9,"319 320 321 322 323 325","314:324 315:324 316:324 317:324 318:324 319:324 320:324 322:324 326:324"
"غلام محمد","میری کی ماں",9,"318 319 320 321 322 324","314:323 315:323 316:323 317:323 318:323 319:323 320:323 322:323 326:323"
"غلام محمد","نسیم",7,"291 292 296 297 298 299","292:291 292:293 300:293 300:294 300:297 300:298 300:299"
"غلام محمد","نوجوان عورت (چائے دینے والی)",11,"315 316 317 318 319 320 321","310:320 311:320 312:320 314:320 315:320 316:320 317:320 318:320 319:320 320:320 322:320"
"غلام محمد","ٹا پسٹ",1,"378","376:380"
"غلام محمد","چپراسی",1,"378","376:380"
"غلام محمد","چین",6,"289 293 297 355 356 360","292:286 292:295 300:295 350:360 353:360 361:360"
"غلام محمد","ڈسپیچر",1,"378","376:380"
"غلام محمد","ڈیوڈ (میری کا بیٹا)",1,"381","376:386"
"غلام محمد","ڈیویڈ نٹر جیئرلڈ بائرن",1,"381","376:386"
"غلام محمد","کلثوم (اظہر کی بیوی)",3,"291 292 296","292:291 292:293 300:293"
"غلام محمد","کلرک",1,"378","376:380"
"غلام محمد","ہسپتال کے ڈاکٹر",20,"289 292 296 315 316 317 318 319 320 321 330 333 334 335 336 379","292:286 292:292 300:292 310:320 311:320 312:320 314:320 315:320 316:320 317:320 318:320 319:320 320:320 322:320 326:334 333:334 335:334 335:335 337:335 376:382"
"فاروق","فقیر",7,"123 124 125 126 128","120:126 121:126 122:126 123:126 124:126 126:126 131:126"
"فاروق","فیاض ایڈیٹر",13,"262 273 274 275 279 282 288 290 291 292 293","260:265 278:268 278:269 278:270 278:272 278:280 285:280 285:291 286:291 289:291 291:291 293:291 293:294"
"فاروق","قربان تانگے والا",5,"144 147 148 152","141:148 147:148 148:148 156:148 156:149"
"فاروق","مائیکل جارج",1,"336","340:332"
"فاروق","ماجد",3,"281 285","278:285 285:285 286:285"
"فاروق","مارگریٹ میکنٹریٹ",3,"281 285","278:285 285:285 286:285"
"فاروق","مبشر",12,"262 273 274 275 279 282 289 291 292 293","260:265 278:268 278:269 278:270 278:272 278:280 285:280 285:293 286:293 289:293 291:293 293:293"
"فاروق","محترمہ سی گل",9,"64 105 110 111 112 113 117","63:66 107:104 107:114 108:114 109:114 110:114 112:114 120:114 120:115"
"فاروق","مزارع",5,"173 175 176 177","169:177 170:177 174:177 175:177 178:177"
"فاروق","میاں محمد (ظفر کا باپ)",8,"236 240 241 247 250 251 252 256","240:232 240:240 243:240 243:251 250:251 252:251 252:253 260:253"
"فاروق","میر پوری مکین",11,"295 296 335 336 337 338 340 341 347 349 351","291:300 293:300 340:330 340:332 340:334 340:337 340:340 343:340 343:351 348:351 352:351"
"فاروق","میرو",10,"38 43 49 386 387 388 390","41:35 41:46 52:46 52:47 382:391 384:391 385:391 386:391 389:391 390:391"
"فاروق","میری",168,"36 37 39 40 41 47 48 49 50 51 52 58 59 60 61 62 63 102 103 104 105 111 112 113 117 118 119 137 138 141 144 159 163 183 185 186 187 189 190 191 192 196 197 198 199 236 239 240 242 244 247 248 249 250 251 252 256 257 258 259 260 274 275 276 277 278 281 282 283 285 286 287 288 290 291 292 293 335 336 337 338 339 340 341 342 343 345 346 347 348 350 351 352 353 354 358 359 360 361 362 368 369 370 371 372 373 374 375 378 379 380 382 383 384 385 386 387 388 389 390","41:31 41:32 41:33 41:34 41:37 41:40 41:41 52:43 52:44 52:45 52:47 52:48 52:49 52:51 52:52 63:53 63:56 63:58 63:59 63:60 63:62 63:64 107:97 107:100 107:101 107:102 107:103 107:115 108:115 109:115 110:115 112:115 120:115 120:116 120:118 120:119 132:142 133:142 134:142 135:142 141:142 147:142 156:162 157:162 165:162 178:188 182:188 183:188 185:188 186:188 191:188 191:190 191:192 193:192 193:200 195:200 197:200 198:200 240:232 240:233 240:238 240:239 240:241 243:241 243:245 250:245 250:246 250:247 250:248 250:250 252:250 252:252 260:252 260:255 260:257 260:258 260:259 260:260 278:270 278:271 278:273 278:274 278:275 278:276 278:277 278:278 285:278 285:279 285:281 285:282 285:285 286:285 286:286 289:286 289:287 289:288 289:292 291:292 293:292 293:294 340:330 340:331 340:332 340:334 340:335 340:336 340:337 340:338 340:339 340:340 343:340 343:341 343:342 343:343 348:343 348:344 348:346 348:347 348:348 352:348 352:349 352:350 352:351 352:352 354:352 354:353 354:354 362:354 362:355 362:356 362:357 362:358 362:359 362:360 362:361 362:362 373:363 373:364 373:365 373:366 373:367 373:368 373:369 373:370 373:371 373:373 375:373 375:374 375:375 382:375 382:376 382:377 382:378 382:379 382:382 384:382 384:383 384:384 385:384 385:385 386:385 386:386 389:386 389:387 389:388 389:389 390:389 390:390"
"فاروق","میری کا آئرش ساتھی",5,"384 385 386 388","382:387 384:387 385:387 386:387 389:387"
"فاروق","میٹرن",1,"52","52:52"
"فاروق","نجومی (کنویں والا)",7,"130 133 134 135 138","126:135 131:135 132:135 133:135 134:135 135:135 141:135"
"فاروق","نسیم",20,"200 201 235 236 237 238 239 261 273 279 283 288 290 291 292 293","195:205 197:205 198:205 240:231 240:233 240:234 240:235 240:236 240:238 260:263 278:268 278:269 278:281 285:281 285:291 286:291 289:291 291:291 293:291 293:293"
"فاروق","نواب شیر محمد خان",3,"244 246 249","240:249 243:249 250:249"
"فاروق","نوجوان عورت (چائے دینے والی)",5,"42 48 255 256 260","41:44 52:44 250:260 252:260 260:260"
"فاروق","نوری",6,"152 156 157 161","147:157 148:157 156:157 157:157 165:157 165:158"
"فاروق","ٹا پسٹ",3,"376 377 381","373:380 375:380 382:380"
"فاروق","ٹنڈا کباب والا",9,"188 189 192 193 194 195 196","183:193 185:193 186:193 191:193 193:193 195:193 195:194 195:195 197:195"
"فاروق","پیشیا",5,"146 149 153 155","141:151 147:151 148:151 156:151 156:154"
"فاروق","چوہدری (ایانہ حصہ راوی)",10,"158 159 163 164 244 245 249 250 251","156:161 157:161 165:161 165:162 165:163 240:248 243:248 250:248 250:251 252:251"
"فاروق","چوہدری نذیر",5,"158 159 163 164","156:161 157:161 165:161 165:162 165:163"
"فاروق","چپراسی",6,"150 154 376 377 381","147:153 148:153 156:153 373:380 375:380 382:380"
"فاروق","چین",20,"41 47 55 60 110 111 112 116 282 285 286 287 292 293 294 356 357 361","41:42 52:42 52:58 63:58 107:113 108:113 109:113 110:113 112:113 120:113 278:286 285:286 286:286 289:286 289:295 291:295 293:295 352:360 354:360 362:360"
"فاروق","ڈسپیچر",3,"376 377 381","373:380 375:380 382:380"
"فاروق","ڈیوڈ (میری کا بیٹا)",7,"384 385 386 387 389","382:386 384:386 385:386 386:386 389:386 389:389 390:389"
"فاروق","ڈیویڈ نٹر جیئرلڈ بائرن",7,"384 385 386 387 389","382:386 384:386 385:386 386:386 389:386 389:389 390:389"
"فاروق","کلثوم (اظہر کی بیوی)",8,"262 273 288 290 291 292 293","260:265 278:269 285:291 286:291 289:291 291:291 293:291 293:293"
"فاروق","کلرک",8,"145 148 152 235 376 377 381","141:149 147:149 148:149 156:149 240:230 373:380 375:380 382:380"
"فاروق","کمال (ایانہ حصّہ راوی کا بیٹا)",4,"198 199 200","193:203 195:203 197:203 198:203"
"فاروق","کوثر",25,"239 240 242 243 246 247 249 250 251 252 256 259 260 274 276 277 278 281 282","240:239 240:241 243:241 243:242 243:243 250:243 250:244 250:245 250:248 250:249 250:251 252:251 252:252 260:252 260:253 260:259 260:261 278:271 278:274 278:275 278:276 278:277 278:278 285:278 285:279"
"فاروق","کوثر کا بھائی (قیصر)",4,"241 243 246 247","240:243 243:243 250:243 250:244"
"فاروق","کوثر کا ماموں",3,"244 246 249","240:249 243:249 250:249"
"فاروق","کوثر کی ماں",8,"242 243 247 257 261 274 276","240:244 243:244 250:244 250:245 252:262 260:262 278:271 278:274"
"فاروق","گوالا",6,"122 123 124 125","120:125 121:125 122:125 123:125 124:125 126:125"
"فاروق","ہسپتال کے ڈاکٹر",23,"44 50 103 180 181 183 184 185 275 282 285 286 287 290 291 292 337 377 378 382 383","41:48 52:48 107:100 175:185 178:185 182:185 183:185 185:185 186:185 278:272 278:286 285:286 286:286 289:286 289:292 291:292 293:292 340:334 340:335 373:382 375:382 382:382 384:382"
"فاروق","ہنگیرین بیوی",1,"63","63:64"
"فاروق","ہنگیرین خاوند",1,"63","63:63"
"فاروق","ہیڈ کلرک",4,"145 148 152","141:149 147:149 148:149 156:149"
"فقیر","میری",3,"121 122","126:116 126:118 126:119"
"فقیر","نجومی (کنویں والا)",1,"130","126:135"
"فقیر","گوالا",1,"125","126:125"
"فیاض ایڈیٹر","ماجد",2,"282 288","280:285 291:285"
"فیاض ایڈیٹر","مارگریٹ میکنٹریٹ",2,"282 288","280:285 291:285"
"فیاض ایڈیٹر","مبشر",23,"265 266 267 268 269 270 271 272 276 280 292 293 294 295 296 297 299","265:265 266:265 266:267 267:267 268:267 268:268 269:268 269:269 270:269 270:270 272:270 272:272 280:272 280:280 291:293 294:293 294:294 295:294 295:295 296:295 296:296 299:296 299:299"
"فیاض ایڈیٹر","میر پوری مکین",5,"295 297 298 299","291:300 294:300 295:300 296:300 299:300"
"فیاض ایڈیٹر","میری",41,"260 261 262 263 265 266 267 269 270 271 272 276 277 278 279 280 286 288 289 291 293 294 296 298 299","265:255 265:257 265:258 265:259 265:260 265:261 265:262 265:265 266:265 266:266 267:266 267:267 268:267 268:270 269:270 270:270 272:270 272:271 272:273 280:273 280:274 280:275 280:276 280:277 280:278 280:279 280:281 291:281 291:282 291:285 291:286 291:287 291:288 291:292 294:292 294:294 295:294 295:297 296:297 299:297 299:299"
"فیاض ایڈیٹر","نسیم",24,"264 265 266 267 268 269 276 280 286 291 292 293 294 296 298 299","265:263 265:264 265:266 266:266 267:266 267:267 268:267 268:268 269:268 269:269 270:269 272:281 280:281 291:281 291:291 294:291 294:293 294:294 295:294 295:297 296:297 299:297 299:298 299:299"
"فیاض ایڈیٹر","نوجوان عورت (چائے دینے والی)",1,"262","265:260"
"فیاض ایڈیٹر","چین",6,"283 288 293 294 295","280:286 291:286 291:295 294:295 295:295 296:295"
"فیاض ایڈیٹر","کلثوم (اظہر کی بیوی)",12,"265 266 267 268 269 291 292 293","265:265 266:265 266:266 267:266 267:267 268:267 268:269 269:269 270:269 291:291 294:291 294:293"
"فیاض ایڈیٹر","کوثر",17,"262 263 268 269 270 271 273 277 278 279","265:259 265:261 265:262 265:271 266:271 267:271 268:271 269:271 270:271 272:271 272:274 280:274 280:275 280:276 280:277 280:278 280:279"
"فیاض ایڈیٹر","کوثر کی ماں",10,"263 268 269 270 271 273 277","265:262 265:271 266:271 267:271 268:271 269:271 270:271 272:271 272:274 280:274"
"فیاض ایڈیٹر","ہسپتال کے ڈاکٹر",12,"268 269 270 271 272 276 283 288 291 293","265:272 266:272 267:272 268:272 269:272 270:272 272:272 280:272 280:286 291:286 291:292 294:292"
"قربان تانگے والا","میری",1,"145","148:142"
"قربان تانگے والا","نوری",2,"152 153","148:157 149:157"
"قربان تانگے والا","پیشیا",2,"149 150","148:151 149:151"
"قربان تانگے والا","چپراسی",2,"150 151","148:153 149:153"
"قربان تانگے والا","کلرک",2,"148 149","148:149 149:149"
"قربان تانگے والا","ہیڈ کلرک",2,"148 149","148:149 149:149"
"مائیکل جارج","میر پوری مکین",3,"330 331 332","332:329 332:330 332:332"
"مائیکل جارج","میری",11,"327 328 329 330 331 332","332:322 332:323 332:324 332:325 332:326 332:327 332:328 332:329 332:330 332:331 332:332"
"مائیکل جارج","میری کا آئرش ساتھی",1,"328","332:324"
"مائیکل جارج","میری کی ماں",1,"327","332:323"
"مائیکل جارج","ہسپتال کے ڈاکٹر",1,"333","332:334"
"ماجد","مارگریٹ میکنٹریٹ",1,"285","285:285"
"ماجد","مبشر",2,"282 289","285:280 285:293"
"ماجد","میری",8,"280 281 282 283 285","285:275 285:276 285:277 285:278 285:279 285:281 285:282 285:285"
"ماجد","نسیم",2,"283 288","285:281 285:291"
"ماجد","چین",1,"285","285:286"
"ماجد","کلثوم (اظہر کی بیوی)",1,"288","285:291"
"ماجد","کوثر",5,"280 281 282","285:275 285:276 285:277 285:278 285:279"
"ماجد","ہسپتال کے ڈاکٹر",1,"285","285:286"
"مارگریٹ میکنٹریٹ","مبشر",2,"282 289","285:280 285:293"
"مارگریٹ میکنٹریٹ","میری",8,"280 281 282 283 285","285:275 285:276 285:277 285:278 285:279 285:281 285:282 285:285"
"مارگریٹ میکنٹریٹ","نسیم",2,"283 288","285:281 285:291"
"مارگریٹ میکنٹریٹ","چین",1,"285","285:286"
"مارگریٹ میکنٹریٹ","کلثوم (اظہر کی بیوی)",1,"288","285:291"
"مارگریٹ میکنٹریٹ","کوثر",5,"280 281 282","285:275 285:276 285:277 285:278 285:279"
"مارگریٹ میکنٹریٹ","ہسپتال کے ڈاکٹر",1,"285","285:286"
"مبشر","میر پوری مکین",5,"296 297 298 299","293:300 294:300 295:300 296:300 299:300"
"مبشر","میری",38,"260 261 262 263 265 266 267 269 270 271 272 276 277 278 279 280 289 290 292 293 294 296 298 299","265:255 265:257 265:258 265:259 265:260 265:261 265:262 265:265 267:265 267:266 267:267 268:267 268:270 269:270 270:270 272:270 272:271 272:273 280:273 280:274 280:275 280:276 280:277 280:278 280:279 280:281 293:285 293:286 293:287 293:288 293:292 293:294 294:294 295:294 295:297 296:297 299:297 299:299"
"مبشر","نسیم",22,"264 265 266 267 268 269 276 280 292 293 294 296 298 299","265:263 265:264 265:266 267:266 267:267 268:267 268:268 269:268 269:269 270:269 272:281 280:281 293:291 293:293 294:293 294:294 295:294 295:297 296:297 299:297 299:298 299:299"
"مبشر","نوجوان عورت (چائے دینے والی)",1,"262","265:260"
"مبشر","چین",6,"283 289 294 295","280:286 293:286 293:295 294:295 295:295 296:295"
"مبشر","کلثوم (اظہر کی بیوی)",11,"265 266 267 268 269 292 293","265:265 267:265 267:266 267:267 268:267 268:269 269:269 270:269 293:291 293:293 294:293"
"مبشر","کوثر",16,"262 263 268 269 270 271 273 277 278 279","265:259 265:261 265:262 265:271 267:271 268:271 269:271 270:271 272:271 272:274 280:274 280:275 280:276 280:277 280:278 280:279"
"مبشر","کوثر کی ماں",9,"263 268 269 270 271 273 277","265:262 265:271 267:271 268:271 269:271 270:271 272:271 272:274 280:274"
"مبشر","ہسپتال کے ڈاکٹر",10,"268 269 270 271 272 276 283 289 292","265:272 267:272 268:272 269:272 270:272 272:272 280:272 280:286 293:286 293:292"
"محترمہ سی گل","میرو",1,"70","66:74"
"محترمہ سی گل","میری",25,"61 62 63 64 65 66 86 87 88 89 91 92 99 100 102 103 114 115","66:56 66:58 66:59 66:60 66:62 66:64 66:66 91:82 91:83 91:84 91:86 91:87 91:91 92:91 92:93 104:94 104:95 104:96 104:97 104:100 104:101 104:102 104:103 114:115 115:115"
"محترمہ سی گل","نوجوان جرمن لڑکا",2,"92","91:93 92:93"
"محترمہ سی گل","چین",3,"62 108 113","66:58 104:113 114:113"
"محترمہ سی گل","ڈیوڈ (میری کا بیٹا)",1,"71","66:76"
"محترمہ سی گل","ڈیویڈ نٹر جیئرلڈ بائرن",1,"71","66:76"
"محترمہ سی گل","گوالا",1,"120","115:125"
"محترمہ سی گل","ہسپتال کے ڈاکٹر",3,"95 96 102","91:100 92:100 104:100"
"محترمہ سی گل","ہنگیرین بیوی",3,"65 92","66:64 91:93 92:93"
"محترمہ سی گل","ہنگیرین خاوند",6,"64 65 93 94 100","66:63 66:64 66:65 91:96 92:96 104:96"
"مرد لیکچرار (کوثر کا مبینہ عاشق)","مسٹر بیٹی",1,"223","221:226"
"مرد لیکچرار (کوثر کا مبینہ عاشق)","میری",5,"216 218 219 220 222","221:211 221:215 221:218 221:220 221:223"
"مرد لیکچرار (کوثر کا مبینہ عاشق)","نسیم",2,"216 222","221:212 221:223"
"مرد لیکچرار (کوثر کا مبینہ عاشق)","چوہدری (ایانہ حصہ راوی)",1,"219","221:218"
"مرد لیکچرار (کوثر کا مبینہ عاشق)","چین",2,"218 221","221:216 221:222"
"مرد لیکچرار (کوثر کا مبینہ عاشق)","کلرک",1,"225","221:230"
"مرد لیکچرار (کوثر کا مبینہ عاشق)","کمال (ایانہ حصّہ راوی کا بیٹا)",1,"217","221:213"
"مرد لیکچرار (کوثر کا مبینہ عاشق)","کوثر",1,"221","221:221"
"مزارع","ہسپتال کے ڈاکٹر",1,"181","177:185"
"مسٹر بیٹی","میاں محمد (ظفر کا باپ)",1,"229","226:232"
"مسٹر بیٹی","میری",6,"222 223 224 225 226","226:218 226:220 226:223 226:224 226:225 226:226"
"مسٹر بیٹی","نسیم",3,"224 225 227","226:223 226:224 226:228"
"مسٹر بیٹی","چوہدری (ایانہ حصہ راوی)",1,"222","226:218"
"مسٹر بیٹی","چین",2,"221 224","226:216 226:222"
"مسٹر بیٹی","کلرک",1,"228","226:230"
"مسٹر بیٹی","کوثر",1,"223","226:221"
"میاں محمد (ظفر کا باپ)","میری",21,"227 228 229 230 232 236 239 240 246 248 249 250 251 252 254","232:223 232:224 232:225 232:226 232:228 232:229 232:232 240:232 240:233 240:238 240:239 240:241 251:241 251:245 251:246 251:247 251:248 251:250 251:252 253:252 253:255"
"میاں محمد (ظفر کا باپ)","نسیم",12,"227 228 230 231 232 236 237 238 239 258","232:223 232:224 232:228 232:229 232:231 232:233 240:233 240:234 240:235 240:236 240:238 253:263"
"میاں محمد (ظفر کا باپ)","نواب شیر محمد خان",2,"244 250","240:249 251:249"
"میاں محمد (ظفر کا باپ)","نوجوان عورت (چائے دینے والی)",2,"255 256","251:260 253:260"
"میاں محمد (ظفر کا باپ)","چوہدری (ایانہ حصہ راوی)",4,"244 249 251 252","240:248 251:248 251:251 253:251"
"میاں محمد (ظفر کا باپ)","چین",1,"227","232:222"
"میاں محمد (ظفر کا باپ)","کلرک",1,"231","232:230"
"میاں محمد (ظفر کا باپ)","کوثر",14,"235 239 240 246 247 248 249 250 251 252 253","232:239 240:239 240:241 251:241 251:242 251:243 251:244 251:245 251:248 251:249 251:251 253:251 253:252 253:253"
"میاں محمد (ظفر کا باپ)","کوثر کا بھائی (قیصر)",3,"241 247","240:243 251:243 251:244"
"میاں محمد (ظفر کا باپ)","کوثر کا ماموں",2,"244 250","240:249 251:249"
"میاں محمد (ظفر کا باپ)","کوثر کی ماں",4,"242 247 248 257","240:244 251:244 251:245 253:262"
"میر پوری مکین","میری",39,"296 297 298 299 311 325 326 327 328 329 330 331 332 333 334 335 336 337 338 339 340 346 347 348 349 350 351","300:292 300:294 300:297 300:299 307:315 329:321 329:322 329:323 329:324 329:325 329:326 329:327 329:328 329:329 330:329 330:330 332:330 332:331 332:332 334:332 334:334 337:334 337:335 337:336 337:337 340:337 340:338 340:339 340:340 351:341 351:342 351:343 351:344 351:346 351:347 351:348 351:349 351:350 351:351"
"میر پوری مکین","میری کا آئرش ساتھی",1,"326","329:324"
"میر پوری مکین","میری کی ماں",1,"326","329:323"
"میر پوری مکین","نسیم",6,"295 296 297 298 299","300:291 300:293 300:294 300:297 300:298 300:299"
"میر پوری مکین","نوجوان عورت (چائے دینے والی)",1,"324","329:320"
"میر پوری مکین","چین",2,"297 355","300:295 351:360"
"میر پوری مکین","کلثوم (اظہر کی بیوی)",2,"295 296","300:291 300:293"
"میر پوری مکین","ہسپتال کے ڈاکٹر",8,"296 324 331 332 333 334 335 336","300:292 329:320 329:334 330:334 332:334 334:334 337:334 337:335"
"میرو","میری",41,"7 8 9 10 11 12 30 31 32 33 34 36 41 43 44 45 46 47 69 70 71 72 73 74 386 387 388 389 390","12:3 12:4 12:5 12:6 12:9 12:10 12:11 12:12 35:26 35:28 35:30 35:31 35:32 35:33 35:34 35:37 46:37 46:40 46:41 46:43 46:44 46:45 46:47 47:47 74:64 74:66 74:67 74:69 74:71 74:72 74:73 74:74 391:382 391:383 391:384 391:385 391:386 391:387 391:388 391:389 391:390"
"میرو","میری کا آئرش ساتھی",1,"389","391:387"
"میرو","میٹرن",2,"49","46:52 47:52"
"میرو","نوجوان عورت (چائے دینے والی)",2,"39 45","35:44 46:44"
"میرو","چپراسی",2,"11 13","12:11 12:15"
"میرو","چین",5,"13 30 32 38 44","12:14 35:26 35:29 35:42 46:42"
"میرو","ڈیوڈ (میری کا بیٹا)",4,"30 75 388 390","35:26 74:76 391:386 391:389"
"میرو","ڈیویڈ نٹر جیئرلڈ بائرن",4,"30 75 388 390","35:26 74:76 391:386 391:389"
"میرو","کلرک",1,"13","12:14"
"میرو","ہسپتال کے ڈاکٹر",3,"47 386","46:48 47:48 391:382"
"میرو","ہنگیرین بیوی",1,"69","74:64"
"میرو","ہنگیرین خاوند",2,"69","74:64 74:65"
"میرو","ہیڈ کلرک",1,"13","12:14"
"میری","میری کا آئرش ساتھی",19,"319 320 321 322 323 324 382 383 384 385 386 387","315:324 316:324 317:324 318:324 321:324 322:324 323:324 324:324 325:324 377:387 378:387 379:387 382:387 383:387 384:387 385:387 386:387 387:387 388:387"
"میری","میری کی ماں",8,"319 320 322 323","315:323 316:323 317:323 318:323 321:323 322:323 323:323 324:323"
"میری","میٹرن",9,"47 48 49 50 51 52","43:52 44:52 45:52 47:52 48:52 49:52 51:52 52:52 53:52"
"میری","نجومی (کنویں والا)",1,"138","142:135"
"میری","نسیم",76,"202 203 204 205 206 207 209 210 211 213 219 220 221 223 224 226 227 228 229 230 231 232 233 235 236 237 238 259 260 261 262 264 265 266 267 268 269 276 277 278 279 280 281 286 288 289 291 292 293 294 295 297 298 299","200:205 201:205 203:205 204:205 205:205 207:205 207:206 207:207 211:207 211:208 211:209 211:210 211:212 215:212 215:223 218:223 220:223 223:223 224:223 224:224 225:224 225:228 226:228 228:228 229:228 229:229 232:229 232:231 232:233 233:233 238:233 238:234 238:235 238:236 238:238 239:238 255:263 257:263 258:263 259:263 260:263 261:263 262:263 265:263 265:264 265:266 266:266 267:266 267:267 270:267 270:268 270:269 271:281 273:281 274:281 275:281 276:281 277:281 278:281 279:281 281:281 282:281 282:291 285:291 286:291 287:291 288:291 292:291 292:293 294:293 294:294 297:294 297:297 299:297 299:298 299:299"
"میری","نواب شیر محمد خان",7,"244 245 247 248 249","239:249 241:249 245:249 246:249 247:249 248:249 250:249"
"میری","نوجوان جرمن لڑکا",7,"88 89 90 92 93","83:93 84:93 86:93 87:93 91:93 93:93 94:93"
"میری","نوجوان عورت (چائے دینے والی)",20,"39 40 42 43 44 255 256 257 258 259 260 317 318 319 320","34:44 37:44 40:44 41:44 43:44 44:44 45:44 250:260 252:260 255:260 257:260 258:260 259:260 260:260 261:260 315:320 316:320 317:320 318:320 321:320"
"میری","نوری",2,"159 160","162:157 162:158"
"میری","ٹا پسٹ",10,"375 376 377 378 379 381","370:380 371:380 373:380 374:380 375:380 376:380 377:380 378:380 379:380 382:380"
"میری","ٹنڈا کباب والا",6,"190 191 192 196 197","188:193 190:193 192:193 200:193 200:194 200:195"
"میری","پیشیا",2,"146 158","142:151 162:154"
"میری","چوہدری (ایانہ حصہ راوی)",16,"161 162 214 216 218 219 243 244 246 247 248 249 250 251","162:161 162:162 211:218 215:218 218:218 220:218 238:248 239:248 241:248 245:248 246:248 247:248 248:248 250:248 250:251 252:251"
"میری","چوہدری نذیر",2,"161 162","162:161 162:162"
"میری","چپراسی",21,"7 8 10 11 13 15 157 375 376 377 378 379 381","3:11 4:11 5:11 6:11 9:11 10:11 11:11 12:11 12:15 16:15 162:153 370:380 371:380 373:380 374:380 375:380 376:380 377:380 378:380 379:380 382:380"
"میری","چین",68,"9 10 11 12 13 15 21 23 24 25 26 27 28 29 37 38 39 41 42 53 54 55 57 58 108 114 211 213 215 217 220 221 222 281 282 283 284 285 286 291 293 294 296 355 356 357 358 359 360","4:14 5:14 6:14 9:14 10:14 11:14 12:14 16:14 16:26 17:26 20:26 22:26 23:26 24:26 26:26 28:26 28:29 30:29 32:42 33:42 34:42 37:42 40:42 41:42 43:42 48:58 49:58 51:58 52:58 53:58 56:58 58:58 59:58 103:113 115:113 207:216 211:216 215:216 218:216 218:222 220:222 223:222 276:286 277:286 278:286 279:286 281:286 282:286 285:286 286:286 287:286 287:295 288:295 292:295 294:295 297:295 350:360 351:360 352:360 353:360 354:360 355:360 356:360 357:360 358:360 359:360 360:360 361:360"
"میری","ڈسپیچر",10,"375 376 377 378 379 381","370:380 371:380 373:380 374:380 375:380 376:380 377:380 378:380 379:380 382:380"
"میری","ڈیوڈ (میری کا بیٹا)",31,"21 23 24 25 26 27 71 72 73 74 75 76 77 381 382 384 385 386 388 389","16:26 17:26 20:26 22:26 23:26 24:26 26:26 28:26 66:76 67:76 69:76 71:76 72:76 73:76 74:76 76:76 79:76 376:386 377:386 378:386 379:386 382:386 383:386 384:386 385:386 386:386 387:386 387:389 388:389 389:389 390:389"
"میری","ڈیویڈ نٹر جیئرلڈ بائرن",31,"21 23 24 25 26 27 71 72 73 74 75 76 77 381 382 384 385 386 388 389","16:26 17:26 20:26 22:26 23:26 24:26 26:26 28:26 66:76 67:76 69:76 71:76 72:76 73:76 74:76 76:76 79:76 376:386 377:386 378:386 379:386 382:386 383:386 384:386 385:386 386:386 387:386 387:389 388:389 389:389 390:389"
"میری","کلثوم (اظہر کی بیوی)",23,"260 261 262 263 265 266 267 268 269 286 288 289 291 292 293","255:265 257:265 258:265 259:265 260:265 261:265 262:265 265:265 266:265 266:266 267:266 267:267 270:267 270:269 281:291 282:291 285:291 286:291 287:291 288:291 292:291 292:293 294:293"
"میری","کلرک",32,"9 10 11 12 13 15 16 17 18 19 145 225 226 227 228 229 231 375 376 377 378 379 381","4:14 5:14 6:14 9:14 10:14 11:14 12:14 16:14 16:16 17:16 17:17 20:17 20:19 142:149 220:230 223:230 224:230 225:230 226:230 228:230 229:230 232:230 370:380 371:380 373:380 374:380 375:380 376:380 377:380 378:380 379:380 382:380"
"میری","کمال (ایانہ حصّہ راوی کا بیٹا)",10,"201 202 203 204 209 210 212 214","200:203 201:203 203:203 204:203 204:204 205:204 205:213 207:213 211:213 215:213"
"میری","کوثر",57,"216 218 219 220 222 234 235 236 238 239 240 241 243 244 245 247 248 249 250 251 252 253 254 257 258 259 260 261 262 263 268 269 270 271 272 273 274 275 276 277 278 279 280","211:221 215:221 218:221 220:221 223:221 229:239 232:239 233:239 238:239 239:239 241:239 241:241 245:241 245:242 245:243 245:244 245:245 246:245 246:248 247:248 248:248 250:248 250:249 250:251 252:251 252:252 255:252 255:253 255:259 257:259 258:259 259:259 260:259 260:261 261:261 262:261 262:262 265:262 265:271 266:271 267:271 270:271 271:271 273:271 273:274 274:274 275:274 275:275 276:275 276:276 277:276 277:277 278:277 278:278 279:278 279:279 281:279"
"میری","کوثر کا بھائی (قیصر)",6,"238 240 241 242 244","233:243 238:243 239:243 241:243 245:243 245:244"
"میری","کوثر کا ماموں",7,"244 245 247 248 249","239:249 241:249 245:249 246:249 247:249 248:249 250:249"
"میری","کوثر کی ماں",24,"241 242 244 245 257 258 259 260 261 262 263 268 269 270 271 272 273 274","238:244 239:244 241:244 245:244 245:245 246:245 252:262 255:262 257:262 258:262 259:262 260:262 261:262 262:262 265:262 265:271 266:271 267:271 270:271 271:271 273:271 273:274 274:274 275:274"
"میری","گوالا",4,"120 121 122","115:125 116:125 118:125 119:125"
"میری","ہسپتال کے ڈاکٹر",64,"44 45 46 47 48 95 96 97 98 100 186 267 268 269 271 272 281 282 283 284 285 286 289 290 292 293 317 318 319 320 329 330 331 332 333 334 335 377 378 379 380 382","40:48 41:48 43:48 44:48 45:48 47:48 48:48 49:48 91:100 93:100 94:100 95:100 96:100 97:100 100:100 101:100 188:185 262:272 265:272 266:272 267:272 270:272 271:272 273:272 276:286 277:286 278:286 279:286 281:286 282:286 285:286 286:286 287:286 287:292 288:292 292:292 294:292 315:320 316:320 317:320 318:320 321:320 324:334 325:334 326:334 327:334 328:334 329:334 330:334 331:334 332:334 334:334 335:334 335:335 336:335 373:382 374:382 375:382 376:382 377:382 378:382 379:382 382:382 383:382"
"میری","ہنگیرین بیوی",14,"60 61 62 63 64 65 88 89 90 92 93","56:64 58:64 59:64 60:64 62:64 64:64 66:64 83:93 84:93 86:93 87:93 91:93 93:93 94:93"
"میری","ہنگیرین خاوند",18,"58 59 60 61 62 63 64 65 91 93 94 95 96","53:63 56:63 58:63 59:63 60:63 62:63 64:63 64:64 66:64 66:65 86:96 87:96 91:96 93:96 94:96 95:96 96:96 97:96"
"میری","ہیڈ کلرک",13,"9 10 11 12 13 15 16 17 18 19 145","4:14 5:14 6:14 9:14 10:14 11:14 12:14 16:14 16:17 17:17 20:17 20:19 142:149"
"میری کا آئرش ساتھی","میری کی ماں",1,"323","324:323"
"میری کا آئرش ساتھی","نوجوان عورت (چائے دینے والی)",1,"322","324:320"
"میری کا آئرش ساتھی","ٹا پسٹ",1,"383","387:380"
"میری کا آئرش ساتھی","چپراسی",1,"383","387:380"
"میری کا آئرش ساتھی","ڈسپیچر",1,"383","387:380"
"میری کا آئرش ساتھی","ڈیوڈ (میری کا بیٹا)",2,"386 388","387:386 387:389"
"میری کا آئرش ساتھی","ڈیویڈ نٹر جیئرلڈ بائرن",2,"386 388","387:386 387:389"
"میری کا آئرش ساتھی","کلرک",1,"383","387:380"
"میری کا آئرش ساتھی","ہسپتال کے ڈاکٹر",3,"322 329 384","324:320 324:334 387:382"
"میری کی ماں","نوجوان عورت (چائے دینے والی)",1,"321","323:320"
"میری کی ماں","ہسپتال کے ڈاکٹر",1,"321","323:320"
"میٹرن","نوجوان عورت (چائے دینے والی)",1,"48","52:44"
"میٹرن","چین",2,"47 55","52:42 52:58"
"میٹرن","ہسپتال کے ڈاکٹر",1,"50","52:48"
"نجومی (کنویں والا)","گوالا",1,"130","135:125"
"نسیم","نوجوان عورت (چائے دینے والی)",1,"261","263:260"
"نسیم","ٹنڈا کباب والا",1,"200","205:195"
"نسیم","چوہدری (ایانہ حصہ راوی)",6,"213 214 215 220 243","208:218 209:218 210:218 212:218 223:218 238:248"
"نسیم","چین",14,"211 212 213 214 219 222 283 288 293 294 296","206:216 207:216 208:216 209:216 210:216 212:216 223:216 223:222 281:286 291:286 291:295 293:295 294:295 297:295"
"نسیم","کلثوم (اظہر کی بیوی)",14,"264 265 266 267 268 269 286 291 292 293","263:265 264:265 266:265 266:266 267:266 267:267 268:267 268:269 269:269 281:291 291:291 293:291 293:293 294:293"
"نسیم","کلرک",5,"226 227 229 230","223:230 224:230 228:230 229:230 231:230"
"نسیم","کمال (ایانہ حصّہ راوی کا بیٹا)",10,"204 209 210 211 212 218","205:203 205:204 205:213 206:213 207:213 208:213 209:213 210:213 212:213 223:213"
"نسیم","کوثر",26,"216 222 234 235 236 237 238 258 261 262 267 268 269 270 276 277 278 279 280","212:221 223:221 229:239 231:239 233:239 234:239 235:239 236:239 238:239 263:253 263:259 263:261 263:262 263:271 264:271 266:271 267:271 268:271 269:271 281:271 281:274 281:275 281:276 281:277 281:278 281:279"
"نسیم","کوثر کا بھائی (قیصر)",5,"238 239 240","233:243 234:243 235:243 236:243 238:243"
"نسیم","کوثر کی ماں",13,"239 240 241 262 267 268 269 270 276 277","234:244 235:244 236:244 238:244 263:262 263:271 264:271 266:271 267:271 268:271 269:271 281:271 281:274"
"نسیم","ہسپتال کے ڈاکٹر",11,"267 268 269 270 276 283 288 291 292","263:272 264:272 266:272 267:272 268:272 269:272 281:272 281:286 291:286 291:292 293:292"
"نواب شیر محمد خان","چوہدری (ایانہ حصہ راوی)",2,"248 250","249:248 249:251"
"نواب شیر محمد خان","کوثر",8,"244 245 246 247 248 249","249:239 249:241 249:242 249:243 249:244 249:245 249:248 249:249"
"نواب شیر محمد خان","کوثر کا بھائی (قیصر)",2,"246","249:243 249:244"
"نواب شیر محمد خان","کوثر کا ماموں",1,"249","249:249"
"نواب شیر محمد خان","کوثر کی ماں",2,"246 247","249:244 249:245"
"نوجوان جرمن لڑکا","ہسپتال کے ڈاکٹر",1,"96","93:100"
"نوجوان جرمن لڑکا","ہنگیرین بیوی",1,"93","93:93"
"نوجوان جرمن لڑکا","ہنگیرین خاوند",1,"94","93:96"
"نوجوان عورت (چائے دینے والی)","چوہدری (ایانہ حصہ راوی)",1,"255","260:251"
"نوجوان عورت (چائے دینے والی)","چین",1,"43","44:42"
"نوجوان عورت (چائے دینے والی)","کلثوم (اظہر کی بیوی)",1,"262","260:265"
"نوجوان عورت (چائے دینے والی)","کوثر",5,"255 256 259 260","260:251 260:252 260:253 260:259 260:261"
"نوجوان عورت (چائے دینے والی)","کوثر کی ماں",1,"261","260:262"
"نوجوان عورت (چائے دینے والی)","ہسپتال کے ڈاکٹر",2,"46 320","44:48 320:320"
"نوری","پیشیا",2,"154 155","157:151 157:154"
"نوری","چوہدری (ایانہ حصہ راوی)",2,"159","157:161 158:161"
"نوری","چوہدری نذیر",2,"159","157:161 158:161"
"نوری","چپراسی",1,"155","157:153"
"نوری","کلرک",1,"153","157:149"
"نوری","ہیڈ کلرک",1,"153","157:149"
"ٹا پسٹ","چپراسی",1,"380","380:380"
"ٹا پسٹ","ڈسپیچر",1,"380","380:380"
"ٹا پسٹ","ڈیوڈ (میری کا بیٹا)",1,"383","380:386"
"ٹا پسٹ","ڈیویڈ نٹر جیئرلڈ بائرن",1,"383","380:386"
"ٹا پسٹ","کلرک",1,"380","380:380"
"ٹا پسٹ","ہسپتال کے ڈاکٹر",1,"381","380:382"
"ٹنڈا کباب والا","کمال (ایانہ حصّہ راوی کا بیٹا)",3,"198 199","193:203 194:203 195:203"
"ٹنڈا کباب والا","ہسپتال کے ڈاکٹر",1,"189","193:185"
"پیشیا","چوہدری (ایانہ حصہ راوی)",2,"156 157","151:161 154:161"
"پیشیا","چوہدری نذیر",2,"156 157","151:161 154:161"
"پیشیا","چپراسی",2,"152 153","151:153 154:153"
"پیشیا","کلرک",1,"150","151:149"
"پیشیا","ہیڈ کلرک",1,"150","151:149"
"چوہدری (ایانہ حصہ راوی)","چوہدری نذیر",5,"161 162 163","161:161 162:161 162:162 163:162 163:163"
"چوہدری (ایانہ حصہ راوی)","چپراسی",1,"157","161:153"
"چوہدری (ایانہ حصہ راوی)","چین",2,"217 220","218:216 218:222"
"چوہدری (ایانہ حصہ راوی)","کمال (ایانہ حصّہ راوی کا بیٹا)",1,"215","218:213"
"چوہدری (ایانہ حصہ راوی)","کوثر",11,"219 243 244 245 246 248 249 250 251","218:221 248:239 248:241 248:242 248:243 248:244 248:245 248:248 251:248 251:249 251:251"
"چوہدری (ایانہ حصہ راوی)","کوثر کا بھائی (قیصر)",2,"245 246","248:243 248:244"
"چوہدری (ایانہ حصہ راوی)","کوثر کا ماموں",2,"248 250","248:249 251:249"
"چوہدری (ایانہ حصہ راوی)","کوثر کی ماں",2,"246","248:244 248:245"
"چوہدری نذیر","چپراسی",1,"157","161:153"
"چپراسی","چین",2,"12 14","11:14 15:14"
"چپراسی","ڈسپیچر",1,"380","380:380"
"چپراسی","ڈیوڈ (میری کا بیٹا)",1,"383","380:386"
"چپراسی","ڈیویڈ نٹر جیئرلڈ بائرن",1,"383","380:386"
"چپراسی","کلرک",5,"12 14 15 151 380","11:14 15:14 15:16 153:149 380:380"
"چپراسی","ہسپتال کے ڈاکٹر",1,"381","380:382"
"چپراسی","ہیڈ کلرک",4,"12 14 16 151","11:14 15:14 15:17 153:149"
"چین","ڈیوڈ (میری کا بیٹا)",2,"26 27","26:26 29:26"
"چین","ڈیویڈ نٹر جیئرلڈ بائرن",2,"26 27","26:26 29:26"
"چین","کلثوم (اظہر کی بیوی)",3,"288 293 294","286:291 295:291 295:293"
"چین","کلرک",5,"14 21 22 226","14:14 26:16 26:17 26:19 222:230"
"چین","کمال (ایانہ حصّہ راوی کا بیٹا)",1,"214","216:213"
"چین","کوثر",6,"218 221 281 282","216:221 222:221 286:276 286:277 286:278 286:279"
"چین","ہسپتال کے ڈاکٹر",5,"45 53 286 290 293","42:48 58:48 286:286 295:286 295:292"
"چین","ہنگیرین بیوی",1,"61","58:64"
"چین","ہنگیرین خاوند",1,"60","58:63"
"چین","ہیڈ کلرک",3,"14 21 22","14:14 26:17 26:19"
"ڈسپیچر","ڈیوڈ (میری کا بیٹا)",1,"383","380:386"
"ڈسپیچر","ڈیویڈ نٹر جیئرلڈ بائرن",1,"383","380:386"
"ڈسپیچر","کلرک",1,"380","380:380"
"ڈسپیچر","ہسپتال کے ڈاکٹر",1,"381","380:382"
"ڈیوڈ (میری کا بیٹا)","ڈیویڈ نٹر جیئرلڈ بائرن",5,"26 76 386 387 389","26:26 76:76 386:386 389:386 389:389"
"ڈیوڈ (میری کا بیٹا)","کلرک",4,"21 22 383","26:16 26:17 26:19 386:380"
"ڈیوڈ (میری کا بیٹا)","ہسپتال کے ڈاکٹر",1,"384","386:382"
"ڈیوڈ (میری کا بیٹا)","ہیڈ کلرک",2,"21 22","26:17 26:19"
"ڈیویڈ نٹر جیئرلڈ بائرن","کلرک",4,"21 22 383","26:16 26:17 26:19 386:380"
"ڈیویڈ نٹر جیئرلڈ بائرن","ہسپتال کے ڈاکٹر",1,"384","386:382"
"ڈیویڈ نٹر جیئرلڈ بائرن","ہیڈ کلرک",2,"21 22","26:17 26:19"
"کلثوم (اظہر کی بیوی)","کوثر",7,"262 263 268 269 270","265:259 265:261 265:262 265:271 266:271 267:271 269:271"
"کلثوم (اظہر کی بیوی)","کوثر کی ماں",5,"263 268 269 270","265:262 265:271 266:271 267:271 269:271"
"کلثوم (اظہر کی بیوی)","ہسپتال کے ڈاکٹر",7,"268 269 270 288 291 292","265:272 266:272 267:272 269:272 291:286 291:292 293:292"
"کلرک","کوثر",2,"225 234","230:221 230:239"
"کلرک","ہسپتال کے ڈاکٹر",1,"381","380:382"
"کلرک","ہیڈ کلرک",7,"14 15 16 17 18 19 149","14:14 16:14 16:17 17:17 19:17 19:19 149:149"
"کمال (ایانہ حصّہ راوی کا بیٹا)","کوثر",1,"217","213:221"
"کوثر","کوثر کا بھائی (قیصر)",7,"241 242 243 244","239:243 241:243 242:243 243:243 244:243 244:244 245:244"
"کوثر","کوثر کا ماموں",9,"244 245 246 247 248 249 250","239:249 241:249 242:249 243:249 244:249 245:249 248:249 249:249 251:249"
"کوثر","کوثر کی ماں",18,"241 242 243 244 245 246 257 260 261 262 266 271 272 274","239:244 241:244 242:244 243:244 244:244 245:244 245:245 248:245 252:262 253:262 259:262 261:262 262:262 271:262 271:271 274:271 274:274 275:274"
"کوثر","ہسپتال کے ڈاکٹر",7,"267 271 273 281 282","262:272 271:272 274:272 276:286 277:286 278:286 279:286"
"کوثر کا بھائی (قیصر)","کوثر کا ماموں",2,"246","243:249 244:249"
"کوثر کا بھائی (قیصر)","کوثر کی ماں",2,"243 244","243:244 244:244"
"کوثر کا ماموں","کوثر کی ماں",2,"246 247","249:244 249:245"
"کوثر کی ماں","ہسپتال کے ڈاکٹر",3,"267 271 273","262:272 271:272 274:272"
"ہسپتال کے ڈاکٹر","ہنگیرین بیوی",1,"96","100:93"
"ہسپتال کے ڈاکٹر","ہنگیرین خاوند",1,"98","100:96"
"ہنگیرین بیوی","ہنگیرین خاوند",3,"63 64 94","64:63 64:64 93:96"
