Character_A,Character_B,Weight,Pages(centers),Pairs(pa:pb)
"ادھیڑ عمر گاہک (کینٹین)","ارشد گریکسن",1,"332","334:330"
"ادھیڑ عمر گاہک (کینٹین)","استاد فٹر (فیکٹری)",3,"332 333 334","334:331 334:333 334:334"
"ادھیڑ عمر گاہک (کینٹین)","انجینئر مجید",1,"334","334:334"
"ادھیڑ عمر گاہک (کینٹین)","بشن (ماری)",1,"334","334:334"
"ادھیڑ عمر گاہک (کینٹین)","بڑھا دکان والا",1,"337","334:341"
"ادھیڑ عمر گاہک (کینٹین)","خاتون (کالی عینک والی)",1,"332","334:330"
"ادھیڑ عمر گاہک (کینٹین)","راول (گاؤں کا لڑکا)",1,"334","334:335"
"ادھیڑ عمر گاہک (کینٹین)","روشن آغا",2,"332 334","334:330 334:335"
"ادھیڑ عمر گاہک (کینٹین)","ریاض",2,"329 332","334:325 334:330"
"ادھیڑ عمر گاہک (کینٹین)","زہرہ بیگم (لاہور بازار)",1,"338","334:343"
"ادھیڑ عمر گاہک (کینٹین)","سپاہی گروہ (بازار چھاپہ)",1,"337","334:341"
"ادھیڑ عمر گاہک (کینٹین)","شیریں",1,"337","334:340"
"ادھیڑ عمر گاہک (کینٹین)","عائشہ (علی کی سہیلی → بعد میں بیوی)",1,"334","334:335"
"ادھیڑ عمر گاہک (کینٹین)","عذرا",4,"329 330 332 333","334:325 334:327 334:330 334:332"
"ادھیڑ عمر گاہک (کینٹین)","علی (نعیم کا بیٹا)",3,"332 333 334","334:331 334:333 334:334"
"ادھیڑ عمر گاہک (کینٹین)","عمران (ماسٹر ڈل)",5,"329 330 337","334:324 334:325 334:326 334:327 334:340"
"ادھیڑ عمر گاہک (کینٹین)","فرحت",2,"329 332","334:325 334:330"
"ادھیڑ عمر گاہک (کینٹین)","فضل (فیکٹری مزدور)",1,"335","334:337"
"ادھیڑ عمر گاہک (کینٹین)","فہمیدہ (نجمی/مجھی)",5,"329 330 333","334:324 334:325 334:326 334:327 334:332"
"ادھیڑ عمر گاہک (کینٹین)","لیلی (رقاصہ)",2,"329 332","334:324 334:330"
"ادھیڑ عمر گاہک (کینٹین)","نعیم اور عذرا کی بیٹی",1,"338","334:342"
"ادھیڑ عمر گاہک (کینٹین)","نوری",1,"329","334:325"
"ادھیڑ عمر گاہک (کینٹین)","پرنس آف ویلز",1,"333","334:332"
"ادھیڑ عمر گاہک (کینٹین)","پرویز",1,"333","334:332"
"ادھیڑ عمر گاہک (کینٹین)","چیف انجینئر (فیکٹری)",1,"334","334:334"
"ادھیڑ عمر گاہک (کینٹین)","کمال",1,"338","334:343"
"ادھیڑ عمر گاہک (کینٹین)","گدھے والا کمین",1,"339","334:344"
"ادھیڑ عمر گاہک (کینٹین)","گنجا علی بخش",1,"334","334:334"
"ادھیڑ عمر گاہک (کینٹین)","گنجا فورمین",1,"334","334:334"
"ارشد گریکسن","استاد فٹر (فیکٹری)",2,"325 330","330:321 330:331"
"ارشد گریکسن","اقبال (گوریلا گروہ)",4,"167 168 171 173","172:163 172:164 172:171 172:175"
"ارشد گریکسن","انجینئر مجید",1,"332","330:334"
"ارشد گریکسن","اندھا جیب کترا",3,"211 220 300","213:210 215:225 299:301"
"ارشد گریکسن","انگریز نرس (روشن محل)",2,"217 218","213:221 215:221"
"ارشد گریکسن","بخت (کوٹھی کا رکھوالا)",2,"190 210","191:190 213:207"
"ارشد گریکسن","بشن (ماری)",2,"168 332","172:164 330:334"
"ارشد گریکسن","بوڑھا مچھلی فروش",1,"209","213:206"
"ارشد گریکسن","بڑھا دکان والا",10,"167 168 170 173 209 210 211 298 299","172:163 172:164 172:168 172:169 172:174 213:206 213:208 213:210 299:297 299:300"
"ارشد گریکسن","بڑی ماں (نعیم کی ماں)",3,"194 195 196","191:198 193:198 194:198"
"ارشد گریکسن","بھارت سنگھ",1,"301","299:303"
"ارشد گریکسن","بیگم وحید الدین",2,"213 214","213:214 215:214"
"ارشد گریکسن","حسین (روشن آغا کا ملازم)",3,"195 196","191:199 193:199 194:199"
"ارشد گریکسن","خاتون (کالی عینک والی)",1,"330","330:330"
"ارشد گریکسن","راول (گاؤں کا لڑکا)",7,"188 294 295 297 332","191:185 191:186 299:289 299:290 299:292 299:296 330:335"
"ارشد گریکسن","روشن آغا",9,"191 192 194 214 215 296 298 330","191:192 193:192 193:195 194:195 213:215 215:215 299:293 299:297 330:330"
"ارشد گریکسن","روشن پور کے بلوائی",3,"212 216 217","213:212 213:220 215:220"
"ارشد گریکسن","ریاض",2,"327 330","330:325 330:330"
"ارشد گریکسن","سر آغا خان سوم",2,"298","299:297 299:298"
"ارشد گریکسن","سرخ داڑھی والا کسان",1,"294","299:289"
"ارشد گریکسن","سرخ داڑھی والا گوریلا",2,"175 294","172:178 299:289"
"ارشد گریکسن","سلیم سپروائزر",3,"196 197","191:201 193:201 194:201"
"ارشد گریکسن","شیریں",9,"191 192 193 194 213 214 217 335","191:191 193:191 193:193 194:193 194:194 213:214 215:214 215:219 330:340"
"ارشد گریکسن","شیلا رانی",8,"168 169 170 171 172","172:164 172:166 172:167 172:168 172:169 172:170 172:171 172:173"
"ارشد گریکسن","طلعت",4,"191 192 213 214","191:191 193:191 213:213 215:213"
"ارشد گریکسن","عائشہ (علی کی سہیلی → بعد میں بیوی)",1,"332","330:335"
"ارشد گریکسن","عذرا",22,"171 191 192 193 194 208 209 212 213 214 215 295 296 298 299 327 328 330","172:170 191:191 193:191 193:193 194:193 194:194 213:203 213:204 213:205 213:206 213:212 213:213 215:213 215:216 299:291 299:293 299:297 299:298 299:299 330:325 330:327 330:330"
"ارشد گریکسن","علی (نعیم کا بیٹا)",19,"188 189 190 195 196 213 214 294 295 296 297 298 304 325 330","191:185 191:188 191:190 191:199 193:199 194:199 213:214 215:214 299:289 299:290 299:292 299:293 299:294 299:295 299:296 299:297 299:309 330:320 330:331"
"ارشد گریکسن","عمران (ماسٹر ڈل)",7,"326 327 328 335","330:322 330:323 330:324 330:325 330:326 330:327 330:340"
"ارشد گریکسن","غیث",5,"172 191 192 213 214","172:172 191:191 193:191 213:214 215:214"
"ارشد گریکسن","فرحت",2,"327 330","330:325 330:330"
"ارشد گریکسن","فضل (فیکٹری مزدور)",1,"333","330:337"
"ارشد گریکسن","فہمیدہ (نجمی/مجھی)",6,"326 327 328 331","330:323 330:324 330:325 330:326 330:327 330:332"
"ارشد گریکسن","لال (ٹائم کیپر)",3,"198 208","193:203 194:203 213:203"
"ارشد گریکسن","لیلی (رقاصہ)",2,"327 330","330:324 330:330"
"ارشد گریکسن","مدن رائے",2,"167 175","172:163 172:178"
"ارشد گریکسن","منشی (لگان والا)",3,"195 196 197","191:200 193:200 194:200"
"ارشد گریکسن","منو",1,"189","191:188"
"ارشد گریکسن","مہندر (جیل اوورسیئر نمبر 19)",3,"194 195","191:197 193:197 194:197"
"ارشد گریکسن","نعیم",41,"167 168 169 170 171 172 186 187 188 189 191 192 194 195 208 209 212 213 214 215 295 296 297 298 299","172:162 172:163 172:164 172:165 172:166 172:167 172:168 172:169 172:170 172:171 172:173 191:181 191:182 191:183 191:184 191:185 191:186 191:187 191:188 191:192 193:192 193:196 194:196 213:203 213:204 213:205 213:211 213:212 213:213 215:213 215:214 215:215 299:291 299:292 299:293 299:294 299:295 299:296 299:297 299:298 299:299"
"ارشد گریکسن","نعیم اور عذرا کی بیٹی",2,"217 218","213:222 215:222"
"ارشد گریکسن","نوری",1,"327","330:325"
"ارشد گریکسن","وزیر خان",1,"301","299:303"
"ارشد گریکسن","پرتاپے",1,"294","299:289"
"ارشد گریکسن","پرنس آف ویلز",2,"298 331","299:298 330:332"
"ارشد گریکسن","پرویز",10,"172 191 192 212 213 214 215 326 331","172:172 191:191 193:191 213:211 213:213 215:213 215:214 215:215 330:322 330:332"
"ارشد گریکسن","چیف انجینئر (فیکٹری)",1,"332","330:334"
"ارشد گریکسن","ڈاکٹر انصاری",2,"217 218","213:221 215:221"
"ارشد گریکسن","کمال",1,"189","191:187"
"ارشد گریکسن","کیپٹن وڈ",1,"300","299:302"
"ارشد گریکسن","گدھے والا کمین",6,"174 195 196 197 215 216","172:177 191:200 193:200 194:200 213:218 215:218"
"ارشد گریکسن","گنجا علی بخش",1,"332","330:334"
"ارشد گریکسن","گنجا فورمین",1,"332","330:334"
"ارشد گریکسن","گورنر بنگال",1,"167","172:163"
"استاد فٹر (فیکٹری)","انجینئر مجید",4,"332 333 334 336","331:334 333:334 334:334 338:334"
"استاد فٹر (فیکٹری)","اندھا جیب کترا",1,"316","321:311"
"استاد فٹر (فیکٹری)","انیس الرحمان",2,"396 400","392:401 400:401"
"استاد فٹر (فیکٹری)","بانو",2,"388 391","386:390 392:390"
"استاد فٹر (فیکٹری)","بخت (کوٹھی کا رکھوالا)",4,"390 393 397 400","386:395 392:395 400:395 400:401"
"استاد فٹر (فیکٹری)","بشن (ماری)",8,"332 333 334 336 383 385 388 391","331:334 333:334 334:334 338:334 386:380 386:385 386:390 392:390"
"استاد فٹر (فیکٹری)","بلقیس",1,"402","400:404"
"استاد فٹر (فیکٹری)","بڑھا دکان والا",11,"316 317 318 336 337 339 382 390 393 397","321:311 321:314 321:316 331:341 333:341 334:341 338:341 386:378 386:394 392:394 400:394"
"استاد فٹر (فیکٹری)","بڑی ماں (نعیم کی ماں)",1,"342","338:347"
"استاد فٹر (فیکٹری)","جنرل فورمین (سیمنٹ فیکٹری)",2,"396 400","392:400 400:400"
"استاد فٹر (فیکٹری)","حسین (روشن آغا کا ملازم)",1,"385","386:385"
"استاد فٹر (فیکٹری)","خاتون (کالی عینک والی)",2,"325 330","321:330 331:330"
"استاد فٹر (فیکٹری)","خالد",4,"388 391 392 396","386:391 392:391 392:393 400:393"
"استاد فٹر (فیکٹری)","راول (گاؤں کا لڑکا)",5,"333 334 336 337","331:335 333:335 334:335 338:335 338:336"
"استاد فٹر (فیکٹری)","روشن آغا",11,"325 330 333 334 336 389 392 396 398 399","321:330 331:330 331:335 333:335 334:335 338:335 386:393 392:393 400:393 400:397 400:399"
"استاد فٹر (فیکٹری)","روشن پور کے بلوائی",1,"383","386:380"
"استاد فٹر (فیکٹری)","ریاض",3,"323 328 330","321:325 331:325 331:330"
"استاد فٹر (فیکٹری)","زہرہ بیگم (لاہور بازار)",3,"338 340","333:343 334:343 338:343"
"استاد فٹر (فیکٹری)","سر لارنس",2,"396 400","392:401 400:401"
"استاد فٹر (فیکٹری)","سلیم سپروائزر",3,"383 396 400","386:380 392:400 400:400"
"استاد فٹر (فیکٹری)","سپاہی گروہ (بازار چھاپہ)",4,"336 337 339","331:341 333:341 334:341 338:341"
"استاد فٹر (فیکٹری)","شیریں",4,"335 336 337 339","331:340 333:340 334:340 338:340"
"استاد فٹر (فیکٹری)","شیلا رانی",2,"388 391","386:390 392:390"
"استاد فٹر (فیکٹری)","عائشہ (علی کی سہیلی → بعد میں بیوی)",8,"333 334 336 337 385 388 391","331:335 333:335 334:335 338:335 338:336 386:384 386:390 392:390"
"استاد فٹر (فیکٹری)","عذرا",19,"323 328 329 330 331 332 342 381 382 389 392 396 397 398 399","321:325 331:325 331:327 331:330 331:332 333:332 338:346 386:377 386:378 386:379 386:393 392:393 400:393 400:394 400:395 400:396 400:397 400:398 400:399"
"استاد فٹر (فیکٹری)","علی (نعیم کا بیٹا)",21,"316 320 326 331 332 333 334 336 337 338 385 386 389 391 392 396 400","321:312 321:320 321:331 331:331 333:331 333:333 334:333 334:334 338:334 338:335 338:336 338:337 338:338 386:385 386:386 392:386 392:387 392:390 392:392 400:392 400:400"
"استاد فٹر (فیکٹری)","عمران (ماسٹر ڈل)",11,"321 326 327 328 329 335 336 337 339","321:322 331:322 331:323 331:324 331:325 331:326 331:327 331:340 333:340 334:340 338:340"
"استاد فٹر (فیکٹری)","فرحت",3,"323 328 330","321:325 331:325 331:330"
"استاد فٹر (فیکٹری)","فضل (فیکٹری مزدور)",5,"334 335 337 338","331:337 333:337 334:337 338:337 338:339"
"استاد فٹر (فیکٹری)","فہمیدہ (نجمی/مجھی)",12,"322 327 328 329 331 332 382 389 392 396","321:323 331:323 331:324 331:325 331:326 331:327 331:332 333:332 386:379 386:393 392:393 400:393"
"استاد فٹر (فیکٹری)","لال (ٹائم کیپر)",2,"316 318","321:311 321:316"
"استاد فٹر (فیکٹری)","لیلی (رقاصہ)",4,"318 322 327 330","321:315 321:324 331:324 331:330"
"استاد فٹر (فیکٹری)","مل کا مالک",2,"396 400","392:400 400:400"
"استاد فٹر (فیکٹری)","منشی (لگان والا)",1,"342","338:346"
"استاد فٹر (فیکٹری)","نعیم",22,"316 317 318 319 320 342 381 383 389 392 396 397 398 399 400","321:311 321:313 321:314 321:315 321:316 321:317 321:318 321:319 338:346 386:376 386:377 386:381 386:393 392:393 400:393 400:394 400:395 400:396 400:397 400:398 400:399 400:401"
"استاد فٹر (فیکٹری)","نعیم اور عذرا کی بیٹی",6,"337 338 340 389 392 396","333:342 334:342 338:342 386:392 392:392 400:392"
"استاد فٹر (فیکٹری)","نوری",2,"323 328","321:325 331:325"
"استاد فٹر (فیکٹری)","وزیر خان",2,"317 319","321:313 321:318"
"استاد فٹر (فیکٹری)","پرنس آف ویلز",2,"331 332","331:332 333:332"
"استاد فٹر (فیکٹری)","پرویز",9,"321 326 331 332 389 392 396 397","321:322 331:322 331:332 333:332 386:393 392:393 400:393 400:394 400:395"
"استاد فٹر (فیکٹری)","چیف انجینئر (فیکٹری)",6,"332 333 334 336 396 400","331:334 333:334 334:334 338:334 392:400 400:400"
"استاد فٹر (فیکٹری)","ڈاکٹر انصاری",2,"381 382","386:376 386:378"
"استاد فٹر (فیکٹری)","کمال",5,"338 340 396 400","333:343 334:343 338:343 392:400 400:400"
"استاد فٹر (فیکٹری)","گدھے والا کمین",2,"339 341","334:344 338:344"
"استاد فٹر (فیکٹری)","گنجا علی بخش",5,"332 333 334 336 338","331:334 333:334 334:334 338:334 338:338"
"استاد فٹر (فیکٹری)","گنجا فورمین",12,"332 333 334 336 338 384 385 386 389 392 396 400","331:334 333:334 334:334 338:334 338:338 386:383 386:384 386:386 392:386 392:392 400:392 400:400"
"استاد فٹر (فیکٹری)","یونس",2,"386 389","386:387 392:387"
"استاد فٹر (فیکٹری)","یونین پریزیڈنٹ",2,"388 391","386:390 392:390"
"اقبال (گوریلا گروہ)","اندھا جیب کترا",10,"145 146 147 148 269 276 281","143:148 144:148 145:148 146:148 147:148 149:148 274:264 274:265 274:279 283:279"
"اقبال (گوریلا گروہ)","انگریز نرس (روشن محل)",2,"274 278","274:274 283:274"
"اقبال (گوریلا گروہ)","بالمکند",10,"149 150 151 152 153 157 158 159","144:154 145:154 146:154 147:154 149:154 150:154 152:154 161:154 161:156 161:157"
"اقبال (گوریلا گروہ)","بشن (ماری)",12,"146 147 148 149 150 151 162 163 164 167","143:150 144:150 145:150 146:150 147:150 149:150 150:150 152:150 161:164 163:164 164:164 171:164"
"اقبال (گوریلا گروہ)","بنرجی",6,"143 144 145","143:143 144:143 144:144 145:144 145:145 146:145"
"اقبال (گوریلا گروہ)","بڑھا دکان والا",28,"142 143 144 145 148 149 150 151 153 157 162 163 164 167 169 170 172 174 176 177 178 270 284","143:141 143:144 144:144 145:144 145:145 146:145 146:151 147:151 149:151 150:151 152:151 152:154 161:154 161:163 163:163 164:163 164:164 171:164 171:168 171:169 171:174 175:174 175:177 178:177 178:178 179:178 274:267 283:285"
"اقبال (گوریلا گروہ)","بیگم پرویز",1,"269","274:265"
"اقبال (گوریلا گروہ)","حسین (روشن آغا کا ملازم)",3,"277 281 283","274:280 283:280 283:283"
"اقبال (گوریلا گروہ)","خاتون (کالی عینک والی)",5,"273 274 278 279 284","274:273 274:274 283:274 283:275 283:286"
"اقبال (گوریلا گروہ)","راجہ صاحب کرم آباد",2,"274 278","274:274 283:274"
"اقبال (گوریلا گروہ)","راول (گاؤں کا لڑکا)",4,"180 181 182 285","175:185 178:185 179:185 283:287"
"اقبال (گوریلا گروہ)","روشن آغا",16,"141 147 148 149 150 151 269 270 273 274 278 279 288","143:140 143:151 144:151 145:151 146:151 147:151 149:151 150:151 152:151 274:265 274:266 274:273 274:274 283:274 283:276 283:293"
"اقبال (گوریلا گروہ)","روشن پور کے بلوائی",2,"276 280","274:278 283:278"
"اقبال (گوریلا گروہ)","سر آغا خان سوم",2,"279 283","274:284 283:284"
"اقبال (گوریلا گروہ)","سر محمد شفیع",1,"284","283:285"
"اقبال (گوریلا گروہ)","سرخ داڑھی والا کسان",1,"286","283:289"
"اقبال (گوریلا گروہ)","سرخ داڑھی والا گوریلا",5,"174 176 178 286","171:178 175:178 178:178 179:178 283:289"
"اقبال (گوریلا گروہ)","سلیم سپروائزر",4,"156 161 162 285","152:161 161:161 163:161 283:287"
"اقبال (گوریلا گروہ)","سنتوکھ سنگھ",1,"285","283:287"
"اقبال (گوریلا گروہ)","شیلا رانی",31,"142 143 144 145 146 152 153 154 159 160 162 163 164 167 168 169 170 171 173 174 175 176","143:141 143:142 143:143 144:143 144:144 145:144 145:146 146:146 147:146 147:157 149:157 150:157 152:157 161:157 161:158 161:159 161:164 163:164 164:164 171:164 171:166 171:167 171:168 171:169 171:170 171:171 175:171 175:173 175:174 175:175 178:175"
"اقبال (گوریلا گروہ)","عائشہ (علی کی سہیلی → بعد میں بیوی)",1,"285","283:287"
"اقبال (گوریلا گروہ)","عذرا",24,"149 150 151 152 153 157 165 166 167 170 269 270 273 275 279 280 281 282 283","144:154 145:154 146:154 147:154 149:154 150:154 152:154 161:154 161:170 163:170 164:170 171:170 274:265 274:266 274:267 274:273 274:276 283:276 283:277 283:278 283:280 283:281 283:282 283:284"
"اقبال (گوریلا گروہ)","علی (نعیم کا بیٹا)",6,"180 181 182 272 278 283","175:185 178:185 179:185 274:270 274:283 283:283"
"اقبال (گوریلا گروہ)","غیث",4,"167 168 171 173","163:172 164:172 171:172 175:172"
"اقبال (گوریلا گروہ)","فرحت",1,"270","274:267"
"اقبال (گوریلا گروہ)","قیدی نمبر 17",1,"271","274:269"
"اقبال (گوریلا گروہ)","لال (ٹائم کیپر)",2,"270 285","274:267 283:287"
"اقبال (گوریلا گروہ)","مادھوکر",9,"144 145 146 147 148","143:145 144:145 145:145 146:145 146:146 147:146 147:147 149:147 149:148"
"اقبال (گوریلا گروہ)","محمد علی جناح",2,"278 283","274:283 283:283"
"اقبال (گوریلا گروہ)","مدن رائے",24,"142 143 144 145 146 147 148 149 150 151 156 161 162 163 174 176 178 179","143:142 143:143 144:143 144:144 145:144 145:146 146:146 147:146 147:148 149:148 149:149 150:149 150:150 152:150 152:161 161:161 163:161 163:163 164:163 171:178 175:178 178:178 179:178 179:179"
"اقبال (گوریلا گروہ)","منو",2,"183","178:188 179:188"
"اقبال (گوریلا گروہ)","مولانا حسین احمد مدنی",2,"278 283","274:283 283:283"
"اقبال (گوریلا گروہ)","مولانا شبیر احمد عثمانی",2,"278 283","274:283 283:283"
"اقبال (گوریلا گروہ)","مولانا شوکت علی",2,"278 283","274:283 283:283"
"اقبال (گوریلا گروہ)","مولانا محمد علی",2,"278 283","274:283 283:283"
"اقبال (گوریلا گروہ)","مہندر (جیل اوورسیئر نمبر 19)",6,"138 269 270 271 273","143:134 274:265 274:267 274:268 274:269 274:272"
"اقبال (گوریلا گروہ)","نعیم",69,"138 139 140 141 142 143 144 145 146 147 148 149 150 151 152 156 157 158 159 160 161 162 163 164 167 168 169 170 171 173 174 175 176 177 178 179 269 270 271 273 275 279 280 281 282 283","143:133 143:134 143:135 143:136 143:137 143:138 143:139 143:140 143:141 143:142 143:143 144:143 144:144 145:144 145:145 146:145 146:146 147:146 147:147 149:147 149:148 149:150 150:150 152:150 152:151 152:152 161:152 161:154 161:155 161:156 161:157 161:158 161:159 161:161 163:161 163:162 163:163 164:163 164:164 171:164 171:165 171:166 171:167 171:168 171:169 171:170 171:171 175:171 175:173 175:174 175:175 178:175 178:177 178:178 179:178 179:179 274:265 274:266 274:268 274:269 274:272 274:276 283:276 283:278 283:279 283:280 283:281 283:282 283:283"
"اقبال (گوریلا گروہ)","نعیم اور عذرا کی بیٹی",1,"142","143:142"
"اقبال (گوریلا گروہ)","پرتاپے",1,"286","283:289"
"اقبال (گوریلا گروہ)","پروفیسر اقبال سنگھ",2,"274 278","274:274 283:274"
"اقبال (گوریلا گروہ)","پرویز",9,"167 168 171 173 269 270 273 275 280","163:172 164:172 171:172 175:172 274:265 274:266 274:273 274:277 283:277"
"اقبال (گوریلا گروہ)","ڈاکٹر امبید کر",2,"274 278","274:274 283:274"
"اقبال (گوریلا گروہ)","ڈاکٹر محمد اقبال",2,"278 283","274:283 283:283"
"اقبال (گوریلا گروہ)","کانگریس سیکرٹری (نام نہیں دیا گیا)",11,"141 149 150 151 152 153 157 158","143:140 144:154 145:154 146:154 147:154 149:154 150:154 152:154 161:154 161:155 161:156"
"اقبال (گوریلا گروہ)","کمال",2,"182 183","178:187 179:187"
"اقبال (گوریلا گروہ)","گدھے والا کمین",4,"174 176 177 272","171:177 175:177 178:177 274:270"
"اقبال (گوریلا گروہ)","گنجا علی بخش",1,"285","283:287"
"اقبال (گوریلا گروہ)","گورنر بنگال",5,"156 161 162 163","152:161 161:161 163:161 163:163 164:163"
"اقبال (گوریلا گروہ)","ہری چند",9,"149 150 151 152 153 157 158","144:154 145:154 146:154 147:154 149:154 150:154 152:154 161:154 161:155"
"انجینئر مجید","بانو",3,"489 490","492:487 492:488 492:489"
"انجینئر مجید","بشن (ماری)",1,"334","334:334"
"انجینئر مجید","بڑھا دکان والا",1,"337","334:341"
"انجینئر مجید","بیگم پرویز",1,"489","492:486"
"انجینئر مجید","حسین (روشن آغا کا ملازم)",3,"487 488 492","492:482 492:484 492:492"
"انجینئر مجید","خاتون (کالی عینک والی)",1,"332","334:330"
"انجینئر مجید","راول (گاؤں کا لڑکا)",1,"334","334:335"
"انجینئر مجید","روشن آغا",5,"332 334 489 491 492","334:330 334:335 492:486 492:491 492:492"
"انجینئر مجید","ریاض",2,"329 332","334:325 334:330"
"انجینئر مجید","زہرہ بیگم (لاہور بازار)",1,"338","334:343"
"انجینئر مجید","سپاہی گروہ (بازار چھاپہ)",1,"337","334:341"
"انجینئر مجید","شیریں",1,"337","334:340"
"انجینئر مجید","شیلا رانی",1,"490","492:488"
"انجینئر مجید","عائشہ (علی کی سہیلی → بعد میں بیوی)",1,"334","334:335"
"انجینئر مجید","عذرا",7,"329 330 332 333 489 491 492","334:325 334:327 334:330 334:332 492:486 492:491 492:492"
"انجینئر مجید","علی (نعیم کا بیٹا)",6,"332 333 334 489 490","334:331 334:333 334:334 492:487 492:488 492:489"
"انجینئر مجید","عمران (ماسٹر ڈل)",7,"329 330 337 489 492","334:324 334:325 334:326 334:327 334:340 492:486 492:493"
"انجینئر مجید","فرحت",2,"329 332","334:325 334:330"
"انجینئر مجید","فضل (فیکٹری مزدور)",1,"335","334:337"
"انجینئر مجید","فہمیدہ (نجمی/مجھی)",9,"329 330 333 487 488 491 492","334:324 334:325 334:326 334:327 334:332 492:482 492:485 492:491 492:493"
"انجینئر مجید","لال (ٹائم کیپر)",1,"490","492:488"
"انجینئر مجید","لیلی (رقاصہ)",2,"329 332","334:324 334:330"
"انجینئر مجید","مسعود",5,"487 488 493","492:482 492:483 492:484 492:485 492:494"
"انجینئر مجید","نعیم",3,"488 489 494","492:484 492:486 492:496"
"انجینئر مجید","نعیم اور عذرا کی بیٹی",1,"338","334:342"
"انجینئر مجید","نور دین",2,"489 490","492:487 492:489"
"انجینئر مجید","نوری",2,"329 489","334:325 492:486"
"انجینئر مجید","پرنس آف ویلز",1,"333","334:332"
"انجینئر مجید","پرویز",6,"333 488 489 491 492","334:332 492:485 492:486 492:490 492:491 492:492"
"انجینئر مجید","چیف انجینئر (فیکٹری)",1,"334","334:334"
"انجینئر مجید","کمال",4,"338 487 489 490","334:343 492:482 492:487 492:488"
"انجینئر مجید","گدھے والا کمین",1,"339","334:344"
"انجینئر مجید","گنجا علی بخش",1,"334","334:334"
"انجینئر مجید","گنجا فورمین",1,"334","334:334"
"اندھا جیب کترا","انگریز نرس (روشن محل)",4,"223 269 276","225:221 264:274 265:274 279:274"
"اندھا جیب کترا","بالمکند",1,"151","148:154"
"اندھا جیب کترا","بخت (کوٹھی کا رکھوالا)",2,"100 208","102:99 210:207"
"اندھا جیب کترا","بشن (ماری)",3,"25 149 228","28:23 148:150 225:231"
"اندھا جیب کترا","بنرجی",3,"145 146","148:143 148:144 148:145"
"اندھا جیب کترا","بوڑھا مچھلی فروش",1,"208","210:206"
"اندھا جیب کترا","بڑھا دکان والا",33,"23 26 27 40 42 102 108 112 113 114 144 146 149 208 209 210 229 259 261 265 266 282 299 300 302 303 307 310 311","28:18 28:24 28:27 41:40 41:43 102:103 113:103 113:111 113:112 113:114 115:114 148:141 148:144 148:145 148:151 210:206 210:208 210:210 225:234 259:259 263:259 263:267 264:267 265:267 279:285 301:297 301:300 301:304 302:304 303:304 311:304 311:310 311:311"
"اندھا جیب کترا","بڑی ماں (نعیم کی ماں)",3,"119 259 261","115:124 259:259 263:259"
"اندھا جیب کترا","بھارت سنگھ",4,"302 303 307","301:303 302:303 303:303 311:303"
"اندھا جیب کترا","بیگم وحید الدین",1,"212","210:214"
"اندھا جیب کترا","بیگم پرویز",4,"262 264 265","259:265 263:265 264:265 265:265"
"اندھا جیب کترا","جیل سپرنٹنڈنٹ",1,"255","259:252"
"اندھا جیب کترا","جیلر",1,"255","259:252"
"اندھا جیب کترا","حسین (روشن آغا کا ملازم)",1,"279","279:280"
"اندھا جیب کترا","خاتون (کالی عینک والی)",7,"268 269 276 277 282","263:273 264:273 265:273 279:273 279:274 279:275 279:286"
"اندھا جیب کترا","خالد",1,"24","28:20"
"اندھا جیب کترا","راجہ صاحب کرم آباد",3,"269 276","264:274 265:274 279:274"
"اندھا جیب کترا","راول (گاؤں کا لڑکا)",6,"258 259 261 283 296 298","259:257 259:259 263:259 279:287 301:292 301:296"
"اندھا جیب کترا","روشن آغا",28,"24 25 27 29 36 39 40 104 110 144 149 205 212 220 222 223 224 225 262 264 265 276 277 297 299","28:21 28:22 28:26 28:31 41:31 41:38 41:39 102:107 113:107 148:140 148:151 210:201 210:215 225:215 225:219 225:221 225:222 225:223 225:226 259:265 263:265 264:265 265:265 279:273 279:274 279:276 301:293 301:297"
"اندھا جیب کترا","روشن پور کے بلوائی",5,"107 112 211 222 278","102:112 113:112 210:212 225:220 279:278"
"اندھا جیب کترا","ریاض",2,"114 115","113:116 115:116"
"اندھا جیب کترا","سر آغا خان سوم",3,"281 299","279:284 301:297 301:298"
"اندھا جیب کترا","سر محمد شفیع",1,"282","279:285"
"اندھا جیب کترا","سرخ داڑھی والا کسان",1,"284","279:289"
"اندھا جیب کترا","سرخ داڑھی والا گوریلا",1,"284","279:289"
"اندھا جیب کترا","سلیم سپروائزر",2,"205 283","210:201 279:287"
"اندھا جیب کترا","سلیمان (بنٹے والا لڑکا)",1,"257","259:255"
"اندھا جیب کترا","سنتوکھ سنگھ",1,"283","279:287"
"اندھا جیب کترا","سپاہی گروہ (بازار چھاپہ)",3,"98 102 108","102:94 102:103 113:103"
"اندھا جیب کترا","شیریں",2,"212 222","210:214 225:219"
"اندھا جیب کترا","شیلا رانی",6,"144 145 146 147 152","148:141 148:142 148:143 148:144 148:146 148:157"
"اندھا جیب کترا","طلعت",1,"211","210:213"
"اندھا جیب کترا","عائشہ (علی کی سہیلی → بعد میں بیوی)",7,"257 258 259 261 283","259:255 259:256 259:257 259:258 259:259 263:259 279:287"
"اندھا جیب کترا","عائشہ کی ماں (علی کی خالہ)",2,"259 261","259:259 263:259"
"اندھا جیب کترا","عذرا",44,"23 24 26 27 30 37 38 39 40 151 205 206 207 208 211 220 221 222 223 224 225 260 262 263 264 265 276 277 278 279 296 297 299 300","28:18 28:21 28:24 28:25 28:26 28:33 41:33 41:34 41:35 41:36 41:37 41:38 41:39 148:154 210:201 210:202 210:203 210:204 210:205 210:206 210:212 225:216 225:217 225:218 225:219 225:222 225:223 225:226 259:262 263:262 263:263 264:263 264:265 265:265 279:273 279:276 279:277 279:278 279:280 301:291 301:293 301:297 301:298 301:299"
"اندھا جیب کترا","علی (نعیم کا بیٹا)",34,"27 41 97 101 103 108 120 205 212 254 257 258 259 261 266 267 274 281 296 297 298 299 305 306 310 311","28:27 41:42 102:93 102:100 102:104 113:104 115:125 210:200 210:201 210:214 259:249 259:255 259:256 259:257 259:258 259:259 263:259 263:270 264:270 265:270 279:270 279:283 301:292 301:293 301:294 301:295 301:296 301:297 301:309 302:309 303:309 311:309 311:310 311:312"
"اندھا جیب کترا","عمران (ماسٹر ڈل)",1,"254","259:249"
"اندھا جیب کترا","غیث",1,"212","210:214"
"اندھا جیب کترا","فرحت",4,"263 265 266","259:267 263:267 264:267 265:267"
"اندھا جیب کترا","فہمیدہ (نجمی/مجھی)",1,"24","28:20"
"اندھا جیب کترا","قیدی نمبر 17",5,"264 266 267 274","259:269 263:269 264:269 265:269 279:269"
"اندھا جیب کترا","لال (ٹائم کیپر)",13,"28 206 258 261 263 265 266 283 306 307 311","28:29 210:203 259:258 259:263 263:263 264:263 264:267 265:267 279:287 301:311 302:311 303:311 311:311"
"اندھا جیب کترا","لیلی (رقاصہ)",4,"113 114 116 313","113:114 115:114 115:118 311:315"
"اندھا جیب کترا","مادھوکر",4,"146 147 148","148:145 148:146 148:147 148:148"
"اندھا جیب کترا","محمد علی جناح",1,"281","279:283"
"اندھا جیب کترا","مدن رائے",5,"145 146 147 148","148:142 148:143 148:144 148:146 148:148"
"اندھا جیب کترا","منشی (لگان والا)",3,"42 120 205","41:44 115:125 210:200"
"اندھا جیب کترا","مولانا حسین احمد مدنی",1,"281","279:283"
"اندھا جیب کترا","مولانا شبیر احمد عثمانی",1,"281","279:283"
"اندھا جیب کترا","مولانا شوکت علی",1,"281","279:283"
"اندھا جیب کترا","مولانا محمد علی",1,"281","279:283"
"اندھا جیب کترا","مہندر (جیل اوورسیئر نمبر 19)",14,"43 102 108 109 254 261 263 264 265 274 275","41:45 102:103 113:103 113:104 113:105 113:106 259:249 259:263 263:263 264:263 264:265 265:265 279:269 279:272"
"اندھا جیب کترا","نعیم",101,"23 24 25 26 27 28 36 37 38 39 40 41 97 98 99 100 101 102 108 109 110 111 112 113 114 115 143 144 145 146 147 148 205 206 207 210 220 221 222 223 224 225 254 255 256 259 261 262 263 264 265 274 275 277 278 279 296 297 298 299 300 302 303 307 311","28:18 28:21 28:22 28:23 28:24 28:25 28:26 28:27 28:28 41:31 41:32 41:33 41:34 41:35 41:36 41:37 41:38 41:39 41:40 41:41 102:92 102:94 102:96 102:97 102:98 102:100 102:101 102:102 113:103 113:104 113:105 113:106 113:107 113:108 113:109 113:110 113:111 113:112 113:113 115:113 115:114 115:116 148:138 148:139 148:140 148:141 148:142 148:143 148:144 148:145 148:146 148:147 148:148 210:200 210:201 210:202 210:203 210:204 210:205 210:211 225:215 225:216 225:217 225:219 225:222 225:223 225:224 225:225 259:249 259:250 259:251 259:252 259:253 259:254 259:260 263:260 263:261 263:262 263:263 264:263 264:265 265:265 279:269 279:272 279:276 279:278 279:279 301:291 301:292 301:293 301:294 301:295 301:296 301:297 301:298 301:299 301:303 302:303 303:303 311:303 311:311"
"اندھا جیب کترا","نعیم اور عذرا کی بیٹی",9,"24 145 223 229 254 305 306 310","28:21 148:142 225:222 225:233 259:249 301:310 302:310 303:310 311:310"
"اندھا جیب کترا","وزیر خان",5,"302 303 307 312","301:303 302:303 303:303 311:303 311:313"
"اندھا جیب کترا","پرتاپے",1,"284","279:289"
"اندھا جیب کترا","پرنس آف ویلز",2,"225 299","225:226 301:298"
"اندھا جیب کترا","پروفیسر اقبال سنگھ",3,"269 276","264:274 265:274 279:274"
"اندھا جیب کترا","پرویز",19,"23 24 26 27 30 37 38 40 210 220 222 262 264 265 276 278","28:18 28:21 28:24 28:26 28:33 41:33 41:34 41:35 41:36 41:39 210:211 225:215 225:219 259:265 263:265 264:265 265:265 279:273 279:277"
"اندھا جیب کترا","ڈاکٹر امبید کر",3,"269 276","264:274 265:274 279:274"
"اندھا جیب کترا","ڈاکٹر انصاری",2,"223","225:221 225:222"
"اندھا جیب کترا","ڈاکٹر محمد اقبال",1,"281","279:283"
"اندھا جیب کترا","کانگریس سیکرٹری (نام نہیں دیا گیا)",2,"144 151","148:140 148:154"
"اندھا جیب کترا","کھدر پوش لیڈر (کلکتہ)",1,"227","225:230"
"اندھا جیب کترا","کیپٹن وڈ",3,"301 302","301:302 302:302 303:302"
"اندھا جیب کترا","گدھے والا کمین",9,"28 41 205 214 221 266 267 274","28:29 41:41 210:200 210:218 225:218 263:270 264:270 265:270 279:270"
"اندھا جیب کترا","گنجا علی بخش",1,"283","279:287"
"اندھا جیب کترا","گورنر بنگال",1,"228","225:232"
"اندھا جیب کترا","ہری چند",1,"151","148:154"
"انگریز نرس (روشن محل)","بشن (ماری)",1,"226","221:231"
"انگریز نرس (روشن محل)","بڑھا دکان والا",1,"270","274:267"
"انگریز نرس (روشن محل)","بیگم وحید الدین",1,"217","221:214"
"انگریز نرس (روشن محل)","بیگم پرویز",1,"269","274:265"
"انگریز نرس (روشن محل)","حسین (روشن آغا کا ملازم)",1,"277","274:280"
"انگریز نرس (روشن محل)","خاتون (کالی عینک والی)",2,"273 274","274:273 274:274"
"انگریز نرس (روشن محل)","راجہ صاحب کرم آباد",1,"274","274:274"
"انگریز نرس (روشن محل)","روشن آغا",7,"218 220 221 269 270 273 274","221:215 221:219 221:221 274:265 274:266 274:273 274:274"
"انگریز نرس (روشن محل)","روشن پور کے بلوائی",3,"216 220 276","221:212 221:220 274:278"
"انگریز نرس (روشن محل)","سر آغا خان سوم",1,"279","274:284"
"انگریز نرس (روشن محل)","شیریں",2,"217 220","221:214 221:219"
"انگریز نرس (روشن محل)","طلعت",1,"217","221:213"
"انگریز نرس (روشن محل)","عذرا",12,"216 217 218 219 220 221 269 270 273 275","221:212 221:213 221:216 221:217 221:218 221:219 221:222 274:265 274:266 274:267 274:273 274:276"
"انگریز نرس (روشن محل)","علی (نعیم کا بیٹا)",3,"217 272 278","221:214 274:270 274:283"
"انگریز نرس (روشن محل)","غیث",1,"217","221:214"
"انگریز نرس (روشن محل)","فرحت",1,"270","274:267"
"انگریز نرس (روشن محل)","قیدی نمبر 17",1,"271","274:269"
"انگریز نرس (روشن محل)","لال (ٹائم کیپر)",1,"270","274:267"
"انگریز نرس (روشن محل)","محمد علی جناح",1,"278","274:283"
"انگریز نرس (روشن محل)","مولانا حسین احمد مدنی",1,"278","274:283"
"انگریز نرس (روشن محل)","مولانا شبیر احمد عثمانی",1,"278","274:283"
"انگریز نرس (روشن محل)","مولانا شوکت علی",1,"278","274:283"
"انگریز نرس (روشن محل)","مولانا محمد علی",1,"278","274:283"
"انگریز نرس (روشن محل)","مہندر (جیل اوورسیئر نمبر 19)",5,"269 270 271 273","274:265 274:267 274:268 274:269 274:272"
"انگریز نرس (روشن محل)","نعیم",15,"216 217 218 219 220 221 269 270 271 273 275","221:211 221:212 221:213 221:214 221:215 221:216 221:217 221:219 221:222 274:265 274:266 274:268 274:269 274:272 274:276"
"انگریز نرس (روشن محل)","نعیم اور عذرا کی بیٹی",1,"221","221:222"
"انگریز نرس (روشن محل)","پرنس آف ویلز",1,"223","221:226"
"انگریز نرس (روشن محل)","پروفیسر اقبال سنگھ",1,"274","274:274"
"انگریز نرس (روشن محل)","پرویز",9,"216 217 218 220 269 270 273 275","221:211 221:213 221:214 221:215 221:219 274:265 274:266 274:273 274:277"
"انگریز نرس (روشن محل)","ڈاکٹر امبید کر",1,"274","274:274"
"انگریز نرس (روشن محل)","ڈاکٹر انصاری",1,"221","221:221"
"انگریز نرس (روشن محل)","ڈاکٹر محمد اقبال",1,"278","274:283"
"انگریز نرس (روشن محل)","کھدر پوش لیڈر (کلکتہ)",1,"225","221:230"
"انگریز نرس (روشن محل)","گدھے والا کمین",2,"219 272","221:218 274:270"
"انیس الرحمان","بخت (کوٹھی کا رکھوالا)",5,"398 401 451 452","401:395 401:401 402:401 451:451 453:451"
"انیس الرحمان","بلقیس",13,"402 403 404 405 406 407 408 414 417 419","401:404 402:404 403:404 405:404 405:405 407:405 407:408 408:408 409:408 409:419 410:419 415:419 419:419"
"انیس الرحمان","بوڑھا پروفیسر (قافلہ)",1,"450","451:450"
"انیس الرحمان","بڑھا دکان والا",6,"397 422 428 429 431 447","401:394 419:426 431:426 431:428 431:432 451:444"
"انیس الرحمان","بڑی ماں (نعیم کی ماں)",1,"446","451:442"
"انیس الرحمان","جنرل فورمین (سیمنٹ فیکٹری)",1,"400","401:400"
"انیس الرحمان","حسین (روشن آغا کا ملازم)",4,"454 455 456","451:457 453:457 454:457 455:457"
"انیس الرحمان","خالد",6,"396 397 419 421 427 433","401:391 401:393 415:424 419:424 431:424 431:435"
"انیس الرحمان","روشن آغا",13,"397 399 400 411 412 413 415 417 453 454 455","401:393 401:397 401:399 407:416 408:416 409:416 410:416 415:416 419:416 451:456 453:456 454:456 455:456"
"انیس الرحمان","روشن پور کے بلوائی",2,"451 452","451:452 453:452"
"انیس الرحمان","سر لارنس",2,"401","401:401 402:401"
"انیس الرحمان","سلیم سپروائزر",11,"400 404 405 406 407 410 411 414","401:400 401:407 402:407 403:407 405:407 407:407 408:407 408:413 409:413 410:413 415:413"
"انیس الرحمان","عائشہ (علی کی سہیلی → بعد میں بیوی)",7,"446 447 450 457 458","451:442 451:443 451:444 451:450 453:462 454:462 455:462"
"انیس الرحمان","عذرا",26,"397 398 399 400 410 411 412 415 417 418 423 429 430 452 453 455","401:393 401:394 401:395 401:396 401:397 401:398 401:399 405:415 407:415 408:415 409:415 410:415 415:415 419:415 419:416 419:417 419:418 419:427 431:427 431:428 431:429 451:453 453:453 454:453 454:456 455:456"
"انیس الرحمان","علی (نعیم کا بیٹا)",28,"396 400 406 407 408 409 410 413 414 416 418 435 446 447 448 450 451 452 453 454 458","401:392 401:400 401:411 402:411 403:411 405:411 407:411 408:411 409:411 410:411 415:411 415:413 415:414 415:417 419:417 431:440 451:442 451:443 451:444 451:445 451:450 451:452 453:452 453:453 454:453 454:454 455:454 455:461"
"انیس الرحمان","فرحت",1,"434","431:438"
"انیس الرحمان","فہمیدہ (نجمی/مجھی)",14,"397 419 421 427 428 429 433 452 453 455","401:393 415:424 419:424 431:424 431:425 431:426 431:427 431:428 431:435 451:453 453:453 454:453 454:456 455:456"
"انیس الرحمان","محمد علی جناح",4,"452 453 454","451:454 453:454 454:454 455:454"
"انیس الرحمان","مسعود",6,"419 421 427 428 433","415:424 419:424 431:424 431:425 431:426 431:435"
"انیس الرحمان","مل کا مالک",8,"400 408 409 410 411 414","401:400 403:413 405:413 407:413 408:413 409:413 410:413 415:413"
"انیس الرحمان","منشی (لگان والا)",4,"454 455 456","451:457 453:457 454:457 455:457"
"انیس الرحمان","نعیم",49,"397 398 399 400 401 402 403 404 405 406 407 408 409 410 412 415 417 418 419 428 429 430 431 446 447 448 449 450 451 452 453 454 455","401:393 401:394 401:395 401:396 401:397 401:398 401:399 401:401 402:401 402:402 403:402 403:403 405:403 405:405 407:405 407:407 408:407 408:408 409:408 409:409 410:409 410:410 415:410 415:415 419:415 419:416 419:417 419:419 431:426 431:427 431:428 431:429 431:430 431:431 451:441 451:442 451:443 451:444 451:445 451:446 451:447 451:450 451:451 453:451 453:453 454:453 454:454 455:454 455:455"
"انیس الرحمان","نعیم اور عذرا کی بیٹی",2,"396 435","401:392 431:440"
"انیس الرحمان","پروفیسر برمن",4,"419 421 427 433","415:424 419:424 431:424 431:435"
"انیس الرحمان","پرویز",7,"397 398 453 454 455","401:393 401:394 401:395 451:456 453:456 454:456 455:456"
"انیس الرحمان","چیف انجینئر (فیکٹری)",9,"400 408 409 410 411 414","401:400 403:413 405:413 407:413 408:413 409:413 410:413 415:413 415:414"
"انیس الرحمان","کانگریس سیکرٹری (نام نہیں دیا گیا)",13,"410 411 412 415 417 419 452 453 454 455","405:415 407:415 408:415 409:415 410:415 415:415 419:415 419:419 451:453 453:453 454:453 454:455 455:455"
"انیس الرحمان","کمال",2,"400 432","401:400 431:433"
"انیس الرحمان","گنجا فورمین",13,"396 400 406 407 408 409 410 413 414","401:392 401:400 401:411 402:411 403:411 405:411 407:411 408:411 409:411 410:411 415:411 415:413 415:414"
"انیس الرحمان","گورنر بنگال",6,"420 422 428 452 453","415:425 419:425 431:425 451:453 453:453 454:453"
"بالمکند","بشن (ماری)",4,"152 159 160","154:150 154:164 156:164 157:164"
"بالمکند","بنرجی",2,"149","154:144 154:145"
"بالمکند","بڑھا دکان والا",7,"149 152 154 155 159 160","154:144 154:145 154:151 154:154 156:154 156:163 157:163"
"بالمکند","روشن آغا",1,"152","154:151"
"بالمکند","سلیم سپروائزر",3,"157 158 159","154:161 156:161 157:161"
"بالمکند","شیلا رانی",5,"149 150 155 156 157","154:144 154:146 154:157 156:157 157:157"
"بالمکند","عذرا",2,"154 155","154:154 156:154"
"بالمکند","مادھوکر",4,"149 150 151","154:145 154:146 154:147 154:148"
"بالمکند","مدن رائے",8,"149 150 151 152 157 158 159","154:144 154:146 154:148 154:149 154:150 154:161 156:161 157:161"
"بالمکند","نعیم",14,"149 150 151 152 153 154 155 156 157","154:144 154:145 154:146 154:147 154:148 154:150 154:151 154:152 154:154 156:154 156:155 156:156 157:156 157:157"
"بالمکند","کانگریس سیکرٹری (نام نہیں دیا گیا)",5,"154 155 156","154:154 156:154 156:155 156:156 157:156"
"بالمکند","گورنر بنگال",3,"157 158 159","154:161 156:161 157:161"
"بالمکند","ہری چند",3,"154 155","154:154 156:154 156:155"
"بانو","بخت (کوٹھی کا رکھوالا)",1,"392","390:395"
"بانو","بشن (ماری)",3,"385 387 390","390:380 390:385 390:390"
"بانو","بوڑھا پروفیسر (قافلہ)",2,"472","468:476 469:476"
"بانو","بڑھا دکان والا",4,"392 472 473 482","390:394 468:477 469:477 487:477"
"بانو","بیگم پرویز",1,"486","487:486"
"بانو","جنرل فورمین (سیمنٹ فیکٹری)",1,"395","390:400"
"بانو","حسین (روشن آغا کا ملازم)",9,"387 463 471 484 485 489 490","390:385 468:458 468:474 469:474 487:482 487:484 487:492 488:492 489:492"
"بانو","خالد",1,"390","390:391"
"بانو","روشن آغا",6,"391 463 486 489 490","390:393 468:458 487:486 487:491 488:491 489:491"
"بانو","روشن پور کے بلوائی",1,"385","390:380"
"بانو","سلیم سپروائزر",3,"385 395 484","390:380 390:400 487:481"
"بانو","شیلا رانی",6,"390 469 487 488","390:390 468:470 469:470 487:488 488:488 489:488"
"بانو","عائشہ (علی کی سہیلی → بعد میں بیوی)",9,"387 390 465 466 472 473 482 483","390:384 390:390 468:462 468:464 468:477 469:477 487:477 487:478 487:479"
"بانو","عذرا",9,"391 466 473 482 486 489 490","390:393 468:464 468:478 469:478 487:478 487:486 487:491 488:491 489:491"
"بانو","علی (نعیم کا بیٹا)",21,"387 388 390 464 465 466 467 468 469 482 483 487 488 489","390:385 390:386 390:387 390:390 468:461 468:462 468:463 468:464 468:466 468:467 468:468 469:468 469:469 487:477 487:478 487:479 487:487 488:487 488:488 489:488 489:489"
"بانو","عمران (ماسٹر ڈل)",4,"486 490 491","487:486 487:493 488:493 489:493"
"بانو","فہمیدہ (نجمی/مجھی)",6,"391 484 486 489 490","390:393 487:482 487:485 487:491 488:491 489:491"
"بانو","لال (ٹائم کیپر)",3,"487 488","487:488 488:488 489:488"
"بانو","مدن رائے",3,"470 483","468:472 469:472 487:480"
"بانو","مسعود",8,"484 485 486 490 491","487:481 487:482 487:483 487:484 487:485 487:494 488:494 489:494"
"بانو","مل کا مالک",1,"395","390:400"
"بانو","نعیم",13,"385 391 464 465 469 470 482 483 485 486 491 492","390:381 390:393 468:461 468:463 468:471 469:471 487:477 487:479 487:484 487:486 487:496 488:496 489:496"
"بانو","نعیم اور عذرا کی بیٹی",1,"391","390:392"
"بانو","نور دین",7,"468 469 487 488 489","468:468 469:468 469:469 487:487 488:487 488:489 489:489"
"بانو","نوری",1,"486","487:486"
"بانو","پرویز",8,"391 463 484 486 488 489","390:393 468:458 487:481 487:485 487:486 487:490 488:490 489:490"
"بانو","چیف انجینئر (فیکٹری)",1,"395","390:400"
"بانو","کمال",9,"395 468 472 484 487 488","390:400 468:468 469:468 469:475 487:482 487:487 488:487 488:488 489:488"
"بانو","گنجا فورمین",4,"386 387 388 391","390:383 390:384 390:386 390:392"
"بانو","یونس",1,"388","390:387"
"بانو","یونین پریزیڈنٹ",1,"390","390:390"
"بخت (کوٹھی کا رکھوالا)","بریگیڈیئر جنرل ڈائر",1,"239","240:239"
"بخت (کوٹھی کا رکھوالا)","بشن (ماری)",3,"235 390 392","240:231 395:385 395:390"
"بخت (کوٹھی کا رکھوالا)","بلقیس",2,"399 402","395:404 401:404"
"بخت (کوٹھی کا رکھوالا)","بوڑھا مچھلی فروش",1,"206","207:206"
"بخت (کوٹھی کا رکھوالا)","بوڑھا پروفیسر (قافلہ)",1,"450","451:450"
"بخت (کوٹھی کا رکھوالا)","بڑھا دکان والا",11,"81 82 83 101 206 207 237 238 394 447","84:78 84:79 84:80 84:82 99:103 207:206 207:208 240:234 240:236 395:394 451:444"
"بخت (کوٹھی کا رکھوالا)","بڑی ماں (نعیم کی ماں)",4,"194 202 240 446","190:198 207:198 240:241 451:442"
"بخت (کوٹھی کا رکھوالا)","بیگم وحید الدین",1,"210","207:214"
"بخت (کوٹھی کا رکھوالا)","جنرل فورمین (سیمنٹ فیکٹری)",2,"397 400","395:400 401:400"
"بخت (کوٹھی کا رکھوالا)","حسین (روشن آغا کا ملازم)",4,"194 203 390 454","190:199 207:199 395:385 451:457"
"بخت (کوٹھی کا رکھوالا)","خالد",2,"393 394","395:391 395:393"
"بخت (کوٹھی کا رکھوالا)","راول (گاؤں کا لڑکا)",2,"187 188","190:185 190:186"
"بخت (کوٹھی کا رکھوالا)","روشن آغا",11,"103 191 202 204 211 394 396 399 400 453","99:107 190:192 207:197 207:198 207:201 207:215 395:393 395:397 401:397 401:399 451:456"
"بخت (کوٹھی کا رکھوالا)","روشن پور کے بلوائی",2,"209 451","207:212 451:452"
"بخت (کوٹھی کا رکھوالا)","ریاض",3,"83 85 94","84:82 84:86 99:89"
"بخت (کوٹھی کا رکھوالا)","سر لارنس",2,"398 401","395:401 401:401"
"بخت (کوٹھی کا رکھوالا)","سلیم سپروائزر",4,"204 397 400 404","207:201 395:400 401:400 401:407"
"بخت (کوٹھی کا رکھوالا)","سپاہی گروہ (بازار چھاپہ)",3,"89 96 101","84:94 99:94 99:103"
"بخت (کوٹھی کا رکھوالا)","شیریں",2,"190 210","190:191 207:214"
"بخت (کوٹھی کا رکھوالا)","شیلا رانی",1,"392","395:390"
"بخت (کوٹھی کا رکھوالا)","طلعت",2,"190 210","190:191 207:213"
"بخت (کوٹھی کا رکھوالا)","عائشہ (علی کی سہیلی → بعد میں بیوی)",6,"240 392 446 447 450","240:241 395:390 451:442 451:443 451:444 451:450"
"بخت (کوٹھی کا رکھوالا)","عائشہ کی ماں (علی کی خالہ)",1,"241","240:242"
"بخت (کوٹھی کا رکھوالا)","عذرا",22,"190 204 205 206 209 235 236 239 240 394 395 398 399 400 452","190:191 207:201 207:202 207:203 207:204 207:205 207:206 207:212 240:230 240:232 240:238 240:239 240:240 395:393 395:394 395:395 401:395 401:396 401:397 401:398 401:399 451:453"
"بخت (کوٹھی کا رکھوالا)","علی (نعیم کا بیٹا)",25,"88 96 99 187 189 190 203 204 210 240 390 391 392 393 397 400 406 446 447 448 450 451","84:93 99:93 99:100 190:185 190:188 190:190 207:199 207:200 207:201 207:214 240:241 395:385 395:386 395:387 395:390 395:392 395:400 401:400 401:411 451:442 451:443 451:444 451:445 451:450 451:452"
"بخت (کوٹھی کا رکھوالا)","عمران (ماسٹر ڈل)",1,"244","240:249"
"بخت (کوٹھی کا رکھوالا)","غیث",2,"190 210","190:191 207:214"
"بخت (کوٹھی کا رکھوالا)","فضل (فیکٹری مزدور)",1,"241","240:242"
"بخت (کوٹھی کا رکھوالا)","فہمیدہ (نجمی/مجھی)",2,"394 452","395:393 451:453"
"بخت (کوٹھی کا رکھوالا)","لال (ٹائم کیپر)",2,"81 205","84:78 207:203"
"بخت (کوٹھی کا رکھوالا)","محمد علی جناح",1,"452","451:454"
"بخت (کوٹھی کا رکھوالا)","مل کا مالک",2,"397 400","395:400 401:400"
"بخت (کوٹھی کا رکھوالا)","منشی (لگان والا)",3,"195 203 454","190:200 207:200 451:457"
"بخت (کوٹھی کا رکھوالا)","منو",1,"189","190:188"
"بخت (کوٹھی کا رکھوالا)","مہندر (جیل اوورسیئر نمبر 19)",10,"79 80 81 101 193 202 244","84:74 84:75 84:76 84:77 84:78 84:79 99:103 190:197 207:197 240:249"
"بخت (کوٹھی کا رکھوالا)","نعیم",56,"81 82 83 84 94 95 96 97 98 99 185 186 187 188 189 191 202 203 204 205 206 209 235 236 239 240 394 395 398 399 400 401 446 447 448 449 450 451","84:79 84:80 84:82 84:83 84:84 99:89 99:90 99:91 99:92 99:94 99:96 99:97 99:98 99:100 190:181 190:182 190:183 190:184 190:185 190:186 190:187 190:188 190:192 207:197 207:198 207:199 207:200 207:201 207:202 207:203 207:204 207:205 207:211 240:230 240:232 240:238 240:239 240:240 395:393 395:394 395:395 401:395 401:396 401:397 401:398 401:399 401:401 451:441 451:442 451:443 451:444 451:445 451:446 451:447 451:450 451:451"
"بخت (کوٹھی کا رکھوالا)","نعیم اور عذرا کی بیٹی",3,"236 244 393","240:233 240:249 395:392"
"بخت (کوٹھی کا رکھوالا)","پرنس آف ویلز",3,"235 236 240","240:230 240:232 240:240"
"بخت (کوٹھی کا رکھوالا)","پرویز",7,"190 209 394 395 398 453","190:191 207:211 395:393 395:394 395:395 401:395 451:456"
"بخت (کوٹھی کا رکھوالا)","چیف انجینئر (فیکٹری)",2,"397 400","395:400 401:400"
"بخت (کوٹھی کا رکھوالا)","کانگریس سیکرٹری (نام نہیں دیا گیا)",1,"452","451:453"
"بخت (کوٹھی کا رکھوالا)","کمال",3,"188 397 400","190:187 395:400 401:400"
"بخت (کوٹھی کا رکھوالا)","کھدر پوش لیڈر (کلکتہ)",1,"235","240:230"
"بخت (کوٹھی کا رکھوالا)","گدھے والا کمین",2,"195 203","190:200 207:200"
"بخت (کوٹھی کا رکھوالا)","گنجا فورمین",5,"390 393 397 400 406","395:386 395:392 395:400 401:400 401:411"
"بخت (کوٹھی کا رکھوالا)","گورنر بنگال",3,"236 240 452","240:232 240:240 451:453"
"بخت (کوٹھی کا رکھوالا)","یونس",1,"391","395:387"
"بخت (کوٹھی کا رکھوالا)","یونین پریزیڈنٹ",1,"392","395:390"
"بریگیڈیئر جنرل ڈائر","بشن (ماری)",1,"235","239:231"
"بریگیڈیئر جنرل ڈائر","بڑھا دکان والا",2,"236 237","239:234 239:236"
"بریگیڈیئر جنرل ڈائر","بڑی ماں (نعیم کی ماں)",1,"240","239:241"
"بریگیڈیئر جنرل ڈائر","عائشہ (علی کی سہیلی → بعد میں بیوی)",1,"240","239:241"
"بریگیڈیئر جنرل ڈائر","عائشہ کی ماں (علی کی خالہ)",1,"240","239:242"
"بریگیڈیئر جنرل ڈائر","عذرا",5,"234 235 238 239","239:229 239:230 239:232 239:238 239:239"
"بریگیڈیئر جنرل ڈائر","علی (نعیم کا بیٹا)",1,"240","239:241"
"بریگیڈیئر جنرل ڈائر","عمران (ماسٹر ڈل)",1,"244","239:249"
"بریگیڈیئر جنرل ڈائر","فضل (فیکٹری مزدور)",1,"240","239:242"
"بریگیڈیئر جنرل ڈائر","مہندر (جیل اوورسیئر نمبر 19)",1,"244","239:249"
"بریگیڈیئر جنرل ڈائر","نعیم",5,"234 235 238 239","239:229 239:230 239:232 239:238 239:239"
"بریگیڈیئر جنرل ڈائر","نعیم اور عذرا کی بیٹی",2,"236 244","239:233 239:249"
"بریگیڈیئر جنرل ڈائر","پرنس آف ویلز",3,"234 235 239","239:230 239:232 239:240"
"بریگیڈیئر جنرل ڈائر","کھدر پوش لیڈر (کلکتہ)",1,"234","239:230"
"بریگیڈیئر جنرل ڈائر","گورنر بنگال",2,"235 239","239:232 239:240"
"بشن (ماری)","بنرجی",3,"146 147","150:143 150:144 150:145"
"بشن (ماری)","بڑھا دکان والا",25,"20 23 47 54 60 67 71 75 128 136 145 147 150 159 163 164 232 337 376 377 379 389 392","23:18 23:24 52:43 52:56 65:56 65:70 72:70 72:71 72:78 129:128 132:141 150:141 150:144 150:145 150:151 164:154 164:163 164:164 231:234 334:341 380:373 380:374 380:378 385:394 390:394"
"بشن (ماری)","بڑی ماں (نعیم کی ماں)",2,"126 236","129:124 231:241"
"بشن (ماری)","جنرل فورمین (سیمنٹ فیکٹری)",1,"395","390:400"
"بشن (ماری)","حسین (روشن آغا کا ملازم)",4,"64 382 385 387","65:63 380:385 385:385 390:385"
"بشن (ماری)","خاتون (کالی عینک والی)",1,"332","334:330"
"بشن (ماری)","خالد",5,"21 375 376 388 390","23:20 380:370 380:372 385:391 390:391"
"بشن (ماری)","راول (گاؤں کا لڑکا)",1,"334","334:335"
"بشن (ماری)","روشن آغا",21,"19 22 24 57 63 127 130 132 145 150 226 227 228 229 332 334 375 389 391","23:15 23:21 23:22 23:26 52:62 65:62 129:126 129:132 132:132 150:140 150:151 231:221 231:222 231:223 231:226 231:228 334:330 334:335 380:370 385:393 390:393"
"بشن (ماری)","روشن پور کے بلوائی",2,"380 382","380:380 385:380"
"بشن (ماری)","ریاض",3,"77 329 332","72:82 334:325 334:330"
"بشن (ماری)","زہرہ بیگم (لاہور بازار)",1,"338","334:343"
"بشن (ماری)","سلیم سپروائزر",6,"19 162 380 382 395","23:15 23:16 164:161 380:380 385:380 390:400"
"بشن (ماری)","سپاہی گروہ (بازار چھاپہ)",6,"65 68 69 70 337","65:65 72:65 72:67 72:68 72:69 334:341"
"بشن (ماری)","شیریں",1,"337","334:340"
"بشن (ماری)","شیلا رانی",14,"136 145 146 147 148 153 160 161 164 385 387 390","132:141 150:141 150:142 150:143 150:144 150:146 150:157 164:157 164:158 164:159 164:164 380:390 385:390 390:390"
"بشن (ماری)","عائشہ (علی کی سہیلی → بعد میں بیوی)",6,"236 334 382 384 387 390","231:241 334:335 380:384 385:384 385:390 390:390"
"بشن (ماری)","عذرا",26,"20 22 23 152 159 167 226 227 228 229 230 231 329 330 332 333 375 376 377 378 379 389 391","23:18 23:21 23:24 150:154 164:154 164:170 231:222 231:223 231:226 231:227 231:228 231:229 231:230 231:232 334:325 334:327 334:330 334:332 380:371 380:373 380:374 380:377 380:378 380:379 385:393 390:393"
"بشن (ماری)","علی (نعیم کا بیٹا)",21,"18 19 20 25 47 50 65 68 127 236 332 333 334 382 385 387 388 390","23:13 23:14 23:15 23:17 23:27 52:42 52:43 52:48 65:65 72:65 129:125 231:241 334:331 334:333 334:334 380:385 385:385 390:385 390:386 390:387 390:390"
"بشن (ماری)","عمران (ماسٹر ڈل)",5,"329 330 337","334:324 334:325 334:326 334:327 334:340"
"بشن (ماری)","غیث",1,"168","164:172"
"بشن (ماری)","فرحت",2,"329 332","334:325 334:330"
"بشن (ماری)","فضل (فیکٹری مزدور)",1,"335","334:337"
"بشن (ماری)","فہمیدہ (نجمی/مجھی)",11,"21 329 330 333 375 376 379 389 391","23:20 334:324 334:325 334:326 334:327 334:332 380:370 380:372 380:379 385:393 390:393"
"بشن (ماری)","لال (ٹائم کیپر)",3,"26 64 75","23:29 65:63 72:78"
"بشن (ماری)","لیلی (رقاصہ)",4,"68 71 329 332","65:71 72:71 334:324 334:330"
"بشن (ماری)","مادھوکر",4,"147 148 149","150:145 150:146 150:147 150:148"
"بشن (ماری)","مدن رائے",10,"137 146 147 148 149 150 162 163","132:142 150:142 150:143 150:144 150:146 150:148 150:149 150:150 164:161 164:163"
"بشن (ماری)","مل کا مالک",1,"395","390:400"
"بشن (ماری)","منشی (لگان والا)",6,"48 49 127 129 131 132","52:44 52:47 129:125 129:130 132:130 132:132"
"بشن (ماری)","مہندر (جیل اوورسیئر نمبر 19)",18,"48 49 50 51 52 60 61 62 63 68 71 72 129 131 133","52:45 52:46 52:47 52:48 52:49 52:50 52:52 65:55 65:56 65:57 65:60 65:61 65:71 72:71 72:73 129:130 132:130 132:134"
"بشن (ماری)","نعیم",81,"20 22 23 47 48 49 50 51 52 60 61 62 63 65 68 69 70 71 72 124 126 127 128 129 130 131 132 145 146 147 148 149 150 159 160 161 162 163 164 226 227 228 229 230 231 376 377 378 380 383 389 391","23:17 23:18 23:21 23:22 23:23 52:42 52:43 52:44 52:46 52:47 52:48 52:49 52:50 52:51 52:52 65:55 65:56 65:57 65:58 65:59 65:60 65:61 65:65 72:65 72:66 72:67 72:68 72:69 72:70 72:71 72:72 129:119 129:124 129:125 129:126 129:127 129:128 129:129 132:129 132:130 132:131 132:132 150:140 150:141 150:142 150:143 150:144 150:145 150:146 150:147 150:148 150:150 164:154 164:155 164:156 164:157 164:158 164:159 164:161 164:162 164:163 164:164 231:222 231:223 231:224 231:225 231:226 231:227 231:228 231:229 231:230 231:232 380:373 380:374 380:375 380:376 380:377 380:381 385:381 385:393 390:393"
"بشن (ماری)","نعیم اور عذرا کی بیٹی",8,"22 137 146 226 232 338 388 391","23:21 132:142 150:142 231:222 231:233 334:342 385:392 390:392"
"بشن (ماری)","نوری",1,"329","334:325"
"بشن (ماری)","پرنس آف ویلز",5,"228 229 230 231 333","231:226 231:227 231:230 231:232 334:332"
"بشن (ماری)","پرویز",9,"20 22 23 54 61 168 333 389 391","23:18 23:21 23:24 52:57 65:57 164:172 334:332 385:393 390:393"
"بشن (ماری)","چیف انجینئر (فیکٹری)",2,"334 395","334:334 390:400"
"بشن (ماری)","ڈاکٹر انصاری",5,"226 377 378 379","231:221 231:222 380:374 380:376 380:378"
"بشن (ماری)","کانگریس سیکرٹری (نام نہیں دیا گیا)",6,"136 145 152 159 160","132:140 150:140 150:154 164:154 164:155 164:156"
"بشن (ماری)","کمال",3,"20 338 395","23:17 334:343 390:400"
"بشن (ماری)","کھدر پوش لیڈر (کلکتہ)",1,"230","231:230"
"بشن (ماری)","گدھے والا کمین",3,"26 48 339","23:29 52:44 334:344"
"بشن (ماری)","گنجا علی بخش",1,"334","334:334"
"بشن (ماری)","گنجا فورمین",7,"334 381 384 385 388 391","334:334 380:383 385:383 385:384 385:386 390:386 390:392"
"بشن (ماری)","گورنر بنگال",3,"162 163 231","164:161 164:163 231:232"
"بشن (ماری)","ہری چند",3,"152 159","150:154 164:154 164:155"
"بشن (ماری)","یونس",3,"383 386 388","380:387 385:387 390:387"
"بشن (ماری)","یونین پریزیڈنٹ",3,"385 387 390","380:390 385:390 390:390"
"بلقیس","بڑھا دکان والا",2,"399 422","404:394 419:426"
"بلقیس","جنرل فورمین (سیمنٹ فیکٹری)",1,"402","404:400"
"بلقیس","خالد",1,"421","419:424"
"بلقیس","روشن آغا",4,"400 401 412 417","404:397 404:399 408:416 419:416"
"بلقیس","سر لارنس",1,"402","404:401"
"بلقیس","سلیم سپروائزر",6,"402 405 406 407 410 416","404:400 404:407 405:407 408:407 408:413 419:413"
"بلقیس","عذرا",13,"399 400 401 410 411 417 418 423","404:394 404:395 404:396 404:397 404:398 404:399 405:415 408:415 419:415 419:416 419:417 419:418 419:427"
"بلقیس","علی (نعیم کا بیٹا)",8,"402 407 408 409 415 416 418","404:400 404:411 405:411 408:411 419:411 419:413 419:414 419:417"
"بلقیس","فہمیدہ (نجمی/مجھی)",1,"421","419:424"
"بلقیس","مسعود",1,"421","419:424"
"بلقیس","مل کا مالک",5,"402 408 409 410 416","404:400 404:413 405:413 408:413 419:413"
"بلقیس","نعیم",20,"399 400 401 402 403 404 405 406 407 408 414 417 418 419","404:394 404:395 404:396 404:397 404:398 404:399 404:401 404:402 404:403 404:405 405:405 408:405 408:407 408:408 419:409 419:410 419:415 419:416 419:417 419:419"
"بلقیس","پروفیسر برمن",1,"421","419:424"
"بلقیس","پرویز",2,"399","404:394 404:395"
"بلقیس","چیف انجینئر (فیکٹری)",6,"402 408 409 410 416","404:400 404:413 405:413 408:413 419:413 419:414"
"بلقیس","کانگریس سیکرٹری (نام نہیں دیا گیا)",4,"410 411 417 419","405:415 408:415 419:415 419:419"
"بلقیس","کمال",1,"402","404:400"
"بلقیس","گنجا فورمین",7,"402 407 408 409 415 416","404:400 404:411 405:411 408:411 419:411 419:413 419:414"
"بلقیس","گورنر بنگال",1,"422","419:425"
"بنرجی","بڑھا دکان والا",5,"142 143 144 145","143:141 143:144 144:144 145:144 145:145"
"بنرجی","روشن آغا",4,"141 147 148","143:140 143:151 144:151 145:151"
"بنرجی","شیلا رانی",7,"142 143 144 145","143:141 143:142 143:143 144:143 144:144 145:144 145:146"
"بنرجی","عذرا",2,"149","144:154 145:154"
"بنرجی","مادھوکر",3,"144 145","143:145 144:145 145:145"
"بنرجی","مدن رائے",6,"142 143 144 145","143:142 143:143 144:143 144:144 145:144 145:146"
"بنرجی","مہندر (جیل اوورسیئر نمبر 19)",1,"138","143:134"
"بنرجی","نعیم",15,"138 139 140 141 142 143 144 145","143:133 143:134 143:135 143:136 143:137 143:138 143:139 143:140 143:141 143:142 143:143 144:143 144:144 145:144 145:145"
"بنرجی","نعیم اور عذرا کی بیٹی",1,"142","143:142"
"بنرجی","کانگریس سیکرٹری (نام نہیں دیا گیا)",3,"141 149","143:140 144:154 145:154"
"بنرجی","ہری چند",2,"149","144:154 145:154"
"بوڑھا مچھلی فروش","بڑھا دکان والا",1,"206","206:206"
"بوڑھا مچھلی فروش","بڑی ماں (نعیم کی ماں)",1,"202","206:198"
"بوڑھا مچھلی فروش","بیگم وحید الدین",1,"210","206:214"
"بوڑھا مچھلی فروش","حسین (روشن آغا کا ملازم)",1,"202","206:199"
"بوڑھا مچھلی فروش","روشن آغا",4,"201 202 203 210","206:197 206:198 206:201 206:215"
"بوڑھا مچھلی فروش","روشن پور کے بلوائی",1,"209","206:212"
"بوڑھا مچھلی فروش","سلیم سپروائزر",1,"203","206:201"
"بوڑھا مچھلی فروش","شیریں",1,"210","206:214"
"بوڑھا مچھلی فروش","طلعت",1,"209","206:213"
"بوڑھا مچھلی فروش","عذرا",6,"203 204 205 206","206:201 206:202 206:203 206:204 206:205 206:206"
"بوڑھا مچھلی فروش","علی (نعیم کا بیٹا)",4,"202 203 210","206:199 206:200 206:201 206:214"
"بوڑھا مچھلی فروش","غیث",1,"210","206:214"
"بوڑھا مچھلی فروش","لال (ٹائم کیپر)",1,"204","206:203"
"بوڑھا مچھلی فروش","منشی (لگان والا)",1,"203","206:200"
"بوڑھا مچھلی فروش","مہندر (جیل اوورسیئر نمبر 19)",1,"201","206:197"
"بوڑھا مچھلی فروش","نعیم",11,"201 202 203 204 205 208","206:196 206:197 206:198 206:199 206:200 206:201 206:202 206:203 206:204 206:205 206:211"
"بوڑھا مچھلی فروش","پرویز",1,"208","206:211"
"بوڑھا مچھلی فروش","گدھے والا کمین",1,"203","206:200"
"بوڑھا پروفیسر (قافلہ)","بڑھا دکان والا",2,"447 476","450:444 476:477"
"بوڑھا پروفیسر (قافلہ)","بڑی ماں (نعیم کی ماں)",1,"446","450:442"
"بوڑھا پروفیسر (قافلہ)","بیگم پرویز",1,"481","476:486"
"بوڑھا پروفیسر (قافلہ)","حسین (روشن آغا کا ملازم)",3,"453 475 479","450:457 476:474 476:482"
"بوڑھا پروفیسر (قافلہ)","روشن آغا",2,"453 481","450:456 476:486"
"بوڑھا پروفیسر (قافلہ)","روشن پور کے بلوائی",1,"451","450:452"
"بوڑھا پروفیسر (قافلہ)","سلیم سپروائزر",1,"478","476:481"
"بوڑھا پروفیسر (قافلہ)","شیلا رانی",1,"473","476:470"
"بوڑھا پروفیسر (قافلہ)","عائشہ (علی کی سہیلی → بعد میں بیوی)",5,"446 447 450 476","450:442 450:443 450:444 450:450 476:477"
"بوڑھا پروفیسر (قافلہ)","عذرا",2,"451 477","450:453 476:478"
"بوڑھا پروفیسر (قافلہ)","علی (نعیم کا بیٹا)",11,"445 446 447 450 471 472 476","450:440 450:442 450:443 450:444 450:445 450:450 476:466 476:467 476:468 476:469 476:476"
"بوڑھا پروفیسر (قافلہ)","عمران (ماسٹر ڈل)",1,"481","476:486"
"بوڑھا پروفیسر (قافلہ)","فہمیدہ (نجمی/مجھی)",2,"451 479","450:453 476:482"
"بوڑھا پروفیسر (قافلہ)","محمد علی جناح",1,"452","450:454"
"بوڑھا پروفیسر (قافلہ)","مدن رائے",2,"474 478","476:472 476:480"
"بوڑھا پروفیسر (قافلہ)","مسعود",1,"478","476:481"
"بوڑھا پروفیسر (قافلہ)","منشی (لگان والا)",1,"453","450:457"
"بوڑھا پروفیسر (قافلہ)","نعیم",11,"445 446 447 448 450 473 476","450:440 450:441 450:442 450:443 450:444 450:445 450:446 450:447 450:450 476:471 476:476"
"بوڑھا پروفیسر (قافلہ)","نعیم اور عذرا کی بیٹی",1,"445","450:440"
"بوڑھا پروفیسر (قافلہ)","نور دین",2,"472","476:468 476:469"
"بوڑھا پروفیسر (قافلہ)","نوری",1,"481","476:486"
"بوڑھا پروفیسر (قافلہ)","پرویز",2,"453 478","450:456 476:481"
"بوڑھا پروفیسر (قافلہ)","کانگریس سیکرٹری (نام نہیں دیا گیا)",1,"451","450:453"
"بوڑھا پروفیسر (قافلہ)","کمال",3,"472 475 479","476:468 476:475 476:482"
"بوڑھا پروفیسر (قافلہ)","گورنر بنگال",1,"451","450:453"
"بڑھا دکان والا","بڑی ماں (نعیم کی ماں)",16,"119 126 202 237 238 259 263 344 345 346 352 353 355 437 443","114:124 128:124 206:198 234:241 236:241 259:259 267:259 341:347 344:347 346:347 357:347 357:348 357:349 357:354 432:442 444:442"
"بڑھا دکان والا","بھارت سنگھ",3,"300 301 303","297:303 300:303 304:303"
"بڑھا دکان والا","بیگم وحید الدین",3,"210 211 212","206:214 208:214 210:214"
"بڑھا دکان والا","بیگم پرویز",3,"262 266 481","259:265 267:265 477:486"
"بڑھا دکان والا","بیگم چٹوپادھیائے",3,"360 361 368","357:363 360:363 373:363"
"بڑھا دکان والا","جنرل فورمین (سیمنٹ فیکٹری)",1,"397","394:400"
"بڑھا دکان والا","جیل سپرنٹنڈنٹ",1,"255","259:252"
"بڑھا دکان والا","جیلر",1,"255","259:252"
"بڑھا دکان والا","حامد بھائی",4,"346 347 348 354","341:351 344:351 346:351 357:351"
"بڑھا دکان والا","حسین (روشن آغا کا ملازم)",12,"59 66 202 282 284 358 360 368 381 389 475 479","56:63 70:63 206:199 285:280 285:283 357:360 360:360 373:364 378:385 394:385 477:474 477:482"
"بڑھا دکان والا","خاتون (کالی عینک والی)",6,"4 6 270 280 285","4:4 8:4 8:5 267:273 285:275 285:286"
"بڑھا دکان والا","خالد",19,"15 19 22 361 362 369 370 371 372 392 393 425 430 431 433 439","10:20 18:20 24:20 357:365 360:365 373:365 373:366 373:367 373:368 373:369 373:370 373:372 394:391 394:393 426:424 426:435 428:435 432:435 444:435"
"بڑھا دکان والا","راجہ صاحب کرم آباد",1,"270","267:274"
"بڑھا دکان والا","راول (گاؤں کا لڑکا)",14,"181 258 259 263 286 292 293 294 296 338","177:185 178:185 259:257 259:259 267:259 285:287 297:287 297:288 297:289 297:290 297:292 297:296 341:335 341:336"
"بڑھا دکان والا","روشن آغا",55,"7 9 10 14 15 16 19 22 23 25 26 29 35 39 59 66 105 109 127 130 136 140 146 147 148 151 152 201 202 203 210 211 212 230 231 262 266 270 280 289 295 297 298 338 348 349 355 365 371 393 395 421 481","4:10 8:10 10:10 18:10 18:12 18:15 18:21 24:21 24:22 24:26 27:26 27:31 40:31 40:38 40:39 56:62 70:62 103:107 111:107 128:126 128:132 141:132 141:140 141:151 144:151 145:151 151:151 154:151 206:197 206:198 206:201 206:215 208:215 210:215 234:226 234:228 259:265 267:265 267:266 267:273 285:276 285:293 297:293 297:297 300:297 341:335 344:353 346:353 357:353 360:370 373:370 394:393 394:397 426:416 477:486"
"بڑھا دکان والا","روشن پور کے بلوائی",12,"107 111 112 113 209 210 211 281 376 377 379 448","103:112 111:112 112:112 114:112 206:212 208:212 210:212 285:278 373:380 374:380 378:380 444:452"
"بڑھا دکان والا","ریاض",10,"80 81 82 113 114 115 320 364 371","78:82 79:82 80:82 82:82 111:116 112:116 114:116 316:325 360:369 373:369"
"بڑھا دکان والا","زہرہ بیگم (لاہور بازار)",2,"342 343","341:343 344:343"
"بڑھا دکان والا","سر آغا خان سوم",5,"284 285 297 298 299","285:284 285:285 297:297 300:297 300:298"
"بڑھا دکان والا","سر لارنس",1,"397","394:401"
"بڑھا دکان والا","سر محمد شفیع",1,"285","285:285"
"بڑھا دکان والا","سرخ داڑھی والا کسان",2,"287 293","285:289 297:289"
"بڑھا دکان والا","سرخ داڑھی والا گوریلا",7,"173 176 177 178 287 293","168:178 169:178 174:178 177:178 178:178 285:289 297:289"
"بڑھا دکان والا","سلیم سپروائزر",15,"11 12 16 17 156 157 162 203 286 292 376 377 379 397 479","8:15 10:15 18:15 18:16 151:161 154:161 163:161 206:201 285:287 297:287 373:380 374:380 378:380 394:400 477:481"
"بڑھا دکان والا","سلیمان (بنٹے والا لڑکا)",1,"257","259:255"
"بڑھا دکان والا","سنتوکھ سنگھ",3,"286 292","285:287 297:287 297:288"
"بڑھا دکان والا","سپاہی گروہ (بازار چھاپہ)",12,"60 67 68 69 98 103 107 341 342 358 359","56:65 70:65 70:67 70:68 70:69 103:94 103:103 111:103 341:341 344:341 357:359 360:359"
"بڑھا دکان والا","شیریں",8,"210 211 212 340 346 347 348 354","206:214 208:214 210:214 341:340 341:351 344:351 346:351 357:351"
"بڑھا دکان والا","شیلا رانی",30,"141 142 143 144 145 148 154 155 160 161 163 164 166 167 168 169 171 172 173 174 175 176 392 473","141:141 144:141 144:142 144:143 144:144 145:144 145:146 151:146 151:157 154:157 163:157 163:158 163:159 163:164 164:164 168:164 168:166 168:167 168:168 169:168 169:169 174:169 174:170 174:171 174:173 174:174 177:174 177:175 394:390 477:470"
"بڑھا دکان والا","طلعت",3,"209 210 211","206:213 208:213 210:213"
"بڑھا دکان والا","عائشہ (علی کی سہیلی → بعد میں بیوی)",23,"237 238 257 258 259 263 286 292 338 351 356 379 381 389 392 437 443 444 477","234:241 236:241 259:255 259:256 259:257 259:258 259:259 267:259 285:287 297:287 341:335 341:336 346:356 357:356 374:384 378:384 394:384 394:390 432:442 444:442 444:443 444:444 477:477"
"بڑھا دکان والا","عائشہ کی ماں (علی کی خالہ)",4,"238 239 259 263","234:242 236:242 259:259 267:259"
"بڑھا دکان والا","عذرا",108,"2 3 4 6 7 8 9 10 14 15 18 21 22 24 25 26 30 36 37 38 39 149 152 154 158 166 167 169 172 203 204 205 206 207 210 211 230 231 232 233 236 237 260 264 265 266 267 280 281 282 283 284 288 294 295 297 298 299 320 336 343 345 346 352 353 354 355 358 360 368 370 372 373 374 376 377 378 393 394 421 422 426 427 428 430 448 477","4:1 4:2 4:3 4:4 8:4 8:6 8:9 10:9 10:10 18:10 18:12 18:18 24:18 24:21 24:24 27:24 27:25 27:26 27:33 40:33 40:34 40:35 40:36 40:37 40:38 40:39 144:154 145:154 151:154 154:154 163:154 163:170 164:170 168:170 169:170 174:170 206:201 206:202 206:203 206:204 206:205 206:206 208:206 208:212 210:212 234:226 234:227 234:228 234:229 234:230 234:232 234:238 236:238 259:262 267:262 267:263 267:265 267:266 267:267 285:276 285:277 285:278 285:280 285:281 285:282 285:284 285:291 297:291 297:293 297:297 300:297 300:298 300:299 316:325 341:332 341:346 344:346 346:346 357:347 357:348 357:349 357:350 357:351 357:352 357:353 357:360 360:360 373:363 373:367 373:371 373:373 374:373 374:374 378:374 378:377 378:378 394:393 394:394 426:416 426:417 426:418 426:427 428:427 428:428 432:428 432:429 444:453 477:478"
"بڑھا دکان والا","علی (نعیم کا بیٹا)",103,"7 9 10 14 15 16 17 22 25 27 41 42 43 52 60 67 98 101 103 107 126 181 202 203 210 211 212 237 238 254 257 258 259 263 268 284 285 292 293 294 295 296 297 298 304 306 309 310 311 313 317 318 336 337 338 339 340 341 342 343 344 345 346 355 356 357 358 359 381 389 390 392 393 397 421 436 442 443 444 472 473 476 477","4:11 8:11 10:11 18:11 18:13 18:14 18:15 18:17 18:27 24:27 27:27 40:42 43:42 43:43 56:48 56:65 70:65 103:93 103:100 103:104 111:104 128:125 177:185 178:185 206:199 206:200 206:201 206:214 208:214 210:214 234:241 236:241 259:249 259:255 259:256 259:257 259:258 259:259 267:259 267:270 285:283 285:285 297:287 297:288 297:289 297:290 297:292 297:293 297:294 297:295 297:296 297:297 300:297 300:309 304:309 310:309 310:310 311:310 311:312 314:312 314:320 316:320 341:331 341:333 341:334 341:335 341:336 341:337 341:338 341:339 341:341 344:341 344:342 344:343 344:344 346:344 346:345 346:346 357:354 357:355 357:356 357:357 360:357 360:358 360:359 378:385 394:385 394:386 394:387 394:390 394:392 394:400 426:417 432:440 444:440 444:442 444:443 444:444 477:467 477:468 477:469 477:476 477:477"
"بڑھا دکان والا","عمران (ماسٹر ڈل)",10,"254 318 319 340 359 361 369 370 481","259:249 314:322 316:322 341:340 357:362 360:362 373:365 373:366 373:368 477:486"
"بڑھا دکان والا","غیث",8,"167 168 170 173 210 211 212","163:172 164:172 168:172 169:172 174:172 206:214 208:214 210:214"
"بڑھا دکان والا","فرحت",6,"263 267 320 433 435 441","259:267 267:267 316:325 428:438 432:438 444:438"
"بڑھا دکان والا","فرخندہ",4,"346 347 348 354","341:351 344:351 346:351 357:351"
"بڑھا دکان والا","فضل (فیکٹری مزدور)",4,"238 239 339 340","234:242 236:242 341:337 341:339"
"بڑھا دکان والا","فہمیدہ (نجمی/مجھی)",35,"15 19 22 318 319 336 359 361 368 369 370 371 372 376 378 393 425 426 427 428 430 433 439 440 441 448 479","10:20 18:20 24:20 314:323 316:323 341:332 357:362 360:362 373:363 373:364 373:365 373:366 373:367 373:368 373:369 373:370 373:372 373:379 374:379 378:379 394:393 426:424 426:425 426:426 428:426 428:427 428:428 432:428 432:435 444:435 444:436 444:437 444:438 444:453 477:482"
"بڑھا دکان والا","قیدی نمبر 17",2,"264 268","259:269 267:269"
"بڑھا دکان والا","لال (ٹائم کیپر)",24,"6 8 9 26 28 59 66 74 78 204 258 261 265 267 286 292 307 310 311 312 315 316","4:9 8:9 10:9 24:29 27:29 56:63 70:63 70:78 71:78 78:78 79:78 206:203 259:258 259:263 267:263 267:267 285:287 297:287 304:311 310:311 311:311 314:311 314:316 316:316"
"بڑھا دکان والا","لیلی (رقاصہ)",12,"70 71 74 112 113 114 123 312 313 314 315 320","70:71 71:71 78:71 111:114 112:114 114:114 128:118 310:315 311:315 314:315 316:315 316:324"
"بڑھا دکان والا","مادھوکر",7,"143 144 145 148 149","141:145 144:145 145:145 151:145 151:146 151:147 151:148"
"بڑھا دکان والا","محمد علی جناح",3,"284 285 449","285:283 285:285 444:454"
"بڑھا دکان والا","مدن رائے",22,"141 143 144 145 148 149 150 156 157 162 163 173 176 177 178 474 478","141:142 144:142 144:143 144:144 145:144 145:146 151:146 151:148 151:149 151:150 151:161 154:161 163:161 163:163 164:163 168:178 169:178 174:178 177:178 178:178 477:472 477:480"
"بڑھا دکان والا","مسعود",11,"425 426 427 431 433 439 440 441 479","426:424 426:425 426:426 428:426 428:435 432:435 444:435 444:437 444:438 444:439 477:481"
"بڑھا دکان والا","مل کا مالک",1,"397","394:400"
"بڑھا دکان والا","منشی (لگان والا)",10,"42 43 51 126 129 136 203 343 345 346","40:44 43:44 56:47 128:125 128:130 141:132 206:200 341:346 344:346 346:346"
"بڑھا دکان والا","منو",5,"183 346 347 348 354","178:188 341:351 344:351 346:351 357:351"
"بڑھا دکان والا","مولانا حسین احمد مدنی",1,"284","285:283"
"بڑھا دکان والا","مولانا شبیر احمد عثمانی",1,"284","285:283"
"بڑھا دکان والا","مولانا شوکت علی",1,"284","285:283"
"بڑھا دکان والا","مولانا محمد علی",2,"284 285","285:283 285:285"
"بڑھا دکان والا","مہندر (جیل اوورسیئر نمبر 19)",39,"42 44 51 52 53 54 55 56 65 70 71 74 75 76 77 78 79 103 107 108 129 137 201 254 261 265 266 267","40:45 43:45 56:46 56:47 56:48 56:49 56:50 56:52 56:53 56:54 56:55 56:56 70:60 70:61 70:71 71:71 78:71 78:73 78:74 78:75 78:76 78:77 78:78 79:78 79:79 80:79 103:103 111:103 111:104 111:105 111:106 128:130 141:134 206:197 259:249 259:263 267:263 267:265 267:267"
"بڑھا دکان والا","نعیم",261,"2 3 4 6 8 9 10 14 15 17 18 21 22 23 24 25 26 27 35 36 37 38 39 40 41 42 43 51 52 53 54 55 56 65 67 68 69 70 71 74 75 78 79 80 81 82 98 99 100 101 102 103 107 108 109 110 111 112 113 114 123 126 127 128 136 137 138 139 140 141 142 143 144 145 148 149 150 151 152 153 154 158 159 160 161 162 163 164 166 167 168 169 171 172 173 174 175 176 177 178 201 202 203 204 205 208 209 210 229 230 231 232 233 236 237 254 255 256 259 263 264 265 266 267 280 281 282 283 284 288 294 295 296 297 298 299 301 303 307 310 311 312 313 314 315 316 343 345 346 352 353 354 355 356 359 360 370 373 374 376 377 379 393 394 421 422 426 427 428 430 431 432 439 442 443 444 474 476 477","4:1 4:2 4:3 4:4 8:4 8:5 8:8 10:8 10:9 10:10 18:10 18:12 18:17 18:18 24:18 24:21 24:22 24:23 24:24 27:24 27:25 27:26 27:27 40:30 40:31 40:32 40:33 40:34 40:35 40:36 40:37 40:38 40:39 40:40 43:40 43:41 43:42 43:43 56:46 56:47 56:48 56:49 56:50 56:51 56:52 56:53 56:55 56:56 70:60 70:61 70:65 70:66 70:67 70:68 70:69 70:70 71:70 71:71 78:71 78:72 78:79 79:79 80:79 80:80 82:80 82:82 103:94 103:96 103:97 103:98 103:100 103:101 103:102 103:103 111:103 111:104 111:105 111:106 111:107 111:108 111:109 111:110 111:111 112:111 112:112 114:112 114:113 114:114 128:119 128:124 128:125 128:126 128:127 128:128 141:131 141:132 141:133 141:134 141:135 141:136 141:137 141:138 141:139 141:140 141:141 144:141 144:142 144:143 144:144 145:144 145:145 151:145 151:146 151:147 151:148 151:150 151:151 154:151 154:152 154:154 163:154 163:155 163:156 163:157 163:158 163:159 163:161 163:162 163:163 164:163 164:164 168:164 168:165 168:166 168:167 168:168 169:168 169:169 174:169 174:170 174:171 174:173 174:174 177:174 177:175 177:177 178:177 178:178 206:196 206:197 206:198 206:199 206:200 206:201 206:202 206:203 206:204 206:205 206:211 208:211 210:211 234:224 234:225 234:226 234:227 234:228 234:229 234:230 234:232 234:238 236:238 259:249 259:250 259:251 259:252 259:253 259:254 259:260 267:260 267:261 267:262 267:263 267:265 267:266 267:268 285:276 285:278 285:279 285:280 285:281 285:282 285:283 285:284 285:291 297:291 297:292 297:293 297:294 297:295 297:296 297:297 300:297 300:298 300:299 300:303 304:303 304:311 310:311 311:311 314:311 314:313 314:314 316:314 316:315 316:316 341:346 344:346 346:346 357:347 357:348 357:349 357:352 357:354 357:355 357:356 357:361 360:361 373:367 373:368 373:373 374:373 374:374 378:374 378:375 378:376 378:377 378:381 394:393 394:394 426:416 426:417 426:419 426:426 428:426 428:427 428:428 432:428 432:429 432:430 432:431 432:432 444:434 444:435 444:440 444:441 444:442 444:443 444:444 477:471 477:476 477:477"
"بڑھا دکان والا","نعیم اور عذرا کی بیٹی",15,"19 22 141 143 233 254 305 307 310 341 343 393 436 442","18:21 24:21 141:142 144:142 234:233 259:249 300:310 304:310 310:310 311:310 341:342 344:342 394:392 432:440 444:440"
"بڑھا دکان والا","نور دین",3,"472 473 482","477:468 477:469 477:487"
"بڑھا دکان والا","نوری",2,"320 481","316:325 477:486"
"بڑھا دکان والا","وزیر خان",9,"300 301 303 308 311 312 313 316 317","297:303 300:303 304:303 304:313 310:313 311:313 314:313 314:318 316:318"
"بڑھا دکان والا","پرتاپے",2,"287 293","285:289 297:289"
"بڑھا دکان والا","پرنس آف ویلز",9,"230 232 233 237 238 297 299 336","234:226 234:227 234:230 234:232 234:240 236:240 297:298 300:298 341:332"
"بڑھا دکان والا","پروفیسر اقبال سنگھ",1,"270","267:274"
"بڑھا دکان والا","پروفیسر برمن",11,"360 362 368 425 430 431 433 439 440 441","357:364 360:364 373:364 426:424 426:435 428:435 432:435 444:435 444:437 444:438 444:439"
"بڑھا دکان والا","پرویز",44,"2 6 8 9 10 14 18 21 22 24 25 26 30 36 37 38 39 56 167 168 170 173 208 209 210 262 266 270 281 318 319 336 361 363 369 370 371 393 394 479","4:1 4:9 8:9 10:9 10:10 18:10 18:18 24:18 24:21 24:24 27:24 27:26 27:33 40:33 40:34 40:35 40:36 40:39 56:57 163:172 164:172 168:172 169:172 174:172 206:211 208:211 210:211 259:265 267:265 267:266 267:273 285:277 314:322 316:322 341:332 357:366 360:366 373:366 373:367 373:368 373:369 394:393 394:394 477:481"
"بڑھا دکان والا","چیف انجینئر (فیکٹری)",2,"337 397","341:334 394:400"
"بڑھا دکان والا","ڈاکٹر امبید کر",1,"270","267:274"
"بڑھا دکان والا","ڈاکٹر انصاری",5,"373 374 376 377 378","373:374 374:374 378:374 378:376 378:378"
"بڑھا دکان والا","ڈاکٹر محمد اقبال",1,"284","285:283"
"بڑھا دکان والا","کانگریس سیکرٹری (نام نہیں دیا گیا)",14,"3 4 6 140 149 152 154 158 159 422 448","4:3 4:4 8:4 8:5 141:140 144:154 145:154 151:154 154:154 163:154 163:155 163:156 426:419 444:453"
"بڑھا دکان والا","کمال",14,"12 13 17 182 342 343 397 429 430 432 472 476 479","8:17 10:17 18:17 177:187 178:187 341:343 344:343 394:400 426:433 428:433 432:433 477:468 477:475 477:482"
"بڑھا دکان والا","کھدر پوش لیڈر (کلکتہ)",1,"232","234:230"
"بڑھا دکان والا","کیپٹن وڈ",3,"299 301 303","297:302 300:302 304:302"
"بڑھا دکان والا","گدھے والا کمین",17,"26 28 40 42 43 172 173 175 177 203 213 214 268 342 344 345","24:29 27:29 40:41 43:41 43:44 168:177 169:177 174:177 177:177 178:177 206:200 208:218 210:218 267:270 341:344 344:344 346:344"
"بڑھا دکان والا","گنجا علی بخش",4,"286 292 337 339","285:287 297:287 341:334 341:338"
"بڑھا دکان والا","گنجا فورمین",9,"337 339 378 380 389 390 393 397","341:334 341:338 373:383 374:383 378:383 394:384 394:386 394:392 394:400"
"بڑھا دکان والا","گورنر بنگال",10,"156 157 162 163 233 237 238 425 448","151:161 154:161 163:161 163:163 164:163 234:232 234:240 236:240 426:425 444:453"
"بڑھا دکان والا","ہری چند",6,"149 152 154 158 159","144:154 145:154 151:154 154:154 163:154 163:155"
"بڑھا دکان والا","یونس",2,"382 390","378:387 394:387"
"بڑھا دکان والا","یونین پریزیڈنٹ",1,"392","394:390"
"بڑی ماں (نعیم کی ماں)","بیگم پرویز",1,"262","259:265"
"بڑی ماں (نعیم کی ماں)","بیگم چٹوپادھیائے",1,"358","354:363"
"بڑی ماں (نعیم کی ماں)","جیل سپرنٹنڈنٹ",1,"255","259:252"
"بڑی ماں (نعیم کی ماں)","جیلر",1,"255","259:252"
"بڑی ماں (نعیم کی ماں)","حامد بھائی",4,"349 350 352","347:351 348:351 349:351 354:351"
"بڑی ماں (نعیم کی ماں)","حسین (روشن آغا کا ملازم)",2,"198 357","198:199 354:360"
"بڑی ماں (نعیم کی ماں)","خالد",1,"438","442:435"
"بڑی ماں (نعیم کی ماں)","راول (گاؤں کا لڑکا)",2,"258 259","259:257 259:259"
"بڑی ماں (نعیم کی ماں)","روشن آغا",10,"125 195 196 197 198 262 350 351 353","124:126 198:192 198:195 198:197 198:198 259:265 347:353 348:353 349:353 354:353"
"بڑی ماں (نعیم کی ماں)","روشن پور کے بلوائی",1,"447","442:452"
"بڑی ماں (نعیم کی ماں)","ریاض",2,"120","124:116 124:117"
"بڑی ماں (نعیم کی ماں)","زہرہ بیگم (لاہور بازار)",1,"345","347:343"
"بڑی ماں (نعیم کی ماں)","سلیم سپروائزر",1,"199","198:201"
"بڑی ماں (نعیم کی ماں)","سلیمان (بنٹے والا لڑکا)",1,"257","259:255"
"بڑی ماں (نعیم کی ماں)","سپاہی گروہ (بازار چھاپہ)",3,"344 354 356","347:341 349:359 354:359"
"بڑی ماں (نعیم کی ماں)","شیریں",8,"194 195 196 343 349 350 352","198:191 198:193 198:194 347:340 347:351 348:351 349:351 354:351"
"بڑی ماں (نعیم کی ماں)","طلعت",1,"194","198:191"
"بڑی ماں (نعیم کی ماں)","عائشہ (علی کی سہیلی → بعد میں بیوی)",11,"241 257 258 259 351 352 355 442","241:241 259:255 259:256 259:257 259:258 259:259 347:356 348:356 349:356 354:356 442:442"
"بڑی ماں (نعیم کی ماں)","عائشہ کی ماں (علی کی خالہ)",2,"241 259","241:242 259:259"
"بڑی ماں (نعیم کی ماں)","عذرا",22,"194 195 196 199 236 239 240 260 346 347 348 349 351 352 353 357","198:191 198:193 198:194 198:195 198:201 241:232 241:238 241:239 241:240 259:262 347:346 347:347 348:347 348:348 349:348 349:349 354:349 354:350 354:351 354:352 354:353 354:360"
"بڑی ماں (نعیم کی ماں)","علی (نعیم کا بیٹا)",26,"124 193 194 198 241 254 257 258 259 342 343 344 345 346 350 351 354 441 442","124:125 198:188 198:190 198:199 241:241 259:249 259:255 259:256 259:257 259:258 259:259 347:337 347:338 347:339 347:341 347:342 347:343 347:344 347:345 347:346 347:354 348:354 349:354 354:354 442:440 442:442"
"بڑی ماں (نعیم کی ماں)","عمران (ماسٹر ڈل)",4,"245 254 343 358","241:249 259:249 347:340 354:362"
"بڑی ماں (نعیم کی ماں)","غیث",1,"194","198:191"
"بڑی ماں (نعیم کی ماں)","فرحت",2,"263 440","259:267 442:438"
"بڑی ماں (نعیم کی ماں)","فرخندہ",4,"349 350 352","347:351 348:351 349:351 354:351"
"بڑی ماں (نعیم کی ماں)","فضل (فیکٹری مزدور)",3,"241 342 343","241:242 347:337 347:339"
"بڑی ماں (نعیم کی ماں)","فہمیدہ (نجمی/مجھی)",5,"358 438 439 440","354:362 442:435 442:436 442:437 442:438"
"بڑی ماں (نعیم کی ماں)","قیدی نمبر 17",1,"264","259:269"
"بڑی ماں (نعیم کی ماں)","لال (ٹائم کیپر)",3,"200 258 261","198:203 259:258 259:263"
"بڑی ماں (نعیم کی ماں)","لیلی (رقاصہ)",2,"119 121","124:114 124:118"
"بڑی ماں (نعیم کی ماں)","مسعود",4,"438 439 440","442:435 442:437 442:438 442:439"
"بڑی ماں (نعیم کی ماں)","منشی (لگان والا)",3,"124 199 346","124:125 198:200 347:346"
"بڑی ماں (نعیم کی ماں)","منو",5,"193 349 350 352","198:188 347:351 348:351 349:351 354:351"
"بڑی ماں (نعیم کی ماں)","مہندر (جیل اوورسیئر نمبر 19)",5,"127 197 245 254 261","124:130 198:197 241:249 259:249 259:263"
"بڑی ماں (نعیم کی ماں)","نعیم",37,"119 120 121 124 193 195 197 198 236 239 240 241 254 255 256 259 346 347 348 349 351 353 354 437 438 441 442","124:114 124:116 124:117 124:119 124:124 198:188 198:192 198:196 198:197 198:198 241:232 241:238 241:239 241:240 241:242 259:249 259:250 259:251 259:252 259:253 259:254 259:260 347:346 347:347 348:347 348:348 349:348 349:349 354:349 354:352 354:354 442:432 442:434 442:435 442:440 442:441 442:442"
"بڑی ماں (نعیم کی ماں)","نعیم اور عذرا کی بیٹی",5,"237 245 254 344 441","241:233 241:249 259:249 347:342 442:440"
"بڑی ماں (نعیم کی ماں)","پرنس آف ویلز",2,"236 240","241:232 241:240"
"بڑی ماں (نعیم کی ماں)","پروفیسر برمن",5,"359 438 439 440","354:364 442:435 442:437 442:438 442:439"
"بڑی ماں (نعیم کی ماں)","پرویز",2,"194 262","198:191 259:265"
"بڑی ماں (نعیم کی ماں)","کمال",2,"345 437","347:343 442:433"
"بڑی ماں (نعیم کی ماں)","گدھے والا کمین",2,"199 345","198:200 347:344"
"بڑی ماں (نعیم کی ماں)","گنجا علی بخش",1,"342","347:338"
"بڑی ماں (نعیم کی ماں)","گنجا فورمین",1,"342","347:338"
"بڑی ماں (نعیم کی ماں)","گورنر بنگال",2,"236 240","241:232 241:240"
"بھارت سنگھ","راول (گاؤں کا لڑکا)",1,"299","303:296"
"بھارت سنگھ","روشن آغا",2,"298 300","303:293 303:297"
"بھارت سنگھ","سر آغا خان سوم",2,"300","303:297 303:298"
"بھارت سنگھ","عذرا",4,"298 300 301","303:293 303:297 303:298 303:299"
"بھارت سنگھ","علی (نعیم کا بیٹا)",6,"298 299 300 306","303:293 303:294 303:295 303:296 303:297 303:309"
"بھارت سنگھ","لال (ٹائم کیپر)",1,"307","303:311"
"بھارت سنگھ","نعیم",8,"298 299 300 301 303","303:293 303:294 303:295 303:296 303:297 303:298 303:299 303:303"
"بھارت سنگھ","نعیم اور عذرا کی بیٹی",1,"306","303:310"
"بھارت سنگھ","وزیر خان",1,"303","303:303"
"بھارت سنگھ","پرنس آف ویلز",1,"300","303:298"
"بھارت سنگھ","کیپٹن وڈ",1,"302","303:302"
"بیگم وحید الدین","روشن آغا",1,"214","214:215"
"بیگم وحید الدین","روشن پور کے بلوائی",2,"213 217","214:212 214:220"
"بیگم وحید الدین","شیریں",1,"214","214:214"
"بیگم وحید الدین","طلعت",1,"213","214:213"
"بیگم وحید الدین","عذرا",6,"209 210 213 215","214:204 214:205 214:206 214:212 214:213 214:216"
"بیگم وحید الدین","علی (نعیم کا بیٹا)",1,"214","214:214"
"بیگم وحید الدین","غیث",1,"214","214:214"
"بیگم وحید الدین","نعیم",6,"209 212 213 214","214:204 214:205 214:211 214:212 214:213 214:214"
"بیگم وحید الدین","نعیم اور عذرا کی بیٹی",1,"218","214:222"
"بیگم وحید الدین","پرویز",3,"212 213 214","214:211 214:213 214:214"
"بیگم وحید الدین","ڈاکٹر انصاری",1,"217","214:221"
"بیگم وحید الدین","گدھے والا کمین",1,"216","214:218"
"بیگم پرویز","حسین (روشن آغا کا ملازم)",3,"484 485 489","486:482 486:484 486:492"
"بیگم پرویز","خاتون (کالی عینک والی)",1,"269","265:273"
"بیگم پرویز","راجہ صاحب کرم آباد",1,"269","265:274"
"بیگم پرویز","راول (گاؤں کا لڑکا)",2,"261 262","265:257 265:259"
"بیگم پرویز","روشن آغا",2,"265 486","265:265 486:486"
"بیگم پرویز","سلیم سپروائزر",1,"483","486:481"
"بیگم پرویز","سلیمان (بنٹے والا لڑکا)",1,"260","265:255"
"بیگم پرویز","شیلا رانی",1,"487","486:488"
"بیگم پرویز","عائشہ (علی کی سہیلی → بعد میں بیوی)",8,"260 261 262 481 482","265:255 265:256 265:257 265:258 265:259 486:477 486:478 486:479"
"بیگم پرویز","عائشہ کی ماں (علی کی خالہ)",1,"262","265:259"
"بیگم پرویز","عذرا",5,"263 264 265 482 486","265:262 265:263 265:265 486:478 486:486"
"بیگم پرویز","علی (نعیم کا بیٹا)",11,"260 261 262 267 481 482 486","265:255 265:256 265:257 265:258 265:259 265:270 486:476 486:477 486:478 486:479 486:487"
"بیگم پرویز","عمران (ماسٹر ڈل)",1,"486","486:486"
"بیگم پرویز","فرحت",1,"266","265:267"
"بیگم پرویز","فہمیدہ (نجمی/مجھی)",3,"484 485 488","486:482 486:485 486:491"
"بیگم پرویز","قیدی نمبر 17",1,"267","265:269"
"بیگم پرویز","لال (ٹائم کیپر)",4,"261 264 266 487","265:258 265:263 265:267 486:488"
"بیگم پرویز","مدن رائے",1,"483","486:480"
"بیگم پرویز","مسعود",6,"483 484 485 490","486:481 486:482 486:483 486:484 486:485 486:494"
"بیگم پرویز","مہندر (جیل اوورسیئر نمبر 19)",2,"264 265","265:263 265:265"
"بیگم پرویز","نعیم",10,"262 263 264 265 481 482 485 486","265:260 265:261 265:262 265:263 265:265 486:476 486:477 486:479 486:484 486:486"
"بیگم پرویز","نور دین",1,"486","486:487"
"بیگم پرویز","نوری",1,"486","486:486"
"بیگم پرویز","پروفیسر اقبال سنگھ",1,"269","265:274"
"بیگم پرویز","پرویز",4,"265 483 485 486","265:265 486:481 486:485 486:486"
"بیگم پرویز","ڈاکٹر امبید کر",1,"269","265:274"
"بیگم پرویز","کمال",2,"484 486","486:482 486:487"
"بیگم پرویز","گدھے والا کمین",1,"267","265:270"
"بیگم چٹوپادھیائے","حسین (روشن آغا کا ملازم)",2,"361 363","363:360 363:364"
"بیگم چٹوپادھیائے","خالد",1,"364","363:365"
"بیگم چٹوپادھیائے","روشن آغا",2,"358 366","363:353 363:370"
"بیگم چٹوپادھیائے","ریاض",1,"366","363:369"
"بیگم چٹوپادھیائے","سپاہی گروہ (بازار چھاپہ)",1,"361","363:359"
"بیگم چٹوپادھیائے","عائشہ (علی کی سہیلی → بعد میں بیوی)",1,"359","363:356"
"بیگم چٹوپادھیائے","عذرا",3,"358 361 363","363:353 363:360 363:363"
"بیگم چٹوپادھیائے","علی (نعیم کا بیٹا)",6,"358 359 360 361","363:354 363:355 363:356 363:357 363:358 363:359"
"بیگم چٹوپادھیائے","عمران (ماسٹر ڈل)",2,"362 364","363:362 363:365"
"بیگم چٹوپادھیائے","فہمیدہ (نجمی/مجھی)",2,"362 363","363:362 363:363"
"بیگم چٹوپادھیائے","نعیم",5,"358 359 362 365","363:354 363:355 363:356 363:361 363:367"
"بیگم چٹوپادھیائے","پروفیسر برمن",1,"363","363:364"
"بیگم چٹوپادھیائے","پرویز",1,"364","363:366"
"جنرل فورمین (سیمنٹ فیکٹری)","خالد",2,"395 396","400:391 400:393"
"جنرل فورمین (سیمنٹ فیکٹری)","روشن آغا",3,"396 398 399","400:393 400:397 400:399"
"جنرل فورمین (سیمنٹ فیکٹری)","سر لارنس",1,"400","400:401"
"جنرل فورمین (سیمنٹ فیکٹری)","سلیم سپروائزر",1,"400","400:400"
"جنرل فورمین (سیمنٹ فیکٹری)","شیلا رانی",1,"395","400:390"
"جنرل فورمین (سیمنٹ فیکٹری)","عائشہ (علی کی سہیلی → بعد میں بیوی)",1,"395","400:390"
"جنرل فورمین (سیمنٹ فیکٹری)","عذرا",7,"396 397 398 399","400:393 400:394 400:395 400:396 400:397 400:398 400:399"
"جنرل فورمین (سیمنٹ فیکٹری)","علی (نعیم کا بیٹا)",3,"395 396 400","400:390 400:392 400:400"
"جنرل فورمین (سیمنٹ فیکٹری)","فہمیدہ (نجمی/مجھی)",1,"396","400:393"
"جنرل فورمین (سیمنٹ فیکٹری)","مل کا مالک",1,"400","400:400"
"جنرل فورمین (سیمنٹ فیکٹری)","نعیم",8,"396 397 398 399 400","400:393 400:394 400:395 400:396 400:397 400:398 400:399 400:401"
"جنرل فورمین (سیمنٹ فیکٹری)","نعیم اور عذرا کی بیٹی",1,"396","400:392"
"جنرل فورمین (سیمنٹ فیکٹری)","پرویز",3,"396 397","400:393 400:394 400:395"
"جنرل فورمین (سیمنٹ فیکٹری)","چیف انجینئر (فیکٹری)",1,"400","400:400"
"جنرل فورمین (سیمنٹ فیکٹری)","کمال",1,"400","400:400"
"جنرل فورمین (سیمنٹ فیکٹری)","گنجا فورمین",2,"396 400","400:392 400:400"
"جنرل فورمین (سیمنٹ فیکٹری)","یونین پریزیڈنٹ",1,"395","400:390"
"جیل سپرنٹنڈنٹ","جیلر",1,"252","252:252"
"جیل سپرنٹنڈنٹ","راول (گاؤں کا لڑکا)",1,"254","252:257"
"جیل سپرنٹنڈنٹ","سلیمان (بنٹے والا لڑکا)",1,"253","252:255"
"جیل سپرنٹنڈنٹ","عائشہ (علی کی سہیلی → بعد میں بیوی)",4,"247 248 253","252:242 252:243 252:244 252:255"
"جیل سپرنٹنڈنٹ","عائشہ کی ماں (علی کی خالہ)",3,"247 255","252:242 252:243 252:259"
"جیل سپرنٹنڈنٹ","عذرا",1,"257","252:262"
"جیل سپرنٹنڈنٹ","علی (نعیم کا بیٹا)",5,"247 248 250 253","252:242 252:243 252:244 252:249 252:255"
"جیل سپرنٹنڈنٹ","عمران (ماسٹر ڈل)",1,"250","252:249"
"جیل سپرنٹنڈنٹ","فضل (فیکٹری مزدور)",1,"247","252:242"
"جیل سپرنٹنڈنٹ","لال (ٹائم کیپر)",1,"255","252:258"
"جیل سپرنٹنڈنٹ","مہندر (جیل اوورسیئر نمبر 19)",1,"250","252:249"
"جیل سپرنٹنڈنٹ","نعیم",9,"247 248 249 250 251 252","252:242 252:245 252:246 252:247 252:248 252:249 252:250 252:251 252:252"
"جیل سپرنٹنڈنٹ","نعیم اور عذرا کی بیٹی",1,"250","252:249"
"جیلر","راول (گاؤں کا لڑکا)",1,"254","252:257"
"جیلر","سلیمان (بنٹے والا لڑکا)",1,"253","252:255"
"جیلر","عائشہ (علی کی سہیلی → بعد میں بیوی)",4,"247 248 253","252:242 252:243 252:244 252:255"
"جیلر","عائشہ کی ماں (علی کی خالہ)",3,"247 255","252:242 252:243 252:259"
"جیلر","عذرا",1,"257","252:262"
"جیلر","علی (نعیم کا بیٹا)",5,"247 248 250 253","252:242 252:243 252:244 252:249 252:255"
"جیلر","عمران (ماسٹر ڈل)",1,"250","252:249"
"جیلر","فضل (فیکٹری مزدور)",1,"247","252:242"
"جیلر","لال (ٹائم کیپر)",1,"255","252:258"
"جیلر","مہندر (جیل اوورسیئر نمبر 19)",1,"250","252:249"
"جیلر","نعیم",9,"247 248 249 250 251 252","252:242 252:245 252:246 252:247 252:248 252:249 252:250 252:251 252:252"
"جیلر","نعیم اور عذرا کی بیٹی",1,"250","252:249"
"حامد بھائی","حسین (روشن آغا کا ملازم)",1,"355","351:360"
"حامد بھائی","روشن آغا",1,"352","351:353"
"حامد بھائی","زہرہ بیگم (لاہور بازار)",1,"347","351:343"
"حامد بھائی","سپاہی گروہ (بازار چھاپہ)",2,"346 355","351:341 351:359"
"حامد بھائی","شیریں",1,"351","351:351"
"حامد بھائی","عائشہ (علی کی سہیلی → بعد میں بیوی)",1,"353","351:356"
"حامد بھائی","عذرا",6,"348 349 350 351","351:346 351:347 351:348 351:349 351:350 351:351"
"حامد بھائی","علی (نعیم کا بیٹا)",7,"346 347 348 352","351:341 351:342 351:343 351:344 351:345 351:346 351:354"
"حامد بھائی","فرخندہ",1,"351","351:351"
"حامد بھائی","منشی (لگان والا)",1,"348","351:346"
"حامد بھائی","منو",1,"351","351:351"
"حامد بھائی","نعیم",5,"348 349 350 351","351:346 351:347 351:348 351:349 351:352"
"حامد بھائی","نعیم اور عذرا کی بیٹی",1,"346","351:342"
"حامد بھائی","کمال",1,"347","351:343"
"حامد بھائی","گدھے والا کمین",1,"347","351:344"
"حسین (روشن آغا کا ملازم)","خاتون (کالی عینک والی)",5,"276 277 283 284","280:273 280:274 280:275 280:286 283:286"
"حسین (روشن آغا کا ملازم)","خالد",3,"362 364 388","360:365 364:365 385:391"
"حسین (روشن آغا کا ملازم)","راجہ صاحب کرم آباد",1,"277","280:274"
"حسین (روشن آغا کا ملازم)","راول (گاؤں کا لڑکا)",2,"283 285","280:287 283:287"
"حسین (روشن آغا کا ملازم)","روشن آغا",25,"62 195 197 198 200 276 277 278 288 356 365 367 389 456 457 458 484 485 489 491 492 494","63:62 199:192 199:195 199:197 199:198 199:201 280:273 280:274 280:276 283:293 360:353 360:370 364:370 385:393 457:456 457:457 458:457 458:458 482:486 484:486 492:486 492:491 492:492 493:492 493:496"
"حسین (روشن آغا کا ملازم)","روشن پور کے بلوائی",3,"279 382 454","280:278 385:380 457:452"
"حسین (روشن آغا کا ملازم)","ریاض",2,"364 366","360:369 364:369"
"حسین (روشن آغا کا ملازم)","سر آغا خان سوم",2,"282 283","280:284 283:284"
"حسین (روشن آغا کا ملازم)","سر محمد شفیع",2,"282 284","280:285 283:285"
"حسین (روشن آغا کا ملازم)","سرخ داڑھی والا کسان",2,"284 286","280:289 283:289"
"حسین (روشن آغا کا ملازم)","سرخ داڑھی والا گوریلا",2,"284 286","280:289 283:289"
"حسین (روشن آغا کا ملازم)","سلیم سپروائزر",6,"200 283 285 382 477 481","199:201 280:287 283:287 385:380 474:481 482:481"
"حسین (روشن آغا کا ملازم)","سنتوکھ سنگھ",2,"283 285","280:287 283:287"
"حسین (روشن آغا کا ملازم)","سپاہی گروہ (بازار چھاپہ)",2,"64 359","63:65 360:359"
"حسین (روشن آغا کا ملازم)","شیریں",4,"195 196 355","199:191 199:193 199:194 360:351"
"حسین (روشن آغا کا ملازم)","شیلا رانی",5,"387 472 485 486 490","385:390 474:470 482:488 484:488 492:488"
"حسین (روشن آغا کا ملازم)","طلعت",1,"195","199:191"
"حسین (روشن آغا کا ملازم)","عائشہ (علی کی سہیلی → بعد میں بیوی)",13,"283 285 358 384 387 453 459 460 469 475 479 480","280:287 283:287 360:356 385:384 385:390 457:450 457:462 458:462 474:464 474:477 482:477 482:478 482:479"
"حسین (روشن آغا کا ملازم)","عذرا",41,"195 196 197 200 276 278 279 280 281 282 283 355 356 360 362 363 365 381 382 389 455 456 457 461 469 476 480 484 485 489 491 492 493","199:191 199:193 199:194 199:195 199:201 280:273 280:276 280:277 280:278 280:280 283:280 283:281 283:282 283:284 360:350 360:351 360:352 360:353 360:360 364:360 364:363 364:367 385:377 385:378 385:379 385:393 457:453 457:456 457:457 458:457 458:464 474:464 474:478 482:478 482:486 484:486 492:486 492:491 492:492 493:492 493:493"
"حسین (روشن آغا کا ملازم)","علی (نعیم کا بیٹا)",34,"64 194 199 275 281 283 357 358 359 385 453 454 455 459 469 470 471 475 479 480 484 485 489 490","63:65 199:190 199:199 280:270 280:283 283:283 360:354 360:355 360:356 360:357 360:358 360:359 385:385 457:450 457:452 457:453 457:454 457:461 458:461 474:464 474:466 474:467 474:468 474:469 474:476 482:476 482:477 482:478 482:479 482:487 484:487 492:487 492:488 492:489"
"حسین (روشن آغا کا ملازم)","عمران (ماسٹر ڈل)",8,"361 363 364 484 485 489 492 493","360:362 364:362 364:365 482:486 484:486 492:486 492:493 493:493"
"حسین (روشن آغا کا ملازم)","غیث",1,"195","199:191"
"حسین (روشن آغا کا ملازم)","فرخندہ",1,"355","360:351"
"حسین (روشن آغا کا ملازم)","فہمیدہ (نجمی/مجھی)",16,"361 363 364 382 389 455 456 478 482 483 484 488 491 492 493","360:362 364:362 364:363 364:364 385:379 385:393 457:453 457:456 474:482 482:482 484:482 484:485 492:485 492:491 492:493 493:493"
"حسین (روشن آغا کا ملازم)","لال (ٹائم کیپر)",7,"63 201 283 285 485 486 490","63:63 199:203 280:287 283:287 482:488 484:488 492:488"
"حسین (روشن آغا کا ملازم)","لیلی (رقاصہ)",1,"67","63:71"
"حسین (روشن آغا کا ملازم)","محمد علی جناح",3,"281 283 455","280:283 283:283 457:454"
"حسین (روشن آغا کا ملازم)","مدن رائے",3,"473 477 481","474:472 474:480 482:480"
"حسین (روشن آغا کا ملازم)","مسعود",10,"477 481 482 483 484 488 493","474:481 482:481 482:482 484:482 484:483 484:484 492:484 492:485 492:494 493:494"
"حسین (روشن آغا کا ملازم)","منشی (لگان والا)",3,"199 457","199:200 457:457 458:457"
"حسین (روشن آغا کا ملازم)","منو",1,"355","360:351"
"حسین (روشن آغا کا ملازم)","مولانا حسین احمد مدنی",2,"281 283","280:283 283:283"
"حسین (روشن آغا کا ملازم)","مولانا شبیر احمد عثمانی",2,"281 283","280:283 283:283"
"حسین (روشن آغا کا ملازم)","مولانا شوکت علی",2,"281 283","280:283 283:283"
"حسین (روشن آغا کا ملازم)","مولانا محمد علی",2,"281 283","280:283 283:283"
"حسین (روشن آغا کا ملازم)","مہندر (جیل اوورسیئر نمبر 19)",10,"58 59 60 61 62 67 198 276","63:53 63:54 63:55 63:56 63:57 63:60 63:61 63:71 199:197 280:272"
"حسین (روشن آغا کا ملازم)","نعیم",56,"58 59 60 61 62 64 195 197 198 199 276 278 279 280 281 282 283 356 357 358 360 362 365 380 381 383 389 452 453 454 455 456 457 459 472 475 479 480 483 484 488 489 494","63:53 63:55 63:56 63:57 63:58 63:59 63:60 63:61 63:65 199:192 199:196 199:197 199:198 199:199 280:272 280:276 280:278 280:279 280:280 283:280 283:281 283:282 283:283 360:352 360:354 360:355 360:356 360:361 364:361 364:367 385:375 385:376 385:377 385:381 385:393 457:447 457:450 457:451 457:453 457:454 457:455 457:456 457:457 458:457 458:461 474:471 474:476 482:476 482:477 482:479 482:484 484:484 492:484 492:486 492:496 493:496"
"حسین (روشن آغا کا ملازم)","نعیم اور عذرا کی بیٹی",1,"388","385:392"
"حسین (روشن آغا کا ملازم)","نور دین",7,"463 471 484 485 489 490","458:468 474:468 474:469 482:487 484:487 492:487 492:489"
"حسین (روشن آغا کا ملازم)","نوری",3,"484 485 489","482:486 484:486 492:486"
"حسین (روشن آغا کا ملازم)","پرتاپے",2,"284 286","280:289 283:289"
"حسین (روشن آغا کا ملازم)","پروفیسر اقبال سنگھ",1,"277","280:274"
"حسین (روشن آغا کا ملازم)","پروفیسر برمن",2,"362 364","360:364 364:364"
"حسین (روشن آغا کا ملازم)","پرویز",22,"60 195 276 278 363 365 389 456 457 458 477 481 483 484 488 489 491 492 493","63:57 199:191 280:273 280:277 360:366 364:366 385:393 457:456 457:457 458:457 458:458 474:481 482:481 482:485 484:485 492:485 492:486 492:490 492:491 492:492 493:492 493:493"
"حسین (روشن آغا کا ملازم)","ڈاکٹر امبید کر",1,"277","280:274"
"حسین (روشن آغا کا ملازم)","ڈاکٹر انصاری",3,"369 380 381","364:374 385:376 385:378"
"حسین (روشن آغا کا ملازم)","ڈاکٹر محمد اقبال",2,"281 283","280:283 283:283"
"حسین (روشن آغا کا ملازم)","کانگریس سیکرٹری (نام نہیں دیا گیا)",2,"455 456","457:453 457:455"
"حسین (روشن آغا کا ملازم)","کمال",9,"463 471 474 478 482 483 485 489 490","458:468 474:468 474:475 482:475 482:482 484:482 484:487 492:487 492:488"
"حسین (روشن آغا کا ملازم)","گدھے والا کمین",2,"199 275","199:200 280:270"
"حسین (روشن آغا کا ملازم)","گنجا علی بخش",2,"283 285","280:287 283:287"
"حسین (روشن آغا کا ملازم)","گنجا فورمین",3,"384 385","385:383 385:384 385:386"
"حسین (روشن آغا کا ملازم)","گورنر بنگال",1,"455","457:453"
"حسین (روشن آغا کا ملازم)","یونس",1,"386","385:387"
"حسین (روشن آغا کا ملازم)","یونین پریزیڈنٹ",1,"387","385:390"
"خاتون (کالی عینک والی)","راجہ صاحب کرم آباد",3,"273 274","273:274 274:274 275:274"
"خاتون (کالی عینک والی)","راول (گاؤں کا لڑکا)",2,"286 332","286:287 330:335"
"خاتون (کالی عینک والی)","روشن آغا",12,"7 269 273 274 275 281 289 330","4:10 5:10 273:265 273:266 273:273 274:273 274:274 275:274 275:276 286:276 286:293 330:330"
"خاتون (کالی عینک والی)","روشن پور کے بلوائی",4,"275 276 282","273:278 274:278 275:278 286:278"
"خاتون (کالی عینک والی)","ریاض",2,"327 330","330:325 330:330"
"خاتون (کالی عینک والی)","سر آغا خان سوم",4,"279 285","274:284 275:284 286:284 286:285"
"خاتون (کالی عینک والی)","سر محمد شفیع",2,"280 285","275:285 286:285"
"خاتون (کالی عینک والی)","سرخ داڑھی والا کسان",1,"287","286:289"
"خاتون (کالی عینک والی)","سرخ داڑھی والا گوریلا",1,"287","286:289"
"خاتون (کالی عینک والی)","سلیم سپروائزر",2,"10 286","5:15 286:287"
"خاتون (کالی عینک والی)","سنتوکھ سنگھ",1,"286","286:287"
"خاتون (کالی عینک والی)","شیریں",1,"335","330:340"
"خاتون (کالی عینک والی)","عائشہ (علی کی سہیلی → بعد میں بیوی)",2,"286 332","286:287 330:335"
"خاتون (کالی عینک والی)","عذرا",25,"2 3 4 5 268 269 270 273 275 281 282 283 284 285 288 327 328 330","4:1 4:2 4:3 4:4 5:4 5:6 273:263 273:265 273:266 273:267 273:273 274:273 274:276 275:276 286:276 286:277 286:278 286:280 286:281 286:282 286:284 286:291 330:325 330:327 330:330"
"خاتون (کالی عینک والی)","علی (نعیم کا بیٹا)",11,"7 8 271 278 279 284 285 286 325 330","4:11 5:11 273:270 273:283 274:283 275:283 286:283 286:285 286:286 330:320 330:331"
"خاتون (کالی عینک والی)","عمران (ماسٹر ڈل)",7,"326 327 328 335","330:322 330:323 330:324 330:325 330:326 330:327 330:340"
"خاتون (کالی عینک والی)","فرحت",3,"270 327 330","273:267 330:325 330:330"
"خاتون (کالی عینک والی)","فضل (فیکٹری مزدور)",1,"333","330:337"
"خاتون (کالی عینک والی)","فہمیدہ (نجمی/مجھی)",6,"326 327 328 331","330:323 330:324 330:325 330:326 330:327 330:332"
"خاتون (کالی عینک والی)","قیدی نمبر 17",1,"271","273:269"
"خاتون (کالی عینک والی)","لال (ٹائم کیپر)",5,"6 7 268 270 286","4:9 5:9 273:263 273:267 286:287"
"خاتون (کالی عینک والی)","لیلی (رقاصہ)",2,"327 330","330:324 330:330"
"خاتون (کالی عینک والی)","محمد علی جناح",5,"278 279 284 285","273:283 274:283 275:283 286:283 286:285"
"خاتون (کالی عینک والی)","مولانا حسین احمد مدنی",4,"278 279 284","273:283 274:283 275:283 286:283"
"خاتون (کالی عینک والی)","مولانا شبیر احمد عثمانی",4,"278 279 284","273:283 274:283 275:283 286:283"
"خاتون (کالی عینک والی)","مولانا شوکت علی",4,"278 279 284","273:283 274:283 275:283 286:283"
"خاتون (کالی عینک والی)","مولانا محمد علی",5,"278 279 284 285","273:283 274:283 275:283 286:283 286:285"
"خاتون (کالی عینک والی)","مہندر (جیل اوورسیئر نمبر 19)",6,"268 269 270 271 272","273:263 273:265 273:267 273:268 273:269 273:272"
"خاتون (کالی عینک والی)","نعیم",24,"2 3 4 5 268 269 270 271 272 274 275 281 282 283 284 285 288","4:1 4:2 4:3 4:4 5:4 5:5 273:263 273:265 273:266 273:268 273:269 273:272 273:276 274:276 275:276 286:276 286:278 286:279 286:280 286:281 286:282 286:283 286:284 286:291"
"خاتون (کالی عینک والی)","نوری",1,"327","330:325"
"خاتون (کالی عینک والی)","پرتاپے",1,"287","286:289"
"خاتون (کالی عینک والی)","پرنس آف ویلز",1,"331","330:332"
"خاتون (کالی عینک والی)","پروفیسر اقبال سنگھ",3,"273 274","273:274 274:274 275:274"
"خاتون (کالی عینک والی)","پرویز",12,"2 6 7 269 273 275 276 281 326 331","4:1 4:9 5:9 273:265 273:266 273:273 274:273 274:277 275:277 286:277 330:322 330:332"
"خاتون (کالی عینک والی)","چیف انجینئر (فیکٹری)",1,"332","330:334"
"خاتون (کالی عینک والی)","ڈاکٹر امبید کر",3,"273 274","273:274 274:274 275:274"
"خاتون (کالی عینک والی)","ڈاکٹر محمد اقبال",4,"278 279 284","273:283 274:283 275:283 286:283"
"خاتون (کالی عینک والی)","کانگریس سیکرٹری (نام نہیں دیا گیا)",4,"3 4 5","4:3 4:4 5:4 5:5"
"خاتون (کالی عینک والی)","گدھے والا کمین",1,"271","273:270"
"خاتون (کالی عینک والی)","گنجا علی بخش",2,"286 332","286:287 330:334"
"خاتون (کالی عینک والی)","گنجا فورمین",1,"332","330:334"
"خالد","روشن آغا",14,"15 16 17 20 367 368 369 370 371 392 393 420","20:10 20:12 20:15 20:21 365:370 366:370 367:370 368:370 369:370 370:370 372:370 391:393 393:393 424:416"
"خالد","روشن پور کے بلوائی",2,"375 376","370:380 372:380"
"خالد","ریاض",6,"367 368 369","365:369 366:369 367:369 368:369 369:369 370:369"
"خالد","سر لارنس",2,"396 397","391:401 393:401"
"خالد","سلیم سپروائزر",6,"17 18 375 376 395 396","20:15 20:16 370:380 372:380 391:400 393:400"
"خالد","سپاہی گروہ (بازار چھاپہ)",1,"362","365:359"
"خالد","شیلا رانی",1,"390","391:390"
"خالد","عائشہ (علی کی سہیلی → بعد میں بیوی)",4,"360 387 390 438","365:356 391:384 391:390 435:442"
"خالد","عذرا",25,"15 16 19 20 362 364 366 367 369 370 371 372 392 393 419 420 421 425 431 432","20:10 20:12 20:18 20:21 365:360 365:363 365:367 366:367 367:367 368:367 368:371 369:371 370:371 372:371 372:373 391:393 393:393 424:415 424:416 424:417 424:418 424:427 435:427 435:428 435:429"
"خالد","علی (نعیم کا بیٹا)",21,"15 16 17 18 23 360 361 362 388 389 390 391 392 396 419 420 437","20:11 20:13 20:14 20:15 20:17 20:27 365:355 365:356 365:357 365:358 365:359 391:385 391:386 391:387 391:390 391:392 393:392 393:400 424:414 424:417 435:440"
"خالد","عمران (ماسٹر ڈل)",8,"363 365 366 367 368","365:362 365:365 366:365 366:366 367:366 367:368 368:368 369:368"
"خالد","فرحت",1,"436","435:438"
"خالد","فہمیدہ (نجمی/مجھی)",25,"20 363 364 365 366 367 368 369 370 371 372 392 393 424 430 431 435","20:20 365:362 365:363 365:364 365:365 366:365 366:366 367:366 367:367 368:367 368:368 369:368 369:369 370:369 370:370 372:370 372:372 391:393 393:393 424:424 435:425 435:426 435:427 435:428 435:435"
"خالد","لال (ٹائم کیپر)",1,"24","20:29"
"خالد","مسعود",4,"424 430 435","424:424 435:425 435:426 435:435"
"خالد","مل کا مالک",2,"395 396","391:400 393:400"
"خالد","نعیم",34,"15 16 18 19 20 360 363 366 367 368 371 372 386 392 393 419 420 421 425 430 431 432 433 434 435","20:10 20:12 20:17 20:18 20:21 365:355 365:356 365:361 365:367 366:367 367:367 368:367 368:368 369:368 369:373 370:373 372:373 391:381 391:393 393:393 424:415 424:416 424:417 424:419 424:426 435:426 435:427 435:428 435:429 435:430 435:431 435:432 435:434 435:435"
"خالد","نعیم اور عذرا کی بیٹی",4,"20 391 392 437","20:21 391:392 393:392 435:440"
"خالد","پروفیسر برمن",3,"364 424 435","365:364 424:424 435:435"
"خالد","پرویز",14,"15 19 20 365 366 367 368 369 392 393","20:10 20:18 20:21 365:366 366:366 367:366 367:367 368:367 368:368 369:368 369:369 370:369 391:393 393:393"
"خالد","چیف انجینئر (فیکٹری)",3,"395 396 419","391:400 393:400 424:414"
"خالد","ڈاکٹر انصاری",7,"369 370 371 372 373","365:374 366:374 367:374 368:374 369:374 370:374 372:374"
"خالد","کانگریس سیکرٹری (نام نہیں دیا گیا)",2,"419 421","424:415 424:419"
"خالد","کمال",5,"18 395 396 428 434","20:17 391:400 393:400 424:433 435:433"
"خالد","گدھے والا کمین",1,"24","20:29"
"خالد","گنجا فورمین",7,"387 388 391 392 396 419","391:383 391:384 391:386 391:392 393:392 393:400 424:414"
"خالد","گورنر بنگال",2,"424 430","424:425 435:425"
"خالد","یونس",1,"389","391:387"
"خالد","یونین پریزیڈنٹ",1,"390","391:390"
"راجہ صاحب کرم آباد","روشن آغا",4,"269 270 273 274","274:265 274:266 274:273 274:274"
"راجہ صاحب کرم آباد","روشن پور کے بلوائی",1,"276","274:278"
"راجہ صاحب کرم آباد","سر آغا خان سوم",1,"279","274:284"
"راجہ صاحب کرم آباد","عذرا",5,"269 270 273 275","274:265 274:266 274:267 274:273 274:276"
"راجہ صاحب کرم آباد","علی (نعیم کا بیٹا)",2,"272 278","274:270 274:283"
"راجہ صاحب کرم آباد","فرحت",1,"270","274:267"
"راجہ صاحب کرم آباد","قیدی نمبر 17",1,"271","274:269"
"راجہ صاحب کرم آباد","لال (ٹائم کیپر)",1,"270","274:267"
"راجہ صاحب کرم آباد","محمد علی جناح",1,"278","274:283"
"راجہ صاحب کرم آباد","مولانا حسین احمد مدنی",1,"278","274:283"
"راجہ صاحب کرم آباد","مولانا شبیر احمد عثمانی",1,"278","274:283"
"راجہ صاحب کرم آباد","مولانا شوکت علی",1,"278","274:283"
"راجہ صاحب کرم آباد","مولانا محمد علی",1,"278","274:283"
"راجہ صاحب کرم آباد","مہندر (جیل اوورسیئر نمبر 19)",5,"269 270 271 273","274:265 274:267 274:268 274:269 274:272"
"راجہ صاحب کرم آباد","نعیم",6,"269 270 271 273 275","274:265 274:266 274:268 274:269 274:272 274:276"
"راجہ صاحب کرم آباد","پروفیسر اقبال سنگھ",1,"274","274:274"
"راجہ صاحب کرم آباد","پرویز",4,"269 270 273 275","274:265 274:266 274:273 274:277"
"راجہ صاحب کرم آباد","ڈاکٹر امبید کر",1,"274","274:274"
"راجہ صاحب کرم آباد","ڈاکٹر محمد اقبال",1,"278","274:283"
"راجہ صاحب کرم آباد","گدھے والا کمین",1,"272","274:270"
"راول (گاؤں کا لڑکا)","روشن آغا",14,"188 189 261 262 290 291 292 294 296 332 335","185:192 186:192 257:265 259:265 287:293 288:293 289:293 290:293 292:293 296:293 296:297 335:330 335:335 336:335"
"راول (گاؤں کا لڑکا)","روشن پور کے بلوائی",1,"282","287:278"
"راول (گاؤں کا لڑکا)","ریاض",2,"330 332","335:325 335:330"
"راول (گاؤں کا لڑکا)","زہرہ بیگم (لاہور بازار)",2,"339","335:343 336:343"
"راول (گاؤں کا لڑکا)","سر آغا خان سوم",8,"285 286 292 293 294 296","287:284 287:285 287:297 288:297 289:297 290:297 292:297 296:297"
"راول (گاؤں کا لڑکا)","سر محمد شفیع",1,"286","287:285"
"راول (گاؤں کا لڑکا)","سرخ داڑھی والا کسان",4,"288 289","287:289 288:289 289:289 290:289"
"راول (گاؤں کا لڑکا)","سرخ داڑھی والا گوریلا",5,"181 288 289","185:178 287:289 288:289 289:289 290:289"
"راول (گاؤں کا لڑکا)","سلیم سپروائزر",2,"287","287:287 288:287"
"راول (گاؤں کا لڑکا)","سلیمان (بنٹے والا لڑکا)",1,"256","257:255"
"راول (گاؤں کا لڑکا)","سنتوکھ سنگھ",4,"287 288","287:287 288:287 288:288 289:288"
"راول (گاؤں کا لڑکا)","سپاہی گروہ (بازار چھاپہ)",2,"338","335:341 336:341"
"راول (گاؤں کا لڑکا)","شیریں",4,"188 337 338","185:191 186:191 335:340 336:340"
"راول (گاؤں کا لڑکا)","شیلا رانی",1,"180","185:175"
"راول (گاؤں کا لڑکا)","طلعت",2,"188","185:191 186:191"
"راول (گاؤں کا لڑکا)","عائشہ (علی کی سہیلی → بعد میں بیوی)",11,"256 257 258 259 287 335 336","257:255 257:256 257:257 259:257 259:258 259:259 287:287 288:287 335:335 336:335 336:336"
"راول (گاؤں کا لڑکا)","عائشہ کی ماں (علی کی خالہ)",2,"258 259","257:259 259:259"
"راول (گاؤں کا لڑکا)","عذرا",23,"188 259 260 282 283 284 285 289 290 291 292 294 296 330 331 332 333 341","185:191 186:191 257:262 259:262 287:277 287:278 287:280 287:281 287:282 287:284 287:291 288:291 289:291 290:291 292:291 292:293 296:293 296:297 335:325 335:327 335:330 335:332 336:346"
"راول (گاؤں کا لڑکا)","علی (نعیم کا بیٹا)",33,"185 187 253 256 257 258 259 285 286 287 288 289 290 291 292 294 295 296 333 334 335 336","185:185 186:185 186:188 257:249 257:255 257:256 257:257 259:257 259:258 259:259 287:283 287:285 287:286 287:287 288:287 288:288 289:288 289:289 290:289 290:290 292:290 292:292 296:292 296:293 296:294 296:295 296:296 335:331 335:333 335:334 335:335 336:335 336:336"
"راول (گاؤں کا لڑکا)","عمران (ماسٹر ڈل)",6,"253 330 331 337 338","257:249 335:325 335:326 335:327 335:340 336:340"
"راول (گاؤں کا لڑکا)","غیث",2,"188","185:191 186:191"
"راول (گاؤں کا لڑکا)","فرحت",4,"262 263 330 332","257:267 259:267 335:325 335:330"
"راول (گاؤں کا لڑکا)","فضل (فیکٹری مزدور)",2,"336","335:337 336:337"
"راول (گاؤں کا لڑکا)","فہمیدہ (نجمی/مجھی)",4,"330 331 333","335:325 335:326 335:327 335:332"
"راول (گاؤں کا لڑکا)","قیدی نمبر 17",1,"264","259:269"
"راول (گاؤں کا لڑکا)","لال (ٹائم کیپر)",5,"257 258 261 287","257:258 259:258 259:263 287:287 288:287"
"راول (گاؤں کا لڑکا)","لیلی (رقاصہ)",1,"332","335:330"
"راول (گاؤں کا لڑکا)","محمد علی جناح",2,"285 286","287:283 287:285"
"راول (گاؤں کا لڑکا)","مدن رائے",2,"181 182","185:178 185:179"
"راول (گاؤں کا لڑکا)","منشی (لگان والا)",1,"341","336:346"
"راول (گاؤں کا لڑکا)","منو",2,"186 187","185:188 186:188"
"راول (گاؤں کا لڑکا)","مولانا حسین احمد مدنی",1,"285","287:283"
"راول (گاؤں کا لڑکا)","مولانا شبیر احمد عثمانی",1,"285","287:283"
"راول (گاؤں کا لڑکا)","مولانا شوکت علی",1,"285","287:283"
"راول (گاؤں کا لڑکا)","مولانا محمد علی",2,"285 286","287:283 287:285"
"راول (گاؤں کا لڑکا)","مہندر (جیل اوورسیئر نمبر 19)",3,"253 260 261","257:249 257:263 259:263"
"راول (گاؤں کا لڑکا)","نعیم",40,"180 181 182 183 184 185 186 252 253 254 255 258 259 282 283 284 285 289 290 291 292 294 295 296 341","185:175 185:177 185:178 185:179 185:181 185:182 185:183 185:184 185:185 186:185 186:186 257:247 257:248 257:249 257:250 257:251 257:252 257:253 257:254 257:260 259:260 287:278 287:279 287:280 287:281 287:282 287:283 287:284 287:291 288:291 289:291 290:291 292:291 292:292 296:292 296:293 296:294 296:295 296:296 336:346"
"راول (گاؤں کا لڑکا)","نعیم اور عذرا کی بیٹی",3,"253 338 339","257:249 335:342 336:342"
"راول (گاؤں کا لڑکا)","نوری",1,"330","335:325"
"راول (گاؤں کا لڑکا)","وزیر خان",1,"299","296:303"
"راول (گاؤں کا لڑکا)","پرتاپے",4,"288 289","287:289 288:289 289:289 290:289"
"راول (گاؤں کا لڑکا)","پرنس آف ویلز",6,"293 294 295 297 333","288:298 289:298 290:298 292:298 296:298 335:332"
"راول (گاؤں کا لڑکا)","پرویز",6,"188 261 262 282 333","185:191 186:191 257:265 259:265 287:277 335:332"
"راول (گاؤں کا لڑکا)","چیف انجینئر (فیکٹری)",1,"334","335:334"
"راول (گاؤں کا لڑکا)","ڈاکٹر محمد اقبال",1,"285","287:283"
"راول (گاؤں کا لڑکا)","کمال",4,"186 339","185:187 186:187 335:343 336:343"
"راول (گاؤں کا لڑکا)","کیپٹن وڈ",2,"297 299","292:302 296:302"
"راول (گاؤں کا لڑکا)","گدھے والا کمین",3,"181 339 340","185:177 335:344 336:344"
"راول (گاؤں کا لڑکا)","گنجا علی بخش",5,"287 334 336 337","287:287 288:287 335:334 335:338 336:338"
"راول (گاؤں کا لڑکا)","گنجا فورمین",3,"334 336 337","335:334 335:338 336:338"
"روشن آغا","روشن پور کے بلوائی",10,"109 213 217 219 220 275 276 277 375 454","107:112 215:212 215:220 219:220 221:220 273:278 274:278 276:278 370:380 456:452"
"روشن آغا","ریاض",7,"111 121 327 330 332 369","107:116 126:116 126:117 330:325 330:330 335:330 370:369"
"روشن آغا","زہرہ بیگم (لاہور بازار)",2,"339 348","335:343 353:343"
"روشن آغا","سر آغا خان سوم",6,"279 280 288 289 295 297","274:284 276:284 293:284 293:285 293:297 297:297"
"روشن آغا","سر لارنس",3,"397 399 400","393:401 397:401 399:401"
"روشن آغا","سر محمد شفیع",2,"280 289","276:285 293:285"
"روشن آغا","سرخ داڑھی والا کسان",1,"291","293:289"
"روشن آغا","سرخ داڑھی والا گوریلا",1,"291","293:289"
"روشن آغا","سلیم سپروائزر",19,"12 13 15 18 156 196 198 199 201 290 375 396 398 399 411 414 483","10:15 12:15 15:15 21:15 21:16 151:161 192:201 195:201 197:201 198:201 201:201 293:287 370:380 393:400 397:400 399:400 416:407 416:413 486:481"
"روشن آغا","سلیمان (بنٹے والا لڑکا)",1,"260","265:255"
"روشن آغا","سنتوکھ سنگھ",2,"290","293:287 293:288"
"روشن آغا","سپاہی گروہ (بازار چھاپہ)",4,"63 105 338 356","62:65 107:103 335:341 353:359"
"روشن آغا","شیریں",11,"191 192 194 214 217 219 220 335 337 352","192:191 192:193 195:193 195:194 215:214 215:219 219:219 221:219 330:340 335:340 353:351"
"روشن آغا","شیلا رانی",11,"136 140 146 147 148 154 391 487 489","132:141 140:141 151:141 151:142 151:143 151:144 151:146 151:157 393:390 486:488 491:488"
"روشن آغا","طلعت",2,"191 214","192:191 215:213"
"روشن آغا","عائشہ (علی کی سہیلی → بعد میں بیوی)",18,"260 261 262 290 332 335 354 388 391 453 459 460 481 482","265:255 265:256 265:257 265:258 265:259 293:287 330:335 335:335 353:356 393:384 393:390 456:450 456:462 457:462 458:462 486:477 486:478 486:479"
"روشن آغا","عائشہ کی ماں (علی کی خالہ)",1,"262","265:259"
"روشن آغا","عذرا",116,"5 6 7 8 9 10 11 12 13 16 19 21 23 25 26 28 32 35 36 37 38 39 152 191 192 194 195 196 199 201 210 213 214 215 217 218 219 220 221 222 223 224 226 227 228 263 264 265 266 269 270 273 275 276 288 292 293 295 297 327 328 330 332 333 349 350 351 352 353 365 366 368 370 393 395 396 397 398 399 415 416 454 456 457 461 482 486 488 491 492 494 496","10:1 10:2 10:3 10:4 10:6 10:9 10:10 12:10 12:12 15:12 15:18 21:18 21:21 22:21 22:24 26:24 26:25 26:26 31:26 31:33 38:33 38:34 38:35 38:36 38:37 38:38 39:38 39:39 151:154 192:191 192:193 195:193 195:194 195:195 197:195 197:201 198:201 201:201 215:205 215:206 215:212 215:213 215:216 219:216 219:217 219:218 219:219 221:219 221:222 222:222 223:222 223:223 226:223 226:226 228:226 228:227 228:228 265:262 265:263 265:265 266:265 266:266 273:266 273:267 273:273 274:273 274:276 276:276 293:284 293:291 293:293 297:293 297:297 330:325 330:327 330:330 335:330 335:332 353:346 353:347 353:348 353:349 353:350 353:351 353:352 353:353 370:360 370:363 370:367 370:371 393:393 397:393 397:394 397:395 397:396 397:397 399:397 399:398 399:399 416:415 416:416 456:453 456:456 457:456 457:457 458:457 458:464 486:478 486:486 491:486 491:491 492:491 492:492 496:492 496:493 496:496"
"روشن آغا","علی (نعیم کا بیٹا)",92,"10 11 12 14 15 18 19 24 26 29 40 63 103 105 125 188 190 191 195 197 198 200 201 214 260 261 262 267 268 271 278 279 288 289 290 291 292 293 295 296 297 325 330 333 334 335 348 349 353 389 390 391 392 396 398 399 413 414 415 416 453 454 455 458 459 481 482 486 489 490","10:11 12:11 12:13 15:13 15:14 15:15 21:15 21:17 21:27 22:27 26:27 31:27 38:42 39:42 62:65 107:100 107:104 126:125 192:185 192:188 192:190 192:199 195:199 197:199 198:199 201:199 201:200 201:201 215:214 265:255 265:256 265:257 265:258 265:259 265:270 266:270 273:270 273:283 274:283 276:283 293:283 293:285 293:286 293:287 293:288 293:289 293:290 293:292 293:293 297:293 297:294 297:295 297:296 297:297 330:320 330:331 335:331 335:333 335:334 335:335 353:343 353:344 353:345 353:346 353:354 393:385 393:386 393:387 393:390 393:392 393:400 397:400 399:400 416:411 416:413 416:414 416:417 456:450 456:452 456:453 456:454 456:461 457:461 458:461 486:476 486:477 486:478 486:479 486:487 491:487 491:488 491:489"
"روشن آغا","عمران (ماسٹر ڈل)",18,"326 327 328 335 337 357 366 367 368 369 486 488 492 494","330:322 330:323 330:324 330:325 330:326 330:327 330:340 335:340 353:362 370:362 370:365 370:366 370:368 486:486 491:486 491:493 492:493 496:493"
"روشن آغا","غیث",2,"191 214","192:191 215:214"
"روشن آغا","فرحت",6,"266 270 327 330 332","265:267 266:267 273:267 330:325 330:330 335:330"
"روشن آغا","فرخندہ",1,"352","353:351"
"روشن آغا","فضل (فیکٹری مزدور)",2,"333 336","330:337 335:337"
"روشن آغا","فہمیدہ (نجمی/مجھی)",34,"15 16 17 20 326 327 328 331 333 357 366 367 368 369 370 393 395 420 454 456 484 485 488 491 492 494","10:20 12:20 15:20 21:20 330:323 330:324 330:325 330:326 330:327 330:332 335:332 353:362 370:362 370:363 370:364 370:365 370:366 370:367 370:368 370:369 370:370 393:393 397:393 416:424 456:453 456:456 457:456 486:482 486:485 486:491 491:491 492:491 492:493 496:493"
"روشن آغا","قیدی نمبر 17",3,"267 271","265:269 266:269 273:269"
"روشن آغا","لال (ٹائم کیپر)",18,"9 25 27 30 62 199 200 202 261 264 266 270 290 487 489","10:9 21:29 22:29 26:29 31:29 62:63 195:203 197:203 198:203 201:203 265:258 265:263 265:267 266:267 273:267 293:287 486:488 491:488"
"روشن آغا","لیلی (رقاصہ)",6,"66 110 122 327 330 332","62:71 107:114 126:118 330:324 330:330 335:330"
"روشن آغا","مادھوکر",5,"142 148 149","140:145 151:145 151:146 151:147 151:148"
"روشن آغا","محمد علی جناح",6,"278 279 288 289 455","273:283 274:283 276:283 293:283 293:285 456:454"
"روشن آغا","مدن رائے",11,"137 141 146 147 148 149 150 156 483","132:142 140:142 151:142 151:143 151:144 151:146 151:148 151:149 151:150 151:161 486:480"
"روشن آغا","مسعود",10,"420 483 484 485 490 492 493 495","416:424 486:481 486:482 486:483 486:484 486:485 486:494 491:494 492:494 496:494"
"روشن آغا","مل کا مالک",4,"396 398 399 414","393:400 397:400 399:400 416:413"
"روشن آغا","منشی (لگان والا)",16,"41 125 128 131 132 136 196 197 198 199 200 349 456 457","38:44 39:44 126:125 126:130 132:130 132:132 140:132 192:200 195:200 197:200 198:200 201:200 353:346 456:457 457:457 458:457"
"روشن آغا","منو",2,"190 352","192:188 353:351"
"روشن آغا","مولانا حسین احمد مدنی",4,"278 279 288","273:283 274:283 276:283 293:283"
"روشن آغا","مولانا شبیر احمد عثمانی",4,"278 279 288","273:283 274:283 276:283 293:283"
"روشن آغا","مولانا شوکت علی",4,"278 279 288","273:283 274:283 276:283 293:283"
"روشن آغا","مولانا محمد علی",5,"278 279 288 289","273:283 274:283 276:283 293:283 293:285"
"روشن آغا","مہندر (جیل اوورسیئر نمبر 19)",31,"41 42 57 58 59 61 66 105 106 128 131 133 137 194 196 197 264 265 266 270 271 272","38:45 39:45 62:52 62:53 62:54 62:55 62:56 62:57 62:60 62:61 62:71 107:103 107:104 107:105 107:106 126:130 132:130 132:134 140:134 192:197 195:197 197:197 198:197 265:263 265:265 266:265 266:267 273:267 273:268 273:269 273:272"
"روشن آغا","نعیم",200,"5 6 7 9 10 11 12 13 16 19 21 22 24 25 26 28 29 30 31 34 35 36 37 38 39 57 58 59 60 61 63 102 103 104 105 106 107 121 122 125 126 129 130 131 132 136 137 138 139 140 146 147 148 149 150 151 187 188 189 190 192 193 195 196 197 198 199 200 201 210 213 214 215 217 218 219 220 221 222 223 224 225 226 227 228 262 263 264 265 266 269 270 271 272 274 275 276 288 292 293 295 296 297 349 350 351 352 353 365 368 369 371 393 395 396 397 398 399 411 412 413 415 416 451 453 454 455 456 457 459 481 482 485 486 488 493 494 496","10:1 10:2 10:3 10:4 10:5 10:8 10:9 10:10 12:10 12:12 15:12 15:17 21:17 21:18 21:21 22:21 22:22 26:22 26:23 26:24 26:25 26:26 31:26 31:27 31:28 31:29 31:30 31:31 38:31 38:32 38:33 38:34 38:35 38:36 38:37 38:38 39:38 39:39 62:52 62:53 62:55 62:56 62:57 62:58 62:59 62:60 62:61 62:65 107:97 107:98 107:100 107:101 107:102 107:103 107:104 107:105 107:106 107:107 126:116 126:117 126:119 126:124 126:125 126:126 132:126 132:127 132:128 132:129 132:130 132:131 132:132 140:132 140:133 140:134 140:135 140:136 140:137 140:138 140:139 140:140 151:141 151:142 151:143 151:144 151:145 151:146 151:147 151:148 151:150 151:151 192:182 192:183 192:184 192:185 192:186 192:187 192:188 192:192 195:192 195:196 197:196 197:197 198:197 198:198 201:198 201:199 201:200 201:201 215:205 215:211 215:212 215:213 215:214 215:215 219:215 219:216 219:217 219:219 221:219 221:222 222:222 223:222 223:223 226:223 226:224 226:225 226:226 228:226 228:227 228:228 265:260 265:261 265:262 265:263 265:265 266:265 266:266 273:266 273:268 273:269 273:272 273:276 274:276 276:276 293:283 293:284 293:291 293:292 293:293 297:293 297:294 297:295 297:296 297:297 353:346 353:347 353:348 353:349 353:352 353:354 370:361 370:367 370:368 370:373 393:393 397:393 397:394 397:395 397:396 397:397 399:397 399:398 399:399 416:407 416:408 416:409 416:410 416:415 416:416 456:446 456:447 456:450 456:451 456:453 456:454 456:455 456:456 457:456 457:457 458:457 458:461 486:476 486:477 486:479 486:484 486:486 491:486 491:496 492:496 496:496"
"روشن آغا","نعیم اور عذرا کی بیٹی",17,"16 18 21 137 141 146 218 220 221 222 228 229 230 338 392","12:21 15:21 21:21 22:21 132:142 140:142 151:142 215:222 219:222 221:222 222:222 223:222 223:233 226:233 228:233 335:342 393:392"
"روشن آغا","نور دین",4,"463 486 489 490","458:468 486:487 491:487 491:489"
"روشن آغا","نوری",3,"327 486 488","330:325 486:486 491:486"
"روشن آغا","وزیر خان",2,"298 300","293:303 297:303"
"روشن آغا","پرتاپے",1,"291","293:289"
"روشن آغا","پرنس آف ویلز",12,"222 223 224 226 227 229 295 297 331 333","219:226 221:226 222:226 223:226 226:226 228:226 228:227 228:230 293:298 297:298 330:332 335:332"
"روشن آغا","پروفیسر اقبال سنگھ",5,"269 270 273 274 275","265:274 266:274 273:274 274:274 276:274"
"روشن آغا","پروفیسر برمن",2,"367 420","370:364 416:424"
"روشن آغا","پرویز",65,"5 9 10 11 15 16 19 21 23 25 26 28 32 35 36 37 38 39 59 191 206 213 214 215 217 219 220 265 266 269 273 275 276 326 331 333 368 369 393 395 396 456 457 458 483 485 486 488 490 491 492 494 495","10:1 10:9 10:10 12:10 12:18 15:18 21:18 21:21 22:21 22:24 26:24 26:26 31:26 31:33 38:33 38:34 38:35 38:36 38:39 39:39 62:57 192:191 201:211 215:211 215:213 215:214 215:215 219:215 219:219 221:219 265:265 266:265 266:266 273:266 273:273 274:273 274:277 276:277 330:322 330:332 335:332 370:366 370:367 370:368 370:369 393:393 397:393 397:394 397:395 456:456 457:456 457:457 458:457 458:458 486:481 486:485 486:486 491:486 491:490 491:491 492:491 492:492 496:492 496:493 496:494"
"روشن آغا","چیف انجینئر (فیکٹری)",7,"332 334 396 398 399 414 415","330:334 335:334 393:400 397:400 399:400 416:413 416:414"
"روشن آغا","ڈاکٹر امبید کر",5,"269 270 273 274 275","265:274 266:274 273:274 274:274 276:274"
"روشن آغا","ڈاکٹر انصاری",7,"218 220 221 222 372","215:221 219:221 221:221 222:221 222:222 223:222 370:374"
"روشن آغا","ڈاکٹر محمد اقبال",4,"278 279 288","273:283 274:283 276:283 293:283"
"روشن آغا","کانگریس سیکرٹری (نام نہیں دیا گیا)",10,"6 7 136 140 152 415 417 454 455","10:3 10:4 10:5 132:140 140:140 151:154 416:415 416:419 456:453 456:455"
"روشن آغا","کمال",15,"13 14 16 19 189 339 348 396 398 399 463 484 486 489","10:17 12:17 15:17 21:17 192:187 335:343 353:343 393:400 397:400 399:400 458:468 486:482 486:487 491:487 491:488"
"روشن آغا","کھدر پوش لیڈر (کلکتہ)",5,"225 226 228 229","221:230 222:230 223:230 226:230 228:230"
"روشن آغا","کیپٹن وڈ",2,"297 299","293:302 297:302"
"روشن آغا","گدھے والا کمین",19,"25 27 30 36 39 40 196 197 198 199 200 216 218 267 268 271 339 348","21:29 22:29 26:29 31:29 31:41 38:41 39:41 192:200 195:200 197:200 198:200 201:200 215:218 219:218 265:270 266:270 273:270 335:344 353:344"
"روشن آغا","گنجا علی بخش",4,"290 332 334 336","293:287 330:334 335:334 335:338"
"روشن آغا","گنجا فورمین",13,"332 334 336 388 389 392 396 398 399 413 414 415","330:334 335:334 335:338 393:383 393:384 393:386 393:392 393:400 397:400 399:400 416:411 416:413 416:414"
"روشن آغا","گورنر بنگال",7,"156 227 229 230 420 454","151:161 222:232 223:232 226:232 228:232 416:425 456:453"
"روشن آغا","ہری چند",1,"152","151:154"
"روشن آغا","یونس",1,"390","393:387"
"روشن آغا","یونین پریزیڈنٹ",1,"391","393:390"
"روشن پور کے بلوائی","ریاض",1,"114","112:116"
"روشن پور کے بلوائی","سر آغا خان سوم",1,"281","278:284"
"روشن پور کے بلوائی","سر محمد شفیع",1,"281","278:285"
"روشن پور کے بلوائی","سلیم سپروائزر",2,"282 380","278:287 380:380"
"روشن پور کے بلوائی","سنتوکھ سنگھ",1,"282","278:287"
"روشن پور کے بلوائی","سپاہی گروہ (بازار چھاپہ)",1,"107","112:103"
"روشن پور کے بلوائی","شیریں",3,"213 217 219","212:214 220:214 220:219"
"روشن پور کے بلوائی","شیلا رانی",1,"385","380:390"
"روشن پور کے بلوائی","طلعت",2,"212 216","212:213 220:213"
"روشن پور کے بلوائی","عائشہ (علی کی سہیلی → بعد میں بیوی)",7,"282 382 447 448 451 457","278:287 380:384 452:442 452:443 452:444 452:450 452:462"
"روشن پور کے بلوائی","عذرا",24,"207 208 209 212 216 218 219 221 275 277 278 375 376 377 378 379 452","212:202 212:203 212:204 212:205 212:206 212:212 220:212 220:213 220:216 220:217 220:218 220:219 220:222 278:273 278:276 278:277 278:278 380:371 380:373 380:374 380:377 380:378 380:379 452:453"
"روشن پور کے بلوائی","علی (نعیم کا بیٹا)",12,"108 213 217 274 280 382 447 448 451 452","112:104 212:214 220:214 278:270 278:283 380:385 452:442 452:443 452:444 452:445 452:450 452:452"
"روشن پور کے بلوائی","غیث",2,"213 217","212:214 220:214"
"روشن پور کے بلوائی","فہمیدہ (نجمی/مجھی)",4,"375 376 379 452","380:370 380:372 380:379 452:453"
"روشن پور کے بلوائی","قیدی نمبر 17",1,"273","278:269"
"روشن پور کے بلوائی","لال (ٹائم کیپر)",2,"207 282","212:203 278:287"
"روشن پور کے بلوائی","لیلی (رقاصہ)",1,"113","112:114"
"روشن پور کے بلوائی","محمد علی جناح",2,"280 453","278:283 452:454"
"روشن پور کے بلوائی","منشی (لگان والا)",1,"454","452:457"
"روشن پور کے بلوائی","مولانا حسین احمد مدنی",1,"280","278:283"
"روشن پور کے بلوائی","مولانا شبیر احمد عثمانی",1,"280","278:283"
"روشن پور کے بلوائی","مولانا شوکت علی",1,"280","278:283"
"روشن پور کے بلوائی","مولانا محمد علی",1,"280","278:283"
"روشن پور کے بلوائی","مہندر (جیل اوورسیئر نمبر 19)",7,"107 108 109 273 275","112:103 112:104 112:105 112:106 278:268 278:269 278:272"
"روشن پور کے بلوائی","نعیم",45,"107 108 109 110 111 112 207 208 211 212 216 217 218 219 221 273 275 277 278 376 377 378 380 447 448 449 451 452","112:102 112:103 112:104 112:105 112:106 112:107 112:108 112:109 112:110 112:111 112:112 212:202 212:203 212:204 212:205 212:211 212:212 220:212 220:213 220:214 220:215 220:216 220:217 220:219 220:222 278:268 278:269 278:272 278:276 278:278 380:373 380:374 380:375 380:376 380:377 380:381 452:442 452:443 452:444 452:445 452:446 452:447 452:450 452:451 452:453"
"روشن پور کے بلوائی","نعیم اور عذرا کی بیٹی",2,"217 221","212:222 220:222"
"روشن پور کے بلوائی","پرنس آف ویلز",1,"223","220:226"
"روشن پور کے بلوائی","پروفیسر اقبال سنگھ",1,"276","278:274"
"روشن پور کے بلوائی","پرویز",9,"211 212 216 217 219 275 277 454","212:211 212:213 220:213 220:214 220:215 220:219 278:273 278:277 452:456"
"روشن پور کے بلوائی","ڈاکٹر امبید کر",1,"276","278:274"
"روشن پور کے بلوائی","ڈاکٹر انصاری",5,"216 220 377 378 379","212:221 220:221 380:374 380:376 380:378"
"روشن پور کے بلوائی","ڈاکٹر محمد اقبال",1,"280","278:283"
"روشن پور کے بلوائی","کانگریس سیکرٹری (نام نہیں دیا گیا)",1,"452","452:453"
"روشن پور کے بلوائی","کھدر پوش لیڈر (کلکتہ)",1,"225","220:230"
"روشن پور کے بلوائی","گدھے والا کمین",3,"215 219 274","212:218 220:218 278:270"
"روشن پور کے بلوائی","گنجا علی بخش",1,"282","278:287"
"روشن پور کے بلوائی","گنجا فورمین",1,"381","380:383"
"روشن پور کے بلوائی","گورنر بنگال",1,"452","452:453"
"روشن پور کے بلوائی","یونس",1,"383","380:387"
"روشن پور کے بلوائی","یونین پریزیڈنٹ",1,"385","380:390"
"ریاض","سپاہی گروہ (بازار چھاپہ)",3,"90 91 364","86:94 89:94 369:359"
"ریاض","شیریں",1,"335","330:340"
"ریاض","عائشہ (علی کی سہیلی → بعد میں بیوی)",2,"330 332","325:335 330:335"
"ریاض","عذرا",8,"325 327 328 330 364 366 368 370","325:325 330:325 330:327 330:330 369:360 369:363 369:367 369:371"
"ریاض","علی (نعیم کا بیٹا)",8,"89 91 120 121 322 328 330 364","86:93 89:93 116:125 117:125 325:320 325:331 330:331 369:359"
"ریاض","عمران (ماسٹر ڈل)",12,"323 324 325 327 328 335 365 367 368","325:322 325:323 325:324 325:325 330:325 330:326 330:327 330:340 369:362 369:365 369:366 369:368"
"ریاض","فرحت",3,"325 327 330","325:325 330:325 330:330"
"ریاض","فضل (فیکٹری مزدور)",1,"333","330:337"
"ریاض","فہمیدہ (نجمی/مجھی)",15,"324 325 327 328 331 365 366 367 368 369","325:323 325:324 325:325 330:325 330:326 330:327 330:332 369:362 369:363 369:364 369:365 369:366 369:367 369:368 369:369"
"ریاض","لال (ٹائم کیپر)",2,"80 320","82:78 325:316"
"ریاض","لیلی (رقاصہ)",7,"115 117 320 324 327 330","116:114 116:118 117:118 325:315 325:324 325:330 330:330"
"ریاض","منشی (لگان والا)",2,"120 121","116:125 117:125"
"ریاض","مہندر (جیل اوورسیئر نمبر 19)",8,"77 78 79 80 111","82:73 82:74 82:75 82:76 82:77 82:78 82:79 116:106"
"ریاض","نعیم",34,"77 80 81 82 84 85 86 87 88 89 111 112 113 114 115 116 117 320 321 322 365 368 371","82:72 82:79 82:80 82:82 86:82 86:83 86:84 86:85 86:86 89:86 89:87 89:88 89:89 116:106 116:107 116:108 116:109 116:110 116:111 116:112 116:113 116:114 116:116 117:116 117:117 325:315 325:316 325:317 325:318 325:319 369:361 369:367 369:368 369:373"
"ریاض","نوری",2,"325 327","325:325 330:325"
"ریاض","وزیر خان",1,"321","325:318"
"ریاض","پرنس آف ویلز",2,"328 331","325:332 330:332"
"ریاض","پروفیسر برمن",1,"366","369:364"
"ریاض","پرویز",7,"323 328 331 367 368 369","325:322 325:332 330:332 369:366 369:367 369:368 369:369"
"ریاض","چیف انجینئر (فیکٹری)",2,"329 332","325:334 330:334"
"ریاض","ڈاکٹر انصاری",1,"371","369:374"
"ریاض","گنجا علی بخش",2,"329 332","325:334 330:334"
"ریاض","گنجا فورمین",2,"329 332","325:334 330:334"
"زہرہ بیگم (لاہور بازار)","سپاہی گروہ (بازار چھاپہ)",1,"342","343:341"
"زہرہ بیگم (لاہور بازار)","شیریں",2,"341 347","343:340 343:351"
"زہرہ بیگم (لاہور بازار)","عائشہ (علی کی سہیلی → بعد میں بیوی)",2,"339","343:335 343:336"
"زہرہ بیگم (لاہور بازار)","عذرا",1,"344","343:346"
"زہرہ بیگم (لاہور بازار)","علی (نعیم کا بیٹا)",10,"338 339 340 341 342 343","343:333 343:334 343:335 343:336 343:337 343:338 343:339 343:341 343:342 343:343"
"زہرہ بیگم (لاہور بازار)","عمران (ماسٹر ڈل)",1,"341","343:340"
"زہرہ بیگم (لاہور بازار)","فرخندہ",1,"347","343:351"
"زہرہ بیگم (لاہور بازار)","فضل (فیکٹری مزدور)",2,"340 341","343:337 343:339"
"زہرہ بیگم (لاہور بازار)","منشی (لگان والا)",1,"344","343:346"
"زہرہ بیگم (لاہور بازار)","منو",1,"347","343:351"
"زہرہ بیگم (لاہور بازار)","نعیم",1,"344","343:346"
"زہرہ بیگم (لاہور بازار)","نعیم اور عذرا کی بیٹی",1,"342","343:342"
"زہرہ بیگم (لاہور بازار)","چیف انجینئر (فیکٹری)",1,"338","343:334"
"زہرہ بیگم (لاہور بازار)","کمال",1,"343","343:343"
"زہرہ بیگم (لاہور بازار)","گدھے والا کمین",1,"343","343:344"
"زہرہ بیگم (لاہور بازار)","گنجا علی بخش",2,"338 340","343:334 343:338"
"زہرہ بیگم (لاہور بازار)","گنجا فورمین",2,"338 340","343:334 343:338"
"سر آغا خان سوم","سر محمد شفیع",2,"284 285","284:285 285:285"
"سر آغا خان سوم","سرخ داڑھی والا کسان",3,"286 287 293","284:289 285:289 297:289"
"سر آغا خان سوم","سرخ داڑھی والا گوریلا",3,"286 287 293","284:289 285:289 297:289"
"سر آغا خان سوم","سلیم سپروائزر",3,"285 286 292","284:287 285:287 297:287"
"سر آغا خان سوم","سنتوکھ سنگھ",4,"285 286 292","284:287 285:287 297:287 297:288"
"سر آغا خان سوم","عائشہ (علی کی سہیلی → بعد میں بیوی)",3,"285 286 292","284:287 285:287 297:287"
"سر آغا خان سوم","عذرا",14,"280 281 282 283 284 288 294 295 297 298","284:276 284:277 284:278 284:280 284:281 284:282 284:284 285:284 285:291 297:291 297:293 297:297 298:297 298:298"
"سر آغا خان سوم","علی (نعیم کا بیٹا)",14,"283 284 285 292 293 294 295 296 297","284:283 284:285 285:285 297:287 297:288 297:289 297:290 297:292 297:293 297:294 297:295 297:296 297:297 298:297"
"سر آغا خان سوم","لال (ٹائم کیپر)",3,"285 286 292","284:287 285:287 297:287"
"سر آغا خان سوم","محمد علی جناح",3,"283 284 285","284:283 284:285 285:285"
"سر آغا خان سوم","مولانا حسین احمد مدنی",1,"283","284:283"
"سر آغا خان سوم","مولانا شبیر احمد عثمانی",1,"283","284:283"
"سر آغا خان سوم","مولانا شوکت علی",1,"283","284:283"
"سر آغا خان سوم","مولانا محمد علی",3,"283 284 285","284:283 284:285 285:285"
"سر آغا خان سوم","نعیم",19,"280 281 282 283 284 288 294 295 296 297 298","284:276 284:278 284:279 284:280 284:281 284:282 284:283 284:284 285:284 285:291 297:291 297:292 297:293 297:294 297:295 297:296 297:297 298:297 298:298"
"سر آغا خان سوم","وزیر خان",2,"300","297:303 298:303"
"سر آغا خان سوم","پرتاپے",3,"286 287 293","284:289 285:289 297:289"
"سر آغا خان سوم","پرنس آف ویلز",2,"297 298","297:298 298:298"
"سر آغا خان سوم","پروفیسر اقبال سنگھ",1,"279","284:274"
"سر آغا خان سوم","پرویز",1,"280","284:277"
"سر آغا خان سوم","ڈاکٹر امبید کر",1,"279","284:274"
"سر آغا خان سوم","ڈاکٹر محمد اقبال",1,"283","284:283"
"سر آغا خان سوم","کیپٹن وڈ",2,"299 300","297:302 298:302"
"سر آغا خان سوم","گنجا علی بخش",3,"285 286 292","284:287 285:287 297:287"
"سر لارنس","سلیم سپروائزر",2,"400 404","401:400 401:407"
"سر لارنس","عذرا",7,"397 398 399 400","401:393 401:394 401:395 401:396 401:397 401:398 401:399"
"سر لارنس","علی (نعیم کا بیٹا)",3,"396 400 406","401:392 401:400 401:411"
"سر لارنس","فہمیدہ (نجمی/مجھی)",1,"397","401:393"
"سر لارنس","مل کا مالک",1,"400","401:400"
"سر لارنس","نعیم",8,"397 398 399 400 401","401:393 401:394 401:395 401:396 401:397 401:398 401:399 401:401"
"سر لارنس","نعیم اور عذرا کی بیٹی",1,"396","401:392"
"سر لارنس","پرویز",3,"397 398","401:393 401:394 401:395"
"سر لارنس","چیف انجینئر (فیکٹری)",1,"400","401:400"
"سر لارنس","کمال",1,"400","401:400"
"سر لارنس","گنجا فورمین",3,"396 400 406","401:392 401:400 401:411"
"سر محمد شفیع","سرخ داڑھی والا کسان",1,"287","285:289"
"سر محمد شفیع","سرخ داڑھی والا گوریلا",1,"287","285:289"
"سر محمد شفیع","سلیم سپروائزر",1,"286","285:287"
"سر محمد شفیع","سنتوکھ سنگھ",1,"286","285:287"
"سر محمد شفیع","عائشہ (علی کی سہیلی → بعد میں بیوی)",1,"286","285:287"
"سر محمد شفیع","عذرا",8,"280 281 282 283 284 288","285:276 285:277 285:278 285:280 285:281 285:282 285:284 285:291"
"سر محمد شفیع","علی (نعیم کا بیٹا)",2,"284 285","285:283 285:285"
"سر محمد شفیع","لال (ٹائم کیپر)",1,"286","285:287"
"سر محمد شفیع","محمد علی جناح",2,"284 285","285:283 285:285"
"سر محمد شفیع","مولانا حسین احمد مدنی",1,"284","285:283"
"سر محمد شفیع","مولانا شبیر احمد عثمانی",1,"284","285:283"
"سر محمد شفیع","مولانا شوکت علی",1,"284","285:283"
"سر محمد شفیع","مولانا محمد علی",2,"284 285","285:283 285:285"
"سر محمد شفیع","نعیم",9,"280 281 282 283 284 288","285:276 285:278 285:279 285:280 285:281 285:282 285:283 285:284 285:291"
"سر محمد شفیع","پرتاپے",1,"287","285:289"
"سر محمد شفیع","پرویز",1,"281","285:277"
"سر محمد شفیع","ڈاکٹر محمد اقبال",1,"284","285:283"
"سر محمد شفیع","گنجا علی بخش",1,"286","285:287"
"سرخ داڑھی والا کسان","سرخ داڑھی والا گوریلا",1,"289","289:289"
"سرخ داڑھی والا کسان","سلیم سپروائزر",1,"288","289:287"
"سرخ داڑھی والا کسان","سنتوکھ سنگھ",2,"288","289:287 289:288"
"سرخ داڑھی والا کسان","عائشہ (علی کی سہیلی → بعد میں بیوی)",1,"288","289:287"
"سرخ داڑھی والا کسان","عذرا",5,"284 285 286 290","289:280 289:281 289:282 289:284 289:291"
"سرخ داڑھی والا کسان","علی (نعیم کا بیٹا)",6,"286 287 288 289","289:283 289:285 289:286 289:287 289:288 289:289"
"سرخ داڑھی والا کسان","لال (ٹائم کیپر)",1,"288","289:287"
"سرخ داڑھی والا کسان","محمد علی جناح",2,"286 287","289:283 289:285"
"سرخ داڑھی والا کسان","مولانا حسین احمد مدنی",1,"286","289:283"
"سرخ داڑھی والا کسان","مولانا شبیر احمد عثمانی",1,"286","289:283"
"سرخ داڑھی والا کسان","مولانا شوکت علی",1,"286","289:283"
"سرخ داڑھی والا کسان","مولانا محمد علی",2,"286 287","289:283 289:285"
"سرخ داڑھی والا کسان","نعیم",7,"284 285 286 290","289:279 289:280 289:281 289:282 289:283 289:284 289:291"
"سرخ داڑھی والا کسان","پرتاپے",1,"289","289:289"
"سرخ داڑھی والا کسان","پرنس آف ویلز",1,"293","289:298"
"سرخ داڑھی والا کسان","ڈاکٹر محمد اقبال",1,"286","289:283"
"سرخ داڑھی والا کسان","گنجا علی بخش",1,"288","289:287"
"سرخ داڑھی والا گوریلا","سلیم سپروائزر",1,"288","289:287"
"سرخ داڑھی والا گوریلا","سنتوکھ سنگھ",2,"288","289:287 289:288"
"سرخ داڑھی والا گوریلا","شیلا رانی",7,"173 174 175 176","178:168 178:169 178:170 178:171 178:173 178:174 178:175"
"سرخ داڑھی والا گوریلا","عائشہ (علی کی سہیلی → بعد میں بیوی)",1,"288","289:287"
"سرخ داڑھی والا گوریلا","عذرا",6,"174 284 285 286 290","178:170 289:280 289:281 289:282 289:284 289:291"
"سرخ داڑھی والا گوریلا","علی (نعیم کا بیٹا)",7,"181 286 287 288 289","178:185 289:283 289:285 289:286 289:287 289:288 289:289"
"سرخ داڑھی والا گوریلا","غیث",1,"175","178:172"
"سرخ داڑھی والا گوریلا","لال (ٹائم کیپر)",1,"288","289:287"
"سرخ داڑھی والا گوریلا","محمد علی جناح",2,"286 287","289:283 289:285"
"سرخ داڑھی والا گوریلا","مدن رائے",1,"178","178:178"
"سرخ داڑھی والا گوریلا","منو",1,"183","178:188"
"سرخ داڑھی والا گوریلا","مولانا حسین احمد مدنی",1,"286","289:283"
"سرخ داڑھی والا گوریلا","مولانا شبیر احمد عثمانی",1,"286","289:283"
"سرخ داڑھی والا گوریلا","مولانا شوکت علی",1,"286","289:283"
"سرخ داڑھی والا گوریلا","مولانا محمد علی",2,"286 287","289:283 289:285"
"سرخ داڑھی والا گوریلا","نعیم",16,"173 174 175 176 177 178 284 285 286 290","178:168 178:169 178:170 178:171 178:173 178:174 178:175 178:177 178:178 289:279 289:280 289:281 289:282 289:283 289:284 289:291"
"سرخ داڑھی والا گوریلا","پرتاپے",1,"289","289:289"
"سرخ داڑھی والا گوریلا","پرنس آف ویلز",1,"293","289:298"
"سرخ داڑھی والا گوریلا","پرویز",1,"175","178:172"
"سرخ داڑھی والا گوریلا","ڈاکٹر محمد اقبال",1,"286","289:283"
"سرخ داڑھی والا گوریلا","کمال",1,"182","178:187"
"سرخ داڑھی والا گوریلا","گدھے والا کمین",1,"177","178:177"
"سرخ داڑھی والا گوریلا","گنجا علی بخش",1,"288","289:287"
"سلیم سپروائزر","سنتوکھ سنگھ",1,"287","287:287"
"سلیم سپروائزر","شیریں",3,"196 197","201:191 201:193 201:194"
"سلیم سپروائزر","شیلا رانی",7,"159 160 162 385 395 484","161:157 161:158 161:159 161:164 380:390 400:390 481:488"
"سلیم سپروائزر","طلعت",1,"196","201:191"
"سلیم سپروائزر","عائشہ (علی کی سہیلی → بعد میں بیوی)",6,"287 382 395 479 480","287:287 380:384 400:390 481:477 481:478 481:479"
"سلیم سپروائزر","عذرا",37,"10 12 13 16 17 157 165 196 197 198 201 282 283 284 285 289 375 376 377 378 379 396 397 398 399 411 414 479 483","15:6 15:9 15:10 15:12 15:18 16:18 161:154 161:170 201:191 201:193 201:194 201:195 201:201 287:277 287:278 287:280 287:281 287:282 287:284 287:291 380:371 380:373 380:374 380:377 380:378 380:379 400:393 400:394 400:395 400:396 400:397 400:398 400:399 407:415 413:415 481:478 481:486"
"سلیم سپروائزر","علی (نعیم کا بیٹا)",26,"13 14 15 16 200 201 285 286 287 382 395 396 400 403 409 412 413 478 479 480 484","15:11 15:13 15:14 15:15 16:15 16:17 201:199 201:200 201:201 287:283 287:285 287:286 287:287 380:385 400:390 400:392 400:400 407:400 407:411 413:411 413:413 481:476 481:477 481:478 481:479 481:487"
"سلیم سپروائزر","عمران (ماسٹر ڈل)",1,"483","481:486"
"سلیم سپروائزر","غیث",1,"196","201:191"
"سلیم سپروائزر","فہمیدہ (نجمی/مجھی)",7,"17 18 375 376 379 396 481","15:20 16:20 380:370 380:372 380:379 400:393 481:482"
"سلیم سپروائزر","لال (ٹائم کیپر)",4,"12 202 287 484","15:9 201:203 287:287 481:488"
"سلیم سپروائزر","محمد علی جناح",2,"285 286","287:283 287:285"
"سلیم سپروائزر","مدن رائے",3,"161 476 480","161:161 481:472 481:480"
"سلیم سپروائزر","مسعود",1,"481","481:481"
"سلیم سپروائزر","مل کا مالک",4,"400 403 410 413","400:400 407:400 407:413 413:413"
"سلیم سپروائزر","منشی (لگان والا)",1,"200","201:200"
"سلیم سپروائزر","مولانا حسین احمد مدنی",1,"285","287:283"
"سلیم سپروائزر","مولانا شبیر احمد عثمانی",1,"285","287:283"
"سلیم سپروائزر","مولانا شوکت علی",1,"285","287:283"
"سلیم سپروائزر","مولانا محمد علی",2,"285 286","287:283 287:285"
"سلیم سپروائزر","مہندر (جیل اوورسیئر نمبر 19)",1,"199","201:197"
"سلیم سپروائزر","نعیم",60,"10 11 12 13 16 156 157 158 159 160 161 196 198 199 200 201 282 283 284 285 289 376 377 378 380 396 397 398 399 400 404 405 406 407 410 411 414 476 478 479 480 482","15:5 15:8 15:9 15:10 15:12 15:17 16:17 161:151 161:152 161:154 161:155 161:156 161:157 161:158 161:159 161:161 201:192 201:196 201:197 201:198 201:199 201:200 201:201 287:278 287:279 287:280 287:281 287:282 287:283 287:284 287:291 380:373 380:374 380:375 380:376 380:377 380:381 400:393 400:394 400:395 400:396 400:397 400:398 400:399 400:401 407:401 407:402 407:403 407:405 407:407 413:407 413:408 413:409 413:410 413:415 481:471 481:476 481:477 481:479 481:484"
"سلیم سپروائزر","نعیم اور عذرا کی بیٹی",3,"18 396","15:21 16:21 400:392"
"سلیم سپروائزر","نور دین",1,"484","481:487"
"سلیم سپروائزر","نوری",1,"483","481:486"
"سلیم سپروائزر","پرتاپے",1,"288","287:289"
"سلیم سپروائزر","پرویز",11,"12 16 17 196 206 282 396 397 481","15:9 15:10 15:18 16:18 201:191 201:211 287:277 400:393 400:394 400:395 481:481"
"سلیم سپروائزر","چیف انجینئر (فیکٹری)",4,"400 403 410 413","400:400 407:400 407:413 413:413"
"سلیم سپروائزر","ڈاکٹر انصاری",3,"377 378 379","380:374 380:376 380:378"
"سلیم سپروائزر","ڈاکٹر محمد اقبال",1,"285","287:283"
"سلیم سپروائزر","کانگریس سیکرٹری (نام نہیں دیا گیا)",6,"10 157 158 411 414","15:5 161:154 161:155 161:156 407:415 413:415"
"سلیم سپروائزر","کمال",6,"16 400 403 478 481","15:17 16:17 400:400 407:400 481:475 481:482"
"سلیم سپروائزر","گدھے والا کمین",1,"200","201:200"
"سلیم سپروائزر","گنجا علی بخش",1,"287","287:287"
"سلیم سپروائزر","گنجا فورمین",7,"381 396 400 403 409 412 413","380:383 400:392 400:400 407:400 407:411 413:411 413:413"
"سلیم سپروائزر","گورنر بنگال",1,"161","161:161"
"سلیم سپروائزر","ہری چند",2,"157 158","161:154 161:155"
"سلیم سپروائزر","یونس",1,"383","380:387"
"سلیم سپروائزر","یونین پریزیڈنٹ",2,"385 395","380:390 400:390"
"سلیمان (بنٹے والا لڑکا)","عائشہ (علی کی سہیلی → بعد میں بیوی)",1,"255","255:255"
"سلیمان (بنٹے والا لڑکا)","عائشہ کی ماں (علی کی خالہ)",1,"257","255:259"
"سلیمان (بنٹے والا لڑکا)","عذرا",1,"258","255:262"
"سلیمان (بنٹے والا لڑکا)","علی (نعیم کا بیٹا)",2,"252 255","255:249 255:255"
"سلیمان (بنٹے والا لڑکا)","عمران (ماسٹر ڈل)",1,"252","255:249"
"سلیمان (بنٹے والا لڑکا)","لال (ٹائم کیپر)",1,"256","255:258"
"سلیمان (بنٹے والا لڑکا)","مہندر (جیل اوورسیئر نمبر 19)",2,"252 259","255:249 255:263"
"سلیمان (بنٹے والا لڑکا)","نعیم",11,"250 251 252 253 254 257","255:245 255:246 255:247 255:248 255:249 255:250 255:251 255:252 255:253 255:254 255:260"
"سلیمان (بنٹے والا لڑکا)","نعیم اور عذرا کی بیٹی",1,"252","255:249"
"سلیمان (بنٹے والا لڑکا)","پرویز",1,"260","255:265"
"سنتوکھ سنگھ","عائشہ (علی کی سہیلی → بعد میں بیوی)",2,"287","287:287 288:287"
"سنتوکھ سنگھ","عذرا",8,"282 283 284 285 289","287:277 287:278 287:280 287:281 287:282 287:284 287:291 288:291"
"سنتوکھ سنگھ","علی (نعیم کا بیٹا)",6,"285 286 287 288","287:283 287:285 287:286 287:287 288:287 288:288"
"سنتوکھ سنگھ","لال (ٹائم کیپر)",2,"287","287:287 288:287"
"سنتوکھ سنگھ","محمد علی جناح",2,"285 286","287:283 287:285"
"سنتوکھ سنگھ","مولانا حسین احمد مدنی",1,"285","287:283"
"سنتوکھ سنگھ","مولانا شبیر احمد عثمانی",1,"285","287:283"
"سنتوکھ سنگھ","مولانا شوکت علی",1,"285","287:283"
"سنتوکھ سنگھ","مولانا محمد علی",2,"285 286","287:283 287:285"
"سنتوکھ سنگھ","نعیم",9,"282 283 284 285 289","287:278 287:279 287:280 287:281 287:282 287:283 287:284 287:291 288:291"
"سنتوکھ سنگھ","پرتاپے",2,"288","287:289 288:289"
"سنتوکھ سنگھ","پرنس آف ویلز",1,"293","288:298"
"سنتوکھ سنگھ","پرویز",1,"282","287:277"
"سنتوکھ سنگھ","ڈاکٹر محمد اقبال",1,"285","287:283"
"سنتوکھ سنگھ","گنجا علی بخش",2,"287","287:287 288:287"
"سپاہی گروہ (بازار چھاپہ)","شیریں",3,"340 346 355","341:340 341:351 359:351"
"سپاہی گروہ (بازار چھاپہ)","عائشہ (علی کی سہیلی → بعد میں بیوی)",3,"338 357","341:335 341:336 359:356"
"سپاہی گروہ (بازار چھاپہ)","عذرا",8,"336 343 354 355 356 359","341:332 341:346 359:349 359:350 359:351 359:352 359:353 359:360"
"سپاہی گروہ (بازار چھاپہ)","علی (نعیم کا بیٹا)",21,"65 66 93 97 101 103 336 337 338 339 340 341 356 357 358 359","65:65 67:65 94:93 94:100 103:100 103:104 341:331 341:333 341:334 341:335 341:336 341:337 341:338 341:339 341:341 359:354 359:355 359:356 359:357 359:358 359:359"
"سپاہی گروہ (بازار چھاپہ)","عمران (ماسٹر ڈل)",2,"340 360","341:340 359:362"
"سپاہی گروہ (بازار چھاپہ)","فرخندہ",2,"346 355","341:351 359:351"
"سپاہی گروہ (بازار چھاپہ)","فضل (فیکٹری مزدور)",2,"339 340","341:337 341:339"
"سپاہی گروہ (بازار چھاپہ)","فہمیدہ (نجمی/مجھی)",2,"336 360","341:332 359:362"
"سپاہی گروہ (بازار چھاپہ)","لال (ٹائم کیپر)",3,"64 73","65:63 68:78 69:78"
"سپاہی گروہ (بازار چھاپہ)","لیلی (رقاصہ)",4,"68 69 70","65:71 67:71 68:71 69:71"
"سپاہی گروہ (بازار چھاپہ)","منشی (لگان والا)",1,"343","341:346"
"سپاہی گروہ (بازار چھاپہ)","منو",2,"346 355","341:351 359:351"
"سپاہی گروہ (بازار چھاپہ)","مہندر (جیل اوورسیئر نمبر 19)",11,"60 61 62 63 68 69 70 98 103","65:55 65:56 65:57 65:60 65:61 65:71 67:71 68:71 69:71 94:103 103:103"
"سپاہی گروہ (بازار چھاپہ)","نعیم",40,"60 61 62 63 65 66 67 68 69 89 90 91 92 93 94 98 99 100 101 102 103 343 354 355 356 357 360","65:55 65:56 65:57 65:58 65:59 65:60 65:61 65:65 67:65 67:66 67:67 68:67 68:68 69:68 69:69 94:84 94:85 94:86 94:87 94:88 94:89 94:90 94:91 94:92 94:94 103:94 103:96 103:97 103:98 103:100 103:101 103:102 103:103 341:346 359:349 359:352 359:354 359:355 359:356 359:361"
"سپاہی گروہ (بازار چھاپہ)","نعیم اور عذرا کی بیٹی",1,"341","341:342"
"سپاہی گروہ (بازار چھاپہ)","پرنس آف ویلز",1,"336","341:332"
"سپاہی گروہ (بازار چھاپہ)","پروفیسر برمن",1,"361","359:364"
"سپاہی گروہ (بازار چھاپہ)","پرویز",3,"61 336 362","65:57 341:332 359:366"
"سپاہی گروہ (بازار چھاپہ)","چیف انجینئر (فیکٹری)",1,"337","341:334"
"سپاہی گروہ (بازار چھاپہ)","کمال",1,"342","341:343"
"سپاہی گروہ (بازار چھاپہ)","گدھے والا کمین",1,"342","341:344"
"سپاہی گروہ (بازار چھاپہ)","گنجا علی بخش",2,"337 339","341:334 341:338"
"سپاہی گروہ (بازار چھاپہ)","گنجا فورمین",2,"337 339","341:334 341:338"
"شیریں","طلعت",3,"191 192 213","191:191 193:191 214:213"
"شیریں","عائشہ (علی کی سہیلی → بعد میں بیوی)",3,"337 338 353","340:335 340:336 351:356"
"شیریں","عذرا",24,"191 192 193 194 209 210 213 215 217 218 219 335 336 343 348 349 350 351","191:191 193:191 193:193 194:193 194:194 214:204 214:205 214:206 214:212 214:213 214:216 219:216 219:217 219:218 219:219 340:330 340:332 340:346 351:346 351:347 351:348 351:349 351:350 351:351"
"شیریں","علی (نعیم کا بیٹا)",24,"188 189 190 195 196 214 216 335 336 337 338 339 340 346 347 348 352","191:185 191:188 191:190 191:199 193:199 194:199 214:214 219:214 340:331 340:333 340:334 340:335 340:336 340:337 340:338 340:339 340:341 351:341 351:342 351:343 351:344 351:345 351:346 351:354"
"شیریں","عمران (ماسٹر ڈل)",1,"340","340:340"
"شیریں","غیث",4,"191 192 214 216","191:191 193:191 214:214 219:214"
"شیریں","فرحت",1,"335","340:330"
"شیریں","فرخندہ",1,"351","351:351"
"شیریں","فضل (فیکٹری مزدور)",2,"338 339","340:337 340:339"
"شیریں","فہمیدہ (نجمی/مجھی)",1,"336","340:332"
"شیریں","لال (ٹائم کیپر)",2,"198","193:203 194:203"
"شیریں","لیلی (رقاصہ)",1,"335","340:330"
"شیریں","منشی (لگان والا)",5,"195 196 197 343 348","191:200 193:200 194:200 340:346 351:346"
"شیریں","منو",2,"189 351","191:188 351:351"
"شیریں","مہندر (جیل اوورسیئر نمبر 19)",3,"194 195","191:197 193:197 194:197"
"شیریں","نعیم",29,"186 187 188 189 191 192 194 195 209 212 213 214 216 217 218 219 343 348 349 350 351","191:181 191:182 191:183 191:184 191:185 191:186 191:187 191:188 191:192 193:192 193:196 194:196 214:204 214:205 214:211 214:212 214:213 214:214 219:214 219:215 219:216 219:217 219:219 340:346 351:346 351:347 351:348 351:349 351:352"
"شیریں","نعیم اور عذرا کی بیٹی",4,"218 220 341 346","214:222 219:222 340:342 351:342"
"شیریں","پرنس آف ویلز",2,"222 336","219:226 340:332"
"شیریں","پرویز",9,"191 192 212 213 214 216 217 219 336","191:191 193:191 214:211 214:213 214:214 219:214 219:215 219:219 340:332"
"شیریں","چیف انجینئر (فیکٹری)",1,"337","340:334"
"شیریں","ڈاکٹر انصاری",2,"217 220","214:221 219:221"
"شیریں","کمال",3,"189 341 347","191:187 340:343 351:343"
"شیریں","گدھے والا کمین",7,"195 196 197 216 218 342 347","191:200 193:200 194:200 214:218 219:218 340:344 351:344"
"شیریں","گنجا علی بخش",2,"337 339","340:334 340:338"
"شیریں","گنجا فورمین",2,"337 339","340:334 340:338"
"شیلا رانی","عائشہ (علی کی سہیلی → بعد میں بیوی)",7,"387 390 466 467 473 483","390:384 390:390 470:462 470:464 470:477 488:478 488:479"
"شیلا رانی","عذرا",16,"149 150 155 167 168 169 170 391 467 474 483 487 489","144:154 146:154 157:154 164:170 166:170 167:170 168:170 169:170 170:170 171:170 390:393 470:464 470:478 488:478 488:486 488:491"
"شیلا رانی","علی (نعیم کا بیٹا)",18,"180 387 388 390 465 466 467 468 469 473 483 487 488","175:185 390:385 390:386 390:387 390:390 470:461 470:462 470:463 470:464 470:466 470:467 470:468 470:469 470:476 488:478 488:479 488:487 488:488"
"شیلا رانی","عمران (ماسٹر ڈل)",2,"487 490","488:486 488:493"
"شیلا رانی","غیث",8,"168 169 170 171 172","164:172 166:172 167:172 168:172 169:172 170:172 171:172 173:172"
"شیلا رانی","فہمیدہ (نجمی/مجھی)",4,"391 485 486 489","390:393 488:482 488:485 488:491"
"شیلا رانی","لال (ٹائم کیپر)",1,"488","488:488"
"شیلا رانی","مادھوکر",8,"143 144 145 146 152","141:145 142:145 143:145 144:145 146:145 146:146 157:147 157:148"
"شیلا رانی","مدن رائے",25,"141 142 143 144 145 146 152 153 159 160 162 163 173 174 175 176 471 484","141:142 142:142 143:142 143:143 144:143 144:144 146:144 146:146 157:148 157:149 157:150 157:161 158:161 159:161 164:161 164:163 168:178 169:178 170:178 171:178 173:178 174:178 175:178 470:472 488:480"
"شیلا رانی","مسعود",6,"484 485 486 491","488:481 488:482 488:483 488:484 488:485 488:494"
"شیلا رانی","مل کا مالک",1,"395","390:400"
"شیلا رانی","منشی (لگان والا)",1,"136","141:132"
"شیلا رانی","مہندر (جیل اوورسیئر نمبر 19)",1,"137","141:134"
"شیلا رانی","نعیم",66,"136 137 138 139 140 141 142 143 144 145 146 152 153 154 155 156 157 158 159 161 162 163 164 165 166 167 168 169 170 171 172 173 174 175 385 391 465 466 470 483 486 487 492","141:131 141:132 141:133 141:134 141:135 141:136 141:137 141:138 141:139 141:140 141:141 142:141 142:142 143:142 143:143 144:143 144:144 146:144 146:145 146:146 157:147 157:148 157:150 157:151 157:152 157:154 157:155 157:156 157:157 158:157 158:158 159:158 159:159 164:159 164:161 164:162 164:163 164:164 166:164 166:165 166:166 167:166 167:167 168:167 168:168 169:168 169:169 170:169 170:170 171:170 171:171 173:171 173:173 174:173 174:174 175:174 175:175 390:381 390:393 470:461 470:463 470:471 488:479 488:484 488:486 488:496"
"شیلا رانی","نعیم اور عذرا کی بیٹی",4,"141 142 391","141:142 142:142 143:142 390:392"
"شیلا رانی","نور دین",4,"469 487 488","470:468 470:469 488:487 488:489"
"شیلا رانی","نوری",1,"487","488:486"
"شیلا رانی","پرویز",13,"168 169 170 171 172 391 484 486 487 489","164:172 166:172 167:172 168:172 169:172 170:172 171:172 173:172 390:393 488:481 488:485 488:486 488:490"
"شیلا رانی","چیف انجینئر (فیکٹری)",1,"395","390:400"
"شیلا رانی","کانگریس سیکرٹری (نام نہیں دیا گیا)",6,"140 149 150 155 156","141:140 144:154 146:154 157:154 157:155 157:156"
"شیلا رانی","کمال",6,"395 469 472 485 487 488","390:400 470:468 470:475 488:482 488:487 488:488"
"شیلا رانی","گدھے والا کمین",8,"172 173 174 175 176","167:177 168:177 169:177 170:177 171:177 173:177 174:177 175:177"
"شیلا رانی","گنجا فورمین",4,"386 387 388 391","390:383 390:384 390:386 390:392"
"شیلا رانی","گورنر بنگال",5,"159 160 162 163","157:161 158:161 159:161 164:161 164:163"
"شیلا رانی","ہری چند",4,"149 150 155 156","144:154 146:154 157:154 157:155"
"شیلا رانی","یونس",1,"388","390:387"
"شیلا رانی","یونین پریزیڈنٹ",1,"390","390:390"
"طلعت","عذرا",7,"191 208 209 212 213","191:191 213:203 213:204 213:205 213:206 213:212 213:213"
"طلعت","علی (نعیم کا بیٹا)",5,"188 189 190 195 213","191:185 191:188 191:190 191:199 213:214"
"طلعت","غیث",2,"191 213","191:191 213:214"
"طلعت","لال (ٹائم کیپر)",1,"208","213:203"
"طلعت","منشی (لگان والا)",1,"195","191:200"
"طلعت","منو",1,"189","191:188"
"طلعت","مہندر (جیل اوورسیئر نمبر 19)",1,"194","191:197"
"طلعت","نعیم",15,"186 187 188 189 191 208 209 212 213","191:181 191:182 191:183 191:184 191:185 191:186 191:187 191:188 191:192 213:203 213:204 213:205 213:211 213:212 213:213"
"طلعت","نعیم اور عذرا کی بیٹی",1,"217","213:222"
"طلعت","پرویز",3,"191 212 213","191:191 213:211 213:213"
"طلعت","ڈاکٹر انصاری",1,"217","213:221"
"طلعت","کمال",1,"189","191:187"
"طلعت","گدھے والا کمین",2,"195 215","191:200 213:218"
"عائشہ (علی کی سہیلی → بعد میں بیوی)","عائشہ کی ماں (علی کی خالہ)",10,"241 242 243 257 258 259","241:242 242:242 243:242 243:243 244:243 255:259 256:259 257:259 258:259 259:259"
"عائشہ (علی کی سہیلی → بعد میں بیوی)","عذرا",48,"236 239 240 258 259 260 282 283 284 285 289 330 331 332 333 341 351 352 353 354 358 379 380 381 388 391 448 451 457 459 463 464 477 478 482","241:232 241:238 241:239 241:240 255:262 256:262 257:262 258:262 259:262 287:277 287:278 287:280 287:281 287:282 287:284 287:291 335:325 335:327 335:330 335:332 336:346 356:346 356:347 356:348 356:349 356:350 356:351 356:352 356:353 356:360 384:374 384:377 384:378 384:379 384:393 390:393 443:453 444:453 450:453 462:453 462:456 462:457 462:464 464:464 477:478 478:478 479:478 479:486"
"عائشہ (علی کی سہیلی → بعد میں بیوی)","علی (نعیم کا بیٹا)",62,"241 242 243 244 252 255 256 257 258 259 285 286 287 333 334 335 336 351 355 356 384 387 388 390 441 442 443 444 447 450 457 458 461 462 463 464 472 473 476 477 478 479","241:241 242:241 242:242 243:242 243:243 244:243 244:244 255:249 255:255 256:255 256:256 257:256 257:257 258:257 258:258 259:258 259:259 287:283 287:285 287:286 287:287 335:331 335:333 335:334 335:335 336:335 336:336 356:346 356:354 356:355 356:356 384:385 390:385 390:386 390:387 390:390 442:440 442:442 443:442 443:443 444:443 444:444 450:444 450:445 450:450 462:452 462:453 462:454 462:461 462:462 464:462 464:463 464:464 477:467 477:468 477:469 477:476 477:477 478:477 478:478 479:478 479:479"
"عائشہ (علی کی سہیلی → بعد میں بیوی)","عمران (ماسٹر ڈل)",14,"245 246 252 330 331 337 338 359 481 482","241:249 242:249 243:249 244:249 255:249 335:325 335:326 335:327 335:340 336:340 356:362 477:486 478:486 479:486"
"عائشہ (علی کی سہیلی → بعد میں بیوی)","فرحت",6,"262 263 330 332 440","257:267 258:267 259:267 335:325 335:330 442:438"
"عائشہ (علی کی سہیلی → بعد میں بیوی)","فرخندہ",1,"353","356:351"
"عائشہ (علی کی سہیلی → بعد میں بیوی)","فضل (فیکٹری مزدور)",5,"241 242 336","241:242 242:242 243:242 335:337 336:337"
"عائشہ (علی کی سہیلی → بعد میں بیوی)","فہمیدہ (نجمی/مجھی)",20,"330 331 333 359 381 388 391 438 439 440 448 451 457 459 479 480","335:325 335:326 335:327 335:332 356:362 384:379 384:393 390:393 442:435 442:436 442:437 442:438 443:453 444:453 450:453 462:453 462:456 477:482 478:482 479:482"
"عائشہ (علی کی سہیلی → بعد میں بیوی)","قیدی نمبر 17",1,"264","259:269"
"عائشہ (علی کی سہیلی → بعد میں بیوی)","لال (ٹائم کیپر)",9,"256 257 258 261 287 483","255:258 256:258 257:258 258:258 259:258 259:263 287:287 478:488 479:488"
"عائشہ (علی کی سہیلی → بعد میں بیوی)","لیلی (رقاصہ)",1,"332","335:330"
"عائشہ (علی کی سہیلی → بعد میں بیوی)","محمد علی جناح",5,"285 286 449 452 458","287:283 287:285 444:454 450:454 462:454"
"عائشہ (علی کی سہیلی → بعد میں بیوی)","مدن رائے",6,"467 468 474 478 479","462:472 464:472 477:472 477:480 478:480 479:480"
"عائشہ (علی کی سہیلی → بعد میں بیوی)","مسعود",7,"438 439 440 479 480","442:435 442:437 442:438 442:439 477:481 478:481 479:481"
"عائشہ (علی کی سہیلی → بعد میں بیوی)","مل کا مالک",1,"395","390:400"
"عائشہ (علی کی سہیلی → بعد میں بیوی)","منشی (لگان والا)",4,"341 351 453 459","336:346 356:346 450:457 462:457"
"عائشہ (علی کی سہیلی → بعد میں بیوی)","منو",1,"353","356:351"
"عائشہ (علی کی سہیلی → بعد میں بیوی)","مولانا حسین احمد مدنی",1,"285","287:283"
"عائشہ (علی کی سہیلی → بعد میں بیوی)","مولانا شبیر احمد عثمانی",1,"285","287:283"
"عائشہ (علی کی سہیلی → بعد میں بیوی)","مولانا شوکت علی",1,"285","287:283"
"عائشہ (علی کی سہیلی → بعد میں بیوی)","مولانا محمد علی",2,"285 286","287:283 287:285"
"عائشہ (علی کی سہیلی → بعد میں بیوی)","مہندر (جیل اوورسیئر نمبر 19)",10,"245 246 252 259 260 261","241:249 242:249 243:249 244:249 255:249 255:263 256:263 257:263 258:263 259:263"
"عائشہ (علی کی سہیلی → بعد میں بیوی)","نعیم",78,"236 239 240 241 242 244 250 251 252 253 254 257 258 259 282 283 284 285 289 341 351 352 354 355 356 379 380 382 388 391 437 438 441 442 443 444 447 448 450 457 458 459 461 462 463 467 474 476 477 478 479","241:232 241:238 241:239 241:240 241:242 242:242 243:242 243:245 244:245 255:245 255:246 255:247 255:248 255:249 255:250 255:251 255:252 255:253 255:254 255:260 256:260 257:260 258:260 259:260 287:278 287:279 287:280 287:281 287:282 287:283 287:284 287:291 336:346 356:346 356:347 356:348 356:349 356:352 356:354 356:355 356:356 384:374 384:375 384:376 384:377 384:381 384:393 390:393 442:432 442:434 442:435 442:440 442:441 442:442 443:442 443:443 444:443 444:444 450:444 450:445 450:446 450:447 450:450 462:453 462:454 462:455 462:456 462:457 462:461 462:463 464:463 464:471 477:471 477:476 477:477 478:477 478:479 479:479"
"عائشہ (علی کی سہیلی → بعد میں بیوی)","نعیم اور عذرا کی بیٹی",11,"237 245 246 252 338 339 388 391 441","241:233 241:249 242:249 243:249 244:249 255:249 335:342 336:342 384:392 390:392 442:440"
"عائشہ (علی کی سہیلی → بعد میں بیوی)","نور دین",7,"465 466 472 473 482 483","462:468 464:468 477:468 477:469 477:487 478:487 479:487"
"عائشہ (علی کی سہیلی → بعد میں بیوی)","نوری",4,"330 481 482","335:325 477:486 478:486 479:486"
"عائشہ (علی کی سہیلی → بعد میں بیوی)","پرتاپے",1,"288","287:289"
"عائشہ (علی کی سہیلی → بعد میں بیوی)","پرنس آف ویلز",3,"236 240 333","241:232 241:240 335:332"
"عائشہ (علی کی سہیلی → بعد میں بیوی)","پروفیسر برمن",5,"360 438 439 440","356:364 442:435 442:437 442:438 442:439"
"عائشہ (علی کی سہیلی → بعد میں بیوی)","پرویز",17,"260 261 262 282 333 361 388 391 453 459 460 479 480","255:265 256:265 257:265 258:265 259:265 287:277 335:332 356:366 384:393 390:393 450:456 462:456 462:457 462:458 477:481 478:481 479:481"
"عائشہ (علی کی سہیلی → بعد میں بیوی)","چیف انجینئر (فیکٹری)",2,"334 395","335:334 390:400"
"عائشہ (علی کی سہیلی → بعد میں بیوی)","ڈاکٹر انصاری",3,"379 380 381","384:374 384:376 384:378"
"عائشہ (علی کی سہیلی → بعد میں بیوی)","ڈاکٹر محمد اقبال",1,"285","287:283"
"عائشہ (علی کی سہیلی → بعد میں بیوی)","کانگریس سیکرٹری (نام نہیں دیا گیا)",5,"448 451 457 458","443:453 444:453 450:453 462:453 462:455"
"عائشہ (علی کی سہیلی → بعد میں بیوی)","کمال",11,"339 395 437 465 466 472 476 479 480","335:343 336:343 390:400 442:433 462:468 464:468 477:468 477:475 477:482 478:482 479:482"
"عائشہ (علی کی سہیلی → بعد میں بیوی)","گدھے والا کمین",2,"339 340","335:344 336:344"
"عائشہ (علی کی سہیلی → بعد میں بیوی)","گنجا علی بخش",4,"287 334 336 337","287:287 335:334 335:338 336:338"
"عائشہ (علی کی سہیلی → بعد میں بیوی)","گنجا فورمین",8,"334 336 337 383 384 387 388 391","335:334 335:338 336:338 384:383 384:384 390:384 390:386 390:392"
"عائشہ (علی کی سہیلی → بعد میں بیوی)","گورنر بنگال",6,"236 240 448 451 457","241:232 241:240 443:453 444:453 450:453 462:453"
"عائشہ (علی کی سہیلی → بعد میں بیوی)","یونس",2,"385 388","384:387 390:387"
"عائشہ (علی کی سہیلی → بعد میں بیوی)","یونین پریزیڈنٹ",2,"387 390","384:390 390:390"
"عائشہ کی ماں (علی کی خالہ)","عذرا",5,"237 240 241 260","242:232 242:238 242:239 242:240 259:262"
"عائشہ کی ماں (علی کی خالہ)","علی (نعیم کا بیٹا)",10,"241 242 243 254 257 258 259","242:241 242:242 243:242 243:243 259:249 259:255 259:256 259:257 259:258 259:259"
"عائشہ کی ماں (علی کی خالہ)","عمران (ماسٹر ڈل)",3,"245 246 254","242:249 243:249 259:249"
"عائشہ کی ماں (علی کی خالہ)","فرحت",1,"263","259:267"
"عائشہ کی ماں (علی کی خالہ)","فضل (فیکٹری مزدور)",2,"242","242:242 243:242"
"عائشہ کی ماں (علی کی خالہ)","قیدی نمبر 17",1,"264","259:269"
"عائشہ کی ماں (علی کی خالہ)","لال (ٹائم کیپر)",2,"258 261","259:258 259:263"
"عائشہ کی ماں (علی کی خالہ)","مہندر (جیل اوورسیئر نمبر 19)",4,"245 246 254 261","242:249 243:249 259:249 259:263"
"عائشہ کی ماں (علی کی خالہ)","نعیم",14,"237 240 241 242 244 254 255 256 259","242:232 242:238 242:239 242:240 242:242 243:242 243:245 259:249 259:250 259:251 259:252 259:253 259:254 259:260"
"عائشہ کی ماں (علی کی خالہ)","نعیم اور عذرا کی بیٹی",4,"237 245 246 254","242:233 242:249 243:249 259:249"
"عائشہ کی ماں (علی کی خالہ)","پرنس آف ویلز",2,"237 241","242:232 242:240"
"عائشہ کی ماں (علی کی خالہ)","پرویز",1,"262","259:265"
"عائشہ کی ماں (علی کی خالہ)","گورنر بنگال",2,"237 241","242:232 242:240"
"عذرا","علی (نعیم کا بیٹا)",160,"6 7 8 10 11 12 15 16 17 22 24 25 26 30 37 38 39 40 188 189 190 195 196 197 200 201 209 210 213 215 236 239 240 258 259 260 266 267 268 271 278 279 280 281 282 283 284 288 289 290 291 292 293 295 296 297 304 322 328 329 330 331 332 341 342 343 344 345 346 350 351 352 353 357 358 359 381 382 389 390 391 392 396 397 398 399 413 414 416 417 448 449 451 452 453 454 455 458 459 462 463 464 473 477 478 482 486 489 490","1:11 2:11 3:11 4:11 6:11 9:11 10:11 12:11 12:13 18:13 18:14 18:15 18:17 18:27 21:27 24:27 25:27 26:27 33:27 33:42 34:42 35:42 36:42 37:42 38:42 39:42 191:185 191:188 191:190 191:199 193:199 194:199 195:199 201:199 201:200 201:201 202:201 204:214 205:214 206:214 212:214 213:214 216:214 232:241 238:241 239:241 240:241 262:255 262:256 262:257 262:258 262:259 262:270 263:270 265:270 266:270 267:270 273:270 273:283 276:283 277:283 278:283 280:283 281:283 282:283 284:283 284:285 291:285 291:286 291:287 291:288 291:289 291:290 291:292 293:292 293:293 297:293 297:294 297:295 297:296 297:297 298:297 299:309 325:320 325:331 327:331 330:331 332:331 332:333 346:336 346:337 346:338 346:339 346:341 346:342 346:343 346:344 346:345 346:346 347:346 347:354 348:354 349:354 350:354 351:354 352:354 353:354 360:354 360:355 360:356 360:357 360:358 360:359 377:385 378:385 379:385 393:385 393:386 393:387 393:390 393:392 393:400 394:400 395:400 396:400 397:400 398:400 399:400 415:411 415:413 415:414 415:417 416:417 417:417 418:417 453:443 453:444 453:445 453:450 453:452 453:453 456:453 456:454 456:461 457:461 464:461 464:462 464:463 464:464 478:468 478:469 478:476 478:477 478:478 486:478 486:479 486:487 491:487 491:488 491:489"
"عذرا","عمران (ماسٹر ڈل)",29,"244 323 324 325 326 327 328 335 336 343 357 361 362 364 366 367 369 482 486 488 492 493 494","239:249 240:249 325:322 325:323 325:324 325:325 327:325 327:326 327:327 330:327 330:340 332:340 346:340 352:362 353:362 360:362 363:362 363:365 367:365 367:366 367:368 371:368 478:486 486:486 491:486 491:493 492:493 493:493 496:493"
"عذرا","غیث",9,"171 191 192 209 210 213 215","170:172 191:191 193:191 204:214 205:214 206:214 212:214 213:214 216:214"
"عذرا","فرحت",13,"264 265 266 267 270 325 326 328 330 331 433","262:267 263:267 265:267 266:267 267:267 273:267 325:325 327:325 327:330 330:330 332:330 428:438 429:438"
"عذرا","فرخندہ",7,"348 349 350 351","346:351 347:351 348:351 349:351 350:351 351:351 352:351"
"عذرا","فضل (فیکٹری مزدور)",9,"237 240 241 332 333 334 341 342","232:242 238:242 239:242 240:242 327:337 330:337 332:337 346:337 346:339"
"عذرا","فہمیدہ (نجمی/مجھی)",61,"15 16 19 20 324 325 326 327 328 331 332 357 361 362 363 365 366 367 369 370 371 372 376 378 379 393 419 420 421 425 426 427 428 432 453 454 456 480 484 485 488 491 492 493 494","10:20 12:20 18:20 21:20 325:323 325:324 325:325 327:325 327:326 327:327 330:327 330:332 332:332 352:362 353:362 360:362 363:362 363:363 367:363 367:364 367:365 367:366 367:367 371:367 371:368 371:369 371:370 371:372 373:372 373:379 374:379 377:379 378:379 379:379 393:393 394:393 415:424 416:424 417:424 418:424 427:424 427:425 427:426 427:427 428:427 428:428 429:428 429:435 453:453 456:453 456:456 457:456 478:482 486:482 486:485 486:491 491:491 492:491 492:493 493:493 496:493"
"عذرا","قیدی نمبر 17",6,"265 266 267 268 271","262:269 263:269 265:269 266:269 267:269 273:269"
"عذرا","لال (ٹائم کیپر)",38,"5 6 7 9 25 26 27 31 198 199 202 203 260 262 263 264 266 267 270 282 283 284 285 289 320 483 487 489","1:9 2:9 3:9 4:9 6:9 9:9 10:9 21:29 24:29 25:29 26:29 33:29 193:203 194:203 195:203 201:203 202:203 203:203 204:203 262:258 262:263 263:263 265:263 265:267 266:267 267:267 273:267 277:287 278:287 280:287 281:287 282:287 284:287 291:287 325:316 478:488 486:488 491:488"
"عذرا","لیلی (رقاصہ)",6,"320 324 327 328 330 331","325:315 325:324 325:330 327:330 330:330 332:330"
"عذرا","مادھوکر",4,"149 150 151","154:145 154:146 154:147 154:148"
"عذرا","محمد علی جناح",12,"278 279 280 281 282 283 284 288 453 455","273:283 276:283 277:283 278:283 280:283 281:283 282:283 284:283 284:285 291:285 453:454 456:454"
"عذرا","مدن رائے",13,"149 150 151 152 157 165 166 174 468 475 479 483","154:144 154:146 154:148 154:149 154:150 154:161 170:161 170:163 170:178 464:472 478:472 478:480 486:480"
"عذرا","مسعود",21,"419 420 421 425 426 431 432 479 483 484 485 490 492 493 495","415:424 416:424 417:424 418:424 427:424 427:425 427:426 427:435 428:435 429:435 478:481 486:481 486:482 486:483 486:484 486:485 486:494 491:494 492:494 493:494 496:494"
"عذرا","مل کا مالک",8,"396 397 398 399 414","393:400 394:400 395:400 396:400 397:400 398:400 399:400 415:413"
"عذرا","منشی (لگان والا)",17,"39 40 41 195 196 197 200 346 455 456 457 460","34:44 35:44 36:44 37:44 38:44 39:44 191:200 193:200 194:200 195:200 201:200 346:346 347:346 453:457 456:457 457:457 464:457"
"عذرا","منو",8,"189 348 349 350 351","191:188 346:351 347:351 348:351 349:351 350:351 351:351 352:351"
"عذرا","مولانا حسین احمد مدنی",8,"278 279 280 281 282 283","273:283 276:283 277:283 278:283 280:283 281:283 282:283 284:283"
"عذرا","مولانا شبیر احمد عثمانی",8,"278 279 280 281 282 283","273:283 276:283 277:283 278:283 280:283 281:283 282:283 284:283"
"عذرا","مولانا شوکت علی",8,"278 279 280 281 282 283","273:283 276:283 277:283 278:283 280:283 281:283 282:283 284:283"
"عذرا","مولانا محمد علی",10,"278 279 280 281 282 283 284 288","273:283 276:283 277:283 278:283 280:283 281:283 282:283 284:283 284:285 291:285"
"عذرا","مہندر (جیل اوورسیئر نمبر 19)",23,"40 41 42 194 195 196 199 244 262 263 264 265 266 267 270 271 272","35:45 36:45 37:45 38:45 39:45 191:197 193:197 194:197 195:197 201:197 239:249 240:249 262:263 263:263 265:263 265:265 266:265 266:267 267:267 273:267 273:268 273:269 273:272"
"عذرا","نعیم",280,"1 2 3 4 5 7 8 9 10 11 12 15 17 18 19 21 22 23 24 25 26 29 30 31 32 33 34 35 36 37 38 39 149 150 151 152 153 154 165 166 167 168 169 170 186 187 188 189 191 192 194 195 198 199 200 201 202 203 204 205 208 211 212 213 214 215 216 217 218 219 220 222 223 224 225 226 227 228 229 230 231 232 235 238 239 240 257 258 261 262 263 264 265 266 267 270 271 272 274 276 277 278 279 280 281 282 283 284 287 291 292 293 295 296 297 298 299 320 321 322 346 347 348 349 351 352 353 357 358 360 362 365 367 369 372 373 374 375 376 377 379 380 393 394 395 396 397 398 399 410 411 412 415 416 417 418 423 426 427 428 429 448 449 450 451 452 453 454 455 456 457 460 462 463 467 474 477 478 482 485 486 488 493 494 496","1:1 2:1 2:2 3:2 3:3 4:3 4:4 6:4 6:5 6:8 9:8 9:9 10:9 10:10 12:10 12:12 18:12 18:17 18:18 21:18 21:21 24:21 24:22 24:23 24:24 25:24 25:25 26:25 26:26 33:26 33:27 33:28 33:29 33:30 33:31 33:32 33:33 34:33 34:34 35:34 35:35 36:35 36:36 37:36 37:37 38:37 38:38 39:38 39:39 154:144 154:145 154:146 154:147 154:148 154:150 154:151 154:152 154:154 170:161 170:162 170:163 170:164 170:165 170:166 170:167 170:168 170:169 170:170 191:181 191:182 191:183 191:184 191:185 191:186 191:187 191:188 191:192 193:192 193:196 194:196 195:196 201:196 201:197 201:198 201:199 201:200 201:201 202:201 202:202 203:202 203:203 204:203 204:204 205:204 205:205 206:205 206:211 212:211 212:212 213:212 213:213 216:213 216:214 216:215 216:216 217:216 217:217 218:217 218:219 219:219 222:219 222:222 223:222 223:223 226:223 226:224 226:225 226:226 227:226 227:227 228:227 228:228 229:228 229:229 230:229 230:230 232:230 232:232 238:232 238:238 239:238 239:239 240:239 240:240 262:252 262:253 262:254 262:260 262:261 262:262 263:262 263:263 265:263 265:265 266:265 266:266 267:266 267:268 273:268 273:269 273:272 273:276 276:276 277:276 277:278 278:278 280:278 280:279 280:280 281:280 281:281 282:281 282:282 284:282 284:283 284:284 291:284 291:291 293:291 293:292 293:293 297:293 297:294 297:295 297:296 297:297 298:297 298:298 299:298 299:299 325:315 325:316 325:317 325:318 325:319 346:346 347:346 347:347 348:347 348:348 349:348 349:349 350:349 350:352 351:352 352:352 353:352 353:354 360:354 360:355 360:356 360:361 363:361 363:367 367:367 371:367 371:368 371:373 373:373 374:373 374:374 377:374 377:375 377:376 377:377 378:377 378:381 379:381 393:393 394:393 394:394 395:394 395:395 396:395 396:396 397:396 397:397 398:397 398:398 399:398 399:399 415:405 415:407 415:408 415:409 415:410 415:415 416:415 416:416 417:416 417:417 418:417 418:419 427:419 427:426 427:427 428:427 428:428 429:428 429:429 453:443 453:444 453:445 453:446 453:447 453:450 453:451 453:453 456:453 456:454 456:455 456:456 457:456 457:457 464:457 464:461 464:463 464:471 478:471 478:476 478:477 478:479 486:479 486:484 486:486 491:486 491:496 492:496 493:496 496:496"
"عذرا","نعیم اور عذرا کی بیٹی",25,"16 19 21 22 217 219 220 222 228 229 230 231 232 235 244 337 344 392","12:21 18:21 21:21 24:21 212:222 213:222 216:222 217:222 218:222 219:222 222:222 223:222 223:233 226:233 227:233 228:233 229:233 230:233 232:233 238:233 239:249 240:249 332:342 346:342 393:392"
"عذرا","نور دین",7,"466 473 482 486 489 490","464:468 478:468 478:469 478:487 486:487 491:487 491:489"
"عذرا","نوری",5,"325 326 482 486 488","325:325 327:325 478:486 486:486 491:486"
"عذرا","وزیر خان",5,"298 300 301 321","293:303 297:303 298:303 299:303 325:318"
"عذرا","پرتاپے",5,"284 285 286 290","280:289 281:289 282:289 284:289 291:289"
"عذرا","پرنس آف ویلز",28,"221 222 224 226 227 229 230 231 232 235 239 240 294 295 297 298 328 329 331 332","216:226 217:226 218:226 219:226 222:226 223:226 226:226 227:226 227:227 228:227 228:230 229:230 230:230 232:230 232:232 238:232 238:240 239:240 240:240 291:298 293:298 297:298 298:298 299:298 325:332 327:332 330:332 332:332"
"عذرا","پروفیسر اقبال سنگھ",5,"269 270 273 275","265:274 266:274 267:274 273:274 276:274"
"عذرا","پروفیسر برمن",11,"362 363 365 419 420 421 425 431 432","360:364 363:364 367:364 415:424 416:424 417:424 418:424 427:424 427:435 428:435 429:435"
"عذرا","پرویز",100,"1 5 6 7 9 10 11 15 18 19 21 22 24 25 26 29 33 34 35 36 38 39 171 191 192 206 207 208 211 212 213 214 215 217 218 219 220 263 264 265 266 270 273 274 276 277 323 328 329 331 332 363 364 366 367 369 370 393 394 395 454 456 457 460 461 479 483 485 486 488 490 491 492 493 494 495","1:1 2:1 2:9 3:9 4:9 6:9 9:9 10:9 10:10 12:10 12:18 18:18 21:18 21:21 24:21 24:24 25:24 25:26 26:26 33:26 33:33 34:33 34:34 35:34 35:35 36:35 36:36 37:36 37:39 38:39 39:39 170:172 191:191 193:191 201:211 202:211 203:211 204:211 205:211 206:211 212:211 212:213 213:213 216:213 216:214 216:215 216:219 217:219 218:219 219:219 222:219 262:265 263:265 265:265 266:265 266:266 267:266 267:273 273:273 276:273 276:277 277:277 278:277 325:322 325:332 327:332 330:332 332:332 360:366 363:366 367:366 367:367 371:367 371:368 371:369 393:393 394:393 394:394 395:394 395:395 396:395 453:456 456:456 457:456 457:457 464:457 464:458 478:481 486:481 486:485 486:486 491:486 491:490 491:491 492:491 492:492 493:492 493:493 496:493 496:494"
"عذرا","چیف انجینئر (فیکٹری)",13,"329 330 332 333 396 397 398 399 414","325:334 327:334 330:334 332:334 393:400 394:400 395:400 396:400 397:400 398:400 399:400 415:413 415:414"
"عذرا","ڈاکٹر امبید کر",5,"269 270 273 275","265:274 266:274 267:274 273:274 276:274"
"عذرا","ڈاکٹر انصاری",18,"216 217 218 219 220 221 222 370 372 373 374 375 376 377 378","212:221 213:221 216:221 217:221 218:221 219:221 222:221 222:222 223:222 367:374 371:374 373:374 374:374 377:374 377:376 377:378 378:378 379:378"
"عذرا","ڈاکٹر محمد اقبال",8,"278 279 280 281 282 283","273:283 276:283 277:283 278:283 280:283 281:283 282:283 284:283"
"عذرا","کانگریس سیکرٹری (نام نہیں دیا گیا)",17,"2 3 4 5 154 415 417 418 423 453 454 455","1:3 2:3 3:3 4:3 4:4 6:4 6:5 154:154 415:415 416:415 416:419 417:419 418:419 427:419 453:453 456:453 456:455"
"عذرا","کمال",24,"13 14 17 189 344 396 397 398 399 430 431 466 473 476 480 484 486 489","9:17 10:17 12:17 18:17 191:187 346:343 393:400 394:400 395:400 396:400 397:400 398:400 399:400 427:433 428:433 429:433 464:468 478:468 478:475 478:482 486:482 486:487 491:487 491:488"
"عذرا","کھدر پوش لیڈر (کلکتہ)",8,"226 228 229 230 231","222:230 223:230 226:230 227:230 228:230 229:230 230:230 232:230"
"عذرا","کیپٹن وڈ",4,"297 299 300","293:302 297:302 298:302 299:302"
"عذرا","گدھے والا کمین",31,"25 26 27 31 37 38 39 40 173 195 196 197 200 215 217 218 266 267 268 271 345","21:29 24:29 25:29 26:29 33:29 33:41 34:41 35:41 36:41 37:41 38:41 39:41 170:177 191:200 193:200 194:200 195:200 201:200 212:218 213:218 216:218 217:218 218:218 219:218 262:270 263:270 265:270 266:270 267:270 273:270 346:344"
"عذرا","گنجا علی بخش",12,"282 283 284 285 289 329 330 332 333 342","277:287 278:287 280:287 281:287 282:287 284:287 291:287 325:334 327:334 330:334 332:334 346:338"
"عذرا","گنجا فورمین",24,"329 330 332 333 342 378 380 381 388 389 392 396 397 398 399 413 414","325:334 327:334 330:334 332:334 346:338 373:383 374:383 377:383 378:383 379:383 393:383 393:384 393:386 393:392 393:400 394:400 395:400 396:400 397:400 398:400 399:400 415:411 415:413 415:414"
"عذرا","گورنر بنگال",22,"157 165 166 227 229 230 231 232 235 239 240 420 421 426 453 454","154:161 170:161 170:163 222:232 223:232 226:232 227:232 228:232 229:232 230:232 232:232 238:232 238:240 239:240 240:240 415:425 416:425 417:425 418:425 427:425 453:453 456:453"
"عذرا","ہری چند",1,"154","154:154"
"عذرا","یونس",4,"382 383 390","377:387 378:387 379:387 393:387"
"عذرا","یونین پریزیڈنٹ",1,"391","393:390"
"علی (نعیم کا بیٹا)","عمران (ماسٹر ڈل)",37,"245 246 249 252 317 321 326 327 328 329 335 336 337 338 339 340 358 359 360 481 482 486 490 491","241:249 242:249 243:249 244:249 249:249 255:249 312:322 320:322 331:322 331:323 331:324 331:325 331:326 331:327 331:340 333:340 334:340 335:340 336:340 337:340 338:340 339:340 341:340 354:362 355:362 356:362 357:362 358:362 359:362 476:486 477:486 478:486 479:486 487:486 487:493 488:493 489:493"
"علی (نعیم کا بیٹا)","غیث",5,"188 189 190 195 214","185:191 188:191 190:191 199:191 214:214"
"علی (نعیم کا بیٹا)","فرحت",8,"262 263 268 322 328 330 439","257:267 258:267 259:267 270:267 320:325 331:325 331:330 440:438"
"علی (نعیم کا بیٹا)","فرخندہ",7,"346 347 348 352","341:351 342:351 343:351 344:351 345:351 346:351 354:351"
"علی (نعیم کا بیٹا)","فضل (فیکٹری مزدور)",13,"241 242 334 335 336 337 338 339 340","241:242 242:242 243:242 331:337 333:337 334:337 335:337 336:337 337:337 338:337 338:339 339:339 341:339"
"علی (نعیم کا بیٹا)","فہمیدہ (نجمی/مجھی)",51,"15 16 17 18 23 321 327 328 329 331 332 358 359 360 382 389 390 391 392 396 419 420 437 438 439 448 449 451 452 453 455 458 479 480 484 486 489 490","11:20 13:20 14:20 15:20 17:20 27:20 320:323 331:323 331:324 331:325 331:326 331:327 331:332 333:332 354:362 355:362 356:362 357:362 358:362 359:362 385:379 385:393 386:393 387:393 390:393 392:393 400:393 414:424 417:424 440:435 440:436 440:437 440:438 443:453 444:453 445:453 450:453 452:453 453:453 454:453 454:456 461:456 476:482 477:482 478:482 479:482 487:482 487:485 487:491 488:491 489:491"
"علی (نعیم کا بیٹا)","قیدی نمبر 17",2,"264 269","259:269 270:269"
"علی (نعیم کا بیٹا)","لال (ٹائم کیپر)",30,"10 28 64 201 202 253 256 257 258 261 266 268 285 286 287 310 311 314 318 483 487 488","11:9 27:29 65:63 199:203 200:203 201:203 249:258 255:258 256:258 257:258 258:258 259:258 259:263 270:263 270:267 283:287 285:287 286:287 287:287 288:287 309:311 310:311 312:311 312:316 320:316 478:488 479:488 487:488 488:488 489:488"
"علی (نعیم کا بیٹا)","لیلی (رقاصہ)",10,"68 109 121 312 313 317 322 327 330","65:71 104:114 125:118 309:315 310:315 312:315 320:315 320:324 331:324 331:330"
"علی (نعیم کا بیٹا)","محمد علی جناح",11,"283 284 285 449 452 453 454 457","283:283 285:283 285:285 286:285 444:454 445:454 450:454 452:454 453:454 454:454 461:454"
"علی (نعیم کا بیٹا)","مدن رائے",15,"181 182 467 468 469 470 474 478 479 483","185:178 185:179 462:472 463:472 464:472 466:472 467:472 468:472 469:472 476:472 476:480 477:480 478:480 479:480 487:480"
"علی (نعیم کا بیٹا)","مسعود",18,"419 420 437 438 439 478 479 480 484 485 486 490 491","414:424 417:424 440:435 440:437 440:438 440:439 476:481 477:481 478:481 479:481 487:481 487:482 487:483 487:484 487:485 487:494 488:494 489:494"
"علی (نعیم کا بیٹا)","مل کا مالک",6,"395 396 400 412 413","390:400 392:400 400:400 411:413 413:413 414:413"
"علی (نعیم کا بیٹا)","منشی (لگان والا)",25,"43 46 47 125 195 199 200 341 342 343 344 345 346 350 453 454 455 459","42:44 43:44 48:44 48:47 125:125 190:200 199:200 200:200 201:200 336:346 337:346 338:346 339:346 341:346 342:346 343:346 344:346 345:346 346:346 354:346 450:457 452:457 453:457 454:457 461:457"
"علی (نعیم کا بیٹا)","منو",10,"186 188 189 346 347 348 352","185:188 188:188 190:188 341:351 342:351 343:351 344:351 345:351 346:351 354:351"
"علی (نعیم کا بیٹا)","مولانا حسین احمد مدنی",2,"283 284","283:283 285:283"
"علی (نعیم کا بیٹا)","مولانا شبیر احمد عثمانی",2,"283 284","283:283 285:283"
"علی (نعیم کا بیٹا)","مولانا شوکت علی",2,"283 284","283:283 285:283"
"علی (نعیم کا بیٹا)","مولانا محمد علی",4,"283 284 285","283:283 285:283 285:285 286:285"
"علی (نعیم کا بیٹا)","مہندر (جیل اوورسیئر نمبر 19)",37,"43 44 46 47 48 60 61 62 63 68 98 101 103 104 127 192 193 198 245 246 249 252 259 260 261 266 267 268 269 271","42:45 43:45 48:45 48:46 48:47 48:48 65:55 65:56 65:57 65:60 65:61 65:71 93:103 100:103 104:103 104:104 125:130 188:197 190:197 199:197 241:249 242:249 243:249 244:249 249:249 255:249 255:263 256:263 257:263 258:263 259:263 270:263 270:265 270:267 270:268 270:269 270:272"
"علی (نعیم کا بیٹا)","نعیم",286,"6 7 8 9 10 11 12 15 16 17 22 24 25 26 27 37 38 39 40 41 42 43 45 46 47 48 60 61 62 63 65 88 89 90 91 92 93 97 98 99 100 102 103 104 120 121 122 124 125 180 181 182 183 184 185 186 187 188 189 191 195 197 198 199 200 201 209 212 213 214 236 239 240 241 242 244 247 248 249 252 253 254 257 258 259 265 266 267 268 269 271 279 280 281 282 283 284 288 289 290 291 292 293 294 295 296 297 304 306 310 311 312 316 317 318 319 341 342 343 344 345 346 350 351 353 354 355 356 359 360 380 381 383 389 390 391 392 396 397 398 399 400 406 407 408 409 410 413 414 416 417 435 436 437 440 441 442 443 444 445 447 448 450 451 452 453 454 457 458 459 461 462 463 467 468 469 470 473 476 477 478 479 483 485 486 491 492","11:1 11:2 11:3 11:4 11:5 11:8 11:9 11:10 11:12 13:12 13:17 14:17 15:17 17:17 27:17 27:18 27:21 27:22 27:23 27:24 27:25 27:26 27:27 42:32 42:33 42:34 42:35 42:36 42:37 42:38 42:39 42:40 42:41 42:42 43:42 43:43 48:43 48:44 48:46 48:47 48:48 65:55 65:56 65:57 65:58 65:59 65:60 65:61 65:65 93:83 93:84 93:85 93:86 93:87 93:88 93:89 93:90 93:91 93:92 93:94 100:94 100:96 100:97 100:98 100:100 104:100 104:101 104:102 104:103 104:104 125:116 125:117 125:119 125:124 125:125 185:175 185:177 185:178 185:179 185:181 185:182 185:183 185:184 185:185 188:185 188:186 188:187 188:188 190:188 190:192 199:192 199:196 199:197 199:198 199:199 200:199 200:200 201:200 201:201 214:204 214:205 214:211 214:212 214:213 214:214 241:232 241:238 241:239 241:240 241:242 242:242 243:242 243:245 244:245 249:245 249:246 249:247 249:248 249:249 255:249 255:250 255:251 255:252 255:253 255:254 255:260 256:260 257:260 258:260 259:260 270:260 270:261 270:262 270:263 270:265 270:266 270:268 270:269 270:272 283:276 283:278 283:279 283:280 283:281 283:282 283:283 285:283 285:284 285:291 286:291 287:291 288:291 289:291 290:291 292:291 292:292 293:292 293:293 294:293 294:294 295:294 295:295 296:295 296:296 297:296 297:297 309:299 309:303 309:311 310:311 312:311 312:313 320:313 320:314 320:315 320:316 320:317 320:318 320:319 336:346 337:346 338:346 339:346 341:346 342:346 343:346 344:346 345:346 346:346 354:346 354:347 354:348 354:349 354:352 354:354 355:354 355:355 356:355 356:356 357:356 357:361 358:361 359:361 385:375 385:376 385:377 385:381 385:393 386:393 387:393 390:393 392:393 400:393 400:394 400:395 400:396 400:397 400:398 400:399 400:401 411:401 411:402 411:403 411:405 411:407 411:408 411:409 411:410 411:415 413:415 414:415 417:415 417:416 417:417 440:430 440:431 440:432 440:434 440:435 440:440 442:440 442:441 442:442 443:442 443:443 444:443 444:444 445:444 445:445 450:445 450:446 450:447 450:450 452:450 452:451 452:453 453:453 454:453 454:454 461:454 461:455 461:456 461:457 461:461 462:461 462:463 463:463 464:463 464:471 466:471 467:471 468:471 469:471 476:471 476:476 477:476 477:477 478:477 478:479 479:479 487:479 487:484 487:486 487:496 488:496 489:496"
"علی (نعیم کا بیٹا)","نعیم اور عذرا کی بیٹی",35,"16 17 18 19 24 218 237 245 246 249 252 309 310 311 337 338 339 340 341 342 388 389 391 392 396 440 441","11:21 13:21 14:21 15:21 17:21 27:21 214:222 241:233 241:249 242:249 243:249 244:249 249:249 255:249 309:310 310:310 312:310 333:342 334:342 335:342 336:342 337:342 338:342 339:342 341:342 342:342 343:342 385:392 386:392 387:392 390:392 392:392 400:392 440:440 442:440"
"علی (نعیم کا بیٹا)","نور دین",17,"464 465 466 467 468 469 472 482 483 487 488 489","461:468 462:468 463:468 464:468 466:468 467:468 468:468 469:468 469:469 476:469 477:487 478:487 479:487 487:487 488:487 488:489 489:489"
"علی (نعیم کا بیٹا)","نوری",7,"322 328 481 482 486","320:325 331:325 476:486 477:486 478:486 479:486 487:486"
"علی (نعیم کا بیٹا)","وزیر خان",11,"298 299 300 306 311 312 316 319","293:303 294:303 295:303 296:303 297:303 309:303 309:313 310:313 312:313 320:313 320:318"
"علی (نعیم کا بیٹا)","پرتاپے",7,"286 287 288 289","283:289 285:289 286:289 287:289 288:289 289:289 290:289"
"علی (نعیم کا بیٹا)","پرنس آف ویلز",13,"236 240 293 294 295 296 297 331 332","241:232 241:240 288:298 289:298 290:298 292:298 293:298 294:298 295:298 296:298 297:298 331:332 333:332"
"علی (نعیم کا بیٹا)","پروفیسر اقبال سنگھ",2,"272 278","270:274 283:274"
"علی (نعیم کا بیٹا)","پروفیسر برمن",12,"359 360 361 419 420 437 438 439","354:364 355:364 356:364 357:364 358:364 359:364 414:424 417:424 440:435 440:437 440:438 440:439"
"علی (نعیم کا بیٹا)","پرویز",72,"6 10 14 15 16 17 22 24 25 26 30 37 38 39 40 52 61 188 189 190 195 206 212 213 214 260 261 262 267 268 271 278 280 317 321 326 331 332 361 362 389 390 391 392 396 397 453 454 455 458 459 478 479 480 484 486 488 489","11:1 11:9 11:10 11:18 13:18 14:18 15:18 17:18 27:18 27:21 27:24 27:26 27:33 42:33 42:34 42:35 42:36 42:39 48:57 65:57 185:191 188:191 190:191 199:191 201:211 214:211 214:213 214:214 255:265 256:265 257:265 258:265 259:265 270:265 270:266 270:273 283:273 283:277 312:322 320:322 331:322 331:332 333:332 356:366 357:366 358:366 359:366 385:393 386:393 387:393 390:393 392:393 400:393 400:394 400:395 450:456 452:456 453:456 454:456 461:456 461:457 461:458 476:481 477:481 478:481 479:481 487:481 487:485 487:486 487:490 488:490 489:490"
"علی (نعیم کا بیٹا)","چیف انجینئر (فیکٹری)",12,"332 333 334 395 396 400 412 413 414 415","331:334 333:334 334:334 335:334 390:400 392:400 400:400 411:413 413:413 414:413 414:414 417:414"
"علی (نعیم کا بیٹا)","ڈاکٹر امبید کر",2,"272 278","270:274 283:274"
"علی (نعیم کا بیٹا)","ڈاکٹر انصاری",3,"217 380 381","214:221 385:376 385:378"
"علی (نعیم کا بیٹا)","ڈاکٹر محمد اقبال",2,"283 284","283:283 285:283"
"علی (نعیم کا بیٹا)","کانگریس سیکرٹری (نام نہیں دیا گیا)",17,"7 8 413 414 416 418 448 449 451 452 453 454 458","11:3 11:4 11:5 411:415 413:415 414:415 417:415 417:419 443:453 444:453 445:453 450:453 452:453 453:453 454:453 454:455 461:455"
"علی (نعیم کا بیٹا)","کمال",42,"14 15 16 17 22 186 187 338 339 340 341 342 343 395 396 400 436 464 465 466 467 468 472 475 479 480 484 487 488","11:17 13:17 14:17 15:17 17:17 27:17 185:187 188:187 333:343 334:343 335:343 336:343 337:343 338:343 339:343 341:343 342:343 343:343 344:343 390:400 392:400 400:400 440:433 461:468 462:468 463:468 464:468 466:468 467:468 468:468 469:468 469:475 476:475 476:482 477:482 478:482 479:482 487:482 487:487 488:487 488:488 489:488"
"علی (نعیم کا بیٹا)","کیپٹن وڈ",7,"297 298 299 305","292:302 293:302 294:302 295:302 296:302 297:302 309:302"
"علی (نعیم کا بیٹا)","گدھے والا کمین",23,"28 41 43 46 181 195 199 200 216 270 339 340 341 342 343 344","27:29 42:41 42:44 43:44 48:44 185:177 190:200 199:200 200:200 201:200 214:218 270:270 334:344 335:344 336:344 337:344 338:344 339:344 341:344 342:344 343:344 344:344 345:344"
"علی (نعیم کا بیٹا)","گنجا علی بخش",14,"285 286 287 332 333 334 336 337 338","283:287 285:287 286:287 287:287 288:287 331:334 333:334 334:334 335:334 335:338 336:338 337:338 338:338 339:338"
"علی (نعیم کا بیٹا)","گنجا فورمین",25,"332 333 334 336 337 338 384 385 386 389 391 392 396 400 411 412 413 414 415","331:334 333:334 334:334 335:334 335:338 336:338 337:338 338:338 339:338 385:383 385:384 385:386 386:386 387:386 387:392 390:392 392:392 400:392 400:400 411:411 413:411 413:413 414:413 414:414 417:414"
"علی (نعیم کا بیٹا)","گورنر بنگال",10,"236 240 421 448 449 451 452 453","241:232 241:240 417:425 443:453 444:453 445:453 450:453 452:453 453:453 454:453"
"علی (نعیم کا بیٹا)","یونس",4,"386 387 388","385:387 386:387 387:387 390:387"
"علی (نعیم کا بیٹا)","یونین پریزیڈنٹ",5,"387 388 390 391","385:390 386:390 387:390 390:390 392:390"
"عمران (ماسٹر ڈل)","فرحت",8,"323 324 325 328 335","322:325 323:325 324:325 325:325 326:325 326:330 327:330 340:330"
"عمران (ماسٹر ڈل)","فضل (فیکٹری مزدور)",4,"245 332 338 339","249:242 327:337 340:337 340:339"
"عمران (ماسٹر ڈل)","فہمیدہ (نجمی/مجھی)",26,"322 323 324 325 326 327 336 362 363 364 365 366 367 368 484 485 488 492 493","322:323 323:323 324:323 324:324 325:324 325:325 326:325 326:326 327:326 327:327 340:332 362:362 365:362 365:363 365:364 365:365 366:365 366:366 368:366 368:367 368:368 486:482 486:485 486:491 493:491 493:493"
"عمران (ماسٹر ڈل)","لال (ٹائم کیپر)",4,"253 319 487 490","249:258 322:316 486:488 493:488"
"عمران (ماسٹر ڈل)","لیلی (رقاصہ)",9,"318 323 324 327 328 335","322:315 322:324 323:324 324:324 325:324 325:330 326:330 327:330 340:330"
"عمران (ماسٹر ڈل)","مدن رائے",1,"483","486:480"
"عمران (ماسٹر ڈل)","مسعود",7,"483 484 485 490 493","486:481 486:482 486:483 486:484 486:485 486:494 493:494"
"عمران (ماسٹر ڈل)","منشی (لگان والا)",1,"343","340:346"
"عمران (ماسٹر ڈل)","مہندر (جیل اوورسیئر نمبر 19)",1,"249","249:249"
"عمران (ماسٹر ڈل)","نعیم",33,"244 245 247 248 249 317 318 319 320 343 357 358 359 361 364 366 367 368 481 482 485 486 489 494","249:239 249:240 249:242 249:245 249:246 249:247 249:248 249:249 322:313 322:314 322:315 322:316 322:317 322:318 322:319 340:346 362:352 362:354 362:355 362:356 362:361 362:367 365:367 366:367 368:367 368:368 486:476 486:477 486:479 486:484 486:486 493:486 493:496"
"عمران (ماسٹر ڈل)","نعیم اور عذرا کی بیٹی",2,"249 341","249:249 340:342"
"عمران (ماسٹر ڈل)","نور دین",3,"486 490 491","486:487 493:487 493:489"
"عمران (ماسٹر ڈل)","نوری",7,"323 324 325 486 489","322:325 323:325 324:325 325:325 326:325 486:486 493:486"
"عمران (ماسٹر ڈل)","وزیر خان",2,"317 320","322:313 322:318"
"عمران (ماسٹر ڈل)","پرنس آف ویلز",8,"244 327 328 329 336","249:240 322:332 323:332 324:332 325:332 326:332 327:332 340:332"
"عمران (ماسٹر ڈل)","پروفیسر برمن",2,"363 364","362:364 365:364"
"عمران (ماسٹر ڈل)","پرویز",22,"322 327 328 329 336 364 365 366 367 368 483 485 486 489 491 492 493","322:322 323:322 323:332 324:332 325:332 326:332 327:332 340:332 362:366 365:366 366:366 368:366 368:367 368:368 486:481 486:485 486:486 493:486 493:490 493:491 493:492 493:493"
"عمران (ماسٹر ڈل)","چیف انجینئر (فیکٹری)",5,"329 330 337","324:334 325:334 326:334 327:334 340:334"
"عمران (ماسٹر ڈل)","ڈاکٹر انصاری",3,"369 370 371","365:374 366:374 368:374"
"عمران (ماسٹر ڈل)","کمال",5,"341 484 486 490","340:343 486:482 486:487 493:487 493:488"
"عمران (ماسٹر ڈل)","گدھے والا کمین",1,"342","340:344"
"عمران (ماسٹر ڈل)","گنجا علی بخش",6,"329 330 337 339","324:334 325:334 326:334 327:334 340:334 340:338"
"عمران (ماسٹر ڈل)","گنجا فورمین",6,"329 330 337 339","324:334 325:334 326:334 327:334 340:334 340:338"
"عمران (ماسٹر ڈل)","گورنر بنگال",1,"244","249:240"
"غیث","مدن رائے",2,"167 175","172:163 172:178"
"غیث","منشی (لگان والا)",1,"195","191:200"
"غیث","منو",1,"189","191:188"
"غیث","مہندر (جیل اوورسیئر نمبر 19)",1,"194","191:197"
"غیث","نعیم",26,"167 168 169 170 171 172 186 187 188 189 191 209 212 213 214","172:162 172:163 172:164 172:165 172:166 172:167 172:168 172:169 172:170 172:171 172:173 191:181 191:182 191:183 191:184 191:185 191:186 191:187 191:188 191:192 214:204 214:205 214:211 214:212 214:213 214:214"
"غیث","نعیم اور عذرا کی بیٹی",1,"218","214:222"
"غیث","پرویز",5,"172 191 212 213 214","172:172 191:191 214:211 214:213 214:214"
"غیث","ڈاکٹر انصاری",1,"217","214:221"
"غیث","کمال",1,"189","191:187"
"غیث","گدھے والا کمین",3,"174 195 216","172:177 191:200 214:218"
"غیث","گورنر بنگال",1,"167","172:163"
"فرحت","فضل (فیکٹری مزدور)",1,"333","330:337"
"فرحت","فہمیدہ (نجمی/مجھی)",12,"324 325 327 328 331 433 436 437 438","325:323 325:324 325:325 330:325 330:326 330:327 330:332 438:428 438:435 438:436 438:437 438:438"
"فرحت","قیدی نمبر 17",1,"268","267:269"
"فرحت","لال (ٹائم کیپر)",4,"262 265 267 320","267:258 267:263 267:267 325:316"
"فرحت","لیلی (رقاصہ)",4,"320 324 327 330","325:315 325:324 325:330 330:330"
"فرحت","مسعود",3,"436 437 438","438:435 438:437 438:438"
"فرحت","مہندر (جیل اوورسیئر نمبر 19)",3,"265 266 267","267:263 267:265 267:267"
"فرحت","نعیم",20,"263 264 265 266 267 320 321 322 433 434 435 436 439","267:260 267:261 267:262 267:263 267:265 267:266 267:268 325:315 325:316 325:317 325:318 325:319 438:428 438:429 438:430 438:431 438:432 438:434 438:435 438:440"
"فرحت","نعیم اور عذرا کی بیٹی",1,"439","438:440"
"فرحت","نوری",2,"325 327","325:325 330:325"
"فرحت","وزیر خان",1,"321","325:318"
"فرحت","پرنس آف ویلز",2,"328 331","325:332 330:332"
"فرحت","پروفیسر اقبال سنگھ",1,"270","267:274"
"فرحت","پروفیسر برمن",3,"436 437 438","438:435 438:437 438:438"
"فرحت","پرویز",6,"266 270 323 328 331","267:265 267:266 267:273 325:322 325:332 330:332"
"فرحت","چیف انجینئر (فیکٹری)",2,"329 332","325:334 330:334"
"فرحت","ڈاکٹر امبید کر",1,"270","267:274"
"فرحت","کمال",1,"435","438:433"
"فرحت","گدھے والا کمین",1,"268","267:270"
"فرحت","گنجا علی بخش",2,"329 332","325:334 330:334"
"فرحت","گنجا فورمین",2,"329 332","325:334 330:334"
"فرخندہ","منشی (لگان والا)",1,"348","351:346"
"فرخندہ","منو",1,"351","351:351"
"فرخندہ","نعیم",5,"348 349 350 351","351:346 351:347 351:348 351:349 351:352"
"فرخندہ","نعیم اور عذرا کی بیٹی",1,"346","351:342"
"فرخندہ","کمال",1,"347","351:343"
"فرخندہ","گدھے والا کمین",1,"347","351:344"
"فضل (فیکٹری مزدور)","فہمیدہ (نجمی/مجھی)",2,"332 334","337:327 337:332"
"فضل (فیکٹری مزدور)","لیلی (رقاصہ)",1,"333","337:330"
"فضل (فیکٹری مزدور)","منشی (لگان والا)",2,"341 342","337:346 339:346"
"فضل (فیکٹری مزدور)","مہندر (جیل اوورسیئر نمبر 19)",1,"245","242:249"
"فضل (فیکٹری مزدور)","نعیم",7,"237 240 241 242 341 342","242:232 242:238 242:239 242:240 242:242 337:346 339:346"
"فضل (فیکٹری مزدور)","نعیم اور عذرا کی بیٹی",4,"237 245 339 340","242:233 242:249 337:342 339:342"
"فضل (فیکٹری مزدور)","پرنس آف ویلز",3,"237 241 334","242:232 242:240 337:332"
"فضل (فیکٹری مزدور)","پرویز",1,"334","337:332"
"فضل (فیکٹری مزدور)","چیف انجینئر (فیکٹری)",1,"335","337:334"
"فضل (فیکٹری مزدور)","کمال",2,"340 341","337:343 339:343"
"فضل (فیکٹری مزدور)","گدھے والا کمین",2,"340 341","337:344 339:344"
"فضل (فیکٹری مزدور)","گنجا علی بخش",3,"335 337 338","337:334 337:338 339:338"
"فضل (فیکٹری مزدور)","گنجا فورمین",3,"335 337 338","337:334 337:338 339:338"
"فضل (فیکٹری مزدور)","گورنر بنگال",2,"237 241","242:232 242:240"
"فہمیدہ (نجمی/مجھی)","لال (ٹائم کیپر)",5,"24 319 485 486 489","20:29 323:316 482:488 485:488 491:488"
"فہمیدہ (نجمی/مجھی)","لیلی (رقاصہ)",8,"319 323 324 327 328 331","323:315 323:324 324:324 325:324 325:330 326:330 327:330 332:330"
"فہمیدہ (نجمی/مجھی)","محمد علی جناح",2,"453 455","453:454 456:454"
"فہمیدہ (نجمی/مجھی)","مدن رائے",2,"477 481","482:472 482:480"
"فہمیدہ (نجمی/مجھی)","مسعود",23,"424 425 426 431 435 436 437 438 481 482 483 484 485 488 492 493","424:424 425:424 425:425 426:425 426:426 427:426 427:435 428:435 435:435 436:435 436:437 437:437 438:437 438:438 482:481 482:482 485:482 485:483 485:484 485:485 491:485 491:494 493:494"
"فہمیدہ (نجمی/مجھی)","مل کا مالک",1,"396","393:400"
"فہمیدہ (نجمی/مجھی)","منشی (لگان والا)",2,"455 456","453:457 456:457"
"فہمیدہ (نجمی/مجھی)","نعیم",79,"15 16 18 19 20 318 319 320 321 357 358 359 361 364 365 366 367 368 371 372 376 377 378 380 393 419 420 421 425 426 427 428 431 432 433 434 435 438 439 448 449 450 451 452 453 454 455 456 479 480 483 484 485 488 493 494","20:10 20:12 20:17 20:18 20:21 323:313 323:314 323:315 323:316 323:317 323:318 323:319 362:352 362:354 362:355 362:356 362:361 362:367 363:367 364:367 365:367 366:367 367:367 368:367 368:368 369:368 369:373 370:373 372:373 379:373 379:374 379:375 379:376 379:377 379:381 393:393 424:415 424:416 424:417 424:419 424:426 425:426 426:426 427:426 427:427 428:427 428:428 435:428 435:429 435:430 435:431 435:432 435:434 435:435 436:435 436:440 437:440 438:440 453:443 453:444 453:445 453:446 453:447 453:450 453:451 453:453 456:453 456:454 456:455 456:456 482:476 482:477 482:479 482:484 485:484 485:486 491:486 491:496 493:496"
"فہمیدہ (نجمی/مجھی)","نعیم اور عذرا کی بیٹی",7,"20 337 392 437 438 439","20:21 332:342 393:392 435:440 436:440 437:440 438:440"
"فہمیدہ (نجمی/مجھی)","نور دین",4,"484 486 489 490","482:487 485:487 491:487 491:489"
"فہمیدہ (نجمی/مجھی)","نوری",7,"324 325 484 485 488","323:325 324:325 325:325 326:325 482:486 485:486 491:486"
"فہمیدہ (نجمی/مجھی)","وزیر خان",2,"318 320","323:313 323:318"
"فہمیدہ (نجمی/مجھی)","پرنس آف ویلز",6,"327 328 329 332","323:332 324:332 325:332 326:332 327:332 332:332"
"فہمیدہ (نجمی/مجھی)","پروفیسر برمن",16,"363 364 424 430 431 435 436 437 438","362:364 363:364 364:364 365:364 424:424 425:424 425:435 426:435 427:435 428:435 435:435 436:435 436:437 437:437 438:437 438:438"
"فہمیدہ (نجمی/مجھی)","پرویز",35,"15 19 20 322 327 328 329 332 364 365 366 367 368 369 393 454 456 481 483 485 488 490 491 492 493","20:10 20:18 20:21 323:322 323:332 324:332 325:332 326:332 327:332 332:332 362:366 363:366 364:366 365:366 366:366 367:366 367:367 368:367 368:368 369:368 369:369 370:369 393:393 453:456 456:456 482:481 482:485 485:485 491:485 491:486 491:490 491:491 493:491 493:492 493:493"
"فہمیدہ (نجمی/مجھی)","چیف انجینئر (فیکٹری)",7,"329 330 333 396 419","324:334 325:334 326:334 327:334 332:334 393:400 424:414"
"فہمیدہ (نجمی/مجھی)","ڈاکٹر انصاری",11,"369 370 371 372 373 376 377 378","364:374 365:374 366:374 367:374 368:374 369:374 370:374 372:374 379:374 379:376 379:378"
"فہمیدہ (نجمی/مجھی)","کانگریس سیکرٹری (نام نہیں دیا گیا)",5,"419 421 453 454 455","424:415 424:419 453:453 456:453 456:455"
"فہمیدہ (نجمی/مجھی)","کمال",14,"18 396 428 429 430 434 478 482 483 486 489","20:17 393:400 424:433 425:433 426:433 427:433 428:433 435:433 482:475 482:482 485:482 485:487 491:487 491:488"
"فہمیدہ (نجمی/مجھی)","گدھے والا کمین",1,"24","20:29"
"فہمیدہ (نجمی/مجھی)","گنجا علی بخش",5,"329 330 333","324:334 325:334 326:334 327:334 332:334"
"فہمیدہ (نجمی/مجھی)","گنجا فورمین",12,"329 330 333 381 388 389 392 396 419","324:334 325:334 326:334 327:334 332:334 379:383 393:383 393:384 393:386 393:392 393:400 424:414"
"فہمیدہ (نجمی/مجھی)","گورنر بنگال",5,"424 425 453 454","424:425 425:425 426:425 453:453 456:453"
"فہمیدہ (نجمی/مجھی)","یونس",2,"383 390","379:387 393:387"
"فہمیدہ (نجمی/مجھی)","یونین پریزیڈنٹ",1,"391","393:390"
"قیدی نمبر 17","لال (ٹائم کیپر)",2,"266 268","269:263 269:267"
"قیدی نمبر 17","مہندر (جیل اوورسیئر نمبر 19)",5,"266 267 268 269","269:263 269:265 269:267 269:268 269:269"
"قیدی نمبر 17","نعیم",8,"264 265 266 267 268 269","269:260 269:261 269:262 269:263 269:265 269:266 269:268 269:269"
"قیدی نمبر 17","پروفیسر اقبال سنگھ",1,"271","269:274"
"قیدی نمبر 17","پرویز",3,"267 271","269:265 269:266 269:273"
"قیدی نمبر 17","ڈاکٹر امبید کر",1,"271","269:274"
"قیدی نمبر 17","گدھے والا کمین",1,"269","269:270"
"لال (ٹائم کیپر)","لیلی (رقاصہ)",5,"67 74 313 315 320","63:71 78:71 311:315 316:315 316:324"
"لال (ٹائم کیپر)","محمد علی جناح",2,"285 286","287:283 287:285"
"لال (ٹائم کیپر)","مدن رائے",1,"484","488:480"
"لال (ٹائم کیپر)","مسعود",6,"484 485 486 491","488:481 488:482 488:483 488:484 488:485 488:494"
"لال (ٹائم کیپر)","منشی (لگان والا)",1,"201","203:200"
"لال (ٹائم کیپر)","مولانا حسین احمد مدنی",1,"285","287:283"
"لال (ٹائم کیپر)","مولانا شبیر احمد عثمانی",1,"285","287:283"
"لال (ٹائم کیپر)","مولانا شوکت علی",1,"285","287:283"
"لال (ٹائم کیپر)","مولانا محمد علی",2,"285 286","287:283 287:285"
"لال (ٹائم کیپر)","مہندر (جیل اوورسیئر نمبر 19)",22,"58 59 60 61 62 67 74 75 76 77 78 200 253 260 263 265 266 267","63:53 63:54 63:55 63:56 63:57 63:60 63:61 63:71 78:71 78:73 78:74 78:75 78:76 78:77 78:78 203:197 258:249 258:263 263:263 267:263 267:265 267:267"
"لال (ٹائم کیپر)","نعیم",74,"5 6 7 8 9 25 26 27 28 29 58 59 60 61 62 64 73 74 75 78 199 200 201 202 203 253 254 255 256 259 261 262 263 265 266 267 282 283 284 285 289 307 311 313 314 315 316 483 486 487 492","9:1 9:2 9:3 9:4 9:5 9:8 9:9 29:21 29:22 29:23 29:24 29:25 29:26 29:27 29:28 29:29 63:53 63:55 63:56 63:57 63:58 63:59 63:60 63:61 63:65 78:68 78:69 78:70 78:71 78:72 78:79 203:196 203:197 203:198 203:199 203:200 203:201 203:202 203:203 258:248 258:249 258:250 258:251 258:252 258:253 258:254 258:260 263:260 263:261 263:262 263:263 267:263 267:265 267:266 267:268 287:278 287:279 287:280 287:281 287:282 287:283 287:284 287:291 311:303 311:311 316:311 316:313 316:314 316:315 316:316 488:479 488:484 488:486 488:496"
"لال (ٹائم کیپر)","نعیم اور عذرا کی بیٹی",3,"25 253 310","29:21 258:249 311:310"
"لال (ٹائم کیپر)","نور دین",2,"487 488","488:487 488:489"
"لال (ٹائم کیپر)","نوری",2,"320 487","316:325 488:486"
"لال (ٹائم کیپر)","وزیر خان",4,"307 312 314 317","311:303 311:313 316:313 316:318"
"لال (ٹائم کیپر)","پرتاپے",1,"288","287:289"
"لال (ٹائم کیپر)","پروفیسر اقبال سنگھ",1,"270","267:274"
"لال (ٹائم کیپر)","پرویز",19,"5 9 25 26 27 31 60 207 261 264 266 270 282 319 484 486 487 489","9:1 9:9 29:21 29:24 29:26 29:33 63:57 203:211 258:265 263:265 267:265 267:266 267:273 287:277 316:322 488:481 488:485 488:486 488:490"
"لال (ٹائم کیپر)","ڈاکٹر امبید کر",1,"270","267:274"
"لال (ٹائم کیپر)","ڈاکٹر محمد اقبال",1,"285","287:283"
"لال (ٹائم کیپر)","کانگریس سیکرٹری (نام نہیں دیا گیا)",3,"6 7","9:3 9:4 9:5"
"لال (ٹائم کیپر)","کمال",4,"13 485 487 488","9:17 488:482 488:487 488:488"
"لال (ٹائم کیپر)","کیپٹن وڈ",1,"306","311:302"
"لال (ٹائم کیپر)","گدھے والا کمین",4,"29 201 266 268","29:29 203:200 263:270 267:270"
"لال (ٹائم کیپر)","گنجا علی بخش",1,"287","287:287"
"لیلی (رقاصہ)","منشی (لگان والا)",1,"121","118:125"
"لیلی (رقاصہ)","مہندر (جیل اوورسیئر نمبر 19)",5,"66 71 109 110","71:61 71:71 114:104 114:105 114:106"
"لیلی (رقاصہ)","نعیم",32,"66 68 69 70 71 109 110 111 112 113 114 116 117 118 313 314 315 319 320 321","71:61 71:65 71:66 71:67 71:68 71:69 71:70 71:71 114:104 114:105 114:106 114:107 114:108 114:109 114:110 114:111 114:112 114:113 114:114 118:114 118:116 118:117 118:119 315:311 315:313 315:314 315:315 324:315 324:316 324:317 324:318 324:319"
"لیلی (رقاصہ)","نعیم اور عذرا کی بیٹی",1,"312","315:310"
"لیلی (رقاصہ)","نوری",3,"320 324 327","315:325 324:325 330:325"
"لیلی (رقاصہ)","وزیر خان",3,"314 316 321","315:313 315:318 324:318"
"لیلی (رقاصہ)","پرنس آف ویلز",2,"328 331","324:332 330:332"
"لیلی (رقاصہ)","پرویز",4,"318 323 328 331","315:322 324:322 324:332 330:332"
"لیلی (رقاصہ)","چیف انجینئر (فیکٹری)",2,"329 332","324:334 330:334"
"لیلی (رقاصہ)","گنجا علی بخش",2,"329 332","324:334 330:334"
"لیلی (رقاصہ)","گنجا فورمین",2,"329 332","324:334 330:334"
"مادھوکر","مدن رائے",8,"143 144 145 146 147 148","145:142 145:143 145:144 145:146 146:146 147:146 147:148 148:148"
"مادھوکر","نعیم",17,"140 141 142 143 144 145 146 147 148","145:135 145:136 145:137 145:138 145:139 145:140 145:141 145:142 145:143 145:144 145:145 146:145 146:146 147:146 147:147 148:147 148:148"
"مادھوکر","نعیم اور عذرا کی بیٹی",1,"143","145:142"
"مادھوکر","کانگریس سیکرٹری (نام نہیں دیا گیا)",5,"142 149 150 151","145:140 145:154 146:154 147:154 148:154"
"مادھوکر","ہری چند",4,"149 150 151","145:154 146:154 147:154 148:154"
"محمد علی جناح","منشی (لگان والا)",1,"455","454:457"
"محمد علی جناح","مولانا حسین احمد مدنی",2,"283 284","283:283 285:283"
"محمد علی جناح","مولانا شبیر احمد عثمانی",2,"283 284","283:283 285:283"
"محمد علی جناح","مولانا شوکت علی",2,"283 284","283:283 285:283"
"محمد علی جناح","مولانا محمد علی",3,"283 284 285","283:283 285:283 285:285"
"محمد علی جناح","نعیم",18,"279 280 281 282 283 284 288 449 450 452 453 454","283:276 283:278 283:279 283:280 283:281 283:282 283:283 285:283 285:284 285:291 454:444 454:445 454:446 454:447 454:450 454:451 454:453 454:454"
"محمد علی جناح","پرتاپے",2,"286 287","283:289 285:289"
"محمد علی جناح","پروفیسر اقبال سنگھ",1,"278","283:274"
"محمد علی جناح","پرویز",3,"278 280 455","283:273 283:277 454:456"
"محمد علی جناح","ڈاکٹر امبید کر",1,"278","283:274"
"محمد علی جناح","ڈاکٹر محمد اقبال",2,"283 284","283:283 285:283"
"محمد علی جناح","کانگریس سیکرٹری (نام نہیں دیا گیا)",2,"453 454","454:453 454:455"
"محمد علی جناح","گنجا علی بخش",2,"285 286","283:287 285:287"
"محمد علی جناح","گورنر بنگال",1,"453","454:453"
"مدن رائے","مسعود",2,"476 480","472:481 480:481"
"مدن رائے","منشی (لگان والا)",1,"137","142:132"
"مدن رائے","منو",2,"183","178:188 179:188"
"مدن رائے","مہندر (جیل اوورسیئر نمبر 19)",1,"138","142:134"
"مدن رائے","نعیم",54,"137 138 139 140 141 142 143 144 145 146 147 148 149 150 156 157 158 159 160 161 162 163 173 174 175 176 177 178 179 467 471 474 478 479 482","142:132 142:133 142:134 142:135 142:136 142:137 142:138 142:139 142:140 142:141 142:142 143:142 143:143 144:143 144:144 146:144 146:145 146:146 148:146 148:147 148:148 149:148 149:150 150:150 161:151 161:152 161:154 161:155 161:156 161:157 161:158 161:159 161:161 163:161 163:162 163:163 178:168 178:169 178:170 178:171 178:173 178:174 178:175 178:177 178:178 179:178 179:179 472:463 472:471 472:476 480:476 480:477 480:479 480:484"
"مدن رائے","نعیم اور عذرا کی بیٹی",2,"142","142:142 143:142"
"مدن رائے","نور دین",3,"470 483","472:468 472:469 480:487"
"مدن رائے","نوری",1,"483","480:486"
"مدن رائے","پرویز",4,"167 175 476 480","163:172 178:172 472:481 480:481"
"مدن رائے","کانگریس سیکرٹری (نام نہیں دیا گیا)",9,"141 149 150 151 152 157 158","142:140 144:154 146:154 148:154 149:154 150:154 161:154 161:155 161:156"
"مدن رائے","کمال",6,"182 183 470 473 477 481","178:187 179:187 472:468 472:475 480:475 480:482"
"مدن رائے","گدھے والا کمین",1,"177","178:177"
"مدن رائے","گورنر بنگال",3,"161 162 163","161:161 163:161 163:163"
"مدن رائے","ہری چند",7,"149 150 151 152 157 158","144:154 146:154 148:154 149:154 150:154 161:154 161:155"
"مسعود","نعیم",32,"419 420 421 425 426 430 431 432 433 434 435 436 438 439 476 478 479 480 482 483 484 485 490 495","424:415 424:416 424:417 424:419 424:426 425:426 426:426 435:426 435:427 435:428 435:429 435:430 435:431 435:432 435:434 435:435 437:435 437:440 438:440 439:440 481:471 481:476 481:477 481:479 481:484 482:484 483:484 484:484 485:484 485:486 494:486 494:496"
"مسعود","نعیم اور عذرا کی بیٹی",4,"437 438 439","435:440 437:440 438:440 439:440"
"مسعود","نور دین",7,"484 485 486 490 491","481:487 482:487 483:487 484:487 485:487 494:487 494:489"
"مسعود","نوری",6,"483 484 485 490","481:486 482:486 483:486 484:486 485:486 494:486"
"مسعود","پروفیسر برمن",11,"424 430 435 436 437 438 439","424:424 425:424 425:435 426:435 435:435 437:435 437:437 438:437 438:438 439:438 439:439"
"مسعود","پرویز",13,"481 483 484 485 489 490 492 493 494","481:481 482:481 482:485 483:485 484:485 485:485 494:485 494:486 494:490 494:491 494:492 494:493 494:494"
"مسعود","چیف انجینئر (فیکٹری)",1,"419","424:414"
"مسعود","کانگریس سیکرٹری (نام نہیں دیا گیا)",2,"419 421","424:415 424:419"
"مسعود","کمال",13,"428 429 434 478 481 482 485 486 490 491","424:433 425:433 426:433 435:433 481:475 481:482 482:482 483:482 483:487 484:487 485:487 494:487 494:488"
"مسعود","گنجا فورمین",1,"419","424:414"
"مسعود","گورنر بنگال",3,"424 425","424:425 425:425 426:425"
"مل کا مالک","نعیم",15,"396 397 398 399 400 408 409 410 411 414","400:393 400:394 400:395 400:396 400:397 400:398 400:399 400:401 413:403 413:405 413:407 413:408 413:409 413:410 413:415"
"مل کا مالک","نعیم اور عذرا کی بیٹی",1,"396","400:392"
"مل کا مالک","پرویز",3,"396 397","400:393 400:394 400:395"
"مل کا مالک","چیف انجینئر (فیکٹری)",2,"400 413","400:400 413:413"
"مل کا مالک","کانگریس سیکرٹری (نام نہیں دیا گیا)",1,"414","413:415"
"مل کا مالک","کمال",1,"400","400:400"
"مل کا مالک","گنجا فورمین",4,"396 400 412 413","400:392 400:400 413:411 413:413"
"مل کا مالک","یونین پریزیڈنٹ",1,"395","400:390"
"منشی (لگان والا)","منو",1,"348","346:351"
"منشی (لگان والا)","مہندر (جیل اوورسیئر نمبر 19)",9,"44 46 47 127 130 131 133 198","44:45 47:45 47:46 47:47 125:130 130:130 132:130 132:134 200:197"
"منشی (لگان والا)","نعیم",43,"39 40 41 42 43 44 45 46 47 120 121 122 124 125 127 128 129 130 131 132 196 198 199 200 346 452 453 454 455 456 457","44:34 44:35 44:36 44:37 44:38 44:39 44:40 44:41 44:42 44:43 44:44 47:44 47:46 47:47 125:116 125:117 125:119 125:124 125:125 130:125 130:126 130:127 130:128 130:129 130:130 132:130 132:131 132:132 200:192 200:196 200:197 200:198 200:199 200:200 346:346 457:447 457:450 457:451 457:453 457:454 457:455 457:456 457:457"
"منشی (لگان والا)","نعیم اور عذرا کی بیٹی",2,"137 344","132:142 346:342"
"منشی (لگان والا)","پرویز",8,"39 40 41 52 195 456 457","44:34 44:35 44:36 44:39 47:57 200:191 457:456 457:457"
"منشی (لگان والا)","کانگریس سیکرٹری (نام نہیں دیا گیا)",4,"135 136 455 456","130:140 132:140 457:453 457:455"
"منشی (لگان والا)","کمال",1,"344","346:343"
"منشی (لگان والا)","گدھے والا کمین",5,"42 44 45 200 345","44:41 44:44 47:44 200:200 346:344"
"منشی (لگان والا)","گنجا علی بخش",1,"342","346:338"
"منشی (لگان والا)","گنجا فورمین",1,"342","346:338"
"منشی (لگان والا)","گورنر بنگال",1,"455","457:453"
"منو","مہندر (جیل اوورسیئر نمبر 19)",1,"192","188:197"
"منو","نعیم",15,"183 184 185 186 187 188 348 349 350 351","188:178 188:179 188:181 188:182 188:183 188:184 188:185 188:186 188:187 188:188 351:346 351:347 351:348 351:349 351:352"
"منو","نعیم اور عذرا کی بیٹی",1,"346","351:342"
"منو","پرویز",1,"189","188:191"
"منو","کمال",2,"187 347","188:187 351:343"
"منو","گدھے والا کمین",1,"347","351:344"
"مولانا حسین احمد مدنی","مولانا شبیر احمد عثمانی",1,"283","283:283"
"مولانا حسین احمد مدنی","مولانا شوکت علی",1,"283","283:283"
"مولانا حسین احمد مدنی","مولانا محمد علی",1,"283","283:283"
"مولانا حسین احمد مدنی","نعیم",7,"279 280 281 282 283","283:276 283:278 283:279 283:280 283:281 283:282 283:283"
"مولانا حسین احمد مدنی","پرتاپے",1,"286","283:289"
"مولانا حسین احمد مدنی","پروفیسر اقبال سنگھ",1,"278","283:274"
"مولانا حسین احمد مدنی","پرویز",2,"278 280","283:273 283:277"
"مولانا حسین احمد مدنی","ڈاکٹر امبید کر",1,"278","283:274"
"مولانا حسین احمد مدنی","ڈاکٹر محمد اقبال",1,"283","283:283"
"مولانا حسین احمد مدنی","گنجا علی بخش",1,"285","283:287"
"مولانا شبیر احمد عثمانی","مولانا شوکت علی",1,"283","283:283"
"مولانا شبیر احمد عثمانی","مولانا محمد علی",1,"283","283:283"
"مولانا شبیر احمد عثمانی","نعیم",7,"279 280 281 282 283","283:276 283:278 283:279 283:280 283:281 283:282 283:283"
"مولانا شبیر احمد عثمانی","پرتاپے",1,"286","283:289"
"مولانا شبیر احمد عثمانی","پروفیسر اقبال سنگھ",1,"278","283:274"
"مولانا شبیر احمد عثمانی","پرویز",2,"278 280","283:273 283:277"
"مولانا شبیر احمد عثمانی","ڈاکٹر امبید کر",1,"278","283:274"
"مولانا شبیر احمد عثمانی","ڈاکٹر محمد اقبال",1,"283","283:283"
"مولانا شبیر احمد عثمانی","گنجا علی بخش",1,"285","283:287"
"مولانا شوکت علی","مولانا محمد علی",1,"283","283:283"
"مولانا شوکت علی","نعیم",7,"279 280 281 282 283","283:276 283:278 283:279 283:280 283:281 283:282 283:283"
"مولانا شوکت علی","پرتاپے",1,"286","283:289"
"مولانا شوکت علی","پروفیسر اقبال سنگھ",1,"278","283:274"
"مولانا شوکت علی","پرویز",2,"278 280","283:273 283:277"
"مولانا شوکت علی","ڈاکٹر امبید کر",1,"278","283:274"
"مولانا شوکت علی","ڈاکٹر محمد اقبال",1,"283","283:283"
"مولانا شوکت علی","گنجا علی بخش",1,"285","283:287"
"مولانا محمد علی","نعیم",10,"279 280 281 282 283 284 288","283:276 283:278 283:279 283:280 283:281 283:282 283:283 285:283 285:284 285:291"
"مولانا محمد علی","پرتاپے",2,"286 287","283:289 285:289"
"مولانا محمد علی","پروفیسر اقبال سنگھ",1,"278","283:274"
"مولانا محمد علی","پرویز",2,"278 280","283:273 283:277"
"مولانا محمد علی","ڈاکٹر امبید کر",1,"278","283:274"
"مولانا محمد علی","ڈاکٹر محمد اقبال",2,"283 284","283:283 285:283"
"مولانا محمد علی","گنجا علی بخش",2,"285 286","283:287 285:287"
"مہندر (جیل اوورسیئر نمبر 19)","نعیم",110,"40 41 42 43 44 45 46 47 48 49 50 51 52 53 54 55 56 57 58 59 60 61 66 68 69 70 71 72 76 77 78 79 98 99 100 101 102 103 104 105 106 127 128 129 130 132 133 134 192 194 196 197 244 245 247 248 249 258 261 262 263 264 265 266 267 268 269 270 272","45:35 45:36 45:37 45:38 45:39 45:40 45:41 45:42 45:43 45:44 45:46 46:46 47:46 47:47 48:47 48:48 49:48 49:49 50:49 50:50 52:50 52:51 52:52 53:52 53:53 54:53 54:55 55:55 56:55 56:56 57:56 57:57 60:57 60:58 60:59 60:60 61:60 61:61 71:61 71:65 71:66 71:67 71:68 71:69 71:70 71:71 73:71 73:72 73:79 74:79 75:79 76:79 77:79 78:79 79:79 103:94 103:96 103:97 103:98 103:100 103:101 103:102 103:103 104:103 104:104 105:104 105:105 106:105 106:106 130:124 130:125 130:126 130:127 130:128 130:129 130:130 134:130 134:131 134:132 134:133 134:134 197:187 197:188 197:192 197:196 197:197 249:239 249:240 249:242 249:245 249:246 249:247 249:248 249:249 263:253 263:254 263:260 263:261 263:262 263:263 265:263 265:265 267:265 267:266 267:268 268:268 269:268 269:269 272:269 272:272"
"مہندر (جیل اوورسیئر نمبر 19)","نعیم اور عذرا کی بیٹی",2,"138 249","134:142 249:249"
"مہندر (جیل اوورسیئر نمبر 19)","پرنس آف ویلز",1,"244","249:240"
"مہندر (جیل اوورسیئر نمبر 19)","پروفیسر اقبال سنگھ",5,"269 270 271 273","265:274 267:274 268:274 269:274 272:274"
"مہندر (جیل اوورسیئر نمبر 19)","پرویز",23,"40 42 52 53 54 55 56 57 58 194 264 265 266 270 271 272","45:35 45:36 45:39 47:57 48:57 49:57 50:57 52:57 53:57 54:57 55:57 56:57 57:57 60:57 197:191 263:265 265:265 267:265 267:266 267:273 268:273 269:273 272:273"
"مہندر (جیل اوورسیئر نمبر 19)","ڈاکٹر امبید کر",5,"269 270 271 273","265:274 267:274 268:274 269:274 272:274"
"مہندر (جیل اوورسیئر نمبر 19)","کانگریس سیکرٹری (نام نہیں دیا گیا)",2,"135 137","130:140 134:140"
"مہندر (جیل اوورسیئر نمبر 19)","کمال",1,"192","197:187"
"مہندر (جیل اوورسیئر نمبر 19)","گدھے والا کمین",9,"43 44 198 266 267 268 269 271","45:41 45:44 197:200 263:270 265:270 267:270 268:270 269:270 272:270"
"مہندر (جیل اوورسیئر نمبر 19)","گورنر بنگال",1,"244","249:240"
"نعیم","نعیم اور عذرا کی بیٹی",56,"16 19 21 137 138 139 140 141 142 217 218 219 220 222 228 229 230 231 232 235 244 245 247 248 249 306 310 344 392 435 436 437 440","12:21 17:21 18:21 21:21 22:21 132:142 133:142 134:142 135:142 136:142 137:142 138:142 139:142 140:142 141:142 142:142 143:142 212:222 213:222 214:222 215:222 216:222 217:222 219:222 222:222 223:222 223:233 224:233 225:233 226:233 227:233 228:233 229:233 230:233 232:233 238:233 239:249 240:249 242:249 245:249 246:249 247:249 248:249 249:249 250:249 303:310 311:310 346:342 393:392 430:440 431:440 432:440 434:440 435:440 440:440 441:440"
"نعیم","نور دین",10,"464 465 469 470 482 483 485 486 491 492","461:468 463:468 471:468 471:469 477:487 479:487 484:487 486:487 496:487 496:489"
"نعیم","نوری",11,"320 321 322 481 482 485 486 491","315:325 316:325 317:325 318:325 319:325 476:486 477:486 479:486 484:486 486:486 496:486"
"نعیم","وزیر خان",18,"298 299 300 301 303 307 312 313 316 317 318","293:303 294:303 295:303 296:303 297:303 298:303 299:303 303:303 311:303 311:313 313:313 314:313 314:318 315:318 316:318 317:318 318:318 319:318"
"نعیم","پرتاپے",7,"284 285 286 290","279:289 280:289 281:289 282:289 283:289 284:289 291:289"
"نعیم","پرنس آف ویلز",30,"221 222 224 225 226 227 229 230 231 232 235 239 240 241 294 295 296 297 298","216:226 217:226 219:226 222:226 223:226 224:226 225:226 226:226 227:226 227:227 228:227 228:230 229:230 230:230 232:230 232:232 238:232 238:240 239:240 240:240 242:240 291:298 292:298 293:298 294:298 295:298 296:298 297:298 298:298 299:298"
"نعیم","پروفیسر اقبال سنگھ",6,"269 270 271 273 275","265:274 266:274 268:274 269:274 272:274 276:274"
"نعیم","پروفیسر برمن",23,"359 360 362 365 419 420 421 425 430 431 432 433 434 435 437 438 439","354:364 355:364 356:364 361:364 367:364 415:424 416:424 417:424 419:424 426:424 426:435 427:435 428:435 429:435 430:435 431:435 432:435 434:435 435:435 440:435 440:437 440:438 440:439"
"نعیم","پرویز",152,"1 5 6 7 8 9 10 11 15 17 18 19 21 23 24 25 26 30 31 32 33 34 35 36 38 39 52 53 54 55 56 57 167 168 169 170 171 172 186 187 188 189 191 206 207 208 211 212 213 214 215 217 218 219 220 262 263 264 265 266 267 270 271 272 274 276 277 317 318 319 320 361 363 366 367 368 370 371 393 394 395 451 453 454 455 456 457 459 476 478 479 480 482 484 485 486 491 493 494 495","1:1 2:1 2:9 3:9 4:9 5:9 8:9 9:9 10:9 10:10 12:10 12:18 17:18 18:18 21:18 21:21 22:21 22:24 23:24 24:24 25:24 25:26 26:26 27:26 27:33 28:33 29:33 30:33 31:33 32:33 33:33 34:33 34:34 35:34 35:35 36:35 36:36 37:36 37:39 38:39 39:39 40:39 47:57 48:57 49:57 50:57 51:57 52:57 53:57 55:57 56:57 57:57 58:57 162:172 163:172 164:172 165:172 166:172 167:172 168:172 169:172 170:172 171:172 173:172 181:191 182:191 183:191 184:191 185:191 186:191 187:191 188:191 192:191 201:211 202:211 203:211 204:211 205:211 211:211 212:211 212:213 213:213 214:213 214:214 215:214 215:215 216:215 216:219 217:219 219:219 222:219 260:265 261:265 262:265 263:265 265:265 266:265 266:266 268:266 268:273 269:273 272:273 276:273 276:277 278:277 313:322 314:322 315:322 316:322 317:322 318:322 319:322 356:366 361:366 367:366 367:367 368:367 368:368 373:368 373:369 393:393 394:393 394:394 395:394 395:395 396:395 446:456 447:456 450:456 451:456 453:456 454:456 455:456 456:456 457:456 457:457 461:457 461:458 471:481 476:481 477:481 479:481 484:481 484:485 486:485 486:486 496:486 496:490 496:491 496:492 496:493 496:494"
"نعیم","چیف انجینئر (فیکٹری)",16,"396 397 398 399 400 408 409 410 411 414","393:400 394:400 395:400 396:400 397:400 398:400 399:400 401:400 403:413 405:413 407:413 408:413 409:413 410:413 415:413 415:414"
"نعیم","ڈاکٹر امبید کر",6,"269 270 271 273 275","265:274 266:274 268:274 269:274 272:274 276:274"
"نعیم","ڈاکٹر انصاری",21,"216 217 218 219 220 221 222 370 371 373 374 375 376 377 379","211:221 212:221 213:221 214:221 215:221 216:221 217:221 219:221 222:221 222:222 223:222 367:374 368:374 373:374 374:374 375:374 375:376 376:376 377:376 377:378 381:378"
"نعیم","ڈاکٹر محمد اقبال",8,"279 280 281 282 283","276:283 278:283 279:283 280:283 281:283 282:283 283:283 284:283"
"نعیم","کانگریس سیکرٹری (نام نہیں دیا گیا)",57,"2 3 4 5 6 135 136 137 138 139 140 149 150 151 152 153 154 155 156 410 411 412 415 417 418 419 422 448 449 450 451 452 453 454 455","1:3 2:3 3:3 4:3 4:4 5:4 5:5 8:5 130:140 131:140 132:140 133:140 134:140 135:140 136:140 137:140 138:140 139:140 140:140 141:140 144:154 145:154 146:154 147:154 148:154 150:154 151:154 152:154 154:154 155:154 155:155 156:155 156:156 157:156 405:415 407:415 408:415 409:415 410:415 415:415 416:415 416:419 417:419 419:419 426:419 443:453 444:453 445:453 446:453 447:453 450:453 451:453 453:453 454:453 454:455 455:455 456:455"
"نعیم","کمال",47,"12 13 14 17 182 183 184 185 186 187 344 396 397 398 399 400 429 430 431 432 433 464 465 469 473 475 479 480 483 485 486 491 492","8:17 9:17 10:17 12:17 17:17 18:17 177:187 178:187 179:187 181:187 182:187 183:187 184:187 185:187 186:187 187:187 188:187 346:343 393:400 394:400 395:400 396:400 397:400 398:400 399:400 401:400 426:433 427:433 428:433 429:433 430:433 431:433 432:433 434:433 461:468 463:468 471:468 471:475 476:475 476:482 477:482 479:482 484:482 484:487 486:487 496:487 496:488"
"نعیم","کھدر پوش لیڈر (کلکتہ)",10,"226 227 228 229 230 231","222:230 223:230 224:230 225:230 226:230 227:230 228:230 229:230 230:230 232:230"
"نعیم","کیپٹن وڈ",9,"297 298 299 300 302","292:302 293:302 294:302 295:302 296:302 297:302 298:302 299:302 303:302"
"نعیم","گدھے والا کمین",61,"25 26 27 28 29 36 37 38 39 40 41 43 44 45 172 173 174 175 176 177 196 198 199 200 214 215 216 217 218 265 266 267 268 269 271 345","21:29 22:29 23:29 24:29 25:29 26:29 27:29 28:29 29:29 30:29 31:41 32:41 33:41 34:41 35:41 36:41 37:41 38:41 39:41 40:41 41:41 42:41 42:44 43:44 44:44 46:44 167:177 168:177 169:177 170:177 171:177 173:177 174:177 175:177 177:177 178:177 192:200 196:200 197:200 198:200 199:200 200:200 201:200 211:218 212:218 213:218 214:218 215:218 216:218 217:218 219:218 260:270 261:270 262:270 263:270 265:270 266:270 268:270 269:270 272:270 346:344"
"نعیم","گنجا علی بخش",9,"282 283 284 285 289 342","278:287 279:287 280:287 281:287 282:287 283:287 284:287 291:287 346:338"
"نعیم","گنجا فورمین",30,"342 378 379 380 382 388 389 392 396 397 398 399 400 406 407 408 409 410 413 414","346:338 373:383 374:383 375:383 376:383 377:383 381:383 393:383 393:384 393:386 393:392 393:400 394:400 395:400 396:400 397:400 398:400 399:400 401:400 401:411 402:411 403:411 405:411 407:411 408:411 409:411 410:411 415:411 415:413 415:414"
"نعیم","گورنر بنگال",42,"156 157 158 159 160 161 162 163 227 228 229 230 231 232 235 239 240 241 420 421 422 425 448 449 450 451 452 453","151:161 152:161 154:161 155:161 156:161 157:161 158:161 159:161 161:161 162:161 162:163 163:163 164:163 222:232 223:232 224:232 225:232 226:232 227:232 228:232 229:232 230:232 232:232 238:232 238:240 239:240 240:240 242:240 415:425 416:425 417:425 419:425 426:425 443:453 444:453 445:453 446:453 447:453 450:453 451:453 453:453 454:453"
"نعیم","ہری چند",12,"149 150 151 152 153 154 155","144:154 145:154 146:154 147:154 148:154 150:154 151:154 152:154 154:154 155:154 155:155 156:155"
"نعیم","یونس",3,"382 384 390","377:387 381:387 393:387"
"نعیم","یونین پریزیڈنٹ",2,"385 391","381:390 393:390"
"نعیم اور عذرا کی بیٹی","وزیر خان",2,"306 311","310:303 310:313"
"نعیم اور عذرا کی بیٹی","پرنس آف ویلز",8,"224 229 230 231 232 236 244 337","222:226 233:226 233:227 233:230 233:232 233:240 249:240 342:332"
"نعیم اور عذرا کی بیٹی","پروفیسر برمن",4,"437 438 439","440:435 440:437 440:438 440:439"
"نعیم اور عذرا کی بیٹی","پرویز",8,"19 21 217 218 220 337 392","21:18 21:21 222:213 222:214 222:215 222:219 342:332 392:393"
"نعیم اور عذرا کی بیٹی","چیف انجینئر (فیکٹری)",2,"338 396","342:334 392:400"
"نعیم اور عذرا کی بیٹی","ڈاکٹر انصاری",2,"221 222","222:221 222:222"
"نعیم اور عذرا کی بیٹی","کانگریس سیکرٹری (نام نہیں دیا گیا)",1,"141","142:140"
"نعیم اور عذرا کی بیٹی","کمال",4,"19 342 396 436","21:17 342:343 392:400 440:433"
"نعیم اور عذرا کی بیٹی","کھدر پوش لیڈر (کلکتہ)",2,"226 231","222:230 233:230"
"نعیم اور عذرا کی بیٹی","کیپٹن وڈ",1,"306","310:302"
"نعیم اور عذرا کی بیٹی","گدھے والا کمین",3,"25 220 343","21:29 222:218 342:344"
"نعیم اور عذرا کی بیٹی","گنجا علی بخش",2,"338 340","342:334 342:338"
"نعیم اور عذرا کی بیٹی","گنجا فورمین",6,"338 340 387 388 389 392","342:334 342:338 392:383 392:384 392:386 392:392"
"نعیم اور عذرا کی بیٹی","گورنر بنگال",4,"227 232 236 244","222:232 233:232 233:240 249:240"
"نعیم اور عذرا کی بیٹی","یونس",1,"389","392:387"
"نعیم اور عذرا کی بیٹی","یونین پریزیڈنٹ",1,"391","392:390"
"نور دین","نوری",1,"486","487:486"
"نور دین","پرویز",6,"463 484 486 488 489","468:458 487:481 487:485 487:486 487:490 489:490"
"نور دین","کمال",7,"468 472 484 487 488","468:468 469:468 469:475 487:482 487:487 489:487 489:488"
"نوری","وزیر خان",1,"321","325:318"
"نوری","پرنس آف ویلز",1,"328","325:332"
"نوری","پرویز",5,"323 328 483 485 486","325:322 325:332 486:481 486:485 486:486"
"نوری","چیف انجینئر (فیکٹری)",1,"329","325:334"
"نوری","کمال",2,"484 486","486:482 486:487"
"نوری","گنجا علی بخش",1,"329","325:334"
"نوری","گنجا فورمین",1,"329","325:334"
"وزیر خان","پرنس آف ویلز",1,"300","303:298"
"وزیر خان","پرویز",2,"317 320","313:322 318:322"
"وزیر خان","کیپٹن وڈ",1,"302","303:302"
"پرتاپے","پرنس آف ویلز",1,"293","289:298"
"پرتاپے","ڈاکٹر محمد اقبال",1,"286","289:283"
"پرتاپے","گنجا علی بخش",1,"288","289:287"
"پرنس آف ویلز","پرویز",3,"222 327 332","226:219 332:322 332:332"
"پرنس آف ویلز","چیف انجینئر (فیکٹری)",1,"333","332:334"
"پرنس آف ویلز","ڈاکٹر انصاری",2,"223 224","226:221 226:222"
"پرنس آف ویلز","کھدر پوش لیڈر (کلکتہ)",4,"228 230 231","226:230 227:230 230:230 232:230"
"پرنس آف ویلز","کیپٹن وڈ",1,"300","298:302"
"پرنس آف ویلز","گدھے والا کمین",1,"222","226:218"
"پرنس آف ویلز","گنجا علی بخش",1,"333","332:334"
"پرنس آف ویلز","گنجا فورمین",1,"333","332:334"
"پرنس آف ویلز","گورنر بنگال",6,"229 231 232 236 240","226:232 227:232 230:232 232:232 240:232 240:240"
"پروفیسر اقبال سنگھ","پرویز",4,"269 270 273 275","274:265 274:266 274:273 274:277"
"پروفیسر اقبال سنگھ","ڈاکٹر امبید کر",1,"274","274:274"
"پروفیسر اقبال سنگھ","ڈاکٹر محمد اقبال",1,"278","274:283"
"پروفیسر اقبال سنگھ","گدھے والا کمین",1,"272","274:270"
"پروفیسر برمن","پرویز",1,"365","364:366"
"پروفیسر برمن","چیف انجینئر (فیکٹری)",1,"419","424:414"
"پروفیسر برمن","ڈاکٹر انصاری",1,"369","364:374"
"پروفیسر برمن","کانگریس سیکرٹری (نام نہیں دیا گیا)",2,"419 421","424:415 424:419"
"پروفیسر برمن","کمال",2,"428 434","424:433 435:433"
"پروفیسر برمن","گنجا فورمین",1,"419","424:414"
"پروفیسر برمن","گورنر بنگال",2,"424 430","424:425 435:425"
"پرویز","چیف انجینئر (فیکٹری)",4,"333 396 397","332:334 393:400 394:400 395:400"
"پرویز","ڈاکٹر امبید کر",4,"269 270 273 275","265:274 266:274 273:274 277:274"
"پرویز","ڈاکٹر انصاری",9,"216 217 218 220 370 371","211:221 213:221 214:221 215:221 219:221 366:374 367:374 368:374 369:374"
"پرویز","ڈاکٹر محمد اقبال",2,"278 280","273:283 277:283"
"پرویز","کانگریس سیکرٹری (نام نہیں دیا گیا)",6,"2 6 7 454 455","1:3 9:3 9:4 9:5 456:453 456:455"
"پرویز","کمال",15,"13 17 189 396 397 463 478 481 483 486 488 489","9:17 10:17 18:17 191:187 393:400 394:400 395:400 458:468 481:475 481:482 485:482 485:487 486:487 490:487 490:488"
"پرویز","گدھے والا کمین",19,"25 26 27 31 37 38 40 174 195 214 215 216 218 267 268 271","21:29 24:29 26:29 33:29 33:41 34:41 35:41 36:41 39:41 172:177 191:200 211:218 213:218 214:218 215:218 219:218 265:270 266:270 273:270"
"پرویز","گنجا علی بخش",2,"282 333","277:287 332:334"
"پرویز","گنجا فورمین",8,"333 388 389 392 396 397","332:334 393:383 393:384 393:386 393:392 393:400 394:400 395:400"
"پرویز","گورنر بنگال",2,"167 454","172:163 456:453"
"پرویز","یونس",1,"390","393:387"
"پرویز","یونین پریزیڈنٹ",1,"391","393:390"
"چیف انجینئر (فیکٹری)","کانگریس سیکرٹری (نام نہیں دیا گیا)",2,"414","413:415 414:415"
"چیف انجینئر (فیکٹری)","کمال",2,"338 400","334:343 400:400"
"چیف انجینئر (فیکٹری)","گدھے والا کمین",1,"339","334:344"
"چیف انجینئر (فیکٹری)","گنجا علی بخش",1,"334","334:334"
"چیف انجینئر (فیکٹری)","گنجا فورمین",7,"334 396 400 412 413 414","334:334 400:392 400:400 413:411 413:413 414:413 414:414"
"چیف انجینئر (فیکٹری)","یونین پریزیڈنٹ",1,"395","400:390"
"ڈاکٹر امبید کر","ڈاکٹر محمد اقبال",1,"278","274:283"
"ڈاکٹر امبید کر","گدھے والا کمین",1,"272","274:270"
"ڈاکٹر انصاری","کھدر پوش لیڈر (کلکتہ)",2,"225 226","221:230 222:230"
"ڈاکٹر انصاری","گدھے والا کمین",1,"219","221:218"
"ڈاکٹر انصاری","گنجا فورمین",3,"378 379 380","374:383 376:383 378:383"
"ڈاکٹر انصاری","گورنر بنگال",1,"227","222:232"
"ڈاکٹر انصاری","یونس",1,"382","378:387"
"ڈاکٹر محمد اقبال","گنجا علی بخش",1,"285","283:287"
"کانگریس سیکرٹری (نام نہیں دیا گیا)","گنجا فورمین",3,"413 414","415:411 415:413 415:414"
"کانگریس سیکرٹری (نام نہیں دیا گیا)","گورنر بنگال",7,"157 158 420 422 453 454","154:161 155:161 156:161 415:425 419:425 453:453 455:453"
"کانگریس سیکرٹری (نام نہیں دیا گیا)","ہری چند",4,"154 155","154:154 155:154 155:155 156:155"
"کمال","گدھے والا کمین",2,"182 343","187:177 343:344"
"کمال","گنجا علی بخش",2,"338 340","343:334 343:338"
"کمال","گنجا فورمین",4,"338 340 396 400","343:334 343:338 400:392 400:400"
"کمال","گورنر بنگال",1,"429","433:425"
"کمال","یونین پریزیڈنٹ",1,"395","400:390"
"کھدر پوش لیڈر (کلکتہ)","گورنر بنگال",1,"231","230:232"
"گدھے والا کمین","گنجا علی بخش",2,"339 341","344:334 344:338"
"گدھے والا کمین","گنجا فورمین",2,"339 341","344:334 344:338"
"گنجا علی بخش","گنجا فورمین",3,"334 336 338","334:334 338:334 338:338"
"گنجا فورمین","یونس",4,"385 386 389","383:387 384:387 386:387 392:387"
"گنجا فورمین","یونین پریزیڈنٹ",4,"386 387 388 391","383:390 384:390 386:390 392:390"
"گورنر بنگال","ہری چند",2,"157 158","161:154 161:155"
"یونس","یونین پریزیڈنٹ",1,"388","387:390"
