Character_A,Character_B,Weight,Pages(centers),Pairs(pa:pb)
"ادھیڑ عمر گاہک (کینٹین)","ارشد گریکسن",1,"332","334:330"
"ادھیڑ عمر گاہک (کینٹین)","استاد فٹر (فیکٹری)",3,"332 333 334","334:331 334:333 334:334"
"ادھیڑ عمر گاہک (کینٹین)","انجینئر مجید",1,"334","334:334"
"ادھیڑ عمر گاہک (کینٹین)","بشن (ماری)",1,"334","334:334"
"ادھیڑ عمر گاہک (کینٹین)","خاتون (کالی عینک والی)",1,"332","334:330"
"ادھیڑ عمر گاہک (کینٹین)","راول (گاؤں کا لڑکا)",1,"334","334:335"
"ادھیڑ عمر گاہک (کینٹین)","روشن آغا",2,"332 334","334:330 334:335"
"ادھیڑ عمر گاہک (کینٹین)","ریاض",1,"332","334:330"
"ادھیڑ عمر گاہک (کینٹین)","عائشہ (علی کی سہیلی → بعد میں بیوی)",1,"334","334:335"
"ادھیڑ عمر گاہک (کینٹین)","عذرا",2,"332 333","334:330 334:332"
"ادھیڑ عمر گاہک (کینٹین)","علی (نعیم کا بیٹا)",3,"332 333 334","334:331 334:333 334:334"
"ادھیڑ عمر گاہک (کینٹین)","فرحت",1,"332","334:330"
"ادھیڑ عمر گاہک (کینٹین)","فضل (فیکٹری مزدور)",1,"335","334:337"
"ادھیڑ عمر گاہک (کینٹین)","فہمیدہ (نجمی/مجھی)",1,"333","334:332"
"ادھیڑ عمر گاہک (کینٹین)","لیلی (رقاصہ)",1,"332","334:330"
"ادھیڑ عمر گاہک (کینٹین)","پرنس آف ویلز",1,"333","334:332"
"ادھیڑ عمر گاہک (کینٹین)","پرویز",1,"333","334:332"
"ادھیڑ عمر گاہک (کینٹین)","چیف انجینئر (فیکٹری)",1,"334","334:334"
"ادھیڑ عمر گاہک (کینٹین)","گنجا علی بخش",1,"334","334:334"
"ادھیڑ عمر گاہک (کینٹین)","گنجا فورمین",1,"334","334:334"
"ارشد گریکسن","استاد فٹر (فیکٹری)",1,"330","330:331"
"ارشد گریکسن","اقبال (گوریلا گروہ)",2,"171 173","172:171 172:175"
"ارشد گریکسن","انجینئر مجید",1,"332","330:334"
"ارشد گریکسن","اندھا جیب کترا",2,"211 300","213:210 299:301"
"ارشد گریکسن","بخت (کوٹھی کا رکھوالا)",1,"190","191:190"
"ارشد گریکسن","بشن (ماری)",1,"332","330:334"
"ارشد گریکسن","بڑھا دکان والا",7,"170 173 210 211 298 299","172:168 172:169 172:174 213:208 213:210 299:297 299:300"
"ارشد گریکسن","بڑی ماں (نعیم کی ماں)",2,"195 196","193:198 194:198"
"ارشد گریکسن","بھارت سنگھ",1,"301","299:303"
"ارشد گریکسن","بیگم وحید الدین",2,"213 214","213:214 215:214"
"ارشد گریکسن","حسین (روشن آغا کا ملازم)",1,"196","194:199"
"ارشد گریکسن","خاتون (کالی عینک والی)",1,"330","330:330"
"ارشد گریکسن","راول (گاؤں کا لڑکا)",3,"188 297 332","191:186 299:296 330:335"
"ارشد گریکسن","روشن آغا",8,"191 192 194 214 215 298 330","191:192 193:192 193:195 194:195 213:215 215:215 299:297 330:330"
"ارشد گریکسن","روشن پور کے بلوائی",2,"212 217","213:212 215:220"
"ارشد گریکسن","ریاض",2,"327 330","330:325 330:330"
"ارشد گریکسن","سر آغا خان سوم",2,"298","299:297 299:298"
"ارشد گریکسن","شیریں",8,"191 192 193 194 213 214 217","191:191 193:191 193:193 194:193 194:194 213:214 215:214 215:219"
"ارشد گریکسن","شیلا رانی",6,"169 170 171 172","172:167 172:168 172:169 172:170 172:171 172:173"
"ارشد گریکسن","طلعت",4,"191 192 213 214","191:191 193:191 213:213 215:213"
"ارشد گریکسن","عائشہ (علی کی سہیلی → بعد میں بیوی)",1,"332","330:335"
"ارشد گریکسن","عذرا",16,"171 191 192 193 194 212 213 214 215 298 299 327 328 330","172:170 191:191 193:191 193:193 194:193 194:194 213:212 213:213 215:213 215:216 299:297 299:298 299:299 330:325 330:327 330:330"
"ارشد گریکسن","علی (نعیم کا بیٹا)",10,"189 190 196 213 214 296 297 298 330","191:188 191:190 194:199 213:214 215:214 299:294 299:295 299:296 299:297 330:331"
"ارشد گریکسن","عمران (ماسٹر ڈل)",3,"327 328","330:325 330:326 330:327"
"ارشد گریکسن","غیث",5,"172 191 192 213 214","172:172 191:191 193:191 213:214 215:214"
"ارشد گریکسن","فرحت",2,"327 330","330:325 330:330"
"ارشد گریکسن","فہمیدہ (نجمی/مجھی)",4,"327 328 331","330:325 330:326 330:327 330:332"
"ارشد گریکسن","لیلی (رقاصہ)",1,"330","330:330"
"ارشد گریکسن","منو",1,"189","191:188"
"ارشد گریکسن","مہندر (جیل اوورسیئر نمبر 19)",2,"195","193:197 194:197"
"ارشد گریکسن","نعیم",25,"169 170 171 172 188 189 191 192 194 195 212 213 214 215 296 297 298 299","172:167 172:168 172:169 172:170 172:171 172:173 191:186 191:187 191:188 191:192 193:192 193:196 194:196 213:211 213:212 213:213 215:213 215:214 215:215 299:294 299:295 299:296 299:297 299:298 299:299"
"ارشد گریکسن","نوری",1,"327","330:325"
"ارشد گریکسن","وزیر خان",1,"301","299:303"
"ارشد گریکسن","پرنس آف ویلز",2,"298 331","299:298 330:332"
"ارشد گریکسن","پرویز",9,"172 191 192 212 213 214 215 331","172:172 191:191 193:191 213:211 213:213 215:213 215:214 215:215 330:332"
"ارشد گریکسن","چیف انجینئر (فیکٹری)",1,"332","330:334"
"ارشد گریکسن","کمال",1,"189","191:187"
"ارشد گریکسن","کیپٹن وڈ",1,"300","299:302"
"ارشد گریکسن","گدھے والا کمین",3,"174 215 216","172:177 213:218 215:218"
"ارشد گریکسن","گنجا علی بخش",1,"332","330:334"
"ارشد گریکسن","گنجا فورمین",1,"332","330:334"
"استاد فٹر (فیکٹری)","انجینئر مجید",4,"332 333 334 336","331:334 333:334 334:334 338:334"
"استاد فٹر (فیکٹری)","انیس الرحمان",1,"400","400:401"
"استاد فٹر (فیکٹری)","بانو",2,"388 391","386:390 392:390"
"استاد فٹر (فیکٹری)","بخت (کوٹھی کا رکھوالا)",3,"393 397 400","392:395 400:395 400:401"
"استاد فٹر (فیکٹری)","بشن (ماری)",7,"332 333 334 336 385 388 391","331:334 333:334 334:334 338:334 386:385 386:390 392:390"
"استاد فٹر (فیکٹری)","بلقیس",1,"402","400:404"
"استاد فٹر (فیکٹری)","بڑھا دکان والا",3,"318 339 393","321:316 338:341 392:394"
"استاد فٹر (فیکٹری)","جنرل فورمین (سیمنٹ فیکٹری)",1,"400","400:400"
"استاد فٹر (فیکٹری)","حسین (روشن آغا کا ملازم)",1,"385","386:385"
"استاد فٹر (فیکٹری)","خاتون (کالی عینک والی)",1,"330","331:330"
"استاد فٹر (فیکٹری)","خالد",3,"388 391 392","386:391 392:391 392:393"
"استاد فٹر (فیکٹری)","راول (گاؤں کا لڑکا)",5,"333 334 336 337","331:335 333:335 334:335 338:335 338:336"
"استاد فٹر (فیکٹری)","روشن آغا",8,"330 333 334 336 392 398 399","331:330 331:335 333:335 334:335 338:335 392:393 400:397 400:399"
"استاد فٹر (فیکٹری)","ریاض",2,"323 330","321:325 331:330"
"استاد فٹر (فیکٹری)","زہرہ بیگم (لاہور بازار)",1,"340","338:343"
"استاد فٹر (فیکٹری)","سر لارنس",1,"400","400:401"
"استاد فٹر (فیکٹری)","سلیم سپروائزر",1,"400","400:400"
"استاد فٹر (فیکٹری)","سپاہی گروہ (بازار چھاپہ)",1,"339","338:341"
"استاد فٹر (فیکٹری)","شیریں",1,"339","338:340"
"استاد فٹر (فیکٹری)","شیلا رانی",2,"388 391","386:390 392:390"
"استاد فٹر (فیکٹری)","عائشہ (علی کی سہیلی → بعد میں بیوی)",8,"333 334 336 337 385 388 391","331:335 333:335 334:335 338:335 338:336 386:384 386:390 392:390"
"استاد فٹر (فیکٹری)","عذرا",11,"323 329 330 331 332 392 397 398 399","321:325 331:327 331:330 331:332 333:332 392:393 400:395 400:396 400:397 400:398 400:399"
"استاد فٹر (فیکٹری)","علی (نعیم کا بیٹا)",17,"320 331 332 333 334 336 337 338 385 386 389 391 392 400","321:320 331:331 333:331 333:333 334:333 334:334 338:334 338:335 338:336 338:337 338:338 386:385 386:386 392:387 392:390 392:392 400:400"
"استاد فٹر (فیکٹری)","عمران (ماسٹر ڈل)",4,"321 328 329 339","321:322 331:326 331:327 338:340"
"استاد فٹر (فیکٹری)","فرحت",2,"323 330","321:325 331:330"
"استاد فٹر (فیکٹری)","فضل (فیکٹری مزدور)",4,"335 337 338","333:337 334:337 338:337 338:339"
"استاد فٹر (فیکٹری)","فہمیدہ (نجمی/مجھی)",6,"322 328 329 331 332 392","321:323 331:326 331:327 331:332 333:332 392:393"
"استاد فٹر (فیکٹری)","لال (ٹائم کیپر)",1,"318","321:316"
"استاد فٹر (فیکٹری)","لیلی (رقاصہ)",2,"322 330","321:324 331:330"
"استاد فٹر (فیکٹری)","مل کا مالک",1,"400","400:400"
"استاد فٹر (فیکٹری)","نعیم",12,"318 319 320 383 392 397 398 399 400","321:316 321:317 321:318 321:319 386:381 392:393 400:395 400:396 400:397 400:398 400:399 400:401"
"استاد فٹر (فیکٹری)","نعیم اور عذرا کی بیٹی",2,"340 392","338:342 392:392"
"استاد فٹر (فیکٹری)","نوری",1,"323","321:325"
"استاد فٹر (فیکٹری)","وزیر خان",1,"319","321:318"
"استاد فٹر (فیکٹری)","پرنس آف ویلز",2,"331 332","331:332 333:332"
"استاد فٹر (فیکٹری)","پرویز",5,"321 331 332 392 397","321:322 331:332 333:332 392:393 400:395"
"استاد فٹر (فیکٹری)","چیف انجینئر (فیکٹری)",5,"332 333 334 336 400","331:334 333:334 334:334 338:334 400:400"
"استاد فٹر (فیکٹری)","کمال",2,"340 400","338:343 400:400"
"استاد فٹر (فیکٹری)","گنجا علی بخش",5,"332 333 334 336 338","331:334 333:334 334:334 338:334 338:338"
"استاد فٹر (فیکٹری)","گنجا فورمین",10,"332 333 334 336 338 384 385 386 392 400","331:334 333:334 334:334 338:334 338:338 386:383 386:384 386:386 392:392 400:400"
"استاد فٹر (فیکٹری)","یونس",2,"386 389","386:387 392:387"
"استاد فٹر (فیکٹری)","یونین پریزیڈنٹ",2,"388 391","386:390 392:390"
"اقبال (گوریلا گروہ)","اندھا جیب کترا",8,"145 146 147 148 276 281","143:148 144:148 145:148 146:148 147:148 149:148 274:279 283:279"
"اقبال (گوریلا گروہ)","انگریز نرس (روشن محل)",1,"274","274:274"
"اقبال (گوریلا گروہ)","بالمکند",5,"151 152 153 158 159","149:154 150:154 152:154 161:156 161:157"
"اقبال (گوریلا گروہ)","بشن (ماری)",9,"147 148 149 150 151 162 163 164","145:150 146:150 147:150 149:150 150:150 152:150 161:164 163:164 164:164"
"اقبال (گوریلا گروہ)","بنرجی",6,"143 144 145","143:143 144:143 144:144 145:144 145:145 146:145"
"اقبال (گوریلا گروہ)","بڑھا دکان والا",25,"142 143 144 145 148 149 150 151 153 162 163 164 169 170 172 174 176 177 178 284","143:141 143:144 144:144 145:144 145:145 146:145 146:151 147:151 149:151 150:151 152:151 152:154 161:163 163:163 164:163 164:164 171:168 171:169 171:174 175:174 175:177 178:177 178:178 179:178 283:285"
"اقبال (گوریلا گروہ)","حسین (روشن آغا کا ملازم)",2,"281 283","283:280 283:283"
"اقبال (گوریلا گروہ)","خاتون (کالی عینک والی)",3,"273 274 284","274:273 274:274 283:286"
"اقبال (گوریلا گروہ)","راجہ صاحب کرم آباد",1,"274","274:274"
"اقبال (گوریلا گروہ)","راول (گاؤں کا لڑکا)",1,"285","283:287"
"اقبال (گوریلا گروہ)","روشن آغا",8,"141 148 149 150 151 273 274","143:140 146:151 147:151 149:151 150:151 152:151 274:273 274:274"
"اقبال (گوریلا گروہ)","روشن پور کے بلوائی",2,"276 280","274:278 283:278"
"اقبال (گوریلا گروہ)","سر آغا خان سوم",1,"283","283:284"
"اقبال (گوریلا گروہ)","سر محمد شفیع",1,"284","283:285"
"اقبال (گوریلا گروہ)","سرخ داڑھی والا گوریلا",3,"176 178","175:178 178:178 179:178"
"اقبال (گوریلا گروہ)","سلیم سپروائزر",3,"161 162 285","161:161 163:161 283:287"
"اقبال (گوریلا گروہ)","سنتوکھ سنگھ",1,"285","283:287"
"اقبال (گوریلا گروہ)","شیلا رانی",27,"142 143 144 145 146 154 159 160 162 163 164 168 169 170 171 173 174 175 176","143:141 143:142 143:143 144:143 144:144 145:144 145:146 146:146 147:146 152:157 161:157 161:158 161:159 161:164 163:164 164:164 171:166 171:167 171:168 171:169 171:170 171:171 175:171 175:173 175:174 175:175 178:175"
"اقبال (گوریلا گروہ)","عائشہ (علی کی سہیلی → بعد میں بیوی)",1,"285","283:287"
"اقبال (گوریلا گروہ)","عذرا",11,"151 152 153 170 273 275 280 281 282 283","149:154 150:154 152:154 171:170 274:273 274:276 283:278 283:280 283:281 283:282 283:284"
"اقبال (گوریلا گروہ)","علی (نعیم کا بیٹا)",2,"272 283","274:270 283:283"
"اقبال (گوریلا گروہ)","غیث",2,"171 173","171:172 175:172"
"اقبال (گوریلا گروہ)","قیدی نمبر 17",1,"271","274:269"
"اقبال (گوریلا گروہ)","لال (ٹائم کیپر)",1,"285","283:287"
"اقبال (گوریلا گروہ)","مادھوکر",9,"144 145 146 147 148","143:145 144:145 145:145 146:145 146:146 147:146 147:147 149:147 149:148"
"اقبال (گوریلا گروہ)","محمد علی جناح",1,"283","283:283"
"اقبال (گوریلا گروہ)","مدن رائے",22,"142 143 144 145 146 147 148 149 150 151 161 162 163 176 178 179","143:142 143:143 144:143 144:144 145:144 145:146 146:146 147:146 147:148 149:148 149:149 150:149 150:150 152:150 161:161 163:161 163:163 164:163 175:178 178:178 179:178 179:179"
"اقبال (گوریلا گروہ)","مولانا حسین احمد مدنی",1,"283","283:283"
"اقبال (گوریلا گروہ)","مولانا شبیر احمد عثمانی",1,"283","283:283"
"اقبال (گوریلا گروہ)","مولانا شوکت علی",1,"283","283:283"
"اقبال (گوریلا گروہ)","مولانا محمد علی",1,"283","283:283"
"اقبال (گوریلا گروہ)","مہندر (جیل اوورسیئر نمبر 19)",2,"271 273","274:269 274:272"
"اقبال (گوریلا گروہ)","نعیم",55,"140 141 142 143 144 145 146 147 148 149 150 151 152 158 159 160 161 162 163 164 168 169 170 171 173 174 175 176 177 178 179 271 273 275 280 281 282 283","143:138 143:139 143:140 143:141 143:142 143:143 144:143 144:144 145:144 145:145 146:145 146:146 147:146 147:147 149:147 149:148 149:150 150:150 152:150 152:151 152:152 161:156 161:157 161:158 161:159 161:161 163:161 163:162 163:163 164:163 164:164 171:166 171:167 171:168 171:169 171:170 171:171 175:171 175:173 175:174 175:175 178:175 178:177 178:178 179:178 179:179 274:269 274:272 274:276 283:278 283:279 283:280 283:281 283:282 283:283"
"اقبال (گوریلا گروہ)","نعیم اور عذرا کی بیٹی",1,"142","143:142"
"اقبال (گوریلا گروہ)","پروفیسر اقبال سنگھ",1,"274","274:274"
"اقبال (گوریلا گروہ)","پرویز",4,"171 173 273 275","171:172 175:172 274:273 274:277"
"اقبال (گوریلا گروہ)","ڈاکٹر امبید کر",1,"274","274:274"
"اقبال (گوریلا گروہ)","ڈاکٹر محمد اقبال",1,"283","283:283"
"اقبال (گوریلا گروہ)","کانگریس سیکرٹری (نام نہیں دیا گیا)",5,"141 151 152 153 158","143:140 149:154 150:154 152:154 161:156"
"اقبال (گوریلا گروہ)","گدھے والا کمین",3,"176 177 272","175:177 178:177 274:270"
"اقبال (گوریلا گروہ)","گنجا علی بخش",1,"285","283:287"
"اقبال (گوریلا گروہ)","گورنر بنگال",4,"161 162 163","161:161 163:161 163:163 164:163"
"اقبال (گوریلا گروہ)","ہری چند",3,"151 152 153","149:154 150:154 152:154"
"انجینئر مجید","بانو",3,"489 490","492:487 492:488 492:489"
"انجینئر مجید","بشن (ماری)",1,"334","334:334"
"انجینئر مجید","حسین (روشن آغا کا ملازم)",1,"492","492:492"
"انجینئر مجید","خاتون (کالی عینک والی)",1,"332","334:330"
"انجینئر مجید","راول (گاؤں کا لڑکا)",1,"334","334:335"
"انجینئر مجید","روشن آغا",4,"332 334 491 492","334:330 334:335 492:491 492:492"
"انجینئر مجید","ریاض",1,"332","334:330"
"انجینئر مجید","شیلا رانی",1,"490","492:488"
"انجینئر مجید","عائشہ (علی کی سہیلی → بعد میں بیوی)",1,"334","334:335"
"انجینئر مجید","عذرا",4,"332 333 491 492","334:330 334:332 492:491 492:492"
"انجینئر مجید","علی (نعیم کا بیٹا)",6,"332 333 334 489 490","334:331 334:333 334:334 492:487 492:488 492:489"
"انجینئر مجید","عمران (ماسٹر ڈل)",1,"492","492:493"
"انجینئر مجید","فرحت",1,"332","334:330"
"انجینئر مجید","فضل (فیکٹری مزدور)",1,"335","334:337"
"انجینئر مجید","فہمیدہ (نجمی/مجھی)",3,"333 491 492","334:332 492:491 492:493"
"انجینئر مجید","لال (ٹائم کیپر)",1,"490","492:488"
"انجینئر مجید","لیلی (رقاصہ)",1,"332","334:330"
"انجینئر مجید","مسعود",1,"493","492:494"
"انجینئر مجید","نعیم",1,"494","492:496"
"انجینئر مجید","نور دین",2,"489 490","492:487 492:489"
"انجینئر مجید","پرنس آف ویلز",1,"333","334:332"
"انجینئر مجید","پرویز",4,"333 491 492","334:332 492:490 492:491 492:492"
"انجینئر مجید","چیف انجینئر (فیکٹری)",1,"334","334:334"
"انجینئر مجید","کمال",2,"489 490","492:487 492:488"
"انجینئر مجید","گنجا علی بخش",1,"334","334:334"
"انجینئر مجید","گنجا فورمین",1,"334","334:334"
"اندھا جیب کترا","انگریز نرس (روشن محل)",2,"223 276","225:221 279:274"
"اندھا جیب کترا","بخت (کوٹھی کا رکھوالا)",2,"100 208","102:99 210:207"
"اندھا جیب کترا","بشن (ماری)",2,"25 149","28:23 148:150"
"اندھا جیب کترا","بنرجی",3,"145 146","148:143 148:144 148:145"
"اندھا جیب کترا","بوڑھا مچھلی فروش",1,"208","210:206"
"اندھا جیب کترا","بڑھا دکان والا",27,"26 27 40 42 102 112 113 114 146 149 208 209 210 259 261 265 266 299 300 302 303 310 311","28:24 28:27 41:40 41:43 102:103 113:111 113:112 113:114 115:114 148:144 148:145 148:151 210:206 210:208 210:210 259:259 263:259 263:267 264:267 265:267 301:297 301:300 301:304 302:304 303:304 311:310 311:311"
"اندھا جیب کترا","بڑی ماں (نعیم کی ماں)",2,"259 261","259:259 263:259"
"اندھا جیب کترا","بھارت سنگھ",3,"302 303","301:303 302:303 303:303"
"اندھا جیب کترا","بیگم وحید الدین",1,"212","210:214"
"اندھا جیب کترا","بیگم پرویز",3,"264 265","263:265 264:265 265:265"
"اندھا جیب کترا","حسین (روشن آغا کا ملازم)",1,"279","279:280"
"اندھا جیب کترا","خاتون (کالی عینک والی)",2,"276 277","279:274 279:275"
"اندھا جیب کترا","راجہ صاحب کرم آباد",1,"276","279:274"
"اندھا جیب کترا","راول (گاؤں کا لڑکا)",4,"258 259 261 298","259:257 259:259 263:259 301:296"
"اندھا جیب کترا","روشن آغا",17,"27 29 39 40 104 149 212 223 224 225 264 265 276 277 299","28:26 28:31 41:38 41:39 102:107 148:151 210:215 225:221 225:222 225:223 225:226 263:265 264:265 265:265 279:274 279:276 301:297"
"اندھا جیب کترا","روشن پور کے بلوائی",4,"112 211 222 278","113:112 210:212 225:220 279:278"
"اندھا جیب کترا","ریاض",2,"114 115","113:116 115:116"
"اندھا جیب کترا","سر آغا خان سوم",3,"281 299","279:284 301:297 301:298"
"اندھا جیب کترا","سلیمان (بنٹے والا لڑکا)",1,"257","259:255"
"اندھا جیب کترا","سپاہی گروہ (بازار چھاپہ)",1,"102","102:103"
"اندھا جیب کترا","شیریں",1,"212","210:214"
"اندھا جیب کترا","شیلا رانی",3,"145 146 147","148:143 148:144 148:146"
"اندھا جیب کترا","طلعت",1,"211","210:213"
"اندھا جیب کترا","عائشہ (علی کی سہیلی → بعد میں بیوی)",6,"257 258 259 261","259:255 259:256 259:257 259:258 259:259 263:259"
"اندھا جیب کترا","عائشہ کی ماں (علی کی خالہ)",2,"259 261","259:259 263:259"
"اندھا جیب کترا","عذرا",27,"26 27 30 38 39 40 207 208 211 223 224 225 260 262 263 264 265 277 278 279 299 300","28:24 28:25 28:26 28:33 41:36 41:37 41:38 41:39 210:205 210:206 210:212 225:222 225:223 225:226 259:262 263:262 263:263 264:263 264:265 265:265 279:276 279:277 279:278 279:280 301:297 301:298 301:299"
"اندھا جیب کترا","علی (نعیم کا بیٹا)",18,"27 41 101 103 212 257 258 259 261 267 281 298 299 310 311","28:27 41:42 102:100 102:104 210:214 259:255 259:256 259:257 259:258 259:259 263:259 265:270 279:283 301:296 301:297 311:309 311:310 311:312"
"اندھا جیب کترا","غیث",1,"212","210:214"
"اندھا جیب کترا","فرحت",3,"265 266","263:267 264:267 265:267"
"اندھا جیب کترا","قیدی نمبر 17",2,"266 267","264:269 265:269"
"اندھا جیب کترا","لال (ٹائم کیپر)",8,"28 258 261 263 265 266 311","28:29 259:258 259:263 263:263 264:263 264:267 265:267 311:311"
"اندھا جیب کترا","لیلی (رقاصہ)",4,"113 114 116 313","113:114 115:114 115:118 311:315"
"اندھا جیب کترا","مادھوکر",4,"146 147 148","148:145 148:146 148:147 148:148"
"اندھا جیب کترا","محمد علی جناح",1,"281","279:283"
"اندھا جیب کترا","مدن رائے",4,"145 146 147 148","148:143 148:144 148:146 148:148"
"اندھا جیب کترا","منشی (لگان والا)",1,"42","41:44"
"اندھا جیب کترا","مولانا حسین احمد مدنی",1,"281","279:283"
"اندھا جیب کترا","مولانا شبیر احمد عثمانی",1,"281","279:283"
"اندھا جیب کترا","مولانا شوکت علی",1,"281","279:283"
"اندھا جیب کترا","مولانا محمد علی",1,"281","279:283"
"اندھا جیب کترا","مہندر (جیل اوورسیئر نمبر 19)",7,"43 102 261 263 264 265","41:45 102:103 259:263 263:263 264:263 264:265 265:265"
"اندھا جیب کترا","نعیم",58,"25 26 27 28 38 39 40 41 99 100 101 102 110 111 112 113 114 115 145 146 147 148 207 210 223 224 225 256 259 261 262 263 264 265 277 278 279 298 299 300 302 303 311","28:23 28:24 28:25 28:26 28:27 28:28 41:36 41:37 41:38 41:39 41:40 41:41 102:97 102:98 102:100 102:101 102:102 113:108 113:109 113:110 113:111 113:112 113:113 115:113 115:114 115:116 148:143 148:144 148:145 148:146 148:147 148:148 210:205 210:211 225:222 225:223 225:224 225:225 259:254 259:260 263:260 263:261 263:262 263:263 264:263 264:265 265:265 279:276 279:278 279:279 301:296 301:297 301:298 301:299 301:303 302:303 303:303 311:311"
"اندھا جیب کترا","نعیم اور عذرا کی بیٹی",2,"223 310","225:222 311:310"
"اندھا جیب کترا","وزیر خان",4,"302 303 312","301:303 302:303 303:303 311:313"
"اندھا جیب کترا","پرنس آف ویلز",2,"225 299","225:226 301:298"
"اندھا جیب کترا","پروفیسر اقبال سنگھ",1,"276","279:274"
"اندھا جیب کترا","پرویز",10,"26 27 30 38 40 210 264 265 278","28:24 28:26 28:33 41:36 41:39 210:211 263:265 264:265 265:265 279:277"
"اندھا جیب کترا","ڈاکٹر امبید کر",1,"276","279:274"
"اندھا جیب کترا","ڈاکٹر انصاری",2,"223","225:221 225:222"
"اندھا جیب کترا","ڈاکٹر محمد اقبال",1,"281","279:283"
"اندھا جیب کترا","کھدر پوش لیڈر (کلکتہ)",1,"227","225:230"
"اندھا جیب کترا","کیپٹن وڈ",3,"301 302","301:302 302:302 303:302"
"اندھا جیب کترا","گدھے والا کمین",3,"28 41 267","28:29 41:41 265:270"
"انگریز نرس (روشن محل)","خاتون (کالی عینک والی)",2,"273 274","274:273 274:274"
"انگریز نرس (روشن محل)","راجہ صاحب کرم آباد",1,"274","274:274"
"انگریز نرس (روشن محل)","روشن آغا",4,"220 221 273 274","221:219 221:221 274:273 274:274"
"انگریز نرس (روشن محل)","روشن پور کے بلوائی",2,"220 276","221:220 274:278"
"انگریز نرس (روشن محل)","شیریں",1,"220","221:219"
"انگریز نرس (روشن محل)","عذرا",7,"218 219 220 221 273 275","221:216 221:217 221:218 221:219 221:222 274:273 274:276"
"انگریز نرس (روشن محل)","علی (نعیم کا بیٹا)",1,"272","274:270"
"انگریز نرس (روشن محل)","قیدی نمبر 17",1,"271","274:269"
"انگریز نرس (روشن محل)","مہندر (جیل اوورسیئر نمبر 19)",2,"271 273","274:269 274:272"
"انگریز نرس (روشن محل)","نعیم",7,"218 219 220 221 271 273 275","221:216 221:217 221:219 221:222 274:269 274:272 274:276"
"انگریز نرس (روشن محل)","نعیم اور عذرا کی بیٹی",1,"221","221:222"
"انگریز نرس (روشن محل)","پرنس آف ویلز",1,"223","221:226"
"انگریز نرس (روشن محل)","پروفیسر اقبال سنگھ",1,"274","274:274"
"انگریز نرس (روشن محل)","پرویز",3,"220 273 275","221:219 274:273 274:277"
"انگریز نرس (روشن محل)","ڈاکٹر امبید کر",1,"274","274:274"
"انگریز نرس (روشن محل)","ڈاکٹر انصاری",1,"221","221:221"
"انگریز نرس (روشن محل)","گدھے والا کمین",2,"219 272","221:218 274:270"
"انیس الرحمان","بخت (کوٹھی کا رکھوالا)",4,"401 451 452","401:401 402:401 451:451 453:451"
"انیس الرحمان","بلقیس",11,"402 403 404 405 406 407 408 417 419","401:404 402:404 403:404 405:404 405:405 407:405 407:408 408:408 409:408 415:419 419:419"
"انیس الرحمان","بوڑھا پروفیسر (قافلہ)",1,"450","451:450"
"انیس الرحمان","بڑھا دکان والا",3,"428 429 431","431:426 431:428 431:432"
"انیس الرحمان","جنرل فورمین (سیمنٹ فیکٹری)",1,"400","401:400"
"انیس الرحمان","حسین (روشن آغا کا ملازم)",3,"455 456","453:457 454:457 455:457"
"انیس الرحمان","خالد",2,"421 433","419:424 431:435"
"انیس الرحمان","روشن آغا",8,"399 400 415 417 453 454 455","401:397 401:399 415:416 419:416 451:456 453:456 454:456 455:456"
"انیس الرحمان","روشن پور کے بلوائی",2,"451 452","451:452 453:452"
"انیس الرحمان","سر لارنس",2,"401","401:401 402:401"
"انیس الرحمان","سلیم سپروائزر",10,"400 404 405 406 407 410 411 414","401:400 402:407 403:407 405:407 407:407 408:407 408:413 409:413 410:413 415:413"
"انیس الرحمان","عائشہ (علی کی سہیلی → بعد میں بیوی)",1,"450","451:450"
"انیس الرحمان","عذرا",18,"398 399 400 412 415 417 418 429 430 452 453 455","401:396 401:397 401:398 401:399 410:415 415:415 419:415 419:416 419:417 419:418 431:427 431:428 431:429 451:453 453:453 454:453 454:456 455:456"
"انیس الرحمان","علی (نعیم کا بیٹا)",17,"400 409 410 413 414 416 418 450 451 452 453 454","401:400 407:411 408:411 409:411 410:411 415:411 415:413 415:414 415:417 419:417 451:450 451:452 453:452 453:453 454:453 454:454 455:454"
"انیس الرحمان","فہمیدہ (نجمی/مجھی)",10,"421 428 429 433 452 453 455","419:424 431:426 431:427 431:428 431:435 451:453 453:453 454:453 454:456 455:456"
"انیس الرحمان","محمد علی جناح",4,"452 453 454","451:454 453:454 454:454 455:454"
"انیس الرحمان","مسعود",3,"421 428 433","419:424 431:426 431:435"
"انیس الرحمان","مل کا مالک",5,"400 410 411 414","401:400 408:413 409:413 410:413 415:413"
"انیس الرحمان","منشی (لگان والا)",3,"455 456","453:457 454:457 455:457"
"انیس الرحمان","نعیم",41,"398 399 400 401 402 403 404 405 406 407 408 409 410 412 415 417 418 419 428 429 430 431 448 449 450 451 452 453 454 455","401:396 401:397 401:398 401:399 401:401 402:401 402:402 403:402 403:403 405:403 405:405 407:405 407:407 408:407 408:408 409:408 409:409 410:409 410:410 415:410 415:415 419:415 419:416 419:417 419:419 431:426 431:427 431:428 431:429 431:430 431:431 451:446 451:447 451:450 451:451 453:451 453:453 454:453 454:454 455:454 455:455"
"انیس الرحمان","پروفیسر برمن",2,"421 433","419:424 431:435"
"انیس الرحمان","پرویز",4,"453 454 455","451:456 453:456 454:456 455:456"
"انیس الرحمان","چیف انجینئر (فیکٹری)",6,"400 410 411 414","401:400 408:413 409:413 410:413 415:413 415:414"
"انیس الرحمان","کانگریس سیکرٹری (نام نہیں دیا گیا)",9,"412 415 417 419 452 453 454 455","410:415 415:415 419:415 419:419 451:453 453:453 454:453 454:455 455:455"
"انیس الرحمان","کمال",2,"400 432","401:400 431:433"
"انیس الرحمان","گنجا فورمین",8,"400 409 410 413 414","401:400 407:411 408:411 409:411 410:411 415:411 415:413 415:414"
"انیس الرحمان","گورنر بنگال",3,"452 453","451:453 453:453 454:453"
"بالمکند","بشن (ماری)",1,"152","154:150"
"بالمکند","بڑھا دکان والا",3,"152 154 155","154:151 154:154 156:154"
"بالمکند","روشن آغا",1,"152","154:151"
"بالمکند","سلیم سپروائزر",2,"158 159","156:161 157:161"
"بالمکند","شیلا رانی",3,"155 156 157","154:157 156:157 157:157"
"بالمکند","عذرا",2,"154 155","154:154 156:154"
"بالمکند","مدن رائے",4,"151 152 158 159","154:149 154:150 156:161 157:161"
"بالمکند","نعیم",9,"152 153 154 155 156 157","154:150 154:151 154:152 154:154 156:154 156:155 156:156 157:156 157:157"
"بالمکند","کانگریس سیکرٹری (نام نہیں دیا گیا)",5,"154 155 156","154:154 156:154 156:155 156:156 157:156"
"بالمکند","گورنر بنگال",2,"158 159","156:161 157:161"
"بالمکند","ہری چند",3,"154 155","154:154 156:154 156:155"
"بانو","بخت (کوٹھی کا رکھوالا)",1,"392","390:395"
"بانو","بشن (ماری)",2,"387 390","390:385 390:390"
"بانو","بڑھا دکان والا",1,"392","390:394"
"بانو","بیگم پرویز",1,"486","487:486"
"بانو","حسین (روشن آغا کا ملازم)",7,"387 471 484 485 489 490","390:385 469:474 487:482 487:484 487:492 488:492 489:492"
"بانو","خالد",1,"390","390:391"
"بانو","روشن آغا",5,"391 486 489 490","390:393 487:486 487:491 488:491 489:491"
"بانو","شیلا رانی",6,"390 469 487 488","390:390 468:470 469:470 487:488 488:488 489:488"
"بانو","عائشہ (علی کی سہیلی → بعد میں بیوی)",2,"390 466","390:390 468:464"
"بانو","عذرا",6,"391 466 486 489 490","390:393 468:464 487:486 487:491 488:491 489:491"
"بانو","علی (نعیم کا بیٹا)",16,"387 388 390 465 466 467 468 469 487 488 489","390:385 390:386 390:387 390:390 468:463 468:464 468:466 468:467 468:468 469:468 469:469 487:487 488:487 488:488 489:488 489:489"
"بانو","عمران (ماسٹر ڈل)",3,"486 490 491","487:486 488:493 489:493"
"بانو","فہمیدہ (نجمی/مجھی)",6,"391 484 486 489 490","390:393 487:482 487:485 487:491 488:491 489:491"
"بانو","لال (ٹائم کیپر)",3,"487 488","487:488 488:488 489:488"
"بانو","مدن رائے",2,"470","468:472 469:472"
"بانو","مسعود",5,"484 485 486 491","487:482 487:483 487:484 487:485 489:494"
"بانو","نعیم",6,"391 465 469 470 485 486","390:393 468:463 468:471 469:471 487:484 487:486"
"بانو","نعیم اور عذرا کی بیٹی",1,"391","390:392"
"بانو","نور دین",7,"468 469 487 488 489","468:468 469:468 469:469 487:487 488:487 488:489 489:489"
"بانو","نوری",1,"486","487:486"
"بانو","پرویز",6,"391 486 488 489","390:393 487:485 487:486 487:490 488:490 489:490"
"بانو","کمال",7,"468 484 487 488","468:468 469:468 487:482 487:487 488:487 488:488 489:488"
"بانو","گنجا فورمین",2,"388 391","390:386 390:392"
"بانو","یونس",1,"388","390:387"
"بانو","یونین پریزیڈنٹ",1,"390","390:390"
"بخت (کوٹھی کا رکھوالا)","بریگیڈیئر جنرل ڈائر",1,"239","240:239"
"بخت (کوٹھی کا رکھوالا)","بشن (ماری)",1,"392","395:390"
"بخت (کوٹھی کا رکھوالا)","بلقیس",1,"402","401:404"
"بخت (کوٹھی کا رکھوالا)","بوڑھا مچھلی فروش",1,"206","207:206"
"بخت (کوٹھی کا رکھوالا)","بوڑھا پروفیسر (قافلہ)",1,"450","451:450"
"بخت (کوٹھی کا رکھوالا)","بڑھا دکان والا",8,"81 82 83 101 206 207 238 394","84:79 84:80 84:82 99:103 207:206 207:208 240:236 395:394"
"بخت (کوٹھی کا رکھوالا)","بڑی ماں (نعیم کی ماں)",1,"240","240:241"
"بخت (کوٹھی کا رکھوالا)","جنرل فورمین (سیمنٹ فیکٹری)",2,"397 400","395:400 401:400"
"بخت (کوٹھی کا رکھوالا)","خالد",2,"393 394","395:391 395:393"
"بخت (کوٹھی کا رکھوالا)","راول (گاؤں کا لڑکا)",2,"187 188","190:185 190:186"
"بخت (کوٹھی کا رکھوالا)","روشن آغا",6,"191 394 396 399 400 453","190:192 395:393 395:397 401:397 401:399 451:456"
"بخت (کوٹھی کا رکھوالا)","روشن پور کے بلوائی",2,"209 451","207:212 451:452"
"بخت (کوٹھی کا رکھوالا)","ریاض",2,"83 85","84:82 84:86"
"بخت (کوٹھی کا رکھوالا)","سر لارنس",1,"401","401:401"
"بخت (کوٹھی کا رکھوالا)","سلیم سپروائزر",2,"397 400","395:400 401:400"
"بخت (کوٹھی کا رکھوالا)","سپاہی گروہ (بازار چھاپہ)",2,"96 101","99:94 99:103"
"بخت (کوٹھی کا رکھوالا)","شیریں",1,"190","190:191"
"بخت (کوٹھی کا رکھوالا)","شیلا رانی",1,"392","395:390"
"بخت (کوٹھی کا رکھوالا)","طلعت",1,"190","190:191"
"بخت (کوٹھی کا رکھوالا)","عائشہ (علی کی سہیلی → بعد میں بیوی)",3,"240 392 450","240:241 395:390 451:450"
"بخت (کوٹھی کا رکھوالا)","عائشہ کی ماں (علی کی خالہ)",1,"241","240:242"
"بخت (کوٹھی کا رکھوالا)","عذرا",18,"190 204 205 206 209 239 240 394 395 398 399 400 452","190:191 207:202 207:203 207:204 207:205 207:206 207:212 240:238 240:239 240:240 395:393 395:394 395:395 401:396 401:397 401:398 401:399 451:453"
"بخت (کوٹھی کا رکھوالا)","علی (نعیم کا بیٹا)",11,"99 187 189 190 240 392 393 397 400 450 451","99:100 190:185 190:188 190:190 240:241 395:390 395:392 395:400 401:400 451:450 451:452"
"بخت (کوٹھی کا رکھوالا)","غیث",1,"190","190:191"
"بخت (کوٹھی کا رکھوالا)","فضل (فیکٹری مزدور)",1,"241","240:242"
"بخت (کوٹھی کا رکھوالا)","فہمیدہ (نجمی/مجھی)",2,"394 452","395:393 451:453"
"بخت (کوٹھی کا رکھوالا)","لال (ٹائم کیپر)",1,"205","207:203"
"بخت (کوٹھی کا رکھوالا)","محمد علی جناح",1,"452","451:454"
"بخت (کوٹھی کا رکھوالا)","مل کا مالک",2,"397 400","395:400 401:400"
"بخت (کوٹھی کا رکھوالا)","منو",1,"189","190:188"
"بخت (کوٹھی کا رکھوالا)","مہندر (جیل اوورسیئر نمبر 19)",2,"81 101","84:79 99:103"
"بخت (کوٹھی کا رکھوالا)","نعیم",35,"81 82 83 84 96 97 98 99 187 188 189 191 204 205 206 209 239 240 394 395 398 399 400 401 448 449 450 451","84:79 84:80 84:82 84:83 84:84 99:94 99:96 99:97 99:98 99:100 190:185 190:186 190:187 190:188 190:192 207:202 207:203 207:204 207:205 207:211 240:238 240:239 240:240 395:393 395:394 395:395 401:396 401:397 401:398 401:399 401:401 451:446 451:447 451:450 451:451"
"بخت (کوٹھی کا رکھوالا)","نعیم اور عذرا کی بیٹی",1,"393","395:392"
"بخت (کوٹھی کا رکھوالا)","پرنس آف ویلز",1,"240","240:240"
"بخت (کوٹھی کا رکھوالا)","پرویز",6,"190 209 394 395 453","190:191 207:211 395:393 395:394 395:395 451:456"
"بخت (کوٹھی کا رکھوالا)","چیف انجینئر (فیکٹری)",2,"397 400","395:400 401:400"
"بخت (کوٹھی کا رکھوالا)","کانگریس سیکرٹری (نام نہیں دیا گیا)",1,"452","451:453"
"بخت (کوٹھی کا رکھوالا)","کمال",3,"188 397 400","190:187 395:400 401:400"
"بخت (کوٹھی کا رکھوالا)","گنجا فورمین",3,"393 397 400","395:392 395:400 401:400"
"بخت (کوٹھی کا رکھوالا)","گورنر بنگال",2,"240 452","240:240 451:453"
"بخت (کوٹھی کا رکھوالا)","یونین پریزیڈنٹ",1,"392","395:390"
"بریگیڈیئر جنرل ڈائر","بڑھا دکان والا",2,"236 237","239:234 239:236"
"بریگیڈیئر جنرل ڈائر","بڑی ماں (نعیم کی ماں)",1,"240","239:241"
"بریگیڈیئر جنرل ڈائر","عائشہ (علی کی سہیلی → بعد میں بیوی)",1,"240","239:241"
"بریگیڈیئر جنرل ڈائر","عائشہ کی ماں (علی کی خالہ)",1,"240","239:242"
"بریگیڈیئر جنرل ڈائر","عذرا",2,"238 239","239:238 239:239"
"بریگیڈیئر جنرل ڈائر","علی (نعیم کا بیٹا)",1,"240","239:241"
"بریگیڈیئر جنرل ڈائر","فضل (فیکٹری مزدور)",1,"240","239:242"
"بریگیڈیئر جنرل ڈائر","نعیم",2,"238 239","239:238 239:239"
"بریگیڈیئر جنرل ڈائر","پرنس آف ویلز",1,"239","239:240"
"بریگیڈیئر جنرل ڈائر","گورنر بنگال",1,"239","239:240"
"بشن (ماری)","بنرجی",1,"147","150:145"
"بشن (ماری)","بڑھا دکان والا",14,"20 23 54 67 71 128 147 150 163 164 232 379 392","23:18 23:24 52:56 65:70 72:70 72:71 129:128 150:145 150:151 164:163 164:164 231:234 380:378 390:394"
"بشن (ماری)","بڑی ماں (نعیم کی ماں)",1,"126","129:124"
"بشن (ماری)","حسین (روشن آغا کا ملازم)",4,"64 382 385 387","65:63 380:385 385:385 390:385"
"بشن (ماری)","خاتون (کالی عینک والی)",1,"332","334:330"
"بشن (ماری)","خالد",2,"21 390","23:20 390:391"
"بشن (ماری)","راول (گاؤں کا لڑکا)",1,"334","334:335"
"بشن (ماری)","روشن آغا",13,"22 24 63 127 130 132 150 228 229 332 334 391","23:21 23:22 23:26 65:62 129:126 129:132 132:132 150:151 231:226 231:228 334:330 334:335 390:393"
"بشن (ماری)","روشن پور کے بلوائی",2,"380 382","380:380 385:380"
"بشن (ماری)","ریاض",1,"332","334:330"
"بشن (ماری)","سلیم سپروائزر",3,"162 380 382","164:161 380:380 385:380"
"بشن (ماری)","سپاہی گروہ (بازار چھاپہ)",4,"65 69 70","65:65 72:67 72:68 72:69"
"بشن (ماری)","شیلا رانی",5,"148 161 164 387 390","150:146 164:159 164:164 385:390 390:390"
"بشن (ماری)","عائشہ (علی کی سہیلی → بعد میں بیوی)",5,"334 382 384 387 390","334:335 380:384 385:384 385:390 390:390"
"بشن (ماری)","عذرا",16,"20 22 23 152 228 229 230 231 332 333 378 379 391","23:18 23:21 23:24 150:154 231:226 231:227 231:228 231:229 231:230 231:232 334:330 334:332 380:377 380:378 380:379 390:393"
"بشن (ماری)","علی (نعیم کا بیٹا)",13,"25 50 65 127 332 333 334 382 385 387 388 390","23:27 52:48 65:65 129:125 334:331 334:333 334:334 380:385 385:385 390:385 390:386 390:387 390:390"
"بشن (ماری)","فرحت",1,"332","334:330"
"بشن (ماری)","فضل (فیکٹری مزدور)",1,"335","334:337"
"بشن (ماری)","فہمیدہ (نجمی/مجھی)",4,"21 333 379 391","23:20 334:332 380:379 390:393"
"بشن (ماری)","لال (ٹائم کیپر)",1,"64","65:63"
"بشن (ماری)","لیلی (رقاصہ)",2,"71 332","72:71 334:330"
"بشن (ماری)","مادھوکر",4,"147 148 149","150:145 150:146 150:147 150:148"
"بشن (ماری)","مدن رائے",6,"148 149 150 162 163","150:146 150:148 150:149 150:150 164:161 164:163"
"بشن (ماری)","منشی (لگان والا)",5,"49 127 129 131 132","52:47 129:125 129:130 132:130 132:132"
"بشن (ماری)","مہندر (جیل اوورسیئر نمبر 19)",12,"49 50 51 52 62 63 71 72 129 131 133","52:47 52:48 52:49 52:50 52:52 65:60 65:61 72:71 72:73 129:130 132:130 132:134"
"بشن (ماری)","نعیم",51,"20 22 23 49 50 51 52 62 63 65 69 70 71 72 126 127 128 129 130 131 132 147 148 149 150 161 162 163 164 228 229 230 231 377 378 380 383 391","23:18 23:21 23:22 23:23 52:47 52:48 52:49 52:50 52:51 52:52 65:60 65:61 65:65 72:67 72:68 72:69 72:70 72:71 72:72 129:124 129:125 129:126 129:127 129:128 129:129 132:129 132:130 132:131 132:132 150:145 150:146 150:147 150:148 150:150 164:159 164:161 164:162 164:163 164:164 231:226 231:227 231:228 231:229 231:230 231:232 380:375 380:376 380:377 380:381 385:381 390:393"
"بشن (ماری)","نعیم اور عذرا کی بیٹی",3,"22 232 391","23:21 231:233 390:392"
"بشن (ماری)","پرنس آف ویلز",5,"228 229 230 231 333","231:226 231:227 231:230 231:232 334:332"
"بشن (ماری)","پرویز",6,"20 22 23 54 333 391","23:18 23:21 23:24 52:57 334:332 390:393"
"بشن (ماری)","چیف انجینئر (فیکٹری)",1,"334","334:334"
"بشن (ماری)","ڈاکٹر انصاری",2,"378 379","380:376 380:378"
"بشن (ماری)","کانگریس سیکرٹری (نام نہیں دیا گیا)",1,"152","150:154"
"بشن (ماری)","کھدر پوش لیڈر (کلکتہ)",1,"230","231:230"
"بشن (ماری)","گنجا علی بخش",1,"334","334:334"
"بشن (ماری)","گنجا فورمین",7,"334 381 384 385 388 391","334:334 380:383 385:383 385:384 385:386 390:386 390:392"
"بشن (ماری)","گورنر بنگال",3,"162 163 231","164:161 164:163 231:232"
"بشن (ماری)","ہری چند",1,"152","150:154"
"بشن (ماری)","یونس",2,"386 388","385:387 390:387"
"بشن (ماری)","یونین پریزیڈنٹ",2,"387 390","385:390 390:390"
"بلقیس","جنرل فورمین (سیمنٹ فیکٹری)",1,"402","404:400"
"بلقیس","خالد",1,"421","419:424"
"بلقیس","روشن آغا",2,"401 417","404:399 419:416"
"بلقیس","سر لارنس",1,"402","404:401"
"بلقیس","سلیم سپروائزر",5,"402 405 406 407 410","404:400 404:407 405:407 408:407 408:413"
"بلقیس","عذرا",5,"401 417 418","404:399 419:415 419:416 419:417 419:418"
"بلقیس","علی (نعیم کا بیٹا)",4,"402 409 416 418","404:400 408:411 419:414 419:417"
"بلقیس","فہمیدہ (نجمی/مجھی)",1,"421","419:424"
"بلقیس","مسعود",1,"421","419:424"
"بلقیس","مل کا مالک",2,"402 410","404:400 408:413"
"بلقیس","نعیم",13,"401 402 403 404 405 406 407 408 417 418 419","404:399 404:401 404:402 404:403 404:405 405:405 408:405 408:407 408:408 419:415 419:416 419:417 419:419"
"بلقیس","پروفیسر برمن",1,"421","419:424"
"بلقیس","چیف انجینئر (فیکٹری)",3,"402 410 416","404:400 408:413 419:414"
"بلقیس","کانگریس سیکرٹری (نام نہیں دیا گیا)",2,"417 419","419:415 419:419"
"بلقیس","کمال",1,"402","404:400"
"بلقیس","گنجا فورمین",3,"402 409 416","404:400 408:411 419:414"
"بنرجی","بڑھا دکان والا",5,"142 143 144 145","143:141 143:144 144:144 145:144 145:145"
"بنرجی","روشن آغا",1,"141","143:140"
"بنرجی","شیلا رانی",7,"142 143 144 145","143:141 143:142 143:143 144:143 144:144 145:144 145:146"
"بنرجی","مادھوکر",3,"144 145","143:145 144:145 145:145"
"بنرجی","مدن رائے",6,"142 143 144 145","143:142 143:143 144:143 144:144 145:144 145:146"
"بنرجی","نعیم",10,"140 141 142 143 144 145","143:138 143:139 143:140 143:141 143:142 143:143 144:143 144:144 145:144 145:145"
"بنرجی","نعیم اور عذرا کی بیٹی",1,"142","143:142"
"بنرجی","کانگریس سیکرٹری (نام نہیں دیا گیا)",1,"141","143:140"
"بوڑھا مچھلی فروش","بڑھا دکان والا",1,"206","206:206"
"بوڑھا مچھلی فروش","روشن آغا",1,"203","206:201"
"بوڑھا مچھلی فروش","سلیم سپروائزر",1,"203","206:201"
"بوڑھا مچھلی فروش","عذرا",6,"203 204 205 206","206:201 206:202 206:203 206:204 206:205 206:206"
"بوڑھا مچھلی فروش","علی (نعیم کا بیٹا)",1,"203","206:201"
"بوڑھا مچھلی فروش","لال (ٹائم کیپر)",1,"204","206:203"
"بوڑھا مچھلی فروش","نعیم",6,"203 204 205 208","206:201 206:202 206:203 206:204 206:205 206:211"
"بوڑھا مچھلی فروش","پرویز",1,"208","206:211"
"بوڑھا پروفیسر (قافلہ)","بڑھا دکان والا",1,"476","476:477"
"بوڑھا پروفیسر (قافلہ)","حسین (روشن آغا کا ملازم)",1,"475","476:474"
"بوڑھا پروفیسر (قافلہ)","روشن پور کے بلوائی",1,"451","450:452"
"بوڑھا پروفیسر (قافلہ)","سلیم سپروائزر",1,"478","476:481"
"بوڑھا پروفیسر (قافلہ)","عائشہ (علی کی سہیلی → بعد میں بیوی)",2,"450 476","450:450 476:477"
"بوڑھا پروفیسر (قافلہ)","عذرا",2,"451 477","450:453 476:478"
"بوڑھا پروفیسر (قافلہ)","علی (نعیم کا بیٹا)",3,"447 450 476","450:445 450:450 476:476"
"بوڑھا پروفیسر (قافلہ)","فہمیدہ (نجمی/مجھی)",1,"451","450:453"
"بوڑھا پروفیسر (قافلہ)","محمد علی جناح",1,"452","450:454"
"بوڑھا پروفیسر (قافلہ)","مدن رائے",2,"474 478","476:472 476:480"
"بوڑھا پروفیسر (قافلہ)","مسعود",1,"478","476:481"
"بوڑھا پروفیسر (قافلہ)","نعیم",6,"447 448 450 473 476","450:445 450:446 450:447 450:450 476:471 476:476"
"بوڑھا پروفیسر (قافلہ)","پرویز",1,"478","476:481"
"بوڑھا پروفیسر (قافلہ)","کانگریس سیکرٹری (نام نہیں دیا گیا)",1,"451","450:453"
"بوڑھا پروفیسر (قافلہ)","کمال",1,"475","476:475"
"بوڑھا پروفیسر (قافلہ)","گورنر بنگال",1,"451","450:453"
"بڑھا دکان والا","بڑی ماں (نعیم کی ماں)",7,"126 238 259 345 346 355 443","128:124 236:241 259:259 344:347 346:347 357:354 444:442"
"بڑھا دکان والا","بھارت سنگھ",2,"301 303","300:303 304:303"
"بڑھا دکان والا","بیگم وحید الدین",1,"212","210:214"
"بڑھا دکان والا","بیگم پرویز",1,"266","267:265"
"بڑھا دکان والا","بیگم چٹوپادھیائے",1,"361","360:363"
"بڑھا دکان والا","حامد بھائی",1,"348","346:351"
"بڑھا دکان والا","حسین (روشن آغا کا ملازم)",6,"282 284 358 360 475 479","285:280 285:283 357:360 360:360 477:474 477:482"
"بڑھا دکان والا","خاتون (کالی عینک والی)",4,"4 6 285","4:4 8:4 8:5 285:286"
"بڑھا دکان والا","خالد",11,"19 22 362 370 371 372 392 393 425 433","18:20 24:20 360:365 373:368 373:369 373:370 373:372 394:391 394:393 426:424 432:435"
"بڑھا دکان والا","راول (گاؤں کا لڑکا)",6,"258 259 286 294 296 338","259:257 259:259 285:287 297:292 297:296 341:336"
"بڑھا دکان والا","روشن آغا",29,"9 10 16 19 22 23 25 26 29 39 105 109 127 130 140 151 152 203 212 266 295 297 298 355 371 393 395","8:10 10:10 18:15 18:21 24:21 24:22 24:26 27:26 27:31 40:38 40:39 103:107 111:107 128:126 128:132 141:140 151:151 154:151 206:201 210:215 267:265 267:266 297:293 297:297 300:297 357:353 373:370 394:393 394:397"
"بڑھا دکان والا","روشن پور کے بلوائی",6,"111 112 113 210 211 379","111:112 112:112 114:112 208:212 210:212 378:380"
"بڑھا دکان والا","ریاض",8,"80 81 82 113 114 115 371","78:82 79:82 80:82 82:82 111:116 112:116 114:116 373:369"
"بڑھا دکان والا","زہرہ بیگم (لاہور بازار)",2,"342 343","341:343 344:343"
"بڑھا دکان والا","سر آغا خان سوم",5,"284 285 297 298 299","285:284 285:285 297:297 300:297 300:298"
"بڑھا دکان والا","سر محمد شفیع",1,"285","285:285"
"بڑھا دکان والا","سرخ داڑھی والا کسان",1,"287","285:289"
"بڑھا دکان والا","سرخ داڑھی والا گوریلا",4,"176 177 178 287","174:178 177:178 178:178 285:289"
"بڑھا دکان والا","سلیم سپروائزر",8,"12 16 17 162 203 286 379 479","10:15 18:15 18:16 163:161 206:201 285:287 378:380 477:481"
"بڑھا دکان والا","سلیمان (بنٹے والا لڑکا)",1,"257","259:255"
"بڑھا دکان والا","سنتوکھ سنگھ",1,"286","285:287"
"بڑھا دکان والا","سپاہی گروہ (بازار چھاپہ)",9,"67 68 69 103 341 342 358 359","70:65 70:67 70:68 70:69 103:103 341:341 344:341 357:359 360:359"
"بڑھا دکان والا","شیریں",3,"212 340 348","210:214 341:340 346:351"
"بڑھا دکان والا","شیلا رانی",27,"141 142 143 144 145 148 155 160 161 163 164 166 167 168 169 171 172 173 174 175 176 392","141:141 144:141 144:142 144:143 144:144 145:144 145:146 151:146 154:157 163:158 163:159 163:164 164:164 168:164 168:166 168:167 168:168 169:168 169:169 174:169 174:170 174:171 174:173 174:174 177:174 177:175 394:390"
"بڑھا دکان والا","طلعت",2,"210 211","208:213 210:213"
"بڑھا دکان والا","عائشہ (علی کی سہیلی → بعد میں بیوی)",14,"238 257 258 259 286 338 356 392 443 444 477","236:241 259:255 259:256 259:257 259:258 259:259 285:287 341:336 357:356 394:390 444:442 444:443 444:444 477:477"
"بڑھا دکان والا","عائشہ کی ماں (علی کی خالہ)",1,"259","259:259"
"بڑھا دکان والا","عذرا",76,"2 3 4 6 7 8 9 10 18 22 24 25 26 37 38 39 152 154 169 172 203 204 205 206 207 210 211 231 232 233 236 237 260 264 265 266 267 282 283 284 295 297 298 299 343 345 346 354 355 358 360 372 373 374 376 377 378 393 394 426 427 428 430 477","4:1 4:2 4:3 4:4 8:4 8:6 8:9 10:9 10:10 18:18 24:21 24:24 27:24 27:25 27:26 40:35 40:36 40:37 40:38 40:39 151:154 154:154 168:170 169:170 174:170 206:201 206:202 206:203 206:204 206:205 206:206 208:206 208:212 210:212 234:229 234:230 234:232 234:238 236:238 259:262 267:262 267:263 267:265 267:266 267:267 285:280 285:281 285:282 285:284 297:293 297:297 300:297 300:298 300:299 341:346 344:346 346:346 357:352 357:353 357:360 360:360 373:371 373:373 374:373 374:374 378:374 378:377 378:378 394:393 394:394 426:427 428:427 428:428 432:428 432:429 477:478"
"بڑھا دکان والا","علی (نعیم کا بیٹا)",67,"9 10 15 16 17 25 27 41 42 43 67 101 103 126 203 212 238 257 258 259 268 284 285 294 295 296 297 298 306 309 310 311 313 318 338 339 340 341 342 343 344 345 346 355 356 357 358 359 392 393 442 443 444 476 477","8:11 10:11 18:13 18:14 18:15 18:17 24:27 27:27 40:42 43:42 43:43 70:65 103:100 103:104 128:125 206:201 210:214 236:241 259:255 259:256 259:257 259:258 259:259 267:270 285:283 285:285 297:292 297:293 297:294 297:295 297:296 297:297 300:297 304:309 310:309 310:310 311:310 311:312 314:312 316:320 341:336 341:337 341:338 341:339 341:341 344:341 344:342 344:343 344:344 346:344 346:345 346:346 357:354 357:355 357:356 357:357 360:357 360:358 360:359 394:390 394:392 444:440 444:442 444:443 444:444 477:476 477:477"
"بڑھا دکان والا","عمران (ماسٹر ڈل)",4,"340 359 361 370","341:340 357:362 360:362 373:368"
"بڑھا دکان والا","غیث",4,"170 173 212","168:172 169:172 174:172 210:214"
"بڑھا دکان والا","فرحت",1,"267","267:267"
"بڑھا دکان والا","فرخندہ",1,"348","346:351"
"بڑھا دکان والا","فضل (فیکٹری مزدور)",2,"339 340","341:337 341:339"
"بڑھا دکان والا","فہمیدہ (نجمی/مجھی)",20,"19 22 359 361 370 371 372 376 378 393 425 426 427 428 430 433 479","18:20 24:20 357:362 360:362 373:368 373:369 373:370 373:372 374:379 378:379 394:393 426:424 426:425 426:426 428:426 428:427 428:428 432:428 432:435 477:482"
"بڑھا دکان والا","قیدی نمبر 17",1,"268","267:269"
"بڑھا دکان والا","لال (ٹائم کیپر)",18,"6 8 9 26 28 78 204 258 261 265 267 286 310 311 312 315 316","4:9 8:9 10:9 24:29 27:29 78:78 79:78 206:203 259:258 259:263 267:263 267:267 285:287 310:311 311:311 314:311 314:316 316:316"
"بڑھا دکان والا","لیلی (رقاصہ)",9,"70 71 112 113 114 312 313 314 315","70:71 71:71 111:114 112:114 114:114 310:315 311:315 314:315 316:315"
"بڑھا دکان والا","مادھوکر",6,"143 144 145 148 149","141:145 144:145 145:145 151:146 151:147 151:148"
"بڑھا دکان والا","محمد علی جناح",2,"284 285","285:283 285:285"
"بڑھا دکان والا","مدن رائے",18,"141 143 144 145 148 149 150 162 163 176 177 178 474 478","141:142 144:142 144:143 144:144 145:144 145:146 151:146 151:148 151:149 151:150 163:161 163:163 164:163 174:178 177:178 178:178 477:472 477:480"
"بڑھا دکان والا","مسعود",7,"425 426 427 433 441 479","426:424 426:425 426:426 428:426 432:435 444:439 477:481"
"بڑھا دکان والا","منشی (لگان والا)",7,"42 43 126 129 343 345 346","40:44 43:44 128:125 128:130 341:346 344:346 346:346"
"بڑھا دکان والا","منو",1,"348","346:351"
"بڑھا دکان والا","مولانا حسین احمد مدنی",1,"284","285:283"
"بڑھا دکان والا","مولانا شبیر احمد عثمانی",1,"284","285:283"
"بڑھا دکان والا","مولانا شوکت علی",1,"284","285:283"
"بڑھا دکان والا","مولانا محمد علی",2,"284 285","285:283 285:285"
"بڑھا دکان والا","مہندر (جیل اوورسیئر نمبر 19)",25,"42 44 54 55 56 70 71 75 76 77 78 79 103 108 129 261 265 266 267","40:45 43:45 56:52 56:53 56:54 56:55 56:56 70:71 71:71 78:73 78:74 78:75 78:76 78:77 78:78 79:78 79:79 80:79 103:103 111:106 128:130 259:263 267:263 267:265 267:267"
"بڑھا دکان والا","نعیم",194,"2 3 4 6 8 9 10 17 18 22 23 24 25 26 27 37 38 39 40 41 42 43 53 54 55 56 67 68 69 70 71 78 79 80 81 82 100 101 102 103 108 109 110 111 112 113 114 126 127 128 138 139 140 141 142 143 144 145 148 149 150 151 152 153 154 160 161 162 163 164 166 167 168 169 171 172 173 174 175 176 177 178 203 204 205 208 209 210 231 232 233 236 237 256 259 264 265 266 267 282 283 284 294 295 296 297 298 299 301 303 310 311 312 313 314 315 316 343 345 346 354 355 356 359 360 370 373 374 376 377 379 393 394 426 427 428 430 431 432 442 443 444 476 477","4:1 4:2 4:3 4:4 8:4 8:5 8:8 10:8 10:9 10:10 18:17 18:18 24:21 24:22 24:23 24:24 27:24 27:25 27:26 27:27 40:35 40:36 40:37 40:38 40:39 40:40 43:40 43:41 43:42 43:43 56:51 56:52 56:53 56:55 56:56 70:65 70:66 70:67 70:68 70:69 70:70 71:70 71:71 78:79 79:79 80:79 80:80 82:80 82:82 103:98 103:100 103:101 103:102 103:103 111:106 111:107 111:108 111:109 111:110 111:111 112:111 112:112 114:112 114:113 114:114 128:124 128:125 128:126 128:127 128:128 141:136 141:137 141:138 141:139 141:140 141:141 144:141 144:142 144:143 144:144 145:144 145:145 151:146 151:147 151:148 151:150 151:151 154:151 154:152 154:154 163:158 163:159 163:161 163:162 163:163 164:163 164:164 168:164 168:165 168:166 168:167 168:168 169:168 169:169 174:169 174:170 174:171 174:173 174:174 177:174 177:175 177:177 178:177 178:178 206:201 206:202 206:203 206:204 206:205 206:211 208:211 210:211 234:229 234:230 234:232 234:238 236:238 259:254 259:260 267:262 267:263 267:265 267:266 267:268 285:280 285:281 285:282 285:283 285:284 297:292 297:293 297:294 297:295 297:296 297:297 300:297 300:298 300:299 300:303 304:303 310:311 311:311 314:311 314:313 314:314 316:314 316:315 316:316 341:346 344:346 346:346 357:352 357:354 357:355 357:356 357:361 360:361 373:368 373:373 374:373 374:374 378:374 378:375 378:376 378:377 378:381 394:393 394:394 426:426 428:426 428:427 428:428 432:428 432:429 432:430 432:431 432:432 444:440 444:441 444:442 444:443 444:444 477:476 477:477"
"بڑھا دکان والا","نعیم اور عذرا کی بیٹی",11,"19 22 141 143 233 310 341 343 393 442","18:21 24:21 141:142 144:142 234:233 310:310 311:310 341:342 344:342 394:392 444:440"
"بڑھا دکان والا","وزیر خان",7,"301 303 311 312 313 316 317","300:303 304:303 310:313 311:313 314:313 314:318 316:318"
"بڑھا دکان والا","پرتاپے",1,"287","285:289"
"بڑھا دکان والا","پرنس آف ویلز",5,"232 233 238 297 299","234:230 234:232 236:240 297:298 300:298"
"بڑھا دکان والا","پروفیسر برمن",4,"362 425 433 441","360:364 426:424 432:435 444:439"
"بڑھا دکان والا","پرویز",27,"2 6 8 9 10 18 22 24 25 26 37 38 39 56 170 173 208 209 210 266 370 371 393 394 479","4:1 4:9 8:9 10:9 10:10 18:18 24:21 24:24 27:24 27:26 40:35 40:36 40:39 56:57 168:172 169:172 174:172 206:211 208:211 210:211 267:265 267:266 373:368 373:369 394:393 394:394 477:481"
"بڑھا دکان والا","ڈاکٹر انصاری",5,"373 374 376 377 378","373:374 374:374 378:374 378:376 378:378"
"بڑھا دکان والا","ڈاکٹر محمد اقبال",1,"284","285:283"
"بڑھا دکان والا","کانگریس سیکرٹری (نام نہیں دیا گیا)",7,"3 4 6 140 152 154","4:3 4:4 8:4 8:5 141:140 151:154 154:154"
"بڑھا دکان والا","کمال",7,"17 342 343 430 432 476 479","18:17 341:343 344:343 428:433 432:433 477:475 477:482"
"بڑھا دکان والا","کھدر پوش لیڈر (کلکتہ)",1,"232","234:230"
"بڑھا دکان والا","کیپٹن وڈ",3,"299 301 303","297:302 300:302 304:302"
"بڑھا دکان والا","گدھے والا کمین",12,"26 28 40 42 43 175 177 268 342 344 345","24:29 27:29 40:41 43:41 43:44 174:177 177:177 178:177 267:270 341:344 344:344 346:344"
"بڑھا دکان والا","گنجا علی بخش",2,"286 339","285:287 341:338"
"بڑھا دکان والا","گنجا فورمین",3,"339 380 393","341:338 378:383 394:392"
"بڑھا دکان والا","گورنر بنگال",6,"162 163 233 238 425","163:161 163:163 164:163 234:232 236:240 426:425"
"بڑھا دکان والا","ہری چند",2,"152 154","151:154 154:154"
"بڑھا دکان والا","یونین پریزیڈنٹ",1,"392","394:390"
"بڑی ماں (نعیم کی ماں)","حامد بھائی",4,"349 350 352","347:351 348:351 349:351 354:351"
"بڑی ماں (نعیم کی ماں)","حسین (روشن آغا کا ملازم)",1,"198","198:199"
"بڑی ماں (نعیم کی ماں)","راول (گاؤں کا لڑکا)",2,"258 259","259:257 259:259"
"بڑی ماں (نعیم کی ماں)","روشن آغا",7,"125 196 197 198 350 351 353","124:126 198:195 198:197 198:198 348:353 349:353 354:353"
"بڑی ماں (نعیم کی ماں)","زہرہ بیگم (لاہور بازار)",1,"345","347:343"
"بڑی ماں (نعیم کی ماں)","سلیم سپروائزر",1,"199","198:201"
"بڑی ماں (نعیم کی ماں)","سلیمان (بنٹے والا لڑکا)",1,"257","259:255"
"بڑی ماں (نعیم کی ماں)","سپاہی گروہ (بازار چھاپہ)",1,"356","354:359"
"بڑی ماں (نعیم کی ماں)","شیریں",6,"195 196 349 350 352","198:193 198:194 347:351 348:351 349:351 354:351"
"بڑی ماں (نعیم کی ماں)","عائشہ (علی کی سہیلی → بعد میں بیوی)",8,"241 257 258 259 355 442","241:241 259:255 259:256 259:257 259:258 259:259 354:356 442:442"
"بڑی ماں (نعیم کی ماں)","عائشہ کی ماں (علی کی خالہ)",2,"241 259","241:242 259:259"
"بڑی ماں (نعیم کی ماں)","عذرا",19,"195 196 199 239 240 260 346 347 348 349 351 352 353","198:193 198:194 198:195 198:201 241:238 241:239 241:240 259:262 347:346 347:347 348:347 348:348 349:348 349:349 354:349 354:350 354:351 354:352 354:353"
"بڑی ماں (نعیم کی ماں)","علی (نعیم کا بیٹا)",17,"124 198 241 257 258 259 344 345 346 351 354 441 442","124:125 198:199 241:241 259:255 259:256 259:257 259:258 259:259 347:342 347:343 347:344 347:345 347:346 349:354 354:354 442:440 442:442"
"بڑی ماں (نعیم کی ماں)","فرحت",1,"440","442:438"
"بڑی ماں (نعیم کی ماں)","فرخندہ",4,"349 350 352","347:351 348:351 349:351 354:351"
"بڑی ماں (نعیم کی ماں)","فضل (فیکٹری مزدور)",1,"241","241:242"
"بڑی ماں (نعیم کی ماں)","فہمیدہ (نجمی/مجھی)",2,"439 440","442:437 442:438"
"بڑی ماں (نعیم کی ماں)","لال (ٹائم کیپر)",3,"200 258 261","198:203 259:258 259:263"
"بڑی ماں (نعیم کی ماں)","مسعود",3,"439 440","442:437 442:438 442:439"
"بڑی ماں (نعیم کی ماں)","منشی (لگان والا)",3,"124 199 346","124:125 198:200 347:346"
"بڑی ماں (نعیم کی ماں)","منو",4,"349 350 352","347:351 348:351 349:351 354:351"
"بڑی ماں (نعیم کی ماں)","مہندر (جیل اوورسیئر نمبر 19)",2,"197 261","198:197 259:263"
"بڑی ماں (نعیم کی ماں)","نعیم",23,"121 124 197 198 239 240 241 256 259 346 347 348 349 351 353 354 441 442","124:119 124:124 198:196 198:197 198:198 241:238 241:239 241:240 241:242 259:254 259:260 347:346 347:347 348:347 348:348 349:348 349:349 354:349 354:352 354:354 442:440 442:441 442:442"
"بڑی ماں (نعیم کی ماں)","نعیم اور عذرا کی بیٹی",2,"344 441","347:342 442:440"
"بڑی ماں (نعیم کی ماں)","پرنس آف ویلز",1,"240","241:240"
"بڑی ماں (نعیم کی ماں)","پروفیسر برمن",3,"439 440","442:437 442:438 442:439"
"بڑی ماں (نعیم کی ماں)","کمال",1,"345","347:343"
"بڑی ماں (نعیم کی ماں)","گدھے والا کمین",2,"199 345","198:200 347:344"
"بڑی ماں (نعیم کی ماں)","گورنر بنگال",1,"240","241:240"
"بھارت سنگھ","سر آغا خان سوم",1,"300","303:298"
"بھارت سنگھ","عذرا",2,"300 301","303:298 303:299"
"بھارت سنگھ","نعیم",3,"300 301 303","303:298 303:299 303:303"
"بھارت سنگھ","وزیر خان",1,"303","303:303"
"بھارت سنگھ","پرنس آف ویلز",1,"300","303:298"
"بھارت سنگھ","کیپٹن وڈ",1,"302","303:302"
"بیگم وحید الدین","روشن آغا",1,"214","214:215"
"بیگم وحید الدین","روشن پور کے بلوائی",1,"213","214:212"
"بیگم وحید الدین","شیریں",1,"214","214:214"
"بیگم وحید الدین","طلعت",1,"213","214:213"
"بیگم وحید الدین","عذرا",3,"213 215","214:212 214:213 214:216"
"بیگم وحید الدین","علی (نعیم کا بیٹا)",1,"214","214:214"
"بیگم وحید الدین","غیث",1,"214","214:214"
"بیگم وحید الدین","نعیم",4,"212 213 214","214:211 214:212 214:213 214:214"
"بیگم وحید الدین","پرویز",3,"212 213 214","214:211 214:213 214:214"
"بیگم وحید الدین","گدھے والا کمین",1,"216","214:218"
"بیگم پرویز","حسین (روشن آغا کا ملازم)",2,"484 485","486:482 486:484"
"بیگم پرویز","روشن آغا",2,"265 486","265:265 486:486"
"بیگم پرویز","سلیم سپروائزر",1,"483","486:481"
"بیگم پرویز","شیلا رانی",1,"487","486:488"
"بیگم پرویز","عذرا",4,"263 264 265 486","265:262 265:263 265:265 486:486"
"بیگم پرویز","علی (نعیم کا بیٹا)",2,"267 486","265:270 486:487"
"بیگم پرویز","عمران (ماسٹر ڈل)",1,"486","486:486"
"بیگم پرویز","فرحت",1,"266","265:267"
"بیگم پرویز","فہمیدہ (نجمی/مجھی)",3,"484 485 488","486:482 486:485 486:491"
"بیگم پرویز","قیدی نمبر 17",1,"267","265:269"
"بیگم پرویز","لال (ٹائم کیپر)",3,"264 266 487","265:263 265:267 486:488"
"بیگم پرویز","مسعود",5,"483 484 485","486:481 486:482 486:483 486:484 486:485"
"بیگم پرویز","مہندر (جیل اوورسیئر نمبر 19)",2,"264 265","265:263 265:265"
"بیگم پرویز","نعیم",7,"262 263 264 265 485 486","265:260 265:261 265:262 265:263 265:265 486:484 486:486"
"بیگم پرویز","نور دین",1,"486","486:487"
"بیگم پرویز","نوری",1,"486","486:486"
"بیگم پرویز","پرویز",4,"265 483 485 486","265:265 486:481 486:485 486:486"
"بیگم پرویز","کمال",2,"484 486","486:482 486:487"
"بیگم پرویز","گدھے والا کمین",1,"267","265:270"
"بیگم چٹوپادھیائے","حسین (روشن آغا کا ملازم)",2,"361 363","363:360 363:364"
"بیگم چٹوپادھیائے","خالد",1,"364","363:365"
"بیگم چٹوپادھیائے","سپاہی گروہ (بازار چھاپہ)",1,"361","363:359"
"بیگم چٹوپادھیائے","عذرا",2,"361 363","363:360 363:363"
"بیگم چٹوپادھیائے","علی (نعیم کا بیٹا)",2,"360 361","363:358 363:359"
"بیگم چٹوپادھیائے","عمران (ماسٹر ڈل)",2,"362 364","363:362 363:365"
"بیگم چٹوپادھیائے","فہمیدہ (نجمی/مجھی)",2,"362 363","363:362 363:363"
"بیگم چٹوپادھیائے","نعیم",2,"362 365","363:361 363:367"
"بیگم چٹوپادھیائے","پروفیسر برمن",1,"363","363:364"
"بیگم چٹوپادھیائے","پرویز",1,"364","363:366"
"جنرل فورمین (سیمنٹ فیکٹری)","روشن آغا",2,"398 399","400:397 400:399"
"جنرل فورمین (سیمنٹ فیکٹری)","سر لارنس",1,"400","400:401"
"جنرل فورمین (سیمنٹ فیکٹری)","سلیم سپروائزر",1,"400","400:400"
"جنرل فورمین (سیمنٹ فیکٹری)","عذرا",5,"397 398 399","400:395 400:396 400:397 400:398 400:399"
"جنرل فورمین (سیمنٹ فیکٹری)","علی (نعیم کا بیٹا)",1,"400","400:400"
"جنرل فورمین (سیمنٹ فیکٹری)","مل کا مالک",1,"400","400:400"
"جنرل فورمین (سیمنٹ فیکٹری)","نعیم",6,"397 398 399 400","400:395 400:396 400:397 400:398 400:399 400:401"
"جنرل فورمین (سیمنٹ فیکٹری)","پرویز",1,"397","400:395"
"جنرل فورمین (سیمنٹ فیکٹری)","چیف انجینئر (فیکٹری)",1,"400","400:400"
"جنرل فورمین (سیمنٹ فیکٹری)","کمال",1,"400","400:400"
"جنرل فورمین (سیمنٹ فیکٹری)","گنجا فورمین",1,"400","400:400"
"جیل سپرنٹنڈنٹ","جیلر",1,"252","252:252"
"جیل سپرنٹنڈنٹ","راول (گاؤں کا لڑکا)",1,"254","252:257"
"جیل سپرنٹنڈنٹ","سلیمان (بنٹے والا لڑکا)",1,"253","252:255"
"جیل سپرنٹنڈنٹ","عائشہ (علی کی سہیلی → بعد میں بیوی)",1,"253","252:255"
"جیل سپرنٹنڈنٹ","علی (نعیم کا بیٹا)",2,"250 253","252:249 252:255"
"جیل سپرنٹنڈنٹ","عمران (ماسٹر ڈل)",1,"250","252:249"
"جیل سپرنٹنڈنٹ","مہندر (جیل اوورسیئر نمبر 19)",1,"250","252:249"
"جیل سپرنٹنڈنٹ","نعیم",6,"249 250 251 252","252:247 252:248 252:249 252:250 252:251 252:252"
"جیل سپرنٹنڈنٹ","نعیم اور عذرا کی بیٹی",1,"250","252:249"
"جیلر","راول (گاؤں کا لڑکا)",1,"254","252:257"
"جیلر","سلیمان (بنٹے والا لڑکا)",1,"253","252:255"
"جیلر","عائشہ (علی کی سہیلی → بعد میں بیوی)",1,"253","252:255"
"جیلر","علی (نعیم کا بیٹا)",2,"250 253","252:249 252:255"
"جیلر","عمران (ماسٹر ڈل)",1,"250","252:249"
"جیلر","مہندر (جیل اوورسیئر نمبر 19)",1,"250","252:249"
"جیلر","نعیم",6,"249 250 251 252","252:247 252:248 252:249 252:250 252:251 252:252"
"جیلر","نعیم اور عذرا کی بیٹی",1,"250","252:249"
"حامد بھائی","روشن آغا",1,"352","351:353"
"حامد بھائی","شیریں",1,"351","351:351"
"حامد بھائی","عائشہ (علی کی سہیلی → بعد میں بیوی)",1,"353","351:356"
"حامد بھائی","عذرا",6,"348 349 350 351","351:346 351:347 351:348 351:349 351:350 351:351"
"حامد بھائی","علی (نعیم کا بیٹا)",2,"348 352","351:346 351:354"
"حامد بھائی","فرخندہ",1,"351","351:351"
"حامد بھائی","منشی (لگان والا)",1,"348","351:346"
"حامد بھائی","منو",1,"351","351:351"
"حامد بھائی","نعیم",5,"348 349 350 351","351:346 351:347 351:348 351:349 351:352"
"حسین (روشن آغا کا ملازم)","خاتون (کالی عینک والی)",2,"277 284","280:275 283:286"
"حسین (روشن آغا کا ملازم)","خالد",2,"362 364","360:365 364:365"
"حسین (روشن آغا کا ملازم)","راول (گاؤں کا لڑکا)",1,"285","283:287"
"حسین (روشن آغا کا ملازم)","روشن آغا",16,"62 197 198 200 278 456 457 458 484 485 491 492 494","63:62 199:195 199:197 199:198 199:201 280:276 457:456 457:457 458:457 458:458 482:486 484:486 492:491 492:492 493:492 493:496"
"حسین (روشن آغا کا ملازم)","روشن پور کے بلوائی",3,"279 382 454","280:278 385:380 457:452"
"حسین (روشن آغا کا ملازم)","ریاض",1,"366","364:369"
"حسین (روشن آغا کا ملازم)","سر آغا خان سوم",2,"282 283","280:284 283:284"
"حسین (روشن آغا کا ملازم)","سر محمد شفیع",2,"282 284","280:285 283:285"
"حسین (روشن آغا کا ملازم)","سلیم سپروائزر",4,"200 285 382 481","199:201 283:287 385:380 482:481"
"حسین (روشن آغا کا ملازم)","سنتوکھ سنگھ",1,"285","283:287"
"حسین (روشن آغا کا ملازم)","سپاہی گروہ (بازار چھاپہ)",2,"64 359","63:65 360:359"
"حسین (روشن آغا کا ملازم)","شیریں",1,"196","199:194"
"حسین (روشن آغا کا ملازم)","شیلا رانی",4,"387 472 486 490","385:390 474:470 484:488 492:488"
"حسین (روشن آغا کا ملازم)","عائشہ (علی کی سہیلی → بعد میں بیوی)",10,"285 358 384 387 459 460 475 479 480","283:287 360:356 385:384 385:390 457:462 458:462 474:477 482:477 482:478 482:479"
"حسین (روشن آغا کا ملازم)","عذرا",27,"196 197 200 278 279 280 281 282 283 360 362 363 365 455 456 457 476 480 484 485 491 492 493","199:194 199:195 199:201 280:276 280:277 280:278 280:280 283:280 283:281 283:282 283:284 360:360 364:360 364:363 364:367 457:453 457:456 457:457 458:457 474:478 482:478 482:486 484:486 492:491 492:492 493:492 493:493"
"حسین (روشن آغا کا ملازم)","علی (نعیم کا بیٹا)",25,"64 199 281 283 357 358 359 385 454 455 459 471 475 479 480 484 485 489 490","63:65 199:199 280:283 283:283 360:355 360:356 360:357 360:358 360:359 385:385 457:452 457:453 457:454 457:461 458:461 474:469 474:476 482:477 482:478 482:479 482:487 484:487 492:487 492:488 492:489"
"حسین (روشن آغا کا ملازم)","عمران (ماسٹر ڈل)",7,"361 363 364 484 485 492 493","360:362 364:362 364:365 482:486 484:486 492:493 493:493"
"حسین (روشن آغا کا ملازم)","فہمیدہ (نجمی/مجھی)",12,"361 363 364 455 456 482 483 484 491 492 493","360:362 364:362 364:363 364:364 457:453 457:456 482:482 484:482 484:485 492:491 492:493 493:493"
"حسین (روشن آغا کا ملازم)","لال (ٹائم کیپر)",5,"63 201 285 486 490","63:63 199:203 283:287 484:488 492:488"
"حسین (روشن آغا کا ملازم)","محمد علی جناح",3,"281 283 455","280:283 283:283 457:454"
"حسین (روشن آغا کا ملازم)","مدن رائے",2,"473 481","474:472 482:480"
"حسین (روشن آغا کا ملازم)","مسعود",7,"481 482 483 484 493","482:481 482:482 484:482 484:483 484:484 492:494 493:494"
"حسین (روشن آغا کا ملازم)","منشی (لگان والا)",3,"199 457","199:200 457:457 458:457"
"حسین (روشن آغا کا ملازم)","مولانا حسین احمد مدنی",2,"281 283","280:283 283:283"
"حسین (روشن آغا کا ملازم)","مولانا شبیر احمد عثمانی",2,"281 283","280:283 283:283"
"حسین (روشن آغا کا ملازم)","مولانا شوکت علی",2,"281 283","280:283 283:283"
"حسین (روشن آغا کا ملازم)","مولانا محمد علی",2,"281 283","280:283 283:283"
"حسین (روشن آغا کا ملازم)","مہندر (جیل اوورسیئر نمبر 19)",3,"61 62 198","63:60 63:61 199:197"
"حسین (روشن آغا کا ملازم)","نعیم",38,"60 61 62 64 197 198 199 278 279 280 281 282 283 357 358 360 362 365 383 455 456 457 459 472 475 479 480 483 484 494","63:58 63:59 63:60 63:61 63:65 199:196 199:197 199:198 199:199 280:276 280:278 280:279 280:280 283:280 283:281 283:282 283:283 360:355 360:356 360:361 364:361 364:367 385:381 457:453 457:454 457:455 457:456 457:457 458:457 458:461 474:471 474:476 482:477 482:479 482:484 484:484 492:496 493:496"
"حسین (روشن آغا کا ملازم)","نور دین",5,"471 484 485 489 490","474:469 482:487 484:487 492:487 492:489"
"حسین (روشن آغا کا ملازم)","نوری",2,"484 485","482:486 484:486"
"حسین (روشن آغا کا ملازم)","پروفیسر برمن",2,"362 364","360:364 364:364"
"حسین (روشن آغا کا ملازم)","پرویز",14,"278 365 456 457 458 481 483 484 491 492 493","280:277 364:366 457:456 457:457 458:457 458:458 482:481 482:485 484:485 492:490 492:491 492:492 493:492 493:493"
"حسین (روشن آغا کا ملازم)","ڈاکٹر محمد اقبال",2,"281 283","280:283 283:283"
"حسین (روشن آغا کا ملازم)","کانگریس سیکرٹری (نام نہیں دیا گیا)",2,"455 456","457:453 457:455"
"حسین (روشن آغا کا ملازم)","کمال",6,"474 482 483 485 489 490","474:475 482:482 484:482 484:487 492:487 492:488"
"حسین (روشن آغا کا ملازم)","گدھے والا کمین",1,"199","199:200"
"حسین (روشن آغا کا ملازم)","گنجا علی بخش",1,"285","283:287"
"حسین (روشن آغا کا ملازم)","گنجا فورمین",3,"384 385","385:383 385:384 385:386"
"حسین (روشن آغا کا ملازم)","گورنر بنگال",1,"455","457:453"
"حسین (روشن آغا کا ملازم)","یونس",1,"386","385:387"
"حسین (روشن آغا کا ملازم)","یونین پریزیڈنٹ",1,"387","385:390"
"خاتون (کالی عینک والی)","راجہ صاحب کرم آباد",3,"273 274","273:274 274:274 275:274"
"خاتون (کالی عینک والی)","راول (گاؤں کا لڑکا)",2,"286 332","286:287 330:335"
"خاتون (کالی عینک والی)","روشن آغا",7,"7 273 274 275 330","5:10 273:273 274:273 274:274 275:274 275:276 330:330"
"خاتون (کالی عینک والی)","روشن پور کے بلوائی",3,"275 276","273:278 274:278 275:278"
"خاتون (کالی عینک والی)","ریاض",2,"327 330","330:325 330:330"
"خاتون (کالی عینک والی)","سر آغا خان سوم",2,"285","286:284 286:285"
"خاتون (کالی عینک والی)","سر محمد شفیع",1,"285","286:285"
"خاتون (کالی عینک والی)","سرخ داڑھی والا کسان",1,"287","286:289"
"خاتون (کالی عینک والی)","سرخ داڑھی والا گوریلا",1,"287","286:289"
"خاتون (کالی عینک والی)","سلیم سپروائزر",1,"286","286:287"
"خاتون (کالی عینک والی)","سنتوکھ سنگھ",1,"286","286:287"
"خاتون (کالی عینک والی)","عائشہ (علی کی سہیلی → بعد میں بیوی)",2,"286 332","286:287 330:335"
"خاتون (کالی عینک والی)","عذرا",17,"2 3 4 5 273 275 283 284 285 288 327 328 330","4:1 4:2 4:3 4:4 5:4 5:6 273:273 274:273 274:276 275:276 286:281 286:282 286:284 286:291 330:325 330:327 330:330"
"خاتون (کالی عینک والی)","علی (نعیم کا بیٹا)",5,"271 284 285 286 330","273:270 286:283 286:285 286:286 330:331"
"خاتون (کالی عینک والی)","عمران (ماسٹر ڈل)",3,"327 328","330:325 330:326 330:327"
"خاتون (کالی عینک والی)","فرحت",2,"327 330","330:325 330:330"
"خاتون (کالی عینک والی)","فہمیدہ (نجمی/مجھی)",4,"327 328 331","330:325 330:326 330:327 330:332"
"خاتون (کالی عینک والی)","قیدی نمبر 17",1,"271","273:269"
"خاتون (کالی عینک والی)","لال (ٹائم کیپر)",3,"6 7 286","4:9 5:9 286:287"
"خاتون (کالی عینک والی)","لیلی (رقاصہ)",1,"330","330:330"
"خاتون (کالی عینک والی)","محمد علی جناح",2,"284 285","286:283 286:285"
"خاتون (کالی عینک والی)","مولانا حسین احمد مدنی",1,"284","286:283"
"خاتون (کالی عینک والی)","مولانا شبیر احمد عثمانی",1,"284","286:283"
"خاتون (کالی عینک والی)","مولانا شوکت علی",1,"284","286:283"
"خاتون (کالی عینک والی)","مولانا محمد علی",2,"284 285","286:283 286:285"
"خاتون (کالی عینک والی)","مہندر (جیل اوورسیئر نمبر 19)",3,"270 271 272","273:268 273:269 273:272"
"خاتون (کالی عینک والی)","نعیم",17,"2 3 4 5 270 271 272 274 275 283 284 285 288","4:1 4:2 4:3 4:4 5:4 5:5 273:268 273:269 273:272 273:276 274:276 275:276 286:281 286:282 286:283 286:284 286:291"
"خاتون (کالی عینک والی)","نوری",1,"327","330:325"
"خاتون (کالی عینک والی)","پرتاپے",1,"287","286:289"
"خاتون (کالی عینک والی)","پرنس آف ویلز",1,"331","330:332"
"خاتون (کالی عینک والی)","پروفیسر اقبال سنگھ",3,"273 274","273:274 274:274 275:274"
"خاتون (کالی عینک والی)","پرویز",8,"2 6 7 273 275 276 331","4:1 4:9 5:9 273:273 274:273 274:277 275:277 330:332"
"خاتون (کالی عینک والی)","چیف انجینئر (فیکٹری)",1,"332","330:334"
"خاتون (کالی عینک والی)","ڈاکٹر امبید کر",3,"273 274","273:274 274:274 275:274"
"خاتون (کالی عینک والی)","ڈاکٹر محمد اقبال",1,"284","286:283"
"خاتون (کالی عینک والی)","کانگریس سیکرٹری (نام نہیں دیا گیا)",4,"3 4 5","4:3 4:4 5:4 5:5"
"خاتون (کالی عینک والی)","گدھے والا کمین",1,"271","273:270"
"خاتون (کالی عینک والی)","گنجا علی بخش",2,"286 332","286:287 330:334"
"خاتون (کالی عینک والی)","گنجا فورمین",1,"332","330:334"
"خالد","روشن آغا",11,"17 20 367 368 369 370 371 392 393","20:15 20:21 365:370 366:370 367:370 368:370 369:370 370:370 372:370 391:393 393:393"
"خالد","ریاض",6,"367 368 369","365:369 366:369 367:369 368:369 369:369 370:369"
"خالد","سلیم سپروائزر",2,"17 18","20:15 20:16"
"خالد","شیلا رانی",1,"390","391:390"
"خالد","عائشہ (علی کی سہیلی → بعد میں بیوی)",1,"390","391:390"
"خالد","عذرا",16,"19 20 362 364 366 367 369 370 371 372 392 393 425","20:18 20:21 365:360 365:363 365:367 366:367 367:367 368:367 368:371 369:371 370:371 372:371 372:373 391:393 393:393 424:427"
"خالد","علی (نعیم کا بیٹا)",8,"17 18 388 389 390 391 392 437","20:15 20:17 391:386 391:387 391:390 391:392 393:392 435:440"
"خالد","عمران (ماسٹر ڈل)",8,"363 365 366 367 368","365:362 365:365 366:365 366:366 367:366 367:368 368:368 369:368"
"خالد","فرحت",1,"436","435:438"
"خالد","فہمیدہ (نجمی/مجھی)",21,"20 363 364 365 366 367 368 369 370 371 372 392 393 424 435","20:20 365:362 365:363 365:364 365:365 366:365 366:366 367:366 367:367 368:367 368:368 369:368 369:369 370:369 370:370 372:370 372:372 391:393 393:393 424:424 435:435"
"خالد","مسعود",2,"424 435","424:424 435:435"
"خالد","نعیم",22,"18 19 20 363 366 367 368 371 372 392 393 421 425 432 433 434 435","20:17 20:18 20:21 365:361 365:367 366:367 367:367 368:367 368:368 369:368 369:373 370:373 372:373 391:393 393:393 424:419 424:426 435:430 435:431 435:432 435:434 435:435"
"خالد","نعیم اور عذرا کی بیٹی",4,"20 391 392 437","20:21 391:392 393:392 435:440"
"خالد","پروفیسر برمن",3,"364 424 435","365:364 424:424 435:435"
"خالد","پرویز",13,"19 20 365 366 367 368 369 392 393","20:18 20:21 365:366 366:366 367:366 367:367 368:367 368:368 369:368 369:369 370:369 391:393 393:393"
"خالد","ڈاکٹر انصاری",3,"371 372 373","369:374 370:374 372:374"
"خالد","کانگریس سیکرٹری (نام نہیں دیا گیا)",1,"421","424:419"
"خالد","کمال",2,"18 434","20:17 435:433"
"خالد","گنجا فورمین",3,"388 391 392","391:386 391:392 393:392"
"خالد","گورنر بنگال",1,"424","424:425"
"خالد","یونس",1,"389","391:387"
"خالد","یونین پریزیڈنٹ",1,"390","391:390"
"راجہ صاحب کرم آباد","روشن آغا",2,"273 274","274:273 274:274"
"راجہ صاحب کرم آباد","روشن پور کے بلوائی",1,"276","274:278"
"راجہ صاحب کرم آباد","عذرا",2,"273 275","274:273 274:276"
"راجہ صاحب کرم آباد","علی (نعیم کا بیٹا)",1,"272","274:270"
"راجہ صاحب کرم آباد","قیدی نمبر 17",1,"271","274:269"
"راجہ صاحب کرم آباد","مہندر (جیل اوورسیئر نمبر 19)",2,"271 273","274:269 274:272"
"راجہ صاحب کرم آباد","نعیم",3,"271 273 275","274:269 274:272 274:276"
"راجہ صاحب کرم آباد","پروفیسر اقبال سنگھ",1,"274","274:274"
"راجہ صاحب کرم آباد","پرویز",2,"273 275","274:273 274:277"
"راجہ صاحب کرم آباد","ڈاکٹر امبید کر",1,"274","274:274"
"راجہ صاحب کرم آباد","گدھے والا کمین",1,"272","274:270"
"راول (گاؤں کا لڑکا)","روشن آغا",9,"290 291 292 294 296 332 335","288:293 289:293 290:293 292:293 296:293 296:297 335:330 335:335 336:335"
"راول (گاؤں کا لڑکا)","ریاض",1,"332","335:330"
"راول (گاؤں کا لڑکا)","سر آغا خان سوم",4,"285 286 294 296","287:284 287:285 292:297 296:297"
"راول (گاؤں کا لڑکا)","سر محمد شفیع",1,"286","287:285"
"راول (گاؤں کا لڑکا)","سرخ داڑھی والا کسان",4,"288 289","287:289 288:289 289:289 290:289"
"راول (گاؤں کا لڑکا)","سرخ داڑھی والا گوریلا",4,"288 289","287:289 288:289 289:289 290:289"
"راول (گاؤں کا لڑکا)","سلیم سپروائزر",2,"287","287:287 288:287"
"راول (گاؤں کا لڑکا)","سلیمان (بنٹے والا لڑکا)",1,"256","257:255"
"راول (گاؤں کا لڑکا)","سنتوکھ سنگھ",4,"287 288","287:287 288:287 288:288 289:288"
"راول (گاؤں کا لڑکا)","سپاہی گروہ (بازار چھاپہ)",1,"338","336:341"
"راول (گاؤں کا لڑکا)","شیریں",3,"188 337 338","186:191 335:340 336:340"
"راول (گاؤں کا لڑکا)","طلعت",1,"188","186:191"
"راول (گاؤں کا لڑکا)","عائشہ (علی کی سہیلی → بعد میں بیوی)",11,"256 257 258 259 287 335 336","257:255 257:256 257:257 259:257 259:258 259:259 287:287 288:287 335:335 336:335 336:336"
"راول (گاؤں کا لڑکا)","عائشہ کی ماں (علی کی خالہ)",2,"258 259","257:259 259:259"
"راول (گاؤں کا لڑکا)","عذرا",15,"188 259 260 284 285 289 290 291 292 294 296 332 333","186:191 257:262 259:262 287:282 287:284 287:291 288:291 289:291 290:291 292:291 292:293 296:293 296:297 335:330 335:332"
"راول (گاؤں کا لڑکا)","علی (نعیم کا بیٹا)",32,"185 187 256 257 258 259 285 286 287 288 289 290 291 292 294 295 296 333 334 335 336","185:185 186:185 186:188 257:255 257:256 257:257 259:257 259:258 259:259 287:283 287:285 287:286 287:287 288:287 288:288 289:288 289:289 290:289 290:290 292:290 292:292 296:292 296:293 296:294 296:295 296:296 335:331 335:333 335:334 335:335 336:335 336:336"
"راول (گاؤں کا لڑکا)","عمران (ماسٹر ڈل)",2,"337 338","335:340 336:340"
"راول (گاؤں کا لڑکا)","غیث",1,"188","186:191"
"راول (گاؤں کا لڑکا)","فرحت",1,"332","335:330"
"راول (گاؤں کا لڑکا)","فضل (فیکٹری مزدور)",2,"336","335:337 336:337"
"راول (گاؤں کا لڑکا)","فہمیدہ (نجمی/مجھی)",1,"333","335:332"
"راول (گاؤں کا لڑکا)","لال (ٹائم کیپر)",5,"257 258 261 287","257:258 259:258 259:263 287:287 288:287"
"راول (گاؤں کا لڑکا)","لیلی (رقاصہ)",1,"332","335:330"
"راول (گاؤں کا لڑکا)","محمد علی جناح",2,"285 286","287:283 287:285"
"راول (گاؤں کا لڑکا)","منو",2,"186 187","185:188 186:188"
"راول (گاؤں کا لڑکا)","مولانا حسین احمد مدنی",1,"285","287:283"
"راول (گاؤں کا لڑکا)","مولانا شبیر احمد عثمانی",1,"285","287:283"
"راول (گاؤں کا لڑکا)","مولانا شوکت علی",1,"285","287:283"
"راول (گاؤں کا لڑکا)","مولانا محمد علی",2,"285 286","287:283 287:285"
"راول (گاؤں کا لڑکا)","مہندر (جیل اوورسیئر نمبر 19)",1,"261","259:263"
"راول (گاؤں کا لڑکا)","نعیم",26,"183 184 185 186 254 255 258 259 284 285 289 290 291 292 294 295 296","185:181 185:182 185:183 185:184 185:185 186:185 186:186 257:252 257:253 257:254 257:260 259:260 287:282 287:283 287:284 287:291 288:291 289:291 290:291 292:291 292:292 296:292 296:293 296:294 296:295 296:296"
"راول (گاؤں کا لڑکا)","پرتاپے",4,"288 289","287:289 288:289 289:289 290:289"
"راول (گاؤں کا لڑکا)","پرنس آف ویلز",2,"297 333","296:298 335:332"
"راول (گاؤں کا لڑکا)","پرویز",2,"188 333","186:191 335:332"
"راول (گاؤں کا لڑکا)","چیف انجینئر (فیکٹری)",1,"334","335:334"
"راول (گاؤں کا لڑکا)","ڈاکٹر محمد اقبال",1,"285","287:283"
"راول (گاؤں کا لڑکا)","کمال",2,"186","185:187 186:187"
"راول (گاؤں کا لڑکا)","گنجا علی بخش",5,"287 334 336 337","287:287 288:287 335:334 335:338 336:338"
"راول (گاؤں کا لڑکا)","گنجا فورمین",3,"334 336 337","335:334 335:338 336:338"
"روشن آغا","روشن پور کے بلوائی",9,"109 213 217 219 220 275 276 277 454","107:112 215:212 215:220 219:220 221:220 273:278 274:278 276:278 456:452"
"روشن آغا","ریاض",4,"327 330 332 369","330:325 330:330 335:330 370:369"
"روشن آغا","سر آغا خان سوم",2,"295 297","293:297 297:297"
"روشن آغا","سر لارنس",2,"399 400","397:401 399:401"
"روشن آغا","سرخ داڑھی والا کسان",1,"291","293:289"
"روشن آغا","سرخ داڑھی والا گوریلا",1,"291","293:289"
"روشن آغا","سلیم سپروائزر",11,"12 13 15 18 199 201 398 399 414 483","10:15 12:15 15:15 21:16 197:201 198:201 201:201 397:400 399:400 416:413 486:481"
"روشن آغا","سنتوکھ سنگھ",1,"290","293:288"
"روشن آغا","سپاہی گروہ (بازار چھاپہ)",2,"63 105","62:65 107:103"
"روشن آغا","شیریں",10,"191 192 194 214 217 219 220 337 352","192:191 192:193 195:193 195:194 215:214 215:219 219:219 221:219 335:340 353:351"
"روشن آغا","شیلا رانی",5,"140 148 391 487 489","140:141 151:146 393:390 486:488 491:488"
"روشن آغا","طلعت",2,"191 214","192:191 215:213"
"روشن آغا","عائشہ (علی کی سہیلی → بعد میں بیوی)",6,"332 335 354 391 459 460","330:335 335:335 353:356 393:390 457:462 458:462"
"روشن آغا","عذرا",101,"8 9 10 11 12 13 16 19 21 23 25 26 28 32 35 36 37 38 39 152 191 192 194 195 196 199 201 213 214 215 217 218 219 220 221 222 223 224 226 227 228 263 264 265 266 273 275 276 292 293 295 297 327 328 330 332 333 350 351 352 353 368 370 393 395 396 397 398 399 415 416 454 456 457 486 488 491 492 494 496","10:6 10:9 10:10 12:10 12:12 15:12 15:18 21:18 21:21 22:21 22:24 26:24 26:25 26:26 31:26 31:33 38:33 38:34 38:35 38:36 38:37 38:38 39:38 39:39 151:154 192:191 192:193 195:193 195:194 195:195 197:195 197:201 198:201 201:201 215:212 215:213 215:216 219:216 219:217 219:218 219:219 221:219 221:222 222:222 223:222 223:223 226:223 226:226 228:226 228:227 228:228 265:262 265:263 265:265 266:265 266:266 273:273 274:273 274:276 276:276 293:291 293:293 297:293 297:297 330:325 330:327 330:330 335:330 335:332 353:348 353:349 353:350 353:351 353:352 353:353 370:367 370:371 393:393 397:393 397:394 397:395 397:396 397:397 399:397 399:398 399:399 416:415 416:416 456:453 456:456 457:456 457:457 458:457 486:486 491:486 491:491 492:491 492:492 496:492 496:493 496:496"
"روشن آغا","علی (نعیم کا بیٹا)",61,"10 11 12 14 15 19 24 26 29 40 63 105 125 190 191 197 198 200 201 214 267 268 271 290 291 292 293 295 296 297 330 333 334 335 353 391 392 398 399 413 414 415 416 454 455 458 459 486 489 490","10:11 12:11 12:13 15:13 15:14 15:15 21:17 22:27 26:27 31:27 38:42 39:42 62:65 107:104 126:125 192:188 192:190 195:199 197:199 198:199 201:199 201:200 201:201 215:214 265:270 266:270 273:270 293:288 293:289 293:290 293:292 293:293 297:293 297:294 297:295 297:296 297:297 330:331 335:331 335:333 335:334 335:335 353:354 393:390 393:392 397:400 399:400 416:411 416:413 416:414 416:417 456:452 456:453 456:454 456:461 457:461 458:461 486:487 491:487 491:488 491:489"
"روشن آغا","عمران (ماسٹر ڈل)",12,"327 328 337 367 368 369 486 488 492 494","330:325 330:326 330:327 335:340 370:365 370:366 370:368 486:486 491:486 491:493 492:493 496:493"
"روشن آغا","غیث",2,"191 214","192:191 215:214"
"روشن آغا","فرحت",5,"266 327 330 332","265:267 266:267 330:325 330:330 335:330"
"روشن آغا","فرخندہ",1,"352","353:351"
"روشن آغا","فضل (فیکٹری مزدور)",1,"336","335:337"
"روشن آغا","فہمیدہ (نجمی/مجھی)",25,"17 20 327 328 331 333 367 368 369 370 393 395 454 456 484 485 488 491 492 494","15:20 21:20 330:325 330:326 330:327 330:332 335:332 370:365 370:366 370:367 370:368 370:369 370:370 393:393 397:393 456:453 456:456 457:456 486:482 486:485 486:491 491:491 492:491 492:493 496:493"
"روشن آغا","قیدی نمبر 17",3,"267 271","265:269 266:269 273:269"
"روشن آغا","لال (ٹائم کیپر)",11,"9 27 30 62 200 202 264 266 487 489","10:9 26:29 31:29 62:63 198:203 201:203 265:263 265:267 266:267 486:488 491:488"
"روشن آغا","لیلی (رقاصہ)",2,"330 332","330:330 335:330"
"روشن آغا","مادھوکر",4,"142 148 149","140:145 151:146 151:147 151:148"
"روشن آغا","محمد علی جناح",1,"455","456:454"
"روشن آغا","مدن رائے",5,"141 148 149 150","140:142 151:146 151:148 151:149 151:150"
"روشن آغا","مسعود",8,"483 484 485 492 493 495","486:481 486:482 486:483 486:484 486:485 491:494 492:494 496:494"
"روشن آغا","مل کا مالک",3,"398 399 414","397:400 399:400 416:413"
"روشن آغا","منشی (لگان والا)",12,"41 125 128 131 132 197 198 199 200 456 457","39:44 126:125 126:130 132:130 132:132 195:200 197:200 198:200 201:200 456:457 457:457 458:457"
"روشن آغا","منو",2,"190 352","192:188 353:351"
"روشن آغا","مہندر (جیل اوورسیئر نمبر 19)",21,"59 61 105 106 128 131 133 194 196 197 264 265 266 270 271 272","62:57 62:60 62:61 107:103 107:104 107:105 107:106 126:130 132:130 132:134 192:197 195:197 197:197 198:197 265:263 265:265 266:265 266:267 273:268 273:269 273:272"
"روشن آغا","نعیم",152,"7 9 10 11 12 13 16 19 21 22 24 25 26 28 29 30 31 35 36 37 38 39 59 60 61 63 104 105 106 107 125 126 129 130 131 132 137 138 139 140 148 149 150 151 189 190 192 193 195 196 197 198 199 200 201 213 214 215 217 218 219 220 221 222 223 224 225 226 227 228 262 263 264 265 266 270 271 272 274 275 276 292 293 295 296 297 350 351 352 353 368 369 371 393 395 396 397 398 399 415 416 453 454 455 456 457 459 485 486 488 493 494 496","10:5 10:8 10:9 10:10 12:10 12:12 15:12 15:17 21:17 21:18 21:21 22:21 22:22 26:22 26:23 26:24 26:25 26:26 31:26 31:27 31:28 31:29 31:30 31:31 38:33 38:34 38:35 38:36 38:37 38:38 39:38 39:39 62:57 62:58 62:59 62:60 62:61 62:65 107:102 107:103 107:104 107:105 107:106 107:107 126:124 126:125 126:126 132:127 132:128 132:129 132:130 132:131 132:132 140:135 140:136 140:137 140:138 140:139 140:140 151:146 151:147 151:148 151:150 151:151 192:187 192:188 192:192 195:192 195:196 197:196 197:197 198:197 198:198 201:198 201:199 201:200 201:201 215:211 215:212 215:213 215:214 215:215 219:215 219:216 219:217 219:219 221:219 221:222 222:222 223:222 223:223 226:223 226:224 226:225 226:226 228:226 228:227 228:228 265:260 265:261 265:262 265:263 265:265 266:265 266:266 273:268 273:269 273:272 273:276 274:276 276:276 293:291 293:292 293:293 297:293 297:294 297:295 297:296 297:297 353:348 353:349 353:352 353:354 370:367 370:368 370:373 393:393 397:393 397:394 397:395 397:396 397:397 399:397 399:398 399:399 416:415 416:416 456:451 456:453 456:454 456:455 456:456 457:456 457:457 458:457 458:461 486:484 486:486 491:486 491:496 492:496 496:496"
"روشن آغا","نعیم اور عذرا کی بیٹی",9,"21 141 220 221 222 230 392","21:21 22:21 140:142 219:222 221:222 222:222 223:222 228:233 393:392"
"روشن آغا","نور دین",3,"486 489 490","486:487 491:487 491:489"
"روشن آغا","نوری",3,"327 486 488","330:325 486:486 491:486"
"روشن آغا","پرتاپے",1,"291","293:289"
"روشن آغا","پرنس آف ویلز",11,"223 224 226 227 229 295 297 331 333","221:226 222:226 223:226 226:226 228:226 228:227 228:230 293:298 297:298 330:332 335:332"
"روشن آغا","پروفیسر اقبال سنگھ",3,"273 274 275","273:274 274:274 276:274"
"روشن آغا","پرویز",60,"9 10 11 16 19 21 23 25 26 28 32 35 36 37 38 39 59 191 213 214 215 217 219 220 265 266 273 275 276 331 333 368 369 393 395 396 456 457 458 483 485 486 488 490 491 492 494 495","10:9 10:10 12:10 15:18 21:18 21:21 22:21 22:24 26:24 26:26 31:26 31:33 38:33 38:34 38:35 38:36 38:39 39:39 62:57 192:191 215:211 215:213 215:214 215:215 219:215 219:219 221:219 265:265 266:265 266:266 273:273 274:273 274:277 276:277 330:332 335:332 370:366 370:367 370:368 370:369 393:393 397:393 397:394 397:395 456:456 457:456 457:457 458:457 458:458 486:481 486:485 486:486 491:486 491:490 491:491 492:491 492:492 496:492 496:493 496:494"
"روشن آغا","چیف انجینئر (فیکٹری)",6,"332 334 398 399 414 415","330:334 335:334 397:400 399:400 416:413 416:414"
"روشن آغا","ڈاکٹر امبید کر",3,"273 274 275","273:274 274:274 276:274"
"روشن آغا","ڈاکٹر انصاری",6,"220 221 222 372","219:221 221:221 222:221 222:222 223:222 370:374"
"روشن آغا","کانگریس سیکرٹری (نام نہیں دیا گیا)",7,"7 140 152 415 417 454 455","10:5 140:140 151:154 416:415 416:419 456:453 456:455"
"روشن آغا","کمال",10,"14 16 19 189 398 399 484 486 489","12:17 15:17 21:17 192:187 397:400 399:400 486:482 486:487 491:487 491:488"
"روشن آغا","کھدر پوش لیڈر (کلکتہ)",2,"228 229","226:230 228:230"
"روشن آغا","کیپٹن وڈ",1,"299","297:302"
"روشن آغا","گدھے والا کمین",13,"27 30 39 40 197 198 199 200 216 218 267 268 271","26:29 31:29 38:41 39:41 195:200 197:200 198:200 201:200 215:218 219:218 265:270 266:270 273:270"
"روشن آغا","گنجا علی بخش",3,"332 334 336","330:334 335:334 335:338"
"روشن آغا","گنجا فورمین",9,"332 334 336 392 398 399 413 414 415","330:334 335:334 335:338 393:392 397:400 399:400 416:411 416:413 416:414"
"روشن آغا","گورنر بنگال",2,"230 454","228:232 456:453"
"روشن آغا","ہری چند",1,"152","151:154"
"روشن آغا","یونین پریزیڈنٹ",1,"391","393:390"
"روشن پور کے بلوائی","ریاض",1,"114","112:116"
"روشن پور کے بلوائی","سلیم سپروائزر",1,"380","380:380"
"روشن پور کے بلوائی","شیریں",2,"213 219","212:214 220:219"
"روشن پور کے بلوائی","طلعت",1,"212","212:213"
"روشن پور کے بلوائی","عائشہ (علی کی سہیلی → بعد میں بیوی)",2,"382 451","380:384 452:450"
"روشن پور کے بلوائی","عذرا",14,"212 218 219 221 275 277 278 378 379 452","212:212 220:216 220:217 220:218 220:219 220:222 278:273 278:276 278:277 278:278 380:377 380:378 380:379 452:453"
"روشن پور کے بلوائی","علی (نعیم کا بیٹا)",5,"213 280 382 451 452","212:214 278:283 380:385 452:450 452:452"
"روشن پور کے بلوائی","غیث",1,"213","212:214"
"روشن پور کے بلوائی","فہمیدہ (نجمی/مجھی)",2,"379 452","380:379 452:453"
"روشن پور کے بلوائی","لیلی (رقاصہ)",1,"113","112:114"
"روشن پور کے بلوائی","محمد علی جناح",2,"280 453","278:283 452:454"
"روشن پور کے بلوائی","منشی (لگان والا)",1,"454","452:457"
"روشن پور کے بلوائی","مولانا حسین احمد مدنی",1,"280","278:283"
"روشن پور کے بلوائی","مولانا شبیر احمد عثمانی",1,"280","278:283"
"روشن پور کے بلوائی","مولانا شوکت علی",1,"280","278:283"
"روشن پور کے بلوائی","مولانا محمد علی",1,"280","278:283"
"روشن پور کے بلوائی","نعیم",23,"109 110 111 112 211 212 217 218 219 221 277 278 377 378 380 449 451 452","112:107 112:108 112:109 112:110 112:111 112:112 212:211 212:212 220:215 220:216 220:217 220:219 220:222 278:276 278:278 380:375 380:376 380:377 380:381 452:447 452:450 452:451 452:453"
"روشن پور کے بلوائی","نعیم اور عذرا کی بیٹی",1,"221","220:222"
"روشن پور کے بلوائی","پروفیسر اقبال سنگھ",1,"276","278:274"
"روشن پور کے بلوائی","پرویز",7,"211 212 217 219 275 277 454","212:211 212:213 220:215 220:219 278:273 278:277 452:456"
"روشن پور کے بلوائی","ڈاکٹر امبید کر",1,"276","278:274"
"روشن پور کے بلوائی","ڈاکٹر انصاری",3,"220 378 379","220:221 380:376 380:378"
"روشن پور کے بلوائی","ڈاکٹر محمد اقبال",1,"280","278:283"
"روشن پور کے بلوائی","کانگریس سیکرٹری (نام نہیں دیا گیا)",1,"452","452:453"
"روشن پور کے بلوائی","گدھے والا کمین",1,"219","220:218"
"روشن پور کے بلوائی","گنجا فورمین",1,"381","380:383"
"روشن پور کے بلوائی","گورنر بنگال",1,"452","452:453"
"ریاض","سپاہی گروہ (بازار چھاپہ)",1,"91","89:94"
"ریاض","عائشہ (علی کی سہیلی → بعد میں بیوی)",1,"332","330:335"
"ریاض","عذرا",6,"325 327 328 330 368 370","325:325 330:325 330:327 330:330 369:367 369:371"
"ریاض","علی (نعیم کا بیٹا)",3,"91 322 330","89:93 325:320 330:331"
"ریاض","عمران (ماسٹر ڈل)",10,"323 324 325 327 328 367 368","325:322 325:323 325:324 325:325 330:325 330:326 330:327 369:365 369:366 369:368"
"ریاض","فرحت",3,"325 327 330","325:325 330:325 330:330"
"ریاض","فہمیدہ (نجمی/مجھی)",13,"324 325 327 328 331 366 367 368 369","325:323 325:324 325:325 330:325 330:326 330:327 330:332 369:364 369:365 369:366 369:367 369:368 369:369"
"ریاض","لال (ٹائم کیپر)",1,"80","82:78"
"ریاض","لیلی (رقاصہ)",6,"115 117 324 327 330","116:114 116:118 117:118 325:324 325:330 330:330"
"ریاض","مہندر (جیل اوورسیئر نمبر 19)",3,"79 80","82:77 82:78 82:79"
"ریاض","نعیم",22,"80 81 82 84 85 86 87 88 89 113 114 115 116 117 368 371","82:79 82:80 82:82 86:82 86:83 86:84 86:85 86:86 89:86 89:87 89:88 89:89 116:111 116:112 116:113 116:114 116:116 117:116 117:117 369:367 369:368 369:373"
"ریاض","نوری",2,"325 327","325:325 330:325"
"ریاض","پرنس آف ویلز",1,"331","330:332"
"ریاض","پروفیسر برمن",1,"366","369:364"
"ریاض","پرویز",6,"323 331 367 368 369","325:322 330:332 369:366 369:367 369:368 369:369"
"ریاض","چیف انجینئر (فیکٹری)",1,"332","330:334"
"ریاض","ڈاکٹر انصاری",1,"371","369:374"
"ریاض","گنجا علی بخش",1,"332","330:334"
"ریاض","گنجا فورمین",1,"332","330:334"
"زہرہ بیگم (لاہور بازار)","سپاہی گروہ (بازار چھاپہ)",1,"342","343:341"
"زہرہ بیگم (لاہور بازار)","شیریں",1,"341","343:340"
"زہرہ بیگم (لاہور بازار)","عذرا",1,"344","343:346"
"زہرہ بیگم (لاہور بازار)","علی (نعیم کا بیٹا)",5,"340 341 342 343","343:338 343:339 343:341 343:342 343:343"
"زہرہ بیگم (لاہور بازار)","عمران (ماسٹر ڈل)",1,"341","343:340"
"زہرہ بیگم (لاہور بازار)","فضل (فیکٹری مزدور)",1,"341","343:339"
"زہرہ بیگم (لاہور بازار)","منشی (لگان والا)",1,"344","343:346"
"زہرہ بیگم (لاہور بازار)","نعیم",1,"344","343:346"
"زہرہ بیگم (لاہور بازار)","نعیم اور عذرا کی بیٹی",1,"342","343:342"
"زہرہ بیگم (لاہور بازار)","کمال",1,"343","343:343"
"زہرہ بیگم (لاہور بازار)","گدھے والا کمین",1,"343","343:344"
"زہرہ بیگم (لاہور بازار)","گنجا علی بخش",1,"340","343:338"
"زہرہ بیگم (لاہور بازار)","گنجا فورمین",1,"340","343:338"
"سر آغا خان سوم","سر محمد شفیع",2,"284 285","284:285 285:285"
"سر آغا خان سوم","سرخ داڑھی والا کسان",2,"286 287","284:289 285:289"
"سر آغا خان سوم","سرخ داڑھی والا گوریلا",2,"286 287","284:289 285:289"
"سر آغا خان سوم","سلیم سپروائزر",2,"285 286","284:287 285:287"
"سر آغا خان سوم","سنتوکھ سنگھ",2,"285 286","284:287 285:287"
"سر آغا خان سوم","عائشہ (علی کی سہیلی → بعد میں بیوی)",2,"285 286","284:287 285:287"
"سر آغا خان سوم","عذرا",9,"282 283 284 295 297 298","284:280 284:281 284:282 284:284 285:284 297:293 297:297 298:297 298:298"
"سر آغا خان سوم","علی (نعیم کا بیٹا)",10,"283 284 285 294 295 296 297","284:283 284:285 285:285 297:292 297:293 297:294 297:295 297:296 297:297 298:297"
"سر آغا خان سوم","لال (ٹائم کیپر)",2,"285 286","284:287 285:287"
"سر آغا خان سوم","محمد علی جناح",3,"283 284 285","284:283 284:285 285:285"
"سر آغا خان سوم","مولانا حسین احمد مدنی",1,"283","284:283"
"سر آغا خان سوم","مولانا شبیر احمد عثمانی",1,"283","284:283"
"سر آغا خان سوم","مولانا شوکت علی",1,"283","284:283"
"سر آغا خان سوم","مولانا محمد علی",3,"283 284 285","284:283 284:285 285:285"
"سر آغا خان سوم","نعیم",15,"281 282 283 284 294 295 296 297 298","284:279 284:280 284:281 284:282 284:283 284:284 285:284 297:292 297:293 297:294 297:295 297:296 297:297 298:297 298:298"
"سر آغا خان سوم","وزیر خان",1,"300","298:303"
"سر آغا خان سوم","پرتاپے",2,"286 287","284:289 285:289"
"سر آغا خان سوم","پرنس آف ویلز",2,"297 298","297:298 298:298"
"سر آغا خان سوم","ڈاکٹر محمد اقبال",1,"283","284:283"
"سر آغا خان سوم","کیپٹن وڈ",2,"299 300","297:302 298:302"
"سر آغا خان سوم","گنجا علی بخش",2,"285 286","284:287 285:287"
"سر لارنس","سلیم سپروائزر",1,"400","401:400"
"سر لارنس","عذرا",4,"398 399 400","401:396 401:397 401:398 401:399"
"سر لارنس","علی (نعیم کا بیٹا)",1,"400","401:400"
"سر لارنس","مل کا مالک",1,"400","401:400"
"سر لارنس","نعیم",5,"398 399 400 401","401:396 401:397 401:398 401:399 401:401"
"سر لارنس","چیف انجینئر (فیکٹری)",1,"400","401:400"
"سر لارنس","کمال",1,"400","401:400"
"سر لارنس","گنجا فورمین",1,"400","401:400"
"سر محمد شفیع","سرخ داڑھی والا کسان",1,"287","285:289"
"سر محمد شفیع","سرخ داڑھی والا گوریلا",1,"287","285:289"
"سر محمد شفیع","سلیم سپروائزر",1,"286","285:287"
"سر محمد شفیع","سنتوکھ سنگھ",1,"286","285:287"
"سر محمد شفیع","عائشہ (علی کی سہیلی → بعد میں بیوی)",1,"286","285:287"
"سر محمد شفیع","عذرا",4,"282 283 284","285:280 285:281 285:282 285:284"
"سر محمد شفیع","علی (نعیم کا بیٹا)",2,"284 285","285:283 285:285"
"سر محمد شفیع","لال (ٹائم کیپر)",1,"286","285:287"
"سر محمد شفیع","محمد علی جناح",2,"284 285","285:283 285:285"
"سر محمد شفیع","مولانا حسین احمد مدنی",1,"284","285:283"
"سر محمد شفیع","مولانا شبیر احمد عثمانی",1,"284","285:283"
"سر محمد شفیع","مولانا شوکت علی",1,"284","285:283"
"سر محمد شفیع","مولانا محمد علی",2,"284 285","285:283 285:285"
"سر محمد شفیع","نعیم",5,"282 283 284","285:280 285:281 285:282 285:283 285:284"
"سر محمد شفیع","پرتاپے",1,"287","285:289"
"سر محمد شفیع","ڈاکٹر محمد اقبال",1,"284","285:283"
"سر محمد شفیع","گنجا علی بخش",1,"286","285:287"
"سرخ داڑھی والا کسان","سرخ داڑھی والا گوریلا",1,"289","289:289"
"سرخ داڑھی والا کسان","سلیم سپروائزر",1,"288","289:287"
"سرخ داڑھی والا کسان","سنتوکھ سنگھ",2,"288","289:287 289:288"
"سرخ داڑھی والا کسان","عائشہ (علی کی سہیلی → بعد میں بیوی)",1,"288","289:287"
"سرخ داڑھی والا کسان","عذرا",2,"286 290","289:284 289:291"
"سرخ داڑھی والا کسان","علی (نعیم کا بیٹا)",5,"287 288 289","289:285 289:286 289:287 289:288 289:289"
"سرخ داڑھی والا کسان","لال (ٹائم کیپر)",1,"288","289:287"
"سرخ داڑھی والا کسان","محمد علی جناح",1,"287","289:285"
"سرخ داڑھی والا کسان","مولانا محمد علی",1,"287","289:285"
"سرخ داڑھی والا کسان","نعیم",2,"286 290","289:284 289:291"
"سرخ داڑھی والا کسان","پرتاپے",1,"289","289:289"
"سرخ داڑھی والا کسان","گنجا علی بخش",1,"288","289:287"
"سرخ داڑھی والا گوریلا","سلیم سپروائزر",1,"288","289:287"
"سرخ داڑھی والا گوریلا","سنتوکھ سنگھ",2,"288","289:287 289:288"
"سرخ داڑھی والا گوریلا","شیلا رانی",3,"175 176","178:173 178:174 178:175"
"سرخ داڑھی والا گوریلا","عائشہ (علی کی سہیلی → بعد میں بیوی)",1,"288","289:287"
"سرخ داڑھی والا گوریلا","عذرا",2,"286 290","289:284 289:291"
"سرخ داڑھی والا گوریلا","علی (نعیم کا بیٹا)",5,"287 288 289","289:285 289:286 289:287 289:288 289:289"
"سرخ داڑھی والا گوریلا","لال (ٹائم کیپر)",1,"288","289:287"
"سرخ داڑھی والا گوریلا","محمد علی جناح",1,"287","289:285"
"سرخ داڑھی والا گوریلا","مدن رائے",1,"178","178:178"
"سرخ داڑھی والا گوریلا","مولانا محمد علی",1,"287","289:285"
"سرخ داڑھی والا گوریلا","نعیم",7,"175 176 177 178 286 290","178:173 178:174 178:175 178:177 178:178 289:284 289:291"
"سرخ داڑھی والا گوریلا","پرتاپے",1,"289","289:289"
"سرخ داڑھی والا گوریلا","گدھے والا کمین",1,"177","178:177"
"سرخ داڑھی والا گوریلا","گنجا علی بخش",1,"288","289:287"
"سلیم سپروائزر","سنتوکھ سنگھ",1,"287","287:287"
"سلیم سپروائزر","شیلا رانی",4,"159 160 162","161:157 161:158 161:159 161:164"
"سلیم سپروائزر","عائشہ (علی کی سہیلی → بعد میں بیوی)",5,"287 382 479 480","287:287 380:384 481:477 481:478 481:479"
"سلیم سپروائزر","عذرا",19,"12 13 16 17 201 284 285 289 378 379 397 398 399 414 479 483","15:10 15:12 15:18 16:18 201:201 287:282 287:284 287:291 380:377 380:378 380:379 400:395 400:396 400:397 400:398 400:399 413:415 481:478 481:486"
"سلیم سپروائزر","علی (نعیم کا بیٹا)",22,"13 14 15 16 200 201 285 286 287 382 400 409 412 413 478 479 480","15:11 15:13 15:14 15:15 16:15 16:17 201:199 201:200 201:201 287:283 287:285 287:286 287:287 380:385 400:400 407:411 413:411 413:413 481:476 481:477 481:478 481:479"
"سلیم سپروائزر","عمران (ماسٹر ڈل)",1,"483","481:486"
"سلیم سپروائزر","فہمیدہ (نجمی/مجھی)",4,"17 18 379 481","15:20 16:20 380:379 481:482"
"سلیم سپروائزر","لال (ٹائم کیپر)",2,"202 287","201:203 287:287"
"سلیم سپروائزر","محمد علی جناح",2,"285 286","287:283 287:285"
"سلیم سپروائزر","مدن رائے",2,"161 480","161:161 481:480"
"سلیم سپروائزر","مسعود",1,"481","481:481"
"سلیم سپروائزر","مل کا مالک",2,"400 413","400:400 413:413"
"سلیم سپروائزر","منشی (لگان والا)",1,"200","201:200"
"سلیم سپروائزر","مولانا حسین احمد مدنی",1,"285","287:283"
"سلیم سپروائزر","مولانا شبیر احمد عثمانی",1,"285","287:283"
"سلیم سپروائزر","مولانا شوکت علی",1,"285","287:283"
"سلیم سپروائزر","مولانا محمد علی",2,"285 286","287:283 287:285"
"سلیم سپروائزر","مہندر (جیل اوورسیئر نمبر 19)",1,"199","201:197"
"سلیم سپروائزر","نعیم",41,"12 13 16 158 159 160 161 198 199 200 201 284 285 289 377 378 380 397 398 399 400 404 405 406 407 410 411 414 478 479 480 482","15:10 15:12 15:17 16:17 161:156 161:157 161:158 161:159 161:161 201:196 201:197 201:198 201:199 201:200 201:201 287:282 287:283 287:284 287:291 380:375 380:376 380:377 380:381 400:395 400:396 400:397 400:398 400:399 400:401 407:402 407:403 407:405 407:407 413:408 413:409 413:410 413:415 481:476 481:477 481:479 481:484"
"سلیم سپروائزر","نعیم اور عذرا کی بیٹی",1,"18","16:21"
"سلیم سپروائزر","نوری",1,"483","481:486"
"سلیم سپروائزر","پرتاپے",1,"288","287:289"
"سلیم سپروائزر","پرویز",5,"12 16 17 397 481","15:10 15:18 16:18 400:395 481:481"
"سلیم سپروائزر","چیف انجینئر (فیکٹری)",2,"400 413","400:400 413:413"
"سلیم سپروائزر","ڈاکٹر انصاری",2,"378 379","380:376 380:378"
"سلیم سپروائزر","ڈاکٹر محمد اقبال",1,"285","287:283"
"سلیم سپروائزر","کانگریس سیکرٹری (نام نہیں دیا گیا)",2,"158 414","161:156 413:415"
"سلیم سپروائزر","کمال",4,"16 400 481","15:17 16:17 400:400 481:482"
"سلیم سپروائزر","گدھے والا کمین",1,"200","201:200"
"سلیم سپروائزر","گنجا علی بخش",1,"287","287:287"
"سلیم سپروائزر","گنجا فورمین",5,"381 400 409 412 413","380:383 400:400 407:411 413:411 413:413"
"سلیم سپروائزر","گورنر بنگال",1,"161","161:161"
"سلیمان (بنٹے والا لڑکا)","عائشہ (علی کی سہیلی → بعد میں بیوی)",1,"255","255:255"
"سلیمان (بنٹے والا لڑکا)","عائشہ کی ماں (علی کی خالہ)",1,"257","255:259"
"سلیمان (بنٹے والا لڑکا)","علی (نعیم کا بیٹا)",1,"255","255:255"
"سلیمان (بنٹے والا لڑکا)","لال (ٹائم کیپر)",1,"256","255:258"
"سلیمان (بنٹے والا لڑکا)","نعیم",6,"252 253 254 257","255:250 255:251 255:252 255:253 255:254 255:260"
"سنتوکھ سنگھ","عائشہ (علی کی سہیلی → بعد میں بیوی)",2,"287","287:287 288:287"
"سنتوکھ سنگھ","عذرا",4,"284 285 289","287:282 287:284 287:291 288:291"
"سنتوکھ سنگھ","علی (نعیم کا بیٹا)",6,"285 286 287 288","287:283 287:285 287:286 287:287 288:287 288:288"
"سنتوکھ سنگھ","لال (ٹائم کیپر)",2,"287","287:287 288:287"
"سنتوکھ سنگھ","محمد علی جناح",2,"285 286","287:283 287:285"
"سنتوکھ سنگھ","مولانا حسین احمد مدنی",1,"285","287:283"
"سنتوکھ سنگھ","مولانا شبیر احمد عثمانی",1,"285","287:283"
"سنتوکھ سنگھ","مولانا شوکت علی",1,"285","287:283"
"سنتوکھ سنگھ","مولانا محمد علی",2,"285 286","287:283 287:285"
"سنتوکھ سنگھ","نعیم",5,"284 285 289","287:282 287:283 287:284 287:291 288:291"
"سنتوکھ سنگھ","پرتاپے",2,"288","287:289 288:289"
"سنتوکھ سنگھ","ڈاکٹر محمد اقبال",1,"285","287:283"
"سنتوکھ سنگھ","گنجا علی بخش",2,"287","287:287 288:287"
"سپاہی گروہ (بازار چھاپہ)","شیریں",1,"340","341:340"
"سپاہی گروہ (بازار چھاپہ)","عائشہ (علی کی سہیلی → بعد میں بیوی)",2,"338 357","341:336 359:356"
"سپاہی گروہ (بازار چھاپہ)","عذرا",2,"343 359","341:346 359:360"
"سپاہی گروہ (بازار چھاپہ)","علی (نعیم کا بیٹا)",16,"65 66 93 101 103 338 339 340 341 356 357 358 359","65:65 67:65 94:93 103:100 103:104 341:336 341:337 341:338 341:339 341:341 359:354 359:355 359:356 359:357 359:358 359:359"
"سپاہی گروہ (بازار چھاپہ)","عمران (ماسٹر ڈل)",2,"340 360","341:340 359:362"
"سپاہی گروہ (بازار چھاپہ)","فضل (فیکٹری مزدور)",2,"339 340","341:337 341:339"
"سپاہی گروہ (بازار چھاپہ)","فہمیدہ (نجمی/مجھی)",1,"360","359:362"
"سپاہی گروہ (بازار چھاپہ)","لال (ٹائم کیپر)",1,"64","65:63"
"سپاہی گروہ (بازار چھاپہ)","لیلی (رقاصہ)",3,"69 70","67:71 68:71 69:71"
"سپاہی گروہ (بازار چھاپہ)","منشی (لگان والا)",1,"343","341:346"
"سپاہی گروہ (بازار چھاپہ)","مہندر (جیل اوورسیئر نمبر 19)",6,"62 63 69 70 103","65:60 65:61 67:71 68:71 69:71 103:103"
"سپاہی گروہ (بازار چھاپہ)","نعیم",25,"62 63 65 66 67 68 69 91 92 93 94 100 101 102 103 343 356 357 360","65:60 65:61 65:65 67:65 67:66 67:67 68:67 68:68 69:68 69:69 94:89 94:90 94:91 94:92 94:94 103:98 103:100 103:101 103:102 103:103 341:346 359:354 359:355 359:356 359:361"
"سپاہی گروہ (بازار چھاپہ)","نعیم اور عذرا کی بیٹی",1,"341","341:342"
"سپاہی گروہ (بازار چھاپہ)","پروفیسر برمن",1,"361","359:364"
"سپاہی گروہ (بازار چھاپہ)","کمال",1,"342","341:343"
"سپاہی گروہ (بازار چھاپہ)","گدھے والا کمین",1,"342","341:344"
"سپاہی گروہ (بازار چھاپہ)","گنجا علی بخش",1,"339","341:338"
"سپاہی گروہ (بازار چھاپہ)","گنجا فورمین",1,"339","341:338"
"شیریں","طلعت",3,"191 192 213","191:191 193:191 214:213"
"شیریں","عائشہ (علی کی سہیلی → بعد میں بیوی)",3,"337 338 353","340:335 340:336 351:356"
"شیریں","عذرا",18,"191 192 193 194 213 215 217 218 219 348 349 350 351","191:191 193:191 193:193 194:193 194:194 214:212 214:213 214:216 219:216 219:217 219:218 219:219 351:346 351:347 351:348 351:349 351:350 351:351"
"شیریں","علی (نعیم کا بیٹا)",13,"189 190 196 214 216 337 338 339 340 348 352","191:188 191:190 194:199 214:214 219:214 340:335 340:336 340:337 340:338 340:339 340:341 351:346 351:354"
"شیریں","عمران (ماسٹر ڈل)",1,"340","340:340"
"شیریں","غیث",4,"191 192 214 216","191:191 193:191 214:214 219:214"
"شیریں","فرخندہ",1,"351","351:351"
"شیریں","فضل (فیکٹری مزدور)",2,"338 339","340:337 340:339"
"شیریں","منشی (لگان والا)",1,"348","351:346"
"شیریں","منو",2,"189 351","191:188 351:351"
"شیریں","مہندر (جیل اوورسیئر نمبر 19)",2,"195","193:197 194:197"
"شیریں","نعیم",21,"188 189 191 192 194 195 212 213 214 216 217 218 219 348 349 350 351","191:186 191:187 191:188 191:192 193:192 193:196 194:196 214:211 214:212 214:213 214:214 219:214 219:215 219:216 219:217 219:219 351:346 351:347 351:348 351:349 351:352"
"شیریں","نعیم اور عذرا کی بیٹی",2,"220 341","219:222 340:342"
"شیریں","پرویز",8,"191 192 212 213 214 216 217 219","191:191 193:191 214:211 214:213 214:214 219:214 219:215 219:219"
"شیریں","ڈاکٹر انصاری",1,"220","219:221"
"شیریں","کمال",2,"189 341","191:187 340:343"
"شیریں","گدھے والا کمین",3,"216 218 342","214:218 219:218 340:344"
"شیریں","گنجا علی بخش",1,"339","340:338"
"شیریں","گنجا فورمین",1,"339","340:338"
"شیلا رانی","عائشہ (علی کی سہیلی → بعد میں بیوی)",1,"390","390:390"
"شیلا رانی","عذرا",10,"155 168 169 170 391 487 489","157:154 166:170 167:170 168:170 169:170 170:170 171:170 390:393 488:486 488:491"
"شیلا رانی","علی (نعیم کا بیٹا)",10,"387 388 390 468 469 487 488","390:385 390:386 390:387 390:390 470:466 470:467 470:468 470:469 488:487 488:488"
"شیلا رانی","عمران (ماسٹر ڈل)",2,"487 490","488:486 488:493"
"شیلا رانی","غیث",6,"169 170 171 172","167:172 168:172 169:172 170:172 171:172 173:172"
"شیلا رانی","فہمیدہ (نجمی/مجھی)",3,"391 486 489","390:393 488:485 488:491"
"شیلا رانی","لال (ٹائم کیپر)",1,"488","488:488"
"شیلا رانی","مادھوکر",6,"143 144 145 146","141:145 142:145 143:145 144:145 146:145 146:146"
"شیلا رانی","مدن رائے",17,"141 142 143 144 145 146 159 160 162 163 175 176 471","141:142 142:142 143:142 143:143 144:143 144:144 146:144 146:146 157:161 158:161 159:161 164:161 164:163 173:178 174:178 175:178 470:472"
"شیلا رانی","مسعود",3,"485 486","488:483 488:484 488:485"
"شیلا رانی","نعیم",52,"138 139 140 141 142 143 144 145 146 154 155 156 157 158 159 161 162 163 164 165 166 167 168 169 170 171 172 173 174 175 391 470 486 487","141:136 141:137 141:138 141:139 141:140 141:141 142:141 142:142 143:142 143:143 144:143 144:144 146:144 146:145 146:146 157:152 157:154 157:155 157:156 157:157 158:157 158:158 159:158 159:159 164:159 164:161 164:162 164:163 164:164 166:164 166:165 166:166 167:166 167:167 168:167 168:168 169:168 169:169 170:169 170:170 171:170 171:171 173:171 173:173 174:173 174:174 175:174 175:175 390:393 470:471 488:484 488:486"
"شیلا رانی","نعیم اور عذرا کی بیٹی",4,"141 142 391","141:142 142:142 143:142 390:392"
"شیلا رانی","نور دین",4,"469 487 488","470:468 470:469 488:487 488:489"
"شیلا رانی","نوری",1,"487","488:486"
"شیلا رانی","پرویز",10,"169 170 171 172 391 486 487 489","167:172 168:172 169:172 170:172 171:172 173:172 390:393 488:485 488:486 488:490"
"شیلا رانی","کانگریس سیکرٹری (نام نہیں دیا گیا)",4,"140 155 156","141:140 157:154 157:155 157:156"
"شیلا رانی","کمال",4,"469 472 487 488","470:468 470:475 488:487 488:488"
"شیلا رانی","گدھے والا کمین",3,"175 176","173:177 174:177 175:177"
"شیلا رانی","گنجا فورمین",2,"388 391","390:386 390:392"
"شیلا رانی","گورنر بنگال",5,"159 160 162 163","157:161 158:161 159:161 164:161 164:163"
"شیلا رانی","ہری چند",2,"155 156","157:154 157:155"
"شیلا رانی","یونس",1,"388","390:387"
"شیلا رانی","یونین پریزیڈنٹ",1,"390","390:390"
"طلعت","عذرا",3,"191 212 213","191:191 213:212 213:213"
"طلعت","علی (نعیم کا بیٹا)",3,"189 190 213","191:188 191:190 213:214"
"طلعت","غیث",2,"191 213","191:191 213:214"
"طلعت","منو",1,"189","191:188"
"طلعت","نعیم",7,"188 189 191 212 213","191:186 191:187 191:188 191:192 213:211 213:212 213:213"
"طلعت","پرویز",3,"191 212 213","191:191 213:211 213:213"
"طلعت","کمال",1,"189","191:187"
"طلعت","گدھے والا کمین",1,"215","213:218"
"عائشہ (علی کی سہیلی → بعد میں بیوی)","عائشہ کی ماں (علی کی خالہ)",10,"241 242 243 257 258 259","241:242 242:242 243:242 243:243 244:243 255:259 256:259 257:259 258:259 259:259"
"عائشہ (علی کی سہیلی → بعد میں بیوی)","عذرا",24,"239 240 259 260 284 285 289 332 333 353 354 358 381 391 451 459 463 464 477 478","241:238 241:239 241:240 257:262 258:262 259:262 287:282 287:284 287:291 335:330 335:332 356:351 356:352 356:353 356:360 384:379 390:393 450:453 462:457 462:464 464:464 477:478 478:478 479:478"
"عائشہ (علی کی سہیلی → بعد میں بیوی)","علی (نعیم کا بیٹا)",53,"241 242 243 244 255 256 257 258 259 285 286 287 333 334 335 336 355 356 384 387 388 390 441 442 443 444 447 450 461 462 463 464 476 477 478 479","241:241 242:241 242:242 243:242 243:243 244:243 244:244 255:255 256:255 256:256 257:256 257:257 258:257 258:258 259:258 259:259 287:283 287:285 287:286 287:287 335:331 335:333 335:334 335:335 336:335 336:336 356:354 356:355 356:356 384:385 390:385 390:386 390:387 390:390 442:440 442:442 443:442 443:443 444:443 444:444 450:445 450:450 462:461 462:462 464:462 464:463 464:464 477:476 477:477 478:477 478:478 479:478 479:479"
"عائشہ (علی کی سہیلی → بعد میں بیوی)","عمران (ماسٹر ڈل)",3,"246 337 338","244:249 335:340 336:340"
"عائشہ (علی کی سہیلی → بعد میں بیوی)","فرحت",2,"332 440","335:330 442:438"
"عائشہ (علی کی سہیلی → بعد میں بیوی)","فرخندہ",1,"353","356:351"
"عائشہ (علی کی سہیلی → بعد میں بیوی)","فضل (فیکٹری مزدور)",5,"241 242 336","241:242 242:242 243:242 335:337 336:337"
"عائشہ (علی کی سہیلی → بعد میں بیوی)","فہمیدہ (نجمی/مجھی)",9,"333 381 391 439 440 451 479 480","335:332 384:379 390:393 442:437 442:438 450:453 477:482 478:482 479:482"
"عائشہ (علی کی سہیلی → بعد میں بیوی)","لال (ٹائم کیپر)",7,"256 257 258 261 287","255:258 256:258 257:258 258:258 259:258 259:263 287:287"
"عائشہ (علی کی سہیلی → بعد میں بیوی)","لیلی (رقاصہ)",1,"332","335:330"
"عائشہ (علی کی سہیلی → بعد میں بیوی)","محمد علی جناح",3,"285 286 452","287:283 287:285 450:454"
"عائشہ (علی کی سہیلی → بعد میں بیوی)","مدن رائے",4,"474 478 479","477:472 477:480 478:480 479:480"
"عائشہ (علی کی سہیلی → بعد میں بیوی)","مسعود",6,"439 440 479 480","442:437 442:438 442:439 477:481 478:481 479:481"
"عائشہ (علی کی سہیلی → بعد میں بیوی)","منشی (لگان والا)",1,"459","462:457"
"عائشہ (علی کی سہیلی → بعد میں بیوی)","منو",1,"353","356:351"
"عائشہ (علی کی سہیلی → بعد میں بیوی)","مولانا حسین احمد مدنی",1,"285","287:283"
"عائشہ (علی کی سہیلی → بعد میں بیوی)","مولانا شبیر احمد عثمانی",1,"285","287:283"
"عائشہ (علی کی سہیلی → بعد میں بیوی)","مولانا شوکت علی",1,"285","287:283"
"عائشہ (علی کی سہیلی → بعد میں بیوی)","مولانا محمد علی",2,"285 286","287:283 287:285"
"عائشہ (علی کی سہیلی → بعد میں بیوی)","مہندر (جیل اوورسیئر نمبر 19)",3,"246 260 261","244:249 258:263 259:263"
"عائشہ (علی کی سہیلی → بعد میں بیوی)","نعیم",48,"239 240 241 242 244 252 253 254 257 258 259 284 285 289 354 355 356 382 391 441 442 443 444 447 448 450 459 461 462 463 476 477 478 479","241:238 241:239 241:240 241:242 242:242 243:242 243:245 244:245 255:250 255:251 255:252 255:253 255:254 255:260 256:260 257:260 258:260 259:260 287:282 287:283 287:284 287:291 356:352 356:354 356:355 356:356 384:381 390:393 442:440 442:441 442:442 443:442 443:443 444:443 444:444 450:445 450:446 450:447 450:450 462:457 462:461 462:463 464:463 477:476 477:477 478:477 478:479 479:479"
"عائشہ (علی کی سہیلی → بعد میں بیوی)","نعیم اور عذرا کی بیٹی",3,"246 391 441","244:249 390:392 442:440"
"عائشہ (علی کی سہیلی → بعد میں بیوی)","نور دین",1,"466","464:468"
"عائشہ (علی کی سہیلی → بعد میں بیوی)","پرتاپے",1,"288","287:289"
"عائشہ (علی کی سہیلی → بعد میں بیوی)","پرنس آف ویلز",2,"240 333","241:240 335:332"
"عائشہ (علی کی سہیلی → بعد میں بیوی)","پروفیسر برمن",3,"439 440","442:437 442:438 442:439"
"عائشہ (علی کی سہیلی → بعد میں بیوی)","پرویز",7,"333 391 459 460 479 480","335:332 390:393 462:457 462:458 477:481 478:481 479:481"
"عائشہ (علی کی سہیلی → بعد میں بیوی)","چیف انجینئر (فیکٹری)",1,"334","335:334"
"عائشہ (علی کی سہیلی → بعد میں بیوی)","ڈاکٹر محمد اقبال",1,"285","287:283"
"عائشہ (علی کی سہیلی → بعد میں بیوی)","کانگریس سیکرٹری (نام نہیں دیا گیا)",1,"451","450:453"
"عائشہ (علی کی سہیلی → بعد میں بیوی)","کمال",5,"466 476 479 480","464:468 477:475 477:482 478:482 479:482"
"عائشہ (علی کی سہیلی → بعد میں بیوی)","گنجا علی بخش",4,"287 334 336 337","287:287 335:334 335:338 336:338"
"عائشہ (علی کی سہیلی → بعد میں بیوی)","گنجا فورمین",7,"334 336 337 383 384 388 391","335:334 335:338 336:338 384:383 384:384 390:386 390:392"
"عائشہ (علی کی سہیلی → بعد میں بیوی)","گورنر بنگال",2,"240 451","241:240 450:453"
"عائشہ (علی کی سہیلی → بعد میں بیوی)","یونس",2,"385 388","384:387 390:387"
"عائشہ (علی کی سہیلی → بعد میں بیوی)","یونین پریزیڈنٹ",1,"390","390:390"
"عائشہ کی ماں (علی کی خالہ)","عذرا",4,"240 241 260","242:238 242:239 242:240 259:262"
"عائشہ کی ماں (علی کی خالہ)","علی (نعیم کا بیٹا)",9,"241 242 243 257 258 259","242:241 242:242 243:242 243:243 259:255 259:256 259:257 259:258 259:259"
"عائشہ کی ماں (علی کی خالہ)","فضل (فیکٹری مزدور)",2,"242","242:242 243:242"
"عائشہ کی ماں (علی کی خالہ)","لال (ٹائم کیپر)",2,"258 261","259:258 259:263"
"عائشہ کی ماں (علی کی خالہ)","مہندر (جیل اوورسیئر نمبر 19)",1,"261","259:263"
"عائشہ کی ماں (علی کی خالہ)","نعیم",8,"240 241 242 244 256 259","242:238 242:239 242:240 242:242 243:242 243:245 259:254 259:260"
"عائشہ کی ماں (علی کی خالہ)","پرنس آف ویلز",1,"241","242:240"
"عائشہ کی ماں (علی کی خالہ)","گورنر بنگال",1,"241","242:240"
"عذرا","علی (نعیم کا بیٹا)",110,"8 10 11 12 15 16 17 25 26 39 40 189 190 196 197 200 201 213 215 239 240 259 260 267 268 271 280 281 282 283 284 288 289 290 291 292 293 295 296 297 322 329 330 331 332 343 344 345 346 351 352 353 357 358 359 391 392 397 398 399 413 414 416 417 451 452 453 454 455 458 459 462 463 464 477 478 486 489 490","6:11 9:11 10:11 12:11 12:13 18:13 18:14 18:15 18:17 24:27 25:27 26:27 37:42 38:42 39:42 191:188 191:190 194:199 195:199 201:199 201:200 201:201 202:201 212:214 213:214 216:214 238:241 239:241 240:241 262:257 262:258 262:259 265:270 266:270 267:270 273:270 278:283 280:283 281:283 282:283 284:283 284:285 291:286 291:287 291:288 291:289 291:290 291:292 293:292 293:293 297:293 297:294 297:295 297:296 297:297 298:297 325:320 327:331 330:331 332:331 332:333 346:341 346:342 346:343 346:344 346:345 346:346 347:346 349:354 350:354 351:354 352:354 353:354 360:355 360:356 360:357 360:358 360:359 393:390 393:392 395:400 396:400 397:400 398:400 399:400 415:411 415:413 415:414 415:417 416:417 417:417 418:417 453:450 453:452 453:453 456:453 456:454 456:461 457:461 464:461 464:462 464:463 464:464 478:476 478:477 478:478 486:487 491:487 491:488 491:489"
"عذرا","عمران (ماسٹر ڈل)",21,"323 324 325 326 327 328 361 362 364 366 367 369 486 488 492 493 494","325:322 325:323 325:324 325:325 327:325 327:326 327:327 330:327 360:362 363:362 363:365 367:365 367:366 367:368 371:368 486:486 491:486 491:493 492:493 493:493 496:493"
"عذرا","غیث",6,"171 191 192 213 215","170:172 191:191 193:191 212:214 213:214 216:214"
"عذرا","فرحت",10,"264 265 266 267 325 326 328 330 331","262:267 263:267 265:267 266:267 267:267 325:325 327:325 327:330 330:330 332:330"
"عذرا","فرخندہ",7,"348 349 350 351","346:351 347:351 348:351 349:351 350:351 351:351 352:351"
"عذرا","فضل (فیکٹری مزدور)",4,"240 241 334","238:242 239:242 240:242 332:337"
"عذرا","فہمیدہ (نجمی/مجھی)",51,"19 20 324 325 326 327 328 331 332 361 362 363 365 366 367 369 370 371 372 376 378 379 393 425 426 427 428 453 454 456 480 484 485 488 491 492 493 494","18:20 21:20 325:323 325:324 325:325 327:325 327:326 327:327 330:327 330:332 332:332 360:362 363:362 363:363 367:363 367:364 367:365 367:366 367:367 371:367 371:368 371:369 371:370 371:372 373:372 374:379 377:379 378:379 379:379 393:393 394:393 427:424 427:425 427:426 427:427 428:427 428:428 429:428 453:453 456:453 456:456 457:456 478:482 486:482 486:485 486:491 491:491 492:491 492:493 493:493 496:493"
"عذرا","قیدی نمبر 17",4,"267 268 271","265:269 266:269 267:269 273:269"
"عذرا","لال (ٹائم کیپر)",24,"6 7 9 26 27 31 202 203 260 262 263 264 266 267 284 285 289 487 489","4:9 6:9 9:9 10:9 24:29 25:29 26:29 33:29 201:203 202:203 203:203 204:203 262:258 262:263 263:263 265:263 265:267 266:267 267:267 282:287 284:287 291:287 486:488 491:488"
"عذرا","لیلی (رقاصہ)",5,"324 327 328 330 331","325:324 325:330 327:330 330:330 332:330"
"عذرا","محمد علی جناح",8,"280 281 282 283 284 453 455","278:283 280:283 281:283 282:283 284:283 284:285 453:454 456:454"
"عذرا","مدن رائے",3,"151 152 479","154:149 154:150 478:480"
"عذرا","مسعود",13,"425 426 479 483 484 485 492 493 495","427:424 427:425 427:426 478:481 486:481 486:482 486:483 486:484 486:485 491:494 492:494 493:494 496:494"
"عذرا","مل کا مالک",6,"397 398 399 414","395:400 396:400 397:400 398:400 399:400 415:413"
"عذرا","منشی (لگان والا)",8,"41 197 200 346 455 456 457","39:44 195:200 201:200 346:346 347:346 453:457 456:457 457:457"
"عذرا","منو",8,"189 348 349 350 351","191:188 346:351 347:351 348:351 349:351 350:351 351:351 352:351"
"عذرا","مولانا حسین احمد مدنی",5,"280 281 282 283","278:283 280:283 281:283 282:283 284:283"
"عذرا","مولانا شبیر احمد عثمانی",5,"280 281 282 283","278:283 280:283 281:283 282:283 284:283"
"عذرا","مولانا شوکت علی",5,"280 281 282 283","278:283 280:283 281:283 282:283 284:283"
"عذرا","مولانا محمد علی",6,"280 281 282 283 284","278:283 280:283 281:283 282:283 284:283 284:285"
"عذرا","مہندر (جیل اوورسیئر نمبر 19)",14,"195 196 199 262 263 264 265 266 267 270 271 272","193:197 194:197 195:197 201:197 262:263 263:263 265:263 265:265 266:265 266:267 267:267 273:268 273:269 273:272"
"عذرا","نعیم",238,"1 2 3 4 5 7 8 9 10 11 12 17 18 19 21 22 23 24 25 26 30 31 32 33 34 35 36 37 38 39 152 153 154 167 168 169 170 188 189 191 192 194 195 198 199 200 201 202 203 204 205 208 211 212 213 214 215 216 217 218 219 220 222 223 224 225 226 227 228 229 230 231 232 238 239 240 261 262 263 264 265 266 267 270 271 272 274 276 277 278 279 280 281 282 283 284 291 292 293 295 296 297 298 299 346 347 348 349 351 352 353 357 358 360 362 365 367 369 372 373 374 375 376 377 379 380 393 394 395 396 397 398 399 412 415 416 417 418 426 427 428 429 451 452 453 454 455 456 457 462 463 477 478 485 486 488 493 494 496","1:1 2:1 2:2 3:2 3:3 4:3 4:4 6:4 6:5 6:8 9:8 9:9 10:9 10:10 12:10 12:12 18:17 18:18 21:18 21:21 24:21 24:22 24:23 24:24 25:24 25:25 26:25 26:26 33:28 33:29 33:30 33:31 33:32 33:33 34:33 34:34 35:34 35:35 36:35 36:36 37:36 37:37 38:37 38:38 39:38 39:39 154:150 154:151 154:152 154:154 170:165 170:166 170:167 170:168 170:169 170:170 191:186 191:187 191:188 191:192 193:192 193:196 194:196 195:196 201:196 201:197 201:198 201:199 201:200 201:201 202:201 202:202 203:202 203:203 204:203 204:204 205:204 205:205 206:205 206:211 212:211 212:212 213:212 213:213 216:213 216:214 216:215 216:216 217:216 217:217 218:217 218:219 219:219 222:219 222:222 223:222 223:223 226:223 226:224 226:225 226:226 227:226 227:227 228:227 228:228 229:228 229:229 230:229 230:230 232:230 232:232 238:238 239:238 239:239 240:239 240:240 262:260 262:261 262:262 263:262 263:263 265:263 265:265 266:265 266:266 267:266 267:268 273:268 273:269 273:272 273:276 276:276 277:276 277:278 278:278 280:278 280:279 280:280 281:280 281:281 282:281 282:282 284:282 284:283 284:284 291:291 293:291 293:292 293:293 297:293 297:294 297:295 297:296 297:297 298:297 298:298 299:298 299:299 346:346 347:346 347:347 348:347 348:348 349:348 349:349 350:349 350:352 351:352 352:352 353:352 353:354 360:355 360:356 360:361 363:361 363:367 367:367 371:367 371:368 371:373 373:373 374:373 374:374 377:374 377:375 377:376 377:377 378:377 378:381 379:381 393:393 394:393 394:394 395:394 395:395 396:395 396:396 397:396 397:397 398:397 398:398 399:398 399:399 415:410 415:415 416:415 416:416 417:416 417:417 418:417 418:419 427:426 427:427 428:427 428:428 429:428 429:429 453:450 453:451 453:453 456:453 456:454 456:455 456:456 457:456 457:457 464:461 464:463 478:476 478:477 478:479 486:484 486:486 491:486 491:496 492:496 493:496 496:496"
"عذرا","نعیم اور عذرا کی بیٹی",15,"19 21 22 219 220 222 230 231 232 235 344 392","18:21 21:21 24:21 217:222 218:222 219:222 222:222 223:222 228:233 229:233 230:233 232:233 238:233 346:342 393:392"
"عذرا","نور دین",4,"466 486 489 490","464:468 486:487 491:487 491:489"
"عذرا","نوری",4,"325 326 486 488","325:325 327:325 486:486 491:486"
"عذرا","وزیر خان",2,"300 301","298:303 299:303"
"عذرا","پرتاپے",2,"286 290","284:289 291:289"
"عذرا","پرنس آف ویلز",21,"224 226 227 229 230 231 232 239 240 295 297 298 329 331 332","222:226 223:226 226:226 227:226 227:227 228:227 228:230 229:230 230:230 232:230 232:232 238:240 239:240 240:240 293:298 297:298 298:298 299:298 327:332 330:332 332:332"
"عذرا","پروفیسر اقبال سنگھ",2,"273 275","273:274 276:274"
"عذرا","پروفیسر برمن",4,"362 363 365 425","360:364 363:364 367:364 427:424"
"عذرا","پرویز",86,"1 6 7 9 10 11 18 19 21 22 24 25 26 33 34 35 36 38 39 171 191 192 208 211 212 213 214 215 217 218 219 220 263 264 265 266 273 274 276 277 323 329 331 332 364 366 367 369 370 393 394 395 454 456 457 479 483 485 486 488 490 491 492 493 494 495","1:1 2:1 4:9 6:9 9:9 10:9 10:10 12:10 18:18 21:18 21:21 24:21 24:24 25:24 25:26 26:26 33:33 34:33 34:34 35:34 35:35 36:35 36:36 37:36 37:39 38:39 39:39 170:172 191:191 193:191 206:211 212:211 212:213 213:213 216:213 216:214 216:215 216:219 217:219 218:219 219:219 222:219 262:265 263:265 265:265 266:265 266:266 267:266 273:273 276:273 276:277 277:277 278:277 325:322 327:332 330:332 332:332 363:366 367:366 367:367 371:367 371:368 371:369 393:393 394:393 394:394 395:394 395:395 396:395 453:456 456:456 457:456 457:457 478:481 486:481 486:485 486:486 491:486 491:490 491:491 492:491 492:492 493:492 493:493 496:493 496:494"
"عذرا","چیف انجینئر (فیکٹری)",9,"332 333 397 398 399 414","330:334 332:334 395:400 396:400 397:400 398:400 399:400 415:413 415:414"
"عذرا","ڈاکٹر امبید کر",2,"273 275","273:274 276:274"
"عذرا","ڈاکٹر انصاری",15,"218 219 220 221 222 372 373 374 375 376 377 378","216:221 217:221 218:221 219:221 222:221 222:222 223:222 371:374 373:374 374:374 377:374 377:376 377:378 378:378 379:378"
"عذرا","ڈاکٹر محمد اقبال",5,"280 281 282 283","278:283 280:283 281:283 282:283 284:283"
"عذرا","کانگریس سیکرٹری (نام نہیں دیا گیا)",16,"2 3 4 5 154 415 417 418 453 454 455","1:3 2:3 3:3 4:3 4:4 6:4 6:5 154:154 415:415 416:415 416:419 417:419 418:419 453:453 456:453 456:455"
"عذرا","کمال",18,"14 17 189 344 397 398 399 430 431 466 476 480 484 486 489","12:17 18:17 191:187 346:343 395:400 396:400 397:400 398:400 399:400 428:433 429:433 464:468 478:475 478:482 486:482 486:487 491:487 491:488"
"عذرا","کھدر پوش لیڈر (کلکتہ)",6,"228 229 230 231","226:230 227:230 228:230 229:230 230:230 232:230"
"عذرا","کیپٹن وڈ",3,"299 300","297:302 298:302 299:302"
"عذرا","گدھے والا کمین",20,"26 27 31 38 39 40 197 200 215 217 218 267 268 271 345","24:29 25:29 26:29 33:29 36:41 37:41 38:41 39:41 195:200 201:200 213:218 216:218 217:218 218:218 219:218 265:270 266:270 267:270 273:270 346:344"
"عذرا","گنجا علی بخش",5,"284 285 289 332 333","282:287 284:287 291:287 330:334 332:334"
"عذرا","گنجا فورمین",13,"332 333 380 381 392 397 398 399 413 414","330:334 332:334 378:383 379:383 393:392 395:400 396:400 397:400 398:400 399:400 415:411 415:413 415:414"
"عذرا","گورنر بنگال",11,"229 230 231 232 239 240 426 453 454","227:232 228:232 229:232 230:232 232:232 238:240 239:240 240:240 427:425 453:453 456:453"
"عذرا","ہری چند",1,"154","154:154"
"عذرا","یونین پریزیڈنٹ",1,"391","393:390"
"علی (نعیم کا بیٹا)","عمران (ماسٹر ڈل)",17,"246 249 321 328 329 337 338 339 340 359 360 486 490 491","244:249 249:249 320:322 331:326 331:327 335:340 336:340 337:340 338:340 339:340 341:340 357:362 358:362 359:362 487:486 488:493 489:493"
"علی (نعیم کا بیٹا)","غیث",3,"189 190 214","188:191 190:191 214:214"
"علی (نعیم کا بیٹا)","فرحت",4,"268 322 330 439","270:267 320:325 331:330 440:438"
"علی (نعیم کا بیٹا)","فرخندہ",2,"348 352","346:351 354:351"
"علی (نعیم کا بیٹا)","فضل (فیکٹری مزدور)",12,"241 242 335 336 337 338 339 340","241:242 242:242 243:242 333:337 334:337 335:337 336:337 337:337 338:337 338:339 339:339 341:339"
"علی (نعیم کا بیٹا)","فہمیدہ (نجمی/مجھی)",30,"17 18 321 328 329 331 332 359 360 391 392 437 438 439 451 452 453 455 458 479 480 484 486 489 490","15:20 17:20 320:323 331:326 331:327 331:332 333:332 357:362 358:362 359:362 390:393 392:393 440:435 440:436 440:437 440:438 450:453 452:453 453:453 454:453 454:456 461:456 477:482 478:482 479:482 487:482 487:485 487:491 488:491 489:491"
"علی (نعیم کا بیٹا)","قیدی نمبر 17",1,"269","270:269"
"علی (نعیم کا بیٹا)","لال (ٹائم کیپر)",26,"10 28 64 201 202 256 257 258 261 268 285 286 287 310 311 314 318 487 488","11:9 27:29 65:63 199:203 200:203 201:203 255:258 256:258 257:258 258:258 259:258 259:263 270:267 283:287 285:287 286:287 287:287 288:287 309:311 310:311 312:311 312:316 320:316 487:488 488:488 489:488"
"علی (نعیم کا بیٹا)","لیلی (رقاصہ)",5,"312 313 317 322 330","310:315 312:315 320:315 320:324 331:330"
"علی (نعیم کا بیٹا)","محمد علی جناح",8,"283 284 285 452 453 454","283:283 285:283 285:285 286:285 450:454 452:454 453:454 454:454"
"علی (نعیم کا بیٹا)","مدن رائے",8,"469 470 474 478 479","467:472 468:472 469:472 476:472 476:480 477:480 478:480 479:480"
"علی (نعیم کا بیٹا)","مسعود",13,"437 438 439 478 479 480 484 485 486 491","440:435 440:437 440:438 440:439 476:481 477:481 478:481 479:481 487:482 487:483 487:484 487:485 489:494"
"علی (نعیم کا بیٹا)","مل کا مالک",4,"400 412 413","400:400 411:413 413:413 414:413"
"علی (نعیم کا بیٹا)","منشی (لگان والا)",18,"43 46 47 125 199 200 343 344 345 346 454 455 459","42:44 43:44 48:44 48:47 125:125 199:200 200:200 201:200 341:346 342:346 343:346 344:346 345:346 346:346 452:457 453:457 454:457 461:457"
"علی (نعیم کا بیٹا)","منو",5,"186 188 189 348 352","185:188 188:188 190:188 346:351 354:351"
"علی (نعیم کا بیٹا)","مولانا حسین احمد مدنی",2,"283 284","283:283 285:283"
"علی (نعیم کا بیٹا)","مولانا شبیر احمد عثمانی",2,"283 284","283:283 285:283"
"علی (نعیم کا بیٹا)","مولانا شوکت علی",2,"283 284","283:283 285:283"
"علی (نعیم کا بیٹا)","مولانا محمد علی",4,"283 284 285","283:283 285:283 285:285 286:285"
"علی (نعیم کا بیٹا)","مہندر (جیل اوورسیئر نمبر 19)",22,"43 44 46 47 48 62 63 101 103 104 127 198 246 249 260 261 267 268 269 271","42:45 43:45 48:45 48:46 48:47 48:48 65:60 65:61 100:103 104:103 104:104 125:130 199:197 244:249 249:249 258:263 259:263 270:265 270:267 270:268 270:269 270:272"
"علی (نعیم کا بیٹا)","نعیم",210,"9 10 11 12 15 16 17 24 25 26 27 39 40 41 42 43 45 46 47 48 62 63 65 90 91 92 93 98 99 100 102 103 104 124 125 183 184 185 186 187 188 189 191 197 198 199 200 201 212 213 214 239 240 241 242 244 247 248 249 252 253 254 257 258 259 267 268 269 271 280 281 282 283 284 288 289 290 291 292 293 294 295 296 297 310 311 312 317 318 319 343 344 345 346 351 353 354 355 356 359 360 383 391 392 397 398 399 400 409 410 413 414 416 417 437 440 441 442 443 444 445 447 448 450 451 452 453 454 458 459 461 462 463 468 469 470 473 476 477 478 479 485 486","11:8 11:9 11:10 11:12 13:12 13:17 14:17 15:17 17:17 27:22 27:23 27:24 27:25 27:26 27:27 42:37 42:38 42:39 42:40 42:41 42:42 43:42 43:43 48:43 48:44 48:46 48:47 48:48 65:60 65:61 65:65 93:88 93:89 93:90 93:91 93:92 93:94 100:96 100:97 100:98 100:100 104:100 104:101 104:102 104:103 104:104 125:124 125:125 185:181 185:182 185:183 185:184 185:185 188:185 188:186 188:187 188:188 190:188 190:192 199:196 199:197 199:198 199:199 200:199 200:200 201:200 201:201 214:211 214:212 214:213 214:214 241:238 241:239 241:240 241:242 242:242 243:242 243:245 244:245 249:245 249:246 249:247 249:248 249:249 255:250 255:251 255:252 255:253 255:254 255:260 256:260 257:260 258:260 259:260 270:265 270:266 270:268 270:269 270:272 283:278 283:279 283:280 283:281 283:282 283:283 285:283 285:284 286:291 287:291 288:291 289:291 290:291 292:291 292:292 293:292 293:293 294:293 294:294 295:294 295:295 296:295 296:296 297:296 297:297 309:311 310:311 312:311 312:313 320:315 320:316 320:317 320:318 320:319 341:346 342:346 343:346 344:346 345:346 346:346 354:349 354:352 354:354 355:354 355:355 356:355 356:356 357:356 357:361 358:361 359:361 385:381 390:393 392:393 400:395 400:396 400:397 400:398 400:399 400:401 411:407 411:408 411:409 411:410 411:415 413:415 414:415 417:415 417:416 417:417 440:435 440:440 442:440 442:441 442:442 443:442 443:443 444:443 444:444 445:444 445:445 450:445 450:446 450:447 450:450 452:450 452:451 452:453 453:453 454:453 454:454 461:456 461:457 461:461 462:461 462:463 463:463 464:463 466:471 467:471 468:471 469:471 476:471 476:476 477:476 477:477 478:477 478:479 479:479 487:484 487:486"
"علی (نعیم کا بیٹا)","نعیم اور عذرا کی بیٹی",17,"19 246 249 309 310 311 339 340 341 342 389 391 392 440 441","17:21 244:249 249:249 309:310 310:310 312:310 337:342 338:342 339:342 341:342 342:342 343:342 387:392 390:392 392:392 440:440 442:440"
"علی (نعیم کا بیٹا)","نور دین",11,"465 466 467 468 469 487 488 489","463:468 464:468 466:468 467:468 468:468 469:468 469:469 487:487 488:487 488:489 489:489"
"علی (نعیم کا بیٹا)","نوری",2,"322 486","320:325 487:486"
"علی (نعیم کا بیٹا)","وزیر خان",4,"311 312 319","309:313 310:313 312:313 320:318"
"علی (نعیم کا بیٹا)","پرتاپے",6,"287 288 289","285:289 286:289 287:289 288:289 289:289 290:289"
"علی (نعیم کا بیٹا)","پرنس آف ویلز",8,"240 295 296 297 331 332","241:240 293:298 294:298 295:298 296:298 297:298 331:332 333:332"
"علی (نعیم کا بیٹا)","پروفیسر اقبال سنگھ",1,"272","270:274"
"علی (نعیم کا بیٹا)","پروفیسر برمن",5,"361 437 438 439","359:364 440:435 440:437 440:438 440:439"
"علی (نعیم کا بیٹا)","پرویز",38,"10 15 16 17 25 26 40 189 190 212 213 214 267 268 271 321 331 332 391 392 397 454 455 458 459 478 479 480 486 488 489","11:9 11:10 13:18 14:18 15:18 17:18 27:24 27:26 42:39 188:191 190:191 214:211 214:213 214:214 270:265 270:266 270:273 320:322 331:332 333:332 390:393 392:393 400:395 452:456 453:456 454:456 461:456 461:457 461:458 476:481 477:481 478:481 479:481 487:485 487:486 487:490 488:490 489:490"
"علی (نعیم کا بیٹا)","چیف انجینئر (فیکٹری)",10,"332 333 334 400 412 413 414 415","331:334 333:334 334:334 335:334 400:400 411:413 413:413 414:413 414:414 417:414"
"علی (نعیم کا بیٹا)","ڈاکٹر امبید کر",1,"272","270:274"
"علی (نعیم کا بیٹا)","ڈاکٹر محمد اقبال",2,"283 284","283:283 285:283"
"علی (نعیم کا بیٹا)","کانگریس سیکرٹری (نام نہیں دیا گیا)",10,"413 414 416 418 451 452 453 454","411:415 413:415 414:415 417:415 417:419 450:453 452:453 453:453 454:453 454:455"
"علی (نعیم کا بیٹا)","کمال",28,"15 16 17 186 187 340 341 342 343 400 465 466 467 468 475 479 480 484 487 488","13:17 14:17 15:17 17:17 185:187 188:187 338:343 339:343 341:343 342:343 343:343 344:343 400:400 463:468 464:468 466:468 467:468 468:468 469:468 476:475 477:482 478:482 479:482 487:482 487:487 488:487 488:488 489:488"
"علی (نعیم کا بیٹا)","کیپٹن وڈ",1,"299","297:302"
"علی (نعیم کا بیٹا)","گدھے والا کمین",16,"28 41 43 46 199 200 216 270 341 342 343 344","27:29 42:41 42:44 43:44 48:44 199:200 200:200 201:200 214:218 270:270 339:344 341:344 342:344 343:344 344:344 345:344"
"علی (نعیم کا بیٹا)","گنجا علی بخش",14,"285 286 287 332 333 334 336 337 338","283:287 285:287 286:287 287:287 288:287 331:334 333:334 334:334 335:334 335:338 336:338 337:338 338:338 339:338"
"علی (نعیم کا بیٹا)","گنجا فورمین",24,"332 333 334 336 337 338 384 385 386 389 391 392 400 411 412 413 414 415","331:334 333:334 334:334 335:334 335:338 336:338 337:338 338:338 339:338 385:383 385:384 385:386 386:386 387:386 387:392 390:392 392:392 400:400 411:411 413:411 413:413 414:413 414:414 417:414"
"علی (نعیم کا بیٹا)","گورنر بنگال",5,"240 451 452 453","241:240 450:453 452:453 453:453 454:453"
"علی (نعیم کا بیٹا)","یونس",4,"386 387 388","385:387 386:387 387:387 390:387"
"علی (نعیم کا بیٹا)","یونین پریزیڈنٹ",5,"387 388 390 391","385:390 386:390 387:390 390:390 392:390"
"عمران (ماسٹر ڈل)","فرحت",7,"323 324 325 328","322:325 323:325 324:325 325:325 326:325 326:330 327:330"
"عمران (ماسٹر ڈل)","فضل (فیکٹری مزدور)",2,"338 339","340:337 340:339"
"عمران (ماسٹر ڈل)","فہمیدہ (نجمی/مجھی)",25,"322 323 324 325 326 327 362 363 364 365 366 367 368 484 485 488 492 493","322:323 323:323 324:323 324:324 325:324 325:325 326:325 326:326 327:326 327:327 362:362 365:362 365:363 365:364 365:365 366:365 366:366 368:366 368:367 368:368 486:482 486:485 486:491 493:491 493:493"
"عمران (ماسٹر ڈل)","لال (ٹائم کیپر)",2,"487 490","486:488 493:488"
"عمران (ماسٹر ڈل)","لیلی (رقاصہ)",7,"323 324 327 328","322:324 323:324 324:324 325:324 325:330 326:330 327:330"
"عمران (ماسٹر ڈل)","مسعود",6,"483 484 485 493","486:481 486:482 486:483 486:484 486:485 493:494"
"عمران (ماسٹر ڈل)","مہندر (جیل اوورسیئر نمبر 19)",1,"249","249:249"
"عمران (ماسٹر ڈل)","نعیم",17,"247 248 249 319 320 361 364 366 367 368 485 486 494","249:245 249:246 249:247 249:248 249:249 322:317 322:318 322:319 362:361 362:367 365:367 366:367 368:367 368:368 486:484 486:486 493:496"
"عمران (ماسٹر ڈل)","نعیم اور عذرا کی بیٹی",2,"249 341","249:249 340:342"
"عمران (ماسٹر ڈل)","نور دین",2,"486 491","486:487 493:489"
"عمران (ماسٹر ڈل)","نوری",6,"323 324 325 486","322:325 323:325 324:325 325:325 326:325 486:486"
"عمران (ماسٹر ڈل)","وزیر خان",1,"320","322:318"
"عمران (ماسٹر ڈل)","پرنس آف ویلز",1,"329","327:332"
"عمران (ماسٹر ڈل)","پروفیسر برمن",2,"363 364","362:364 365:364"
"عمران (ماسٹر ڈل)","پرویز",16,"322 329 364 365 366 367 368 483 485 486 491 492 493","322:322 323:322 327:332 362:366 365:366 366:366 368:366 368:367 368:368 486:481 486:485 486:486 493:490 493:491 493:492 493:493"
"عمران (ماسٹر ڈل)","کمال",4,"341 484 486 490","340:343 486:482 486:487 493:488"
"عمران (ماسٹر ڈل)","گدھے والا کمین",1,"342","340:344"
"عمران (ماسٹر ڈل)","گنجا علی بخش",1,"339","340:338"
"عمران (ماسٹر ڈل)","گنجا فورمین",1,"339","340:338"
"غیث","منو",1,"189","191:188"
"غیث","نعیم",14,"169 170 171 172 188 189 191 212 213 214","172:167 172:168 172:169 172:170 172:171 172:173 191:186 191:187 191:188 191:192 214:211 214:212 214:213 214:214"
"غیث","پرویز",5,"172 191 212 213 214","172:172 191:191 214:211 214:213 214:214"
"غیث","کمال",1,"189","191:187"
"غیث","گدھے والا کمین",2,"174 216","172:177 214:218"
"فرحت","فہمیدہ (نجمی/مجھی)",11,"324 325 327 328 331 436 437 438","325:323 325:324 325:325 330:325 330:326 330:327 330:332 438:435 438:436 438:437 438:438"
"فرحت","قیدی نمبر 17",1,"268","267:269"
"فرحت","لال (ٹائم کیپر)",2,"265 267","267:263 267:267"
"فرحت","لیلی (رقاصہ)",3,"324 327 330","325:324 325:330 330:330"
"فرحت","مسعود",3,"436 437 438","438:435 438:437 438:438"
"فرحت","مہندر (جیل اوورسیئر نمبر 19)",3,"265 266 267","267:263 267:265 267:267"
"فرحت","نعیم",8,"264 265 266 267 436 439","267:262 267:263 267:265 267:266 267:268 438:434 438:435 438:440"
"فرحت","نعیم اور عذرا کی بیٹی",1,"439","438:440"
"فرحت","نوری",2,"325 327","325:325 330:325"
"فرحت","پرنس آف ویلز",1,"331","330:332"
"فرحت","پروفیسر برمن",3,"436 437 438","438:435 438:437 438:438"
"فرحت","پرویز",4,"266 323 331","267:265 267:266 325:322 330:332"
"فرحت","چیف انجینئر (فیکٹری)",1,"332","330:334"
"فرحت","کمال",1,"435","438:433"
"فرحت","گدھے والا کمین",1,"268","267:270"
"فرحت","گنجا علی بخش",1,"332","330:334"
"فرحت","گنجا فورمین",1,"332","330:334"
"فرخندہ","منشی (لگان والا)",1,"348","351:346"
"فرخندہ","منو",1,"351","351:351"
"فرخندہ","نعیم",5,"348 349 350 351","351:346 351:347 351:348 351:349 351:352"
"فضل (فیکٹری مزدور)","فہمیدہ (نجمی/مجھی)",1,"334","337:332"
"فضل (فیکٹری مزدور)","نعیم",4,"240 241 242","242:238 242:239 242:240 242:242"
"فضل (فیکٹری مزدور)","نعیم اور عذرا کی بیٹی",2,"339 340","337:342 339:342"
"فضل (فیکٹری مزدور)","پرنس آف ویلز",2,"241 334","242:240 337:332"
"فضل (فیکٹری مزدور)","پرویز",1,"334","337:332"
"فضل (فیکٹری مزدور)","چیف انجینئر (فیکٹری)",1,"335","337:334"
"فضل (فیکٹری مزدور)","کمال",1,"341","339:343"
"فضل (فیکٹری مزدور)","گدھے والا کمین",1,"341","339:344"
"فضل (فیکٹری مزدور)","گنجا علی بخش",3,"335 337 338","337:334 337:338 339:338"
"فضل (فیکٹری مزدور)","گنجا فورمین",3,"335 337 338","337:334 337:338 339:338"
"فضل (فیکٹری مزدور)","گورنر بنگال",1,"241","242:240"
"فہمیدہ (نجمی/مجھی)","لال (ٹائم کیپر)",2,"486 489","485:488 491:488"
"فہمیدہ (نجمی/مجھی)","لیلی (رقاصہ)",7,"323 324 327 328 331","323:324 324:324 325:324 325:330 326:330 327:330 332:330"
"فہمیدہ (نجمی/مجھی)","محمد علی جناح",2,"453 455","453:454 456:454"
"فہمیدہ (نجمی/مجھی)","مدن رائے",1,"481","482:480"
"فہمیدہ (نجمی/مجھی)","مسعود",20,"424 425 426 435 436 437 438 481 482 483 484 485 492 493","424:424 425:424 425:425 426:425 426:426 427:426 435:435 436:435 436:437 437:437 438:437 438:438 482:481 482:482 485:482 485:483 485:484 485:485 491:494 493:494"
"فہمیدہ (نجمی/مجھی)","منشی (لگان والا)",2,"455 456","453:457 456:457"
"فہمیدہ (نجمی/مجھی)","نعیم",56,"18 19 20 320 321 361 364 365 366 367 368 371 372 376 377 378 380 393 421 425 426 427 428 432 433 434 435 438 439 451 452 453 454 455 456 479 480 483 484 485 488 493 494","20:17 20:18 20:21 323:318 323:319 362:361 362:367 363:367 364:367 365:367 366:367 367:367 368:367 368:368 369:368 369:373 370:373 372:373 379:374 379:375 379:376 379:377 379:381 393:393 424:419 424:426 425:426 426:426 427:426 427:427 428:427 428:428 435:430 435:431 435:432 435:434 435:435 436:435 436:440 437:440 438:440 453:450 453:451 453:453 456:453 456:454 456:455 456:456 482:477 482:479 482:484 485:484 485:486 491:486 491:496 493:496"
"فہمیدہ (نجمی/مجھی)","نعیم اور عذرا کی بیٹی",6,"20 392 437 438 439","20:21 393:392 435:440 436:440 437:440 438:440"
"فہمیدہ (نجمی/مجھی)","نور دین",4,"484 486 489 490","482:487 485:487 491:487 491:489"
"فہمیدہ (نجمی/مجھی)","نوری",7,"324 325 484 485 488","323:325 324:325 325:325 326:325 482:486 485:486 491:486"
"فہمیدہ (نجمی/مجھی)","وزیر خان",1,"320","323:318"
"فہمیدہ (نجمی/مجھی)","پرنس آف ویلز",2,"329 332","327:332 332:332"
"فہمیدہ (نجمی/مجھی)","پروفیسر برمن",12,"363 364 424 435 436 437 438","362:364 363:364 364:364 365:364 424:424 425:424 435:435 436:435 436:437 437:437 438:437 438:438"
"فہمیدہ (نجمی/مجھی)","پرویز",29,"19 20 322 329 332 364 365 366 367 368 369 393 454 456 481 483 485 488 490 491 492 493","20:18 20:21 323:322 327:332 332:332 362:366 363:366 364:366 365:366 366:366 367:366 367:367 368:367 368:368 369:368 369:369 370:369 393:393 453:456 456:456 482:481 482:485 485:485 491:486 491:490 491:491 493:491 493:492 493:493"
"فہمیدہ (نجمی/مجھی)","چیف انجینئر (فیکٹری)",1,"333","332:334"
"فہمیدہ (نجمی/مجھی)","ڈاکٹر انصاری",6,"371 372 373 376 377 378","369:374 370:374 372:374 379:374 379:376 379:378"
"فہمیدہ (نجمی/مجھی)","کانگریس سیکرٹری (نام نہیں دیا گیا)",4,"421 453 454 455","424:419 453:453 456:453 456:455"
"فہمیدہ (نجمی/مجھی)","کمال",8,"18 430 434 482 483 486 489","20:17 428:433 435:433 482:482 485:482 485:487 491:487 491:488"
"فہمیدہ (نجمی/مجھی)","گنجا علی بخش",1,"333","332:334"
"فہمیدہ (نجمی/مجھی)","گنجا فورمین",3,"333 381 392","332:334 379:383 393:392"
"فہمیدہ (نجمی/مجھی)","گورنر بنگال",5,"424 425 453 454","424:425 425:425 426:425 453:453 456:453"
"فہمیدہ (نجمی/مجھی)","یونین پریزیڈنٹ",1,"391","393:390"
"قیدی نمبر 17","لال (ٹائم کیپر)",1,"268","269:267"
"قیدی نمبر 17","مہندر (جیل اوورسیئر نمبر 19)",4,"267 268 269","269:265 269:267 269:268 269:269"
"قیدی نمبر 17","نعیم",4,"267 268 269","269:265 269:266 269:268 269:269"
"قیدی نمبر 17","پروفیسر اقبال سنگھ",1,"271","269:274"
"قیدی نمبر 17","پرویز",3,"267 271","269:265 269:266 269:273"
"قیدی نمبر 17","ڈاکٹر امبید کر",1,"271","269:274"
"قیدی نمبر 17","گدھے والا کمین",1,"269","269:270"
"لال (ٹائم کیپر)","لیلی (رقاصہ)",2,"313 315","311:315 316:315"
"لال (ٹائم کیپر)","محمد علی جناح",2,"285 286","287:283 287:285"
"لال (ٹائم کیپر)","مسعود",3,"485 486","488:483 488:484 488:485"
"لال (ٹائم کیپر)","منشی (لگان والا)",1,"201","203:200"
"لال (ٹائم کیپر)","مولانا حسین احمد مدنی",1,"285","287:283"
"لال (ٹائم کیپر)","مولانا شبیر احمد عثمانی",1,"285","287:283"
"لال (ٹائم کیپر)","مولانا شوکت علی",1,"285","287:283"
"لال (ٹائم کیپر)","مولانا محمد علی",2,"285 286","287:283 287:285"
"لال (ٹائم کیپر)","مہندر (جیل اوورسیئر نمبر 19)",13,"61 62 75 76 77 78 260 263 265 266 267","63:60 63:61 78:73 78:74 78:75 78:76 78:77 78:78 258:263 263:263 267:263 267:265 267:267"
"لال (ٹائم کیپر)","نعیم",45,"6 7 8 9 26 27 28 29 60 61 62 64 78 200 201 202 203 255 256 259 261 262 263 265 266 267 284 285 289 311 313 314 315 316 486 487","9:4 9:5 9:8 9:9 29:24 29:25 29:26 29:27 29:28 29:29 63:58 63:59 63:60 63:61 63:65 78:79 203:198 203:199 203:200 203:201 203:202 203:203 258:253 258:254 258:260 263:260 263:261 263:262 263:263 267:263 267:265 267:266 267:268 287:282 287:283 287:284 287:291 311:311 316:311 316:313 316:314 316:315 316:316 488:484 488:486"
"لال (ٹائم کیپر)","نعیم اور عذرا کی بیٹی",1,"310","311:310"
"لال (ٹائم کیپر)","نور دین",2,"487 488","488:487 488:489"
"لال (ٹائم کیپر)","نوری",1,"487","488:486"
"لال (ٹائم کیپر)","وزیر خان",3,"312 314 317","311:313 316:313 316:318"
"لال (ٹائم کیپر)","پرتاپے",1,"288","287:289"
"لال (ٹائم کیپر)","پرویز",10,"9 26 27 31 264 266 486 487 489","9:9 29:24 29:26 29:33 263:265 267:265 267:266 488:485 488:486 488:490"
"لال (ٹائم کیپر)","ڈاکٹر محمد اقبال",1,"285","287:283"
"لال (ٹائم کیپر)","کانگریس سیکرٹری (نام نہیں دیا گیا)",2,"6 7","9:4 9:5"
"لال (ٹائم کیپر)","کمال",2,"487 488","488:487 488:488"
"لال (ٹائم کیپر)","گدھے والا کمین",3,"29 201 268","29:29 203:200 267:270"
"لال (ٹائم کیپر)","گنجا علی بخش",1,"287","287:287"
"لیلی (رقاصہ)","مہندر (جیل اوورسیئر نمبر 19)",1,"71","71:71"
"لیلی (رقاصہ)","نعیم",21,"68 69 70 71 111 112 113 114 116 117 118 313 314 315 321","71:66 71:67 71:68 71:69 71:70 71:71 114:109 114:110 114:111 114:112 114:113 114:114 118:114 118:116 118:117 118:119 315:311 315:313 315:314 315:315 324:319"
"لیلی (رقاصہ)","نعیم اور عذرا کی بیٹی",1,"312","315:310"
"لیلی (رقاصہ)","نوری",2,"324 327","324:325 330:325"
"لیلی (رقاصہ)","وزیر خان",2,"314 316","315:313 315:318"
"لیلی (رقاصہ)","پرنس آف ویلز",1,"331","330:332"
"لیلی (رقاصہ)","پرویز",2,"323 331","324:322 330:332"
"لیلی (رقاصہ)","چیف انجینئر (فیکٹری)",1,"332","330:334"
"لیلی (رقاصہ)","گنجا علی بخش",1,"332","330:334"
"لیلی (رقاصہ)","گنجا فورمین",1,"332","330:334"
"مادھوکر","مدن رائے",8,"143 144 145 146 147 148","145:142 145:143 145:144 145:146 146:146 147:146 147:148 148:148"
"مادھوکر","نعیم",12,"142 143 144 145 146 147 148","145:140 145:141 145:142 145:143 145:144 145:145 146:145 146:146 147:146 147:147 148:147 148:148"
"مادھوکر","نعیم اور عذرا کی بیٹی",1,"143","145:142"
"مادھوکر","کانگریس سیکرٹری (نام نہیں دیا گیا)",1,"142","145:140"
"محمد علی جناح","منشی (لگان والا)",1,"455","454:457"
"محمد علی جناح","مولانا حسین احمد مدنی",2,"283 284","283:283 285:283"
"محمد علی جناح","مولانا شبیر احمد عثمانی",2,"283 284","283:283 285:283"
"محمد علی جناح","مولانا شوکت علی",2,"283 284","283:283 285:283"
"محمد علی جناح","مولانا محمد علی",3,"283 284 285","283:283 285:283 285:285"
"محمد علی جناح","نعیم",12,"280 281 282 283 284 452 453 454","283:278 283:279 283:280 283:281 283:282 283:283 285:283 285:284 454:450 454:451 454:453 454:454"
"محمد علی جناح","پرتاپے",1,"287","285:289"
"محمد علی جناح","پرویز",1,"455","454:456"
"محمد علی جناح","ڈاکٹر محمد اقبال",2,"283 284","283:283 285:283"
"محمد علی جناح","کانگریس سیکرٹری (نام نہیں دیا گیا)",2,"453 454","454:453 454:455"
"محمد علی جناح","گنجا علی بخش",2,"285 286","283:287 285:287"
"محمد علی جناح","گورنر بنگال",1,"453","454:453"
"مدن رائے","مسعود",1,"480","480:481"
"مدن رائے","نعیم",40,"139 140 141 142 143 144 145 146 147 148 149 150 158 159 160 161 162 163 175 176 177 178 179 471 474 478 479 482","142:137 142:138 142:139 142:140 142:141 142:142 143:142 143:143 144:143 144:144 146:144 146:145 146:146 148:146 148:147 148:148 149:148 149:150 150:150 161:156 161:157 161:158 161:159 161:161 163:161 163:162 163:163 178:173 178:174 178:175 178:177 178:178 179:178 179:179 472:471 472:476 480:476 480:477 480:479 480:484"
"مدن رائے","نعیم اور عذرا کی بیٹی",2,"142","142:142 143:142"
"مدن رائے","نور دین",2,"470","472:468 472:469"
"مدن رائے","پرویز",1,"480","480:481"
"مدن رائے","کانگریس سیکرٹری (نام نہیں دیا گیا)",4,"141 151 152 158","142:140 149:154 150:154 161:156"
"مدن رائے","کمال",4,"470 473 477 481","472:468 472:475 480:475 480:482"
"مدن رائے","گدھے والا کمین",1,"177","178:177"
"مدن رائے","گورنر بنگال",3,"161 162 163","161:161 163:161 163:163"
"مدن رائے","ہری چند",2,"151 152","149:154 150:154"
"مسعود","نعیم",23,"421 425 426 432 433 434 435 436 438 439 478 479 480 482 483 484 485 495","424:419 424:426 425:426 426:426 435:430 435:431 435:432 435:434 435:435 437:435 437:440 438:440 439:440 481:476 481:477 481:479 481:484 482:484 483:484 484:484 485:484 485:486 494:496"
"مسعود","نعیم اور عذرا کی بیٹی",4,"437 438 439","435:440 437:440 438:440 439:440"
"مسعود","نور دین",5,"484 485 486 491","482:487 483:487 484:487 485:487 494:489"
"مسعود","نوری",5,"483 484 485","481:486 482:486 483:486 484:486 485:486"
"مسعود","پروفیسر برمن",9,"424 435 436 437 438 439","424:424 425:424 435:435 437:435 437:437 438:437 438:438 439:438 439:439"
"مسعود","پرویز",11,"481 483 484 485 492 493 494","481:481 482:481 482:485 483:485 484:485 485:485 494:490 494:491 494:492 494:493 494:494"
"مسعود","کانگریس سیکرٹری (نام نہیں دیا گیا)",1,"421","424:419"
"مسعود","کمال",7,"434 481 482 485 486","435:433 481:482 482:482 483:482 483:487 484:487 485:487"
"مسعود","گورنر بنگال",3,"424 425","424:425 425:425 426:425"
"مل کا مالک","نعیم",10,"397 398 399 400 410 411 414","400:395 400:396 400:397 400:398 400:399 400:401 413:408 413:409 413:410 413:415"
"مل کا مالک","پرویز",1,"397","400:395"
"مل کا مالک","چیف انجینئر (فیکٹری)",2,"400 413","400:400 413:413"
"مل کا مالک","کانگریس سیکرٹری (نام نہیں دیا گیا)",1,"414","413:415"
"مل کا مالک","کمال",1,"400","400:400"
"مل کا مالک","گنجا فورمین",3,"400 412 413","400:400 413:411 413:413"
"منشی (لگان والا)","منو",1,"348","346:351"
"منشی (لگان والا)","مہندر (جیل اوورسیئر نمبر 19)",9,"44 46 47 127 130 131 133 198","44:45 47:45 47:46 47:47 125:130 130:130 132:130 132:134 200:197"
"منشی (لگان والا)","نعیم",31,"41 42 43 44 45 46 47 124 125 127 128 129 130 131 132 198 199 200 346 455 456 457","44:39 44:40 44:41 44:42 44:43 44:44 47:44 47:46 47:47 125:124 125:125 130:125 130:126 130:127 130:128 130:129 130:130 132:130 132:131 132:132 200:196 200:197 200:198 200:199 200:200 346:346 457:453 457:454 457:455 457:456 457:457"
"منشی (لگان والا)","نعیم اور عذرا کی بیٹی",1,"344","346:342"
"منشی (لگان والا)","پرویز",3,"41 456 457","44:39 457:456 457:457"
"منشی (لگان والا)","کانگریس سیکرٹری (نام نہیں دیا گیا)",2,"455 456","457:453 457:455"
"منشی (لگان والا)","کمال",1,"344","346:343"
"منشی (لگان والا)","گدھے والا کمین",5,"42 44 45 200 345","44:41 44:44 47:44 200:200 346:344"
"منشی (لگان والا)","گورنر بنگال",1,"455","457:453"
"منو","نعیم",11,"185 186 187 188 348 349 350 351","188:183 188:184 188:185 188:186 188:187 188:188 351:346 351:347 351:348 351:349 351:352"
"منو","پرویز",1,"189","188:191"
"منو","کمال",1,"187","188:187"
"مولانا حسین احمد مدنی","مولانا شبیر احمد عثمانی",1,"283","283:283"
"مولانا حسین احمد مدنی","مولانا شوکت علی",1,"283","283:283"
"مولانا حسین احمد مدنی","مولانا محمد علی",1,"283","283:283"
"مولانا حسین احمد مدنی","نعیم",6,"280 281 282 283","283:278 283:279 283:280 283:281 283:282 283:283"
"مولانا حسین احمد مدنی","ڈاکٹر محمد اقبال",1,"283","283:283"
"مولانا حسین احمد مدنی","گنجا علی بخش",1,"285","283:287"
"مولانا شبیر احمد عثمانی","مولانا شوکت علی",1,"283","283:283"
"مولانا شبیر احمد عثمانی","مولانا محمد علی",1,"283","283:283"
"مولانا شبیر احمد عثمانی","نعیم",6,"280 281 282 283","283:278 283:279 283:280 283:281 283:282 283:283"
"مولانا شبیر احمد عثمانی","ڈاکٹر محمد اقبال",1,"283","283:283"
"مولانا شبیر احمد عثمانی","گنجا علی بخش",1,"285","283:287"
"مولانا شوکت علی","مولانا محمد علی",1,"283","283:283"
"مولانا شوکت علی","نعیم",6,"280 281 282 283","283:278 283:279 283:280 283:281 283:282 283:283"
"مولانا شوکت علی","ڈاکٹر محمد اقبال",1,"283","283:283"
"مولانا شوکت علی","گنجا علی بخش",1,"285","283:287"
"مولانا محمد علی","نعیم",8,"280 281 282 283 284","283:278 283:279 283:280 283:281 283:282 283:283 285:283 285:284"
"مولانا محمد علی","پرتاپے",1,"287","285:289"
"مولانا محمد علی","ڈاکٹر محمد اقبال",2,"283 284","283:283 285:283"
"مولانا محمد علی","گنجا علی بخش",2,"285 286","283:287 285:287"
"مہندر (جیل اوورسیئر نمبر 19)","نعیم",91,"42 43 44 45 46 47 48 49 50 51 52 53 54 55 56 57 58 59 60 61 68 69 70 71 72 76 77 78 79 100 101 102 103 104 105 106 127 128 129 130 132 133 134 194 196 197 247 248 249 261 262 263 264 265 266 267 268 269 270 272","45:40 45:41 45:42 45:43 45:44 45:46 46:46 47:46 47:47 48:47 48:48 49:48 49:49 50:49 50:50 52:50 52:51 52:52 53:52 53:53 54:53 54:55 55:55 56:55 56:56 57:56 57:57 60:57 60:58 60:59 60:60 61:60 61:61 71:66 71:67 71:68 71:69 71:70 71:71 73:71 73:72 74:79 75:79 76:79 77:79 78:79 79:79 103:98 103:100 103:101 103:102 103:103 104:103 104:104 105:104 105:105 106:105 106:106 130:125 130:126 130:127 130:128 130:129 130:130 134:130 134:131 134:132 134:133 134:134 197:192 197:196 197:197 249:245 249:246 249:247 249:248 249:249 263:260 263:261 263:262 263:263 265:263 265:265 267:265 267:266 267:268 268:268 269:268 269:269 272:269 272:272"
"مہندر (جیل اوورسیئر نمبر 19)","نعیم اور عذرا کی بیٹی",1,"249","249:249"
"مہندر (جیل اوورسیئر نمبر 19)","پروفیسر اقبال سنگھ",2,"271 273","269:274 272:274"
"مہندر (جیل اوورسیئر نمبر 19)","پرویز",14,"54 55 56 57 58 264 265 266 270 271 272","52:57 53:57 54:57 55:57 56:57 57:57 60:57 263:265 265:265 267:265 267:266 268:273 269:273 272:273"
"مہندر (جیل اوورسیئر نمبر 19)","ڈاکٹر امبید کر",2,"271 273","269:274 272:274"
"مہندر (جیل اوورسیئر نمبر 19)","گدھے والا کمین",8,"43 44 198 267 268 269 271","45:41 45:44 197:200 265:270 267:270 268:270 269:270 272:270"
"نعیم","نعیم اور عذرا کی بیٹی",32,"19 21 139 140 141 142 219 220 222 230 231 232 235 247 248 249 310 344 392 437 440","17:21 18:21 21:21 22:21 137:142 138:142 139:142 140:142 141:142 142:142 143:142 217:222 219:222 222:222 223:222 228:233 229:233 230:233 232:233 238:233 245:249 246:249 247:249 248:249 249:249 250:249 311:310 346:342 393:392 435:440 440:440 441:440"
"نعیم","نور دین",5,"465 469 470 485 486","463:468 471:468 471:469 484:487 486:487"
"نعیم","نوری",2,"485 486","484:486 486:486"
"نعیم","وزیر خان",12,"300 301 303 312 313 316 317 318","298:303 299:303 303:303 311:313 313:313 314:313 314:318 315:318 316:318 317:318 318:318 319:318"
"نعیم","پرتاپے",2,"286 290","284:289 291:289"
"نعیم","پرنس آف ویلز",24,"224 225 226 227 229 230 231 232 239 240 241 295 296 297 298","222:226 223:226 224:226 225:226 226:226 227:226 227:227 228:227 228:230 229:230 230:230 232:230 232:232 238:240 239:240 240:240 242:240 293:298 294:298 295:298 296:298 297:298 298:298 299:298"
"نعیم","پروفیسر اقبال سنگھ",3,"271 273 275","269:274 272:274 276:274"
"نعیم","پروفیسر برمن",13,"362 365 421 425 432 433 434 435 437 438 439","361:364 367:364 419:424 426:424 430:435 431:435 432:435 434:435 435:435 440:435 440:437 440:438 440:439"
"نعیم","پرویز",117,"1 6 7 8 9 10 11 17 18 19 21 23 24 25 26 30 31 32 33 34 35 36 38 39 54 55 56 57 169 170 171 172 188 189 191 211 212 213 214 215 217 218 219 220 262 263 264 265 266 267 270 271 272 274 276 277 319 320 363 366 367 368 370 371 393 394 395 453 454 455 456 457 459 478 479 480 482 484 485 486 493 494 495","1:1 2:1 4:9 5:9 8:9 9:9 10:9 10:10 12:10 17:18 18:18 21:18 21:21 22:21 22:24 23:24 24:24 25:24 25:26 26:26 27:26 28:33 29:33 30:33 31:33 32:33 33:33 34:33 34:34 35:34 35:35 36:35 36:36 37:36 37:39 38:39 39:39 40:39 52:57 53:57 55:57 56:57 57:57 58:57 167:172 168:172 169:172 170:172 171:172 173:172 186:191 187:191 188:191 192:191 211:211 212:211 212:213 213:213 214:213 214:214 215:214 215:215 216:215 216:219 217:219 219:219 222:219 260:265 261:265 262:265 263:265 265:265 266:265 266:266 268:266 268:273 269:273 272:273 276:273 276:277 278:277 317:322 318:322 319:322 361:366 367:366 367:367 368:367 368:368 373:368 373:369 393:393 394:393 394:394 395:394 395:395 396:395 451:456 453:456 454:456 455:456 456:456 457:456 457:457 461:457 461:458 476:481 477:481 479:481 484:481 484:485 486:485 486:486 496:491 496:492 496:493 496:494"
"نعیم","چیف انجینئر (فیکٹری)",11,"397 398 399 400 410 411 414","395:400 396:400 397:400 398:400 399:400 401:400 408:413 409:413 410:413 415:413 415:414"
"نعیم","ڈاکٹر امبید کر",3,"271 273 275","269:274 272:274 276:274"
"نعیم","ڈاکٹر انصاری",14,"218 219 220 221 222 373 374 375 376 377 379","216:221 217:221 219:221 222:221 222:222 223:222 373:374 374:374 375:374 375:376 376:376 377:376 377:378 381:378"
"نعیم","ڈاکٹر محمد اقبال",7,"280 281 282 283","278:283 279:283 280:283 281:283 282:283 283:283 284:283"
"نعیم","کانگریس سیکرٹری (نام نہیں دیا گیا)",37,"2 3 4 5 6 137 138 139 140 152 153 154 155 156 412 415 417 418 419 451 452 453 454 455","1:3 2:3 3:3 4:3 4:4 5:4 5:5 8:5 135:140 136:140 137:140 138:140 139:140 140:140 141:140 150:154 151:154 152:154 154:154 155:154 155:155 156:155 156:156 157:156 410:415 415:415 416:415 416:419 417:419 419:419 450:453 451:453 453:453 454:453 454:455 455:455 456:455"
"نعیم","کمال",32,"14 17 184 185 186 187 344 397 398 399 400 430 431 432 433 465 469 473 475 479 480 483 485 486","12:17 17:17 18:17 182:187 183:187 184:187 185:187 186:187 187:187 188:187 346:343 395:400 396:400 397:400 398:400 399:400 401:400 428:433 429:433 430:433 431:433 432:433 434:433 463:468 471:468 471:475 476:475 477:482 479:482 484:482 484:487 486:487"
"نعیم","کھدر پوش لیڈر (کلکتہ)",7,"227 228 229 230 231","225:230 226:230 227:230 228:230 229:230 230:230 232:230"
"نعیم","کیپٹن وڈ",4,"299 300 302","297:302 298:302 299:302 303:302"
"نعیم","گدھے والا کمین",41,"26 27 28 29 38 39 40 41 43 44 45 175 176 177 198 199 200 215 216 217 218 267 268 269 271 345","24:29 25:29 26:29 27:29 28:29 29:29 30:29 36:41 37:41 38:41 39:41 40:41 41:41 42:41 42:44 43:44 44:44 46:44 173:177 174:177 175:177 177:177 178:177 196:200 197:200 198:200 199:200 200:200 201:200 213:218 214:218 215:218 216:218 217:218 219:218 265:270 266:270 268:270 269:270 272:270 346:344"
"نعیم","گنجا علی بخش",4,"284 285 289","282:287 283:287 284:287 291:287"
"نعیم","گنجا فورمین",15,"382 392 397 398 399 400 409 410 413 414","381:383 393:392 395:400 396:400 397:400 398:400 399:400 401:400 407:411 408:411 409:411 410:411 415:411 415:413 415:414"
"نعیم","گورنر بنگال",23,"158 159 160 161 162 163 229 230 231 232 239 240 241 425 451 452 453","156:161 157:161 158:161 159:161 161:161 162:161 162:163 163:163 164:163 227:232 228:232 229:232 230:232 232:232 238:240 239:240 240:240 242:240 426:425 450:453 451:453 453:453 454:453"
"نعیم","ہری چند",7,"152 153 154 155","150:154 151:154 152:154 154:154 155:154 155:155 156:155"
"نعیم","یونین پریزیڈنٹ",1,"391","393:390"
"نعیم اور عذرا کی بیٹی","وزیر خان",1,"311","310:313"
"نعیم اور عذرا کی بیٹی","پرنس آف ویلز",3,"224 231 232","222:226 233:230 233:232"
"نعیم اور عذرا کی بیٹی","پروفیسر برمن",4,"437 438 439","440:435 440:437 440:438 440:439"
"نعیم اور عذرا کی بیٹی","پرویز",4,"19 21 220 392","21:18 21:21 222:219 392:393"
"نعیم اور عذرا کی بیٹی","ڈاکٹر انصاری",2,"221 222","222:221 222:222"
"نعیم اور عذرا کی بیٹی","کانگریس سیکرٹری (نام نہیں دیا گیا)",1,"141","142:140"
"نعیم اور عذرا کی بیٹی","کمال",2,"19 342","21:17 342:343"
"نعیم اور عذرا کی بیٹی","کھدر پوش لیڈر (کلکتہ)",1,"231","233:230"
"نعیم اور عذرا کی بیٹی","گدھے والا کمین",2,"220 343","222:218 342:344"
"نعیم اور عذرا کی بیٹی","گنجا علی بخش",1,"340","342:338"
"نعیم اور عذرا کی بیٹی","گنجا فورمین",2,"340 392","342:338 392:392"
"نعیم اور عذرا کی بیٹی","گورنر بنگال",1,"232","233:232"
"نعیم اور عذرا کی بیٹی","یونس",1,"389","392:387"
"نعیم اور عذرا کی بیٹی","یونین پریزیڈنٹ",1,"391","392:390"
"نور دین","نوری",1,"486","487:486"
"نور دین","پرویز",4,"486 488 489","487:485 487:486 487:490 489:490"
"نور دین","کمال",6,"468 484 487 488","468:468 469:468 487:482 487:487 489:487 489:488"
"نوری","پرویز",4,"323 483 485 486","325:322 486:481 486:485 486:486"
"نوری","کمال",2,"484 486","486:482 486:487"
"وزیر خان","پرنس آف ویلز",1,"300","303:298"
"وزیر خان","پرویز",1,"320","318:322"
"وزیر خان","کیپٹن وڈ",1,"302","303:302"
"پرتاپے","گنجا علی بخش",1,"288","289:287"
"پرنس آف ویلز","پرویز",1,"332","332:332"
"پرنس آف ویلز","چیف انجینئر (فیکٹری)",1,"333","332:334"
"پرنس آف ویلز","ڈاکٹر انصاری",2,"223 224","226:221 226:222"
"پرنس آف ویلز","کھدر پوش لیڈر (کلکتہ)",4,"228 230 231","226:230 227:230 230:230 232:230"
"پرنس آف ویلز","کیپٹن وڈ",1,"300","298:302"
"پرنس آف ویلز","گنجا علی بخش",1,"333","332:334"
"پرنس آف ویلز","گنجا فورمین",1,"333","332:334"
"پرنس آف ویلز","گورنر بنگال",4,"229 231 232 240","227:232 230:232 232:232 240:240"
"پروفیسر اقبال سنگھ","پرویز",2,"273 275","274:273 274:277"
"پروفیسر اقبال سنگھ","ڈاکٹر امبید کر",1,"274","274:274"
"پروفیسر اقبال سنگھ","گدھے والا کمین",1,"272","274:270"
"پروفیسر برمن","پرویز",1,"365","364:366"
"پروفیسر برمن","کانگریس سیکرٹری (نام نہیں دیا گیا)",1,"421","424:419"
"پروفیسر برمن","کمال",1,"434","435:433"
"پروفیسر برمن","گورنر بنگال",1,"424","424:425"
"پرویز","چیف انجینئر (فیکٹری)",2,"333 397","332:334 395:400"
"پرویز","ڈاکٹر امبید کر",2,"273 275","273:274 277:274"
"پرویز","ڈاکٹر انصاری",2,"220 371","219:221 369:374"
"پرویز","کانگریس سیکرٹری (نام نہیں دیا گیا)",5,"2 6 7 454 455","1:3 9:4 9:5 456:453 456:455"
"پرویز","کمال",9,"17 189 397 481 483 486 488 489","18:17 191:187 395:400 481:482 485:482 485:487 486:487 490:487 490:488"
"پرویز","گدھے والا کمین",13,"26 27 31 38 40 174 215 216 218 267 268 271","24:29 26:29 33:29 36:41 39:41 172:177 213:218 214:218 215:218 219:218 265:270 266:270 273:270"
"پرویز","گنجا علی بخش",1,"333","332:334"
"پرویز","گنجا فورمین",3,"333 392 397","332:334 393:392 395:400"
"پرویز","گورنر بنگال",1,"454","456:453"
"پرویز","یونین پریزیڈنٹ",1,"391","393:390"
"چیف انجینئر (فیکٹری)","کانگریس سیکرٹری (نام نہیں دیا گیا)",2,"414","413:415 414:415"
"چیف انجینئر (فیکٹری)","کمال",1,"400","400:400"
"چیف انجینئر (فیکٹری)","گنجا علی بخش",1,"334","334:334"
"چیف انجینئر (فیکٹری)","گنجا فورمین",6,"334 400 412 413 414","334:334 400:400 413:411 413:413 414:413 414:414"
"ڈاکٹر امبید کر","گدھے والا کمین",1,"272","274:270"
"ڈاکٹر انصاری","گدھے والا کمین",1,"219","221:218"
"ڈاکٹر انصاری","گنجا فورمین",1,"380","378:383"
"ڈاکٹر محمد اقبال","گنجا علی بخش",1,"285","283:287"
"کانگریس سیکرٹری (نام نہیں دیا گیا)","گنجا فورمین",3,"413 414","415:411 415:413 415:414"
"کانگریس سیکرٹری (نام نہیں دیا گیا)","گورنر بنگال",3,"158 453 454","156:161 453:453 455:453"
"کانگریس سیکرٹری (نام نہیں دیا گیا)","ہری چند",4,"154 155","154:154 155:154 155:155 156:155"
"کمال","گدھے والا کمین",1,"343","343:344"
"کمال","گنجا علی بخش",1,"340","343:338"
"کمال","گنجا فورمین",2,"340 400","343:338 400:400"
"کھدر پوش لیڈر (کلکتہ)","گورنر بنگال",1,"231","230:232"
"گنجا علی بخش","گنجا فورمین",3,"334 336 338","334:334 338:334 338:338"
"گنجا فورمین","یونس",4,"385 386 389","383:387 384:387 386:387 392:387"
"گنجا فورمین","یونین پریزیڈنٹ",2,"388 391","386:390 392:390"
"یونس","یونین پریزیڈنٹ",1,"388","387:390"
