Character_A,Character_B,Weight,Pages(centers),Pairs(pa:pb)
"آئن بیڈ فورڈ","آصف فرخی",1,"242","241:244"
"آئن بیڈ فورڈ","آغا سہیل",1,"243","241:245"
"آئن بیڈ فورڈ","احمد بشیر",3,"238 239","241:236 241:237 241:238"
"آئن بیڈ فورڈ","اشفاق نقوی",1,"243","241:245"
"آئن بیڈ فورڈ","اصغر علی انجینئر",1,"242","241:243"
"آئن بیڈ فورڈ","الوک بھلہ",1,"242","241:244"
"آئن بیڈ فورڈ","انتظار حسین",3,"240 241","241:239 241:240 241:241"
"آئن بیڈ فورڈ","اننت مورتی",1,"242","241:243"
"آئن بیڈ فورڈ","جنرل ضیاء الحق",2,"238 239","241:236 241:238"
"آئن بیڈ فورڈ","جوش ملیح آبادی",1,"243","241:245"
"آئن بیڈ فورڈ","رام لال",1,"240","241:239"
"آئن بیڈ فورڈ","رضی عابدی",1,"243","241:245"
"آئن بیڈ فورڈ","ریوتی سرن شرما",1,"243","241:246"
"آئن بیڈ فورڈ","زاہد ڈار",1,"239","241:237"
"آئن بیڈ فورڈ","سدھیر",1,"242","241:244"
"آئن بیڈ فورڈ","شبلی بیگم",2,"239","241:237 241:238"
"آئن بیڈ فورڈ","شمع فتح علی",1,"243","241:246"
"آئن بیڈ فورڈ","علی سردار جعفری",1,"243","241:246"
"آئن بیڈ فورڈ","علی شریعتی",1,"243","241:245"
"آئن بیڈ فورڈ","غلام محمد",1,"242","241:244"
"آئن بیڈ فورڈ","غلام محمد شیخ",1,"242","241:244"
"آئن بیڈ فورڈ","مبارک احمد",1,"240","241:239"
"آئن بیڈ فورڈ","محمد عمر میمن",1,"242","241:244"
"آئن بیڈ فورڈ","میر انیس",1,"243","241:245"
"آئن بیڈ فورڈ","میرا بائی",1,"243","241:246"
"آئن بیڈ فورڈ","ناصر کاظمی",1,"240","241:240"
"آئن بیڈ فورڈ","وجے ٹنڈولکر",1,"241","241:242"
"آئن بیڈ فورڈ","وکیل صاحب",1,"239","241:238"
"آئن بیڈ فورڈ","ڈاکٹر ارتضیٰ کریم",1,"241","241:241"
"آئن بیڈ فورڈ","کبیر",1,"243","241:246"
"آئن بیڈ فورڈ","کشور ناہید",2,"240","241:239 241:240"
"آئن بیڈ فورڈ","گیتانجلی",1,"242","241:244"
"آئن بیڈ فورڈ","ہیما مالنی",1,"240","241:239"
"آئی اے رحمن","آنگ ساں سیو کائی",1,"290","289:292"
"آئی اے رحمن","احمد مشتاق",2,"196 197","199:194 199:195"
"آئی اے رحمن","احمد ندیم قاسمی",1,"200","199:201"
"آئی اے رحمن","اسلم اظہر",1,"198","199:197"
"آئی اے رحمن","امیر تیمور",2,"197 198","199:196 199:197"
"آئی اے رحمن","انتظار حسین",8,"196 197 198 199 287 288 289","199:194 199:196 199:198 199:199 289:285 289:286 289:287 289:289"
"آئی اے رحمن","اندرا گاندھی",1,"290","289:291"
"آئی اے رحمن","ایس ایم ظفر",1,"288","289:287"
"آئی اے رحمن","ایوب خاں",3,"286 288 290","289:284 289:288 289:292"
"آئی اے رحمن","برتولٹ بریخت",1,"198","199:197"
"آئی اے رحمن","بلراج منیرا",1,"290","289:291"
"آئی اے رحمن","بے نظیر بھٹو",1,"201","199:203"
"آئی اے رحمن","جالندھری تانگہ والا",2,"287 288","289:286 289:287"
"آئی اے رحمن","جنرل جیلانی",1,"200","199:201"
"آئی اے رحمن","جنرل ضیاء الحق",1,"200","199:201"
"آئی اے رحمن","جوش ملیح آبادی",2,"287 291","289:286 289:293"
"آئی اے رحمن","جگر",1,"287","289:286"
"آئی اے رحمن","حبیب جالب",1,"198","199:198"
"آئی اے رحمن","حنیف رامے",1,"200","199:201"
"آئی اے رحمن","ذوالفقار علی بھٹو",1,"201","199:204"
"آئی اے رحمن","رمضان تپائی",1,"198","199:198"
"آئی اے رحمن","زاہد ڈار",2,"197 289","199:196 289:290"
"آئی اے رحمن","سجاد باقر رضوی",2,"196 200","199:194 199:202"
"آئی اے رحمن","سر عبد القادر",1,"286","289:284"
"آئی اے رحمن","سلیم احمد",1,"200","199:201"
"آئی اے رحمن","سید سلیمان ندوی",1,"287","289:285"
"آئی اے رحمن","سیموئل بیکٹ",1,"289","289:289"
"آئی اے رحمن","شاکر علی",3,"196 197","199:194 199:195 199:196"
"آئی اے رحمن","شاہجہان",1,"197","199:196"
"آئی اے رحمن","شکور بیدل",1,"200","199:202"
"آئی اے رحمن","صلاح الدین محمود",1,"199","199:200"
"آئی اے رحمن","ظہور بھائی",1,"201","199:203"
"آئی اے رحمن","عالیہ",1,"199","199:199"
"آئی اے رحمن","عبداللہ ملک",1,"289","289:289"
"آئی اے رحمن","عبدالمجید بھٹی",1,"287","289:286"
"آئی اے رحمن","غازی منجم",2,"197 198","199:196 199:197"
"آئی اے رحمن","فرخ نگار عزیز",1,"286","289:284"
"آئی اے رحمن","فیض احمد فیض",3,"198 286 287","199:197 289:284 289:286"
"آئی اے رحمن","قیوم نظر",1,"286","289:284"
"آئی اے رحمن","لائو پہلوان",1,"287","289:285"
"آئی اے رحمن","مجروح سلطان پوری",1,"198","199:197"
"آئی اے رحمن","محمد حسن لطیفی",1,"288","289:287"
"آئی اے رحمن","محمد سلیم الرحمن",1,"200","199:201"
"آئی اے رحمن","مرغوب صدیقی",1,"287","289:286"
"آئی اے رحمن","منو بھائی",2,"288 289","289:288 289:289"
"آئی اے رحمن","مولانا صلاح الدین احمد",1,"287","289:286"
"آئی اے رحمن","مولانا عبد المجید سالک",1,"288","289:287"
"آئی اے رحمن","میر نور احمد",1,"288","289:287"
"آئی اے رحمن","ناصر کاظمی",1,"288","289:287"
"آئی اے رحمن","نانی اماں",1,"291","289:293"
"آئی اے رحمن","نثار عثمانی",1,"198","199:198"
"آئی اے رحمن","نواز شریف",1,"288","289:288"
"آئی اے رحمن","پروفیسر عبید اللہ",1,"286","289:284"
"آئی اے رحمن","ڈاکٹر جاوید اقبال",1,"288","289:287"
"آئی اے رحمن","ڈاکٹر سید عبداللہ",1,"200","199:201"
"آئی اے رحمن","ڈاکٹر عاشق حسین بٹالوی",2,"286 287","289:284 289:285"
"آئی اے رحمن","ڈاکٹر عبد اللہ چغتائی",1,"286","289:284"
"آئی اے رحمن","ڈاکٹر عبدالسلام خورشید",3,"287 288","289:285 289:286 289:287"
"آئی اے رحمن","ڈاکٹر وحید قریشی",1,"287","289:286"
"آئی اے رحمن","کرنل صدیق سالک",1,"288","289:287"
"آئی اے رحمن","کشور ناہید",7,"196 197 198 286 289","199:194 199:195 199:196 199:197 199:198 289:284 289:289"
"آئی اے رحمن","ہارون الرشید",2,"197","199:195 199:196"
"آئی اے رحمن","ہنس راج رہبر",1,"290","289:291"
"آئی اے رحمن","یگانہ",1,"287","289:286"
"آصف فرخی","آغا سہیل",1,"244","244:245"
"آصف فرخی","اشفاق نقوی",1,"244","244:245"
"آصف فرخی","اصغر علی انجینئر",2,"243 244","244:243 244:244"
"آصف فرخی","الوک بھلہ",1,"244","244:244"
"آصف فرخی","انتظار حسین",6,"241 242 243 244","244:239 244:240 244:241 244:242 244:243 244:244"
"آصف فرخی","اننت مورتی",1,"243","244:243"
"آصف فرخی","جوش ملیح آبادی",1,"244","244:245"
"آصف فرخی","رام لال",1,"241","244:239"
"آصف فرخی","رضی عابدی",1,"244","244:245"
"آصف فرخی","ریوتی سرن شرما",1,"245","244:246"
"آصف فرخی","سدھیر",1,"244","244:244"
"آصف فرخی","شمع فتح علی",1,"245","244:246"
"آصف فرخی","عسکری",1,"246","244:249"
"آصف فرخی","علی سردار جعفری",1,"245","244:246"
"آصف فرخی","علی شریعتی",1,"244","244:245"
"آصف فرخی","غلام محمد",1,"244","244:244"
"آصف فرخی","غلام محمد شیخ",1,"244","244:244"
"آصف فرخی","مبارک احمد",1,"241","244:239"
"آصف فرخی","محمد عمر میمن",1,"244","244:244"
"آصف فرخی","میر انیس",1,"244","244:245"
"آصف فرخی","میرا بائی",1,"245","244:246"
"آصف فرخی","ناصر کاظمی",1,"242","244:240"
"آصف فرخی","وجے ٹنڈولکر",2,"243","244:242 244:243"
"آصف فرخی","ڈاکٹر ارتضیٰ کریم",1,"242","244:241"
"آصف فرخی","کبیر",1,"245","244:246"
"آصف فرخی","کشور ناہید",2,"241 242","244:239 244:240"
"آصف فرخی","گیتانجلی",1,"244","244:244"
"آصف فرخی","ہیما مالنی",1,"241","244:239"
"آغا سہیل","اشفاق نقوی",1,"245","245:245"
"آغا سہیل","اصغر علی انجینئر",2,"244","245:243 245:244"
"آغا سہیل","الوک بھلہ",1,"244","245:244"
"آغا سہیل","انتظار حسین",6,"242 243 244 245","245:240 245:241 245:242 245:243 245:244 245:245"
"آغا سہیل","اننت مورتی",1,"244","245:243"
"آغا سہیل","جنرل ضیاء الحق",1,"247","245:250"
"آغا سہیل","جوش ملیح آبادی",1,"245","245:245"
"آغا سہیل","رضی عابدی",1,"245","245:245"
"آغا سہیل","ریوتی سرن شرما",1,"245","245:246"
"آغا سہیل","سدھیر",1,"244","245:244"
"آغا سہیل","شمع فتح علی",1,"245","245:246"
"آغا سہیل","عسکری",1,"247","245:249"
"آغا سہیل","علی سردار جعفری",1,"245","245:246"
"آغا سہیل","علی شریعتی",1,"245","245:245"
"آغا سہیل","غلام عباس",1,"247","245:250"
"آغا سہیل","غلام محمد",1,"244","245:244"
"آغا سہیل","غلام محمد شیخ",1,"244","245:244"
"آغا سہیل","محمد عمر میمن",2,"244 245","245:244 245:245"
"آغا سہیل","میر انیس",1,"245","245:245"
"آغا سہیل","میرا بائی",1,"245","245:246"
"آغا سہیل","ناصر کاظمی",2,"242 247","245:240 245:250"
"آغا سہیل","وجے ٹنڈولکر",2,"243 244","245:242 245:243"
"آغا سہیل","ڈاکٹر ارتضیٰ کریم",1,"243","245:241"
"آغا سہیل","کبیر",1,"245","245:246"
"آغا سہیل","کشور ناہید",2,"242 247","245:240 245:250"
"آغا سہیل","گیتانجلی",1,"244","245:244"
"آفتاب احمد خان","اجمل",1,"20","20:20"
"آفتاب احمد خان","احمد ندیم قاسمی",1,"22","20:25"
"آفتاب احمد خان","اصغر بٹ",1,"20","20:21"
"آفتاب احمد خان","انتظار حسین",2,"1 21","1:2 20:22"
"آفتاب احمد خان","انجم رومانی",1,"21","20:22"
"آفتاب احمد خان","بخاری صاحب",1,"21","20:23"
"آفتاب احمد خان","جوش ملیح آبادی",1,"22","20:25"
"آفتاب احمد خان","حفیظ ہوشیارپوری",1,"20","20:20"
"آفتاب احمد خان","دادا پٹی نذیر احمد",1,"2","1:4"
"آفتاب احمد خان","سلیم احمد",2,"17 18","20:15 20:16"
"آفتاب احمد خان","سہیل عظیم آبادی",1,"20","20:20"
"آفتاب احمد خان","شاہد صاحب",1,"2","1:3"
"آفتاب احمد خان","شیر محمد اختر",1,"21","20:22"
"آفتاب احمد خان","عبداللہ ملک",1,"21","20:22"
"آفتاب احمد خان","عبدالمجید بھٹی",1,"3","1:6"
"آفتاب احمد خان","عسکری",4,"1 18 19 20","1:1 20:16 20:19 20:20"
"آفتاب احمد خان","علی سردار جعفری",1,"20","20:20"
"آفتاب احمد خان","غلام عباس",1,"20","20:20"
"آفتاب احمد خان","قدرت اللہ شہاب",1,"22","20:25"
"آفتاب احمد خان","قیوم نظر",1,"21","20:22"
"آفتاب احمد خان","محمود ہاشمی",1,"22","20:25"
"آفتاب احمد خان","مختار صدیقی",1,"21","20:22"
"آفتاب احمد خان","ممتاز شیریں",1,"22","20:25"
"آفتاب احمد خان","منٹو",1,"22","20:24"
"آفتاب احمد خان","میاں ایم اسلم",1,"1","1:1"
"آفتاب احمد خان","ولی",1,"2","1:3"
"آفتاب احمد خان","ڈاکٹر تاثیر",1,"21","20:23"
"آفتاب احمد خان","یوسف ظفر",1,"21","20:22"
"آقا بیدار بخت","احمد راہی",1,"75","74:77"
"آقا بیدار بخت","احمد مشتاق",2,"72 75","74:70 74:77"
"آقا بیدار بخت","استاد امانت علی خاں",1,"74","74:74"
"آقا بیدار بخت","اعجاز حسین بٹالوی",1,"75","74:76"
"آقا بیدار بخت","افتخار جالب",1,"73","74:73"
"آقا بیدار بخت","امجد الطاف",1,"75","74:76"
"آقا بیدار بخت","انتظار حسین",4,"71 72 73 74","74:69 74:70 74:73 74:74"
"آقا بیدار بخت","اے حمید",1,"75","74:77"
"آقا بیدار بخت","بابو ہیرا",1,"75","74:77"
"آقا بیدار بخت","بیدل جالندھری",2,"71 76","74:69 74:78"
"آقا بیدار بخت","جالندھری تانگہ والا",2,"71 75","74:69 74:76"
"آقا بیدار بخت","حبیب جالب",1,"73","74:73"
"آقا بیدار بخت","حفیظ ہوشیارپوری",1,"73","74:72"
"آقا بیدار بخت","حمید نظامی",1,"74","74:74"
"آقا بیدار بخت","حنیف رامے",1,"74","74:74"
"آقا بیدار بخت","خواجہ صاحب",1,"71","74:69"
"آقا بیدار بخت","ذوالفقار علی بھٹو",1,"76","74:78"
"آقا بیدار بخت","سراج صاحب",1,"76","74:78"
"آقا بیدار بخت","شاکر علی",1,"74","74:74"
"آقا بیدار بخت","شاہد حمید",1,"75","74:77"
"آقا بیدار بخت","شہرت بخاری",1,"75","74:76"
"آقا بیدار بخت","شیخ صلاح الدین",1,"74","74:75"
"آقا بیدار بخت","شیر محمد اختر",1,"75","74:76"
"آقا بیدار بخت","ضیا جالندھری",1,"75","74:76"
"آقا بیدار بخت","عبدالعلیم",1,"73","74:72"
"آقا بیدار بخت","عبداللہ بٹ",1,"74","74:74"
"آقا بیدار بخت","علیم صاحب",1,"75","74:77"
"آقا بیدار بخت","غالب احمد",1,"75","74:77"
"آقا بیدار بخت","فیض احمد فیض",2,"73 75","74:73 74:76"
"آقا بیدار بخت","قیوم صاحب (یونیسکو)",1,"75","74:76"
"آقا بیدار بخت","قیوم نظر",1,"75","74:76"
"آقا بیدار بخت","مبارک احمد",1,"74","74:75"
"آقا بیدار بخت","محبوب خزاں",1,"73","74:72"
"آقا بیدار بخت","مختار صدیقی",1,"75","74:76"
"آقا بیدار بخت","مظفر علی سید",1,"75","74:77"
"آقا بیدار بخت","میاں بشیر احمد",1,"73","74:72"
"آقا بیدار بخت","میر خلیل الرحمن",1,"74","74:74"
"آقا بیدار بخت","ناصر کاظمی",5,"71 72 73 74","74:69 74:70 74:72 74:73 74:74"
"آقا بیدار بخت","نواب ناطق",2,"72 73","74:71 74:73"
"آقا بیدار بخت","ولی",1,"74","74:74"
"آقا بیدار بخت","یوسف ظفر",1,"75","74:76"
"آنگ ساں سیو کائی","انتظار حسین",4,"289 290 291 292","292:287 292:289 292:291 292:292"
"آنگ ساں سیو کائی","اندرا گاندھی",2,"291 292","292:291 292:292"
"آنگ ساں سیو کائی","ایس ایم ظفر",1,"289","292:287"
"آنگ ساں سیو کائی","ایوب خاں",2,"290 292","292:288 292:292"
"آنگ ساں سیو کائی","بلراج منیرا",1,"291","292:291"
"آنگ ساں سیو کائی","جالندھری تانگہ والا",1,"289","292:287"
"آنگ ساں سیو کائی","جوش ملیح آبادی",1,"292","292:293"
"آنگ ساں سیو کائی","زاہد ڈار",2,"291","292:290 292:291"
"آنگ ساں سیو کائی","سعید محمود",1,"294","292:297"
"آنگ ساں سیو کائی","سیموئل بیکٹ",1,"290","292:289"
"آنگ ساں سیو کائی","عبداللہ ملک",1,"290","292:289"
"آنگ ساں سیو کائی","عسکری",1,"293","292:295"
"آنگ ساں سیو کائی","محمد حسن لطیفی",1,"289","292:287"
"آنگ ساں سیو کائی","منو بھائی",2,"290","292:288 292:289"
"آنگ ساں سیو کائی","منٹو",1,"293","292:295"
"آنگ ساں سیو کائی","مولانا عبد المجید سالک",1,"289","292:287"
"آنگ ساں سیو کائی","میر نور احمد",1,"289","292:287"
"آنگ ساں سیو کائی","ناصر کاظمی",1,"289","292:287"
"آنگ ساں سیو کائی","نانی اماں",1,"292","292:293"
"آنگ ساں سیو کائی","نواز شریف",1,"290","292:288"
"آنگ ساں سیو کائی","پروفیسر حمید احمد خاں",1,"294","292:297"
"آنگ ساں سیو کائی","ڈاکٹر جاوید اقبال",1,"289","292:287"
"آنگ ساں سیو کائی","ڈاکٹر سید عبداللہ",1,"294","292:297"
"آنگ ساں سیو کائی","ڈاکٹر عبدالسلام خورشید",1,"289","292:287"
"آنگ ساں سیو کائی","ڈاکٹر وحید قریشی",1,"293","292:295"
"آنگ ساں سیو کائی","کرنل صدیق سالک",1,"289","292:287"
"آنگ ساں سیو کائی","کشور ناہید",2,"290 291","292:289 292:290"
"آنگ ساں سیو کائی","ہنس راج رہبر",1,"291","292:291"
"ابن انشا","احمد مشتاق",4,"116 120 189 190","119:114 119:121 190:188 190:191"
"ابن انشا","استاد امانت علی خاں",2,"188","190:186 190:187"
"ابن انشا","اسرار زیدی",2,"266 267","264:269 265:269"
"ابن انشا","اشفاق احمد",1,"121","119:123"
"ابن انشا","اعجاز احمد",1,"140","141:140"
"ابن انشا","اعجاز حسین بٹالوی",1,"191","190:193"
"ابن انشا","افتخار جالب",1,"188","190:186"
"ابن انشا","انتظار حسین",17,"120 139 140 141 188 189 190 258 259 260 261 262","119:122 141:137 141:138 141:139 141:141 190:186 190:187 190:188 190:191 261:256 261:257 261:258 261:259 261:260 261:262 262:262 263:262"
"ابن انشا","انجم رومانی",7,"189 263 264 265","190:188 190:189 261:266 262:266 263:266 264:266 265:266"
"ابن انشا","اے جی جوش",2,"266 267","264:269 265:269"
"ابن انشا","بے نظیر بھٹو",1,"260","261:260"
"ابن انشا","تجمل حسین",1,"141","141:141"
"ابن انشا","تلوک چند محروم",1,"260","261:259"
"ابن انشا","جالندھری تانگہ والا",2,"139 140","141:137 141:139"
"ابن انشا","جمال عبد الناصر",2,"261","261:261 262:261"
"ابن انشا","جمیل الدین عالی",1,"119","119:120"
"ابن انشا","جنرل ضیاء الحق",1,"260","261:260"
"ابن انشا","جوزف کیمبل",1,"190","190:191"
"ابن انشا","جوش ملیح آبادی",3,"119 266 267","119:119 264:269 265:269"
"ابن انشا","جیلانی کامران",1,"141","141:142"
"ابن انشا","حبیب جالب",4,"140 188 189","141:140 190:186 190:188 190:189"
"ابن انشا","حسین نقی",1,"188","190:186"
"ابن انشا","حنیف رامے",2,"116 117","119:114 119:115"
"ابن انشا","حکیم ریاض",1,"143","141:146"
"ابن انشا","ذوالفقار علی بھٹو",1,"188","190:186"
"ابن انشا","روحی بانو",1,"260","261:260"
"ابن انشا","روشن آراء بیگم",2,"188 189","190:187 190:188"
"ابن انشا","ریوتی سرن شرما",2,"259","261:257 261:258"
"ابن انشا","زاہد ڈار",1,"267","265:270"
"ابن انشا","سبط حسن",2,"121 190","119:123 190:191"
"ابن انشا","سجاد باقر رضوی",2,"121 191","119:124 190:193"
"ابن انشا","سراج صاحب",1,"138","141:136"
"ابن انشا","سراج منیر",2,"189 190","190:189 190:190"
"ابن انشا","سعید محمود",4,"117 118 140","119:115 119:116 119:118 141:140"
"ابن انشا","سلیم احمد",6,"189 263 264 265","190:188 261:266 262:266 263:266 264:266 265:266"
"ابن انشا","شاکر علی",2,"119 190","119:119 190:191"
"ابن انشا","شاہد حمید",1,"267","265:270"
"ابن انشا","شوکت تھانوی",1,"142","141:144"
"ابن انشا","شہرت بخاری",1,"189","190:188"
"ابن انشا","شیخ صلاح الدین",2,"116 118","119:114 119:118"
"ابن انشا","صادقین",1,"188","190:187"
"ابن انشا","صفدر میر",1,"190","190:191"
"ابن انشا","صلاح الدین محمود",1,"191","190:192"
"ابن انشا","عارف عبدالمتین",5,"263 264 265","261:266 262:266 263:266 264:266 265:266"
"ابن انشا","عالیہ",3,"190 266 267","190:190 264:269 265:269"
"ابن انشا","عزیز الحق",1,"189","190:189"
"ابن انشا","عسکری",1,"119","119:120"
"ابن انشا","علی سردار جعفری",1,"190","190:191"
"ابن انشا","عنایت اللہ",1,"143","141:146"
"ابن انشا","غلام عباس",1,"119","119:120"
"ابن انشا","غلام محمد",1,"187","190:185"
"ابن انشا","فراق",5,"263 264 265","261:266 262:266 263:266 264:266 265:266"
"ابن انشا","فیض احمد فیض",4,"119 141 188 191","119:120 141:141 190:187 190:193"
"ابن انشا","قیوم صاحب (یونیسکو)",2,"117 121","119:115 119:123"
"ابن انشا","لئیق تانگہ والا",4,"120 139 140","119:121 141:137 141:138 141:139"
"ابن انشا","محمد حسین آزاد",5,"262 263 264","261:264 262:264 263:264 264:264 265:264"
"ابن انشا","مسز سراج",1,"138","141:136"
"ابن انشا","مظفر علی سید",2,"117 190","119:115 190:191"
"ابن انشا","ملک راج آنند",1,"141","141:141"
"ابن انشا","منٹو",1,"139","141:137"
"ابن انشا","منیر نیازی",1,"121","119:124"
"ابن انشا","مولانا صلاح الدین احمد",2,"119 138","119:120 141:136"
"ابن انشا","مولانا عبد المجید سالک",1,"142","141:144"
"ابن انشا","مولانا چراغ حسن حسرت",6,"139 262 263 264","141:137 261:264 262:264 263:264 264:264 265:264"
"ابن انشا","میاں بشیر احمد",1,"117","119:115"
"ابن انشا","میر انیس",1,"190","190:191"
"ابن انشا","میر نور احمد",1,"142","141:144"
"ابن انشا","ناصر کاظمی",12,"117 118 119 139 140 187 188 189 261","119:115 119:116 119:117 119:118 119:119 141:137 141:139 190:185 190:186 190:188 261:261 262:261"
"ابن انشا","ندرت الطاف",3,"265 266","263:268 264:268 265:268"
"ابن انشا","پروفیسر سرور",1,"142","141:143"
"ابن انشا","ڈاکٹر ذاکر حسین",2,"142 191","141:143 190:193"
"ابن انشا","ڈاکٹر سلیم واحد سلیم",5,"263 264 265","261:266 262:266 263:266 264:266 265:266"
"ابن انشا","ڈاکٹر عاشق حسین بٹالوی",1,"138","141:136"
"ابن انشا","کرام اللہ",1,"267","265:270"
"ابن انشا","کشور ناہید",2,"192 260","190:194 261:260"
"ابن انشا","کیرولین کائزر",1,"140","141:140"
"ابن انشا","گوتم بدھ",1,"267","265:270"
"ابن انشا","ہارون الرشید",1,"192","190:195"
"ابن انشا","یوسف ظفر",2,"188 189","190:186 190:188"
"اجمل","احمد ندیم قاسمی",1,"22","20:25"
"اجمل","اصغر بٹ",1,"20","20:21"
"اجمل","انتظار حسین",1,"21","20:22"
"اجمل","انجم رومانی",1,"21","20:22"
"اجمل","بخاری صاحب",1,"21","20:23"
"اجمل","جوش ملیح آبادی",1,"22","20:25"
"اجمل","حفیظ ہوشیارپوری",1,"20","20:20"
"اجمل","سلیم احمد",2,"17 18","20:15 20:16"
"اجمل","سہیل عظیم آبادی",1,"20","20:20"
"اجمل","شیر محمد اختر",1,"21","20:22"
"اجمل","عبداللہ ملک",1,"21","20:22"
"اجمل","عسکری",3,"18 19 20","20:16 20:19 20:20"
"اجمل","علی سردار جعفری",1,"20","20:20"
"اجمل","غلام عباس",1,"20","20:20"
"اجمل","قدرت اللہ شہاب",1,"22","20:25"
"اجمل","قیوم نظر",1,"21","20:22"
"اجمل","محمود ہاشمی",1,"22","20:25"
"اجمل","مختار صدیقی",1,"21","20:22"
"اجمل","ممتاز شیریں",1,"22","20:25"
"اجمل","منٹو",1,"22","20:24"
"اجمل","ڈاکٹر تاثیر",1,"21","20:23"
"اجمل","یوسف ظفر",1,"21","20:22"
"احتشام حسین","احمد بشیر",1,"42","40:44"
"احتشام حسین","احمد مشتاق",1,"230","229:231"
"احتشام حسین","احمد ندیم قاسمی",3,"27 40 52","30:25 40:40 51:54"
"احتشام حسین","ادا جعفری",1,"230","229:231"
"احتشام حسین","اصغر بٹ",1,"231","229:233"
"احتشام حسین","افتخار عارف",1,"29","30:28"
"احتشام حسین","انتظار حسین",9,"28 29 30 38 39 40 51 230","30:27 30:28 30:31 40:37 40:38 40:39 40:40 51:51 229:231"
"احتشام حسین","انیس ہاشمی",1,"42","40:45"
"احتشام حسین","ایوب خاں",1,"228","229:228"
"احتشام حسین","بخاری صاحب",1,"227","229:226"
"احتشام حسین","تصدق حسین",1,"226","229:224"
"احتشام حسین","جالندھری تانگہ والا",2,"32 37","30:35 40:35"
"احتشام حسین","جمیلہ ہاشمی",1,"230","229:231"
"احتشام حسین","جوش ملیح آبادی",5,"27 32 48 51 230","30:25 30:34 51:46 51:51 229:232"
"احتشام حسین","حجاب امتیاز علی",1,"230","229:231"
"احتشام حسین","حمید اختر",3,"32 53 231","30:34 51:55 229:233"
"احتشام حسین","حمید ہاشمی",3,"29 42 49","30:29 40:45 51:48"
"احتشام حسین","خان بہادر (دادا جان ہاپوڑ)",1,"226","229:224"
"احتشام حسین","دادا پٹی نذیر احمد",1,"38","40:37"
"احتشام حسین","رمضان تپائی",1,"40","40:41"
"احتشام حسین","ریوتی سرن شرما",2,"31 40","30:32 40:40"
"احتشام حسین","زاہد ڈار",1,"29","30:28"
"احتشام حسین","سبط حسن",3,"29 42 53","30:29 40:45 51:55"
"احتشام حسین","سجاد ظہیر",1,"53","51:55"
"احتشام حسین","سرلا",1,"31","30:32"
"احتشام حسین","سعید بور",1,"38","40:37"
"احتشام حسین","سلیم احمد",3,"28 38 39","30:27 40:37 40:39"
"احتشام حسین","سہیل عظیم آبادی",1,"30","30:30"
"احتشام حسین","شارعزیز",1,"231","229:233"
"احتشام حسین","شاکر علی",1,"51","51:52"
"احتشام حسین","شاہد صاحب",1,"52","51:53"
"احتشام حسین","شعیب حزیں",1,"48","51:46"
"احتشام حسین","شفیق احمد",1,"38","40:36"
"احتشام حسین","شیخ صلاح الدین",1,"231","229:233"
"احتشام حسین","صفدر میر",1,"29","30:29"
"احتشام حسین","صلاح الدین محمود",1,"230","229:231"
"احتشام حسین","ضیا جالندھری",2,"32 37","30:35 40:35"
"احتشام حسین","ظفر اقبال",1,"231","229:233"
"احتشام حسین","عارف عبدالمتین",1,"52","51:53"
"احتشام حسین","عبداللہ ملک",1,"31","30:33"
"احتشام حسین","عسکری",13,"27 28 29 30 37 38 39 51 229","30:25 30:26 30:27 30:28 30:29 30:30 40:35 40:36 40:37 40:38 40:39 51:51 229:229"
"احتشام حسین","علی سردار جعفری",1,"30","30:31"
"احتشام حسین","فراق",5,"28 38 53 229","30:26 40:36 40:37 51:55 229:229"
"احتشام حسین","فیض احمد فیض",2,"50 53","51:50 51:55"
"احتشام حسین","قدرت اللہ شہاب",1,"27","30:25"
"احتشام حسین","محمود ہاشمی",2,"27 32","30:25 30:34"
"احتشام حسین","ممتاز شیریں",4,"27 28 32 52","30:25 30:26 30:34 51:53"
"احتشام حسین","منظور الہی",1,"230","229:231"
"احتشام حسین","منٹو",5,"27 28 32 37 38","30:25 30:26 30:34 40:35 40:36"
"احتشام حسین","مولانا حسرت موہانی",5,"39 40 48 49 50","40:39 40:41 51:46 51:47 51:49"
"احتشام حسین","مولانا صلاح الدین احمد",1,"32","30:34"
"احتشام حسین","مہندر ناتھ",1,"30","30:30"
"احتشام حسین","میر انیس",1,"42","40:45"
"احتشام حسین","میرا بائی",1,"228","229:228"
"احتشام حسین","ناصر کاظمی",4,"28 40 51","30:26 30:27 40:41 51:52"
"احتشام حسین","وجیہہ الدین احمد",1,"32","30:34"
"احتشام حسین","ولی",1,"31","30:32"
"احتشام حسین","پروفیسر کرار حسین",4,"39 227 228 229","40:39 229:226 229:227 229:229"
"احتشام حسین","ڈاکٹر تاثیر",3,"32 37 48","30:35 40:35 51:46"
"احتشام حسین","کرشن چندر",8,"28 29 30 37 38 39 40","30:26 30:28 30:30 40:35 40:36 40:37 40:39 40:40"
"احتشام حسین","کشور ناہید",1,"230","229:231"
"احتشام حسین","ہاجرہ مسرور",2,"40 53","40:40 51:55"
"احمد بشیر","احمد مشتاق",1,"233","236:231"
"احمد بشیر","احمد ندیم قاسمی",1,"42","44:40"
"احمد بشیر","ادا جعفری",1,"233","236:231"
"احمد بشیر","اصغر بٹ",1,"234","236:233"
"احمد بشیر","اصغر علی انجینئر",1,"240","238:243"
"احمد بشیر","انتظار حسین",9,"41 42 44 233 234 235 237 238","44:39 44:40 44:44 236:231 236:233 236:234 236:239 237:239 238:239"
"احمد بشیر","اننت مورتی",1,"240","238:243"
"احمد بشیر","انیس ہاشمی",1,"44","44:45"
"احمد بشیر","جمیلہ ہاشمی",1,"233","236:231"
"احمد بشیر","جنرل ضیاء الحق",5,"235 236 237 238","236:235 236:236 237:236 237:238 238:238"
"احمد بشیر","جوش ملیح آبادی",2,"45 234","44:46 236:232"
"احمد بشیر","حجاب امتیاز علی",3,"233 234 235","236:231 236:233 236:234"
"احمد بشیر","حمید اختر",1,"234","236:233"
"احمد بشیر","حمید ہاشمی",1,"44","44:45"
"احمد بشیر","رام لال",3,"237 238","236:239 237:239 238:239"
"احمد بشیر","رمضان تپائی",1,"42","44:41"
"احمد بشیر","ریوتی سرن شرما",1,"42","44:40"
"احمد بشیر","زاہد ڈار",3,"236 237","236:237 237:237 238:237"
"احمد بشیر","سبط حسن",1,"44","44:45"
"احمد بشیر","سلیم احمد",1,"41","44:39"
"احمد بشیر","شارعزیز",1,"234","236:233"
"احمد بشیر","شبلی بیگم",4,"236 237 238","236:237 237:237 238:237 238:238"
"احمد بشیر","شعیب حزیں",1,"45","44:46"
"احمد بشیر","شیخ صلاح الدین",1,"234","236:233"
"احمد بشیر","صلاح الدین محمود",1,"233","236:231"
"احمد بشیر","ظفر اقبال",1,"234","236:233"
"احمد بشیر","عسکری",1,"41","44:39"
"احمد بشیر","مبارک احمد",3,"237 238","236:239 237:239 238:239"
"احمد بشیر","منظور الہی",2,"233 234","236:231 236:233"
"احمد بشیر","مولانا حسرت موہانی",4,"41 42 43 44","44:39 44:41 44:43 44:44"
"احمد بشیر","میر انیس",1,"44","44:45"
"احمد بشیر","ناصر کاظمی",4,"42 238 239","44:41 236:240 237:240 238:240"
"احمد بشیر","وجے ٹنڈولکر",2,"239 240","237:242 238:242"
"احمد بشیر","وکیل صاحب",3,"237 238","236:238 237:238 238:238"
"احمد بشیر","پروفیسر کرار حسین",1,"41","44:39"
"احمد بشیر","ڈاکٹر ارتضیٰ کریم",3,"238 239","236:241 237:241 238:241"
"احمد بشیر","ڈاکٹر تاثیر",1,"45","44:46"
"احمد بشیر","کرشن چندر",2,"41 42","44:39 44:40"
"احمد بشیر","کشور ناہید",5,"233 234 237 238","236:231 236:233 236:239 237:239 238:239"
"احمد بشیر","ہاجرہ مسرور",1,"42","44:40"
"احمد بشیر","ہیما مالنی",3,"237 238","236:239 237:239 238:239"
"احمد راہی","احمد مشتاق",1,"77","77:77"
"احمد راہی","استاد امانت علی خاں",1,"75","77:74"
"احمد راہی","اعجاز حسین بٹالوی",2,"76 77","77:76 77:77"
"احمد راہی","افتخار جالب",1,"75","77:73"
"احمد راہی","امجد الطاف",1,"76","77:76"
"احمد راہی","انتظار حسین",4,"75 76 77","77:73 77:74 77:75 77:78"
"احمد راہی","اے حمید",1,"77","77:77"
"احمد راہی","بابو ہیرا",1,"77","77:77"
"احمد راہی","بیدل جالندھری",1,"77","77:78"
"احمد راہی","جالندھری تانگہ والا",2,"76 77","77:76 77:78"
"احمد راہی","حبیب جالب",1,"75","77:73"
"احمد راہی","حفیظ ہوشیارپوری",1,"74","77:72"
"احمد راہی","حمید نظامی",1,"75","77:74"
"احمد راہی","حنیف رامے",3,"75 76 77","77:74 77:75 77:77"
"احمد راہی","ذوالفقار علی بھٹو",1,"77","77:78"
"احمد راہی","سراج صاحب",1,"77","77:78"
"احمد راہی","سعید محمود",1,"79","77:81"
"احمد راہی","شاکر علی",2,"75 79","77:74 77:81"
"احمد راہی","شاہد حمید",1,"77","77:77"
"احمد راہی","شہرت بخاری",1,"76","77:76"
"احمد راہی","شیخ صلاح الدین",2,"76 78","77:75 77:79"
"احمد راہی","شیر محمد اختر",1,"76","77:76"
"احمد راہی","ضیا جالندھری",1,"76","77:76"
"احمد راہی","عبدالعلیم",1,"74","77:72"
"احمد راہی","عبداللہ بٹ",1,"75","77:74"
"احمد راہی","علیم صاحب",1,"77","77:77"
"احمد راہی","غالب احمد",1,"77","77:77"
"احمد راہی","فیض احمد فیض",2,"75 76","77:73 77:76"
"احمد راہی","قیوم صاحب (یونیسکو)",2,"76 77","77:76 77:77"
"احمد راہی","قیوم نظر",2,"76 77","77:76 77:78"
"احمد راہی","مبارک احمد",1,"76","77:75"
"احمد راہی","محبوب خزاں",1,"74","77:72"
"احمد راہی","مختار صدیقی",1,"76","77:76"
"احمد راہی","مظفر علی سید",1,"77","77:77"
"احمد راہی","میاں بشیر احمد",1,"74","77:72"
"احمد راہی","میر خلیل الرحمن",1,"75","77:74"
"احمد راہی","میرا بائی",1,"79","77:82"
"احمد راہی","ناصر کاظمی",6,"74 75 76 77","77:72 77:73 77:74 77:75 77:76 77:77"
"احمد راہی","نواب ناطق",1,"75","77:73"
"احمد راہی","ولی",1,"75","77:74"
"احمد راہی","کبیر",1,"79","77:82"
"احمد راہی","یوسف ظفر",1,"76","77:76"
"احمد علی خان","ادا جعفری",1,"219","218:220"
"احمد علی خان","اعجاز حسین بٹالوی",1,"216","218:214"
"احمد علی خان","انتظار حسین",5,"216 217 218","218:214 218:215 218:216 218:217 218:219"
"احمد علی خان","انصار",1,"216","218:214"
"احمد علی خان","انور الحسن جعفری",1,"219","218:220"
"احمد علی خان","اکبر لاہوری",1,"217","218:216"
"احمد علی خان","بے نظیر بھٹو",1,"216","218:215"
"احمد علی خان","جمیلہ ہاشمی",1,"219","218:220"
"احمد علی خان","جنرل ضیاء الحق",2,"215 218","218:213 218:218"
"احمد علی خان","خان فضل الرحمن خان",1,"217","218:216"
"احمد علی خان","ذوالفقار علی بھٹو",1,"218","218:219"
"احمد علی خان","رام لال",1,"216","218:215"
"احمد علی خان","رمضان تپائی",1,"218","218:218"
"احمد علی خان","سائرہ ہاشمی",1,"219","218:220"
"احمد علی خان","سارہ شگفتہ",1,"216","218:215"
"احمد علی خان","سعادت سعید",1,"215","218:213"
"احمد علی خان","شاد امرتسری",1,"217","218:216"
"احمد علی خان","شاہد حمید",1,"217","218:217"
"احمد علی خان","ضیاء اسلام انصاری",1,"218","218:219"
"احمد علی خان","ظفر صمدانی",1,"218","218:218"
"احمد علی خان","عالیہ",1,"220","218:222"
"احمد علی خان","عذرا عباس",1,"216","218:215"
"احمد علی خان","عزیز الحق",1,"215","218:213"
"احمد علی خان","علی سردار جعفری",1,"219","218:220"
"احمد علی خان","غالب احمد",1,"218","218:219"
"احمد علی خان","قیوم صاحب (یونیسکو)",1,"216","218:214"
"احمد علی خان","قیوم نظر",1,"215","218:213"
"احمد علی خان","مبارک احمد",4,"216 217 219","218:214 218:215 218:216 218:220"
"احمد علی خان","مولانا ابوالکلام آزاد",1,"215","218:213"
"احمد علی خان","ٹی ایس ایلیٹ",1,"216","218:215"
"احمد علی خان","کشور ناہید",2,"216 219","218:215 218:220"
"احمد علی خان","ہیما مالنی",1,"216","218:215"
"احمد علی خان","یوسف کامران",1,"216","218:214"
"احمد مشتاق","ادا جعفری",1,"231","231:231"
"احمد مشتاق","استاد امانت علی خاں",4,"72 75 187","70:74 77:74 188:186 188:187"
"احمد مشتاق","اسلم اظہر",3,"195 196 273","194:197 195:197 276:271"
"احمد مشتاق","اشفاق احمد",2,"122 273","121:123 276:271"
"احمد مشتاق","اصغر بٹ",1,"232","231:233"
"احمد مشتاق","اعجاز حسین بٹالوی",7,"76 77 123 190 192 193","77:76 77:77 78:77 121:126 188:193 191:193 194:193"
"احمد مشتاق","افتخار جالب",4,"60 71 75 187","61:60 70:73 77:73 188:186"
"احمد مشتاق","افضل رندھاوا",1,"274","276:273"
"احمد مشتاق","الف المحراث",1,"278","276:281"
"احمد مشتاق","امجد الطاف",2,"76 123","77:76 121:126"
"احمد مشتاق","امیر تیمور",3,"193 195","191:196 194:196 195:196"
"احمد مشتاق","انتظار حسین",39,"60 67 69 70 75 76 77 78 81 82 83 84 107 109 111 113 121 185 186 187 188 189 191 192 193 194 195 231 273 274","61:59 61:60 67:68 70:68 70:69 70:70 77:73 77:74 77:75 77:78 78:78 84:79 84:80 84:81 84:82 84:83 84:85 109:106 109:109 113:109 113:110 113:113 114:113 121:122 188:183 188:184 188:186 188:187 188:188 191:188 191:191 194:191 194:192 194:194 195:194 195:196 231:231 276:271 276:272"
"احمد مشتاق","انجم رومانی",5,"107 108 188 189 190","109:106 109:108 188:188 191:188 191:189"
"احمد مشتاق","انصار",6,"62 63 65 67 69 277","61:64 62:64 67:64 67:68 70:68 276:278"
"احمد مشتاق","ایوب خاں",3,"109 111 229","109:110 113:110 231:228"
"احمد مشتاق","اے حمید",2,"77","77:77 78:77"
"احمد مشتاق","بابو ہیرا",2,"77","77:77 78:77"
"احمد مشتاق","بخاری صاحب",1,"228","231:226"
"احمد مشتاق","برتولٹ بریخت",2,"195 196","194:197 195:197"
"احمد مشتاق","برنی صاحب",3,"62 63 65","61:64 62:64 67:64"
"احمد مشتاق","بیدل جالندھری",5,"68 69 77 78 81","67:69 70:69 77:78 78:78 84:79"
"احمد مشتاق","جالندھری تانگہ والا",6,"68 69 76 77 78 81","67:69 70:69 77:76 77:78 78:78 84:79"
"احمد مشتاق","جمیل الدین عالی",6,"61 62 64 108 120 277","61:62 62:62 67:62 109:107 121:120 276:279"
"احمد مشتاق","جمیلہ ہاشمی",1,"231","231:231"
"احمد مشتاق","جنرل ضیاء الحق",3,"233 274","231:235 276:272 276:273"
"احمد مشتاق","جوزف کیمبل",3,"189 191 192","188:191 191:191 194:191"
"احمد مشتاق","جوش ملیح آبادی",11,"58 61 62 64 65 116 120 122 231 274 276","61:56 61:62 62:62 67:62 67:63 114:119 121:119 121:124 231:232 276:273 276:277"
"احمد مشتاق","حبیب جالب",12,"60 71 75 110 112 187 188 189 190 196 276","61:60 70:73 77:73 109:112 113:112 188:186 188:188 191:188 191:189 194:198 195:198 276:277"
"احمد مشتاق","حجاب امتیاز علی",1,"231","231:231"
"احمد مشتاق","حسن طارق",2,"110 112","109:111 113:111"
"احمد مشتاق","حسین نقی",1,"187","188:186"
"احمد مشتاق","حفیظ ہوشیارپوری",3,"69 71 74","67:72 70:72 77:72"
"احمد مشتاق","حمید اختر",1,"232","231:233"
"احمد مشتاق","حمید نظامی",2,"72 75","70:74 77:74"
"احمد مشتاق","حنیف رامے",12,"61 72 75 76 77 84 111 113 114 276","61:61 62:61 70:74 77:74 77:75 77:77 78:77 84:84 109:114 113:114 114:114 276:276"
"احمد مشتاق","خدیجہ مستور",1,"186","188:184"
"احمد مشتاق","خواجہ صاحب",2,"68 69","67:69 70:69"
"احمد مشتاق","دادا پٹی نذیر احمد",1,"278","276:280"
"احمد مشتاق","ذوالفقار علی بھٹو",3,"77 78 187","77:78 78:78 188:186"
"احمد مشتاق","رمضان تپائی",3,"107 196","109:106 194:198 195:198"
"احمد مشتاق","روشن آراء بیگم",3,"187 188 189","188:187 188:188 191:188"
"احمد مشتاق","زاہد ڈار",5,"193 195 274 278","191:196 194:196 195:196 276:272 276:280"
"احمد مشتاق","سارتر",1,"106","109:104"
"احمد مشتاق","سبط حسن",4,"122 189 191 192","121:123 188:191 191:191 194:191"
"احمد مشتاق","سجاد باقر رضوی",6,"122 190 192 193 194","121:124 188:193 191:193 194:193 194:194 195:194"
"احمد مشتاق","سراج صاحب",2,"77 78","77:78 78:78"
"احمد مشتاق","سراج منیر",3,"188 190","188:189 191:189 191:190"
"احمد مشتاق","سعید محمود",12,"79 82 83 84 106 114 118 119 276","77:81 78:81 84:81 84:82 84:83 84:85 109:104 113:115 114:115 121:116 121:118 276:276"
"احمد مشتاق","سلیم احمد",8,"84 109 111 113 188 189","84:84 109:109 113:109 113:110 113:113 114:113 188:188 191:188"
"احمد مشتاق","سید امتیاز علی تاج",1,"277","276:279"
"احمد مشتاق","شارعزیز",1,"232","231:233"
"احمد مشتاق","شاکر علی",14,"72 75 79 82 116 120 189 191 192 194 195 276","70:74 77:74 77:81 78:81 84:81 114:119 121:119 188:191 191:191 194:191 194:194 195:194 195:195 276:276"
"احمد مشتاق","شاہجہان",3,"193 195","191:196 194:196 195:196"
"احمد مشتاق","شاہد حمید",5,"64 67 68 77","62:67 67:67 70:67 77:77 78:77"
"احمد مشتاق","شاہد صاحب",2,"109 111","109:110 113:110"
"احمد مشتاق","شومی قیصر",1,"185","188:183"
"احمد مشتاق","شوکت عثمان",1,"186","188:184"
"احمد مشتاق","شہرت بخاری",6,"76 86 108 188 189 276","77:76 84:88 109:108 188:188 191:188 276:276"
"احمد مشتاق","شہید اللہ قیصر",1,"185","188:183"
"احمد مشتاق","شیخ صلاح الدین",25,"61 62 64 65 66 67 68 69 72 76 78 81 82 83 84 111 113 114 119 232 276","61:61 62:61 62:62 67:62 67:63 67:66 67:67 70:67 70:68 70:75 77:75 77:79 78:79 84:79 84:80 84:82 84:83 84:84 109:113 113:113 114:113 114:114 121:118 231:233 276:276"
"احمد مشتاق","شیر محمد اختر",1,"76","77:76"
"احمد مشتاق","صادقین",1,"187","188:187"
"احمد مشتاق","صفدر میر",9,"67 69 108 109 111 189 191 192","67:68 70:68 109:107 109:108 109:109 113:109 188:191 191:191 194:191"
"احمد مشتاق","صلاح الدین محمود",5,"190 191 193 197 231","188:192 191:192 194:192 195:200 231:231"
"احمد مشتاق","ضیا جالندھری",1,"76","77:76"
"احمد مشتاق","ظفر اقبال",2,"60 232","61:60 231:233"
"احمد مشتاق","ظفر صمدانی",1,"106","109:104"
"احمد مشتاق","عالیہ",4,"189 190 196 197","188:190 191:190 194:199 195:199"
"احمد مشتاق","عبدالعلیم",3,"69 71 74","67:72 70:72 77:72"
"احمد مشتاق","عبداللہ بٹ",2,"72 75","70:74 77:74"
"احمد مشتاق","عزیز الحق",2,"188 190","188:189 191:189"
"احمد مشتاق","عسکری",6,"109 111 112 120 121 230","109:110 113:110 113:112 121:120 121:121 231:229"
"احمد مشتاق","علی سردار جعفری",3,"189 191 192","188:191 191:191 194:191"
"احمد مشتاق","علیم صاحب",2,"77","77:77 78:77"
"احمد مشتاق","غازی منجم",3,"193 195","191:196 194:196 195:196"
"احمد مشتاق","غالب احمد",4,"61 77","61:61 62:61 77:77 78:77"
"احمد مشتاق","غلام عباس",1,"120","121:120"
"احمد مشتاق","غلام محمد",5,"64 67 68 186","62:67 67:67 70:67 188:184 188:185"
"احمد مشتاق","فخر زمان",1,"273","276:271"
"احمد مشتاق","فراق",2,"230 275","231:229 276:275"
"احمد مشتاق","فریدہ اختر",1,"185","188:183"
"احمد مشتاق","فیض احمد فیض",12,"61 71 75 76 120 187 190 192 193 195 196","61:61 62:61 70:73 77:73 77:76 121:120 188:187 188:193 191:193 194:193 194:197 195:197"
"احمد مشتاق","قرۃ العین حیدر",1,"108","109:107"
"احمد مشتاق","قیوم صاحب (یونیسکو)",10,"76 77 78 82 83 86 114 122","77:76 77:77 78:77 78:78 84:81 84:82 84:88 113:115 114:115 121:123"
"احمد مشتاق","قیوم نظر",3,"76 77 78","77:76 77:78 78:78"
"احمد مشتاق","لئیق تانگہ والا",1,"121","121:121"
"احمد مشتاق","مبارک احمد",4,"72 76 86 108","70:75 77:75 84:88 109:107"
"احمد مشتاق","مجاہد اردو (گمنام مقرر)",1,"278","276:281"
"احمد مشتاق","مجروح سلطان پوری",2,"195 196","194:197 195:197"
"احمد مشتاق","محبوب خزاں",3,"69 71 74","67:72 70:72 77:72"
"احمد مشتاق","محمد حسن لطیفی",1,"84","84:84"
"احمد مشتاق","مختار صدیقی",1,"76","77:76"
"احمد مشتاق","مظفر علی سید",18,"61 62 64 77 78 81 82 83 84 114 189 191 192 276","61:61 62:61 62:62 67:62 77:77 78:77 78:79 84:79 84:81 84:82 84:83 84:84 113:115 114:115 188:191 191:191 194:191 276:276"
"احمد مشتاق","منظور الہی",1,"231","231:231"
"احمد مشتاق","منٹو",3,"111 113","109:113 113:113 114:113"
"احمد مشتاق","منیر نیازی",2,"84 122","84:85 121:124"
"احمد مشتاق","مولانا صلاح الدین احمد",3,"109 111 120","109:110 113:110 121:120"
"احمد مشتاق","میاں بشیر احمد",5,"69 71 74 114","67:72 70:72 77:72 113:115 114:115"
"احمد مشتاق","میر انیس",4,"189 191 192 193","188:191 191:191 194:191 194:193"
"احمد مشتاق","میر خلیل الرحمن",2,"72 75","70:74 77:74"
"احمد مشتاق","میرا بائی",6,"61 79 80 83 229","61:61 62:61 77:82 78:82 84:82 231:228"
"احمد مشتاق","ناصر کاظمی",42,"61 62 64 65 66 67 68 69 70 74 75 76 77 78 81 82 83 84 108 109 111 112 113 114 118 119 120 121 186 187 188 189 276","61:61 62:61 62:62 67:62 67:64 67:65 67:66 67:67 70:67 70:68 70:69 70:70 77:72 77:73 77:74 77:75 77:76 77:77 78:77 78:78 84:79 84:80 84:83 84:84 109:107 109:108 109:110 113:110 113:111 113:113 114:113 114:115 121:116 121:117 121:118 121:119 121:121 188:185 188:186 188:188 191:188 276:276"
"احمد مشتاق","نثار عثمانی",2,"196","194:198 195:198"
"احمد مشتاق","نعیم طاہر",1,"277","276:279"
"احمد مشتاق","نواب ناطق",5,"60 69 70 75 84","61:60 67:71 70:71 77:73 84:84"
"احمد مشتاق","ولی",4,"72 75 123 277","70:74 77:74 121:126 276:278"
"احمد مشتاق","پروفیسر کرار حسین",4,"228 229 230 274","231:226 231:227 231:229 276:273"
"احمد مشتاق","پنا قیصر",1,"185","188:183"
"احمد مشتاق","ڈاکٹر ذاکر حسین",3,"190 192 193","188:193 191:193 194:193"
"احمد مشتاق","ڈاکٹر سید عبداللہ",1,"278","276:281"
"احمد مشتاق","ڈاکٹر عبادت بریلوی",1,"86","84:89"
"احمد مشتاق","ڈاکٹر مہدی حسن",1,"274","276:273"
"احمد مشتاق","کبیر",3,"79 80 83","77:82 78:82 84:82"
"احمد مشتاق","کشور ناہید",7,"192 194 195 231 273 278","191:194 194:194 195:194 195:195 231:231 276:271 276:280"
"احمد مشتاق","ہارون الرشید",3,"193 194 195","191:195 194:195 195:195"
"احمد مشتاق","یوسف ظفر",4,"76 187 188 189","77:76 188:186 188:188 191:188"
"احمد ندیم قاسمی","اخلاق احمد دہلوی",1,"175","174:177"
"احمد ندیم قاسمی","اسلم اظہر",1,"199","201:197"
"احمد ندیم قاسمی","اصغر بٹ",2,"23 155","25:21 157:154"
"احمد ندیم قاسمی","اظہار کا ظمی",1,"155","157:154"
"احمد ندیم قاسمی","اعجاز حسین بٹالوی",4,"156 157 161 163","157:156 157:157 164:159 164:163"
"احمد ندیم قاسمی","افتخار جالب",3,"165 171 174","164:167 174:169 174:174"
"احمد ندیم قاسمی","افتخار عارف",1,"26","25:28"
"احمد ندیم قاسمی","امیر تیمور",2,"198 199","201:196 201:197"
"احمد ندیم قاسمی","انتظار حسین",27,"23 24 26 38 39 40 52 53 54 154 155 156 157 161 162 166 171 172 173 174 198 199 200 201","25:22 25:23 25:27 40:37 40:38 40:39 40:40 54:51 54:53 54:54 157:152 157:153 157:154 157:155 157:157 164:159 164:160 164:168 174:169 174:170 174:172 174:175 201:196 201:198 201:199 201:200 201:201"
"احمد ندیم قاسمی","انجم رومانی",1,"23","25:22"
"احمد ندیم قاسمی","انیس ہاشمی",1,"42","40:45"
"احمد ندیم قاسمی","ایوب خاں",5,"156 158 162 175","157:155 157:160 164:160 164:161 174:176"
"احمد ندیم قاسمی","اے ڈی اظہر",2,"156 157","157:156 157:157"
"احمد ندیم قاسمی","بانو قدسیہ",1,"155","157:154"
"احمد ندیم قاسمی","بخاری صاحب",1,"24","25:23"
"احمد ندیم قاسمی","برتولٹ بریخت",1,"199","201:197"
"احمد ندیم قاسمی","بے نظیر بھٹو",1,"202","201:203"
"احمد ندیم قاسمی","تجمل حسین",2,"156 157","157:156 157:157"
"احمد ندیم قاسمی","جالندھری تانگہ والا",1,"37","40:35"
"احمد ندیم قاسمی","جمیل الدین عالی",1,"156","157:156"
"احمد ندیم قاسمی","جمیلہ ہاشمی",1,"157","157:158"
"احمد ندیم قاسمی","جنرل جیلانی",1,"201","201:201"
"احمد ندیم قاسمی","جنرل ضیاء الحق",1,"201","201:201"
"احمد ندیم قاسمی","جوش ملیح آبادی",6,"25 52 54 159 163 165","25:25 54:51 54:55 157:162 164:162 164:167"
"احمد ندیم قاسمی","جیلانی کامران",1,"176","174:179"
"احمد ندیم قاسمی","حبیب جالب",4,"165 171 174 199","164:167 174:169 174:174 201:198"
"احمد ندیم قاسمی","حفیظ ہوشیارپوری",2,"22 23","25:20 25:22"
"احمد ندیم قاسمی","حمید اختر",3,"54 159 163","54:55 157:162 164:162"
"احمد ندیم قاسمی","حمید علوی",1,"155","157:154"
"احمد ندیم قاسمی","حمید ہاشمی",2,"27 42","25:29 40:45"
"احمد ندیم قاسمی","حنیف رامے",1,"201","201:201"
"احمد ندیم قاسمی","خضر تمیمی",1,"157","157:157"
"احمد ندیم قاسمی","دادا پٹی نذیر احمد",1,"38","40:37"
"احمد ندیم قاسمی","ذوالفقار علی بھٹو",7,"159 162 163 166 171 202","157:161 164:161 164:162 164:163 164:169 174:169 201:204"
"احمد ندیم قاسمی","راجہ رسالو",1,"176","174:178"
"احمد ندیم قاسمی","رمضان تپائی",2,"40 199","40:41 201:198"
"احمد ندیم قاسمی","روشن آراء بیگم",1,"166","164:168"
"احمد ندیم قاسمی","ریاض بٹالوی",1,"175","174:177"
"احمد ندیم قاسمی","ریوتی سرن شرما",1,"40","40:40"
"احمد ندیم قاسمی","زاہد ڈار",4,"26 172 173 198","25:28 174:170 174:172 201:196"
"احمد ندیم قاسمی","زین العابدین",1,"173","174:172"
"احمد ندیم قاسمی","سارتر",3,"157 173 174","157:158 174:173 174:174"
"احمد ندیم قاسمی","سبط حسن",5,"27 42 54 159 163","25:29 40:45 54:55 157:162 164:162"
"احمد ندیم قاسمی","سجاد باقر رضوی",2,"155 201","157:154 201:202"
"احمد ندیم قاسمی","سجاد ظہیر",3,"54 159 163","54:55 157:162 164:162"
"احمد ندیم قاسمی","سر عبد القادر",1,"165","164:166"
"احمد ندیم قاسمی","سعادت سعید",1,"165","164:167"
"احمد ندیم قاسمی","سعید بور",1,"38","40:37"
"احمد ندیم قاسمی","سلیم احمد",4,"26 38 39 201","25:27 40:37 40:39 201:201"
"احمد ندیم قاسمی","سہیل عظیم آبادی",2,"22 27","25:20 25:30"
"احمد ندیم قاسمی","سی آر اسلم",1,"164","164:165"
"احمد ندیم قاسمی","سید امتیاز علی تاج",1,"174","174:174"
"احمد ندیم قاسمی","شاکر علی",5,"53 54 172 173 198","54:52 54:55 174:170 174:172 201:196"
"احمد ندیم قاسمی","شاہجہان",1,"198","201:196"
"احمد ندیم قاسمی","شاہد صاحب",1,"53","54:53"
"احمد ندیم قاسمی","شفقت تنویر مرزا",1,"176","174:178"
"احمد ندیم قاسمی","شفیق احمد",1,"38","40:36"
"احمد ندیم قاسمی","شمس",1,"157","157:158"
"احمد ندیم قاسمی","شورش کاشمیری",1,"164","164:165"
"احمد ندیم قاسمی","شکور بیدل",1,"201","201:202"
"احمد ندیم قاسمی","شیخ صلاح الدین",1,"174","174:175"
"احمد ندیم قاسمی","شیخ مجیب الرحمن",1,"163","164:163"
"احمد ندیم قاسمی","شیر محمد اختر",1,"23","25:22"
"احمد ندیم قاسمی","صفدر میر",2,"27 176","25:29 174:178"
"احمد ندیم قاسمی","صلاح الدین محمود",1,"200","201:200"
"احمد ندیم قاسمی","ضیا جالندھری",1,"37","40:35"
"احمد ندیم قاسمی","ظہور بھائی",1,"202","201:203"
"احمد ندیم قاسمی","عارف عبدالمتین",1,"53","54:53"
"احمد ندیم قاسمی","عالیہ",1,"200","201:199"
"احمد ندیم قاسمی","عبد القادر حسن",1,"165","164:166"
"احمد ندیم قاسمی","عبداللہ ملک",1,"23","25:22"
"احمد ندیم قاسمی","عتیق اللہ شیخ",1,"155","157:154"
"احمد ندیم قاسمی","عزیز الحق",1,"165","164:167"
"احمد ندیم قاسمی","عسکری",13,"22 23 24 25 37 38 39 52 53","25:20 25:21 25:22 25:23 25:24 25:25 40:35 40:36 40:37 40:38 40:39 54:51 54:53"
"احمد ندیم قاسمی","علامہ علاء الدین صدیقی",2,"158 162","157:160 164:160"
"احمد ندیم قاسمی","علی سردار جعفری",1,"22","25:20"
"احمد ندیم قاسمی","عنایت اللہ",1,"175","174:176"
"احمد ندیم قاسمی","غازی منجم",2,"198 199","201:196 201:197"
"احمد ندیم قاسمی","غلام عباس",2,"22 164","25:20 164:165"
"احمد ندیم قاسمی","فخر الدین",2,"172 173","174:170 174:172"
"احمد ندیم قاسمی","فراق",4,"25 38 54","25:26 40:36 40:37 54:55"
"احمد ندیم قاسمی","فرخ نگار عزیز",1,"155","157:154"
"احمد ندیم قاسمی","فرہاد زیدی",1,"175","174:177"
"احمد ندیم قاسمی","فریدہ حفیظ",1,"175","174:177"
"احمد ندیم قاسمی","فیض احمد فیض",3,"52 54 199","54:50 54:55 201:197"
"احمد ندیم قاسمی","قدرت اللہ شہاب",2,"25 156","25:25 157:155"
"احمد ندیم قاسمی","قرۃ العین حیدر",1,"172","174:170"
"احمد ندیم قاسمی","قیوم نظر",2,"23 24","25:22 25:23"
"احمد ندیم قاسمی","لڈو",1,"165","164:167"
"احمد ندیم قاسمی","مجروح سلطان پوری",1,"199","201:197"
"احمد ندیم قاسمی","محمد باقر",1,"175","174:177"
"احمد ندیم قاسمی","محمد حسین آزاد",1,"175","174:177"
"احمد ندیم قاسمی","محمد سلیم الرحمن",1,"201","201:201"
"احمد ندیم قاسمی","محمود ہاشمی",1,"25","25:25"
"احمد ندیم قاسمی","مختار صدیقی",2,"23 24","25:22 25:23"
"احمد ندیم قاسمی","مسرت جبیں",1,"175","174:177"
"احمد ندیم قاسمی","ممتاز شیریں",2,"25 53","25:25 54:53"
"احمد ندیم قاسمی","منٹو",5,"24 25 37 38 163","25:24 25:25 40:35 40:36 164:163"
"احمد ندیم قاسمی","منیر احمد شیخ",1,"166","164:168"
"احمد ندیم قاسمی","منیر نیازی",3,"157 161 165","157:158 164:159 164:167"
"احمد ندیم قاسمی","مولانا بھاشانی",4,"159 163 164","157:162 164:162 164:163 164:164"
"احمد ندیم قاسمی","مولانا حسرت موہانی",4,"39 40 51 154","40:39 40:41 54:49 157:152"
"احمد ندیم قاسمی","مولانا صلاح الدین احمد",1,"175","174:177"
"احمد ندیم قاسمی","مولانا غلام رسول",1,"154","157:152"
"احمد ندیم قاسمی","مولانا مودودی",2,"166 171","164:169 174:169"
"احمد ندیم قاسمی","مولانا کوثر نیازی",1,"164","164:165"
"احمد ندیم قاسمی","مہندر ناتھ",1,"27","25:30"
"احمد ندیم قاسمی","میاں محمد طفیل",1,"164","164:165"
"احمد ندیم قاسمی","میر انیس",1,"42","40:45"
"احمد ندیم قاسمی","میر نور احمد",1,"154","157:152"
"احمد ندیم قاسمی","ناصر کاظمی",5,"25 40 53 164 174","25:26 40:41 54:52 164:164 174:174"
"احمد ندیم قاسمی","نثار عثمانی",1,"199","201:198"
"احمد ندیم قاسمی","نذیر ناجی",2,"159 163","157:162 164:162"
"احمد ندیم قاسمی","نصیر انور",1,"176","174:178"
"احمد ندیم قاسمی","نعیم طاہر",2,"158 161","157:159 164:159"
"احمد ندیم قاسمی","پروفیسر حمید احمد خاں",3,"154 158 162","157:152 157:160 164:160"
"احمد ندیم قاسمی","پروفیسر وزیر الحسن عابدی",2,"158 162","157:160 164:160"
"احمد ندیم قاسمی","پروفیسر کرار حسین",1,"39","40:39"
"احمد ندیم قاسمی","ڈاکٹر باقر",2,"156 157","157:156 157:157"
"احمد ندیم قاسمی","ڈاکٹر تاثیر",3,"24 37","25:23 25:24 40:35"
"احمد ندیم قاسمی","ڈاکٹر سید عبداللہ",1,"201","201:201"
"احمد ندیم قاسمی","کرشن چندر",7,"25 37 38 39 40 174","25:26 40:35 40:36 40:37 40:39 40:40 174:174"
"احمد ندیم قاسمی","کشور ناہید",3,"198 199","201:196 201:197 201:198"
"احمد ندیم قاسمی","کمال احمد رضوی",1,"155","157:154"
"احمد ندیم قاسمی","ہاجرہ مسرور",2,"40 54","40:40 54:55"
"احمد ندیم قاسمی","ہارون الرشید",1,"198","201:196"
"احمد ندیم قاسمی","یوسف ظفر",3,"23 24 155","25:22 25:23 157:154"
"اخلاق احمد دہلوی","افتخار جالب",1,"175","177:174"
"اخلاق احمد دہلوی","انتظار حسین",3,"174 176 177","177:172 177:175 177:177"
"اخلاق احمد دہلوی","ایوب خاں",2,"176 178","177:176 177:179"
"اخلاق احمد دہلوی","جیلانی کامران",1,"178","177:179"
"اخلاق احمد دہلوی","حبیب جالب",1,"175","177:174"
"اخلاق احمد دہلوی","ذوالفقار علی بھٹو",1,"179","177:181"
"اخلاق احمد دہلوی","راجہ رسالو",1,"177","177:178"
"اخلاق احمد دہلوی","ریاض بٹالوی",1,"177","177:177"
"اخلاق احمد دہلوی","زاہد ڈار",1,"174","177:172"
"اخلاق احمد دہلوی","زین العابدین",1,"174","177:172"
"اخلاق احمد دہلوی","سارتر",2,"175","177:173 177:174"
"اخلاق احمد دہلوی","سید امتیاز علی تاج",1,"175","177:174"
"اخلاق احمد دہلوی","شاکر علی",1,"174","177:172"
"اخلاق احمد دہلوی","شفقت تنویر مرزا",1,"177","177:178"
"اخلاق احمد دہلوی","شوکت عثمان",1,"179","177:182"
"اخلاق احمد دہلوی","شیخ صلاح الدین",2,"176","177:175 177:176"
"اخلاق احمد دہلوی","صفدر میر",1,"177","177:178"
"اخلاق احمد دہلوی","عنایت اللہ",1,"176","177:176"
"اخلاق احمد دہلوی","غلام محمد",1,"179","177:182"
"اخلاق احمد دہلوی","فخر الدین",1,"174","177:172"
"اخلاق احمد دہلوی","فرہاد زیدی",1,"177","177:177"
"اخلاق احمد دہلوی","فرہاد مظہر",1,"179","177:182"
"اخلاق احمد دہلوی","فریدہ اختر",1,"179","177:182"
"اخلاق احمد دہلوی","فریدہ حفیظ",1,"177","177:177"
"اخلاق احمد دہلوی","محمد باقر",1,"177","177:177"
"اخلاق احمد دہلوی","محمد حسین آزاد",1,"177","177:177"
"اخلاق احمد دہلوی","مسرت جبیں",1,"177","177:177"
"اخلاق احمد دہلوی","مولانا صلاح الدین احمد",1,"177","177:177"
"اخلاق احمد دہلوی","ناصر کاظمی",4,"175 176 179","177:174 177:175 177:176 177:181"
"اخلاق احمد دہلوی","نصیر انور",1,"177","177:178"
"اخلاق احمد دہلوی","کرشن چندر",1,"175","177:174"
"ادا جعفری","اصغر بٹ",1,"232","231:233"
"ادا جعفری","انتظار حسین",8,"206 207 217 218 219 220 231","207:205 207:207 220:215 220:216 220:217 220:219 220:220 231:231"
"ادا جعفری","انور الحسن جعفری",1,"220","220:220"
"ادا جعفری","اکبر لاہوری",1,"218","220:216"
"ادا جعفری","ایوب خاں",1,"229","231:228"
"ادا جعفری","بخاری صاحب",1,"228","231:226"
"ادا جعفری","بے نظیر بھٹو",2,"205 217","207:203 220:215"
"ادا جعفری","تصدق حسین",1,"222","220:224"
"ادا جعفری","جمیلہ ہاشمی",3,"207 220 231","207:207 220:220 231:231"
"ادا جعفری","جنرل ضیاء الحق",4,"206 219 233","207:205 220:218 220:219 231:235"
"ادا جعفری","جوش ملیح آبادی",1,"231","231:232"
"ادا جعفری","حجاب امتیاز علی",2,"207 231","207:207 231:231"
"ادا جعفری","حمید اختر",1,"232","231:233"
"ادا جعفری","خان بہادر (دادا جان ہاپوڑ)",1,"222","220:224"
"ادا جعفری","خان فضل الرحمن خان",1,"218","220:216"
"ادا جعفری","ذوالفقار علی بھٹو",3,"205 208 219","207:204 207:210 220:219"
"ادا جعفری","رام لال",1,"217","220:215"
"ادا جعفری","رمضان تپائی",1,"219","220:218"
"ادا جعفری","سائرہ ہاشمی",1,"220","220:220"
"ادا جعفری","سارہ شگفتہ",1,"217","220:215"
"ادا جعفری","سجاد باقر رضوی",1,"204","207:202"
"ادا جعفری","سعید محمود",1,"209","207:211"
"ادا جعفری","شاد امرتسری",1,"218","220:216"
"ادا جعفری","شارعزیز",1,"232","231:233"
"ادا جعفری","شاہد حمید",1,"218","220:217"
"ادا جعفری","شکور بیدل",1,"204","207:202"
"ادا جعفری","شیخ صلاح الدین",1,"232","231:233"
"ادا جعفری","صلاح الدین محمود",2,"207 231","207:207 231:231"
"ادا جعفری","ضیاء اسلام انصاری",1,"219","220:219"
"ادا جعفری","ظفر اقبال",1,"232","231:233"
"ادا جعفری","ظفر صمدانی",1,"219","220:218"
"ادا جعفری","ظہور بھائی",1,"205","207:203"
"ادا جعفری","عالیہ",1,"221","220:222"
"ادا جعفری","عذرا عباس",1,"217","220:215"
"ادا جعفری","عسکری",1,"230","231:229"
"ادا جعفری","عظیم اللہ خان",1,"209","207:211"
"ادا جعفری","علی سردار جعفری",1,"220","220:220"
"ادا جعفری","غالب احمد",1,"219","220:219"
"ادا جعفری","فراق",1,"230","231:229"
"ادا جعفری","قدرت اللہ شہاب",1,"207","207:207"
"ادا جعفری","مبارک احمد",3,"217 218 220","220:215 220:216 220:220"
"ادا جعفری","منظور الہی",2,"207 231","207:208 231:231"
"ادا جعفری","میرا بائی",2,"209 229","207:211 231:228"
"ادا جعفری","نور الحسن جعفری",1,"207","207:208"
"ادا جعفری","ٹی ایس ایلیٹ",1,"217","220:215"
"ادا جعفری","پروفیسر کرار حسین",3,"228 229 230","231:226 231:227 231:229"
"ادا جعفری","ڈاکٹر اسرار احمد",1,"208","207:210"
"ادا جعفری","کشور ناہید",4,"207 217 220 231","207:207 220:215 220:220 231:231"
"ادا جعفری","ہیما مالنی",1,"217","220:215"
"ادا جعفری","یوسف کامران",1,"207","207:208"
"استاد امانت علی خاں","اعجاز حسین بٹالوی",1,"75","74:76"
"استاد امانت علی خاں","افتخار جالب",3,"73 186","74:73 186:186 187:186"
"استاد امانت علی خاں","امجد الطاف",1,"75","74:76"
"استاد امانت علی خاں","انتظار حسین",10,"71 72 73 74 184 185 186 187","74:69 74:70 74:73 74:74 186:182 186:183 186:184 186:186 187:186 187:187"
"استاد امانت علی خاں","انجم رومانی",2,"187","186:188 187:188"
"استاد امانت علی خاں","اے حمید",1,"75","74:77"
"استاد امانت علی خاں","بابو ہیرا",1,"75","74:77"
"استاد امانت علی خاں","بیدل جالندھری",2,"71 76","74:69 74:78"
"استاد امانت علی خاں","جالندھری تانگہ والا",2,"71 75","74:69 74:76"
"استاد امانت علی خاں","جوزف کیمبل",2,"188 189","186:191 187:191"
"استاد امانت علی خاں","حبیب جالب",4,"73 186 187","74:73 186:186 187:186 187:188"
"استاد امانت علی خاں","حسین نقی",2,"186","186:186 187:186"
"استاد امانت علی خاں","حفیظ ہوشیارپوری",1,"73","74:72"
"استاد امانت علی خاں","حمید نظامی",1,"74","74:74"
"استاد امانت علی خاں","حنیف رامے",1,"74","74:74"
"استاد امانت علی خاں","خدیجہ مستور",1,"185","186:184"
"استاد امانت علی خاں","خواجہ صاحب",1,"71","74:69"
"استاد امانت علی خاں","ذوالفقار علی بھٹو",4,"76 183 186","74:78 186:181 186:186 187:186"
"استاد امانت علی خاں","روشن آراء بیگم",2,"186 187","186:187 187:187"
"استاد امانت علی خاں","سبط حسن",2,"188 189","186:191 187:191"
"استاد امانت علی خاں","سراج صاحب",1,"76","74:78"
"استاد امانت علی خاں","سراج منیر",2,"187 188","186:189 187:189"
"استاد امانت علی خاں","سلیم احمد",2,"187","186:188 187:188"
"استاد امانت علی خاں","شاکر علی",3,"74 188 189","74:74 186:191 187:191"
"استاد امانت علی خاں","شاہد حمید",1,"75","74:77"
"استاد امانت علی خاں","شومی قیصر",1,"184","186:183"
"استاد امانت علی خاں","شوکت عثمان",2,"184 185","186:182 186:184"
"استاد امانت علی خاں","شہرت بخاری",3,"75 187","74:76 186:188 187:188"
"استاد امانت علی خاں","شہید اللہ قیصر",1,"184","186:183"
"استاد امانت علی خاں","شیخ صلاح الدین",1,"74","74:75"
"استاد امانت علی خاں","شیر محمد اختر",1,"75","74:76"
"استاد امانت علی خاں","صادقین",2,"186 187","186:187 187:187"
"استاد امانت علی خاں","صفدر میر",2,"188 189","186:191 187:191"
"استاد امانت علی خاں","صلاح الدین محمود",1,"189","187:192"
"استاد امانت علی خاں","ضیا جالندھری",1,"75","74:76"
"استاد امانت علی خاں","عالیہ",2,"188","186:190 187:190"
"استاد امانت علی خاں","عبدالعلیم",1,"73","74:72"
"استاد امانت علی خاں","عبداللہ بٹ",1,"74","74:74"
"استاد امانت علی خاں","عزیز الحق",2,"187 188","186:189 187:189"
"استاد امانت علی خاں","علی سردار جعفری",2,"188 189","186:191 187:191"
"استاد امانت علی خاں","علیم صاحب",1,"75","74:77"
"استاد امانت علی خاں","غالب احمد",1,"75","74:77"
"استاد امانت علی خاں","غلام محمد",3,"184 185","186:182 186:184 186:185"
"استاد امانت علی خاں","فرہاد مظہر",1,"184","186:182"
"استاد امانت علی خاں","فریدہ اختر",2,"184","186:182 186:183"
"استاد امانت علی خاں","فیض احمد فیض",4,"73 75 186 187","74:73 74:76 186:187 187:187"
"استاد امانت علی خاں","قیوم صاحب (یونیسکو)",1,"75","74:76"
"استاد امانت علی خاں","قیوم نظر",1,"75","74:76"
"استاد امانت علی خاں","مبارک احمد",1,"74","74:75"
"استاد امانت علی خاں","محبوب خزاں",1,"73","74:72"
"استاد امانت علی خاں","مختار صدیقی",1,"75","74:76"
"استاد امانت علی خاں","مظفر علی سید",3,"75 188 189","74:77 186:191 187:191"
"استاد امانت علی خاں","میاں بشیر احمد",1,"73","74:72"
"استاد امانت علی خاں","میر انیس",2,"188 189","186:191 187:191"
"استاد امانت علی خاں","میر خلیل الرحمن",1,"74","74:74"
"استاد امانت علی خاں","ناصر کاظمی",11,"71 72 73 74 183 184 185 186 187","74:69 74:70 74:72 74:73 74:74 186:181 186:182 186:185 186:186 187:186 187:188"
"استاد امانت علی خاں","نواب ناطق",2,"72 73","74:71 74:73"
"استاد امانت علی خاں","ولی",1,"74","74:74"
"استاد امانت علی خاں","پنا قیصر",1,"184","186:183"
"استاد امانت علی خاں","یوسف ظفر",4,"75 186 187","74:76 186:186 187:186 187:188"
"استاد بسم اللہ خان","افتخار عارف",1,"251","251:251"
"استاد بسم اللہ خان","انتظار حسین",6,"248 249 250 251","251:246 251:247 251:248 251:249 251:250 251:251"
"استاد بسم اللہ خان","بلراج کومل",1,"251","251:251"
"استاد بسم اللہ خان","جمیل الدین عالی",1,"251","251:251"
"استاد بسم اللہ خان","جنرل ضیاء الحق",2,"250 251","251:250 251:252"
"استاد بسم اللہ خان","حضرت نظام الدین اولیا",1,"252","251:254"
"استاد بسم اللہ خان","حضرت چراغ دہلی",1,"252","251:254"
"استاد بسم اللہ خان","رام چندر جی",1,"252","251:253"
"استاد بسم اللہ خان","روحی بانو",1,"251","251:252"
"استاد بسم اللہ خان","ریوتی سرن شرما",2,"248 253","251:246 251:255"
"استاد بسم اللہ خان","زبیر رضوی",1,"253","251:255"
"استاد بسم اللہ خان","سریندر پرکاش",1,"251","251:251"
"استاد بسم اللہ خان","شمس",1,"252","251:253"
"استاد بسم اللہ خان","شمس الرحمن فاروقی",1,"252","251:253"
"استاد بسم اللہ خان","شمع فتح علی",1,"248","251:246"
"استاد بسم اللہ خان","عالیہ",1,"251","251:251"
"استاد بسم اللہ خان","عبید صدیقی",1,"253","251:255"
"استاد بسم اللہ خان","عسکری",1,"250","251:249"
"استاد بسم اللہ خان","علی سردار جعفری",1,"248","251:246"
"استاد بسم اللہ خان","غلام عباس",1,"250","251:250"
"استاد بسم اللہ خان","قرۃ العین حیدر",1,"251","251:251"
"استاد بسم اللہ خان","محمود ہاشمی",1,"253","251:255"
"استاد بسم اللہ خان","منٹو",1,"251","251:252"
"استاد بسم اللہ خان","میر انیس",1,"253","251:255"
"استاد بسم اللہ خان","میرا بائی",2,"248 249","251:246 251:247"
"استاد بسم اللہ خان","ناصر کاظمی",2,"250 251","251:250 251:252"
"استاد بسم اللہ خان","نواب اسماعیل خان",1,"253","251:255"
"استاد بسم اللہ خان","کبیر",2,"248 249","251:246 251:247"
"استاد بسم اللہ خان","کشور ناہید",2,"250 251","251:250 251:252"
"استاد بسم اللہ خان","گوتم بدھ",1,"252","251:253"
"اسرار زیدی","اسلم اظہر",1,"270","269:271"
"اسرار زیدی","اشفاق احمد",1,"270","269:271"
"اسرار زیدی","افضل رندھاوا",1,"271","269:273"
"اسرار زیدی","انتظار حسین",1,"270","269:271"
"اسرار زیدی","انجم رومانی",1,"267","269:266"
"اسرار زیدی","اے جی جوش",1,"269","269:269"
"اسرار زیدی","جنرل ضیاء الحق",1,"270","269:272"
"اسرار زیدی","جوش ملیح آبادی",1,"269","269:269"
"اسرار زیدی","زاہد ڈار",1,"269","269:270"
"اسرار زیدی","سلیم احمد",1,"267","269:266"
"اسرار زیدی","شاہد حمید",1,"269","269:270"
"اسرار زیدی","عارف عبدالمتین",1,"267","269:266"
"اسرار زیدی","عالیہ",1,"269","269:269"
"اسرار زیدی","فخر زمان",1,"270","269:271"
"اسرار زیدی","فراق",1,"267","269:266"
"اسرار زیدی","محمد حسین آزاد",1,"266","269:264"
"اسرار زیدی","مولانا چراغ حسن حسرت",1,"266","269:264"
"اسرار زیدی","ندرت الطاف",1,"268","269:268"
"اسرار زیدی","پروفیسر کرار حسین",1,"271","269:273"
"اسرار زیدی","ڈاکٹر سلیم واحد سلیم",1,"267","269:266"
"اسرار زیدی","ڈاکٹر مہدی حسن",1,"271","269:273"
"اسرار زیدی","کرام اللہ",1,"269","269:270"
"اسرار زیدی","کشور ناہید",1,"270","269:271"
"اسرار زیدی","گوتم بدھ",1,"269","269:270"
"اسلم اظہر","اشفاق احمد",1,"271","271:271"
"اسلم اظہر","اعجاز حسین بٹالوی",1,"195","197:193"
"اسلم اظہر","افضل رندھاوا",1,"272","271:273"
"اسلم اظہر","امیر تیمور",2,"196 197","197:196 197:197"
"اسلم اظہر","انتظار حسین",5,"194 195 196 197 271","197:192 197:194 197:196 197:198 271:271"
"اسلم اظہر","انجم رومانی",1,"268","271:266"
"اسلم اظہر","اے جی جوش",1,"270","271:269"
"اسلم اظہر","برتولٹ بریخت",1,"197","197:197"
"اسلم اظہر","جنرل جیلانی",1,"199","197:201"
"اسلم اظہر","جنرل ضیاء الحق",2,"199 271","197:201 271:272"
"اسلم اظہر","جوش ملیح آبادی",2,"270 272","271:269 271:273"
"اسلم اظہر","حبیب جالب",1,"197","197:198"
"اسلم اظہر","حنیف رامے",2,"199 273","197:201 271:276"
"اسلم اظہر","رمضان تپائی",1,"197","197:198"
"اسلم اظہر","زاہد ڈار",3,"196 270 271","197:196 271:270 271:272"
"اسلم اظہر","سجاد باقر رضوی",3,"195 199","197:193 197:194 197:202"
"اسلم اظہر","سعید محمود",1,"273","271:276"
"اسلم اظہر","سلیم احمد",2,"199 268","197:201 271:266"
"اسلم اظہر","شاکر علی",4,"195 196 273","197:194 197:195 197:196 271:276"
"اسلم اظہر","شاہجہان",1,"196","197:196"
"اسلم اظہر","شاہد حمید",1,"270","271:270"
"اسلم اظہر","شکور بیدل",1,"199","197:202"
"اسلم اظہر","شہرت بخاری",1,"273","271:276"
"اسلم اظہر","شیخ صلاح الدین",1,"273","271:276"
"اسلم اظہر","صلاح الدین محمود",2,"194 198","197:192 197:200"
"اسلم اظہر","عارف عبدالمتین",1,"268","271:266"
"اسلم اظہر","عالیہ",2,"198 270","197:199 271:269"
"اسلم اظہر","غازی منجم",2,"196 197","197:196 197:197"
"اسلم اظہر","فخر زمان",1,"271","271:271"
"اسلم اظہر","فراق",2,"268 273","271:266 271:275"
"اسلم اظہر","فیض احمد فیض",2,"195 197","197:193 197:197"
"اسلم اظہر","مجروح سلطان پوری",1,"197","197:197"
"اسلم اظہر","محمد سلیم الرحمن",1,"199","197:201"
"اسلم اظہر","مظفر علی سید",1,"273","271:276"
"اسلم اظہر","میر انیس",1,"195","197:193"
"اسلم اظہر","ناصر کاظمی",1,"273","271:276"
"اسلم اظہر","نثار عثمانی",1,"197","197:198"
"اسلم اظہر","ندرت الطاف",1,"269","271:268"
"اسلم اظہر","پروفیسر کرار حسین",1,"272","271:273"
"اسلم اظہر","ڈاکٹر ذاکر حسین",1,"195","197:193"
"اسلم اظہر","ڈاکٹر سلیم واحد سلیم",1,"268","271:266"
"اسلم اظہر","ڈاکٹر سید عبداللہ",1,"199","197:201"
"اسلم اظہر","ڈاکٹر مہدی حسن",1,"272","271:273"
"اسلم اظہر","کرام اللہ",1,"270","271:270"
"اسلم اظہر","کشور ناہید",5,"195 196 197 271","197:194 197:195 197:196 197:197 271:271"
"اسلم اظہر","گوتم بدھ",1,"270","271:270"
"اسلم اظہر","ہارون الرشید",2,"196","197:195 197:196"
"اشفاق احمد","اعجاز حسین بٹالوی",2,"124 128","123:126 131:126"
"اشفاق احمد","افضل رندھاوا",1,"272","271:273"
"اشفاق احمد","امجد الطاف",2,"124 128","123:126 131:126"
"اشفاق احمد","انتظار حسین",7,"122 124 131 132 135 271","123:122 123:125 131:131 133:131 133:137 134:137 271:271"
"اشفاق احمد","انجم رومانی",1,"268","271:266"
"اشفاق احمد","ایوب خاں",2,"131 132","131:131 133:131"
"اشفاق احمد","اے جی جوش",1,"270","271:269"
"اشفاق احمد","جالندھری تانگہ والا",2,"135","133:137 134:137"
"اشفاق احمد","جسٹس کیانی",2,"131 132","131:131 133:131"
"اشفاق احمد","جمال عبد الناصر",2,"131 132","131:131 133:131"
"اشفاق احمد","جمیل الدین عالی",1,"121","123:120"
"اشفاق احمد","جنرل ضیاء الحق",1,"271","271:272"
"اشفاق احمد","جوش ملیح آبادی",4,"121 123 270 272","123:119 123:124 271:269 271:273"
"اشفاق احمد","حنیف رامے",1,"273","271:276"
"اشفاق احمد","زاہد ڈار",2,"270 271","271:270 271:272"
"اشفاق احمد","سبط حسن",4,"123 132 133","123:123 131:133 133:133 134:133"
"اشفاق احمد","سجاد باقر رضوی",1,"123","123:124"
"اشفاق احمد","سراج صاحب",3,"133 134 135","131:136 133:136 134:136"
"اشفاق احمد","سعید محمود",2,"120 273","123:118 271:276"
"اشفاق احمد","سلیم احمد",1,"268","271:266"
"اشفاق احمد","شاکر علی",2,"121 273","123:119 271:276"
"اشفاق احمد","شاہد حمید",1,"270","271:270"
"اشفاق احمد","شہرت بخاری",1,"273","271:276"
"اشفاق احمد","شیخ صلاح الدین",2,"120 273","123:118 271:276"
"اشفاق احمد","عارف عبدالمتین",1,"268","271:266"
"اشفاق احمد","عالیہ",1,"270","271:269"
"اشفاق احمد","عسکری",2,"121 122","123:120 123:121"
"اشفاق احمد","غلام عباس",1,"121","123:120"
"اشفاق احمد","فخر زمان",1,"271","271:271"
"اشفاق احمد","فراق",2,"268 273","271:266 271:275"
"اشفاق احمد","فیض احمد فیض",4,"121 132 133","123:120 131:133 133:133 134:133"
"اشفاق احمد","قدرت اللہ شہاب",3,"132 133","131:133 133:133 134:133"
"اشفاق احمد","قیوم صاحب (یونیسکو)",2,"123 128","123:123 131:126"
"اشفاق احمد","لئیق تانگہ والا",4,"122 135","123:121 123:122 133:137 134:137"
"اشفاق احمد","مسز سراج",3,"133 134 135","131:136 133:136 134:136"
"اشفاق احمد","مظفر علی سید",1,"273","271:276"
"اشفاق احمد","منٹو",2,"135","133:137 134:137"
"اشفاق احمد","منیر نیازی",1,"123","123:124"
"اشفاق احمد","مولانا صلاح الدین احمد",4,"121 133 134 135","123:120 131:136 133:136 134:136"
"اشفاق احمد","مولانا چراغ حسن حسرت",2,"135","133:137 134:137"
"اشفاق احمد","ناصر کاظمی",8,"120 121 122 123 135 273","123:118 123:119 123:121 123:122 123:123 133:137 134:137 271:276"
"اشفاق احمد","ندرت الطاف",1,"269","271:268"
"اشفاق احمد","ولی",2,"124 128","123:126 131:126"
"اشفاق احمد","پروفیسر کرار حسین",1,"272","271:273"
"اشفاق احمد","ڈاکٹر سلیم واحد سلیم",1,"268","271:266"
"اشفاق احمد","ڈاکٹر عاشق حسین بٹالوی",3,"133 134 135","131:136 133:136 134:136"
"اشفاق احمد","ڈاکٹر مہدی حسن",1,"272","271:273"
"اشفاق احمد","کرام اللہ",1,"270","271:270"
"اشفاق احمد","کشور ناہید",1,"271","271:271"
"اشفاق احمد","گوتم بدھ",1,"270","271:270"
"اشفاق نقوی","اصغر علی انجینئر",2,"244","245:243 245:244"
"اشفاق نقوی","الوک بھلہ",1,"244","245:244"
"اشفاق نقوی","انتظار حسین",6,"242 243 244 245","245:240 245:241 245:242 245:243 245:244 245:245"
"اشفاق نقوی","اننت مورتی",1,"244","245:243"
"اشفاق نقوی","جنرل ضیاء الحق",1,"247","245:250"
"اشفاق نقوی","جوش ملیح آبادی",1,"245","245:245"
"اشفاق نقوی","رضی عابدی",1,"245","245:245"
"اشفاق نقوی","ریوتی سرن شرما",1,"245","245:246"
"اشفاق نقوی","سدھیر",1,"244","245:244"
"اشفاق نقوی","شمع فتح علی",1,"245","245:246"
"اشفاق نقوی","عسکری",1,"247","245:249"
"اشفاق نقوی","علی سردار جعفری",1,"245","245:246"
"اشفاق نقوی","علی شریعتی",1,"245","245:245"
"اشفاق نقوی","غلام عباس",1,"247","245:250"
"اشفاق نقوی","غلام محمد",1,"244","245:244"
"اشفاق نقوی","غلام محمد شیخ",1,"244","245:244"
"اشفاق نقوی","محمد عمر میمن",2,"244 245","245:244 245:245"
"اشفاق نقوی","میر انیس",1,"245","245:245"
"اشفاق نقوی","میرا بائی",1,"245","245:246"
"اشفاق نقوی","ناصر کاظمی",2,"242 247","245:240 245:250"
"اشفاق نقوی","وجے ٹنڈولکر",2,"243 244","245:242 245:243"
"اشفاق نقوی","ڈاکٹر ارتضیٰ کریم",1,"243","245:241"
"اشفاق نقوی","کبیر",1,"245","245:246"
"اشفاق نقوی","کشور ناہید",2,"242 247","245:240 245:250"
"اشفاق نقوی","گیتانجلی",1,"244","245:244"
"اصغر بٹ","اظہار کا ظمی",1,"154","154:154"
"اصغر بٹ","اعجاز حسین بٹالوی",1,"155","154:156"
"اصغر بٹ","انتظار حسین",7,"21 152 153 154 232 233","21:22 154:151 154:152 154:153 154:154 233:231 233:233"
"اصغر بٹ","انجم رومانی",1,"21","21:22"
"اصغر بٹ","ایوب خاں",4,"151 152 154 230","154:149 154:151 154:155 233:228"
"اصغر بٹ","اے ڈی اظہر",1,"155","154:156"
"اصغر بٹ","بانو قدسیہ",1,"154","154:154"
"اصغر بٹ","بخاری صاحب",1,"22","21:23"
"اصغر بٹ","تجمل حسین",1,"155","154:156"
"اصغر بٹ","جمیل الدین عالی",1,"155","154:156"
"اصغر بٹ","جمیلہ ہاشمی",2,"156 232","154:158 233:231"
"اصغر بٹ","جنرل ضیاء الحق",1,"234","233:235"
"اصغر بٹ","جوش ملیح آبادی",2,"23 232","21:25 233:232"
"اصغر بٹ","حجاب امتیاز علی",2,"232 233","233:231 233:233"
"اصغر بٹ","حفیظ ہوشیارپوری",2,"20 21","21:20 21:22"
"اصغر بٹ","حمید اختر",1,"233","233:233"
"اصغر بٹ","حمید علوی",1,"154","154:154"
"اصغر بٹ","حکیم حبیب اشعر",1,"151","154:149"
"اصغر بٹ","خضر تمیمی",1,"155","154:157"
"اصغر بٹ","زاہد ڈار",1,"235","233:237"
"اصغر بٹ","سارتر",1,"156","154:158"
"اصغر بٹ","سجاد باقر رضوی",1,"154","154:154"
"اصغر بٹ","سلیم احمد",1,"18","21:16"
"اصغر بٹ","سہیل عظیم آبادی",1,"20","21:20"
"اصغر بٹ","شارعزیز",1,"233","233:233"
"اصغر بٹ","شبلی بیگم",1,"235","233:237"
"اصغر بٹ","شمس",1,"156","154:158"
"اصغر بٹ","شیخ صلاح الدین",1,"233","233:233"
"اصغر بٹ","شیخ مجیب الرحمن",1,"151","154:149"
"اصغر بٹ","شیر محمد اختر",1,"21","21:22"
"اصغر بٹ","صلاح الدین محمود",1,"232","233:231"
"اصغر بٹ","ظفر اقبال",1,"233","233:233"
"اصغر بٹ","عبداللہ ملک",1,"21","21:22"
"اصغر بٹ","عتیق اللہ شیخ",1,"154","154:154"
"اصغر بٹ","عسکری",5,"18 20 21 231","21:16 21:19 21:20 21:21 233:229"
"اصغر بٹ","علی سردار جعفری",1,"20","21:20"
"اصغر بٹ","غلام عباس",1,"20","21:20"
"اصغر بٹ","فراق",2,"23 231","21:26 233:229"
"اصغر بٹ","فرخ نگار عزیز",1,"154","154:154"
"اصغر بٹ","قدرت اللہ شہاب",2,"23 154","21:25 154:155"
"اصغر بٹ","قیوم صاحب (یونیسکو)",1,"152","154:150"
"اصغر بٹ","قیوم نظر",2,"21 152","21:22 154:150"
"اصغر بٹ","محمود ہاشمی",1,"23","21:25"
"اصغر بٹ","مختار صدیقی",1,"21","21:22"
"اصغر بٹ","ممتاز شیریں",1,"23","21:25"
"اصغر بٹ","منظور الہی",2,"232 233","233:231 233:233"
"اصغر بٹ","منٹو",1,"22","21:24"
"اصغر بٹ","منیر نیازی",1,"156","154:158"
"اصغر بٹ","مولانا حسرت موہانی",1,"153","154:152"
"اصغر بٹ","مولانا غلام رسول",1,"153","154:152"
"اصغر بٹ","میر نور احمد",1,"153","154:152"
"اصغر بٹ","میرا بائی",1,"230","233:228"
"اصغر بٹ","ناصر کاظمی",1,"23","21:26"
"اصغر بٹ","نعیم طاہر",1,"156","154:159"
"اصغر بٹ","وکیل صاحب",1,"235","233:238"
"اصغر بٹ","پروفیسر حمید احمد خاں",2,"152 153","154:150 154:152"
"اصغر بٹ","پروفیسر وزیر الحسن عابدی",2,"151 152","154:149 154:150"
"اصغر بٹ","پروفیسر کرار حسین",1,"231","233:229"
"اصغر بٹ","ڈاکٹر باقر",1,"155","154:156"
"اصغر بٹ","ڈاکٹر تاثیر",1,"22","21:23"
"اصغر بٹ","کرشن چندر",1,"23","21:26"
"اصغر بٹ","کشور ناہید",2,"232 233","233:231 233:233"
"اصغر بٹ","کمال احمد رضوی",1,"154","154:154"
"اصغر بٹ","یوسف ظفر",2,"21 154","21:22 154:154"
"اصغر علی انجینئر","الوک بھلہ",2,"243 244","243:244 244:244"
"اصغر علی انجینئر","انتظار حسین",7,"241 242 243 244","243:239 243:240 243:241 243:242 243:243 244:243 244:244"
"اصغر علی انجینئر","اننت مورتی",2,"243","243:243 244:243"
"اصغر علی انجینئر","جنرل ضیاء الحق",1,"240","243:238"
"اصغر علی انجینئر","جوش ملیح آبادی",2,"244","243:245 244:245"
"اصغر علی انجینئر","رام لال",1,"241","243:239"
"اصغر علی انجینئر","رضی عابدی",2,"244","243:245 244:245"
"اصغر علی انجینئر","ریوتی سرن شرما",2,"244 245","243:246 244:246"
"اصغر علی انجینئر","سدھیر",2,"243 244","243:244 244:244"
"اصغر علی انجینئر","شبلی بیگم",1,"240","243:238"
"اصغر علی انجینئر","شمع فتح علی",2,"244 245","243:246 244:246"
"اصغر علی انجینئر","عسکری",1,"246","244:249"
"اصغر علی انجینئر","علی سردار جعفری",2,"244 245","243:246 244:246"
"اصغر علی انجینئر","علی شریعتی",2,"244","243:245 244:245"
"اصغر علی انجینئر","غلام محمد",2,"243 244","243:244 244:244"
"اصغر علی انجینئر","غلام محمد شیخ",2,"243 244","243:244 244:244"
"اصغر علی انجینئر","مبارک احمد",1,"241","243:239"
"اصغر علی انجینئر","محمد عمر میمن",2,"243 244","243:244 244:244"
"اصغر علی انجینئر","میر انیس",2,"244","243:245 244:245"
"اصغر علی انجینئر","میرا بائی",2,"244 245","243:246 244:246"
"اصغر علی انجینئر","ناصر کاظمی",1,"241","243:240"
"اصغر علی انجینئر","وجے ٹنڈولکر",3,"242 243","243:242 243:243 244:243"
"اصغر علی انجینئر","وکیل صاحب",1,"240","243:238"
"اصغر علی انجینئر","ڈاکٹر ارتضیٰ کریم",1,"242","243:241"
"اصغر علی انجینئر","کبیر",2,"244 245","243:246 244:246"
"اصغر علی انجینئر","کشور ناہید",2,"241","243:239 243:240"
"اصغر علی انجینئر","گیتانجلی",2,"243 244","243:244 244:244"
"اصغر علی انجینئر","ہیما مالنی",1,"241","243:239"
"اظہار کا ظمی","اعجاز حسین بٹالوی",1,"155","154:156"
"اظہار کا ظمی","انتظار حسین",4,"152 153 154","154:151 154:152 154:153 154:154"
"اظہار کا ظمی","ایوب خاں",3,"151 152 154","154:149 154:151 154:155"
"اظہار کا ظمی","اے ڈی اظہر",1,"155","154:156"
"اظہار کا ظمی","بانو قدسیہ",1,"154","154:154"
"اظہار کا ظمی","تجمل حسین",1,"155","154:156"
"اظہار کا ظمی","جمیل الدین عالی",1,"155","154:156"
"اظہار کا ظمی","جمیلہ ہاشمی",1,"156","154:158"
"اظہار کا ظمی","حمید علوی",1,"154","154:154"
"اظہار کا ظمی","حکیم حبیب اشعر",1,"151","154:149"
"اظہار کا ظمی","خضر تمیمی",1,"155","154:157"
"اظہار کا ظمی","سارتر",1,"156","154:158"
"اظہار کا ظمی","سجاد باقر رضوی",1,"154","154:154"
"اظہار کا ظمی","شمس",1,"156","154:158"
"اظہار کا ظمی","شیخ مجیب الرحمن",1,"151","154:149"
"اظہار کا ظمی","عتیق اللہ شیخ",1,"154","154:154"
"اظہار کا ظمی","فرخ نگار عزیز",1,"154","154:154"
"اظہار کا ظمی","قدرت اللہ شہاب",1,"154","154:155"
"اظہار کا ظمی","قیوم صاحب (یونیسکو)",1,"152","154:150"
"اظہار کا ظمی","قیوم نظر",1,"152","154:150"
"اظہار کا ظمی","منیر نیازی",1,"156","154:158"
"اظہار کا ظمی","مولانا حسرت موہانی",1,"153","154:152"
"اظہار کا ظمی","مولانا غلام رسول",1,"153","154:152"
"اظہار کا ظمی","میر نور احمد",1,"153","154:152"
"اظہار کا ظمی","نعیم طاہر",1,"156","154:159"
"اظہار کا ظمی","پروفیسر حمید احمد خاں",2,"152 153","154:150 154:152"
"اظہار کا ظمی","پروفیسر وزیر الحسن عابدی",2,"151 152","154:149 154:150"
"اظہار کا ظمی","ڈاکٹر باقر",1,"155","154:156"
"اظہار کا ظمی","کمال احمد رضوی",1,"154","154:154"
"اظہار کا ظمی","یوسف ظفر",1,"154","154:154"
"اعجاز احمد","انتظار حسین",4,"138 139 140","140:137 140:138 140:139 140:141"
"اعجاز احمد","تجمل حسین",1,"140","140:141"
"اعجاز احمد","جالندھری تانگہ والا",2,"138 139","140:137 140:139"
"اعجاز احمد","جیلانی کامران",1,"141","140:142"
"اعجاز احمد","حبیب جالب",1,"140","140:140"
"اعجاز احمد","سراج صاحب",1,"138","140:136"
"اعجاز احمد","سعید محمود",1,"140","140:140"
"اعجاز احمد","شوکت تھانوی",1,"142","140:144"
"اعجاز احمد","فیض احمد فیض",1,"140","140:141"
"اعجاز احمد","لئیق تانگہ والا",3,"138 139","140:137 140:138 140:139"
"اعجاز احمد","مسز سراج",1,"138","140:136"
"اعجاز احمد","ملک راج آنند",1,"140","140:141"
"اعجاز احمد","منٹو",1,"138","140:137"
"اعجاز احمد","مولانا صلاح الدین احمد",1,"138","140:136"
"اعجاز احمد","مولانا عبد المجید سالک",1,"142","140:144"
"اعجاز احمد","مولانا چراغ حسن حسرت",1,"138","140:137"
"اعجاز احمد","میر نور احمد",1,"142","140:144"
"اعجاز احمد","ناصر کاظمی",2,"138 139","140:137 140:139"
"اعجاز احمد","پروفیسر سرور",1,"141","140:143"
"اعجاز احمد","ڈاکٹر ذاکر حسین",1,"141","140:143"
"اعجاز احمد","ڈاکٹر عاشق حسین بٹالوی",1,"138","140:136"
"اعجاز احمد","کیرولین کائزر",1,"140","140:140"
"اعجاز حسین بٹالوی","افتخار جالب",2,"74 165","76:73 163:167"
"اعجاز حسین بٹالوی","امجد الطاف",3,"76 126","76:76 77:76 126:126"
"اعجاز حسین بٹالوی","امیر تیمور",1,"194","193:196"
"اعجاز حسین بٹالوی","انتظار حسین",33,"74 75 77 101 102 124 125 128 153 154 155 156 157 158 159 161 165 190 192 193 211 212 213 214","76:73 76:74 76:75 76:78 77:78 102:101 102:102 126:122 126:125 126:131 156:151 156:152 156:153 156:154 156:155 156:157 157:157 158:157 158:158 159:158 159:159 163:159 163:160 163:168 193:188 193:191 193:192 193:194 214:209 214:210 214:211 214:212 214:214"
"اعجاز حسین بٹالوی","انجم رومانی",3,"104 190 191","102:106 193:188 193:189"
"اعجاز حسین بٹالوی","انصار",1,"214","214:214"
"اعجاز حسین بٹالوی","اکبر لاہوری",1,"215","214:216"
"اعجاز حسین بٹالوی","ایوب خاں",9,"128 153 155 158 159 161 162","126:131 156:151 156:155 156:160 157:160 158:160 159:160 163:160 163:161"
"اعجاز حسین بٹالوی","اے حمید",2,"76 77","76:77 77:77"
"اعجاز حسین بٹالوی","اے ڈی اظہر",6,"156 157 158","156:156 157:156 157:157 158:157 158:158 159:158"
"اعجاز حسین بٹالوی","بابو ہیرا",2,"76 77","76:77 77:77"
"اعجاز حسین بٹالوی","بانو قدسیہ",1,"155","156:154"
"اعجاز حسین بٹالوی","برتولٹ بریخت",1,"195","193:197"
"اعجاز حسین بٹالوی","بیدل جالندھری",2,"77","76:78 77:78"
"اعجاز حسین بٹالوی","بے نظیر بھٹو",1,"214","214:215"
"اعجاز حسین بٹالوی","تجمل حسین",6,"156 157 158","156:156 157:156 157:157 158:157 158:158 159:158"
"اعجاز حسین بٹالوی","جالندھری تانگہ والا",3,"76 77","76:76 77:76 77:78"
"اعجاز حسین بٹالوی","جسٹس کیانی",1,"128","126:131"
"اعجاز حسین بٹالوی","جمال عبد الناصر",2,"101 128","102:101 126:131"
"اعجاز حسین بٹالوی","جمیل الدین عالی",3,"104 156","102:107 156:156 157:156"
"اعجاز حسین بٹالوی","جمیلہ ہاشمی",4,"157 158","156:158 157:158 158:158 159:158"
"اعجاز حسین بٹالوی","جنرل ضیاء الحق",2,"213 216","214:213 214:218"
"اعجاز حسین بٹالوی","جوزف کیمبل",1,"192","193:191"
"اعجاز حسین بٹالوی","جوش ملیح آبادی",6,"125 159 160 162 165","126:124 157:162 158:162 159:162 163:162 163:167"
"اعجاز حسین بٹالوی","جگر",1,"100","102:99"
"اعجاز حسین بٹالوی","حبیب جالب",5,"74 165 190 191 195","76:73 163:167 193:188 193:189 193:198"
"اعجاز حسین بٹالوی","حجاب امتیاز علی",1,"213","214:212"
"اعجاز حسین بٹالوی","حسن طارق",1,"101","102:100"
"اعجاز حسین بٹالوی","حفیظ ہوشیارپوری",1,"74","76:72"
"اعجاز حسین بٹالوی","حمید اختر",5,"102 159 160 162","102:102 157:162 158:162 159:162 163:162"
"اعجاز حسین بٹالوی","حمید علوی",1,"155","156:154"
"اعجاز حسین بٹالوی","حمید نظامی",1,"75","76:74"
"اعجاز حسین بٹالوی","حنیف رامے",5,"75 76 77 101","76:74 76:75 76:77 77:77 102:100"
"اعجاز حسین بٹالوی","خان فضل الرحمن خان",1,"215","214:216"
"اعجاز حسین بٹالوی","خضر تمیمی",3,"156 157","156:157 157:157 158:157"
"اعجاز حسین بٹالوی","ذوالفقار علی بھٹو",11,"77 158 159 160 162 163 212 216","76:78 77:78 156:161 157:161 158:161 159:161 163:161 163:162 163:163 214:210 214:219"
"اعجاز حسین بٹالوی","رام لال",1,"214","214:215"
"اعجاز حسین بٹالوی","رمضان تپائی",3,"104 195 216","102:106 193:198 214:218"
"اعجاز حسین بٹالوی","روشن آراء بیگم",2,"165 190","163:168 193:188"
"اعجاز حسین بٹالوی","زاہد ڈار",1,"194","193:196"
"اعجاز حسین بٹالوی","سارتر",6,"101 102 157 158","102:101 102:103 156:158 157:158 158:158 159:158"
"اعجاز حسین بٹالوی","سارہ شگفتہ",1,"214","214:215"
"اعجاز حسین بٹالوی","سبط حسن",6,"124 159 160 162 192","126:123 157:162 158:162 159:162 163:162 193:191"
"اعجاز حسین بٹالوی","سجاد باقر رضوی",4,"125 155 193","126:124 126:125 156:154 193:193"
"اعجاز حسین بٹالوی","سجاد ظہیر",4,"159 160 162","157:162 158:162 159:162 163:162"
"اعجاز حسین بٹالوی","سر عبد القادر",1,"164","163:166"
"اعجاز حسین بٹالوی","سراج صاحب",2,"77","76:78 77:78"
"اعجاز حسین بٹالوی","سراج منیر",2,"191","193:189 193:190"
"اعجاز حسین بٹالوی","سعادت سعید",2,"165 213","163:167 214:213"
"اعجاز حسین بٹالوی","سعید محمود",4,"78 79 103 212","76:81 77:81 102:104 214:211"
"اعجاز حسین بٹالوی","سلیم احمد",1,"190","193:188"
"اعجاز حسین بٹالوی","سی آر اسلم",1,"164","163:165"
"اعجاز حسین بٹالوی","سید امتیاز علی تاج",1,"102","102:102"
"اعجاز حسین بٹالوی","شاد امرتسری",1,"215","214:216"
"اعجاز حسین بٹالوی","شاکر علی",5,"75 78 79 192 193","76:74 76:81 77:81 193:191 193:194"
"اعجاز حسین بٹالوی","شاہجہان",1,"194","193:196"
"اعجاز حسین بٹالوی","شاہد حمید",3,"76 77 215","76:77 77:77 214:217"
"اعجاز حسین بٹالوی","شمس",4,"157 158","156:158 157:158 158:158 159:158"
"اعجاز حسین بٹالوی","شورش کاشمیری",1,"164","163:165"
"اعجاز حسین بٹالوی","شہرت بخاری",3,"76 190","76:76 77:76 193:188"
"اعجاز حسین بٹالوی","شیخ صلاح الدین",4,"75 77 78 101","76:75 76:79 77:79 102:100"
"اعجاز حسین بٹالوی","شیخ مجیب الرحمن",3,"160 161 163","158:163 159:163 163:163"
"اعجاز حسین بٹالوی","شیر محمد اختر",3,"76 99","76:76 77:76 102:97"
"اعجاز حسین بٹالوی","صفدر میر",2,"104 192","102:107 193:191"
"اعجاز حسین بٹالوی","صلاح الدین محمود",2,"192 212","193:192 214:211"
"اعجاز حسین بٹالوی","ضیا جالندھری",2,"76","76:76 77:76"
"اعجاز حسین بٹالوی","ضیاء اسلام انصاری",1,"216","214:219"
"اعجاز حسین بٹالوی","طفیل صاحب",1,"101","102:100"
"اعجاز حسین بٹالوی","ظفر صمدانی",2,"103 216","102:104 214:218"
"اعجاز حسین بٹالوی","عالیہ",1,"191","193:190"
"اعجاز حسین بٹالوی","عبد القادر حسن",1,"164","163:166"
"اعجاز حسین بٹالوی","عبدالعلیم",1,"74","76:72"
"اعجاز حسین بٹالوی","عبداللہ بٹ",1,"75","76:74"
"اعجاز حسین بٹالوی","عتیق اللہ شیخ",1,"155","156:154"
"اعجاز حسین بٹالوی","عذرا عباس",1,"214","214:215"
"اعجاز حسین بٹالوی","عزیز الحق",3,"165 191 213","163:167 193:189 214:213"
"اعجاز حسین بٹالوی","عسکری",4,"99 101 102 123","102:97 102:101 102:102 126:121"
"اعجاز حسین بٹالوی","عظیم اللہ خان",1,"212","214:211"
"اعجاز حسین بٹالوی","علامہ علاء الدین صدیقی",5,"158 159 161","156:160 157:160 158:160 159:160 163:160"
"اعجاز حسین بٹالوی","علی سردار جعفری",1,"192","193:191"
"اعجاز حسین بٹالوی","علیم صاحب",2,"76 77","76:77 77:77"
"اعجاز حسین بٹالوی","غازی منجم",1,"194","193:196"
"اعجاز حسین بٹالوی","غالب احمد",3,"76 77 216","76:77 77:77 214:219"
"اعجاز حسین بٹالوی","غلام عباس",1,"164","163:165"
"اعجاز حسین بٹالوی","فراق",1,"100","102:99"
"اعجاز حسین بٹالوی","فرخ نگار عزیز",1,"155","156:154"
"اعجاز حسین بٹالوی","فیض احمد فیض",6,"74 76 100 102 193","76:73 76:76 77:76 102:99 102:102 193:193"
"اعجاز حسین بٹالوی","قدرت اللہ شہاب",1,"155","156:155"
"اعجاز حسین بٹالوی","قرۃ العین حیدر",1,"104","102:107"
"اعجاز حسین بٹالوی","قیوم صاحب (یونیسکو)",9,"76 77 101 124 125 126 214","76:76 77:76 77:77 102:101 126:123 126:124 126:125 126:126 214:214"
"اعجاز حسین بٹالوی","قیوم نظر",5,"76 77 100 213","76:76 77:76 77:78 102:99 214:213"
"اعجاز حسین بٹالوی","لئیق تانگہ والا",2,"123 124","126:121 126:122"
"اعجاز حسین بٹالوی","لڈو",1,"165","163:167"
"اعجاز حسین بٹالوی","مبارک احمد",3,"75 104 214","76:75 102:107 214:214"
"اعجاز حسین بٹالوی","مجروح سلطان پوری",1,"195","193:197"
"اعجاز حسین بٹالوی","محبوب خزاں",1,"74","76:72"
"اعجاز حسین بٹالوی","مختار صدیقی",2,"76","76:76 77:76"
"اعجاز حسین بٹالوی","مظفر علی سید",5,"76 77 99 100 192","76:77 77:77 102:97 102:99 193:191"
"اعجاز حسین بٹالوی","منٹو",3,"160 161 163","158:163 159:163 163:163"
"اعجاز حسین بٹالوی","منیر احمد شیخ",1,"165","163:168"
"اعجاز حسین بٹالوی","منیر نیازی",9,"125 157 158 159 161 165","126:124 126:125 156:158 157:158 158:158 159:158 159:159 163:159 163:167"
"اعجاز حسین بٹالوی","مولانا ابوالکلام آزاد",1,"213","214:213"
"اعجاز حسین بٹالوی","مولانا بھاشانی",5,"159 160 162 163","157:162 158:162 159:162 163:162 163:163"
"اعجاز حسین بٹالوی","مولانا حسرت موہانی",1,"154","156:152"
"اعجاز حسین بٹالوی","مولانا صلاح الدین احمد",1,"102","102:103"
"اعجاز حسین بٹالوی","مولانا غلام رسول",2,"102 154","102:102 156:152"
"اعجاز حسین بٹالوی","مولانا کوثر نیازی",1,"164","163:165"
"اعجاز حسین بٹالوی","میاں بشیر احمد",3,"74 99 102","76:72 102:97 102:102"
"اعجاز حسین بٹالوی","میاں محمد طفیل",1,"164","163:165"
"اعجاز حسین بٹالوی","میر انیس",2,"192 193","193:191 193:193"
"اعجاز حسین بٹالوی","میر خلیل الرحمن",1,"75","76:74"
"اعجاز حسین بٹالوی","میر نور احمد",1,"154","156:152"
"اعجاز حسین بٹالوی","میرا بائی",2,"79 212","77:82 214:211"
"اعجاز حسین بٹالوی","ناصر کاظمی",19,"74 75 76 77 99 100 101 104 123 124 125 161 163 190","76:72 76:73 76:74 76:75 76:76 77:76 77:77 102:97 102:98 102:99 102:100 102:107 126:121 126:122 126:123 126:125 159:164 163:164 193:188"
"اعجاز حسین بٹالوی","نثار عثمانی",1,"195","193:198"
"اعجاز حسین بٹالوی","نذیر ناجی",4,"159 160 162","157:162 158:162 159:162 163:162"
"اعجاز حسین بٹالوی","نعیم طاہر",5,"157 158 159 161","156:159 157:159 158:159 159:159 163:159"
"اعجاز حسین بٹالوی","نواب ناطق",2,"73 74","76:71 76:73"
"اعجاز حسین بٹالوی","ولی",2,"75 126","76:74 126:126"
"اعجاز حسین بٹالوی","ٹی ایس ایلیٹ",1,"214","214:215"
"اعجاز حسین بٹالوی","پروفیسر حمید احمد خاں",6,"154 158 159 161","156:152 156:160 157:160 158:160 159:160 163:160"
"اعجاز حسین بٹالوی","پروفیسر وزیر الحسن عابدی",5,"158 159 161","156:160 157:160 158:160 159:160 163:160"
"اعجاز حسین بٹالوی","ڈاکٹر اسرار احمد",1,"212","214:210"
"اعجاز حسین بٹالوی","ڈاکٹر باقر",6,"156 157 158","156:156 157:156 157:157 158:157 158:158 159:158"
"اعجاز حسین بٹالوی","ڈاکٹر ذاکر حسین",1,"193","193:193"
"اعجاز حسین بٹالوی","کبیر",1,"79","77:82"
"اعجاز حسین بٹالوی","کشور ناہید",2,"193 214","193:194 214:215"
"اعجاز حسین بٹالوی","کمال احمد رضوی",1,"155","156:154"
"اعجاز حسین بٹالوی","ہارون الرشید",1,"194","193:195"
"اعجاز حسین بٹالوی","ہیما مالنی",1,"214","214:215"
"اعجاز حسین بٹالوی","یوسف ظفر",5,"76 100 155 190","76:76 77:76 102:99 156:154 193:188"
"اعجاز حسین بٹالوی","یوسف کامران",1,"214","214:214"
"اعجاز حسین بٹالوی","یگانہ",1,"100","102:99"
"افتخار جالب","الف المحراث",2,"281 282","282:281 282:282"
"افتخار جالب","امجد الطاف",1,"74","73:76"
"افتخار جالب","انتظار حسین",20,"57 59 60 70 71 73 167 168 169 171 172 173 174 184 185 186 282","60:55 60:59 60:60 73:68 73:69 73:70 73:73 167:168 168:168 169:168 169:169 174:169 174:170 174:172 174:175 186:182 186:183 186:184 186:186 282:282"
"افتخار جالب","انجم رومانی",1,"187","186:188"
"افتخار جالب","انصار",3,"62 70 280","60:64 73:68 282:278"
"افتخار جالب","ایس ایم ظفر",1,"284","282:287"
"افتخار جالب","ایوب خاں",2,"175 283","174:176 282:284"
"افتخار جالب","اے حمید",1,"75","73:77"
"افتخار جالب","بابو ہیرا",1,"75","73:77"
"افتخار جالب","برنی صاحب",1,"62","60:64"
"افتخار جالب","بیدل جالندھری",2,"71 75","73:69 73:78"
"افتخار جالب","جالندھری تانگہ والا",3,"71 74 284","73:69 73:76 282:286"
"افتخار جالب","جمیل الدین عالی",2,"61 280","60:62 282:279"
"افتخار جالب","جوزف کیمبل",1,"188","186:191"
"افتخار جالب","جوش ملیح آبادی",8,"57 58 61 164 167 279 284","60:55 60:56 60:62 167:162 167:167 168:167 282:277 282:286"
"افتخار جالب","جگر",1,"284","282:286"
"افتخار جالب","جیلانی کامران",1,"176","174:179"
"افتخار جالب","حبیب جالب",12,"60 73 167 168 169 171 174 186 279 282","60:60 73:73 167:167 168:167 168:168 169:168 169:169 174:169 174:174 186:186 282:277 282:282"
"افتخار جالب","حسین نقی",1,"186","186:186"
"افتخار جالب","حفیظ ہوشیارپوری",1,"72","73:72"
"افتخار جالب","حمید اختر",2,"57 164","60:55 167:162"
"افتخار جالب","حمید نظامی",1,"73","73:74"
"افتخار جالب","حنیف رامے",2,"60 73","60:61 73:74"
"افتخار جالب","خدیجہ مستور",1,"185","186:184"
"افتخار جالب","خواجہ صاحب",1,"71","73:69"
"افتخار جالب","دادا پٹی نذیر احمد",1,"281","282:280"
"افتخار جالب","ذوالفقار علی بھٹو",9,"75 164 165 168 169 171 183 186","73:78 167:162 167:163 167:169 168:169 169:169 174:169 186:181 186:186"
"افتخار جالب","راجہ رسالو",1,"176","174:178"
"افتخار جالب","روشن آراء بیگم",4,"167 168 186","167:168 168:168 169:168 186:187"
"افتخار جالب","ریاض بٹالوی",1,"175","174:177"
"افتخار جالب","زاہد ڈار",6,"168 169 172 173 281","167:170 168:170 169:170 174:170 174:172 282:280"
"افتخار جالب","زین العابدین",4,"169 170 173","167:172 168:172 169:172 174:172"
"افتخار جالب","سارتر",4,"170 171 173 174","168:173 169:173 174:173 174:174"
"افتخار جالب","سبط حسن",3,"57 164 188","60:55 167:162 186:191"
"افتخار جالب","سجاد ظہیر",2,"57 164","60:55 167:162"
"افتخار جالب","سر عبد القادر",2,"166 283","167:166 282:284"
"افتخار جالب","سراج صاحب",1,"75","73:78"
"افتخار جالب","سراج منیر",1,"187","186:189"
"افتخار جالب","سعادت سعید",2,"167","167:167 168:167"
"افتخار جالب","سلیم احمد",1,"187","186:188"
"افتخار جالب","سی آر اسلم",1,"166","167:165"
"افتخار جالب","سید امتیاز علی تاج",3,"171 174 280","169:174 174:174 282:279"
"افتخار جالب","سید سلیمان ندوی",1,"283","282:285"
"افتخار جالب","شاکر علی",8,"57 73 168 169 172 173 188","60:55 73:74 167:170 168:170 169:170 174:170 174:172 186:191"
"افتخار جالب","شاہد حمید",1,"75","73:77"
"افتخار جالب","شفقت تنویر مرزا",1,"176","174:178"
"افتخار جالب","شورش کاشمیری",1,"166","167:165"
"افتخار جالب","شومی قیصر",1,"184","186:183"
"افتخار جالب","شوکت عثمان",2,"184 185","186:182 186:184"
"افتخار جالب","شہرت بخاری",2,"74 187","73:76 186:188"
"افتخار جالب","شہید اللہ قیصر",1,"184","186:183"
"افتخار جالب","شیخ صلاح الدین",4,"60 70 74 174","60:61 73:68 73:75 174:175"
"افتخار جالب","شیخ مجیب الرحمن",1,"165","167:163"
"افتخار جالب","شیر محمد اختر",1,"74","73:76"
"افتخار جالب","صادقین",1,"186","186:187"
"افتخار جالب","صفدر میر",3,"70 176 188","73:68 174:178 186:191"
"افتخار جالب","ضیا جالندھری",1,"74","73:76"
"افتخار جالب","ظفر اقبال",2,"60 282","60:60 282:282"
"افتخار جالب","عالیہ",1,"188","186:190"
"افتخار جالب","عبد القادر حسن",1,"166","167:166"
"افتخار جالب","عبدالعلیم",1,"72","73:72"
"افتخار جالب","عبداللہ بٹ",1,"73","73:74"
"افتخار جالب","عبدالمجید بھٹی",1,"284","282:286"
"افتخار جالب","عثمان علی خاں",1,"282","282:283"
"افتخار جالب","عزیز الحق",3,"167 187","167:167 168:167 186:189"
"افتخار جالب","علی سردار جعفری",1,"188","186:191"
"افتخار جالب","علیم صاحب",1,"75","73:77"
"افتخار جالب","عنایت اللہ",1,"175","174:176"
"افتخار جالب","غالب احمد",2,"60 75","60:61 73:77"
"افتخار جالب","غلام عباس",1,"166","167:165"
"افتخار جالب","غلام محمد",3,"184 185","186:182 186:184 186:185"
"افتخار جالب","فخر الدین",5,"168 169 172 173","167:170 168:170 169:170 174:170 174:172"
"افتخار جالب","فراق",1,"57","60:55"
"افتخار جالب","فرخ نگار عزیز",1,"283","282:284"
"افتخار جالب","فرہاد زیدی",1,"175","174:177"
"افتخار جالب","فرہاد مظہر",1,"184","186:182"
"افتخار جالب","فریدہ اختر",2,"184","186:182 186:183"
"افتخار جالب","فریدہ حفیظ",1,"175","174:177"
"افتخار جالب","فیض احمد فیض",5,"57 60 73 186 283","60:55 60:61 73:73 186:187 282:284"
"افتخار جالب","قرۃ العین حیدر",4,"168 169 172","167:170 168:170 169:170 174:170"
"افتخار جالب","قیوم صاحب (یونیسکو)",1,"74","73:76"
"افتخار جالب","قیوم نظر",2,"74 283","73:76 282:284"
"افتخار جالب","لائو پہلوان",1,"283","282:285"
"افتخار جالب","لڈو",2,"167","167:167 168:167"
"افتخار جالب","مبارک احمد",1,"74","73:75"
"افتخار جالب","مجاہد اردو (گمنام مقرر)",1,"281","282:281"
"افتخار جالب","محبوب خزاں",1,"72","73:72"
"افتخار جالب","محمد باقر",1,"175","174:177"
"افتخار جالب","محمد حسن لطیفی",1,"284","282:287"
"افتخار جالب","محمد حسین آزاد",1,"175","174:177"
"افتخار جالب","مختار صدیقی",1,"74","73:76"
"افتخار جالب","مرغوب صدیقی",1,"284","282:286"
"افتخار جالب","مسرت جبیں",1,"175","174:177"
"افتخار جالب","مظفر علی سید",4,"60 75 188 280","60:61 73:77 186:191 282:278"
"افتخار جالب","منٹو",1,"165","167:163"
"افتخار جالب","منیر احمد شیخ",3,"167 168","167:168 168:168 169:168"
"افتخار جالب","منیر نیازی",2,"167","167:167 168:167"
"افتخار جالب","مولانا ابوالکلام آزاد",1,"282","282:282"
"افتخار جالب","مولانا بھاشانی",3,"164 165","167:162 167:163 167:164"
"افتخار جالب","مولانا صلاح الدین احمد",2,"175 284","174:177 282:286"
"افتخار جالب","مولانا ظفر علی خاں",1,"282","282:283"
"افتخار جالب","مولانا عبد المجید سالک",1,"284","282:287"
"افتخار جالب","مولانا مودودی",4,"168 169 171","167:169 168:169 169:169 174:169"
"افتخار جالب","مولانا کوثر نیازی",1,"166","167:165"
"افتخار جالب","میاں بشیر احمد",1,"72","73:72"
"افتخار جالب","میاں محمد طفیل",1,"166","167:165"
"افتخار جالب","میر انیس",1,"188","186:191"
"افتخار جالب","میر خلیل الرحمن",1,"73","73:74"
"افتخار جالب","میر نور احمد",1,"284","282:287"
"افتخار جالب","میرا بائی",1,"60","60:61"
"افتخار جالب","ناصر کاظمی",15,"60 70 71 72 73 165 171 174 183 184 185 186 281 284","60:61 73:68 73:69 73:70 73:72 73:73 167:164 169:174 174:174 186:181 186:182 186:185 186:186 282:280 282:287"
"افتخار جالب","نذیر ناجی",1,"164","167:162"
"افتخار جالب","نصیر انور",1,"176","174:178"
"افتخار جالب","نعیم طاہر",1,"280","282:279"
"افتخار جالب","نواب ناطق",3,"60 72 73","60:60 73:71 73:73"
"افتخار جالب","ولی",2,"73 280","73:74 282:278"
"افتخار جالب","پروفیسر عبید اللہ",1,"283","282:284"
"افتخار جالب","پنا قیصر",1,"184","186:183"
"افتخار جالب","ڈاکٹر جاوید اقبال",1,"284","282:287"
"افتخار جالب","ڈاکٹر سید عبداللہ",1,"281","282:281"
"افتخار جالب","ڈاکٹر عاشق حسین بٹالوی",1,"283","282:284"
"افتخار جالب","ڈاکٹر عبد اللہ چغتائی",1,"283","282:284"
"افتخار جالب","ڈاکٹر عبدالسلام خورشید",1,"283","282:285"
"افتخار جالب","ڈاکٹر وحید قریشی",1,"284","282:286"
"افتخار جالب","کرشن چندر",2,"171 174","169:174 174:174"
"افتخار جالب","کرنل صدیق سالک",1,"284","282:287"
"افتخار جالب","کشور ناہید",2,"281 283","282:280 282:284"
"افتخار جالب","ہاجرہ مسرور",1,"57","60:55"
"افتخار جالب","یوسف ظفر",2,"74 186","73:76 186:186"
"افتخار جالب","یگانہ",1,"284","282:286"
"افتخار عارف","انتظار حسین",9,"25 27 28 248 249 250 251","28:23 28:27 28:28 251:246 251:247 251:248 251:249 251:250 251:251"
"افتخار عارف","بخاری صاحب",1,"25","28:23"
"افتخار عارف","بلراج کومل",1,"251","251:251"
"افتخار عارف","جمیل الدین عالی",1,"251","251:251"
"افتخار عارف","جنرل ضیاء الحق",2,"250 251","251:250 251:252"
"افتخار عارف","جوش ملیح آبادی",1,"26","28:25"
"افتخار عارف","حضرت نظام الدین اولیا",1,"252","251:254"
"افتخار عارف","حضرت چراغ دہلی",1,"252","251:254"
"افتخار عارف","حمید ہاشمی",1,"28","28:29"
"افتخار عارف","رام چندر جی",1,"252","251:253"
"افتخار عارف","روحی بانو",1,"251","251:252"
"افتخار عارف","ریوتی سرن شرما",3,"30 248 253","28:32 251:246 251:255"
"افتخار عارف","زاہد ڈار",1,"28","28:28"
"افتخار عارف","زبیر رضوی",1,"253","251:255"
"افتخار عارف","سبط حسن",1,"28","28:29"
"افتخار عارف","سرلا",1,"30","28:32"
"افتخار عارف","سریندر پرکاش",1,"251","251:251"
"افتخار عارف","سلیم احمد",1,"27","28:27"
"افتخار عارف","سہیل عظیم آبادی",1,"29","28:30"
"افتخار عارف","شمس",1,"252","251:253"
"افتخار عارف","شمس الرحمن فاروقی",1,"252","251:253"
"افتخار عارف","شمع فتح علی",1,"248","251:246"
"افتخار عارف","صفدر میر",1,"28","28:29"
"افتخار عارف","عالیہ",1,"251","251:251"
"افتخار عارف","عبداللہ ملک",1,"30","28:33"
"افتخار عارف","عبید صدیقی",1,"253","251:255"
"افتخار عارف","عسکری",7,"25 26 27 28 250","28:23 28:24 28:25 28:26 28:27 28:28 251:249"
"افتخار عارف","علی سردار جعفری",2,"29 248","28:31 251:246"
"افتخار عارف","غلام عباس",1,"250","251:250"
"افتخار عارف","فراق",1,"27","28:26"
"افتخار عارف","قدرت اللہ شہاب",1,"26","28:25"
"افتخار عارف","قرۃ العین حیدر",1,"251","251:251"
"افتخار عارف","قیوم نظر",1,"25","28:23"
"افتخار عارف","محمود ہاشمی",2,"26 253","28:25 251:255"
"افتخار عارف","مختار صدیقی",1,"25","28:23"
"افتخار عارف","ممتاز شیریں",2,"26 27","28:25 28:26"
"افتخار عارف","منٹو",4,"26 27 251","28:24 28:25 28:26 251:252"
"افتخار عارف","مہندر ناتھ",1,"29","28:30"
"افتخار عارف","میر انیس",1,"253","251:255"
"افتخار عارف","میرا بائی",2,"248 249","251:246 251:247"
"افتخار عارف","ناصر کاظمی",4,"27 250 251","28:26 28:27 251:250 251:252"
"افتخار عارف","نواب اسماعیل خان",1,"253","251:255"
"افتخار عارف","ولی",1,"30","28:32"
"افتخار عارف","ڈاکٹر تاثیر",2,"25 26","28:23 28:24"
"افتخار عارف","کبیر",2,"248 249","251:246 251:247"
"افتخار عارف","کرشن چندر",2,"27 28","28:26 28:28"
"افتخار عارف","کشور ناہید",2,"250 251","251:250 251:252"
"افتخار عارف","گوتم بدھ",1,"252","251:253"
"افتخار عارف","یوسف ظفر",1,"25","28:23"
"افضل رندھاوا","انتظار حسین",2,"272","273:271 273:272"
"افضل رندھاوا","انصار",1,"275","273:278"
"افضل رندھاوا","اے جی جوش",1,"271","273:269"
"افضل رندھاوا","جنرل ضیاء الحق",2,"272 273","273:272 273:273"
"افضل رندھاوا","جوش ملیح آبادی",2,"271 273","273:269 273:273"
"افضل رندھاوا","حبیب جالب",1,"275","273:277"
"افضل رندھاوا","حنیف رامے",1,"274","273:276"
"افضل رندھاوا","زاہد ڈار",2,"271 272","273:270 273:272"
"افضل رندھاوا","سعید محمود",1,"274","273:276"
"افضل رندھاوا","شاکر علی",1,"274","273:276"
"افضل رندھاوا","شاہد حمید",1,"271","273:270"
"افضل رندھاوا","شہرت بخاری",1,"274","273:276"
"افضل رندھاوا","شیخ صلاح الدین",1,"274","273:276"
"افضل رندھاوا","عالیہ",1,"271","273:269"
"افضل رندھاوا","فخر زمان",1,"272","273:271"
"افضل رندھاوا","فراق",1,"274","273:275"
"افضل رندھاوا","مظفر علی سید",1,"274","273:276"
"افضل رندھاوا","ناصر کاظمی",1,"274","273:276"
"افضل رندھاوا","ندرت الطاف",1,"270","273:268"
"افضل رندھاوا","ولی",1,"275","273:278"
"افضل رندھاوا","پروفیسر کرار حسین",1,"273","273:273"
"افضل رندھاوا","ڈاکٹر مہدی حسن",1,"273","273:273"
"افضل رندھاوا","کرام اللہ",1,"271","273:270"
"افضل رندھاوا","کشور ناہید",1,"272","273:271"
"افضل رندھاوا","گوتم بدھ",1,"271","273:270"
"الف المحراث","انتظار حسین",4,"281 282 283","281:282 282:282 283:282 283:283"
"الف المحراث","انصار",1,"279","281:278"
"الف المحراث","ایس ایم ظفر",2,"284 285","282:287 283:287"
"الف المحراث","ایوب خاں",3,"282 283","281:284 282:284 283:284"
"الف المحراث","جالندھری تانگہ والا",3,"283 284","281:286 282:286 283:286"
"الف المحراث","جمیل الدین عالی",1,"280","281:279"
"الف المحراث","جوش ملیح آبادی",4,"279 283 284","281:277 281:286 282:286 283:286"
"الف المحراث","جگر",3,"283 284","281:286 282:286 283:286"
"الف المحراث","حبیب جالب",4,"279 281 282","281:277 281:282 282:282 283:282"
"الف المحراث","حنیف رامے",1,"278","281:276"
"الف المحراث","دادا پٹی نذیر احمد",1,"280","281:280"
"الف المحراث","زاہد ڈار",1,"280","281:280"
"الف المحراث","سر عبد القادر",3,"282 283","281:284 282:284 283:284"
"الف المحراث","سعید محمود",1,"278","281:276"
"الف المحراث","سید امتیاز علی تاج",1,"280","281:279"
"الف المحراث","سید سلیمان ندوی",3,"283 284","281:285 282:285 283:285"
"الف المحراث","شاکر علی",1,"278","281:276"
"الف المحراث","شہرت بخاری",1,"278","281:276"
"الف المحراث","شیخ صلاح الدین",1,"278","281:276"
"الف المحراث","ظفر اقبال",3,"281 282","281:282 282:282 283:282"
"الف المحراث","عبدالمجید بھٹی",3,"283 284","281:286 282:286 283:286"
"الف المحراث","عثمان علی خاں",3,"282 283","281:283 282:283 283:283"
"الف المحراث","فرخ نگار عزیز",3,"282 283","281:284 282:284 283:284"
"الف المحراث","فیض احمد فیض",3,"282 283","281:284 282:284 283:284"
"الف المحراث","قیوم نظر",3,"282 283","281:284 282:284 283:284"
"الف المحراث","لائو پہلوان",3,"283 284","281:285 282:285 283:285"
"الف المحراث","مجاہد اردو (گمنام مقرر)",2,"281","281:281 282:281"
"الف المحراث","محمد حسن لطیفی",2,"284 285","282:287 283:287"
"الف المحراث","مرغوب صدیقی",3,"283 284","281:286 282:286 283:286"
"الف المحراث","مظفر علی سید",2,"278 279","281:276 281:278"
"الف المحراث","منو بھائی",1,"285","283:288"
"الف المحراث","مولانا ابوالکلام آزاد",3,"281 282","281:282 282:282 283:282"
"الف المحراث","مولانا صلاح الدین احمد",3,"283 284","281:286 282:286 283:286"
"الف المحراث","مولانا ظفر علی خاں",3,"282 283","281:283 282:283 283:283"
"الف المحراث","مولانا عبد المجید سالک",2,"284 285","282:287 283:287"
"الف المحراث","میر نور احمد",2,"284 285","282:287 283:287"
"الف المحراث","ناصر کاظمی",4,"278 280 284 285","281:276 281:280 282:287 283:287"
"الف المحراث","نعیم طاہر",1,"280","281:279"
"الف المحراث","نواز شریف",1,"285","283:288"
"الف المحراث","ولی",1,"279","281:278"
"الف المحراث","پروفیسر عبید اللہ",3,"282 283","281:284 282:284 283:284"
"الف المحراث","ڈاکٹر جاوید اقبال",2,"284 285","282:287 283:287"
"الف المحراث","ڈاکٹر سید عبداللہ",2,"281","281:281 282:281"
"الف المحراث","ڈاکٹر عاشق حسین بٹالوی",3,"282 283","281:284 282:284 283:284"
"الف المحراث","ڈاکٹر عبد اللہ چغتائی",3,"282 283","281:284 282:284 283:284"
"الف المحراث","ڈاکٹر عبدالسلام خورشید",3,"283 284","281:285 282:285 283:285"
"الف المحراث","ڈاکٹر وحید قریشی",3,"283 284","281:286 282:286 283:286"
"الف المحراث","کرنل صدیق سالک",2,"284 285","282:287 283:287"
"الف المحراث","کشور ناہید",4,"280 282 283","281:280 281:284 282:284 283:284"
"الف المحراث","یگانہ",3,"283 284","281:286 282:286 283:286"
"الوک بھلہ","انتظار حسین",6,"241 242 243 244","244:239 244:240 244:241 244:242 244:243 244:244"
"الوک بھلہ","اننت مورتی",1,"243","244:243"
"الوک بھلہ","جوش ملیح آبادی",1,"244","244:245"
"الوک بھلہ","رام لال",1,"241","244:239"
"الوک بھلہ","رضی عابدی",1,"244","244:245"
"الوک بھلہ","ریوتی سرن شرما",1,"245","244:246"
"الوک بھلہ","سدھیر",1,"244","244:244"
"الوک بھلہ","شمع فتح علی",1,"245","244:246"
"الوک بھلہ","عسکری",1,"246","244:249"
"الوک بھلہ","علی سردار جعفری",1,"245","244:246"
"الوک بھلہ","علی شریعتی",1,"244","244:245"
"الوک بھلہ","غلام محمد",1,"244","244:244"
"الوک بھلہ","غلام محمد شیخ",1,"244","244:244"
"الوک بھلہ","مبارک احمد",1,"241","244:239"
"الوک بھلہ","محمد عمر میمن",1,"244","244:244"
"الوک بھلہ","میر انیس",1,"244","244:245"
"الوک بھلہ","میرا بائی",1,"245","244:246"
"الوک بھلہ","ناصر کاظمی",1,"242","244:240"
"الوک بھلہ","وجے ٹنڈولکر",2,"243","244:242 244:243"
"الوک بھلہ","ڈاکٹر ارتضیٰ کریم",1,"242","244:241"
"الوک بھلہ","کبیر",1,"245","244:246"
"الوک بھلہ","کشور ناہید",2,"241 242","244:239 244:240"
"الوک بھلہ","گیتانجلی",1,"244","244:244"
"الوک بھلہ","ہیما مالنی",1,"241","244:239"
"امجد الطاف","انتظار حسین",7,"74 75 77 124 125 128","76:73 76:74 76:75 76:78 126:122 126:125 126:131"
"امجد الطاف","ایوب خاں",1,"128","126:131"
"امجد الطاف","اے حمید",1,"76","76:77"
"امجد الطاف","بابو ہیرا",1,"76","76:77"
"امجد الطاف","بیدل جالندھری",1,"77","76:78"
"امجد الطاف","جالندھری تانگہ والا",1,"76","76:76"
"امجد الطاف","جسٹس کیانی",1,"128","126:131"
"امجد الطاف","جمال عبد الناصر",1,"128","126:131"
"امجد الطاف","جوش ملیح آبادی",1,"125","126:124"
"امجد الطاف","حبیب جالب",1,"74","76:73"
"امجد الطاف","حفیظ ہوشیارپوری",1,"74","76:72"
"امجد الطاف","حمید نظامی",1,"75","76:74"
"امجد الطاف","حنیف رامے",3,"75 76","76:74 76:75 76:77"
"امجد الطاف","ذوالفقار علی بھٹو",1,"77","76:78"
"امجد الطاف","سبط حسن",1,"124","126:123"
"امجد الطاف","سجاد باقر رضوی",2,"125","126:124 126:125"
"امجد الطاف","سراج صاحب",1,"77","76:78"
"امجد الطاف","سعید محمود",1,"78","76:81"
"امجد الطاف","شاکر علی",2,"75 78","76:74 76:81"
"امجد الطاف","شاہد حمید",1,"76","76:77"
"امجد الطاف","شہرت بخاری",1,"76","76:76"
"امجد الطاف","شیخ صلاح الدین",2,"75 77","76:75 76:79"
"امجد الطاف","شیر محمد اختر",1,"76","76:76"
"امجد الطاف","ضیا جالندھری",1,"76","76:76"
"امجد الطاف","عبدالعلیم",1,"74","76:72"
"امجد الطاف","عبداللہ بٹ",1,"75","76:74"
"امجد الطاف","عسکری",1,"123","126:121"
"امجد الطاف","علیم صاحب",1,"76","76:77"
"امجد الطاف","غالب احمد",1,"76","76:77"
"امجد الطاف","فیض احمد فیض",2,"74 76","76:73 76:76"
"امجد الطاف","قیوم صاحب (یونیسکو)",5,"76 124 125 126","76:76 126:123 126:124 126:125 126:126"
"امجد الطاف","قیوم نظر",1,"76","76:76"
"امجد الطاف","لئیق تانگہ والا",2,"123 124","126:121 126:122"
"امجد الطاف","مبارک احمد",1,"75","76:75"
"امجد الطاف","محبوب خزاں",1,"74","76:72"
"امجد الطاف","مختار صدیقی",1,"76","76:76"
"امجد الطاف","مظفر علی سید",1,"76","76:77"
"امجد الطاف","منیر نیازی",2,"125","126:124 126:125"
"امجد الطاف","میاں بشیر احمد",1,"74","76:72"
"امجد الطاف","میر خلیل الرحمن",1,"75","76:74"
"امجد الطاف","ناصر کاظمی",9,"74 75 76 123 124 125","76:72 76:73 76:74 76:75 76:76 126:121 126:122 126:123 126:125"
"امجد الطاف","نواب ناطق",2,"73 74","76:71 76:73"
"امجد الطاف","ولی",2,"75 126","76:74 126:126"
"امجد الطاف","یوسف ظفر",1,"76","76:76"
"امیر تیمور","انتظار حسین",6,"193 194 195 196 197","196:191 196:192 196:194 196:196 197:196 197:198"
"امیر تیمور","برتولٹ بریخت",2,"196 197","196:197 197:197"
"امیر تیمور","جنرل جیلانی",2,"198 199","196:201 197:201"
"امیر تیمور","جنرل ضیاء الحق",2,"198 199","196:201 197:201"
"امیر تیمور","جوزف کیمبل",1,"193","196:191"
"امیر تیمور","حبیب جالب",2,"197","196:198 197:198"
"امیر تیمور","حنیف رامے",2,"198 199","196:201 197:201"
"امیر تیمور","رمضان تپائی",2,"197","196:198 197:198"
"امیر تیمور","زاہد ڈار",2,"196","196:196 197:196"
"امیر تیمور","سبط حسن",1,"193","196:191"
"امیر تیمور","سجاد باقر رضوی",3,"194 195 199","196:193 196:194 197:202"
"امیر تیمور","سلیم احمد",2,"198 199","196:201 197:201"
"امیر تیمور","شاکر علی",5,"193 195 196","196:191 196:194 196:195 196:196 197:196"
"امیر تیمور","شاہجہان",2,"196","196:196 197:196"
"امیر تیمور","شکور بیدل",1,"199","197:202"
"امیر تیمور","صفدر میر",1,"193","196:191"
"امیر تیمور","صلاح الدین محمود",3,"194 198","196:192 196:200 197:200"
"امیر تیمور","عالیہ",2,"197 198","196:199 197:199"
"امیر تیمور","علی سردار جعفری",1,"193","196:191"
"امیر تیمور","غازی منجم",3,"196 197","196:196 197:196 197:197"
"امیر تیمور","فیض احمد فیض",3,"194 196 197","196:193 196:197 197:197"
"امیر تیمور","مجروح سلطان پوری",2,"196 197","196:197 197:197"
"امیر تیمور","محمد سلیم الرحمن",2,"198 199","196:201 197:201"
"امیر تیمور","مظفر علی سید",1,"193","196:191"
"امیر تیمور","میر انیس",2,"193 194","196:191 196:193"
"امیر تیمور","نثار عثمانی",2,"197","196:198 197:198"
"امیر تیمور","ڈاکٹر ذاکر حسین",1,"194","196:193"
"امیر تیمور","ڈاکٹر سید عبداللہ",2,"198 199","196:201 197:201"
"امیر تیمور","کشور ناہید",5,"195 196 197","196:194 196:195 196:196 197:196 197:197"
"امیر تیمور","ہارون الرشید",3,"195 196","196:195 196:196 197:196"
"انتظار حسین","انجم رومانی",16,"22 103 104 106 107 108 185 186 187 188 189 190 264 268","22:22 23:22 101:106 102:106 106:106 109:106 109:108 183:188 184:188 186:188 187:188 188:188 191:188 191:189 262:266 271:266"
"انتظار حسین","اندرا گاندھی",7,"288 289 290 291 292 293","286:291 287:291 289:291 291:291 292:291 292:292 294:292"
"انتظار حسین","انصار",12,"61 62 66 68 211 212 213 214 280","59:64 60:64 68:64 68:68 69:68 209:214 210:214 211:214 212:214 214:214 215:214 282:278"
"انتظار حسین","اننت مورتی",6,"241 242 243","239:243 240:243 241:243 242:243 243:243 244:243"
"انتظار حسین","انور الحسن جعفری",6,"217 218 219 220","215:220 216:220 217:220 219:220 220:220 221:220"
"انتظار حسین","انیس ہاشمی",2,"42 44","40:45 44:45"
"انتظار حسین","اکبر لاہوری",6,"213 214 215 216","211:216 212:216 214:216 215:216 216:216 217:216"
"انتظار حسین","ایس ایم ظفر",6,"284 285 286 287 288","282:287 283:287 285:287 286:287 287:287 289:287"
"انتظار حسین","ایوب خاں",40,"108 109 110 111 131 146 147 148 150 151 153 154 155 156 158 159 160 174 175 176 178 179 180 229 283 284 286 287 288 290 291 292 293","106:110 109:110 110:110 113:110 131:131 144:149 145:149 146:149 148:149 151:149 151:151 152:151 152:155 153:155 154:155 155:155 157:155 157:160 158:160 159:160 160:160 172:176 175:176 177:176 177:179 178:179 179:179 182:179 231:228 282:284 283:284 285:284 285:288 286:288 287:288 289:288 289:292 291:292 292:292 294:292"
"انتظار حسین","اے جی جوش",1,"270","271:269"
"انتظار حسین","اے حمید",4,"75 76 77","73:77 74:77 75:77 78:77"
"انتظار حسین","اے ڈی اظہر",10,"153 154 155 156 157 158","151:156 152:156 153:156 154:156 155:156 157:156 157:157 158:157 158:158 159:158"
"انتظار حسین","بابو ہیرا",4,"75 76 77","73:77 74:77 75:77 78:77"
"انتظار حسین","بانو قدسیہ",5,"152 153 154","151:154 152:154 153:154 154:154 155:154"
"انتظار حسین","بخاری صاحب",5,"22 23 25 223 228","22:23 23:23 27:23 221:226 231:226"
"انتظار حسین","برتولٹ بریخت",4,"194 195 196 197","192:197 194:197 196:197 198:197"
"انتظار حسین","برنی صاحب",3,"61 62 66","59:64 60:64 68:64"
"انتظار حسین","بلراج منیرا",5,"288 289 290 291","286:291 287:291 289:291 291:291 292:291"
"انتظار حسین","بلراج کومل",7,"248 249 250 251 253","246:251 247:251 248:251 249:251 250:251 251:251 256:251"
"انتظار حسین","بیدل جالندھری",10,"68 69 75 76 78 79","68:69 69:69 70:69 73:78 74:78 75:78 78:78 79:78 79:79 80:79"
"انتظار حسین","بے نظیر بھٹو",17,"200 201 202 204 212 213 214 215 258 259 260 261","198:203 199:203 200:203 201:203 205:203 210:215 211:215 212:215 214:215 215:215 216:215 256:260 257:260 258:260 259:260 260:260 262:260"
"انتظار حسین","تجمل حسین",15,"139 140 141 142 153 154 155 156 157 158","137:141 138:141 139:141 141:141 144:141 151:156 152:156 153:156 154:156 155:156 157:156 157:157 158:157 158:158 159:158"
"انتظار حسین","تصدق حسین",3,"221 222","219:224 220:224 221:224"
"انتظار حسین","تلوک چند محروم",5,"257 258 259","256:259 257:259 258:259 259:259 260:259"
"انتظار حسین","جالندھری تانگہ والا",35,"33 34 36 68 69 74 75 77 78 79 89 90 91 92 93 137 138 139 140 284 285 286 287 288","31:35 33:35 34:35 37:35 68:69 69:69 70:69 73:76 74:76 75:76 78:76 78:78 79:78 79:79 80:79 87:91 88:91 89:91 91:91 92:91 92:93 93:93 94:93 137:137 138:137 138:139 139:139 141:139 282:286 283:286 285:286 286:286 287:286 287:287 289:287"
"انتظار حسین","جسٹس کیانی",1,"131","131:131"
"انتظار حسین","جمال عبد الناصر",10,"98 101 131 258 259 260 261","96:101 101:101 102:101 131:131 256:261 257:261 258:261 259:261 260:261 262:261"
"انتظار حسین","جمیل الدین عالی",20,"60 61 104 106 108 121 153 154 155 156 248 249 250 251 253 280","59:62 60:62 102:107 106:107 109:107 122:120 151:156 152:156 153:156 154:156 155:156 157:156 246:251 247:251 248:251 249:251 250:251 251:251 256:251 282:279"
"انتظار حسین","جمیلہ ہاشمی",19,"155 156 157 158 206 207 208 217 218 219 220 231 232","153:158 154:158 155:158 157:158 158:158 159:158 205:207 207:207 208:207 208:208 209:208 215:220 216:220 217:220 219:220 220:220 221:220 231:231 233:231"
"انتظار حسین","جنرل جیلانی",6,"198 199 200 201 203","196:201 198:201 199:201 200:201 201:201 205:201"
"انتظار حسین","جنرل ضیاء الحق",48,"145 146 147 198 199 200 201 203 205 206 210 211 212 213 216 217 218 219 233 234 237 238 247 248 249 250 251 254 258 259 260 261 271 272","144:147 145:147 146:147 148:147 196:201 198:201 199:201 200:201 201:201 205:201 205:205 207:205 208:213 209:213 210:213 211:213 212:213 214:213 214:218 215:218 216:218 217:218 219:218 219:219 220:219 231:235 233:235 234:235 239:235 239:236 239:238 245:250 246:250 247:250 248:250 249:250 250:250 251:250 251:252 256:252 256:260 257:260 258:260 259:260 260:260 262:260 271:272 272:272"
"انتظار حسین","جوزف کیمبل",5,"188 189 191","186:191 187:191 188:191 191:191 192:191"
"انتظار حسین","جوش ملیح آبادی",59,"13 23 24 26 32 33 34 35 45 48 51 52 54 55 57 60 61 65 90 91 92 93 120 123 124 159 160 161 167 231 232 242 243 244 245 270 272 279 284 285 286 291 292 293 294 296 298","14:12 22:25 23:25 27:25 31:34 33:34 34:34 37:34 44:46 51:46 51:51 53:51 53:55 54:55 55:55 59:55 59:56 59:62 60:62 68:63 88:93 89:93 91:93 92:93 93:93 94:93 122:119 122:124 125:124 157:162 158:162 159:162 160:162 168:167 231:232 233:232 240:245 241:245 242:245 243:245 244:245 245:245 246:245 271:269 271:273 272:273 282:277 282:286 283:286 285:286 286:286 287:286 289:293 291:293 292:293 294:293 294:295 298:295 298:298"
"انتظار حسین","جگر",9,"4 96 97 100 284 285 286","2:7 94:99 96:99 101:99 282:286 283:286 285:286 286:286 287:286"
"انتظار حسین","جیلانی کامران",10,"139 140 141 143 177 178 179 180","137:142 138:142 139:142 141:142 144:142 175:179 177:179 178:179 179:179 182:179"
"انتظار حسین","حبیب جالب",40,"57 59 60 70 71 73 110 111 112 138 139 140 167 168 169 172 173 174 184 185 186 187 188 189 190 196 197 198 274 279 282","55:60 59:60 60:60 68:73 69:73 70:73 73:73 74:73 109:112 110:112 113:112 137:140 138:140 139:140 141:140 168:167 168:168 169:168 169:169 170:169 170:174 172:174 175:174 182:186 183:186 184:186 186:186 187:186 187:188 188:188 191:188 191:189 194:198 196:198 198:198 199:198 272:277 282:277 282:282 283:282"
"انتظار حسین","حجاب امتیاز علی",16,"206 207 208 210 211 212 213 231 232 233 234 236","205:207 207:207 208:207 208:208 209:208 209:212 210:212 211:212 212:212 214:212 231:231 233:231 233:233 234:233 234:234 239:234"
"انتظار حسین","حسن طارق",6,"98 100 108 110 112","96:100 101:100 106:111 109:111 110:111 113:111"
"انتظار حسین","حسین نقی",5,"184 185 186","182:186 183:186 184:186 186:186 187:186"
"انتظار حسین","حضرت نظام الدین اولیا",4,"251 252 255","249:254 250:254 251:254 256:254"
"انتظار حسین","حضرت چراغ دہلی",4,"251 252 255","249:254 250:254 251:254 256:254"
"انتظار حسین","حفیظ ہوشیارپوری",7,"21 22 70 71 72","22:20 22:22 23:22 68:72 69:72 70:72 73:72"
"انتظار حسین","حمید اختر",19,"32 33 34 35 53 54 55 57 101 102 104 159 160 161 232 233","31:34 33:34 34:34 37:34 51:55 53:55 54:55 55:55 59:55 101:102 102:102 106:102 157:162 158:162 159:162 160:162 231:233 233:233 234:233"
"انتظار حسین","حمید علوی",5,"152 153 154","151:154 152:154 153:154 154:154 155:154"
"انتظار حسین","حمید نظامی",5,"71 72 73 74","69:74 70:74 73:74 74:74 75:74"
"انتظار حسین","حمید ہاشمی",6,"28 30 42 44 49","27:29 28:29 31:29 40:45 44:45 51:48"
"انتظار حسین","حنیف رامے",37,"60 71 72 73 74 75 76 77 81 82 83 84 87 88 89 90 91 92 98 100 111 112 113 198 199 200 201 203 273 274","59:61 60:61 69:74 70:74 73:74 74:74 75:74 75:75 78:75 78:77 79:84 80:84 81:84 82:84 83:84 85:84 85:90 87:90 88:90 89:90 91:90 91:92 92:92 93:92 96:100 101:100 109:114 110:114 113:114 196:201 198:201 199:201 200:201 201:201 205:201 271:276 272:276"
"انتظار حسین","حکیم حبیب اشعر",5,"146 147 148 150","144:149 145:149 146:149 148:149 151:149"
"انتظار حسین","حکیم ریاض",5,"143 145 146 147","141:146 144:146 145:146 146:146 148:146"
"انتظار حسین","خان بہادر (دادا جان ہاپوڑ)",3,"221 222","219:224 220:224 221:224"
"انتظار حسین","خان فضل الرحمن خان",6,"213 214 215 216","211:216 212:216 214:216 215:216 216:216 217:216"
"انتظار حسین","خدیجہ مستور",5,"181 183 184 185","179:184 182:184 183:184 184:184 186:184"
"انتظار حسین","خضر تمیمی",6,"154 155 156 157","152:157 153:157 154:157 155:157 157:157 158:157"
"انتظار حسین","خواجہ صاحب",3,"68 69","68:69 69:69 70:69"
"انتظار حسین","دادا پٹی نذیر احمد",6,"3 35 37 281","2:4 33:37 34:37 37:37 38:37 282:280"
"انتظار حسین","ذوالفقار علی بھٹو",38,"75 76 78 159 160 165 168 169 179 180 181 184 185 186 201 202 204 207 208 209 210 216 217 218 219","73:78 74:78 75:78 78:78 79:78 157:161 158:161 159:161 160:161 168:163 168:169 169:169 170:169 177:181 178:181 179:181 182:181 182:186 183:186 184:186 186:186 187:186 199:204 200:204 201:204 205:204 205:210 207:210 208:210 209:210 210:210 211:210 214:219 215:219 216:219 217:219 219:219 220:219"
"انتظار حسین","راجہ رسالو",4,"176 177 178","175:178 177:178 178:178 179:178"
"انتظار حسین","رام لال",9,"212 213 214 215 236 239","210:215 211:215 212:215 214:215 215:215 216:215 234:239 239:239 240:239"
"انتظار حسین","رام چندر جی",5,"250 251 252 254","248:253 249:253 250:253 251:253 256:253"
"انتظار حسین","رضی عابدی",7,"242 243 244 245","240:245 241:245 242:245 243:245 244:245 245:245 246:245"
"انتظار حسین","رمضان تپائی",18,"39 40 42 103 104 106 107 196 197 198 216 217 218","37:41 38:41 39:41 40:41 44:41 101:106 102:106 106:106 109:106 194:198 196:198 198:198 199:198 214:218 215:218 216:218 217:218 219:218"
"انتظار حسین","روحی بانو",12,"249 250 251 254 258 259 260 261","247:252 248:252 249:252 250:252 251:252 256:252 256:260 257:260 258:260 259:260 260:260 262:260"
"انتظار حسین","روشن آراء بیگم",10,"168 184 185 186 187 188 189","168:168 169:168 182:187 183:187 184:187 186:187 187:187 188:187 188:188 191:188"
"انتظار حسین","ریاض بٹالوی",8,"145 146 147 174 176 177","144:147 145:147 146:147 148:147 172:177 175:177 177:177 178:177"
"انتظار حسین","ریوتی سرن شرما",30,"29 30 31 32 38 39 40 42 91 92 93 94 95 243 244 245 246 252 253 255 256 257 258","27:32 28:32 31:32 33:32 37:40 38:40 39:40 40:40 44:40 89:94 91:94 92:94 93:94 94:94 96:94 241:246 242:246 243:246 244:246 245:246 246:246 247:246 250:255 251:255 256:255 256:257 257:257 258:257 258:258 259:258"
"انتظار حسین","زاہد ڈار",29,"25 27 28 29 169 170 171 172 173 193 194 195 196 197 235 238 270 271 272 281 287 288 289 290 291","23:28 27:28 28:28 31:28 168:170 169:170 170:170 172:170 172:172 175:172 191:196 192:196 194:196 196:196 198:196 233:237 234:237 239:237 271:270 271:272 272:272 282:280 285:290 286:290 287:290 289:290 291:290 291:291 292:291"
"انتظار حسین","زبیر رضوی",3,"252 253 255","250:255 251:255 256:255"
"انتظار حسین","زین العابدین",5,"170 171 172 173","168:172 169:172 170:172 172:172 175:172"
"انتظار حسین","سائرہ ہاشمی",6,"217 218 219 220","215:220 216:220 217:220 219:220 220:220 221:220"
"انتظار حسین","سارتر",18,"98 101 102 104 105 155 156 157 158 170 171 172 174","96:101 101:101 102:101 102:103 106:103 106:104 153:158 154:158 155:158 157:158 158:158 159:158 168:173 169:173 170:173 172:173 175:173 175:174"
"انتظار حسین","سارہ شگفتہ",6,"212 213 214 215","210:215 211:215 212:215 214:215 215:215 216:215"
"انتظار حسین","سبط حسن",23,"28 30 42 44 53 54 55 57 122 124 132 135 159 160 161 188 189 191","27:29 28:29 31:29 40:45 44:45 51:55 53:55 54:55 55:55 59:55 122:123 125:123 131:133 137:133 157:162 158:162 159:162 160:162 186:191 187:191 188:191 191:191 192:191"
"انتظار حسین","سجاد باقر رضوی",19,"123 124 125 152 153 154 190 192 193 194 195 200 201 203","122:124 125:124 125:125 151:154 152:154 153:154 154:154 155:154 188:193 191:193 192:193 194:193 194:194 196:194 198:202 199:202 200:202 201:202 205:202"
"انتظار حسین","سجاد ظہیر",9,"53 54 55 57 159 160 161","51:55 53:55 54:55 55:55 59:55 157:162 158:162 159:162 160:162"
"انتظار حسین","سدھیر",7,"241 242 243 244","239:244 240:244 241:244 242:244 243:244 244:244 245:244"
"انتظار حسین","سر عبد القادر",4,"167 283 284","168:166 282:284 283:284 285:284"
"انتظار حسین","سراج صاحب",7,"75 76 78 133 136","73:78 74:78 75:78 78:78 79:78 131:136 137:136"
"انتظار حسین","سراج منیر",6,"186 187 188 190","184:189 186:189 187:189 188:189 191:189 191:190"
"انتظار حسین","سرلا",4,"29 30 31 32","27:32 28:32 31:32 33:32"
"انتظار حسین","سریندر پرکاش",7,"248 249 250 251 253","246:251 247:251 248:251 249:251 250:251 251:251 256:251"
"انتظار حسین","سعادت سعید",7,"167 210 211 212 213","168:167 208:213 209:213 210:213 211:213 212:213 214:213"
"انتظار حسین","سعید بور",4,"35 37","33:37 34:37 37:37 38:37"
"انتظار حسین","سعید محمود",32,"79 80 81 82 83 84 85 86 102 103 105 112 114 120 138 139 140 209 210 211 273 274 294 295 297","78:81 79:81 80:81 81:81 82:81 82:82 83:82 83:83 85:83 85:85 87:85 101:104 102:104 106:104 110:115 113:115 122:118 137:140 138:140 139:140 141:140 207:211 208:211 209:211 210:211 211:211 212:211 271:276 272:276 292:297 294:297 298:297"
"انتظار حسین","سلیم احمد",40,"14 24 25 27 35 37 38 39 81 82 83 84 85 86 107 109 110 111 113 185 186 187 188 189 198 199 200 201 203 264 268","14:14 22:27 23:27 27:27 28:27 33:37 34:37 37:37 38:37 38:39 39:39 40:39 79:84 80:84 81:84 82:84 83:84 85:84 85:85 87:85 106:109 109:109 110:109 110:110 113:110 113:113 183:188 184:188 186:188 187:188 188:188 191:188 196:201 198:201 199:201 200:201 201:201 205:201 262:266 271:266"
"انتظار حسین","سہیل عظیم آبادی",6,"21 28 29 30 31 32","22:20 27:30 28:30 31:30 31:31 33:31"
"انتظار حسین","سی آر اسلم",2,"162 166","160:165 168:165"
"انتظار حسین","سید امتیاز علی تاج",9,"101 102 104 171 172 173 174 280","101:102 102:102 106:102 106:103 169:174 170:174 172:174 175:174 282:279"
"انتظار حسین","سید سلیمان ندوی",4,"283 284 285","282:285 283:285 285:285 286:285"
"انتظار حسین","سیموئل بیکٹ",5,"287 288 289 290","285:289 286:289 287:289 289:289 291:289"
"انتظار حسین","شاد امرتسری",6,"213 214 215 216","211:216 212:216 214:216 215:216 216:216 217:216"
"انتظار حسین","شارعزیز",3,"232 233","231:233 233:233 234:233"
"انتظار حسین","شاکر علی",36,"51 52 54 55 57 71 72 73 74 79 80 81 120 169 170 171 172 173 188 189 191 193 194 195 196 197 273 274","51:52 53:52 53:55 54:55 55:55 59:55 69:74 70:74 73:74 74:74 75:74 78:81 79:81 80:81 81:81 82:81 122:119 168:170 169:170 170:170 172:170 172:172 175:172 186:191 187:191 188:191 191:191 192:191 192:194 194:194 196:194 196:195 196:196 198:196 271:276 272:276"
"انتظار حسین","شاہجہان",5,"193 194 195 196 197","191:196 192:196 194:196 196:196 198:196"
"انتظار حسین","شاہد حمید",12,"67 75 76 77 214 215 216 217 218 270","68:67 73:77 74:77 75:77 78:77 212:217 214:217 215:217 216:217 217:217 219:217 271:270"
"انتظار حسین","شاہد صاحب",8,"2 52 53 108 109 110 111","2:3 51:53 53:53 54:53 106:110 109:110 110:110 113:110"
"انتظار حسین","شبلی بیگم",4,"235 238","233:237 234:237 239:237 239:238"
"انتظار حسین","شعیب حزیں",2,"45 48","44:46 51:46"
"انتظار حسین","شفقت تنویر مرزا",4,"176 177 178","175:178 177:178 178:178 179:178"
"انتظار حسین","شفیق احمد",4,"33 34 35 36","31:36 33:36 34:36 37:36"
"انتظار حسین","شمس",12,"155 156 157 158 250 251 252 254 255","153:158 154:158 155:158 157:158 158:158 159:158 248:253 249:253 250:253 251:253 256:253 256:254"
"انتظار حسین","شمس الرحمن فاروقی",6,"250 251 252 254 255","248:253 249:253 250:253 251:253 256:253 256:254"
"انتظار حسین","شمع فتح علی",7,"243 244 245 246","241:246 242:246 243:246 244:246 245:246 246:246 247:246"
"انتظار حسین","شورش کاشمیری",2,"162 166","160:165 168:165"
"انتظار حسین","شومی قیصر",5,"180 181 182 183","178:183 179:183 182:183 183:183 184:183"
"انتظار حسین","شوکت تھانوی",9,"89 90 91 141 142 144","87:91 88:91 89:91 91:91 92:91 139:144 141:144 144:144 145:144"
"انتظار حسین","شوکت عثمان",8,"179 180 182 183 184 185","177:182 178:182 179:182 182:182 183:182 183:184 184:184 186:184"
"انتظار حسین","شکور بیدل",5,"200 201 203","198:202 199:202 200:202 201:202 205:202"
"انتظار حسین","شہرت بخاری",19,"74 75 77 85 86 87 88 107 108 185 186 187 188 189 273 274","73:76 74:76 75:76 78:76 83:88 85:88 87:88 88:88 89:88 106:108 109:108 183:188 184:188 186:188 187:188 188:188 191:188 271:276 272:276"
"انتظار حسین","شہید اللہ قیصر",5,"180 181 182 183","178:183 179:183 182:183 183:183 184:183"
"انتظار حسین","شیخ صلاح الدین",50,"60 65 67 68 72 74 75 76 78 79 80 81 82 83 84 87 88 89 90 91 92 94 95 96 98 100 111 113 120 172 173 175 176 232 233 273 274","59:61 60:61 68:63 68:66 68:67 68:68 69:68 70:75 73:75 74:75 75:75 78:75 78:79 79:79 80:79 80:80 81:80 81:82 82:82 83:82 83:83 85:83 85:84 85:90 87:90 88:90 89:90 91:90 91:92 92:92 93:92 93:96 94:96 96:96 101:96 101:100 109:113 110:113 113:113 122:118 170:175 172:175 175:175 177:175 177:176 231:233 233:233 234:233 271:276 272:276"
"انتظار حسین","شیخ مجیب الرحمن",9,"146 147 148 150 160 161 165","144:149 145:149 146:149 148:149 151:149 158:163 159:163 160:163 168:163"
"انتظار حسین","شیر محمد اختر",16,"22 74 75 77 89 90 91 94 95 96 99","22:22 23:22 73:76 74:76 75:76 78:76 87:91 88:91 89:91 91:91 92:91 92:97 93:97 94:97 96:97 101:97"
"انتظار حسین","صادقین",6,"184 185 186 187","182:187 183:187 184:187 186:187 187:187 188:187"
"انتظار حسین","صفدر میر",22,"28 30 68 104 106 108 109 176 177 178 179 180 188 189 191","27:29 28:29 31:29 68:68 69:68 102:107 106:107 109:107 109:108 109:109 110:109 175:178 177:178 178:178 179:178 179:179 182:179 186:191 187:191 188:191 191:191 192:191"
"انتظار حسین","صلاح الدین محمود",27,"91 92 93 94 95 189 190 191 192 193 198 199 200 206 207 208 210 211 231 232","89:94 91:94 92:94 93:94 94:94 96:94 187:192 188:192 191:192 192:192 194:192 196:200 198:200 199:200 200:200 201:200 205:207 207:207 208:207 208:208 209:208 209:211 210:211 211:211 212:211 231:231 233:231"
"انتظار حسین","ضیا جالندھری",13,"33 34 36 74 75 77 89 90 91","31:35 33:35 34:35 37:35 73:76 74:76 75:76 78:76 87:91 88:91 89:91 91:91 92:91"
"انتظار حسین","ضیاء اسلام انصاری",6,"216 217 218 219","214:219 215:219 216:219 217:219 219:219 220:219"
"انتظار حسین","طفیل صاحب",8,"89 90 91 92 98 100","87:92 88:92 89:92 91:92 92:92 93:92 96:100 101:100"
"انتظار حسین","ظفر اقبال",8,"57 59 60 232 233 282","55:60 59:60 60:60 231:233 233:233 234:233 282:282 283:282"
"انتظار حسین","ظفر صمدانی",8,"102 103 105 216 217 218","101:104 102:104 106:104 214:218 215:218 216:218 217:218 219:218"
"انتظار حسین","ظہور بھائی",5,"200 201 202 204","198:203 199:203 200:203 201:203 205:203"
"انتظار حسین","عارف عبدالمتین",5,"52 53 264 268","51:53 53:53 54:53 262:266 271:266"
"انتظار حسین","عالیہ",21,"188 189 190 196 197 198 199 219 220 221 248 249 250 251 253 270","186:190 187:190 188:190 191:190 194:199 196:199 198:199 199:199 200:199 217:222 219:222 220:222 221:222 246:251 247:251 248:251 249:251 250:251 251:251 256:251 271:269"
"انتظار حسین","عبد القادر حسن",1,"167","168:166"
"انتظار حسین","عبدالعلیم",4,"70 71 72","68:72 69:72 70:72 73:72"
"انتظار حسین","عبداللہ بٹ",5,"71 72 73 74","69:74 70:74 73:74 74:74 75:74"
"انتظار حسین","عبداللہ ملک",13,"22 30 32 33 34 35 287 288 289 290","22:22 23:22 28:33 31:33 33:33 34:33 34:34 37:34 285:289 286:289 287:289 289:289 291:289"
"انتظار حسین","عبدالمجید بھٹی",6,"4 284 285 286","2:6 282:286 283:286 285:286 286:286 287:286"
"انتظار حسین","عبید صدیقی",3,"252 253 255","250:255 251:255 256:255"
"انتظار حسین","عتیق اللہ شیخ",5,"152 153 154","151:154 152:154 153:154 154:154 155:154"
"انتظار حسین","عثمان علی خاں",3,"282 283 284","282:283 283:283 285:283"
"انتظار حسین","عذرا عباس",6,"212 213 214 215","210:215 211:215 212:215 214:215 215:215 216:215"
"انتظار حسین","عزیز الحق",12,"167 186 187 188 190 210 211 212 213","168:167 184:189 186:189 187:189 188:189 191:189 208:213 209:213 210:213 211:213 212:213 214:213"
"انتظار حسین","عسکری",70,"1 3 11 12 15 20 21 22 23 25 26 27 28 29 30 31 32 33 34 35 36 37 38 39 51 52 53 94 95 96 99 101 102 104 108 109 110 111 112 121 230 246 247 248 249 293 294 296 297","2:1 2:5 14:9 14:10 14:16 22:19 22:20 22:21 22:22 23:22 23:23 27:23 27:24 27:25 27:26 27:27 28:27 28:28 31:28 31:29 31:30 31:31 33:31 33:33 34:33 34:34 37:34 37:35 37:36 37:37 38:37 38:38 39:38 39:39 40:39 51:51 53:51 53:53 54:53 92:97 93:97 94:97 96:97 101:97 101:101 102:101 102:102 106:102 106:103 106:110 109:110 110:110 113:110 113:112 122:120 122:121 231:229 244:249 245:249 246:249 247:249 248:249 249:249 250:249 291:295 292:295 294:295 298:295 298:296 298:297"
"انتظار حسین","عظیم اللہ خان",6,"209 210 211","207:211 208:211 209:211 210:211 211:211 212:211"
"انتظار حسین","علامہ علاء الدین صدیقی",5,"157 158 159 160","155:160 157:160 158:160 159:160 160:160"
"انتظار حسین","علی سردار جعفری",23,"21 29 31 32 188 189 191 217 218 219 220 243 244 245 246","22:20 27:31 28:31 31:31 33:31 186:191 187:191 188:191 191:191 192:191 215:220 216:220 217:220 219:220 220:220 221:220 241:246 242:246 243:246 244:246 245:246 246:246 247:246"
"انتظار حسین","علی شریعتی",7,"242 243 244 245","240:245 241:245 242:245 243:245 244:245 245:245 246:245"
"انتظار حسین","علیم صاحب",4,"75 76 77","73:77 74:77 75:77 78:77"
"انتظار حسین","عنایت اللہ",10,"143 145 146 147 148 149 174 175 176","141:146 144:146 145:146 146:146 148:146 148:148 151:148 172:176 175:176 177:176"
"انتظار حسین","غازی منجم",6,"193 194 195 196 197","191:196 192:196 194:196 196:196 198:196 198:197"
"انتظار حسین","غالب احمد",12,"60 75 76 77 216 217 218 219","59:61 60:61 73:77 74:77 75:77 78:77 214:219 215:219 216:219 217:219 219:219 220:219"
"انتظار حسین","غلام عباس",11,"21 121 162 166 247 248 249 250","22:20 122:120 160:165 168:165 245:250 246:250 247:250 248:250 249:250 250:250 251:250"
"انتظار حسین","غلام محمد",17,"67 179 180 182 183 184 185 241 242 243 244","68:67 177:182 178:182 179:182 182:182 183:182 183:184 184:184 186:184 186:185 239:244 240:244 241:244 242:244 243:244 244:244 245:244"
"انتظار حسین","غلام محمد شیخ",7,"241 242 243 244","239:244 240:244 241:244 242:244 243:244 244:244 245:244"
"انتظار حسین","فخر الدین",6,"169 170 171 172 173","168:170 169:170 170:170 172:170 172:172 175:172"
"انتظار حسین","فخر زمان",2,"271","271:271 272:271"
"انتظار حسین","فراق",22,"24 26 33 34 35 36 37 53 54 55 57 96 97 100 230 264 268 273","22:26 23:26 27:26 31:36 33:36 34:36 37:36 37:37 38:37 51:55 53:55 54:55 55:55 59:55 94:99 96:99 101:99 231:229 262:266 271:266 271:275 272:275"
"انتظار حسین","فرخ نگار عزیز",8,"152 153 154 283 284","151:154 152:154 153:154 154:154 155:154 282:284 283:284 285:284"
"انتظار حسین","فرہاد زیدی",4,"174 176 177","172:177 175:177 177:177 178:177"
"انتظار حسین","فرہاد مظہر",5,"179 180 182","177:182 178:182 179:182 182:182 183:182"
"انتظار حسین","فریدہ اختر",7,"179 180 182 183","177:182 178:182 179:182 182:182 183:182 183:183 184:183"
"انتظار حسین","فریدہ حفیظ",4,"174 176 177","172:177 175:177 177:177 178:177"
"انتظار حسین","فیض احمد فیض",56,"50 53 54 55 57 60 70 71 73 75 77 90 91 92 93 96 97 100 101 102 104 121 132 135 139 140 141 142 184 185 186 187 190 192 193 195 196 197 283 284 285 286","51:50 51:55 53:55 54:55 55:55 59:55 59:61 60:61 68:73 69:73 70:73 73:73 74:73 74:76 75:76 78:76 88:93 89:93 91:93 92:93 93:93 94:93 94:99 96:99 101:99 101:102 102:102 106:102 106:103 122:120 131:133 137:133 137:141 138:141 139:141 141:141 144:141 182:187 183:187 184:187 186:187 187:187 188:187 188:193 191:193 192:193 194:193 194:197 196:197 198:197 282:284 283:284 285:284 285:286 286:286 287:286"
"انتظار حسین","قدرت اللہ شہاب",14,"23 24 26 132 135 153 154 155 156 206 207","22:25 23:25 27:25 131:133 137:133 151:155 152:155 153:155 154:155 155:155 157:155 205:207 207:207 208:207"
"انتظار حسین","قرۃ العین حیدر",14,"104 106 108 169 170 171 248 249 250 251 253","102:107 106:107 109:107 168:170 169:170 170:170 172:170 246:251 247:251 248:251 249:251 250:251 251:251 256:251"
"انتظار حسین","قیوم صاحب (یونیسکو)",40,"74 75 77 78 80 81 82 85 86 87 88 89 90 98 101 112 114 122 124 125 128 147 148 149 150 211 212 213 214","73:76 74:76 75:76 78:76 78:77 78:78 79:78 79:81 80:81 81:81 82:81 82:82 83:82 83:88 85:88 87:88 88:88 89:88 89:89 91:89 96:101 101:101 102:101 110:115 113:115 122:123 125:123 125:124 125:125 131:126 145:150 146:150 148:150 151:150 209:214 210:214 211:214 212:214 214:214 215:214"
"انتظار حسین","قیوم نظر",26,"22 23 25 74 75 77 78 96 97 100 147 148 149 150 210 211 212 213 283 284","22:22 23:22 23:23 27:23 73:76 74:76 75:76 78:76 78:78 79:78 94:99 96:99 101:99 145:150 146:150 148:150 151:150 208:213 209:213 210:213 211:213 212:213 214:213 282:284 283:284 285:284"
"انتظار حسین","لئیق تانگہ والا",9,"121 122 123 137 138 139 140","122:121 122:122 125:122 137:137 138:137 138:138 139:138 139:139 141:139"
"انتظار حسین","لائو پہلوان",4,"283 284 285","282:285 283:285 285:285 286:285"
"انتظار حسین","لڈو",1,"167","168:167"
"انتظار حسین","ماہر القادری",1,"13","14:12"
"انتظار حسین","مبارک احمد",30,"72 74 75 76 85 86 87 88 104 106 108 211 212 213 214 215 216 218 219 220 236 239","70:75 73:75 74:75 75:75 78:75 83:88 85:88 87:88 88:88 89:88 102:107 106:107 109:107 209:214 210:214 211:214 212:214 214:214 215:214 215:215 216:215 216:216 217:216 217:220 219:220 220:220 221:220 234:239 239:239 240:239"
"انتظار حسین","مجاہد اردو (گمنام مقرر)",1,"281","282:281"
"انتظار حسین","مجروح سلطان پوری",4,"194 195 196 197","192:197 194:197 196:197 198:197"
"انتظار حسین","محبوب خزاں",4,"70 71 72","68:72 69:72 70:72 73:72"
"انتظار حسین","محمد باقر",4,"174 176 177","172:177 175:177 177:177 178:177"
"انتظار حسین","محمد حسن لطیفی",15,"81 82 83 84 85 86 284 285 286 287 288","79:84 80:84 81:84 82:84 83:84 85:84 85:85 87:85 87:86 282:287 283:287 285:287 286:287 287:287 289:287"
"انتظار حسین","محمد حسین آزاد",7,"174 176 177 261 262 263","172:177 175:177 177:177 178:177 259:264 260:264 262:264"
"انتظار حسین","محمد سلیم الرحمن",6,"198 199 200 201 203","196:201 198:201 199:201 200:201 201:201 205:201"
"انتظار حسین","محمد عمر میمن",9,"241 242 243 244 245","239:244 240:244 241:244 242:244 243:244 244:244 245:244 245:245 246:245"
"انتظار حسین","محمود ہاشمی",10,"23 24 26 32 33 34 35 252 253 255","22:25 23:25 27:25 31:34 33:34 34:34 37:34 250:255 251:255 256:255"
"انتظار حسین","مختار صدیقی",8,"22 23 25 74 75 77","22:22 23:22 23:23 27:23 73:76 74:76 75:76 78:76"
"انتظار حسین","مرغوب صدیقی",5,"284 285 286","282:286 283:286 285:286 286:286 287:286"
"انتظار حسین","مسرت جبیں",8,"145 146 147 174 176 177","144:147 145:147 146:147 148:147 172:177 175:177 177:177 178:177"
"انتظار حسین","مسز سراج",2,"133 136","131:136 137:136"
"انتظار حسین","مظفر علی سید",42,"60 75 76 77 78 79 80 81 82 83 84 87 88 89 90 91 92 93 95 96 99 100 112 114 188 189 191 273 274 280","59:61 60:61 73:77 74:77 75:77 78:77 78:79 79:79 80:79 80:81 81:81 82:81 82:82 83:82 83:83 85:83 85:84 85:89 87:89 88:89 89:89 91:89 91:90 91:91 92:91 92:93 93:93 94:93 94:97 96:97 101:97 101:99 110:115 113:115 186:191 187:191 188:191 191:191 192:191 271:276 272:276 282:278"
"انتظار حسین","ملک راج آنند",6,"139 140 141 142 143","137:141 138:141 139:141 141:141 144:141 144:142"
"انتظار حسین","ممتاز شیریں",11,"23 24 26 32 33 34 35 52 53","22:25 23:25 27:25 27:26 31:34 33:34 34:34 37:34 51:53 53:53 54:53"
"انتظار حسین","منظور الہی",8,"206 207 208 231 232 233","205:208 207:208 208:208 209:208 231:231 233:231 233:233 234:233"
"انتظار حسین","منو بھائی",7,"285 286 287 288 289 290","283:288 285:288 286:288 287:288 289:288 289:289 291:289"
"انتظار حسین","منٹو",32,"11 23 25 26 32 33 34 35 36 111 113 137 160 161 165 249 250 251 254 293 294 296 297","14:9 22:24 23:24 27:24 27:25 27:26 31:34 33:34 34:34 37:34 37:35 37:36 109:113 110:113 113:113 137:137 138:137 158:163 159:163 160:163 168:163 247:252 248:252 249:252 250:252 251:252 256:252 291:295 292:295 294:295 298:295 298:296"
"انتظار حسین","منیر احمد شیخ",2,"168","168:168 169:168"
"انتظار حسین","منیر نیازی",18,"82 83 84 85 86 123 124 125 155 156 157 158 159 167","80:85 81:85 82:85 83:85 85:85 87:85 122:124 125:124 125:125 153:158 154:158 155:158 157:158 158:158 159:158 159:159 160:159 168:167"
"انتظار حسین","مولانا ابوالکلام آزاد",8,"210 211 212 213 282","208:213 209:213 210:213 211:213 212:213 214:213 282:282 283:282"
"انتظار حسین","مولانا بھاشانی",6,"159 160 161 165 166","157:162 158:162 159:162 160:162 168:163 168:164"
"انتظار حسین","مولانا حسرت موہانی",17,"12 36 38 39 40 42 43 44 48 49 50 150 151 152","14:11 34:39 37:39 38:39 39:39 40:39 40:41 44:41 44:43 44:44 51:46 51:47 51:49 148:152 151:152 152:152 153:152"
"انتظار حسین","مولانا صلاح الدین احمد",23,"32 33 34 35 102 104 108 109 110 111 121 133 136 174 176 177 284 285 286","31:34 33:34 34:34 37:34 101:103 102:103 106:103 106:110 109:110 110:110 113:110 122:120 131:136 137:136 172:177 175:177 177:177 178:177 282:286 283:286 285:286 286:286 287:286"
"انتظار حسین","مولانا ظفر علی خاں",3,"282 283 284","282:283 283:283 285:283"
"انتظار حسین","مولانا عبد المجید سالک",10,"141 142 144 284 285 286 287 288","139:144 141:144 144:144 145:144 282:287 283:287 285:287 286:287 287:287 289:287"
"انتظار حسین","مولانا غلام رسول",7,"101 102 104 150 151 152","101:102 102:102 106:102 148:152 151:152 152:152 153:152"
"انتظار حسین","مولانا مودودی",3,"168 169","168:169 169:169 170:169"
"انتظار حسین","مولانا چراغ حسن حسرت",5,"137 261 262 263","137:137 138:137 259:264 260:264 262:264"
"انتظار حسین","مولانا کوثر نیازی",2,"162 166","160:165 168:165"
"انتظار حسین","مہندر ناتھ",5,"28 29 30 31 32","27:30 28:30 31:30 31:32 33:32"
"انتظار حسین","میاں ایم اسلم",1,"1","2:1"
"انتظار حسین","میاں بشیر احمد",14,"70 71 72 94 95 96 99 101 102 104 112 114","68:72 69:72 70:72 73:72 92:97 93:97 94:97 96:97 101:97 101:102 102:102 106:102 110:115 113:115"
"انتظار حسین","میاں محمد طفیل",2,"162 166","160:165 168:165"
"انتظار حسین","میر انیس",19,"42 44 188 189 191 192 193 242 243 244 245 252 253 255","40:45 44:45 186:191 187:191 188:191 191:191 192:191 192:193 194:193 240:245 241:245 242:245 243:245 244:245 245:245 246:245 250:255 251:255 256:255"
"انتظار حسین","میر خلیل الرحمن",5,"71 72 73 74","69:74 70:74 73:74 74:74 75:74"
"انتظار حسین","میر نور احمد",16,"141 142 144 145 150 151 152 284 285 286 287 288","139:144 141:144 144:144 145:144 145:145 146:145 148:152 151:152 152:152 153:152 282:287 283:287 285:287 286:287 287:287 289:287"
"انتظار حسین","میرا بائی",24,"60 80 81 82 209 210 211 229 243 244 245 246 247","59:61 60:61 78:82 79:82 80:82 81:82 82:82 83:82 207:211 208:211 209:211 210:211 211:211 212:211 231:228 241:246 242:246 243:246 244:246 245:246 246:246 247:246 247:247 248:247"
"انتظار حسین","ناصر کاظمی",135,"24 26 27 39 40 42 51 52 60 66 67 68 69 70 71 72 73 74 75 76 77 78 79 80 82 83 84 85 86 88 89 90 91 92 94 95 96 98 99 100 104 106 108 109 110 111 112 113 119 120 121 122 123 124 125 137 138 139 140 161 162 166 171 172 173 174 175 176 179 180 181 182 184 185 186 187 188 189 239 240 247 248 249 250 251 254 258 259 260 261 273 274 281 284 285 286 287 288","22:26 23:26 27:26 27:27 28:27 37:41 38:41 39:41 40:41 44:41 51:52 53:52 59:61 60:61 68:64 68:65 68:66 68:67 68:68 69:68 69:69 70:69 70:70 73:70 73:72 73:73 74:73 74:74 75:74 75:75 78:75 78:76 78:77 78:78 79:78 79:79 80:79 80:80 81:80 81:83 82:83 83:83 85:83 85:84 85:85 87:85 87:89 88:89 89:89 91:89 91:90 91:92 92:92 93:92 93:96 94:96 96:96 101:96 101:97 101:98 101:99 101:100 102:107 106:107 109:107 109:108 109:110 110:110 113:110 113:111 113:113 122:117 122:118 122:119 122:121 122:122 125:122 125:123 125:125 137:137 138:137 138:139 139:139 141:139 159:164 160:164 168:164 169:174 170:174 172:174 175:174 175:175 177:175 177:176 177:181 178:181 179:181 182:181 182:182 183:182 183:185 184:185 186:185 186:186 187:186 187:188 188:188 191:188 239:240 240:240 241:240 245:250 246:250 247:250 248:250 249:250 250:250 251:250 251:252 256:252 256:261 257:261 258:261 259:261 260:261 262:261 271:276 272:276 282:280 282:287 283:287 285:287 286:287 287:287 289:287"
"انتظار حسین","نانی اماں",4,"291 292 293","289:293 291:293 292:293 294:293"
"انتظار حسین","نثار عثمانی",4,"196 197 198","194:198 196:198 198:198 199:198"
"انتظار حسین","ندرت الطاف",1,"269","271:268"
"انتظار حسین","نذیر ناجی",4,"159 160 161","157:162 158:162 159:162 160:162"
"انتظار حسین","نصیر انور",4,"176 177 178","175:178 177:178 178:178 179:178"
"انتظار حسین","نعیم بخاری",2,"296 298","294:298 298:298"
"انتظار حسین","نعیم طاہر",7,"156 157 158 159 280","154:159 155:159 157:159 158:159 159:159 160:159 282:279"
"انتظار حسین","نفیس خلیلی",1,"4","2:7"
"انتظار حسین","نواب اسماعیل خان",3,"252 253 255","250:255 251:255 256:255"
"انتظار حسین","نواب ناطق",15,"57 59 60 69 70 72 73 81 82 83 84","55:60 59:60 60:60 68:71 69:71 70:71 73:71 73:73 74:73 79:84 80:84 81:84 82:84 83:84 85:84"
"انتظار حسین","نواز شریف",5,"285 286 287 288","283:288 285:288 286:288 287:288 289:288"
"انتظار حسین","نور الحسن جعفری",4,"206 207 208","205:208 207:208 208:208 209:208"
"انتظار حسین","وجیہہ الدین احمد",4,"32 33 34 35","31:34 33:34 34:34 37:34"
"انتظار حسین","وجے ٹنڈولکر",7,"240 241 242 243","239:242 240:242 241:242 242:242 243:242 243:243 244:243"
"انتظار حسین","ولی",14,"2 29 30 31 32 71 72 73 74 124 125 128 280","2:3 27:32 28:32 31:32 33:32 69:74 70:74 73:74 74:74 75:74 122:126 125:126 131:126 282:278"
"انتظار حسین","وکیل صاحب",3,"235 236 238","233:238 234:238 239:238"
"انتظار حسین","ٹی ایس ایلیٹ",6,"212 213 214 215","210:215 211:215 212:215 214:215 215:215 216:215"
"انتظار حسین","پروفیسر حمید احمد خاں",15,"147 148 149 150 151 152 157 158 159 160 294 295 297","145:150 146:150 148:150 151:150 151:152 152:152 153:152 155:160 157:160 158:160 159:160 160:160 292:297 294:297 298:297"
"انتظار حسین","پروفیسر سرور",4,"140 141 142 143","138:143 139:143 141:143 144:143"
"انتظار حسین","پروفیسر عبید اللہ",3,"283 284","282:284 283:284 285:284"
"انتظار حسین","پروفیسر وزیر الحسن عابدی",11,"146 147 148 150 157 158 159 160","144:149 145:149 146:149 148:149 151:149 151:150 155:160 157:160 158:160 159:160 160:160"
"انتظار حسین","پروفیسر کرار حسین",11,"36 38 39 223 228 229 230 272","34:39 37:39 38:39 39:39 40:39 221:226 231:226 231:227 231:229 271:273 272:273"
"انتظار حسین","پنا قیصر",5,"180 181 182 183","178:183 179:183 182:183 183:183 184:183"
"انتظار حسین","ڈاکٹر ارتضیٰ کریم",4,"240 241","239:241 240:241 241:241 242:241"
"انتظار حسین","ڈاکٹر اسرار احمد",6,"207 208 209 210","205:210 207:210 208:210 209:210 210:210 211:210"
"انتظار حسین","ڈاکٹر باقر",10,"153 154 155 156 157 158","151:156 152:156 153:156 154:156 155:156 157:156 157:157 158:157 158:158 159:158"
"انتظار حسین","ڈاکٹر تاثیر",10,"22 23 25 33 34 36 45 48","22:23 23:23 27:23 27:24 31:35 33:35 34:35 37:35 44:46 51:46"
"انتظار حسین","ڈاکٹر جاوید اقبال",6,"284 285 286 287 288","282:287 283:287 285:287 286:287 287:287 289:287"
"انتظار حسین","ڈاکٹر ذاکر حسین",8,"140 141 142 143 190 192 193","138:143 139:143 141:143 144:143 188:193 191:193 192:193 194:193"
"انتظار حسین","ڈاکٹر سلیم واحد سلیم",2,"264 268","262:266 271:266"
"انتظار حسین","ڈاکٹر سید عبداللہ",10,"198 199 200 201 203 281 294 295 297","196:201 198:201 199:201 200:201 201:201 205:201 282:281 292:297 294:297 298:297"
"انتظار حسین","ڈاکٹر عاشق حسین بٹالوی",7,"133 136 283 284 285","131:136 137:136 282:284 283:284 285:284 285:285 286:285"
"انتظار حسین","ڈاکٹر عبادت بریلوی",5,"87 88 89 90","85:89 87:89 88:89 89:89 91:89"
"انتظار حسین","ڈاکٹر عبد اللہ چغتائی",3,"283 284","282:284 283:284 285:284"
"انتظار حسین","ڈاکٹر عبدالسلام خورشید",8,"283 284 285 286 287 288","282:285 283:285 285:285 286:285 286:286 287:286 287:287 289:287"
"انتظار حسین","ڈاکٹر مہدی حسن",2,"272","271:273 272:273"
"انتظار حسین","ڈاکٹر وحید قریشی",9,"284 285 286 293 294 296","282:286 283:286 285:286 286:286 287:286 291:295 292:295 294:295 298:295"
"انتظار حسین","کبیر",15,"80 81 82 243 244 245 246 247","78:82 79:82 80:82 81:82 82:82 83:82 241:246 242:246 243:246 244:246 245:246 246:246 247:246 247:247 248:247"
"انتظار حسین","کرام اللہ",1,"270","271:270"
"انتظار حسین","کرشن چندر",24,"24 26 27 28 29 30 31 32 34 36 37 38 39 40 42 171 172 173 174","22:26 23:26 27:26 27:28 28:28 31:28 31:30 31:32 33:32 33:35 34:35 37:35 37:36 37:37 38:37 38:39 39:39 40:39 40:40 44:40 169:174 170:174 172:174 175:174"
"انتظار حسین","کرنل صدیق سالک",6,"284 285 286 287 288","282:287 283:287 285:287 286:287 287:287 289:287"
"انتظار حسین","کشور ناہید",60,"192 193 194 195 196 197 198 206 207 212 213 214 215 218 219 220 231 232 233 236 239 240 247 248 249 250 251 254 258 259 260 261 271 281 283 284 287 288 289 290","191:194 192:194 194:194 196:194 196:195 196:196 198:196 198:197 198:198 199:198 205:207 207:207 208:207 210:215 211:215 212:215 214:215 215:215 216:215 216:220 217:220 219:220 220:220 221:220 231:231 233:231 233:233 234:233 234:239 239:239 240:239 240:240 241:240 245:250 246:250 247:250 248:250 249:250 250:250 251:250 251:252 256:252 256:260 257:260 258:260 259:260 260:260 262:260 271:271 272:271 282:280 282:284 283:284 285:284 285:289 286:289 287:289 289:289 291:289 291:290"
"انتظار حسین","کمال احمد رضوی",5,"152 153 154","151:154 152:154 153:154 154:154 155:154"
"انتظار حسین","کیرولین کائزر",4,"138 139 140","137:140 138:140 139:140 141:140"
"انتظار حسین","گوتم بدھ",6,"250 251 252 254 270","248:253 249:253 250:253 251:253 256:253 271:270"
"انتظار حسین","گیتانجلی",7,"241 242 243 244","239:244 240:244 241:244 242:244 243:244 244:244 245:244"
"انتظار حسین","گیتی سین",2,"296 298","294:298 298:298"
"انتظار حسین","ہاجرہ مسرور",10,"38 39 40 42 53 54 55 57","37:40 38:40 39:40 40:40 44:40 51:55 53:55 54:55 55:55 59:55"
"انتظار حسین","ہارون الرشید",6,"193 194 195 196 197","191:195 192:195 194:195 196:195 196:196 198:196"
"انتظار حسین","ہنس راج رہبر",5,"288 289 290 291","286:291 287:291 289:291 291:291 292:291"
"انتظار حسین","ہیما مالنی",9,"212 213 214 215 236 239","210:215 211:215 212:215 214:215 215:215 216:215 234:239 239:239 240:239"
"انتظار حسین","یوسف ظفر",24,"22 23 25 74 75 77 96 97 100 152 153 154 184 185 186 187 188 189","22:22 23:22 23:23 27:23 73:76 74:76 75:76 78:76 94:99 96:99 101:99 151:154 152:154 153:154 154:154 155:154 182:186 183:186 184:186 186:186 187:186 187:188 188:188 191:188"
"انتظار حسین","یوسف کامران",10,"206 207 208 211 212 213 214","205:208 207:208 208:208 209:208 209:214 210:214 211:214 212:214 214:214 215:214"
"انتظار حسین","یگانہ",8,"96 97 100 284 285 286","94:99 96:99 101:99 282:286 283:286 285:286 286:286 287:286"
"انجم رومانی","ایوب خاں",2,"108 109","106:110 108:110"
"انجم رومانی","اے جی جوش",1,"267","266:269"
"انجم رومانی","بخاری صاحب",1,"22","22:23"
"انجم رومانی","جمال عبد الناصر",2,"103 263","106:101 266:261"
"انجم رومانی","جمیل الدین عالی",2,"106 107","106:107 108:107"
"انجم رومانی","جوزف کیمبل",2,"189 190","188:191 189:191"
"انجم رومانی","جوش ملیح آبادی",2,"23 267","22:25 266:269"
"انجم رومانی","حبیب جالب",5,"110 187 188 189","108:112 188:186 188:188 189:188 189:189"
"انجم رومانی","حسن طارق",2,"108 109","106:111 108:111"
"انجم رومانی","حسین نقی",1,"187","188:186"
"انجم رومانی","حفیظ ہوشیارپوری",2,"21 22","22:20 22:22"
"انجم رومانی","حمید اختر",1,"104","106:102"
"انجم رومانی","خدیجہ مستور",1,"186","188:184"
"انجم رومانی","ذوالفقار علی بھٹو",1,"187","188:186"
"انجم رومانی","رمضان تپائی",2,"106 107","106:106 108:106"
"انجم رومانی","روشن آراء بیگم",3,"187 188","188:187 188:188 189:188"
"انجم رومانی","زاہد ڈار",1,"268","266:270"
"انجم رومانی","سارتر",3,"103 104 105","106:101 106:103 106:104"
"انجم رومانی","سبط حسن",2,"189 190","188:191 189:191"
"انجم رومانی","سجاد باقر رضوی",2,"190 191","188:193 189:193"
"انجم رومانی","سراج منیر",2,"188 189","188:189 189:189"
"انجم رومانی","سعید محمود",1,"105","106:104"
"انجم رومانی","سلیم احمد",6,"24 107 108 188 266","22:27 106:109 108:109 188:188 189:188 266:266"
"انجم رومانی","سہیل عظیم آبادی",1,"21","22:20"
"انجم رومانی","سید امتیاز علی تاج",2,"104","106:102 106:103"
"انجم رومانی","شاکر علی",2,"189 190","188:191 189:191"
"انجم رومانی","شاہد حمید",1,"268","266:270"
"انجم رومانی","شاہد صاحب",2,"108 109","106:110 108:110"
"انجم رومانی","شومی قیصر",1,"185","188:183"
"انجم رومانی","شوکت عثمان",1,"186","188:184"
"انجم رومانی","شہرت بخاری",4,"107 108 188","106:108 108:108 188:188 189:188"
"انجم رومانی","شہید اللہ قیصر",1,"185","188:183"
"انجم رومانی","شیخ صلاح الدین",1,"110","108:113"
"انجم رومانی","شیر محمد اختر",1,"22","22:22"
"انجم رومانی","صادقین",1,"187","188:187"
"انجم رومانی","صفدر میر",5,"106 107 108 189 190","106:107 108:107 108:108 188:191 189:191"
"انجم رومانی","صلاح الدین محمود",2,"190","188:192 189:192"
"انجم رومانی","ظفر صمدانی",1,"105","106:104"
"انجم رومانی","عارف عبدالمتین",1,"266","266:266"
"انجم رومانی","عالیہ",3,"189 267","188:190 189:190 266:269"
"انجم رومانی","عبداللہ ملک",1,"22","22:22"
"انجم رومانی","عزیز الحق",2,"188 189","188:189 189:189"
"انجم رومانی","عسکری",9,"20 21 22 103 104 108 109","22:19 22:20 22:21 22:22 106:101 106:102 106:103 106:110 108:110"
"انجم رومانی","علی سردار جعفری",3,"21 189 190","22:20 188:191 189:191"
"انجم رومانی","غلام عباس",1,"21","22:20"
"انجم رومانی","غلام محمد",2,"186","188:184 188:185"
"انجم رومانی","فخر زمان",1,"268","266:271"
"انجم رومانی","فراق",2,"24 266","22:26 266:266"
"انجم رومانی","فریدہ اختر",1,"185","188:183"
"انجم رومانی","فیض احمد فیض",5,"104 187 190 191","106:102 106:103 188:187 188:193 189:193"
"انجم رومانی","قدرت اللہ شہاب",1,"23","22:25"
"انجم رومانی","قرۃ العین حیدر",2,"106 107","106:107 108:107"
"انجم رومانی","قیوم صاحب (یونیسکو)",1,"103","106:101"
"انجم رومانی","قیوم نظر",1,"22","22:22"
"انجم رومانی","مبارک احمد",2,"106 107","106:107 108:107"
"انجم رومانی","محمد حسین آزاد",1,"265","266:264"
"انجم رومانی","محمود ہاشمی",1,"23","22:25"
"انجم رومانی","مختار صدیقی",1,"22","22:22"
"انجم رومانی","مظفر علی سید",2,"189 190","188:191 189:191"
"انجم رومانی","ممتاز شیریں",1,"23","22:25"
"انجم رومانی","منٹو",2,"23 110","22:24 108:113"
"انجم رومانی","مولانا صلاح الدین احمد",3,"104 108 109","106:103 106:110 108:110"
"انجم رومانی","مولانا غلام رسول",1,"104","106:102"
"انجم رومانی","مولانا چراغ حسن حسرت",1,"265","266:264"
"انجم رومانی","میاں بشیر احمد",1,"104","106:102"
"انجم رومانی","میر انیس",2,"189 190","188:191 189:191"
"انجم رومانی","ناصر کاظمی",9,"24 106 107 108 186 187 188 263","22:26 106:107 108:107 108:108 188:185 188:186 188:188 189:188 266:261"
"انجم رومانی","ندرت الطاف",1,"267","266:268"
"انجم رومانی","پنا قیصر",1,"185","188:183"
"انجم رومانی","ڈاکٹر تاثیر",1,"22","22:23"
"انجم رومانی","ڈاکٹر ذاکر حسین",2,"190 191","188:193 189:193"
"انجم رومانی","ڈاکٹر سلیم واحد سلیم",1,"266","266:266"
"انجم رومانی","کرام اللہ",1,"268","266:270"
"انجم رومانی","کرشن چندر",1,"24","22:26"
"انجم رومانی","کشور ناہید",2,"191 268","189:194 266:271"
"انجم رومانی","گوتم بدھ",1,"268","266:270"
"انجم رومانی","یوسف ظفر",4,"22 187 188","22:22 188:186 188:188 189:188"
"اندرا گاندھی","ایس ایم ظفر",1,"289","291:287"
"اندرا گاندھی","ایوب خاں",3,"289 291 292","291:288 291:292 292:292"
"اندرا گاندھی","بلراج منیرا",2,"291","291:291 292:291"
"اندرا گاندھی","جالندھری تانگہ والا",2,"288 289","291:286 291:287"
"اندرا گاندھی","جوش ملیح آبادی",3,"288 292","291:286 291:293 292:293"
"اندرا گاندھی","جگر",1,"288","291:286"
"اندرا گاندھی","زاہد ڈار",3,"290 291","291:290 291:291 292:291"
"اندرا گاندھی","سعید محمود",1,"294","292:297"
"اندرا گاندھی","سیموئل بیکٹ",1,"290","291:289"
"اندرا گاندھی","عبداللہ ملک",1,"290","291:289"
"اندرا گاندھی","عبدالمجید بھٹی",1,"288","291:286"
"اندرا گاندھی","عسکری",2,"293","291:295 292:295"
"اندرا گاندھی","فیض احمد فیض",1,"288","291:286"
"اندرا گاندھی","محمد حسن لطیفی",1,"289","291:287"
"اندرا گاندھی","مرغوب صدیقی",1,"288","291:286"
"اندرا گاندھی","منو بھائی",2,"289 290","291:288 291:289"
"اندرا گاندھی","منٹو",2,"293","291:295 292:295"
"اندرا گاندھی","مولانا صلاح الدین احمد",1,"288","291:286"
"اندرا گاندھی","مولانا عبد المجید سالک",1,"289","291:287"
"اندرا گاندھی","میر نور احمد",1,"289","291:287"
"اندرا گاندھی","ناصر کاظمی",1,"289","291:287"
"اندرا گاندھی","نانی اماں",2,"292","291:293 292:293"
"اندرا گاندھی","نواز شریف",1,"289","291:288"
"اندرا گاندھی","پروفیسر حمید احمد خاں",1,"294","292:297"
"اندرا گاندھی","ڈاکٹر جاوید اقبال",1,"289","291:287"
"اندرا گاندھی","ڈاکٹر سید عبداللہ",1,"294","292:297"
"اندرا گاندھی","ڈاکٹر عبدالسلام خورشید",2,"288 289","291:286 291:287"
"اندرا گاندھی","ڈاکٹر وحید قریشی",3,"288 293","291:286 291:295 292:295"
"اندرا گاندھی","کرنل صدیق سالک",1,"289","291:287"
"اندرا گاندھی","کشور ناہید",2,"290","291:289 291:290"
"اندرا گاندھی","ہنس راج رہبر",2,"291","291:291 292:291"
"اندرا گاندھی","یگانہ",1,"288","291:286"
"انصار","اکبر لاہوری",1,"215","214:216"
"انصار","برنی صاحب",2,"64 66","64:64 68:64"
"انصار","بیدل جالندھری",2,"66 68","64:69 68:69"
"انصار","بے نظیر بھٹو",1,"214","214:215"
"انصار","جالندھری تانگہ والا",2,"66 68","64:69 68:69"
"انصار","جمیل الدین عالی",2,"63 278","64:62 278:279"
"انصار","جنرل ضیاء الحق",3,"213 216 275","214:213 214:218 278:273"
"انصار","جوش ملیح آبادی",4,"63 275 277","64:62 64:63 278:273 278:277"
"انصار","حبیب جالب",4,"62 70 277 280","64:60 68:73 278:277 278:282"
"انصار","حجاب امتیاز علی",1,"213","214:212"
"انصار","حفیظ ہوشیارپوری",1,"70","68:72"
"انصار","حنیف رامے",2,"62 277","64:61 278:276"
"انصار","خان فضل الرحمن خان",1,"215","214:216"
"انصار","خواجہ صاحب",2,"66 68","64:69 68:69"
"انصار","دادا پٹی نذیر احمد",1,"279","278:280"
"انصار","ذوالفقار علی بھٹو",2,"212 216","214:210 214:219"
"انصار","رام لال",1,"214","214:215"
"انصار","رمضان تپائی",1,"216","214:218"
"انصار","زاہد ڈار",1,"279","278:280"
"انصار","سارہ شگفتہ",1,"214","214:215"
"انصار","سعادت سعید",1,"213","214:213"
"انصار","سعید محمود",2,"212 277","214:211 278:276"
"انصار","سید امتیاز علی تاج",1,"278","278:279"
"انصار","شاد امرتسری",1,"215","214:216"
"انصار","شاکر علی",1,"277","278:276"
"انصار","شاہد حمید",3,"65 67 215","64:67 68:67 214:217"
"انصار","شہرت بخاری",1,"277","278:276"
"انصار","شیخ صلاح الدین",8,"62 63 65 67 68 277","64:61 64:62 64:63 64:66 68:66 68:67 68:68 278:276"
"انصار","صفدر میر",2,"66 68","64:68 68:68"
"انصار","صلاح الدین محمود",1,"212","214:211"
"انصار","ضیاء اسلام انصاری",1,"216","214:219"
"انصار","ظفر اقبال",2,"62 280","64:60 278:282"
"انصار","ظفر صمدانی",1,"216","214:218"
"انصار","عبدالعلیم",1,"70","68:72"
"انصار","عثمان علی خاں",1,"280","278:283"
"انصار","عذرا عباس",1,"214","214:215"
"انصار","عزیز الحق",1,"213","214:213"
"انصار","عظیم اللہ خان",1,"212","214:211"
"انصار","غالب احمد",2,"62 216","64:61 214:219"
"انصار","غلام محمد",2,"65 67","64:67 68:67"
"انصار","فراق",1,"276","278:275"
"انصار","فیض احمد فیض",2,"62 70","64:61 68:73"
"انصار","قیوم صاحب (یونیسکو)",1,"214","214:214"
"انصار","قیوم نظر",1,"213","214:213"
"انصار","مبارک احمد",1,"214","214:214"
"انصار","مجاہد اردو (گمنام مقرر)",1,"279","278:281"
"انصار","محبوب خزاں",1,"70","68:72"
"انصار","مظفر علی سید",4,"62 63 277 278","64:61 64:62 278:276 278:278"
"انصار","مولانا ابوالکلام آزاد",2,"213 280","214:213 278:282"
"انصار","مولانا ظفر علی خاں",1,"280","278:283"
"انصار","میاں بشیر احمد",1,"70","68:72"
"انصار","میرا بائی",2,"62 212","64:61 214:211"
"انصار","ناصر کاظمی",10,"62 63 64 66 67 68 277 279","64:61 64:62 64:64 68:64 68:65 68:66 68:67 68:68 278:276 278:280"
"انصار","نعیم طاہر",1,"278","278:279"
"انصار","نواب ناطق",2,"62 69","64:60 68:71"
"انصار","ولی",1,"278","278:278"
"انصار","ٹی ایس ایلیٹ",1,"214","214:215"
"انصار","پروفیسر کرار حسین",1,"275","278:273"
"انصار","ڈاکٹر اسرار احمد",1,"212","214:210"
"انصار","ڈاکٹر سید عبداللہ",1,"279","278:281"
"انصار","ڈاکٹر مہدی حسن",1,"275","278:273"
"انصار","کشور ناہید",2,"214 279","214:215 278:280"
"انصار","ہیما مالنی",1,"214","214:215"
"انصار","یوسف کامران",1,"214","214:214"
"اننت مورتی","جنرل ضیاء الحق",1,"240","243:238"
"اننت مورتی","جوش ملیح آبادی",1,"244","243:245"
"اننت مورتی","رام لال",1,"241","243:239"
"اننت مورتی","رضی عابدی",1,"244","243:245"
"اننت مورتی","ریوتی سرن شرما",1,"244","243:246"
"اننت مورتی","سدھیر",1,"243","243:244"
"اننت مورتی","شبلی بیگم",1,"240","243:238"
"اننت مورتی","شمع فتح علی",1,"244","243:246"
"اننت مورتی","علی سردار جعفری",1,"244","243:246"
"اننت مورتی","علی شریعتی",1,"244","243:245"
"اننت مورتی","غلام محمد",1,"243","243:244"
"اننت مورتی","غلام محمد شیخ",1,"243","243:244"
"اننت مورتی","مبارک احمد",1,"241","243:239"
"اننت مورتی","محمد عمر میمن",1,"243","243:244"
"اننت مورتی","میر انیس",1,"244","243:245"
"اننت مورتی","میرا بائی",1,"244","243:246"
"اننت مورتی","ناصر کاظمی",1,"241","243:240"
"اننت مورتی","وجے ٹنڈولکر",2,"242 243","243:242 243:243"
"اننت مورتی","وکیل صاحب",1,"240","243:238"
"اننت مورتی","ڈاکٹر ارتضیٰ کریم",1,"242","243:241"
"اننت مورتی","کبیر",1,"244","243:246"
"اننت مورتی","کشور ناہید",2,"241","243:239 243:240"
"اننت مورتی","گیتانجلی",1,"243","243:244"
"اننت مورتی","ہیما مالنی",1,"241","243:239"
"انور الحسن جعفری","اکبر لاہوری",1,"218","220:216"
"انور الحسن جعفری","بے نظیر بھٹو",1,"217","220:215"
"انور الحسن جعفری","تصدق حسین",1,"222","220:224"
"انور الحسن جعفری","جمیلہ ہاشمی",1,"220","220:220"
"انور الحسن جعفری","جنرل ضیاء الحق",2,"219","220:218 220:219"
"انور الحسن جعفری","خان بہادر (دادا جان ہاپوڑ)",1,"222","220:224"
"انور الحسن جعفری","خان فضل الرحمن خان",1,"218","220:216"
"انور الحسن جعفری","ذوالفقار علی بھٹو",1,"219","220:219"
"انور الحسن جعفری","رام لال",1,"217","220:215"
"انور الحسن جعفری","رمضان تپائی",1,"219","220:218"
"انور الحسن جعفری","سائرہ ہاشمی",1,"220","220:220"
"انور الحسن جعفری","سارہ شگفتہ",1,"217","220:215"
"انور الحسن جعفری","شاد امرتسری",1,"218","220:216"
"انور الحسن جعفری","شاہد حمید",1,"218","220:217"
"انور الحسن جعفری","ضیاء اسلام انصاری",1,"219","220:219"
"انور الحسن جعفری","ظفر صمدانی",1,"219","220:218"
"انور الحسن جعفری","عالیہ",1,"221","220:222"
"انور الحسن جعفری","عذرا عباس",1,"217","220:215"
"انور الحسن جعفری","علی سردار جعفری",1,"220","220:220"
"انور الحسن جعفری","غالب احمد",1,"219","220:219"
"انور الحسن جعفری","مبارک احمد",3,"217 218 220","220:215 220:216 220:220"
"انور الحسن جعفری","ٹی ایس ایلیٹ",1,"217","220:215"
"انور الحسن جعفری","کشور ناہید",2,"217 220","220:215 220:220"
"انور الحسن جعفری","ہیما مالنی",1,"217","220:215"
"انیس ہاشمی","جوش ملیح آبادی",1,"45","45:46"
"انیس ہاشمی","حمید ہاشمی",1,"45","45:45"
"انیس ہاشمی","رمضان تپائی",1,"43","45:41"
"انیس ہاشمی","ریوتی سرن شرما",1,"42","45:40"
"انیس ہاشمی","سبط حسن",1,"45","45:45"
"انیس ہاشمی","شعیب حزیں",1,"45","45:46"
"انیس ہاشمی","فیض احمد فیض",1,"47","45:50"
"انیس ہاشمی","مولانا حسرت موہانی",4,"43 44 45","45:41 45:43 45:44 45:46"
"انیس ہاشمی","میر انیس",1,"45","45:45"
"انیس ہاشمی","ناصر کاظمی",1,"43","45:41"
"انیس ہاشمی","ڈاکٹر تاثیر",1,"45","45:46"
"انیس ہاشمی","کرشن چندر",1,"42","45:40"
"انیس ہاشمی","ہاجرہ مسرور",1,"42","45:40"
"اکبر لاہوری","بے نظیر بھٹو",1,"215","216:215"
"اکبر لاہوری","جمیلہ ہاشمی",1,"218","216:220"
"اکبر لاہوری","جنرل ضیاء الحق",2,"214 217","216:213 216:218"
"اکبر لاہوری","حجاب امتیاز علی",1,"214","216:212"
"اکبر لاہوری","خان فضل الرحمن خان",1,"216","216:216"
"اکبر لاہوری","ذوالفقار علی بھٹو",1,"217","216:219"
"اکبر لاہوری","رام لال",1,"215","216:215"
"اکبر لاہوری","رمضان تپائی",1,"217","216:218"
"اکبر لاہوری","سائرہ ہاشمی",1,"218","216:220"
"اکبر لاہوری","سارہ شگفتہ",1,"215","216:215"
"اکبر لاہوری","سعادت سعید",1,"214","216:213"
"اکبر لاہوری","سعید محمود",1,"213","216:211"
"اکبر لاہوری","شاد امرتسری",1,"216","216:216"
"اکبر لاہوری","شاہد حمید",1,"216","216:217"
"اکبر لاہوری","صلاح الدین محمود",1,"213","216:211"
"اکبر لاہوری","ضیاء اسلام انصاری",1,"217","216:219"
"اکبر لاہوری","ظفر صمدانی",1,"217","216:218"
"اکبر لاہوری","عذرا عباس",1,"215","216:215"
"اکبر لاہوری","عزیز الحق",1,"214","216:213"
"اکبر لاہوری","عظیم اللہ خان",1,"213","216:211"
"اکبر لاہوری","علی سردار جعفری",1,"218","216:220"
"اکبر لاہوری","غالب احمد",1,"217","216:219"
"اکبر لاہوری","قیوم صاحب (یونیسکو)",1,"215","216:214"
"اکبر لاہوری","قیوم نظر",1,"214","216:213"
"اکبر لاہوری","مبارک احمد",3,"215 216","216:214 216:215 216:216"
"اکبر لاہوری","مولانا ابوالکلام آزاد",1,"214","216:213"
"اکبر لاہوری","میرا بائی",1,"213","216:211"
"اکبر لاہوری","ٹی ایس ایلیٹ",1,"215","216:215"
"اکبر لاہوری","کشور ناہید",2,"215 218","216:215 216:220"
"اکبر لاہوری","ہیما مالنی",1,"215","216:215"
"اکبر لاہوری","یوسف کامران",1,"215","216:214"
"ایس ایم ظفر","ایوب خاں",2,"285 287","287:284 287:288"
"ایس ایم ظفر","بلراج منیرا",1,"289","287:291"
"ایس ایم ظفر","جالندھری تانگہ والا",2,"286 287","287:286 287:287"
"ایس ایم ظفر","جوش ملیح آبادی",1,"286","287:286"
"ایس ایم ظفر","جگر",1,"286","287:286"
"ایس ایم ظفر","حبیب جالب",1,"284","287:282"
"ایس ایم ظفر","زاہد ڈار",1,"288","287:290"
"ایس ایم ظفر","سر عبد القادر",1,"285","287:284"
"ایس ایم ظفر","سید سلیمان ندوی",1,"286","287:285"
"ایس ایم ظفر","سیموئل بیکٹ",1,"288","287:289"
"ایس ایم ظفر","ظفر اقبال",1,"284","287:282"
"ایس ایم ظفر","عبداللہ ملک",1,"288","287:289"
"ایس ایم ظفر","عبدالمجید بھٹی",1,"286","287:286"
"ایس ایم ظفر","عثمان علی خاں",1,"285","287:283"
"ایس ایم ظفر","فرخ نگار عزیز",1,"285","287:284"
"ایس ایم ظفر","فیض احمد فیض",2,"285 286","287:284 287:286"
"ایس ایم ظفر","قیوم نظر",1,"285","287:284"
"ایس ایم ظفر","لائو پہلوان",1,"286","287:285"
"ایس ایم ظفر","محمد حسن لطیفی",1,"287","287:287"
"ایس ایم ظفر","مرغوب صدیقی",1,"286","287:286"
"ایس ایم ظفر","منو بھائی",1,"287","287:288"
"ایس ایم ظفر","مولانا ابوالکلام آزاد",1,"284","287:282"
"ایس ایم ظفر","مولانا صلاح الدین احمد",1,"286","287:286"
"ایس ایم ظفر","مولانا ظفر علی خاں",1,"285","287:283"
"ایس ایم ظفر","مولانا عبد المجید سالک",1,"287","287:287"
"ایس ایم ظفر","میر نور احمد",1,"287","287:287"
"ایس ایم ظفر","ناصر کاظمی",1,"287","287:287"
"ایس ایم ظفر","نواز شریف",1,"287","287:288"
"ایس ایم ظفر","پروفیسر عبید اللہ",1,"285","287:284"
"ایس ایم ظفر","ڈاکٹر جاوید اقبال",1,"287","287:287"
"ایس ایم ظفر","ڈاکٹر عاشق حسین بٹالوی",2,"285 286","287:284 287:285"
"ایس ایم ظفر","ڈاکٹر عبد اللہ چغتائی",1,"285","287:284"
"ایس ایم ظفر","ڈاکٹر عبدالسلام خورشید",3,"286 287","287:285 287:286 287:287"
"ایس ایم ظفر","ڈاکٹر وحید قریشی",1,"286","287:286"
"ایس ایم ظفر","کرنل صدیق سالک",1,"287","287:287"
"ایس ایم ظفر","کشور ناہید",2,"285 288","287:284 287:289"
"ایس ایم ظفر","ہنس راج رہبر",1,"289","287:291"
"ایس ایم ظفر","یگانہ",1,"286","287:286"
"ایوب خاں","اے ڈی اظہر",5,"153 155 158 159","151:156 155:156 160:156 160:157 160:158"
"ایوب خاں","بانو قدسیہ",3,"151 152 154","149:154 151:154 155:154"
"ایوب خاں","بخاری صاحب",1,"227","228:226"
"ایوب خاں","بلراج منیرا",2,"289 291","288:291 292:291"
"ایوب خاں","تجمل حسین",5,"153 155 158 159","151:156 155:156 160:156 160:157 160:158"
"ایوب خاں","تصدق حسین",1,"226","228:224"
"ایوب خاں","جالندھری تانگہ والا",3,"285 287","284:286 288:286 288:287"
"ایوب خاں","جسٹس کیانی",1,"131","131:131"
"ایوب خاں","جمال عبد الناصر",1,"131","131:131"
"ایوب خاں","جمیل الدین عالی",5,"108 153 155 158 281","110:107 151:156 155:156 160:156 284:279"
"ایوب خاں","جمیلہ ہاشمی",3,"156 159 229","155:158 160:158 228:231"
"ایوب خاں","جنرل ضیاء الحق",1,"148","149:147"
"ایوب خاں","جوش ملیح آبادی",7,"161 230 285 287 290 292","160:162 161:162 228:232 284:286 288:286 288:293 292:293"
"ایوب خاں","جگر",2,"285 287","284:286 288:286"
"ایوب خاں","جیلانی کامران",2,"177 179","176:179 179:179"
"ایوب خاں","حبیب جالب",3,"111 175 283","110:112 176:174 284:282"
"ایوب خاں","حجاب امتیاز علی",1,"229","228:231"
"ایوب خاں","حسن طارق",1,"110","110:111"
"ایوب خاں","حمید اختر",3,"161 230","160:162 161:162 228:233"
"ایوب خاں","حمید علوی",3,"151 152 154","149:154 151:154 155:154"
"ایوب خاں","حنیف رامے",1,"112","110:114"
"ایوب خاں","حکیم حبیب اشعر",2,"149 150","149:149 151:149"
"ایوب خاں","حکیم ریاض",1,"147","149:146"
"ایوب خاں","خان بہادر (دادا جان ہاپوڑ)",1,"226","228:224"
"ایوب خاں","خدیجہ مستور",1,"181","179:184"
"ایوب خاں","خضر تمیمی",2,"156 158","155:157 160:157"
"ایوب خاں","دادا پٹی نذیر احمد",1,"282","284:280"
"ایوب خاں","ذوالفقار علی بھٹو",4,"160 161 178 180","160:161 161:161 176:181 179:181"
"ایوب خاں","راجہ رسالو",2,"177 178","176:178 179:178"
"ایوب خاں","رمضان تپائی",1,"108","110:106"
"ایوب خاں","ریاض بٹالوی",3,"148 176 178","149:147 176:177 179:177"
"ایوب خاں","زاہد ڈار",5,"174 282 289 291","176:172 284:280 288:290 292:290 292:291"
"ایوب خاں","زین العابدین",1,"174","176:172"
"ایوب خاں","سارتر",4,"156 159 174 175","155:158 160:158 176:173 176:174"
"ایوب خاں","سبط حسن",3,"132 161","131:133 160:162 161:162"
"ایوب خاں","سجاد باقر رضوی",3,"151 152 154","149:154 151:154 155:154"
"ایوب خاں","سجاد ظہیر",2,"161","160:162 161:162"
"ایوب خاں","سر عبد القادر",3,"163 284 286","161:166 284:284 288:284"
"ایوب خاں","سراج صاحب",1,"133","131:136"
"ایوب خاں","سعید محمود",2,"112 294","110:115 292:297"
"ایوب خاں","سلیم احمد",2,"109 110","110:109 110:110"
"ایوب خاں","سی آر اسلم",2,"162 163","160:165 161:165"
"ایوب خاں","سید امتیاز علی تاج",2,"175 281","176:174 284:279"
"ایوب خاں","سید سلیمان ندوی",2,"284 286","284:285 288:285"
"ایوب خاں","سیموئل بیکٹ",3,"286 288 290","284:289 288:289 292:289"
"ایوب خاں","شارعزیز",1,"230","228:233"
"ایوب خاں","شاکر علی",1,"174","176:172"
"ایوب خاں","شاہد صاحب",1,"110","110:110"
"ایوب خاں","شفقت تنویر مرزا",2,"177 178","176:178 179:178"
"ایوب خاں","شمس",2,"156 159","155:158 160:158"
"ایوب خاں","شورش کاشمیری",2,"162 163","160:165 161:165"
"ایوب خاں","شومی قیصر",1,"181","179:183"
"ایوب خاں","شوکت تھانوی",1,"146","149:144"
"ایوب خاں","شوکت عثمان",1,"180","179:182"
"ایوب خاں","شہرت بخاری",1,"109","110:108"
"ایوب خاں","شہید اللہ قیصر",1,"181","179:183"
"ایوب خاں","شیخ صلاح الدین",5,"111 175 176 177 230","110:113 176:175 176:176 179:176 228:233"
"ایوب خاں","شیخ مجیب الرحمن",4,"149 150 161 162","149:149 151:149 160:163 161:163"
"ایوب خاں","صفدر میر",6,"108 109 177 178 179","110:107 110:108 110:109 176:178 179:178 179:179"
"ایوب خاں","صلاح الدین محمود",1,"229","228:231"
"ایوب خاں","ظفر اقبال",2,"230 283","228:233 284:282"
"ایوب خاں","عبد القادر حسن",1,"163","161:166"
"ایوب خاں","عبداللہ ملک",3,"286 288 290","284:289 288:289 292:289"
"ایوب خاں","عبدالمجید بھٹی",2,"285 287","284:286 288:286"
"ایوب خاں","عتیق اللہ شیخ",3,"151 152 154","149:154 151:154 155:154"
"ایوب خاں","عثمان علی خاں",1,"283","284:283"
"ایوب خاں","عسکری",3,"110 228 293","110:110 228:229 292:295"
"ایوب خاں","علامہ علاء الدین صدیقی",3,"157 160","155:160 160:160 161:160"
"ایوب خاں","عنایت اللہ",4,"147 148 176 177","149:146 149:148 176:176 179:176"
"ایوب خاں","غلام عباس",2,"162 163","160:165 161:165"
"ایوب خاں","غلام محمد",1,"180","179:182"
"ایوب خاں","فخر الدین",1,"174","176:172"
"ایوب خاں","فراق",1,"228","228:229"
"ایوب خاں","فرخ نگار عزیز",5,"151 152 154 284 286","149:154 151:154 155:154 284:284 288:284"
"ایوب خاں","فرہاد زیدی",2,"176 178","176:177 179:177"
"ایوب خاں","فرہاد مظہر",1,"180","179:182"
"ایوب خاں","فریدہ اختر",1,"180","179:182"
"ایوب خاں","فریدہ حفیظ",2,"176 178","176:177 179:177"
"ایوب خاں","فیض احمد فیض",4,"132 284 286 287","131:133 284:284 288:284 288:286"
"ایوب خاں","قدرت اللہ شہاب",4,"132 153 155 157","131:133 151:155 155:155 160:155"
"ایوب خاں","قرۃ العین حیدر",1,"108","110:107"
"ایوب خاں","قیوم صاحب (یونیسکو)",4,"112 128 149 150","110:115 131:126 149:150 151:150"
"ایوب خاں","قیوم نظر",4,"149 150 284 286","149:150 151:150 284:284 288:284"
"ایوب خاں","لائو پہلوان",2,"284 286","284:285 288:285"
"ایوب خاں","مبارک احمد",1,"108","110:107"
"ایوب خاں","مجاہد اردو (گمنام مقرر)",1,"282","284:281"
"ایوب خاں","محمد باقر",2,"176 178","176:177 179:177"
"ایوب خاں","محمد حسن لطیفی",2,"285 287","284:287 288:287"
"ایوب خاں","محمد حسین آزاد",2,"176 178","176:177 179:177"
"ایوب خاں","مرغوب صدیقی",2,"285 287","284:286 288:286"
"ایوب خاں","مسرت جبیں",3,"148 176 178","149:147 176:177 179:177"
"ایوب خاں","مسز سراج",1,"133","131:136"
"ایوب خاں","مظفر علی سید",1,"112","110:115"
"ایوب خاں","منظور الہی",1,"229","228:231"
"ایوب خاں","منو بھائی",4,"286 288 290","284:288 288:288 292:288 292:289"
"ایوب خاں","منٹو",4,"111 161 162 293","110:113 160:163 161:163 292:295"
"ایوب خاں","منیر نیازی",3,"156 159","155:158 160:158 160:159"
"ایوب خاں","مولانا ابوالکلام آزاد",1,"283","284:282"
"ایوب خاں","مولانا بھاشانی",2,"161","160:162 161:162"
"ایوب خاں","مولانا حسرت موہانی",3,"150 151 153","149:152 151:152 155:152"
"ایوب خاں","مولانا صلاح الدین احمد",6,"110 133 176 178 285 287","110:110 131:136 176:177 179:177 284:286 288:286"
"ایوب خاں","مولانا ظفر علی خاں",1,"283","284:283"
"ایوب خاں","مولانا عبد المجید سالک",3,"146 285 287","149:144 284:287 288:287"
"ایوب خاں","مولانا غلام رسول",3,"150 151 153","149:152 151:152 155:152"
"ایوب خاں","مولانا کوثر نیازی",2,"162 163","160:165 161:165"
"ایوب خاں","میاں بشیر احمد",1,"112","110:115"
"ایوب خاں","میاں محمد طفیل",2,"162 163","160:165 161:165"
"ایوب خاں","میر نور احمد",7,"146 147 150 151 153 285 287","149:144 149:145 149:152 151:152 155:152 284:287 288:287"
"ایوب خاں","میرا بائی",1,"228","228:228"
"ایوب خاں","ناصر کاظمی",13,"108 109 110 162 175 176 177 180 282 285 287","110:107 110:108 110:110 160:164 161:164 176:174 176:175 176:176 179:176 179:181 284:280 284:287 288:287"
"ایوب خاں","نانی اماں",2,"290 292","288:293 292:293"
"ایوب خاں","نذیر ناجی",2,"161","160:162 161:162"
"ایوب خاں","نصیر انور",2,"177 178","176:178 179:178"
"ایوب خاں","نعیم طاہر",3,"157 159 281","155:159 160:159 284:279"
"ایوب خاں","نواز شریف",3,"286 288 290","284:288 288:288 292:288"
"ایوب خاں","ولی",1,"128","131:126"
"ایوب خاں","پروفیسر حمید احمد خاں",8,"149 150 151 153 157 160 294","149:150 151:150 151:152 155:152 155:160 160:160 161:160 292:297"
"ایوب خاں","پروفیسر عبید اللہ",2,"284 286","284:284 288:284"
"ایوب خاں","پروفیسر وزیر الحسن عابدی",6,"149 150 157 160","149:149 151:149 151:150 155:160 160:160 161:160"
"ایوب خاں","پروفیسر کرار حسین",3,"227 228","228:226 228:227 228:229"
"ایوب خاں","پنا قیصر",1,"181","179:183"
"ایوب خاں","ڈاکٹر باقر",5,"153 155 158 159","151:156 155:156 160:156 160:157 160:158"
"ایوب خاں","ڈاکٹر جاوید اقبال",2,"285 287","284:287 288:287"
"ایوب خاں","ڈاکٹر سید عبداللہ",2,"282 294","284:281 292:297"
"ایوب خاں","ڈاکٹر عاشق حسین بٹالوی",4,"133 284 286","131:136 284:284 288:284 288:285"
"ایوب خاں","ڈاکٹر عبد اللہ چغتائی",2,"284 286","284:284 288:284"
"ایوب خاں","ڈاکٹر عبدالسلام خورشید",4,"284 286 287","284:285 288:285 288:286 288:287"
"ایوب خاں","ڈاکٹر وحید قریشی",3,"285 287 293","284:286 288:286 292:295"
"ایوب خاں","کرشن چندر",1,"175","176:174"
"ایوب خاں","کرنل صدیق سالک",2,"285 287","284:287 288:287"
"ایوب خاں","کشور ناہید",7,"229 282 284 286 288 290 291","228:231 284:280 284:284 288:284 288:289 292:289 292:290"
"ایوب خاں","کمال احمد رضوی",3,"151 152 154","149:154 151:154 155:154"
"ایوب خاں","ہنس راج رہبر",2,"289 291","288:291 292:291"
"ایوب خاں","یوسف ظفر",3,"151 152 154","149:154 151:154 155:154"
"ایوب خاں","یگانہ",2,"285 287","284:286 288:286"
"اے جی جوش","جنرل ضیاء الحق",1,"270","269:272"
"اے جی جوش","جوش ملیح آبادی",1,"269","269:269"
"اے جی جوش","زاہد ڈار",1,"269","269:270"
"اے جی جوش","سلیم احمد",1,"267","269:266"
"اے جی جوش","شاہد حمید",1,"269","269:270"
"اے جی جوش","عارف عبدالمتین",1,"267","269:266"
"اے جی جوش","عالیہ",1,"269","269:269"
"اے جی جوش","فخر زمان",1,"270","269:271"
"اے جی جوش","فراق",1,"267","269:266"
"اے جی جوش","محمد حسین آزاد",1,"266","269:264"
"اے جی جوش","مولانا چراغ حسن حسرت",1,"266","269:264"
"اے جی جوش","ندرت الطاف",1,"268","269:268"
"اے جی جوش","پروفیسر کرار حسین",1,"271","269:273"
"اے جی جوش","ڈاکٹر سلیم واحد سلیم",1,"267","269:266"
"اے جی جوش","ڈاکٹر مہدی حسن",1,"271","269:273"
"اے جی جوش","کرام اللہ",1,"269","269:270"
"اے جی جوش","کشور ناہید",1,"270","269:271"
"اے جی جوش","گوتم بدھ",1,"269","269:270"
"اے حمید","بابو ہیرا",1,"77","77:77"
"اے حمید","بیدل جالندھری",1,"77","77:78"
"اے حمید","جالندھری تانگہ والا",2,"76 77","77:76 77:78"
"اے حمید","حبیب جالب",1,"75","77:73"
"اے حمید","حفیظ ہوشیارپوری",1,"74","77:72"
"اے حمید","حمید نظامی",1,"75","77:74"
"اے حمید","حنیف رامے",3,"75 76 77","77:74 77:75 77:77"
"اے حمید","ذوالفقار علی بھٹو",1,"77","77:78"
"اے حمید","سراج صاحب",1,"77","77:78"
"اے حمید","سعید محمود",1,"79","77:81"
"اے حمید","شاکر علی",2,"75 79","77:74 77:81"
"اے حمید","شاہد حمید",1,"77","77:77"
"اے حمید","شہرت بخاری",1,"76","77:76"
"اے حمید","شیخ صلاح الدین",2,"76 78","77:75 77:79"
"اے حمید","شیر محمد اختر",1,"76","77:76"
"اے حمید","ضیا جالندھری",1,"76","77:76"
"اے حمید","عبدالعلیم",1,"74","77:72"
"اے حمید","عبداللہ بٹ",1,"75","77:74"
"اے حمید","علیم صاحب",1,"77","77:77"
"اے حمید","غالب احمد",1,"77","77:77"
"اے حمید","فیض احمد فیض",2,"75 76","77:73 77:76"
"اے حمید","قیوم صاحب (یونیسکو)",2,"76 77","77:76 77:77"
"اے حمید","قیوم نظر",2,"76 77","77:76 77:78"
"اے حمید","مبارک احمد",1,"76","77:75"
"اے حمید","محبوب خزاں",1,"74","77:72"
"اے حمید","مختار صدیقی",1,"76","77:76"
"اے حمید","مظفر علی سید",1,"77","77:77"
"اے حمید","میاں بشیر احمد",1,"74","77:72"
"اے حمید","میر خلیل الرحمن",1,"75","77:74"
"اے حمید","میرا بائی",1,"79","77:82"
"اے حمید","ناصر کاظمی",6,"74 75 76 77","77:72 77:73 77:74 77:75 77:76 77:77"
"اے حمید","نواب ناطق",1,"75","77:73"
"اے حمید","ولی",1,"75","77:74"
"اے حمید","کبیر",1,"79","77:82"
"اے حمید","یوسف ظفر",1,"76","77:76"
"اے ڈی اظہر","بانو قدسیہ",1,"155","156:154"
"اے ڈی اظہر","تجمل حسین",5,"156 157 158","156:156 157:156 157:157 158:157 158:158"
"اے ڈی اظہر","جمیل الدین عالی",2,"156","156:156 157:156"
"اے ڈی اظہر","جمیلہ ہاشمی",3,"157 158","156:158 157:158 158:158"
"اے ڈی اظہر","جوش ملیح آبادی",2,"159 160","157:162 158:162"
"اے ڈی اظہر","حمید اختر",2,"159 160","157:162 158:162"
"اے ڈی اظہر","حمید علوی",1,"155","156:154"
"اے ڈی اظہر","خضر تمیمی",3,"156 157","156:157 157:157 158:157"
"اے ڈی اظہر","ذوالفقار علی بھٹو",3,"158 159","156:161 157:161 158:161"
"اے ڈی اظہر","سارتر",3,"157 158","156:158 157:158 158:158"
"اے ڈی اظہر","سبط حسن",2,"159 160","157:162 158:162"
"اے ڈی اظہر","سجاد باقر رضوی",1,"155","156:154"
"اے ڈی اظہر","سجاد ظہیر",2,"159 160","157:162 158:162"
"اے ڈی اظہر","شمس",3,"157 158","156:158 157:158 158:158"
"اے ڈی اظہر","شیخ مجیب الرحمن",1,"160","158:163"
"اے ڈی اظہر","عتیق اللہ شیخ",1,"155","156:154"
"اے ڈی اظہر","علامہ علاء الدین صدیقی",3,"158 159","156:160 157:160 158:160"
"اے ڈی اظہر","فرخ نگار عزیز",1,"155","156:154"
"اے ڈی اظہر","قدرت اللہ شہاب",1,"155","156:155"
"اے ڈی اظہر","منٹو",1,"160","158:163"
"اے ڈی اظہر","منیر نیازی",3,"157 158","156:158 157:158 158:158"
"اے ڈی اظہر","مولانا بھاشانی",2,"159 160","157:162 158:162"
"اے ڈی اظہر","مولانا حسرت موہانی",1,"154","156:152"
"اے ڈی اظہر","مولانا غلام رسول",1,"154","156:152"
"اے ڈی اظہر","میر نور احمد",1,"154","156:152"
"اے ڈی اظہر","نذیر ناجی",2,"159 160","157:162 158:162"
"اے ڈی اظہر","نعیم طاہر",3,"157 158","156:159 157:159 158:159"
"اے ڈی اظہر","پروفیسر حمید احمد خاں",4,"154 158 159","156:152 156:160 157:160 158:160"
"اے ڈی اظہر","پروفیسر وزیر الحسن عابدی",3,"158 159","156:160 157:160 158:160"
"اے ڈی اظہر","ڈاکٹر باقر",5,"156 157 158","156:156 157:156 157:157 158:157 158:158"
"اے ڈی اظہر","کمال احمد رضوی",1,"155","156:154"
"اے ڈی اظہر","یوسف ظفر",1,"155","156:154"
"بابو ہیرا","بیدل جالندھری",1,"77","77:78"
"بابو ہیرا","جالندھری تانگہ والا",2,"76 77","77:76 77:78"
"بابو ہیرا","حبیب جالب",1,"75","77:73"
"بابو ہیرا","حفیظ ہوشیارپوری",1,"74","77:72"
"بابو ہیرا","حمید نظامی",1,"75","77:74"
"بابو ہیرا","حنیف رامے",3,"75 76 77","77:74 77:75 77:77"
"بابو ہیرا","ذوالفقار علی بھٹو",1,"77","77:78"
"بابو ہیرا","سراج صاحب",1,"77","77:78"
"بابو ہیرا","سعید محمود",1,"79","77:81"
"بابو ہیرا","شاکر علی",2,"75 79","77:74 77:81"
"بابو ہیرا","شاہد حمید",1,"77","77:77"
"بابو ہیرا","شہرت بخاری",1,"76","77:76"
"بابو ہیرا","شیخ صلاح الدین",2,"76 78","77:75 77:79"
"بابو ہیرا","شیر محمد اختر",1,"76","77:76"
"بابو ہیرا","ضیا جالندھری",1,"76","77:76"
"بابو ہیرا","عبدالعلیم",1,"74","77:72"
"بابو ہیرا","عبداللہ بٹ",1,"75","77:74"
"بابو ہیرا","علیم صاحب",1,"77","77:77"
"بابو ہیرا","غالب احمد",1,"77","77:77"
"بابو ہیرا","فیض احمد فیض",2,"75 76","77:73 77:76"
"بابو ہیرا","قیوم صاحب (یونیسکو)",2,"76 77","77:76 77:77"
"بابو ہیرا","قیوم نظر",2,"76 77","77:76 77:78"
"بابو ہیرا","مبارک احمد",1,"76","77:75"
"بابو ہیرا","محبوب خزاں",1,"74","77:72"
"بابو ہیرا","مختار صدیقی",1,"76","77:76"
"بابو ہیرا","مظفر علی سید",1,"77","77:77"
"بابو ہیرا","میاں بشیر احمد",1,"74","77:72"
"بابو ہیرا","میر خلیل الرحمن",1,"75","77:74"
"بابو ہیرا","میرا بائی",1,"79","77:82"
"بابو ہیرا","ناصر کاظمی",6,"74 75 76 77","77:72 77:73 77:74 77:75 77:76 77:77"
"بابو ہیرا","نواب ناطق",1,"75","77:73"
"بابو ہیرا","ولی",1,"75","77:74"
"بابو ہیرا","کبیر",1,"79","77:82"
"بابو ہیرا","یوسف ظفر",1,"76","77:76"
"بانو قدسیہ","تجمل حسین",1,"155","154:156"
"بانو قدسیہ","جمیل الدین عالی",1,"155","154:156"
"بانو قدسیہ","جمیلہ ہاشمی",1,"156","154:158"
"بانو قدسیہ","حمید علوی",1,"154","154:154"
"بانو قدسیہ","حکیم حبیب اشعر",1,"151","154:149"
"بانو قدسیہ","خضر تمیمی",1,"155","154:157"
"بانو قدسیہ","سارتر",1,"156","154:158"
"بانو قدسیہ","سجاد باقر رضوی",1,"154","154:154"
"بانو قدسیہ","شمس",1,"156","154:158"
"بانو قدسیہ","شیخ مجیب الرحمن",1,"151","154:149"
"بانو قدسیہ","عتیق اللہ شیخ",1,"154","154:154"
"بانو قدسیہ","فرخ نگار عزیز",1,"154","154:154"
"بانو قدسیہ","قدرت اللہ شہاب",1,"154","154:155"
"بانو قدسیہ","قیوم صاحب (یونیسکو)",1,"152","154:150"
"بانو قدسیہ","قیوم نظر",1,"152","154:150"
"بانو قدسیہ","منیر نیازی",1,"156","154:158"
"بانو قدسیہ","مولانا حسرت موہانی",1,"153","154:152"
"بانو قدسیہ","مولانا غلام رسول",1,"153","154:152"
"بانو قدسیہ","میر نور احمد",1,"153","154:152"
"بانو قدسیہ","نعیم طاہر",1,"156","154:159"
"بانو قدسیہ","پروفیسر حمید احمد خاں",2,"152 153","154:150 154:152"
"بانو قدسیہ","پروفیسر وزیر الحسن عابدی",2,"151 152","154:149 154:150"
"بانو قدسیہ","ڈاکٹر باقر",1,"155","154:156"
"بانو قدسیہ","کمال احمد رضوی",1,"154","154:154"
"بانو قدسیہ","یوسف ظفر",1,"154","154:154"
"بخاری صاحب","تصدق حسین",1,"225","226:224"
"بخاری صاحب","جمیلہ ہاشمی",1,"228","226:231"
"بخاری صاحب","جوش ملیح آبادی",1,"24","23:25"
"بخاری صاحب","حجاب امتیاز علی",1,"228","226:231"
"بخاری صاحب","حفیظ ہوشیارپوری",2,"21 22","23:20 23:22"
"بخاری صاحب","خان بہادر (دادا جان ہاپوڑ)",1,"225","226:224"
"بخاری صاحب","زاہد ڈار",1,"25","23:28"
"بخاری صاحب","سلیم احمد",1,"25","23:27"
"بخاری صاحب","سہیل عظیم آبادی",1,"21","23:20"
"بخاری صاحب","شیر محمد اختر",1,"22","23:22"
"بخاری صاحب","صلاح الدین محمود",1,"228","226:231"
"بخاری صاحب","عالیہ",1,"224","226:222"
"بخاری صاحب","عبداللہ ملک",1,"22","23:22"
"بخاری صاحب","عسکری",6,"21 22 23 227","23:19 23:20 23:21 23:22 23:23 226:229"
"بخاری صاحب","علی سردار جعفری",1,"21","23:20"
"بخاری صاحب","غلام عباس",1,"21","23:20"
"بخاری صاحب","فراق",2,"24 227","23:26 226:229"
"بخاری صاحب","قدرت اللہ شہاب",1,"24","23:25"
"بخاری صاحب","قیوم نظر",2,"22 23","23:22 23:23"
"بخاری صاحب","محمود ہاشمی",1,"24","23:25"
"بخاری صاحب","مختار صدیقی",2,"22 23","23:22 23:23"
"بخاری صاحب","ممتاز شیریں",1,"24","23:25"
"بخاری صاحب","منظور الہی",1,"228","226:231"
"بخاری صاحب","منٹو",1,"23","23:24"
"بخاری صاحب","میرا بائی",1,"227","226:228"
"بخاری صاحب","ناصر کاظمی",1,"24","23:26"
"بخاری صاحب","پروفیسر کرار حسین",1,"226","226:226"
"بخاری صاحب","ڈاکٹر تاثیر",1,"23","23:23"
"بخاری صاحب","کرشن چندر",1,"24","23:26"
"بخاری صاحب","کشور ناہید",1,"228","226:231"
"بخاری صاحب","یوسف ظفر",2,"22 23","23:22 23:23"
"برتولٹ بریخت","جنرل جیلانی",1,"199","197:201"
"برتولٹ بریخت","جنرل ضیاء الحق",1,"199","197:201"
"برتولٹ بریخت","حبیب جالب",1,"197","197:198"
"برتولٹ بریخت","حنیف رامے",1,"199","197:201"
"برتولٹ بریخت","رمضان تپائی",1,"197","197:198"
"برتولٹ بریخت","زاہد ڈار",1,"196","197:196"
"برتولٹ بریخت","سجاد باقر رضوی",3,"195 199","197:193 197:194 197:202"
"برتولٹ بریخت","سلیم احمد",1,"199","197:201"
"برتولٹ بریخت","شاکر علی",3,"195 196","197:194 197:195 197:196"
"برتولٹ بریخت","شاہجہان",1,"196","197:196"
"برتولٹ بریخت","شکور بیدل",1,"199","197:202"
"برتولٹ بریخت","صلاح الدین محمود",2,"194 198","197:192 197:200"
"برتولٹ بریخت","عالیہ",1,"198","197:199"
"برتولٹ بریخت","غازی منجم",2,"196 197","197:196 197:197"
"برتولٹ بریخت","فیض احمد فیض",2,"195 197","197:193 197:197"
"برتولٹ بریخت","مجروح سلطان پوری",1,"197","197:197"
"برتولٹ بریخت","محمد سلیم الرحمن",1,"199","197:201"
"برتولٹ بریخت","میر انیس",1,"195","197:193"
"برتولٹ بریخت","نثار عثمانی",1,"197","197:198"
"برتولٹ بریخت","ڈاکٹر ذاکر حسین",1,"195","197:193"
"برتولٹ بریخت","ڈاکٹر سید عبداللہ",1,"199","197:201"
"برتولٹ بریخت","کشور ناہید",4,"195 196 197","197:194 197:195 197:196 197:197"
"برتولٹ بریخت","ہارون الرشید",2,"196","197:195 197:196"
"برنی صاحب","بیدل جالندھری",1,"66","64:69"
"برنی صاحب","جالندھری تانگہ والا",1,"66","64:69"
"برنی صاحب","جمیل الدین عالی",1,"63","64:62"
"برنی صاحب","جوش ملیح آبادی",2,"63","64:62 64:63"
"برنی صاحب","حبیب جالب",1,"62","64:60"
"برنی صاحب","حنیف رامے",1,"62","64:61"
"برنی صاحب","خواجہ صاحب",1,"66","64:69"
"برنی صاحب","شاہد حمید",1,"65","64:67"
"برنی صاحب","شیخ صلاح الدین",4,"62 63 65","64:61 64:62 64:63 64:66"
"برنی صاحب","صفدر میر",1,"66","64:68"
"برنی صاحب","ظفر اقبال",1,"62","64:60"
"برنی صاحب","غالب احمد",1,"62","64:61"
"برنی صاحب","غلام محمد",1,"65","64:67"
"برنی صاحب","فیض احمد فیض",1,"62","64:61"
"برنی صاحب","مظفر علی سید",2,"62 63","64:61 64:62"
"برنی صاحب","میرا بائی",1,"62","64:61"
"برنی صاحب","ناصر کاظمی",3,"62 63 64","64:61 64:62 64:64"
"برنی صاحب","نواب ناطق",1,"62","64:60"
"بلراج منیرا","جالندھری تانگہ والا",2,"288 289","291:286 291:287"
"بلراج منیرا","جوش ملیح آبادی",2,"288 292","291:286 291:293"
"بلراج منیرا","جگر",1,"288","291:286"
"بلراج منیرا","زاہد ڈار",2,"290 291","291:290 291:291"
"بلراج منیرا","سیموئل بیکٹ",1,"290","291:289"
"بلراج منیرا","عبداللہ ملک",1,"290","291:289"
"بلراج منیرا","عبدالمجید بھٹی",1,"288","291:286"
"بلراج منیرا","عسکری",1,"293","291:295"
"بلراج منیرا","فیض احمد فیض",1,"288","291:286"
"بلراج منیرا","محمد حسن لطیفی",1,"289","291:287"
"بلراج منیرا","مرغوب صدیقی",1,"288","291:286"
"بلراج منیرا","منو بھائی",2,"289 290","291:288 291:289"
"بلراج منیرا","منٹو",1,"293","291:295"
"بلراج منیرا","مولانا صلاح الدین احمد",1,"288","291:286"
"بلراج منیرا","مولانا عبد المجید سالک",1,"289","291:287"
"بلراج منیرا","میر نور احمد",1,"289","291:287"
"بلراج منیرا","ناصر کاظمی",1,"289","291:287"
"بلراج منیرا","نانی اماں",1,"292","291:293"
"بلراج منیرا","نواز شریف",1,"289","291:288"
"بلراج منیرا","ڈاکٹر جاوید اقبال",1,"289","291:287"
"بلراج منیرا","ڈاکٹر عبدالسلام خورشید",2,"288 289","291:286 291:287"
"بلراج منیرا","ڈاکٹر وحید قریشی",2,"288 293","291:286 291:295"
"بلراج منیرا","کرنل صدیق سالک",1,"289","291:287"
"بلراج منیرا","کشور ناہید",2,"290","291:289 291:290"
"بلراج منیرا","ہنس راج رہبر",1,"291","291:291"
"بلراج منیرا","یگانہ",1,"288","291:286"
"بلراج کومل","جمیل الدین عالی",1,"251","251:251"
"بلراج کومل","جنرل ضیاء الحق",2,"250 251","251:250 251:252"
"بلراج کومل","حضرت نظام الدین اولیا",1,"252","251:254"
"بلراج کومل","حضرت چراغ دہلی",1,"252","251:254"
"بلراج کومل","رام چندر جی",1,"252","251:253"
"بلراج کومل","روحی بانو",1,"251","251:252"
"بلراج کومل","ریوتی سرن شرما",2,"248 253","251:246 251:255"
"بلراج کومل","زبیر رضوی",1,"253","251:255"
"بلراج کومل","سریندر پرکاش",1,"251","251:251"
"بلراج کومل","شمس",1,"252","251:253"
"بلراج کومل","شمس الرحمن فاروقی",1,"252","251:253"
"بلراج کومل","شمع فتح علی",1,"248","251:246"
"بلراج کومل","عالیہ",1,"251","251:251"
"بلراج کومل","عبید صدیقی",1,"253","251:255"
"بلراج کومل","عسکری",1,"250","251:249"
"بلراج کومل","علی سردار جعفری",1,"248","251:246"
"بلراج کومل","غلام عباس",1,"250","251:250"
"بلراج کومل","قرۃ العین حیدر",1,"251","251:251"
"بلراج کومل","محمود ہاشمی",1,"253","251:255"
"بلراج کومل","منٹو",1,"251","251:252"
"بلراج کومل","میر انیس",1,"253","251:255"
"بلراج کومل","میرا بائی",2,"248 249","251:246 251:247"
"بلراج کومل","ناصر کاظمی",2,"250 251","251:250 251:252"
"بلراج کومل","نواب اسماعیل خان",1,"253","251:255"
"بلراج کومل","کبیر",2,"248 249","251:246 251:247"
"بلراج کومل","کشور ناہید",2,"250 251","251:250 251:252"
"بلراج کومل","گوتم بدھ",1,"252","251:253"
"بیدل جالندھری","جالندھری تانگہ والا",5,"69 77 78 79","69:69 78:76 78:78 79:78 79:79"
"بیدل جالندھری","حبیب جالب",2,"71 75","69:73 78:73"
"بیدل جالندھری","حفیظ ہوشیارپوری",1,"70","69:72"
"بیدل جالندھری","حمید نظامی",2,"71 76","69:74 78:74"
"بیدل جالندھری","حنیف رامے",5,"71 76 77 81","69:74 78:74 78:75 78:77 79:84"
"بیدل جالندھری","خواجہ صاحب",1,"69","69:69"
"بیدل جالندھری","ذوالفقار علی بھٹو",2,"78","78:78 79:78"
"بیدل جالندھری","سراج صاحب",2,"78","78:78 79:78"
"بیدل جالندھری","سعید محمود",2,"79 80","78:81 79:81"
"بیدل جالندھری","سلیم احمد",1,"81","79:84"
"بیدل جالندھری","شاکر علی",4,"71 76 79 80","69:74 78:74 78:81 79:81"
"بیدل جالندھری","شاہد حمید",2,"68 77","69:67 78:77"
"بیدل جالندھری","شہرت بخاری",1,"77","78:76"
"بیدل جالندھری","شیخ صلاح الدین",6,"67 68 76 78 79","69:66 69:67 69:68 78:75 78:79 79:79"
"بیدل جالندھری","شیر محمد اختر",1,"77","78:76"
"بیدل جالندھری","صفدر میر",1,"68","69:68"
"بیدل جالندھری","ضیا جالندھری",1,"77","78:76"
"بیدل جالندھری","عبدالعلیم",1,"70","69:72"
"بیدل جالندھری","عبداللہ بٹ",2,"71 76","69:74 78:74"
"بیدل جالندھری","علیم صاحب",1,"77","78:77"
"بیدل جالندھری","غالب احمد",1,"77","78:77"
"بیدل جالندھری","غلام محمد",1,"68","69:67"
"بیدل جالندھری","فیض احمد فیض",3,"71 75 77","69:73 78:73 78:76"
"بیدل جالندھری","قیوم صاحب (یونیسکو)",5,"77 78 80","78:76 78:77 78:78 79:78 79:81"
"بیدل جالندھری","قیوم نظر",3,"77 78","78:76 78:78 79:78"
"بیدل جالندھری","مبارک احمد",1,"76","78:75"
"بیدل جالندھری","محبوب خزاں",1,"70","69:72"
"بیدل جالندھری","محمد حسن لطیفی",1,"81","79:84"
"بیدل جالندھری","مختار صدیقی",1,"77","78:76"
"بیدل جالندھری","مظفر علی سید",3,"77 78 79","78:77 78:79 79:79"
"بیدل جالندھری","میاں بشیر احمد",1,"70","69:72"
"بیدل جالندھری","میر خلیل الرحمن",2,"71 76","69:74 78:74"
"بیدل جالندھری","میرا بائی",2,"80","78:82 79:82"
"بیدل جالندھری","ناصر کاظمی",14,"66 67 68 69 75 76 77 78 79","69:64 69:65 69:66 69:67 69:68 69:69 78:73 78:74 78:75 78:76 78:77 78:78 79:78 79:79"
"بیدل جالندھری","نواب ناطق",3,"70 75 81","69:71 78:73 79:84"
"بیدل جالندھری","ولی",2,"71 76","69:74 78:74"
"بیدل جالندھری","کبیر",2,"80","78:82 79:82"
"بیدل جالندھری","یوسف ظفر",1,"77","78:76"
"بے نظیر بھٹو","تلوک چند محروم",1,"259","260:259"
"بے نظیر بھٹو","جمال عبد الناصر",1,"260","260:261"
"بے نظیر بھٹو","جمیلہ ہاشمی",2,"205 217","203:207 215:220"
"بے نظیر بھٹو","جنرل جیلانی",1,"202","203:201"
"بے نظیر بھٹو","جنرل ضیاء الحق",5,"202 204 214 216 260","203:201 203:205 215:213 215:218 260:260"
"بے نظیر بھٹو","حبیب جالب",1,"200","203:198"
"بے نظیر بھٹو","حجاب امتیاز علی",2,"205 213","203:207 215:212"
"بے نظیر بھٹو","حنیف رامے",1,"202","203:201"
"بے نظیر بھٹو","خان فضل الرحمن خان",1,"215","215:216"
"بے نظیر بھٹو","ذوالفقار علی بھٹو",3,"203 212 217","203:204 215:210 215:219"
"بے نظیر بھٹو","رام لال",1,"215","215:215"
"بے نظیر بھٹو","رمضان تپائی",2,"200 216","203:198 215:218"
"بے نظیر بھٹو","روحی بانو",1,"260","260:260"
"بے نظیر بھٹو","ریوتی سرن شرما",3,"257 258 259","260:255 260:257 260:258"
"بے نظیر بھٹو","زبیر رضوی",1,"257","260:255"
"بے نظیر بھٹو","سائرہ ہاشمی",1,"217","215:220"
"بے نظیر بھٹو","سارہ شگفتہ",1,"215","215:215"
"بے نظیر بھٹو","سجاد باقر رضوی",1,"202","203:202"
"بے نظیر بھٹو","سعادت سعید",1,"214","215:213"
"بے نظیر بھٹو","سعید محمود",1,"213","215:211"
"بے نظیر بھٹو","سلیم احمد",1,"202","203:201"
"بے نظیر بھٹو","شاد امرتسری",1,"215","215:216"
"بے نظیر بھٹو","شاہد حمید",1,"216","215:217"
"بے نظیر بھٹو","شکور بیدل",1,"202","203:202"
"بے نظیر بھٹو","صلاح الدین محمود",3,"201 205 213","203:200 203:207 215:211"
"بے نظیر بھٹو","ضیاء اسلام انصاری",1,"217","215:219"
"بے نظیر بھٹو","ظفر صمدانی",1,"216","215:218"
"بے نظیر بھٹو","ظہور بھائی",1,"203","203:203"
"بے نظیر بھٹو","عالیہ",1,"201","203:199"
"بے نظیر بھٹو","عبید صدیقی",1,"257","260:255"
"بے نظیر بھٹو","عذرا عباس",1,"215","215:215"
"بے نظیر بھٹو","عزیز الحق",1,"214","215:213"
"بے نظیر بھٹو","عظیم اللہ خان",1,"213","215:211"
"بے نظیر بھٹو","علی سردار جعفری",1,"217","215:220"
"بے نظیر بھٹو","غالب احمد",1,"217","215:219"
"بے نظیر بھٹو","قدرت اللہ شہاب",1,"205","203:207"
"بے نظیر بھٹو","قیوم صاحب (یونیسکو)",1,"214","215:214"
"بے نظیر بھٹو","قیوم نظر",1,"214","215:213"
"بے نظیر بھٹو","مبارک احمد",2,"214 215","215:214 215:215"
"بے نظیر بھٹو","محمد حسین آزاد",1,"262","260:264"
"بے نظیر بھٹو","محمد سلیم الرحمن",1,"202","203:201"
"بے نظیر بھٹو","محمود ہاشمی",1,"257","260:255"
"بے نظیر بھٹو","منظور الہی",1,"205","203:208"
"بے نظیر بھٹو","مولانا ابوالکلام آزاد",1,"214","215:213"
"بے نظیر بھٹو","مولانا چراغ حسن حسرت",1,"262","260:264"
"بے نظیر بھٹو","میر انیس",1,"257","260:255"
"بے نظیر بھٹو","میرا بائی",1,"213","215:211"
"بے نظیر بھٹو","ناصر کاظمی",1,"260","260:261"
"بے نظیر بھٹو","نثار عثمانی",1,"200","203:198"
"بے نظیر بھٹو","نواب اسماعیل خان",1,"257","260:255"
"بے نظیر بھٹو","نور الحسن جعفری",1,"205","203:208"
"بے نظیر بھٹو","ٹی ایس ایلیٹ",1,"215","215:215"
"بے نظیر بھٹو","ڈاکٹر اسرار احمد",1,"212","215:210"
"بے نظیر بھٹو","ڈاکٹر سید عبداللہ",1,"202","203:201"
"بے نظیر بھٹو","کشور ناہید",4,"200 205 215 260","203:198 203:207 215:215 260:260"
"بے نظیر بھٹو","ہیما مالنی",1,"215","215:215"
"بے نظیر بھٹو","یوسف کامران",2,"205 214","203:208 215:214"
"تجمل حسین","جالندھری تانگہ والا",2,"139 140","141:137 141:139"
"تجمل حسین","جمیل الدین عالی",2,"156","156:156 157:156"
"تجمل حسین","جمیلہ ہاشمی",3,"157 158","156:158 157:158 158:158"
"تجمل حسین","جوش ملیح آبادی",2,"159 160","157:162 158:162"
"تجمل حسین","جیلانی کامران",1,"141","141:142"
"تجمل حسین","حبیب جالب",1,"140","141:140"
"تجمل حسین","حمید اختر",2,"159 160","157:162 158:162"
"تجمل حسین","حمید علوی",1,"155","156:154"
"تجمل حسین","حکیم ریاض",1,"143","141:146"
"تجمل حسین","خضر تمیمی",3,"156 157","156:157 157:157 158:157"
"تجمل حسین","ذوالفقار علی بھٹو",3,"158 159","156:161 157:161 158:161"
"تجمل حسین","سارتر",3,"157 158","156:158 157:158 158:158"
"تجمل حسین","سبط حسن",2,"159 160","157:162 158:162"
"تجمل حسین","سجاد باقر رضوی",1,"155","156:154"
"تجمل حسین","سجاد ظہیر",2,"159 160","157:162 158:162"
"تجمل حسین","سراج صاحب",1,"138","141:136"
"تجمل حسین","سعید محمود",1,"140","141:140"
"تجمل حسین","شمس",3,"157 158","156:158 157:158 158:158"
"تجمل حسین","شوکت تھانوی",1,"142","141:144"
"تجمل حسین","شیخ مجیب الرحمن",1,"160","158:163"
"تجمل حسین","عتیق اللہ شیخ",1,"155","156:154"
"تجمل حسین","علامہ علاء الدین صدیقی",3,"158 159","156:160 157:160 158:160"
"تجمل حسین","عنایت اللہ",1,"143","141:146"
"تجمل حسین","فرخ نگار عزیز",1,"155","156:154"
"تجمل حسین","فیض احمد فیض",1,"141","141:141"
"تجمل حسین","قدرت اللہ شہاب",1,"155","156:155"
"تجمل حسین","لئیق تانگہ والا",3,"139 140","141:137 141:138 141:139"
"تجمل حسین","مسز سراج",1,"138","141:136"
"تجمل حسین","ملک راج آنند",1,"141","141:141"
"تجمل حسین","منٹو",2,"139 160","141:137 158:163"
"تجمل حسین","منیر نیازی",3,"157 158","156:158 157:158 158:158"
"تجمل حسین","مولانا بھاشانی",2,"159 160","157:162 158:162"
"تجمل حسین","مولانا حسرت موہانی",1,"154","156:152"
"تجمل حسین","مولانا صلاح الدین احمد",1,"138","141:136"
"تجمل حسین","مولانا عبد المجید سالک",1,"142","141:144"
"تجمل حسین","مولانا غلام رسول",1,"154","156:152"
"تجمل حسین","مولانا چراغ حسن حسرت",1,"139","141:137"
"تجمل حسین","میر نور احمد",2,"142 154","141:144 156:152"
"تجمل حسین","ناصر کاظمی",2,"139 140","141:137 141:139"
"تجمل حسین","نذیر ناجی",2,"159 160","157:162 158:162"
"تجمل حسین","نعیم طاہر",3,"157 158","156:159 157:159 158:159"
"تجمل حسین","پروفیسر حمید احمد خاں",4,"154 158 159","156:152 156:160 157:160 158:160"
"تجمل حسین","پروفیسر سرور",1,"142","141:143"
"تجمل حسین","پروفیسر وزیر الحسن عابدی",3,"158 159","156:160 157:160 158:160"
"تجمل حسین","ڈاکٹر باقر",5,"156 157 158","156:156 157:156 157:157 158:157 158:158"
"تجمل حسین","ڈاکٹر ذاکر حسین",1,"142","141:143"
"تجمل حسین","ڈاکٹر عاشق حسین بٹالوی",1,"138","141:136"
"تجمل حسین","کمال احمد رضوی",1,"155","156:154"
"تجمل حسین","کیرولین کائزر",1,"140","141:140"
"تجمل حسین","یوسف ظفر",1,"155","156:154"
"تصدق حسین","جمیلہ ہاشمی",1,"222","224:220"
"تصدق حسین","جنرل ضیاء الحق",1,"221","224:219"
"تصدق حسین","خان بہادر (دادا جان ہاپوڑ)",1,"224","224:224"
"تصدق حسین","ذوالفقار علی بھٹو",1,"221","224:219"
"تصدق حسین","سائرہ ہاشمی",1,"222","224:220"
"تصدق حسین","ضیاء اسلام انصاری",1,"221","224:219"
"تصدق حسین","عالیہ",1,"223","224:222"
"تصدق حسین","عسکری",1,"226","224:229"
"تصدق حسین","علی سردار جعفری",1,"222","224:220"
"تصدق حسین","غالب احمد",1,"221","224:219"
"تصدق حسین","فراق",1,"226","224:229"
"تصدق حسین","مبارک احمد",1,"222","224:220"
"تصدق حسین","میرا بائی",1,"226","224:228"
"تصدق حسین","پروفیسر کرار حسین",1,"225","224:226"
"تصدق حسین","کشور ناہید",1,"222","224:220"
"تلوک چند محروم","جمال عبد الناصر",1,"260","259:261"
"تلوک چند محروم","جنرل ضیاء الحق",1,"259","259:260"
"تلوک چند محروم","حضرت نظام الدین اولیا",1,"256","259:254"
"تلوک چند محروم","حضرت چراغ دہلی",1,"256","259:254"
"تلوک چند محروم","روحی بانو",1,"259","259:260"
"تلوک چند محروم","ریوتی سرن شرما",3,"257 258","259:255 259:257 259:258"
"تلوک چند محروم","زبیر رضوی",1,"257","259:255"
"تلوک چند محروم","شمس",1,"256","259:254"
"تلوک چند محروم","شمس الرحمن فاروقی",1,"256","259:254"
"تلوک چند محروم","عبید صدیقی",1,"257","259:255"
"تلوک چند محروم","محمد حسین آزاد",1,"261","259:264"
"تلوک چند محروم","محمود ہاشمی",1,"257","259:255"
"تلوک چند محروم","مولانا چراغ حسن حسرت",1,"261","259:264"
"تلوک چند محروم","میر انیس",1,"257","259:255"
"تلوک چند محروم","ناصر کاظمی",1,"260","259:261"
"تلوک چند محروم","نواب اسماعیل خان",1,"257","259:255"
"تلوک چند محروم","کشور ناہید",1,"259","259:260"
"جالندھری تانگہ والا","جوش ملیح آبادی",5,"34 92 93 286","35:34 91:93 93:93 286:286 287:286"
"جالندھری تانگہ والا","جگر",2,"286","286:286 287:286"
"جالندھری تانگہ والا","جیلانی کامران",2,"139 140","137:142 139:142"
"جالندھری تانگہ والا","حبیب جالب",5,"71 74 138 139 284","69:73 76:73 137:140 139:140 286:282"
"جالندھری تانگہ والا","حفیظ ہوشیارپوری",2,"70 74","69:72 76:72"
"جالندھری تانگہ والا","حمید اختر",1,"34","35:34"
"جالندھری تانگہ والا","حمید نظامی",2,"71 75","69:74 76:74"
"جالندھری تانگہ والا","حنیف رامے",9,"71 75 76 77 81 90 91 92","69:74 76:74 76:75 76:77 78:77 79:84 91:90 91:92 93:92"
"جالندھری تانگہ والا","خواجہ صاحب",1,"69","69:69"
"جالندھری تانگہ والا","دادا پٹی نذیر احمد",1,"36","35:37"
"جالندھری تانگہ والا","ذوالفقار علی بھٹو",3,"77 78","76:78 78:78 79:78"
"جالندھری تانگہ والا","ریوتی سرن شرما",4,"33 37 92 93","35:32 35:40 91:94 93:94"
"جالندھری تانگہ والا","زاہد ڈار",2,"288","286:290 287:290"
"جالندھری تانگہ والا","سبط حسن",1,"135","137:133"
"جالندھری تانگہ والا","سر عبد القادر",1,"285","286:284"
"جالندھری تانگہ والا","سراج صاحب",4,"77 78 136","76:78 78:78 79:78 137:136"
"جالندھری تانگہ والا","سرلا",1,"33","35:32"
"جالندھری تانگہ والا","سعید بور",1,"36","35:37"
"جالندھری تانگہ والا","سعید محمود",5,"78 79 80 138 139","76:81 78:81 79:81 137:140 139:140"
"جالندھری تانگہ والا","سلیم احمد",2,"36 81","35:37 79:84"
"جالندھری تانگہ والا","سہیل عظیم آبادی",2,"32 33","35:30 35:31"
"جالندھری تانگہ والا","سید سلیمان ندوی",1,"285","286:285"
"جالندھری تانگہ والا","سیموئل بیکٹ",2,"287 288","286:289 287:289"
"جالندھری تانگہ والا","شاکر علی",5,"71 75 78 79 80","69:74 76:74 76:81 78:81 79:81"
"جالندھری تانگہ والا","شاہد حمید",3,"68 76 77","69:67 76:77 78:77"
"جالندھری تانگہ والا","شفیق احمد",1,"35","35:36"
"جالندھری تانگہ والا","شوکت تھانوی",3,"91 92 141","91:91 93:91 139:144"
"جالندھری تانگہ والا","شہرت بخاری",3,"76 77 89","76:76 78:76 91:88"
"جالندھری تانگہ والا","شیخ صلاح الدین",11,"67 68 75 77 78 79 90 91 92 94","69:66 69:67 69:68 76:75 76:79 78:79 79:79 91:90 91:92 93:92 93:96"
"جالندھری تانگہ والا","شیر محمد اختر",5,"76 77 91 92 95","76:76 78:76 91:91 93:91 93:97"
"جالندھری تانگہ والا","صفدر میر",1,"68","69:68"
"جالندھری تانگہ والا","صلاح الدین محمود",2,"92 93","91:94 93:94"
"جالندھری تانگہ والا","ضیا جالندھری",5,"35 76 77 91 92","35:35 76:76 78:76 91:91 93:91"
"جالندھری تانگہ والا","طفیل صاحب",2,"91 92","91:92 93:92"
"جالندھری تانگہ والا","ظفر اقبال",1,"284","286:282"
"جالندھری تانگہ والا","عبدالعلیم",2,"70 74","69:72 76:72"
"جالندھری تانگہ والا","عبداللہ بٹ",2,"71 75","69:74 76:74"
"جالندھری تانگہ والا","عبداللہ ملک",4,"34 287 288","35:33 35:34 286:289 287:289"
"جالندھری تانگہ والا","عبدالمجید بھٹی",2,"286","286:286 287:286"
"جالندھری تانگہ والا","عثمان علی خاں",1,"284","286:283"
"جالندھری تانگہ والا","عسکری",6,"32 33 34 35 95","35:30 35:31 35:33 35:34 35:35 93:97"
"جالندھری تانگہ والا","علی سردار جعفری",1,"33","35:31"
"جالندھری تانگہ والا","علیم صاحب",2,"76 77","76:77 78:77"
"جالندھری تانگہ والا","غالب احمد",2,"76 77","76:77 78:77"
"جالندھری تانگہ والا","غلام محمد",1,"68","69:67"
"جالندھری تانگہ والا","فراق",1,"35","35:36"
"جالندھری تانگہ والا","فرخ نگار عزیز",1,"285","286:284"
"جالندھری تانگہ والا","فیض احمد فیض",12,"71 74 76 77 92 93 135 139 140 285 286","69:73 76:73 76:76 78:76 91:93 93:93 137:133 137:141 139:141 286:284 286:286 287:286"
"جالندھری تانگہ والا","قدرت اللہ شہاب",1,"135","137:133"
"جالندھری تانگہ والا","قیوم صاحب (یونیسکو)",8,"76 77 78 80 89 90","76:76 78:76 78:77 78:78 79:78 79:81 91:88 91:89"
"جالندھری تانگہ والا","قیوم نظر",5,"76 77 78 285","76:76 78:76 78:78 79:78 286:284"
"جالندھری تانگہ والا","لئیق تانگہ والا",4,"137 138 139","137:137 139:137 139:138 139:139"
"جالندھری تانگہ والا","لائو پہلوان",1,"285","286:285"
"جالندھری تانگہ والا","مبارک احمد",2,"75 89","76:75 91:88"
"جالندھری تانگہ والا","مجاہد اردو (گمنام مقرر)",1,"283","286:281"
"جالندھری تانگہ والا","محبوب خزاں",2,"70 74","69:72 76:72"
"جالندھری تانگہ والا","محمد حسن لطیفی",4,"81 88 286 287","79:84 91:86 286:287 287:287"
"جالندھری تانگہ والا","محمود ہاشمی",1,"34","35:34"
"جالندھری تانگہ والا","مختار صدیقی",2,"76 77","76:76 78:76"
"جالندھری تانگہ والا","مرغوب صدیقی",2,"286","286:286 287:286"
"جالندھری تانگہ والا","مسز سراج",1,"136","137:136"
"جالندھری تانگہ والا","مظفر علی سید",9,"76 77 78 79 90 91 92 93","76:77 78:77 78:79 79:79 91:89 91:90 91:91 93:91 93:93"
"جالندھری تانگہ والا","ملک راج آنند",2,"139 140","137:141 139:141"
"جالندھری تانگہ والا","ممتاز شیریں",1,"34","35:34"
"جالندھری تانگہ والا","منو بھائی",2,"287","286:288 287:288"
"جالندھری تانگہ والا","منٹو",4,"34 35 137 138","35:34 35:35 137:137 139:137"
"جالندھری تانگہ والا","مولانا ابوالکلام آزاد",1,"284","286:282"
"جالندھری تانگہ والا","مولانا حسرت موہانی",1,"37","35:39"
"جالندھری تانگہ والا","مولانا صلاح الدین احمد",4,"34 136 286","35:34 137:136 286:286 287:286"
"جالندھری تانگہ والا","مولانا ظفر علی خاں",1,"284","286:283"
"جالندھری تانگہ والا","مولانا عبد المجید سالک",3,"141 286 287","139:144 286:287 287:287"
"جالندھری تانگہ والا","مولانا چراغ حسن حسرت",2,"137 138","137:137 139:137"
"جالندھری تانگہ والا","مہندر ناتھ",2,"32 33","35:30 35:32"
"جالندھری تانگہ والا","میاں بشیر احمد",3,"70 74 95","69:72 76:72 93:97"
"جالندھری تانگہ والا","میر خلیل الرحمن",2,"71 75","69:74 76:74"
"جالندھری تانگہ والا","میر نور احمد",3,"141 286 287","139:144 286:287 287:287"
"جالندھری تانگہ والا","میرا بائی",2,"80","78:82 79:82"
"جالندھری تانگہ والا","ناصر کاظمی",26,"66 67 68 69 74 75 76 77 78 79 90 91 92 94 137 138 139 286 287","69:64 69:65 69:66 69:67 69:68 69:69 76:72 76:73 76:74 76:75 76:76 78:76 78:77 78:78 79:78 79:79 91:89 91:90 91:92 93:92 93:96 137:137 139:137 139:139 286:287 287:287"
"جالندھری تانگہ والا","نواب ناطق",4,"70 73 74 81","69:71 76:71 76:73 79:84"
"جالندھری تانگہ والا","نواز شریف",2,"287","286:288 287:288"
"جالندھری تانگہ والا","وجیہہ الدین احمد",1,"34","35:34"
"جالندھری تانگہ والا","ولی",3,"33 71 75","35:32 69:74 76:74"
"جالندھری تانگہ والا","پروفیسر سرور",1,"141","139:143"
"جالندھری تانگہ والا","پروفیسر عبید اللہ",1,"285","286:284"
"جالندھری تانگہ والا","پروفیسر کرار حسین",1,"37","35:39"
"جالندھری تانگہ والا","ڈاکٹر تاثیر",1,"35","35:35"
"جالندھری تانگہ والا","ڈاکٹر جاوید اقبال",2,"286 287","286:287 287:287"
"جالندھری تانگہ والا","ڈاکٹر ذاکر حسین",1,"141","139:143"
"جالندھری تانگہ والا","ڈاکٹر سید عبداللہ",1,"283","286:281"
"جالندھری تانگہ والا","ڈاکٹر عاشق حسین بٹالوی",3,"136 285","137:136 286:284 286:285"
"جالندھری تانگہ والا","ڈاکٹر عبادت بریلوی",1,"90","91:89"
"جالندھری تانگہ والا","ڈاکٹر عبد اللہ چغتائی",1,"285","286:284"
"جالندھری تانگہ والا","ڈاکٹر عبدالسلام خورشید",4,"285 286 287","286:285 286:286 287:286 287:287"
"جالندھری تانگہ والا","ڈاکٹر وحید قریشی",2,"286","286:286 287:286"
"جالندھری تانگہ والا","کبیر",2,"80","78:82 79:82"
"جالندھری تانگہ والا","کرشن چندر",3,"32 33 35","35:30 35:32 35:35"
"جالندھری تانگہ والا","کرنل صدیق سالک",2,"286 287","286:287 287:287"
"جالندھری تانگہ والا","کشور ناہید",3,"285 287 288","286:284 286:289 287:289"
"جالندھری تانگہ والا","کیرولین کائزر",2,"138 139","137:140 139:140"
"جالندھری تانگہ والا","ہاجرہ مسرور",1,"37","35:40"
"جالندھری تانگہ والا","ہنس راج رہبر",2,"288 289","286:291 287:291"
"جالندھری تانگہ والا","یوسف ظفر",2,"76 77","76:76 78:76"
"جالندھری تانگہ والا","یگانہ",2,"286","286:286 287:286"
"جسٹس کیانی","جمال عبد الناصر",1,"131","131:131"
"جسٹس کیانی","سبط حسن",1,"132","131:133"
"جسٹس کیانی","سراج صاحب",1,"133","131:136"
"جسٹس کیانی","فیض احمد فیض",1,"132","131:133"
"جسٹس کیانی","قدرت اللہ شہاب",1,"132","131:133"
"جسٹس کیانی","قیوم صاحب (یونیسکو)",1,"128","131:126"
"جسٹس کیانی","مسز سراج",1,"133","131:136"
"جسٹس کیانی","مولانا صلاح الدین احمد",1,"133","131:136"
"جسٹس کیانی","ولی",1,"128","131:126"
"جسٹس کیانی","ڈاکٹر عاشق حسین بٹالوی",1,"133","131:136"
"جمال عبد الناصر","جنرل ضیاء الحق",1,"260","261:260"
"جمال عبد الناصر","جگر",1,"100","101:99"
"جمال عبد الناصر","حسن طارق",1,"100","101:100"
"جمال عبد الناصر","حمید اختر",1,"101","101:102"
"جمال عبد الناصر","حنیف رامے",1,"100","101:100"
"جمال عبد الناصر","رمضان تپائی",1,"103","101:106"
"جمال عبد الناصر","روحی بانو",1,"260","261:260"
"جمال عبد الناصر","ریوتی سرن شرما",2,"259","261:257 261:258"
"جمال عبد الناصر","سارتر",1,"101","101:101"
"جمال عبد الناصر","سبط حسن",1,"132","131:133"
"جمال عبد الناصر","سراج صاحب",1,"133","131:136"
"جمال عبد الناصر","سعید محمود",1,"102","101:104"
"جمال عبد الناصر","سلیم احمد",1,"263","261:266"
"جمال عبد الناصر","سید امتیاز علی تاج",1,"101","101:102"
"جمال عبد الناصر","شیخ صلاح الدین",2,"98 100","101:96 101:100"
"جمال عبد الناصر","شیر محمد اختر",1,"99","101:97"
"جمال عبد الناصر","طفیل صاحب",1,"100","101:100"
"جمال عبد الناصر","ظفر صمدانی",1,"102","101:104"
"جمال عبد الناصر","عارف عبدالمتین",1,"263","261:266"
"جمال عبد الناصر","عسکری",2,"99 101","101:97 101:101"
"جمال عبد الناصر","فراق",2,"100 263","101:99 261:266"
"جمال عبد الناصر","فیض احمد فیض",3,"100 101 132","101:99 101:102 131:133"
"جمال عبد الناصر","قدرت اللہ شہاب",1,"132","131:133"
"جمال عبد الناصر","قیوم صاحب (یونیسکو)",2,"101 128","101:101 131:126"
"جمال عبد الناصر","قیوم نظر",1,"100","101:99"
"جمال عبد الناصر","محمد حسین آزاد",1,"262","261:264"
"جمال عبد الناصر","مسز سراج",1,"133","131:136"
"جمال عبد الناصر","مظفر علی سید",2,"99 100","101:97 101:99"
"جمال عبد الناصر","مولانا صلاح الدین احمد",2,"102 133","101:103 131:136"
"جمال عبد الناصر","مولانا غلام رسول",1,"101","101:102"
"جمال عبد الناصر","مولانا چراغ حسن حسرت",1,"262","261:264"
"جمال عبد الناصر","میاں بشیر احمد",2,"99 101","101:97 101:102"
"جمال عبد الناصر","ناصر کاظمی",6,"98 99 100 261","101:96 101:97 101:98 101:99 101:100 261:261"
"جمال عبد الناصر","ولی",1,"128","131:126"
"جمال عبد الناصر","ڈاکٹر سلیم واحد سلیم",1,"263","261:266"
"جمال عبد الناصر","ڈاکٹر عاشق حسین بٹالوی",1,"133","131:136"
"جمال عبد الناصر","کشور ناہید",1,"260","261:260"
"جمال عبد الناصر","یوسف ظفر",1,"100","101:99"
"جمال عبد الناصر","یگانہ",1,"100","101:99"
"جمیل الدین عالی","جمیلہ ہاشمی",1,"157","156:158"
"جمیل الدین عالی","جنرل ضیاء الحق",2,"250 251","251:250 251:252"
"جمیل الدین عالی","جوش ملیح آبادی",4,"62 119 122 278","62:62 120:119 120:124 279:277"
"جمیل الدین عالی","حبیب جالب",4,"61 109 278 280","62:60 107:112 279:277 279:282"
"جمیل الدین عالی","حسن طارق",1,"109","107:111"
"جمیل الدین عالی","حضرت نظام الدین اولیا",1,"252","251:254"
"جمیل الدین عالی","حضرت چراغ دہلی",1,"252","251:254"
"جمیل الدین عالی","حمید اختر",1,"104","107:102"
"جمیل الدین عالی","حمید علوی",1,"155","156:154"
"جمیل الدین عالی","حنیف رامے",3,"61 117 277","62:61 120:115 279:276"
"جمیل الدین عالی","خضر تمیمی",1,"156","156:157"
"جمیل الدین عالی","دادا پٹی نذیر احمد",1,"279","279:280"
"جمیل الدین عالی","ذوالفقار علی بھٹو",1,"158","156:161"
"جمیل الدین عالی","رام چندر جی",1,"252","251:253"
"جمیل الدین عالی","رمضان تپائی",1,"106","107:106"
"جمیل الدین عالی","روحی بانو",1,"251","251:252"
"جمیل الدین عالی","ریوتی سرن شرما",2,"248 253","251:246 251:255"
"جمیل الدین عالی","زاہد ڈار",1,"279","279:280"
"جمیل الدین عالی","زبیر رضوی",1,"253","251:255"
"جمیل الدین عالی","سارتر",3,"105 157","107:103 107:104 156:158"
"جمیل الدین عالی","سبط حسن",1,"121","120:123"
"جمیل الدین عالی","سجاد باقر رضوی",2,"122 155","120:124 156:154"
"جمیل الدین عالی","سر عبد القادر",1,"281","279:284"
"جمیل الدین عالی","سریندر پرکاش",1,"251","251:251"
"جمیل الدین عالی","سعید محمود",5,"105 117 118 119 277","107:104 120:115 120:116 120:118 279:276"
"جمیل الدین عالی","سلیم احمد",1,"108","107:109"
"جمیل الدین عالی","سید امتیاز علی تاج",3,"104 105 279","107:102 107:103 279:279"
"جمیل الدین عالی","شاکر علی",2,"119 277","120:119 279:276"
"جمیل الدین عالی","شاہد حمید",1,"64","62:67"
"جمیل الدین عالی","شاہد صاحب",1,"108","107:110"
"جمیل الدین عالی","شمس",2,"157 252","156:158 251:253"
"جمیل الدین عالی","شمس الرحمن فاروقی",1,"252","251:253"
"جمیل الدین عالی","شمع فتح علی",1,"248","251:246"
"جمیل الدین عالی","شہرت بخاری",2,"107 277","107:108 279:276"
"جمیل الدین عالی","شیخ صلاح الدین",4,"61 62 119 277","62:61 62:62 120:118 279:276"
"جمیل الدین عالی","صفدر میر",1,"107","107:107"
"جمیل الدین عالی","ظفر اقبال",2,"61 280","62:60 279:282"
"جمیل الدین عالی","ظفر صمدانی",1,"105","107:104"
"جمیل الدین عالی","عالیہ",1,"251","251:251"
"جمیل الدین عالی","عبید صدیقی",1,"253","251:255"
"جمیل الدین عالی","عتیق اللہ شیخ",1,"155","156:154"
"جمیل الدین عالی","عثمان علی خاں",1,"281","279:283"
"جمیل الدین عالی","عسکری",5,"104 105 108 120 250","107:102 107:103 107:110 120:120 251:249"
"جمیل الدین عالی","علامہ علاء الدین صدیقی",1,"158","156:160"
"جمیل الدین عالی","علی سردار جعفری",1,"248","251:246"
"جمیل الدین عالی","غالب احمد",1,"61","62:61"
"جمیل الدین عالی","غلام عباس",2,"120 250","120:120 251:250"
"جمیل الدین عالی","غلام محمد",1,"64","62:67"
"جمیل الدین عالی","فراق",1,"277","279:275"
"جمیل الدین عالی","فرخ نگار عزیز",2,"155 281","156:154 279:284"
"جمیل الدین عالی","فیض احمد فیض",5,"61 104 105 120 281","62:61 107:102 107:103 120:120 279:284"
"جمیل الدین عالی","قدرت اللہ شہاب",1,"155","156:155"
"جمیل الدین عالی","قرۃ العین حیدر",2,"107 251","107:107 251:251"
"جمیل الدین عالی","قیوم صاحب (یونیسکو)",2,"117 121","120:115 120:123"
"جمیل الدین عالی","قیوم نظر",1,"281","279:284"
"جمیل الدین عالی","لئیق تانگہ والا",1,"120","120:121"
"جمیل الدین عالی","مبارک احمد",1,"107","107:107"
"جمیل الدین عالی","مجاہد اردو (گمنام مقرر)",1,"280","279:281"
"جمیل الدین عالی","محمود ہاشمی",1,"253","251:255"
"جمیل الدین عالی","مظفر علی سید",5,"61 62 117 277 278","62:61 62:62 120:115 279:276 279:278"
"جمیل الدین عالی","منٹو",1,"251","251:252"
"جمیل الدین عالی","منیر نیازی",2,"122 157","120:124 156:158"
"جمیل الدین عالی","مولانا ابوالکلام آزاد",1,"280","279:282"
"جمیل الدین عالی","مولانا حسرت موہانی",1,"154","156:152"
"جمیل الدین عالی","مولانا صلاح الدین احمد",3,"105 108 120","107:103 107:110 120:120"
"جمیل الدین عالی","مولانا ظفر علی خاں",1,"281","279:283"
"جمیل الدین عالی","مولانا غلام رسول",2,"104 154","107:102 156:152"
"جمیل الدین عالی","میاں بشیر احمد",2,"104 117","107:102 120:115"
"جمیل الدین عالی","میر انیس",1,"253","251:255"
"جمیل الدین عالی","میر نور احمد",1,"154","156:152"
"جمیل الدین عالی","میرا بائی",3,"61 248 249","62:61 251:246 251:247"
"جمیل الدین عالی","ناصر کاظمی",13,"61 62 107 117 118 119 120 250 251 277 279","62:61 62:62 107:107 120:115 120:116 120:117 120:118 120:119 120:121 251:250 251:252 279:276 279:280"
"جمیل الدین عالی","نعیم طاہر",2,"157 279","156:159 279:279"
"جمیل الدین عالی","نواب اسماعیل خان",1,"253","251:255"
"جمیل الدین عالی","نواب ناطق",1,"61","62:60"
"جمیل الدین عالی","ولی",1,"278","279:278"
"جمیل الدین عالی","پروفیسر حمید احمد خاں",2,"154 158","156:152 156:160"
"جمیل الدین عالی","پروفیسر عبید اللہ",1,"281","279:284"
"جمیل الدین عالی","پروفیسر وزیر الحسن عابدی",1,"158","156:160"
"جمیل الدین عالی","ڈاکٹر باقر",1,"156","156:156"
"جمیل الدین عالی","ڈاکٹر سید عبداللہ",1,"280","279:281"
"جمیل الدین عالی","ڈاکٹر عاشق حسین بٹالوی",1,"281","279:284"
"جمیل الدین عالی","ڈاکٹر عبد اللہ چغتائی",1,"281","279:284"
"جمیل الدین عالی","کبیر",2,"248 249","251:246 251:247"
"جمیل الدین عالی","کشور ناہید",3,"250 251 279","251:250 251:252 279:280"
"جمیل الدین عالی","کمال احمد رضوی",1,"155","156:154"
"جمیل الدین عالی","گوتم بدھ",1,"252","251:253"
"جمیل الدین عالی","یوسف ظفر",1,"155","156:154"
"جمیلہ ہاشمی","جنرل ضیاء الحق",5,"206 210 219 233","207:205 208:213 220:218 220:219 231:235"
"جمیلہ ہاشمی","جوش ملیح آبادی",2,"160 231","158:162 231:232"
"جمیلہ ہاشمی","حجاب امتیاز علی",4,"207 208 231","207:207 208:207 208:208 231:231"
"جمیلہ ہاشمی","حمید اختر",2,"160 232","158:162 231:233"
"جمیلہ ہاشمی","حمید علوی",1,"156","158:154"
"جمیلہ ہاشمی","خان بہادر (دادا جان ہاپوڑ)",1,"222","220:224"
"جمیلہ ہاشمی","خان فضل الرحمن خان",1,"218","220:216"
"جمیلہ ہاشمی","خضر تمیمی",1,"157","158:157"
"جمیلہ ہاشمی","ذوالفقار علی بھٹو",5,"159 205 208 209 219","158:161 207:204 207:210 208:210 220:219"
"جمیلہ ہاشمی","رام لال",1,"217","220:215"
"جمیلہ ہاشمی","رمضان تپائی",1,"219","220:218"
"جمیلہ ہاشمی","سائرہ ہاشمی",1,"220","220:220"
"جمیلہ ہاشمی","سارتر",1,"158","158:158"
"جمیلہ ہاشمی","سارہ شگفتہ",1,"217","220:215"
"جمیلہ ہاشمی","سبط حسن",1,"160","158:162"
"جمیلہ ہاشمی","سجاد باقر رضوی",2,"156 204","158:154 207:202"
"جمیلہ ہاشمی","سجاد ظہیر",1,"160","158:162"
"جمیلہ ہاشمی","سعادت سعید",1,"210","208:213"
"جمیلہ ہاشمی","سعید محمود",2,"209","207:211 208:211"
"جمیلہ ہاشمی","شاد امرتسری",1,"218","220:216"
"جمیلہ ہاشمی","شارعزیز",1,"232","231:233"
"جمیلہ ہاشمی","شاہد حمید",1,"218","220:217"
"جمیلہ ہاشمی","شمس",1,"158","158:158"
"جمیلہ ہاشمی","شکور بیدل",1,"204","207:202"
"جمیلہ ہاشمی","شیخ صلاح الدین",1,"232","231:233"
"جمیلہ ہاشمی","شیخ مجیب الرحمن",1,"160","158:163"
"جمیلہ ہاشمی","صلاح الدین محمود",4,"207 208 231","207:207 208:207 208:208 231:231"
"جمیلہ ہاشمی","ضیاء اسلام انصاری",1,"219","220:219"
"جمیلہ ہاشمی","ظفر اقبال",1,"232","231:233"
"جمیلہ ہاشمی","ظفر صمدانی",1,"219","220:218"
"جمیلہ ہاشمی","ظہور بھائی",1,"205","207:203"
"جمیلہ ہاشمی","عالیہ",1,"221","220:222"
"جمیلہ ہاشمی","عتیق اللہ شیخ",1,"156","158:154"
"جمیلہ ہاشمی","عذرا عباس",1,"217","220:215"
"جمیلہ ہاشمی","عزیز الحق",1,"210","208:213"
"جمیلہ ہاشمی","عسکری",1,"230","231:229"
"جمیلہ ہاشمی","عظیم اللہ خان",2,"209","207:211 208:211"
"جمیلہ ہاشمی","علامہ علاء الدین صدیقی",1,"159","158:160"
"جمیلہ ہاشمی","علی سردار جعفری",1,"220","220:220"
"جمیلہ ہاشمی","غالب احمد",1,"219","220:219"
"جمیلہ ہاشمی","فراق",1,"230","231:229"
"جمیلہ ہاشمی","فرخ نگار عزیز",1,"156","158:154"
"جمیلہ ہاشمی","قدرت اللہ شہاب",3,"156 207","158:155 207:207 208:207"
"جمیلہ ہاشمی","قیوم نظر",1,"210","208:213"
"جمیلہ ہاشمی","مبارک احمد",3,"217 218 220","220:215 220:216 220:220"
"جمیلہ ہاشمی","منظور الہی",3,"207 208 231","207:208 208:208 231:231"
"جمیلہ ہاشمی","منٹو",1,"160","158:163"
"جمیلہ ہاشمی","منیر نیازی",1,"158","158:158"
"جمیلہ ہاشمی","مولانا ابوالکلام آزاد",1,"210","208:213"
"جمیلہ ہاشمی","مولانا بھاشانی",1,"160","158:162"
"جمیلہ ہاشمی","میرا بائی",3,"209 229","207:211 208:211 231:228"
"جمیلہ ہاشمی","نذیر ناجی",1,"160","158:162"
"جمیلہ ہاشمی","نعیم طاہر",1,"158","158:159"
"جمیلہ ہاشمی","نور الحسن جعفری",2,"207 208","207:208 208:208"
"جمیلہ ہاشمی","ٹی ایس ایلیٹ",1,"217","220:215"
"جمیلہ ہاشمی","پروفیسر حمید احمد خاں",1,"159","158:160"
"جمیلہ ہاشمی","پروفیسر وزیر الحسن عابدی",1,"159","158:160"
"جمیلہ ہاشمی","پروفیسر کرار حسین",3,"228 229 230","231:226 231:227 231:229"
"جمیلہ ہاشمی","ڈاکٹر اسرار احمد",2,"208 209","207:210 208:210"
"جمیلہ ہاشمی","ڈاکٹر باقر",3,"157 158","158:156 158:157 158:158"
"جمیلہ ہاشمی","کشور ناہید",5,"207 217 220 231","207:207 208:207 220:215 220:220 231:231"
"جمیلہ ہاشمی","کمال احمد رضوی",1,"156","158:154"
"جمیلہ ہاشمی","ہیما مالنی",1,"217","220:215"
"جمیلہ ہاشمی","یوسف ظفر",1,"156","158:154"
"جمیلہ ہاشمی","یوسف کامران",2,"207 208","207:208 208:208"
"جنرل جیلانی","جنرل ضیاء الحق",1,"201","201:201"
"جنرل جیلانی","حبیب جالب",1,"199","201:198"
"جنرل جیلانی","حنیف رامے",1,"201","201:201"
"جنرل جیلانی","ذوالفقار علی بھٹو",1,"202","201:204"
"جنرل جیلانی","رمضان تپائی",1,"199","201:198"
"جنرل جیلانی","زاہد ڈار",1,"198","201:196"
"جنرل جیلانی","سجاد باقر رضوی",1,"201","201:202"
"جنرل جیلانی","سلیم احمد",1,"201","201:201"
"جنرل جیلانی","شاکر علی",1,"198","201:196"
"جنرل جیلانی","شاہجہان",1,"198","201:196"
"جنرل جیلانی","شکور بیدل",1,"201","201:202"
"جنرل جیلانی","صلاح الدین محمود",1,"200","201:200"
"جنرل جیلانی","ظہور بھائی",1,"202","201:203"
"جنرل جیلانی","عالیہ",1,"200","201:199"
"جنرل جیلانی","غازی منجم",2,"198 199","201:196 201:197"
"جنرل جیلانی","فیض احمد فیض",1,"199","201:197"
"جنرل جیلانی","مجروح سلطان پوری",1,"199","201:197"
"جنرل جیلانی","محمد سلیم الرحمن",1,"201","201:201"
"جنرل جیلانی","نثار عثمانی",1,"199","201:198"
"جنرل جیلانی","ڈاکٹر سید عبداللہ",1,"201","201:201"
"جنرل جیلانی","کشور ناہید",3,"198 199","201:196 201:197 201:198"
"جنرل جیلانی","ہارون الرشید",1,"198","201:196"
"جنرل ضیاء الحق","جوش ملیح آبادی",5,"233 247 270 272 273","235:232 250:245 272:269 272:273 273:273"
"جنرل ضیاء الحق","جیلانی کامران",1,"144","147:142"
"جنرل ضیاء الحق","حبیب جالب",3,"199 274 275","201:198 272:277 273:277"
"جنرل ضیاء الحق","حجاب امتیاز علی",6,"206 210 212 233 234","205:207 213:208 213:212 235:231 235:233 235:234"
"جنرل ضیاء الحق","حضرت نظام الدین اولیا",2,"252 253","250:254 252:254"
"جنرل ضیاء الحق","حضرت چراغ دہلی",2,"252 253","250:254 252:254"
"جنرل ضیاء الحق","حمید اختر",1,"234","235:233"
"جنرل ضیاء الحق","حنیف رامے",4,"201 203 274","201:201 205:201 272:276 273:276"
"جنرل ضیاء الحق","حکیم حبیب اشعر",1,"148","147:149"
"جنرل ضیاء الحق","حکیم ریاض",1,"146","147:146"
"جنرل ضیاء الحق","خان بہادر (دادا جان ہاپوڑ)",1,"221","219:224"
"جنرل ضیاء الحق","خان فضل الرحمن خان",2,"214 217","213:216 218:216"
"جنرل ضیاء الحق","ذوالفقار علی بھٹو",6,"202 204 207 211 218 219","201:204 205:204 205:210 213:210 218:219 219:219"
"جنرل ضیاء الحق","رام لال",5,"214 216 237 238","213:215 218:215 235:239 236:239 238:239"
"جنرل ضیاء الحق","رام چندر جی",2,"251 252","250:253 252:253"
"جنرل ضیاء الحق","رضی عابدی",1,"247","250:245"
"جنرل ضیاء الحق","رمضان تپائی",4,"199 215 218","201:198 213:218 218:218 219:218"
"جنرل ضیاء الحق","روحی بانو",3,"251 252 260","250:252 252:252 260:260"
"جنرل ضیاء الحق","ریاض بٹالوی",1,"147","147:147"
"جنرل ضیاء الحق","ریوتی سرن شرما",6,"248 252 253 257 258 259","250:246 250:255 252:255 260:255 260:257 260:258"
"جنرل ضیاء الحق","زاہد ڈار",7,"198 236 237 271 272","201:196 235:237 236:237 238:237 272:270 272:272 273:272"
"جنرل ضیاء الحق","زبیر رضوی",3,"252 253 257","250:255 252:255 260:255"
"جنرل ضیاء الحق","سائرہ ہاشمی",2,"219","218:220 219:220"
"جنرل ضیاء الحق","سارہ شگفتہ",2,"214 216","213:215 218:215"
"جنرل ضیاء الحق","سجاد باقر رضوی",2,"201 203","201:202 205:202"
"جنرل ضیاء الحق","سریندر پرکاش",2,"250 251","250:251 252:251"
"جنرل ضیاء الحق","سعادت سعید",2,"213 215","213:213 218:213"
"جنرل ضیاء الحق","سعید محمود",3,"212 274","213:211 272:276 273:276"
"جنرل ضیاء الحق","سلیم احمد",2,"201 203","201:201 205:201"
"جنرل ضیاء الحق","شاد امرتسری",2,"214 217","213:216 218:216"
"جنرل ضیاء الحق","شارعزیز",1,"234","235:233"
"جنرل ضیاء الحق","شاکر علی",3,"198 274","201:196 272:276 273:276"
"جنرل ضیاء الحق","شاہجہان",1,"198","201:196"
"جنرل ضیاء الحق","شاہد حمید",3,"215 217 271","213:217 218:217 272:270"
"جنرل ضیاء الحق","شبلی بیگم",4,"236 237 238","235:237 236:237 238:237 238:238"
"جنرل ضیاء الحق","شمس",2,"251 252","250:253 252:253"
"جنرل ضیاء الحق","شمس الرحمن فاروقی",2,"251 252","250:253 252:253"
"جنرل ضیاء الحق","شمع فتح علی",1,"248","250:246"
"جنرل ضیاء الحق","شوکت تھانوی",1,"145","147:144"
"جنرل ضیاء الحق","شکور بیدل",2,"201 203","201:202 205:202"
"جنرل ضیاء الحق","شہرت بخاری",2,"274","272:276 273:276"
"جنرل ضیاء الحق","شیخ صلاح الدین",3,"234 274","235:233 272:276 273:276"
"جنرل ضیاء الحق","شیخ مجیب الرحمن",1,"148","147:149"
"جنرل ضیاء الحق","صلاح الدین محمود",5,"200 206 210 212 233","201:200 205:207 213:208 213:211 235:231"
"جنرل ضیاء الحق","ضیاء اسلام انصاری",2,"218 219","218:219 219:219"
"جنرل ضیاء الحق","ظفر اقبال",1,"234","235:233"
"جنرل ضیاء الحق","ظفر صمدانی",3,"215 218","213:218 218:218 219:218"
"جنرل ضیاء الحق","ظہور بھائی",2,"202 204","201:203 205:203"
"جنرل ضیاء الحق","عالیہ",6,"200 220 250 251 270","201:199 218:222 219:222 250:251 252:251 272:269"
"جنرل ضیاء الحق","عبید صدیقی",3,"252 253 257","250:255 252:255 260:255"
"جنرل ضیاء الحق","عذرا عباس",2,"214 216","213:215 218:215"
"جنرل ضیاء الحق","عزیز الحق",2,"213 215","213:213 218:213"
"جنرل ضیاء الحق","عسکری",1,"249","250:249"
"جنرل ضیاء الحق","عظیم اللہ خان",1,"212","213:211"
"جنرل ضیاء الحق","علی سردار جعفری",3,"219 248","218:220 219:220 250:246"
"جنرل ضیاء الحق","علی شریعتی",1,"247","250:245"
"جنرل ضیاء الحق","عنایت اللہ",2,"146 147","147:146 147:148"
"جنرل ضیاء الحق","غازی منجم",2,"198 199","201:196 201:197"
"جنرل ضیاء الحق","غالب احمد",2,"218 219","218:219 219:219"
"جنرل ضیاء الحق","غلام عباس",2,"250 251","250:250 252:250"
"جنرل ضیاء الحق","فخر زمان",1,"271","272:271"
"جنرل ضیاء الحق","فراق",2,"273 274","272:275 273:275"
"جنرل ضیاء الحق","فیض احمد فیض",1,"199","201:197"
"جنرل ضیاء الحق","قدرت اللہ شہاب",1,"206","205:207"
"جنرل ضیاء الحق","قرۃ العین حیدر",2,"250 251","250:251 252:251"
"جنرل ضیاء الحق","قیوم صاحب (یونیسکو)",3,"148 213 216","147:150 213:214 218:214"
"جنرل ضیاء الحق","قیوم نظر",3,"148 213 215","147:150 213:213 218:213"
"جنرل ضیاء الحق","مبارک احمد",9,"213 216 217 219 237 238","213:214 218:214 218:215 218:216 218:220 219:220 235:239 236:239 238:239"
"جنرل ضیاء الحق","مجروح سلطان پوری",1,"199","201:197"
"جنرل ضیاء الحق","محمد حسین آزاد",1,"262","260:264"
"جنرل ضیاء الحق","محمد سلیم الرحمن",2,"201 203","201:201 205:201"
"جنرل ضیاء الحق","محمد عمر میمن",1,"247","250:245"
"جنرل ضیاء الحق","محمود ہاشمی",3,"252 253 257","250:255 252:255 260:255"
"جنرل ضیاء الحق","مسرت جبیں",1,"147","147:147"
"جنرل ضیاء الحق","مظفر علی سید",2,"274","272:276 273:276"
"جنرل ضیاء الحق","ملک راج آنند",1,"144","147:142"
"جنرل ضیاء الحق","منظور الہی",4,"206 210 233 234","205:208 213:208 235:231 235:233"
"جنرل ضیاء الحق","منٹو",2,"251 252","250:252 252:252"
"جنرل ضیاء الحق","مولانا ابوالکلام آزاد",2,"213 215","213:213 218:213"
"جنرل ضیاء الحق","مولانا حسرت موہانی",1,"149","147:152"
"جنرل ضیاء الحق","مولانا عبد المجید سالک",1,"145","147:144"
"جنرل ضیاء الحق","مولانا غلام رسول",1,"149","147:152"
"جنرل ضیاء الحق","مولانا چراغ حسن حسرت",1,"262","260:264"
"جنرل ضیاء الحق","میر انیس",4,"247 252 253 257","250:245 250:255 252:255 260:255"
"جنرل ضیاء الحق","میر نور احمد",3,"145 146 149","147:144 147:145 147:152"
"جنرل ضیاء الحق","میرا بائی",3,"212 248","213:211 250:246 250:247"
"جنرل ضیاء الحق","ناصر کاظمی",9,"237 238 239 250 251 252 260 274","235:240 236:240 238:240 250:250 252:250 252:252 260:261 272:276 273:276"
"جنرل ضیاء الحق","نثار عثمانی",1,"199","201:198"
"جنرل ضیاء الحق","ندرت الطاف",1,"270","272:268"
"جنرل ضیاء الحق","نواب اسماعیل خان",3,"252 253 257","250:255 252:255 260:255"
"جنرل ضیاء الحق","نور الحسن جعفری",2,"206 210","205:208 213:208"
"جنرل ضیاء الحق","وجے ٹنڈولکر",1,"240","238:242"
"جنرل ضیاء الحق","ولی",1,"275","273:278"
"جنرل ضیاء الحق","وکیل صاحب",3,"236 237 238","235:238 236:238 238:238"
"جنرل ضیاء الحق","ٹی ایس ایلیٹ",2,"214 216","213:215 218:215"
"جنرل ضیاء الحق","پروفیسر حمید احمد خاں",1,"148","147:150"
"جنرل ضیاء الحق","پروفیسر سرور",1,"145","147:143"
"جنرل ضیاء الحق","پروفیسر وزیر الحسن عابدی",1,"148","147:149"
"جنرل ضیاء الحق","پروفیسر کرار حسین",2,"272 273","272:273 273:273"
"جنرل ضیاء الحق","ڈاکٹر ارتضیٰ کریم",2,"238 239","236:241 238:241"
"جنرل ضیاء الحق","ڈاکٹر اسرار احمد",2,"207 211","205:210 213:210"
"جنرل ضیاء الحق","ڈاکٹر ذاکر حسین",1,"145","147:143"
"جنرل ضیاء الحق","ڈاکٹر سید عبداللہ",2,"201 203","201:201 205:201"
"جنرل ضیاء الحق","ڈاکٹر مہدی حسن",2,"272 273","272:273 273:273"
"جنرل ضیاء الحق","کبیر",2,"248","250:246 250:247"
"جنرل ضیاء الحق","کرام اللہ",1,"271","272:270"
"جنرل ضیاء الحق","کشور ناہید",18,"198 199 206 214 216 219 233 234 237 238 250 251 252 260 271","201:196 201:197 201:198 205:207 213:215 218:215 218:220 219:220 235:231 235:233 235:239 236:239 238:239 250:250 252:250 252:252 260:260 272:271"
"جنرل ضیاء الحق","گوتم بدھ",3,"251 252 271","250:253 252:253 272:270"
"جنرل ضیاء الحق","ہارون الرشید",1,"198","201:196"
"جنرل ضیاء الحق","ہیما مالنی",5,"214 216 237 238","213:215 218:215 235:239 236:239 238:239"
"جنرل ضیاء الحق","یوسف کامران",4,"206 210 213 216","205:208 213:208 213:214 218:214"
"جوزف کیمبل","حبیب جالب",3,"188 189 190","191:186 191:188 191:189"
"جوزف کیمبل","حسین نقی",1,"188","191:186"
"جوزف کیمبل","ذوالفقار علی بھٹو",1,"188","191:186"
"جوزف کیمبل","روشن آراء بیگم",2,"189","191:187 191:188"
"جوزف کیمبل","زاہد ڈار",1,"193","191:196"
"جوزف کیمبل","سبط حسن",1,"191","191:191"
"جوزف کیمبل","سجاد باقر رضوی",1,"192","191:193"
"جوزف کیمبل","سراج منیر",2,"190","191:189 191:190"
"جوزف کیمبل","سلیم احمد",1,"189","191:188"
"جوزف کیمبل","شاکر علی",1,"191","191:191"
"جوزف کیمبل","شاہجہان",1,"193","191:196"
"جوزف کیمبل","شہرت بخاری",1,"189","191:188"
"جوزف کیمبل","صادقین",1,"189","191:187"
"جوزف کیمبل","صفدر میر",1,"191","191:191"
"جوزف کیمبل","صلاح الدین محمود",1,"191","191:192"
"جوزف کیمبل","عالیہ",1,"190","191:190"
"جوزف کیمبل","عزیز الحق",1,"190","191:189"
"جوزف کیمبل","علی سردار جعفری",1,"191","191:191"
"جوزف کیمبل","غازی منجم",1,"193","191:196"
"جوزف کیمبل","فیض احمد فیض",2,"189 192","191:187 191:193"
"جوزف کیمبل","مظفر علی سید",1,"191","191:191"
"جوزف کیمبل","میر انیس",1,"191","191:191"
"جوزف کیمبل","ناصر کاظمی",2,"188 189","191:186 191:188"
"جوزف کیمبل","ڈاکٹر ذاکر حسین",1,"192","191:193"
"جوزف کیمبل","کشور ناہید",1,"192","191:194"
"جوزف کیمبل","ہارون الرشید",1,"193","191:195"
"جوزف کیمبل","یوسف ظفر",2,"188 189","191:186 191:188"
"جوش ملیح آبادی","جگر",2,"9 286","12:7 286:286"
"جوش ملیح آبادی","حبیب جالب",8,"57 58 61 164 167 275 277 284","55:60 56:60 62:60 162:167 167:167 273:277 277:277 286:282"
"جوش ملیح آبادی","حجاب امتیاز علی",2,"231 232","232:231 232:233"
"جوش ملیح آبادی","حفیظ ہوشیارپوری",2,"22 23","25:20 25:22"
"جوش ملیح آبادی","حمید اختر",7,"34 53 55 162 164 232","34:34 51:55 55:55 56:55 162:162 167:162 232:233"
"جوش ملیح آبادی","حمید ہاشمی",5,"27 31 45 47 49","25:29 34:29 46:45 46:48 51:48"
"جوش ملیح آبادی","حنیف رامے",8,"58 61 91 92 116 117 274 276","56:61 62:61 93:90 93:92 119:114 119:115 273:276 277:276"
"جوش ملیح آبادی","خضر تمیمی",1,"159","162:157"
"جوش ملیح آبادی","دادا پٹی نذیر احمد",2,"35 278","34:37 277:280"
"جوش ملیح آبادی","ذوالفقار علی بھٹو",5,"161 162 164 165 168","162:161 162:162 167:162 167:163 167:169"
"جوش ملیح آبادی","رضی عابدی",1,"245","245:245"
"جوش ملیح آبادی","رمضان تپائی",1,"43","46:41"
"جوش ملیح آبادی","روشن آراء بیگم",1,"167","167:168"
"جوش ملیح آبادی","ریوتی سرن شرما",3,"33 93 245","34:32 93:94 245:246"
"جوش ملیح آبادی","زاہد ڈار",10,"26 168 234 269 271 272 278 288 291 292","25:28 167:170 232:237 269:270 273:270 273:272 277:280 286:290 293:290 293:291"
"جوش ملیح آبادی","زین العابدین",1,"169","167:172"
"جوش ملیح آبادی","سارتر",1,"160","162:158"
"جوش ملیح آبادی","سبط حسن",10,"27 31 45 53 55 121 123 162 164","25:29 34:29 46:45 51:55 55:55 56:55 119:123 124:123 162:162 167:162"
"جوش ملیح آبادی","سجاد باقر رضوی",2,"121 124","119:124 124:124"
"جوش ملیح آبادی","سجاد ظہیر",5,"53 55 162 164","51:55 55:55 56:55 162:162 167:162"
"جوش ملیح آبادی","سدھیر",1,"244","245:244"
"جوش ملیح آبادی","سر عبد القادر",3,"164 166 285","162:166 167:166 286:284"
"جوش ملیح آبادی","سرلا",1,"33","34:32"
"جوش ملیح آبادی","سعادت سعید",2,"164 167","162:167 167:167"
"جوش ملیح آبادی","سعید بور",1,"35","34:37"
"جوش ملیح آبادی","سعید محمود",8,"117 118 274 276 295 296 297","119:115 119:116 119:118 273:276 277:276 293:297 295:297 298:297"
"جوش ملیح آبادی","سلیم احمد",4,"13 26 35 267","12:14 25:27 34:37 269:266"
"جوش ملیح آبادی","سہیل عظیم آبادی",4,"22 27 32","25:20 25:30 34:30 34:31"
"جوش ملیح آبادی","سی آر اسلم",2,"163 166","162:165 167:165"
"جوش ملیح آبادی","سید امتیاز علی تاج",1,"278","277:279"
"جوش ملیح آبادی","سید سلیمان ندوی",1,"285","286:285"
"جوش ملیح آبادی","سیموئل بیکٹ",2,"287 291","286:289 293:289"
"جوش ملیح آبادی","شارعزیز",1,"232","232:233"
"جوش ملیح آبادی","شاکر علی",9,"51 53 55 119 121 168 274 276","51:52 55:52 55:55 56:55 119:119 124:119 167:170 273:276 277:276"
"جوش ملیح آبادی","شاہد حمید",4,"64 65 269 271","62:67 63:67 269:270 273:270"
"جوش ملیح آبادی","شاہد صاحب",2,"52 54","51:53 55:53"
"جوش ملیح آبادی","شبلی بیگم",1,"234","232:237"
"جوش ملیح آبادی","شعیب حزیں",2,"46 48","46:46 51:46"
"جوش ملیح آبادی","شفیق احمد",1,"35","34:36"
"جوش ملیح آبادی","شمس",1,"160","162:158"
"جوش ملیح آبادی","شمع فتح علی",1,"245","245:246"
"جوش ملیح آبادی","شورش کاشمیری",2,"163 166","162:165 167:165"
"جوش ملیح آبادی","شوکت تھانوی",1,"92","93:91"
"جوش ملیح آبادی","شہرت بخاری",3,"90 274 276","93:88 273:276 277:276"
"جوش ملیح آبادی","شیخ صلاح الدین",13,"58 61 62 63 91 92 94 116 118 232 274 276","56:61 62:61 62:62 63:62 63:63 93:90 93:92 93:96 119:114 119:118 232:233 273:276 277:276"
"جوش ملیح آبادی","شیخ مجیب الرحمن",2,"162 165","162:163 167:163"
"جوش ملیح آبادی","شیر محمد اختر",3,"23 92 95","25:22 93:91 93:97"
"جوش ملیح آبادی","صفدر میر",3,"27 31 65","25:29 34:29 63:68"
"جوش ملیح آبادی","صلاح الدین محمود",2,"93 231","93:94 232:231"
"جوش ملیح آبادی","ضیا جالندھری",2,"34 92","34:35 93:91"
"جوش ملیح آبادی","طفیل صاحب",1,"92","93:92"
"جوش ملیح آبادی","ظفر اقبال",6,"57 58 61 232 279 284","55:60 56:60 62:60 232:233 277:282 286:282"
"جوش ملیح آبادی","عارف عبدالمتین",3,"52 54 267","51:53 55:53 269:266"
"جوش ملیح آبادی","عالیہ",2,"269 271","269:269 273:269"
"جوش ملیح آبادی","عبد القادر حسن",2,"164 166","162:166 167:166"
"جوش ملیح آبادی","عبداللہ ملک",5,"23 33 34 287 291","25:22 34:33 34:34 286:289 293:289"
"جوش ملیح آبادی","عبدالمجید بھٹی",1,"286","286:286"
"جوش ملیح آبادی","عثمان علی خاں",1,"284","286:283"
"جوش ملیح آبادی","عزیز الحق",2,"164 167","162:167 167:167"
"جوش ملیح آبادی","عسکری",30,"9 10 11 14 22 23 24 25 31 32 33 34 48 51 53 54 95 119 122 230 247 294 295 296 297","12:7 12:9 12:10 12:16 25:20 25:21 25:22 25:23 25:24 25:25 34:29 34:30 34:31 34:33 34:34 46:51 51:51 55:51 55:53 93:97 119:120 124:120 124:121 232:229 245:249 293:295 295:295 298:295 298:296 298:297"
"جوش ملیح آبادی","علامہ علاء الدین صدیقی",1,"161","162:160"
"جوش ملیح آبادی","علی سردار جعفری",3,"22 32 245","25:20 34:31 245:246"
"جوش ملیح آبادی","علی شریعتی",1,"245","245:245"
"جوش ملیح آبادی","غالب احمد",2,"58 61","56:61 62:61"
"جوش ملیح آبادی","غلام عباس",6,"22 119 122 163 166 247","25:20 119:120 124:120 162:165 167:165 245:250"
"جوش ملیح آبادی","غلام محمد",3,"64 65 244","62:67 63:67 245:244"
"جوش ملیح آبادی","غلام محمد شیخ",1,"244","245:244"
"جوش ملیح آبادی","فخر الدین",1,"168","167:170"
"جوش ملیح آبادی","فخر زمان",2,"270 272","269:271 273:271"
"جوش ملیح آبادی","فراق",9,"25 35 53 55 230 267 274 276","25:26 34:36 51:55 55:55 56:55 232:229 269:266 273:275 277:275"
"جوش ملیح آبادی","فرخ نگار عزیز",1,"285","286:284"
"جوش ملیح آبادی","فیض احمد فیض",12,"48 50 53 55 58 61 93 119 122 285 286","46:50 51:50 51:55 55:55 56:55 56:61 62:61 93:93 119:120 124:120 286:284 286:286"
"جوش ملیح آبادی","قدرت اللہ شہاب",1,"25","25:25"
"جوش ملیح آبادی","قرۃ العین حیدر",1,"168","167:170"
"جوش ملیح آبادی","قیوم صاحب (یونیسکو)",6,"90 91 117 121 123 124","93:88 93:89 119:115 119:123 124:123 124:124"
"جوش ملیح آبادی","قیوم نظر",3,"23 24 285","25:22 25:23 286:284"
"جوش ملیح آبادی","لئیق تانگہ والا",3,"120 122 123","119:121 124:121 124:122"
"جوش ملیح آبادی","لائو پہلوان",1,"285","286:285"
"جوش ملیح آبادی","لڈو",2,"164 167","162:167 167:167"
"جوش ملیح آبادی","ماہر القادری",1,"12","12:12"
"جوش ملیح آبادی","مبارک احمد",1,"90","93:88"
"جوش ملیح آبادی","مجاہد اردو (گمنام مقرر)",2,"279 283","277:281 286:281"
"جوش ملیح آبادی","محمد حسن لطیفی",1,"286","286:287"
"جوش ملیح آبادی","محمد حسین آزاد",1,"266","269:264"
"جوش ملیح آبادی","محمد عمر میمن",2,"244 245","245:244 245:245"
"جوش ملیح آبادی","محمود ہاشمی",2,"25 34","25:25 34:34"
"جوش ملیح آبادی","مختار صدیقی",2,"23 24","25:22 25:23"
"جوش ملیح آبادی","مرغوب صدیقی",1,"286","286:286"
"جوش ملیح آبادی","مظفر علی سید",12,"58 61 62 91 92 93 117 274 276 277","56:61 62:61 62:62 63:62 93:89 93:90 93:91 93:93 119:115 273:276 277:276 277:278"
"جوش ملیح آبادی","ممتاز شیریں",4,"25 34 52 54","25:25 34:34 51:53 55:53"
"جوش ملیح آبادی","منظور الہی",2,"231 232","232:231 232:233"
"جوش ملیح آبادی","منو بھائی",3,"287 290 291","286:288 293:288 293:289"
"جوش ملیح آبادی","منٹو",10,"10 24 25 34 162 165 294 295 296 297","12:9 25:24 25:25 34:34 162:163 167:163 293:295 295:295 298:295 298:296"
"جوش ملیح آبادی","منیر احمد شیخ",1,"167","167:168"
"جوش ملیح آبادی","منیر نیازی",6,"121 124 160 164 167","119:124 124:124 162:158 162:159 162:167 167:167"
"جوش ملیح آبادی","مولانا ابوالکلام آزاد",2,"279 284","277:282 286:282"
"جوش ملیح آبادی","مولانا بھاشانی",4,"162 164 165","162:162 167:162 167:163 167:164"
"جوش ملیح آبادی","مولانا حسرت موہانی",9,"11 36 43 44 45 46 48 49 50","12:11 34:39 46:41 46:43 46:44 46:46 51:46 51:47 51:49"
"جوش ملیح آبادی","مولانا صلاح الدین احمد",4,"34 119 122 286","34:34 119:120 124:120 286:286"
"جوش ملیح آبادی","مولانا ظفر علی خاں",1,"284","286:283"
"جوش ملیح آبادی","مولانا عبد المجید سالک",1,"286","286:287"
"جوش ملیح آبادی","مولانا مودودی",1,"168","167:169"
"جوش ملیح آبادی","مولانا چراغ حسن حسرت",1,"266","269:264"
"جوش ملیح آبادی","مولانا کوثر نیازی",2,"163 166","162:165 167:165"
"جوش ملیح آبادی","مہندر ناتھ",3,"27 32 33","25:30 34:30 34:32"
"جوش ملیح آبادی","میاں بشیر احمد",2,"95 117","93:97 119:115"
"جوش ملیح آبادی","میاں محمد طفیل",2,"163 166","162:165 167:165"
"جوش ملیح آبادی","میر انیس",2,"45 245","46:45 245:245"
"جوش ملیح آبادی","میر نور احمد",1,"286","286:287"
"جوش ملیح آبادی","میرا بائی",4,"58 61 230 245","56:61 62:61 232:228 245:246"
"جوش ملیح آبادی","ناصر کاظمی",31,"25 43 51 53 58 61 62 63 91 92 94 117 118 119 121 122 123 124 163 165 242 247 274 276 278 286","25:26 46:41 51:52 55:52 56:61 62:61 62:62 63:62 63:64 93:89 93:90 93:92 93:96 119:115 119:116 119:117 119:118 119:119 124:119 124:121 124:122 124:123 124:125 162:164 167:164 245:240 245:250 273:276 277:276 277:280 286:287"
"جوش ملیح آبادی","نانی اماں",2,"293 294","293:293 295:293"
"جوش ملیح آبادی","ندرت الطاف",1,"268","269:268"
"جوش ملیح آبادی","نذیر ناجی",2,"162 164","162:162 167:162"
"جوش ملیح آبادی","نعیم بخاری",3,"295 296 298","293:298 295:298 298:298"
"جوش ملیح آبادی","نعیم طاہر",2,"160 278","162:159 277:279"
"جوش ملیح آبادی","نفیس خلیلی",2,"9 10","12:7 12:8"
"جوش ملیح آبادی","نواب ناطق",3,"57 58 61","55:60 56:60 62:60"
"جوش ملیح آبادی","نواز شریف",2,"287 290","286:288 293:288"
"جوش ملیح آبادی","وجیہہ الدین احمد",1,"34","34:34"
"جوش ملیح آبادی","وجے ٹنڈولکر",2,"243 244","245:242 245:243"
"جوش ملیح آبادی","ولی",4,"33 125 275 277","34:32 124:126 273:278 277:278"
"جوش ملیح آبادی","پروفیسر حمید احمد خاں",4,"161 295 296 297","162:160 293:297 295:297 298:297"
"جوش ملیح آبادی","پروفیسر عبید اللہ",1,"285","286:284"
"جوش ملیح آبادی","پروفیسر وزیر الحسن عابدی",1,"161","162:160"
"جوش ملیح آبادی","پروفیسر کرار حسین",6,"36 229 230 271 273 275","34:39 232:227 232:229 269:273 273:273 277:273"
"جوش ملیح آبادی","ڈاکٹر ارتضیٰ کریم",1,"243","245:241"
"جوش ملیح آبادی","ڈاکٹر باقر",2,"159 160","162:157 162:158"
"جوش ملیح آبادی","ڈاکٹر تاثیر",5,"24 34 46 48","25:23 25:24 34:35 46:46 51:46"
"جوش ملیح آبادی","ڈاکٹر جاوید اقبال",1,"286","286:287"
"جوش ملیح آبادی","ڈاکٹر سلیم واحد سلیم",1,"267","269:266"
"جوش ملیح آبادی","ڈاکٹر سید عبداللہ",5,"279 283 295 296 297","277:281 286:281 293:297 295:297 298:297"
"جوش ملیح آبادی","ڈاکٹر عاشق حسین بٹالوی",2,"285","286:284 286:285"
"جوش ملیح آبادی","ڈاکٹر عبادت بریلوی",1,"91","93:89"
"جوش ملیح آبادی","ڈاکٹر عبد اللہ چغتائی",1,"285","286:284"
"جوش ملیح آبادی","ڈاکٹر عبدالسلام خورشید",2,"285 286","286:285 286:286"
"جوش ملیح آبادی","ڈاکٹر مہدی حسن",3,"271 273 275","269:273 273:273 277:273"
"جوش ملیح آبادی","ڈاکٹر وحید قریشی",4,"286 294 295 296","286:286 293:295 295:295 298:295"
"جوش ملیح آبادی","کبیر",1,"245","245:246"
"جوش ملیح آبادی","کرام اللہ",2,"269 271","269:270 273:270"
"جوش ملیح آبادی","کرشن چندر",4,"25 32 33 34","25:26 34:30 34:32 34:35"
"جوش ملیح آبادی","کرنل صدیق سالک",1,"286","286:287"
"جوش ملیح آبادی","کشور ناہید",11,"231 232 242 247 270 272 278 285 287 291","232:231 232:233 245:240 245:250 269:271 273:271 277:280 286:284 286:289 293:289 293:290"
"جوش ملیح آبادی","گوتم بدھ",2,"269 271","269:270 273:270"
"جوش ملیح آبادی","گیتانجلی",1,"244","245:244"
"جوش ملیح آبادی","گیتی سین",3,"295 296 298","293:298 295:298 298:298"
"جوش ملیح آبادی","ہاجرہ مسرور",3,"53 55","51:55 55:55 56:55"
"جوش ملیح آبادی","ہنس راج رہبر",2,"288 292","286:291 293:291"
"جوش ملیح آبادی","یوسف ظفر",2,"23 24","25:22 25:23"
"جوش ملیح آبادی","یگانہ",1,"286","286:286"
"جگر","حبیب جالب",1,"284","286:282"
"جگر","حسن طارق",1,"99","99:100"
"جگر","حمید اختر",1,"100","99:102"
"جگر","حنیف رامے",1,"99","99:100"
"جگر","دادا پٹی نذیر احمد",1,"5","7:4"
"جگر","ریوتی سرن شرما",1,"96","99:94"
"جگر","زاہد ڈار",1,"288","286:290"
"جگر","سارتر",1,"100","99:101"
"جگر","سر عبد القادر",1,"285","286:284"
"جگر","سعید محمود",1,"101","99:104"
"جگر","سید امتیاز علی تاج",1,"100","99:102"
"جگر","سید سلیمان ندوی",1,"285","286:285"
"جگر","سیموئل بیکٹ",1,"287","286:289"
"جگر","شاہد صاحب",2,"5","7:3 7:4"
"جگر","شیخ صلاح الدین",2,"97 99","99:96 99:100"
"جگر","شیر محمد اختر",1,"98","99:97"
"جگر","صلاح الدین محمود",1,"96","99:94"
"جگر","طفیل صاحب",1,"99","99:100"
"جگر","ظفر اقبال",1,"284","286:282"
"جگر","ظفر صمدانی",1,"101","99:104"
"جگر","عبداللہ ملک",1,"287","286:289"
"جگر","عبدالمجید بھٹی",2,"6 286","7:6 286:286"
"جگر","عثمان علی خاں",1,"284","286:283"
"جگر","عسکری",4,"6 7 98 100","7:5 7:7 99:97 99:101"
"جگر","فراق",1,"99","99:99"
"جگر","فرخ نگار عزیز",1,"285","286:284"
"جگر","فیض احمد فیض",3,"99 285 286","99:99 286:284 286:286"
"جگر","قیوم صاحب (یونیسکو)",1,"100","99:101"
"جگر","قیوم نظر",2,"99 285","99:99 286:284"
"جگر","لائو پہلوان",1,"285","286:285"
"جگر","ماہر القادری",1,"9","7:12"
"جگر","مجاہد اردو (گمنام مقرر)",1,"283","286:281"
"جگر","محمد حسن لطیفی",1,"286","286:287"
"جگر","مرغوب صدیقی",1,"286","286:286"
"جگر","مظفر علی سید",2,"98 99","99:97 99:99"
"جگر","منو بھائی",1,"287","286:288"
"جگر","منٹو",1,"8","7:9"
"جگر","مولانا ابوالکلام آزاد",1,"284","286:282"
"جگر","مولانا حسرت موہانی",1,"9","7:11"
"جگر","مولانا صلاح الدین احمد",2,"101 286","99:103 286:286"
"جگر","مولانا ظفر علی خاں",1,"284","286:283"
"جگر","مولانا عبد المجید سالک",1,"286","286:287"
"جگر","مولانا غلام رسول",1,"100","99:102"
"جگر","میاں بشیر احمد",2,"98 100","99:97 99:102"
"جگر","میر نور احمد",1,"286","286:287"
"جگر","ناصر کاظمی",5,"97 98 99 286","99:96 99:97 99:98 99:99 286:287"
"جگر","نفیس خلیلی",1,"7","7:7"
"جگر","نواز شریف",1,"287","286:288"
"جگر","ولی",1,"5","7:3"
"جگر","پروفیسر عبید اللہ",1,"285","286:284"
"جگر","ڈاکٹر جاوید اقبال",1,"286","286:287"
"جگر","ڈاکٹر سید عبداللہ",1,"283","286:281"
"جگر","ڈاکٹر عاشق حسین بٹالوی",2,"285","286:284 286:285"
"جگر","ڈاکٹر عبد اللہ چغتائی",1,"285","286:284"
"جگر","ڈاکٹر عبدالسلام خورشید",2,"285 286","286:285 286:286"
"جگر","ڈاکٹر وحید قریشی",1,"286","286:286"
"جگر","کرنل صدیق سالک",1,"286","286:287"
"جگر","کشور ناہید",2,"285 287","286:284 286:289"
"جگر","ہنس راج رہبر",1,"288","286:291"
"جگر","یوسف ظفر",1,"99","99:99"
"جگر","یگانہ",2,"99 286","99:99 286:286"
"جیلانی کامران","حبیب جالب",2,"141 176","142:140 179:174"
"جیلانی کامران","حکیم ریاض",1,"144","142:146"
"جیلانی کامران","خدیجہ مستور",1,"181","179:184"
"جیلانی کامران","ذوالفقار علی بھٹو",1,"180","179:181"
"جیلانی کامران","راجہ رسالو",1,"178","179:178"
"جیلانی کامران","ریاض بٹالوی",2,"144 178","142:147 179:177"
"جیلانی کامران","سارتر",1,"176","179:174"
"جیلانی کامران","سعید محمود",1,"141","142:140"
"جیلانی کامران","سید امتیاز علی تاج",1,"176","179:174"
"جیلانی کامران","شفقت تنویر مرزا",1,"178","179:178"
"جیلانی کامران","شومی قیصر",1,"181","179:183"
"جیلانی کامران","شوکت تھانوی",1,"143","142:144"
"جیلانی کامران","شوکت عثمان",1,"180","179:182"
"جیلانی کامران","شہید اللہ قیصر",1,"181","179:183"
"جیلانی کامران","شیخ صلاح الدین",2,"177","179:175 179:176"
"جیلانی کامران","صفدر میر",2,"178 179","179:178 179:179"
"جیلانی کامران","عنایت اللہ",2,"144 177","142:146 179:176"
"جیلانی کامران","غلام محمد",1,"180","179:182"
"جیلانی کامران","فرہاد زیدی",1,"178","179:177"
"جیلانی کامران","فرہاد مظہر",1,"180","179:182"
"جیلانی کامران","فریدہ اختر",1,"180","179:182"
"جیلانی کامران","فریدہ حفیظ",1,"178","179:177"
"جیلانی کامران","فیض احمد فیض",1,"141","142:141"
"جیلانی کامران","لئیق تانگہ والا",3,"139 140","142:137 142:138 142:139"
"جیلانی کامران","محمد باقر",1,"178","179:177"
"جیلانی کامران","محمد حسین آزاد",1,"178","179:177"
"جیلانی کامران","مسرت جبیں",2,"144 178","142:147 179:177"
"جیلانی کامران","ملک راج آنند",2,"141 142","142:141 142:142"
"جیلانی کامران","منٹو",1,"139","142:137"
"جیلانی کامران","مولانا صلاح الدین احمد",1,"178","179:177"
"جیلانی کامران","مولانا عبد المجید سالک",1,"143","142:144"
"جیلانی کامران","مولانا چراغ حسن حسرت",1,"139","142:137"
"جیلانی کامران","میر نور احمد",1,"143","142:144"
"جیلانی کامران","ناصر کاظمی",6,"139 140 176 177 180","142:137 142:139 179:174 179:175 179:176 179:181"
"جیلانی کامران","نصیر انور",1,"178","179:178"
"جیلانی کامران","پروفیسر سرور",1,"142","142:143"
"جیلانی کامران","پنا قیصر",1,"181","179:183"
"جیلانی کامران","ڈاکٹر ذاکر حسین",1,"142","142:143"
"جیلانی کامران","کرشن چندر",1,"176","179:174"
"جیلانی کامران","کیرولین کائزر",1,"141","142:140"
"حبیب جالب","حسن طارق",1,"111","112:111"
"حبیب جالب","حسین نقی",2,"186 187","186:186 188:186"
"حبیب جالب","حفیظ ہوشیارپوری",1,"72","73:72"
"حبیب جالب","حمید اختر",2,"57 164","60:55 167:162"
"حبیب جالب","حمید نظامی",1,"73","73:74"
"حبیب جالب","حنیف رامے",5,"60 73 113 199 276","60:61 73:74 112:114 198:201 277:276"
"حبیب جالب","خدیجہ مستور",1,"185","186:184"
"حبیب جالب","خواجہ صاحب",1,"71","73:69"
"حبیب جالب","دادا پٹی نذیر احمد",2,"278 281","277:280 282:280"
"حبیب جالب","ذوالفقار علی بھٹو",10,"75 164 165 168 169 171 183 186 187","73:78 167:162 167:163 167:169 168:169 169:169 174:169 186:181 186:186 188:186"
"حبیب جالب","راجہ رسالو",1,"176","174:178"
"حبیب جالب","رمضان تپائی",1,"198","198:198"
"حبیب جالب","روشن آراء بیگم",7,"167 168 186 187 188","167:168 168:168 169:168 186:187 188:187 188:188 189:188"
"حبیب جالب","ریاض بٹالوی",1,"175","174:177"
"حبیب جالب","زاہد ڈار",9,"168 169 172 173 197 274 278 281","167:170 168:170 169:170 174:170 174:172 198:196 277:272 277:280 282:280"
"حبیب جالب","زین العابدین",4,"169 170 173","167:172 168:172 169:172 174:172"
"حبیب جالب","سارتر",4,"170 171 173 174","168:173 169:173 174:173 174:174"
"حبیب جالب","سبط حسن",5,"57 164 188 189 190","60:55 167:162 186:191 188:191 189:191"
"حبیب جالب","سجاد باقر رضوی",5,"190 191 195 196 200","188:193 189:193 198:193 198:194 198:202"
"حبیب جالب","سجاد ظہیر",2,"57 164","60:55 167:162"
"حبیب جالب","سر عبد القادر",2,"166 283","167:166 282:284"
"حبیب جالب","سراج صاحب",2,"75 138","73:78 140:136"
"حبیب جالب","سراج منیر",3,"187 188 189","186:189 188:189 189:189"
"حبیب جالب","سعادت سعید",2,"167","167:167 168:167"
"حبیب جالب","سعید محمود",3,"113 140 276","112:115 140:140 277:276"
"حبیب جالب","سلیم احمد",7,"110 111 112 187 188 199","112:109 112:110 112:113 186:188 188:188 189:188 198:201"
"حبیب جالب","سی آر اسلم",1,"166","167:165"
"حبیب جالب","سید امتیاز علی تاج",4,"171 174 278 280","169:174 174:174 277:279 282:279"
"حبیب جالب","سید سلیمان ندوی",1,"283","282:285"
"حبیب جالب","شاکر علی",14,"57 73 168 169 172 173 188 189 190 196 197 276","60:55 73:74 167:170 168:170 169:170 174:170 174:172 186:191 188:191 189:191 198:194 198:195 198:196 277:276"
"حبیب جالب","شاہجہان",1,"197","198:196"
"حبیب جالب","شاہد حمید",1,"75","73:77"
"حبیب جالب","شاہد صاحب",1,"111","112:110"
"حبیب جالب","شفقت تنویر مرزا",1,"176","174:178"
"حبیب جالب","شورش کاشمیری",1,"166","167:165"
"حبیب جالب","شومی قیصر",1,"184","186:183"
"حبیب جالب","شوکت تھانوی",1,"142","140:144"
"حبیب جالب","شوکت عثمان",2,"184 185","186:182 186:184"
"حبیب جالب","شکور بیدل",1,"200","198:202"
"حبیب جالب","شہرت بخاری",6,"74 110 187 188 276","73:76 112:108 186:188 188:188 189:188 277:276"
"حبیب جالب","شہید اللہ قیصر",1,"184","186:183"
"حبیب جالب","شیخ صلاح الدین",6,"60 70 74 112 174 276","60:61 73:68 73:75 112:113 174:175 277:276"
"حبیب جالب","شیخ مجیب الرحمن",1,"165","167:163"
"حبیب جالب","شیر محمد اختر",1,"74","73:76"
"حبیب جالب","صادقین",2,"186 187","186:187 188:187"
"حبیب جالب","صفدر میر",8,"70 109 110 176 188 189 190","73:68 112:107 112:108 112:109 174:178 186:191 188:191 189:191"
"حبیب جالب","صلاح الدین محمود",3,"190 199","188:192 189:192 198:200"
"حبیب جالب","ضیا جالندھری",1,"74","73:76"
"حبیب جالب","ظفر اقبال",3,"60 279 282","60:60 277:282 282:282"
"حبیب جالب","ظہور بھائی",1,"200","198:203"
"حبیب جالب","عالیہ",4,"188 189 198","186:190 188:190 189:190 198:199"
"حبیب جالب","عبد القادر حسن",1,"166","167:166"
"حبیب جالب","عبدالعلیم",1,"72","73:72"
"حبیب جالب","عبداللہ بٹ",1,"73","73:74"
"حبیب جالب","عبدالمجید بھٹی",1,"284","282:286"
"حبیب جالب","عثمان علی خاں",1,"282","282:283"
"حبیب جالب","عزیز الحق",5,"167 187 188 189","167:167 168:167 186:189 188:189 189:189"
"حبیب جالب","عسکری",2,"111 112","112:110 112:112"
"حبیب جالب","علی سردار جعفری",3,"188 189 190","186:191 188:191 189:191"
"حبیب جالب","علیم صاحب",1,"75","73:77"
"حبیب جالب","عنایت اللہ",1,"175","174:176"
"حبیب جالب","غازی منجم",2,"197","198:196 198:197"
"حبیب جالب","غالب احمد",2,"60 75","60:61 73:77"
"حبیب جالب","غلام عباس",1,"166","167:165"
"حبیب جالب","غلام محمد",3,"184 185","186:182 186:184 186:185"
"حبیب جالب","فخر الدین",5,"168 169 172 173","167:170 168:170 169:170 174:170 174:172"
"حبیب جالب","فراق",2,"57 276","60:55 277:275"
"حبیب جالب","فرخ نگار عزیز",1,"283","282:284"
"حبیب جالب","فرہاد زیدی",1,"175","174:177"
"حبیب جالب","فرہاد مظہر",1,"184","186:182"
"حبیب جالب","فریدہ اختر",2,"184","186:182 186:183"
"حبیب جالب","فریدہ حفیظ",1,"175","174:177"
"حبیب جالب","فیض احمد فیض",11,"57 60 73 140 186 187 190 191 195 197 283","60:55 60:61 73:73 140:141 186:187 188:187 188:193 189:193 198:193 198:197 282:284"
"حبیب جالب","قرۃ العین حیدر",5,"109 168 169 172","112:107 167:170 168:170 169:170 174:170"
"حبیب جالب","قیوم صاحب (یونیسکو)",2,"74 113","73:76 112:115"
"حبیب جالب","قیوم نظر",2,"74 283","73:76 282:284"
"حبیب جالب","لئیق تانگہ والا",3,"138 139","140:137 140:138 140:139"
"حبیب جالب","لائو پہلوان",1,"283","282:285"
"حبیب جالب","لڈو",2,"167","167:167 168:167"
"حبیب جالب","مبارک احمد",2,"74 109","73:75 112:107"
"حبیب جالب","مجاہد اردو (گمنام مقرر)",2,"279 281","277:281 282:281"
"حبیب جالب","مجروح سلطان پوری",1,"197","198:197"
"حبیب جالب","محبوب خزاں",1,"72","73:72"
"حبیب جالب","محمد باقر",1,"175","174:177"
"حبیب جالب","محمد حسن لطیفی",1,"284","282:287"
"حبیب جالب","محمد حسین آزاد",1,"175","174:177"
"حبیب جالب","محمد سلیم الرحمن",1,"199","198:201"
"حبیب جالب","مختار صدیقی",1,"74","73:76"
"حبیب جالب","مرغوب صدیقی",1,"284","282:286"
"حبیب جالب","مسرت جبیں",1,"175","174:177"
"حبیب جالب","مسز سراج",1,"138","140:136"
"حبیب جالب","مظفر علی سید",9,"60 75 113 188 189 190 276 277 280","60:61 73:77 112:115 186:191 188:191 189:191 277:276 277:278 282:278"
"حبیب جالب","ملک راج آنند",1,"140","140:141"
"حبیب جالب","منٹو",3,"112 138 165","112:113 140:137 167:163"
"حبیب جالب","منیر احمد شیخ",3,"167 168","167:168 168:168 169:168"
"حبیب جالب","منیر نیازی",2,"167","167:167 168:167"
"حبیب جالب","مولانا ابوالکلام آزاد",2,"279 282","277:282 282:282"
"حبیب جالب","مولانا بھاشانی",3,"164 165","167:162 167:163 167:164"
"حبیب جالب","مولانا صلاح الدین احمد",4,"111 138 175 284","112:110 140:136 174:177 282:286"
"حبیب جالب","مولانا ظفر علی خاں",1,"282","282:283"
"حبیب جالب","مولانا عبد المجید سالک",2,"142 284","140:144 282:287"
"حبیب جالب","مولانا مودودی",4,"168 169 171","167:169 168:169 169:169 174:169"
"حبیب جالب","مولانا چراغ حسن حسرت",1,"138","140:137"
"حبیب جالب","مولانا کوثر نیازی",1,"166","167:165"
"حبیب جالب","میاں بشیر احمد",2,"72 113","73:72 112:115"
"حبیب جالب","میاں محمد طفیل",1,"166","167:165"
"حبیب جالب","میر انیس",4,"188 189 190 195","186:191 188:191 189:191 198:193"
"حبیب جالب","میر خلیل الرحمن",1,"73","73:74"
"حبیب جالب","میر نور احمد",2,"142 284","140:144 282:287"
"حبیب جالب","میرا بائی",1,"60","60:61"
"حبیب جالب","ناصر کاظمی",27,"60 70 71 72 73 109 110 111 112 138 139 165 171 174 183 184 185 186 187 188 276 278 281 284","60:61 73:68 73:69 73:70 73:72 73:73 112:107 112:108 112:110 112:111 112:113 140:137 140:139 167:164 169:174 174:174 186:181 186:182 186:185 186:186 188:186 188:188 189:188 277:276 277:280 282:280 282:287"
"حبیب جالب","نثار عثمانی",1,"198","198:198"
"حبیب جالب","نذیر ناجی",1,"164","167:162"
"حبیب جالب","نصیر انور",1,"176","174:178"
"حبیب جالب","نعیم طاہر",2,"278 280","277:279 282:279"
"حبیب جالب","نواب ناطق",3,"60 72 73","60:60 73:71 73:73"
"حبیب جالب","ولی",3,"73 277 280","73:74 277:278 282:278"
"حبیب جالب","پروفیسر سرور",1,"141","140:143"
"حبیب جالب","پروفیسر عبید اللہ",1,"283","282:284"
"حبیب جالب","پروفیسر کرار حسین",1,"275","277:273"
"حبیب جالب","پنا قیصر",1,"184","186:183"
"حبیب جالب","ڈاکٹر جاوید اقبال",1,"284","282:287"
"حبیب جالب","ڈاکٹر ذاکر حسین",4,"141 190 191 195","140:143 188:193 189:193 198:193"
"حبیب جالب","ڈاکٹر سید عبداللہ",3,"199 279 281","198:201 277:281 282:281"
"حبیب جالب","ڈاکٹر عاشق حسین بٹالوی",2,"138 283","140:136 282:284"
"حبیب جالب","ڈاکٹر عبد اللہ چغتائی",1,"283","282:284"
"حبیب جالب","ڈاکٹر عبدالسلام خورشید",1,"283","282:285"
"حبیب جالب","ڈاکٹر مہدی حسن",1,"275","277:273"
"حبیب جالب","ڈاکٹر وحید قریشی",1,"284","282:286"
"حبیب جالب","کرشن چندر",2,"171 174","169:174 174:174"
"حبیب جالب","کرنل صدیق سالک",1,"284","282:287"
"حبیب جالب","کشور ناہید",9,"191 196 197 198 278 281 283","189:194 198:194 198:195 198:196 198:197 198:198 277:280 282:280 282:284"
"حبیب جالب","کیرولین کائزر",1,"140","140:140"
"حبیب جالب","ہاجرہ مسرور",1,"57","60:55"
"حبیب جالب","ہارون الرشید",2,"196 197","198:195 198:196"
"حبیب جالب","یوسف ظفر",5,"74 186 187 188","73:76 186:186 188:186 188:188 189:188"
"حبیب جالب","یگانہ",1,"284","282:286"
"حجاب امتیاز علی","حمید اختر",3,"232 233","231:233 233:233 234:233"
"حجاب امتیاز علی","خان فضل الرحمن خان",1,"214","212:216"
"حجاب امتیاز علی","ذوالفقار علی بھٹو",4,"205 208 209 211","207:204 207:210 208:210 212:210"
"حجاب امتیاز علی","رام لال",2,"213 236","212:215 234:239"
"حجاب امتیاز علی","زاہد ڈار",2,"235","233:237 234:237"
"حجاب امتیاز علی","سارہ شگفتہ",1,"213","212:215"
"حجاب امتیاز علی","سجاد باقر رضوی",1,"204","207:202"
"حجاب امتیاز علی","سعادت سعید",2,"210 212","208:213 212:213"
"حجاب امتیاز علی","سعید محمود",3,"209 211","207:211 208:211 212:211"
"حجاب امتیاز علی","شاد امرتسری",1,"214","212:216"
"حجاب امتیاز علی","شارعزیز",3,"232 233","231:233 233:233 234:233"
"حجاب امتیاز علی","شاہد حمید",1,"214","212:217"
"حجاب امتیاز علی","شبلی بیگم",2,"235","233:237 234:237"
"حجاب امتیاز علی","شکور بیدل",1,"204","207:202"
"حجاب امتیاز علی","شیخ صلاح الدین",3,"232 233","231:233 233:233 234:233"
"حجاب امتیاز علی","صلاح الدین محمود",7,"207 208 210 211 231 232","207:207 208:207 208:208 212:208 212:211 231:231 233:231"
"حجاب امتیاز علی","ظفر اقبال",3,"232 233","231:233 233:233 234:233"
"حجاب امتیاز علی","ظہور بھائی",1,"205","207:203"
"حجاب امتیاز علی","عذرا عباس",1,"213","212:215"
"حجاب امتیاز علی","عزیز الحق",2,"210 212","208:213 212:213"
"حجاب امتیاز علی","عسکری",1,"230","231:229"
"حجاب امتیاز علی","عظیم اللہ خان",3,"209 211","207:211 208:211 212:211"
"حجاب امتیاز علی","فراق",1,"230","231:229"
"حجاب امتیاز علی","قدرت اللہ شہاب",2,"207","207:207 208:207"
"حجاب امتیاز علی","قیوم صاحب (یونیسکو)",1,"213","212:214"
"حجاب امتیاز علی","قیوم نظر",2,"210 212","208:213 212:213"
"حجاب امتیاز علی","مبارک احمد",2,"213 236","212:214 234:239"
"حجاب امتیاز علی","منظور الہی",7,"207 208 210 231 232 233","207:208 208:208 212:208 231:231 233:231 233:233 234:233"
"حجاب امتیاز علی","مولانا ابوالکلام آزاد",2,"210 212","208:213 212:213"
"حجاب امتیاز علی","میرا بائی",4,"209 211 229","207:211 208:211 212:211 231:228"
"حجاب امتیاز علی","نور الحسن جعفری",3,"207 208 210","207:208 208:208 212:208"
"حجاب امتیاز علی","وکیل صاحب",2,"235 236","233:238 234:238"
"حجاب امتیاز علی","ٹی ایس ایلیٹ",1,"213","212:215"
"حجاب امتیاز علی","پروفیسر کرار حسین",3,"228 229 230","231:226 231:227 231:229"
"حجاب امتیاز علی","ڈاکٹر اسرار احمد",3,"208 209 211","207:210 208:210 212:210"
"حجاب امتیاز علی","کشور ناہید",8,"207 213 231 232 233 236","207:207 208:207 212:215 231:231 233:231 233:233 234:233 234:239"
"حجاب امتیاز علی","ہیما مالنی",2,"213 236","212:215 234:239"
"حجاب امتیاز علی","یوسف کامران",4,"207 208 210 213","207:208 208:208 212:208 212:214"
"حسن طارق","حمید اختر",1,"101","100:102"
"حسن طارق","حنیف رامے",2,"100 112","100:100 111:114"
"حسن طارق","رمضان تپائی",1,"108","111:106"
"حسن طارق","سارتر",1,"100","100:101"
"حسن طارق","سعید محمود",2,"102 113","100:104 111:115"
"حسن طارق","سلیم احمد",3,"110 112","111:109 111:110 111:113"
"حسن طارق","سید امتیاز علی تاج",1,"101","100:102"
"حسن طارق","شاہد صاحب",1,"110","111:110"
"حسن طارق","شہرت بخاری",1,"109","111:108"
"حسن طارق","شیخ صلاح الدین",3,"98 100 112","100:96 100:100 111:113"
"حسن طارق","شیر محمد اختر",1,"98","100:97"
"حسن طارق","صفدر میر",3,"109 110","111:107 111:108 111:109"
"حسن طارق","طفیل صاحب",1,"100","100:100"
"حسن طارق","ظفر صمدانی",1,"102","100:104"
"حسن طارق","عسکری",4,"98 100 110 111","100:97 100:101 111:110 111:112"
"حسن طارق","فراق",1,"99","100:99"
"حسن طارق","فیض احمد فیض",2,"99 101","100:99 100:102"
"حسن طارق","قرۃ العین حیدر",1,"109","111:107"
"حسن طارق","قیوم صاحب (یونیسکو)",2,"100 113","100:101 111:115"
"حسن طارق","قیوم نظر",1,"99","100:99"
"حسن طارق","مبارک احمد",1,"109","111:107"
"حسن طارق","مظفر علی سید",3,"98 99 113","100:97 100:99 111:115"
"حسن طارق","منٹو",1,"112","111:113"
"حسن طارق","مولانا صلاح الدین احمد",2,"101 110","100:103 111:110"
"حسن طارق","مولانا غلام رسول",1,"101","100:102"
"حسن طارق","میاں بشیر احمد",3,"98 101 113","100:97 100:102 111:115"
"حسن طارق","ناصر کاظمی",9,"98 99 100 109 110 111","100:96 100:97 100:98 100:99 100:100 111:107 111:108 111:110 111:111"
"حسن طارق","یوسف ظفر",1,"99","100:99"
"حسن طارق","یگانہ",1,"99","100:99"
"حسین نقی","خدیجہ مستور",1,"185","186:184"
"حسین نقی","ذوالفقار علی بھٹو",2,"183 186","186:181 186:186"
"حسین نقی","روشن آراء بیگم",1,"186","186:187"
"حسین نقی","سبط حسن",1,"188","186:191"
"حسین نقی","سراج منیر",1,"187","186:189"
"حسین نقی","سلیم احمد",1,"187","186:188"
"حسین نقی","شاکر علی",1,"188","186:191"
"حسین نقی","شومی قیصر",1,"184","186:183"
"حسین نقی","شوکت عثمان",2,"184 185","186:182 186:184"
"حسین نقی","شہرت بخاری",1,"187","186:188"
"حسین نقی","شہید اللہ قیصر",1,"184","186:183"
"حسین نقی","صادقین",1,"186","186:187"
"حسین نقی","صفدر میر",1,"188","186:191"
"حسین نقی","عالیہ",1,"188","186:190"
"حسین نقی","عزیز الحق",1,"187","186:189"
"حسین نقی","علی سردار جعفری",1,"188","186:191"
"حسین نقی","غلام محمد",3,"184 185","186:182 186:184 186:185"
"حسین نقی","فرہاد مظہر",1,"184","186:182"
"حسین نقی","فریدہ اختر",2,"184","186:182 186:183"
"حسین نقی","فیض احمد فیض",1,"186","186:187"
"حسین نقی","مظفر علی سید",1,"188","186:191"
"حسین نقی","میر انیس",1,"188","186:191"
"حسین نقی","ناصر کاظمی",4,"183 184 185 186","186:181 186:182 186:185 186:186"
"حسین نقی","پنا قیصر",1,"184","186:183"
"حسین نقی","یوسف ظفر",1,"186","186:186"
"حضرت نظام الدین اولیا","حضرت چراغ دہلی",1,"254","254:254"
"حضرت نظام الدین اولیا","رام چندر جی",1,"253","254:253"
"حضرت نظام الدین اولیا","روحی بانو",1,"253","254:252"
"حضرت نظام الدین اولیا","ریوتی سرن شرما",1,"254","254:255"
"حضرت نظام الدین اولیا","زبیر رضوی",1,"254","254:255"
"حضرت نظام الدین اولیا","سریندر پرکاش",1,"252","254:251"
"حضرت نظام الدین اولیا","شمس",2,"253 254","254:253 254:254"
"حضرت نظام الدین اولیا","شمس الرحمن فاروقی",2,"253 254","254:253 254:254"
"حضرت نظام الدین اولیا","عالیہ",1,"252","254:251"
"حضرت نظام الدین اولیا","عبید صدیقی",1,"254","254:255"
"حضرت نظام الدین اولیا","عسکری",1,"251","254:249"
"حضرت نظام الدین اولیا","غلام عباس",1,"252","254:250"
"حضرت نظام الدین اولیا","قرۃ العین حیدر",1,"252","254:251"
"حضرت نظام الدین اولیا","محمود ہاشمی",1,"254","254:255"
"حضرت نظام الدین اولیا","منٹو",1,"253","254:252"
"حضرت نظام الدین اولیا","میر انیس",1,"254","254:255"
"حضرت نظام الدین اولیا","ناصر کاظمی",2,"252 253","254:250 254:252"
"حضرت نظام الدین اولیا","نواب اسماعیل خان",1,"254","254:255"
"حضرت نظام الدین اولیا","کشور ناہید",2,"252 253","254:250 254:252"
"حضرت نظام الدین اولیا","گوتم بدھ",1,"253","254:253"
"حضرت چراغ دہلی","رام چندر جی",1,"253","254:253"
"حضرت چراغ دہلی","روحی بانو",1,"253","254:252"
"حضرت چراغ دہلی","ریوتی سرن شرما",1,"254","254:255"
"حضرت چراغ دہلی","زبیر رضوی",1,"254","254:255"
"حضرت چراغ دہلی","سریندر پرکاش",1,"252","254:251"
"حضرت چراغ دہلی","شمس",2,"253 254","254:253 254:254"
"حضرت چراغ دہلی","شمس الرحمن فاروقی",2,"253 254","254:253 254:254"
"حضرت چراغ دہلی","عالیہ",1,"252","254:251"
"حضرت چراغ دہلی","عبید صدیقی",1,"254","254:255"
"حضرت چراغ دہلی","عسکری",1,"251","254:249"
"حضرت چراغ دہلی","غلام عباس",1,"252","254:250"
"حضرت چراغ دہلی","قرۃ العین حیدر",1,"252","254:251"
"حضرت چراغ دہلی","محمود ہاشمی",1,"254","254:255"
"حضرت چراغ دہلی","منٹو",1,"253","254:252"
"حضرت چراغ دہلی","میر انیس",1,"254","254:255"
"حضرت چراغ دہلی","ناصر کاظمی",2,"252 253","254:250 254:252"
"حضرت چراغ دہلی","نواب اسماعیل خان",1,"254","254:255"
"حضرت چراغ دہلی","کشور ناہید",2,"252 253","254:250 254:252"
"حضرت چراغ دہلی","گوتم بدھ",1,"253","254:253"
"حفیظ ہوشیارپوری","حمید نظامی",1,"73","72:74"
"حفیظ ہوشیارپوری","حنیف رامے",1,"73","72:74"
"حفیظ ہوشیارپوری","خواجہ صاحب",1,"70","72:69"
"حفیظ ہوشیارپوری","سلیم احمد",3,"17 18 24","20:15 20:16 22:27"
"حفیظ ہوشیارپوری","سہیل عظیم آبادی",2,"20 21","20:20 22:20"
"حفیظ ہوشیارپوری","شاکر علی",1,"73","72:74"
"حفیظ ہوشیارپوری","شاہد حمید",2,"69 74","72:67 72:77"
"حفیظ ہوشیارپوری","شہرت بخاری",1,"74","72:76"
"حفیظ ہوشیارپوری","شیخ صلاح الدین",3,"69 70 73","72:67 72:68 72:75"
"حفیظ ہوشیارپوری","شیر محمد اختر",3,"21 22 74","20:22 22:22 72:76"
"حفیظ ہوشیارپوری","صفدر میر",1,"70","72:68"
"حفیظ ہوشیارپوری","ضیا جالندھری",1,"74","72:76"
"حفیظ ہوشیارپوری","عبدالعلیم",1,"72","72:72"
"حفیظ ہوشیارپوری","عبداللہ بٹ",1,"73","72:74"
"حفیظ ہوشیارپوری","عبداللہ ملک",2,"21 22","20:22 22:22"
"حفیظ ہوشیارپوری","عسکری",6,"18 19 20 21 22","20:16 20:19 20:20 22:20 22:21 22:22"
"حفیظ ہوشیارپوری","علی سردار جعفری",2,"20 21","20:20 22:20"
"حفیظ ہوشیارپوری","علیم صاحب",1,"74","72:77"
"حفیظ ہوشیارپوری","غالب احمد",1,"74","72:77"
"حفیظ ہوشیارپوری","غلام عباس",2,"20 21","20:20 22:20"
"حفیظ ہوشیارپوری","غلام محمد",1,"69","72:67"
"حفیظ ہوشیارپوری","فراق",1,"24","22:26"
"حفیظ ہوشیارپوری","فیض احمد فیض",1,"72","72:73"
"حفیظ ہوشیارپوری","قدرت اللہ شہاب",2,"22 23","20:25 22:25"
"حفیظ ہوشیارپوری","قیوم صاحب (یونیسکو)",1,"74","72:76"
"حفیظ ہوشیارپوری","قیوم نظر",3,"21 22 74","20:22 22:22 72:76"
"حفیظ ہوشیارپوری","مبارک احمد",1,"73","72:75"
"حفیظ ہوشیارپوری","محبوب خزاں",1,"72","72:72"
"حفیظ ہوشیارپوری","محمود ہاشمی",2,"22 23","20:25 22:25"
"حفیظ ہوشیارپوری","مختار صدیقی",3,"21 22 74","20:22 22:22 72:76"
"حفیظ ہوشیارپوری","مظفر علی سید",1,"74","72:77"
"حفیظ ہوشیارپوری","ممتاز شیریں",2,"22 23","20:25 22:25"
"حفیظ ہوشیارپوری","منٹو",2,"22 23","20:24 22:24"
"حفیظ ہوشیارپوری","میاں بشیر احمد",1,"72","72:72"
"حفیظ ہوشیارپوری","میر خلیل الرحمن",1,"73","72:74"
"حفیظ ہوشیارپوری","ناصر کاظمی",6,"24 69 70 71 72","22:26 72:67 72:68 72:69 72:70 72:72"
"حفیظ ہوشیارپوری","نواب ناطق",2,"71 72","72:71 72:73"
"حفیظ ہوشیارپوری","ولی",1,"73","72:74"
"حفیظ ہوشیارپوری","ڈاکٹر تاثیر",2,"21 22","20:23 22:23"
"حفیظ ہوشیارپوری","کرشن چندر",1,"24","22:26"
"حفیظ ہوشیارپوری","یوسف ظفر",3,"21 22 74","20:22 22:22 72:76"
"حمید اختر","حمید ہاشمی",1,"31","34:29"
"حمید اختر","حنیف رامے",1,"101","102:100"
"حمید اختر","خضر تمیمی",1,"159","162:157"
"حمید اختر","دادا پٹی نذیر احمد",1,"35","34:37"
"حمید اختر","ذوالفقار علی بھٹو",2,"161 162","162:161 162:162"
"حمید اختر","رمضان تپائی",1,"104","102:106"
"حمید اختر","ریوتی سرن شرما",1,"33","34:32"
"حمید اختر","زاہد ڈار",1,"235","233:237"
"حمید اختر","سارتر",3,"101 102 160","102:101 102:103 162:158"
"حمید اختر","سبط حسن",3,"31 55 162","34:29 55:55 162:162"
"حمید اختر","سجاد ظہیر",2,"55 162","55:55 162:162"
"حمید اختر","سر عبد القادر",1,"164","162:166"
"حمید اختر","سرلا",1,"33","34:32"
"حمید اختر","سعادت سعید",1,"164","162:167"
"حمید اختر","سعید بور",1,"35","34:37"
"حمید اختر","سعید محمود",1,"103","102:104"
"حمید اختر","سلیم احمد",1,"35","34:37"
"حمید اختر","سہیل عظیم آبادی",2,"32","34:30 34:31"
"حمید اختر","سی آر اسلم",1,"163","162:165"
"حمید اختر","سید امتیاز علی تاج",1,"102","102:102"
"حمید اختر","شارعزیز",1,"233","233:233"
"حمید اختر","شاکر علی",2,"53 55","55:52 55:55"
"حمید اختر","شاہد صاحب",1,"54","55:53"
"حمید اختر","شبلی بیگم",1,"235","233:237"
"حمید اختر","شفیق احمد",1,"35","34:36"
"حمید اختر","شمس",1,"160","162:158"
"حمید اختر","شورش کاشمیری",1,"163","162:165"
"حمید اختر","شیخ صلاح الدین",2,"101 233","102:100 233:233"
"حمید اختر","شیخ مجیب الرحمن",1,"162","162:163"
"حمید اختر","شیر محمد اختر",1,"99","102:97"
"حمید اختر","صفدر میر",2,"31 104","34:29 102:107"
"حمید اختر","صلاح الدین محمود",1,"232","233:231"
"حمید اختر","ضیا جالندھری",1,"34","34:35"
"حمید اختر","طفیل صاحب",1,"101","102:100"
"حمید اختر","ظفر اقبال",2,"57 233","55:60 233:233"
"حمید اختر","ظفر صمدانی",1,"103","102:104"
"حمید اختر","عارف عبدالمتین",1,"54","55:53"
"حمید اختر","عبد القادر حسن",1,"164","162:166"
"حمید اختر","عبداللہ ملک",2,"33 34","34:33 34:34"
"حمید اختر","عزیز الحق",1,"164","162:167"
"حمید اختر","عسکری",11,"31 32 33 34 53 54 99 101 102 231","34:29 34:30 34:31 34:33 34:34 55:51 55:53 102:97 102:101 102:102 233:229"
"حمید اختر","علامہ علاء الدین صدیقی",1,"161","162:160"
"حمید اختر","علی سردار جعفری",1,"32","34:31"
"حمید اختر","غلام عباس",1,"163","162:165"
"حمید اختر","فراق",4,"35 55 100 231","34:36 55:55 102:99 233:229"
"حمید اختر","فیض احمد فیض",4,"52 55 100 102","55:50 55:55 102:99 102:102"
"حمید اختر","قرۃ العین حیدر",1,"104","102:107"
"حمید اختر","قیوم صاحب (یونیسکو)",1,"101","102:101"
"حمید اختر","قیوم نظر",1,"100","102:99"
"حمید اختر","لڈو",1,"164","162:167"
"حمید اختر","مبارک احمد",1,"104","102:107"
"حمید اختر","محمود ہاشمی",1,"34","34:34"
"حمید اختر","مظفر علی سید",2,"99 100","102:97 102:99"
"حمید اختر","ممتاز شیریں",2,"34 54","34:34 55:53"
"حمید اختر","منظور الہی",2,"232 233","233:231 233:233"
"حمید اختر","منٹو",2,"34 162","34:34 162:163"
"حمید اختر","منیر نیازی",3,"160 164","162:158 162:159 162:167"
"حمید اختر","مولانا بھاشانی",1,"162","162:162"
"حمید اختر","مولانا حسرت موہانی",1,"36","34:39"
"حمید اختر","مولانا صلاح الدین احمد",2,"34 102","34:34 102:103"
"حمید اختر","مولانا غلام رسول",1,"102","102:102"
"حمید اختر","مولانا کوثر نیازی",1,"163","162:165"
"حمید اختر","مہندر ناتھ",2,"32 33","34:30 34:32"
"حمید اختر","میاں بشیر احمد",2,"99 102","102:97 102:102"
"حمید اختر","میاں محمد طفیل",1,"163","162:165"
"حمید اختر","میرا بائی",1,"230","233:228"
"حمید اختر","ناصر کاظمی",7,"53 99 100 101 104 163","55:52 102:97 102:98 102:99 102:100 102:107 162:164"
"حمید اختر","نذیر ناجی",1,"162","162:162"
"حمید اختر","نعیم طاہر",1,"160","162:159"
"حمید اختر","نواب ناطق",1,"57","55:60"
"حمید اختر","وجیہہ الدین احمد",1,"34","34:34"
"حمید اختر","ولی",1,"33","34:32"
"حمید اختر","وکیل صاحب",1,"235","233:238"
"حمید اختر","پروفیسر حمید احمد خاں",1,"161","162:160"
"حمید اختر","پروفیسر وزیر الحسن عابدی",1,"161","162:160"
"حمید اختر","پروفیسر کرار حسین",2,"36 231","34:39 233:229"
"حمید اختر","ڈاکٹر باقر",2,"159 160","162:157 162:158"
"حمید اختر","ڈاکٹر تاثیر",1,"34","34:35"
"حمید اختر","کرشن چندر",3,"32 33 34","34:30 34:32 34:35"
"حمید اختر","کشور ناہید",2,"232 233","233:231 233:233"
"حمید اختر","ہاجرہ مسرور",1,"55","55:55"
"حمید اختر","یوسف ظفر",1,"100","102:99"
"حمید اختر","یگانہ",1,"100","102:99"
"حمید علوی","حکیم حبیب اشعر",1,"151","154:149"
"حمید علوی","خضر تمیمی",1,"155","154:157"
"حمید علوی","سارتر",1,"156","154:158"
"حمید علوی","سجاد باقر رضوی",1,"154","154:154"
"حمید علوی","شمس",1,"156","154:158"
"حمید علوی","شیخ مجیب الرحمن",1,"151","154:149"
"حمید علوی","عتیق اللہ شیخ",1,"154","154:154"
"حمید علوی","فرخ نگار عزیز",1,"154","154:154"
"حمید علوی","قدرت اللہ شہاب",1,"154","154:155"
"حمید علوی","قیوم صاحب (یونیسکو)",1,"152","154:150"
"حمید علوی","قیوم نظر",1,"152","154:150"
"حمید علوی","منیر نیازی",1,"156","154:158"
"حمید علوی","مولانا حسرت موہانی",1,"153","154:152"
"حمید علوی","مولانا غلام رسول",1,"153","154:152"
"حمید علوی","میر نور احمد",1,"153","154:152"
"حمید علوی","نعیم طاہر",1,"156","154:159"
"حمید علوی","پروفیسر حمید احمد خاں",2,"152 153","154:150 154:152"
"حمید علوی","پروفیسر وزیر الحسن عابدی",2,"151 152","154:149 154:150"
"حمید علوی","ڈاکٹر باقر",1,"155","154:156"
"حمید علوی","کمال احمد رضوی",1,"154","154:154"
"حمید علوی","یوسف ظفر",1,"154","154:154"
"حمید نظامی","حنیف رامے",1,"74","74:74"
"حمید نظامی","خواجہ صاحب",1,"71","74:69"
"حمید نظامی","ذوالفقار علی بھٹو",1,"76","74:78"
"حمید نظامی","سراج صاحب",1,"76","74:78"
"حمید نظامی","شاکر علی",1,"74","74:74"
"حمید نظامی","شاہد حمید",1,"75","74:77"
"حمید نظامی","شہرت بخاری",1,"75","74:76"
"حمید نظامی","شیخ صلاح الدین",1,"74","74:75"
"حمید نظامی","شیر محمد اختر",1,"75","74:76"
"حمید نظامی","ضیا جالندھری",1,"75","74:76"
"حمید نظامی","عبدالعلیم",1,"73","74:72"
"حمید نظامی","عبداللہ بٹ",1,"74","74:74"
"حمید نظامی","علیم صاحب",1,"75","74:77"
"حمید نظامی","غالب احمد",1,"75","74:77"
"حمید نظامی","فیض احمد فیض",2,"73 75","74:73 74:76"
"حمید نظامی","قیوم صاحب (یونیسکو)",1,"75","74:76"
"حمید نظامی","قیوم نظر",1,"75","74:76"
"حمید نظامی","مبارک احمد",1,"74","74:75"
"حمید نظامی","محبوب خزاں",1,"73","74:72"
"حمید نظامی","مختار صدیقی",1,"75","74:76"
"حمید نظامی","مظفر علی سید",1,"75","74:77"
"حمید نظامی","میاں بشیر احمد",1,"73","74:72"
"حمید نظامی","میر خلیل الرحمن",1,"74","74:74"
"حمید نظامی","ناصر کاظمی",5,"71 72 73 74","74:69 74:70 74:72 74:73 74:74"
"حمید نظامی","نواب ناطق",2,"72 73","74:71 74:73"
"حمید نظامی","ولی",1,"74","74:74"
"حمید نظامی","یوسف ظفر",1,"75","74:76"
"حمید ہاشمی","رمضان تپائی",1,"43","45:41"
"حمید ہاشمی","ریوتی سرن شرما",2,"30 42","29:32 45:40"
"حمید ہاشمی","زاہد ڈار",1,"28","29:28"
"حمید ہاشمی","سبط حسن",3,"29 45 46","29:29 45:45 48:45"
"حمید ہاشمی","سرلا",1,"30","29:32"
"حمید ہاشمی","سلیم احمد",1,"28","29:27"
"حمید ہاشمی","سہیل عظیم آبادی",1,"29","29:30"
"حمید ہاشمی","شاکر علی",1,"50","48:52"
"حمید ہاشمی","شاہد صاحب",1,"50","48:53"
"حمید ہاشمی","شعیب حزیں",2,"45 47","45:46 48:46"
"حمید ہاشمی","صفدر میر",1,"29","29:29"
"حمید ہاشمی","عارف عبدالمتین",1,"50","48:53"
"حمید ہاشمی","عبداللہ ملک",1,"31","29:33"
"حمید ہاشمی","عسکری",7,"26 27 28 29 49","29:24 29:25 29:26 29:27 29:28 29:29 48:51"
"حمید ہاشمی","علی سردار جعفری",1,"30","29:31"
"حمید ہاشمی","فراق",1,"27","29:26"
"حمید ہاشمی","فیض احمد فیض",2,"47 49","45:50 48:50"
"حمید ہاشمی","قدرت اللہ شہاب",1,"27","29:25"
"حمید ہاشمی","محمود ہاشمی",2,"27 31","29:25 29:34"
"حمید ہاشمی","ممتاز شیریں",4,"27 31 50","29:25 29:26 29:34 48:53"
"حمید ہاشمی","منٹو",4,"26 27 31","29:24 29:25 29:26 29:34"
"حمید ہاشمی","مولانا حسرت موہانی",7,"43 44 45 47 48","45:41 45:43 45:44 45:46 48:46 48:47 48:49"
"حمید ہاشمی","مولانا صلاح الدین احمد",1,"31","29:34"
"حمید ہاشمی","مہندر ناتھ",1,"29","29:30"
"حمید ہاشمی","میر انیس",2,"45 46","45:45 48:45"
"حمید ہاشمی","ناصر کاظمی",4,"27 28 43 50","29:26 29:27 45:41 48:52"
"حمید ہاشمی","وجیہہ الدین احمد",1,"31","29:34"
"حمید ہاشمی","ولی",1,"30","29:32"
"حمید ہاشمی","ڈاکٹر تاثیر",3,"26 45 47","29:24 45:46 48:46"
"حمید ہاشمی","کرشن چندر",4,"27 28 29 42","29:26 29:28 29:30 45:40"
"حمید ہاشمی","ہاجرہ مسرور",1,"42","45:40"
"حنیف رامے","خواجہ صاحب",1,"71","74:69"
"حنیف رامے","دادا پٹی نذیر احمد",1,"278","276:280"
"حنیف رامے","ذوالفقار علی بھٹو",4,"76 77 202","74:78 75:78 77:78 201:204"
"حنیف رامے","رمضان تپائی",1,"199","201:198"
"حنیف رامے","ریوتی سرن شرما",2,"92 93","90:94 92:94"
"حنیف رامے","زاہد ڈار",3,"198 274 278","201:196 276:272 276:280"
"حنیف رامے","سارتر",1,"100","100:101"
"حنیف رامے","سجاد باقر رضوی",1,"201","201:202"
"حنیف رامے","سراج صاحب",3,"76 77","74:78 75:78 77:78"
"حنیف رامے","سعید محمود",10,"79 82 83 84 87 102 114 115 276","77:81 84:81 84:82 84:83 84:85 90:85 100:104 114:115 115:115 276:276"
"حنیف رامے","سلیم احمد",6,"84 87 111 112 113 201","84:84 90:85 114:109 114:110 114:113 201:201"
"حنیف رامے","سید امتیاز علی تاج",2,"101 277","100:102 276:279"
"حنیف رامے","شاکر علی",8,"74 79 82 116 117 198 276","74:74 75:74 77:81 84:81 114:119 115:119 201:196 276:276"
"حنیف رامے","شاہجہان",1,"198","201:196"
"حنیف رامے","شاہد حمید",3,"75 76 77","74:77 75:77 77:77"
"حنیف رامے","شاہد صاحب",1,"112","114:110"
"حنیف رامے","شوکت تھانوی",2,"90 91","90:91 92:91"
"حنیف رامے","شکور بیدل",1,"201","201:202"
"حنیف رامے","شہرت بخاری",6,"75 76 86 89 276","74:76 75:76 77:76 84:88 90:88 276:276"
"حنیف رامے","شیخ صلاح الدین",20,"61 74 75 76 78 81 82 83 84 90 91 92 98 100 113 114 116 276","61:61 74:75 75:75 77:75 77:79 84:79 84:80 84:82 84:83 84:84 90:90 92:90 92:92 100:96 100:100 114:113 114:114 115:114 115:118 276:276"
"حنیف رامے","شیر محمد اختر",7,"75 76 90 91 94 98","74:76 75:76 77:76 90:91 92:91 92:97 100:97"
"حنیف رامے","صفدر میر",1,"111","114:109"
"حنیف رامے","صلاح الدین محمود",3,"92 93 200","90:94 92:94 201:200"
"حنیف رامے","ضیا جالندھری",5,"75 76 90 91","74:76 75:76 77:76 90:91 92:91"
"حنیف رامے","طفیل صاحب",3,"91 92 100","90:92 92:92 100:100"
"حنیف رامے","ظفر اقبال",1,"60","61:60"
"حنیف رامے","ظفر صمدانی",1,"102","100:104"
"حنیف رامے","ظہور بھائی",1,"202","201:203"
"حنیف رامے","عالیہ",1,"200","201:199"
"حنیف رامے","عبدالعلیم",1,"73","74:72"
"حنیف رامے","عبداللہ بٹ",2,"74","74:74 75:74"
"حنیف رامے","عسکری",6,"94 98 100 112 113 117","92:97 100:97 100:101 114:110 114:112 115:120"
"حنیف رامے","علیم صاحب",3,"75 76 77","74:77 75:77 77:77"
"حنیف رامے","غازی منجم",2,"198 199","201:196 201:197"
"حنیف رامے","غالب احمد",4,"61 75 76 77","61:61 74:77 75:77 77:77"
"حنیف رامے","غلام عباس",1,"117","115:120"
"حنیف رامے","فخر زمان",1,"273","276:271"
"حنیف رامے","فراق",2,"99 275","100:99 276:275"
"حنیف رامے","فیض احمد فیض",11,"61 73 75 76 91 92 99 101 117 199","61:61 74:73 74:76 75:76 77:76 90:93 92:93 100:99 100:102 115:120 201:197"
"حنیف رامے","قیوم صاحب (یونیسکو)",12,"75 76 77 82 83 86 89 100 114 115","74:76 75:76 77:76 77:77 84:81 84:82 84:88 90:88 90:89 100:101 114:115 115:115"
"حنیف رامے","قیوم نظر",5,"75 76 77 99","74:76 75:76 77:76 77:78 100:99"
"حنیف رامے","مبارک احمد",5,"74 75 76 86 89","74:75 75:75 77:75 84:88 90:88"
"حنیف رامے","مجاہد اردو (گمنام مقرر)",1,"278","276:281"
"حنیف رامے","مجروح سلطان پوری",1,"199","201:197"
"حنیف رامے","محبوب خزاں",1,"73","74:72"
"حنیف رامے","محمد حسن لطیفی",3,"84 87 88","84:84 90:85 90:86"
"حنیف رامے","محمد سلیم الرحمن",1,"201","201:201"
"حنیف رامے","مختار صدیقی",3,"75 76","74:76 75:76 77:76"
"حنیف رامے","مظفر علی سید",19,"61 75 76 77 81 82 83 84 89 90 91 92 98 99 114 115 276","61:61 74:77 75:77 77:77 84:79 84:81 84:82 84:83 84:84 90:89 90:90 92:90 92:91 92:93 100:97 100:99 114:115 115:115 276:276"
"حنیف رامے","منٹو",1,"113","114:113"
"حنیف رامے","منیر نیازی",2,"84 87","84:85 90:85"
"حنیف رامے","مولانا صلاح الدین احمد",3,"101 112 117","100:103 114:110 115:120"
"حنیف رامے","مولانا غلام رسول",1,"101","100:102"
"حنیف رامے","میاں بشیر احمد",6,"73 94 98 101 114 115","74:72 92:97 100:97 100:102 114:115 115:115"
"حنیف رامے","میر خلیل الرحمن",2,"74","74:74 75:74"
"حنیف رامے","میرا بائی",3,"61 79 83","61:61 77:82 84:82"
"حنیف رامے","ناصر کاظمی",31,"61 71 72 73 74 75 76 77 81 82 83 84 87 89 90 91 92 98 99 100 112 113 114 115 276","61:61 74:69 74:70 74:72 74:73 74:74 75:74 75:75 77:75 77:76 77:77 84:79 84:80 84:83 84:84 90:85 90:89 90:90 92:90 92:92 100:96 100:97 100:98 100:99 100:100 114:110 114:111 114:113 114:115 115:115 276:276"
"حنیف رامے","نثار عثمانی",1,"199","201:198"
"حنیف رامے","نعیم طاہر",1,"277","276:279"
"حنیف رامے","نواب ناطق",4,"60 72 73 84","61:60 74:71 74:73 84:84"
"حنیف رامے","ولی",3,"74 277","74:74 75:74 276:278"
"حنیف رامے","پروفیسر کرار حسین",1,"274","276:273"
"حنیف رامے","ڈاکٹر سید عبداللہ",2,"201 278","201:201 276:281"
"حنیف رامے","ڈاکٹر عبادت بریلوی",2,"86 89","84:89 90:89"
"حنیف رامے","ڈاکٹر مہدی حسن",1,"274","276:273"
"حنیف رامے","کبیر",2,"79 83","77:82 84:82"
"حنیف رامے","کشور ناہید",5,"198 199 273 278","201:196 201:197 201:198 276:271 276:280"
"حنیف رامے","ہارون الرشید",1,"198","201:196"
"حنیف رامے","یوسف ظفر",4,"75 76 99","74:76 75:76 77:76 100:99"
"حنیف رامے","یگانہ",1,"99","100:99"
"حکیم حبیب اشعر","حکیم ریاض",1,"147","149:146"
"حکیم حبیب اشعر","ریاض بٹالوی",1,"148","149:147"
"حکیم حبیب اشعر","سجاد باقر رضوی",1,"151","149:154"
"حکیم حبیب اشعر","شوکت تھانوی",1,"146","149:144"
"حکیم حبیب اشعر","شیخ مجیب الرحمن",1,"149","149:149"
"حکیم حبیب اشعر","عتیق اللہ شیخ",1,"151","149:154"
"حکیم حبیب اشعر","عنایت اللہ",2,"147 148","149:146 149:148"
"حکیم حبیب اشعر","فرخ نگار عزیز",1,"151","149:154"
"حکیم حبیب اشعر","قیوم صاحب (یونیسکو)",1,"149","149:150"
"حکیم حبیب اشعر","قیوم نظر",1,"149","149:150"
"حکیم حبیب اشعر","مسرت جبیں",1,"148","149:147"
"حکیم حبیب اشعر","مولانا حسرت موہانی",1,"150","149:152"
"حکیم حبیب اشعر","مولانا عبد المجید سالک",1,"146","149:144"
"حکیم حبیب اشعر","مولانا غلام رسول",1,"150","149:152"
"حکیم حبیب اشعر","میر نور احمد",3,"146 147 150","149:144 149:145 149:152"
"حکیم حبیب اشعر","پروفیسر حمید احمد خاں",1,"149","149:150"
"حکیم حبیب اشعر","پروفیسر وزیر الحسن عابدی",1,"149","149:149"
"حکیم حبیب اشعر","کمال احمد رضوی",1,"151","149:154"
"حکیم حبیب اشعر","یوسف ظفر",1,"151","149:154"
"حکیم ریاض","ریاض بٹالوی",1,"146","146:147"
"حکیم ریاض","شوکت تھانوی",1,"145","146:144"
"حکیم ریاض","شیخ مجیب الرحمن",1,"147","146:149"
"حکیم ریاض","عنایت اللہ",1,"146","146:146"
"حکیم ریاض","فیض احمد فیض",1,"143","146:141"
"حکیم ریاض","قیوم صاحب (یونیسکو)",1,"148","146:150"
"حکیم ریاض","قیوم نظر",1,"148","146:150"
"حکیم ریاض","مسرت جبیں",1,"146","146:147"
"حکیم ریاض","ملک راج آنند",2,"143 144","146:141 146:142"
"حکیم ریاض","مولانا عبد المجید سالک",1,"145","146:144"
"حکیم ریاض","میر نور احمد",2,"145","146:144 146:145"
"حکیم ریاض","پروفیسر حمید احمد خاں",1,"148","146:150"
"حکیم ریاض","پروفیسر سرور",1,"144","146:143"
"حکیم ریاض","پروفیسر وزیر الحسن عابدی",1,"147","146:149"
"حکیم ریاض","ڈاکٹر ذاکر حسین",1,"144","146:143"
"خان بہادر (دادا جان ہاپوڑ)","ذوالفقار علی بھٹو",1,"221","224:219"
"خان بہادر (دادا جان ہاپوڑ)","سائرہ ہاشمی",1,"222","224:220"
"خان بہادر (دادا جان ہاپوڑ)","ضیاء اسلام انصاری",1,"221","224:219"
"خان بہادر (دادا جان ہاپوڑ)","عالیہ",1,"223","224:222"
"خان بہادر (دادا جان ہاپوڑ)","عسکری",1,"226","224:229"
"خان بہادر (دادا جان ہاپوڑ)","علی سردار جعفری",1,"222","224:220"
"خان بہادر (دادا جان ہاپوڑ)","غالب احمد",1,"221","224:219"
"خان بہادر (دادا جان ہاپوڑ)","فراق",1,"226","224:229"
"خان بہادر (دادا جان ہاپوڑ)","مبارک احمد",1,"222","224:220"
"خان بہادر (دادا جان ہاپوڑ)","میرا بائی",1,"226","224:228"
"خان بہادر (دادا جان ہاپوڑ)","پروفیسر کرار حسین",1,"225","224:226"
"خان بہادر (دادا جان ہاپوڑ)","کشور ناہید",1,"222","224:220"
"خان فضل الرحمن خان","ذوالفقار علی بھٹو",1,"217","216:219"
"خان فضل الرحمن خان","رام لال",1,"215","216:215"
"خان فضل الرحمن خان","رمضان تپائی",1,"217","216:218"
"خان فضل الرحمن خان","سائرہ ہاشمی",1,"218","216:220"
"خان فضل الرحمن خان","سارہ شگفتہ",1,"215","216:215"
"خان فضل الرحمن خان","سعادت سعید",1,"214","216:213"
"خان فضل الرحمن خان","سعید محمود",1,"213","216:211"
"خان فضل الرحمن خان","شاد امرتسری",1,"216","216:216"
"خان فضل الرحمن خان","شاہد حمید",1,"216","216:217"
"خان فضل الرحمن خان","صلاح الدین محمود",1,"213","216:211"
"خان فضل الرحمن خان","ضیاء اسلام انصاری",1,"217","216:219"
"خان فضل الرحمن خان","ظفر صمدانی",1,"217","216:218"
"خان فضل الرحمن خان","عذرا عباس",1,"215","216:215"
"خان فضل الرحمن خان","عزیز الحق",1,"214","216:213"
"خان فضل الرحمن خان","عظیم اللہ خان",1,"213","216:211"
"خان فضل الرحمن خان","علی سردار جعفری",1,"218","216:220"
"خان فضل الرحمن خان","غالب احمد",1,"217","216:219"
"خان فضل الرحمن خان","قیوم صاحب (یونیسکو)",1,"215","216:214"
"خان فضل الرحمن خان","قیوم نظر",1,"214","216:213"
"خان فضل الرحمن خان","مبارک احمد",3,"215 216","216:214 216:215 216:216"
"خان فضل الرحمن خان","مولانا ابوالکلام آزاد",1,"214","216:213"
"خان فضل الرحمن خان","میرا بائی",1,"213","216:211"
"خان فضل الرحمن خان","ٹی ایس ایلیٹ",1,"215","216:215"
"خان فضل الرحمن خان","کشور ناہید",2,"215 218","216:215 216:220"
"خان فضل الرحمن خان","ہیما مالنی",1,"215","216:215"
"خان فضل الرحمن خان","یوسف کامران",1,"215","216:214"
"خدیجہ مستور","ذوالفقار علی بھٹو",2,"182 185","184:181 184:186"
"خدیجہ مستور","روشن آراء بیگم",1,"185","184:187"
"خدیجہ مستور","سراج منیر",1,"186","184:189"
"خدیجہ مستور","سلیم احمد",1,"186","184:188"
"خدیجہ مستور","شومی قیصر",1,"183","184:183"
"خدیجہ مستور","شوکت عثمان",2,"183 184","184:182 184:184"
"خدیجہ مستور","شہرت بخاری",1,"186","184:188"
"خدیجہ مستور","شہید اللہ قیصر",1,"183","184:183"
"خدیجہ مستور","صادقین",1,"185","184:187"
"خدیجہ مستور","صفدر میر",1,"181","184:179"
"خدیجہ مستور","عزیز الحق",1,"186","184:189"
"خدیجہ مستور","غلام محمد",2,"183 184","184:182 184:184"
"خدیجہ مستور","فرہاد مظہر",1,"183","184:182"
"خدیجہ مستور","فریدہ اختر",2,"183","184:182 184:183"
"خدیجہ مستور","فیض احمد فیض",1,"185","184:187"
"خدیجہ مستور","ناصر کاظمی",3,"182 183 184","184:181 184:182 184:185"
"خدیجہ مستور","پنا قیصر",1,"183","184:183"
"خدیجہ مستور","یوسف ظفر",1,"185","184:186"
"خضر تمیمی","ذوالفقار علی بھٹو",1,"159","157:161"
"خضر تمیمی","سارتر",1,"157","157:158"
"خضر تمیمی","سبط حسن",1,"159","157:162"
"خضر تمیمی","سجاد باقر رضوی",1,"155","157:154"
"خضر تمیمی","سجاد ظہیر",1,"159","157:162"
"خضر تمیمی","شمس",1,"157","157:158"
"خضر تمیمی","عتیق اللہ شیخ",1,"155","157:154"
"خضر تمیمی","علامہ علاء الدین صدیقی",1,"158","157:160"
"خضر تمیمی","فرخ نگار عزیز",1,"155","157:154"
"خضر تمیمی","قدرت اللہ شہاب",1,"156","157:155"
"خضر تمیمی","منیر نیازی",1,"157","157:158"
"خضر تمیمی","مولانا بھاشانی",1,"159","157:162"
"خضر تمیمی","مولانا حسرت موہانی",1,"154","157:152"
"خضر تمیمی","مولانا غلام رسول",1,"154","157:152"
"خضر تمیمی","میر نور احمد",1,"154","157:152"
"خضر تمیمی","نذیر ناجی",1,"159","157:162"
"خضر تمیمی","نعیم طاہر",1,"158","157:159"
"خضر تمیمی","پروفیسر حمید احمد خاں",2,"154 158","157:152 157:160"
"خضر تمیمی","پروفیسر وزیر الحسن عابدی",1,"158","157:160"
"خضر تمیمی","ڈاکٹر باقر",2,"156 157","157:156 157:157"
"خضر تمیمی","کمال احمد رضوی",1,"155","157:154"
"خضر تمیمی","یوسف ظفر",1,"155","157:154"
"خواجہ صاحب","شاکر علی",1,"71","69:74"
"خواجہ صاحب","شاہد حمید",1,"68","69:67"
"خواجہ صاحب","شیخ صلاح الدین",3,"67 68","69:66 69:67 69:68"
"خواجہ صاحب","صفدر میر",1,"68","69:68"
"خواجہ صاحب","عبدالعلیم",1,"70","69:72"
"خواجہ صاحب","عبداللہ بٹ",1,"71","69:74"
"خواجہ صاحب","غلام محمد",1,"68","69:67"
"خواجہ صاحب","فیض احمد فیض",1,"71","69:73"
"خواجہ صاحب","محبوب خزاں",1,"70","69:72"
"خواجہ صاحب","میاں بشیر احمد",1,"70","69:72"
"خواجہ صاحب","میر خلیل الرحمن",1,"71","69:74"
"خواجہ صاحب","ناصر کاظمی",6,"66 67 68 69","69:64 69:65 69:66 69:67 69:68 69:69"
"خواجہ صاحب","نواب ناطق",1,"70","69:71"
"خواجہ صاحب","ولی",1,"71","69:74"
"دادا پٹی نذیر احمد","رمضان تپائی",1,"39","37:41"
"دادا پٹی نذیر احمد","ریوتی سرن شرما",2,"34 38","37:32 37:40"
"دادا پٹی نذیر احمد","زاہد ڈار",1,"280","280:280"
"دادا پٹی نذیر احمد","سر عبد القادر",1,"282","280:284"
"دادا پٹی نذیر احمد","سرلا",1,"34","37:32"
"دادا پٹی نذیر احمد","سعید بور",1,"37","37:37"
"دادا پٹی نذیر احمد","سعید محمود",1,"278","280:276"
"دادا پٹی نذیر احمد","سلیم احمد",1,"37","37:37"
"دادا پٹی نذیر احمد","سید امتیاز علی تاج",1,"279","280:279"
"دادا پٹی نذیر احمد","سید سلیمان ندوی",1,"282","280:285"
"دادا پٹی نذیر احمد","شاکر علی",1,"278","280:276"
"دادا پٹی نذیر احمد","شاہد صاحب",2,"3 4","4:3 4:4"
"دادا پٹی نذیر احمد","شفیق احمد",1,"36","37:36"
"دادا پٹی نذیر احمد","شہرت بخاری",1,"278","280:276"
"دادا پٹی نذیر احمد","شیخ صلاح الدین",1,"278","280:276"
"دادا پٹی نذیر احمد","ضیا جالندھری",1,"36","37:35"
"دادا پٹی نذیر احمد","ظفر اقبال",1,"281","280:282"
"دادا پٹی نذیر احمد","عبداللہ ملک",2,"35","37:33 37:34"
"دادا پٹی نذیر احمد","عبدالمجید بھٹی",1,"5","4:6"
"دادا پٹی نذیر احمد","عثمان علی خاں",1,"281","280:283"
"دادا پٹی نذیر احمد","عسکری",7,"2 4 35 36 37","4:1 4:5 37:33 37:34 37:35 37:36 37:37"
"دادا پٹی نذیر احمد","فراق",3,"36 37 277","37:36 37:37 280:275"
"دادا پٹی نذیر احمد","فرخ نگار عزیز",1,"282","280:284"
"دادا پٹی نذیر احمد","فیض احمد فیض",1,"282","280:284"
"دادا پٹی نذیر احمد","قیوم نظر",1,"282","280:284"
"دادا پٹی نذیر احمد","لائو پہلوان",1,"282","280:285"
"دادا پٹی نذیر احمد","مجاہد اردو (گمنام مقرر)",1,"280","280:281"
"دادا پٹی نذیر احمد","محمود ہاشمی",1,"35","37:34"
"دادا پٹی نذیر احمد","مظفر علی سید",2,"278 279","280:276 280:278"
"دادا پٹی نذیر احمد","ممتاز شیریں",1,"35","37:34"
"دادا پٹی نذیر احمد","منٹو",4,"6 35 36","4:9 37:34 37:35 37:36"
"دادا پٹی نذیر احمد","مولانا ابوالکلام آزاد",1,"281","280:282"
"دادا پٹی نذیر احمد","مولانا حسرت موہانی",1,"38","37:39"
"دادا پٹی نذیر احمد","مولانا صلاح الدین احمد",1,"35","37:34"
"دادا پٹی نذیر احمد","مولانا ظفر علی خاں",1,"281","280:283"
"دادا پٹی نذیر احمد","مہندر ناتھ",1,"34","37:32"
"دادا پٹی نذیر احمد","میاں ایم اسلم",1,"2","4:1"
"دادا پٹی نذیر احمد","ناصر کاظمی",3,"39 278 280","37:41 280:276 280:280"
"دادا پٹی نذیر احمد","نعیم طاہر",1,"279","280:279"
"دادا پٹی نذیر احمد","نفیس خلیلی",1,"5","4:7"
"دادا پٹی نذیر احمد","وجیہہ الدین احمد",1,"35","37:34"
"دادا پٹی نذیر احمد","ولی",3,"3 34 279","4:3 37:32 280:278"
"دادا پٹی نذیر احمد","پروفیسر عبید اللہ",1,"282","280:284"
"دادا پٹی نذیر احمد","پروفیسر کرار حسین",1,"38","37:39"
"دادا پٹی نذیر احمد","ڈاکٹر تاثیر",1,"36","37:35"
"دادا پٹی نذیر احمد","ڈاکٹر سید عبداللہ",1,"280","280:281"
"دادا پٹی نذیر احمد","ڈاکٹر عاشق حسین بٹالوی",1,"282","280:284"
"دادا پٹی نذیر احمد","ڈاکٹر عبد اللہ چغتائی",1,"282","280:284"
"دادا پٹی نذیر احمد","ڈاکٹر عبدالسلام خورشید",1,"282","280:285"
"دادا پٹی نذیر احمد","کرشن چندر",4,"34 36 37","37:32 37:35 37:36 37:37"
"دادا پٹی نذیر احمد","کشور ناہید",1,"280","280:280"
"دادا پٹی نذیر احمد","ہاجرہ مسرور",1,"38","37:40"
"ذوالفقار علی بھٹو","راجہ رسالو",1,"179","181:178"
"ذوالفقار علی بھٹو","رام لال",2,"212 217","210:215 219:215"
"ذوالفقار علی بھٹو","رمضان تپائی",1,"218","219:218"
"ذوالفقار علی بھٹو","روشن آراء بیگم",3,"165 168 186","163:168 169:168 186:187"
"ذوالفقار علی بھٹو","ریاض بٹالوی",1,"179","181:177"
"ذوالفقار علی بھٹو","زاہد ڈار",1,"169","169:170"
"ذوالفقار علی بھٹو","زین العابدین",1,"170","169:172"
"ذوالفقار علی بھٹو","سائرہ ہاشمی",1,"219","219:220"
"ذوالفقار علی بھٹو","سارتر",2,"159 171","161:158 169:173"
"ذوالفقار علی بھٹو","سارہ شگفتہ",2,"212 217","210:215 219:215"
"ذوالفقار علی بھٹو","سبط حسن",4,"161 162 188","161:162 162:162 163:162 186:191"
"ذوالفقار علی بھٹو","سجاد باقر رضوی",1,"203","204:202"
"ذوالفقار علی بھٹو","سجاد ظہیر",3,"161 162","161:162 162:162 163:162"
"ذوالفقار علی بھٹو","سر عبد القادر",4,"163 164 167","161:166 162:166 163:166 169:166"
"ذوالفقار علی بھٹو","سراج صاحب",1,"78","78:78"
"ذوالفقار علی بھٹو","سراج منیر",1,"187","186:189"
"ذوالفقار علی بھٹو","سعادت سعید",4,"164 165 168 211","162:167 163:167 169:167 210:213"
"ذوالفقار علی بھٹو","سعید محمود",2,"79 210","78:81 210:211"
"ذوالفقار علی بھٹو","سلیم احمد",2,"187 202","186:188 204:201"
"ذوالفقار علی بھٹو","سی آر اسلم",4,"163 164 167","161:165 162:165 163:165 169:165"
"ذوالفقار علی بھٹو","سید امتیاز علی تاج",1,"171","169:174"
"ذوالفقار علی بھٹو","شاد امرتسری",1,"217","219:216"
"ذوالفقار علی بھٹو","شاکر علی",4,"76 79 169 188","78:74 78:81 169:170 186:191"
"ذوالفقار علی بھٹو","شاہد حمید",2,"77 218","78:77 219:217"
"ذوالفقار علی بھٹو","شفقت تنویر مرزا",1,"179","181:178"
"ذوالفقار علی بھٹو","شمس",1,"159","161:158"
"ذوالفقار علی بھٹو","شورش کاشمیری",4,"163 164 167","161:165 162:165 163:165 169:165"
"ذوالفقار علی بھٹو","شومی قیصر",2,"182 184","181:183 186:183"
"ذوالفقار علی بھٹو","شوکت عثمان",3,"181 184 185","181:182 186:182 186:184"
"ذوالفقار علی بھٹو","شکور بیدل",1,"203","204:202"
"ذوالفقار علی بھٹو","شہرت بخاری",2,"77 187","78:76 186:188"
"ذوالفقار علی بھٹو","شہید اللہ قیصر",2,"182 184","181:183 186:183"
"ذوالفقار علی بھٹو","شیخ صلاح الدین",3,"76 78 178","78:75 78:79 181:176"
"ذوالفقار علی بھٹو","شیخ مجیب الرحمن",3,"162 163","161:163 162:163 163:163"
"ذوالفقار علی بھٹو","شیر محمد اختر",1,"77","78:76"
"ذوالفقار علی بھٹو","صادقین",1,"186","186:187"
"ذوالفقار علی بھٹو","صفدر میر",3,"179 180 188","181:178 181:179 186:191"
"ذوالفقار علی بھٹو","صلاح الدین محمود",5,"202 205 208 209 210","204:200 204:207 210:207 210:208 210:211"
"ذوالفقار علی بھٹو","ضیا جالندھری",1,"77","78:76"
"ذوالفقار علی بھٹو","ضیاء اسلام انصاری",1,"219","219:219"
"ذوالفقار علی بھٹو","ظفر صمدانی",1,"218","219:218"
"ذوالفقار علی بھٹو","ظہور بھائی",1,"203","204:203"
"ذوالفقار علی بھٹو","عالیہ",3,"188 201 220","186:190 204:199 219:222"
"ذوالفقار علی بھٹو","عبد القادر حسن",4,"163 164 167","161:166 162:166 163:166 169:166"
"ذوالفقار علی بھٹو","عبداللہ بٹ",1,"76","78:74"
"ذوالفقار علی بھٹو","عذرا عباس",2,"212 217","210:215 219:215"
"ذوالفقار علی بھٹو","عزیز الحق",5,"164 165 168 187 211","162:167 163:167 169:167 186:189 210:213"
"ذوالفقار علی بھٹو","عظیم اللہ خان",1,"210","210:211"
"ذوالفقار علی بھٹو","علامہ علاء الدین صدیقی",1,"160","161:160"
"ذوالفقار علی بھٹو","علی سردار جعفری",2,"188 219","186:191 219:220"
"ذوالفقار علی بھٹو","علیم صاحب",1,"77","78:77"
"ذوالفقار علی بھٹو","عنایت اللہ",1,"178","181:176"
"ذوالفقار علی بھٹو","غالب احمد",2,"77 219","78:77 219:219"
"ذوالفقار علی بھٹو","غلام عباس",4,"163 164 167","161:165 162:165 163:165 169:165"
"ذوالفقار علی بھٹو","غلام محمد",4,"181 184 185","181:182 186:182 186:184 186:185"
"ذوالفقار علی بھٹو","فخر الدین",1,"169","169:170"
"ذوالفقار علی بھٹو","فرہاد زیدی",1,"179","181:177"
"ذوالفقار علی بھٹو","فرہاد مظہر",2,"181 184","181:182 186:182"
"ذوالفقار علی بھٹو","فریدہ اختر",3,"181 184","181:182 186:182 186:183"
"ذوالفقار علی بھٹو","فریدہ حفیظ",1,"179","181:177"
"ذوالفقار علی بھٹو","فیض احمد فیض",3,"75 77 186","78:73 78:76 186:187"
"ذوالفقار علی بھٹو","قدرت اللہ شہاب",2,"205 208","204:207 210:207"
"ذوالفقار علی بھٹو","قرۃ العین حیدر",1,"169","169:170"
"ذوالفقار علی بھٹو","قیوم صاحب (یونیسکو)",5,"77 78 212 216","78:76 78:77 78:78 210:214 219:214"
"ذوالفقار علی بھٹو","قیوم نظر",3,"77 78 211","78:76 78:78 210:213"
"ذوالفقار علی بھٹو","لڈو",3,"164 165 168","162:167 163:167 169:167"
"ذوالفقار علی بھٹو","مبارک احمد",6,"76 212 216 217 219","78:75 210:214 219:214 219:215 219:216 219:220"
"ذوالفقار علی بھٹو","محمد باقر",1,"179","181:177"
"ذوالفقار علی بھٹو","محمد حسین آزاد",1,"179","181:177"
"ذوالفقار علی بھٹو","محمد سلیم الرحمن",1,"202","204:201"
"ذوالفقار علی بھٹو","مختار صدیقی",1,"77","78:76"
"ذوالفقار علی بھٹو","مسرت جبیں",1,"179","181:177"
"ذوالفقار علی بھٹو","مظفر علی سید",3,"77 78 188","78:77 78:79 186:191"
"ذوالفقار علی بھٹو","منظور الہی",2,"206 209","204:208 210:208"
"ذوالفقار علی بھٹو","منٹو",3,"162 163","161:163 162:163 163:163"
"ذوالفقار علی بھٹو","منیر احمد شیخ",2,"165 168","163:168 169:168"
"ذوالفقار علی بھٹو","منیر نیازی",5,"159 160 164 165 168","161:158 161:159 162:167 163:167 169:167"
"ذوالفقار علی بھٹو","مولانا ابوالکلام آزاد",1,"211","210:213"
"ذوالفقار علی بھٹو","مولانا بھاشانی",5,"161 162 163 166","161:162 162:162 163:162 163:163 169:164"
"ذوالفقار علی بھٹو","مولانا صلاح الدین احمد",1,"179","181:177"
"ذوالفقار علی بھٹو","مولانا مودودی",1,"169","169:169"
"ذوالفقار علی بھٹو","مولانا کوثر نیازی",4,"163 164 167","161:165 162:165 163:165 169:165"
"ذوالفقار علی بھٹو","میاں محمد طفیل",4,"163 164 167","161:165 162:165 163:165 169:165"
"ذوالفقار علی بھٹو","میر انیس",1,"188","186:191"
"ذوالفقار علی بھٹو","میر خلیل الرحمن",1,"76","78:74"
"ذوالفقار علی بھٹو","میرا بائی",2,"80 210","78:82 210:211"
"ذوالفقار علی بھٹو","ناصر کاظمی",17,"75 76 77 78 162 163 166 171 178 181 183 184 185 186","78:73 78:74 78:75 78:76 78:77 78:78 161:164 162:164 163:164 169:164 169:174 181:176 181:181 186:181 186:182 186:185 186:186"
"ذوالفقار علی بھٹو","نذیر ناجی",3,"161 162","161:162 162:162 163:162"
"ذوالفقار علی بھٹو","نصیر انور",1,"179","181:178"
"ذوالفقار علی بھٹو","نعیم طاہر",1,"160","161:159"
"ذوالفقار علی بھٹو","نواب ناطق",1,"75","78:73"
"ذوالفقار علی بھٹو","نور الحسن جعفری",2,"206 209","204:208 210:208"
"ذوالفقار علی بھٹو","ولی",1,"76","78:74"
"ذوالفقار علی بھٹو","ٹی ایس ایلیٹ",2,"212 217","210:215 219:215"
"ذوالفقار علی بھٹو","پروفیسر حمید احمد خاں",1,"160","161:160"
"ذوالفقار علی بھٹو","پروفیسر وزیر الحسن عابدی",1,"160","161:160"
"ذوالفقار علی بھٹو","پنا قیصر",2,"182 184","181:183 186:183"
"ذوالفقار علی بھٹو","ڈاکٹر اسرار احمد",1,"210","210:210"
"ذوالفقار علی بھٹو","ڈاکٹر باقر",3,"158 159","161:156 161:157 161:158"
"ذوالفقار علی بھٹو","ڈاکٹر سید عبداللہ",1,"202","204:201"
"ذوالفقار علی بھٹو","کبیر",1,"80","78:82"
"ذوالفقار علی بھٹو","کرشن چندر",1,"171","169:174"
"ذوالفقار علی بھٹو","کشور ناہید",5,"205 208 212 217 219","204:207 210:207 210:215 219:215 219:220"
"ذوالفقار علی بھٹو","ہیما مالنی",2,"212 217","210:215 219:215"
"ذوالفقار علی بھٹو","یوسف ظفر",3,"77 183 186","78:76 181:186 186:186"
"ذوالفقار علی بھٹو","یوسف کامران",4,"206 209 212 216","204:208 210:208 210:214 219:214"
"راجہ رسالو","ریاض بٹالوی",1,"177","178:177"
"راجہ رسالو","سارتر",2,"175 176","178:173 178:174"
"راجہ رسالو","سید امتیاز علی تاج",1,"176","178:174"
"راجہ رسالو","شفقت تنویر مرزا",1,"178","178:178"
"راجہ رسالو","شومی قیصر",1,"180","178:183"
"راجہ رسالو","شوکت عثمان",1,"180","178:182"
"راجہ رسالو","شہید اللہ قیصر",1,"180","178:183"
"راجہ رسالو","شیخ صلاح الدین",2,"176 177","178:175 178:176"
"راجہ رسالو","صفدر میر",1,"178","178:178"
"راجہ رسالو","عنایت اللہ",1,"177","178:176"
"راجہ رسالو","غلام محمد",1,"180","178:182"
"راجہ رسالو","فرہاد زیدی",1,"177","178:177"
"راجہ رسالو","فرہاد مظہر",1,"180","178:182"
"راجہ رسالو","فریدہ اختر",1,"180","178:182"
"راجہ رسالو","فریدہ حفیظ",1,"177","178:177"
"راجہ رسالو","محمد باقر",1,"177","178:177"
"راجہ رسالو","محمد حسین آزاد",1,"177","178:177"
"راجہ رسالو","مسرت جبیں",1,"177","178:177"
"راجہ رسالو","مولانا صلاح الدین احمد",1,"177","178:177"
"راجہ رسالو","ناصر کاظمی",4,"176 177 179","178:174 178:175 178:176 178:181"
"راجہ رسالو","نصیر انور",1,"178","178:178"
"راجہ رسالو","پنا قیصر",1,"180","178:183"
"راجہ رسالو","کرشن چندر",1,"176","178:174"
"رام لال","رمضان تپائی",1,"216","215:218"
"رام لال","زاہد ڈار",1,"238","239:237"
"رام لال","سائرہ ہاشمی",1,"217","215:220"
"رام لال","سارہ شگفتہ",1,"215","215:215"
"رام لال","سدھیر",1,"241","239:244"
"رام لال","سعادت سعید",1,"214","215:213"
"رام لال","سعید محمود",1,"213","215:211"
"رام لال","شاد امرتسری",1,"215","215:216"
"رام لال","شاہد حمید",1,"216","215:217"
"رام لال","شبلی بیگم",2,"238","239:237 239:238"
"رام لال","صلاح الدین محمود",1,"213","215:211"
"رام لال","ضیاء اسلام انصاری",1,"217","215:219"
"رام لال","ظفر صمدانی",1,"216","215:218"
"رام لال","عذرا عباس",1,"215","215:215"
"رام لال","عزیز الحق",1,"214","215:213"
"رام لال","عظیم اللہ خان",1,"213","215:211"
"رام لال","علی سردار جعفری",1,"217","215:220"
"رام لال","غالب احمد",1,"217","215:219"
"رام لال","غلام محمد",1,"241","239:244"
"رام لال","غلام محمد شیخ",1,"241","239:244"
"رام لال","قیوم صاحب (یونیسکو)",1,"214","215:214"
"رام لال","قیوم نظر",1,"214","215:213"
"رام لال","مبارک احمد",3,"214 215 239","215:214 215:215 239:239"
"رام لال","محمد عمر میمن",1,"241","239:244"
"رام لال","مولانا ابوالکلام آزاد",1,"214","215:213"
"رام لال","میرا بائی",1,"213","215:211"
"رام لال","ناصر کاظمی",1,"239","239:240"
"رام لال","وجے ٹنڈولکر",1,"240","239:242"
"رام لال","وکیل صاحب",1,"238","239:238"
"رام لال","ٹی ایس ایلیٹ",1,"215","215:215"
"رام لال","ڈاکٹر ارتضیٰ کریم",1,"240","239:241"
"رام لال","ڈاکٹر اسرار احمد",1,"212","215:210"
"رام لال","کشور ناہید",2,"215 239","215:215 239:239"
"رام لال","گیتانجلی",1,"241","239:244"
"رام لال","ہیما مالنی",2,"215 239","215:215 239:239"
"رام لال","یوسف کامران",1,"214","215:214"
"رام چندر جی","روحی بانو",1,"252","253:252"
"رام چندر جی","ریوتی سرن شرما",1,"254","253:255"
"رام چندر جی","زبیر رضوی",1,"254","253:255"
"رام چندر جی","سریندر پرکاش",1,"252","253:251"
"رام چندر جی","شمس",1,"253","253:253"
"رام چندر جی","شمس الرحمن فاروقی",1,"253","253:253"
"رام چندر جی","عالیہ",1,"252","253:251"
"رام چندر جی","عبید صدیقی",1,"254","253:255"
"رام چندر جی","عسکری",1,"251","253:249"
"رام چندر جی","غلام عباس",1,"251","253:250"
"رام چندر جی","قرۃ العین حیدر",1,"252","253:251"
"رام چندر جی","محمود ہاشمی",1,"254","253:255"
"رام چندر جی","منٹو",1,"252","253:252"
"رام چندر جی","میر انیس",1,"254","253:255"
"رام چندر جی","ناصر کاظمی",2,"251 252","253:250 253:252"
"رام چندر جی","نواب اسماعیل خان",1,"254","253:255"
"رام چندر جی","کشور ناہید",2,"251 252","253:250 253:252"
"رام چندر جی","گوتم بدھ",1,"253","253:253"
"رضی عابدی","ریوتی سرن شرما",1,"245","245:246"
"رضی عابدی","سدھیر",1,"244","245:244"
"رضی عابدی","شمع فتح علی",1,"245","245:246"
"رضی عابدی","عسکری",1,"247","245:249"
"رضی عابدی","علی سردار جعفری",1,"245","245:246"
"رضی عابدی","علی شریعتی",1,"245","245:245"
"رضی عابدی","غلام عباس",1,"247","245:250"
"رضی عابدی","غلام محمد",1,"244","245:244"
"رضی عابدی","غلام محمد شیخ",1,"244","245:244"
"رضی عابدی","محمد عمر میمن",2,"244 245","245:244 245:245"
"رضی عابدی","میر انیس",1,"245","245:245"
"رضی عابدی","میرا بائی",1,"245","245:246"
"رضی عابدی","ناصر کاظمی",2,"242 247","245:240 245:250"
"رضی عابدی","وجے ٹنڈولکر",2,"243 244","245:242 245:243"
"رضی عابدی","ڈاکٹر ارتضیٰ کریم",1,"243","245:241"
"رضی عابدی","کبیر",1,"245","245:246"
"رضی عابدی","کشور ناہید",2,"242 247","245:240 245:250"
"رضی عابدی","گیتانجلی",1,"244","245:244"
"رمضان تپائی","ریوتی سرن شرما",1,"40","41:40"
"رمضان تپائی","زاہد ڈار",1,"197","198:196"
"رمضان تپائی","سائرہ ہاشمی",1,"219","218:220"
"رمضان تپائی","سارتر",3,"103 104 105","106:101 106:103 106:104"
"رمضان تپائی","سارہ شگفتہ",1,"216","218:215"
"رمضان تپائی","سبط حسن",1,"43","41:45"
"رمضان تپائی","سجاد باقر رضوی",3,"195 196 200","198:193 198:194 198:202"
"رمضان تپائی","سعادت سعید",1,"215","218:213"
"رمضان تپائی","سعید بور",1,"39","41:37"
"رمضان تپائی","سعید محمود",1,"105","106:104"
"رمضان تپائی","سلیم احمد",4,"39 40 107 199","41:37 41:39 106:109 198:201"
"رمضان تپائی","سید امتیاز علی تاج",2,"104","106:102 106:103"
"رمضان تپائی","شاد امرتسری",1,"217","218:216"
"رمضان تپائی","شاکر علی",3,"196 197","198:194 198:195 198:196"
"رمضان تپائی","شاہجہان",1,"197","198:196"
"رمضان تپائی","شاہد حمید",1,"217","218:217"
"رمضان تپائی","شاہد صاحب",1,"108","106:110"
"رمضان تپائی","شعیب حزیں",1,"43","41:46"
"رمضان تپائی","شفیق احمد",1,"38","41:36"
"رمضان تپائی","شکور بیدل",1,"200","198:202"
"رمضان تپائی","شہرت بخاری",1,"107","106:108"
"رمضان تپائی","صفدر میر",1,"106","106:107"
"رمضان تپائی","صلاح الدین محمود",1,"199","198:200"
"رمضان تپائی","ضیاء اسلام انصاری",1,"218","218:219"
"رمضان تپائی","ظفر صمدانی",2,"105 218","106:104 218:218"
"رمضان تپائی","ظہور بھائی",1,"200","198:203"
"رمضان تپائی","عالیہ",2,"198 220","198:199 218:222"
"رمضان تپائی","عذرا عباس",1,"216","218:215"
"رمضان تپائی","عزیز الحق",1,"215","218:213"
"رمضان تپائی","عسکری",8,"38 39 40 103 104 108","41:36 41:37 41:38 41:39 106:101 106:102 106:103 106:110"
"رمضان تپائی","علی سردار جعفری",1,"219","218:220"
"رمضان تپائی","غازی منجم",2,"197","198:196 198:197"
"رمضان تپائی","غالب احمد",1,"218","218:219"
"رمضان تپائی","فراق",2,"38 39","41:36 41:37"
"رمضان تپائی","فیض احمد فیض",4,"104 195 197","106:102 106:103 198:193 198:197"
"رمضان تپائی","قرۃ العین حیدر",1,"106","106:107"
"رمضان تپائی","قیوم صاحب (یونیسکو)",2,"103 216","106:101 218:214"
"رمضان تپائی","قیوم نظر",1,"215","218:213"
"رمضان تپائی","مبارک احمد",5,"106 216 217 219","106:107 218:214 218:215 218:216 218:220"
"رمضان تپائی","مجروح سلطان پوری",1,"197","198:197"
"رمضان تپائی","محمد سلیم الرحمن",1,"199","198:201"
"رمضان تپائی","منٹو",1,"38","41:36"
"رمضان تپائی","مولانا ابوالکلام آزاد",1,"215","218:213"
"رمضان تپائی","مولانا حسرت موہانی",2,"40 41","41:39 41:41"
"رمضان تپائی","مولانا صلاح الدین احمد",2,"104 108","106:103 106:110"
"رمضان تپائی","مولانا غلام رسول",1,"104","106:102"
"رمضان تپائی","میاں بشیر احمد",1,"104","106:102"
"رمضان تپائی","میر انیس",2,"43 195","41:45 198:193"
"رمضان تپائی","ناصر کاظمی",2,"41 106","41:41 106:107"
"رمضان تپائی","نثار عثمانی",1,"198","198:198"
"رمضان تپائی","ٹی ایس ایلیٹ",1,"216","218:215"
"رمضان تپائی","پروفیسر کرار حسین",1,"40","41:39"
"رمضان تپائی","ڈاکٹر تاثیر",1,"43","41:46"
"رمضان تپائی","ڈاکٹر ذاکر حسین",1,"195","198:193"
"رمضان تپائی","ڈاکٹر سید عبداللہ",1,"199","198:201"
"رمضان تپائی","کرشن چندر",4,"38 39 40","41:36 41:37 41:39 41:40"
"رمضان تپائی","کشور ناہید",7,"196 197 198 216 219","198:194 198:195 198:196 198:197 198:198 218:215 218:220"
"رمضان تپائی","ہاجرہ مسرور",1,"40","41:40"
"رمضان تپائی","ہارون الرشید",2,"196 197","198:195 198:196"
"رمضان تپائی","ہیما مالنی",1,"216","218:215"
"رمضان تپائی","یوسف کامران",1,"216","218:214"
"روحی بانو","ریوتی سرن شرما",4,"253 257 258 259","252:255 260:255 260:257 260:258"
"روحی بانو","زبیر رضوی",2,"253 257","252:255 260:255"
"روحی بانو","سریندر پرکاش",1,"251","252:251"
"روحی بانو","شمس",1,"252","252:253"
"روحی بانو","شمس الرحمن فاروقی",1,"252","252:253"
"روحی بانو","عالیہ",1,"251","252:251"
"روحی بانو","عبید صدیقی",2,"253 257","252:255 260:255"
"روحی بانو","عسکری",1,"250","252:249"
"روحی بانو","غلام عباس",1,"251","252:250"
"روحی بانو","قرۃ العین حیدر",1,"251","252:251"
"روحی بانو","محمد حسین آزاد",1,"262","260:264"
"روحی بانو","محمود ہاشمی",2,"253 257","252:255 260:255"
"روحی بانو","منٹو",1,"252","252:252"
"روحی بانو","مولانا چراغ حسن حسرت",1,"262","260:264"
"روحی بانو","میر انیس",2,"253 257","252:255 260:255"
"روحی بانو","میرا بائی",1,"249","252:247"
"روحی بانو","ناصر کاظمی",3,"251 252 260","252:250 252:252 260:261"
"روحی بانو","نواب اسماعیل خان",2,"253 257","252:255 260:255"
"روحی بانو","کبیر",1,"249","252:247"
"روحی بانو","کشور ناہید",3,"251 252 260","252:250 252:252 260:260"
"روحی بانو","گوتم بدھ",1,"252","252:253"
"روشن آراء بیگم","زاہد ڈار",1,"169","168:170"
"روشن آراء بیگم","زین العابدین",1,"170","168:172"
"روشن آراء بیگم","سارتر",1,"170","168:173"
"روشن آراء بیگم","سبط حسن",2,"189","187:191 188:191"
"روشن آراء بیگم","سجاد باقر رضوی",1,"190","188:193"
"روشن آراء بیگم","سر عبد القادر",1,"167","168:166"
"روشن آراء بیگم","سراج منیر",2,"188","187:189 188:189"
"روشن آراء بیگم","سعادت سعید",1,"167","168:167"
"روشن آراء بیگم","سلیم احمد",2,"187 188","187:188 188:188"
"روشن آراء بیگم","سی آر اسلم",1,"166","168:165"
"روشن آراء بیگم","شاکر علی",3,"169 189","168:170 187:191 188:191"
"روشن آراء بیگم","شورش کاشمیری",1,"166","168:165"
"روشن آراء بیگم","شومی قیصر",1,"185","187:183"
"روشن آراء بیگم","شوکت عثمان",2,"184 185","187:182 187:184"
"روشن آراء بیگم","شہرت بخاری",2,"187 188","187:188 188:188"
"روشن آراء بیگم","شہید اللہ قیصر",1,"185","187:183"
"روشن آراء بیگم","شیخ مجیب الرحمن",1,"165","168:163"
"روشن آراء بیگم","صادقین",2,"187","187:187 188:187"
"روشن آراء بیگم","صفدر میر",2,"189","187:191 188:191"
"روشن آراء بیگم","صلاح الدین محمود",2,"189 190","187:192 188:192"
"روشن آراء بیگم","عالیہ",2,"188 189","187:190 188:190"
"روشن آراء بیگم","عبد القادر حسن",1,"167","168:166"
"روشن آراء بیگم","عزیز الحق",3,"167 188","168:167 187:189 188:189"
"روشن آراء بیگم","علی سردار جعفری",2,"189","187:191 188:191"
"روشن آراء بیگم","غلام عباس",1,"166","168:165"
"روشن آراء بیگم","غلام محمد",3,"184 185 186","187:182 187:184 187:185"
"روشن آراء بیگم","فخر الدین",1,"169","168:170"
"روشن آراء بیگم","فرہاد مظہر",1,"184","187:182"
"روشن آراء بیگم","فریدہ اختر",2,"184 185","187:182 187:183"
"روشن آراء بیگم","فیض احمد فیض",3,"187 190","187:187 188:187 188:193"
"روشن آراء بیگم","قرۃ العین حیدر",1,"169","168:170"
"روشن آراء بیگم","لڈو",1,"167","168:167"
"روشن آراء بیگم","مظفر علی سید",2,"189","187:191 188:191"
"روشن آراء بیگم","منٹو",1,"165","168:163"
"روشن آراء بیگم","منیر احمد شیخ",1,"168","168:168"
"روشن آراء بیگم","منیر نیازی",1,"167","168:167"
"روشن آراء بیگم","مولانا بھاشانی",2,"165 166","168:163 168:164"
"روشن آراء بیگم","مولانا مودودی",1,"168","168:169"
"روشن آراء بیگم","مولانا کوثر نیازی",1,"166","168:165"
"روشن آراء بیگم","میاں محمد طفیل",1,"166","168:165"
"روشن آراء بیگم","میر انیس",2,"189","187:191 188:191"
"روشن آراء بیگم","ناصر کاظمی",6,"166 184 186 187 188","168:164 187:182 187:185 187:186 187:188 188:188"
"روشن آراء بیگم","پنا قیصر",1,"185","187:183"
"روشن آراء بیگم","ڈاکٹر ذاکر حسین",1,"190","188:193"
"روشن آراء بیگم","یوسف ظفر",3,"186 187 188","187:186 187:188 188:188"
"ریاض بٹالوی","زاہد ڈار",1,"174","177:172"
"ریاض بٹالوی","زین العابدین",1,"174","177:172"
"ریاض بٹالوی","سارتر",2,"175","177:173 177:174"
"ریاض بٹالوی","سید امتیاز علی تاج",1,"175","177:174"
"ریاض بٹالوی","شاکر علی",1,"174","177:172"
"ریاض بٹالوی","شفقت تنویر مرزا",1,"177","177:178"
"ریاض بٹالوی","شوکت تھانوی",1,"145","147:144"
"ریاض بٹالوی","شوکت عثمان",1,"179","177:182"
"ریاض بٹالوی","شیخ صلاح الدین",2,"176","177:175 177:176"
"ریاض بٹالوی","شیخ مجیب الرحمن",1,"148","147:149"
"ریاض بٹالوی","صفدر میر",1,"177","177:178"
"ریاض بٹالوی","عنایت اللہ",3,"146 147 176","147:146 147:148 177:176"
"ریاض بٹالوی","غلام محمد",1,"179","177:182"
"ریاض بٹالوی","فخر الدین",1,"174","177:172"
"ریاض بٹالوی","فرہاد زیدی",1,"177","177:177"
"ریاض بٹالوی","فرہاد مظہر",1,"179","177:182"
"ریاض بٹالوی","فریدہ اختر",1,"179","177:182"
"ریاض بٹالوی","فریدہ حفیظ",1,"177","177:177"
"ریاض بٹالوی","قیوم صاحب (یونیسکو)",1,"148","147:150"
"ریاض بٹالوی","قیوم نظر",1,"148","147:150"
"ریاض بٹالوی","محمد باقر",1,"177","177:177"
"ریاض بٹالوی","محمد حسین آزاد",1,"177","177:177"
"ریاض بٹالوی","مسرت جبیں",2,"147 177","147:147 177:177"
"ریاض بٹالوی","ملک راج آنند",1,"144","147:142"
"ریاض بٹالوی","مولانا حسرت موہانی",1,"149","147:152"
"ریاض بٹالوی","مولانا صلاح الدین احمد",1,"177","177:177"
"ریاض بٹالوی","مولانا عبد المجید سالک",1,"145","147:144"
"ریاض بٹالوی","مولانا غلام رسول",1,"149","147:152"
"ریاض بٹالوی","میر نور احمد",3,"145 146 149","147:144 147:145 147:152"
"ریاض بٹالوی","ناصر کاظمی",4,"175 176 179","177:174 177:175 177:176 177:181"
"ریاض بٹالوی","نصیر انور",1,"177","177:178"
"ریاض بٹالوی","پروفیسر حمید احمد خاں",1,"148","147:150"
"ریاض بٹالوی","پروفیسر سرور",1,"145","147:143"
"ریاض بٹالوی","پروفیسر وزیر الحسن عابدی",1,"148","147:149"
"ریاض بٹالوی","ڈاکٹر ذاکر حسین",1,"145","147:143"
"ریاض بٹالوی","کرشن چندر",1,"175","177:174"
"ریوتی سرن شرما","زاہد ڈار",1,"30","32:28"
"ریوتی سرن شرما","زبیر رضوی",2,"255 256","255:255 257:255"
"ریوتی سرن شرما","سبط حسن",2,"30 42","32:29 40:45"
"ریوتی سرن شرما","سدھیر",1,"245","246:244"
"ریوتی سرن شرما","سرلا",1,"32","32:32"
"ریوتی سرن شرما","سریندر پرکاش",2,"248 253","246:251 255:251"
"ریوتی سرن شرما","سعید بور",2,"34 38","32:37 40:37"
"ریوتی سرن شرما","سلیم احمد",4,"29 34 38 39","32:27 32:37 40:37 40:39"
"ریوتی سرن شرما","سہیل عظیم آبادی",2,"31","32:30 32:31"
"ریوتی سرن شرما","شفیق احمد",2,"34 38","32:36 40:36"
"ریوتی سرن شرما","شمس",2,"254","255:253 255:254"
"ریوتی سرن شرما","شمس الرحمن فاروقی",2,"254","255:253 255:254"
"ریوتی سرن شرما","شمع فتح علی",1,"246","246:246"
"ریوتی سرن شرما","شوکت تھانوی",1,"92","94:91"
"ریوتی سرن شرما","شیخ صلاح الدین",3,"92 93 95","94:90 94:92 94:96"
"ریوتی سرن شرما","شیر محمد اختر",2,"92 95","94:91 94:97"
"ریوتی سرن شرما","صفدر میر",1,"30","32:29"
"ریوتی سرن شرما","صلاح الدین محمود",1,"94","94:94"
"ریوتی سرن شرما","ضیا جالندھری",3,"33 37 92","32:35 40:35 94:91"
"ریوتی سرن شرما","طفیل صاحب",1,"93","94:92"
"ریوتی سرن شرما","عالیہ",2,"248 253","246:251 255:251"
"ریوتی سرن شرما","عبداللہ ملک",1,"32","32:33"
"ریوتی سرن شرما","عبید صدیقی",2,"255 256","255:255 257:255"
"ریوتی سرن شرما","عسکری",13,"29 30 31 32 37 38 39 95 247","32:27 32:28 32:29 32:30 32:31 32:33 40:35 40:36 40:37 40:38 40:39 94:97 246:249"
"ریوتی سرن شرما","علی سردار جعفری",2,"31 246","32:31 246:246"
"ریوتی سرن شرما","علی شریعتی",1,"245","246:245"
"ریوتی سرن شرما","غلام عباس",2,"248 252","246:250 255:250"
"ریوتی سرن شرما","غلام محمد",1,"245","246:244"
"ریوتی سرن شرما","غلام محمد شیخ",1,"245","246:244"
"ریوتی سرن شرما","فراق",4,"34 38 96","32:36 40:36 40:37 94:99"
"ریوتی سرن شرما","فیض احمد فیض",2,"93 96","94:93 94:99"
"ریوتی سرن شرما","قرۃ العین حیدر",2,"248 253","246:251 255:251"
"ریوتی سرن شرما","قیوم صاحب (یونیسکو)",1,"91","94:89"
"ریوتی سرن شرما","قیوم نظر",1,"96","94:99"
"ریوتی سرن شرما","محمد عمر میمن",2,"245","246:244 246:245"
"ریوتی سرن شرما","محمود ہاشمی",3,"33 255 256","32:34 255:255 257:255"
"ریوتی سرن شرما","مظفر علی سید",5,"91 92 93 95","94:89 94:90 94:91 94:93 94:97"
"ریوتی سرن شرما","ممتاز شیریں",1,"33","32:34"
"ریوتی سرن شرما","منٹو",4,"33 37 38 253","32:34 40:35 40:36 255:252"
"ریوتی سرن شرما","مولانا حسرت موہانی",2,"39 40","40:39 40:41"
"ریوتی سرن شرما","مولانا صلاح الدین احمد",1,"33","32:34"
"ریوتی سرن شرما","مہندر ناتھ",2,"31 32","32:30 32:32"
"ریوتی سرن شرما","میاں بشیر احمد",1,"95","94:97"
"ریوتی سرن شرما","میر انیس",4,"42 245 255 256","40:45 246:245 255:255 257:255"
"ریوتی سرن شرما","میرا بائی",1,"246","246:246"
"ریوتی سرن شرما","ناصر کاظمی",11,"29 40 91 92 93 95 248 252 253 259","32:27 40:41 94:89 94:90 94:92 94:96 246:250 255:250 255:252 257:261 258:261"
"ریوتی سرن شرما","نواب اسماعیل خان",2,"255 256","255:255 257:255"
"ریوتی سرن شرما","وجیہہ الدین احمد",1,"33","32:34"
"ریوتی سرن شرما","وجے ٹنڈولکر",2,"244","246:242 246:243"
"ریوتی سرن شرما","ولی",1,"32","32:32"
"ریوتی سرن شرما","پروفیسر کرار حسین",1,"39","40:39"
"ریوتی سرن شرما","ڈاکٹر ارتضیٰ کریم",1,"243","246:241"
"ریوتی سرن شرما","ڈاکٹر تاثیر",2,"33 37","32:35 40:35"
"ریوتی سرن شرما","ڈاکٹر عبادت بریلوی",1,"91","94:89"
"ریوتی سرن شرما","کبیر",1,"246","246:246"
"ریوتی سرن شرما","کرشن چندر",8,"30 31 32 37 38 39 40","32:28 32:30 32:32 40:35 40:36 40:37 40:39 40:40"
"ریوتی سرن شرما","کشور ناہید",6,"248 252 253 257 258 259","246:250 255:250 255:252 255:260 257:260 258:260"
"ریوتی سرن شرما","گوتم بدھ",1,"254","255:253"
"ریوتی سرن شرما","گیتانجلی",1,"245","246:244"
"ریوتی سرن شرما","ہاجرہ مسرور",1,"40","40:40"
"ریوتی سرن شرما","یوسف ظفر",1,"96","94:99"
"ریوتی سرن شرما","یگانہ",1,"96","94:99"
"زاہد ڈار","زین العابدین",2,"171 172","170:172 172:172"
"زاہد ڈار","سارتر",2,"171 172","170:173 172:173"
"زاہد ڈار","سبط حسن",2,"28 193","28:29 196:191"
"زاہد ڈار","سجاد باقر رضوی",2,"194 195","196:193 196:194"
"زاہد ڈار","سر عبد القادر",2,"168 282","170:166 280:284"
"زاہد ڈار","سرلا",1,"30","28:32"
"زاہد ڈار","سعادت سعید",1,"168","170:167"
"زاہد ڈار","سعید محمود",2,"274 278","272:276 280:276"
"زاہد ڈار","سلیم احمد",3,"27 198 268","28:27 196:201 270:266"
"زاہد ڈار","سہیل عظیم آبادی",1,"29","28:30"
"زاہد ڈار","سی آر اسلم",1,"167","170:165"
"زاہد ڈار","سید امتیاز علی تاج",3,"172 173 279","170:174 172:174 280:279"
"زاہد ڈار","سید سلیمان ندوی",2,"282 287","280:285 290:285"
"زاہد ڈار","سیموئل بیکٹ",1,"289","290:289"
"زاہد ڈار","شارعزیز",1,"235","237:233"
"زاہد ڈار","شاکر علی",9,"170 171 172 193 195 196 274 278","170:170 172:170 172:172 196:191 196:194 196:195 196:196 272:276 280:276"
"زاہد ڈار","شاہجہان",1,"196","196:196"
"زاہد ڈار","شاہد حمید",2,"270 271","270:270 272:270"
"زاہد ڈار","شبلی بیگم",1,"237","237:237"
"زاہد ڈار","شورش کاشمیری",1,"167","170:165"
"زاہد ڈار","شہرت بخاری",2,"274 278","272:276 280:276"
"زاہد ڈار","شیخ صلاح الدین",5,"172 173 235 274 278","170:175 172:175 237:233 272:276 280:276"
"زاہد ڈار","صفدر میر",2,"28 193","28:29 196:191"
"زاہد ڈار","صلاح الدین محمود",2,"194 198","196:192 196:200"
"زاہد ڈار","ظفر اقبال",2,"235 281","237:233 280:282"
"زاہد ڈار","عارف عبدالمتین",1,"268","270:266"
"زاہد ڈار","عالیہ",2,"197 269","196:199 270:269"
"زاہد ڈار","عبد القادر حسن",1,"168","170:166"
"زاہد ڈار","عبداللہ ملک",2,"30 289","28:33 290:289"
"زاہد ڈار","عبدالمجید بھٹی",1,"288","290:286"
"زاہد ڈار","عثمان علی خاں",1,"281","280:283"
"زاہد ڈار","عزیز الحق",1,"168","170:167"
"زاہد ڈار","عسکری",8,"25 26 27 28 292 293","28:23 28:24 28:25 28:26 28:27 28:28 290:295 291:295"
"زاہد ڈار","علی سردار جعفری",2,"29 193","28:31 196:191"
"زاہد ڈار","عنایت اللہ",1,"174","172:176"
"زاہد ڈار","غازی منجم",1,"196","196:196"
"زاہد ڈار","غلام عباس",1,"167","170:165"
"زاہد ڈار","فخر الدین",3,"170 171 172","170:170 172:170 172:172"
"زاہد ڈار","فخر زمان",2,"270 271","270:271 272:271"
"زاہد ڈار","فراق",5,"27 268 272 273 277","28:26 270:266 270:275 272:275 280:275"
"زاہد ڈار","فرخ نگار عزیز",1,"282","280:284"
"زاہد ڈار","فرہاد زیدی",1,"174","172:177"
"زاہد ڈار","فریدہ حفیظ",1,"174","172:177"
"زاہد ڈار","فیض احمد فیض",4,"194 196 282 288","196:193 196:197 280:284 290:286"
"زاہد ڈار","قدرت اللہ شہاب",1,"26","28:25"
"زاہد ڈار","قرۃ العین حیدر",2,"170 171","170:170 172:170"
"زاہد ڈار","قیوم نظر",2,"25 282","28:23 280:284"
"زاہد ڈار","لائو پہلوان",2,"282 287","280:285 290:285"
"زاہد ڈار","لڈو",1,"168","170:167"
"زاہد ڈار","مبارک احمد",1,"238","237:239"
"زاہد ڈار","مجاہد اردو (گمنام مقرر)",1,"280","280:281"
"زاہد ڈار","مجروح سلطان پوری",1,"196","196:197"
"زاہد ڈار","محمد باقر",1,"174","172:177"
"زاہد ڈار","محمد حسن لطیفی",1,"288","290:287"
"زاہد ڈار","محمد حسین آزاد",1,"174","172:177"
"زاہد ڈار","محمد سلیم الرحمن",1,"198","196:201"
"زاہد ڈار","محمود ہاشمی",1,"26","28:25"
"زاہد ڈار","مختار صدیقی",1,"25","28:23"
"زاہد ڈار","مرغوب صدیقی",1,"288","290:286"
"زاہد ڈار","مسرت جبیں",1,"174","172:177"
"زاہد ڈار","مظفر علی سید",4,"193 274 278 279","196:191 272:276 280:276 280:278"
"زاہد ڈار","ممتاز شیریں",2,"26 27","28:25 28:26"
"زاہد ڈار","منظور الہی",1,"235","237:233"
"زاہد ڈار","منو بھائی",2,"289","290:288 290:289"
"زاہد ڈار","منٹو",5,"26 27 292 293","28:24 28:25 28:26 290:295 291:295"
"زاہد ڈار","منیر احمد شیخ",1,"169","170:168"
"زاہد ڈار","منیر نیازی",1,"168","170:167"
"زاہد ڈار","مولانا ابوالکلام آزاد",1,"281","280:282"
"زاہد ڈار","مولانا صلاح الدین احمد",2,"174 288","172:177 290:286"
"زاہد ڈار","مولانا ظفر علی خاں",1,"281","280:283"
"زاہد ڈار","مولانا عبد المجید سالک",1,"288","290:287"
"زاہد ڈار","مولانا مودودی",1,"169","170:169"
"زاہد ڈار","مولانا کوثر نیازی",1,"167","170:165"
"زاہد ڈار","مہندر ناتھ",1,"29","28:30"
"زاہد ڈار","میاں محمد طفیل",1,"167","170:165"
"زاہد ڈار","میر انیس",2,"193 194","196:191 196:193"
"زاہد ڈار","میر نور احمد",1,"288","290:287"
"زاہد ڈار","ناصر کاظمی",9,"27 172 173 238 274 278 280 288","28:26 28:27 170:174 172:174 237:240 272:276 280:276 280:280 290:287"
"زاہد ڈار","نانی اماں",2,"291 292","290:293 291:293"
"زاہد ڈار","نثار عثمانی",1,"197","196:198"
"زاہد ڈار","ندرت الطاف",1,"269","270:268"
"زاہد ڈار","نعیم طاہر",1,"279","280:279"
"زاہد ڈار","نواز شریف",1,"289","290:288"
"زاہد ڈار","وجے ٹنڈولکر",1,"239","237:242"
"زاہد ڈار","ولی",2,"30 279","28:32 280:278"
"زاہد ڈار","وکیل صاحب",1,"237","237:238"
"زاہد ڈار","پروفیسر عبید اللہ",1,"282","280:284"
"زاہد ڈار","پروفیسر کرار حسین",2,"271 272","270:273 272:273"
"زاہد ڈار","ڈاکٹر ارتضیٰ کریم",1,"239","237:241"
"زاہد ڈار","ڈاکٹر تاثیر",2,"25 26","28:23 28:24"
"زاہد ڈار","ڈاکٹر جاوید اقبال",1,"288","290:287"
"زاہد ڈار","ڈاکٹر ذاکر حسین",1,"194","196:193"
"زاہد ڈار","ڈاکٹر سلیم واحد سلیم",1,"268","270:266"
"زاہد ڈار","ڈاکٹر سید عبداللہ",2,"198 280","196:201 280:281"
"زاہد ڈار","ڈاکٹر عاشق حسین بٹالوی",2,"282 287","280:284 290:285"
"زاہد ڈار","ڈاکٹر عبد اللہ چغتائی",1,"282","280:284"
"زاہد ڈار","ڈاکٹر عبدالسلام خورشید",4,"282 287 288","280:285 290:285 290:286 290:287"
"زاہد ڈار","ڈاکٹر مہدی حسن",2,"271 272","270:273 272:273"
"زاہد ڈار","ڈاکٹر وحید قریشی",3,"288 292 293","290:286 290:295 291:295"
"زاہد ڈار","کرام اللہ",2,"270 271","270:270 272:270"
"زاہد ڈار","کرشن چندر",4,"27 28 172 173","28:26 28:28 170:174 172:174"
"زاہد ڈار","کرنل صدیق سالک",1,"288","290:287"
"زاہد ڈار","کشور ناہید",11,"195 196 235 238 270 271 280 289 290","196:194 196:195 196:196 237:233 237:239 270:271 272:271 280:280 290:289 290:290 291:290"
"زاہد ڈار","گوتم بدھ",2,"270 271","270:270 272:270"
"زاہد ڈار","ہارون الرشید",2,"195 196","196:195 196:196"
"زاہد ڈار","ہنس راج رہبر",2,"290 291","290:291 291:291"
"زاہد ڈار","ہیما مالنی",1,"238","237:239"
"زاہد ڈار","یوسف ظفر",1,"25","28:23"
"زاہد ڈار","یگانہ",1,"288","290:286"
"زبیر رضوی","سریندر پرکاش",1,"253","255:251"
"زبیر رضوی","شمس",2,"254","255:253 255:254"
"زبیر رضوی","شمس الرحمن فاروقی",2,"254","255:253 255:254"
"زبیر رضوی","عالیہ",1,"253","255:251"
"زبیر رضوی","عبید صدیقی",1,"255","255:255"
"زبیر رضوی","غلام عباس",1,"252","255:250"
"زبیر رضوی","قرۃ العین حیدر",1,"253","255:251"
"زبیر رضوی","محمود ہاشمی",1,"255","255:255"
"زبیر رضوی","منٹو",1,"253","255:252"
"زبیر رضوی","میر انیس",1,"255","255:255"
"زبیر رضوی","ناصر کاظمی",2,"252 253","255:250 255:252"
"زبیر رضوی","نواب اسماعیل خان",1,"255","255:255"
"زبیر رضوی","کشور ناہید",3,"252 253 257","255:250 255:252 255:260"
"زبیر رضوی","گوتم بدھ",1,"254","255:253"
"زین العابدین","سارتر",1,"172","172:173"
"زین العابدین","سعادت سعید",1,"169","172:167"
"زین العابدین","سید امتیاز علی تاج",1,"173","172:174"
"زین العابدین","شاکر علی",2,"171 172","172:170 172:172"
"زین العابدین","شیخ صلاح الدین",1,"173","172:175"
"زین العابدین","عزیز الحق",1,"169","172:167"
"زین العابدین","عنایت اللہ",1,"174","172:176"
"زین العابدین","فخر الدین",2,"171 172","172:170 172:172"
"زین العابدین","فرہاد زیدی",1,"174","172:177"
"زین العابدین","فریدہ حفیظ",1,"174","172:177"
"زین العابدین","قرۃ العین حیدر",1,"171","172:170"
"زین العابدین","لڈو",1,"169","172:167"
"زین العابدین","محمد باقر",1,"174","172:177"
"زین العابدین","محمد حسین آزاد",1,"174","172:177"
"زین العابدین","مسرت جبیں",1,"174","172:177"
"زین العابدین","منیر احمد شیخ",1,"170","172:168"
"زین العابدین","منیر نیازی",1,"169","172:167"
"زین العابدین","مولانا صلاح الدین احمد",1,"174","172:177"
"زین العابدین","مولانا مودودی",1,"170","172:169"
"زین العابدین","ناصر کاظمی",1,"173","172:174"
"زین العابدین","کرشن چندر",1,"173","172:174"
"سائرہ ہاشمی","سارہ شگفتہ",1,"217","220:215"
"سائرہ ہاشمی","شاد امرتسری",1,"218","220:216"
"سائرہ ہاشمی","شاہد حمید",1,"218","220:217"
"سائرہ ہاشمی","ضیاء اسلام انصاری",1,"219","220:219"
"سائرہ ہاشمی","ظفر صمدانی",1,"219","220:218"
"سائرہ ہاشمی","عالیہ",1,"221","220:222"
"سائرہ ہاشمی","عذرا عباس",1,"217","220:215"
"سائرہ ہاشمی","علی سردار جعفری",1,"220","220:220"
"سائرہ ہاشمی","غالب احمد",1,"219","220:219"
"سائرہ ہاشمی","مبارک احمد",3,"217 218 220","220:215 220:216 220:220"
"سائرہ ہاشمی","ٹی ایس ایلیٹ",1,"217","220:215"
"سائرہ ہاشمی","کشور ناہید",2,"217 220","220:215 220:220"
"سائرہ ہاشمی","ہیما مالنی",1,"217","220:215"
"سارتر","سبط حسن",1,"160","158:162"
"سارتر","سجاد باقر رضوی",1,"156","158:154"
"سارتر","سجاد ظہیر",1,"160","158:162"
"سارتر","سعید محمود",3,"102 103 104","101:104 103:104 104:104"
"سارتر","سلیم احمد",1,"106","104:109"
"سارتر","سید امتیاز علی تاج",6,"101 102 103 173 174","101:102 103:102 103:103 104:103 173:174 174:174"
"سارتر","شاکر علی",2,"171 172","173:170 173:172"
"سارتر","شفقت تنویر مرزا",2,"175 176","173:178 174:178"
"سارتر","شمس",1,"158","158:158"
"سارتر","شہرت بخاری",2,"105 106","103:108 104:108"
"سارتر","شیخ صلاح الدین",4,"98 100 174","101:96 101:100 173:175 174:175"
"سارتر","شیخ مجیب الرحمن",1,"160","158:163"
"سارتر","شیر محمد اختر",1,"99","101:97"
"سارتر","صفدر میر",4,"105 175 176","103:107 104:107 173:178 174:178"
"سارتر","طفیل صاحب",1,"100","101:100"
"سارتر","ظفر صمدانی",3,"102 103 104","101:104 103:104 104:104"
"سارتر","عتیق اللہ شیخ",1,"156","158:154"
"سارتر","عسکری",6,"99 101 102 103","101:97 101:101 103:101 103:102 103:103 104:103"
"سارتر","علامہ علاء الدین صدیقی",1,"159","158:160"
"سارتر","عنایت اللہ",2,"174 175","173:176 174:176"
"سارتر","فخر الدین",2,"171 172","173:170 173:172"
"سارتر","فراق",1,"100","101:99"
"سارتر","فرخ نگار عزیز",1,"156","158:154"
"سارتر","فرہاد زیدی",2,"175","173:177 174:177"
"سارتر","فریدہ حفیظ",2,"175","173:177 174:177"
"سارتر","فیض احمد فیض",5,"100 101 102 103","101:99 101:102 103:102 103:103 104:103"
"سارتر","قدرت اللہ شہاب",1,"156","158:155"
"سارتر","قرۃ العین حیدر",3,"105 171","103:107 104:107 173:170"
"سارتر","قیوم صاحب (یونیسکو)",2,"101 102","101:101 103:101"
"سارتر","قیوم نظر",1,"100","101:99"
"سارتر","مبارک احمد",2,"105","103:107 104:107"
"سارتر","محمد باقر",2,"175","173:177 174:177"
"سارتر","محمد حسین آزاد",2,"175","173:177 174:177"
"سارتر","مسرت جبیں",2,"175","173:177 174:177"
"سارتر","مظفر علی سید",2,"99 100","101:97 101:99"
"سارتر","منٹو",1,"160","158:163"
"سارتر","منیر احمد شیخ",1,"170","173:168"
"سارتر","منیر نیازی",1,"158","158:158"
"سارتر","مولانا بھاشانی",1,"160","158:162"
"سارتر","مولانا صلاح الدین احمد",5,"102 103 175","101:103 103:103 104:103 173:177 174:177"
"سارتر","مولانا غلام رسول",2,"101 102","101:102 103:102"
"سارتر","مولانا مودودی",1,"171","173:169"
"سارتر","میاں بشیر احمد",3,"99 101 102","101:97 101:102 103:102"
"سارتر","ناصر کاظمی",9,"98 99 100 105 173 174","101:96 101:97 101:98 101:99 101:100 103:107 104:107 173:174 174:174"
"سارتر","نذیر ناجی",1,"160","158:162"
"سارتر","نصیر انور",2,"175 176","173:178 174:178"
"سارتر","نعیم طاہر",1,"158","158:159"
"سارتر","پروفیسر حمید احمد خاں",1,"159","158:160"
"سارتر","پروفیسر وزیر الحسن عابدی",1,"159","158:160"
"سارتر","ڈاکٹر باقر",3,"157 158","158:156 158:157 158:158"
"سارتر","کرشن چندر",2,"173 174","173:174 174:174"
"سارتر","کمال احمد رضوی",1,"156","158:154"
"سارتر","یوسف ظفر",2,"100 156","101:99 158:154"
"سارتر","یگانہ",1,"100","101:99"
"سارہ شگفتہ","سعادت سعید",1,"214","215:213"
"سارہ شگفتہ","سعید محمود",1,"213","215:211"
"سارہ شگفتہ","شاد امرتسری",1,"215","215:216"
"سارہ شگفتہ","شاہد حمید",1,"216","215:217"
"سارہ شگفتہ","صلاح الدین محمود",1,"213","215:211"
"سارہ شگفتہ","ضیاء اسلام انصاری",1,"217","215:219"
"سارہ شگفتہ","ظفر صمدانی",1,"216","215:218"
"سارہ شگفتہ","عذرا عباس",1,"215","215:215"
"سارہ شگفتہ","عزیز الحق",1,"214","215:213"
"سارہ شگفتہ","عظیم اللہ خان",1,"213","215:211"
"سارہ شگفتہ","علی سردار جعفری",1,"217","215:220"
"سارہ شگفتہ","غالب احمد",1,"217","215:219"
"سارہ شگفتہ","قیوم صاحب (یونیسکو)",1,"214","215:214"
"سارہ شگفتہ","قیوم نظر",1,"214","215:213"
"سارہ شگفتہ","مبارک احمد",2,"214 215","215:214 215:215"
"سارہ شگفتہ","مولانا ابوالکلام آزاد",1,"214","215:213"
"سارہ شگفتہ","میرا بائی",1,"213","215:211"
"سارہ شگفتہ","ٹی ایس ایلیٹ",1,"215","215:215"
"سارہ شگفتہ","ڈاکٹر اسرار احمد",1,"212","215:210"
"سارہ شگفتہ","کشور ناہید",1,"215","215:215"
"سارہ شگفتہ","ہیما مالنی",1,"215","215:215"
"سارہ شگفتہ","یوسف کامران",1,"214","215:214"
"سبط حسن","سجاد باقر رضوی",2,"123 192","123:124 191:193"
"سبط حسن","سجاد ظہیر",2,"55 162","55:55 162:162"
"سبط حسن","سر عبد القادر",1,"164","162:166"
"سبط حسن","سراج صاحب",1,"134","133:136"
"سبط حسن","سراج منیر",2,"190","191:189 191:190"
"سبط حسن","سرلا",1,"30","29:32"
"سبط حسن","سعادت سعید",1,"164","162:167"
"سبط حسن","سعید محمود",1,"120","123:118"
"سبط حسن","سلیم احمد",2,"28 189","29:27 191:188"
"سبط حسن","سہیل عظیم آبادی",1,"29","29:30"
"سبط حسن","سی آر اسلم",1,"163","162:165"
"سبط حسن","شاکر علی",4,"53 55 121 191","55:52 55:55 123:119 191:191"
"سبط حسن","شاہجہان",1,"193","191:196"
"سبط حسن","شاہد صاحب",1,"54","55:53"
"سبط حسن","شعیب حزیں",1,"45","45:46"
"سبط حسن","شمس",1,"160","162:158"
"سبط حسن","شورش کاشمیری",1,"163","162:165"
"سبط حسن","شہرت بخاری",1,"189","191:188"
"سبط حسن","شیخ صلاح الدین",1,"120","123:118"
"سبط حسن","شیخ مجیب الرحمن",1,"162","162:163"
"سبط حسن","صادقین",1,"189","191:187"
"سبط حسن","صفدر میر",2,"29 191","29:29 191:191"
"سبط حسن","صلاح الدین محمود",1,"191","191:192"
"سبط حسن","ظفر اقبال",1,"57","55:60"
"سبط حسن","عارف عبدالمتین",1,"54","55:53"
"سبط حسن","عالیہ",1,"190","191:190"
"سبط حسن","عبد القادر حسن",1,"164","162:166"
"سبط حسن","عبداللہ ملک",1,"31","29:33"
"سبط حسن","عزیز الحق",2,"164 190","162:167 191:189"
"سبط حسن","عسکری",10,"26 27 28 29 53 54 121 122","29:24 29:25 29:26 29:27 29:28 29:29 55:51 55:53 123:120 123:121"
"سبط حسن","علامہ علاء الدین صدیقی",1,"161","162:160"
"سبط حسن","علی سردار جعفری",2,"30 191","29:31 191:191"
"سبط حسن","غازی منجم",1,"193","191:196"
"سبط حسن","غلام عباس",2,"121 163","123:120 162:165"
"سبط حسن","فراق",2,"27 55","29:26 55:55"
"سبط حسن","فیض احمد فیض",7,"47 52 55 121 133 189 192","45:50 55:50 55:55 123:120 133:133 191:187 191:193"
"سبط حسن","قدرت اللہ شہاب",2,"27 133","29:25 133:133"
"سبط حسن","قیوم صاحب (یونیسکو)",1,"123","123:123"
"سبط حسن","لئیق تانگہ والا",3,"122 135","123:121 123:122 133:137"
"سبط حسن","لڈو",1,"164","162:167"
"سبط حسن","محمود ہاشمی",2,"27 31","29:25 29:34"
"سبط حسن","مسز سراج",1,"134","133:136"
"سبط حسن","مظفر علی سید",1,"191","191:191"
"سبط حسن","ممتاز شیریں",4,"27 31 54","29:25 29:26 29:34 55:53"
"سبط حسن","منٹو",6,"26 27 31 135 162","29:24 29:25 29:26 29:34 133:137 162:163"
"سبط حسن","منیر نیازی",4,"123 160 164","123:124 162:158 162:159 162:167"
"سبط حسن","مولانا بھاشانی",1,"162","162:162"
"سبط حسن","مولانا حسرت موہانی",4,"43 44 45","45:41 45:43 45:44 45:46"
"سبط حسن","مولانا صلاح الدین احمد",3,"31 121 134","29:34 123:120 133:136"
"سبط حسن","مولانا چراغ حسن حسرت",1,"135","133:137"
"سبط حسن","مولانا کوثر نیازی",1,"163","162:165"
"سبط حسن","مہندر ناتھ",1,"29","29:30"
"سبط حسن","میاں محمد طفیل",1,"163","162:165"
"سبط حسن","میر انیس",2,"45 191","45:45 191:191"
"سبط حسن","ناصر کاظمی",13,"27 28 43 53 120 121 122 123 135 163 188 189","29:26 29:27 45:41 55:52 123:118 123:119 123:121 123:122 123:123 133:137 162:164 191:186 191:188"
"سبط حسن","نذیر ناجی",1,"162","162:162"
"سبط حسن","نعیم طاہر",1,"160","162:159"
"سبط حسن","نواب ناطق",1,"57","55:60"
"سبط حسن","وجیہہ الدین احمد",1,"31","29:34"
"سبط حسن","ولی",2,"30 124","29:32 123:126"
"سبط حسن","پروفیسر حمید احمد خاں",1,"161","162:160"
"سبط حسن","پروفیسر وزیر الحسن عابدی",1,"161","162:160"
"سبط حسن","ڈاکٹر باقر",2,"159 160","162:157 162:158"
"سبط حسن","ڈاکٹر تاثیر",2,"26 45","29:24 45:46"
"سبط حسن","ڈاکٹر ذاکر حسین",1,"192","191:193"
"سبط حسن","ڈاکٹر عاشق حسین بٹالوی",1,"134","133:136"
"سبط حسن","کرشن چندر",4,"27 28 29 42","29:26 29:28 29:30 45:40"
"سبط حسن","کشور ناہید",1,"192","191:194"
"سبط حسن","ہاجرہ مسرور",2,"42 55","45:40 55:55"
"سبط حسن","ہارون الرشید",1,"193","191:195"
"سبط حسن","یوسف ظفر",2,"188 189","191:186 191:188"
"سجاد باقر رضوی","سراج منیر",2,"191","193:189 193:190"
"سجاد باقر رضوی","سلیم احمد",2,"190 201","193:188 202:201"
"سجاد باقر رضوی","شاکر علی",4,"121 192 193 194","124:119 193:191 193:194 194:194"
"سجاد باقر رضوی","شاہجہان",2,"194 195","193:196 194:196"
"سجاد باقر رضوی","شمس",1,"156","154:158"
"سجاد باقر رضوی","شکور بیدل",1,"202","202:202"
"سجاد باقر رضوی","شہرت بخاری",1,"190","193:188"
"سجاد باقر رضوی","شیخ مجیب الرحمن",1,"151","154:149"
"سجاد باقر رضوی","صفدر میر",1,"192","193:191"
"سجاد باقر رضوی","صلاح الدین محمود",3,"192 201 204","193:192 202:200 202:207"
"سجاد باقر رضوی","ظہور بھائی",1,"202","202:203"
"سجاد باقر رضوی","عالیہ",3,"191 196 200","193:190 194:199 202:199"
"سجاد باقر رضوی","عتیق اللہ شیخ",1,"154","154:154"
"سجاد باقر رضوی","عزیز الحق",1,"191","193:189"
"سجاد باقر رضوی","عسکری",2,"122","124:120 124:121"
"سجاد باقر رضوی","علی سردار جعفری",1,"192","193:191"
"سجاد باقر رضوی","غازی منجم",3,"194 195 199","193:196 194:196 202:197"
"سجاد باقر رضوی","غلام عباس",1,"122","124:120"
"سجاد باقر رضوی","فرخ نگار عزیز",1,"154","154:154"
"سجاد باقر رضوی","فیض احمد فیض",5,"122 193 195 199","124:120 193:193 194:193 194:197 202:197"
"سجاد باقر رضوی","قدرت اللہ شہاب",2,"154 204","154:155 202:207"
"سجاد باقر رضوی","قیوم صاحب (یونیسکو)",5,"123 124 125 152","124:123 124:124 125:124 125:125 154:150"
"سجاد باقر رضوی","قیوم نظر",1,"152","154:150"
"سجاد باقر رضوی","لئیق تانگہ والا",2,"122 123","124:121 124:122"
"سجاد باقر رضوی","مجروح سلطان پوری",3,"195 199","193:197 194:197 202:197"
"سجاد باقر رضوی","محمد سلیم الرحمن",1,"201","202:201"
"سجاد باقر رضوی","مظفر علی سید",1,"192","193:191"
"سجاد باقر رضوی","منیر نیازی",4,"124 125 156","124:124 125:124 125:125 154:158"
"سجاد باقر رضوی","مولانا حسرت موہانی",1,"153","154:152"
"سجاد باقر رضوی","مولانا صلاح الدین احمد",1,"122","124:120"
"سجاد باقر رضوی","مولانا غلام رسول",1,"153","154:152"
"سجاد باقر رضوی","میر انیس",3,"192 193","193:191 193:193 194:193"
"سجاد باقر رضوی","میر نور احمد",1,"153","154:152"
"سجاد باقر رضوی","ناصر کاظمی",7,"121 122 123 124 125 190","124:119 124:121 124:122 124:123 124:125 125:125 193:188"
"سجاد باقر رضوی","نثار عثمانی",3,"195 196 200","193:198 194:198 202:198"
"سجاد باقر رضوی","نعیم طاہر",1,"156","154:159"
"سجاد باقر رضوی","ولی",2,"125","124:126 125:126"
"سجاد باقر رضوی","پروفیسر حمید احمد خاں",2,"152 153","154:150 154:152"
"سجاد باقر رضوی","پروفیسر وزیر الحسن عابدی",2,"151 152","154:149 154:150"
"سجاد باقر رضوی","ڈاکٹر باقر",1,"155","154:156"
"سجاد باقر رضوی","ڈاکٹر ذاکر حسین",2,"193","193:193 194:193"
"سجاد باقر رضوی","ڈاکٹر سید عبداللہ",1,"201","202:201"
"سجاد باقر رضوی","کشور ناہید",5,"193 194 199 200 204","193:194 194:194 202:197 202:198 202:207"
"سجاد باقر رضوی","کمال احمد رضوی",1,"154","154:154"
"سجاد باقر رضوی","ہارون الرشید",2,"194","193:195 194:195"
"سجاد باقر رضوی","یوسف ظفر",2,"154 190","154:154 193:188"
"سجاد ظہیر","سر عبد القادر",1,"164","162:166"
"سجاد ظہیر","سعادت سعید",1,"164","162:167"
"سجاد ظہیر","سی آر اسلم",1,"163","162:165"
"سجاد ظہیر","شاکر علی",2,"53 55","55:52 55:55"
"سجاد ظہیر","شاہد صاحب",1,"54","55:53"
"سجاد ظہیر","شمس",1,"160","162:158"
"سجاد ظہیر","شورش کاشمیری",1,"163","162:165"
"سجاد ظہیر","شیخ مجیب الرحمن",1,"162","162:163"
"سجاد ظہیر","ظفر اقبال",1,"57","55:60"
"سجاد ظہیر","عارف عبدالمتین",1,"54","55:53"
"سجاد ظہیر","عبد القادر حسن",1,"164","162:166"
"سجاد ظہیر","عزیز الحق",1,"164","162:167"
"سجاد ظہیر","عسکری",2,"53 54","55:51 55:53"
"سجاد ظہیر","علامہ علاء الدین صدیقی",1,"161","162:160"
"سجاد ظہیر","غلام عباس",1,"163","162:165"
"سجاد ظہیر","فراق",1,"55","55:55"
"سجاد ظہیر","فیض احمد فیض",2,"52 55","55:50 55:55"
"سجاد ظہیر","لڈو",1,"164","162:167"
"سجاد ظہیر","ممتاز شیریں",1,"54","55:53"
"سجاد ظہیر","منٹو",1,"162","162:163"
"سجاد ظہیر","منیر نیازی",3,"160 164","162:158 162:159 162:167"
"سجاد ظہیر","مولانا بھاشانی",1,"162","162:162"
"سجاد ظہیر","مولانا کوثر نیازی",1,"163","162:165"
"سجاد ظہیر","میاں محمد طفیل",1,"163","162:165"
"سجاد ظہیر","ناصر کاظمی",2,"53 163","55:52 162:164"
"سجاد ظہیر","نذیر ناجی",1,"162","162:162"
"سجاد ظہیر","نعیم طاہر",1,"160","162:159"
"سجاد ظہیر","نواب ناطق",1,"57","55:60"
"سجاد ظہیر","پروفیسر حمید احمد خاں",1,"161","162:160"
"سجاد ظہیر","پروفیسر وزیر الحسن عابدی",1,"161","162:160"
"سجاد ظہیر","ڈاکٹر باقر",2,"159 160","162:157 162:158"
"سجاد ظہیر","ہاجرہ مسرور",1,"55","55:55"
"سدھیر","شمع فتح علی",1,"245","244:246"
"سدھیر","عسکری",1,"246","244:249"
"سدھیر","علی سردار جعفری",1,"245","244:246"
"سدھیر","علی شریعتی",1,"244","244:245"
"سدھیر","غلام محمد",1,"244","244:244"
"سدھیر","غلام محمد شیخ",1,"244","244:244"
"سدھیر","مبارک احمد",1,"241","244:239"
"سدھیر","محمد عمر میمن",1,"244","244:244"
"سدھیر","میر انیس",1,"244","244:245"
"سدھیر","میرا بائی",1,"245","244:246"
"سدھیر","ناصر کاظمی",1,"242","244:240"
"سدھیر","وجے ٹنڈولکر",2,"243","244:242 244:243"
"سدھیر","ڈاکٹر ارتضیٰ کریم",1,"242","244:241"
"سدھیر","کبیر",1,"245","244:246"
"سدھیر","کشور ناہید",2,"241 242","244:239 244:240"
"سدھیر","گیتانجلی",1,"244","244:244"
"سدھیر","ہیما مالنی",1,"241","244:239"
"سر عبد القادر","سعادت سعید",1,"166","166:167"
"سر عبد القادر","سی آر اسلم",1,"165","166:165"
"سر عبد القادر","سید امتیاز علی تاج",1,"281","284:279"
"سر عبد القادر","سید سلیمان ندوی",1,"284","284:285"
"سر عبد القادر","سیموئل بیکٹ",1,"286","284:289"
"سر عبد القادر","شاکر علی",1,"168","166:170"
"سر عبد القادر","شورش کاشمیری",1,"165","166:165"
"سر عبد القادر","شیخ مجیب الرحمن",1,"164","166:163"
"سر عبد القادر","ظفر اقبال",1,"283","284:282"
"سر عبد القادر","عبد القادر حسن",1,"166","166:166"
"سر عبد القادر","عبداللہ ملک",1,"286","284:289"
"سر عبد القادر","عبدالمجید بھٹی",1,"285","284:286"
"سر عبد القادر","عثمان علی خاں",1,"283","284:283"
"سر عبد القادر","عزیز الحق",1,"166","166:167"
"سر عبد القادر","غلام عباس",1,"165","166:165"
"سر عبد القادر","فخر الدین",1,"168","166:170"
"سر عبد القادر","فرخ نگار عزیز",1,"284","284:284"
"سر عبد القادر","فیض احمد فیض",1,"284","284:284"
"سر عبد القادر","قرۃ العین حیدر",1,"168","166:170"
"سر عبد القادر","قیوم نظر",1,"284","284:284"
"سر عبد القادر","لائو پہلوان",1,"284","284:285"
"سر عبد القادر","لڈو",1,"166","166:167"
"سر عبد القادر","مجاہد اردو (گمنام مقرر)",1,"282","284:281"
"سر عبد القادر","محمد حسن لطیفی",1,"285","284:287"
"سر عبد القادر","مرغوب صدیقی",1,"285","284:286"
"سر عبد القادر","منو بھائی",1,"286","284:288"
"سر عبد القادر","منٹو",1,"164","166:163"
"سر عبد القادر","منیر احمد شیخ",1,"167","166:168"
"سر عبد القادر","منیر نیازی",1,"166","166:167"
"سر عبد القادر","مولانا ابوالکلام آزاد",1,"283","284:282"
"سر عبد القادر","مولانا بھاشانی",3,"164 165","166:162 166:163 166:164"
"سر عبد القادر","مولانا صلاح الدین احمد",1,"285","284:286"
"سر عبد القادر","مولانا ظفر علی خاں",1,"283","284:283"
"سر عبد القادر","مولانا عبد المجید سالک",1,"285","284:287"
"سر عبد القادر","مولانا مودودی",1,"167","166:169"
"سر عبد القادر","مولانا کوثر نیازی",1,"165","166:165"
"سر عبد القادر","میاں محمد طفیل",1,"165","166:165"
"سر عبد القادر","میر نور احمد",1,"285","284:287"
"سر عبد القادر","ناصر کاظمی",3,"165 282 285","166:164 284:280 284:287"
"سر عبد القادر","نذیر ناجی",1,"164","166:162"
"سر عبد القادر","نعیم طاہر",1,"281","284:279"
"سر عبد القادر","نواز شریف",1,"286","284:288"
"سر عبد القادر","پروفیسر عبید اللہ",1,"284","284:284"
"سر عبد القادر","ڈاکٹر جاوید اقبال",1,"285","284:287"
"سر عبد القادر","ڈاکٹر سید عبداللہ",1,"282","284:281"
"سر عبد القادر","ڈاکٹر عاشق حسین بٹالوی",1,"284","284:284"
"سر عبد القادر","ڈاکٹر عبد اللہ چغتائی",1,"284","284:284"
"سر عبد القادر","ڈاکٹر عبدالسلام خورشید",1,"284","284:285"
"سر عبد القادر","ڈاکٹر وحید قریشی",1,"285","284:286"
"سر عبد القادر","کرنل صدیق سالک",1,"285","284:287"
"سر عبد القادر","کشور ناہید",2,"282 284","284:280 284:284"
"سر عبد القادر","یگانہ",1,"285","284:286"
"سراج صاحب","سعید محمود",2,"79 138","78:81 136:140"
"سراج صاحب","شاکر علی",2,"76 79","78:74 78:81"
"سراج صاحب","شاہد حمید",1,"77","78:77"
"سراج صاحب","شہرت بخاری",1,"77","78:76"
"سراج صاحب","شیخ صلاح الدین",2,"76 78","78:75 78:79"
"سراج صاحب","شیر محمد اختر",1,"77","78:76"
"سراج صاحب","ضیا جالندھری",1,"77","78:76"
"سراج صاحب","عبداللہ بٹ",1,"76","78:74"
"سراج صاحب","علیم صاحب",1,"77","78:77"
"سراج صاحب","غالب احمد",1,"77","78:77"
"سراج صاحب","فیض احمد فیض",4,"75 77 134 138","78:73 78:76 136:133 136:141"
"سراج صاحب","قدرت اللہ شہاب",1,"134","136:133"
"سراج صاحب","قیوم صاحب (یونیسکو)",3,"77 78","78:76 78:77 78:78"
"سراج صاحب","قیوم نظر",2,"77 78","78:76 78:78"
"سراج صاحب","لئیق تانگہ والا",1,"136","136:137"
"سراج صاحب","مبارک احمد",1,"76","78:75"
"سراج صاحب","مختار صدیقی",1,"77","78:76"
"سراج صاحب","مسز سراج",1,"136","136:136"
"سراج صاحب","مظفر علی سید",2,"77 78","78:77 78:79"
"سراج صاحب","ملک راج آنند",1,"138","136:141"
"سراج صاحب","منٹو",1,"136","136:137"
"سراج صاحب","مولانا صلاح الدین احمد",1,"136","136:136"
"سراج صاحب","مولانا چراغ حسن حسرت",1,"136","136:137"
"سراج صاحب","میر خلیل الرحمن",1,"76","78:74"
"سراج صاحب","میرا بائی",1,"80","78:82"
"سراج صاحب","ناصر کاظمی",7,"75 76 77 78 136","78:73 78:74 78:75 78:76 78:77 78:78 136:137"
"سراج صاحب","نواب ناطق",1,"75","78:73"
"سراج صاحب","ولی",1,"76","78:74"
"سراج صاحب","ڈاکٹر عاشق حسین بٹالوی",1,"136","136:136"
"سراج صاحب","کبیر",1,"80","78:82"
"سراج صاحب","کیرولین کائزر",1,"138","136:140"
"سراج صاحب","یوسف ظفر",1,"77","78:76"
"سراج منیر","سلیم احمد",1,"188","189:188"
"سراج منیر","شاکر علی",2,"190","189:191 190:191"
"سراج منیر","شوکت عثمان",1,"186","189:184"
"سراج منیر","شہرت بخاری",1,"188","189:188"
"سراج منیر","صادقین",1,"188","189:187"
"سراج منیر","صفدر میر",2,"190","189:191 190:191"
"سراج منیر","صلاح الدین محمود",2,"190 191","189:192 190:192"
"سراج منیر","عالیہ",2,"189 190","189:190 190:190"
"سراج منیر","عزیز الحق",2,"189","189:189 190:189"
"سراج منیر","علی سردار جعفری",2,"190","189:191 190:191"
"سراج منیر","غلام محمد",2,"186 187","189:184 189:185"
"سراج منیر","فیض احمد فیض",3,"188 191","189:187 189:193 190:193"
"سراج منیر","مظفر علی سید",2,"190","189:191 190:191"
"سراج منیر","میر انیس",2,"190","189:191 190:191"
"سراج منیر","ناصر کاظمی",3,"187 188","189:185 189:186 189:188"
"سراج منیر","ڈاکٹر ذاکر حسین",2,"191","189:193 190:193"
"سراج منیر","کشور ناہید",2,"191 192","189:194 190:194"
"سراج منیر","ہارون الرشید",1,"192","190:195"
"سراج منیر","یوسف ظفر",2,"187 188","189:186 189:188"
"سرلا","سعید بور",1,"34","32:37"
"سرلا","سلیم احمد",2,"29 34","32:27 32:37"
"سرلا","سہیل عظیم آبادی",2,"31","32:30 32:31"
"سرلا","شفیق احمد",1,"34","32:36"
"سرلا","صفدر میر",1,"30","32:29"
"سرلا","ضیا جالندھری",1,"33","32:35"
"سرلا","عبداللہ ملک",1,"32","32:33"
"سرلا","عسکری",6,"29 30 31 32","32:27 32:28 32:29 32:30 32:31 32:33"
"سرلا","علی سردار جعفری",1,"31","32:31"
"سرلا","فراق",1,"34","32:36"
"سرلا","محمود ہاشمی",1,"33","32:34"
"سرلا","ممتاز شیریں",1,"33","32:34"
"سرلا","منٹو",1,"33","32:34"
"سرلا","مولانا صلاح الدین احمد",1,"33","32:34"
"سرلا","مہندر ناتھ",2,"31 32","32:30 32:32"
"سرلا","ناصر کاظمی",1,"29","32:27"
"سرلا","وجیہہ الدین احمد",1,"33","32:34"
"سرلا","ولی",1,"32","32:32"
"سرلا","ڈاکٹر تاثیر",1,"33","32:35"
"سرلا","کرشن چندر",3,"30 31 32","32:28 32:30 32:32"
"سریندر پرکاش","شمس",1,"252","251:253"
"سریندر پرکاش","شمس الرحمن فاروقی",1,"252","251:253"
"سریندر پرکاش","شمع فتح علی",1,"248","251:246"
"سریندر پرکاش","عالیہ",1,"251","251:251"
"سریندر پرکاش","عبید صدیقی",1,"253","251:255"
"سریندر پرکاش","عسکری",1,"250","251:249"
"سریندر پرکاش","علی سردار جعفری",1,"248","251:246"
"سریندر پرکاش","غلام عباس",1,"250","251:250"
"سریندر پرکاش","قرۃ العین حیدر",1,"251","251:251"
"سریندر پرکاش","محمود ہاشمی",1,"253","251:255"
"سریندر پرکاش","منٹو",1,"251","251:252"
"سریندر پرکاش","میر انیس",1,"253","251:255"
"سریندر پرکاش","میرا بائی",2,"248 249","251:246 251:247"
"سریندر پرکاش","ناصر کاظمی",2,"250 251","251:250 251:252"
"سریندر پرکاش","نواب اسماعیل خان",1,"253","251:255"
"سریندر پرکاش","کبیر",2,"248 249","251:246 251:247"
"سریندر پرکاش","کشور ناہید",2,"250 251","251:250 251:252"
"سریندر پرکاش","گوتم بدھ",1,"252","251:253"
"سعادت سعید","سعید محمود",1,"212","213:211"
"سعادت سعید","سی آر اسلم",1,"166","167:165"
"سعادت سعید","شاد امرتسری",1,"214","213:216"
"سعادت سعید","شاکر علی",1,"168","167:170"
"سعادت سعید","شاہد حمید",1,"215","213:217"
"سعادت سعید","شورش کاشمیری",1,"166","167:165"
"سعادت سعید","شیخ مجیب الرحمن",1,"165","167:163"
"سعادت سعید","صلاح الدین محمود",2,"210 212","213:208 213:211"
"سعادت سعید","ظفر صمدانی",1,"215","213:218"
"سعادت سعید","عبد القادر حسن",1,"166","167:166"
"سعادت سعید","عذرا عباس",1,"214","213:215"
"سعادت سعید","عزیز الحق",2,"167 213","167:167 213:213"
"سعادت سعید","عظیم اللہ خان",1,"212","213:211"
"سعادت سعید","غلام عباس",1,"166","167:165"
"سعادت سعید","فخر الدین",1,"168","167:170"
"سعادت سعید","قرۃ العین حیدر",1,"168","167:170"
"سعادت سعید","قیوم صاحب (یونیسکو)",1,"213","213:214"
"سعادت سعید","قیوم نظر",1,"213","213:213"
"سعادت سعید","لڈو",1,"167","167:167"
"سعادت سعید","مبارک احمد",1,"213","213:214"
"سعادت سعید","منظور الہی",1,"210","213:208"
"سعادت سعید","منٹو",1,"165","167:163"
"سعادت سعید","منیر احمد شیخ",1,"167","167:168"
"سعادت سعید","منیر نیازی",1,"167","167:167"
"سعادت سعید","مولانا ابوالکلام آزاد",1,"213","213:213"
"سعادت سعید","مولانا بھاشانی",3,"164 165","167:162 167:163 167:164"
"سعادت سعید","مولانا مودودی",1,"168","167:169"
"سعادت سعید","مولانا کوثر نیازی",1,"166","167:165"
"سعادت سعید","میاں محمد طفیل",1,"166","167:165"
"سعادت سعید","میرا بائی",1,"212","213:211"
"سعادت سعید","ناصر کاظمی",1,"165","167:164"
"سعادت سعید","نذیر ناجی",1,"164","167:162"
"سعادت سعید","نور الحسن جعفری",1,"210","213:208"
"سعادت سعید","ٹی ایس ایلیٹ",1,"214","213:215"
"سعادت سعید","ڈاکٹر اسرار احمد",1,"211","213:210"
"سعادت سعید","کشور ناہید",1,"214","213:215"
"سعادت سعید","ہیما مالنی",1,"214","213:215"
"سعادت سعید","یوسف کامران",2,"210 213","213:208 213:214"
"سعید بور","سلیم احمد",1,"37","37:37"
"سعید بور","شفیق احمد",1,"36","37:36"
"سعید بور","ضیا جالندھری",1,"36","37:35"
"سعید بور","عبداللہ ملک",2,"35","37:33 37:34"
"سعید بور","عسکری",5,"35 36 37","37:33 37:34 37:35 37:36 37:37"
"سعید بور","فراق",2,"36 37","37:36 37:37"
"سعید بور","محمود ہاشمی",1,"35","37:34"
"سعید بور","ممتاز شیریں",1,"35","37:34"
"سعید بور","منٹو",3,"35 36","37:34 37:35 37:36"
"سعید بور","مولانا حسرت موہانی",1,"38","37:39"
"سعید بور","مولانا صلاح الدین احمد",1,"35","37:34"
"سعید بور","مہندر ناتھ",1,"34","37:32"
"سعید بور","ناصر کاظمی",1,"39","37:41"
"سعید بور","وجیہہ الدین احمد",1,"35","37:34"
"سعید بور","ولی",1,"34","37:32"
"سعید بور","پروفیسر کرار حسین",1,"38","37:39"
"سعید بور","ڈاکٹر تاثیر",1,"36","37:35"
"سعید بور","کرشن چندر",4,"34 36 37","37:32 37:35 37:36 37:37"
"سعید بور","ہاجرہ مسرور",1,"38","37:40"
"سعید محمود","سلیم احمد",8,"82 83 84 85 106 112 114","81:84 82:84 83:84 85:84 85:85 104:109 115:110 115:113"
"سعید محمود","سید امتیاز علی تاج",3,"103 277","104:102 104:103 276:279"
"سعید محمود","شاد امرتسری",1,"213","211:216"
"سعید محمود","شاکر علی",6,"81 117 118 276","81:81 82:81 115:119 116:119 118:119 276:276"
"سعید محمود","شاہد حمید",1,"79","81:77"
"سعید محمود","شاہد صاحب",1,"112","115:110"
"سعید محمود","شوکت تھانوی",1,"142","140:144"
"سعید محمود","شہرت بخاری",5,"78 85 86 106 276","81:76 83:88 85:88 104:108 276:276"
"سعید محمود","شیخ صلاح الدین",16,"80 81 82 83 84 87 102 114 116 117 118 276","81:79 81:80 81:82 82:82 83:82 83:83 85:83 85:84 85:90 104:100 115:113 115:114 115:118 116:118 118:118 276:276"
"سعید محمود","شیر محمد اختر",1,"78","81:76"
"سعید محمود","صفدر میر",1,"105","104:107"
"سعید محمود","صلاح الدین محمود",3,"209 211","211:207 211:208 211:211"
"سعید محمود","ضیا جالندھری",1,"78","81:76"
"سعید محمود","طفیل صاحب",1,"102","104:100"
"سعید محمود","ظفر صمدانی",1,"104","104:104"
"سعید محمود","عذرا عباس",1,"213","211:215"
"سعید محمود","عزیز الحق",1,"212","211:213"
"سعید محمود","عسکری",11,"102 103 112 113 117 118 119 296 297","104:101 104:102 104:103 115:110 115:112 115:120 116:120 118:120 297:295 297:296 297:297"
"سعید محمود","عظیم اللہ خان",1,"211","211:211"
"سعید محمود","علیم صاحب",1,"79","81:77"
"سعید محمود","غالب احمد",1,"79","81:77"
"سعید محمود","غلام عباس",3,"117 118 119","115:120 116:120 118:120"
"سعید محمود","فخر زمان",1,"273","276:271"
"سعید محمود","فراق",2,"101 275","104:99 276:275"
"سعید محمود","فیض احمد فیض",8,"78 101 103 117 118 119 140","81:76 104:99 104:102 104:103 115:120 116:120 118:120 140:141"
"سعید محمود","قدرت اللہ شہاب",1,"209","211:207"
"سعید محمود","قرۃ العین حیدر",1,"105","104:107"
"سعید محمود","قیوم صاحب (یونیسکو)",14,"78 79 81 82 85 86 102 115 120 212","81:76 81:77 81:78 81:81 82:81 82:82 83:82 83:88 85:88 104:101 115:115 116:115 118:123 211:214"
"سعید محمود","قیوم نظر",4,"78 79 101 212","81:76 81:78 104:99 211:213"
"سعید محمود","لئیق تانگہ والا",5,"118 119 138 139","116:121 118:121 140:137 140:138 140:139"
"سعید محمود","مبارک احمد",4,"85 86 105 212","83:88 85:88 104:107 211:214"
"سعید محمود","مجاہد اردو (گمنام مقرر)",1,"278","276:281"
"سعید محمود","محمد حسن لطیفی",5,"82 83 84 85","81:84 82:84 83:84 85:84 85:85"
"سعید محمود","مختار صدیقی",1,"78","81:76"
"سعید محمود","مسز سراج",1,"138","140:136"
"سعید محمود","مظفر علی سید",14,"79 80 81 82 83 84 87 101 115 276","81:77 81:79 81:81 82:81 82:82 83:82 83:83 85:83 85:84 85:89 104:99 115:115 116:115 276:276"
"سعید محمود","ملک راج آنند",1,"140","140:141"
"سعید محمود","منظور الہی",1,"209","211:208"
"سعید محمود","منٹو",4,"114 138 296","115:113 140:137 297:295 297:296"
"سعید محمود","منیر نیازی",4,"83 84 85","81:85 82:85 83:85 85:85"
"سعید محمود","مولانا ابوالکلام آزاد",1,"212","211:213"
"سعید محمود","مولانا صلاح الدین احمد",6,"103 112 117 118 119 138","104:103 115:110 115:120 116:120 118:120 140:136"
"سعید محمود","مولانا عبد المجید سالک",1,"142","140:144"
"سعید محمود","مولانا غلام رسول",1,"103","104:102"
"سعید محمود","مولانا چراغ حسن حسرت",1,"138","140:137"
"سعید محمود","میاں بشیر احمد",3,"103 115","104:102 115:115 116:115"
"سعید محمود","میر نور احمد",1,"142","140:144"
"سعید محمود","میرا بائی",4,"81 82 211","81:82 82:82 83:82 211:211"
"سعید محمود","ناصر کاظمی",26,"78 79 80 82 83 84 85 101 102 105 112 113 114 115 116 117 118 138 139 276","81:76 81:77 81:78 81:79 81:80 81:83 82:83 83:83 85:83 85:84 85:85 104:99 104:100 104:107 115:110 115:111 115:113 115:115 116:115 116:116 118:116 118:117 118:118 140:137 140:139 276:276"
"سعید محمود","نانی اماں",1,"295","297:293"
"سعید محمود","نعیم بخاری",1,"297","297:298"
"سعید محمود","نعیم طاہر",1,"277","276:279"
"سعید محمود","نواب ناطق",4,"82 83 84","81:84 82:84 83:84 85:84"
"سعید محمود","نور الحسن جعفری",1,"209","211:208"
"سعید محمود","ولی",1,"277","276:278"
"سعید محمود","ٹی ایس ایلیٹ",1,"213","211:215"
"سعید محمود","پروفیسر حمید احمد خاں",1,"297","297:297"
"سعید محمود","پروفیسر سرور",1,"141","140:143"
"سعید محمود","پروفیسر کرار حسین",1,"274","276:273"
"سعید محمود","ڈاکٹر اسرار احمد",1,"210","211:210"
"سعید محمود","ڈاکٹر ذاکر حسین",1,"141","140:143"
"سعید محمود","ڈاکٹر سید عبداللہ",2,"278 297","276:281 297:297"
"سعید محمود","ڈاکٹر عاشق حسین بٹالوی",1,"138","140:136"
"سعید محمود","ڈاکٹر عبادت بریلوی",1,"87","85:89"
"سعید محمود","ڈاکٹر مہدی حسن",1,"274","276:273"
"سعید محمود","ڈاکٹر وحید قریشی",1,"296","297:295"
"سعید محمود","کبیر",3,"81 82","81:82 82:82 83:82"
"سعید محمود","کشور ناہید",4,"209 213 273 278","211:207 211:215 276:271 276:280"
"سعید محمود","کیرولین کائزر",1,"140","140:140"
"سعید محمود","گیتی سین",1,"297","297:298"
"سعید محمود","ہیما مالنی",1,"213","211:215"
"سعید محمود","یوسف ظفر",2,"78 101","81:76 104:99"
"سعید محمود","یوسف کامران",2,"209 212","211:208 211:214"
"سعید محمود","یگانہ",1,"101","104:99"
"سلیم احمد","سہیل عظیم آبادی",3,"17 18 28","15:20 16:20 27:30"
"سلیم احمد","شاکر علی",3,"82 189 198","84:81 188:191 201:196"
"سلیم احمد","شاہجہان",1,"198","201:196"
"سلیم احمد","شاہد حمید",1,"268","266:270"
"سلیم احمد","شاہد صاحب",3,"109 110 111","109:110 110:110 113:110"
"سلیم احمد","شفیق احمد",1,"36","37:36"
"سلیم احمد","شومی قیصر",1,"185","188:183"
"سلیم احمد","شوکت عثمان",1,"186","188:184"
"سلیم احمد","شکور بیدل",1,"201","201:202"
"سلیم احمد","شہرت بخاری",4,"86 108 188","84:88 85:88 109:108 188:188"
"سلیم احمد","شہید اللہ قیصر",1,"185","188:183"
"سلیم احمد","شیخ صلاح الدین",10,"81 82 83 84 87 111 113","84:79 84:80 84:82 84:83 84:84 85:84 85:90 109:113 110:113 113:113"
"سلیم احمد","شیر محمد اختر",1,"24","27:22"
"سلیم احمد","صادقین",1,"187","188:187"
"سلیم احمد","صفدر میر",6,"28 108 109 189","27:29 109:107 109:108 109:109 110:109 188:191"
"سلیم احمد","صلاح الدین محمود",2,"190 200","188:192 201:200"
"سلیم احمد","ضیا جالندھری",1,"36","37:35"
"سلیم احمد","ظفر صمدانی",1,"106","109:104"
"سلیم احمد","ظہور بھائی",1,"202","201:203"
"سلیم احمد","عارف عبدالمتین",1,"266","266:266"
"سلیم احمد","عالیہ",3,"189 200 267","188:190 201:199 266:269"
"سلیم احمد","عبداللہ ملک",3,"24 35","27:22 37:33 37:34"
"سلیم احمد","عزیز الحق",1,"188","188:189"
"سلیم احمد","عسکری",23,"11 12 15 16 24 25 26 27 35 36 37 38 39 109 110 111 112","14:9 14:10 14:16 15:16 16:16 27:22 27:23 27:24 27:25 27:26 27:27 37:33 37:34 37:35 37:36 37:37 39:37 39:38 39:39 109:110 110:110 113:110 113:112"
"سلیم احمد","علی سردار جعفری",4,"17 18 29 189","15:20 16:20 27:31 188:191"
"سلیم احمد","غازی منجم",2,"198 199","201:196 201:197"
"سلیم احمد","غلام عباس",2,"17 18","15:20 16:20"
"سلیم احمد","غلام محمد",2,"186","188:184 188:185"
"سلیم احمد","فخر زمان",1,"268","266:271"
"سلیم احمد","فراق",5,"26 36 37 38 266","27:26 37:36 37:37 39:37 266:266"
"سلیم احمد","فریدہ اختر",1,"185","188:183"
"سلیم احمد","فیض احمد فیض",3,"187 190 199","188:187 188:193 201:197"
"سلیم احمد","قدرت اللہ شہاب",1,"26","27:25"
"سلیم احمد","قرۃ العین حیدر",1,"108","109:107"
"سلیم احمد","قیوم صاحب (یونیسکو)",6,"82 83 86 112 114","84:81 84:82 84:88 85:88 110:115 113:115"
"سلیم احمد","قیوم نظر",2,"24 25","27:22 27:23"
"سلیم احمد","ماہر القادری",1,"13","14:12"
"سلیم احمد","مبارک احمد",3,"86 108","84:88 85:88 109:107"
"سلیم احمد","مجروح سلطان پوری",1,"199","201:197"
"سلیم احمد","محمد حسن لطیفی",3,"84 85","84:84 85:84 85:85"
"سلیم احمد","محمد حسین آزاد",1,"265","266:264"
"سلیم احمد","محمد سلیم الرحمن",1,"201","201:201"
"سلیم احمد","محمود ہاشمی",2,"26 35","27:25 37:34"
"سلیم احمد","مختار صدیقی",2,"24 25","27:22 27:23"
"سلیم احمد","مظفر علی سید",10,"81 82 83 84 87 112 114 189","84:79 84:81 84:82 84:83 84:84 85:84 85:89 110:115 113:115 188:191"
"سلیم احمد","ممتاز شیریں",3,"26 35","27:25 27:26 37:34"
"سلیم احمد","منٹو",10,"11 25 26 35 36 111 113","14:9 27:24 27:25 27:26 37:34 37:35 37:36 109:113 110:113 113:113"
"سلیم احمد","منیر نیازی",2,"84 85","84:85 85:85"
"سلیم احمد","مولانا حسرت موہانی",3,"12 38 39","14:11 37:39 39:39"
"سلیم احمد","مولانا صلاح الدین احمد",4,"35 109 110 111","37:34 109:110 110:110 113:110"
"سلیم احمد","مولانا چراغ حسن حسرت",1,"265","266:264"
"سلیم احمد","مہندر ناتھ",2,"28 34","27:30 37:32"
"سلیم احمد","میاں بشیر احمد",2,"112 114","110:115 113:115"
"سلیم احمد","میر انیس",1,"189","188:191"
"سلیم احمد","میرا بائی",1,"83","84:82"
"سلیم احمد","ناصر کاظمی",21,"26 27 39 40 81 82 83 84 85 108 109 110 111 112 113 186 187 188 263","27:26 27:27 37:41 39:41 84:79 84:80 84:83 84:84 85:84 85:85 109:107 109:108 109:110 110:110 113:110 113:111 113:113 188:185 188:186 188:188 266:261"
"سلیم احمد","نثار عثمانی",1,"199","201:198"
"سلیم احمد","ندرت الطاف",1,"267","266:268"
"سلیم احمد","نواب ناطق",2,"84","84:84 85:84"
"سلیم احمد","وجیہہ الدین احمد",1,"35","37:34"
"سلیم احمد","ولی",2,"29 34","27:32 37:32"
"سلیم احمد","پروفیسر کرار حسین",2,"38 39","37:39 39:39"
"سلیم احمد","پنا قیصر",1,"185","188:183"
"سلیم احمد","ڈاکٹر تاثیر",3,"25 36","27:23 27:24 37:35"
"سلیم احمد","ڈاکٹر ذاکر حسین",1,"190","188:193"
"سلیم احمد","ڈاکٹر سلیم واحد سلیم",1,"266","266:266"
"سلیم احمد","ڈاکٹر سید عبداللہ",1,"201","201:201"
"سلیم احمد","ڈاکٹر عبادت بریلوی",2,"86 87","84:89 85:89"
"سلیم احمد","کبیر",1,"83","84:82"
"سلیم احمد","کرام اللہ",1,"268","266:270"
"سلیم احمد","کرشن چندر",8,"26 27 34 36 37 38 39","27:26 27:28 37:32 37:35 37:36 37:37 39:37 39:39"
"سلیم احمد","کشور ناہید",4,"198 199 268","201:196 201:197 201:198 266:271"
"سلیم احمد","گوتم بدھ",1,"268","266:270"
"سلیم احمد","ہاجرہ مسرور",2,"38 39","37:40 39:40"
"سلیم احمد","ہارون الرشید",1,"198","201:196"
"سلیم احمد","یوسف ظفر",4,"24 25 187 188","27:22 27:23 188:186 188:188"
"سہیل عظیم آبادی","شفیق احمد",1,"33","31:36"
"سہیل عظیم آبادی","شیر محمد اختر",1,"21","20:22"
"سہیل عظیم آبادی","صفدر میر",1,"29","30:29"
"سہیل عظیم آبادی","ضیا جالندھری",2,"32 33","30:35 31:35"
"سہیل عظیم آبادی","عبداللہ ملک",3,"21 31 32","20:22 30:33 31:33"
"سہیل عظیم آبادی","عسکری",11,"18 19 20 27 28 29 30 31","20:16 20:19 20:20 30:25 30:26 30:27 30:28 30:29 30:30 31:30 31:31"
"سہیل عظیم آبادی","علی سردار جعفری",3,"20 30 31","20:20 30:31 31:31"
"سہیل عظیم آبادی","غلام عباس",1,"20","20:20"
"سہیل عظیم آبادی","فراق",2,"28 33","30:26 31:36"
"سہیل عظیم آبادی","قدرت اللہ شہاب",2,"22 27","20:25 30:25"
"سہیل عظیم آبادی","قیوم نظر",1,"21","20:22"
"سہیل عظیم آبادی","محمود ہاشمی",4,"22 27 32","20:25 30:25 30:34 31:34"
"سہیل عظیم آبادی","مختار صدیقی",1,"21","20:22"
"سہیل عظیم آبادی","ممتاز شیریں",5,"22 27 28 32","20:25 30:25 30:26 30:34 31:34"
"سہیل عظیم آبادی","منٹو",5,"22 27 28 32","20:24 30:25 30:26 30:34 31:34"
"سہیل عظیم آبادی","مولانا صلاح الدین احمد",2,"32","30:34 31:34"
"سہیل عظیم آبادی","مہندر ناتھ",3,"30 31","30:30 31:30 31:32"
"سہیل عظیم آبادی","ناصر کاظمی",2,"28","30:26 30:27"
"سہیل عظیم آبادی","وجیہہ الدین احمد",2,"32","30:34 31:34"
"سہیل عظیم آبادی","ولی",2,"31","30:32 31:32"
"سہیل عظیم آبادی","ڈاکٹر تاثیر",3,"21 32 33","20:23 30:35 31:35"
"سہیل عظیم آبادی","کرشن چندر",5,"28 29 30 31","30:26 30:28 30:30 31:30 31:32"
"سہیل عظیم آبادی","یوسف ظفر",1,"21","20:22"
"سی آر اسلم","شاکر علی",1,"167","165:170"
"سی آر اسلم","شورش کاشمیری",1,"165","165:165"
"سی آر اسلم","شیخ مجیب الرحمن",1,"164","165:163"
"سی آر اسلم","عبد القادر حسن",1,"165","165:166"
"سی آر اسلم","عزیز الحق",1,"166","165:167"
"سی آر اسلم","علامہ علاء الدین صدیقی",1,"162","165:160"
"سی آر اسلم","غلام عباس",1,"165","165:165"
"سی آر اسلم","فخر الدین",1,"167","165:170"
"سی آر اسلم","قرۃ العین حیدر",1,"167","165:170"
"سی آر اسلم","لڈو",1,"166","165:167"
"سی آر اسلم","منٹو",1,"164","165:163"
"سی آر اسلم","منیر احمد شیخ",1,"166","165:168"
"سی آر اسلم","منیر نیازی",1,"166","165:167"
"سی آر اسلم","مولانا بھاشانی",3,"163 164","165:162 165:163 165:164"
"سی آر اسلم","مولانا مودودی",1,"167","165:169"
"سی آر اسلم","مولانا کوثر نیازی",1,"165","165:165"
"سی آر اسلم","میاں محمد طفیل",1,"165","165:165"
"سی آر اسلم","ناصر کاظمی",1,"164","165:164"
"سی آر اسلم","نذیر ناجی",1,"163","165:162"
"سی آر اسلم","پروفیسر حمید احمد خاں",1,"162","165:160"
"سی آر اسلم","پروفیسر وزیر الحسن عابدی",1,"162","165:160"
"سید امتیاز علی تاج","شاکر علی",3,"172 173 277","174:170 174:172 279:276"
"سید امتیاز علی تاج","شفقت تنویر مرزا",1,"176","174:178"
"سید امتیاز علی تاج","شہرت بخاری",2,"105 277","103:108 279:276"
"سید امتیاز علی تاج","شیخ صلاح الدین",3,"101 174 277","102:100 174:175 279:276"
"سید امتیاز علی تاج","شیر محمد اختر",1,"99","102:97"
"سید امتیاز علی تاج","صفدر میر",3,"104 105 176","102:107 103:107 174:178"
"سید امتیاز علی تاج","طفیل صاحب",1,"101","102:100"
"سید امتیاز علی تاج","ظفر اقبال",1,"280","279:282"
"سید امتیاز علی تاج","ظفر صمدانی",2,"103","102:104 103:104"
"سید امتیاز علی تاج","عثمان علی خاں",1,"281","279:283"
"سید امتیاز علی تاج","عسکری",5,"99 101 102 103","102:97 102:101 102:102 103:102 103:103"
"سید امتیاز علی تاج","عنایت اللہ",1,"175","174:176"
"سید امتیاز علی تاج","فخر الدین",2,"172 173","174:170 174:172"
"سید امتیاز علی تاج","فراق",2,"100 277","102:99 279:275"
"سید امتیاز علی تاج","فرخ نگار عزیز",1,"281","279:284"
"سید امتیاز علی تاج","فرہاد زیدی",1,"175","174:177"
"سید امتیاز علی تاج","فریدہ حفیظ",1,"175","174:177"
"سید امتیاز علی تاج","فیض احمد فیض",5,"100 102 103 281","102:99 102:102 103:102 103:103 279:284"
"سید امتیاز علی تاج","قرۃ العین حیدر",3,"104 105 172","102:107 103:107 174:170"
"سید امتیاز علی تاج","قیوم صاحب (یونیسکو)",1,"101","102:101"
"سید امتیاز علی تاج","قیوم نظر",2,"100 281","102:99 279:284"
"سید امتیاز علی تاج","مبارک احمد",2,"104 105","102:107 103:107"
"سید امتیاز علی تاج","مجاہد اردو (گمنام مقرر)",1,"280","279:281"
"سید امتیاز علی تاج","محمد باقر",1,"175","174:177"
"سید امتیاز علی تاج","محمد حسین آزاد",1,"175","174:177"
"سید امتیاز علی تاج","مسرت جبیں",1,"175","174:177"
"سید امتیاز علی تاج","مظفر علی سید",4,"99 100 277 278","102:97 102:99 279:276 279:278"
"سید امتیاز علی تاج","مولانا ابوالکلام آزاد",1,"280","279:282"
"سید امتیاز علی تاج","مولانا صلاح الدین احمد",3,"102 103 175","102:103 103:103 174:177"
"سید امتیاز علی تاج","مولانا ظفر علی خاں",1,"281","279:283"
"سید امتیاز علی تاج","مولانا غلام رسول",2,"102","102:102 103:102"
"سید امتیاز علی تاج","مولانا مودودی",1,"171","174:169"
"سید امتیاز علی تاج","میاں بشیر احمد",3,"99 102","102:97 102:102 103:102"
"سید امتیاز علی تاج","ناصر کاظمی",9,"99 100 101 104 105 174 277 279","102:97 102:98 102:99 102:100 102:107 103:107 174:174 279:276 279:280"
"سید امتیاز علی تاج","نصیر انور",1,"176","174:178"
"سید امتیاز علی تاج","نعیم طاہر",1,"279","279:279"
"سید امتیاز علی تاج","ولی",1,"278","279:278"
"سید امتیاز علی تاج","پروفیسر عبید اللہ",1,"281","279:284"
"سید امتیاز علی تاج","ڈاکٹر سید عبداللہ",1,"280","279:281"
"سید امتیاز علی تاج","ڈاکٹر عاشق حسین بٹالوی",1,"281","279:284"
"سید امتیاز علی تاج","ڈاکٹر عبد اللہ چغتائی",1,"281","279:284"
"سید امتیاز علی تاج","کرشن چندر",1,"174","174:174"
"سید امتیاز علی تاج","کشور ناہید",1,"279","279:280"
"سید امتیاز علی تاج","یوسف ظفر",1,"100","102:99"
"سید امتیاز علی تاج","یگانہ",1,"100","102:99"
"سید سلیمان ندوی","سیموئل بیکٹ",1,"287","285:289"
"سید سلیمان ندوی","ظفر اقبال",1,"283","285:282"
"سید سلیمان ندوی","عبداللہ ملک",1,"287","285:289"
"سید سلیمان ندوی","عبدالمجید بھٹی",1,"285","285:286"
"سید سلیمان ندوی","عثمان علی خاں",1,"284","285:283"
"سید سلیمان ندوی","فرخ نگار عزیز",1,"284","285:284"
"سید سلیمان ندوی","فیض احمد فیض",2,"284 285","285:284 285:286"
"سید سلیمان ندوی","قیوم نظر",1,"284","285:284"
"سید سلیمان ندوی","لائو پہلوان",1,"285","285:285"
"سید سلیمان ندوی","مجاہد اردو (گمنام مقرر)",1,"283","285:281"
"سید سلیمان ندوی","محمد حسن لطیفی",1,"286","285:287"
"سید سلیمان ندوی","مرغوب صدیقی",1,"285","285:286"
"سید سلیمان ندوی","منو بھائی",1,"286","285:288"
"سید سلیمان ندوی","مولانا ابوالکلام آزاد",1,"283","285:282"
"سید سلیمان ندوی","مولانا صلاح الدین احمد",1,"285","285:286"
"سید سلیمان ندوی","مولانا ظفر علی خاں",1,"284","285:283"
"سید سلیمان ندوی","مولانا عبد المجید سالک",1,"286","285:287"
"سید سلیمان ندوی","میر نور احمد",1,"286","285:287"
"سید سلیمان ندوی","ناصر کاظمی",2,"282 286","285:280 285:287"
"سید سلیمان ندوی","نواز شریف",1,"286","285:288"
"سید سلیمان ندوی","پروفیسر عبید اللہ",1,"284","285:284"
"سید سلیمان ندوی","ڈاکٹر جاوید اقبال",1,"286","285:287"
"سید سلیمان ندوی","ڈاکٹر سید عبداللہ",1,"283","285:281"
"سید سلیمان ندوی","ڈاکٹر عاشق حسین بٹالوی",2,"284 285","285:284 285:285"
"سید سلیمان ندوی","ڈاکٹر عبد اللہ چغتائی",1,"284","285:284"
"سید سلیمان ندوی","ڈاکٹر عبدالسلام خورشید",1,"285","285:285"
"سید سلیمان ندوی","ڈاکٹر وحید قریشی",1,"285","285:286"
"سید سلیمان ندوی","کرنل صدیق سالک",1,"286","285:287"
"سید سلیمان ندوی","کشور ناہید",3,"282 284 287","285:280 285:284 285:289"
"سید سلیمان ندوی","یگانہ",1,"285","285:286"
"سیموئل بیکٹ","عبداللہ ملک",1,"289","289:289"
"سیموئل بیکٹ","عبدالمجید بھٹی",1,"287","289:286"
"سیموئل بیکٹ","فرخ نگار عزیز",1,"286","289:284"
"سیموئل بیکٹ","فیض احمد فیض",2,"286 287","289:284 289:286"
"سیموئل بیکٹ","قیوم نظر",1,"286","289:284"
"سیموئل بیکٹ","لائو پہلوان",1,"287","289:285"
"سیموئل بیکٹ","محمد حسن لطیفی",1,"288","289:287"
"سیموئل بیکٹ","مرغوب صدیقی",1,"287","289:286"
"سیموئل بیکٹ","منو بھائی",2,"288 289","289:288 289:289"
"سیموئل بیکٹ","مولانا صلاح الدین احمد",1,"287","289:286"
"سیموئل بیکٹ","مولانا عبد المجید سالک",1,"288","289:287"
"سیموئل بیکٹ","میر نور احمد",1,"288","289:287"
"سیموئل بیکٹ","ناصر کاظمی",1,"288","289:287"
"سیموئل بیکٹ","نانی اماں",1,"291","289:293"
"سیموئل بیکٹ","نواز شریف",1,"288","289:288"
"سیموئل بیکٹ","پروفیسر عبید اللہ",1,"286","289:284"
"سیموئل بیکٹ","ڈاکٹر جاوید اقبال",1,"288","289:287"
"سیموئل بیکٹ","ڈاکٹر عاشق حسین بٹالوی",2,"286 287","289:284 289:285"
"سیموئل بیکٹ","ڈاکٹر عبد اللہ چغتائی",1,"286","289:284"
"سیموئل بیکٹ","ڈاکٹر عبدالسلام خورشید",3,"287 288","289:285 289:286 289:287"
"سیموئل بیکٹ","ڈاکٹر وحید قریشی",1,"287","289:286"
"سیموئل بیکٹ","کرنل صدیق سالک",1,"288","289:287"
"سیموئل بیکٹ","کشور ناہید",2,"286 289","289:284 289:289"
"سیموئل بیکٹ","ہنس راج رہبر",1,"290","289:291"
"سیموئل بیکٹ","یگانہ",1,"287","289:286"
"شاد امرتسری","شاہد حمید",1,"216","216:217"
"شاد امرتسری","صلاح الدین محمود",1,"213","216:211"
"شاد امرتسری","ضیاء اسلام انصاری",1,"217","216:219"
"شاد امرتسری","ظفر صمدانی",1,"217","216:218"
"شاد امرتسری","عذرا عباس",1,"215","216:215"
"شاد امرتسری","عزیز الحق",1,"214","216:213"
"شاد امرتسری","عظیم اللہ خان",1,"213","216:211"
"شاد امرتسری","علی سردار جعفری",1,"218","216:220"
"شاد امرتسری","غالب احمد",1,"217","216:219"
"شاد امرتسری","قیوم صاحب (یونیسکو)",1,"215","216:214"
"شاد امرتسری","قیوم نظر",1,"214","216:213"
"شاد امرتسری","مبارک احمد",3,"215 216","216:214 216:215 216:216"
"شاد امرتسری","مولانا ابوالکلام آزاد",1,"214","216:213"
"شاد امرتسری","میرا بائی",1,"213","216:211"
"شاد امرتسری","ٹی ایس ایلیٹ",1,"215","216:215"
"شاد امرتسری","کشور ناہید",2,"215 218","216:215 216:220"
"شاد امرتسری","ہیما مالنی",1,"215","216:215"
"شاد امرتسری","یوسف کامران",1,"215","216:214"
"شارعزیز","شبلی بیگم",1,"235","233:237"
"شارعزیز","شیخ صلاح الدین",1,"233","233:233"
"شارعزیز","صلاح الدین محمود",1,"232","233:231"
"شارعزیز","ظفر اقبال",1,"233","233:233"
"شارعزیز","عسکری",1,"231","233:229"
"شارعزیز","فراق",1,"231","233:229"
"شارعزیز","منظور الہی",2,"232 233","233:231 233:233"
"شارعزیز","میرا بائی",1,"230","233:228"
"شارعزیز","وکیل صاحب",1,"235","233:238"
"شارعزیز","پروفیسر کرار حسین",1,"231","233:229"
"شارعزیز","کشور ناہید",2,"232 233","233:231 233:233"
"شاکر علی","شاہجہان",4,"193 195 196","191:196 194:196 195:196 196:196"
"شاکر علی","شاہد حمید",2,"75 79","74:77 81:77"
"شاکر علی","شاہد صاحب",2,"52 54","52:53 55:53"
"شاکر علی","شورش کاشمیری",1,"167","170:165"
"شاکر علی","شہرت بخاری",4,"75 78 189 276","74:76 81:76 191:188 276:276"
"شاکر علی","شیخ صلاح الدین",9,"74 80 81 116 118 172 173 276","74:75 81:79 81:80 81:82 119:114 119:118 170:175 172:175 276:276"
"شاکر علی","شیر محمد اختر",2,"75 78","74:76 81:76"
"شاکر علی","صادقین",1,"189","191:187"
"شاکر علی","صفدر میر",2,"191 192","191:191 194:191"
"شاکر علی","صلاح الدین محمود",4,"191 193 197 198","191:192 194:192 195:200 196:200"
"شاکر علی","ضیا جالندھری",2,"75 78","74:76 81:76"
"شاکر علی","ظفر اقبال",1,"57","55:60"
"شاکر علی","عارف عبدالمتین",2,"52 54","52:53 55:53"
"شاکر علی","عالیہ",4,"190 196 197","191:190 194:199 195:199 196:199"
"شاکر علی","عبد القادر حسن",1,"168","170:166"
"شاکر علی","عبدالعلیم",1,"73","74:72"
"شاکر علی","عبداللہ بٹ",1,"74","74:74"
"شاکر علی","عزیز الحق",2,"168 190","170:167 191:189"
"شاکر علی","عسکری",4,"51 52 54 119","52:51 52:53 55:53 119:120"
"شاکر علی","علی سردار جعفری",2,"191 192","191:191 194:191"
"شاکر علی","علیم صاحب",2,"75 79","74:77 81:77"
"شاکر علی","عنایت اللہ",1,"174","172:176"
"شاکر علی","غازی منجم",4,"193 195 196","191:196 194:196 195:196 196:196"
"شاکر علی","غالب احمد",2,"75 79","74:77 81:77"
"شاکر علی","غلام عباس",2,"119 167","119:120 170:165"
"شاکر علی","فخر الدین",3,"170 171 172","170:170 172:170 172:172"
"شاکر علی","فخر زمان",1,"273","276:271"
"شاکر علی","فراق",3,"53 55 275","52:55 55:55 276:275"
"شاکر علی","فرہاد زیدی",1,"174","172:177"
"شاکر علی","فریدہ حفیظ",1,"174","172:177"
"شاکر علی","فیض احمد فیض",13,"51 53 55 73 75 78 119 189 192 193 195 196","52:50 52:55 55:55 74:73 74:76 81:76 119:120 191:187 191:193 194:193 194:197 195:197 196:197"
"شاکر علی","قرۃ العین حیدر",2,"170 171","170:170 172:170"
"شاکر علی","قیوم صاحب (یونیسکو)",7,"75 78 79 81 117 121","74:76 81:76 81:77 81:78 81:81 119:115 119:123"
"شاکر علی","قیوم نظر",3,"75 78 79","74:76 81:76 81:78"
"شاکر علی","لئیق تانگہ والا",1,"120","119:121"
"شاکر علی","لڈو",1,"168","170:167"
"شاکر علی","مبارک احمد",1,"74","74:75"
"شاکر علی","مجاہد اردو (گمنام مقرر)",1,"278","276:281"
"شاکر علی","مجروح سلطان پوری",3,"195 196","194:197 195:197 196:197"
"شاکر علی","محبوب خزاں",1,"73","74:72"
"شاکر علی","محمد باقر",1,"174","172:177"
"شاکر علی","محمد حسن لطیفی",1,"82","81:84"
"شاکر علی","محمد حسین آزاد",1,"174","172:177"
"شاکر علی","محمد سلیم الرحمن",1,"198","196:201"
"شاکر علی","مختار صدیقی",2,"75 78","74:76 81:76"
"شاکر علی","مسرت جبیں",1,"174","172:177"
"شاکر علی","مظفر علی سید",8,"75 79 80 81 117 191 192 276","74:77 81:77 81:79 81:81 119:115 191:191 194:191 276:276"
"شاکر علی","ممتاز شیریں",2,"52 54","52:53 55:53"
"شاکر علی","منیر احمد شیخ",1,"169","170:168"
"شاکر علی","منیر نیازی",3,"83 121 168","81:85 119:124 170:167"
"شاکر علی","مولانا حسرت موہانی",2,"49 50","52:47 52:49"
"شاکر علی","مولانا صلاح الدین احمد",2,"119 174","119:120 172:177"
"شاکر علی","مولانا مودودی",1,"169","170:169"
"شاکر علی","مولانا کوثر نیازی",1,"167","170:165"
"شاکر علی","میاں بشیر احمد",2,"73 117","74:72 119:115"
"شاکر علی","میاں محمد طفیل",1,"167","170:165"
"شاکر علی","میر انیس",3,"191 192 193","191:191 194:191 194:193"
"شاکر علی","میر خلیل الرحمن",1,"74","74:74"
"شاکر علی","میرا بائی",1,"81","81:82"
"شاکر علی","ناصر کاظمی",23,"52 53 71 72 73 74 78 79 80 82 117 118 119 172 173 188 189 276","52:52 55:52 74:69 74:70 74:72 74:73 74:74 81:76 81:77 81:78 81:79 81:80 81:83 119:115 119:116 119:117 119:118 119:119 170:174 172:174 191:186 191:188 276:276"
"شاکر علی","نثار عثمانی",3,"196 197","194:198 195:198 196:198"
"شاکر علی","نعیم طاہر",1,"277","276:279"
"شاکر علی","نواب ناطق",4,"57 72 73 82","55:60 74:71 74:73 81:84"
"شاکر علی","ولی",2,"74 277","74:74 276:278"
"شاکر علی","پروفیسر کرار حسین",1,"274","276:273"
"شاکر علی","ڈاکٹر ذاکر حسین",2,"192 193","191:193 194:193"
"شاکر علی","ڈاکٹر سید عبداللہ",2,"198 278","196:201 276:281"
"شاکر علی","ڈاکٹر مہدی حسن",1,"274","276:273"
"شاکر علی","کبیر",1,"81","81:82"
"شاکر علی","کرشن چندر",2,"172 173","170:174 172:174"
"شاکر علی","کشور ناہید",8,"192 194 195 196 273 278","191:194 194:194 195:194 195:195 196:195 196:196 276:271 276:280"
"شاکر علی","ہاجرہ مسرور",2,"53 55","52:55 55:55"
"شاکر علی","ہارون الرشید",5,"193 194 195 196","191:195 194:195 195:195 196:195 196:196"
"شاکر علی","یوسف ظفر",4,"75 78 188 189","74:76 81:76 191:186 191:188"
"شاہجہان","صفدر میر",1,"193","196:191"
"شاہجہان","صلاح الدین محمود",2,"194 198","196:192 196:200"
"شاہجہان","عالیہ",1,"197","196:199"
"شاہجہان","علی سردار جعفری",1,"193","196:191"
"شاہجہان","غازی منجم",1,"196","196:196"
"شاہجہان","فیض احمد فیض",2,"194 196","196:193 196:197"
"شاہجہان","مجروح سلطان پوری",1,"196","196:197"
"شاہجہان","محمد سلیم الرحمن",1,"198","196:201"
"شاہجہان","مظفر علی سید",1,"193","196:191"
"شاہجہان","میر انیس",2,"193 194","196:191 196:193"
"شاہجہان","نثار عثمانی",1,"197","196:198"
"شاہجہان","ڈاکٹر ذاکر حسین",1,"194","196:193"
"شاہجہان","ڈاکٹر سید عبداللہ",1,"198","196:201"
"شاہجہان","کشور ناہید",3,"195 196","196:194 196:195 196:196"
"شاہجہان","ہارون الرشید",2,"195 196","196:195 196:196"
"شاہد حمید","شہرت بخاری",1,"76","77:76"
"شاہد حمید","شیخ صلاح الدین",6,"64 65 66 67 76 78","67:62 67:63 67:66 67:67 77:75 77:79"
"شاہد حمید","شیر محمد اختر",1,"76","77:76"
"شاہد حمید","صفدر میر",1,"67","67:68"
"شاہد حمید","ضیا جالندھری",1,"76","77:76"
"شاہد حمید","ضیاء اسلام انصاری",1,"218","217:219"
"شاہد حمید","ظفر صمدانی",1,"217","217:218"
"شاہد حمید","عارف عبدالمتین",1,"268","270:266"
"شاہد حمید","عالیہ",2,"219 269","217:222 270:269"
"شاہد حمید","عبدالعلیم",2,"69 74","67:72 77:72"
"شاہد حمید","عبداللہ بٹ",1,"75","77:74"
"شاہد حمید","عذرا عباس",1,"216","217:215"
"شاہد حمید","عزیز الحق",1,"215","217:213"
"شاہد حمید","علی سردار جعفری",1,"218","217:220"
"شاہد حمید","علیم صاحب",1,"77","77:77"
"شاہد حمید","غالب احمد",2,"77 218","77:77 217:219"
"شاہد حمید","غلام محمد",1,"67","67:67"
"شاہد حمید","فخر زمان",1,"270","270:271"
"شاہد حمید","فراق",2,"268 272","270:266 270:275"
"شاہد حمید","فیض احمد فیض",2,"75 76","77:73 77:76"
"شاہد حمید","قیوم صاحب (یونیسکو)",3,"76 77 215","77:76 77:77 217:214"
"شاہد حمید","قیوم نظر",3,"76 77 215","77:76 77:78 217:213"
"شاہد حمید","مبارک احمد",5,"76 215 216 218","77:75 217:214 217:215 217:216 217:220"
"شاہد حمید","محبوب خزاں",2,"69 74","67:72 77:72"
"شاہد حمید","مختار صدیقی",1,"76","77:76"
"شاہد حمید","مظفر علی سید",2,"64 77","67:62 77:77"
"شاہد حمید","مولانا ابوالکلام آزاد",1,"215","217:213"
"شاہد حمید","میاں بشیر احمد",2,"69 74","67:72 77:72"
"شاہد حمید","میر خلیل الرحمن",1,"75","77:74"
"شاہد حمید","میرا بائی",1,"79","77:82"
"شاہد حمید","ناصر کاظمی",11,"64 65 66 67 74 75 76 77","67:62 67:64 67:65 67:66 67:67 77:72 77:73 77:74 77:75 77:76 77:77"
"شاہد حمید","ندرت الطاف",1,"269","270:268"
"شاہد حمید","نواب ناطق",2,"69 75","67:71 77:73"
"شاہد حمید","ولی",1,"75","77:74"
"شاہد حمید","ٹی ایس ایلیٹ",1,"216","217:215"
"شاہد حمید","پروفیسر کرار حسین",1,"271","270:273"
"شاہد حمید","ڈاکٹر سلیم واحد سلیم",1,"268","270:266"
"شاہد حمید","ڈاکٹر مہدی حسن",1,"271","270:273"
"شاہد حمید","کبیر",1,"79","77:82"
"شاہد حمید","کرام اللہ",1,"270","270:270"
"شاہد حمید","کشور ناہید",3,"216 218 270","217:215 217:220 270:271"
"شاہد حمید","گوتم بدھ",1,"270","270:270"
"شاہد حمید","ہیما مالنی",1,"216","217:215"
"شاہد حمید","یوسف ظفر",1,"76","77:76"
"شاہد حمید","یوسف کامران",1,"215","217:214"
"شاہد صاحب","شہرت بخاری",1,"109","110:108"
"شاہد صاحب","شیخ صلاح الدین",1,"111","110:113"
"شاہد صاحب","صفدر میر",3,"108 109","110:107 110:108 110:109"
"شاہد صاحب","عارف عبدالمتین",1,"53","53:53"
"شاہد صاحب","عبدالمجید بھٹی",2,"4 5","3:6 4:6"
"شاہد صاحب","عسکری",6,"2 4 52 53 110","3:1 3:5 4:5 53:51 53:53 110:110"
"شاہد صاحب","فراق",1,"54","53:55"
"شاہد صاحب","فیض احمد فیض",2,"51 54","53:50 53:55"
"شاہد صاحب","قرۃ العین حیدر",1,"108","110:107"
"شاہد صاحب","قیوم صاحب (یونیسکو)",1,"112","110:115"
"شاہد صاحب","مبارک احمد",1,"108","110:107"
"شاہد صاحب","مظفر علی سید",1,"112","110:115"
"شاہد صاحب","ممتاز شیریں",1,"53","53:53"
"شاہد صاحب","منٹو",2,"6 111","4:9 110:113"
"شاہد صاحب","مولانا حسرت موہانی",1,"51","53:49"
"شاہد صاحب","مولانا صلاح الدین احمد",1,"110","110:110"
"شاہد صاحب","میاں ایم اسلم",1,"2","3:1"
"شاہد صاحب","میاں بشیر احمد",1,"112","110:115"
"شاہد صاحب","ناصر کاظمی",4,"52 108 109 110","53:52 110:107 110:108 110:110"
"شاہد صاحب","نفیس خلیلی",2,"5","3:7 4:7"
"شاہد صاحب","ولی",2,"3","3:3 4:3"
"شاہد صاحب","ہاجرہ مسرور",1,"54","53:55"
"شبلی بیگم","شیخ صلاح الدین",1,"235","237:233"
"شبلی بیگم","ظفر اقبال",1,"235","237:233"
"شبلی بیگم","مبارک احمد",2,"238","237:239 238:239"
"شبلی بیگم","منظور الہی",1,"235","237:233"
"شبلی بیگم","ناصر کاظمی",2,"238 239","237:240 238:240"
"شبلی بیگم","وجے ٹنڈولکر",2,"239 240","237:242 238:242"
"شبلی بیگم","وکیل صاحب",2,"237 238","237:238 238:238"
"شبلی بیگم","ڈاکٹر ارتضیٰ کریم",2,"239","237:241 238:241"
"شبلی بیگم","کشور ناہید",3,"235 238","237:233 237:239 238:239"
"شبلی بیگم","ہیما مالنی",2,"238","237:239 238:239"
"شعیب حزیں","عسکری",1,"48","46:51"
"شعیب حزیں","فیض احمد فیض",1,"48","46:50"
"شعیب حزیں","مولانا حسرت موہانی",4,"43 44 45 46","46:41 46:43 46:44 46:46"
"شعیب حزیں","میر انیس",1,"45","46:45"
"شعیب حزیں","ناصر کاظمی",1,"43","46:41"
"شعیب حزیں","ڈاکٹر تاثیر",1,"46","46:46"
"شفقت تنویر مرزا","شومی قیصر",1,"180","178:183"
"شفقت تنویر مرزا","شوکت عثمان",1,"180","178:182"
"شفقت تنویر مرزا","شہید اللہ قیصر",1,"180","178:183"
"شفقت تنویر مرزا","شیخ صلاح الدین",2,"176 177","178:175 178:176"
"شفقت تنویر مرزا","صفدر میر",1,"178","178:178"
"شفقت تنویر مرزا","عنایت اللہ",1,"177","178:176"
"شفقت تنویر مرزا","غلام محمد",1,"180","178:182"
"شفقت تنویر مرزا","فرہاد زیدی",1,"177","178:177"
"شفقت تنویر مرزا","فرہاد مظہر",1,"180","178:182"
"شفقت تنویر مرزا","فریدہ اختر",1,"180","178:182"
"شفقت تنویر مرزا","فریدہ حفیظ",1,"177","178:177"
"شفقت تنویر مرزا","محمد باقر",1,"177","178:177"
"شفقت تنویر مرزا","محمد حسین آزاد",1,"177","178:177"
"شفقت تنویر مرزا","مسرت جبیں",1,"177","178:177"
"شفقت تنویر مرزا","مولانا صلاح الدین احمد",1,"177","178:177"
"شفقت تنویر مرزا","ناصر کاظمی",4,"176 177 179","178:174 178:175 178:176 178:181"
"شفقت تنویر مرزا","نصیر انور",1,"178","178:178"
"شفقت تنویر مرزا","پنا قیصر",1,"180","178:183"
"شفقت تنویر مرزا","کرشن چندر",1,"176","178:174"
"شفیق احمد","ضیا جالندھری",1,"35","36:35"
"شفیق احمد","عبداللہ ملک",2,"34 35","36:33 36:34"
"شفیق احمد","عسکری",5,"33 34 35 36","36:31 36:33 36:34 36:35 36:36"
"شفیق احمد","علی سردار جعفری",1,"33","36:31"
"شفیق احمد","فراق",1,"36","36:36"
"شفیق احمد","محمود ہاشمی",1,"35","36:34"
"شفیق احمد","ممتاز شیریں",1,"35","36:34"
"شفیق احمد","منٹو",3,"35 36","36:34 36:35 36:36"
"شفیق احمد","مولانا حسرت موہانی",1,"37","36:39"
"شفیق احمد","مولانا صلاح الدین احمد",1,"35","36:34"
"شفیق احمد","مہندر ناتھ",1,"34","36:32"
"شفیق احمد","ناصر کاظمی",1,"38","36:41"
"شفیق احمد","وجیہہ الدین احمد",1,"35","36:34"
"شفیق احمد","ولی",1,"34","36:32"
"شفیق احمد","پروفیسر کرار حسین",1,"37","36:39"
"شفیق احمد","ڈاکٹر تاثیر",1,"35","36:35"
"شفیق احمد","کرشن چندر",3,"34 35 36","36:32 36:35 36:36"
"شفیق احمد","ہاجرہ مسرور",1,"38","36:40"
"شمس","شمس الرحمن فاروقی",3,"253 254","253:253 254:253 254:254"
"شمس","شیخ مجیب الرحمن",1,"160","158:163"
"شمس","عالیہ",1,"252","253:251"
"شمس","عبید صدیقی",2,"254","253:255 254:255"
"شمس","عتیق اللہ شیخ",1,"156","158:154"
"شمس","عسکری",1,"251","253:249"
"شمس","علامہ علاء الدین صدیقی",1,"159","158:160"
"شمس","غلام عباس",1,"251","253:250"
"شمس","فرخ نگار عزیز",1,"156","158:154"
"شمس","قدرت اللہ شہاب",1,"156","158:155"
"شمس","قرۃ العین حیدر",1,"252","253:251"
"شمس","محمود ہاشمی",2,"254","253:255 254:255"
"شمس","منٹو",2,"160 252","158:163 253:252"
"شمس","منیر نیازی",1,"158","158:158"
"شمس","مولانا بھاشانی",1,"160","158:162"
"شمس","میر انیس",2,"254","253:255 254:255"
"شمس","ناصر کاظمی",2,"251 252","253:250 253:252"
"شمس","نذیر ناجی",1,"160","158:162"
"شمس","نعیم طاہر",1,"158","158:159"
"شمس","نواب اسماعیل خان",2,"254","253:255 254:255"
"شمس","پروفیسر حمید احمد خاں",1,"159","158:160"
"شمس","پروفیسر وزیر الحسن عابدی",1,"159","158:160"
"شمس","ڈاکٹر باقر",3,"157 158","158:156 158:157 158:158"
"شمس","کشور ناہید",2,"251 252","253:250 253:252"
"شمس","کمال احمد رضوی",1,"156","158:154"
"شمس","گوتم بدھ",2,"253","253:253 254:253"
"شمس","یوسف ظفر",1,"156","158:154"
"شمس الرحمن فاروقی","عالیہ",1,"252","253:251"
"شمس الرحمن فاروقی","عبید صدیقی",2,"254","253:255 254:255"
"شمس الرحمن فاروقی","عسکری",1,"251","253:249"
"شمس الرحمن فاروقی","غلام عباس",1,"251","253:250"
"شمس الرحمن فاروقی","قرۃ العین حیدر",1,"252","253:251"
"شمس الرحمن فاروقی","محمود ہاشمی",2,"254","253:255 254:255"
"شمس الرحمن فاروقی","منٹو",1,"252","253:252"
"شمس الرحمن فاروقی","میر انیس",2,"254","253:255 254:255"
"شمس الرحمن فاروقی","ناصر کاظمی",2,"251 252","253:250 253:252"
"شمس الرحمن فاروقی","نواب اسماعیل خان",2,"254","253:255 254:255"
"شمس الرحمن فاروقی","کشور ناہید",2,"251 252","253:250 253:252"
"شمس الرحمن فاروقی","گوتم بدھ",2,"253","253:253 254:253"
"شمع فتح علی","عالیہ",1,"248","246:251"
"شمع فتح علی","عسکری",1,"247","246:249"
"شمع فتح علی","علی سردار جعفری",1,"246","246:246"
"شمع فتح علی","علی شریعتی",1,"245","246:245"
"شمع فتح علی","غلام عباس",1,"248","246:250"
"شمع فتح علی","غلام محمد",1,"245","246:244"
"شمع فتح علی","غلام محمد شیخ",1,"245","246:244"
"شمع فتح علی","قرۃ العین حیدر",1,"248","246:251"
"شمع فتح علی","محمد عمر میمن",2,"245","246:244 246:245"
"شمع فتح علی","میر انیس",1,"245","246:245"
"شمع فتح علی","میرا بائی",1,"246","246:246"
"شمع فتح علی","ناصر کاظمی",1,"248","246:250"
"شمع فتح علی","وجے ٹنڈولکر",2,"244","246:242 246:243"
"شمع فتح علی","ڈاکٹر ارتضیٰ کریم",1,"243","246:241"
"شمع فتح علی","کبیر",1,"246","246:246"
"شمع فتح علی","کشور ناہید",1,"248","246:250"
"شمع فتح علی","گیتانجلی",1,"245","246:244"
"شورش کاشمیری","شیخ مجیب الرحمن",1,"164","165:163"
"شورش کاشمیری","عبد القادر حسن",1,"165","165:166"
"شورش کاشمیری","عزیز الحق",1,"166","165:167"
"شورش کاشمیری","علامہ علاء الدین صدیقی",1,"162","165:160"
"شورش کاشمیری","غلام عباس",1,"165","165:165"
"شورش کاشمیری","فخر الدین",1,"167","165:170"
"شورش کاشمیری","قرۃ العین حیدر",1,"167","165:170"
"شورش کاشمیری","لڈو",1,"166","165:167"
"شورش کاشمیری","منٹو",1,"164","165:163"
"شورش کاشمیری","منیر احمد شیخ",1,"166","165:168"
"شورش کاشمیری","منیر نیازی",1,"166","165:167"
"شورش کاشمیری","مولانا بھاشانی",3,"163 164","165:162 165:163 165:164"
"شورش کاشمیری","مولانا مودودی",1,"167","165:169"
"شورش کاشمیری","مولانا کوثر نیازی",1,"165","165:165"
"شورش کاشمیری","میاں محمد طفیل",1,"165","165:165"
"شورش کاشمیری","ناصر کاظمی",1,"164","165:164"
"شورش کاشمیری","نذیر ناجی",1,"163","165:162"
"شورش کاشمیری","پروفیسر حمید احمد خاں",1,"162","165:160"
"شورش کاشمیری","پروفیسر وزیر الحسن عابدی",1,"162","165:160"
"شومی قیصر","شوکت عثمان",2,"182 183","183:182 183:184"
"شومی قیصر","شہرت بخاری",1,"185","183:188"
"شومی قیصر","شہید اللہ قیصر",1,"183","183:183"
"شومی قیصر","صادقین",1,"185","183:187"
"شومی قیصر","صفدر میر",2,"180 181","183:178 183:179"
"شومی قیصر","غلام محمد",2,"182 183","183:182 183:184"
"شومی قیصر","فرہاد مظہر",1,"182","183:182"
"شومی قیصر","فریدہ اختر",2,"182 183","183:182 183:183"
"شومی قیصر","فیض احمد فیض",1,"185","183:187"
"شومی قیصر","ناصر کاظمی",3,"182 184","183:181 183:182 183:185"
"شومی قیصر","نصیر انور",1,"180","183:178"
"شومی قیصر","پنا قیصر",1,"183","183:183"
"شومی قیصر","یوسف ظفر",1,"184","183:186"
"شوکت تھانوی","شہرت بخاری",1,"89","91:88"
"شوکت تھانوی","شیخ صلاح الدین",2,"90 91","91:90 91:92"
"شوکت تھانوی","شیخ مجیب الرحمن",1,"146","144:149"
"شوکت تھانوی","شیر محمد اختر",1,"91","91:91"
"شوکت تھانوی","صلاح الدین محمود",1,"92","91:94"
"شوکت تھانوی","ضیا جالندھری",1,"91","91:91"
"شوکت تھانوی","طفیل صاحب",1,"91","91:92"
"شوکت تھانوی","عنایت اللہ",1,"145","144:146"
"شوکت تھانوی","فیض احمد فیض",2,"92 142","91:93 144:141"
"شوکت تھانوی","قیوم صاحب (یونیسکو)",2,"89 90","91:88 91:89"
"شوکت تھانوی","لئیق تانگہ والا",1,"141","144:139"
"شوکت تھانوی","مبارک احمد",1,"89","91:88"
"شوکت تھانوی","محمد حسن لطیفی",1,"88","91:86"
"شوکت تھانوی","مسرت جبیں",1,"145","144:147"
"شوکت تھانوی","مظفر علی سید",3,"90 91","91:89 91:90 91:91"
"شوکت تھانوی","ملک راج آنند",2,"142 143","144:141 144:142"
"شوکت تھانوی","مولانا عبد المجید سالک",1,"144","144:144"
"شوکت تھانوی","میر نور احمد",1,"144","144:144"
"شوکت تھانوی","ناصر کاظمی",4,"90 91 141","91:89 91:90 91:92 144:139"
"شوکت تھانوی","پروفیسر سرور",1,"143","144:143"
"شوکت تھانوی","پروفیسر وزیر الحسن عابدی",1,"146","144:149"
"شوکت تھانوی","ڈاکٹر ذاکر حسین",1,"143","144:143"
"شوکت تھانوی","ڈاکٹر عبادت بریلوی",1,"90","91:89"
"شوکت تھانوی","کیرولین کائزر",1,"142","144:140"
"شوکت عثمان","شہرت بخاری",1,"186","184:188"
"شوکت عثمان","شہید اللہ قیصر",2,"182 183","182:183 184:183"
"شوکت عثمان","صادقین",2,"184 185","182:187 184:187"
"شوکت عثمان","صفدر میر",2,"180","182:178 182:179"
"شوکت عثمان","عزیز الحق",1,"186","184:189"
"شوکت عثمان","غلام محمد",3,"182 183 184","182:182 184:182 184:184"
"شوکت عثمان","فرہاد زیدی",1,"179","182:177"
"شوکت عثمان","فرہاد مظہر",2,"182 183","182:182 184:182"
"شوکت عثمان","فریدہ اختر",3,"182 183","182:182 184:182 184:183"
"شوکت عثمان","فریدہ حفیظ",1,"179","182:177"
"شوکت عثمان","فیض احمد فیض",2,"184 185","182:187 184:187"
"شوکت عثمان","محمد باقر",1,"179","182:177"
"شوکت عثمان","محمد حسین آزاد",1,"179","182:177"
"شوکت عثمان","مسرت جبیں",1,"179","182:177"
"شوکت عثمان","مولانا صلاح الدین احمد",1,"179","182:177"
"شوکت عثمان","ناصر کاظمی",4,"181 182 183 184","182:181 182:182 184:182 184:185"
"شوکت عثمان","نصیر انور",1,"180","182:178"
"شوکت عثمان","پنا قیصر",2,"182 183","182:183 184:183"
"شوکت عثمان","یوسف ظفر",2,"184 185","182:186 184:186"
"شکور بیدل","صلاح الدین محمود",2,"201 204","202:200 202:207"
"شکور بیدل","ظہور بھائی",1,"202","202:203"
"شکور بیدل","عالیہ",1,"200","202:199"
"شکور بیدل","غازی منجم",1,"199","202:197"
"شکور بیدل","فیض احمد فیض",1,"199","202:197"
"شکور بیدل","قدرت اللہ شہاب",1,"204","202:207"
"شکور بیدل","مجروح سلطان پوری",1,"199","202:197"
"شکور بیدل","محمد سلیم الرحمن",1,"201","202:201"
"شکور بیدل","نثار عثمانی",1,"200","202:198"
"شکور بیدل","ڈاکٹر سید عبداللہ",1,"201","202:201"
"شکور بیدل","کشور ناہید",3,"199 200 204","202:197 202:198 202:207"
"شہرت بخاری","شہید اللہ قیصر",1,"185","188:183"
"شہرت بخاری","شیخ صلاح الدین",7,"75 77 85 86 89 110 276","76:75 76:79 88:83 88:84 88:90 108:113 276:276"
"شہرت بخاری","شیر محمد اختر",2,"76 89","76:76 88:91"
"شہرت بخاری","صادقین",1,"187","188:187"
"شہرت بخاری","صفدر میر",3,"107 108 189","108:107 108:108 188:191"
"شہرت بخاری","صلاح الدین محمود",1,"190","188:192"
"شہرت بخاری","ضیا جالندھری",2,"76 89","76:76 88:91"
"شہرت بخاری","طفیل صاحب",1,"90","88:92"
"شہرت بخاری","ظفر صمدانی",1,"106","108:104"
"شہرت بخاری","عالیہ",1,"189","188:190"
"شہرت بخاری","عبدالعلیم",1,"74","76:72"
"شہرت بخاری","عبداللہ بٹ",1,"75","76:74"
"شہرت بخاری","عزیز الحق",1,"188","188:189"
"شہرت بخاری","عسکری",2,"105 109","108:103 108:110"
"شہرت بخاری","علی سردار جعفری",1,"189","188:191"
"شہرت بخاری","علیم صاحب",1,"76","76:77"
"شہرت بخاری","غالب احمد",1,"76","76:77"
"شہرت بخاری","غلام محمد",2,"186","188:184 188:185"
"شہرت بخاری","فخر زمان",1,"273","276:271"
"شہرت بخاری","فراق",1,"275","276:275"
"شہرت بخاری","فریدہ اختر",1,"185","188:183"
"شہرت بخاری","فیض احمد فیض",6,"74 76 90 105 187 190","76:73 76:76 88:93 108:103 188:187 188:193"
"شہرت بخاری","قرۃ العین حیدر",1,"107","108:107"
"شہرت بخاری","قیوم صاحب (یونیسکو)",2,"76 88","76:76 88:88"
"شہرت بخاری","قیوم نظر",1,"76","76:76"
"شہرت بخاری","مبارک احمد",3,"75 88 107","76:75 88:88 108:107"
"شہرت بخاری","مجاہد اردو (گمنام مقرر)",1,"278","276:281"
"شہرت بخاری","محبوب خزاں",1,"74","76:72"
"شہرت بخاری","محمد حسن لطیفی",3,"86 87","88:84 88:85 88:86"
"شہرت بخاری","مختار صدیقی",1,"76","76:76"
"شہرت بخاری","مظفر علی سید",6,"76 85 86 88 189 276","76:77 88:83 88:84 88:89 188:191 276:276"
"شہرت بخاری","منٹو",1,"110","108:113"
"شہرت بخاری","منیر نیازی",1,"86","88:85"
"شہرت بخاری","مولانا صلاح الدین احمد",2,"105 109","108:103 108:110"
"شہرت بخاری","میاں بشیر احمد",1,"74","76:72"
"شہرت بخاری","میر انیس",1,"189","188:191"
"شہرت بخاری","میر خلیل الرحمن",1,"75","76:74"
"شہرت بخاری","ناصر کاظمی",15,"74 75 76 85 86 88 107 108 186 187 188 276","76:72 76:73 76:74 76:75 76:76 88:83 88:84 88:85 88:89 108:107 108:108 188:185 188:186 188:188 276:276"
"شہرت بخاری","نعیم طاہر",1,"277","276:279"
"شہرت بخاری","نواب ناطق",3,"73 74 86","76:71 76:73 88:84"
"شہرت بخاری","ولی",2,"75 277","76:74 276:278"
"شہرت بخاری","پروفیسر کرار حسین",1,"274","276:273"
"شہرت بخاری","پنا قیصر",1,"185","188:183"
"شہرت بخاری","ڈاکٹر ذاکر حسین",1,"190","188:193"
"شہرت بخاری","ڈاکٹر سید عبداللہ",1,"278","276:281"
"شہرت بخاری","ڈاکٹر عبادت بریلوی",1,"88","88:89"
"شہرت بخاری","ڈاکٹر مہدی حسن",1,"274","276:273"
"شہرت بخاری","کشور ناہید",2,"273 278","276:271 276:280"
"شہرت بخاری","یوسف ظفر",3,"76 187 188","76:76 188:186 188:188"
"شہید اللہ قیصر","صادقین",1,"185","183:187"
"شہید اللہ قیصر","صفدر میر",2,"180 181","183:178 183:179"
"شہید اللہ قیصر","غلام محمد",2,"182 183","183:182 183:184"
"شہید اللہ قیصر","فرہاد مظہر",1,"182","183:182"
"شہید اللہ قیصر","فریدہ اختر",2,"182 183","183:182 183:183"
"شہید اللہ قیصر","فیض احمد فیض",1,"185","183:187"
"شہید اللہ قیصر","ناصر کاظمی",3,"182 184","183:181 183:182 183:185"
"شہید اللہ قیصر","نصیر انور",1,"180","183:178"
"شہید اللہ قیصر","پنا قیصر",1,"183","183:183"
"شہید اللہ قیصر","یوسف ظفر",1,"184","183:186"
"شیخ صلاح الدین","شیر محمد اختر",7,"75 77 90 91 94 96 98","75:76 79:76 90:91 92:91 92:97 96:97 100:97"
"شیخ صلاح الدین","صفدر میر",8,"65 67 68 110 111 176 177","63:68 66:68 67:68 68:68 113:108 113:109 175:178 176:178"
"شیخ صلاح الدین","صلاح الدین محمود",4,"92 93 95 232","90:94 92:94 96:94 233:231"
"شیخ صلاح الدین","ضیا جالندھری",4,"75 77 90 91","75:76 79:76 90:91 92:91"
"شیخ صلاح الدین","طفیل صاحب",5,"91 92 94 98 100","90:92 92:92 96:92 96:100 100:100"
"شیخ صلاح الدین","ظفر اقبال",2,"60 233","61:60 233:233"
"شیخ صلاح الدین","ظفر صمدانی",1,"102","100:104"
"شیخ صلاح الدین","عبدالعلیم",3,"69 70 73","67:72 68:72 75:72"
"شیخ صلاح الدین","عبداللہ بٹ",1,"74","75:74"
"شیخ صلاح الدین","عسکری",8,"94 96 98 100 111 112 119 231","92:97 96:97 100:97 100:101 113:110 113:112 118:120 233:229"
"شیخ صلاح الدین","علیم صاحب",2,"76 78","75:77 79:77"
"شیخ صلاح الدین","عنایت اللہ",2,"175 176","175:176 176:176"
"شیخ صلاح الدین","غالب احمد",4,"61 76 78","61:61 62:61 75:77 79:77"
"شیخ صلاح الدین","غلام عباس",1,"119","118:120"
"شیخ صلاح الدین","غلام محمد",5,"64 65 66 67","62:67 63:67 66:67 67:67 68:67"
"شیخ صلاح الدین","فخر الدین",2,"172 173","175:170 175:172"
"شیخ صلاح الدین","فخر زمان",1,"273","276:271"
"شیخ صلاح الدین","فراق",4,"97 99 231 275","96:99 100:99 233:229 276:275"
"شیخ صلاح الدین","فرہاد زیدی",2,"176","175:177 176:177"
"شیخ صلاح الدین","فریدہ حفیظ",2,"176","175:177 176:177"
"شیخ صلاح الدین","فیض احمد فیض",13,"61 70 74 75 77 91 92 94 97 99 101 119","61:61 62:61 68:73 75:73 75:76 79:76 90:93 92:93 96:93 96:99 100:99 100:102 118:120"
"شیخ صلاح الدین","قرۃ العین حیدر",1,"172","175:170"
"شیخ صلاح الدین","قیوم صاحب (یونیسکو)",19,"75 77 78 80 81 82 85 86 89 98 100 114 116 120","75:76 79:76 79:77 79:78 79:81 80:81 82:81 82:82 83:82 83:88 84:88 90:88 90:89 96:101 100:101 113:115 114:115 118:115 118:123"
"شیخ صلاح الدین","قیوم نظر",5,"75 77 78 97 99","75:76 79:76 79:78 96:99 100:99"
"شیخ صلاح الدین","لئیق تانگہ والا",1,"119","118:121"
"شیخ صلاح الدین","مبارک احمد",5,"75 77 85 86 89","75:75 79:75 83:88 84:88 90:88"
"شیخ صلاح الدین","مجاہد اردو (گمنام مقرر)",1,"278","276:281"
"شیخ صلاح الدین","محبوب خزاں",3,"69 70 73","67:72 68:72 75:72"
"شیخ صلاح الدین","محمد باقر",2,"176","175:177 176:177"
"شیخ صلاح الدین","محمد حسن لطیفی",7,"81 82 83 84 87 88","79:84 80:84 82:84 83:84 84:84 90:85 90:86"
"شیخ صلاح الدین","محمد حسین آزاد",2,"176","175:177 176:177"
"شیخ صلاح الدین","مختار صدیقی",2,"75 77","75:76 79:76"
"شیخ صلاح الدین","مسرت جبیں",2,"176","175:177 176:177"
"شیخ صلاح الدین","مظفر علی سید",28,"61 62 76 78 79 80 81 82 83 84 89 90 91 92 94 96 98 99 114 116 276","61:61 62:61 62:62 63:62 75:77 79:77 79:79 80:79 80:81 82:81 82:82 83:82 83:83 84:83 84:84 90:89 90:90 92:90 92:91 92:93 96:93 96:97 100:97 100:99 113:115 114:115 118:115 276:276"
"شیخ صلاح الدین","منظور الہی",2,"232 233","233:231 233:233"
"شیخ صلاح الدین","منٹو",2,"113","113:113 114:113"
"شیخ صلاح الدین","منیر نیازی",5,"82 83 84 87","80:85 82:85 83:85 84:85 90:85"
"شیخ صلاح الدین","مولانا صلاح الدین احمد",5,"101 111 119 176","100:103 113:110 118:120 175:177 176:177"
"شیخ صلاح الدین","مولانا غلام رسول",1,"101","100:102"
"شیخ صلاح الدین","میاں بشیر احمد",10,"69 70 73 94 96 98 101 114 116","67:72 68:72 75:72 92:97 96:97 100:97 100:102 113:115 114:115 118:115"
"شیخ صلاح الدین","میر خلیل الرحمن",1,"74","75:74"
"شیخ صلاح الدین","میرا بائی",7,"61 80 81 82 230","61:61 62:61 79:82 80:82 82:82 83:82 233:228"
"شیخ صلاح الدین","ناصر کاظمی",56,"61 62 63 65 66 67 68 72 73 74 75 77 78 79 80 81 82 83 84 87 89 90 91 92 94 96 98 99 100 110 111 112 113 114 116 117 118 174 175 176 276","61:61 62:61 62:62 63:62 63:64 66:64 66:65 66:66 67:66 67:67 68:67 68:68 75:70 75:72 75:73 75:74 75:75 79:75 79:76 79:77 79:78 79:79 80:79 80:80 82:80 82:83 83:83 84:83 84:84 90:85 90:89 90:90 92:90 92:92 96:92 96:96 100:96 100:97 100:98 100:99 100:100 113:108 113:110 113:111 113:113 114:113 114:115 118:115 118:116 118:117 118:118 175:174 175:175 176:175 176:176 276:276"
"شیخ صلاح الدین","نصیر انور",2,"176 177","175:178 176:178"
"شیخ صلاح الدین","نعیم طاہر",1,"277","276:279"
"شیخ صلاح الدین","نواب ناطق",11,"60 68 69 73 74 81 82 83 84","61:60 66:71 67:71 68:71 75:71 75:73 79:84 80:84 82:84 83:84 84:84"
"شیخ صلاح الدین","ولی",2,"74 277","75:74 276:278"
"شیخ صلاح الدین","وکیل صاحب",1,"235","233:238"
"شیخ صلاح الدین","پروفیسر کرار حسین",2,"231 274","233:229 276:273"
"شیخ صلاح الدین","ڈاکٹر سید عبداللہ",1,"278","276:281"
"شیخ صلاح الدین","ڈاکٹر عبادت بریلوی",2,"86 89","84:89 90:89"
"شیخ صلاح الدین","ڈاکٹر مہدی حسن",1,"274","276:273"
"شیخ صلاح الدین","کبیر",4,"80 81 82","79:82 80:82 82:82 83:82"
"شیخ صلاح الدین","کرشن چندر",1,"174","175:174"
"شیخ صلاح الدین","کشور ناہید",4,"232 233 273 278","233:231 233:233 276:271 276:280"
"شیخ صلاح الدین","یوسف ظفر",4,"75 77 97 99","75:76 79:76 96:99 100:99"
"شیخ صلاح الدین","یگانہ",2,"97 99","96:99 100:99"
"شیخ مجیب الرحمن","عبد القادر حسن",1,"164","163:166"
"شیخ مجیب الرحمن","عتیق اللہ شیخ",1,"151","149:154"
"شیخ مجیب الرحمن","عزیز الحق",1,"165","163:167"
"شیخ مجیب الرحمن","علامہ علاء الدین صدیقی",1,"161","163:160"
"شیخ مجیب الرحمن","عنایت اللہ",2,"147 148","149:146 149:148"
"شیخ مجیب الرحمن","غلام عباس",1,"164","163:165"
"شیخ مجیب الرحمن","فرخ نگار عزیز",1,"151","149:154"
"شیخ مجیب الرحمن","قیوم صاحب (یونیسکو)",1,"149","149:150"
"شیخ مجیب الرحمن","قیوم نظر",1,"149","149:150"
"شیخ مجیب الرحمن","لڈو",1,"165","163:167"
"شیخ مجیب الرحمن","مسرت جبیں",1,"148","149:147"
"شیخ مجیب الرحمن","منٹو",1,"163","163:163"
"شیخ مجیب الرحمن","منیر احمد شیخ",1,"165","163:168"
"شیخ مجیب الرحمن","منیر نیازی",3,"160 161 165","163:158 163:159 163:167"
"شیخ مجیب الرحمن","مولانا بھاشانی",2,"162 163","163:162 163:163"
"شیخ مجیب الرحمن","مولانا حسرت موہانی",1,"150","149:152"
"شیخ مجیب الرحمن","مولانا عبد المجید سالک",1,"146","149:144"
"شیخ مجیب الرحمن","مولانا غلام رسول",1,"150","149:152"
"شیخ مجیب الرحمن","مولانا کوثر نیازی",1,"164","163:165"
"شیخ مجیب الرحمن","میاں محمد طفیل",1,"164","163:165"
"شیخ مجیب الرحمن","میر نور احمد",3,"146 147 150","149:144 149:145 149:152"
"شیخ مجیب الرحمن","ناصر کاظمی",1,"163","163:164"
"شیخ مجیب الرحمن","نذیر ناجی",1,"162","163:162"
"شیخ مجیب الرحمن","نعیم طاہر",1,"161","163:159"
"شیخ مجیب الرحمن","پروفیسر حمید احمد خاں",2,"149 161","149:150 163:160"
"شیخ مجیب الرحمن","پروفیسر وزیر الحسن عابدی",2,"149 161","149:149 163:160"
"شیخ مجیب الرحمن","ڈاکٹر باقر",1,"160","163:158"
"شیخ مجیب الرحمن","کمال احمد رضوی",1,"151","149:154"
"شیخ مجیب الرحمن","یوسف ظفر",1,"151","149:154"
"شیر محمد اختر","صلاح الدین محمود",2,"92 95","91:94 97:94"
"شیر محمد اختر","ضیا جالندھری",2,"76 91","76:76 91:91"
"شیر محمد اختر","طفیل صاحب",3,"91 94 98","91:92 97:92 97:100"
"شیر محمد اختر","عبدالعلیم",1,"74","76:72"
"شیر محمد اختر","عبداللہ بٹ",1,"75","76:74"
"شیر محمد اختر","عبداللہ ملک",1,"22","22:22"
"شیر محمد اختر","عسکری",5,"20 21 22 97","22:19 22:20 22:21 22:22 97:97"
"شیر محمد اختر","علی سردار جعفری",1,"21","22:20"
"شیر محمد اختر","علیم صاحب",1,"76","76:77"
"شیر محمد اختر","غالب احمد",1,"76","76:77"
"شیر محمد اختر","غلام عباس",1,"21","22:20"
"شیر محمد اختر","فراق",2,"24 98","22:26 97:99"
"شیر محمد اختر","فیض احمد فیض",5,"74 76 92 95 98","76:73 76:76 91:93 97:93 97:99"
"شیر محمد اختر","قدرت اللہ شہاب",1,"23","22:25"
"شیر محمد اختر","قیوم صاحب (یونیسکو)",4,"76 89 90 99","76:76 91:88 91:89 97:101"
"شیر محمد اختر","قیوم نظر",3,"22 76 98","22:22 76:76 97:99"
"شیر محمد اختر","مبارک احمد",2,"75 89","76:75 91:88"
"شیر محمد اختر","محبوب خزاں",1,"74","76:72"
"شیر محمد اختر","محمد حسن لطیفی",1,"88","91:86"
"شیر محمد اختر","محمود ہاشمی",1,"23","22:25"
"شیر محمد اختر","مختار صدیقی",2,"22 76","22:22 76:76"
"شیر محمد اختر","مظفر علی سید",6,"76 90 91 95 97","76:77 91:89 91:90 91:91 97:93 97:97"
"شیر محمد اختر","ممتاز شیریں",1,"23","22:25"
"شیر محمد اختر","منٹو",1,"23","22:24"
"شیر محمد اختر","مولانا غلام رسول",1,"99","97:102"
"شیر محمد اختر","میاں بشیر احمد",2,"74 97","76:72 97:97"
"شیر محمد اختر","میر خلیل الرحمن",1,"75","76:74"
"شیر محمد اختر","ناصر کاظمی",12,"24 74 75 76 90 91 94 96 97","22:26 76:72 76:73 76:74 76:75 76:76 91:89 91:90 91:92 97:92 97:96 97:97"
"شیر محمد اختر","نواب ناطق",2,"73 74","76:71 76:73"
"شیر محمد اختر","ولی",1,"75","76:74"
"شیر محمد اختر","ڈاکٹر تاثیر",1,"22","22:23"
"شیر محمد اختر","ڈاکٹر عبادت بریلوی",1,"90","91:89"
"شیر محمد اختر","کرشن چندر",1,"24","22:26"
"شیر محمد اختر","یوسف ظفر",3,"22 76 98","22:22 76:76 97:99"
"شیر محمد اختر","یگانہ",1,"98","97:99"
"صادقین","صفدر میر",1,"189","187:191"
"صادقین","صلاح الدین محمود",1,"189","187:192"
"صادقین","عالیہ",1,"188","187:190"
"صادقین","عزیز الحق",1,"188","187:189"
"صادقین","علی سردار جعفری",1,"189","187:191"
"صادقین","غلام محمد",3,"184 185 186","187:182 187:184 187:185"
"صادقین","فرہاد مظہر",1,"184","187:182"
"صادقین","فریدہ اختر",2,"184 185","187:182 187:183"
"صادقین","فیض احمد فیض",1,"187","187:187"
"صادقین","مظفر علی سید",1,"189","187:191"
"صادقین","میر انیس",1,"189","187:191"
"صادقین","ناصر کاظمی",4,"184 186 187","187:182 187:185 187:186 187:188"
"صادقین","پنا قیصر",1,"185","187:183"
"صادقین","یوسف ظفر",2,"186 187","187:186 187:188"
"صفدر میر","صلاح الدین محمود",1,"191","191:192"
"صفدر میر","ظفر صمدانی",1,"105","107:104"
"صفدر میر","عالیہ",1,"190","191:190"
"صفدر میر","عبدالعلیم",1,"70","68:72"
"صفدر میر","عبداللہ ملک",1,"31","29:33"
"صفدر میر","عزیز الحق",1,"190","191:189"
"صفدر میر","عسکری",11,"26 27 28 29 104 105 108 109","29:24 29:25 29:26 29:27 29:28 29:29 107:102 107:103 107:110 108:110 109:110"
"صفدر میر","علی سردار جعفری",2,"30 191","29:31 191:191"
"صفدر میر","عنایت اللہ",1,"177","178:176"
"صفدر میر","غازی منجم",1,"193","191:196"
"صفدر میر","غلام محمد",3,"67 180","68:67 178:182 179:182"
"صفدر میر","فراق",1,"27","29:26"
"صفدر میر","فرہاد زیدی",1,"177","178:177"
"صفدر میر","فرہاد مظہر",2,"180","178:182 179:182"
"صفدر میر","فریدہ اختر",2,"180","178:182 179:182"
"صفدر میر","فریدہ حفیظ",1,"177","178:177"
"صفدر میر","فیض احمد فیض",5,"70 104 105 189 192","68:73 107:102 107:103 191:187 191:193"
"صفدر میر","قدرت اللہ شہاب",1,"27","29:25"
"صفدر میر","قرۃ العین حیدر",2,"107","107:107 108:107"
"صفدر میر","مبارک احمد",2,"107","107:107 108:107"
"صفدر میر","محبوب خزاں",1,"70","68:72"
"صفدر میر","محمد باقر",1,"177","178:177"
"صفدر میر","محمد حسین آزاد",1,"177","178:177"
"صفدر میر","محمود ہاشمی",2,"27 31","29:25 29:34"
"صفدر میر","مسرت جبیں",1,"177","178:177"
"صفدر میر","مظفر علی سید",1,"191","191:191"
"صفدر میر","ممتاز شیریں",3,"27 31","29:25 29:26 29:34"
"صفدر میر","منٹو",6,"26 27 31 110 111","29:24 29:25 29:26 29:34 108:113 109:113"
"صفدر میر","مولانا صلاح الدین احمد",6,"31 105 108 109 177","29:34 107:103 107:110 108:110 109:110 178:177"
"صفدر میر","مولانا غلام رسول",1,"104","107:102"
"صفدر میر","مہندر ناتھ",1,"29","29:30"
"صفدر میر","میاں بشیر احمد",2,"70 104","68:72 107:102"
"صفدر میر","میر انیس",1,"191","191:191"
"صفدر میر","ناصر کاظمی",19,"27 28 66 67 68 107 108 109 176 177 179 180 188 189","29:26 29:27 68:64 68:65 68:66 68:67 68:68 107:107 108:107 108:108 109:108 109:110 178:174 178:175 178:176 178:181 179:181 191:186 191:188"
"صفدر میر","نصیر انور",2,"178","178:178 179:178"
"صفدر میر","نواب ناطق",1,"69","68:71"
"صفدر میر","وجیہہ الدین احمد",1,"31","29:34"
"صفدر میر","ولی",1,"30","29:32"
"صفدر میر","پنا قیصر",2,"180 181","178:183 179:183"
"صفدر میر","ڈاکٹر تاثیر",1,"26","29:24"
"صفدر میر","ڈاکٹر ذاکر حسین",1,"192","191:193"
"صفدر میر","کرشن چندر",4,"27 28 29 176","29:26 29:28 29:30 178:174"
"صفدر میر","کشور ناہید",1,"192","191:194"
"صفدر میر","ہارون الرشید",1,"193","191:195"
"صفدر میر","یوسف ظفر",2,"188 189","191:186 191:188"
"صلاح الدین محمود","ضیا جالندھری",1,"92","94:91"
"صلاح الدین محمود","طفیل صاحب",1,"93","94:92"
"صلاح الدین محمود","ظفر اقبال",1,"232","231:233"
"صلاح الدین محمود","ظہور بھائی",2,"201 205","200:203 207:203"
"صلاح الدین محمود","عالیہ",2,"191 199","192:190 200:199"
"صلاح الدین محمود","عذرا عباس",1,"213","211:215"
"صلاح الدین محمود","عزیز الحق",3,"190 210 212","192:189 208:213 211:213"
"صلاح الدین محمود","عسکری",2,"95 230","94:97 231:229"
"صلاح الدین محمود","عظیم اللہ خان",3,"209 211","207:211 208:211 211:211"
"صلاح الدین محمود","علی سردار جعفری",1,"191","192:191"
"صلاح الدین محمود","غازی منجم",3,"194 198","192:196 200:196 200:197"
"صلاح الدین محمود","فراق",2,"96 230","94:99 231:229"
"صلاح الدین محمود","فیض احمد فیض",5,"93 96 189 192 198","94:93 94:99 192:187 192:193 200:197"
"صلاح الدین محمود","قدرت اللہ شہاب",2,"207","207:207 208:207"
"صلاح الدین محمود","قیوم صاحب (یونیسکو)",2,"91 212","94:89 211:214"
"صلاح الدین محمود","قیوم نظر",3,"96 210 212","94:99 208:213 211:213"
"صلاح الدین محمود","مبارک احمد",1,"212","211:214"
"صلاح الدین محمود","مجروح سلطان پوری",2,"194 198","192:197 200:197"
"صلاح الدین محمود","محمد سلیم الرحمن",1,"200","200:201"
"صلاح الدین محمود","مظفر علی سید",6,"91 92 93 95 191","94:89 94:90 94:91 94:93 94:97 192:191"
"صلاح الدین محمود","منظور الہی",4,"207 208 209 231","207:208 208:208 211:208 231:231"
"صلاح الدین محمود","مولانا ابوالکلام آزاد",2,"210 212","208:213 211:213"
"صلاح الدین محمود","میاں بشیر احمد",1,"95","94:97"
"صلاح الدین محمود","میر انیس",2,"191 192","192:191 192:193"
"صلاح الدین محمود","میرا بائی",4,"209 211 229","207:211 208:211 211:211 231:228"
"صلاح الدین محمود","ناصر کاظمی",5,"91 92 93 95 190","94:89 94:90 94:92 94:96 192:188"
"صلاح الدین محمود","نثار عثمانی",1,"199","200:198"
"صلاح الدین محمود","نور الحسن جعفری",3,"207 208 209","207:208 208:208 211:208"
"صلاح الدین محمود","ٹی ایس ایلیٹ",1,"213","211:215"
"صلاح الدین محمود","پروفیسر کرار حسین",3,"228 229 230","231:226 231:227 231:229"
"صلاح الدین محمود","ڈاکٹر اسرار احمد",3,"208 209 210","207:210 208:210 211:210"
"صلاح الدین محمود","ڈاکٹر ذاکر حسین",1,"192","192:193"
"صلاح الدین محمود","ڈاکٹر سید عبداللہ",1,"200","200:201"
"صلاح الدین محمود","ڈاکٹر عبادت بریلوی",1,"91","94:89"
"صلاح الدین محمود","کشور ناہید",9,"193 197 198 199 207 213 231","192:194 200:195 200:196 200:197 200:198 207:207 208:207 211:215 231:231"
"صلاح الدین محمود","ہارون الرشید",3,"193 197 198","192:195 200:195 200:196"
"صلاح الدین محمود","ہیما مالنی",1,"213","211:215"
"صلاح الدین محمود","یوسف ظفر",2,"96 190","94:99 192:188"
"صلاح الدین محمود","یوسف کامران",4,"207 208 209 212","207:208 208:208 211:208 211:214"
"صلاح الدین محمود","یگانہ",1,"96","94:99"
"ضیا جالندھری","طفیل صاحب",1,"91","91:92"
"ضیا جالندھری","عبدالعلیم",1,"74","76:72"
"ضیا جالندھری","عبداللہ بٹ",1,"75","76:74"
"ضیا جالندھری","عبداللہ ملک",2,"34","35:33 35:34"
"ضیا جالندھری","عسکری",5,"32 33 34 35","35:30 35:31 35:33 35:34 35:35"
"ضیا جالندھری","علی سردار جعفری",1,"33","35:31"
"ضیا جالندھری","علیم صاحب",1,"76","76:77"
"ضیا جالندھری","غالب احمد",1,"76","76:77"
"ضیا جالندھری","فراق",1,"35","35:36"
"ضیا جالندھری","فیض احمد فیض",3,"74 76 92","76:73 76:76 91:93"
"ضیا جالندھری","قیوم صاحب (یونیسکو)",3,"76 89 90","76:76 91:88 91:89"
"ضیا جالندھری","قیوم نظر",1,"76","76:76"
"ضیا جالندھری","مبارک احمد",2,"75 89","76:75 91:88"
"ضیا جالندھری","محبوب خزاں",1,"74","76:72"
"ضیا جالندھری","محمد حسن لطیفی",1,"88","91:86"
"ضیا جالندھری","محمود ہاشمی",1,"34","35:34"
"ضیا جالندھری","مختار صدیقی",1,"76","76:76"
"ضیا جالندھری","مظفر علی سید",4,"76 90 91","76:77 91:89 91:90 91:91"
"ضیا جالندھری","ممتاز شیریں",1,"34","35:34"
"ضیا جالندھری","منٹو",2,"34 35","35:34 35:35"
"ضیا جالندھری","مولانا حسرت موہانی",1,"37","35:39"
"ضیا جالندھری","مولانا صلاح الدین احمد",1,"34","35:34"
"ضیا جالندھری","مہندر ناتھ",2,"32 33","35:30 35:32"
"ضیا جالندھری","میاں بشیر احمد",1,"74","76:72"
"ضیا جالندھری","میر خلیل الرحمن",1,"75","76:74"
"ضیا جالندھری","ناصر کاظمی",8,"74 75 76 90 91","76:72 76:73 76:74 76:75 76:76 91:89 91:90 91:92"
"ضیا جالندھری","نواب ناطق",2,"73 74","76:71 76:73"
"ضیا جالندھری","وجیہہ الدین احمد",1,"34","35:34"
"ضیا جالندھری","ولی",2,"33 75","35:32 76:74"
"ضیا جالندھری","پروفیسر کرار حسین",1,"37","35:39"
"ضیا جالندھری","ڈاکٹر تاثیر",1,"35","35:35"
"ضیا جالندھری","ڈاکٹر عبادت بریلوی",1,"90","91:89"
"ضیا جالندھری","کرشن چندر",3,"32 33 35","35:30 35:32 35:35"
"ضیا جالندھری","ہاجرہ مسرور",1,"37","35:40"
"ضیا جالندھری","یوسف ظفر",1,"76","76:76"
"ضیاء اسلام انصاری","ظفر صمدانی",1,"218","219:218"
"ضیاء اسلام انصاری","عالیہ",1,"220","219:222"
"ضیاء اسلام انصاری","عذرا عباس",1,"217","219:215"
"ضیاء اسلام انصاری","علی سردار جعفری",1,"219","219:220"
"ضیاء اسلام انصاری","غالب احمد",1,"219","219:219"
"ضیاء اسلام انصاری","قیوم صاحب (یونیسکو)",1,"216","219:214"
"ضیاء اسلام انصاری","مبارک احمد",4,"216 217 219","219:214 219:215 219:216 219:220"
"ضیاء اسلام انصاری","ٹی ایس ایلیٹ",1,"217","219:215"
"ضیاء اسلام انصاری","کشور ناہید",2,"217 219","219:215 219:220"
"ضیاء اسلام انصاری","ہیما مالنی",1,"217","219:215"
"ضیاء اسلام انصاری","یوسف کامران",1,"216","219:214"
"طفیل صاحب","ظفر صمدانی",1,"102","100:104"
"طفیل صاحب","عسکری",3,"94 98 100","92:97 100:97 100:101"
"طفیل صاحب","فراق",1,"99","100:99"
"طفیل صاحب","فیض احمد فیض",3,"92 99 101","92:93 100:99 100:102"
"طفیل صاحب","قیوم صاحب (یونیسکو)",3,"90 100","92:88 92:89 100:101"
"طفیل صاحب","قیوم نظر",1,"99","100:99"
"طفیل صاحب","مبارک احمد",1,"90","92:88"
"طفیل صاحب","مظفر علی سید",6,"90 91 92 98 99","92:89 92:90 92:91 92:93 100:97 100:99"
"طفیل صاحب","مولانا صلاح الدین احمد",1,"101","100:103"
"طفیل صاحب","مولانا غلام رسول",1,"101","100:102"
"طفیل صاحب","میاں بشیر احمد",3,"94 98 101","92:97 100:97 100:102"
"طفیل صاحب","ناصر کاظمی",8,"90 91 92 98 99 100","92:89 92:90 92:92 100:96 100:97 100:98 100:99 100:100"
"طفیل صاحب","ڈاکٹر عبادت بریلوی",1,"90","92:89"
"طفیل صاحب","یوسف ظفر",1,"99","100:99"
"طفیل صاحب","یگانہ",1,"99","100:99"
"ظفر اقبال","عبدالمجید بھٹی",1,"284","282:286"
"ظفر اقبال","عثمان علی خاں",1,"282","282:283"
"ظفر اقبال","عسکری",1,"231","233:229"
"ظفر اقبال","غالب احمد",1,"60","60:61"
"ظفر اقبال","فراق",2,"57 231","60:55 233:229"
"ظفر اقبال","فرخ نگار عزیز",1,"283","282:284"
"ظفر اقبال","فیض احمد فیض",3,"57 60 283","60:55 60:61 282:284"
"ظفر اقبال","قیوم نظر",1,"283","282:284"
"ظفر اقبال","لائو پہلوان",1,"283","282:285"
"ظفر اقبال","مجاہد اردو (گمنام مقرر)",1,"281","282:281"
"ظفر اقبال","محمد حسن لطیفی",1,"284","282:287"
"ظفر اقبال","مرغوب صدیقی",1,"284","282:286"
"ظفر اقبال","مظفر علی سید",2,"60 280","60:61 282:278"
"ظفر اقبال","منظور الہی",2,"232 233","233:231 233:233"
"ظفر اقبال","مولانا ابوالکلام آزاد",1,"282","282:282"
"ظفر اقبال","مولانا صلاح الدین احمد",1,"284","282:286"
"ظفر اقبال","مولانا ظفر علی خاں",1,"282","282:283"
"ظفر اقبال","مولانا عبد المجید سالک",1,"284","282:287"
"ظفر اقبال","میر نور احمد",1,"284","282:287"
"ظفر اقبال","میرا بائی",2,"60 230","60:61 233:228"
"ظفر اقبال","ناصر کاظمی",3,"60 281 284","60:61 282:280 282:287"
"ظفر اقبال","نعیم طاہر",1,"280","282:279"
"ظفر اقبال","نواب ناطق",1,"60","60:60"
"ظفر اقبال","ولی",1,"280","282:278"
"ظفر اقبال","وکیل صاحب",1,"235","233:238"
"ظفر اقبال","پروفیسر عبید اللہ",1,"283","282:284"
"ظفر اقبال","پروفیسر کرار حسین",1,"231","233:229"
"ظفر اقبال","ڈاکٹر جاوید اقبال",1,"284","282:287"
"ظفر اقبال","ڈاکٹر سید عبداللہ",1,"281","282:281"
"ظفر اقبال","ڈاکٹر عاشق حسین بٹالوی",1,"283","282:284"
"ظفر اقبال","ڈاکٹر عبد اللہ چغتائی",1,"283","282:284"
"ظفر اقبال","ڈاکٹر عبدالسلام خورشید",1,"283","282:285"
"ظفر اقبال","ڈاکٹر وحید قریشی",1,"284","282:286"
"ظفر اقبال","کرنل صدیق سالک",1,"284","282:287"
"ظفر اقبال","کشور ناہید",4,"232 233 281 283","233:231 233:233 282:280 282:284"
"ظفر اقبال","ہاجرہ مسرور",1,"57","60:55"
"ظفر اقبال","یگانہ",1,"284","282:286"
"ظفر صمدانی","عالیہ",1,"220","218:222"
"ظفر صمدانی","عذرا عباس",1,"216","218:215"
"ظفر صمدانی","عزیز الحق",1,"215","218:213"
"ظفر صمدانی","عسکری",3,"102 103","104:101 104:102 104:103"
"ظفر صمدانی","علی سردار جعفری",1,"219","218:220"
"ظفر صمدانی","غالب احمد",1,"218","218:219"
"ظفر صمدانی","فراق",1,"101","104:99"
"ظفر صمدانی","فیض احمد فیض",3,"101 103","104:99 104:102 104:103"
"ظفر صمدانی","قرۃ العین حیدر",1,"105","104:107"
"ظفر صمدانی","قیوم صاحب (یونیسکو)",2,"102 216","104:101 218:214"
"ظفر صمدانی","قیوم نظر",2,"101 215","104:99 218:213"
"ظفر صمدانی","مبارک احمد",5,"105 216 217 219","104:107 218:214 218:215 218:216 218:220"
"ظفر صمدانی","مظفر علی سید",1,"101","104:99"
"ظفر صمدانی","مولانا ابوالکلام آزاد",1,"215","218:213"
"ظفر صمدانی","مولانا صلاح الدین احمد",1,"103","104:103"
"ظفر صمدانی","مولانا غلام رسول",1,"103","104:102"
"ظفر صمدانی","میاں بشیر احمد",1,"103","104:102"
"ظفر صمدانی","ناصر کاظمی",3,"101 102 105","104:99 104:100 104:107"
"ظفر صمدانی","ٹی ایس ایلیٹ",1,"216","218:215"
"ظفر صمدانی","کشور ناہید",2,"216 219","218:215 218:220"
"ظفر صمدانی","ہیما مالنی",1,"216","218:215"
"ظفر صمدانی","یوسف ظفر",1,"101","104:99"
"ظفر صمدانی","یوسف کامران",1,"216","218:214"
"ظفر صمدانی","یگانہ",1,"101","104:99"
"ظہور بھائی","عالیہ",1,"201","203:199"
"ظہور بھائی","قدرت اللہ شہاب",1,"205","203:207"
"ظہور بھائی","محمد سلیم الرحمن",1,"202","203:201"
"ظہور بھائی","منظور الہی",1,"205","203:208"
"ظہور بھائی","نثار عثمانی",1,"200","203:198"
"ظہور بھائی","نور الحسن جعفری",1,"205","203:208"
"ظہور بھائی","ڈاکٹر سید عبداللہ",1,"202","203:201"
"ظہور بھائی","کشور ناہید",2,"200 205","203:198 203:207"
"ظہور بھائی","یوسف کامران",1,"205","203:208"
"عارف عبدالمتین","عالیہ",1,"267","266:269"
"عارف عبدالمتین","عسکری",2,"52 53","53:51 53:53"
"عارف عبدالمتین","فخر زمان",1,"268","266:271"
"عارف عبدالمتین","فراق",2,"54 266","53:55 266:266"
"عارف عبدالمتین","فیض احمد فیض",2,"51 54","53:50 53:55"
"عارف عبدالمتین","محمد حسین آزاد",1,"265","266:264"
"عارف عبدالمتین","ممتاز شیریں",1,"53","53:53"
"عارف عبدالمتین","مولانا حسرت موہانی",1,"51","53:49"
"عارف عبدالمتین","مولانا چراغ حسن حسرت",1,"265","266:264"
"عارف عبدالمتین","ناصر کاظمی",2,"52 263","53:52 266:261"
"عارف عبدالمتین","ندرت الطاف",1,"267","266:268"
"عارف عبدالمتین","ڈاکٹر سلیم واحد سلیم",1,"266","266:266"
"عارف عبدالمتین","کرام اللہ",1,"268","266:270"
"عارف عبدالمتین","کشور ناہید",1,"268","266:271"
"عارف عبدالمتین","گوتم بدھ",1,"268","266:270"
"عارف عبدالمتین","ہاجرہ مسرور",1,"54","53:55"
"عالیہ","عبید صدیقی",1,"253","251:255"
"عالیہ","عزیز الحق",1,"189","190:189"
"عالیہ","عسکری",1,"250","251:249"
"عالیہ","علی سردار جعفری",3,"190 221 248","190:191 222:220 251:246"
"عالیہ","غازی منجم",2,"197 198","199:196 199:197"
"عالیہ","غالب احمد",1,"220","222:219"
"عالیہ","غلام عباس",1,"250","251:250"
"عالیہ","غلام محمد",1,"187","190:185"
"عالیہ","فخر زمان",1,"270","269:271"
"عالیہ","فراق",1,"267","269:266"
"عالیہ","فیض احمد فیض",3,"188 191 198","190:187 190:193 199:197"
"عالیہ","قرۃ العین حیدر",1,"251","251:251"
"عالیہ","مبارک احمد",1,"221","222:220"
"عالیہ","مجروح سلطان پوری",1,"198","199:197"
"عالیہ","محمد حسین آزاد",1,"266","269:264"
"عالیہ","محمد سلیم الرحمن",1,"200","199:201"
"عالیہ","محمود ہاشمی",1,"253","251:255"
"عالیہ","مظفر علی سید",1,"190","190:191"
"عالیہ","منٹو",1,"251","251:252"
"عالیہ","مولانا چراغ حسن حسرت",1,"266","269:264"
"عالیہ","میر انیس",2,"190 253","190:191 251:255"
"عالیہ","میرا بائی",2,"248 249","251:246 251:247"
"عالیہ","ناصر کاظمی",5,"187 188 189 250 251","190:185 190:186 190:188 251:250 251:252"
"عالیہ","نثار عثمانی",1,"198","199:198"
"عالیہ","ندرت الطاف",1,"268","269:268"
"عالیہ","نواب اسماعیل خان",1,"253","251:255"
"عالیہ","پروفیسر کرار حسین",2,"224 271","222:226 269:273"
"عالیہ","ڈاکٹر ذاکر حسین",1,"191","190:193"
"عالیہ","ڈاکٹر سلیم واحد سلیم",1,"267","269:266"
"عالیہ","ڈاکٹر سید عبداللہ",1,"200","199:201"
"عالیہ","ڈاکٹر مہدی حسن",1,"271","269:273"
"عالیہ","کبیر",2,"248 249","251:246 251:247"
"عالیہ","کرام اللہ",1,"269","269:270"
"عالیہ","کشور ناہید",10,"192 196 197 198 221 250 251 270","190:194 199:194 199:195 199:196 199:197 199:198 222:220 251:250 251:252 269:271"
"عالیہ","گوتم بدھ",2,"252 269","251:253 269:270"
"عالیہ","ہارون الرشید",3,"192 197","190:195 199:195 199:196"
"عالیہ","یوسف ظفر",2,"188 189","190:186 190:188"
"عبد القادر حسن","عزیز الحق",1,"166","166:167"
"عبد القادر حسن","غلام عباس",1,"165","166:165"
"عبد القادر حسن","فخر الدین",1,"168","166:170"
"عبد القادر حسن","قرۃ العین حیدر",1,"168","166:170"
"عبد القادر حسن","لڈو",1,"166","166:167"
"عبد القادر حسن","منٹو",1,"164","166:163"
"عبد القادر حسن","منیر احمد شیخ",1,"167","166:168"
"عبد القادر حسن","منیر نیازی",1,"166","166:167"
"عبد القادر حسن","مولانا بھاشانی",3,"164 165","166:162 166:163 166:164"
"عبد القادر حسن","مولانا مودودی",1,"167","166:169"
"عبد القادر حسن","مولانا کوثر نیازی",1,"165","166:165"
"عبد القادر حسن","میاں محمد طفیل",1,"165","166:165"
"عبد القادر حسن","ناصر کاظمی",1,"165","166:164"
"عبد القادر حسن","نذیر ناجی",1,"164","166:162"
"عبدالعلیم","عبداللہ بٹ",1,"73","72:74"
"عبدالعلیم","علیم صاحب",1,"74","72:77"
"عبدالعلیم","غالب احمد",1,"74","72:77"
"عبدالعلیم","غلام محمد",1,"69","72:67"
"عبدالعلیم","فیض احمد فیض",1,"72","72:73"
"عبدالعلیم","قیوم صاحب (یونیسکو)",1,"74","72:76"
"عبدالعلیم","قیوم نظر",1,"74","72:76"
"عبدالعلیم","مبارک احمد",1,"73","72:75"
"عبدالعلیم","محبوب خزاں",1,"72","72:72"
"عبدالعلیم","مختار صدیقی",1,"74","72:76"
"عبدالعلیم","مظفر علی سید",1,"74","72:77"
"عبدالعلیم","میاں بشیر احمد",1,"72","72:72"
"عبدالعلیم","میر خلیل الرحمن",1,"73","72:74"
"عبدالعلیم","ناصر کاظمی",5,"69 70 71 72","72:67 72:68 72:69 72:70 72:72"
"عبدالعلیم","نواب ناطق",2,"71 72","72:71 72:73"
"عبدالعلیم","ولی",1,"73","72:74"
"عبدالعلیم","یوسف ظفر",1,"74","72:76"
"عبداللہ بٹ","علیم صاحب",1,"75","74:77"
"عبداللہ بٹ","غالب احمد",1,"75","74:77"
"عبداللہ بٹ","فیض احمد فیض",2,"73 75","74:73 74:76"
"عبداللہ بٹ","قیوم صاحب (یونیسکو)",1,"75","74:76"
"عبداللہ بٹ","قیوم نظر",1,"75","74:76"
"عبداللہ بٹ","مبارک احمد",1,"74","74:75"
"عبداللہ بٹ","محبوب خزاں",1,"73","74:72"
"عبداللہ بٹ","مختار صدیقی",1,"75","74:76"
"عبداللہ بٹ","مظفر علی سید",1,"75","74:77"
"عبداللہ بٹ","میاں بشیر احمد",1,"73","74:72"
"عبداللہ بٹ","میر خلیل الرحمن",1,"74","74:74"
"عبداللہ بٹ","ناصر کاظمی",5,"71 72 73 74","74:69 74:70 74:72 74:73 74:74"
"عبداللہ بٹ","نواب ناطق",2,"72 73","74:71 74:73"
"عبداللہ بٹ","ولی",1,"74","74:74"
"عبداللہ بٹ","یوسف ظفر",1,"75","74:76"
"عبداللہ ملک","عبدالمجید بھٹی",1,"287","289:286"
"عبداللہ ملک","عسکری",11,"20 21 22 30 31 32 33 34","22:19 22:20 22:21 22:22 33:28 33:29 33:30 33:31 33:33 34:33 34:34"
"عبداللہ ملک","علی سردار جعفری",2,"21 32","22:20 33:31"
"عبداللہ ملک","غلام عباس",1,"21","22:20"
"عبداللہ ملک","فراق",3,"24 34 35","22:26 33:36 34:36"
"عبداللہ ملک","فرخ نگار عزیز",1,"286","289:284"
"عبداللہ ملک","فیض احمد فیض",2,"286 287","289:284 289:286"
"عبداللہ ملک","قدرت اللہ شہاب",1,"23","22:25"
"عبداللہ ملک","قیوم نظر",2,"22 286","22:22 289:284"
"عبداللہ ملک","لائو پہلوان",1,"287","289:285"
"عبداللہ ملک","محمد حسن لطیفی",1,"288","289:287"
"عبداللہ ملک","محمود ہاشمی",3,"23 33 34","22:25 33:34 34:34"
"عبداللہ ملک","مختار صدیقی",1,"22","22:22"
"عبداللہ ملک","مرغوب صدیقی",1,"287","289:286"
"عبداللہ ملک","ممتاز شیریں",3,"23 33 34","22:25 33:34 34:34"
"عبداللہ ملک","منو بھائی",2,"288 289","289:288 289:289"
"عبداللہ ملک","منٹو",3,"23 33 34","22:24 33:34 34:34"
"عبداللہ ملک","مولانا حسرت موہانی",1,"36","34:39"
"عبداللہ ملک","مولانا صلاح الدین احمد",3,"33 34 287","33:34 34:34 289:286"
"عبداللہ ملک","مولانا عبد المجید سالک",1,"288","289:287"
"عبداللہ ملک","مہندر ناتھ",2,"31 32","33:30 33:32"
"عبداللہ ملک","میر نور احمد",1,"288","289:287"
"عبداللہ ملک","ناصر کاظمی",2,"24 288","22:26 289:287"
"عبداللہ ملک","نانی اماں",1,"291","289:293"
"عبداللہ ملک","نواز شریف",1,"288","289:288"
"عبداللہ ملک","وجیہہ الدین احمد",2,"33 34","33:34 34:34"
"عبداللہ ملک","ولی",1,"32","33:32"
"عبداللہ ملک","پروفیسر عبید اللہ",1,"286","289:284"
"عبداللہ ملک","پروفیسر کرار حسین",1,"36","34:39"
"عبداللہ ملک","ڈاکٹر تاثیر",3,"22 34","22:23 33:35 34:35"
"عبداللہ ملک","ڈاکٹر جاوید اقبال",1,"288","289:287"
"عبداللہ ملک","ڈاکٹر عاشق حسین بٹالوی",2,"286 287","289:284 289:285"
"عبداللہ ملک","ڈاکٹر عبد اللہ چغتائی",1,"286","289:284"
"عبداللہ ملک","ڈاکٹر عبدالسلام خورشید",3,"287 288","289:285 289:286 289:287"
"عبداللہ ملک","ڈاکٹر وحید قریشی",1,"287","289:286"
"عبداللہ ملک","کرشن چندر",6,"24 30 31 32 34","22:26 33:28 33:30 33:32 33:35 34:35"
"عبداللہ ملک","کرنل صدیق سالک",1,"288","289:287"
"عبداللہ ملک","کشور ناہید",2,"286 289","289:284 289:289"
"عبداللہ ملک","ہنس راج رہبر",1,"290","289:291"
"عبداللہ ملک","یوسف ظفر",1,"22","22:22"
"عبداللہ ملک","یگانہ",1,"287","289:286"
"عبدالمجید بھٹی","عثمان علی خاں",1,"284","286:283"
"عبدالمجید بھٹی","عسکری",3,"3 5 6","6:1 6:5 6:7"
"عبدالمجید بھٹی","فرخ نگار عزیز",1,"285","286:284"
"عبدالمجید بھٹی","فیض احمد فیض",2,"285 286","286:284 286:286"
"عبدالمجید بھٹی","قیوم نظر",1,"285","286:284"
"عبدالمجید بھٹی","لائو پہلوان",1,"285","286:285"
"عبدالمجید بھٹی","مجاہد اردو (گمنام مقرر)",1,"283","286:281"
"عبدالمجید بھٹی","محمد حسن لطیفی",1,"286","286:287"
"عبدالمجید بھٹی","مرغوب صدیقی",1,"286","286:286"
"عبدالمجید بھٹی","منو بھائی",1,"287","286:288"
"عبدالمجید بھٹی","منٹو",1,"7","6:9"
"عبدالمجید بھٹی","مولانا ابوالکلام آزاد",1,"284","286:282"
"عبدالمجید بھٹی","مولانا حسرت موہانی",1,"8","6:11"
"عبدالمجید بھٹی","مولانا صلاح الدین احمد",1,"286","286:286"
"عبدالمجید بھٹی","مولانا ظفر علی خاں",1,"284","286:283"
"عبدالمجید بھٹی","مولانا عبد المجید سالک",1,"286","286:287"
"عبدالمجید بھٹی","میاں ایم اسلم",1,"3","6:1"
"عبدالمجید بھٹی","میر نور احمد",1,"286","286:287"
"عبدالمجید بھٹی","ناصر کاظمی",1,"286","286:287"
"عبدالمجید بھٹی","نفیس خلیلی",1,"6","6:7"
"عبدالمجید بھٹی","نواز شریف",1,"287","286:288"
"عبدالمجید بھٹی","ولی",1,"4","6:3"
"عبدالمجید بھٹی","پروفیسر عبید اللہ",1,"285","286:284"
"عبدالمجید بھٹی","ڈاکٹر جاوید اقبال",1,"286","286:287"
"عبدالمجید بھٹی","ڈاکٹر سید عبداللہ",1,"283","286:281"
"عبدالمجید بھٹی","ڈاکٹر عاشق حسین بٹالوی",2,"285","286:284 286:285"
"عبدالمجید بھٹی","ڈاکٹر عبد اللہ چغتائی",1,"285","286:284"
"عبدالمجید بھٹی","ڈاکٹر عبدالسلام خورشید",2,"285 286","286:285 286:286"
"عبدالمجید بھٹی","ڈاکٹر وحید قریشی",1,"286","286:286"
"عبدالمجید بھٹی","کرنل صدیق سالک",1,"286","286:287"
"عبدالمجید بھٹی","کشور ناہید",2,"285 287","286:284 286:289"
"عبدالمجید بھٹی","ہنس راج رہبر",1,"288","286:291"
"عبدالمجید بھٹی","یگانہ",1,"286","286:286"
"عبید صدیقی","غلام عباس",1,"252","255:250"
"عبید صدیقی","قرۃ العین حیدر",1,"253","255:251"
"عبید صدیقی","محمود ہاشمی",1,"255","255:255"
"عبید صدیقی","منٹو",1,"253","255:252"
"عبید صدیقی","میر انیس",1,"255","255:255"
"عبید صدیقی","ناصر کاظمی",2,"252 253","255:250 255:252"
"عبید صدیقی","نواب اسماعیل خان",1,"255","255:255"
"عبید صدیقی","کشور ناہید",3,"252 253 257","255:250 255:252 255:260"
"عبید صدیقی","گوتم بدھ",1,"254","255:253"
"عتیق اللہ شیخ","فرخ نگار عزیز",1,"154","154:154"
"عتیق اللہ شیخ","قدرت اللہ شہاب",1,"154","154:155"
"عتیق اللہ شیخ","قیوم صاحب (یونیسکو)",1,"152","154:150"
"عتیق اللہ شیخ","قیوم نظر",1,"152","154:150"
"عتیق اللہ شیخ","منیر نیازی",1,"156","154:158"
"عتیق اللہ شیخ","مولانا حسرت موہانی",1,"153","154:152"
"عتیق اللہ شیخ","مولانا غلام رسول",1,"153","154:152"
"عتیق اللہ شیخ","میر نور احمد",1,"153","154:152"
"عتیق اللہ شیخ","نعیم طاہر",1,"156","154:159"
"عتیق اللہ شیخ","پروفیسر حمید احمد خاں",2,"152 153","154:150 154:152"
"عتیق اللہ شیخ","پروفیسر وزیر الحسن عابدی",2,"151 152","154:149 154:150"
"عتیق اللہ شیخ","ڈاکٹر باقر",1,"155","154:156"
"عتیق اللہ شیخ","کمال احمد رضوی",1,"154","154:154"
"عتیق اللہ شیخ","یوسف ظفر",1,"154","154:154"
"عثمان علی خاں","فرخ نگار عزیز",1,"283","283:284"
"عثمان علی خاں","فیض احمد فیض",1,"283","283:284"
"عثمان علی خاں","قیوم نظر",1,"283","283:284"
"عثمان علی خاں","لائو پہلوان",1,"284","283:285"
"عثمان علی خاں","مجاہد اردو (گمنام مقرر)",1,"282","283:281"
"عثمان علی خاں","محمد حسن لطیفی",1,"285","283:287"
"عثمان علی خاں","مرغوب صدیقی",1,"284","283:286"
"عثمان علی خاں","مظفر علی سید",1,"280","283:278"
"عثمان علی خاں","منو بھائی",1,"285","283:288"
"عثمان علی خاں","مولانا ابوالکلام آزاد",1,"282","283:282"
"عثمان علی خاں","مولانا صلاح الدین احمد",1,"284","283:286"
"عثمان علی خاں","مولانا ظفر علی خاں",1,"283","283:283"
"عثمان علی خاں","مولانا عبد المجید سالک",1,"285","283:287"
"عثمان علی خاں","میر نور احمد",1,"285","283:287"
"عثمان علی خاں","ناصر کاظمی",2,"281 285","283:280 283:287"
"عثمان علی خاں","نعیم طاہر",1,"281","283:279"
"عثمان علی خاں","نواز شریف",1,"285","283:288"
"عثمان علی خاں","ولی",1,"280","283:278"
"عثمان علی خاں","پروفیسر عبید اللہ",1,"283","283:284"
"عثمان علی خاں","ڈاکٹر جاوید اقبال",1,"285","283:287"
"عثمان علی خاں","ڈاکٹر سید عبداللہ",1,"282","283:281"
"عثمان علی خاں","ڈاکٹر عاشق حسین بٹالوی",1,"283","283:284"
"عثمان علی خاں","ڈاکٹر عبد اللہ چغتائی",1,"283","283:284"
"عثمان علی خاں","ڈاکٹر عبدالسلام خورشید",1,"284","283:285"
"عثمان علی خاں","ڈاکٹر وحید قریشی",1,"284","283:286"
"عثمان علی خاں","کرنل صدیق سالک",1,"285","283:287"
"عثمان علی خاں","کشور ناہید",2,"281 283","283:280 283:284"
"عثمان علی خاں","یگانہ",1,"284","283:286"
"عذرا عباس","عزیز الحق",1,"214","215:213"
"عذرا عباس","عظیم اللہ خان",1,"213","215:211"
"عذرا عباس","علی سردار جعفری",1,"217","215:220"
"عذرا عباس","غالب احمد",1,"217","215:219"
"عذرا عباس","قیوم صاحب (یونیسکو)",1,"214","215:214"
"عذرا عباس","قیوم نظر",1,"214","215:213"
"عذرا عباس","مبارک احمد",2,"214 215","215:214 215:215"
"عذرا عباس","مولانا ابوالکلام آزاد",1,"214","215:213"
"عذرا عباس","میرا بائی",1,"213","215:211"
"عذرا عباس","ٹی ایس ایلیٹ",1,"215","215:215"
"عذرا عباس","ڈاکٹر اسرار احمد",1,"212","215:210"
"عذرا عباس","کشور ناہید",1,"215","215:215"
"عذرا عباس","ہیما مالنی",1,"215","215:215"
"عذرا عباس","یوسف کامران",1,"214","215:214"
"عزیز الحق","عظیم اللہ خان",1,"212","213:211"
"عزیز الحق","علی سردار جعفری",1,"190","189:191"
"عزیز الحق","غلام عباس",1,"166","167:165"
"عزیز الحق","غلام محمد",2,"186 187","189:184 189:185"
"عزیز الحق","فخر الدین",1,"168","167:170"
"عزیز الحق","فیض احمد فیض",2,"188 191","189:187 189:193"
"عزیز الحق","قرۃ العین حیدر",1,"168","167:170"
"عزیز الحق","قیوم صاحب (یونیسکو)",1,"213","213:214"
"عزیز الحق","قیوم نظر",1,"213","213:213"
"عزیز الحق","لڈو",1,"167","167:167"
"عزیز الحق","مبارک احمد",1,"213","213:214"
"عزیز الحق","مظفر علی سید",1,"190","189:191"
"عزیز الحق","منظور الہی",1,"210","213:208"
"عزیز الحق","منٹو",1,"165","167:163"
"عزیز الحق","منیر احمد شیخ",1,"167","167:168"
"عزیز الحق","منیر نیازی",1,"167","167:167"
"عزیز الحق","مولانا ابوالکلام آزاد",1,"213","213:213"
"عزیز الحق","مولانا بھاشانی",3,"164 165","167:162 167:163 167:164"
"عزیز الحق","مولانا مودودی",1,"168","167:169"
"عزیز الحق","مولانا کوثر نیازی",1,"166","167:165"
"عزیز الحق","میاں محمد طفیل",1,"166","167:165"
"عزیز الحق","میر انیس",1,"190","189:191"
"عزیز الحق","میرا بائی",1,"212","213:211"
"عزیز الحق","ناصر کاظمی",4,"165 187 188","167:164 189:185 189:186 189:188"
"عزیز الحق","نذیر ناجی",1,"164","167:162"
"عزیز الحق","نور الحسن جعفری",1,"210","213:208"
"عزیز الحق","ٹی ایس ایلیٹ",1,"214","213:215"
"عزیز الحق","ڈاکٹر اسرار احمد",1,"211","213:210"
"عزیز الحق","ڈاکٹر ذاکر حسین",1,"191","189:193"
"عزیز الحق","کشور ناہید",2,"191 214","189:194 213:215"
"عزیز الحق","ہیما مالنی",1,"214","213:215"
"عزیز الحق","یوسف ظفر",2,"187 188","189:186 189:188"
"عزیز الحق","یوسف کامران",2,"210 213","213:208 213:214"
"عسکری","علی سردار جعفری",12,"18 19 20 28 29 30 31 32 247","16:20 19:20 20:20 21:20 26:31 27:31 28:31 29:31 30:31 31:31 33:31 249:246"
"عسکری","علی شریعتی",1,"247","249:245"
"عسکری","غلام عباس",7,"18 19 20 120 249","16:20 19:20 20:20 21:20 120:120 121:120 249:250"
"عسکری","غلام محمد",1,"246","249:244"
"عسکری","غلام محمد شیخ",1,"246","249:244"
"عسکری","فراق",20,"23 24 25 26 33 34 35 36 37 53 54 98 100 229","21:26 22:26 23:26 24:26 25:26 26:26 27:26 31:36 33:36 34:36 35:36 36:36 37:36 37:37 38:37 51:55 53:55 97:99 101:99 229:229"
"عسکری","فیض احمد فیض",12,"50 53 54 95 98 100 101 102 103 120","51:50 51:55 53:55 97:93 97:99 101:99 101:102 102:102 103:102 103:103 120:120 121:120"
"عسکری","قدرت اللہ شہاب",7,"22 23 24 25","20:25 21:25 22:25 23:25 24:25 25:25 26:25"
"عسکری","قرۃ العین حیدر",4,"104 105 108 250","102:107 103:107 110:107 249:251"
"عسکری","قیوم صاحب (یونیسکو)",8,"99 101 112 113 117 121 122","97:101 101:101 102:101 110:115 112:115 120:115 120:123 121:123"
"عسکری","قیوم نظر",9,"20 21 22 23 98 100","19:22 20:22 21:22 22:22 23:22 23:23 24:23 97:99 101:99"
"عسکری","لئیق تانگہ والا",2,"120 121","120:121 121:121"
"عسکری","ماہر القادری",4,"9 10 11 14","7:12 9:12 10:12 16:12"
"عسکری","مبارک احمد",3,"104 105 108","102:107 103:107 110:107"
"عسکری","محمد عمر میمن",2,"246 247","249:244 249:245"
"عسکری","محمود ہاشمی",13,"22 23 24 25 31 32 33 34","20:25 21:25 22:25 23:25 24:25 25:25 26:25 29:34 30:34 31:34 33:34 34:34 35:34"
"عسکری","مختار صدیقی",7,"20 21 22 23","19:22 20:22 21:22 22:22 23:22 23:23 24:23"
"عسکری","مظفر علی سید",7,"95 97 99 100 112 113 117","97:93 97:97 101:97 101:99 110:115 112:115 120:115"
"عسکری","ممتاز شیریں",17,"22 23 24 25 26 31 32 33 34 52 53","20:25 21:25 22:25 23:25 24:25 25:25 26:25 26:26 27:26 29:34 30:34 31:34 33:34 34:34 35:34 51:53 53:53"
"عسکری","منظور الہی",1,"230","229:231"
"عسکری","منٹو",32,"7 8 9 21 22 23 24 25 26 31 32 33 34 35 36 111 112 250 295 296","5:9 7:9 9:9 10:9 19:24 20:24 21:24 22:24 23:24 24:24 25:24 25:25 26:25 26:26 27:26 29:34 30:34 31:34 33:34 34:34 35:34 35:35 36:35 36:36 37:36 110:113 112:113 249:252 295:295 296:295 296:296 297:296"
"عسکری","منیر نیازی",2,"122","120:124 121:124"
"عسکری","مولانا حسرت موہانی",13,"9 10 13 36 37 38 39 48 49 50","7:11 9:11 10:11 16:11 34:39 35:39 36:39 37:39 38:39 39:39 51:46 51:47 51:49"
"عسکری","مولانا صلاح الدین احمد",13,"31 32 33 34 102 103 110 111 120","29:34 30:34 31:34 33:34 34:34 35:34 101:103 102:103 103:103 110:110 112:110 120:120 121:120"
"عسکری","مولانا غلام رسول",4,"99 101 102","97:102 101:102 102:102 103:102"
"عسکری","مہندر ناتھ",9,"27 28 29 30 31 32","25:30 26:30 27:30 28:30 29:30 30:30 31:30 31:32 33:32"
"عسکری","میاں ایم اسلم",2,"1 3","1:1 5:1"
"عسکری","میاں بشیر احمد",8,"97 99 101 102 112 113 117","97:97 101:97 101:102 102:102 103:102 110:115 112:115 120:115"
"عسکری","میر انیس",1,"247","249:245"
"عسکری","میرا بائی",3,"228 247 248","229:228 249:246 249:247"
"عسکری","ناصر کاظمی",38,"23 24 25 26 27 38 39 40 51 52 94 96 97 99 100 104 105 108 109 110 111 112 117 118 119 120 121 249","21:26 22:26 23:26 24:26 25:26 26:26 27:26 27:27 28:27 36:41 37:41 38:41 39:41 51:52 53:52 97:92 97:96 97:97 101:97 101:98 101:99 101:100 102:107 103:107 110:107 110:108 110:110 112:110 112:111 112:113 120:115 120:116 120:117 120:118 120:119 120:121 121:121 249:250"
"عسکری","نانی اماں",1,"294","295:293"
"عسکری","نعیم بخاری",3,"296 297","295:298 296:298 297:298"
"عسکری","نفیس خلیلی",4,"6 7 8","5:7 7:7 9:7 9:8"
"عسکری","وجیہہ الدین احمد",6,"31 32 33 34","29:34 30:34 31:34 33:34 34:34 35:34"
"عسکری","ولی",9,"2 4 29 30 31 32 123","1:3 5:3 27:32 28:32 29:32 30:32 31:32 33:32 121:126"
"عسکری","پروفیسر حمید احمد خاں",3,"296 297","295:297 296:297 297:297"
"عسکری","پروفیسر کرار حسین",9,"36 37 38 39 227 228 229","34:39 35:39 36:39 37:39 38:39 39:39 229:226 229:227 229:229"
"عسکری","ڈاکٹر تاثیر",15,"21 22 23 24 32 33 34 35 48","19:23 20:23 21:23 22:23 23:23 24:23 24:24 25:24 30:35 31:35 33:35 34:35 35:35 36:35 51:46"
"عسکری","ڈاکٹر سید عبداللہ",3,"296 297","295:297 296:297 297:297"
"عسکری","ڈاکٹر وحید قریشی",2,"295","295:295 296:295"
"عسکری","کبیر",2,"247 248","249:246 249:247"
"عسکری","کرشن چندر",25,"23 24 25 26 27 28 29 30 31 32 34 35 36 37 38 39","21:26 22:26 23:26 24:26 25:26 26:26 27:26 27:28 28:28 29:28 29:30 30:30 31:30 31:32 33:32 33:35 34:35 35:35 36:35 36:36 37:36 37:37 38:37 38:39 39:39"
"عسکری","کشور ناہید",3,"230 249 292","229:231 249:250 295:290"
"عسکری","گوتم بدھ",1,"251","249:253"
"عسکری","گیتانجلی",1,"246","249:244"
"عسکری","گیتی سین",3,"296 297","295:298 296:298 297:298"
"عسکری","ہاجرہ مسرور",7,"37 38 39 53 54","35:40 36:40 37:40 38:40 39:40 51:55 53:55"
"عسکری","ہنس راج رہبر",1,"293","295:291"
"عسکری","یوسف ظفر",9,"20 21 22 23 98 100","19:22 20:22 21:22 22:22 23:22 23:23 24:23 97:99 101:99"
"عسکری","یگانہ",2,"98 100","97:99 101:99"
"عظیم اللہ خان","قدرت اللہ شہاب",1,"209","211:207"
"عظیم اللہ خان","قیوم صاحب (یونیسکو)",1,"212","211:214"
"عظیم اللہ خان","قیوم نظر",1,"212","211:213"
"عظیم اللہ خان","مبارک احمد",1,"212","211:214"
"عظیم اللہ خان","منظور الہی",1,"209","211:208"
"عظیم اللہ خان","مولانا ابوالکلام آزاد",1,"212","211:213"
"عظیم اللہ خان","میرا بائی",1,"211","211:211"
"عظیم اللہ خان","نور الحسن جعفری",1,"209","211:208"
"عظیم اللہ خان","ٹی ایس ایلیٹ",1,"213","211:215"
"عظیم اللہ خان","ڈاکٹر اسرار احمد",1,"210","211:210"
"عظیم اللہ خان","کشور ناہید",2,"209 213","211:207 211:215"
"عظیم اللہ خان","ہیما مالنی",1,"213","211:215"
"عظیم اللہ خان","یوسف کامران",2,"209 212","211:208 211:214"
"علامہ علاء الدین صدیقی","غلام عباس",1,"162","160:165"
"علامہ علاء الدین صدیقی","قدرت اللہ شہاب",1,"157","160:155"
"علامہ علاء الدین صدیقی","منٹو",1,"161","160:163"
"علامہ علاء الدین صدیقی","منیر نیازی",2,"159","160:158 160:159"
"علامہ علاء الدین صدیقی","مولانا بھاشانی",1,"161","160:162"
"علامہ علاء الدین صدیقی","مولانا کوثر نیازی",1,"162","160:165"
"علامہ علاء الدین صدیقی","میاں محمد طفیل",1,"162","160:165"
"علامہ علاء الدین صدیقی","ناصر کاظمی",1,"162","160:164"
"علامہ علاء الدین صدیقی","نذیر ناجی",1,"161","160:162"
"علامہ علاء الدین صدیقی","نعیم طاہر",1,"159","160:159"
"علامہ علاء الدین صدیقی","پروفیسر حمید احمد خاں",1,"160","160:160"
"علامہ علاء الدین صدیقی","پروفیسر وزیر الحسن عابدی",1,"160","160:160"
"علامہ علاء الدین صدیقی","ڈاکٹر باقر",3,"158 159","160:156 160:157 160:158"
"علی سردار جعفری","علی شریعتی",1,"245","246:245"
"علی سردار جعفری","غازی منجم",1,"193","191:196"
"علی سردار جعفری","غالب احمد",1,"219","220:219"
"علی سردار جعفری","غلام عباس",2,"20 248","20:20 246:250"
"علی سردار جعفری","غلام محمد",1,"245","246:244"
"علی سردار جعفری","غلام محمد شیخ",1,"245","246:244"
"علی سردار جعفری","فراق",2,"28 33","31:26 31:36"
"علی سردار جعفری","فیض احمد فیض",2,"189 192","191:187 191:193"
"علی سردار جعفری","قدرت اللہ شہاب",1,"22","20:25"
"علی سردار جعفری","قرۃ العین حیدر",1,"248","246:251"
"علی سردار جعفری","قیوم نظر",1,"21","20:22"
"علی سردار جعفری","مبارک احمد",3,"217 218 220","220:215 220:216 220:220"
"علی سردار جعفری","محمد عمر میمن",2,"245","246:244 246:245"
"علی سردار جعفری","محمود ہاشمی",2,"22 32","20:25 31:34"
"علی سردار جعفری","مختار صدیقی",1,"21","20:22"
"علی سردار جعفری","مظفر علی سید",1,"191","191:191"
"علی سردار جعفری","ممتاز شیریں",3,"22 28 32","20:25 31:26 31:34"
"علی سردار جعفری","منٹو",3,"22 28 32","20:24 31:26 31:34"
"علی سردار جعفری","مولانا صلاح الدین احمد",1,"32","31:34"
"علی سردار جعفری","مہندر ناتھ",2,"30 31","31:30 31:32"
"علی سردار جعفری","میر انیس",2,"191 245","191:191 246:245"
"علی سردار جعفری","میرا بائی",1,"246","246:246"
"علی سردار جعفری","ناصر کاظمی",5,"28 29 188 189 248","31:26 31:27 191:186 191:188 246:250"
"علی سردار جعفری","وجیہہ الدین احمد",1,"32","31:34"
"علی سردار جعفری","وجے ٹنڈولکر",2,"244","246:242 246:243"
"علی سردار جعفری","ولی",1,"31","31:32"
"علی سردار جعفری","ٹی ایس ایلیٹ",1,"217","220:215"
"علی سردار جعفری","ڈاکٹر ارتضیٰ کریم",1,"243","246:241"
"علی سردار جعفری","ڈاکٹر تاثیر",2,"21 33","20:23 31:35"
"علی سردار جعفری","ڈاکٹر ذاکر حسین",1,"192","191:193"
"علی سردار جعفری","کبیر",1,"246","246:246"
"علی سردار جعفری","کرشن چندر",4,"28 29 30 31","31:26 31:28 31:30 31:32"
"علی سردار جعفری","کشور ناہید",4,"192 217 220 248","191:194 220:215 220:220 246:250"
"علی سردار جعفری","گیتانجلی",1,"245","246:244"
"علی سردار جعفری","ہارون الرشید",1,"193","191:195"
"علی سردار جعفری","ہیما مالنی",1,"217","220:215"
"علی سردار جعفری","یوسف ظفر",3,"21 188 189","20:22 191:186 191:188"
"علی شریعتی","غلام عباس",1,"247","245:250"
"علی شریعتی","غلام محمد",1,"244","245:244"
"علی شریعتی","غلام محمد شیخ",1,"244","245:244"
"علی شریعتی","محمد عمر میمن",2,"244 245","245:244 245:245"
"علی شریعتی","میر انیس",1,"245","245:245"
"علی شریعتی","میرا بائی",1,"245","245:246"
"علی شریعتی","ناصر کاظمی",2,"242 247","245:240 245:250"
"علی شریعتی","وجے ٹنڈولکر",2,"243 244","245:242 245:243"
"علی شریعتی","ڈاکٹر ارتضیٰ کریم",1,"243","245:241"
"علی شریعتی","کبیر",1,"245","245:246"
"علی شریعتی","کشور ناہید",2,"242 247","245:240 245:250"
"علی شریعتی","گیتانجلی",1,"244","245:244"
"علیم صاحب","غالب احمد",1,"77","77:77"
"علیم صاحب","فیض احمد فیض",2,"75 76","77:73 77:76"
"علیم صاحب","قیوم صاحب (یونیسکو)",2,"76 77","77:76 77:77"
"علیم صاحب","قیوم نظر",2,"76 77","77:76 77:78"
"علیم صاحب","مبارک احمد",1,"76","77:75"
"علیم صاحب","محبوب خزاں",1,"74","77:72"
"علیم صاحب","مختار صدیقی",1,"76","77:76"
"علیم صاحب","مظفر علی سید",1,"77","77:77"
"علیم صاحب","میاں بشیر احمد",1,"74","77:72"
"علیم صاحب","میر خلیل الرحمن",1,"75","77:74"
"علیم صاحب","میرا بائی",1,"79","77:82"
"علیم صاحب","ناصر کاظمی",6,"74 75 76 77","77:72 77:73 77:74 77:75 77:76 77:77"
"علیم صاحب","نواب ناطق",1,"75","77:73"
"علیم صاحب","ولی",1,"75","77:74"
"علیم صاحب","کبیر",1,"79","77:82"
"علیم صاحب","یوسف ظفر",1,"76","77:76"
"عنایت اللہ","فخر الدین",1,"174","176:172"
"عنایت اللہ","فرہاد زیدی",1,"176","176:177"
"عنایت اللہ","فریدہ حفیظ",1,"176","176:177"
"عنایت اللہ","فیض احمد فیض",1,"143","146:141"
"عنایت اللہ","قیوم صاحب (یونیسکو)",2,"148 149","146:150 148:150"
"عنایت اللہ","قیوم نظر",2,"148 149","146:150 148:150"
"عنایت اللہ","محمد باقر",1,"176","176:177"
"عنایت اللہ","محمد حسین آزاد",1,"176","176:177"
"عنایت اللہ","مسرت جبیں",3,"146 147 176","146:147 148:147 176:177"
"عنایت اللہ","ملک راج آنند",2,"143 144","146:141 146:142"
"عنایت اللہ","مولانا حسرت موہانی",1,"150","148:152"
"عنایت اللہ","مولانا صلاح الدین احمد",1,"176","176:177"
"عنایت اللہ","مولانا عبد المجید سالک",1,"145","146:144"
"عنایت اللہ","مولانا غلام رسول",1,"150","148:152"
"عنایت اللہ","میر نور احمد",3,"145 150","146:144 146:145 148:152"
"عنایت اللہ","ناصر کاظمی",3,"175 176","176:174 176:175 176:176"
"عنایت اللہ","نصیر انور",1,"177","176:178"
"عنایت اللہ","پروفیسر حمید احمد خاں",2,"148 149","146:150 148:150"
"عنایت اللہ","پروفیسر سرور",1,"144","146:143"
"عنایت اللہ","پروفیسر وزیر الحسن عابدی",2,"147 148","146:149 148:149"
"عنایت اللہ","ڈاکٹر ذاکر حسین",1,"144","146:143"
"عنایت اللہ","کرشن چندر",1,"175","176:174"
"غازی منجم","فیض احمد فیض",3,"194 196 197","196:193 196:197 197:197"
"غازی منجم","مجروح سلطان پوری",2,"196 197","196:197 197:197"
"غازی منجم","محمد سلیم الرحمن",2,"198 199","196:201 197:201"
"غازی منجم","مظفر علی سید",1,"193","196:191"
"غازی منجم","میر انیس",2,"193 194","196:191 196:193"
"غازی منجم","نثار عثمانی",2,"197","196:198 197:198"
"غازی منجم","ڈاکٹر ذاکر حسین",1,"194","196:193"
"غازی منجم","ڈاکٹر سید عبداللہ",2,"198 199","196:201 197:201"
"غازی منجم","کشور ناہید",5,"195 196 197","196:194 196:195 196:196 197:196 197:197"
"غازی منجم","ہارون الرشید",3,"195 196","196:195 196:196 197:196"
"غالب احمد","فیض احمد فیض",3,"61 75 76","61:61 77:73 77:76"
"غالب احمد","قیوم صاحب (یونیسکو)",3,"76 77 216","77:76 77:77 219:214"
"غالب احمد","قیوم نظر",2,"76 77","77:76 77:78"
"غالب احمد","مبارک احمد",5,"76 216 217 219","77:75 219:214 219:215 219:216 219:220"
"غالب احمد","محبوب خزاں",1,"74","77:72"
"غالب احمد","مختار صدیقی",1,"76","77:76"
"غالب احمد","مظفر علی سید",2,"61 77","61:61 77:77"
"غالب احمد","میاں بشیر احمد",1,"74","77:72"
"غالب احمد","میر خلیل الرحمن",1,"75","77:74"
"غالب احمد","میرا بائی",2,"61 79","61:61 77:82"
"غالب احمد","ناصر کاظمی",7,"61 74 75 76 77","61:61 77:72 77:73 77:74 77:75 77:76 77:77"
"غالب احمد","نواب ناطق",2,"60 75","61:60 77:73"
"غالب احمد","ولی",1,"75","77:74"
"غالب احمد","ٹی ایس ایلیٹ",1,"217","219:215"
"غالب احمد","کبیر",1,"79","77:82"
"غالب احمد","کشور ناہید",2,"217 219","219:215 219:220"
"غالب احمد","ہیما مالنی",1,"217","219:215"
"غالب احمد","یوسف ظفر",1,"76","77:76"
"غالب احمد","یوسف کامران",1,"216","219:214"
"غلام عباس","فخر الدین",1,"167","165:170"
"غلام عباس","فیض احمد فیض",1,"120","120:120"
"غلام عباس","قدرت اللہ شہاب",1,"22","20:25"
"غلام عباس","قرۃ العین حیدر",2,"167 250","165:170 250:251"
"غلام عباس","قیوم صاحب (یونیسکو)",2,"117 121","120:115 120:123"
"غلام عباس","قیوم نظر",1,"21","20:22"
"غلام عباس","لئیق تانگہ والا",1,"120","120:121"
"غلام عباس","لڈو",1,"166","165:167"
"غلام عباس","محمد عمر میمن",1,"247","250:245"
"غلام عباس","محمود ہاشمی",2,"22 252","20:25 250:255"
"غلام عباس","مختار صدیقی",1,"21","20:22"
"غلام عباس","مظفر علی سید",1,"117","120:115"
"غلام عباس","ممتاز شیریں",1,"22","20:25"
"غلام عباس","منٹو",3,"22 164 251","20:24 165:163 250:252"
"غلام عباس","منیر احمد شیخ",1,"166","165:168"
"غلام عباس","منیر نیازی",2,"122 166","120:124 165:167"
"غلام عباس","مولانا بھاشانی",3,"163 164","165:162 165:163 165:164"
"غلام عباس","مولانا صلاح الدین احمد",1,"120","120:120"
"غلام عباس","مولانا مودودی",1,"167","165:169"
"غلام عباس","مولانا کوثر نیازی",1,"165","165:165"
"غلام عباس","میاں بشیر احمد",1,"117","120:115"
"غلام عباس","میاں محمد طفیل",1,"165","165:165"
"غلام عباس","میر انیس",2,"247 252","250:245 250:255"
"غلام عباس","میرا بائی",2,"248","250:246 250:247"
"غلام عباس","ناصر کاظمی",8,"117 118 119 120 164 250","120:115 120:116 120:117 120:118 120:119 120:121 165:164 250:250"
"غلام عباس","نذیر ناجی",1,"163","165:162"
"غلام عباس","نواب اسماعیل خان",1,"252","250:255"
"غلام عباس","پروفیسر حمید احمد خاں",1,"162","165:160"
"غلام عباس","پروفیسر وزیر الحسن عابدی",1,"162","165:160"
"غلام عباس","ڈاکٹر تاثیر",1,"21","20:23"
"غلام عباس","کبیر",2,"248","250:246 250:247"
"غلام عباس","کشور ناہید",1,"250","250:250"
"غلام عباس","گوتم بدھ",1,"251","250:253"
"غلام عباس","یوسف ظفر",1,"21","20:22"
"غلام محمد","غلام محمد شیخ",1,"244","244:244"
"غلام محمد","فرہاد زیدی",1,"179","182:177"
"غلام محمد","فرہاد مظہر",2,"182 183","182:182 184:182"
"غلام محمد","فریدہ اختر",3,"182 183","182:182 184:182 184:183"
"غلام محمد","فریدہ حفیظ",1,"179","182:177"
"غلام محمد","فیض احمد فیض",3,"184 185 186","182:187 184:187 185:187"
"غلام محمد","مبارک احمد",1,"241","244:239"
"غلام محمد","محبوب خزاں",1,"69","67:72"
"غلام محمد","محمد باقر",1,"179","182:177"
"غلام محمد","محمد حسین آزاد",1,"179","182:177"
"غلام محمد","محمد عمر میمن",1,"244","244:244"
"غلام محمد","مسرت جبیں",1,"179","182:177"
"غلام محمد","مظفر علی سید",1,"64","67:62"
"غلام محمد","مولانا صلاح الدین احمد",1,"179","182:177"
"غلام محمد","میاں بشیر احمد",1,"69","67:72"
"غلام محمد","میر انیس",1,"244","244:245"
"غلام محمد","میرا بائی",1,"245","244:246"
"غلام محمد","ناصر کاظمی",11,"64 65 66 67 181 182 183 184 185 242","67:62 67:64 67:65 67:66 67:67 182:181 182:182 184:182 184:185 185:185 244:240"
"غلام محمد","نصیر انور",1,"180","182:178"
"غلام محمد","نواب ناطق",1,"69","67:71"
"غلام محمد","وجے ٹنڈولکر",2,"243","244:242 244:243"
"غلام محمد","پنا قیصر",2,"182 183","182:183 184:183"
"غلام محمد","ڈاکٹر ارتضیٰ کریم",1,"242","244:241"
"غلام محمد","کبیر",1,"245","244:246"
"غلام محمد","کشور ناہید",2,"241 242","244:239 244:240"
"غلام محمد","گیتانجلی",1,"244","244:244"
"غلام محمد","ہیما مالنی",1,"241","244:239"
"غلام محمد","یوسف ظفر",3,"184 185","182:186 184:186 185:186"
"غلام محمد شیخ","مبارک احمد",1,"241","244:239"
"غلام محمد شیخ","محمد عمر میمن",1,"244","244:244"
"غلام محمد شیخ","میر انیس",1,"244","244:245"
"غلام محمد شیخ","میرا بائی",1,"245","244:246"
"غلام محمد شیخ","ناصر کاظمی",1,"242","244:240"
"غلام محمد شیخ","وجے ٹنڈولکر",2,"243","244:242 244:243"
"غلام محمد شیخ","ڈاکٹر ارتضیٰ کریم",1,"242","244:241"
"غلام محمد شیخ","کبیر",1,"245","244:246"
"غلام محمد شیخ","کشور ناہید",2,"241 242","244:239 244:240"
"غلام محمد شیخ","گیتانجلی",1,"244","244:244"
"غلام محمد شیخ","ہیما مالنی",1,"241","244:239"
"فخر الدین","فرہاد زیدی",1,"174","172:177"
"فخر الدین","فریدہ حفیظ",1,"174","172:177"
"فخر الدین","قرۃ العین حیدر",2,"170 171","170:170 172:170"
"فخر الدین","لڈو",1,"168","170:167"
"فخر الدین","محمد باقر",1,"174","172:177"
"فخر الدین","محمد حسین آزاد",1,"174","172:177"
"فخر الدین","مسرت جبیں",1,"174","172:177"
"فخر الدین","منیر احمد شیخ",1,"169","170:168"
"فخر الدین","منیر نیازی",1,"168","170:167"
"فخر الدین","مولانا صلاح الدین احمد",1,"174","172:177"
"فخر الدین","مولانا مودودی",1,"169","170:169"
"فخر الدین","مولانا کوثر نیازی",1,"167","170:165"
"فخر الدین","میاں محمد طفیل",1,"167","170:165"
"فخر الدین","ناصر کاظمی",2,"172 173","170:174 172:174"
"فخر الدین","کرشن چندر",2,"172 173","170:174 172:174"
"فخر زمان","فراق",2,"268 273","271:266 271:275"
"فخر زمان","مظفر علی سید",1,"273","271:276"
"فخر زمان","ناصر کاظمی",1,"273","271:276"
"فخر زمان","ندرت الطاف",1,"269","271:268"
"فخر زمان","پروفیسر کرار حسین",1,"272","271:273"
"فخر زمان","ڈاکٹر سلیم واحد سلیم",1,"268","271:266"
"فخر زمان","ڈاکٹر مہدی حسن",1,"272","271:273"
"فخر زمان","کرام اللہ",1,"270","271:270"
"فخر زمان","کشور ناہید",1,"271","271:271"
"فخر زمان","گوتم بدھ",1,"270","271:270"
"فراق","فیض احمد فیض",3,"52 55 99","55:50 55:55 99:99"
"فراق","قدرت اللہ شہاب",1,"25","26:25"
"فراق","قیوم صاحب (یونیسکو)",1,"100","99:101"
"فراق","قیوم نظر",3,"24 99","26:22 26:23 99:99"
"فراق","محمد حسین آزاد",1,"265","266:264"
"فراق","محمود ہاشمی",2,"25 35","26:25 36:34"
"فراق","مختار صدیقی",2,"24","26:22 26:23"
"فراق","مظفر علی سید",3,"98 99 275","99:97 99:99 275:276"
"فراق","ممتاز شیریں",4,"25 26 35 54","26:25 26:26 36:34 55:53"
"فراق","منظور الہی",1,"230","229:231"
"فراق","منٹو",7,"25 26 35 36","26:24 26:25 26:26 36:34 36:35 36:36 37:36"
"فراق","مولانا حسرت موہانی",2,"37 38","36:39 37:39"
"فراق","مولانا صلاح الدین احمد",2,"35 101","36:34 99:103"
"فراق","مولانا غلام رسول",1,"100","99:102"
"فراق","مولانا چراغ حسن حسرت",1,"265","266:264"
"فراق","مہندر ناتھ",2,"28 34","26:30 36:32"
"فراق","میاں بشیر احمد",2,"98 100","99:97 99:102"
"فراق","میرا بائی",1,"228","229:228"
"فراق","ناصر کاظمی",10,"26 38 39 53 97 98 99 263 275","26:26 36:41 37:41 55:52 99:96 99:97 99:98 99:99 266:261 275:276"
"فراق","ندرت الطاف",1,"267","266:268"
"فراق","نعیم طاہر",1,"277","275:279"
"فراق","نواب ناطق",1,"57","55:60"
"فراق","وجیہہ الدین احمد",1,"35","36:34"
"فراق","ولی",2,"34 276","36:32 275:278"
"فراق","پروفیسر کرار حسین",6,"37 38 227 228 229 274","36:39 37:39 229:226 229:227 229:229 275:273"
"فراق","ڈاکٹر تاثیر",3,"24 25 35","26:23 26:24 36:35"
"فراق","ڈاکٹر سلیم واحد سلیم",1,"266","266:266"
"فراق","ڈاکٹر مہدی حسن",1,"274","275:273"
"فراق","کرام اللہ",2,"268 272","266:270 275:270"
"فراق","کرشن چندر",6,"26 34 35 36 37","26:26 36:32 36:35 36:36 37:36 37:37"
"فراق","کشور ناہید",4,"230 268 273 277","229:231 266:271 275:271 275:280"
"فراق","گوتم بدھ",2,"268 272","266:270 275:270"
"فراق","ہاجرہ مسرور",3,"38 55","36:40 37:40 55:55"
"فراق","یوسف ظفر",3,"24 99","26:22 26:23 99:99"
"فراق","یگانہ",1,"99","99:99"
"فرخ نگار عزیز","فیض احمد فیض",1,"284","284:284"
"فرخ نگار عزیز","قدرت اللہ شہاب",1,"154","154:155"
"فرخ نگار عزیز","قیوم صاحب (یونیسکو)",1,"152","154:150"
"فرخ نگار عزیز","قیوم نظر",2,"152 284","154:150 284:284"
"فرخ نگار عزیز","لائو پہلوان",1,"284","284:285"
"فرخ نگار عزیز","مجاہد اردو (گمنام مقرر)",1,"282","284:281"
"فرخ نگار عزیز","محمد حسن لطیفی",1,"285","284:287"
"فرخ نگار عزیز","مرغوب صدیقی",1,"285","284:286"
"فرخ نگار عزیز","منو بھائی",1,"286","284:288"
"فرخ نگار عزیز","منیر نیازی",1,"156","154:158"
"فرخ نگار عزیز","مولانا ابوالکلام آزاد",1,"283","284:282"
"فرخ نگار عزیز","مولانا حسرت موہانی",1,"153","154:152"
"فرخ نگار عزیز","مولانا صلاح الدین احمد",1,"285","284:286"
"فرخ نگار عزیز","مولانا ظفر علی خاں",1,"283","284:283"
"فرخ نگار عزیز","مولانا عبد المجید سالک",1,"285","284:287"
"فرخ نگار عزیز","مولانا غلام رسول",1,"153","154:152"
"فرخ نگار عزیز","میر نور احمد",2,"153 285","154:152 284:287"
"فرخ نگار عزیز","ناصر کاظمی",2,"282 285","284:280 284:287"
"فرخ نگار عزیز","نعیم طاہر",2,"156 281","154:159 284:279"
"فرخ نگار عزیز","نواز شریف",1,"286","284:288"
"فرخ نگار عزیز","پروفیسر حمید احمد خاں",2,"152 153","154:150 154:152"
"فرخ نگار عزیز","پروفیسر عبید اللہ",1,"284","284:284"
"فرخ نگار عزیز","پروفیسر وزیر الحسن عابدی",2,"151 152","154:149 154:150"
"فرخ نگار عزیز","ڈاکٹر باقر",1,"155","154:156"
"فرخ نگار عزیز","ڈاکٹر جاوید اقبال",1,"285","284:287"
"فرخ نگار عزیز","ڈاکٹر سید عبداللہ",1,"282","284:281"
"فرخ نگار عزیز","ڈاکٹر عاشق حسین بٹالوی",1,"284","284:284"
"فرخ نگار عزیز","ڈاکٹر عبد اللہ چغتائی",1,"284","284:284"
"فرخ نگار عزیز","ڈاکٹر عبدالسلام خورشید",1,"284","284:285"
"فرخ نگار عزیز","ڈاکٹر وحید قریشی",1,"285","284:286"
"فرخ نگار عزیز","کرنل صدیق سالک",1,"285","284:287"
"فرخ نگار عزیز","کشور ناہید",2,"282 284","284:280 284:284"
"فرخ نگار عزیز","کمال احمد رضوی",1,"154","154:154"
"فرخ نگار عزیز","یوسف ظفر",1,"154","154:154"
"فرخ نگار عزیز","یگانہ",1,"285","284:286"
"فرہاد زیدی","فرہاد مظہر",1,"179","177:182"
"فرہاد زیدی","فریدہ اختر",1,"179","177:182"
"فرہاد زیدی","فریدہ حفیظ",1,"177","177:177"
"فرہاد زیدی","محمد باقر",1,"177","177:177"
"فرہاد زیدی","محمد حسین آزاد",1,"177","177:177"
"فرہاد زیدی","مسرت جبیں",1,"177","177:177"
"فرہاد زیدی","مولانا صلاح الدین احمد",1,"177","177:177"
"فرہاد زیدی","ناصر کاظمی",4,"175 176 179","177:174 177:175 177:176 177:181"
"فرہاد زیدی","نصیر انور",1,"177","177:178"
"فرہاد زیدی","کرشن چندر",1,"175","177:174"
"فرہاد مظہر","فریدہ اختر",1,"182","182:182"
"فرہاد مظہر","فریدہ حفیظ",1,"179","182:177"
"فرہاد مظہر","فیض احمد فیض",1,"184","182:187"
"فرہاد مظہر","محمد باقر",1,"179","182:177"
"فرہاد مظہر","محمد حسین آزاد",1,"179","182:177"
"فرہاد مظہر","مسرت جبیں",1,"179","182:177"
"فرہاد مظہر","مولانا صلاح الدین احمد",1,"179","182:177"
"فرہاد مظہر","ناصر کاظمی",2,"181 182","182:181 182:182"
"فرہاد مظہر","نصیر انور",1,"180","182:178"
"فرہاد مظہر","پنا قیصر",1,"182","182:183"
"فرہاد مظہر","یوسف ظفر",1,"184","182:186"
"فریدہ اختر","فریدہ حفیظ",1,"179","182:177"
"فریدہ اختر","فیض احمد فیض",2,"184 185","182:187 183:187"
"فریدہ اختر","محمد باقر",1,"179","182:177"
"فریدہ اختر","محمد حسین آزاد",1,"179","182:177"
"فریدہ اختر","مسرت جبیں",1,"179","182:177"
"فریدہ اختر","مولانا صلاح الدین احمد",1,"179","182:177"
"فریدہ اختر","ناصر کاظمی",4,"181 182 184","182:181 182:182 183:182 183:185"
"فریدہ اختر","نصیر انور",1,"180","182:178"
"فریدہ اختر","پنا قیصر",2,"182 183","182:183 183:183"
"فریدہ اختر","یوسف ظفر",2,"184","182:186 183:186"
"فریدہ حفیظ","محمد باقر",1,"177","177:177"
"فریدہ حفیظ","محمد حسین آزاد",1,"177","177:177"
"فریدہ حفیظ","مسرت جبیں",1,"177","177:177"
"فریدہ حفیظ","مولانا صلاح الدین احمد",1,"177","177:177"
"فریدہ حفیظ","ناصر کاظمی",4,"175 176 179","177:174 177:175 177:176 177:181"
"فریدہ حفیظ","نصیر انور",1,"177","177:178"
"فریدہ حفیظ","کرشن چندر",1,"175","177:174"
"فیض احمد فیض","قدرت اللہ شہاب",1,"133","133:133"
"فیض احمد فیض","قرۃ العین حیدر",2,"104 105","102:107 103:107"
"فیض احمد فیض","قیوم صاحب (یونیسکو)",8,"74 76 90 91 100 101 117 121","73:76 76:76 93:88 93:89 99:101 102:101 120:115 120:123"
"فیض احمد فیض","قیوم نظر",6,"74 76 99 100 284 285","73:76 76:76 99:99 102:99 284:284 286:284"
"فیض احمد فیض","لئیق تانگہ والا",5,"120 135 139 140","120:121 133:137 141:137 141:138 141:139"
"فیض احمد فیض","لائو پہلوان",2,"284 285","284:285 286:285"
"فیض احمد فیض","مبارک احمد",5,"74 75 90 104 105","73:75 76:75 93:88 102:107 103:107"
"فیض احمد فیض","مجاہد اردو (گمنام مقرر)",1,"282","284:281"
"فیض احمد فیض","مجروح سلطان پوری",2,"195 197","193:197 197:197"
"فیض احمد فیض","محبوب خزاں",1,"72","73:72"
"فیض احمد فیض","محمد حسن لطیفی",2,"285 286","284:287 286:287"
"فیض احمد فیض","محمد سلیم الرحمن",1,"199","197:201"
"فیض احمد فیض","مختار صدیقی",2,"74 76","73:76 76:76"
"فیض احمد فیض","مرغوب صدیقی",2,"285 286","284:286 286:286"
"فیض احمد فیض","مسز سراج",2,"134 138","133:136 141:136"
"فیض احمد فیض","مظفر علی سید",13,"61 75 76 91 92 93 98 99 100 117 189 192","61:61 73:77 76:77 93:89 93:90 93:91 93:93 99:97 99:99 102:99 120:115 187:191 193:191"
"فیض احمد فیض","ملک راج آنند",1,"141","141:141"
"فیض احمد فیض","ممتاز شیریں",2,"51 54","50:53 55:53"
"فیض احمد فیض","منو بھائی",2,"286 287","284:288 286:288"
"فیض احمد فیض","منٹو",2,"135 139","133:137 141:137"
"فیض احمد فیض","منیر نیازی",1,"122","120:124"
"فیض احمد فیض","مولانا ابوالکلام آزاد",1,"283","284:282"
"فیض احمد فیض","مولانا حسرت موہانی",3,"48 49","50:46 50:47 50:49"
"فیض احمد فیض","مولانا صلاح الدین احمد",8,"101 102 103 120 134 138 285 286","99:103 102:103 103:103 120:120 133:136 141:136 284:286 286:286"
"فیض احمد فیض","مولانا ظفر علی خاں",1,"283","284:283"
"فیض احمد فیض","مولانا عبد المجید سالک",3,"142 285 286","141:144 284:287 286:287"
"فیض احمد فیض","مولانا غلام رسول",3,"100 102","99:102 102:102 103:102"
"فیض احمد فیض","مولانا چراغ حسن حسرت",2,"135 139","133:137 141:137"
"فیض احمد فیض","میاں بشیر احمد",7,"72 95 98 100 102 117","73:72 93:97 99:97 99:102 102:102 103:102 120:115"
"فیض احمد فیض","میر انیس",5,"47 189 192 193 195","50:45 187:191 193:191 193:193 197:193"
"فیض احمد فیض","میر خلیل الرحمن",2,"73 75","73:74 76:74"
"فیض احمد فیض","میر نور احمد",3,"142 285 286","141:144 284:287 286:287"
"فیض احمد فیض","میرا بائی",1,"61","61:61"
"فیض احمد فیض","ناصر کاظمی",41,"51 53 61 70 71 72 73 74 75 76 91 92 94 97 98 99 100 101 104 105 117 118 119 120 135 139 140 184 186 187 190 282 285 286","50:52 55:52 61:61 73:68 73:69 73:70 73:72 73:73 76:73 76:74 76:75 76:76 93:89 93:90 93:92 93:96 99:96 99:97 99:98 99:99 102:99 102:100 102:107 103:107 120:115 120:116 120:117 120:118 120:119 120:121 133:137 141:137 141:139 187:182 187:185 187:186 187:188 193:188 284:280 284:287 286:287"
"فیض احمد فیض","نثار عثمانی",2,"195 197","193:198 197:198"
"فیض احمد فیض","نعیم طاہر",1,"281","284:279"
"فیض احمد فیض","نواب ناطق",5,"57 60 72 73 74","55:60 61:60 73:71 73:73 76:73"
"فیض احمد فیض","نواز شریف",2,"286 287","284:288 286:288"
"فیض احمد فیض","ولی",2,"73 75","73:74 76:74"
"فیض احمد فیض","پروفیسر سرور",1,"142","141:143"
"فیض احمد فیض","پروفیسر عبید اللہ",2,"284 285","284:284 286:284"
"فیض احمد فیض","پنا قیصر",1,"185","187:183"
"فیض احمد فیض","ڈاکٹر تاثیر",1,"48","50:46"
"فیض احمد فیض","ڈاکٹر جاوید اقبال",2,"285 286","284:287 286:287"
"فیض احمد فیض","ڈاکٹر ذاکر حسین",3,"142 193 195","141:143 193:193 197:193"
"فیض احمد فیض","ڈاکٹر سید عبداللہ",2,"199 282","197:201 284:281"
"فیض احمد فیض","ڈاکٹر عاشق حسین بٹالوی",5,"134 138 284 285","133:136 141:136 284:284 286:284 286:285"
"فیض احمد فیض","ڈاکٹر عبادت بریلوی",1,"91","93:89"
"فیض احمد فیض","ڈاکٹر عبد اللہ چغتائی",2,"284 285","284:284 286:284"
"فیض احمد فیض","ڈاکٹر عبدالسلام خورشید",3,"284 285 286","284:285 286:285 286:286"
"فیض احمد فیض","ڈاکٹر وحید قریشی",2,"285 286","284:286 286:286"
"فیض احمد فیض","کرنل صدیق سالک",2,"285 286","284:287 286:287"
"فیض احمد فیض","کشور ناہید",9,"193 195 196 197 282 284 285 287","193:194 197:194 197:195 197:196 197:197 284:280 284:284 286:284 286:289"
"فیض احمد فیض","کیرولین کائزر",1,"140","141:140"
"فیض احمد فیض","ہاجرہ مسرور",2,"52 55","50:55 55:55"
"فیض احمد فیض","ہارون الرشید",3,"194 196","193:195 197:195 197:196"
"فیض احمد فیض","ہنس راج رہبر",1,"288","286:291"
"فیض احمد فیض","یوسف ظفر",7,"74 76 99 100 186 187 190","73:76 76:76 99:99 102:99 187:186 187:188 193:188"
"فیض احمد فیض","یگانہ",4,"99 100 285 286","99:99 102:99 284:286 286:286"
"قدرت اللہ شہاب","قیوم صاحب (یونیسکو)",1,"152","155:150"
"قدرت اللہ شہاب","قیوم نظر",3,"23 24 152","25:22 25:23 155:150"
"قدرت اللہ شہاب","لئیق تانگہ والا",1,"135","133:137"
"قدرت اللہ شہاب","محمود ہاشمی",1,"25","25:25"
"قدرت اللہ شہاب","مختار صدیقی",2,"23 24","25:22 25:23"
"قدرت اللہ شہاب","مسز سراج",1,"134","133:136"
"قدرت اللہ شہاب","ممتاز شیریں",1,"25","25:25"
"قدرت اللہ شہاب","منظور الہی",1,"207","207:208"
"قدرت اللہ شہاب","منٹو",3,"24 25 135","25:24 25:25 133:137"
"قدرت اللہ شہاب","منیر نیازی",1,"156","155:158"
"قدرت اللہ شہاب","مولانا حسرت موہانی",1,"153","155:152"
"قدرت اللہ شہاب","مولانا صلاح الدین احمد",1,"134","133:136"
"قدرت اللہ شہاب","مولانا غلام رسول",1,"153","155:152"
"قدرت اللہ شہاب","مولانا چراغ حسن حسرت",1,"135","133:137"
"قدرت اللہ شہاب","مہندر ناتھ",1,"27","25:30"
"قدرت اللہ شہاب","میر نور احمد",1,"153","155:152"
"قدرت اللہ شہاب","میرا بائی",1,"209","207:211"
"قدرت اللہ شہاب","ناصر کاظمی",2,"25 135","25:26 133:137"
"قدرت اللہ شہاب","نعیم طاہر",1,"157","155:159"
"قدرت اللہ شہاب","نور الحسن جعفری",1,"207","207:208"
"قدرت اللہ شہاب","پروفیسر حمید احمد خاں",3,"152 153 157","155:150 155:152 155:160"
"قدرت اللہ شہاب","پروفیسر وزیر الحسن عابدی",2,"152 157","155:150 155:160"
"قدرت اللہ شہاب","ڈاکٹر اسرار احمد",1,"208","207:210"
"قدرت اللہ شہاب","ڈاکٹر باقر",1,"155","155:156"
"قدرت اللہ شہاب","ڈاکٹر تاثیر",2,"24","25:23 25:24"
"قدرت اللہ شہاب","ڈاکٹر عاشق حسین بٹالوی",1,"134","133:136"
"قدرت اللہ شہاب","کرشن چندر",1,"25","25:26"
"قدرت اللہ شہاب","کشور ناہید",1,"207","207:207"
"قدرت اللہ شہاب","کمال احمد رضوی",1,"154","155:154"
"قدرت اللہ شہاب","یوسف ظفر",3,"23 24 154","25:22 25:23 155:154"
"قدرت اللہ شہاب","یوسف کامران",1,"207","207:208"
"قرۃ العین حیدر","لڈو",1,"168","170:167"
"قرۃ العین حیدر","مبارک احمد",1,"107","107:107"
"قرۃ العین حیدر","محمود ہاشمی",1,"253","251:255"
"قرۃ العین حیدر","منٹو",1,"251","251:252"
"قرۃ العین حیدر","منیر احمد شیخ",1,"169","170:168"
"قرۃ العین حیدر","منیر نیازی",1,"168","170:167"
"قرۃ العین حیدر","مولانا صلاح الدین احمد",2,"105 108","107:103 107:110"
"قرۃ العین حیدر","مولانا غلام رسول",1,"104","107:102"
"قرۃ العین حیدر","مولانا مودودی",1,"169","170:169"
"قرۃ العین حیدر","مولانا کوثر نیازی",1,"167","170:165"
"قرۃ العین حیدر","میاں بشیر احمد",1,"104","107:102"
"قرۃ العین حیدر","میاں محمد طفیل",1,"167","170:165"
"قرۃ العین حیدر","میر انیس",1,"253","251:255"
"قرۃ العین حیدر","میرا بائی",2,"248 249","251:246 251:247"
"قرۃ العین حیدر","ناصر کاظمی",4,"107 172 250 251","107:107 170:174 251:250 251:252"
"قرۃ العین حیدر","نواب اسماعیل خان",1,"253","251:255"
"قرۃ العین حیدر","کبیر",2,"248 249","251:246 251:247"
"قرۃ العین حیدر","کرشن چندر",1,"172","170:174"
"قرۃ العین حیدر","کشور ناہید",2,"250 251","251:250 251:252"
"قرۃ العین حیدر","گوتم بدھ",1,"252","251:253"
"قیوم صاحب (یونیسکو)","قیوم نظر",8,"76 77 78 79 100 150 213","76:76 77:76 77:78 78:78 81:78 101:99 150:150 214:213"
"قیوم صاحب (یونیسکو)","لئیق تانگہ والا",2,"122","123:121 123:122"
"قیوم صاحب (یونیسکو)","مبارک احمد",4,"75 88 214","76:75 88:88 89:88 214:214"
"قیوم صاحب (یونیسکو)","محبوب خزاں",1,"74","76:72"
"قیوم صاحب (یونیسکو)","محمد حسن لطیفی",5,"82 83 86 87","81:84 82:84 88:84 88:85 88:86"
"قیوم صاحب (یونیسکو)","مختار صدیقی",2,"76","76:76 77:76"
"قیوم صاحب (یونیسکو)","مسرت جبیں",1,"148","150:147"
"قیوم صاحب (یونیسکو)","مظفر علی سید",15,"76 77 78 80 81 82 85 86 88 89 99 100 115","76:77 77:77 78:77 78:79 81:79 81:81 82:81 82:82 88:83 88:84 88:89 89:89 101:97 101:99 115:115"
"قیوم صاحب (یونیسکو)","منٹو",1,"114","115:113"
"قیوم صاحب (یونیسکو)","منیر نیازی",8,"83 86 123 124 125","81:85 82:85 88:85 123:124 124:124 125:124 125:125 126:125"
"قیوم صاحب (یونیسکو)","مولانا ابوالکلام آزاد",1,"213","214:213"
"قیوم صاحب (یونیسکو)","مولانا حسرت موہانی",1,"151","150:152"
"قیوم صاحب (یونیسکو)","مولانا صلاح الدین احمد",4,"102 112 117 121","101:103 115:110 115:120 123:120"
"قیوم صاحب (یونیسکو)","مولانا غلام رسول",2,"101 151","101:102 150:152"
"قیوم صاحب (یونیسکو)","میاں بشیر احمد",4,"74 99 101 115","76:72 101:97 101:102 115:115"
"قیوم صاحب (یونیسکو)","میر خلیل الرحمن",1,"75","76:74"
"قیوم صاحب (یونیسکو)","میر نور احمد",2,"147 151","150:145 150:152"
"قیوم صاحب (یونیسکو)","میرا بائی",5,"79 80 81 82 212","77:82 78:82 81:82 82:82 214:211"
"قیوم صاحب (یونیسکو)","ناصر کاظمی",37,"74 75 76 77 78 79 80 82 85 86 88 89 98 99 100 112 113 114 115 120 121 122 123 124 125","76:72 76:73 76:74 76:75 76:76 77:76 77:77 78:77 78:78 81:78 81:79 81:80 81:83 82:83 88:83 88:84 88:85 88:89 89:89 101:96 101:97 101:98 101:99 101:100 115:110 115:111 115:113 115:115 123:118 123:119 123:121 123:122 123:123 124:123 124:125 125:125 126:125"
"قیوم صاحب (یونیسکو)","نواب ناطق",5,"73 74 82 83 86","76:71 76:73 81:84 82:84 88:84"
"قیوم صاحب (یونیسکو)","ولی",5,"75 124 125 126","76:74 123:126 124:126 125:126 126:126"
"قیوم صاحب (یونیسکو)","ٹی ایس ایلیٹ",1,"214","214:215"
"قیوم صاحب (یونیسکو)","پروفیسر حمید احمد خاں",1,"150","150:150"
"قیوم صاحب (یونیسکو)","پروفیسر وزیر الحسن عابدی",2,"149 150","150:149 150:150"
"قیوم صاحب (یونیسکو)","ڈاکٹر اسرار احمد",1,"212","214:210"
"قیوم صاحب (یونیسکو)","ڈاکٹر عبادت بریلوی",2,"88 89","88:89 89:89"
"قیوم صاحب (یونیسکو)","کبیر",4,"79 80 81 82","77:82 78:82 81:82 82:82"
"قیوم صاحب (یونیسکو)","کشور ناہید",1,"214","214:215"
"قیوم صاحب (یونیسکو)","کمال احمد رضوی",1,"152","150:154"
"قیوم صاحب (یونیسکو)","ہیما مالنی",1,"214","214:215"
"قیوم صاحب (یونیسکو)","یوسف ظفر",4,"76 100 152","76:76 77:76 101:99 150:154"
"قیوم صاحب (یونیسکو)","یوسف کامران",1,"214","214:214"
"قیوم صاحب (یونیسکو)","یگانہ",1,"100","101:99"
"قیوم نظر","لائو پہلوان",1,"284","284:285"
"قیوم نظر","مبارک احمد",2,"75 213","76:75 213:214"
"قیوم نظر","مجاہد اردو (گمنام مقرر)",1,"282","284:281"
"قیوم نظر","محبوب خزاں",1,"74","76:72"
"قیوم نظر","محمد حسن لطیفی",1,"285","284:287"
"قیوم نظر","محمود ہاشمی",2,"23 24","22:25 23:25"
"قیوم نظر","مختار صدیقی",5,"22 23 76 77","22:22 23:22 23:23 76:76 78:76"
"قیوم نظر","مرغوب صدیقی",1,"285","284:286"
"قیوم نظر","مسرت جبیں",1,"148","150:147"
"قیوم نظر","مظفر علی سید",5,"76 77 78 98 99","76:77 78:77 78:79 99:97 99:99"
"قیوم نظر","ممتاز شیریں",2,"23 24","22:25 23:25"
"قیوم نظر","منظور الہی",1,"210","213:208"
"قیوم نظر","منو بھائی",1,"286","284:288"
"قیوم نظر","منٹو",2,"23","22:24 23:24"
"قیوم نظر","مولانا ابوالکلام آزاد",2,"213 283","213:213 284:282"
"قیوم نظر","مولانا حسرت موہانی",1,"151","150:152"
"قیوم نظر","مولانا صلاح الدین احمد",2,"101 285","99:103 284:286"
"قیوم نظر","مولانا ظفر علی خاں",1,"283","284:283"
"قیوم نظر","مولانا عبد المجید سالک",1,"285","284:287"
"قیوم نظر","مولانا غلام رسول",2,"100 151","99:102 150:152"
"قیوم نظر","میاں بشیر احمد",3,"74 98 100","76:72 99:97 99:102"
"قیوم نظر","میر خلیل الرحمن",1,"75","76:74"
"قیوم نظر","میر نور احمد",3,"147 151 285","150:145 150:152 284:287"
"قیوم نظر","میرا بائی",2,"80 212","78:82 213:211"
"قیوم نظر","ناصر کاظمی",16,"24 74 75 76 77 78 97 98 99 282 285","22:26 23:26 76:72 76:73 76:74 76:75 76:76 78:76 78:77 78:78 99:96 99:97 99:98 99:99 284:280 284:287"
"قیوم نظر","نعیم طاہر",1,"281","284:279"
"قیوم نظر","نواب ناطق",2,"73 74","76:71 76:73"
"قیوم نظر","نواز شریف",1,"286","284:288"
"قیوم نظر","نور الحسن جعفری",1,"210","213:208"
"قیوم نظر","ولی",1,"75","76:74"
"قیوم نظر","ٹی ایس ایلیٹ",1,"214","213:215"
"قیوم نظر","پروفیسر حمید احمد خاں",1,"150","150:150"
"قیوم نظر","پروفیسر عبید اللہ",1,"284","284:284"
"قیوم نظر","پروفیسر وزیر الحسن عابدی",2,"149 150","150:149 150:150"
"قیوم نظر","ڈاکٹر اسرار احمد",1,"211","213:210"
"قیوم نظر","ڈاکٹر تاثیر",2,"22 23","22:23 23:23"
"قیوم نظر","ڈاکٹر جاوید اقبال",1,"285","284:287"
"قیوم نظر","ڈاکٹر سید عبداللہ",1,"282","284:281"
"قیوم نظر","ڈاکٹر عاشق حسین بٹالوی",1,"284","284:284"
"قیوم نظر","ڈاکٹر عبد اللہ چغتائی",1,"284","284:284"
"قیوم نظر","ڈاکٹر عبدالسلام خورشید",1,"284","284:285"
"قیوم نظر","ڈاکٹر وحید قریشی",1,"285","284:286"
"قیوم نظر","کبیر",1,"80","78:82"
"قیوم نظر","کرشن چندر",2,"24","22:26 23:26"
"قیوم نظر","کرنل صدیق سالک",1,"285","284:287"
"قیوم نظر","کشور ناہید",3,"214 282 284","213:215 284:280 284:284"
"قیوم نظر","کمال احمد رضوی",1,"152","150:154"
"قیوم نظر","ہیما مالنی",1,"214","213:215"
"قیوم نظر","یوسف ظفر",7,"22 23 76 77 99 152","22:22 23:22 23:23 76:76 78:76 99:99 150:154"
"قیوم نظر","یوسف کامران",2,"210 213","213:208 213:214"
"قیوم نظر","یگانہ",2,"99 285","99:99 284:286"
"لئیق تانگہ والا","مسز سراج",1,"136","137:136"
"لئیق تانگہ والا","ملک راج آنند",3,"139 140","137:141 138:141 139:141"
"لئیق تانگہ والا","منٹو",2,"137","137:137 138:137"
"لئیق تانگہ والا","منیر نیازی",2,"122 123","121:124 122:124"
"لئیق تانگہ والا","مولانا صلاح الدین احمد",2,"120 136","121:120 137:136"
"لئیق تانگہ والا","مولانا عبد المجید سالک",1,"141","139:144"
"لئیق تانگہ والا","مولانا چراغ حسن حسرت",2,"137","137:137 138:137"
"لئیق تانگہ والا","میر نور احمد",1,"141","139:144"
"لئیق تانگہ والا","ناصر کاظمی",11,"118 119 120 121 122 137 138 139","121:116 121:117 121:118 121:119 121:121 122:121 122:122 137:137 138:137 138:139 139:139"
"لئیق تانگہ والا","ولی",2,"123 124","121:126 122:126"
"لئیق تانگہ والا","پروفیسر سرور",2,"140 141","138:143 139:143"
"لئیق تانگہ والا","ڈاکٹر ذاکر حسین",2,"140 141","138:143 139:143"
"لئیق تانگہ والا","ڈاکٹر عاشق حسین بٹالوی",1,"136","137:136"
"لئیق تانگہ والا","کیرولین کائزر",3,"138 139","137:140 138:140 139:140"
"لائو پہلوان","مجاہد اردو (گمنام مقرر)",1,"283","285:281"
"لائو پہلوان","محمد حسن لطیفی",1,"286","285:287"
"لائو پہلوان","مرغوب صدیقی",1,"285","285:286"
"لائو پہلوان","منو بھائی",1,"286","285:288"
"لائو پہلوان","مولانا ابوالکلام آزاد",1,"283","285:282"
"لائو پہلوان","مولانا صلاح الدین احمد",1,"285","285:286"
"لائو پہلوان","مولانا ظفر علی خاں",1,"284","285:283"
"لائو پہلوان","مولانا عبد المجید سالک",1,"286","285:287"
"لائو پہلوان","میر نور احمد",1,"286","285:287"
"لائو پہلوان","ناصر کاظمی",2,"282 286","285:280 285:287"
"لائو پہلوان","نواز شریف",1,"286","285:288"
"لائو پہلوان","پروفیسر عبید اللہ",1,"284","285:284"
"لائو پہلوان","ڈاکٹر جاوید اقبال",1,"286","285:287"
"لائو پہلوان","ڈاکٹر سید عبداللہ",1,"283","285:281"
"لائو پہلوان","ڈاکٹر عاشق حسین بٹالوی",2,"284 285","285:284 285:285"
"لائو پہلوان","ڈاکٹر عبد اللہ چغتائی",1,"284","285:284"
"لائو پہلوان","ڈاکٹر عبدالسلام خورشید",1,"285","285:285"
"لائو پہلوان","ڈاکٹر وحید قریشی",1,"285","285:286"
"لائو پہلوان","کرنل صدیق سالک",1,"286","285:287"
"لائو پہلوان","کشور ناہید",3,"282 284 287","285:280 285:284 285:289"
"لائو پہلوان","یگانہ",1,"285","285:286"
"لڈو","منٹو",1,"165","167:163"
"لڈو","منیر احمد شیخ",1,"167","167:168"
"لڈو","منیر نیازی",1,"167","167:167"
"لڈو","مولانا بھاشانی",3,"164 165","167:162 167:163 167:164"
"لڈو","مولانا مودودی",1,"168","167:169"
"لڈو","مولانا کوثر نیازی",1,"166","167:165"
"لڈو","میاں محمد طفیل",1,"166","167:165"
"لڈو","ناصر کاظمی",1,"165","167:164"
"لڈو","نذیر ناجی",1,"164","167:162"
"ماہر القادری","منٹو",1,"10","12:9"
"ماہر القادری","مولانا حسرت موہانی",1,"11","12:11"
"ماہر القادری","نفیس خلیلی",2,"9 10","12:7 12:8"
"مبارک احمد","محبوب خزاں",1,"73","75:72"
"مبارک احمد","محمد حسن لطیفی",3,"86 87","88:84 88:85 88:86"
"مبارک احمد","محمد عمر میمن",1,"241","239:244"
"مبارک احمد","مختار صدیقی",1,"75","75:76"
"مبارک احمد","مظفر علی سید",4,"76 85 86 88","75:77 88:83 88:84 88:89"
"مبارک احمد","منیر نیازی",1,"86","88:85"
"مبارک احمد","مولانا ابوالکلام آزاد",1,"213","214:213"
"مبارک احمد","مولانا صلاح الدین احمد",2,"105 108","107:103 107:110"
"مبارک احمد","مولانا غلام رسول",1,"104","107:102"
"مبارک احمد","میاں بشیر احمد",2,"73 104","75:72 107:102"
"مبارک احمد","میر خلیل الرحمن",1,"74","75:74"
"مبارک احمد","میرا بائی",1,"212","214:211"
"مبارک احمد","ناصر کاظمی",11,"72 73 74 75 85 86 88 107 239","75:70 75:72 75:73 75:74 75:75 88:83 88:84 88:85 88:89 107:107 239:240"
"مبارک احمد","نواب ناطق",3,"73 74 86","75:71 75:73 88:84"
"مبارک احمد","وجے ٹنڈولکر",1,"240","239:242"
"مبارک احمد","ولی",1,"74","75:74"
"مبارک احمد","وکیل صاحب",1,"238","239:238"
"مبارک احمد","ٹی ایس ایلیٹ",3,"214 215","214:215 215:215 216:215"
"مبارک احمد","ڈاکٹر ارتضیٰ کریم",1,"240","239:241"
"مبارک احمد","ڈاکٹر اسرار احمد",1,"212","214:210"
"مبارک احمد","ڈاکٹر عبادت بریلوی",1,"88","88:89"
"مبارک احمد","کشور ناہید",6,"214 215 218 220 239","214:215 215:215 216:215 216:220 220:220 239:239"
"مبارک احمد","گیتانجلی",1,"241","239:244"
"مبارک احمد","ہیما مالنی",4,"214 215 239","214:215 215:215 216:215 239:239"
"مبارک احمد","یوسف ظفر",1,"75","75:76"
"مبارک احمد","یوسف کامران",2,"214","214:214 215:214"
"مجاہد اردو (گمنام مقرر)","مرغوب صدیقی",1,"283","281:286"
"مجاہد اردو (گمنام مقرر)","مظفر علی سید",2,"278 279","281:276 281:278"
"مجاہد اردو (گمنام مقرر)","مولانا ابوالکلام آزاد",1,"281","281:282"
"مجاہد اردو (گمنام مقرر)","مولانا صلاح الدین احمد",1,"283","281:286"
"مجاہد اردو (گمنام مقرر)","مولانا ظفر علی خاں",1,"282","281:283"
"مجاہد اردو (گمنام مقرر)","ناصر کاظمی",2,"278 280","281:276 281:280"
"مجاہد اردو (گمنام مقرر)","نعیم طاہر",1,"280","281:279"
"مجاہد اردو (گمنام مقرر)","ولی",1,"279","281:278"
"مجاہد اردو (گمنام مقرر)","پروفیسر عبید اللہ",1,"282","281:284"
"مجاہد اردو (گمنام مقرر)","ڈاکٹر سید عبداللہ",1,"281","281:281"
"مجاہد اردو (گمنام مقرر)","ڈاکٹر عاشق حسین بٹالوی",1,"282","281:284"
"مجاہد اردو (گمنام مقرر)","ڈاکٹر عبد اللہ چغتائی",1,"282","281:284"
"مجاہد اردو (گمنام مقرر)","ڈاکٹر عبدالسلام خورشید",1,"283","281:285"
"مجاہد اردو (گمنام مقرر)","ڈاکٹر وحید قریشی",1,"283","281:286"
"مجاہد اردو (گمنام مقرر)","کشور ناہید",2,"280 282","281:280 281:284"
"مجاہد اردو (گمنام مقرر)","یگانہ",1,"283","281:286"
"مجروح سلطان پوری","محمد سلیم الرحمن",1,"199","197:201"
"مجروح سلطان پوری","میر انیس",1,"195","197:193"
"مجروح سلطان پوری","نثار عثمانی",1,"197","197:198"
"مجروح سلطان پوری","ڈاکٹر ذاکر حسین",1,"195","197:193"
"مجروح سلطان پوری","ڈاکٹر سید عبداللہ",1,"199","197:201"
"مجروح سلطان پوری","کشور ناہید",4,"195 196 197","197:194 197:195 197:196 197:197"
"مجروح سلطان پوری","ہارون الرشید",2,"196","197:195 197:196"
"محبوب خزاں","مختار صدیقی",1,"74","72:76"
"محبوب خزاں","مظفر علی سید",1,"74","72:77"
"محبوب خزاں","میاں بشیر احمد",1,"72","72:72"
"محبوب خزاں","میر خلیل الرحمن",1,"73","72:74"
"محبوب خزاں","ناصر کاظمی",5,"69 70 71 72","72:67 72:68 72:69 72:70 72:72"
"محبوب خزاں","نواب ناطق",2,"71 72","72:71 72:73"
"محبوب خزاں","ولی",1,"73","72:74"
"محبوب خزاں","یوسف ظفر",1,"74","72:76"
"محمد باقر","محمد حسین آزاد",1,"177","177:177"
"محمد باقر","مسرت جبیں",1,"177","177:177"
"محمد باقر","مولانا صلاح الدین احمد",1,"177","177:177"
"محمد باقر","ناصر کاظمی",4,"175 176 179","177:174 177:175 177:176 177:181"
"محمد باقر","نصیر انور",1,"177","177:178"
"محمد باقر","کرشن چندر",1,"175","177:174"
"محمد حسن لطیفی","مرغوب صدیقی",1,"286","287:286"
"محمد حسن لطیفی","مظفر علی سید",8,"81 82 83 84 87","84:79 84:81 84:82 84:83 84:84 85:84 85:89 86:89"
"محمد حسن لطیفی","منو بھائی",1,"287","287:288"
"محمد حسن لطیفی","منیر نیازی",3,"84 85","84:85 85:85 86:85"
"محمد حسن لطیفی","مولانا ابوالکلام آزاد",1,"284","287:282"
"محمد حسن لطیفی","مولانا صلاح الدین احمد",1,"286","287:286"
"محمد حسن لطیفی","مولانا ظفر علی خاں",1,"285","287:283"
"محمد حسن لطیفی","مولانا عبد المجید سالک",1,"287","287:287"
"محمد حسن لطیفی","میر نور احمد",1,"287","287:287"
"محمد حسن لطیفی","میرا بائی",1,"83","84:82"
"محمد حسن لطیفی","ناصر کاظمی",9,"81 82 83 84 85 87 287","84:79 84:80 84:83 84:84 85:84 85:85 86:85 86:89 287:287"
"محمد حسن لطیفی","نواب ناطق",2,"84","84:84 85:84"
"محمد حسن لطیفی","نواز شریف",1,"287","287:288"
"محمد حسن لطیفی","پروفیسر عبید اللہ",1,"285","287:284"
"محمد حسن لطیفی","ڈاکٹر جاوید اقبال",1,"287","287:287"
"محمد حسن لطیفی","ڈاکٹر عاشق حسین بٹالوی",2,"285 286","287:284 287:285"
"محمد حسن لطیفی","ڈاکٹر عبادت بریلوی",3,"86 87","84:89 85:89 86:89"
"محمد حسن لطیفی","ڈاکٹر عبد اللہ چغتائی",1,"285","287:284"
"محمد حسن لطیفی","ڈاکٹر عبدالسلام خورشید",3,"286 287","287:285 287:286 287:287"
"محمد حسن لطیفی","ڈاکٹر وحید قریشی",1,"286","287:286"
"محمد حسن لطیفی","کبیر",1,"83","84:82"
"محمد حسن لطیفی","کرنل صدیق سالک",1,"287","287:287"
"محمد حسن لطیفی","کشور ناہید",2,"285 288","287:284 287:289"
"محمد حسن لطیفی","ہنس راج رہبر",1,"289","287:291"
"محمد حسن لطیفی","یگانہ",1,"286","287:286"
"محمد حسین آزاد","مسرت جبیں",1,"177","177:177"
"محمد حسین آزاد","مولانا صلاح الدین احمد",1,"177","177:177"
"محمد حسین آزاد","مولانا چراغ حسن حسرت",1,"264","264:264"
"محمد حسین آزاد","ناصر کاظمی",5,"175 176 179 262","177:174 177:175 177:176 177:181 264:261"
"محمد حسین آزاد","ندرت الطاف",1,"266","264:268"
"محمد حسین آزاد","نصیر انور",1,"177","177:178"
"محمد حسین آزاد","ڈاکٹر سلیم واحد سلیم",1,"265","264:266"
"محمد حسین آزاد","کرشن چندر",1,"175","177:174"
"محمد حسین آزاد","کشور ناہید",1,"262","264:260"
"محمد سلیم الرحمن","نثار عثمانی",1,"199","201:198"
"محمد سلیم الرحمن","ڈاکٹر سید عبداللہ",1,"201","201:201"
"محمد سلیم الرحمن","کشور ناہید",3,"198 199","201:196 201:197 201:198"
"محمد سلیم الرحمن","ہارون الرشید",1,"198","201:196"
"محمد عمر میمن","میر انیس",2,"244 245","244:245 245:245"
"محمد عمر میمن","میرا بائی",2,"245","244:246 245:246"
"محمد عمر میمن","ناصر کاظمی",2,"242 247","244:240 245:250"
"محمد عمر میمن","وجے ٹنڈولکر",2,"243","244:242 244:243"
"محمد عمر میمن","ڈاکٹر ارتضیٰ کریم",1,"242","244:241"
"محمد عمر میمن","کبیر",2,"245","244:246 245:246"
"محمد عمر میمن","کشور ناہید",3,"241 242 247","244:239 244:240 245:250"
"محمد عمر میمن","گیتانجلی",2,"244","244:244 245:244"
"محمد عمر میمن","ہیما مالنی",1,"241","244:239"
"محمود ہاشمی","مختار صدیقی",2,"23 24","25:22 25:23"
"محمود ہاشمی","ممتاز شیریں",2,"25 34","25:25 34:34"
"محمود ہاشمی","منٹو",4,"24 25 34 253","25:24 25:25 34:34 255:252"
"محمود ہاشمی","مولانا حسرت موہانی",1,"36","34:39"
"محمود ہاشمی","مولانا صلاح الدین احمد",1,"34","34:34"
"محمود ہاشمی","مہندر ناتھ",3,"27 32 33","25:30 34:30 34:32"
"محمود ہاشمی","میر انیس",1,"255","255:255"
"محمود ہاشمی","ناصر کاظمی",3,"25 252 253","25:26 255:250 255:252"
"محمود ہاشمی","نواب اسماعیل خان",1,"255","255:255"
"محمود ہاشمی","وجیہہ الدین احمد",1,"34","34:34"
"محمود ہاشمی","ولی",1,"33","34:32"
"محمود ہاشمی","پروفیسر کرار حسین",1,"36","34:39"
"محمود ہاشمی","ڈاکٹر تاثیر",3,"24 34","25:23 25:24 34:35"
"محمود ہاشمی","کرشن چندر",4,"25 32 33 34","25:26 34:30 34:32 34:35"
"محمود ہاشمی","کشور ناہید",3,"252 253 257","255:250 255:252 255:260"
"محمود ہاشمی","گوتم بدھ",1,"254","255:253"
"محمود ہاشمی","یوسف ظفر",2,"23 24","25:22 25:23"
"مختار صدیقی","مظفر علی سید",1,"76","76:77"
"مختار صدیقی","ممتاز شیریں",2,"23 24","22:25 23:25"
"مختار صدیقی","منٹو",2,"23","22:24 23:24"
"مختار صدیقی","میاں بشیر احمد",1,"74","76:72"
"مختار صدیقی","میر خلیل الرحمن",1,"75","76:74"
"مختار صدیقی","ناصر کاظمی",7,"24 74 75 76","22:26 23:26 76:72 76:73 76:74 76:75 76:76"
"مختار صدیقی","نواب ناطق",2,"73 74","76:71 76:73"
"مختار صدیقی","ولی",1,"75","76:74"
"مختار صدیقی","ڈاکٹر تاثیر",2,"22 23","22:23 23:23"
"مختار صدیقی","کرشن چندر",2,"24","22:26 23:26"
"مختار صدیقی","یوسف ظفر",4,"22 23 76","22:22 23:22 23:23 76:76"
"مرغوب صدیقی","منو بھائی",1,"287","286:288"
"مرغوب صدیقی","مولانا ابوالکلام آزاد",1,"284","286:282"
"مرغوب صدیقی","مولانا صلاح الدین احمد",1,"286","286:286"
"مرغوب صدیقی","مولانا ظفر علی خاں",1,"284","286:283"
"مرغوب صدیقی","مولانا عبد المجید سالک",1,"286","286:287"
"مرغوب صدیقی","میر نور احمد",1,"286","286:287"
"مرغوب صدیقی","ناصر کاظمی",1,"286","286:287"
"مرغوب صدیقی","نواز شریف",1,"287","286:288"
"مرغوب صدیقی","پروفیسر عبید اللہ",1,"285","286:284"
"مرغوب صدیقی","ڈاکٹر جاوید اقبال",1,"286","286:287"
"مرغوب صدیقی","ڈاکٹر سید عبداللہ",1,"283","286:281"
"مرغوب صدیقی","ڈاکٹر عاشق حسین بٹالوی",2,"285","286:284 286:285"
"مرغوب صدیقی","ڈاکٹر عبد اللہ چغتائی",1,"285","286:284"
"مرغوب صدیقی","ڈاکٹر عبدالسلام خورشید",2,"285 286","286:285 286:286"
"مرغوب صدیقی","ڈاکٹر وحید قریشی",1,"286","286:286"
"مرغوب صدیقی","کرنل صدیق سالک",1,"286","286:287"
"مرغوب صدیقی","کشور ناہید",2,"285 287","286:284 286:289"
"مرغوب صدیقی","ہنس راج رہبر",1,"288","286:291"
"مرغوب صدیقی","یگانہ",1,"286","286:286"
"مسرت جبیں","ملک راج آنند",1,"144","147:142"
"مسرت جبیں","مولانا حسرت موہانی",1,"149","147:152"
"مسرت جبیں","مولانا صلاح الدین احمد",1,"177","177:177"
"مسرت جبیں","مولانا عبد المجید سالک",1,"145","147:144"
"مسرت جبیں","مولانا غلام رسول",1,"149","147:152"
"مسرت جبیں","میر نور احمد",3,"145 146 149","147:144 147:145 147:152"
"مسرت جبیں","ناصر کاظمی",4,"175 176 179","177:174 177:175 177:176 177:181"
"مسرت جبیں","نصیر انور",1,"177","177:178"
"مسرت جبیں","پروفیسر حمید احمد خاں",1,"148","147:150"
"مسرت جبیں","پروفیسر سرور",1,"145","147:143"
"مسرت جبیں","پروفیسر وزیر الحسن عابدی",1,"148","147:149"
"مسرت جبیں","ڈاکٹر ذاکر حسین",1,"145","147:143"
"مسرت جبیں","کرشن چندر",1,"175","177:174"
"مسز سراج","ملک راج آنند",1,"138","136:141"
"مسز سراج","منٹو",1,"136","136:137"
"مسز سراج","مولانا صلاح الدین احمد",1,"136","136:136"
"مسز سراج","مولانا چراغ حسن حسرت",1,"136","136:137"
"مسز سراج","ناصر کاظمی",1,"136","136:137"
"مسز سراج","ڈاکٹر عاشق حسین بٹالوی",1,"136","136:136"
"مسز سراج","کیرولین کائزر",1,"138","136:140"
"مظفر علی سید","منٹو",1,"114","115:113"
"مظفر علی سید","منیر نیازی",5,"83 84 87","81:85 82:85 83:85 84:85 89:85"
"مظفر علی سید","مولانا ابوالکلام آزاد",1,"280","278:282"
"مظفر علی سید","مولانا صلاح الدین احمد",3,"101 112 117","99:103 115:110 115:120"
"مظفر علی سید","مولانا ظفر علی خاں",1,"280","278:283"
"مظفر علی سید","مولانا غلام رسول",2,"99 100","97:102 99:102"
"مظفر علی سید","میاں بشیر احمد",6,"74 95 97 98 100 115","77:72 93:97 97:97 99:97 99:102 115:115"
"مظفر علی سید","میر انیس",1,"191","191:191"
"مظفر علی سید","میر خلیل الرحمن",1,"75","77:74"
"مظفر علی سید","میرا بائی",7,"61 79 80 81 82","61:61 62:61 77:82 79:82 81:82 82:82 83:82"
"مظفر علی سید","ناصر کاظمی",42,"61 62 74 75 76 77 78 79 80 82 83 84 86 87 89 90 91 92 94 96 97 98 99 112 113 114 115 188 189 276 277 279","61:61 62:61 62:62 77:72 77:73 77:74 77:75 77:76 77:77 79:77 79:78 79:79 81:79 81:80 81:83 82:83 83:83 84:83 84:84 89:84 89:85 89:89 90:89 90:90 91:90 91:92 93:92 93:96 97:96 97:97 99:97 99:98 99:99 115:110 115:111 115:113 115:115 191:186 191:188 276:276 278:276 278:280"
"مظفر علی سید","نعیم طاہر",2,"277 278","276:279 278:279"
"مظفر علی سید","نواب ناطق",8,"60 75 81 82 83 84 86","61:60 77:73 79:84 81:84 82:84 83:84 84:84 89:84"
"مظفر علی سید","ولی",3,"75 277 278","77:74 276:278 278:278"
"مظفر علی سید","پروفیسر کرار حسین",1,"274","276:273"
"مظفر علی سید","ڈاکٹر ذاکر حسین",1,"192","191:193"
"مظفر علی سید","ڈاکٹر سید عبداللہ",2,"278 279","276:281 278:281"
"مظفر علی سید","ڈاکٹر عبادت بریلوی",3,"86 89","84:89 89:89 90:89"
"مظفر علی سید","ڈاکٹر مہدی حسن",1,"274","276:273"
"مظفر علی سید","کبیر",5,"79 80 81 82","77:82 79:82 81:82 82:82 83:82"
"مظفر علی سید","کشور ناہید",4,"192 273 278 279","191:194 276:271 276:280 278:280"
"مظفر علی سید","ہارون الرشید",1,"193","191:195"
"مظفر علی سید","یوسف ظفر",5,"76 98 99 188 189","77:76 97:99 99:99 191:186 191:188"
"مظفر علی سید","یگانہ",2,"98 99","97:99 99:99"
"ملک راج آنند","منٹو",1,"139","141:137"
"ملک راج آنند","مولانا صلاح الدین احمد",1,"138","141:136"
"ملک راج آنند","مولانا عبد المجید سالک",2,"142 143","141:144 142:144"
"ملک راج آنند","مولانا چراغ حسن حسرت",1,"139","141:137"
"ملک راج آنند","میر نور احمد",2,"142 143","141:144 142:144"
"ملک راج آنند","ناصر کاظمی",2,"139 140","141:137 141:139"
"ملک راج آنند","پروفیسر سرور",2,"142","141:143 142:143"
"ملک راج آنند","ڈاکٹر ذاکر حسین",2,"142","141:143 142:143"
"ملک راج آنند","ڈاکٹر عاشق حسین بٹالوی",1,"138","141:136"
"ملک راج آنند","کیرولین کائزر",1,"140","141:140"
"ممتاز شیریں","منٹو",5,"24 25 26 34","25:24 25:25 26:25 26:26 34:34"
"ممتاز شیریں","مولانا حسرت موہانی",2,"36 51","34:39 53:49"
"ممتاز شیریں","مولانا صلاح الدین احمد",1,"34","34:34"
"ممتاز شیریں","مہندر ناتھ",4,"27 28 32 33","25:30 26:30 34:30 34:32"
"ممتاز شیریں","ناصر کاظمی",3,"25 26 52","25:26 26:26 53:52"
"ممتاز شیریں","وجیہہ الدین احمد",1,"34","34:34"
"ممتاز شیریں","ولی",1,"33","34:32"
"ممتاز شیریں","پروفیسر کرار حسین",1,"36","34:39"
"ممتاز شیریں","ڈاکٹر تاثیر",3,"24 34","25:23 25:24 34:35"
"ممتاز شیریں","کرشن چندر",5,"25 26 32 33 34","25:26 26:26 34:30 34:32 34:35"
"ممتاز شیریں","ہاجرہ مسرور",1,"54","53:55"
"ممتاز شیریں","یوسف ظفر",2,"23 24","25:22 25:23"
"منظور الہی","مولانا ابوالکلام آزاد",1,"210","208:213"
"منظور الہی","میرا بائی",2,"209 229","208:211 231:228"
"منظور الہی","نور الحسن جعفری",1,"208","208:208"
"منظور الہی","وکیل صاحب",1,"235","233:238"
"منظور الہی","پروفیسر کرار حسین",3,"228 229 230","231:226 231:227 231:229"
"منظور الہی","ڈاکٹر اسرار احمد",1,"209","208:210"
"منظور الہی","کشور ناہید",4,"207 231 232 233","208:207 231:231 233:231 233:233"
"منظور الہی","یوسف کامران",1,"208","208:208"
"منو بھائی","مولانا صلاح الدین احمد",1,"287","288:286"
"منو بھائی","مولانا ظفر علی خاں",1,"285","288:283"
"منو بھائی","مولانا عبد المجید سالک",1,"287","288:287"
"منو بھائی","میر نور احمد",1,"287","288:287"
"منو بھائی","ناصر کاظمی",1,"287","288:287"
"منو بھائی","نانی اماں",2,"290 291","288:293 289:293"
"منو بھائی","نواز شریف",2,"288","288:288 289:288"
"منو بھائی","پروفیسر عبید اللہ",1,"286","288:284"
"منو بھائی","ڈاکٹر جاوید اقبال",1,"287","288:287"
"منو بھائی","ڈاکٹر عاشق حسین بٹالوی",2,"286","288:284 288:285"
"منو بھائی","ڈاکٹر عبد اللہ چغتائی",1,"286","288:284"
"منو بھائی","ڈاکٹر عبدالسلام خورشید",3,"286 287","288:285 288:286 288:287"
"منو بھائی","ڈاکٹر وحید قریشی",1,"287","288:286"
"منو بھائی","کرنل صدیق سالک",1,"287","288:287"
"منو بھائی","کشور ناہید",3,"286 288 289","288:284 288:289 289:289"
"منو بھائی","ہنس راج رہبر",2,"289 290","288:291 289:291"
"منو بھائی","یگانہ",1,"287","288:286"
"منٹو","منیر احمد شیخ",1,"165","163:168"
"منٹو","منیر نیازی",3,"160 161 165","163:158 163:159 163:167"
"منٹو","مولانا بھاشانی",2,"162 163","163:162 163:163"
"منٹو","مولانا حسرت موہانی",4,"10 36 37","9:11 34:39 35:39 36:39"
"منٹو","مولانا صلاح الدین احمد",4,"34 111 136","34:34 35:34 113:110 137:136"
"منٹو","مولانا چراغ حسن حسرت",1,"137","137:137"
"منٹو","مولانا کوثر نیازی",1,"164","163:165"
"منٹو","مہندر ناتھ",4,"27 28 32 33","25:30 26:30 34:30 34:32"
"منٹو","میاں بشیر احمد",1,"114","113:115"
"منٹو","میاں محمد طفیل",1,"164","163:165"
"منٹو","میر انیس",1,"253","252:255"
"منٹو","میرا بائی",1,"249","252:247"
"منٹو","ناصر کاظمی",12,"25 26 38 110 111 112 113 137 163 251 252","24:26 25:26 26:26 36:41 113:108 113:110 113:111 113:113 137:137 163:164 252:250 252:252"
"منٹو","نانی اماں",1,"294","295:293"
"منٹو","نذیر ناجی",1,"162","163:162"
"منٹو","نعیم بخاری",2,"296 297","295:298 296:298"
"منٹو","نعیم طاہر",1,"161","163:159"
"منٹو","نفیس خلیلی",2,"8","9:7 9:8"
"منٹو","نواب اسماعیل خان",1,"253","252:255"
"منٹو","وجیہہ الدین احمد",2,"34","34:34 35:34"
"منٹو","ولی",1,"33","34:32"
"منٹو","پروفیسر حمید احمد خاں",3,"161 296","163:160 295:297 296:297"
"منٹو","پروفیسر وزیر الحسن عابدی",1,"161","163:160"
"منٹو","پروفیسر کرار حسین",3,"36 37","34:39 35:39 36:39"
"منٹو","ڈاکٹر باقر",1,"160","163:158"
"منٹو","ڈاکٹر تاثیر",6,"23 24 34 35","24:23 24:24 25:24 34:35 35:35 36:35"
"منٹو","ڈاکٹر سید عبداللہ",2,"296","295:297 296:297"
"منٹو","ڈاکٹر عاشق حسین بٹالوی",1,"136","137:136"
"منٹو","ڈاکٹر وحید قریشی",2,"295","295:295 296:295"
"منٹو","کبیر",1,"249","252:247"
"منٹو","کرشن چندر",9,"25 26 32 33 34 35 36","24:26 25:26 26:26 34:30 34:32 34:35 35:35 36:35 36:36"
"منٹو","کشور ناہید",3,"251 252 292","252:250 252:252 295:290"
"منٹو","کیرولین کائزر",1,"138","137:140"
"منٹو","گوتم بدھ",1,"252","252:253"
"منٹو","گیتی سین",2,"296 297","295:298 296:298"
"منٹو","ہاجرہ مسرور",2,"37 38","35:40 36:40"
"منٹو","ہنس راج رہبر",1,"293","295:291"
"منٹو","یوسف ظفر",2,"23","24:22 24:23"
"منیر احمد شیخ","منیر نیازی",1,"167","168:167"
"منیر احمد شیخ","مولانا بھاشانی",2,"165 166","168:163 168:164"
"منیر احمد شیخ","مولانا مودودی",1,"168","168:169"
"منیر احمد شیخ","مولانا کوثر نیازی",1,"166","168:165"
"منیر احمد شیخ","میاں محمد طفیل",1,"166","168:165"
"منیر احمد شیخ","ناصر کاظمی",1,"166","168:164"
"منیر نیازی","مولانا بھاشانی",5,"160 164 165","158:162 159:162 167:162 167:163 167:164"
"منیر نیازی","مولانا صلاح الدین احمد",1,"122","124:120"
"منیر نیازی","مولانا مودودی",1,"168","167:169"
"منیر نیازی","مولانا کوثر نیازی",1,"166","167:165"
"منیر نیازی","میاں محمد طفیل",1,"166","167:165"
"منیر نیازی","میرا بائی",1,"83","85:82"
"منیر نیازی","ناصر کاظمی",12,"82 84 85 121 122 123 124 125 161 165","85:80 85:83 85:84 85:85 124:119 124:121 124:122 124:123 124:125 125:125 159:164 167:164"
"منیر نیازی","نذیر ناجی",3,"160 164","158:162 159:162 167:162"
"منیر نیازی","نعیم طاہر",2,"158 159","158:159 159:159"
"منیر نیازی","نواب ناطق",1,"84","85:84"
"منیر نیازی","ولی",2,"125","124:126 125:126"
"منیر نیازی","پروفیسر حمید احمد خاں",2,"159","158:160 159:160"
"منیر نیازی","پروفیسر وزیر الحسن عابدی",2,"159","158:160 159:160"
"منیر نیازی","ڈاکٹر باقر",4,"157 158","158:156 158:157 158:158 159:158"
"منیر نیازی","ڈاکٹر عبادت بریلوی",1,"87","85:89"
"منیر نیازی","کبیر",1,"83","85:82"
"منیر نیازی","کمال احمد رضوی",1,"156","158:154"
"منیر نیازی","یوسف ظفر",1,"156","158:154"
"مولانا ابوالکلام آزاد","مولانا صلاح الدین احمد",1,"284","282:286"
"مولانا ابوالکلام آزاد","مولانا ظفر علی خاں",1,"282","282:283"
"مولانا ابوالکلام آزاد","مولانا عبد المجید سالک",1,"284","282:287"
"مولانا ابوالکلام آزاد","میر نور احمد",1,"284","282:287"
"مولانا ابوالکلام آزاد","میرا بائی",1,"212","213:211"
"مولانا ابوالکلام آزاد","ناصر کاظمی",2,"281 284","282:280 282:287"
"مولانا ابوالکلام آزاد","نعیم طاہر",1,"280","282:279"
"مولانا ابوالکلام آزاد","نور الحسن جعفری",1,"210","213:208"
"مولانا ابوالکلام آزاد","ولی",1,"280","282:278"
"مولانا ابوالکلام آزاد","ٹی ایس ایلیٹ",1,"214","213:215"
"مولانا ابوالکلام آزاد","پروفیسر عبید اللہ",1,"283","282:284"
"مولانا ابوالکلام آزاد","ڈاکٹر اسرار احمد",1,"211","213:210"
"مولانا ابوالکلام آزاد","ڈاکٹر جاوید اقبال",1,"284","282:287"
"مولانا ابوالکلام آزاد","ڈاکٹر سید عبداللہ",1,"281","282:281"
"مولانا ابوالکلام آزاد","ڈاکٹر عاشق حسین بٹالوی",1,"283","282:284"
"مولانا ابوالکلام آزاد","ڈاکٹر عبد اللہ چغتائی",1,"283","282:284"
"مولانا ابوالکلام آزاد","ڈاکٹر عبدالسلام خورشید",1,"283","282:285"
"مولانا ابوالکلام آزاد","ڈاکٹر وحید قریشی",1,"284","282:286"
"مولانا ابوالکلام آزاد","کرنل صدیق سالک",1,"284","282:287"
"مولانا ابوالکلام آزاد","کشور ناہید",3,"214 281 283","213:215 282:280 282:284"
"مولانا ابوالکلام آزاد","ہیما مالنی",1,"214","213:215"
"مولانا ابوالکلام آزاد","یوسف کامران",2,"210 213","213:208 213:214"
"مولانا ابوالکلام آزاد","یگانہ",1,"284","282:286"
"مولانا بھاشانی","مولانا مودودی",1,"166","164:169"
"مولانا بھاشانی","مولانا کوثر نیازی",3,"163 164","162:165 163:165 164:165"
"مولانا بھاشانی","میاں محمد طفیل",3,"163 164","162:165 163:165 164:165"
"مولانا بھاشانی","ناصر کاظمی",3,"163 164","162:164 163:164 164:164"
"مولانا بھاشانی","نذیر ناجی",2,"162","162:162 163:162"
"مولانا بھاشانی","نعیم طاہر",1,"160","162:159"
"مولانا بھاشانی","پروفیسر حمید احمد خاں",1,"161","162:160"
"مولانا بھاشانی","پروفیسر وزیر الحسن عابدی",1,"161","162:160"
"مولانا بھاشانی","ڈاکٹر باقر",2,"159 160","162:157 162:158"
"مولانا حسرت موہانی","مولانا صلاح الدین احمد",1,"36","39:34"
"مولانا حسرت موہانی","مولانا غلام رسول",1,"152","152:152"
"مولانا حسرت موہانی","میر انیس",4,"43 44 45","41:45 43:45 44:45 46:45"
"مولانا حسرت موہانی","میر نور احمد",1,"152","152:152"
"مولانا حسرت موہانی","ناصر کاظمی",5,"40 41 42 49 50","39:41 41:41 43:41 47:52 49:52"
"مولانا حسرت موہانی","نفیس خلیلی",2,"9","11:7 11:8"
"مولانا حسرت موہانی","وجیہہ الدین احمد",1,"36","39:34"
"مولانا حسرت موہانی","پروفیسر حمید احمد خاں",2,"151 152","152:150 152:152"
"مولانا حسرت موہانی","پروفیسر وزیر الحسن عابدی",2,"150 151","152:149 152:150"
"مولانا حسرت موہانی","پروفیسر کرار حسین",2,"39 40","39:39 41:39"
"مولانا حسرت موہانی","ڈاکٹر باقر",1,"154","152:156"
"مولانا حسرت موہانی","ڈاکٹر تاثیر",6,"37 43 44 45 46","39:35 41:46 43:46 44:46 46:46 47:46"
"مولانا حسرت موہانی","کرشن چندر",6,"37 38 39 40","39:35 39:36 39:37 39:39 41:39 41:40"
"مولانا حسرت موہانی","کمال احمد رضوی",1,"153","152:154"
"مولانا حسرت موہانی","ہاجرہ مسرور",2,"39 40","39:40 41:40"
"مولانا حسرت موہانی","یوسف ظفر",1,"153","152:154"
"مولانا صلاح الدین احمد","مولانا ظفر علی خاں",1,"284","286:283"
"مولانا صلاح الدین احمد","مولانا عبد المجید سالک",1,"286","286:287"
"مولانا صلاح الدین احمد","مولانا غلام رسول",1,"102","103:102"
"مولانا صلاح الدین احمد","مولانا چراغ حسن حسرت",1,"136","136:137"
"مولانا صلاح الدین احمد","مہندر ناتھ",2,"32 33","34:30 34:32"
"مولانا صلاح الدین احمد","میاں بشیر احمد",3,"102 112 117","103:102 110:115 120:115"
"مولانا صلاح الدین احمد","میر نور احمد",1,"286","286:287"
"مولانا صلاح الدین احمد","ناصر کاظمی",19,"100 101 105 108 109 110 117 118 119 120 136 175 176 179 286","103:98 103:99 103:100 103:107 110:107 110:108 110:110 120:115 120:116 120:117 120:118 120:119 120:121 136:137 177:174 177:175 177:176 177:181 286:287"
"مولانا صلاح الدین احمد","نصیر انور",1,"177","177:178"
"مولانا صلاح الدین احمد","نواز شریف",1,"287","286:288"
"مولانا صلاح الدین احمد","وجیہہ الدین احمد",1,"34","34:34"
"مولانا صلاح الدین احمد","ولی",1,"33","34:32"
"مولانا صلاح الدین احمد","پروفیسر عبید اللہ",1,"285","286:284"
"مولانا صلاح الدین احمد","پروفیسر کرار حسین",1,"36","34:39"
"مولانا صلاح الدین احمد","ڈاکٹر تاثیر",1,"34","34:35"
"مولانا صلاح الدین احمد","ڈاکٹر جاوید اقبال",1,"286","286:287"
"مولانا صلاح الدین احمد","ڈاکٹر سید عبداللہ",1,"283","286:281"
"مولانا صلاح الدین احمد","ڈاکٹر عاشق حسین بٹالوی",3,"136 285","136:136 286:284 286:285"
"مولانا صلاح الدین احمد","ڈاکٹر عبد اللہ چغتائی",1,"285","286:284"
"مولانا صلاح الدین احمد","ڈاکٹر عبدالسلام خورشید",2,"285 286","286:285 286:286"
"مولانا صلاح الدین احمد","ڈاکٹر وحید قریشی",1,"286","286:286"
"مولانا صلاح الدین احمد","کرشن چندر",4,"32 33 34 175","34:30 34:32 34:35 177:174"
"مولانا صلاح الدین احمد","کرنل صدیق سالک",1,"286","286:287"
"مولانا صلاح الدین احمد","کشور ناہید",2,"285 287","286:284 286:289"
"مولانا صلاح الدین احمد","کیرولین کائزر",1,"138","136:140"
"مولانا صلاح الدین احمد","ہنس راج رہبر",1,"288","286:291"
"مولانا صلاح الدین احمد","یوسف ظفر",1,"101","103:99"
"مولانا صلاح الدین احمد","یگانہ",2,"101 286","103:99 286:286"
"مولانا ظفر علی خاں","مولانا عبد المجید سالک",1,"285","283:287"
"مولانا ظفر علی خاں","میر نور احمد",1,"285","283:287"
"مولانا ظفر علی خاں","ناصر کاظمی",2,"281 285","283:280 283:287"
"مولانا ظفر علی خاں","نعیم طاہر",1,"281","283:279"
"مولانا ظفر علی خاں","نواز شریف",1,"285","283:288"
"مولانا ظفر علی خاں","ولی",1,"280","283:278"
"مولانا ظفر علی خاں","پروفیسر عبید اللہ",1,"283","283:284"
"مولانا ظفر علی خاں","ڈاکٹر جاوید اقبال",1,"285","283:287"
"مولانا ظفر علی خاں","ڈاکٹر سید عبداللہ",1,"282","283:281"
"مولانا ظفر علی خاں","ڈاکٹر عاشق حسین بٹالوی",1,"283","283:284"
"مولانا ظفر علی خاں","ڈاکٹر عبد اللہ چغتائی",1,"283","283:284"
"مولانا ظفر علی خاں","ڈاکٹر عبدالسلام خورشید",1,"284","283:285"
"مولانا ظفر علی خاں","ڈاکٹر وحید قریشی",1,"284","283:286"
"مولانا ظفر علی خاں","کرنل صدیق سالک",1,"285","283:287"
"مولانا ظفر علی خاں","کشور ناہید",2,"281 283","283:280 283:284"
"مولانا ظفر علی خاں","یگانہ",1,"284","283:286"
"مولانا عبد المجید سالک","میر نور احمد",2,"144 287","144:144 287:287"
"مولانا عبد المجید سالک","ناصر کاظمی",2,"141 287","144:139 287:287"
"مولانا عبد المجید سالک","نواز شریف",1,"287","287:288"
"مولانا عبد المجید سالک","پروفیسر سرور",1,"143","144:143"
"مولانا عبد المجید سالک","پروفیسر عبید اللہ",1,"285","287:284"
"مولانا عبد المجید سالک","پروفیسر وزیر الحسن عابدی",1,"146","144:149"
"مولانا عبد المجید سالک","ڈاکٹر جاوید اقبال",1,"287","287:287"
"مولانا عبد المجید سالک","ڈاکٹر ذاکر حسین",1,"143","144:143"
"مولانا عبد المجید سالک","ڈاکٹر عاشق حسین بٹالوی",2,"285 286","287:284 287:285"
"مولانا عبد المجید سالک","ڈاکٹر عبد اللہ چغتائی",1,"285","287:284"
"مولانا عبد المجید سالک","ڈاکٹر عبدالسلام خورشید",3,"286 287","287:285 287:286 287:287"
"مولانا عبد المجید سالک","ڈاکٹر وحید قریشی",1,"286","287:286"
"مولانا عبد المجید سالک","کرنل صدیق سالک",1,"287","287:287"
"مولانا عبد المجید سالک","کشور ناہید",2,"285 288","287:284 287:289"
"مولانا عبد المجید سالک","کیرولین کائزر",1,"142","144:140"
"مولانا عبد المجید سالک","ہنس راج رہبر",1,"289","287:291"
"مولانا عبد المجید سالک","یگانہ",1,"286","287:286"
"مولانا غلام رسول","میاں بشیر احمد",2,"99 102","102:97 102:102"
"مولانا غلام رسول","میر نور احمد",1,"152","152:152"
"مولانا غلام رسول","ناصر کاظمی",5,"99 100 101 104","102:97 102:98 102:99 102:100 102:107"
"مولانا غلام رسول","پروفیسر حمید احمد خاں",2,"151 152","152:150 152:152"
"مولانا غلام رسول","پروفیسر وزیر الحسن عابدی",2,"150 151","152:149 152:150"
"مولانا غلام رسول","ڈاکٹر باقر",1,"154","152:156"
"مولانا غلام رسول","کمال احمد رضوی",1,"153","152:154"
"مولانا غلام رسول","یوسف ظفر",2,"100 153","102:99 152:154"
"مولانا غلام رسول","یگانہ",1,"100","102:99"
"مولانا مودودی","مولانا کوثر نیازی",1,"167","169:165"
"مولانا مودودی","میاں محمد طفیل",1,"167","169:165"
"مولانا مودودی","ناصر کاظمی",2,"166 171","169:164 169:174"
"مولانا مودودی","کرشن چندر",1,"171","169:174"
"مولانا چراغ حسن حسرت","ناصر کاظمی",2,"137 262","137:137 264:261"
"مولانا چراغ حسن حسرت","ندرت الطاف",1,"266","264:268"
"مولانا چراغ حسن حسرت","ڈاکٹر سلیم واحد سلیم",1,"265","264:266"
"مولانا چراغ حسن حسرت","ڈاکٹر عاشق حسین بٹالوی",1,"136","137:136"
"مولانا چراغ حسن حسرت","کشور ناہید",1,"262","264:260"
"مولانا چراغ حسن حسرت","کیرولین کائزر",1,"138","137:140"
"مولانا کوثر نیازی","میاں محمد طفیل",1,"165","165:165"
"مولانا کوثر نیازی","ناصر کاظمی",1,"164","165:164"
"مولانا کوثر نیازی","نذیر ناجی",1,"163","165:162"
"مولانا کوثر نیازی","پروفیسر حمید احمد خاں",1,"162","165:160"
"مولانا کوثر نیازی","پروفیسر وزیر الحسن عابدی",1,"162","165:160"
"مہندر ناتھ","ناصر کاظمی",2,"28","30:26 30:27"
"مہندر ناتھ","وجیہہ الدین احمد",2,"32 33","30:34 32:34"
"مہندر ناتھ","ولی",2,"31 32","30:32 32:32"
"مہندر ناتھ","ڈاکٹر تاثیر",2,"32 33","30:35 32:35"
"مہندر ناتھ","کرشن چندر",5,"28 29 30 31 32","30:26 30:28 30:30 32:30 32:32"
"میاں ایم اسلم","ولی",1,"2","1:3"
"میاں بشیر احمد","میر خلیل الرحمن",1,"73","72:74"
"میاں بشیر احمد","ناصر کاظمی",17,"69 70 71 72 94 96 97 99 100 101 104 112 113 114 115","72:67 72:68 72:69 72:70 72:72 97:92 97:96 97:97 102:97 102:98 102:99 102:100 102:107 115:110 115:111 115:113 115:115"
"میاں بشیر احمد","نواب ناطق",2,"71 72","72:71 72:73"
"میاں بشیر احمد","ولی",1,"73","72:74"
"میاں بشیر احمد","یوسف ظفر",3,"74 98 100","72:76 97:99 102:99"
"میاں بشیر احمد","یگانہ",2,"98 100","97:99 102:99"
"میاں محمد طفیل","ناصر کاظمی",1,"164","165:164"
"میاں محمد طفیل","نذیر ناجی",1,"163","165:162"
"میاں محمد طفیل","پروفیسر حمید احمد خاں",1,"162","165:160"
"میاں محمد طفیل","پروفیسر وزیر الحسن عابدی",1,"162","165:160"
"میر انیس","میرا بائی",1,"245","245:246"
"میر انیس","ناصر کاظمی",7,"43 188 189 242 247 252 253","45:41 191:186 191:188 245:240 245:250 255:250 255:252"
"میر انیس","نثار عثمانی",1,"195","193:198"
"میر انیس","نواب اسماعیل خان",1,"255","255:255"
"میر انیس","وجے ٹنڈولکر",2,"243 244","245:242 245:243"
"میر انیس","ڈاکٹر ارتضیٰ کریم",1,"243","245:241"
"میر انیس","ڈاکٹر تاثیر",1,"45","45:46"
"میر انیس","ڈاکٹر ذاکر حسین",2,"192 193","191:193 193:193"
"میر انیس","کبیر",1,"245","245:246"
"میر انیس","کرشن چندر",1,"42","45:40"
"میر انیس","کشور ناہید",7,"192 193 242 247 252 253 257","191:194 193:194 245:240 245:250 255:250 255:252 255:260"
"میر انیس","گوتم بدھ",1,"254","255:253"
"میر انیس","گیتانجلی",1,"244","245:244"
"میر انیس","ہاجرہ مسرور",1,"42","45:40"
"میر انیس","ہارون الرشید",2,"193 194","191:195 193:195"
"میر انیس","یوسف ظفر",2,"188 189","191:186 191:188"
"میر خلیل الرحمن","ناصر کاظمی",5,"71 72 73 74","74:69 74:70 74:72 74:73 74:74"
"میر خلیل الرحمن","نواب ناطق",2,"72 73","74:71 74:73"
"میر خلیل الرحمن","ولی",1,"74","74:74"
"میر خلیل الرحمن","یوسف ظفر",1,"75","74:76"
"میر نور احمد","ناصر کاظمی",2,"141 287","144:139 287:287"
"میر نور احمد","نواز شریف",1,"287","287:288"
"میر نور احمد","پروفیسر حمید احمد خاں",3,"147 151 152","145:150 152:150 152:152"
"میر نور احمد","پروفیسر سرور",1,"143","144:143"
"میر نور احمد","پروفیسر عبید اللہ",1,"285","287:284"
"میر نور احمد","پروفیسر وزیر الحسن عابدی",4,"146 147 150 151","144:149 145:149 152:149 152:150"
"میر نور احمد","ڈاکٹر باقر",1,"154","152:156"
"میر نور احمد","ڈاکٹر جاوید اقبال",1,"287","287:287"
"میر نور احمد","ڈاکٹر ذاکر حسین",1,"143","144:143"
"میر نور احمد","ڈاکٹر عاشق حسین بٹالوی",2,"285 286","287:284 287:285"
"میر نور احمد","ڈاکٹر عبد اللہ چغتائی",1,"285","287:284"
"میر نور احمد","ڈاکٹر عبدالسلام خورشید",3,"286 287","287:285 287:286 287:287"
"میر نور احمد","ڈاکٹر وحید قریشی",1,"286","287:286"
"میر نور احمد","کرنل صدیق سالک",1,"287","287:287"
"میر نور احمد","کشور ناہید",2,"285 288","287:284 287:289"
"میر نور احمد","کمال احمد رضوی",1,"153","152:154"
"میر نور احمد","کیرولین کائزر",1,"142","144:140"
"میر نور احمد","ہنس راج رہبر",1,"289","287:291"
"میر نور احمد","یوسف ظفر",1,"153","152:154"
"میر نور احمد","یگانہ",1,"286","287:286"
"میرا بائی","ناصر کاظمی",8,"61 79 80 81 82 248","61:61 82:77 82:78 82:79 82:80 82:83 246:250 247:250"
"میرا بائی","نواب ناطق",2,"60 83","61:60 82:84"
"میرا بائی","نور الحسن جعفری",1,"209","211:208"
"میرا بائی","وجے ٹنڈولکر",2,"244","246:242 246:243"
"میرا بائی","ٹی ایس ایلیٹ",1,"213","211:215"
"میرا بائی","پروفیسر کرار حسین",3,"227 228","228:226 228:227 228:229"
"میرا بائی","ڈاکٹر ارتضیٰ کریم",1,"243","246:241"
"میرا بائی","ڈاکٹر اسرار احمد",1,"210","211:210"
"میرا بائی","کبیر",4,"82 246 247","82:82 246:246 247:246 247:247"
"میرا بائی","کشور ناہید",5,"209 213 229 248","211:207 211:215 228:231 246:250 247:250"
"میرا بائی","گیتانجلی",1,"245","246:244"
"میرا بائی","ہیما مالنی",1,"213","211:215"
"میرا بائی","یوسف کامران",2,"209 212","211:208 211:214"
"ناصر کاظمی","نذیر ناجی",1,"163","164:162"
"ناصر کاظمی","نصیر انور",4,"176 177 179","174:178 175:178 176:178 181:178"
"ناصر کاظمی","نعیم طاہر",3,"161 277 279","164:159 276:279 280:279"
"ناصر کاظمی","نواب اسماعیل خان",2,"252 253","250:255 252:255"
"ناصر کاظمی","نواب ناطق",15,"60 68 69 70 71 72 73 81 82 83 84","61:60 66:71 67:71 68:71 69:71 70:71 72:71 72:73 73:73 74:73 79:84 80:84 83:84 84:84 85:84"
"ناصر کاظمی","نواز شریف",1,"287","287:288"
"ناصر کاظمی","وجے ٹنڈولکر",1,"241","240:242"
"ناصر کاظمی","ولی",13,"29 71 72 73 74 123 124 125 277 279","27:32 69:74 70:74 72:74 73:74 74:74 75:74 121:126 122:126 123:126 125:126 276:278 280:278"
"ناصر کاظمی","وکیل صاحب",1,"239","240:238"
"ناصر کاظمی","پروفیسر حمید احمد خاں",1,"162","164:160"
"ناصر کاظمی","پروفیسر سرور",1,"141","139:143"
"ناصر کاظمی","پروفیسر عبید اللہ",2,"282 285","280:284 287:284"
"ناصر کاظمی","پروفیسر وزیر الحسن عابدی",1,"162","164:160"
"ناصر کاظمی","پروفیسر کرار حسین",2,"40 274","41:39 276:273"
"ناصر کاظمی","پنا قیصر",3,"182 184","181:183 182:183 185:183"
"ناصر کاظمی","ڈاکٹر ارتضیٰ کریم",1,"240","240:241"
"ناصر کاظمی","ڈاکٹر تاثیر",3,"24 25 43","26:23 26:24 41:46"
"ناصر کاظمی","ڈاکٹر جاوید اقبال",1,"287","287:287"
"ناصر کاظمی","ڈاکٹر ذاکر حسین",2,"141 190","139:143 188:193"
"ناصر کاظمی","ڈاکٹر سلیم واحد سلیم",1,"263","261:266"
"ناصر کاظمی","ڈاکٹر سید عبداللہ",2,"278 280","276:281 280:281"
"ناصر کاظمی","ڈاکٹر عاشق حسین بٹالوی",4,"136 282 285 286","137:136 280:284 287:284 287:285"
"ناصر کاظمی","ڈاکٹر عبادت بریلوی",4,"86 87 89","84:89 85:89 89:89 90:89"
"ناصر کاظمی","ڈاکٹر عبد اللہ چغتائی",2,"282 285","280:284 287:284"
"ناصر کاظمی","ڈاکٹر عبدالسلام خورشید",4,"282 286 287","280:285 287:285 287:286 287:287"
"ناصر کاظمی","ڈاکٹر مہدی حسن",1,"274","276:273"
"ناصر کاظمی","ڈاکٹر وحید قریشی",1,"286","287:286"
"ناصر کاظمی","کبیر",7,"79 80 81 82 248","77:82 78:82 79:82 80:82 83:82 250:246 250:247"
"ناصر کاظمی","کرشن چندر",9,"26 27 38 39 40 174","26:26 27:26 27:28 41:36 41:37 41:39 41:40 174:174 175:174"
"ناصر کاظمی","کرنل صدیق سالک",1,"287","287:287"
"ناصر کاظمی","کشور ناہید",11,"239 240 250 251 252 260 273 278 280 285 288","240:239 240:240 250:250 252:250 252:252 261:260 276:271 276:280 280:280 287:284 287:289"
"ناصر کاظمی","کیرولین کائزر",2,"138 139","137:140 139:140"
"ناصر کاظمی","گوتم بدھ",2,"251 252","250:253 252:253"
"ناصر کاظمی","گیتانجلی",1,"242","240:244"
"ناصر کاظمی","ہاجرہ مسرور",2,"40 53","41:40 52:55"
"ناصر کاظمی","ہنس راج رہبر",1,"289","287:291"
"ناصر کاظمی","ہیما مالنی",1,"239","240:239"
"ناصر کاظمی","یوسف ظفر",19,"24 74 75 76 97 98 99 183 184 185 186 187 188","26:22 26:23 72:76 73:76 74:76 75:76 76:76 77:76 96:99 97:99 98:99 99:99 100:99 181:186 182:186 185:186 186:186 188:186 188:188"
"ناصر کاظمی","یگانہ",6,"97 98 99 286","96:99 97:99 98:99 99:99 100:99 287:286"
"نانی اماں","نعیم بخاری",1,"295","293:298"
"نانی اماں","نواز شریف",1,"290","293:288"
"نانی اماں","پروفیسر حمید احمد خاں",1,"295","293:297"
"نانی اماں","ڈاکٹر سید عبداللہ",1,"295","293:297"
"نانی اماں","ڈاکٹر وحید قریشی",1,"294","293:295"
"نانی اماں","کشور ناہید",2,"291","293:289 293:290"
"نانی اماں","گیتی سین",1,"295","293:298"
"نانی اماں","ہنس راج رہبر",1,"292","293:291"
"نثار عثمانی","ڈاکٹر ذاکر حسین",1,"195","198:193"
"نثار عثمانی","ڈاکٹر سید عبداللہ",1,"199","198:201"
"نثار عثمانی","کشور ناہید",5,"196 197 198","198:194 198:195 198:196 198:197 198:198"
"نثار عثمانی","ہارون الرشید",2,"196 197","198:195 198:196"
"ندرت الطاف","پروفیسر کرار حسین",1,"270","268:273"
"ندرت الطاف","ڈاکٹر سلیم واحد سلیم",1,"267","268:266"
"ندرت الطاف","ڈاکٹر مہدی حسن",1,"270","268:273"
"ندرت الطاف","کرام اللہ",1,"269","268:270"
"ندرت الطاف","کشور ناہید",1,"269","268:271"
"ندرت الطاف","گوتم بدھ",1,"269","268:270"
"نذیر ناجی","نعیم طاہر",1,"160","162:159"
"نذیر ناجی","پروفیسر حمید احمد خاں",1,"161","162:160"
"نذیر ناجی","پروفیسر وزیر الحسن عابدی",1,"161","162:160"
"نذیر ناجی","ڈاکٹر باقر",2,"159 160","162:157 162:158"
"نصیر انور","پنا قیصر",1,"180","178:183"
"نصیر انور","کرشن چندر",1,"176","178:174"
"نعیم بخاری","پروفیسر حمید احمد خاں",1,"297","298:297"
"نعیم بخاری","ڈاکٹر سید عبداللہ",1,"297","298:297"
"نعیم بخاری","ڈاکٹر وحید قریشی",1,"296","298:295"
"نعیم بخاری","گیتی سین",1,"298","298:298"
"نعیم طاہر","ولی",1,"278","279:278"
"نعیم طاہر","پروفیسر حمید احمد خاں",1,"159","159:160"
"نعیم طاہر","پروفیسر عبید اللہ",1,"281","279:284"
"نعیم طاہر","پروفیسر وزیر الحسن عابدی",1,"159","159:160"
"نعیم طاہر","ڈاکٹر باقر",3,"157 158","159:156 159:157 159:158"
"نعیم طاہر","ڈاکٹر سید عبداللہ",1,"280","279:281"
"نعیم طاہر","ڈاکٹر عاشق حسین بٹالوی",1,"281","279:284"
"نعیم طاہر","ڈاکٹر عبد اللہ چغتائی",1,"281","279:284"
"نعیم طاہر","کشور ناہید",1,"279","279:280"
"نعیم طاہر","کمال احمد رضوی",1,"156","159:154"
"نعیم طاہر","یوسف ظفر",1,"156","159:154"
"نفیس خلیلی","ولی",1,"5","7:3"
"نواب اسماعیل خان","کشور ناہید",3,"252 253 257","255:250 255:252 255:260"
"نواب اسماعیل خان","گوتم بدھ",1,"254","255:253"
"نواب ناطق","ولی",2,"72 73","71:74 73:74"
"نواب ناطق","ڈاکٹر عبادت بریلوی",1,"86","84:89"
"نواب ناطق","کبیر",1,"83","84:82"
"نواب ناطق","ہاجرہ مسرور",1,"57","60:55"
"نواب ناطق","یوسف ظفر",2,"73 74","71:76 73:76"
"نواز شریف","پروفیسر عبید اللہ",1,"286","288:284"
"نواز شریف","ڈاکٹر جاوید اقبال",1,"287","288:287"
"نواز شریف","ڈاکٹر عاشق حسین بٹالوی",2,"286","288:284 288:285"
"نواز شریف","ڈاکٹر عبد اللہ چغتائی",1,"286","288:284"
"نواز شریف","ڈاکٹر عبدالسلام خورشید",3,"286 287","288:285 288:286 288:287"
"نواز شریف","ڈاکٹر وحید قریشی",1,"287","288:286"
"نواز شریف","کرنل صدیق سالک",1,"287","288:287"
"نواز شریف","کشور ناہید",2,"286 288","288:284 288:289"
"نواز شریف","ہنس راج رہبر",1,"289","288:291"
"نواز شریف","یگانہ",1,"287","288:286"
"نور الحسن جعفری","ڈاکٹر اسرار احمد",1,"209","208:210"
"نور الحسن جعفری","کشور ناہید",1,"207","208:207"
"نور الحسن جعفری","یوسف کامران",1,"208","208:208"
"وجیہہ الدین احمد","ولی",1,"33","34:32"
"وجیہہ الدین احمد","پروفیسر کرار حسین",1,"36","34:39"
"وجیہہ الدین احمد","ڈاکٹر تاثیر",1,"34","34:35"
"وجیہہ الدین احمد","کرشن چندر",3,"32 33 34","34:30 34:32 34:35"
"وجے ٹنڈولکر","وکیل صاحب",1,"240","242:238"
"وجے ٹنڈولکر","ڈاکٹر ارتضیٰ کریم",1,"241","242:241"
"وجے ٹنڈولکر","کبیر",2,"244","242:246 243:246"
"وجے ٹنڈولکر","کشور ناہید",2,"240 241","242:239 242:240"
"وجے ٹنڈولکر","گیتانجلی",2,"243","242:244 243:244"
"وجے ٹنڈولکر","ہیما مالنی",1,"240","242:239"
"ولی","پروفیسر کرار حسین",1,"275","278:273"
"ولی","ڈاکٹر تاثیر",1,"33","32:35"
"ولی","ڈاکٹر سید عبداللہ",1,"279","278:281"
"ولی","ڈاکٹر مہدی حسن",1,"275","278:273"
"ولی","کرشن چندر",3,"30 31 32","32:28 32:30 32:32"
"ولی","کشور ناہید",1,"279","278:280"
"ولی","یوسف ظفر",1,"75","74:76"
"وکیل صاحب","ڈاکٹر ارتضیٰ کریم",1,"239","238:241"
"وکیل صاحب","کشور ناہید",2,"235 238","238:233 238:239"
"وکیل صاحب","ہیما مالنی",1,"238","238:239"
"ٹی ایس ایلیٹ","ڈاکٹر اسرار احمد",1,"212","215:210"
"ٹی ایس ایلیٹ","کشور ناہید",1,"215","215:215"
"ٹی ایس ایلیٹ","ہیما مالنی",1,"215","215:215"
"ٹی ایس ایلیٹ","یوسف کامران",1,"214","215:214"
"پروفیسر حمید احمد خاں","پروفیسر وزیر الحسن عابدی",4,"149 150 151 160","150:149 150:150 152:150 160:160"
"پروفیسر حمید احمد خاں","ڈاکٹر باقر",4,"154 158 159","152:156 160:156 160:157 160:158"
"پروفیسر حمید احمد خاں","ڈاکٹر سید عبداللہ",1,"297","297:297"
"پروفیسر حمید احمد خاں","ڈاکٹر وحید قریشی",1,"296","297:295"
"پروفیسر حمید احمد خاں","کمال احمد رضوی",2,"152 153","150:154 152:154"
"پروفیسر حمید احمد خاں","گیتی سین",1,"297","297:298"
"پروفیسر حمید احمد خاں","یوسف ظفر",2,"152 153","150:154 152:154"
"پروفیسر سرور","ڈاکٹر ذاکر حسین",1,"143","143:143"
"پروفیسر سرور","کیرولین کائزر",1,"141","143:140"
"پروفیسر عبید اللہ","ڈاکٹر جاوید اقبال",1,"285","284:287"
"پروفیسر عبید اللہ","ڈاکٹر سید عبداللہ",1,"282","284:281"
"پروفیسر عبید اللہ","ڈاکٹر عاشق حسین بٹالوی",1,"284","284:284"
"پروفیسر عبید اللہ","ڈاکٹر عبد اللہ چغتائی",1,"284","284:284"
"پروفیسر عبید اللہ","ڈاکٹر عبدالسلام خورشید",1,"284","284:285"
"پروفیسر عبید اللہ","ڈاکٹر وحید قریشی",1,"285","284:286"
"پروفیسر عبید اللہ","کرنل صدیق سالک",1,"285","284:287"
"پروفیسر عبید اللہ","کشور ناہید",2,"282 284","284:280 284:284"
"پروفیسر عبید اللہ","یگانہ",1,"285","284:286"
"پروفیسر وزیر الحسن عابدی","ڈاکٹر باقر",3,"158 159","160:156 160:157 160:158"
"پروفیسر وزیر الحسن عابدی","کمال احمد رضوی",2,"151 152","149:154 150:154"
"پروفیسر وزیر الحسن عابدی","یوسف ظفر",2,"151 152","149:154 150:154"
"پروفیسر کرار حسین","ڈاکٹر تاثیر",1,"37","39:35"
"پروفیسر کرار حسین","ڈاکٹر مہدی حسن",1,"273","273:273"
"پروفیسر کرار حسین","کرام اللہ",1,"271","273:270"
"پروفیسر کرار حسین","کرشن چندر",4,"37 38 39","39:35 39:36 39:37 39:39"
"پروفیسر کرار حسین","کشور ناہید",4,"228 229 230 272","226:231 227:231 229:231 273:271"
"پروفیسر کرار حسین","گوتم بدھ",1,"271","273:270"
"پروفیسر کرار حسین","ہاجرہ مسرور",1,"39","39:40"
"پنا قیصر","یوسف ظفر",1,"184","183:186"
"ڈاکٹر ارتضیٰ کریم","کبیر",1,"243","241:246"
"ڈاکٹر ارتضیٰ کریم","کشور ناہید",2,"240","241:239 241:240"
"ڈاکٹر ارتضیٰ کریم","گیتانجلی",1,"242","241:244"
"ڈاکٹر ارتضیٰ کریم","ہیما مالنی",1,"240","241:239"
"ڈاکٹر اسرار احمد","کشور ناہید",2,"208 212","210:207 210:215"
"ڈاکٹر اسرار احمد","ہیما مالنی",1,"212","210:215"
"ڈاکٹر اسرار احمد","یوسف کامران",2,"209 212","210:208 210:214"
"ڈاکٹر باقر","کمال احمد رضوی",1,"155","156:154"
"ڈاکٹر باقر","یوسف ظفر",1,"155","156:154"
"ڈاکٹر تاثیر","کرشن چندر",5,"24 25 32 33 35","23:26 24:26 35:30 35:32 35:35"
"ڈاکٹر تاثیر","ہاجرہ مسرور",1,"37","35:40"
"ڈاکٹر تاثیر","یوسف ظفر",3,"22 23","23:22 23:23 24:23"
"ڈاکٹر جاوید اقبال","ڈاکٹر عاشق حسین بٹالوی",2,"285 286","287:284 287:285"
"ڈاکٹر جاوید اقبال","ڈاکٹر عبد اللہ چغتائی",1,"285","287:284"
"ڈاکٹر جاوید اقبال","ڈاکٹر عبدالسلام خورشید",3,"286 287","287:285 287:286 287:287"
"ڈاکٹر جاوید اقبال","ڈاکٹر وحید قریشی",1,"286","287:286"
"ڈاکٹر جاوید اقبال","کرنل صدیق سالک",1,"287","287:287"
"ڈاکٹر جاوید اقبال","کشور ناہید",2,"285 288","287:284 287:289"
"ڈاکٹر جاوید اقبال","ہنس راج رہبر",1,"289","287:291"
"ڈاکٹر جاوید اقبال","یگانہ",1,"286","287:286"
"ڈاکٹر ذاکر حسین","کشور ناہید",1,"193","193:194"
"ڈاکٹر ذاکر حسین","کیرولین کائزر",1,"141","143:140"
"ڈاکٹر ذاکر حسین","ہارون الرشید",1,"194","193:195"
"ڈاکٹر ذاکر حسین","یوسف ظفر",1,"190","193:188"
"ڈاکٹر سلیم واحد سلیم","کرام اللہ",1,"268","266:270"
"ڈاکٹر سلیم واحد سلیم","کشور ناہید",1,"268","266:271"
"ڈاکٹر سلیم واحد سلیم","گوتم بدھ",1,"268","266:270"
"ڈاکٹر سید عبداللہ","ڈاکٹر عاشق حسین بٹالوی",1,"282","281:284"
"ڈاکٹر سید عبداللہ","ڈاکٹر عبد اللہ چغتائی",1,"282","281:284"
"ڈاکٹر سید عبداللہ","ڈاکٹر عبدالسلام خورشید",1,"283","281:285"
"ڈاکٹر سید عبداللہ","ڈاکٹر وحید قریشی",2,"283 296","281:286 297:295"
"ڈاکٹر سید عبداللہ","کشور ناہید",5,"198 199 280 282","201:196 201:197 201:198 281:280 281:284"
"ڈاکٹر سید عبداللہ","گیتی سین",1,"297","297:298"
"ڈاکٹر سید عبداللہ","ہارون الرشید",1,"198","201:196"
"ڈاکٹر سید عبداللہ","یگانہ",1,"283","281:286"
"ڈاکٹر عاشق حسین بٹالوی","ڈاکٹر عبد اللہ چغتائی",2,"284","284:284 285:284"
"ڈاکٹر عاشق حسین بٹالوی","ڈاکٹر عبدالسلام خورشید",2,"284 285","284:285 285:285"
"ڈاکٹر عاشق حسین بٹالوی","ڈاکٹر وحید قریشی",2,"285","284:286 285:286"
"ڈاکٹر عاشق حسین بٹالوی","کرنل صدیق سالک",2,"285 286","284:287 285:287"
"ڈاکٹر عاشق حسین بٹالوی","کشور ناہید",4,"282 284 287","284:280 284:284 285:284 285:289"
"ڈاکٹر عاشق حسین بٹالوی","کیرولین کائزر",1,"138","136:140"
"ڈاکٹر عاشق حسین بٹالوی","یگانہ",2,"285","284:286 285:286"
"ڈاکٹر عبد اللہ چغتائی","ڈاکٹر عبدالسلام خورشید",1,"284","284:285"
"ڈاکٹر عبد اللہ چغتائی","ڈاکٹر وحید قریشی",1,"285","284:286"
"ڈاکٹر عبد اللہ چغتائی","کرنل صدیق سالک",1,"285","284:287"
"ڈاکٹر عبد اللہ چغتائی","کشور ناہید",2,"282 284","284:280 284:284"
"ڈاکٹر عبد اللہ چغتائی","یگانہ",1,"285","284:286"
"ڈاکٹر عبدالسلام خورشید","ڈاکٹر وحید قریشی",3,"285 286","285:286 286:286 287:286"
"ڈاکٹر عبدالسلام خورشید","کرنل صدیق سالک",3,"286 287","285:287 286:287 287:287"
"ڈاکٹر عبدالسلام خورشید","کشور ناہید",5,"282 284 287 288","285:280 285:284 285:289 286:289 287:289"
"ڈاکٹر عبدالسلام خورشید","ہنس راج رہبر",2,"288 289","286:291 287:291"
"ڈاکٹر عبدالسلام خورشید","یگانہ",3,"285 286","285:286 286:286 287:286"
"ڈاکٹر مہدی حسن","کرام اللہ",1,"271","273:270"
"ڈاکٹر مہدی حسن","کشور ناہید",1,"272","273:271"
"ڈاکٹر مہدی حسن","گوتم بدھ",1,"271","273:270"
"ڈاکٹر وحید قریشی","کرنل صدیق سالک",1,"286","286:287"
"ڈاکٹر وحید قریشی","کشور ناہید",3,"285 287 292","286:284 286:289 295:290"
"ڈاکٹر وحید قریشی","گیتی سین",1,"296","295:298"
"ڈاکٹر وحید قریشی","ہنس راج رہبر",2,"288 293","286:291 295:291"
"ڈاکٹر وحید قریشی","یگانہ",1,"286","286:286"
"کبیر","کشور ناہید",2,"248","246:250 247:250"
"کبیر","گیتانجلی",1,"245","246:244"
"کرام اللہ","کشور ناہید",1,"270","270:271"
"کرام اللہ","گوتم بدھ",1,"270","270:270"
"کرشن چندر","ہاجرہ مسرور",5,"37 38 39 40","35:40 36:40 37:40 39:40 40:40"
"کرشن چندر","یوسف ظفر",2,"24","26:22 26:23"
"کرنل صدیق سالک","کشور ناہید",2,"285 288","287:284 287:289"
"کرنل صدیق سالک","ہنس راج رہبر",1,"289","287:291"
"کرنل صدیق سالک","یگانہ",1,"286","287:286"
"کشور ناہید","گوتم بدھ",3,"251 252 270","250:253 252:253 271:270"
"کشور ناہید","گیتانجلی",2,"241 242","239:244 240:244"
"کشور ناہید","ہارون الرشید",5,"194 195 196","194:195 195:195 196:195 196:196 197:196"
"کشور ناہید","ہنس راج رہبر",2,"290","289:291 290:291"
"کشور ناہید","ہیما مالنی",4,"215 217 239","215:215 220:215 239:239 240:239"
"کشور ناہید","یوسف کامران",2,"207 214","207:208 215:214"
"کشور ناہید","یگانہ",2,"285 287","284:286 289:286"
"کمال احمد رضوی","یوسف ظفر",1,"154","154:154"
"گیتانجلی","ہیما مالنی",1,"241","244:239"
"ہنس راج رہبر","یگانہ",1,"288","291:286"
"ہیما مالنی","یوسف کامران",1,"214","215:214"
"یوسف ظفر","یگانہ",1,"99","99:99"
