Character_A,Character_B,Weight,Pages(centers),Pairs(pa:pb)
"الاجا","بساطی",1,"11","11:11"
"الاجا","بسنتی",2,"7 8","11:3 11:5"
"الاجا","بنتی",2,"8 64","11:6 60:68"
"الاجا","جالپا",14,"6 7 8 10 11 56 57 58 60","11:1 11:2 11:3 11:4 11:5 11:6 11:10 11:11 60:52 60:53 60:54 60:55 60:56 60:60"
"الاجا","جاگیشری",5,"8 9 11 57 61","11:5 11:8 11:12 60:54 60:62"
"الاجا","خان صاحب",2,"59","60:58 60:59"
"الاجا","دیا ناتھ",7,"9 10 11 55 58","11:7 11:8 11:9 11:10 11:12 60:50 60:57"
"الاجا","رادھا",4,"7 8","11:3 11:4 11:5 11:6"
"الاجا","رماناتھ",14,"10 11 55 56 57 58 59 60","11:9 11:10 11:12 60:50 60:51 60:52 60:53 60:54 60:55 60:56 60:57 60:58 60:59 60:60"
"الاجا","رمیش بابو",4,"55 56 58 59","60:51 60:53 60:57 60:58"
"الاجا","زہرہ",1,"15","11:20"
"الاجا","سیٹھ مہاجن",2,"9","11:7 11:8"
"الاجا","شہزادی",3,"7 8","11:4 11:5 11:6"
"الاجا","مانگی",4,"6 8 11","11:1 11:2 11:6 11:11"
"الاجا","منشی دین دیال",6,"6 9 10 11 57","11:1 11:2 11:7 11:10 11:11 60:55"
"الاجا","نوشہ",3,"6 7 15","11:1 11:4 11:19"
"الاجا","چرن داس",1,"60","60:61"
"الاجا","چوکیدار",1,"58","60:57"
"الاجا","گنگو",1,"60","60:61"
"امر داس","انسپکٹر",1,"104","104:105"
"امر داس","جالپا",10,"99 100 101 102 103 105","104:94 104:95 104:96 104:97 104:98 104:99 104:100 104:101 104:103 104:107"
"امر داس","جوہری (رتن کا)",1,"103","104:102"
"امر داس","خزانچی صاحب",1,"105","104:106"
"امر داس","رتن دیوی",9,"100 101 102 103 104","104:96 104:97 104:98 104:99 104:100 104:101 104:102 104:103 104:104"
"امر داس","رماناتھ",10,"99 100 101 102 103 104","104:94 104:95 104:96 104:97 104:98 104:100 104:101 104:102 104:103 104:104"
"امر داس","رمیش بابو",3,"99 102 104","104:94 104:101 104:104"
"امر داس","سیٹھ مہاجن",1,"108","104:113"
"امر داس","مانک داس",1,"104","104:104"
"امر داس","منی بھوشن",1,"99","104:95"
"امر داس","پنڈت اندر بھوشن",6,"99 100 101 108","104:95 104:96 104:97 104:98 104:99 104:112"
"امر داس","چپڑاسی",1,"105","104:106"
"امر داس","گنگو",3,"99 102 107","104:94 104:100 104:111"
"امر داس","گوپی ناتھ",1,"104","104:104"
"انسپکٹر","بساطی",1,"375","370:380"
"انسپکٹر","بڑھیا (دیتی دین کی بیوی)",16,"261 263 264 267 269 273 274 302 313 314 315 353 354 371","264:259 264:262 264:263 264:264 271:264 271:268 271:275 273:275 307:298 308:318 310:318 311:318 312:318 355:351 355:353 370:373"
"انسپکٹر","بیوی (ونیش)",1,"374","370:378"
"انسپکٹر","جالپا",52,"100 101 102 103 104 106 260 261 266 270 271 272 276 302 303 304 305 306 309 310 311 312 350 351 352 353 354 357 358 359 365 366 367 368 369 370","105:95 105:96 105:97 105:98 105:99 105:100 105:101 105:103 105:107 264:257 264:258 264:259 264:269 271:269 271:272 273:272 273:280 307:298 307:300 307:301 307:302 307:303 307:304 307:305 307:306 307:311 308:311 310:311 311:311 312:311 312:312 355:346 355:347 355:348 355:349 355:351 355:352 355:353 355:354 355:359 357:359 358:359 359:359 370:360 370:361 370:362 370:364 370:365 370:366 370:367 370:368 370:371"
"انسپکٹر","جاگیشری",1,"260","264:257"
"انسپکٹر","جوہری (رتن کا)",1,"103","105:102"
"انسپکٹر","حج صاحب",9,"307 317 360 361 362 367 370","307:307 308:307 312:322 355:365 357:365 358:365 359:365 370:365 370:370"
"انسپکٹر","خزانچی صاحب",1,"105","105:106"
"انسپکٹر","داروغہ",3,"263 265 268","264:263 264:266 271:266"
"انسپکٹر","دیا ناتھ",1,"260","264:257"
"انسپکٹر","دیتی دین",31,"262 263 265 268 269 272 273 302 303 309 310 311 312 350 353 359 360 361 367 368 372","264:260 264:262 264:263 264:266 271:266 271:267 271:268 271:273 273:273 307:297 307:298 307:299 307:300 307:311 308:311 310:311 311:311 312:311 312:313 355:345 355:346 355:351 355:364 357:364 358:364 359:364 370:364 370:365 370:366 370:367 370:374"
"انسپکٹر","رتن دیوی",25,"100 101 102 103 104 105 259 260 261 275 276 306 309 310 311 312","105:96 105:97 105:98 105:99 105:100 105:101 105:102 105:103 105:104 105:105 264:254 264:255 264:256 264:257 264:258 264:259 271:280 273:280 307:305 307:306 307:312 308:312 310:312 311:312 312:312"
"انسپکٹر","رماناتھ",69,"100 101 102 103 104 105 261 262 263 264 267 268 269 270 271 272 273 302 303 304 305 306 307 308 309 310 311 313 350 351 352 353 354 355 356 357 358 359 365 366 367 368 369 370","105:95 105:96 105:97 105:98 105:100 105:101 105:102 105:103 105:104 105:105 264:258 264:260 264:261 264:262 264:264 271:264 271:266 271:267 271:268 271:269 271:271 273:271 273:272 273:273 307:297 307:299 307:300 307:301 307:302 307:303 307:304 307:305 307:306 307:307 308:307 308:308 310:308 310:309 310:310 311:310 311:311 312:311 312:314 355:345 355:346 355:347 355:349 355:350 355:352 355:353 355:354 355:355 357:355 357:356 357:357 358:357 358:358 359:358 359:359 370:360 370:361 370:362 370:363 370:364 370:365 370:366 370:367 370:369 370:370"
"انسپکٹر","رمیش بابو",7,"103 104 105 267 270 271 272","105:101 105:104 105:105 264:270 271:270 271:272 273:272"
"انسپکٹر","زہرہ",18,"350 351 352 353 357 358 359 365 366 367 368 369 370","355:345 355:347 355:348 355:349 355:350 355:352 355:360 357:360 358:360 359:360 370:360 370:362 370:363 370:364 370:367 370:368 370:369 370:370"
"انسپکٹر","سیٹھ مہاجن",1,"109","105:113"
"انسپکٹر","قیدی",7,"261 309 310 311 314","264:259 307:311 308:311 310:311 311:311 312:311 312:317"
"انسپکٹر","مارواڑی صاحب",1,"262","264:260"
"انسپکٹر","ماسی (ونیش)",1,"371","370:373"
"انسپکٹر","مانک داس",2,"104 105","105:104 105:105"
"انسپکٹر","مسلمان سپاہی",3,"268 272 273","264:273 271:273 273:273"
"انسپکٹر","منی بھوشن",7,"100 259 260 275 276","105:95 264:254 264:255 264:256 264:257 271:280 273:280"
"انسپکٹر","مولوی صاحب",1,"262","264:260"
"انسپکٹر","ونیش",7,"356 357 361 367 371","355:357 357:357 358:357 358:364 359:364 370:364 370:373"
"انسپکٹر","پنڈت اندر بھوشن",10,"100 101 102 108 259 315 316","105:95 105:96 105:97 105:98 105:99 105:112 264:254 310:320 311:320 312:320"
"انسپکٹر","پہرے والا",9,"268 272 273 308 309 310 313 314","264:273 271:273 273:273 307:310 308:310 310:310 311:310 311:316 312:316"
"انسپکٹر","چوکیدار",11,"309 310 311 354 359 360 361 366","307:311 308:311 310:311 311:311 312:311 355:354 355:363 357:363 358:363 359:363 370:363"
"انسپکٹر","چپڑاسی",2,"105 302","105:106 307:297"
"انسپکٹر","ڈپٹی سپرنٹنڈنٹ",19,"267 271 272 276 308 309 310 311 352 353 356 357 364 369 370","264:271 271:271 273:271 273:279 307:309 308:309 310:309 310:310 311:310 311:311 312:311 355:349 355:352 355:357 357:357 358:357 359:369 370:369 370:370"
"انسپکٹر","گنگو",2,"102 108","105:100 105:111"
"انسپکٹر","گوپی ناتھ",7,"104 105 275 276 302 306","105:104 105:105 271:280 273:280 307:297 307:298 307:305"
"بساطی","بسنتی",2,"7 8","11:3 11:5"
"بساطی","بنتی",1,"8","11:6"
"بساطی","بڑھیا (دیتی دین کی بیوی)",4,"376 377 379 380","380:373 380:375 380:379 380:381"
"بساطی","بیوی (ونیش)",1,"379","380:378"
"بساطی","جالپا",31,"6 7 8 10 11 12 13 17 18 20 21 114 116 117 118 120 375 376 377 378 379 381","11:1 11:2 11:3 11:4 11:5 11:6 11:10 11:11 13:11 13:12 13:13 21:13 21:14 21:15 21:20 21:21 119:109 119:110 119:113 119:114 119:116 119:117 119:121 380:371 380:372 380:375 380:376 380:377 380:378 380:379 380:383"
"بساطی","جاگیشری",6,"8 9 11 12 120 381","11:5 11:8 11:12 13:12 119:121 380:382"
"بساطی","جوہری (رتن کا)",1,"122","119:125"
"بساطی","حج صاحب",2,"375 376","380:370 380:372"
"بساطی","خان صاحب",1,"25","21:29"
"بساطی","خزانچی صاحب",1,"124","119:129"
"بساطی","دیا ناتھ",11,"9 10 11 12 15 19 122 380","11:7 11:8 11:9 11:10 11:12 13:12 13:17 21:17 21:18 119:125 380:381"
"بساطی","دیتی دین",2,"377 380","380:374 380:381"
"بساطی","رادھا",4,"7 8","11:3 11:4 11:5 11:6"
"بساطی","رتن دیوی",7,"114 115 118 119 381","119:109 119:110 119:111 119:112 119:117 119:119 380:382"
"بساطی","رماناتھ",28,"10 11 12 14 18 20 21 114 115 116 117 118 119 375 376 377 378 379 380","11:9 11:10 11:12 13:12 13:15 21:15 21:19 21:20 21:22 119:109 119:110 119:111 119:112 119:113 119:114 119:116 119:117 119:118 119:119 380:370 380:371 380:372 380:373 380:374 380:375 380:376 380:378 380:381"
"بساطی","رمیش بابو",4,"24 118 123","21:27 119:117 119:118 119:128"
"بساطی","زہرہ",13,"15 16 20 375 376 377 378 379 381","11:20 13:20 21:20 380:370 380:371 380:372 380:373 380:374 380:375 380:376 380:378 380:379 380:382"
"بساطی","سیٹھ مہاجن",5,"9 116 118 121","11:7 11:8 119:113 119:117 119:124"
"بساطی","شہزادی",3,"7 8","11:4 11:5 11:6"
"بساطی","ماسی (ونیش)",1,"376","380:373"
"بساطی","مانگی",8,"6 8 11 12 13 17 21","11:1 11:2 11:6 11:11 13:11 13:13 21:13 21:21"
"بساطی","منشی دین دیال",13,"6 9 10 11 12 13 17 18 19 21","11:1 11:2 11:7 11:10 11:11 13:11 13:14 21:14 21:15 21:16 21:17 21:18 21:21"
"بساطی","نوشہ",5,"6 7 15 16 20","11:1 11:4 11:19 13:19 21:19"
"بساطی","ونیش",3,"376 377 379","380:373 380:374 380:378"
"بساطی","پنڈت اندر بھوشن",3,"115 119 381","119:112 119:120 380:382"
"بساطی","پیارہ",1,"122","119:125"
"بساطی","چپڑاسی",1,"124","119:129"
"بساطی","ڈپٹی سپرنٹنڈنٹ",1,"375","380:370"
"بساطی","کہار",1,"121","119:123"
"بساطی","گنگو",2,"115 116","119:111 119:113"
"بساطی","گوپی ناتھ",1,"380","380:381"
"بسنتی","بشمر",1,"35","37:33"
"بسنتی","بنتی",2,"4 5","3:6 5:6"
"بسنتی","جالپا",11,"2 3 4 5 35 36 37","3:1 3:2 3:3 5:3 5:4 5:5 37:33 37:34 37:35 37:36 37:38"
"بسنتی","جاگیشری",3,"4 5 39","3:5 5:5 37:41"
"بسنتی","جوہری (رتن کا)",1,"39","37:41"
"بسنتی","خان صاحب",2,"33","37:29 37:30"
"بسنتی","دیا ناتھ",4,"5 6 35 37","3:7 5:7 37:33 37:37"
"بسنتی","رادھا",4,"3 4 5","3:3 5:3 5:4 5:5"
"بسنتی","رماناتھ",13,"6 7 32 33 34 35 36 37","3:9 5:9 37:27 37:28 37:29 37:30 37:31 37:32 37:33 37:34 37:35 37:36 37:37"
"بسنتی","رمیش بابو",6,"32 33 34 38","37:27 37:28 37:29 37:30 37:32 37:40"
"بسنتی","سیٹھ مہاجن",3,"5 6 39","3:7 5:7 37:41"
"بسنتی","شہزادی",4,"3 4 5 36","3:4 5:4 5:5 37:35"
"بسنتی","مانگی",4,"2 4 5","3:1 3:2 3:6 5:6"
"بسنتی","منشی دین دیال",4,"2 5 6","3:1 3:2 3:7 5:7"
"بسنتی","نوشہ",3,"2 3 4","3:1 3:4 5:4"
"بسنتی","گوپی ناتھ",2,"35","37:33 37:34"
"بسنتی","ہمایوں",1,"36","37:36"
"بشمر","جالپا",5,"28 29 33","33:23 33:24 33:25 33:26 33:33"
"بشمر","جاگیشری",1,"37","33:41"
"بشمر","جوہری (رتن کا)",1,"37","33:41"
"بشمر","خان صاحب",2,"31","33:29 33:30"
"بشمر","دیا ناتھ",1,"33","33:33"
"بشمر","رماناتھ",10,"28 29 30 31 32 33","33:24 33:25 33:26 33:27 33:28 33:29 33:30 33:31 33:32 33:33"
"بشمر","رمیش بابو",6,"30 31 32 36","33:27 33:28 33:29 33:30 33:32 33:40"
"بشمر","سیٹھ مہاجن",1,"37","33:41"
"بشمر","شہزادی",1,"34","33:35"
"بشمر","گوپی ناتھ",1,"33","33:33"
"بشمر","ہمایوں",1,"34","33:36"
"بنتی","جالپا",14,"3 4 5 6 64 65 66 67 68","6:1 6:2 6:3 6:4 6:5 6:6 68:60 68:61 68:62 68:63 68:65 68:66 68:67 68:68"
"بنتی","جاگیشری",5,"5 7 65 66","6:5 6:8 68:62 68:64 68:65"
"بنتی","خان صاحب",2,"63","68:58 68:59"
"بنتی","دیا ناتھ",2,"6 70","6:7 68:73"
"بنتی","رادھا",4,"4 5 6","6:3 6:4 6:5 6:6"
"بنتی","رماناتھ",12,"7 63 64 65 66 67 68","6:9 68:58 68:59 68:60 68:61 68:62 68:63 68:64 68:65 68:66 68:67 68:68"
"بنتی","رمیش بابو",1,"63","68:58"
"بنتی","سیٹھ مہاجن",1,"6","6:7"
"بنتی","شہزادی",3,"5 6","6:4 6:5 6:6"
"بنتی","مانگی",3,"3 4 6","6:1 6:2 6:6"
"بنتی","منشی دین دیال",3,"3 4 6","6:1 6:2 6:7"
"بنتی","منیم",1,"70","68:73"
"بنتی","نوشہ",2,"3 5","6:1 6:4"
"بنتی","چرن داس",5,"64 65 67 68","68:61 68:62 68:66 68:67 68:68"
"بنتی","گنگو",2,"64 70","68:61 68:73"
"بڑھیا (دیتی دین کی بیوی)","بید جی",8,"204 207 208 209","199:209 200:209 205:209 206:209 207:209 208:209 209:209 210:209"
"بڑھیا (دیتی دین کی بیوی)","بیوی (ونیش)",3,"375 376 378","373:378 375:378 379:378"
"بڑھیا (دیتی دین کی بیوی)","جالپا",140,"166 167 168 169 170 171 172 174 178 179 180 181 186 190 191 192 196 197 198 199 208 209 210 211 212 213 214 215 217 218 223 228 231 242 243 244 245 246 248 254 256 258 259 260 265 266 268 272 273 277 281 282 290 291 292 293 294 296 297 298 314 315 316 317 318 319 321 322 323 324 325 326 327 328 329 330 331 332 336 338 339 340 347 348 349 350 351 352 353 368 369 370 372 374 375 377 378 379 380 382","171:161 171:162 171:163 171:164 171:165 171:166 171:167 171:168 171:169 171:170 171:172 173:172 173:175 181:175 181:177 181:178 181:179 181:182 190:182 190:191 192:191 192:193 199:193 199:194 199:195 199:196 199:197 199:198 199:199 200:199 205:211 206:211 207:211 208:211 209:211 210:211 212:211 212:212 215:212 215:213 215:215 220:215 220:216 220:226 231:226 231:231 247:237 247:238 247:239 247:241 247:242 247:243 247:245 247:246 247:249 248:249 259:249 259:253 259:257 259:258 259:259 262:259 262:269 263:269 264:269 268:269 275:269 275:272 275:280 282:280 282:281 282:282 295:285 295:286 295:287 295:288 295:289 295:290 295:291 295:293 295:294 295:298 296:298 298:298 318:311 318:312 318:313 318:315 318:316 318:317 318:318 319:318 319:319 324:319 324:321 324:322 324:323 324:324 327:324 327:325 327:326 327:327 328:327 328:328 329:328 329:330 330:330 332:330 332:332 340:332 340:337 340:338 340:339 340:340 351:343 351:344 351:346 351:347 351:348 351:349 351:351 353:351 353:352 353:353 373:364 373:365 373:366 373:367 373:368 373:371 373:372 373:375 375:375 379:375 379:376 379:377 379:378 379:379 381:379 381:383"
"بڑھیا (دیتی دین کی بیوی)","جاگیشری",12,"186 190 191 245 246 252 258 377 378 380 381","181:191 190:191 192:191 247:243 247:246 247:257 248:257 259:257 373:382 375:382 379:382 381:382"
"بڑھیا (دیتی دین کی بیوی)","جنگلی",3,"284 290 291","282:286 295:286 295:287"
"بڑھیا (دیتی دین کی بیوی)","جوہری (رتن کا)",5,"178 182 186 187","173:183 181:183 190:183 190:184 190:185"
"بڑھیا (دیتی دین کی بیوی)","حج صاحب",8,"302 320 323 369 371 372","298:307 318:322 319:322 324:322 324:323 373:365 373:370 373:372"
"بڑھیا (دیتی دین کی بیوی)","داروغہ",6,"261 262 263 265 267","259:263 262:263 263:263 264:263 264:266 268:266"
"بڑھیا (دیتی دین کی بیوی)","دیا ناتھ",13,"168 186 190 191 195 198 252 258 377 378 380 381","171:166 181:191 190:191 192:191 192:198 199:198 247:257 248:257 259:257 373:381 375:381 379:381 381:381"
"بڑھیا (دیتی دین کی بیوی)","دیتی دین",111,"171 172 173 177 178 181 185 186 187 188 189 190 191 195 198 199 200 202 203 205 206 208 209 210 211 212 213 214 215 218 219 247 248 255 259 261 262 263 265 267 268 271 274 275 279 282 290 291 292 293 295 296 297 298 314 315 317 318 319 321 323 324 325 327 328 329 334 335 339 340 348 351 352 368 369 370 373 374 378 380 381","171:171 173:171 173:174 181:174 181:175 181:181 190:181 190:183 190:185 190:186 190:188 190:189 190:190 192:190 192:198 199:198 199:199 200:199 200:200 205:200 205:201 205:202 205:205 206:205 206:206 207:206 207:209 208:209 209:209 210:209 210:210 212:210 212:211 212:212 215:212 215:213 215:214 215:216 220:216 220:217 220:219 247:247 248:247 248:248 259:252 259:260 262:260 262:262 263:262 263:263 264:263 264:266 268:266 268:267 268:268 275:268 275:273 275:274 275:276 282:276 282:277 282:282 295:285 295:286 295:287 295:288 295:289 295:290 295:292 295:295 296:295 296:296 298:296 298:297 298:298 318:311 318:313 318:316 318:317 318:318 319:318 319:319 324:319 324:322 324:323 324:324 327:324 327:327 328:327 328:328 329:328 329:329 330:329 330:338 332:338 340:338 340:339 340:340 351:345 351:346 351:351 353:351 373:364 373:365 373:366 373:367 373:374 375:374 375:381 379:381 381:381"
"بڑھیا (دیتی دین کی بیوی)","رتن دیوی",88,"167 169 170 171 172 174 178 181 185 186 192 193 197 198 208 209 210 211 214 215 218 220 226 227 228 229 230 231 242 243 244 245 246 249 255 256 257 258 259 260 277 281 286 293 294 300 301 315 319 322 327 329 330 331 332 336 337 338 377 378 380 381","171:163 171:167 171:168 171:169 171:170 171:172 173:172 173:175 181:175 181:181 190:181 190:182 190:195 192:195 199:195 199:196 199:197 199:198 205:211 206:211 207:211 208:211 209:211 210:211 212:211 212:216 215:216 220:216 220:221 231:221 231:224 231:225 231:226 231:227 231:228 231:229 231:230 231:231 247:237 247:238 247:239 247:240 247:241 247:242 247:243 247:244 247:245 247:246 247:251 248:251 259:251 259:253 259:254 259:255 259:256 259:257 259:258 259:259 262:259 275:280 282:280 282:291 295:291 295:293 295:294 295:305 296:305 298:305 318:312 318:320 319:320 324:320 324:331 327:331 328:331 329:331 330:331 332:331 332:333 340:333 340:334 340:335 340:336 340:337 373:382 375:382 379:382 381:382"
"بڑھیا (دیتی دین کی بیوی)","رسوئیا",2,"287 293","282:292 295:292"
"بڑھیا (دیتی دین کی بیوی)","رماناتھ",158,"166 167 168 171 172 173 177 178 179 181 185 186 187 188 189 190 191 192 195 196 198 199 200 202 203 204 205 206 207 208 210 211 212 213 214 215 217 218 219 220 226 231 243 247 248 254 255 258 259 261 262 263 264 266 267 268 271 272 273 274 275 279 280 281 282 290 291 293 296 297 298 313 314 316 317 318 319 321 324 325 326 327 328 329 330 331 332 336 339 340 346 347 348 349 350 351 352 353 368 369 370 371 372 373 374 375 377 378 380 381","171:161 171:162 171:163 171:164 171:166 171:171 173:171 173:173 181:173 181:174 181:175 181:176 181:177 181:178 181:181 190:181 190:182 190:183 190:184 190:185 190:186 190:188 190:189 190:190 192:190 192:192 199:192 199:193 199:194 199:198 199:199 200:199 200:200 205:200 205:201 205:202 205:203 205:204 205:205 206:205 206:206 207:206 207:207 208:207 208:208 209:208 209:211 210:211 212:211 212:212 215:212 215:213 215:214 215:215 220:215 220:216 220:217 220:218 220:220 231:221 231:231 247:239 247:247 248:247 248:248 259:249 259:250 259:252 259:258 259:260 262:260 262:261 262:262 263:262 263:264 264:264 268:264 268:266 268:267 268:268 275:268 275:269 275:271 275:272 275:273 275:274 275:276 282:276 282:277 282:278 282:281 282:283 295:285 295:287 295:288 295:292 295:297 296:297 298:297 298:299 318:308 318:309 318:310 318:311 318:314 318:315 318:316 318:317 318:318 319:318 319:319 324:319 324:324 327:324 327:325 327:326 327:327 328:327 328:329 329:329 330:329 330:330 332:330 332:332 340:332 340:338 340:339 340:341 351:341 351:342 351:343 351:344 351:345 351:346 351:347 351:349 351:350 351:352 353:352 353:353 373:363 373:364 373:365 373:366 373:367 373:369 373:370 373:371 373:372 373:373 375:373 375:374 375:375 379:375 379:376 379:378 379:381 381:381"
"بڑھیا (دیتی دین کی بیوی)","رمیش بابو",24,"166 168 174 175 179 180 210 211 212 213 215 217 266 267 269 272 273 286 293","171:161 171:166 171:177 173:177 181:177 181:178 181:179 205:215 206:215 207:215 208:215 209:215 210:215 212:215 215:215 220:215 262:270 263:270 264:270 268:270 275:270 275:272 282:291 295:291"
"بڑھیا (دیتی دین کی بیوی)","زہرہ",32,"336 340 346 347 348 349 350 351 352 356 368 370 371 372 373 374 375 377 378 379 380 381","332:341 340:341 351:341 351:342 351:343 351:344 351:345 351:347 351:348 351:349 351:350 351:352 353:352 353:360 373:363 373:364 373:367 373:368 373:369 373:370 373:371 373:372 373:373 375:373 375:374 375:375 379:375 379:376 379:378 379:379 381:379 381:382"
"بڑھیا (دیتی دین کی بیوی)","سرکاری وکیل",1,"386","381:391"
"بڑھیا (دیتی دین کی بیوی)","سیشن جج",2,"287 293","282:292 295:292"
"بڑھیا (دیتی دین کی بیوی)","سیٹھ مہاجن",5,"178 182 186 187","173:183 181:183 190:183 190:184 190:185"
"بڑھیا (دیتی دین کی بیوی)","سیٹھ کروڑی مل",2,"183 187","181:185 190:185"
"بڑھیا (دیتی دین کی بیوی)","قیدی",4,"259 260 314 317","259:259 262:259 318:311 318:317"
"بڑھیا (دیتی دین کی بیوی)","مارواڑی صاحب",2,"259 261","259:260 262:260"
"بڑھیا (دیتی دین کی بیوی)","ماسی (ونیش)",2,"373 374","373:373 375:373"
"بڑھیا (دیتی دین کی بیوی)","مانگی",1,"386","381:391"
"بڑھیا (دیتی دین کی بیوی)","مسلمان سپاہی",4,"268 270 274","263:273 264:273 268:273 275:273"
"بڑھیا (دیتی دین کی بیوی)","منشی دین دیال",5,"186 190 191 192 196","181:191 190:191 192:191 192:193 199:193"
"بڑھیا (دیتی دین کی بیوی)","منی بھوشن",19,"250 251 256 257 258 277 281 294 327 329 330 331 332 336 337 338","247:254 248:254 259:254 259:255 259:256 259:257 275:280 282:280 295:293 324:331 327:331 328:331 329:331 330:331 332:331 332:333 340:333 340:335 340:336"
"بڑھیا (دیتی دین کی بیوی)","منیم",7,"176 177 181 185 186 187","171:181 173:181 181:181 190:181 190:183 190:184 190:185"
"بڑھیا (دیتی دین کی بیوی)","مولوی صاحب",2,"259 261","259:260 262:260"
"بڑھیا (دیتی دین کی بیوی)","ونیش",15,"322 323 325 327 328 354 355 368 373 374 376 378","318:327 319:327 324:327 327:327 328:327 328:328 329:328 351:357 353:357 373:364 373:373 375:373 375:374 375:378 379:378"
"بڑھیا (دیتی دین کی بیوی)","پان والا",3,"248 254","247:249 248:249 259:249"
"بڑھیا (دیتی دین کی بیوی)","پنڈت اندر بھوشن",42,"170 178 182 186 187 190 191 216 218 220 226 227 228 229 230 231 242 243 249 250 255 256 319 322 327 329 330 331 333 337 377 378 380 381","171:170 173:183 181:183 190:183 190:184 190:190 192:190 212:221 215:221 220:221 231:221 231:222 231:223 231:224 231:226 231:227 231:228 231:229 231:232 247:238 247:239 247:240 247:252 248:252 259:252 259:253 259:254 318:320 319:320 324:320 324:331 327:331 328:331 329:331 330:331 332:331 332:334 340:334 373:382 375:382 379:382 381:382"
"بڑھیا (دیتی دین کی بیوی)","پہرے والا",17,"211 212 213 214 215 218 268 270 274 275 279 281 314 317","206:216 207:216 208:216 209:216 210:216 212:216 215:216 220:216 263:273 264:273 268:273 275:273 275:276 282:276 282:281 318:310 318:316"
"بڑھیا (دیتی دین کی بیوی)","چوکیدار",6,"247 248 314 352 353 368","247:248 248:248 318:311 351:354 353:354 373:363"
"بڑھیا (دیتی دین کی بیوی)","چپڑاسی",7,"174 175 179 296 297","171:177 173:177 181:177 181:178 295:297 296:297 298:297"
"بڑھیا (دیتی دین کی بیوی)","ڈپٹی سپرنٹنڈنٹ",17,"266 267 269 273 277 280 313 314 344 350 351 352 355 371","262:271 263:271 264:271 268:271 275:271 275:279 282:279 318:309 318:310 318:311 340:349 351:349 351:352 353:352 353:357 373:369 373:370"
"بڑھیا (دیتی دین کی بیوی)","کبیراج",11,"216 218 220 226 228 229 235 243 249 255","212:221 215:221 220:221 231:221 231:226 231:228 231:240 247:240 247:251 248:251 259:251"
"بڑھیا (دیتی دین کی بیوی)","کہار",1,"231","231:231"
"بڑھیا (دیتی دین کی بیوی)","گوپی ناتھ",25,"167 209 210 211 212 214 232 277 281 282 291 293 294 296 297 298 377 378 380 381","171:163 205:213 206:213 207:213 208:213 209:213 210:213 212:213 215:213 231:233 275:280 282:280 282:282 295:288 295:291 295:293 295:294 295:297 296:297 298:297 298:298 373:381 375:381 379:381 381:381"
"بید جی","جالپا",2,"204 210","209:199 209:211"
"بید جی","دیتی دین",7,"204 205 207 209","209:199 209:200 209:201 209:202 209:205 209:206 209:209"
"بید جی","رتن دیوی",1,"210","209:211"
"بید جی","رماناتھ",11,"204 205 206 207 208 210","209:199 209:200 209:201 209:202 209:203 209:204 209:205 209:206 209:207 209:208 209:211"
"بید جی","رمیش بابو",1,"212","209:215"
"بید جی","پہرے والا",1,"212","209:216"
"بید جی","گوپی ناتھ",1,"211","209:213"
"بیوی (ونیش)","جالپا",7,"373 374 375 376 377 378","378:368 378:371 378:372 378:375 378:376 378:377 378:378"
"بیوی (ونیش)","جاگیشری",1,"380","378:382"
"بیوی (ونیش)","حج صاحب",2,"374 375","378:370 378:372"
"بیوی (ونیش)","دیا ناتھ",1,"379","378:381"
"بیوی (ونیش)","دیتی دین",2,"376 379","378:374 378:381"
"بیوی (ونیش)","رتن دیوی",1,"380","378:382"
"بیوی (ونیش)","رماناتھ",9,"373 374 375 376 377 378","378:369 378:370 378:371 378:372 378:373 378:374 378:375 378:376 378:378"
"بیوی (ونیش)","زہرہ",10,"373 374 375 376 377 378","378:368 378:369 378:370 378:371 378:372 378:373 378:374 378:375 378:376 378:378"
"بیوی (ونیش)","ماسی (ونیش)",1,"375","378:373"
"بیوی (ونیش)","ونیش",3,"375 376 378","378:373 378:374 378:378"
"بیوی (ونیش)","پنڈت اندر بھوشن",1,"380","378:382"
"بیوی (ونیش)","ڈپٹی سپرنٹنڈنٹ",2,"373 374","378:369 378:370"
"بیوی (ونیش)","گوپی ناتھ",1,"379","378:381"
"جالپا","جاگیشری",95,"3 4 5 7 9 11 12 37 38 39 40 41 49 51 53 54 58 59 61 62 63 64 65 87 89 91 92 117 118 119 121 143 144 145 146 147 148 186 191 192 238 239 240 241 242 243 244 245 246 247 253 255 257 377 378 379 380 382 386 387 388 389","1:5 2:5 3:5 4:5 5:5 6:5 6:8 10:8 10:12 11:12 12:12 13:12 33:41 34:41 35:41 36:41 38:41 39:41 41:41 42:41 44:54 45:54 49:54 52:54 53:54 54:54 55:54 55:62 56:62 60:62 61:62 62:62 63:62 63:64 65:64 65:65 66:65 82:92 83:92 87:92 90:92 91:92 92:92 93:92 113:121 114:121 116:121 117:121 121:121 122:121 138:148 139:148 141:148 142:148 144:148 145:148 146:148 147:148 148:148 149:148 182:191 191:191 193:191 233:243 234:243 235:243 236:243 237:243 238:243 239:243 241:243 242:243 243:243 245:243 245:246 246:246 249:246 249:257 253:257 257:257 258:257 372:382 375:382 376:382 377:382 378:382 379:382 383:382 383:389 384:389 385:389 386:389 388:389 389:389 390:389"
"جالپا","جنگلی",9,"283 284 285 286 287","280:286 281:286 282:286 283:286 285:286 286:286 287:286 287:287 288:287"
"جالپا","جوہری (رتن کا)",58,"37 38 39 40 41 44 45 47 97 98 99 100 101 102 120 121 123 124 126 131 132 135 136 138 139 140 146 147 148 149 150 153 154 179 180 181 182 187 188","33:41 34:41 35:41 36:41 38:41 39:41 41:41 42:41 42:46 43:46 44:46 45:46 49:46 92:102 93:102 94:102 95:102 96:102 97:102 98:102 99:102 100:102 101:102 103:102 116:125 117:125 121:125 122:125 123:125 124:125 127:125 127:136 128:136 135:136 137:136 137:140 138:140 139:140 141:140 141:151 142:151 144:151 145:151 146:151 147:151 148:151 149:151 155:151 155:153 155:154 175:183 177:183 178:183 179:183 182:183 191:183 191:184 191:185"
"جالپا","حج صاحب",35,"302 303 304 305 306 309 317 318 319 320 321 322 323 362 363 364 365 368 369 370 371 372 373","298:307 300:307 301:307 302:307 303:307 304:307 305:307 306:307 311:307 312:322 313:322 315:322 316:322 317:322 318:322 319:322 321:322 322:322 323:322 323:323 324:323 359:365 360:365 361:365 362:365 364:365 365:365 366:365 366:370 367:370 368:370 371:370 371:372 372:372 375:372"
"جالپا","خان صاحب",17,"24 25 26 27 31 53 55 56 57 59","20:29 21:29 22:29 23:29 24:29 25:29 26:29 33:29 33:30 49:58 52:58 53:58 54:58 55:58 56:58 60:58 60:59"
"جالپا","خزانچی صاحب",17,"101 102 103 104 106 107 125 126 128 132","96:106 97:106 98:106 99:106 100:106 101:106 103:106 107:106 107:107 108:107 121:129 122:129 123:129 124:129 127:129 128:129 135:129"
"جالپا","داروغہ",6,"258 260 261 266 267","253:263 257:263 258:263 259:263 269:263 269:266"
"جالپا","دیا ناتھ",121,"4 5 6 8 9 10 11 12 15 16 18 19 28 29 33 35 36 37 38 39 40 45 46 47 49 50 51 54 55 56 58 68 69 70 71 72 73 79 80 81 82 83 85 87 89 91 92 120 121 123 124 126 161 162 163 164 165 166 186 191 192 195 196 197 198 253 255 257 376 378 379 380 382 393 394 396 398","1:7 2:7 3:7 4:7 5:7 6:7 10:7 10:8 10:9 10:10 11:10 11:12 12:12 13:12 13:17 14:17 15:17 20:17 20:18 23:33 24:33 25:33 26:33 33:33 34:33 34:37 35:37 36:37 38:37 38:39 39:39 41:39 41:49 42:49 43:49 44:49 45:49 49:49 52:49 52:50 52:57 53:57 54:57 55:57 56:57 60:57 63:73 65:73 66:73 67:73 68:73 69:73 70:73 71:73 72:73 74:73 74:84 76:84 77:84 78:84 79:84 80:84 81:84 82:84 83:84 87:84 87:88 90:88 90:89 90:92 91:92 92:92 93:92 116:125 117:125 121:125 122:125 123:125 124:125 127:125 127:126 156:166 157:166 158:166 159:166 161:166 162:166 163:166 164:166 165:166 166:166 167:166 182:191 191:191 193:191 193:198 194:198 195:198 196:198 197:198 198:198 199:198 249:257 253:257 257:257 258:257 371:381 372:381 375:381 376:381 377:381 378:381 379:381 383:381 383:382 388:398 389:398 390:398 394:398 395:398 398:398"
"جالپا","دیتی دین",202,"166 167 168 169 170 171 173 174 175 176 179 180 181 182 187 188 189 190 194 195 196 197 198 199 206 208 210 211 212 213 214 215 216 221 222 242 243 244 245 246 248 250 252 256 258 259 264 265 266 267 268 271 272 276 277 278 281 282 283 284 285 286 287 288 289 290 291 292 294 296 297 298 299 300 306 307 308 311 312 313 314 315 316 317 318 319 320 321 322 323 324 326 327 328 329 334 335 337 338 339 340 341 344 345 346 349 350 351 359 361 362 363 364 365 366 367 371 372 373 374 378 379 380 382 383 386 387 388 389 392 394 396 397","161:171 162:171 163:171 164:171 165:171 166:171 167:171 168:171 169:171 170:171 172:171 172:174 175:174 175:175 177:175 177:181 178:181 179:181 182:181 182:183 191:183 191:185 191:186 191:188 191:189 191:190 191:198 193:198 194:198 195:198 196:198 197:198 198:198 199:198 199:199 211:201 211:202 211:205 211:206 211:209 211:210 211:211 212:211 212:212 213:212 213:213 215:213 215:214 215:216 216:216 226:216 226:217 226:219 237:247 238:247 239:247 241:247 242:247 243:247 245:247 246:247 249:247 249:248 249:252 253:252 253:260 257:260 258:260 259:260 269:260 269:262 269:263 269:266 269:267 269:268 269:273 272:273 280:273 280:274 280:276 280:277 280:282 281:282 282:282 283:282 283:283 285:283 285:284 285:285 286:285 286:286 287:286 287:287 288:287 288:288 289:288 289:289 290:289 290:290 291:290 291:292 293:292 293:295 294:295 298:295 298:296 298:297 298:298 300:298 300:299 300:300 301:300 301:311 302:311 303:311 304:311 305:311 306:311 311:311 312:311 312:313 313:313 315:313 315:316 316:316 317:316 317:317 318:317 318:318 319:318 319:319 321:319 321:322 322:322 323:322 323:323 324:323 324:324 325:324 325:327 326:327 327:327 328:327 328:328 330:328 330:329 330:338 332:338 337:338 338:338 339:338 339:339 340:339 340:340 343:340 343:345 344:345 346:345 346:346 347:346 347:351 348:351 349:351 351:351 352:351 354:364 359:364 360:364 361:364 362:364 364:364 365:364 365:365 366:365 366:366 367:366 367:367 368:367 368:374 371:374 372:374 375:374 375:381 376:381 377:381 378:381 379:381 383:381 383:382 383:383 384:383 384:389 385:389 386:389 388:389 389:389 390:389 390:394 394:394 395:394 395:397 398:397"
"جالپا","رادھا",10,"2 3 4 5 6 8","1:3 2:3 3:3 4:3 4:4 5:4 5:5 6:5 6:6 10:6"
"جالپا","رتن دیوی",260,"76 77 78 79 80 81 82 83 85 86 87 88 90 91 92 94 95 96 97 98 99 100 101 102 103 105 106 107 108 109 110 111 112 115 116 117 119 120 121 122 123 124 125 127 128 131 134 135 136 137 138 139 140 144 145 146 147 149 150 153 154 159 160 161 162 163 165 166 167 168 169 170 171 172 173 175 176 179 180 181 182 186 193 194 195 196 197 198 211 214 215 216 221 223 225 226 228 229 230 231 232 233 234 235 236 237 238 239 240 241 242 243 244 245 246 247 250 252 253 255 256 257 258 259 264 276 280 286 287 288 289 290 291 292 293 294 296 301 302 303 304 305 306 308 311 312 316 317 318 319 320 326 327 328 329 330 331 332 335 336 337 377 378 379 380 382 383 384 387 388 389","71:81 72:81 74:81 76:81 77:81 78:81 79:81 80:81 81:81 82:81 82:82 83:82 83:83 87:83 87:86 87:87 90:87 90:90 91:90 91:92 92:92 93:92 93:96 94:96 95:96 96:96 97:96 97:97 98:97 98:98 99:98 99:99 100:99 100:100 101:100 101:101 103:101 103:102 103:103 107:103 107:104 107:105 107:106 107:107 108:107 108:108 109:108 109:109 110:109 110:110 113:110 113:111 113:112 113:117 114:117 116:117 117:117 121:117 121:119 121:122 122:122 123:122 123:123 124:123 124:124 127:124 127:128 128:128 135:128 135:133 135:134 135:135 137:135 137:138 138:138 139:138 139:140 141:140 141:147 142:147 144:147 145:147 146:147 147:147 148:147 148:151 149:151 155:151 155:153 155:154 155:163 156:163 157:163 158:163 159:163 161:163 162:163 163:163 164:163 164:167 165:167 166:167 167:167 168:167 168:168 169:168 169:169 170:169 170:170 172:170 172:172 175:172 175:175 177:175 177:181 178:181 179:181 182:181 182:182 191:182 191:195 193:195 194:195 195:195 196:195 196:196 197:196 197:197 198:197 198:198 199:198 211:211 212:211 212:216 213:216 215:216 216:216 226:216 226:221 226:224 226:225 226:226 231:226 231:227 231:228 231:229 231:230 231:231 233:231 233:232 233:233 234:233 234:234 235:234 235:235 236:235 236:236 237:236 237:237 238:237 238:238 239:238 239:239 241:239 241:240 241:241 242:241 242:242 243:242 243:243 245:243 245:244 245:245 246:245 246:246 249:246 249:251 253:251 253:253 257:253 257:254 257:255 257:256 257:257 258:257 258:258 259:258 259:259 269:259 272:280 280:280 281:280 281:291 282:291 283:291 285:291 286:291 287:291 288:291 289:291 290:291 291:291 293:291 293:293 294:293 294:294 298:294 298:305 300:305 301:305 302:305 303:305 304:305 305:305 306:305 306:306 311:306 311:312 312:312 313:312 313:320 315:320 316:320 317:320 318:320 319:320 321:320 321:331 322:331 323:331 324:331 325:331 326:331 327:331 328:331 330:331 332:331 332:333 337:333 337:334 337:335 337:336 337:337 338:337 372:382 375:382 376:382 377:382 378:382 379:382 383:382 383:383 384:383 384:384 385:384 385:389 386:389 388:389 389:389 390:389"
"جالپا","رسوئیا",10,"287 288 289 290 291 292","282:292 283:292 285:292 286:292 287:292 288:292 289:292 290:292 291:292 293:292"
"جالپا","رماناتھ",510,"5 6 7 9 10 11 12 14 15 17 19 20 21 22 23 24 25 26 29 30 31 32 33 34 35 36 37 38 39 40 41 42 43 44 45 47 48 49 50 51 52 53 54 55 56 58 59 60 61 62 63 64 65 66 67 68 69 70 71 72 73 74 75 76 77 78 79 80 81 82 83 85 86 87 88 89 90 91 92 93 94 95 96 97 98 99 100 101 102 103 105 106 107 108 109 110 111 112 113 114 115 116 117 119 120 121 122 123 124 125 126 127 128 131 132 133 134 135 136 137 138 139 140 141 142 143 144 145 146 148 149 152 153 154 155 156 157 158 159 160 161 162 163 164 165 166 169 170 171 172 174 175 176 177 178 180 181 182 186 187 188 189 190 191 192 193 194 196 197 198 199 206 207 208 209 211 212 213 214 215 216 221 222 223 228 231 232 236 237 238 239 240 244 245 246 248 249 251 252 255 257 258 259 264 265 266 267 268 269 270 271 272 276 277 278 279 280 281 282 283 284 285 286 287 288 290 291 292 295 297 298 299 300 301 302 303 304 305 306 308 309 310 311 313 314 315 316 317 318 319 320 322 323 324 325 326 327 328 329 330 331 332 334 337 338 339 340 342 343 344 345 346 347 348 349 350 351 352 353 354 356 357 358 359 360 361 362 363 364 365 366 367 368 370 371 372 373 374 375 376 377 378 380 382 383 384 385 386 387 388 389 392 394 395 397","1:9 2:9 3:9 4:9 5:9 6:9 10:9 10:10 11:10 11:12 12:12 13:12 13:15 14:15 15:15 20:15 20:19 20:20 21:20 21:22 22:22 23:22 23:24 24:24 25:24 25:25 26:25 26:26 33:26 33:27 33:28 33:29 33:30 33:31 33:32 33:33 34:33 34:34 35:34 35:35 36:35 36:36 38:36 38:37 38:38 39:38 39:39 41:39 41:40 41:41 42:41 42:42 43:42 43:44 44:44 45:44 45:45 49:45 49:46 49:47 49:48 49:49 52:49 52:50 52:51 52:52 53:52 53:53 54:53 54:54 55:54 55:55 56:55 56:56 60:56 60:57 60:58 60:59 60:60 61:60 61:61 62:61 62:62 63:62 63:63 65:63 65:64 65:65 66:65 66:66 67:66 67:67 68:67 68:68 69:68 69:69 70:69 70:70 71:70 71:71 72:71 72:72 74:72 74:73 74:74 76:74 76:75 76:76 77:76 77:77 78:77 78:78 79:78 79:79 80:79 80:80 81:80 81:82 82:82 83:82 83:83 87:83 87:84 87:86 87:87 90:87 90:88 90:89 90:90 91:90 91:91 92:91 92:92 93:92 93:93 94:93 94:94 95:94 95:95 96:95 96:96 97:96 97:97 98:97 98:98 99:98 99:100 100:100 101:100 101:101 103:101 103:102 103:103 107:103 107:104 107:105 107:106 107:107 108:107 108:108 109:108 109:109 110:109 110:110 113:110 113:111 113:112 113:113 114:113 114:114 116:114 116:116 117:116 117:117 121:117 121:118 121:119 121:120 121:121 122:121 122:122 123:122 123:123 124:123 124:124 127:124 127:125 127:126 127:127 128:127 128:128 135:128 135:129 135:130 135:131 135:132 135:133 135:134 135:135 137:135 137:136 137:137 138:137 138:138 139:138 139:139 141:139 141:140 141:141 142:141 142:142 144:142 144:143 144:144 145:144 145:145 146:145 146:146 147:146 147:149 148:149 149:149 155:149 155:150 155:151 155:152 155:153 155:155 156:155 156:156 157:156 157:157 158:157 158:158 159:158 159:159 161:159 161:160 161:161 162:161 162:162 163:162 163:163 164:163 164:164 165:164 165:166 166:166 167:166 167:171 168:171 169:171 170:171 172:171 172:173 175:173 175:174 175:175 177:175 177:176 177:177 178:177 178:178 179:178 179:181 182:181 182:182 191:182 191:183 191:184 191:185 191:186 191:188 191:189 191:190 191:192 193:192 193:193 194:193 194:194 195:194 195:198 196:198 197:198 198:198 199:198 199:199 211:201 211:202 211:203 211:204 211:205 211:206 211:207 211:208 211:211 212:211 212:212 213:212 213:213 215:213 215:214 215:215 216:215 216:216 226:216 226:217 226:218 226:220 226:221 226:231 231:231 233:231 233:239 234:239 235:239 236:239 237:239 238:239 239:239 241:239 241:247 242:247 243:247 245:247 246:247 249:247 249:248 249:249 253:249 253:250 253:252 253:258 257:258 258:258 259:258 259:260 269:260 269:261 269:262 269:264 269:266 269:267 269:268 269:269 272:269 272:271 272:272 280:272 280:273 280:274 280:276 280:277 280:278 280:281 281:281 282:281 282:283 283:283 285:283 285:285 286:285 286:287 287:287 288:287 288:288 289:288 289:292 290:292 291:292 293:292 293:297 294:297 298:297 298:299 300:299 300:300 301:300 301:301 302:301 302:302 303:302 303:303 304:303 304:304 305:304 305:305 306:305 306:306 311:306 311:307 311:308 311:309 311:310 311:311 312:311 312:314 313:314 315:314 315:315 316:315 316:316 317:316 317:317 318:317 318:318 319:318 319:319 321:319 321:324 322:324 323:324 324:324 325:324 325:325 326:325 326:326 327:326 327:327 328:327 328:329 330:329 330:330 332:330 332:332 337:332 337:338 338:338 339:338 339:339 340:339 340:341 343:341 343:342 343:343 344:343 344:344 346:344 346:345 346:346 347:346 347:347 348:347 348:349 349:349 351:349 351:350 351:352 352:352 353:352 353:353 354:353 354:354 359:354 359:355 359:356 359:357 359:358 359:359 360:359 360:360 361:360 361:361 362:361 362:362 364:362 364:363 364:364 365:364 365:365 366:365 366:366 367:366 367:367 368:367 368:369 371:369 371:370 371:371 372:371 372:372 375:372 375:373 375:374 375:375 376:375 376:376 377:376 377:378 378:378 379:378 379:381 383:381 383:384 384:384 385:384 385:386 386:386 388:386 388:387 388:388 389:388 389:389 390:389 390:394 394:394 395:394 395:396 398:396 398:397"
"جالپا","رمیش بابو",149,"23 24 25 26 30 31 32 36 37 38 39 40 43 44 45 47 48 49 50 51 52 53 55 56 58 59 78 79 80 81 82 83 85 86 87 89 90 91 92 93 94 98 99 100 101 102 103 105 106 112 113 115 116 117 119 124 125 126 127 128 131 132 133 138 139 140 141 142 143 144 158 159 160 161 164 165 166 172 173 174 176 177 178 179 180 213 214 215 269 271 272 276 286 287 288 289 290 291 292","20:27 21:27 22:27 23:27 24:27 25:27 26:27 33:27 33:28 33:29 33:30 33:32 33:40 34:40 35:40 36:40 38:40 39:40 41:40 41:46 42:46 43:46 44:46 45:46 49:46 49:47 49:48 49:49 52:49 52:51 52:53 53:53 54:53 54:57 55:57 56:57 60:57 60:58 74:83 76:83 77:83 78:83 79:83 80:83 81:83 82:83 83:83 87:83 87:84 87:85 87:86 87:88 90:88 90:89 90:90 91:90 91:92 92:92 93:92 93:94 94:94 95:94 95:101 96:101 97:101 98:101 99:101 100:101 101:101 103:101 103:104 107:104 107:105 107:117 108:117 109:117 110:117 113:117 114:117 116:117 117:117 121:117 121:118 121:128 122:128 123:128 124:128 127:128 128:128 135:128 135:129 135:130 135:132 135:141 137:141 138:141 139:141 141:141 142:141 142:142 144:142 144:143 144:144 145:144 155:161 156:161 157:161 158:161 159:161 161:161 162:161 162:166 163:166 164:166 165:166 166:166 167:166 167:177 168:177 169:177 170:177 172:177 175:177 177:177 178:177 178:178 179:178 179:179 182:179 211:215 212:215 213:215 215:215 216:215 269:270 272:270 272:272 280:272 281:291 282:291 283:291 285:291 286:291 287:291 288:291 289:291 290:291 291:291 293:291"
"جالپا","زہرہ",81,"15 16 17 20 336 339 340 342 343 344 345 346 347 348 349 350 351 352 356 357 359 360 361 362 363 364 366 367 368 369 370 371 372 373 374 375 376 377 378 379 381 382 383 384 385 386 387 388 389 390 392","10:20 11:20 12:20 13:20 14:20 15:20 20:20 21:20 332:341 337:341 338:341 339:341 340:341 343:341 343:342 343:343 344:343 344:344 346:344 346:345 346:347 347:347 348:347 348:348 349:348 349:349 351:349 351:350 351:352 352:352 353:352 353:360 354:360 359:360 360:360 361:360 361:362 362:362 364:362 364:363 364:364 365:364 365:367 366:367 367:367 368:367 368:368 371:368 371:369 371:370 371:371 372:371 372:372 375:372 375:373 375:374 375:375 376:375 376:376 377:376 377:378 378:378 379:378 379:379 383:379 383:382 383:383 384:383 384:384 385:384 385:385 386:385 386:386 388:386 388:387 388:388 389:388 389:389 390:389 390:390 394:390"
"جالپا","سرکاری وکیل",11,"387 388 389 390 392 395 397","383:391 384:391 385:391 386:391 388:391 389:391 390:391 394:391 394:396 395:396 398:396"
"جالپا","سیشن جج",10,"287 288 289 290 291 292","282:292 283:292 285:292 286:292 287:292 288:292 289:292 290:292 291:292 293:292"
"جالپا","سیٹھ مہاجن",54,"4 5 6 8 9 37 38 39 40 41 44 45 47 108 110 111 113 115 116 117 119 122 123 124 125 126 131 132 135 136 138 139 140 179 180 181 182 187 188","1:7 2:7 3:7 4:7 5:7 6:7 10:7 10:8 33:41 34:41 35:41 36:41 38:41 39:41 41:41 42:41 42:46 43:46 44:46 45:46 49:46 103:113 107:113 108:113 109:113 110:113 113:113 114:113 114:117 116:117 117:117 121:117 121:124 122:124 123:124 124:124 127:124 127:125 127:136 128:136 135:136 137:136 137:140 138:140 139:140 141:140 175:183 177:183 178:183 179:183 182:183 191:183 191:184 191:185"
"جالپا","سیٹھ کروڑی مل",6,"180 181 182 183 188","175:185 177:185 178:185 179:185 182:185 191:185"
"جالپا","سیٹھانی جی",8,"139 140 141 142 143 144","135:144 137:144 138:144 139:144 141:144 142:144 144:144 145:144"
"جالپا","شہزادی",15,"2 3 4 5 6 8 30 34 35","1:4 2:4 3:4 4:4 5:4 5:5 6:5 6:6 10:6 25:35 26:35 33:35 34:35 35:35 36:35"
"جالپا","قیدی",26,"127 128 129 130 133 254 256 258 259 264 306 307 308 311 314 315 316 317","122:132 123:132 124:132 127:132 128:132 135:132 249:259 253:259 257:259 258:259 259:259 269:259 301:311 302:311 303:311 304:311 305:311 306:311 311:311 312:311 312:317 313:317 315:317 316:317 317:317 318:317"
"جالپا","مارواڑی صاحب",5,"256 258 259 264","253:260 257:260 258:260 259:260 269:260"
"جالپا","ماسی (ونیش)",8,"368 369 370 372 374","364:373 365:373 366:373 367:373 368:373 371:373 372:373 375:373"
"جالپا","مانک داس",11,"99 100 101 102 103 105 106","94:104 95:104 96:104 97:104 98:104 99:104 100:104 101:104 103:104 107:104 107:105"
"جالپا","مانگی",35,"1 2 4 5 6 8 10 11 12 13 17 18 20 21 153 156 157 158 387 388 389 390 392","1:1 2:1 2:2 3:2 3:6 4:6 5:6 6:6 10:6 10:11 11:11 12:11 12:13 13:13 14:13 14:21 15:21 20:21 21:21 22:21 148:158 149:158 155:158 156:158 157:158 158:158 159:158 383:391 384:391 385:391 386:391 388:391 389:391 390:391 394:391"
"جالپا","مسلمان سپاہی",3,"271 272 276","269:273 272:273 280:273"
"جالپا","منشی دین دیال",39,"1 2 5 6 8 10 11 13 14 15 17 18 19 20 21 22 50 52 53 54 55 186 191 192 193","1:1 2:1 2:2 3:2 3:7 4:7 5:7 6:7 10:7 10:10 11:10 11:11 12:11 12:14 13:14 14:14 15:14 15:15 20:15 20:16 20:17 20:18 20:21 21:21 22:21 22:22 23:22 45:55 49:55 52:55 53:55 54:55 55:55 56:55 182:191 191:191 193:191 193:193 194:193"
"جالپا","منی بھوشن",44,"91 92 93 94 95 249 250 251 253 255 256 257 276 280 288 289 290 291 292 293 326 327 328 329 330 331 332 335 336","87:95 90:95 91:95 92:95 93:95 94:95 95:95 96:95 245:254 246:254 249:254 253:254 257:254 257:255 257:256 257:257 258:257 272:280 280:280 281:280 283:293 285:293 286:293 287:293 288:293 289:293 290:293 291:293 293:293 294:293 321:331 322:331 323:331 324:331 325:331 326:331 327:331 328:331 330:331 332:331 332:333 337:333 337:335 337:336"
"جالپا","منیم",20,"68 69 70 71 72 73 176 178 179 180 181 182 187 188","63:73 65:73 66:73 67:73 68:73 69:73 70:73 71:73 72:73 74:73 172:181 175:181 177:181 178:181 179:181 182:181 182:183 191:183 191:184 191:185"
"جالپا","موسل چند",10,"79 80 81 82 83 85","74:84 76:84 77:84 78:84 79:84 80:84 81:84 82:84 83:84 87:84"
"جالپا","مولوی صاحب",5,"256 258 259 264","253:260 257:260 258:260 259:260 269:260"
"جالپا","نوشہ",13,"1 3 4 14 15 16 17 19","1:1 2:1 2:4 3:4 4:4 5:4 10:19 11:19 12:19 13:19 14:19 15:19 20:19"
"جالپا","ونیش",40,"322 323 324 325 326 327 328 329 352 353 354 355 358 361 362 363 364 369 370 372 374 376 377 378","317:327 318:327 319:327 321:327 322:327 323:327 324:327 325:327 326:327 327:327 328:327 328:328 330:328 347:357 348:357 349:357 351:357 352:357 353:357 354:357 359:357 359:364 360:364 361:364 362:364 364:364 365:364 365:373 366:373 367:373 368:373 371:373 372:373 375:373 375:374 375:378 376:378 377:378 378:378 379:378"
"جالپا","پان والا",8,"244 245 246 247 249 251","239:249 241:249 242:249 243:249 245:249 246:249 249:249 253:249"
"جالپا","پنڈت اندر بھوشن",148,"76 77 78 79 80 81 82 83 85 87 89 91 92 94 95 96 97 98 99 107 109 110 111 112 116 117 118 120 125 126 128 132 133 134 146 147 148 149 150 153 154 155 165 166 167 168 169 170 171 179 180 181 182 187 190 216 217 218 223 224 225 226 228 229 230 231 232 233 234 236 237 238 239 240 247 248 249 250 252 253 255 315 316 317 318 319 320 326 327 328 329 330 331 333 335 377 378 379 380 382","71:81 72:81 74:81 76:81 77:81 78:81 79:81 80:81 81:81 82:81 82:83 83:83 87:83 87:84 87:88 90:88 90:92 91:92 92:92 93:92 93:95 94:95 95:95 96:95 96:96 97:96 97:97 98:97 98:98 99:98 99:99 100:99 103:112 107:112 108:112 109:112 110:112 113:112 113:120 114:120 116:120 117:120 121:120 121:129 122:129 123:129 124:129 127:129 128:129 135:129 135:131 135:133 141:151 142:151 144:151 145:151 146:151 147:151 148:151 149:151 155:151 155:153 155:154 155:155 156:155 161:170 162:170 163:170 164:170 165:170 166:170 167:170 168:170 169:170 170:170 172:170 175:183 177:183 178:183 179:183 182:183 191:183 191:184 191:190 211:221 212:221 213:221 215:221 216:221 226:221 226:222 226:223 226:224 226:226 231:226 231:227 231:228 231:229 231:232 233:232 233:234 234:234 235:234 235:238 236:238 237:238 238:238 239:238 239:239 241:239 241:240 242:252 243:252 245:252 246:252 249:252 253:252 253:253 257:253 257:254 311:320 312:320 313:320 315:320 316:320 317:320 318:320 319:320 321:320 321:331 322:331 323:331 324:331 325:331 326:331 327:331 328:331 330:331 332:331 332:334 337:334 372:382 375:382 376:382 377:382 378:382 379:382 383:382"
"جالپا","پہرے والا",32,"137 138 139 140 213 214 215 216 221 271 272 276 278 280 281 305 306 307 308 310 313 314 315 316","135:139 137:139 138:139 139:139 141:139 211:216 212:216 213:216 215:216 216:216 226:216 269:273 272:273 280:273 280:276 280:281 281:281 282:281 300:310 301:310 302:310 303:310 304:310 305:310 306:310 311:310 311:316 312:316 313:316 315:316 316:316 317:316"
"جالپا","پیارہ",8,"120 121 123 124 126","116:125 117:125 121:125 122:125 123:125 124:125 127:125 127:126"
"جالپا","چرن داس",26,"56 57 58 60 61 62 64 65 66 67 68 69 131 132 135 136 137","52:61 53:61 54:61 55:61 56:61 60:61 61:61 62:61 62:62 63:62 63:66 65:66 66:66 67:66 67:67 68:67 68:68 69:68 69:69 70:69 127:136 128:136 135:136 137:136 137:137 138:137"
"جالپا","چوکیدار",38,"53 54 55 56 58 243 244 245 246 247 248 306 307 308 311 349 350 351 352 353 354 356 361 362 363","49:57 52:57 53:57 54:57 55:57 56:57 60:57 238:248 239:248 241:248 242:248 243:248 245:248 246:248 249:248 301:311 302:311 303:311 304:311 305:311 306:311 311:311 312:311 344:354 346:354 347:354 348:354 349:354 351:354 352:354 353:354 354:354 359:354 359:363 360:363 361:363 362:363 364:363"
"جالپا","چپڑاسی",35,"101 102 103 104 106 107 125 126 128 132 172 173 174 176 177 178 292 293 294 295 297","96:106 97:106 98:106 99:106 100:106 101:106 103:106 107:106 107:107 108:107 121:129 122:129 123:129 124:129 127:129 128:129 135:129 167:177 168:177 169:177 170:177 172:177 175:177 177:177 178:177 178:178 179:178 287:297 288:297 289:297 290:297 291:297 293:297 294:297 298:297"
"جالپا","ڈپٹی سپرنٹنڈنٹ",41,"270 271 275 279 304 305 306 307 310 311 344 346 347 348 349 350 351 352 355 358 364 365 366 367 368 370","269:271 272:271 272:279 280:279 300:309 301:309 302:309 303:309 304:309 305:309 306:309 311:309 311:310 311:311 312:311 339:349 340:349 343:349 344:349 346:349 347:349 348:349 349:349 351:349 351:352 352:352 353:352 353:357 354:357 359:357 359:369 360:369 361:369 362:369 364:369 365:369 366:369 367:369 368:369 371:369 371:370"
"جالپا","کبیراج",25,"216 217 218 223 226 228 229 235 236 237 238 239 240 246 247 248 250 252","211:221 212:221 213:221 215:221 216:221 226:221 226:226 231:226 231:228 231:240 233:240 234:240 235:240 236:240 237:240 238:240 239:240 241:240 241:251 242:251 243:251 245:251 246:251 249:251 253:251"
"جالپا","کہار",13,"118 119 120 122 123 124 125 228 231 232","113:123 114:123 116:123 117:123 121:123 122:123 123:123 124:123 124:124 127:124 226:231 231:231 233:231"
"جالپا","گنگو",53,"56 57 58 60 61 68 69 70 71 72 73 74 75 76 87 89 91 92 93 94 97 98 99 100 106 107 109 110 112 113 131 132 135 136","52:61 53:61 54:61 55:61 56:61 60:61 61:61 62:61 63:73 65:73 66:73 67:73 68:73 69:73 70:73 71:73 72:73 74:73 74:74 76:74 76:75 76:76 77:76 82:92 83:92 87:92 90:92 91:92 92:92 93:92 93:94 94:94 95:94 95:100 96:100 97:100 98:100 99:100 100:100 101:100 101:111 103:111 107:111 108:111 109:111 110:111 113:111 113:113 114:113 127:136 128:136 135:136 137:136"
"جالپا","گوپی ناتھ",75,"28 29 33 34 99 100 101 102 103 105 106 159 160 161 162 163 212 213 214 229 232 233 276 280 281 282 283 284 286 287 288 290 291 292 293 294 296 297 298 299 302 303 304 305 376 378 379 380 382","23:33 24:33 25:33 26:33 33:33 34:33 34:34 35:34 94:104 95:104 96:104 97:104 98:104 99:104 100:104 101:104 103:104 107:104 107:105 155:163 156:163 157:163 158:163 159:163 161:163 162:163 163:163 164:163 211:213 212:213 213:213 215:213 226:233 231:233 233:233 234:233 272:280 280:280 281:280 281:282 282:282 283:282 283:283 285:283 285:288 286:288 287:288 288:288 289:288 289:291 290:291 291:291 293:291 293:293 294:293 294:294 298:294 298:297 298:298 300:298 300:305 301:305 302:305 303:305 304:305 305:305 306:305 371:381 372:381 375:381 376:381 377:381 378:381 379:381 383:381"
"جالپا","ہمایوں",6,"31 34 35 36 37","26:36 33:36 34:36 35:36 36:36 38:36"
"جاگیشری","جوہری (رتن کا)",9,"41 50 97 123 144 149 187 188","41:41 54:46 92:102 121:125 148:140 148:151 191:183 191:184 191:185"
"جاگیشری","حج صاحب",1,"377","382:372"
"جاگیشری","خان صاحب",3,"56 60","54:58 62:58 62:59"
"جاگیشری","خزانچی صاحب",1,"125","121:129"
"جاگیشری","داروغہ",1,"260","257:263"
"جاگیشری","دیا ناتھ",28,"6 7 8 10 11 12 37 39 40 45 51 52 55 59 68 69 88 90 92 123 191 257 381 382 385 393","5:7 8:7 8:8 12:8 12:9 12:10 12:12 41:33 41:37 41:39 41:49 54:49 54:50 54:57 62:57 64:73 65:73 92:84 92:88 92:89 92:92 121:125 191:191 257:257 382:381 382:382 389:382 389:398"
"جاگیشری","دیتی دین",20,"186 187 188 189 190 194 245 246 252 254 258 378 381 382 385 386 389","191:181 191:183 191:185 191:186 191:188 191:189 191:190 191:198 243:247 246:247 257:247 257:248 257:252 257:260 382:374 382:381 382:382 389:382 389:383 389:389"
"جاگیشری","رادھا",5,"4 5 6 7","5:3 5:4 5:5 8:5 8:6"
"جاگیشری","رتن دیوی",44,"87 89 91 92 116 119 120 121 143 144 147 149 186 193 238 239 240 241 242 243 244 245 246 254 255 256 257 382 385 386 389","92:82 92:83 92:86 92:87 92:90 92:92 121:111 121:112 121:117 121:119 121:122 148:138 148:140 148:147 148:151 191:181 191:182 191:195 243:233 243:234 243:235 243:236 243:237 243:238 243:239 243:240 243:241 243:242 243:243 246:243 246:244 246:245 246:246 257:251 257:253 257:254 257:255 257:256 257:257 382:382 389:382 389:383 389:384 389:389"
"جاگیشری","رماناتھ",103,"7 8 10 11 12 36 37 38 39 40 41 49 50 51 52 53 54 58 59 60 61 62 63 64 65 87 88 89 90 91 92 116 117 118 119 120 121 143 144 145 146 147 148 186 187 188 189 190 191 241 245 246 252 253 254 257 377 378 379 380 381 383 386 387 388 389","5:9 8:9 12:9 12:10 12:12 41:31 41:32 41:33 41:34 41:35 41:36 41:37 41:38 41:39 41:40 41:41 54:44 54:45 54:46 54:47 54:48 54:49 54:50 54:51 54:52 54:53 54:54 62:54 62:55 62:56 62:57 62:58 62:59 62:60 62:61 62:62 64:62 64:63 64:64 65:64 65:65 92:82 92:83 92:84 92:86 92:87 92:88 92:89 92:90 92:91 92:92 121:111 121:112 121:113 121:114 121:116 121:117 121:118 121:119 121:120 121:121 148:138 148:139 148:140 148:141 148:142 148:143 148:144 148:145 148:146 148:149 191:181 191:182 191:183 191:184 191:185 191:186 191:188 191:189 191:190 191:192 243:239 243:247 246:247 257:247 257:248 257:249 257:250 257:252 257:258 382:372 382:373 382:374 382:375 382:376 382:378 382:381 382:384 389:384 389:386 389:387 389:388 389:389"
"جاگیشری","رمیش بابو",27,"36 40 43 50 51 52 53 55 59 60 87 88 89 90 91 92 119 124 144 145 146","41:32 41:40 41:46 54:46 54:47 54:48 54:49 54:51 54:53 54:57 62:57 62:58 92:83 92:84 92:85 92:86 92:88 92:89 92:90 92:92 121:117 121:118 121:128 148:141 148:142 148:143 148:144"
"جاگیشری","زہرہ",17,"16 377 378 379 380 382 385 386 387 388 389","12:20 382:372 382:373 382:374 382:375 382:376 382:378 382:379 382:382 389:382 389:383 389:384 389:385 389:386 389:387 389:388 389:389"
"جاگیشری","سرکاری وکیل",2,"386 390","382:391 389:391"
"جاگیشری","سیٹھ مہاجن",13,"6 7 8 10 41 50 117 119 122 144 187 188","5:7 8:7 8:8 12:8 41:41 54:46 121:113 121:117 121:124 148:140 191:183 191:184 191:185"
"جاگیشری","سیٹھ کروڑی مل",1,"188","191:185"
"جاگیشری","سیٹھانی جی",1,"146","148:144"
"جاگیشری","شہزادی",5,"4 5 6 7 38","5:4 5:5 8:5 8:6 41:35"
"جاگیشری","قیدی",1,"258","257:259"
"جاگیشری","مارواڑی صاحب",1,"258","257:260"
"جاگیشری","ماسی (ونیش)",1,"377","382:373"
"جاگیشری","مانگی",10,"3 5 7 9 11 12 153 386 390","5:1 5:2 5:6 8:6 8:11 12:11 12:13 148:158 382:391 389:391"
"جاگیشری","منشی دین دیال",11,"3 6 7 9 11 13 54 58 191","5:1 5:2 5:7 8:7 8:10 12:10 12:11 12:14 54:55 62:55 191:191"
"جاگیشری","منی بھوشن",6,"93 250 255 256 257","92:95 246:254 257:254 257:255 257:256 257:257"
"جاگیشری","منیم",6,"68 69 186 187 188","64:73 65:73 191:181 191:183 191:184 191:185"
"جاگیشری","موسل چند",1,"88","92:84"
"جاگیشری","مولوی صاحب",1,"258","257:260"
"جاگیشری","نوشہ",3,"3 4 15","5:1 5:4 12:19"
"جاگیشری","ونیش",3,"377 378 380","382:373 382:374 382:378"
"جاگیشری","پان والا",3,"246 247 253","243:249 246:249 257:249"
"جاگیشری","پنڈت اندر بھوشن",22,"87 88 90 92 116 120 125 149 187 190 238 240 241 247 249 254 255 382 385","92:83 92:84 92:88 92:92 121:112 121:120 121:129 148:151 191:183 191:184 191:190 243:234 243:238 243:239 243:240 243:252 246:252 257:252 257:253 257:254 382:382 389:382"
"جاگیشری","پہرے والا",1,"143","148:139"
"جاگیشری","پیارہ",1,"123","121:125"
"جاگیشری","چرن داس",6,"57 61 62 63 65","54:61 62:61 62:62 64:62 64:66 65:66"
"جاگیشری","چوکیدار",5,"55 59 245 247 252","54:57 62:57 243:248 246:248 257:248"
"جاگیشری","چپڑاسی",1,"125","121:129"
"جاگیشری","کبیراج",4,"241 247 248 254","243:240 243:251 246:251 257:251"
"جاگیشری","کہار",1,"122","121:123"
"جاگیشری","گنگو",7,"57 61 68 69 92 116 117","54:61 62:61 64:73 65:73 92:92 121:111 121:113"
"جاگیشری","گوپی ناتھ",4,"37 238 381","41:33 41:34 243:233 382:381"
"جاگیشری","ہمایوں",1,"38","41:36"
"جنگلی","دیتی دین",9,"281 284 285 286 287","286:276 286:277 286:282 286:283 286:284 286:285 286:286 287:286 287:287"
"جنگلی","رتن دیوی",3,"283 288 289","286:280 286:291 287:291"
"جنگلی","رسوئیا",2,"289","286:292 287:292"
"جنگلی","رماناتھ",8,"281 282 283 284 285 286 287","286:276 286:277 286:278 286:281 286:283 286:285 286:287 287:287"
"جنگلی","رمیش بابو",2,"288 289","286:291 287:291"
"جنگلی","سیشن جج",2,"289","286:292 287:292"
"جنگلی","منی بھوشن",3,"283 289 290","286:280 286:293 287:293"
"جنگلی","پہرے والا",2,"281 283","286:276 286:281"
"جنگلی","چپڑاسی",1,"292","287:297"
"جنگلی","ڈپٹی سپرنٹنڈنٹ",1,"282","286:279"
"جنگلی","گوپی ناتھ",5,"283 284 287","286:280 286:282 286:283 286:288 287:288"
"جوہری (رتن کا)","خزانچی صاحب",3,"104 127 132","102:106 125:129 136:129"
"جوہری (رتن کا)","دیا ناتھ",11,"37 39 40 45 47 97 125 131 187 188","41:33 41:37 41:39 41:49 46:49 102:92 125:125 136:126 183:191 184:191 185:191"
"جوہری (رتن کا)","دیتی دین",7,"178 179 182 183 184 185","183:174 183:175 183:181 183:183 184:183 184:185 185:185"
"جوہری (رتن کا)","رتن دیوی",31,"97 99 100 101 102 121 122 123 124 126 132 134 135 137 139 140 149 151 152 153 154 179 182 190","102:92 102:96 102:97 102:98 102:99 102:100 102:101 102:102 125:117 125:119 125:122 125:123 125:124 125:128 136:128 136:133 136:134 136:135 136:138 140:138 140:140 151:147 151:151 153:151 153:153 154:153 154:154 183:175 183:181 183:182 185:195"
"جوہری (رتن کا)","رماناتھ",79,"36 37 38 39 40 41 43 44 45 46 97 98 99 100 101 102 120 121 122 123 124 125 131 132 133 134 135 136 138 139 140 146 147 148 150 151 152 153 154 178 179 180 182 183 184 185","41:31 41:32 41:33 41:34 41:35 41:36 41:37 41:38 41:39 41:40 41:41 46:41 46:42 46:44 46:45 46:46 102:92 102:93 102:94 102:95 102:96 102:97 102:98 102:100 102:101 102:102 125:116 125:117 125:118 125:119 125:120 125:121 125:122 125:123 125:124 125:125 136:126 136:127 136:128 136:129 136:130 136:131 136:132 136:133 136:134 136:135 136:136 140:136 140:137 140:138 140:139 140:140 151:141 151:142 151:143 151:144 151:145 151:146 151:149 151:150 151:151 153:151 153:152 153:153 154:153 154:155 183:173 183:174 183:175 183:176 183:177 183:178 183:181 183:182 183:183 184:183 184:184 185:184 185:185"
"جوہری (رتن کا)","رمیش بابو",27,"36 40 43 46 97 98 101 103 121 126 132 133 134 138 140 146 147 156 157 180 181","41:32 41:40 41:46 46:46 102:92 102:94 102:101 102:104 125:117 125:118 125:128 136:128 136:129 136:130 136:132 136:141 140:141 151:141 151:142 151:143 151:144 151:161 153:161 154:161 183:177 183:178 183:179"
"جوہری (رتن کا)","سیٹھ مہاجن",14,"41 43 46 121 124 125 136 138 140 183 184 185","41:41 46:41 46:46 125:117 125:124 125:125 136:136 140:136 140:140 183:183 184:183 184:184 185:184 185:185"
"جوہری (رتن کا)","سیٹھ کروڑی مل",3,"184 185","183:185 184:185 185:185"
"جوہری (رتن کا)","سیٹھانی جی",3,"140 142 147","136:144 140:144 151:144"
"جوہری (رتن کا)","شہزادی",1,"38","41:35"
"جوہری (رتن کا)","قیدی",2,"128 134","125:132 136:132"
"جوہری (رتن کا)","مانک داس",1,"103","102:104"
"جوہری (رتن کا)","مانگی",3,"154 155 156","151:158 153:158 154:158"
"جوہری (رتن کا)","منشی دین دیال",4,"50 187 188","46:55 183:191 184:191 185:191"
"جوہری (رتن کا)","منی بھوشن",1,"98","102:95"
"جوہری (رتن کا)","منیم",6,"182 183 184 185","183:181 183:183 184:183 184:184 185:184 185:185"
"جوہری (رتن کا)","پنڈت اندر بھوشن",22,"97 98 99 100 107 122 127 132 133 134 151 152 153 154 183 184 187","102:92 102:95 102:96 102:97 102:98 102:99 102:112 125:120 125:129 136:129 136:131 136:133 151:151 153:151 153:153 154:153 154:154 183:183 184:183 184:184 185:184 185:190"
"جوہری (رتن کا)","پہرے والا",2,"137 139","136:139 140:139"
"جوہری (رتن کا)","پیارہ",2,"125 131","125:125 136:126"
"جوہری (رتن کا)","چرن داس",3,"136 138","136:136 140:136 140:137"
"جوہری (رتن کا)","چپڑاسی",5,"104 127 132 180","102:106 125:129 136:129 183:177 183:178"
"جوہری (رتن کا)","کہار",2,"124","125:123 125:124"
"جوہری (رتن کا)","گنگو",6,"97 98 101 106 136 138","102:92 102:94 102:100 102:111 136:136 140:136"
"جوہری (رتن کا)","گوپی ناتھ",5,"37 103 158","41:33 41:34 102:104 153:163 154:163"
"جوہری (رتن کا)","ہمایوں",1,"38","41:36"
"حج صاحب","دیا ناتھ",1,"376","372:381"
"حج صاحب","دیتی دین",20,"302 303 309 317 319 320 322 323 364 365 367 368 372 373","307:297 307:298 307:299 307:300 307:311 322:313 322:316 322:317 322:318 322:319 322:322 323:322 323:323 365:364 365:365 370:365 370:366 370:367 370:374 372:374"
"حج صاحب","رتن دیوی",8,"306 309 317 321 326 327 377","307:305 307:306 307:312 322:312 322:320 322:331 323:331 372:382"
"حج صاحب","رماناتھ",37,"302 303 304 305 306 307 318 319 320 323 360 361 362 363 364 365 367 368 369 370 371 372","307:297 307:299 307:300 307:301 307:302 307:303 307:304 307:305 307:306 307:307 322:314 322:315 322:316 322:317 322:318 322:319 322:324 323:324 365:355 365:356 365:357 365:358 365:359 365:360 365:361 365:362 365:363 365:364 365:365 370:365 370:366 370:367 370:369 370:370 372:370 372:371 372:372"
"حج صاحب","زہرہ",12,"362 363 364 366 368 369 370 371 372","365:360 365:362 365:363 365:364 365:367 370:367 370:368 370:369 370:370 372:370 372:371 372:372"
"حج صاحب","قیدی",2,"309 319","307:311 322:317"
"حج صاحب","ماسی (ونیش)",3,"369 371 372","365:373 370:373 372:373"
"حج صاحب","منی بھوشن",2,"326 327","322:331 323:331"
"حج صاحب","ونیش",7,"324 325 361 364 369 371 372","322:327 323:327 365:357 365:364 365:373 370:373 372:373"
"حج صاحب","پنڈت اندر بھوشن",4,"321 326 327 377","322:320 322:331 323:331 372:382"
"حج صاحب","پہرے والا",2,"308 319","307:310 322:316"
"حج صاحب","چوکیدار",2,"309 364","307:311 365:363"
"حج صاحب","چپڑاسی",1,"302","307:297"
"حج صاحب","ڈپٹی سپرنٹنڈنٹ",6,"308 361 367 369 370 371","307:309 365:357 365:369 370:369 370:370 372:370"
"حج صاحب","گوپی ناتھ",4,"302 306 376","307:297 307:298 307:305 372:381"
"خان صاحب","دیا ناتھ",5,"31 53 54 57","29:33 30:33 58:49 58:50 58:57"
"خان صاحب","رماناتھ",24,"24 25 26 27 28 29 30 53 54 55 56 57 58 59","29:19 29:20 29:22 29:24 29:25 29:26 29:27 29:28 29:29 30:29 30:30 58:48 58:49 58:50 58:51 58:52 58:53 58:54 58:55 58:56 58:57 58:58 59:58 59:59"
"خان صاحب","رمیش بابو",12,"28 29 30 53 54 55 57 58","29:27 29:28 29:29 30:29 30:30 58:48 58:49 58:51 58:53 58:57 58:58 59:58"
"خان صاحب","زہرہ",1,"24","29:20"
"خان صاحب","شہزادی",2,"32","29:35 30:35"
"خان صاحب","مانگی",1,"25","29:21"
"خان صاحب","منشی دین دیال",3,"25 56","29:21 29:22 58:55"
"خان صاحب","نوشہ",1,"24","29:19"
"خان صاحب","چرن داس",2,"59 60","58:61 59:61"
"خان صاحب","چوکیدار",1,"57","58:57"
"خان صاحب","گنگو",2,"59 60","58:61 59:61"
"خان صاحب","گوپی ناتھ",2,"31","29:33 30:33"
"خان صاحب","ہمایوں",2,"32 33","29:36 30:36"
"خزانچی صاحب","دیا ناتھ",2,"127","129:125 129:126"
"خزانچی صاحب","رتن دیوی",19,"101 102 103 104 105 106 107 124 125 126 128 131","106:96 106:97 106:98 106:99 106:100 106:101 106:102 106:103 106:104 106:105 106:106 107:106 107:107 129:119 129:122 129:123 129:124 129:128 129:133"
"خزانچی صاحب","رماناتھ",23,"101 102 103 104 105 106 107 124 125 126 127 128 129","106:96 106:97 106:98 106:100 106:101 106:102 106:103 106:104 106:105 106:106 107:106 107:107 129:119 129:120 129:121 129:122 129:123 129:124 129:125 129:126 129:127 129:128 129:129"
"خزانچی صاحب","رمیش بابو",6,"103 105 112 128 129","106:101 106:104 106:105 107:117 129:128 129:129"
"خزانچی صاحب","سیٹھ مہاجن",5,"109 110 126 127 132","106:113 107:113 129:124 129:125 129:136"
"خزانچی صاحب","قیدی",1,"130","129:132"
"خزانچی صاحب","مانک داس",2,"105","106:104 106:105"
"خزانچی صاحب","پنڈت اندر بھوشن",8,"101 102 109 124 129","106:96 106:97 106:98 106:99 106:112 107:112 129:120 129:129"
"خزانچی صاحب","پہرے والا",1,"134","129:139"
"خزانچی صاحب","پیارہ",2,"127","129:125 129:126"
"خزانچی صاحب","چرن داس",1,"132","129:136"
"خزانچی صاحب","چپڑاسی",4,"106 107 129","106:106 107:106 107:107 129:129"
"خزانچی صاحب","کہار",2,"126","129:123 129:124"
"خزانچی صاحب","گنگو",4,"103 108 109 132","106:100 106:111 107:111 129:136"
"خزانچی صاحب","گوپی ناتھ",2,"105","106:104 106:105"
"داروغہ","دیا ناتھ",1,"260","263:257"
"داروغہ","دیتی دین",5,"261 262 263 264 266","263:260 263:262 263:263 266:263 266:266"
"داروغہ","رتن دیوی",7,"258 259 260 261","263:253 263:254 263:255 263:256 263:257 263:258 263:259"
"داروغہ","رماناتھ",7,"260 261 262 263 265 266","263:258 263:260 263:261 263:262 263:264 266:264 266:266"
"داروغہ","رمیش بابو",2,"266 268","263:270 266:270"
"داروغہ","قیدی",1,"261","263:259"
"داروغہ","مارواڑی صاحب",1,"261","263:260"
"داروغہ","مسلمان سپاہی",2,"268 269","263:273 266:273"
"داروغہ","منی بھوشن",4,"258 259 260","263:254 263:255 263:256 263:257"
"داروغہ","مولوی صاحب",1,"261","263:260"
"داروغہ","پنڈت اندر بھوشن",2,"258","263:253 263:254"
"داروغہ","پہرے والا",2,"268 269","263:273 266:273"
"داروغہ","ڈپٹی سپرنٹنڈنٹ",2,"267 268","263:271 266:271"
"دیا ناتھ","دیتی دین",21,"168 186 187 188 189 190 194 198 252 254 258 377 381 382 393 396 397","166:171 191:181 191:183 191:185 191:186 191:188 191:189 191:190 191:198 198:198 257:247 257:248 257:252 257:260 381:374 381:381 382:381 382:382 398:389 398:394 398:397"
"دیا ناتھ","رادھا",4,"5 6","7:3 7:4 7:5 7:6"
"دیا ناتھ","رتن دیوی",36,"77 82 83 85 87 89 91 92 121 122 123 124 126 127 164 166 186 193 196 197 198 254 255 256 257 381 382 393","73:81 84:81 84:82 84:83 84:86 88:86 88:87 88:90 89:90 92:90 92:92 125:117 125:119 125:122 125:123 125:124 125:128 126:128 166:163 166:167 191:181 191:182 191:195 198:195 198:196 198:197 198:198 257:251 257:253 257:254 257:255 257:256 257:257 381:382 382:382 398:389"
"دیا ناتھ","رماناتھ",137,"8 9 10 11 12 14 16 18 28 29 30 31 32 33 35 36 37 38 39 44 45 46 47 48 49 50 53 54 55 56 57 68 69 70 71 72 73 79 80 81 82 83 84 86 87 88 89 90 91 92 120 121 122 123 124 125 126 161 162 163 164 165 166 186 187 188 189 190 191 195 196 198 252 253 254 257 376 377 378 379 381 383 393 396 397","7:9 8:9 9:9 10:9 10:10 12:10 12:12 17:12 17:15 17:19 18:19 33:24 33:25 33:26 33:27 33:28 33:29 33:30 33:31 33:32 33:33 37:33 37:34 37:35 37:36 37:37 39:37 39:38 39:39 49:39 49:40 49:41 49:42 49:44 49:45 49:46 49:47 49:48 49:49 50:49 50:50 57:50 57:51 57:52 57:53 57:54 57:55 57:56 57:57 73:63 73:64 73:65 73:66 73:67 73:68 73:69 73:70 73:71 73:72 73:73 84:74 84:75 84:76 84:77 84:78 84:79 84:80 84:82 84:83 84:84 88:84 88:86 88:87 88:88 89:88 89:89 92:89 92:90 92:91 92:92 125:116 125:117 125:118 125:119 125:120 125:121 125:122 125:123 125:124 125:125 126:125 126:126 166:156 166:157 166:158 166:159 166:160 166:161 166:162 166:163 166:164 166:166 191:181 191:182 191:183 191:184 191:185 191:186 191:188 191:189 191:190 191:192 198:192 198:193 198:194 198:198 257:247 257:248 257:249 257:250 257:252 257:258 381:371 381:372 381:373 381:374 381:375 381:376 381:378 381:381 382:381 382:384 398:388 398:389 398:394 398:396 398:397"
"دیا ناتھ","رمیش بابو",38,"22 30 31 32 36 38 39 44 47 48 49 50 54 55 57 78 83 84 86 87 88 89 90 91 92 121 126 127 163 166","17:27 18:27 33:27 33:28 33:29 33:30 33:32 33:40 37:40 39:40 49:40 49:46 49:47 49:48 49:49 50:49 50:51 57:51 57:53 57:57 73:83 84:83 84:84 88:84 88:85 88:86 88:88 89:88 89:89 92:89 92:90 92:92 125:117 125:118 125:128 126:128 166:161 166:166"
"دیا ناتھ","زہرہ",17,"15 16 18 19 376 377 378 379 380 381 382 393 394","10:20 12:20 17:20 18:20 381:371 381:372 381:373 381:374 381:375 381:376 381:378 381:379 381:382 382:382 398:388 398:389 398:390"
"دیا ناتھ","سرکاری وکیل",4,"386 394 397","381:391 382:391 398:391 398:396"
"دیا ناتھ","سیٹھ مہاجن",17,"7 8 37 39 40 45 47 121 124 125 131 187 188","7:7 8:7 8:8 9:8 33:41 37:41 39:41 49:41 49:46 125:117 125:124 125:125 126:125 126:136 191:183 191:184 191:185"
"دیا ناتھ","سیٹھ کروڑی مل",1,"188","191:185"
"دیا ناتھ","شہزادی",5,"5 6 34 36","7:4 7:5 7:6 33:35 37:35"
"دیا ناتھ","قیدی",3,"128 129 258","125:132 126:132 257:259"
"دیا ناتھ","مارواڑی صاحب",1,"258","257:260"
"دیا ناتھ","ماسی (ونیش)",1,"377","381:373"
"دیا ناتھ","مانگی",16,"4 6 9 10 11 12 15 19 162 386 394","7:1 7:2 7:6 7:11 8:11 9:11 10:11 12:11 12:13 17:13 17:21 18:21 166:158 381:391 382:391 398:391"
"دیا ناتھ","منشی دین دیال",22,"4 7 9 10 11 13 15 16 17 18 52 56 191 194 195","7:1 7:2 7:7 8:7 8:10 9:10 10:10 12:10 12:11 12:14 17:14 17:15 17:16 17:17 18:17 18:18 49:55 50:55 57:55 191:191 198:191 198:193"
"دیا ناتھ","منی بھوشن",7,"91 92 93 255 256 257","88:95 89:95 92:95 257:254 257:255 257:256 257:257"
"دیا ناتھ","منیم",5,"73 186 187 188","73:73 191:181 191:183 191:184 191:185"
"دیا ناتھ","موسل چند",2,"84 86","84:84 88:84"
"دیا ناتھ","مولوی صاحب",1,"258","257:260"
"دیا ناتھ","نوشہ",7,"4 5 14 15 18","7:1 7:4 9:19 10:19 12:19 17:19 18:19"
"دیا ناتھ","ونیش",3,"377 379","381:373 381:374 381:378"
"دیا ناتھ","پان والا",1,"253","257:249"
"دیا ناتھ","پنڈت اندر بھوشن",21,"77 82 83 84 86 88 90 92 122 127 168 187 190 254 255 381 382","73:81 84:81 84:83 84:84 88:84 88:88 89:88 89:92 92:92 125:120 125:129 126:129 166:170 191:183 191:184 191:190 257:252 257:253 257:254 381:382 382:382"
"دیا ناتھ","پیارہ",3,"125 126","125:125 126:125 126:126"
"دیا ناتھ","چرن داس",6,"59 69 70 71 131","57:61 73:66 73:67 73:68 73:69 126:136"
"دیا ناتھ","چوکیدار",4,"53 57 252","49:57 50:57 57:57 257:248"
"دیا ناتھ","چپڑاسی",2,"127","125:129 126:129"
"دیا ناتھ","کبیراج",1,"254","257:251"
"دیا ناتھ","کہار",2,"124","125:123 125:124"
"دیا ناتھ","گنگو",10,"59 73 79 80 88 90 92 131","57:61 73:73 84:74 84:75 84:76 84:92 88:92 89:92 92:92 126:136"
"دیا ناتھ","گوپی ناتھ",6,"33 35 164 381","33:33 37:33 37:34 166:163 381:381 382:381"
"دیا ناتھ","ہمایوں",2,"34 36","33:36 37:36"
"دیتی دین","رتن دیوی",114,"167 169 170 171 173 174 175 178 181 182 190 191 192 196 197 198 206 208 210 211 214 215 216 219 220 242 243 244 245 246 249 251 252 256 257 258 259 276 277 278 281 286 287 288 289 290 291 292 294 300 301 302 308 311 312 316 318 319 321 326 327 329 330 334 335 336 337 378 381 382 383 386 389 391","171:163 171:167 171:168 171:169 171:170 171:172 174:172 174:175 175:175 181:175 181:181 183:181 183:182 185:195 186:195 188:195 189:195 190:195 198:195 198:196 198:197 198:198 199:198 201:211 202:211 205:211 206:211 209:211 210:211 211:211 212:211 212:216 213:216 214:216 216:216 217:216 217:221 219:221 247:237 247:238 247:239 247:240 247:241 247:242 247:243 247:244 247:245 247:246 247:251 248:251 252:251 252:253 260:253 260:254 260:255 260:256 260:257 260:258 260:259 273:280 274:280 276:280 277:280 282:280 282:291 283:291 284:291 285:291 286:291 287:291 288:291 289:291 290:291 292:291 292:293 295:293 295:294 295:305 296:305 297:305 298:305 299:305 300:305 311:305 311:306 311:312 313:312 313:320 316:320 317:320 318:320 319:320 322:320 322:331 323:331 324:331 327:331 328:331 329:331 338:331 338:333 338:334 338:335 338:336 338:337 374:382 381:382 382:382 383:382 383:383 389:383 389:384 389:389 394:389"
"دیتی دین","رسوئیا",11,"287 288 289 290 291 292 293","282:292 283:292 284:292 285:292 286:292 287:292 288:292 289:292 290:292 292:292 295:292"
"دیتی دین","رماناتھ",223,"166 167 168 171 172 173 174 175 178 179 181 182 183 184 185 186 187 188 189 190 194 195 196 198 199 200 201 202 203 204 205 206 207 208 210 211 212 213 214 215 216 217 218 219 243 247 248 250 251 252 256 259 260 261 262 263 265 266 267 268 270 271 272 273 274 275 276 277 279 280 281 282 283 284 285 286 287 288 290 291 292 293 296 297 298 299 300 306 307 308 309 310 311 312 313 315 316 317 318 319 320 323 324 325 326 327 328 329 333 334 335 338 339 340 343 344 345 346 348 349 350 351 359 360 361 362 363 364 365 366 367 370 371 372 373 374 377 378 379 381 383 386 387 388 389 391 394 395 396 397","171:161 171:162 171:163 171:164 171:166 171:171 174:171 174:173 174:174 175:174 175:175 181:175 181:176 181:177 181:178 181:181 183:181 183:182 183:183 185:183 185:184 185:185 186:185 186:186 188:186 188:188 189:188 189:189 190:189 190:190 198:190 198:192 198:193 198:194 198:198 199:198 199:199 200:199 200:200 201:200 201:201 202:201 202:202 205:202 205:203 205:204 205:205 206:205 206:206 209:206 209:207 209:208 209:211 210:211 211:211 212:211 212:212 213:212 213:213 214:213 214:214 216:214 216:215 216:216 217:216 217:217 219:217 219:218 219:220 247:239 247:247 248:247 248:248 252:248 252:249 252:250 252:252 260:252 260:258 260:260 262:260 262:261 262:262 263:262 263:264 266:264 266:266 267:266 267:267 268:267 268:268 273:268 273:269 273:271 273:272 273:273 274:273 274:274 276:274 276:276 277:276 277:277 282:277 282:278 282:281 282:283 283:283 284:283 284:285 285:285 286:285 286:287 287:287 288:287 288:288 289:288 289:292 290:292 292:292 295:292 295:297 296:297 297:297 298:297 298:299 299:299 300:299 300:300 311:301 311:302 311:303 311:304 311:305 311:306 311:307 311:308 311:309 311:310 311:311 313:311 313:314 316:314 316:315 316:316 317:316 317:317 318:317 318:318 319:318 319:319 322:319 322:324 323:324 324:324 327:324 327:325 327:326 327:327 328:327 328:329 329:329 338:329 338:330 338:332 338:338 339:338 339:339 340:339 340:341 345:341 345:342 345:343 345:344 345:345 346:345 346:346 351:346 351:347 351:349 351:350 351:352 364:354 364:355 364:356 364:357 364:358 364:359 364:360 364:361 364:362 364:363 364:364 365:364 365:365 366:365 366:366 367:366 367:367 374:367 374:369 374:370 374:371 374:372 374:373 374:374 381:374 381:375 381:376 381:378 381:381 382:381 382:384 383:384 389:384 389:386 389:387 389:388 389:389 394:389 394:394 397:394 397:396 397:397"
"دیتی دین","رمیش بابو",35,"166 168 174 175 176 179 180 210 212 213 214 215 265 266 268 269 271 272 286 287 288 289 290 291","171:161 171:166 171:177 174:177 175:177 181:177 181:178 181:179 205:215 206:215 209:215 210:215 211:215 212:215 213:215 214:215 216:215 260:270 262:270 263:270 266:270 267:270 268:270 273:270 273:272 282:291 283:291 284:291 285:291 286:291 287:291 288:291 289:291 290:291 292:291"
"دیتی دین","زہرہ",49,"339 340 343 344 345 346 349 350 351 362 363 364 366 367 370 371 372 373 374 377 378 379 380 381 382 383 386 387 388 389 391 392","338:341 339:341 340:341 345:341 345:342 345:343 345:344 345:345 346:345 346:347 351:347 351:348 351:349 351:350 351:352 364:360 364:362 364:363 364:364 365:364 365:367 366:367 367:367 374:367 374:368 374:369 374:370 374:371 374:372 374:373 374:374 381:374 381:375 381:376 381:378 381:379 381:382 382:382 383:382 383:383 389:383 389:384 389:385 389:386 389:387 389:388 389:389 394:389 394:390"
"دیتی دین","سرکاری وکیل",7,"386 387 390 392 395 396","381:391 382:391 383:391 389:391 394:391 394:396 397:396"
"دیتی دین","سیشن جج",11,"287 288 289 290 291 292 293","282:292 283:292 284:292 285:292 286:292 287:292 288:292 289:292 290:292 292:292 295:292"
"دیتی دین","سیٹھ مہاجن",8,"178 179 182 183 184 185","174:183 175:183 181:183 183:183 185:183 185:184 185:185 186:185"
"دیتی دین","سیٹھ کروڑی مل",5,"180 183 184 185","175:185 181:185 183:185 185:185 186:185"
"دیتی دین","قیدی",8,"255 259 311 312 315 316 317","252:259 260:259 311:311 313:311 313:317 316:317 317:317 318:317"
"دیتی دین","مارواڑی صاحب",3,"256 260 261","252:260 260:260 262:260"
"دیتی دین","ماسی (ونیش)",5,"368 369 370 373","364:373 365:373 366:373 367:373 374:373"
"دیتی دین","مانگی",5,"386 387 390 392","381:391 382:391 383:391 389:391 394:391"
"دیتی دین","مسلمان سپاہی",6,"268 269 270 273","263:273 266:273 267:273 268:273 273:273 274:273"
"دیتی دین","منشی دین دیال",9,"186 187 188 189 190 194 195","181:191 183:191 185:191 186:191 188:191 189:191 190:191 198:191 198:193"
"دیتی دین","منی بھوشن",32,"250 251 253 257 258 276 277 278 281 288 289 290 291 292 294 326 327 329 330 334 335 336 337","247:254 248:254 252:254 260:254 260:255 260:256 260:257 273:280 274:280 276:280 277:280 282:280 283:293 284:293 285:293 286:293 287:293 288:293 289:293 290:293 292:293 295:293 322:331 323:331 324:331 327:331 328:331 329:331 338:331 338:333 338:335 338:336"
"دیتی دین","منیم",10,"176 177 178 181 182 183 184 185","171:181 174:181 175:181 181:181 183:181 183:183 185:183 185:184 185:185 186:185"
"دیتی دین","مولوی صاحب",3,"256 260 261","252:260 260:260 262:260"
"دیتی دین","ونیش",21,"322 323 324 325 327 328 354 360 364 369 370 373 374 377 379","317:327 318:327 319:327 322:327 323:327 324:327 327:327 328:327 328:328 329:328 351:357 364:357 364:364 365:364 365:373 366:373 367:373 374:373 374:374 381:374 381:378"
"دیتی دین","پان والا",3,"248 250","247:249 248:249 252:249"
"دیتی دین","پنڈت اندر بھوشن",48,"170 178 179 182 183 184 187 188 189 190 194 216 217 218 219 220 242 243 249 250 252 256 257 315 316 318 319 321 326 327 329 330 334 336 378 381 382","171:170 174:183 175:183 181:183 183:183 185:183 185:184 185:190 186:190 188:190 189:190 190:190 198:190 211:221 212:221 213:221 214:221 216:221 217:221 219:221 247:238 247:239 247:240 247:252 248:252 252:252 260:252 260:253 260:254 311:320 313:320 316:320 317:320 318:320 319:320 322:320 322:331 323:331 324:331 327:331 328:331 329:331 338:331 338:334 374:382 381:382 382:382 383:382"
"دیتی دین","پہرے والا",26,"211 212 213 214 215 216 268 269 270 273 275 276 279 281 305 310 313 314 316","206:216 209:216 210:216 211:216 212:216 213:216 214:216 216:216 217:216 263:273 266:273 267:273 268:273 273:273 274:273 274:276 276:276 277:276 277:281 282:281 300:310 311:310 311:316 313:316 316:316 317:316"
"دیتی دین","چوکیدار",10,"247 248 250 311 312 349 350 352 359 363","247:248 248:248 252:248 311:311 313:311 345:354 346:354 351:354 364:354 364:363"
"دیتی دین","چپڑاسی",14,"174 175 176 179 292 293 294 296 297","171:177 174:177 175:177 181:177 181:178 287:297 288:297 289:297 290:297 292:297 295:297 296:297 297:297 298:297"
"دیتی دین","ڈپٹی سپرنٹنڈنٹ",30,"266 267 268 269 272 276 277 278 280 304 310 311 312 344 347 350 351 360 366 367 368 371 372","262:271 263:271 266:271 267:271 268:271 273:271 273:279 274:279 276:279 277:279 282:279 299:309 300:309 311:309 311:310 311:311 313:311 339:349 340:349 345:349 346:349 351:349 351:352 364:357 364:369 365:369 366:369 367:369 374:369 374:370"
"دیتی دین","کبیراج",11,"216 217 218 219 220 243 249 251","211:221 212:221 213:221 214:221 216:221 217:221 219:221 247:240 247:251 248:251 252:251"
"دیتی دین","گوپی ناتھ",42,"167 209 211 212 213 276 277 278 281 282 283 286 287 288 290 291 292 294 296 297 298 302 308 377 381","171:163 205:213 206:213 209:213 210:213 211:213 212:213 213:213 214:213 273:280 274:280 276:280 277:280 282:280 282:282 283:282 283:283 284:283 284:288 285:288 286:288 287:288 288:288 289:288 289:291 290:291 292:291 292:293 295:293 295:294 295:297 296:297 297:297 298:297 298:298 299:298 299:305 300:305 311:305 374:381 381:381 382:381"
"رادھا","رماناتھ",4,"6 7","3:9 4:9 5:9 6:9"
"رادھا","سیٹھ مہاجن",4,"5 6","3:7 4:7 5:7 6:7"
"رادھا","شہزادی",6,"3 4 5 6","3:4 4:4 5:4 5:5 6:5 6:6"
"رادھا","مانگی",6,"2 4 5 6","3:1 3:2 3:6 4:6 5:6 6:6"
"رادھا","منشی دین دیال",6,"2 5 6","3:1 3:2 3:7 4:7 5:7 6:7"
"رادھا","نوشہ",4,"2 3 4","3:1 3:4 4:4 5:4"
"رتن دیوی","رسوئیا",2,"291 292","291:292 293:292"
"رتن دیوی","رماناتھ",285,"76 77 78 79 80 81 82 83 84 85 86 87 88 89 90 91 92 94 95 96 97 98 99 100 101 102 103 104 105 106 107 108 109 110 111 112 114 115 116 117 118 119 120 121 122 123 124 126 127 128 130 131 132 133 134 135 136 137 138 139 140 143 144 145 146 148 150 151 152 153 154 159 160 161 162 163 165 166 169 170 171 172 174 175 178 179 181 182 190 191 192 193 194 196 197 198 206 207 208 209 211 213 214 215 216 218 219 220 221 222 227 228 229 230 231 235 236 237 238 239 243 244 245 246 249 250 251 252 255 256 257 258 259 275 276 277 278 279 280 286 287 288 289 291 292 295 301 302 303 304 305 306 309 310 311 313 317 318 319 322 327 328 329 330 331 332 335 336 337 377 378 379 380 381 383 384 386 387 388 389","81:71 81:72 81:73 81:74 81:75 81:76 81:77 81:78 81:79 81:80 81:82 82:82 83:82 83:83 86:83 86:84 86:86 87:86 87:87 90:87 90:88 90:89 90:90 92:90 92:91 92:92 96:92 96:93 96:94 96:95 96:96 97:96 97:97 98:97 98:98 99:98 99:100 100:100 101:100 101:101 102:101 102:102 103:102 103:103 104:103 104:104 105:104 105:105 106:105 106:106 107:106 107:107 108:107 108:108 109:108 109:109 110:109 110:110 111:110 111:111 112:111 112:112 117:112 117:113 117:114 117:116 117:117 119:117 119:118 119:119 122:119 122:120 122:121 122:122 123:122 123:123 124:123 124:124 128:124 128:125 128:126 128:127 128:128 133:128 133:129 133:130 133:131 133:132 133:133 134:133 134:134 135:134 135:135 138:135 138:136 138:137 138:138 140:138 140:139 140:140 147:140 147:141 147:142 147:143 147:144 147:145 147:146 147:149 151:149 151:150 151:151 153:151 153:152 153:153 154:153 154:155 163:155 163:156 163:157 163:158 163:159 163:160 163:161 163:162 163:163 167:163 167:164 167:166 167:171 168:171 169:171 170:171 172:171 172:173 175:173 175:174 175:175 181:175 181:176 181:177 181:178 181:181 182:181 182:182 195:185 195:186 195:188 195:189 195:190 195:192 195:193 195:194 195:198 196:198 197:198 198:198 211:201 211:202 211:203 211:204 211:205 211:206 211:207 211:208 211:211 216:211 216:212 216:213 216:214 216:215 216:216 221:216 221:217 221:218 221:220 221:221 224:221 224:231 225:231 226:231 227:231 228:231 229:231 230:231 231:231 232:231 232:239 233:239 234:239 235:239 236:239 237:239 238:239 239:239 240:239 240:247 241:247 242:247 243:247 244:247 245:247 246:247 251:247 251:248 251:249 251:250 251:252 253:252 253:258 254:258 255:258 256:258 257:258 258:258 259:258 259:260 280:271 280:272 280:273 280:274 280:276 280:277 280:278 280:281 291:281 291:283 291:285 291:287 291:288 291:292 293:292 293:297 294:297 305:297 305:299 305:300 305:301 305:302 305:303 305:304 305:305 306:305 306:306 312:306 312:307 312:308 312:309 312:310 312:311 312:314 320:314 320:315 320:316 320:317 320:318 320:319 320:324 331:324 331:325 331:326 331:327 331:329 331:330 331:332 333:332 333:338 334:338 335:338 336:338 337:338 382:372 382:373 382:374 382:375 382:376 382:378 382:381 382:384 383:384 384:384 389:384 389:386 389:387 389:388 389:389"
"رتن دیوی","رمیش بابو",77,"82 83 84 85 86 87 89 90 91 92 94 95 98 99 100 101 103 104 105 112 113 114 117 118 123 125 126 128 130 131 132 137 138 139 140 144 145 156 157 162 164 166 172 173 174 176 179 180 213 215 275 276 291 292","81:83 82:83 83:83 86:83 86:84 86:85 86:86 87:86 87:88 90:88 90:89 90:90 92:90 92:92 96:92 96:94 96:101 97:101 98:101 99:101 100:101 101:101 102:101 102:104 103:104 104:104 105:104 105:105 106:105 107:117 108:117 109:117 110:117 111:117 112:117 117:117 119:117 119:118 119:128 122:128 123:128 124:128 128:128 133:128 133:129 133:130 133:132 133:141 134:141 135:141 138:141 140:141 147:141 147:142 147:143 147:144 151:161 153:161 154:161 163:161 163:166 167:166 167:177 168:177 169:177 170:177 172:177 175:177 181:177 181:178 181:179 211:215 216:215 280:270 280:272 291:291 293:291"
"رتن دیوی","زہرہ",24,"336 337 338 339 377 378 379 380 382 383 384 386 387 388 389","331:341 333:341 334:341 335:341 336:341 337:341 382:372 382:373 382:374 382:375 382:376 382:378 382:379 382:382 383:382 383:383 384:383 384:384 389:384 389:385 389:386 389:387 389:388 389:389"
"رتن دیوی","سرکاری وکیل",4,"386 387 390","382:391 383:391 384:391 389:391"
"رتن دیوی","سیشن جج",2,"291 292","291:292 293:292"
"رتن دیوی","سیٹھ مہاجن",31,"108 109 110 111 112 115 117 118 121 123 124 126 132 134 135 137 139 140 143 179 182 190","103:113 104:113 105:113 106:113 107:113 108:113 109:113 110:113 111:113 112:113 117:113 117:117 119:117 119:124 122:124 123:124 124:124 128:124 128:125 128:136 133:136 134:136 135:136 138:136 138:140 140:140 147:140 175:183 181:183 182:183 195:185"
"رتن دیوی","سیٹھ کروڑی مل",4,"180 183 190","175:185 181:185 182:185 195:185"
"رتن دیوی","سیٹھانی جی",5,"139 141 142 145","134:144 135:144 138:144 140:144 147:144"
"رتن دیوی","قیدی",18,"127 128 130 132 255 256 257 258 259 308 311 314 318","122:132 123:132 124:132 128:132 133:132 251:259 253:259 254:259 255:259 256:259 257:259 258:259 259:259 305:311 306:311 312:311 312:317 320:317"
"رتن دیوی","مارواڑی صاحب",8,"255 256 257 258 259","251:260 253:260 254:260 255:260 256:260 257:260 258:260 259:260"
"رتن دیوی","ماسی (ونیش)",1,"377","382:373"
"رتن دیوی","مانک داس",12,"100 101 102 103 104 105","96:104 97:104 98:104 99:104 100:104 101:104 102:104 103:104 104:104 105:104 105:105 106:105"
"رتن دیوی","مانگی",8,"154 155 156 160 386 387 390","151:158 153:158 154:158 163:158 382:391 383:391 384:391 389:391"
"رتن دیوی","مسلمان سپاہی",1,"276","280:273"
"رتن دیوی","منشی دین دیال",4,"186 193 194","181:191 182:191 195:191 195:193"
"رتن دیوی","منی بھوشن",31,"90 91 92 93 95 249 250 252 253 254 255 256 257 280 292 293 331 332 333 334 335 336","86:95 87:95 90:95 92:95 96:95 244:254 245:254 246:254 251:254 253:254 254:254 255:254 255:255 256:255 256:256 257:256 257:257 258:257 280:280 291:293 293:293 294:293 331:331 333:331 333:333 334:333 334:335 335:335 336:335 336:336 337:336"
"رتن دیوی","منیم",7,"77 176 178 181 182 190","81:73 172:181 175:181 181:181 182:181 182:183 195:185"
"رتن دیوی","موسل چند",4,"82 83 85","81:84 82:84 83:84 86:84"
"رتن دیوی","مولوی صاحب",8,"255 256 257 258 259","251:260 253:260 254:260 255:260 256:260 257:260 258:260 259:260"
"رتن دیوی","ونیش",6,"323 329 377 378 380","320:327 331:327 331:328 382:373 382:374 382:378"
"رتن دیوی","پان والا",9,"244 245 246 247 250","239:249 240:249 241:249 242:249 243:249 244:249 245:249 246:249 251:249"
"رتن دیوی","پنڈت اندر بھوشن",115,"81 82 83 84 85 87 89 91 92 94 95 96 97 98 99 107 108 109 110 111 112 114 118 119 121 125 126 128 131 132 133 149 151 152 153 154 158 159 166 168 169 170 171 179 182 192 216 218 221 222 223 224 225 226 227 228 229 231 232 233 234 236 237 238 239 240 247 248 249 251 252 253 254 316 320 331 332 333 334 382","81:81 82:81 82:83 83:83 86:83 86:84 86:88 87:88 90:88 90:92 92:92 96:92 96:95 96:96 97:96 97:97 98:97 98:98 99:98 99:99 100:99 102:112 103:112 104:112 105:112 106:112 107:112 108:112 109:112 110:112 111:112 112:112 117:112 117:120 119:120 122:120 122:129 123:129 124:129 128:129 133:129 133:131 133:133 134:133 147:151 151:151 153:151 153:153 154:153 154:154 163:154 163:155 163:170 167:170 168:170 169:170 170:170 172:170 175:183 181:183 182:183 195:190 211:221 216:221 221:221 224:221 224:222 224:223 224:224 225:224 225:226 226:226 227:226 227:227 228:227 228:228 229:228 229:229 230:229 230:232 231:232 232:232 233:232 233:234 234:234 235:234 235:238 236:238 237:238 238:238 239:238 239:239 240:239 240:240 241:240 242:252 243:252 244:252 245:252 246:252 251:252 253:252 253:253 254:253 254:254 255:254 312:320 320:320 331:331 333:331 333:334 334:334 335:334 382:382 383:382"
"رتن دیوی","پہرے والا",17,"136 137 138 139 213 216 218 276 278 280 286 307 308 311 314 318","133:139 134:139 135:139 138:139 140:139 211:216 216:216 221:216 280:273 280:276 280:281 291:281 305:310 306:310 312:310 312:316 320:316"
"رتن دیوی","پیارہ",7,"121 122 123 124 126 127","117:125 119:125 122:125 123:125 124:125 128:125 128:126"
"رتن دیوی","چرن داس",6,"132 134 135 137","128:136 133:136 134:136 135:136 138:136 138:137"
"رتن دیوی","چوکیدار",13,"243 244 245 246 247 249 308 311","238:248 239:248 240:248 241:248 242:248 243:248 244:248 245:248 246:248 251:248 305:311 306:311 312:311"
"رتن دیوی","چپڑاسی",32,"101 102 103 104 105 106 107 124 125 126 128 131 172 173 174 176 179 294 295 301","96:106 97:106 98:106 99:106 100:106 101:106 102:106 103:106 104:106 105:106 106:106 107:106 107:107 108:107 119:129 122:129 123:129 124:129 128:129 133:129 167:177 168:177 169:177 170:177 172:177 175:177 181:177 181:178 291:297 293:297 294:297 305:297"
"رتن دیوی","ڈپٹی سپرنٹنڈنٹ",7,"275 279 307 310 311","280:271 280:279 305:309 306:309 312:309 312:310 312:311"
"رتن دیوی","کبیراج",31,"216 218 221 222 225 226 227 228 235 236 237 238 239 240 246 247 248 251 252","211:221 216:221 221:221 224:221 224:226 225:226 226:226 227:226 227:228 228:228 229:228 230:240 231:240 232:240 233:240 234:240 235:240 236:240 237:240 238:240 239:240 240:240 241:240 241:251 242:251 243:251 244:251 245:251 246:251 251:251 253:251"
"رتن دیوی","کہار",17,"120 121 122 123 124 126 226 227 228 229 230 231","117:123 119:123 122:123 123:123 124:123 124:124 128:124 221:231 224:231 225:231 226:231 227:231 228:231 229:231 230:231 231:231 232:231"
"رتن دیوی","گنگو",37,"77 78 87 89 91 92 94 95 98 99 100 106 107 108 109 110 111 112 115 132 134 135 137","81:73 81:74 81:75 81:76 82:92 83:92 86:92 87:92 90:92 92:92 96:92 96:94 96:100 97:100 98:100 99:100 100:100 101:100 101:111 102:111 103:111 104:111 105:111 106:111 107:111 108:111 109:111 110:111 111:111 112:111 112:113 117:113 128:136 133:136 134:136 135:136 138:136"
"رتن دیوی","گوپی ناتھ",43,"100 101 102 103 104 105 158 163 165 212 214 228 229 230 231 232 233 280 286 287 289 291 292 293 294 301 305 381","96:104 97:104 98:104 99:104 100:104 101:104 102:104 103:104 104:104 105:104 105:105 106:105 153:163 154:163 163:163 167:163 211:213 216:213 224:233 225:233 226:233 227:233 228:233 229:233 230:233 231:233 232:233 233:233 234:233 280:280 291:282 291:283 291:288 291:291 293:291 293:293 294:293 294:294 305:297 305:298 305:305 306:305 382:381"
"رسوئیا","رماناتھ",5,"287 288 289 290 292","292:283 292:285 292:287 292:288 292:292"
"رسوئیا","رمیش بابو",1,"291","292:291"
"رسوئیا","سیشن جج",1,"292","292:292"
"رسوئیا","منی بھوشن",1,"292","292:293"
"رسوئیا","چپڑاسی",1,"294","292:297"
"رسوئیا","گوپی ناتھ",5,"287 290 291 292","292:282 292:283 292:288 292:291 292:293"
"رماناتھ","رمیش بابو",194,"23 24 25 26 27 28 29 30 31 32 36 37 38 39 40 43 44 45 46 47 48 49 50 51 52 53 55 56 57 58 78 79 80 81 82 83 84 85 86 87 88 89 90 91 92 93 94 98 99 100 101 103 104 105 112 113 114 115 116 117 118 123 124 125 126 127 128 129 130 131 132 137 138 139 140 141 142 143 144 156 157 158 159 160 161 164 165 166 168 174 175 176 177 178 179 180 210 211 213 214 215 265 266 267 268 269 270 271 272 286 287 288 289 291","19:27 20:27 22:27 24:27 25:27 26:27 27:27 28:27 28:28 29:28 29:29 30:29 30:30 31:30 31:32 32:32 33:32 33:40 34:40 35:40 36:40 37:40 38:40 39:40 40:40 41:40 41:46 42:46 44:46 45:46 46:46 47:46 47:47 48:47 48:48 49:48 49:49 50:49 50:51 51:51 52:51 52:53 53:53 54:53 54:57 55:57 56:57 57:57 58:57 58:58 59:58 73:83 74:83 75:83 76:83 77:83 78:83 79:83 80:83 82:83 83:83 84:83 84:84 86:84 86:85 86:86 87:86 87:88 88:88 89:88 89:89 90:89 90:90 91:90 91:92 92:92 93:92 93:94 94:94 95:94 95:101 96:101 97:101 98:101 100:101 101:101 102:101 102:104 103:104 104:104 105:104 105:105 106:105 107:117 108:117 109:117 110:117 111:117 112:117 113:117 114:117 116:117 117:117 118:117 118:118 119:118 119:128 120:128 121:128 122:128 123:128 124:128 125:128 126:128 127:128 128:128 129:128 129:129 130:129 130:130 131:130 131:132 132:132 133:132 133:141 134:141 135:141 136:141 137:141 138:141 139:141 140:141 141:141 142:141 142:142 143:142 143:143 144:143 144:144 145:144 151:161 152:161 153:161 155:161 156:161 157:161 158:161 159:161 160:161 161:161 162:161 162:166 163:166 164:166 166:166 171:166 171:177 173:177 174:177 175:177 176:177 177:177 178:177 178:178 181:178 181:179 205:215 206:215 207:215 208:215 211:215 212:215 213:215 214:215 215:215 216:215 260:270 261:270 262:270 264:270 266:270 267:270 268:270 269:270 271:270 271:272 272:272 273:272 281:291 283:291 285:291 287:291 288:291 292:291"
"رماناتھ","زہرہ",84,"15 16 17 19 20 21 336 339 340 341 342 343 344 345 346 347 348 349 350 351 352 356 357 358 359 360 361 362 363 364 366 367 368 369 370 371 372 373 374 375 376 377 378 379 380 381 383 384 385 386 387 388 389 391 392","10:20 12:20 15:20 19:20 20:20 22:20 332:341 338:341 339:341 341:341 342:341 342:342 343:342 343:343 344:343 344:344 345:344 345:345 346:345 346:347 347:347 349:347 349:348 349:349 350:349 350:350 352:350 352:352 353:352 353:360 354:360 355:360 356:360 357:360 358:360 359:360 360:360 361:360 361:362 362:362 363:362 363:363 364:363 364:364 365:364 365:367 366:367 367:367 369:367 369:368 369:369 370:369 370:370 371:370 371:371 372:371 372:372 373:372 373:373 374:373 374:374 375:374 375:375 376:375 376:376 378:376 378:378 381:378 381:379 381:382 384:382 384:383 384:384 386:384 386:385 386:386 387:386 387:387 388:387 388:388 389:388 389:389 394:389 394:390"
"رماناتھ","سرکاری وکیل",10,"386 387 388 389 390 392 395 396","381:391 384:391 386:391 387:391 388:391 389:391 394:391 394:396 396:396 397:396"
"رماناتھ","سیشن جج",6,"287 288 289 290 292 294","283:292 285:292 287:292 288:292 292:292 297:292"
"رماناتھ","سیٹھ مہاجن",76,"8 36 37 38 39 40 41 44 45 46 108 109 110 111 112 113 115 116 117 121 122 123 124 125 131 132 133 134 135 136 138 139 140 178 179 180 182 183 184 185","9:7 9:8 31:41 32:41 33:41 34:41 35:41 36:41 37:41 38:41 39:41 40:41 41:41 42:41 42:46 44:46 45:46 46:46 47:46 103:113 104:113 105:113 106:113 107:113 108:113 109:113 110:113 111:113 112:113 113:113 114:113 114:117 116:117 117:117 118:117 118:124 119:124 120:124 121:124 122:124 123:124 124:124 125:124 125:125 126:125 126:136 127:136 128:136 129:136 130:136 131:136 132:136 133:136 134:136 135:136 136:136 137:136 137:140 138:140 139:140 140:140 141:140 173:183 174:183 175:183 176:183 177:183 178:183 181:183 182:183 183:183 184:183 184:184 185:184 185:185 186:185"
"رماناتھ","سیٹھ کروڑی مل",10,"180 181 183 184 185","175:185 176:185 177:185 178:185 181:185 182:185 183:185 184:185 185:185 186:185"
"رماناتھ","سیٹھانی جی",12,"139 140 141 142 143 144","134:144 135:144 136:144 137:144 138:144 139:144 140:144 141:144 142:144 143:144 144:144 145:144"
"رماناتھ","شہزادی",15,"6 7 30 31 32 33 34 35","9:4 9:5 9:6 25:35 26:35 27:35 28:35 29:35 30:35 31:35 32:35 33:35 34:35 35:35 36:35"
"رماناتھ","قیدی",34,"127 128 129 130 131 132 254 255 258 259 306 307 308 309 310 311 312 315 316 317","122:132 123:132 124:132 125:132 126:132 127:132 128:132 129:132 130:132 131:132 132:132 133:132 249:259 250:259 252:259 258:259 260:259 301:311 302:311 303:311 304:311 305:311 306:311 307:311 308:311 309:311 310:311 311:311 314:311 314:317 315:317 316:317 317:317 318:317"
"رماناتھ","مارواڑی صاحب",5,"255 256 259 260","250:260 252:260 258:260 260:260 261:260"
"رماناتھ","ماسی (ونیش)",11,"368 369 370 371 372 373","363:373 364:373 365:373 366:373 367:373 369:373 370:373 371:373 372:373 373:373 374:373"
"رماناتھ","مانک داس",13,"99 100 101 102 103 104 105","94:104 95:104 96:104 97:104 98:104 100:104 101:104 102:104 103:104 104:104 105:104 105:105 106:105"
"رماناتھ","مانگی",29,"5 7 10 11 12 14 18 20 21 153 154 155 156 157 158 386 387 388 389 390 392","9:1 9:2 9:6 9:11 10:11 12:11 12:13 15:13 15:21 19:21 20:21 22:21 149:158 150:158 151:158 152:158 153:158 155:158 156:158 157:158 158:158 159:158 381:391 384:391 386:391 387:391 388:391 389:391 394:391"
"رماناتھ","مسلمان سپاہی",9,"268 269 270 271 272 273","264:273 266:273 267:273 268:273 269:273 271:273 272:273 273:273 274:273"
"رماناتھ","منشی دین دیال",44,"5 8 9 10 11 13 14 15 17 18 20 21 22 23 50 51 52 53 54 55 186 187 188 189 190 191 192 193","9:1 9:2 9:7 9:10 10:10 12:10 12:11 12:14 15:14 15:15 19:15 19:16 19:17 19:18 19:21 20:21 22:21 22:22 24:22 45:55 46:55 47:55 48:55 49:55 50:55 51:55 52:55 53:55 54:55 55:55 56:55 181:191 182:191 183:191 184:191 185:191 186:191 188:191 189:191 190:191 192:191 192:193 193:193 194:193"
"رماناتھ","منی بھوشن",45,"90 91 92 93 94 95 250 251 252 253 256 257 275 276 277 278 279 280 288 289 290 292 295 327 328 329 330 331 332 335 336 337","86:95 87:95 88:95 89:95 90:95 91:95 92:95 93:95 94:95 95:95 96:95 247:254 248:254 249:254 250:254 252:254 258:254 258:255 258:256 258:257 271:280 272:280 273:280 274:280 276:280 277:280 278:280 281:280 283:293 285:293 287:293 288:293 292:293 297:293 324:331 325:331 326:331 327:331 329:331 330:331 332:331 332:333 338:333 338:335 338:336"
"رماناتھ","منیم",28,"68 69 70 71 72 73 176 177 178 179 181 182 183 184 185","63:73 64:73 65:73 66:73 67:73 68:73 69:73 70:73 71:73 72:73 73:73 74:73 171:181 173:181 174:181 175:181 176:181 177:181 178:181 181:181 182:181 182:183 183:183 184:183 184:184 185:184 185:185 186:185"
"رماناتھ","موسل چند",11,"79 80 81 82 83 84 85","74:84 75:84 76:84 77:84 78:84 79:84 80:84 82:84 83:84 84:84 86:84"
"رماناتھ","مولوی صاحب",5,"255 256 259 260","250:260 252:260 258:260 260:260 261:260"
"رماناتھ","نوشہ",8,"5 6 14 15 17 19","9:1 9:4 9:19 10:19 12:19 15:19 19:19 20:19"
"رماناتھ","ونیش",42,"322 323 325 326 327 328 352 353 354 355 356 357 361 362 363 364 369 370 371 372 373 374 376 377 378 379","317:327 318:327 319:327 324:327 325:327 326:327 327:327 329:327 329:328 347:357 349:357 350:357 352:357 353:357 354:357 355:357 356:357 357:357 358:357 358:364 359:364 360:364 361:364 362:364 363:364 364:364 365:364 365:373 366:373 367:373 369:373 370:373 371:373 372:373 373:373 374:373 374:374 375:374 375:378 376:378 378:378 381:378"
"رماناتھ","پان والا",5,"244 248 249","239:249 247:249 248:249 249:249 250:249"
"رماناتھ","پنڈت اندر بھوشن",172,"76 77 78 79 80 81 82 83 84 85 87 88 90 91 92 94 95 96 97 98 99 107 108 109 110 111 112 116 117 118 119 120 125 126 127 128 129 130 131 132 133 146 147 148 150 151 152 153 154 155 165 166 167 168 170 178 179 180 182 183 184 187 188 189 190 191 216 217 218 219 220 221 226 227 228 229 230 231 235 236 238 239 243 249 250 251 252 255 256 315 317 318 319 322 327 328 329 330 331 333 336 377 378 379 380 381 383","71:81 72:81 73:81 74:81 75:81 76:81 77:81 78:81 79:81 80:81 82:81 82:83 83:83 84:83 84:84 86:84 86:88 87:88 88:88 89:88 89:92 90:92 91:92 92:92 93:92 93:95 94:95 95:95 96:95 96:96 97:96 97:97 98:97 98:98 100:98 100:99 102:112 103:112 104:112 105:112 106:112 107:112 108:112 109:112 110:112 111:112 112:112 113:112 113:120 114:120 116:120 117:120 118:120 119:120 120:120 121:120 121:129 122:129 123:129 124:129 125:129 126:129 127:129 128:129 129:129 130:129 130:131 131:131 132:131 132:133 133:133 134:133 141:151 142:151 143:151 144:151 145:151 146:151 149:151 150:151 151:151 152:151 152:153 153:153 155:153 155:154 155:155 156:155 160:170 161:170 162:170 163:170 164:170 166:170 171:170 173:183 174:183 175:183 176:183 177:183 178:183 181:183 182:183 183:183 184:183 184:184 185:184 185:190 186:190 188:190 189:190 190:190 192:190 211:221 212:221 213:221 214:221 215:221 216:221 217:221 218:221 220:221 221:221 231:221 231:222 231:223 231:224 231:226 231:227 231:228 231:229 231:232 239:232 239:234 239:238 239:239 247:239 247:240 247:252 248:252 249:252 250:252 252:252 258:252 258:253 258:254 310:320 311:320 314:320 315:320 316:320 317:320 318:320 319:320 324:320 324:331 325:331 326:331 327:331 329:331 330:331 332:331 332:334 338:334 372:382 373:382 374:382 375:382 376:382 378:382 381:382 384:382"
"رماناتھ","پہرے والا",55,"134 135 136 137 138 139 211 212 213 214 215 216 268 269 270 271 272 273 275 276 279 281 282 305 306 307 308 309 310 313 315 316","129:139 130:139 131:139 132:139 133:139 134:139 135:139 136:139 137:139 138:139 139:139 140:139 206:216 207:216 208:216 211:216 212:216 213:216 214:216 215:216 216:216 217:216 264:273 266:273 267:273 268:273 269:273 271:273 272:273 273:273 274:273 274:276 276:276 277:276 277:281 278:281 281:281 283:281 300:310 301:310 302:310 303:310 304:310 305:310 306:310 307:310 308:310 309:310 310:310 311:310 311:316 314:316 315:316 316:316 317:316"
"رماناتھ","پیارہ",13,"120 121 122 123 124 125 126","116:125 117:125 118:125 119:125 120:125 121:125 122:125 123:125 124:125 125:125 126:125 126:126 127:126"
"رماناتھ","چرن داس",39,"56 57 58 59 60 61 62 64 65 66 67 68 69 131 132 133 134 135 136 137","51:61 52:61 53:61 54:61 55:61 56:61 57:61 58:61 59:61 60:61 61:61 62:61 62:62 63:62 63:66 64:66 65:66 66:66 67:66 67:67 68:67 68:68 69:68 69:69 70:69 126:136 127:136 128:136 129:136 130:136 131:136 132:136 133:136 134:136 135:136 136:136 137:136 137:137 138:137"
"رماناتھ","چوکیدار",48,"52 53 54 55 56 57 243 247 248 306 307 308 309 310 311 312 349 350 351 352 353 354 359 360 361 362 363","47:57 48:57 49:57 50:57 51:57 52:57 53:57 54:57 55:57 56:57 57:57 58:57 239:248 247:248 248:248 249:248 301:311 302:311 303:311 304:311 305:311 306:311 307:311 308:311 309:311 310:311 311:311 314:311 344:354 345:354 346:354 347:354 349:354 350:354 352:354 353:354 354:354 355:354 355:363 356:363 357:363 358:363 359:363 360:363 361:363 362:363 363:363 364:363"
"رماناتھ","چپڑاسی",39,"101 102 103 104 105 106 107 124 125 126 127 128 129 174 175 176 177 178 179 292 294 297 298","96:106 97:106 98:106 100:106 101:106 102:106 103:106 104:106 105:106 106:106 107:106 107:107 108:107 119:129 120:129 121:129 122:129 123:129 124:129 125:129 126:129 127:129 128:129 129:129 130:129 171:177 173:177 174:177 175:177 176:177 177:177 178:177 178:178 181:178 287:297 288:297 292:297 297:297 299:297"
"رماناتھ","ڈپٹی سپرنٹنڈنٹ",64,"266 267 268 269 270 271 275 276 277 278 280 304 305 306 307 308 309 310 311 312 344 345 346 347 348 349 351 352 355 356 357 364 365 366 367 368 369 370","261:271 262:271 264:271 266:271 267:271 268:271 269:271 271:271 272:271 272:279 273:279 274:279 276:279 277:279 278:279 281:279 299:309 300:309 301:309 302:309 303:309 304:309 305:309 306:309 307:309 308:309 309:309 310:309 310:310 311:310 311:311 314:311 339:349 341:349 342:349 343:349 344:349 345:349 346:349 347:349 349:349 350:349 350:352 352:352 353:352 353:357 354:357 355:357 356:357 357:357 358:357 359:369 360:369 361:369 362:369 363:369 364:369 365:369 366:369 367:369 369:369 370:369 370:370 371:370"
"رماناتھ","کبیراج",21,"216 217 218 219 220 221 226 228 229 235 239 243 249 250 251","211:221 212:221 213:221 214:221 215:221 216:221 217:221 218:221 220:221 221:221 231:221 231:226 231:228 231:240 239:240 247:240 247:251 248:251 249:251 250:251 252:251"
"رماناتھ","کہار",16,"118 119 120 121 122 123 124 226 231 235","113:123 114:123 116:123 117:123 118:123 119:123 120:123 121:123 122:123 123:123 124:123 124:124 125:124 221:231 231:231 239:231"
"رماناتھ","گنگو",77,"56 57 58 59 60 61 68 69 70 71 72 73 74 75 76 87 88 89 90 91 92 93 94 97 98 99 100 106 107 108 109 110 111 112 113 131 132 133 134 135 136","51:61 52:61 53:61 54:61 55:61 56:61 57:61 58:61 59:61 60:61 61:61 62:61 63:73 64:73 65:73 66:73 67:73 68:73 69:73 70:73 71:73 72:73 73:73 74:73 74:74 75:74 75:75 76:75 76:76 77:76 82:92 83:92 84:92 86:92 87:92 88:92 89:92 90:92 91:92 92:92 93:92 93:94 94:94 95:94 95:100 96:100 97:100 98:100 100:100 101:100 101:111 102:111 103:111 104:111 105:111 106:111 107:111 108:111 109:111 110:111 111:111 112:111 112:113 113:113 114:113 126:136 127:136 128:136 129:136 130:136 131:136 132:136 133:136 134:136 135:136 136:136 137:136"
"رماناتھ","گوپی ناتھ",89,"28 29 30 31 32 33 34 99 100 101 102 103 104 105 158 159 160 161 162 163 208 209 210 212 213 232 236 275 276 277 278 279 280 281 282 283 284 286 287 288 290 291 292 295 297 298 302 303 304 305 376 377 378 379 381 382","24:33 25:33 26:33 27:33 28:33 29:33 30:33 31:33 32:33 33:33 34:33 34:34 35:34 94:104 95:104 96:104 97:104 98:104 100:104 101:104 102:104 103:104 104:104 105:104 105:105 106:105 153:163 155:163 156:163 157:163 158:163 159:163 160:163 161:163 162:163 163:163 164:163 203:213 204:213 205:213 206:213 207:213 208:213 211:213 212:213 213:213 214:213 231:233 239:233 271:280 272:280 273:280 274:280 276:280 277:280 278:280 281:280 281:282 283:282 283:283 285:283 285:288 287:288 288:288 292:288 292:291 292:293 297:293 297:294 297:297 299:297 299:298 299:305 300:305 301:305 302:305 303:305 304:305 305:305 306:305 371:381 372:381 373:381 374:381 375:381 376:381 378:381 381:381 384:381"
"رماناتھ","ہمایوں",12,"31 32 33 34 35 36","26:36 27:36 28:36 29:36 30:36 31:36 32:36 33:36 34:36 35:36 36:36 37:36"
"رمیش بابو","زہرہ",1,"23","27:20"
"رمیش بابو","سیشن جج",1,"291","291:292"
"رمیش بابو","سیٹھ مہاجن",22,"36 40 43 46 108 109 115 117 121 126 132 133 134 138 140 180 181","32:41 40:41 46:41 46:46 47:46 104:113 105:113 117:113 117:117 118:117 118:124 128:124 128:125 128:136 129:136 130:136 132:136 141:136 141:140 177:183 178:183 179:183"
"رمیش بابو","سیٹھ کروڑی مل",3,"181 182","177:185 178:185 179:185"
"رمیش بابو","سیٹھانی جی",4,"142 143 144","141:144 142:144 143:144 144:144"
"رمیش بابو","شہزادی",6,"31 32 33 37","27:35 28:35 29:35 30:35 32:35 40:35"
"رمیش بابو","قیدی",5,"130 131 132 136","128:132 129:132 130:132 132:132 141:132"
"رمیش بابو","مارواڑی صاحب",1,"265","270:260"
"رمیش بابو","مانک داس",5,"99 102 104 105","94:104 101:104 104:104 105:104 105:105"
"رمیش بابو","مانگی",2,"24 159","27:21 161:158"
"رمیش بابو","مسلمان سپاہی",2,"271 272","270:273 272:273"
"رمیش بابو","منشی دین دیال",11,"22 24 50 51 52 53 54 56","27:17 27:18 27:21 27:22 46:55 47:55 48:55 49:55 51:55 53:55 57:55"
"رمیش بابو","منی بھوشن",11,"90 91 92 93 94 98 275 276 292","85:95 86:95 88:95 89:95 90:95 92:95 94:95 101:95 270:280 272:280 291:293"
"رمیش بابو","منیم",4,"78 179 180","83:73 177:181 178:181 179:181"
"رمیش بابو","موسل چند",3,"83 84","83:84 84:84 85:84"
"رمیش بابو","مولوی صاحب",1,"265","270:260"
"رمیش بابو","نوشہ",1,"23","27:19"
"رمیش بابو","پنڈت اندر بھوشن",47,"82 83 84 86 87 88 90 91 92 93 94 98 99 100 108 114 118 119 124 128 129 130 131 132 137 146 147 156 157 158 165 168 173 180 181 218","83:81 83:83 84:83 84:84 85:84 85:88 86:88 88:88 89:88 89:92 90:92 92:92 94:92 94:95 101:95 101:96 101:97 101:98 101:99 104:112 105:112 117:112 117:120 118:120 128:120 128:129 129:129 130:129 130:131 132:131 132:133 141:133 141:151 142:151 143:151 144:151 161:151 161:153 161:154 161:155 161:170 166:170 177:170 177:183 178:183 179:183 215:221"
"رمیش بابو","پہرے والا",8,"134 135 140 215 271 272 286","129:139 130:139 132:139 141:139 215:216 270:273 272:273 291:281"
"رمیش بابو","پیارہ",4,"121 126 127","117:125 118:125 128:125 128:126"
"رمیش بابو","چرن داس",10,"56 57 59 132 133 134 138 139","51:61 53:61 57:61 58:61 128:136 129:136 130:136 132:136 141:136 141:137"
"رمیش بابو","چوکیدار",7,"52 53 54 55 57","47:57 48:57 49:57 51:57 53:57 57:57 58:57"
"رمیش بابو","چپڑاسی",12,"103 105 112 128 129 177 178 294","101:106 104:106 105:106 117:107 128:129 129:129 130:129 177:177 178:177 178:178 179:178 291:297"
"رمیش بابو","ڈپٹی سپرنٹنڈنٹ",3,"270 271 275","270:271 272:271 272:279"
"رمیش بابو","کبیراج",1,"218","215:221"
"رمیش بابو","کہار",4,"120 125 126","117:123 118:123 128:123 128:124"
"رمیش بابو","گنگو",30,"56 57 59 78 79 87 88 89 90 91 92 93 94 97 100 106 107 108 114 115 132 133 134 138","51:61 53:61 57:61 58:61 83:73 83:74 83:75 83:76 83:92 84:92 85:92 86:92 88:92 89:92 90:92 92:92 94:92 94:94 101:94 101:100 101:111 104:111 105:111 117:111 117:113 128:136 129:136 130:136 132:136 141:136"
"رمیش بابو","گوپی ناتھ",21,"30 31 32 36 37 99 102 104 105 162 164 214 275 276 286 287 289 291","27:33 28:33 29:33 30:33 32:33 40:33 40:34 94:104 101:104 104:104 105:104 105:105 161:163 166:163 215:213 270:280 272:280 291:282 291:283 291:288 291:291"
"رمیش بابو","ہمایوں",6,"31 32 33 34 38","27:36 28:36 29:36 30:36 32:36 40:36"
"زہرہ","سرکاری وکیل",9,"386 387 388 389 390","382:391 383:391 384:391 385:391 386:391 387:391 388:391 389:391 390:391"
"زہرہ","ماسی (ونیش)",10,"368 370 371 372 373","363:373 364:373 367:373 368:373 369:373 370:373 371:373 372:373 373:373 374:373"
"زہرہ","مانگی",12,"15 16 20 386 387 388 389 390","20:11 20:13 20:21 382:391 383:391 384:391 385:391 386:391 387:391 388:391 389:391 390:391"
"زہرہ","منشی دین دیال",8,"15 17 18 19 20","20:10 20:11 20:14 20:15 20:16 20:17 20:18 20:21"
"زہرہ","منی بھوشن",4,"336 337 338","341:331 341:333 341:335 341:336"
"زہرہ","نوشہ",1,"19","20:19"
"زہرہ","ونیش",25,"352 353 354 358 362 363 364 365 370 371 372 373 374 376 377 378","347:357 348:357 349:357 350:357 352:357 360:357 360:364 362:364 363:364 364:364 367:364 367:373 368:373 369:373 370:373 371:373 372:373 373:373 374:373 374:374 375:374 375:378 376:378 378:378 379:378"
"زہرہ","پنڈت اندر بھوشن",11,"336 337 377 378 379 380 382","341:331 341:334 372:382 373:382 374:382 375:382 376:382 378:382 379:382 382:382 383:382"
"زہرہ","چوکیدار",12,"349 350 351 352 353 357 361 362 363","344:354 345:354 347:354 348:354 349:354 350:354 352:354 360:354 360:363 362:363 363:363 364:363"
"زہرہ","ڈپٹی سپرنٹنڈنٹ",23,"345 346 347 348 349 351 352 356 358 364 365 366 368 369 370","341:349 342:349 343:349 344:349 345:349 347:349 348:349 349:349 350:349 350:352 352:352 360:352 360:357 360:369 362:369 363:369 364:369 367:369 368:369 369:369 370:369 370:370 371:370"
"زہرہ","گوپی ناتھ",9,"376 377 378 379 380 381","371:381 372:381 373:381 374:381 375:381 376:381 378:381 379:381 382:381"
"سرکاری وکیل","مانگی",2,"391 393","391:391 396:391"
"سرکاری وکیل","پنڈت اندر بھوشن",1,"386","391:382"
"سرکاری وکیل","گوپی ناتھ",1,"386","391:381"
"سیشن جج","منی بھوشن",1,"292","292:293"
"سیشن جج","چپڑاسی",1,"294","292:297"
"سیشن جج","گوپی ناتھ",5,"287 290 291 292","292:282 292:283 292:288 292:291 292:293"
"سیٹھ مہاجن","سیٹھ کروڑی مل",3,"184 185","183:185 184:185 185:185"
"سیٹھ مہاجن","سیٹھانی جی",2,"140 142","136:144 140:144"
"سیٹھ مہاجن","شہزادی",4,"5 6 38","7:4 7:5 7:6 41:35"
"سیٹھ مہاجن","قیدی",3,"128 134","124:132 125:132 136:132"
"سیٹھ مہاجن","مانک داس",2,"108 109","113:104 113:105"
"سیٹھ مہاجن","مانگی",5,"4 6 9","7:1 7:2 7:6 7:11 8:11"
"سیٹھ مہاجن","منشی دین دیال",9,"4 7 9 50 187 188","7:1 7:2 7:7 8:7 8:10 46:55 183:191 184:191 185:191"
"سیٹھ مہاجن","منیم",6,"182 183 184 185","183:181 183:183 184:183 184:184 185:184 185:185"
"سیٹھ مہاجن","نوشہ",2,"4 5","7:1 7:4"
"سیٹھ مہاجن","پنڈت اندر بھوشن",14,"112 116 118 122 126 127 132 133 134 183 184 187","113:112 113:120 117:120 124:120 124:129 125:129 136:129 136:131 136:133 183:183 184:183 184:184 185:184 185:190"
"سیٹھ مہاجن","پہرے والا",2,"137 139","136:139 140:139"
"سیٹھ مہاجن","پیارہ",4,"121 124 125 131","117:125 124:125 125:125 136:126"
"سیٹھ مہاجن","چرن داس",3,"136 138","136:136 140:136 140:137"
"سیٹھ مہاجن","چپڑاسی",7,"109 110 126 127 132 180","113:106 113:107 124:129 125:129 136:129 183:177 183:178"
"سیٹھ مہاجن","کہار",5,"118 120 123 124","113:123 117:123 124:123 124:124 125:124"
"سیٹھ مہاجن","گنگو",5,"112 113 115 136 138","113:111 113:113 117:113 136:136 140:136"
"سیٹھ مہاجن","گوپی ناتھ",4,"37 108 109","41:33 41:34 113:104 113:105"
"سیٹھ مہاجن","ہمایوں",1,"38","41:36"
"سیٹھ کروڑی مل","منشی دین دیال",1,"188","185:191"
"سیٹھ کروڑی مل","منیم",4,"183 184 185","185:181 185:183 185:184 185:185"
"سیٹھ کروڑی مل","پنڈت اندر بھوشن",3,"184 187","185:183 185:184 185:190"
"سیٹھ کروڑی مل","چپڑاسی",2,"181","185:177 185:178"
"سیٹھانی جی","پنڈت اندر بھوشن",1,"147","144:151"
"سیٹھانی جی","پہرے والا",1,"141","144:139"
"سیٹھانی جی","چرن داس",2,"140","144:136 144:137"
"سیٹھانی جی","گنگو",1,"140","144:136"
"شہزادی","مانگی",5,"2 3 5 6","4:1 4:2 4:6 5:6 6:6"
"شہزادی","منشی دین دیال",5,"2 3 5 6","4:1 4:2 4:7 5:7 6:7"
"شہزادی","نوشہ",3,"2 4","4:1 4:4 5:4"
"شہزادی","گوپی ناتھ",2,"34","35:33 35:34"
"شہزادی","ہمایوں",1,"35","35:36"
"قیدی","مارواڑی صاحب",1,"259","259:260"
"قیدی","منی بھوشن",4,"256 257 258","259:254 259:255 259:256 259:257"
"قیدی","مولوی صاحب",1,"259","259:260"
"قیدی","ونیش",1,"322","317:327"
"قیدی","پان والا",1,"254","259:249"
"قیدی","پنڈت اندر بھوشن",8,"130 131 132 255 256 315 318","132:129 132:131 132:133 259:252 259:253 259:254 311:320 317:320"
"قیدی","پہرے والا",4,"135 310 313 316","132:139 311:310 311:316 317:316"
"قیدی","پیارہ",2,"128 129","132:125 132:126"
"قیدی","چرن داس",1,"134","132:136"
"قیدی","چوکیدار",2,"311 314","311:311 317:311"
"قیدی","چپڑاسی",1,"130","132:129"
"قیدی","ڈپٹی سپرنٹنڈنٹ",4,"310 311 314","311:309 311:310 311:311 317:311"
"قیدی","کبیراج",1,"255","259:251"
"قیدی","کہار",2,"127 128","132:123 132:124"
"قیدی","گنگو",1,"134","132:136"
"قیدی","گوپی ناتھ",1,"308","311:305"
"مارواڑی صاحب","منی بھوشن",4,"257 258","260:254 260:255 260:256 260:257"
"مارواڑی صاحب","مولوی صاحب",1,"260","260:260"
"مارواڑی صاحب","پنڈت اندر بھوشن",3,"256 257","260:252 260:253 260:254"
"مارواڑی صاحب","کبیراج",1,"255","260:251"
"ماسی (ونیش)","ونیش",2,"368 373","373:364 373:373"
"ماسی (ونیش)","پنڈت اندر بھوشن",1,"377","373:382"
"ماسی (ونیش)","چوکیدار",1,"368","373:363"
"ماسی (ونیش)","ڈپٹی سپرنٹنڈنٹ",2,"371","373:369 373:370"
"ماسی (ونیش)","گوپی ناتھ",1,"377","373:381"
"مانک داس","منی بھوشن",1,"99","104:95"
"مانک داس","پنڈت اندر بھوشن",7,"99 100 101 108","104:95 104:96 104:97 104:98 104:99 104:112 105:112"
"مانک داس","چپڑاسی",2,"105","104:106 105:106"
"مانک داس","گنگو",4,"99 102 107 108","104:94 104:100 104:111 105:111"
"مانک داس","گوپی ناتھ",3,"104 105","104:104 105:104 105:105"
"مانگی","منشی دین دیال",16,"1 2 4 6 9 10 11 12 13 17 18 19 21","1:1 2:1 2:2 6:2 6:7 11:7 11:10 11:11 13:11 13:14 21:14 21:15 21:16 21:17 21:18 21:21"
"مانگی","نوشہ",7,"1 3 5 15 16 20","1:1 2:1 2:4 6:4 11:19 13:19 21:19"
"مانگی","پنڈت اندر بھوشن",5,"154 155 156 386","158:151 158:153 158:154 158:155 391:382"
"مانگی","گوپی ناتھ",2,"160 386","158:163 391:381"
"مسلمان سپاہی","منی بھوشن",1,"276","273:280"
"مسلمان سپاہی","پہرے والا",1,"273","273:273"
"مسلمان سپاہی","ڈپٹی سپرنٹنڈنٹ",2,"272 276","273:271 273:279"
"مسلمان سپاہی","گوپی ناتھ",1,"276","273:280"
"منشی دین دیال","منیم",4,"186 187 188","191:181 191:183 191:184 191:185"
"منشی دین دیال","نوشہ",12,"1 3 5 14 15 16 17 18 20","1:1 2:1 2:4 7:4 10:19 11:19 14:19 15:19 16:19 17:19 18:19 21:19"
"منشی دین دیال","پنڈت اندر بھوشن",3,"187 190","191:183 191:184 191:190"
"منشی دین دیال","چرن داس",1,"58","55:61"
"منشی دین دیال","چوکیدار",1,"56","55:57"
"منشی دین دیال","گنگو",1,"58","55:61"
"منی بھوشن","مولوی صاحب",4,"257 258","254:260 255:260 256:260 257:260"
"منی بھوشن","ونیش",2,"329","331:327 331:328"
"منی بھوشن","پان والا",1,"251","254:249"
"منی بھوشن","پنڈت اندر بھوشن",11,"91 93 95 253 254 331 332 333 334","95:88 95:92 95:95 254:252 254:253 254:254 255:254 331:331 333:331 333:334 335:334"
"منی بھوشن","پہرے والا",3,"276 278 280","280:273 280:276 280:281"
"منی بھوشن","چوکیدار",1,"251","254:248"
"منی بھوشن","چپڑاسی",1,"295","293:297"
"منی بھوشن","ڈپٹی سپرنٹنڈنٹ",2,"275 279","280:271 280:279"
"منی بھوشن","کبیراج",1,"252","254:251"
"منی بھوشن","گنگو",3,"93 94 97","95:92 95:94 95:100"
"منی بھوشن","گوپی ناتھ",6,"99 280 288 290 292 293","95:104 280:280 293:283 293:288 293:291 293:293"
"منیم","پنڈت اندر بھوشن",7,"77 182 183 184 187","73:81 181:183 183:183 184:183 184:184 185:184 185:190"
"منیم","چرن داس",4,"69 70 71","73:66 73:67 73:68 73:69"
"منیم","چپڑاسی",2,"179","181:177 181:178"
"منیم","گنگو",1,"73","73:73"
"موسل چند","پنڈت اندر بھوشن",3,"82 83 84","84:81 84:83 84:84"
"موسل چند","گنگو",4,"79 80 88","84:74 84:75 84:76 84:92"
"مولوی صاحب","پنڈت اندر بھوشن",3,"256 257","260:252 260:253 260:254"
"مولوی صاحب","کبیراج",1,"255","260:251"
"ونیش","پنڈت اندر بھوشن",6,"323 329 377 378 380","327:320 327:331 328:331 373:382 374:382 378:382"
"ونیش","چوکیدار",3,"355 360 363","357:354 357:363 364:363"
"ونیش","ڈپٹی سپرنٹنڈنٹ",7,"353 354 357 360 366 371","357:349 357:352 357:357 364:357 364:369 373:369 373:370"
"ونیش","گوپی ناتھ",3,"377 379","373:381 374:381 378:381"
"پان والا","پنڈت اندر بھوشن",3,"244 250","249:239 249:240 249:252"
"پان والا","چوکیدار",1,"248","249:248"
"پان والا","کبیراج",2,"244 250","249:240 249:251"
"پنڈت اندر بھوشن","پہرے والا",6,"134 135 136 218 315 318","129:139 131:139 133:139 221:216 320:310 320:316"
"پنڈت اندر بھوشن","پیارہ",3,"122 127","120:125 129:125 129:126"
"پنڈت اندر بھوشن","چرن داس",3,"132 133 134","129:136 131:136 133:136"
"پنڈت اندر بھوشن","چوکیدار",5,"243 244 250 315","238:248 239:248 240:248 252:248 320:311"
"پنڈت اندر بھوشن","چپڑاسی",12,"101 102 109 124 129 130 173 180","96:106 97:106 98:106 99:106 112:106 112:107 120:129 129:129 131:129 170:177 183:177 183:178"
"پنڈت اندر بھوشن","ڈپٹی سپرنٹنڈنٹ",2,"315","320:310 320:311"
"پنڈت اندر بھوشن","کبیراج",16,"221 224 225 226 227 228 236 237 239 240 251","221:221 222:221 222:226 223:226 224:226 226:226 227:226 227:228 228:228 229:228 232:240 234:240 238:240 239:240 240:240 252:251"
"پنڈت اندر بھوشن","کہار",12,"121 126 226 227 228 229 230 231","120:123 129:123 129:124 221:231 222:231 223:231 224:231 226:231 227:231 228:231 229:231 232:231"
"پنڈت اندر بھوشن","گنگو",21,"77 78 87 88 90 92 93 94 97 98 99 111 112 116 132 133 134","81:73 81:74 81:75 81:76 83:92 84:92 88:92 92:92 95:92 95:94 95:100 96:100 97:100 98:100 99:100 112:111 112:113 120:113 129:136 131:136 133:136"
"پنڈت اندر بھوشن","گوپی ناتھ",21,"99 100 101 108 158 159 166 217 228 229 230 231 232 233 381","95:104 96:104 97:104 98:104 99:104 112:104 112:105 153:163 154:163 155:163 170:163 221:213 223:233 224:233 226:233 227:233 228:233 229:233 232:233 234:233 382:381"
"پہرے والا","چرن داس",2,"137 138","139:136 139:137"
"پہرے والا","چوکیدار",2,"310 313","310:311 316:311"
"پہرے والا","چپڑاسی",1,"134","139:129"
"پہرے والا","ڈپٹی سپرنٹنڈنٹ",8,"272 276 277 280 309 310 313","273:271 273:279 276:279 281:279 310:309 310:310 316:310 316:311"
"پہرے والا","کبیراج",1,"218","216:221"
"پہرے والا","گنگو",1,"137","139:136"
"پہرے والا","گوپی ناتھ",6,"214 276 278 280 281 307","216:213 273:280 276:280 281:280 281:282 310:305"
"پیارہ","چرن داس",1,"131","126:136"
"پیارہ","چپڑاسی",2,"127","125:129 126:129"
"پیارہ","کہار",2,"124","125:123 125:124"
"پیارہ","گنگو",1,"131","126:136"
"چرن داس","چوکیدار",1,"59","61:57"
"چرن داس","چپڑاسی",1,"132","136:129"
"چرن داس","گنگو",8,"61 69 70 71 136","61:61 62:61 66:73 67:73 68:73 69:73 136:136 137:136"
"چوکیدار","ڈپٹی سپرنٹنڈنٹ",8,"310 311 351 353 355 360 366","311:309 311:310 311:311 354:349 354:352 354:357 363:357 363:369"
"چوکیدار","کبیراج",2,"244 249","248:240 248:251"
"چوکیدار","گنگو",1,"59","57:61"
"چوکیدار","گوپی ناتھ",1,"308","311:305"
"چپڑاسی","کہار",2,"126","129:123 129:124"
"چپڑاسی","گنگو",4,"103 108 109 132","106:100 106:111 107:111 129:136"
"چپڑاسی","گوپی ناتھ",7,"105 292 294 295 297","106:104 106:105 297:288 297:291 297:293 297:294 297:297"
"ڈپٹی سپرنٹنڈنٹ","گوپی ناتھ",3,"275 279 307","271:280 279:280 309:305"
"کبیراج","کہار",4,"226 228 229 235","221:231 226:231 228:231 240:231"
"کبیراج","گوپی ناتھ",4,"217 229 230 236","221:213 226:233 228:233 240:233"
"کہار","گنگو",1,"118","123:113"
"کہار","گوپی ناتھ",1,"232","231:233"
"گنگو","گوپی ناتھ",4,"99 102 107 108","94:104 100:104 111:104 111:105"
"گوپی ناتھ","ہمایوں",2,"34 35","33:36 34:36"
