Character_A,Character_B,Weight,Pages(centers),Pairs(pa:pb)
"ابدو (چک لہندا کا سردار)","ادو",1,"62","65:60"
"ابدو (چک لہندا کا سردار)","بلونگڑا",1,"62","65:59"
"ابدو (چک لہندا کا سردار)","بمبو",3,"60 61 62","65:56 65:58 65:59"
"ابدو (چک لہندا کا سردار)","بنی",4,"61 69 70","65:58 65:73 66:73 68:73"
"ابدو (چک لہندا کا سردار)","بچھیری (گھوڑی)",8,"60 61 62 67 68 69","65:55 65:56 65:57 65:58 65:59 65:70 66:70 68:70"
"ابدو (چک لہندا کا سردار)","بیبو",6,"64 65 66 67","65:63 65:65 66:65 66:66 68:66 68:67"
"ابدو (چک لہندا کا سردار)","تائی",5,"63 69 70 71","65:61 65:62 65:74 66:74 68:74"
"ابدو (چک لہندا کا سردار)","جاگیردار",4,"60 61 62","65:55 65:57 65:58 65:60"
"ابدو (چک لہندا کا سردار)","حضرت صاحب",2,"60 61","65:56 65:57"
"ابدو (چک لہندا کا سردار)","حیدری",3,"67 68 69","65:70 66:70 68:70"
"ابدو (چک لہندا کا سردار)","دارو",3,"65 66 67","65:66 66:66 68:66"
"ابدو (چک لہندا کا سردار)","دارے لوہار",7,"64 65 66 67 68","65:63 65:65 66:65 66:66 68:66 68:67 68:68"
"ابدو (چک لہندا کا سردار)","دھاموں",5,"65 66 67 68","65:66 66:66 68:66 68:67 68:68"
"ابدو (چک لہندا کا سردار)","راوی",15,"60 61 62 63 64 65 66 67 68","65:55 65:56 65:57 65:58 65:59 65:60 65:61 65:62 65:63 65:65 66:65 66:66 68:66 68:67 68:68"
"ابدو (چک لہندا کا سردار)","سردار",4,"65 68 69","65:65 66:65 66:71 68:71"
"ابدو (چک لہندا کا سردار)","سفید پوش",2,"60 61","65:56 65:57"
"ابدو (چک لہندا کا سردار)","سلامتے",3,"68 69 70","65:72 66:72 68:72"
"ابدو (چک لہندا کا سردار)","سلیمان (کسان)",3,"67 68 69","65:70 66:70 68:70"
"ابدو (چک لہندا کا سردار)","سکندر",2,"71 72","66:76 68:76"
"ابدو (چک لہندا کا سردار)","شدین",4,"62 68 69","65:60 65:71 66:71 68:71"
"ابدو (چک لہندا کا سردار)","شوقاں (گھوڑی)",3,"67 68 69","65:70 66:70 68:70"
"ابدو (چک لہندا کا سردار)","لالو",1,"72","68:77"
"ابدو (چک لہندا کا سردار)","ملا اسماعیل",3,"63 71 72","65:61 66:76 68:76"
"ابدو (چک لہندا کا سردار)","ملک (دارا کی کہانی)",8,"64 65 66 67 68","65:63 65:64 65:65 66:65 66:66 68:66 68:67 68:68"
"ابدو (چک لہندا کا سردار)","نوری کاٹو",3,"68 69 70","65:72 66:72 68:72"
"ابدو (چک لہندا کا سردار)","ٹو (نر گھوڑا)",1,"61","65:57"
"ابدو (چک لہندا کا سردار)","پھتی",2,"71 72","66:76 68:76"
"ابدو (چک لہندا کا سردار)","پھلا",3,"60 61 62","65:56 65:58 65:59"
"ابدو (چک لہندا کا سردار)","چدی",4,"62 68 69","65:60 65:71 66:71 68:71"
"ابدو (چک لہندا کا سردار)","چوہدری تغیرے",3,"67 68 69","65:70 66:70 68:70"
"ابدو (چک لہندا کا سردار)","کئی رانی (گھوڑی)",3,"66 67","65:67 66:67 68:67"
"ابدو (چک لہندا کا سردار)","کالا بدل (ریچھ)",1,"61","65:58"
"ابدو (چک لہندا کا سردار)","کماں",2,"63 72","65:61 68:77"
"ابدو (چک لہندا کا سردار)","گازی",2,"60 61","65:56 65:58"
"ابدو (چک لہندا کا سردار)","گاگو",4,"60 61 62","65:56 65:57 65:58 65:59"
"ابدو (چک لہندا کا سردار)","گلو (مراثی کا منڈا)",3,"67 68 69","65:70 66:70 68:70"
"ابدو (چک لہندا کا سردار)","گھینا",4,"62 68 69","65:60 65:71 66:71 68:71"
"ادو","باگو خوشیا",1,"55","60:51"
"ادو","بلونگڑا",1,"59","60:59"
"ادو","بمبو",3,"58 59","60:56 60:58 60:59"
"ادو","بنی",1,"59","60:58"
"ادو","بچھیری (گھوڑی)",7,"57 58 59 65","60:54 60:55 60:56 60:57 60:58 60:59 60:70"
"ادو","بیبو",1,"61","60:63"
"ادو","تائی",1,"60","60:61"
"ادو","جاگیردار",6,"56 57 58 59 60","60:52 60:54 60:55 60:57 60:58 60:60"
"ادو","حضرت صاحب",2,"58","60:56 60:57"
"ادو","حیدری",1,"65","60:70"
"ادو","دارو",1,"63","60:66"
"ادو","دارے لوہار",1,"61","60:63"
"ادو","دھاموں",1,"63","60:66"
"ادو","راوی",11,"55 56 57 58 59 60","60:50 60:51 60:52 60:53 60:54 60:55 60:56 60:57 60:58 60:59 60:60"
"ادو","سردار",1,"62","60:65"
"ادو","سفید پوش",3,"57 58","60:54 60:56 60:57"
"ادو","سلیمان (کسان)",1,"65","60:70"
"ادو","سکیراں",2,"55 56","60:51 60:53"
"ادو","شاداں",1,"56","60:52"
"ادو","شدین",3,"55 56 60","60:50 60:52 60:60"
"ادو","شوقاں (گھوڑی)",1,"65","60:70"
"ادو","ملا اسماعیل",1,"60","60:61"
"ادو","ملّا گھیچری",1,"55","60:51"
"ادو","ملک (دارا کی کہانی)",1,"61","60:63"
"ادو","مندی",2,"55 56","60:51 60:53"
"ادو","ٹو (نر گھوڑا)",1,"58","60:57"
"ادو","پھلا",4,"57 58 59","60:54 60:56 60:58 60:59"
"ادو","چاچا حنفیا",1,"56","60:53"
"ادو","چدی",1,"60","60:60"
"ادو","چوہدری تغیرے",1,"65","60:70"
"ادو","کئی رانی (گھوڑی)",1,"63","60:67"
"ادو","کالا بدل (ریچھ)",1,"59","60:58"
"ادو","کماں",1,"60","60:61"
"ادو","گازی",2,"58 59","60:56 60:58"
"ادو","گاگو",5,"57 58 59","60:54 60:56 60:57 60:58 60:59"
"ادو","گلو (مراثی کا منڈا)",1,"65","60:70"
"ادو","گومی",1,"56","60:52"
"ادو","گھینا",1,"60","60:60"
"باگو خوشیا","بلونگڑا",2,"46 55","51:41 51:59"
"باگو خوشیا","بمبو",2,"46 53","51:41 51:56"
"باگو خوشیا","بنی",3,"49 50 54","51:48 51:49 51:58"
"باگو خوشیا","بچھیری (گھوڑی)",3,"23 46 52","28:18 51:41 51:54"
"باگو خوشیا","تائی",1,"56","51:61"
"باگو خوشیا","جاگیردار",2,"50 51","51:49 51:52"
"باگو خوشیا","حضرت صاحب",5,"23 29 30 53","28:18 28:19 28:31 29:31 51:56"
"باگو خوشیا","دھاموں",3,"28 29","28:28 29:28 29:30"
"باگو خوشیا","راوی",24,"23 24 25 26 27 28 29 46 47 48 49 50 51","28:18 28:19 28:20 28:21 28:22 28:23 28:24 28:25 28:26 28:27 28:28 29:28 29:29 51:41 51:42 51:43 51:44 51:45 51:46 51:47 51:48 51:49 51:50 51:51"
"باگو خوشیا","رشیدہ",2,"25 34","28:22 29:39"
"باگو خوشیا","سردار",3,"26 27","28:24 28:26 28:27"
"باگو خوشیا","سفید پوش",1,"52","51:54"
"باگو خوشیا","سلامتے",3,"24 29 30","28:20 28:31 29:31"
"باگو خوشیا","سلیمان (کسان)",1,"25","28:22"
"باگو خوشیا","سکیراں",4,"28 29 51","28:28 29:28 29:29 51:51"
"باگو خوشیا","سید کرم شاہ",1,"23","28:18"
"باگو خوشیا","شاداں",1,"51","51:52"
"باگو خوشیا","شدین",3,"50 51","51:49 51:50 51:52"
"باگو خوشیا","صفیہ",2,"24 25","28:21 28:22"
"باگو خوشیا","ضابطے خاں",7,"46 47 48 49","51:42 51:43 51:44 51:45 51:46 51:47 51:48"
"باگو خوشیا","متاب ٹیڑی",6,"46 47 48 49","51:42 51:43 51:45 51:46 51:47 51:48"
"باگو خوشیا","متاب کی بیوی",2,"47 49","51:43 51:48"
"باگو خوشیا","ملا اسماعیل",4,"28 29 46 56","28:29 29:29 51:42 51:61"
"باگو خوشیا","ملّا گھیچری",3,"28 29 51","28:29 29:29 51:51"
"باگو خوشیا","ملک (دارا کی کہانی)",2,"47 48","51:44 51:45"
"باگو خوشیا","ملک سمندر خاں",1,"47","51:44"
"باگو خوشیا","مندی",3,"28 29 51","28:29 29:29 51:51"
"باگو خوشیا","منہا یبل",2,"28 29","28:29 29:29"
"باگو خوشیا","مولو تیلی",4,"26 27","28:24 28:25 28:26 28:27"
"باگو خوشیا","نبو میراثی",4,"26 27","28:24 28:25 28:26 28:27"
"باگو خوشیا","نوراں",1,"24","28:21"
"باگو خوشیا","ٹو (نر گھوڑا)",4,"23 29 54","28:19 28:30 29:30 51:57"
"باگو خوشیا","پھلا",2,"46 52","51:41 51:54"
"باگو خوشیا","چاچا حنفیا",4,"28 29 52","28:28 29:28 29:30 51:53"
"باگو خوشیا","چدی",1,"55","51:60"
"باگو خوشیا","چوہدری جلال",3,"24 29 30","28:20 28:31 29:31"
"باگو خوشیا","کالا بدل (ریچھ)",3,"23 34 54","28:19 29:39 51:58"
"باگو خوشیا","کرملی",1,"23","28:19"
"باگو خوشیا","کرنل صاحب",2,"23","28:18 28:19"
"باگو خوشیا","کماں",1,"56","51:61"
"باگو خوشیا","گازی",1,"53","51:56"
"باگو خوشیا","گاما",1,"24","28:20"
"باگو خوشیا","گاموں مراثی",3,"23 29 30","28:18 28:31 29:31"
"باگو خوشیا","گاگو",2,"46 52","51:41 51:54"
"باگو خوشیا","گلو (مراثی کا منڈا)",2,"31","28:34 29:34"
"باگو خوشیا","گومی",1,"51","51:52"
"باگو خوشیا","گھینا",1,"55","51:60"
"بلونگڑا","بمبو",4,"41 57 58 59","41:41 59:56 59:58 59:59"
"بلونگڑا","بنی",3,"44 54 58","41:48 59:49 59:58"
"بلونگڑا","بچھیری (گھوڑی)",7,"41 56 57 58 59","41:41 59:54 59:55 59:56 59:57 59:58 59:59"
"بلونگڑا","بیبو",1,"61","59:63"
"بلونگڑا","تائی",1,"60","59:61"
"بلونگڑا","جاگیردار",8,"45 54 55 56 57 58 59","41:49 59:49 59:52 59:54 59:55 59:57 59:58 59:60"
"بلونگڑا","حضرت صاحب",3,"36 57 58","41:31 59:56 59:57"
"بلونگڑا","دارو",1,"62","59:66"
"بلونگڑا","دارے لوہار",1,"61","59:63"
"بلونگڑا","دھاموں",2,"36 62","41:32 59:66"
"بلونگڑا","راوی",22,"36 37 38 39 40 41 54 55 56 57 58 59","41:31 41:32 41:33 41:34 41:35 41:36 41:37 41:38 41:39 41:40 41:41 59:49 59:50 59:51 59:52 59:53 59:54 59:55 59:56 59:57 59:58 59:59"
"بلونگڑا","رشیدہ",1,"40","41:39"
"بلونگڑا","سردار",1,"62","59:65"
"بلونگڑا","سفید پوش",3,"56 57 58","59:54 59:56 59:57"
"بلونگڑا","سلامتے",3,"36 37 38","41:31 41:34 41:35"
"بلونگڑا","سکیراں",5,"36 40 46 55 56","41:32 41:40 41:51 59:51 59:53"
"بلونگڑا","شاداں",1,"55","59:52"
"بلونگڑا","شدین",5,"45 54 55 59","41:49 59:49 59:50 59:52 59:60"
"بلونگڑا","ضابطے خاں",1,"41","41:42"
"بلونگڑا","متاب ٹیڑی",1,"41","41:42"
"بلونگڑا","متاب کی بیوی",1,"42","41:43"
"بلونگڑا","ملا اسماعیل",2,"41 60","41:42 59:61"
"بلونگڑا","ملّا گھیچری",2,"46 55","41:51 59:51"
"بلونگڑا","ملک (دارا کی کہانی)",2,"42 61","41:44 59:63"
"بلونگڑا","ملک سمندر خاں",1,"42","41:44"
"بلونگڑا","مندی",5,"36 40 46 55 56","41:32 41:40 41:51 59:51 59:53"
"بلونگڑا","منہا یبل",1,"40","41:40"
"بلونگڑا","ٹو (نر گھوڑا)",1,"58","59:57"
"بلونگڑا","پھلا",5,"41 56 57 58 59","41:41 59:54 59:56 59:58 59:59"
"بلونگڑا","چاچا حنفیا",2,"40 56","41:40 59:53"
"بلونگڑا","چدی",1,"59","59:60"
"بلونگڑا","چوہدری جلال",2,"36 37","41:31 41:33"
"بلونگڑا","کئی رانی (گھوڑی)",1,"63","59:67"
"بلونگڑا","کالا بدل (ریچھ)",2,"40 58","41:39 59:58"
"بلونگڑا","کماں",1,"60","59:61"
"بلونگڑا","گازی",2,"57 58","59:56 59:58"
"بلونگڑا","گاموں مراثی",4,"36 37 38","41:31 41:33 41:34 41:35"
"بلونگڑا","گاگو",6,"41 56 57 58 59","41:41 59:54 59:56 59:57 59:58 59:59"
"بلونگڑا","گلو (مراثی کا منڈا)",2,"37 38","41:34 41:35"
"بلونگڑا","گومی",1,"55","59:52"
"بلونگڑا","گھینا",1,"59","59:60"
"بمبو","بنی",7,"44 52 57 58 91","41:48 56:48 56:49 56:58 58:58 59:58 91:91"
"بمبو","بچھیری (گھوڑی)",10,"41 55 56 57 58 59 91","41:41 56:54 56:55 56:56 58:56 58:57 58:58 59:58 59:59 91:91"
"بمبو","بیبو",3,"59 60 61","56:63 58:63 59:63"
"بمبو","تائی",3,"58 59 60","56:61 58:61 59:61"
"بمبو","جاگیردار",10,"45 52 54 55 56 57 58 59","41:49 56:49 56:52 56:54 56:55 56:57 58:57 58:58 59:58 59:60"
"بمبو","حضرت صاحب",5,"36 56 57 96","41:31 56:56 58:56 58:57 91:101"
"بمبو","حیدری",1,"92","91:93"
"بمبو","دارو",3,"61 62","56:66 58:66 59:66"
"بمبو","دارے لوہار",3,"59 60 61","56:63 58:63 59:63"
"بمبو","دھاموں",4,"36 61 62","41:32 56:66 58:66 59:66"
"بمبو","راوی",38,"36 37 38 39 40 41 51 52 53 54 55 56 57 58 59 86 87 88 89 90 91","41:31 41:32 41:33 41:34 41:35 41:36 41:37 41:38 41:39 41:40 41:41 56:46 56:47 56:48 56:49 56:50 56:51 56:52 56:53 56:54 56:55 56:56 58:56 58:57 58:58 59:58 59:59 91:81 91:82 91:83 91:84 91:85 91:86 91:87 91:88 91:89 91:90 91:91"
"بمبو","رسولاں",1,"93","91:95"
"بمبو","رشیدہ",1,"40","41:39"
"بمبو","رضیہ",1,"93","91:95"
"بمبو","سردار",7,"60 61 62 87 88 89 90","56:65 58:65 59:65 91:84 91:85 91:87 91:90"
"بمبو","سردار گور دیال سنگھ",4,"87 88 89 90","91:84 91:85 91:87 91:90"
"بمبو","سردار گور دیال سنگھ کی کنجری صندلاں",1,"89","91:87"
"بمبو","سفید پوش",4,"55 56 57","56:54 56:56 58:56 58:57"
"بمبو","سلامتے",3,"36 37 38","41:31 41:34 41:35"
"بمبو","سلیمان (کسان)",1,"91","91:92"
"بمبو","سکیراں",5,"36 40 46 53 54","41:32 41:40 41:51 56:51 56:53"
"بمبو","شاداں",1,"54","56:52"
"بمبو","شبیر",1,"93","91:95"
"بمبو","شدین",7,"45 52 53 54 58 59","41:49 56:49 56:50 56:52 56:60 58:60 59:60"
"بمبو","شوقاں (گھوڑی)",1,"91","91:91"
"بمبو","ضابطے خاں",4,"41 51 52","41:42 56:46 56:47 56:48"
"بمبو","غلام علی",1,"87","91:83"
"بمبو","متاب ٹیڑی",4,"41 51 52","41:42 56:46 56:47 56:48"
"بمبو","متاب کی بیوی",2,"42 52","41:43 56:48"
"بمبو","ملا اسماعیل",4,"41 58 59 60","41:42 56:61 58:61 59:61"
"بمبو","ملّا گھیچری",2,"46 53","41:51 56:51"
"بمبو","ملک (دارا کی کہانی)",4,"42 59 60 61","41:44 56:63 58:63 59:63"
"بمبو","ملک سمندر خاں",1,"42","41:44"
"بمبو","مندی",5,"36 40 46 53 54","41:32 41:40 41:51 56:51 56:53"
"بمبو","منہا یبل",1,"40","41:40"
"بمبو","ٹو (نر گھوڑا)",2,"56 57","56:57 58:57"
"بمبو","پھلا",7,"41 55 56 57 58 59","41:41 56:54 56:56 58:56 58:58 59:58 59:59"
"بمبو","پھمن",6,"86 87 88 89 96","91:82 91:84 91:85 91:87 91:88 91:101"
"بمبو","پھمن کی نانی",7,"86 87 88 89","91:81 91:82 91:83 91:84 91:85 91:86 91:88"
"بمبو","چاچا حنفیا",2,"40 54","41:40 56:53"
"بمبو","چدی",3,"58 59","56:60 58:60 59:60"
"بمبو","چوہدری تغیرے",1,"92","91:93"
"بمبو","چوہدری جلال",2,"36 37","41:31 41:33"
"بمبو","کئی رانی (گھوڑی)",2,"62 63","58:67 59:67"
"بمبو","کالا بدل (ریچھ)",6,"40 57 58 86 90","41:39 56:58 58:58 59:58 91:82 91:90"
"بمبو","کرنل صاحب",1,"90","91:90"
"بمبو","کماں",3,"58 59 60","56:61 58:61 59:61"
"بمبو","گازی",4,"56 57 58","56:56 58:56 58:58 59:58"
"بمبو","گاموں مراثی",4,"36 37 38","41:31 41:33 41:34 41:35"
"بمبو","گاگو",8,"41 55 56 57 58 59","41:41 56:54 56:56 58:56 58:57 58:58 59:58 59:59"
"بمبو","گلو (مراثی کا منڈا)",2,"37 38","41:34 41:35"
"بمبو","گومی",1,"54","56:52"
"بمبو","گھینا",3,"58 59","56:60 58:60 59:60"
"بنی","بچھیری (گھوڑی)",15,"44 51 56 57 58 71 72 76 91 93 96","48:41 48:54 49:54 58:54 58:55 58:56 58:57 58:58 73:70 73:72 73:80 91:91 92:91 92:94 99:94"
"بنی","بیبو",5,"60 68 69 70","58:63 73:63 73:65 73:66 73:67"
"بنی","تائی",2,"59 73","58:61 73:74"
"بنی","جاگیردار",8,"48 49 53 55 56 57 58","48:49 49:49 58:49 58:52 58:54 58:55 58:57 58:58"
"بنی","حضرت صاحب",7,"52 57 96 100","48:56 49:56 58:56 58:57 91:101 92:101 99:101"
"بنی","حیدری",6,"71 72 76 92 96","73:70 73:72 73:80 91:93 92:93 99:93"
"بنی","دارو",3,"62 69 102","58:66 73:66 99:106"
"بنی","دارے لوہار",7,"60 68 69 70 71","58:63 73:63 73:65 73:66 73:67 73:68 73:69"
"بنی","دھاموں",5,"62 69 70 71","58:66 73:66 73:67 73:68 73:69"
"بنی","راوی",53,"43 44 45 46 47 48 49 53 54 55 56 57 58 68 69 70 71 72 73 86 87 88 89 90 91 92 96 97 98 99","48:38 48:39 48:40 48:41 48:42 48:43 48:44 48:45 48:46 48:47 48:48 49:48 49:49 58:49 58:50 58:51 58:52 58:53 58:54 58:55 58:56 58:57 58:58 73:63 73:65 73:66 73:67 73:68 73:69 73:70 73:71 73:72 73:73 91:81 91:82 91:83 91:84 91:85 91:86 91:87 91:88 91:89 91:90 91:91 92:91 92:93 99:93 99:94 99:95 99:96 99:97 99:98 99:99"
"بنی","رسولاں",7,"93 97 98 99","91:95 92:95 99:95 99:96 99:97 99:98 99:99"
"بنی","رشیدہ",1,"43","48:39"
"بنی","رضیہ",6,"93 97 98","91:95 92:95 99:95 99:96 99:97 99:98"
"بنی","سردار",9,"61 69 72 73 87 88 89 90 102","58:65 73:65 73:71 73:73 91:84 91:85 91:87 91:90 99:105"
"بنی","سردار گور دیال سنگھ",5,"87 88 89 90 102","91:84 91:85 91:87 91:90 99:105"
"بنی","سردار گور دیال سنگھ کی کنجری صندلاں",2,"89 102","91:87 99:105"
"بنی","سفید پوش",5,"51 56 57","48:54 49:54 58:54 58:56 58:57"
"بنی","سلامتے",2,"72 76","73:72 73:80"
"بنی","سلیمان (کسان)",9,"71 91 92 95 97 98 99","73:70 91:92 92:92 99:92 99:95 99:96 99:97 99:98 99:99"
"بنی","سکندر",1,"74","73:76"
"بنی","سکیراں",5,"44 49 50 54 55","48:40 48:51 49:51 58:51 58:53"
"بنی","سید کرم شاہ",1,"103","99:107"
"بنی","شاداں",3,"50 55","48:52 49:52 58:52"
"بنی","شبیر",6,"93 97 98","91:95 92:95 99:95 99:96 99:97 99:98"
"بنی","شدین",8,"48 49 53 54 55 59 72 73","48:49 49:49 58:49 58:50 58:52 58:60 73:71 73:73"
"بنی","شوقاں (گھوڑی)",7,"71 72 76 91 92 96","73:70 73:72 73:80 91:91 92:91 92:93 99:93"
"بنی","ضابطے خاں",8,"45 46 47 48","48:42 48:43 48:44 48:45 48:46 48:47 48:48 49:48"
"بنی","عمری بھرین",2,"97 100","92:102 99:102"
"بنی","غلام علی",2,"78 87","73:83 91:83"
"بنی","لالو",1,"75","73:77"
"بنی","متاب ٹیڑی",7,"45 46 47 48","48:42 48:43 48:45 48:46 48:47 48:48 49:48"
"بنی","متاب کی بیوی",3,"45 48","48:43 48:48 49:48"
"بنی","ملا اسماعیل",3,"45 59 74","48:42 58:61 73:76"
"بنی","ملّا گھیچری",3,"49 50 54","48:51 49:51 58:51"
"بنی","ملک (دارا کی کہانی)",11,"46 60 68 69 70 71 75","48:44 48:45 58:63 73:63 73:64 73:65 73:66 73:67 73:68 73:69 73:78"
"بنی","ملک سمندر خاں",1,"46","48:44"
"بنی","مندی",5,"44 49 50 54 55","48:40 48:51 49:51 58:51 58:53"
"بنی","منہا یبل",1,"44","48:40"
"بنی","نور و ماچھی",2,"97 100","92:102 99:102"
"بنی","نوری کاٹو",1,"72","73:72"
"بنی","ٹو (نر گھوڑا)",3,"52 53 57","48:57 49:57 58:57"
"بنی","پھتی",1,"74","73:76"
"بنی","پھلا",6,"44 51 56 57 58","48:41 48:54 49:54 58:54 58:56 58:58"
"بنی","پھمن",9,"77 86 87 88 89 96 100","73:82 91:82 91:84 91:85 91:87 91:88 91:101 92:101 99:101"
"بنی","پھمن کی نانی",9,"77 86 87 88 89 101","73:81 91:81 91:82 91:83 91:84 91:85 91:86 91:88 99:104"
"بنی","چاچا حنفیا",4,"44 50 51 55","48:40 48:53 49:53 58:53"
"بنی","چدی",2,"59 72","58:60 73:71"
"بنی","چوہدری تغیرے",6,"71 76 92 96","73:70 73:80 91:93 92:93 99:93 99:94"
"بنی","کئی رانی (گھوڑی)",2,"62 70","58:67 73:67"
"بنی","کالا بدل (ریچھ)",7,"43 53 58 77 86 90","48:39 48:58 49:58 58:58 73:82 91:82 91:90"
"بنی","کرنل صاحب",1,"90","91:90"
"بنی","کماں",2,"59 75","58:61 73:77"
"بنی","گازی",4,"52 57 58","48:56 49:56 58:56 58:58"
"بنی","گاگو",7,"44 51 56 57 58","48:41 48:54 49:54 58:54 58:56 58:57 58:58"
"بنی","گلو (مراثی کا منڈا)",2,"71 72","73:70 73:72"
"بنی","گومی",3,"50 55","48:52 49:52 58:52"
"بنی","گھینا",2,"59 72","58:60 73:71"
"بچھیری (گھوڑی)","بیبو",10,"58 59 60 61 66 67 68","54:63 55:63 56:63 57:63 58:63 59:63 70:63 70:65 70:66 70:67"
"بچھیری (گھوڑی)","تائی",16,"57 58 59 60 65 66 72 73 77 78 79","54:61 55:61 56:61 57:61 58:61 59:61 70:61 70:62 70:74 72:74 80:74 80:75 80:76 80:77 80:78 80:79"
"بچھیری (گھوڑی)","جاگیردار",14,"45 51 53 54 55 56 57 58 59 65","41:49 54:49 54:52 54:54 55:54 55:55 56:55 56:57 57:57 58:57 58:58 59:58 59:60 70:60"
"بچھیری (گھوڑی)","حضرت صاحب",19,"2 3 4 5 14 15 16 18 36 55 56 57 96 97","2:3 3:3 5:3 5:4 5:5 18:11 18:13 18:14 18:15 18:18 41:31 54:56 55:56 56:56 57:56 57:57 58:57 91:101 94:101"
"بچھیری (گھوڑی)","حیدری",7,"70 71 72 76 80 92 93","70:70 72:70 72:72 80:72 80:80 91:93 94:93"
"بچھیری (گھوڑی)","دارو",5,"61 62 68","56:66 57:66 58:66 59:66 70:66"
"بچھیری (گھوڑی)","دارے لوہار",12,"58 59 60 61 66 67 68 69","54:63 55:63 56:63 57:63 58:63 59:63 70:63 70:65 70:66 70:67 70:68 70:69"
"بچھیری (گھوڑی)","دھاموں",10,"23 36 61 62 68 69","18:28 41:32 56:66 57:66 58:66 59:66 70:66 70:67 70:68 70:69"
"بچھیری (گھوڑی)","راوی",85,"1 2 3 4 5 13 14 15 16 17 18 36 37 38 39 40 41 49 50 51 52 53 54 55 56 57 58 59 65 66 67 68 69 70 71 72 76 77 78 79 80 86 87 88 89 90 91 92 93 94","2:1 2:2 3:2 3:3 5:3 5:4 5:5 18:8 18:9 18:10 18:11 18:12 18:13 18:14 18:15 18:16 18:17 18:18 41:31 41:32 41:33 41:34 41:35 41:36 41:37 41:38 41:39 41:40 41:41 54:44 54:45 54:46 54:47 54:48 54:49 54:50 54:51 54:52 54:53 54:54 55:54 55:55 56:55 56:56 57:56 57:57 58:57 58:58 59:58 59:59 70:60 70:61 70:62 70:63 70:65 70:66 70:67 70:68 70:69 70:70 72:70 72:71 72:72 80:72 80:73 80:74 80:76 80:77 80:78 80:79 80:80 91:81 91:82 91:83 91:84 91:85 91:86 91:87 91:88 91:89 91:90 91:91 94:91 94:93 94:94"
"بچھیری (گھوڑی)","رسولاں",2,"93 94","91:95 94:95"
"بچھیری (گھوڑی)","رشیدہ",2,"20 40","18:22 41:39"
"بچھیری (گھوڑی)","رضیہ",2,"93 94","91:95 94:95"
"بچھیری (گھوڑی)","سردار",16,"21 60 61 62 67 70 71 72 76 82 87 88 89 90","18:24 55:65 56:65 57:65 58:65 59:65 70:65 70:71 72:71 72:73 80:73 80:84 91:84 91:85 91:87 91:90"
"بچھیری (گھوڑی)","سردار گور دیال سنگھ",5,"82 87 88 89 90","80:84 91:84 91:85 91:87 91:90"
"بچھیری (گھوڑی)","سردار گور دیال سنگھ کی کنجری صندلاں",2,"83 89","80:87 91:87"
"بچھیری (گھوڑی)","سفید پوش",7,"54 55 56 57","54:54 55:54 55:56 56:56 57:56 57:57 58:57"
"بچھیری (گھوڑی)","سلامتے",8,"19 36 37 38 71 72 76 80","18:20 41:31 41:34 41:35 70:72 72:72 80:72 80:80"
"بچھیری (گھوڑی)","سلیمان (کسان)",6,"20 70 71 91 93 94","18:22 70:70 72:70 91:92 94:92 94:95"
"بچھیری (گھوڑی)","سٹین فورڈ (گھوڑا)",5,"1 2 3 4","2:1 2:2 3:2 3:4 5:4"
"بچھیری (گھوڑی)","سکندر",4,"73 74 78","70:76 72:76 80:76 80:77"
"بچھیری (گھوڑی)","سکیراں",6,"23 36 40 46 52 53","18:28 41:32 41:40 41:51 54:51 54:53"
"بچھیری (گھوڑی)","سید کرم شاہ",6,"1 3 4 5 18","2:1 2:4 3:4 5:4 5:5 18:18"
"بچھیری (گھوڑی)","شاداں",1,"53","54:52"
"بچھیری (گھوڑی)","شبیر",2,"93 94","91:95 94:95"
"بچھیری (گھوڑی)","شدین",15,"45 51 52 53 57 58 59 65 70 71 72 76","41:49 54:49 54:50 54:52 54:60 55:60 56:60 57:60 58:60 59:60 70:60 70:71 72:71 72:73 80:73"
"بچھیری (گھوڑی)","شوقاں (گھوڑی)",8,"70 71 72 76 80 91 92 93","70:70 72:70 72:72 80:72 80:80 91:91 94:91 94:93"
"بچھیری (گھوڑی)","صاحب زادہ نصیر الدین شاہ",3,"9 16 17","5:14 18:14 18:16"
"بچھیری (گھوڑی)","صفیہ",1,"19","18:21"
"بچھیری (گھوڑی)","ضابطے خاں",6,"41 49 50 51","41:42 54:44 54:45 54:46 54:47 54:48"
"بچھیری (گھوڑی)","عمری بھرین",1,"98","94:102"
"بچھیری (گھوڑی)","غلام علی",4,"9 16 81 87","5:14 18:14 80:83 91:83"
"بچھیری (گھوڑی)","لالو",3,"73 74 78","70:77 72:77 80:77"
"بچھیری (گھوڑی)","متاب ٹیڑی",5,"41 49 50 51","41:42 54:45 54:46 54:47 54:48"
"بچھیری (گھوڑی)","متاب کی بیوی",2,"42 51","41:43 54:48"
"بچھیری (گھوڑی)","ملا اسماعیل",12,"1 41 57 58 59 60 65 73 74 78","2:1 41:42 54:61 55:61 56:61 57:61 58:61 59:61 70:61 70:76 72:76 80:76"
"بچھیری (گھوڑی)","ملّا گھیچری",2,"46 52","41:51 54:51"
"بچھیری (گھوڑی)","ملک (دارا کی کہانی)",22,"3 4 42 49 58 59 60 61 66 67 68 69 74 75 79","2:4 3:4 5:4 41:44 54:44 54:45 54:63 55:63 56:63 57:63 58:63 59:63 70:63 70:64 70:65 70:66 70:67 70:68 70:69 70:78 72:78 80:78"
"بچھیری (گھوڑی)","ملک سمندر خاں",2,"42 49","41:44 54:44"
"بچھیری (گھوڑی)","مندی",5,"36 40 46 52 53","41:32 41:40 41:51 54:51 54:53"
"بچھیری (گھوڑی)","منہا یبل",1,"40","41:40"
"بچھیری (گھوڑی)","موجو",7,"4 5 6 13 14 15","2:7 3:7 5:7 18:8 18:9 18:10 18:12"
"بچھیری (گھوڑی)","مولو تیلی",1,"21","18:24"
"بچھیری (گھوڑی)","نبو میراثی",1,"21","18:24"
"بچھیری (گھوڑی)","نور و ماچھی",1,"98","94:102"
"بچھیری (گھوڑی)","نوراں",1,"19","18:21"
"بچھیری (گھوڑی)","نوری کاٹو",3,"71 72 76","70:72 72:72 80:72"
"بچھیری (گھوڑی)","ٹو (نر گھوڑا)",10,"2 3 4 5 18 55 56 57","2:3 3:3 5:3 5:5 18:19 54:57 55:57 56:57 57:57 58:57"
"بچھیری (گھوڑی)","ٹھمکی",7,"4 5 6 13 14 15","2:7 3:7 5:7 18:8 18:9 18:10 18:12"
"بچھیری (گھوڑی)","پھتی",4,"73 74 78","70:76 72:76 80:76 80:77"
"بچھیری (گھوڑی)","پھلا",13,"2 3 4 41 54 55 56 57 58 59","2:3 3:3 5:3 41:41 54:54 55:54 55:56 56:56 57:56 57:58 58:58 59:58 59:59"
"بچھیری (گھوڑی)","پھمن",9,"77 81 86 87 88 89 96 97","72:82 80:82 91:82 91:84 91:85 91:87 91:88 91:101 94:101"
"بچھیری (گھوڑی)","پھمن کی نانی",10,"76 80 86 87 88 89 99","72:81 80:81 91:81 91:82 91:83 91:84 91:85 91:86 91:88 94:104"
"بچھیری (گھوڑی)","چاچا حنفیا",3,"23 40 53","18:28 41:40 54:53"
"بچھیری (گھوڑی)","چدی",9,"57 58 59 65 70 71","54:60 55:60 56:60 57:60 58:60 59:60 70:60 70:71 72:71"
"بچھیری (گھوڑی)","چوہدری تغیرے",7,"70 71 76 80 92 93 94","70:70 72:70 72:80 80:80 91:93 94:93 94:94"
"بچھیری (گھوڑی)","چوہدری جلال",3,"19 36 37","18:20 41:31 41:33"
"بچھیری (گھوڑی)","کئی رانی (گھوڑی)",4,"62 63 68","57:67 58:67 59:67 70:67"
"بچھیری (گھوڑی)","کالا بدل (ریچھ)",19,"4 5 6 13 14 15 18 40 56 57 58 77 81 86 90","2:7 3:7 5:7 18:8 18:9 18:10 18:12 18:19 41:39 54:58 55:58 56:58 57:58 58:58 59:58 72:82 80:82 91:82 91:90"
"بچھیری (گھوڑی)","کرملی",7,"1 2 3 4 5 18","2:1 2:2 3:2 3:3 5:3 5:5 18:19"
"بچھیری (گھوڑی)","کرنل صاحب",4,"1 18 85 90","2:1 18:18 80:90 91:90"
"بچھیری (گھوڑی)","کماں",12,"57 58 59 60 65 73 74 78 79","54:61 55:61 56:61 57:61 58:61 59:61 70:61 70:77 72:77 80:77 80:78 80:79"
"بچھیری (گھوڑی)","گازی",7,"55 56 57 58","54:56 55:56 56:56 57:56 57:58 58:58 59:58"
"بچھیری (گھوڑی)","گاما",1,"19","18:20"
"بچھیری (گھوڑی)","گاموں مراثی",12,"1 2 3 4 5 18 36 37 38","2:1 2:2 3:2 3:3 5:3 5:4 5:5 18:18 41:31 41:33 41:34 41:35"
"بچھیری (گھوڑی)","گاگو",11,"41 54 55 56 57 58 59","41:41 54:54 55:54 55:56 56:56 57:56 57:57 58:57 58:58 59:58 59:59"
"بچھیری (گھوڑی)","گلو (مراثی کا منڈا)",6,"37 38 70 71 72 76","41:34 41:35 70:70 72:70 72:72 80:72"
"بچھیری (گھوڑی)","گومی",1,"53","54:52"
"بچھیری (گھوڑی)","گھینا",9,"57 58 59 65 70 71","54:60 55:60 56:60 57:60 58:60 59:60 70:60 70:71 72:71"
"بیبو","تائی",5,"62 69 70","63:61 63:62 65:74 66:74 67:74"
"بیبو","جاگیردار",5,"58 59 60 61","63:54 63:55 63:57 63:58 63:60"
"بیبو","حضرت صاحب",2,"59 60","63:56 63:57"
"بیبو","حیدری",4,"66 67 68","63:70 65:70 66:70 67:70"
"بیبو","دارو",4,"64 65 66","63:66 65:66 66:66 67:66"
"بیبو","دارے لوہار",7,"63 64 65 66 67","63:63 65:63 65:65 66:65 66:66 67:66 67:67"
"بیبو","دھاموں",5,"64 65 66 67","63:66 65:66 66:66 67:66 67:67"
"بیبو","راوی",17,"58 59 60 61 62 63 64 65 66 67","63:53 63:54 63:55 63:56 63:57 63:58 63:59 63:60 63:61 63:62 63:63 65:63 65:65 66:65 66:66 67:66 67:67"
"بیبو","سردار",5,"64 65 68 69","63:65 65:65 66:65 66:71 67:71"
"بیبو","سفید پوش",3,"58 59 60","63:54 63:56 63:57"
"بیبو","سلامتے",4,"67 68 69","63:72 65:72 66:72 67:72"
"بیبو","سلیمان (کسان)",4,"66 67 68","63:70 65:70 66:70 67:70"
"بیبو","سکندر",2,"71","66:76 67:76"
"بیبو","سکیراں",1,"58","63:53"
"بیبو","شدین",5,"61 67 68 69","63:60 63:71 65:71 66:71 67:71"
"بیبو","شوقاں (گھوڑی)",4,"66 67 68","63:70 65:70 66:70 67:70"
"بیبو","لالو",1,"72","67:77"
"بیبو","ملا اسماعیل",3,"62 71","63:61 66:76 67:76"
"بیبو","ملک (دارا کی کہانی)",8,"63 64 65 66 67","63:63 65:63 65:64 65:65 66:65 66:66 67:66 67:67"
"بیبو","مندی",1,"58","63:53"
"بیبو","نوری کاٹو",4,"67 68 69","63:72 65:72 66:72 67:72"
"بیبو","ٹو (نر گھوڑا)",1,"60","63:57"
"بیبو","پھتی",2,"71","66:76 67:76"
"بیبو","پھلا",4,"58 59 60 61","63:54 63:56 63:58 63:59"
"بیبو","چاچا حنفیا",1,"58","63:53"
"بیبو","چدی",5,"61 67 68 69","63:60 63:71 65:71 66:71 67:71"
"بیبو","چوہدری تغیرے",4,"66 67 68","63:70 65:70 66:70 67:70"
"بیبو","کئی رانی (گھوڑی)",4,"65 66 67","63:67 65:67 66:67 67:67"
"بیبو","کالا بدل (ریچھ)",1,"60","63:58"
"بیبو","کماں",2,"62 72","63:61 67:77"
"بیبو","گازی",2,"59 60","63:56 63:58"
"بیبو","گاگو",5,"58 59 60 61","63:54 63:56 63:57 63:58 63:59"
"بیبو","گلو (مراثی کا منڈا)",4,"66 67 68","63:70 65:70 66:70 67:70"
"بیبو","گھینا",5,"61 67 68 69","63:60 63:71 65:71 66:71 67:71"
"تائی","جاگیردار",6,"56 57 58 59 60","61:52 61:54 61:55 61:57 61:58 61:60"
"تائی","حضرت صاحب",2,"58 59","61:56 61:57"
"تائی","حیدری",10,"65 66 72 73 77 78 79","61:70 62:70 74:70 74:72 74:80 75:80 76:80 77:80 78:80 79:80"
"تائی","دارو",3,"63 64 70","61:66 62:66 74:66"
"تائی","دارے لوہار",7,"62 69 70 71","61:63 62:63 74:65 74:66 74:67 74:68 74:69"
"تائی","دھاموں",6,"63 64 70 71","61:66 62:66 74:66 74:67 74:68 74:69"
"تائی","راوی",32,"56 57 58 59 60 61 62 69 70 71 72 73 74 75 76 77 78 79","61:51 61:52 61:53 61:54 61:55 61:56 61:57 61:58 61:59 61:60 61:61 62:61 62:62 74:65 74:66 74:67 74:68 74:69 74:70 74:71 74:72 74:73 74:74 75:74 75:76 76:76 77:76 77:77 78:77 78:78 79:78 79:79"
"تائی","سردار",11,"63 69 72 73 79 80 81","61:65 62:65 74:65 74:71 74:73 74:84 75:84 76:84 77:84 78:84 79:84"
"تائی","سردار گور دیال سنگھ",6,"79 80 81","74:84 75:84 76:84 77:84 78:84 79:84"
"تائی","سردار گور دیال سنگھ کی کنجری صندلاں",3,"82 83","77:87 78:87 79:87"
"تائی","سفید پوش",3,"57 58 59","61:54 61:56 61:57"
"تائی","سلامتے",8,"67 73 77 78 79","62:72 74:72 74:80 75:80 76:80 77:80 78:80 79:80"
"تائی","سلیمان (کسان)",3,"65 66 72","61:70 62:70 74:70"
"تائی","سکندر",6,"75 76 77","74:76 75:76 76:76 77:76 77:77 78:77"
"تائی","سکیراں",2,"56 57","61:51 61:53"
"تائی","شاداں",1,"56","61:52"
"تائی","شدین",6,"56 60 66 72 73","61:52 61:60 61:71 62:71 74:71 74:73"
"تائی","شوقاں (گھوڑی)",10,"65 66 72 73 77 78 79","61:70 62:70 74:70 74:72 74:80 75:80 76:80 77:80 78:80 79:80"
"تائی","غلام علی",6,"78 79 80 81","74:83 75:83 76:83 77:83 78:83 79:83"
"تائی","لالو",5,"75 76 77","74:77 75:77 76:77 77:77 78:77"
"تائی","ملا اسماعیل",6,"61 75 76","61:61 62:61 74:76 75:76 76:76 77:76"
"تائی","ملّا گھیچری",1,"56","61:51"
"تائی","ملک (دارا کی کہانی)",14,"62 69 70 71 76 77 78","61:63 62:63 74:64 74:65 74:66 74:67 74:68 74:69 74:78 75:78 76:78 77:78 78:78 79:78"
"تائی","مندی",2,"56 57","61:51 61:53"
"تائی","نوری کاٹو",2,"67 73","62:72 74:72"
"تائی","ٹو (نر گھوڑا)",1,"59","61:57"
"تائی","پھتی",6,"75 76 77","74:76 75:76 76:76 77:76 77:77 78:77"
"تائی","پھلا",4,"57 58 59 60","61:54 61:56 61:58 61:59"
"تائی","پھمن",6,"78 79 80","74:82 75:82 76:82 77:82 78:82 79:82"
"تائی","پھمن کی نانی",6,"77 78 79 80","74:81 75:81 76:81 77:81 78:81 79:81"
"تائی","چاچا حنفیا",1,"57","61:53"
"تائی","چدی",4,"60 66 72","61:60 61:71 62:71 74:71"
"تائی","چوہدری تغیرے",9,"65 66 72 77 78 79","61:70 62:70 74:70 74:80 75:80 76:80 77:80 78:80 79:80"
"تائی","کئی رانی (گھوڑی)",3,"64 70","61:67 62:67 74:67"
"تائی","کالا بدل (ریچھ)",7,"59 78 79 80","61:58 74:82 75:82 76:82 77:82 78:82 79:82"
"تائی","کماں",10,"61 75 76 77 78 79","61:61 62:61 74:77 75:77 76:77 77:77 78:77 78:78 79:78 79:79"
"تائی","گازی",2,"58 59","61:56 61:58"
"تائی","گاگو",5,"57 58 59 60","61:54 61:56 61:57 61:58 61:59"
"تائی","گلو (مراثی کا منڈا)",4,"65 66 72 73","61:70 62:70 74:70 74:72"
"تائی","گومی",1,"56","61:52"
"تائی","گھینا",4,"60 66 72","61:60 61:71 62:71 74:71"
"تاباں","حضرت صاحب",3,"105 106 109","110:101 110:102 110:108"
"تاباں","دارو",2,"108","110:106 110:107"
"تاباں","راوی",15,"105 106 107 108 109 110 111 112","110:100 110:101 110:102 110:103 110:104 110:105 110:106 110:107 110:108 110:109 110:110 111:110 111:111 112:111 112:112"
"تاباں","سردار",2,"107 108","110:105 110:106"
"تاباں","سردار گور دیال سنگھ",2,"107 108","110:105 110:106"
"تاباں","سردار گور دیال سنگھ کی کنجری صندلاں",2,"107 108","110:105 110:106"
"تاباں","سید کرم شاہ",1,"108","110:107"
"تاباں","عمری بھرین",1,"106","110:102"
"تاباں","غفورے ڈرائیور",5,"110 111 112","110:110 111:110 111:111 112:111 112:112"
"تاباں","نور و ماچھی",2,"106","110:102 110:103"
"تاباں","پھمن",4,"105 106 110","110:101 110:102 110:110 111:110"
"تاباں","پھمن کی نانی",2,"107","110:104 110:105"
"جاگیردار","حضرت صاحب",7,"52 54 55 56 57","49:56 52:56 54:56 55:56 57:56 57:57 58:57"
"جاگیردار","حیدری",1,"65","60:70"
"جاگیردار","دارو",3,"61 62 63","57:66 58:66 60:66"
"جاگیردار","دارے لوہار",5,"58 59 60 61","54:63 55:63 57:63 58:63 60:63"
"جاگیردار","دھاموں",3,"61 62 63","57:66 58:66 60:66"
"جاگیردار","راوی",28,"44 45 46 47 48 49 50 51 52 53 54 55 56 57 58 59 60","49:39 49:40 49:41 49:42 49:43 49:44 49:45 49:46 49:47 49:48 49:49 52:49 52:50 52:51 52:52 54:52 54:53 54:54 55:54 55:55 57:55 57:56 57:57 58:57 58:58 60:58 60:59 60:60"
"جاگیردار","رشیدہ",1,"44","49:39"
"جاگیردار","سردار",4,"60 61 62","55:65 57:65 58:65 60:65"
"جاگیردار","سفید پوش",8,"51 53 54 55 56 57","49:54 52:54 54:54 55:54 55:56 57:56 57:57 58:57"
"جاگیردار","سلیمان (کسان)",1,"65","60:70"
"جاگیردار","سکیراں",5,"44 50 51 52 53","49:40 49:51 52:51 52:53 54:53"
"جاگیردار","شاداں",3,"50 52 53","49:52 52:52 54:52"
"جاگیردار","شدین",10,"49 50 51 52 53 57 58 59 60","49:49 52:49 52:50 52:52 54:52 54:60 55:60 57:60 58:60 60:60"
"جاگیردار","شوقاں (گھوڑی)",1,"65","60:70"
"جاگیردار","ضابطے خاں",7,"45 46 47 48","49:42 49:43 49:44 49:45 49:46 49:47 49:48"
"جاگیردار","متاب ٹیڑی",6,"45 46 47 48","49:42 49:43 49:45 49:46 49:47 49:48"
"جاگیردار","متاب کی بیوی",2,"46 48","49:43 49:48"
"جاگیردار","ملا اسماعیل",7,"45 56 57 58 59 60","49:42 52:61 54:61 55:61 57:61 58:61 60:61"
"جاگیردار","ملّا گھیچری",2,"50 51","49:51 52:51"
"جاگیردار","ملک (دارا کی کہانی)",7,"46 47 58 59 60 61","49:44 49:45 54:63 55:63 57:63 58:63 60:63"
"جاگیردار","ملک سمندر خاں",1,"46","49:44"
"جاگیردار","مندی",5,"44 50 51 52 53","49:40 49:51 52:51 52:53 54:53"
"جاگیردار","منہا یبل",1,"44","49:40"
"جاگیردار","ٹو (نر گھوڑا)",6,"53 54 55 56 57","49:57 52:57 54:57 55:57 57:57 58:57"
"جاگیردار","پھلا",11,"45 51 53 54 55 56 57 58 59","49:41 49:54 52:54 54:54 55:54 55:56 57:56 57:58 58:58 60:58 60:59"
"جاگیردار","چاچا حنفیا",4,"44 51 52 53","49:40 49:53 52:53 54:53"
"جاگیردار","چدی",6,"56 57 58 59 60","52:60 54:60 55:60 57:60 58:60 60:60"
"جاگیردار","چوہدری تغیرے",1,"65","60:70"
"جاگیردار","کئی رانی (گھوڑی)",3,"62 63","57:67 58:67 60:67"
"جاگیردار","کالا بدل (ریچھ)",8,"44 53 55 56 57 58 59","49:39 49:58 52:58 54:58 55:58 57:58 58:58 60:58"
"جاگیردار","کماں",6,"56 57 58 59 60","52:61 54:61 55:61 57:61 58:61 60:61"
"جاگیردار","گازی",8,"52 54 55 56 57 58 59","49:56 52:56 54:56 55:56 57:56 57:58 58:58 60:58"
"جاگیردار","گاگو",12,"45 51 53 54 55 56 57 58 59","49:41 49:54 52:54 54:54 55:54 55:56 57:56 57:57 58:57 58:58 60:58 60:59"
"جاگیردار","گلو (مراثی کا منڈا)",1,"65","60:70"
"جاگیردار","گومی",3,"50 52 53","49:52 52:52 54:52"
"جاگیردار","گھینا",6,"56 57 58 59 60","52:60 54:60 55:60 57:60 58:60 60:60"
"حضرت صاحب","حیدری",1,"97","101:93"
"حضرت صاحب","دارو",6,"61 103 104 107","56:66 57:66 101:106 102:106 108:106 108:107"
"حضرت صاحب","دارے لوہار",2,"59 60","56:63 57:63"
"حضرت صاحب","دھاموں",7,"23 29 30 31 61","18:28 19:28 31:28 31:30 31:32 56:66 57:66"
"حضرت صاحب","راوی",71,"2 3 4 5 6 8 9 10 11 12 13 14 15 16 17 18 19 26 27 28 29 30 31 51 52 53 54 55 56 57 96 97 98 99 100 101 102 105 106 107 108","3:1 3:2 3:3 4:3 4:4 5:4 5:5 6:5 6:6 11:6 11:7 11:8 11:9 11:10 11:11 13:11 13:12 13:13 14:13 14:14 15:14 15:15 18:15 18:16 18:17 18:18 19:18 19:19 31:21 31:22 31:23 31:24 31:25 31:26 31:27 31:28 31:29 31:30 31:31 56:46 56:47 56:48 56:49 56:50 56:51 56:52 56:53 56:54 56:55 56:56 57:56 57:57 101:91 101:93 101:94 101:95 101:96 101:97 101:98 101:99 101:100 101:101 102:101 102:102 108:102 108:103 108:104 108:105 108:106 108:107 108:108"
"حضرت صاحب","رسولاں",5,"98 99 100","101:95 101:96 101:97 101:98 101:99"
"حضرت صاحب","رشیدہ",7,"17 18 20 26 35","13:22 14:22 15:22 18:22 19:22 31:22 31:39"
"حضرت صاحب","رضیہ",4,"98 99","101:95 101:96 101:97 101:98"
"حضرت صاحب","سردار",13,"19 21 27 28 29 60 61 103 106 107","14:24 15:24 18:24 19:24 31:24 31:26 31:27 56:65 57:65 101:105 102:105 108:105 108:106"
"حضرت صاحب","سردار گور دیال سنگھ",4,"103 106 107","101:105 102:105 108:105 108:106"
"حضرت صاحب","سردار گور دیال سنگھ کی کنجری صندلاں",4,"103 106 107","101:105 102:105 108:105 108:106"
"حضرت صاحب","سفید پوش",4,"55 56 57","56:54 56:56 57:56 57:57"
"حضرت صاحب","سلامتے",7,"15 16 17 19 31","11:20 13:20 14:20 15:20 18:20 19:20 31:31"
"حضرت صاحب","سلیمان (کسان)",12,"17 18 20 26 96 98 99 100","13:22 14:22 15:22 18:22 19:22 31:22 101:92 101:95 101:96 101:97 101:98 101:99"
"حضرت صاحب","سٹین فورڈ (گھوڑا)",5,"2 3 4","3:1 3:2 3:4 4:4 5:4"
"حضرت صاحب","سکیراں",8,"23 29 30 31 53 54","18:28 19:28 31:28 31:29 31:30 31:32 56:51 56:53"
"حضرت صاحب","سید کرم شاہ",17,"2 3 4 5 6 8 14 15 16 18 104 107","3:1 3:4 4:4 5:4 5:5 6:5 6:6 11:6 11:18 13:18 14:18 15:18 18:18 19:18 101:107 102:107 108:107"
"حضرت صاحب","شاداں",1,"54","56:52"
"حضرت صاحب","شبیر",4,"98 99","101:95 101:96 101:97 101:98"
"حضرت صاحب","شدین",5,"52 53 54 58","56:49 56:50 56:52 56:60 57:60"
"حضرت صاحب","شوقاں (گھوڑی)",2,"96 97","101:91 101:93"
"حضرت صاحب","صاحب زادہ نصیر الدین شاہ",9,"9 10 12 13 14 15 17","4:14 5:14 6:14 11:14 13:14 14:14 15:14 15:16 18:16"
"حضرت صاحب","صفیہ",8,"16 17 18 19 20 26","11:21 13:21 14:21 15:21 18:21 19:21 31:21 31:22"
"حضرت صاحب","ضابطے خاں",3,"51 52","56:46 56:47 56:48"
"حضرت صاحب","عمری بھرین",3,"101 102 105","101:102 102:102 108:102"
"حضرت صاحب","غفورے ڈرائیور",3,"105 106 109","101:110 102:110 108:110"
"حضرت صاحب","غلام علی",7,"9 10 12 13 14","4:14 5:14 6:14 11:14 13:14 14:14 15:14"
"حضرت صاحب","متاب ٹیڑی",3,"51 52","56:46 56:47 56:48"
"حضرت صاحب","متاب کی بیوی",1,"52","56:48"
"حضرت صاحب","ملا اسماعیل",5,"2 24 30 58 59","3:1 19:29 31:29 56:61 57:61"
"حضرت صاحب","ملّا گھیچری",4,"24 30 53","19:29 31:29 31:30 56:51"
"حضرت صاحب","ملک (دارا کی کہانی)",5,"3 4 59 60","3:4 4:4 5:4 56:63 57:63"
"حضرت صاحب","مندی",5,"24 30 31 53 54","19:29 31:29 31:32 56:51 56:53"
"حضرت صاحب","منہا یبل",3,"24 30 35","19:29 31:29 31:40"
"حضرت صاحب","موجو",10,"5 6 9 10 11 12","3:7 4:7 5:7 6:7 11:7 11:8 11:9 11:10 11:12 13:12"
"حضرت صاحب","مولو تیلی",8,"19 21 27 28 29","14:24 15:24 18:24 19:24 31:24 31:25 31:26 31:27"
"حضرت صاحب","نبو میراثی",8,"19 21 27 28 29","14:24 15:24 18:24 19:24 31:24 31:25 31:26 31:27"
"حضرت صاحب","نور و ماچھی",4,"101 102 105","101:102 102:102 108:102 108:103"
"حضرت صاحب","نوراں",7,"16 17 18 19 20 26","11:21 13:21 14:21 15:21 18:21 19:21 31:21"
"حضرت صاحب","ٹو (نر گھوڑا)",14,"3 4 5 15 16 17 18 19 30 56 57","3:3 4:3 4:5 5:5 6:5 11:19 13:19 14:19 15:19 18:19 19:19 31:30 56:57 57:57"
"حضرت صاحب","ٹھمکی",10,"5 6 9 10 11 12","3:7 4:7 5:7 6:7 11:7 11:8 11:9 11:10 11:12 13:12"
"حضرت صاحب","پھلا",7,"3 36 55 56 57","3:3 4:3 31:41 56:54 56:56 57:56 57:58"
"حضرت صاحب","پھمن",5,"101 102 105 109","101:101 102:101 102:102 108:102 108:110"
"حضرت صاحب","پھمن کی نانی",4,"102 103 106","101:104 102:104 108:104 108:105"
"حضرت صاحب","چاچا حنفیا",6,"23 29 30 35 54","18:28 19:28 31:28 31:30 31:40 56:53"
"حضرت صاحب","چدی",2,"58","56:60 57:60"
"حضرت صاحب","چوہدری تغیرے",2,"97","101:93 101:94"
"حضرت صاحب","چوہدری جلال",7,"15 16 17 19 31","11:20 13:20 14:20 15:20 18:20 19:20 31:31"
"حضرت صاحب","کئی رانی (گھوڑی)",1,"62","57:67"
"حضرت صاحب","کالا بدل (ریچھ)",18,"5 6 9 10 11 12 16 17 18 19 35 57","3:7 4:7 5:7 6:7 11:7 11:8 11:9 11:10 11:12 13:12 13:19 14:19 15:19 18:19 19:19 31:39 56:58 57:58"
"حضرت صاحب","کرملی",13,"2 3 4 5 15 16 17 18 19","3:1 3:2 3:3 4:3 4:5 5:5 6:5 11:19 13:19 14:19 15:19 18:19 19:19"
"حضرت صاحب","کرنل صاحب",8,"2 14 15 16 18 19","3:1 11:18 13:18 14:18 15:18 18:18 19:18 19:19"
"حضرت صاحب","کماں",2,"58 59","56:61 57:61"
"حضرت صاحب","گازی",3,"56 57","56:56 57:56 57:58"
"حضرت صاحب","گاما",6,"15 16 17 19","11:20 13:20 14:20 15:20 18:20 19:20"
"حضرت صاحب","گاموں مراثی",15,"2 3 4 5 14 15 16 18 31","3:1 3:2 3:3 4:3 4:4 5:4 5:5 6:5 11:18 13:18 14:18 15:18 18:18 19:18 31:31"
"حضرت صاحب","گاگو",5,"36 55 56 57","31:41 56:54 56:56 57:56 57:57"
"حضرت صاحب","گلو (مراثی کا منڈا)",1,"32","31:34"
"حضرت صاحب","گومی",1,"54","56:52"
"حضرت صاحب","گھینا",2,"58","56:60 57:60"
"حیدری","دارو",1,"68","70:66"
"حیدری","دارے لوہار",6,"66 67 68 69","70:63 70:65 70:66 70:67 70:68 70:69"
"حیدری","دھاموں",4,"68 69","70:66 70:67 70:68 70:69"
"حیدری","راوی",31,"65 66 67 68 69 70 71 72 76 77 78 79 80 88 89 90 91 92 93","70:60 70:61 70:62 70:63 70:65 70:66 70:67 70:68 70:69 70:70 72:70 72:71 72:72 80:72 80:73 80:74 80:76 80:77 80:78 80:79 80:80 93:83 93:84 93:85 93:86 93:87 93:88 93:89 93:90 93:91 93:93"
"حیدری","رسولاں",1,"94","93:95"
"حیدری","رضیہ",1,"94","93:95"
"حیدری","سردار",10,"67 70 71 72 76 82 88 89 90 91","70:65 70:71 72:71 72:73 80:73 80:84 93:84 93:85 93:87 93:90"
"حیدری","سردار گور دیال سنگھ",5,"82 88 89 90 91","80:84 93:84 93:85 93:87 93:90"
"حیدری","سردار گور دیال سنگھ کی کنجری صندلاں",2,"83 90","80:87 93:87"
"حیدری","سلامتے",4,"71 72 76 80","70:72 72:72 80:72 80:80"
"حیدری","سلیمان (کسان)",4,"70 71 92 94","70:70 72:70 93:92 93:95"
"حیدری","سکندر",4,"73 74 78","70:76 72:76 80:76 80:77"
"حیدری","شبیر",1,"94","93:95"
"حیدری","شدین",5,"65 70 71 72 76","70:60 70:71 72:71 72:73 80:73"
"حیدری","شوقاں (گھوڑی)",7,"70 71 72 76 80 92 93","70:70 72:70 72:72 80:72 80:80 93:91 93:93"
"حیدری","عمری بھرین",1,"97","93:102"
"حیدری","غلام علی",2,"81 88","80:83 93:83"
"حیدری","لالو",3,"73 74 78","70:77 72:77 80:77"
"حیدری","ملا اسماعیل",4,"65 73 74 78","70:61 70:76 72:76 80:76"
"حیدری","ملک (دارا کی کہانی)",10,"66 67 68 69 74 75 79","70:63 70:64 70:65 70:66 70:67 70:68 70:69 70:78 72:78 80:78"
"حیدری","نور و ماچھی",1,"97","93:102"
"حیدری","نوری کاٹو",3,"71 72 76","70:72 72:72 80:72"
"حیدری","پھتی",4,"73 74 78","70:76 72:76 80:76 80:77"
"حیدری","پھمن",7,"77 81 88 89 90 97","72:82 80:82 93:84 93:85 93:87 93:88 93:101"
"حیدری","پھمن کی نانی",7,"76 80 88 89 90","72:81 80:81 93:83 93:84 93:85 93:86 93:88"
"حیدری","چدی",3,"65 70 71","70:60 70:71 72:71"
"حیدری","چوہدری تغیرے",5,"70 71 76 80 93","70:70 72:70 72:80 80:80 93:93"
"حیدری","کئی رانی (گھوڑی)",1,"68","70:67"
"حیدری","کالا بدل (ریچھ)",3,"77 81 91","72:82 80:82 93:90"
"حیدری","کرنل صاحب",2,"85 91","80:90 93:90"
"حیدری","کماں",6,"65 73 74 78 79","70:61 70:77 72:77 80:77 80:78 80:79"
"حیدری","گلو (مراثی کا منڈا)",4,"70 71 72 76","70:70 72:70 72:72 80:72"
"حیدری","گھینا",3,"65 70 71","70:60 70:71 72:71"
"دارو","دارے لوہار",3,"64 65 66","66:63 66:65 66:66"
"دارو","دھاموں",1,"66","66:66"
"دارو","راوی",23,"61 62 63 64 65 66 101 102 103 104 105 106 107","66:56 66:57 66:58 66:59 66:60 66:61 66:62 66:63 66:65 66:66 106:96 106:97 106:98 106:99 106:100 106:101 106:102 106:103 106:104 106:105 106:106 107:106 107:107"
"دارو","رسولاں",4,"101 102","106:96 106:97 106:98 106:99"
"دارو","رضیہ",3,"101 102","106:96 106:97 106:98"
"دارو","سردار",5,"65 68 105 106","66:65 66:71 106:105 106:106 107:106"
"دارو","سردار گور دیال سنگھ",3,"105 106","106:105 106:106 107:106"
"دارو","سردار گور دیال سنگھ کی کنجری صندلاں",3,"105 106","106:105 106:106 107:106"
"دارو","سفید پوش",2,"61","66:56 66:57"
"دارو","سلامتے",1,"69","66:72"
"دارو","سلیمان (کسان)",5,"68 101 102","66:70 106:96 106:97 106:98 106:99"
"دارو","سکندر",1,"71","66:76"
"دارو","سید کرم شاہ",2,"106 107","106:107 107:107"
"دارو","شبیر",3,"101 102","106:96 106:97 106:98"
"دارو","شدین",2,"63 68","66:60 66:71"
"دارو","شوقاں (گھوڑی)",1,"68","66:70"
"دارو","عمری بھرین",1,"104","106:102"
"دارو","غفورے ڈرائیور",2,"108","106:110 107:110"
"دارو","ملا اسماعیل",2,"63 71","66:61 66:76"
"دارو","ملک (دارا کی کہانی)",4,"64 65 66","66:63 66:64 66:65 66:66"
"دارو","نور و ماچھی",2,"104","106:102 106:103"
"دارو","نوری کاٹو",1,"69","66:72"
"دارو","ٹو (نر گھوڑا)",1,"61","66:57"
"دارو","پھتی",1,"71","66:76"
"دارو","پھلا",3,"61 62","66:56 66:58 66:59"
"دارو","پھمن",4,"103 104 108","106:101 106:102 106:110 107:110"
"دارو","پھمن کی نانی",2,"105","106:104 106:105"
"دارو","چدی",2,"63 68","66:60 66:71"
"دارو","چوہدری تغیرے",1,"68","66:70"
"دارو","کئی رانی (گھوڑی)",1,"66","66:67"
"دارو","کالا بدل (ریچھ)",1,"62","66:58"
"دارو","کماں",1,"63","66:61"
"دارو","گازی",2,"61 62","66:56 66:58"
"دارو","گاگو",4,"61 62","66:56 66:57 66:58 66:59"
"دارو","گلو (مراثی کا منڈا)",1,"68","66:70"
"دارو","گھینا",2,"63 68","66:60 66:71"
"دارے لوہار","دھاموں",9,"64 65 66 67 68 69","63:66 65:66 66:66 67:66 67:67 68:67 68:68 69:68 69:69"
"دارے لوہار","راوی",21,"58 59 60 61 62 63 64 65 66 67 68 69","63:53 63:54 63:55 63:56 63:57 63:58 63:59 63:60 63:61 63:62 63:63 65:63 65:65 66:65 66:66 67:66 67:67 68:67 68:68 69:68 69:69"
"دارے لوہار","سردار",7,"64 65 68 69 70","63:65 65:65 66:65 66:71 67:71 68:71 69:71"
"دارے لوہار","سفید پوش",3,"58 59 60","63:54 63:56 63:57"
"دارے لوہار","سلامتے",6,"67 68 69 70","63:72 65:72 66:72 67:72 68:72 69:72"
"دارے لوہار","سلیمان (کسان)",6,"66 67 68 69","63:70 65:70 66:70 67:70 68:70 69:70"
"دارے لوہار","سکندر",4,"71 72","66:76 67:76 68:76 69:76"
"دارے لوہار","سکیراں",1,"58","63:53"
"دارے لوہار","شدین",7,"61 67 68 69 70","63:60 63:71 65:71 66:71 67:71 68:71 69:71"
"دارے لوہار","شوقاں (گھوڑی)",6,"66 67 68 69","63:70 65:70 66:70 67:70 68:70 69:70"
"دارے لوہار","لالو",3,"72 73","67:77 68:77 69:77"
"دارے لوہار","ملا اسماعیل",5,"62 71 72","63:61 66:76 67:76 68:76 69:76"
"دارے لوہار","ملک (دارا کی کہانی)",12,"63 64 65 66 67 68 69","63:63 65:63 65:64 65:65 66:65 66:66 67:66 67:67 68:67 68:68 69:68 69:69"
"دارے لوہار","مندی",1,"58","63:53"
"دارے لوہار","نوری کاٹو",6,"67 68 69 70","63:72 65:72 66:72 67:72 68:72 69:72"
"دارے لوہار","ٹو (نر گھوڑا)",1,"60","63:57"
"دارے لوہار","پھتی",4,"71 72","66:76 67:76 68:76 69:76"
"دارے لوہار","پھلا",4,"58 59 60 61","63:54 63:56 63:58 63:59"
"دارے لوہار","چاچا حنفیا",1,"58","63:53"
"دارے لوہار","چدی",7,"61 67 68 69 70","63:60 63:71 65:71 66:71 67:71 68:71 69:71"
"دارے لوہار","چوہدری تغیرے",6,"66 67 68 69","63:70 65:70 66:70 67:70 68:70 69:70"
"دارے لوہار","کئی رانی (گھوڑی)",5,"65 66 67","63:67 65:67 66:67 67:67 68:67"
"دارے لوہار","کالا بدل (ریچھ)",1,"60","63:58"
"دارے لوہار","کماں",4,"62 72 73","63:61 67:77 68:77 69:77"
"دارے لوہار","گازی",2,"59 60","63:56 63:58"
"دارے لوہار","گاگو",5,"58 59 60 61","63:54 63:56 63:57 63:58 63:59"
"دارے لوہار","گلو (مراثی کا منڈا)",6,"66 67 68 69","63:70 65:70 66:70 67:70 68:70 69:70"
"دارے لوہار","گھینا",7,"61 67 68 69 70","63:60 63:71 65:71 66:71 67:71 68:71 69:71"
"دھاموں","راوی",33,"23 24 25 26 27 28 29 30 31 32 61 62 63 64 65 66 67 68 69","28:18 28:19 28:20 28:21 28:22 28:23 28:24 28:25 28:26 28:27 28:28 30:28 30:29 30:30 32:30 32:31 32:32 66:56 66:57 66:58 66:59 66:60 66:61 66:62 66:63 66:65 66:66 67:66 67:67 68:67 68:68 69:68 69:69"
"دھاموں","رشیدہ",3,"25 34 35","28:22 30:39 32:39"
"دھاموں","سردار",8,"26 27 65 68 69 70","28:24 28:26 28:27 66:65 66:71 67:71 68:71 69:71"
"دھاموں","سفید پوش",2,"61","66:56 66:57"
"دھاموں","سلامتے",9,"24 29 30 31 33 69 70","28:20 28:31 30:31 32:31 32:34 66:72 67:72 68:72 69:72"
"دھاموں","سلیمان (کسان)",5,"25 68 69","28:22 66:70 67:70 68:70 69:70"
"دھاموں","سکندر",4,"71 72","66:76 67:76 68:76 69:76"
"دھاموں","سکیراں",6,"28 29 30 31 32","28:28 30:28 30:29 30:30 32:30 32:32"
"دھاموں","سید کرم شاہ",1,"23","28:18"
"دھاموں","شدین",5,"63 68 69 70","66:60 66:71 67:71 68:71 69:71"
"دھاموں","شوقاں (گھوڑی)",4,"68 69","66:70 67:70 68:70 69:70"
"دھاموں","صفیہ",2,"24 25","28:21 28:22"
"دھاموں","ضابطے خاں",1,"37","32:42"
"دھاموں","لالو",3,"72 73","67:77 68:77 69:77"
"دھاموں","متاب ٹیڑی",1,"37","32:42"
"دھاموں","ملا اسماعیل",8,"28 29 37 63 71 72","28:29 30:29 32:42 66:61 66:76 67:76 68:76 69:76"
"دھاموں","ملّا گھیچری",4,"28 29 30 31","28:29 30:29 30:30 32:30"
"دھاموں","ملک (دارا کی کہانی)",10,"64 65 66 67 68 69","66:63 66:64 66:65 66:66 67:66 67:67 68:67 68:68 69:68 69:69"
"دھاموں","مندی",4,"28 29 31 32","28:29 30:29 30:32 32:32"
"دھاموں","منہا یبل",4,"28 29 35 36","28:29 30:29 30:40 32:40"
"دھاموں","مولو تیلی",4,"26 27","28:24 28:25 28:26 28:27"
"دھاموں","نبو میراثی",4,"26 27","28:24 28:25 28:26 28:27"
"دھاموں","نوراں",1,"24","28:21"
"دھاموں","نوری کاٹو",4,"69 70","66:72 67:72 68:72 69:72"
"دھاموں","ٹو (نر گھوڑا)",5,"23 29 30 31 61","28:19 28:30 30:30 32:30 66:57"
"دھاموں","پھتی",4,"71 72","66:76 67:76 68:76 69:76"
"دھاموں","پھلا",4,"36 61 62","32:41 66:56 66:58 66:59"
"دھاموں","چاچا حنفیا",5,"28 29 30 31 36","28:28 30:28 30:30 32:30 32:40"
"دھاموں","چدی",5,"63 68 69 70","66:60 66:71 67:71 68:71 69:71"
"دھاموں","چوہدری تغیرے",4,"68 69","66:70 67:70 68:70 69:70"
"دھاموں","چوہدری جلال",5,"24 29 30 31 32","28:20 28:31 30:31 32:31 32:33"
"دھاموں","کئی رانی (گھوڑی)",3,"66 67","66:67 67:67 68:67"
"دھاموں","کالا بدل (ریچھ)",4,"23 34 35 62","28:19 30:39 32:39 66:58"
"دھاموں","کرملی",1,"23","28:19"
"دھاموں","کرنل صاحب",2,"23","28:18 28:19"
"دھاموں","کماں",4,"63 72 73","66:61 67:77 68:77 69:77"
"دھاموں","گازی",2,"61 62","66:56 66:58"
"دھاموں","گاما",1,"24","28:20"
"دھاموں","گاموں مراثی",5,"23 29 30 31 32","28:18 28:31 30:31 32:31 32:33"
"دھاموں","گاگو",5,"36 61 62","32:41 66:56 66:57 66:58 66:59"
"دھاموں","گلو (مراثی کا منڈا)",7,"31 32 33 68 69","28:34 30:34 32:34 66:70 67:70 68:70 69:70"
"دھاموں","گھینا",5,"63 68 69 70","66:60 66:71 67:71 68:71 69:71"
"راوی","رسولاں",19,"90 91 92 93 94 95 96 97 98 99","85:95 86:95 87:95 88:95 89:95 90:95 91:95 93:95 94:95 95:95 96:95 96:96 97:96 97:97 98:97 98:98 99:98 99:99 100:99"
"راوی","رشیدہ",24,"17 18 19 20 21 22 34 35 36 37 38 39","12:22 13:22 14:22 15:22 16:22 17:22 18:22 19:22 20:22 21:22 22:22 23:22 29:39 30:39 31:39 32:39 33:39 34:39 35:39 36:39 37:39 38:39 39:39 40:39"
"راوی","رضیہ",17,"90 91 92 93 94 95 96 97 98","85:95 86:95 87:95 88:95 89:95 90:95 91:95 93:95 94:95 95:95 96:95 96:96 97:96 97:97 98:97 98:98 99:98"
"راوی","سردار",72,"19 20 21 22 23 24 25 26 27 60 61 62 63 64 65 68 69 70 71 72 73 79 80 81 82 83 84 85 86 87 89 90 100 101 102 103 104 105 106","14:24 15:24 16:24 17:24 18:24 19:24 20:24 21:24 22:24 23:24 24:24 25:24 25:26 26:26 27:26 27:27 28:27 55:65 56:65 57:65 58:65 59:65 60:65 61:65 62:65 63:65 65:65 66:65 66:71 67:71 68:71 69:71 70:71 71:71 72:71 72:73 73:73 74:73 74:84 76:84 77:84 78:84 79:84 80:84 81:84 82:84 83:84 84:84 85:84 85:85 86:85 86:87 87:87 88:87 88:90 89:90 90:90 91:90 95:105 96:105 97:105 98:105 99:105 100:105 101:105 102:105 103:105 104:105 105:105 106:105 106:106 107:106"
"راوی","سردار گور دیال سنگھ",34,"79 80 81 82 83 84 85 86 87 89 90 100 101 102 103 104 105 106","74:84 76:84 77:84 78:84 79:84 80:84 81:84 82:84 83:84 84:84 85:84 85:85 86:85 86:87 87:87 88:87 88:90 89:90 90:90 91:90 95:105 96:105 97:105 98:105 99:105 100:105 101:105 102:105 103:105 104:105 105:105 106:105 106:106 107:106"
"راوی","سردار گور دیال سنگھ کی کنجری صندلاں",26,"82 83 84 85 86 87 100 101 102 103 104 105 106","77:87 78:87 79:87 80:87 81:87 82:87 83:87 84:87 85:87 86:87 87:87 88:87 95:105 96:105 97:105 98:105 99:105 100:105 101:105 102:105 103:105 104:105 105:105 106:105 106:106 107:106"
"راوی","سفید پوش",17,"49 50 51 52 53 54 55 56 57","44:54 45:54 46:54 47:54 48:54 49:54 50:54 51:54 52:54 53:54 54:54 55:54 55:56 56:56 57:56 57:57 58:57"
"راوی","سلامتے",49,"15 16 17 18 19 20 26 27 28 29 30 31 33 34 35 67 68 69 70 71 72 76 77 78 79 80","10:20 11:20 12:20 13:20 14:20 15:20 16:20 17:20 18:20 19:20 20:20 21:20 21:31 22:31 23:31 24:31 25:31 26:31 27:31 28:31 29:31 30:31 31:31 32:31 32:34 33:34 34:34 35:34 35:35 36:35 62:72 63:72 65:72 66:72 67:72 68:72 69:72 70:72 71:72 72:72 73:72 73:80 74:80 76:80 77:80 78:80 79:80 80:80 81:80"
"راوی","سلیمان (کسان)",46,"17 18 19 20 21 22 65 66 67 68 69 70 87 88 89 90 91 92 94 95 96 97 98 99","12:22 13:22 14:22 15:22 16:22 17:22 18:22 19:22 20:22 21:22 22:22 23:22 60:70 61:70 62:70 63:70 65:70 66:70 67:70 68:70 69:70 70:70 71:70 82:92 83:92 84:92 85:92 86:92 87:92 88:92 89:92 90:92 91:92 93:92 93:95 94:95 95:95 96:95 96:96 97:96 97:97 98:97 98:98 99:98 99:99 100:99"
"راوی","سٹین فورڈ (گھوڑا)",7,"1 2 3 4","1:1 2:1 2:2 3:2 3:4 4:4 5:4"
"راوی","سکندر",13,"71 72 73 74 75 76 77","66:76 67:76 68:76 69:76 70:76 71:76 72:76 73:76 74:76 76:76 77:76 77:77 78:77"
"راوی","سکیراں",43,"23 24 25 26 27 28 29 30 31 32 36 37 38 39 40 46 47 48 49 50 51 52 53","18:28 19:28 20:28 21:28 22:28 23:28 24:28 25:28 26:28 27:28 28:28 29:28 29:29 30:29 30:30 31:30 31:32 32:32 33:32 33:40 34:40 35:40 36:40 37:40 38:40 39:40 40:40 41:40 41:51 42:51 43:51 44:51 45:51 46:51 47:51 48:51 49:51 50:51 51:51 52:51 52:53 53:53 54:53"
"راوی","سید کرم شاہ",34,"1 3 4 5 6 13 14 15 16 17 18 102 103 104 105 106 107","1:1 2:1 2:4 3:4 4:4 5:4 5:5 6:5 6:6 7:6 8:18 9:18 10:18 11:18 12:18 13:18 14:18 15:18 16:18 17:18 18:18 19:18 97:107 98:107 99:107 100:107 101:107 102:107 103:107 104:107 105:107 106:107 107:107 108:107"
"راوی","شاداں",12,"47 48 49 50 51 52","42:52 43:52 44:52 45:52 46:52 47:52 48:52 49:52 50:52 51:52 52:52 53:52"
"راوی","شبیر",17,"90 91 92 93 94 95 96 97 98","85:95 86:95 87:95 88:95 89:95 90:95 91:95 93:95 94:95 95:95 96:95 96:96 97:96 97:97 98:97 98:98 99:98"
"راوی","شدین",40,"44 45 46 47 48 49 50 51 52 56 57 58 59 60 66 67 68 69 70 71 72 73","39:49 40:49 41:49 42:49 43:49 44:49 45:49 46:49 47:49 48:49 49:49 50:49 50:50 51:50 51:52 52:52 53:52 53:60 54:60 55:60 56:60 57:60 58:60 59:60 60:60 61:60 61:71 62:71 63:71 65:71 66:71 67:71 68:71 69:71 70:71 71:71 72:71 72:73 73:73 74:73"
"راوی","شوقاں (گھوڑی)",36,"65 66 67 68 69 70 71 72 76 77 78 79 80 86 87 88 89 90 91 92 93","60:70 61:70 62:70 63:70 65:70 66:70 67:70 68:70 69:70 70:70 71:70 71:72 72:72 73:72 73:80 74:80 76:80 77:80 78:80 79:80 80:80 81:80 81:91 82:91 83:91 84:91 85:91 86:91 87:91 88:91 89:91 90:91 91:91 93:91 93:93 94:93"
"راوی","صاحب زادہ نصیر الدین شاہ",15,"9 10 11 12 13 14 15 16","4:14 5:14 6:14 7:14 8:14 9:14 10:14 11:14 12:14 13:14 14:14 15:14 15:16 16:16 17:16"
"راوی","صفیہ",14,"16 17 18 19 20 21 22","11:21 12:21 13:21 14:21 15:21 16:21 17:21 18:21 19:21 20:21 21:21 22:21 22:22 23:22"
"راوی","ضابطے خاں",24,"37 38 39 40 41 42 43 44 45 46 47 48","32:42 33:42 34:42 35:42 36:42 37:42 38:42 39:42 40:42 41:42 42:42 43:42 43:43 44:43 44:44 45:44 45:45 46:45 46:46 47:46 47:47 48:47 48:48 49:48"
"راوی","عمری بھرین",11,"97 98 99 100 101 102","93:102 94:102 95:102 96:102 97:102 98:102 99:102 100:102 101:102 102:102 103:102"
"راوی","غفورے ڈرائیور",15,"105 106 107 108 109 110 111 112","100:110 101:110 102:110 103:110 104:110 105:110 106:110 107:110 108:110 109:110 110:110 111:110 111:111 112:111 112:112"
"راوی","غلام علی",23,"9 10 11 12 13 14 78 79 80 81 82 83","4:14 5:14 6:14 7:14 8:14 9:14 10:14 11:14 12:14 13:14 14:14 15:14 73:83 74:83 76:83 77:83 78:83 79:83 80:83 81:83 82:83 83:83 84:83"
"راوی","لالو",11,"72 73 74 75 76 77","67:77 68:77 69:77 70:77 71:77 72:77 73:77 74:77 76:77 77:77 78:77"
"راوی","متاب ٹیڑی",23,"37 38 39 40 41 42 43 44 45 46 47 48","32:42 33:42 34:42 35:42 36:42 37:42 38:42 39:42 40:42 41:42 42:42 43:42 43:43 44:43 44:45 45:45 46:45 46:46 47:46 47:47 48:47 48:48 49:48"
"راوی","متاب کی بیوی",18,"38 39 40 41 42 43 46 47 48","33:43 34:43 35:43 36:43 37:43 38:43 39:43 40:43 41:43 42:43 43:43 44:43 44:48 45:48 46:48 47:48 48:48 49:48"
"راوی","ملا اسماعیل",49,"1 24 25 26 27 28 29 37 38 39 40 41 42 56 57 58 59 60 61 71 72 73 74 75 76","1:1 2:1 19:29 20:29 21:29 22:29 23:29 24:29 25:29 26:29 27:29 28:29 29:29 30:29 32:42 33:42 34:42 35:42 36:42 37:42 38:42 39:42 40:42 41:42 42:42 43:42 51:61 52:61 53:61 54:61 55:61 56:61 57:61 58:61 59:61 60:61 61:61 62:61 66:76 67:76 68:76 69:76 70:76 71:76 72:76 73:76 74:76 76:76 77:76"
"راوی","ملّا گھیچری",26,"24 25 26 27 28 29 30 46 47 48 49 50 51","19:29 20:29 21:29 22:29 23:29 24:29 25:29 26:29 27:29 28:29 29:29 30:29 30:30 31:30 41:51 42:51 43:51 44:51 45:51 46:51 47:51 48:51 49:51 50:51 51:51 52:51"
"راوی","ملک (دارا کی کہانی)",51,"2 3 4 39 40 41 42 43 44 45 58 59 60 61 62 63 64 65 66 67 68 69 74 75 76 77 78","1:4 2:4 3:4 4:4 5:4 34:44 35:44 36:44 37:44 38:44 39:44 40:44 41:44 42:44 43:44 44:44 45:44 45:45 46:45 53:63 54:63 55:63 56:63 57:63 58:63 59:63 60:63 61:63 62:63 63:63 65:63 65:64 65:65 66:65 66:66 67:66 67:67 68:67 68:68 69:68 69:69 70:69 70:78 71:78 72:78 73:78 74:78 76:78 77:78 78:78 79:78"
"راوی","ملک سمندر خاں",12,"39 40 41 42 43 44","34:44 35:44 36:44 37:44 38:44 39:44 40:44 41:44 42:44 43:44 44:44 45:44"
"راوی","مندی",40,"24 25 26 27 28 29 31 32 36 37 38 39 40 46 47 48 49 50 51 52 53","19:29 20:29 21:29 22:29 23:29 24:29 25:29 26:29 27:29 28:29 29:29 30:29 30:32 31:32 32:32 33:32 33:40 34:40 35:40 36:40 37:40 38:40 39:40 40:40 41:40 41:51 42:51 43:51 44:51 45:51 46:51 47:51 48:51 49:51 50:51 51:51 52:51 52:53 53:53 54:53"
"راوی","منہا یبل",24,"24 25 26 27 28 29 35 36 37 38 39 40","19:29 20:29 21:29 22:29 23:29 24:29 25:29 26:29 27:29 28:29 29:29 30:29 30:40 31:40 32:40 33:40 34:40 35:40 36:40 37:40 38:40 39:40 40:40 41:40"
"راوی","موجو",17,"4 5 6 7 8 9 10 11 12","1:7 2:7 3:7 4:7 5:7 6:7 7:7 8:7 8:8 9:8 9:9 10:9 10:10 11:10 11:12 12:12 13:12"
"راوی","مولو تیلی",18,"19 20 21 22 23 24 25 26 27","14:24 15:24 16:24 17:24 18:24 19:24 20:24 21:24 22:24 23:24 24:24 25:24 25:25 26:25 26:26 27:26 27:27 28:27"
"راوی","نبو میراثی",18,"19 20 21 22 23 24 25 26 27","14:24 15:24 16:24 17:24 18:24 19:24 20:24 21:24 22:24 23:24 24:24 25:24 25:25 26:25 26:26 27:26 27:27 28:27"
"راوی","نور و ماچھی",13,"97 98 99 100 101 102 103","93:102 94:102 95:102 96:102 97:102 98:102 99:102 100:102 101:102 102:102 103:102 103:103 104:103"
"راوی","نوراں",12,"16 17 18 19 20 21","11:21 12:21 13:21 14:21 15:21 16:21 17:21 18:21 19:21 20:21 21:21 22:21"
"راوی","نوری کاٹو",11,"67 68 69 70 71 72","62:72 63:72 65:72 66:72 67:72 68:72 69:72 70:72 71:72 72:72 73:72"
"راوی","ٹو (نر گھوڑا)",43,"2 3 4 5 14 15 16 17 18 19 25 26 27 28 29 30 52 53 54 55 56 57","1:3 2:3 3:3 4:3 4:5 5:5 6:5 9:19 10:19 11:19 12:19 13:19 14:19 15:19 16:19 17:19 18:19 19:19 20:19 20:30 21:30 22:30 23:30 24:30 25:30 26:30 27:30 28:30 29:30 30:30 31:30 47:57 48:57 49:57 50:57 51:57 52:57 53:57 54:57 55:57 56:57 57:57 58:57"
"راوی","ٹھمکی",17,"4 5 6 7 8 9 10 11 12","1:7 2:7 3:7 4:7 5:7 6:7 7:7 8:7 8:8 9:8 9:9 10:9 10:10 11:10 11:12 12:12 13:12"
"راوی","پھتی",13,"71 72 73 74 75 76 77","66:76 67:76 68:76 69:76 70:76 71:76 72:76 73:76 74:76 76:76 77:76 77:77 78:77"
"راوی","پھلا",36,"2 3 36 37 38 39 40 41 49 50 51 52 53 54 55 56 57 58 59","1:3 2:3 3:3 4:3 31:41 32:41 33:41 34:41 35:41 36:41 37:41 38:41 39:41 40:41 41:41 42:41 44:54 45:54 46:54 47:54 48:54 49:54 50:54 51:54 52:54 53:54 54:54 55:54 55:56 56:56 57:56 57:58 58:58 59:58 59:59 60:59"
"راوی","پھمن",43,"77 78 79 80 81 82 83 84 85 86 87 88 96 97 98 99 100 101 102 106 107 108 109 110","72:82 73:82 74:82 76:82 77:82 78:82 79:82 80:82 81:82 82:82 83:82 83:84 84:84 85:84 85:85 86:85 86:87 87:87 88:87 88:88 89:88 91:101 93:101 94:101 95:101 96:101 97:101 98:101 99:101 100:101 101:101 102:101 102:102 103:102 103:110 104:110 105:110 106:110 107:110 108:110 109:110 110:110 111:110"
"راوی","پھمن کی نانی",38,"76 77 78 79 80 81 82 83 84 85 86 87 88 99 100 101 102 103 104 105","71:81 72:81 73:81 74:81 76:81 77:81 78:81 79:81 80:81 81:81 82:81 82:82 83:82 83:83 84:83 84:84 85:84 85:85 86:85 86:86 87:86 87:88 88:88 89:88 94:104 95:104 96:104 97:104 98:104 99:104 100:104 101:104 102:104 103:104 104:104 105:104 105:105 106:105"
"راوی","چاچا حنفیا",38,"23 24 25 26 27 28 29 30 35 36 37 38 39 40 48 49 50 51 52 53","18:28 19:28 20:28 21:28 22:28 23:28 24:28 25:28 26:28 27:28 28:28 29:28 29:30 30:30 31:30 31:40 32:40 33:40 34:40 35:40 36:40 37:40 38:40 39:40 40:40 41:40 43:53 44:53 45:53 46:53 47:53 48:53 49:53 50:53 51:53 52:53 53:53 54:53"
"راوی","چدی",23,"55 56 57 58 59 60 66 67 68 69 70 71","50:60 51:60 52:60 53:60 54:60 55:60 56:60 57:60 58:60 59:60 60:60 61:60 61:71 62:71 63:71 65:71 66:71 67:71 68:71 69:71 70:71 71:71 72:71"
"راوی","چوہدری تغیرے",34,"65 66 67 68 69 70 75 76 77 78 79 80 88 89 90 91 92 93 94","60:70 61:70 62:70 63:70 65:70 66:70 67:70 68:70 69:70 70:70 71:70 71:80 72:80 73:80 74:80 76:80 77:80 78:80 79:80 80:80 81:80 83:93 84:93 85:93 86:93 87:93 88:93 89:93 90:93 91:93 93:93 94:93 94:94 95:94"
"راوی","چوہدری جلال",27,"15 16 17 18 19 20 26 27 28 29 30 31 32 33","10:20 11:20 12:20 13:20 14:20 15:20 16:20 17:20 18:20 19:20 20:20 21:20 21:31 22:31 23:31 24:31 25:31 26:31 27:31 28:31 29:31 30:31 31:31 32:31 32:33 33:33 34:33"
"راوی","کئی رانی (گھوڑی)",11,"62 63 64 65 66 67","57:67 58:67 59:67 60:67 61:67 62:67 63:67 65:67 66:67 67:67 68:67"
"راوی","کالا بدل (ریچھ)",69,"4 5 6 7 8 9 10 11 12 16 17 18 19 34 35 36 37 38 39 53 54 55 56 57 58 77 78 79 80 81 82 86 87 88 89 90","1:7 2:7 3:7 4:7 5:7 6:7 7:7 8:7 8:8 9:8 9:9 10:9 10:10 11:10 11:12 12:12 13:12 13:19 14:19 15:19 16:19 17:19 18:19 19:19 20:19 29:39 30:39 31:39 32:39 33:39 34:39 35:39 36:39 37:39 38:39 39:39 40:39 48:58 49:58 50:58 51:58 52:58 53:58 54:58 55:58 56:58 57:58 58:58 59:58 72:82 73:82 74:82 76:82 77:82 78:82 79:82 80:82 81:82 82:82 83:82 83:90 84:90 85:90 86:90 87:90 88:90 89:90 90:90 91:90"
"راوی","کرملی",21,"1 2 3 4 5 14 15 16 17 18 19","1:1 2:1 2:2 3:2 3:3 4:3 4:5 5:5 6:5 9:19 10:19 11:19 12:19 13:19 14:19 15:19 16:19 17:19 18:19 19:19 20:19"
"راوی","کرنل صاحب",28,"1 13 14 15 16 17 18 19 85 86 87 88 89 90","1:1 2:1 8:18 9:18 10:18 11:18 12:18 13:18 14:18 15:18 16:18 17:18 18:18 19:18 19:19 20:19 80:90 81:90 82:90 83:90 84:90 85:90 86:90 87:90 88:90 89:90 90:90 91:90"
"راوی","کماں",27,"56 57 58 59 60 61 72 73 74 75 76 77 78 79","51:61 52:61 53:61 54:61 55:61 56:61 57:61 58:61 59:61 60:61 61:61 62:61 67:77 68:77 69:77 70:77 71:77 72:77 73:77 74:77 76:77 77:77 78:77 78:78 79:78 79:79 80:79"
"راوی","گازی",15,"51 52 53 54 55 56 57 58","46:56 47:56 48:56 49:56 50:56 51:56 52:56 53:56 54:56 55:56 56:56 57:56 57:58 58:58 59:58"
"راوی","گاما",12,"15 16 17 18 19 20","10:20 11:20 12:20 13:20 14:20 15:20 16:20 17:20 18:20 19:20 20:20 21:20"
"راوی","گاموں مراثی",41,"1 2 3 4 5 13 14 15 16 17 18 26 27 28 29 30 31 32 33 34 35","1:1 2:1 2:2 3:2 3:3 4:3 4:4 5:4 5:5 6:5 8:18 9:18 10:18 11:18 12:18 13:18 14:18 15:18 16:18 17:18 18:18 19:18 21:31 22:31 23:31 24:31 25:31 26:31 27:31 28:31 29:31 30:31 31:31 32:31 32:33 33:33 34:33 34:34 35:34 35:35 36:35"
"راوی","گاگو",33,"36 37 38 39 40 41 49 50 51 52 53 54 55 56 57 58 59","31:41 32:41 33:41 34:41 35:41 36:41 37:41 38:41 39:41 40:41 41:41 42:41 44:54 45:54 46:54 47:54 48:54 49:54 50:54 51:54 52:54 53:54 54:54 55:54 55:56 56:56 57:56 57:57 58:57 58:58 59:58 59:59 60:59"
"راوی","گلو (مراثی کا منڈا)",28,"29 30 31 32 33 34 35 65 66 67 68 69 70 71 72","24:34 25:34 26:34 27:34 28:34 29:34 30:34 31:34 32:34 33:34 34:34 35:34 35:35 36:35 60:70 61:70 62:70 63:70 65:70 66:70 67:70 68:70 69:70 70:70 71:70 71:72 72:72 73:72"
"راوی","گومی",12,"47 48 49 50 51 52","42:52 43:52 44:52 45:52 46:52 47:52 48:52 49:52 50:52 51:52 52:52 53:52"
"راوی","گھینا",23,"55 56 57 58 59 60 66 67 68 69 70 71","50:60 51:60 52:60 53:60 54:60 55:60 56:60 57:60 58:60 59:60 60:60 61:60 61:71 62:71 63:71 65:71 66:71 67:71 68:71 69:71 70:71 71:71 72:71"
"رسولاں","رضیہ",8,"95 96 97 98","95:95 96:95 96:96 97:96 97:97 98:97 98:98 99:98"
"رسولاں","سردار",8,"90 91 92 100 101 102","95:85 95:87 95:90 95:105 96:105 97:105 98:105 99:105"
"رسولاں","سردار گور دیال سنگھ",8,"90 91 92 100 101 102","95:85 95:87 95:90 95:105 96:105 97:105 98:105 99:105"
"رسولاں","سردار گور دیال سنگھ کی کنجری صندلاں",6,"91 100 101 102","95:87 95:105 96:105 97:105 98:105 99:105"
"رسولاں","سلیمان (کسان)",10,"93 95 96 97 98 99","95:92 95:95 96:95 96:96 97:96 97:97 98:97 98:98 99:98 99:99"
"رسولاں","سید کرم شاہ",3,"102 103","97:107 98:107 99:107"
"رسولاں","شبیر",8,"95 96 97 98","95:95 96:95 96:96 97:96 97:97 98:97 98:98 99:98"
"رسولاں","شوقاں (گھوڑی)",2,"93 94","95:91 95:93"
"رسولاں","عمری بھرین",5,"98 99 100","95:102 96:102 97:102 98:102 99:102"
"رسولاں","نور و ماچھی",5,"98 99 100","95:102 96:102 97:102 98:102 99:102"
"رسولاں","پھمن",8,"90 91 98 99 100","95:85 95:87 95:88 95:101 96:101 97:101 98:101 99:101"
"رسولاں","پھمن کی نانی",8,"90 91 99 100 101","95:85 95:86 95:88 95:104 96:104 97:104 98:104 99:104"
"رسولاں","چوہدری تغیرے",2,"94","95:93 95:94"
"رسولاں","کالا بدل (ریچھ)",1,"92","95:90"
"رسولاں","کرنل صاحب",1,"92","95:90"
"رشیدہ","سردار",1,"23","22:24"
"رشیدہ","سلامتے",5,"21 26 35 36 37","22:20 22:31 39:31 39:34 39:35"
"رشیدہ","سلیمان (کسان)",1,"22","22:22"
"رشیدہ","سکیراں",5,"25 34 35 39","22:28 39:29 39:30 39:32 39:40"
"رشیدہ","سید کرم شاہ",1,"20","22:18"
"رشیدہ","شدین",1,"44","39:49"
"رشیدہ","صاحب زادہ نصیر الدین شاہ",2,"18 19","22:14 22:16"
"رشیدہ","صفیہ",2,"21 22","22:21 22:22"
"رشیدہ","ضابطے خاں",1,"40","39:42"
"رشیدہ","غلام علی",1,"18","22:14"
"رشیدہ","متاب ٹیڑی",1,"40","39:42"
"رشیدہ","متاب کی بیوی",1,"41","39:43"
"رشیدہ","ملا اسماعیل",3,"25 34 40","22:29 39:29 39:42"
"رشیدہ","ملّا گھیچری",3,"25 34","22:29 39:29 39:30"
"رشیدہ","ملک (دارا کی کہانی)",1,"41","39:44"
"رشیدہ","ملک سمندر خاں",1,"41","39:44"
"رشیدہ","مندی",4,"25 34 35 39","22:29 39:29 39:32 39:40"
"رشیدہ","منہا یبل",3,"25 34 39","22:29 39:29 39:40"
"رشیدہ","موجو",1,"17","22:12"
"رشیدہ","مولو تیلی",1,"23","22:24"
"رشیدہ","نبو میراثی",1,"23","22:24"
"رشیدہ","نوراں",1,"21","22:21"
"رشیدہ","ٹو (نر گھوڑا)",3,"20 26 34","22:19 22:30 39:30"
"رشیدہ","ٹھمکی",1,"17","22:12"
"رشیدہ","پھلا",1,"40","39:41"
"رشیدہ","چاچا حنفیا",3,"25 34 39","22:28 39:30 39:40"
"رشیدہ","چوہدری جلال",4,"21 26 35 36","22:20 22:31 39:31 39:33"
"رشیدہ","کالا بدل (ریچھ)",3,"17 20 39","22:12 22:19 39:39"
"رشیدہ","کرملی",1,"20","22:19"
"رشیدہ","کرنل صاحب",2,"20","22:18 22:19"
"رشیدہ","گاما",1,"21","22:20"
"رشیدہ","گاموں مراثی",6,"20 26 35 36 37","22:18 22:31 39:31 39:33 39:34 39:35"
"رشیدہ","گاگو",1,"40","39:41"
"رشیدہ","گلو (مراثی کا منڈا)",2,"36 37","39:34 39:35"
"رضیہ","سردار",7,"90 91 92 100 101","95:85 95:87 95:90 95:105 96:105 97:105 98:105"
"رضیہ","سردار گور دیال سنگھ",7,"90 91 92 100 101","95:85 95:87 95:90 95:105 96:105 97:105 98:105"
"رضیہ","سردار گور دیال سنگھ کی کنجری صندلاں",5,"91 100 101","95:87 95:105 96:105 97:105 98:105"
"رضیہ","سلیمان (کسان)",8,"93 95 96 97 98","95:92 95:95 96:95 96:96 97:96 97:97 98:97 98:98"
"رضیہ","سید کرم شاہ",2,"102","97:107 98:107"
"رضیہ","شبیر",7,"95 96 97 98","95:95 96:95 96:96 97:96 97:97 98:97 98:98"
"رضیہ","شوقاں (گھوڑی)",2,"93 94","95:91 95:93"
"رضیہ","عمری بھرین",4,"98 99 100","95:102 96:102 97:102 98:102"
"رضیہ","نور و ماچھی",4,"98 99 100","95:102 96:102 97:102 98:102"
"رضیہ","پھمن",7,"90 91 98 99","95:85 95:87 95:88 95:101 96:101 97:101 98:101"
"رضیہ","پھمن کی نانی",7,"90 91 99 100 101","95:85 95:86 95:88 95:104 96:104 97:104 98:104"
"رضیہ","چوہدری تغیرے",2,"94","95:93 95:94"
"رضیہ","کالا بدل (ریچھ)",1,"92","95:90"
"رضیہ","کرنل صاحب",1,"92","95:90"
"سردار","سردار گور دیال سنگھ",10,"84 85 86 87 88 90 105 106","84:84 85:84 85:85 87:85 87:87 90:87 90:90 105:105 106:105 106:106"
"سردار","سردار گور دیال سنگھ کی کنجری صندلاں",7,"85 86 87 88 105 106","84:87 85:87 87:87 90:87 105:105 106:105 106:106"
"سردار","سفید پوش",2,"60 61","65:56 65:57"
"سردار","سلامتے",9,"22 27 28 29 68 71 72 76 82","24:20 24:31 26:31 27:31 65:72 71:72 73:72 73:80 84:80"
"سردار","سلیمان (کسان)",12,"23 67 70 88 89 91 100 101 102","24:22 65:70 71:70 84:92 85:92 87:92 90:92 105:95 105:96 105:97 105:98 105:99"
"سردار","سکندر",4,"73 74 80","71:76 73:76 84:76 84:77"
"سردار","سکیراں",3,"26 27","24:28 26:28 27:28"
"سردار","سید کرم شاہ",3,"21 106","24:18 105:107 106:107"
"سردار","شبیر",7,"90 91 92 100 101","85:95 87:95 90:95 105:95 105:96 105:97 105:98"
"سردار","شدین",5,"62 68 71 72 73","65:60 65:71 71:71 73:71 73:73"
"سردار","شوقاں (گھوڑی)",10,"67 70 71 72 76 82 87 88 89 90","65:70 71:70 71:72 73:72 73:80 84:80 84:91 85:91 87:91 90:91"
"سردار","صاحب زادہ نصیر الدین شاہ",2,"19 20","24:14 24:16"
"سردار","صفیہ",2,"22 23","24:21 24:22"
"سردار","عمری بھرین",1,"103","105:102"
"سردار","غفورے ڈرائیور",2,"107 108","105:110 106:110"
"سردار","غلام علی",3,"19 78 83","24:14 73:83 84:83"
"سردار","لالو",3,"74 75 80","71:77 73:77 84:77"
"سردار","ملا اسماعیل",7,"26 27 28 63 73 74 80","24:29 26:29 27:29 65:61 71:76 73:76 84:76"
"سردار","ملّا گھیچری",3,"26 27 28","24:29 26:29 27:29"
"سردار","ملک (دارا کی کہانی)",11,"64 65 68 69 70 74 75 81","65:63 65:64 65:65 71:65 71:66 71:67 71:68 71:69 71:78 73:78 84:78"
"سردار","مندی",3,"26 27 28","24:29 26:29 27:29"
"سردار","منہا یبل",3,"26 27 28","24:29 26:29 27:29"
"سردار","مولو تیلی",6,"24 25 26 27","24:24 26:24 26:25 26:26 27:26 27:27"
"سردار","نبو میراثی",6,"24 25 26 27","24:24 26:24 26:25 26:26 27:26 27:27"
"سردار","نور و ماچھی",2,"103 104","105:102 105:103"
"سردار","نوراں",1,"22","24:21"
"سردار","نوری کاٹو",3,"68 71 72","65:72 71:72 73:72"
"سردار","ٹو (نر گھوڑا)",5,"21 27 28 61","24:19 24:30 26:30 27:30 65:57"
"سردار","پھتی",4,"73 74 80","71:76 73:76 84:76 84:77"
"سردار","پھلا",3,"60 61 62","65:56 65:58 65:59"
"سردار","پھمن",13,"77 83 84 85 86 87 88 89 103 107 108","73:82 84:82 84:84 85:84 85:85 87:85 87:87 90:87 90:88 105:101 105:102 105:110 106:110"
"سردار","پھمن کی نانی",15,"76 77 82 83 84 85 86 87 89 104 105","71:81 73:81 84:81 84:82 84:83 84:84 85:84 85:85 87:85 87:86 87:88 90:88 105:104 105:105 106:105"
"سردار","چاچا حنفیا",3,"26 27","24:28 26:28 27:28"
"سردار","چدی",4,"62 68 71 72","65:60 65:71 71:71 73:71"
"سردار","چوہدری تغیرے",9,"67 70 75 76 82 88 89 90 91","65:70 71:70 71:80 73:80 84:80 84:93 85:93 87:93 90:93"
"سردار","چوہدری جلال",4,"22 27 28 29","24:20 24:31 26:31 27:31"
"سردار","کئی رانی (گھوڑی)",2,"66 69","65:67 71:67"
"سردار","کالا بدل (ریچھ)",8,"21 61 77 83 87 88 90","24:19 65:58 73:82 84:82 84:90 85:90 87:90 90:90"
"سردار","کرملی",1,"21","24:19"
"سردار","کرنل صاحب",6,"21 87 88 90","24:18 24:19 84:90 85:90 87:90 90:90"
"سردار","کماں",6,"63 74 75 80 81","65:61 71:77 73:77 84:77 84:78 84:79"
"سردار","گازی",2,"60 61","65:56 65:58"
"سردار","گاما",1,"22","24:20"
"سردار","گاموں مراثی",4,"21 27 28 29","24:18 24:31 26:31 27:31"
"سردار","گاگو",4,"60 61 62","65:56 65:57 65:58 65:59"
"سردار","گلو (مراثی کا منڈا)",7,"29 30 67 70 71 72","24:34 26:34 27:34 65:70 71:70 71:72 73:72"
"سردار","گھینا",4,"62 68 71 72","65:60 65:71 71:71 73:71"
"سردار گور دیال سنگھ","سردار گور دیال سنگھ کی کنجری صندلاں",7,"85 86 87 88 105 106","84:87 85:87 87:87 90:87 105:105 106:105 106:106"
"سردار گور دیال سنگھ","سلامتے",1,"82","84:80"
"سردار گور دیال سنگھ","سلیمان (کسان)",9,"88 89 91 100 101 102","84:92 85:92 87:92 90:92 105:95 105:96 105:97 105:98 105:99"
"سردار گور دیال سنگھ","سکندر",2,"80","84:76 84:77"
"سردار گور دیال سنگھ","سید کرم شاہ",2,"106","105:107 106:107"
"سردار گور دیال سنگھ","شبیر",7,"90 91 92 100 101","85:95 87:95 90:95 105:95 105:96 105:97 105:98"
"سردار گور دیال سنگھ","شوقاں (گھوڑی)",5,"82 87 88 89 90","84:80 84:91 85:91 87:91 90:91"
"سردار گور دیال سنگھ","عمری بھرین",1,"103","105:102"
"سردار گور دیال سنگھ","غفورے ڈرائیور",2,"107 108","105:110 106:110"
"سردار گور دیال سنگھ","غلام علی",1,"83","84:83"
"سردار گور دیال سنگھ","لالو",1,"80","84:77"
"سردار گور دیال سنگھ","ملا اسماعیل",1,"80","84:76"
"سردار گور دیال سنگھ","ملک (دارا کی کہانی)",1,"81","84:78"
"سردار گور دیال سنگھ","نور و ماچھی",2,"103 104","105:102 105:103"
"سردار گور دیال سنگھ","پھتی",2,"80","84:76 84:77"
"سردار گور دیال سنگھ","پھمن",12,"83 84 85 86 87 88 89 103 107 108","84:82 84:84 85:84 85:85 87:85 87:87 90:87 90:88 105:101 105:102 105:110 106:110"
"سردار گور دیال سنگھ","پھمن کی نانی",13,"82 83 84 85 86 87 89 104 105","84:81 84:82 84:83 84:84 85:84 85:85 87:85 87:86 87:88 90:88 105:104 105:105 106:105"
"سردار گور دیال سنگھ","چوہدری تغیرے",5,"82 88 89 90 91","84:80 84:93 85:93 87:93 90:93"
"سردار گور دیال سنگھ","کالا بدل (ریچھ)",5,"83 87 88 90","84:82 84:90 85:90 87:90 90:90"
"سردار گور دیال سنگھ","کرنل صاحب",4,"87 88 90","84:90 85:90 87:90 90:90"
"سردار گور دیال سنگھ","کماں",3,"80 81","84:77 84:78 84:79"
"سردار گور دیال سنگھ کی کنجری صندلاں","سلامتے",1,"83","87:80"
"سردار گور دیال سنگھ کی کنجری صندلاں","سلیمان (کسان)",6,"89 100 101 102","87:92 105:95 105:96 105:97 105:98 105:99"
"سردار گور دیال سنگھ کی کنجری صندلاں","سکندر",1,"82","87:77"
"سردار گور دیال سنگھ کی کنجری صندلاں","سید کرم شاہ",2,"106","105:107 106:107"
"سردار گور دیال سنگھ کی کنجری صندلاں","شبیر",5,"91 100 101","87:95 105:95 105:96 105:97 105:98"
"سردار گور دیال سنگھ کی کنجری صندلاں","شوقاں (گھوڑی)",2,"83 89","87:80 87:91"
"سردار گور دیال سنگھ کی کنجری صندلاں","عمری بھرین",1,"103","105:102"
"سردار گور دیال سنگھ کی کنجری صندلاں","غفورے ڈرائیور",2,"107 108","105:110 106:110"
"سردار گور دیال سنگھ کی کنجری صندلاں","غلام علی",1,"85","87:83"
"سردار گور دیال سنگھ کی کنجری صندلاں","لالو",1,"82","87:77"
"سردار گور دیال سنگھ کی کنجری صندلاں","ملک (دارا کی کہانی)",1,"82","87:78"
"سردار گور دیال سنگھ کی کنجری صندلاں","نور و ماچھی",2,"103 104","105:102 105:103"
"سردار گور دیال سنگھ کی کنجری صندلاں","پھتی",1,"82","87:77"
"سردار گور دیال سنگھ کی کنجری صندلاں","پھمن",8,"84 85 86 87 103 107 108","87:82 87:84 87:85 87:87 105:101 105:102 105:110 106:110"
"سردار گور دیال سنگھ کی کنجری صندلاں","پھمن کی نانی",10,"84 85 86 87 104 105","87:81 87:82 87:83 87:84 87:85 87:86 87:88 105:104 105:105 106:105"
"سردار گور دیال سنگھ کی کنجری صندلاں","چوہدری تغیرے",2,"83 90","87:80 87:93"
"سردار گور دیال سنگھ کی کنجری صندلاں","کالا بدل (ریچھ)",2,"84 88","87:82 87:90"
"سردار گور دیال سنگھ کی کنجری صندلاں","کرنل صاحب",1,"88","87:90"
"سردار گور دیال سنگھ کی کنجری صندلاں","کماں",3,"82 83","87:77 87:78 87:79"
"سفید پوش","سکیراں",2,"52 53","54:51 54:53"
"سفید پوش","شاداں",1,"53","54:52"
"سفید پوش","شدین",6,"51 52 53 57 58","54:49 54:50 54:52 54:60 56:60 57:60"
"سفید پوش","ضابطے خاں",5,"49 50 51","54:44 54:45 54:46 54:47 54:48"
"سفید پوش","متاب ٹیڑی",4,"49 50 51","54:45 54:46 54:47 54:48"
"سفید پوش","متاب کی بیوی",1,"51","54:48"
"سفید پوش","ملا اسماعیل",3,"57 58 59","54:61 56:61 57:61"
"سفید پوش","ملّا گھیچری",1,"52","54:51"
"سفید پوش","ملک (دارا کی کہانی)",5,"49 58 59 60","54:44 54:45 54:63 56:63 57:63"
"سفید پوش","ملک سمندر خاں",1,"49","54:44"
"سفید پوش","مندی",2,"52 53","54:51 54:53"
"سفید پوش","ٹو (نر گھوڑا)",3,"55 56 57","54:57 56:57 57:57"
"سفید پوش","پھلا",5,"54 55 56 57","54:54 56:54 56:56 57:56 57:58"
"سفید پوش","چاچا حنفیا",1,"53","54:53"
"سفید پوش","چدی",3,"57 58","54:60 56:60 57:60"
"سفید پوش","کئی رانی (گھوڑی)",1,"62","57:67"
"سفید پوش","کالا بدل (ریچھ)",3,"56 57","54:58 56:58 57:58"
"سفید پوش","کماں",3,"57 58 59","54:61 56:61 57:61"
"سفید پوش","گازی",4,"55 56 57","54:56 56:56 57:56 57:58"
"سفید پوش","گاگو",5,"54 55 56 57","54:54 56:54 56:56 57:56 57:57"
"سفید پوش","گومی",1,"53","54:52"
"سفید پوش","گھینا",3,"57 58","54:60 56:60 57:60"
"سلامتے","سلیمان (کسان)",3,"21 26 71","20:22 31:22 72:70"
"سلامتے","سکندر",3,"74 78","72:76 80:76 80:77"
"سلامتے","سکیراں",8,"24 29 30 31 33 37","20:28 31:28 31:29 31:30 31:32 34:32 34:40 35:40"
"سلامتے","سید کرم شاہ",1,"19","20:18"
"سلامتے","شدین",3,"71 72 76","72:71 72:73 80:73"
"سلامتے","شوقاں (گھوڑی)",4,"71 72 76 80","72:70 72:72 80:72 80:80"
"سلامتے","صاحب زادہ نصیر الدین شاہ",2,"17 18","20:14 20:16"
"سلامتے","صفیہ",3,"20 26","20:21 31:21 31:22"
"سلامتے","ضابطے خاں",2,"38","34:42 35:42"
"سلامتے","غلام علی",2,"17 81","20:14 80:83"
"سلامتے","لالو",2,"74 78","72:77 80:77"
"سلامتے","متاب ٹیڑی",2,"38","34:42 35:42"
"سلامتے","متاب کی بیوی",2,"38 39","34:43 35:43"
"سلامتے","ملا اسماعیل",6,"24 30 38 74 78","20:29 31:29 34:42 35:42 72:76 80:76"
"سلامتے","ملّا گھیچری",3,"24 30","20:29 31:29 31:30"
"سلامتے","ملک (دارا کی کہانی)",11,"39 67 68 69 70 75 79","34:44 35:44 72:63 72:64 72:65 72:66 72:67 72:68 72:69 72:78 80:78"
"سلامتے","ملک سمندر خاں",2,"39","34:44 35:44"
"سلامتے","مندی",6,"24 30 31 33 37","20:29 31:29 31:32 34:32 34:40 35:40"
"سلامتے","منہا یبل",5,"24 30 35 37","20:29 31:29 31:40 34:40 35:40"
"سلامتے","موجو",2,"15 16","20:10 20:12"
"سلامتے","مولو تیلی",5,"22 27 28 29","20:24 31:24 31:25 31:26 31:27"
"سلامتے","نبو میراثی",5,"22 27 28 29","20:24 31:24 31:25 31:26 31:27"
"سلامتے","نوراں",2,"20 26","20:21 31:21"
"سلامتے","نوری کاٹو",2,"72 76","72:72 80:72"
"سلامتے","ٹو (نر گھوڑا)",3,"19 25 30","20:19 20:30 31:30"
"سلامتے","ٹھمکی",2,"15 16","20:10 20:12"
"سلامتے","پھتی",3,"74 78","72:76 80:76 80:77"
"سلامتے","پھلا",3,"36 37 38","31:41 34:41 35:41"
"سلامتے","پھمن",2,"77 81","72:82 80:82"
"سلامتے","پھمن کی نانی",2,"76 80","72:81 80:81"
"سلامتے","چاچا حنفیا",6,"24 29 30 35 37","20:28 31:28 31:30 31:40 34:40 35:40"
"سلامتے","چدی",1,"71","72:71"
"سلامتے","چوہدری تغیرے",3,"71 76 80","72:70 72:80 80:80"
"سلامتے","چوہدری جلال",4,"20 31 32 33","20:20 31:31 34:31 34:33"
"سلامتے","کئی رانی (گھوڑی)",1,"69","72:67"
"سلامتے","کالا بدل (ریچھ)",8,"15 16 19 35 36 37 77 81","20:10 20:12 20:19 31:39 34:39 35:39 72:82 80:82"
"سلامتے","کرملی",1,"19","20:19"
"سلامتے","کرنل صاحب",3,"19 85","20:18 20:19 80:90"
"سلامتے","کماں",4,"74 78 79","72:77 80:77 80:78 80:79"
"سلامتے","گاما",1,"20","20:20"
"سلامتے","گاموں مراثی",7,"19 31 32 33 34 35","20:18 31:31 34:31 34:33 34:34 35:34 35:35"
"سلامتے","گاگو",3,"36 37 38","31:41 34:41 35:41"
"سلامتے","گلو (مراثی کا منڈا)",7,"32 34 35 71 72 76","31:34 34:34 35:34 35:35 72:70 72:72 80:72"
"سلامتے","گھینا",1,"71","72:71"
"سلیمان (کسان)","سکندر",1,"73","70:76"
"سلیمان (کسان)","سکیراں",1,"25","22:28"
"سلیمان (کسان)","سید کرم شاہ",4,"20 102 103","22:18 97:107 98:107 99:107"
"سلیمان (کسان)","شبیر",9,"93 95 96 97 98","92:95 95:95 96:95 96:96 97:96 97:97 98:97 98:98 99:98"
"سلیمان (کسان)","شدین",2,"65 70","70:60 70:71"
"سلیمان (کسان)","شوقاں (گھوڑی)",4,"70 91 92 94","70:70 92:91 92:93 95:93"
"سلیمان (کسان)","صاحب زادہ نصیر الدین شاہ",2,"18 19","22:14 22:16"
"سلیمان (کسان)","صفیہ",2,"21 22","22:21 22:22"
"سلیمان (کسان)","عمری بھرین",6,"97 98 99 100","92:102 95:102 96:102 97:102 98:102 99:102"
"سلیمان (کسان)","غلام علی",2,"18 87","22:14 92:83"
"سلیمان (کسان)","لالو",1,"73","70:77"
"سلیمان (کسان)","ملا اسماعیل",3,"25 65 73","22:29 70:61 70:76"
"سلیمان (کسان)","ملّا گھیچری",1,"25","22:29"
"سلیمان (کسان)","ملک (دارا کی کہانی)",8,"66 67 68 69 74","70:63 70:64 70:65 70:66 70:67 70:68 70:69 70:78"
"سلیمان (کسان)","مندی",1,"25","22:29"
"سلیمان (کسان)","منہا یبل",1,"25","22:29"
"سلیمان (کسان)","موجو",1,"17","22:12"
"سلیمان (کسان)","مولو تیلی",1,"23","22:24"
"سلیمان (کسان)","نبو میراثی",1,"23","22:24"
"سلیمان (کسان)","نور و ماچھی",6,"97 98 99 100","92:102 95:102 96:102 97:102 98:102 99:102"
"سلیمان (کسان)","نوراں",1,"21","22:21"
"سلیمان (کسان)","نوری کاٹو",1,"71","70:72"
"سلیمان (کسان)","ٹو (نر گھوڑا)",2,"20 26","22:19 22:30"
"سلیمان (کسان)","ٹھمکی",1,"17","22:12"
"سلیمان (کسان)","پھتی",1,"73","70:76"
"سلیمان (کسان)","پھمن",11,"87 88 89 90 96 98 99 100","92:82 92:84 92:85 92:87 92:88 92:101 95:101 96:101 97:101 98:101 99:101"
"سلیمان (کسان)","پھمن کی نانی",11,"87 88 89 90 99 100 101","92:82 92:83 92:84 92:85 92:86 92:88 95:104 96:104 97:104 98:104 99:104"
"سلیمان (کسان)","چاچا حنفیا",1,"25","22:28"
"سلیمان (کسان)","چدی",2,"65 70","70:60 70:71"
"سلیمان (کسان)","چوہدری تغیرے",4,"70 92 94","70:70 92:93 95:93 95:94"
"سلیمان (کسان)","چوہدری جلال",2,"21 26","22:20 22:31"
"سلیمان (کسان)","کئی رانی (گھوڑی)",1,"68","70:67"
"سلیمان (کسان)","کالا بدل (ریچھ)",4,"17 20 87 91","22:12 22:19 92:82 92:90"
"سلیمان (کسان)","کرملی",1,"20","22:19"
"سلیمان (کسان)","کرنل صاحب",3,"20 91","22:18 22:19 92:90"
"سلیمان (کسان)","کماں",2,"65 73","70:61 70:77"
"سلیمان (کسان)","گاما",1,"21","22:20"
"سلیمان (کسان)","گاموں مراثی",2,"20 26","22:18 22:31"
"سلیمان (کسان)","گلو (مراثی کا منڈا)",1,"70","70:70"
"سلیمان (کسان)","گھینا",2,"65 70","70:60 70:71"
"سٹین فورڈ (گھوڑا)","سید کرم شاہ",4,"1 3 4","1:1 2:1 2:4 4:4"
"سٹین فورڈ (گھوڑا)","صاحب زادہ نصیر الدین شاہ",1,"9","4:14"
"سٹین فورڈ (گھوڑا)","غلام علی",1,"9","4:14"
"سٹین فورڈ (گھوڑا)","ملا اسماعیل",2,"1","1:1 2:1"
"سٹین فورڈ (گھوڑا)","ملک (دارا کی کہانی)",3,"2 3 4","1:4 2:4 4:4"
"سٹین فورڈ (گھوڑا)","موجو",3,"4 5","1:7 2:7 4:7"
"سٹین فورڈ (گھوڑا)","ٹو (نر گھوڑا)",4,"2 3 4","1:3 2:3 4:3 4:5"
"سٹین فورڈ (گھوڑا)","ٹھمکی",3,"4 5","1:7 2:7 4:7"
"سٹین فورڈ (گھوڑا)","پھلا",3,"2 3","1:3 2:3 4:3"
"سٹین فورڈ (گھوڑا)","کالا بدل (ریچھ)",3,"4 5","1:7 2:7 4:7"
"سٹین فورڈ (گھوڑا)","کرملی",6,"1 2 3 4","1:1 2:1 2:2 4:2 4:3 4:5"
"سٹین فورڈ (گھوڑا)","کرنل صاحب",2,"1","1:1 2:1"
"سٹین فورڈ (گھوڑا)","گاموں مراثی",6,"1 2 3 4","1:1 2:1 2:2 4:2 4:3 4:4"
"سکندر","شدین",2,"73 74","76:71 76:73"
"سکندر","شوقاں (گھوڑی)",4,"73 74 78","76:70 76:72 76:80 77:80"
"سکندر","غلام علی",2,"79 80","76:83 77:83"
"سکندر","لالو",2,"76 77","76:77 77:77"
"سکندر","ملا اسماعیل",2,"76","76:76 77:76"
"سکندر","ملک (دارا کی کہانی)",6,"71 72 77","76:66 76:67 76:68 76:69 76:78 77:78"
"سکندر","نوری کاٹو",1,"74","76:72"
"سکندر","پھتی",3,"76 77","76:76 77:76 77:77"
"سکندر","پھمن",2,"79","76:82 77:82"
"سکندر","پھمن کی نانی",2,"78 79","76:81 77:81"
"سکندر","چدی",1,"73","76:71"
"سکندر","چوہدری تغیرے",3,"73 78","76:70 76:80 77:80"
"سکندر","کئی رانی (گھوڑی)",1,"71","76:67"
"سکندر","کالا بدل (ریچھ)",2,"79","76:82 77:82"
"سکندر","کماں",2,"76 77","76:77 77:77"
"سکندر","گلو (مراثی کا منڈا)",2,"73 74","76:70 76:72"
"سکندر","گھینا",1,"73","76:71"
"سکیراں","سید کرم شاہ",1,"23","28:18"
"سکیراں","شاداں",2,"51 52","51:52 53:52"
"سکیراں","شدین",6,"44 50 51 52 56","40:49 51:49 51:50 51:52 53:52 53:60"
"سکیراں","صفیہ",2,"24 25","28:21 28:22"
"سکیراں","ضابطے خاں",9,"37 41 46 47 48 49","32:42 40:42 51:42 51:43 51:44 51:45 51:46 51:47 51:48"
"سکیراں","متاب ٹیڑی",8,"37 41 46 47 48 49","32:42 40:42 51:42 51:43 51:45 51:46 51:47 51:48"
"سکیراں","متاب کی بیوی",3,"41 47 49","40:43 51:43 51:48"
"سکیراں","ملا اسماعیل",8,"28 29 37 41 46 56 57","28:29 29:29 30:29 32:42 40:42 51:42 51:61 53:61"
"سکیراں","ملّا گھیچری",7,"28 29 30 31 51 52","28:29 29:29 30:29 30:30 32:30 51:51 53:51"
"سکیراں","ملک (دارا کی کہانی)",4,"42 47 48 58","40:44 51:44 51:45 53:63"
"سکیراں","ملک سمندر خاں",2,"42 47","40:44 51:44"
"سکیراں","مندی",10,"28 29 31 32 36 40 51 52 53","28:29 29:29 30:29 30:32 32:32 40:32 40:40 51:51 53:51 53:53"
"سکیراں","منہا یبل",6,"28 29 35 36 40","28:29 29:29 30:29 30:40 32:40 40:40"
"سکیراں","مولو تیلی",4,"26 27","28:24 28:25 28:26 28:27"
"سکیراں","نبو میراثی",4,"26 27","28:24 28:25 28:26 28:27"
"سکیراں","نوراں",1,"24","28:21"
"سکیراں","ٹو (نر گھوڑا)",7,"23 29 30 31 54 55","28:19 28:30 29:30 30:30 32:30 51:57 53:57"
"سکیراں","پھلا",5,"36 40 46 52 53","32:41 40:41 51:41 51:54 53:54"
"سکیراں","چاچا حنفیا",9,"28 29 30 31 36 40 52 53","28:28 29:28 29:30 30:30 32:30 32:40 40:40 51:53 53:53"
"سکیراں","چدی",2,"55 56","51:60 53:60"
"سکیراں","چوہدری جلال",7,"24 29 30 31 32 36","28:20 28:31 29:31 30:31 32:31 32:33 40:33"
"سکیراں","کالا بدل (ریچھ)",7,"23 34 35 39 54 55","28:19 29:39 30:39 32:39 40:39 51:58 53:58"
"سکیراں","کرملی",1,"23","28:19"
"سکیراں","کرنل صاحب",2,"23","28:18 28:19"
"سکیراں","کماں",2,"56 57","51:61 53:61"
"سکیراں","گازی",2,"53 54","51:56 53:56"
"سکیراں","گاما",1,"24","28:20"
"سکیراں","گاموں مراثی",9,"23 29 30 31 32 36 37","28:18 28:31 29:31 30:31 32:31 32:33 40:33 40:34 40:35"
"سکیراں","گاگو",5,"36 40 46 52 53","32:41 40:41 51:41 51:54 53:54"
"سکیراں","گلو (مراثی کا منڈا)",6,"31 32 33 37","28:34 29:34 30:34 32:34 40:34 40:35"
"سکیراں","گومی",2,"51 52","51:52 53:52"
"سکیراں","گھینا",2,"55 56","51:60 53:60"
"سید کرم شاہ","شبیر",2,"102","107:97 107:98"
"سید کرم شاہ","صاحب زادہ نصیر الدین شاہ",5,"9 10 16 17","4:14 5:14 6:14 18:14 18:16"
"سید کرم شاہ","صفیہ",1,"19","18:21"
"سید کرم شاہ","عمری بھرین",1,"104","107:102"
"سید کرم شاہ","غفورے ڈرائیور",1,"108","107:110"
"سید کرم شاہ","غلام علی",4,"9 10 16","4:14 5:14 6:14 18:14"
"سید کرم شاہ","ملا اسماعیل",2,"1 2","1:1 4:1"
"سید کرم شاہ","ملک (دارا کی کہانی)",3,"2 4","1:4 4:4 5:4"
"سید کرم شاہ","موجو",8,"4 5 6 13 14 15","1:7 4:7 5:7 6:7 18:8 18:9 18:10 18:12"
"سید کرم شاہ","مولو تیلی",1,"21","18:24"
"سید کرم شاہ","نبو میراثی",1,"21","18:24"
"سید کرم شاہ","نور و ماچھی",2,"104 105","107:102 107:103"
"سید کرم شاہ","نوراں",1,"19","18:21"
"سید کرم شاہ","ٹو (نر گھوڑا)",6,"2 3 4 5 18","1:3 4:3 4:5 5:5 6:5 18:19"
"سید کرم شاہ","ٹھمکی",8,"4 5 6 13 14 15","1:7 4:7 5:7 6:7 18:8 18:9 18:10 18:12"
"سید کرم شاہ","پھلا",2,"2 3","1:3 4:3"
"سید کرم شاہ","پھمن",3,"104 108","107:101 107:102 107:110"
"سید کرم شاہ","پھمن کی نانی",2,"105 106","107:104 107:105"
"سید کرم شاہ","چاچا حنفیا",1,"23","18:28"
"سید کرم شاہ","چوہدری جلال",1,"19","18:20"
"سید کرم شاہ","کالا بدل (ریچھ)",9,"4 5 6 13 14 15 18","1:7 4:7 5:7 6:7 18:8 18:9 18:10 18:12 18:19"
"سید کرم شاہ","کرملی",8,"1 2 3 4 5 18","1:1 4:1 4:2 4:3 4:5 5:5 6:5 18:19"
"سید کرم شاہ","کرنل صاحب",3,"1 2 18","1:1 4:1 18:18"
"سید کرم شاہ","گاما",1,"19","18:20"
"سید کرم شاہ","گاموں مراثی",9,"1 2 3 4 5 18","1:1 4:1 4:2 4:3 4:4 5:4 5:5 6:5 18:18"
"شاداں","شدین",3,"50 51 52","52:49 52:50 52:52"
"شاداں","ضابطے خاں",7,"47 48 49 50","52:42 52:43 52:44 52:45 52:46 52:47 52:48"
"شاداں","متاب ٹیڑی",6,"47 48 49 50","52:42 52:43 52:45 52:46 52:47 52:48"
"شاداں","متاب کی بیوی",2,"47 50","52:43 52:48"
"شاداں","ملا اسماعیل",2,"47 56","52:42 52:61"
"شاداں","ملّا گھیچری",1,"51","52:51"
"شاداں","ملک (دارا کی کہانی)",2,"48","52:44 52:45"
"شاداں","ملک سمندر خاں",1,"48","52:44"
"شاداں","مندی",2,"51 52","52:51 52:53"
"شاداں","ٹو (نر گھوڑا)",1,"54","52:57"
"شاداں","پھلا",1,"53","52:54"
"شاداں","چاچا حنفیا",1,"52","52:53"
"شاداں","چدی",1,"56","52:60"
"شاداں","کالا بدل (ریچھ)",1,"55","52:58"
"شاداں","کماں",1,"56","52:61"
"شاداں","گازی",1,"54","52:56"
"شاداں","گاگو",1,"53","52:54"
"شاداں","گومی",1,"52","52:52"
"شاداں","گھینا",1,"56","52:60"
"شبیر","شوقاں (گھوڑی)",2,"93 94","95:91 95:93"
"شبیر","عمری بھرین",4,"98 99 100","95:102 96:102 97:102 98:102"
"شبیر","نور و ماچھی",4,"98 99 100","95:102 96:102 97:102 98:102"
"شبیر","پھمن",7,"90 91 98 99","95:85 95:87 95:88 95:101 96:101 97:101 98:101"
"شبیر","پھمن کی نانی",7,"90 91 99 100 101","95:85 95:86 95:88 95:104 96:104 97:104 98:104"
"شبیر","چوہدری تغیرے",2,"94","95:93 95:94"
"شبیر","کالا بدل (ریچھ)",1,"92","95:90"
"شبیر","کرنل صاحب",1,"92","95:90"
"شدین","شوقاں (گھوڑی)",5,"65 70 71 72 76","60:70 71:70 71:72 73:72 73:80"
"شدین","ضابطے خاں",7,"45 46 47 48","49:42 49:43 49:44 49:45 49:46 49:47 49:48"
"شدین","غلام علی",1,"78","73:83"
"شدین","لالو",2,"74 75","71:77 73:77"
"شدین","متاب ٹیڑی",6,"45 46 47 48","49:42 49:43 49:45 49:46 49:47 49:48"
"شدین","متاب کی بیوی",2,"46 48","49:43 49:48"
"شدین","ملا اسماعیل",6,"45 56 60 66 73 74","49:42 52:61 60:61 71:61 71:76 73:76"
"شدین","ملّا گھیچری",3,"50 51","49:51 50:51 52:51"
"شدین","ملک (دارا کی کہانی)",12,"46 47 61 67 68 69 70 74 75","49:44 49:45 60:63 71:63 71:64 71:65 71:66 71:67 71:68 71:69 71:78 73:78"
"شدین","ملک سمندر خاں",1,"46","49:44"
"شدین","مندی",6,"44 50 51 52 56","49:40 49:51 50:51 52:51 52:53 60:53"
"شدین","منہا یبل",1,"44","49:40"
"شدین","نوری کاٹو",2,"71 72","71:72 73:72"
"شدین","ٹو (نر گھوڑا)",4,"53 54 58","49:57 50:57 52:57 60:57"
"شدین","پھتی",2,"73 74","71:76 73:76"
"شدین","پھلا",8,"45 51 52 53 57 58 59","49:41 49:54 50:54 52:54 60:54 60:56 60:58 60:59"
"شدین","پھمن",1,"77","73:82"
"شدین","پھمن کی نانی",2,"76 77","71:81 73:81"
"شدین","چاچا حنفیا",5,"44 51 52 56","49:40 49:53 50:53 52:53 60:53"
"شدین","چدی",5,"55 56 60 71 72","50:60 52:60 60:60 71:71 73:71"
"شدین","چوہدری تغیرے",4,"65 70 75 76","60:70 71:70 71:80 73:80"
"شدین","کئی رانی (گھوڑی)",2,"63 69","60:67 71:67"
"شدین","کالا بدل (ریچھ)",6,"44 53 54 55 59 77","49:39 49:58 50:58 52:58 60:58 73:82"
"شدین","کماں",5,"56 60 66 74 75","52:61 60:61 71:61 71:77 73:77"
"شدین","گازی",5,"52 53 54 58 59","49:56 50:56 52:56 60:56 60:58"
"شدین","گاگو",9,"45 51 52 53 57 58 59","49:41 49:54 50:54 52:54 60:54 60:56 60:57 60:58 60:59"
"شدین","گلو (مراثی کا منڈا)",4,"65 70 71 72","60:70 71:70 71:72 73:72"
"شدین","گومی",4,"50 51 52 56","49:52 50:52 52:52 60:52"
"شدین","گھینا",5,"55 56 60 71 72","50:60 52:60 60:60 71:71 73:71"
"شوقاں (گھوڑی)","عمری بھرین",1,"97","93:102"
"شوقاں (گھوڑی)","غلام علی",2,"81 87","80:83 91:83"
"شوقاں (گھوڑی)","لالو",3,"73 74 78","70:77 72:77 80:77"
"شوقاں (گھوڑی)","ملا اسماعیل",4,"65 73 74 78","70:61 70:76 72:76 80:76"
"شوقاں (گھوڑی)","ملک (دارا کی کہانی)",10,"66 67 68 69 74 75 79","70:63 70:64 70:65 70:66 70:67 70:68 70:69 70:78 72:78 80:78"
"شوقاں (گھوڑی)","نور و ماچھی",1,"97","93:102"
"شوقاں (گھوڑی)","نوری کاٹو",3,"71 72 76","70:72 72:72 80:72"
"شوقاں (گھوڑی)","پھتی",4,"73 74 78","70:76 72:76 80:76 80:77"
"شوقاں (گھوڑی)","پھمن",9,"77 81 86 87 88 89 96 97","72:82 80:82 91:82 91:84 91:85 91:87 91:88 91:101 93:101"
"شوقاں (گھوڑی)","پھمن کی نانی",9,"76 80 86 87 88 89","72:81 80:81 91:81 91:82 91:83 91:84 91:85 91:86 91:88"
"شوقاں (گھوڑی)","چدی",3,"65 70 71","70:60 70:71 72:71"
"شوقاں (گھوڑی)","چوہدری تغیرے",6,"70 71 76 80 92 93","70:70 72:70 72:80 80:80 91:93 93:93"
"شوقاں (گھوڑی)","کئی رانی (گھوڑی)",1,"68","70:67"
"شوقاں (گھوڑی)","کالا بدل (ریچھ)",4,"77 81 86 90","72:82 80:82 91:82 91:90"
"شوقاں (گھوڑی)","کرنل صاحب",2,"85 90","80:90 91:90"
"شوقاں (گھوڑی)","کماں",6,"65 73 74 78 79","70:61 70:77 72:77 80:77 80:78 80:79"
"شوقاں (گھوڑی)","گلو (مراثی کا منڈا)",4,"70 71 72 76","70:70 72:70 72:72 80:72"
"شوقاں (گھوڑی)","گھینا",3,"65 70 71","70:60 70:71 72:71"
"صاحب زادہ نصیر الدین شاہ","صفیہ",2,"17 18","14:21 16:21"
"صاحب زادہ نصیر الدین شاہ","غلام علی",2,"14 15","14:14 16:14"
"صاحب زادہ نصیر الدین شاہ","ملک (دارا کی کہانی)",1,"9","14:4"
"صاحب زادہ نصیر الدین شاہ","موجو",5,"10 11 12 13","14:7 14:8 14:9 14:10 14:12"
"صاحب زادہ نصیر الدین شاہ","مولو تیلی",2,"19 20","14:24 16:24"
"صاحب زادہ نصیر الدین شاہ","نبو میراثی",2,"19 20","14:24 16:24"
"صاحب زادہ نصیر الدین شاہ","نوراں",2,"17 18","14:21 16:21"
"صاحب زادہ نصیر الدین شاہ","ٹو (نر گھوڑا)",3,"9 16 17","14:5 14:19 16:19"
"صاحب زادہ نصیر الدین شاہ","ٹھمکی",5,"10 11 12 13","14:7 14:8 14:9 14:10 14:12"
"صاحب زادہ نصیر الدین شاہ","چوہدری جلال",2,"17 18","14:20 16:20"
"صاحب زادہ نصیر الدین شاہ","کالا بدل (ریچھ)",7,"10 11 12 13 16 17","14:7 14:8 14:9 14:10 14:12 14:19 16:19"
"صاحب زادہ نصیر الدین شاہ","کرملی",3,"9 16 17","14:5 14:19 16:19"
"صاحب زادہ نصیر الدین شاہ","کرنل صاحب",2,"16 17","14:18 16:18"
"صاحب زادہ نصیر الدین شاہ","گاما",2,"17 18","14:20 16:20"
"صاحب زادہ نصیر الدین شاہ","گاموں مراثی",4,"9 16 17","14:4 14:5 14:18 16:18"
"صفیہ","غلام علی",1,"17","21:14"
"صفیہ","ملا اسماعیل",2,"25","21:29 22:29"
"صفیہ","ملّا گھیچری",2,"25","21:29 22:29"
"صفیہ","مندی",2,"25","21:29 22:29"
"صفیہ","منہا یبل",2,"25","21:29 22:29"
"صفیہ","موجو",1,"16","21:12"
"صفیہ","مولو تیلی",2,"22 23","21:24 22:24"
"صفیہ","نبو میراثی",2,"22 23","21:24 22:24"
"صفیہ","نوراں",2,"21","21:21 22:21"
"صفیہ","ٹو (نر گھوڑا)",3,"20 25 26","21:19 21:30 22:30"
"صفیہ","ٹھمکی",1,"16","21:12"
"صفیہ","چاچا حنفیا",2,"24 25","21:28 22:28"
"صفیہ","چوہدری جلال",3,"20 26","21:20 21:31 22:31"
"صفیہ","کالا بدل (ریچھ)",2,"16 20","21:12 21:19"
"صفیہ","کرملی",1,"20","21:19"
"صفیہ","کرنل صاحب",2,"19 20","21:18 21:19"
"صفیہ","گاما",1,"20","21:20"
"صفیہ","گاموں مراثی",3,"19 26","21:18 21:31 22:31"
"ضابطے خاں","متاب ٹیڑی",12,"42 43 44 45 46 47 48","42:42 43:42 43:43 44:43 44:45 45:45 46:45 46:46 47:46 47:47 48:47 48:48"
"ضابطے خاں","متاب کی بیوی",8,"42 43 46 47 48","42:43 43:43 44:43 44:48 45:48 46:48 47:48 48:48"
"ضابطے خاں","ملا اسماعیل",2,"42","42:42 43:42"
"ضابطے خاں","ملّا گھیچری",7,"46 47 48 49","42:51 43:51 44:51 45:51 46:51 47:51 48:51"
"ضابطے خاں","ملک (دارا کی کہانی)",6,"43 44 45","42:44 43:44 44:44 45:44 45:45 46:45"
"ضابطے خاں","ملک سمندر خاں",4,"43 44","42:44 43:44 44:44 45:44"
"ضابطے خاں","مندی",9,"37 41 46 47 48 49","42:32 42:40 42:51 43:51 44:51 45:51 46:51 47:51 48:51"
"ضابطے خاں","منہا یبل",1,"41","42:40"
"ضابطے خاں","ٹو (نر گھوڑا)",2,"52","47:57 48:57"
"ضابطے خاں","پھلا",6,"41 49 50 51","42:41 44:54 45:54 46:54 47:54 48:54"
"ضابطے خاں","چاچا حنفیا",7,"41 48 49 50","42:40 43:53 44:53 45:53 46:53 47:53 48:53"
"ضابطے خاں","چوہدری جلال",1,"37","42:33"
"ضابطے خاں","کالا بدل (ریچھ)",2,"40 53","42:39 48:58"
"ضابطے خاں","گازی",3,"51 52","46:56 47:56 48:56"
"ضابطے خاں","گاموں مراثی",3,"37 38","42:33 42:34 42:35"
"ضابطے خاں","گاگو",6,"41 49 50 51","42:41 44:54 45:54 46:54 47:54 48:54"
"ضابطے خاں","گلو (مراثی کا منڈا)",2,"38","42:34 42:35"
"ضابطے خاں","گومی",7,"47 48 49 50","42:52 43:52 44:52 45:52 46:52 47:52 48:52"
"عمری بھرین","غفورے ڈرائیور",1,"106","102:110"
"عمری بھرین","نور و ماچھی",1,"102","102:102"
"عمری بھرین","پھمن",2,"101 102","102:101 102:102"
"عمری بھرین","پھمن کی نانی",1,"103","102:104"
"عمری بھرین","چوہدری تغیرے",2,"97 98","102:93 102:94"
"غفورے ڈرائیور","نور و ماچھی",2,"106","110:102 110:103"
"غفورے ڈرائیور","پھمن",4,"105 106 110","110:101 110:102 110:110 111:110"
"غفورے ڈرائیور","پھمن کی نانی",2,"107","110:104 110:105"
"غلام علی","لالو",1,"80","83:77"
"غلام علی","ملا اسماعیل",1,"79","83:76"
"غلام علی","ملک (دارا کی کہانی)",2,"9 80","14:4 83:78"
"غلام علی","موجو",5,"10 11 12 13","14:7 14:8 14:9 14:10 14:12"
"غلام علی","مولو تیلی",1,"19","14:24"
"غلام علی","نبو میراثی",1,"19","14:24"
"غلام علی","نوراں",1,"17","14:21"
"غلام علی","ٹو (نر گھوڑا)",2,"9 16","14:5 14:19"
"غلام علی","ٹھمکی",5,"10 11 12 13","14:7 14:8 14:9 14:10 14:12"
"غلام علی","پھتی",2,"79 80","83:76 83:77"
"غلام علی","پھمن",2,"82 83","83:82 83:84"
"غلام علی","پھمن کی نانی",3,"82 83","83:81 83:82 83:83"
"غلام علی","چوہدری تغیرے",2,"81 88","83:80 83:93"
"غلام علی","چوہدری جلال",1,"17","14:20"
"غلام علی","کالا بدل (ریچھ)",8,"10 11 12 13 16 82 86","14:7 14:8 14:9 14:10 14:12 14:19 83:82 83:90"
"غلام علی","کرملی",2,"9 16","14:5 14:19"
"غلام علی","کرنل صاحب",2,"16 86","14:18 83:90"
"غلام علی","کماں",3,"80 81","83:77 83:78 83:79"
"غلام علی","گاما",1,"17","14:20"
"غلام علی","گاموں مراثی",3,"9 16","14:4 14:5 14:18"
"لالو","ملا اسماعیل",1,"76","77:76"
"لالو","ملک (دارا کی کہانی)",4,"72 73 77","77:67 77:68 77:69 77:78"
"لالو","نوری کاٹو",1,"74","77:72"
"لالو","پھتی",2,"76 77","77:76 77:77"
"لالو","پھمن",1,"79","77:82"
"لالو","پھمن کی نانی",1,"79","77:81"
"لالو","چدی",1,"74","77:71"
"لالو","چوہدری تغیرے",2,"73 78","77:70 77:80"
"لالو","کئی رانی (گھوڑی)",1,"72","77:67"
"لالو","کالا بدل (ریچھ)",1,"79","77:82"
"لالو","کماں",1,"77","77:77"
"لالو","گلو (مراثی کا منڈا)",2,"73 74","77:70 77:72"
"لالو","گھینا",1,"74","77:71"
"متاب ٹیڑی","متاب کی بیوی",7,"42 43 44 46 47 48","42:43 43:43 45:43 45:48 46:48 47:48 48:48"
"متاب ٹیڑی","ملا اسماعیل",2,"42","42:42 43:42"
"متاب ٹیڑی","ملّا گھیچری",6,"46 47 48 49","42:51 43:51 45:51 46:51 47:51 48:51"
"متاب ٹیڑی","ملک (دارا کی کہانی)",5,"43 44 45","42:44 43:44 45:44 45:45 46:45"
"متاب ٹیڑی","ملک سمندر خاں",3,"43 44","42:44 43:44 45:44"
"متاب ٹیڑی","مندی",8,"37 41 46 47 48 49","42:32 42:40 42:51 43:51 45:51 46:51 47:51 48:51"
"متاب ٹیڑی","منہا یبل",1,"41","42:40"
"متاب ٹیڑی","ٹو (نر گھوڑا)",2,"52","47:57 48:57"
"متاب ٹیڑی","پھلا",5,"41 49 50 51","42:41 45:54 46:54 47:54 48:54"
"متاب ٹیڑی","چاچا حنفیا",6,"41 48 49 50","42:40 43:53 45:53 46:53 47:53 48:53"
"متاب ٹیڑی","چوہدری جلال",1,"37","42:33"
"متاب ٹیڑی","کالا بدل (ریچھ)",2,"40 53","42:39 48:58"
"متاب ٹیڑی","گازی",3,"51 52","46:56 47:56 48:56"
"متاب ٹیڑی","گاموں مراثی",3,"37 38","42:33 42:34 42:35"
"متاب ٹیڑی","گاگو",5,"41 49 50 51","42:41 45:54 46:54 47:54 48:54"
"متاب ٹیڑی","گلو (مراثی کا منڈا)",2,"38","42:34 42:35"
"متاب ٹیڑی","گومی",6,"47 48 49 50","42:52 43:52 45:52 46:52 47:52 48:52"
"متاب کی بیوی","ملا اسماعیل",1,"42","43:42"
"متاب کی بیوی","ملّا گھیچری",2,"47 49","43:51 48:51"
"متاب کی بیوی","ملک (دارا کی کہانی)",3,"43 46","43:44 48:44 48:45"
"متاب کی بیوی","ملک سمندر خاں",2,"43 46","43:44 48:44"
"متاب کی بیوی","مندی",3,"41 47 49","43:40 43:51 48:51"
"متاب کی بیوی","منہا یبل",1,"41","43:40"
"متاب کی بیوی","ٹو (نر گھوڑا)",1,"52","48:57"
"متاب کی بیوی","پھلا",2,"42 51","43:41 48:54"
"متاب کی بیوی","چاچا حنفیا",3,"41 48 50","43:40 43:53 48:53"
"متاب کی بیوی","چوہدری جلال",1,"38","43:33"
"متاب کی بیوی","کالا بدل (ریچھ)",2,"41 53","43:39 48:58"
"متاب کی بیوی","گازی",1,"52","48:56"
"متاب کی بیوی","گاموں مراثی",3,"38 39","43:33 43:34 43:35"
"متاب کی بیوی","گاگو",2,"42 51","43:41 48:54"
"متاب کی بیوی","گلو (مراثی کا منڈا)",2,"38 39","43:34 43:35"
"متاب کی بیوی","گومی",2,"47 50","43:52 48:52"
"ملا اسماعیل","ملّا گھیچری",3,"29 46 56","29:29 42:51 61:51"
"ملا اسماعیل","ملک (دارا کی کہانی)",8,"2 43 62 71 72 77","1:4 42:44 61:63 76:66 76:67 76:68 76:69 76:78"
"ملا اسماعیل","ملک سمندر خاں",1,"43","42:44"
"ملا اسماعیل","مندی",6,"29 37 41 46 56 57","29:29 42:32 42:40 42:51 61:51 61:53"
"ملا اسماعیل","منہا یبل",2,"29 41","29:29 42:40"
"ملا اسماعیل","موجو",1,"4","1:7"
"ملا اسماعیل","مولو تیلی",4,"26 27 28","29:24 29:25 29:26 29:27"
"ملا اسماعیل","نبو میراثی",4,"26 27 28","29:24 29:25 29:26 29:27"
"ملا اسماعیل","نوراں",1,"25","29:21"
"ملا اسماعیل","نوری کاٹو",1,"74","76:72"
"ملا اسماعیل","ٹو (نر گھوڑا)",4,"2 24 29 59","1:3 29:19 29:30 61:57"
"ملا اسماعیل","ٹھمکی",1,"4","1:7"
"ملا اسماعیل","پھتی",1,"76","76:76"
"ملا اسماعیل","پھلا",6,"2 41 57 58 59 60","1:3 42:41 61:54 61:56 61:58 61:59"
"ملا اسماعیل","پھمن",1,"79","76:82"
"ملا اسماعیل","پھمن کی نانی",1,"78","76:81"
"ملا اسماعیل","چاچا حنفیا",4,"28 29 41 57","29:28 29:30 42:40 61:53"
"ملا اسماعیل","چدی",3,"60 66 73","61:60 61:71 76:71"
"ملا اسماعیل","چوہدری تغیرے",3,"65 73 78","61:70 76:70 76:80"
"ملا اسماعیل","چوہدری جلال",3,"24 30 37","29:20 29:31 42:33"
"ملا اسماعیل","کئی رانی (گھوڑی)",2,"64 71","61:67 76:67"
"ملا اسماعیل","کالا بدل (ریچھ)",6,"4 24 34 40 59 79","1:7 29:19 29:39 42:39 61:58 76:82"
"ملا اسماعیل","کرملی",2,"1 24","1:1 29:19"
"ملا اسماعیل","کرنل صاحب",2,"1 24","1:1 29:19"
"ملا اسماعیل","کماں",2,"61 76","61:61 76:77"
"ملا اسماعیل","گازی",2,"58 59","61:56 61:58"
"ملا اسماعیل","گاما",1,"24","29:20"
"ملا اسماعیل","گاموں مراثی",5,"1 30 37 38","1:1 29:31 42:33 42:34 42:35"
"ملا اسماعیل","گاگو",6,"41 57 58 59 60","42:41 61:54 61:56 61:57 61:58 61:59"
"ملا اسماعیل","گلو (مراثی کا منڈا)",6,"31 38 65 73 74","29:34 42:34 42:35 61:70 76:70 76:72"
"ملا اسماعیل","گومی",2,"47 56","42:52 61:52"
"ملا اسماعیل","گھینا",3,"60 66 73","61:60 61:71 76:71"
"ملّا گھیچری","ملک (دارا کی کہانی)",2,"47 48","51:44 51:45"
"ملّا گھیچری","ملک سمندر خاں",1,"47","51:44"
"ملّا گھیچری","مندی",4,"29 31 51","29:29 30:29 30:32 51:51"
"ملّا گھیچری","منہا یبل",3,"29 35","29:29 30:29 30:40"
"ملّا گھیچری","مولو تیلی",4,"26 27 28","29:24 29:25 29:26 29:27"
"ملّا گھیچری","نبو میراثی",4,"26 27 28","29:24 29:25 29:26 29:27"
"ملّا گھیچری","نوراں",1,"25","29:21"
"ملّا گھیچری","ٹو (نر گھوڑا)",4,"24 29 30 54","29:19 29:30 30:30 51:57"
"ملّا گھیچری","پھلا",2,"46 52","51:41 51:54"
"ملّا گھیچری","چاچا حنفیا",4,"28 29 30 52","29:28 29:30 30:30 51:53"
"ملّا گھیچری","چدی",1,"55","51:60"
"ملّا گھیچری","چوہدری جلال",3,"24 30","29:20 29:31 30:31"
"ملّا گھیچری","کالا بدل (ریچھ)",4,"24 34 54","29:19 29:39 30:39 51:58"
"ملّا گھیچری","کرملی",1,"24","29:19"
"ملّا گھیچری","کرنل صاحب",1,"24","29:19"
"ملّا گھیچری","کماں",1,"56","51:61"
"ملّا گھیچری","گازی",1,"53","51:56"
"ملّا گھیچری","گاما",1,"24","29:20"
"ملّا گھیچری","گاموں مراثی",2,"30","29:31 30:31"
"ملّا گھیچری","گاگو",2,"46 52","51:41 51:54"
"ملّا گھیچری","گلو (مراثی کا منڈا)",2,"31 32","29:34 30:34"
"ملّا گھیچری","گومی",1,"51","51:52"
"ملّا گھیچری","گھینا",1,"55","51:60"
"ملک (دارا کی کہانی)","ملک سمندر خاں",2,"44","44:44 45:44"
"ملک (دارا کی کہانی)","مندی",4,"42 47 48 58","44:40 44:51 45:51 63:53"
"ملک (دارا کی کہانی)","منہا یبل",1,"42","44:40"
"ملک (دارا کی کہانی)","موجو",1,"5","4:7"
"ملک (دارا کی کہانی)","نوری کاٹو",8,"67 68 69 70 75","63:72 64:72 65:72 66:72 67:72 68:72 69:72 78:72"
"ملک (دارا کی کہانی)","ٹو (نر گھوڑا)",3,"3 4 60","4:3 4:5 63:57"
"ملک (دارا کی کہانی)","ٹھمکی",1,"5","4:7"
"ملک (دارا کی کہانی)","پھتی",6,"71 72 77","66:76 67:76 68:76 69:76 78:76 78:77"
"ملک (دارا کی کہانی)","پھلا",8,"3 42 49 58 59 60 61","4:3 44:41 44:54 45:54 63:54 63:56 63:58 63:59"
"ملک (دارا کی کہانی)","پھمن",1,"80","78:82"
"ملک (دارا کی کہانی)","پھمن کی نانی",1,"79","78:81"
"ملک (دارا کی کہانی)","چاچا حنفیا",4,"42 48 49 58","44:40 44:53 45:53 63:53"
"ملک (دارا کی کہانی)","چدی",9,"61 67 68 69 70 74","63:60 63:71 64:71 65:71 66:71 67:71 68:71 69:71 78:71"
"ملک (دارا کی کہانی)","چوہدری تغیرے",9,"66 67 68 69 74 79","63:70 64:70 65:70 66:70 67:70 68:70 69:70 78:70 78:80"
"ملک (دارا کی کہانی)","کئی رانی (گھوڑی)",6,"65 66 67","63:67 64:67 65:67 66:67 67:67 68:67"
"ملک (دارا کی کہانی)","کالا بدل (ریچھ)",4,"5 41 60 80","4:7 44:39 63:58 78:82"
"ملک (دارا کی کہانی)","کرملی",4,"2 3 4","4:1 4:2 4:3 4:5"
"ملک (دارا کی کہانی)","کرنل صاحب",1,"2","4:1"
"ملک (دارا کی کہانی)","کماں",6,"62 72 73 77 78","63:61 67:77 68:77 69:77 78:77 78:78"
"ملک (دارا کی کہانی)","گازی",2,"59 60","63:56 63:58"
"ملک (دارا کی کہانی)","گاموں مراثی",6,"2 3 4 39","4:1 4:2 4:3 4:4 44:34 44:35"
"ملک (دارا کی کہانی)","گاگو",8,"42 49 58 59 60 61","44:41 44:54 45:54 63:54 63:56 63:57 63:58 63:59"
"ملک (دارا کی کہانی)","گلو (مراثی کا منڈا)",11,"39 66 67 68 69 74 75","44:34 44:35 63:70 64:70 65:70 66:70 67:70 68:70 69:70 78:70 78:72"
"ملک (دارا کی کہانی)","گومی",2,"48","44:52 45:52"
"ملک (دارا کی کہانی)","گھینا",9,"61 67 68 69 70 74","63:60 63:71 64:71 65:71 66:71 67:71 68:71 69:71 78:71"
"ملک سمندر خاں","مندی",2,"42 47","44:40 44:51"
"ملک سمندر خاں","منہا یبل",1,"42","44:40"
"ملک سمندر خاں","پھلا",2,"42 49","44:41 44:54"
"ملک سمندر خاں","چاچا حنفیا",2,"42 48","44:40 44:53"
"ملک سمندر خاں","کالا بدل (ریچھ)",1,"41","44:39"
"ملک سمندر خاں","گاموں مراثی",2,"39","44:34 44:35"
"ملک سمندر خاں","گاگو",2,"42 49","44:41 44:54"
"ملک سمندر خاں","گلو (مراثی کا منڈا)",2,"39","44:34 44:35"
"ملک سمندر خاں","گومی",1,"48","44:52"
"مندی","منہا یبل",4,"29 30 36 40","29:29 32:29 32:40 40:40"
"مندی","مولو تیلی",4,"26 27 28","29:24 29:25 29:26 29:27"
"مندی","نبو میراثی",4,"26 27 28","29:24 29:25 29:26 29:27"
"مندی","نوراں",1,"25","29:21"
"مندی","ٹو (نر گھوڑا)",5,"24 29 31 54 55","29:19 29:30 32:30 51:57 53:57"
"مندی","پھلا",5,"36 40 46 52 53","32:41 40:41 51:41 51:54 53:54"
"مندی","چاچا حنفیا",7,"28 29 31 36 40 52 53","29:28 29:30 32:30 32:40 40:40 51:53 53:53"
"مندی","چدی",2,"55 56","51:60 53:60"
"مندی","چوہدری جلال",5,"24 30 31 32 36","29:20 29:31 32:31 32:33 40:33"
"مندی","کالا بدل (ریچھ)",6,"24 34 35 39 54 55","29:19 29:39 32:39 40:39 51:58 53:58"
"مندی","کرملی",1,"24","29:19"
"مندی","کرنل صاحب",1,"24","29:19"
"مندی","کماں",2,"56 57","51:61 53:61"
"مندی","گازی",2,"53 54","51:56 53:56"
"مندی","گاما",1,"24","29:20"
"مندی","گاموں مراثی",6,"30 31 32 36 37","29:31 32:31 32:33 40:33 40:34 40:35"
"مندی","گاگو",5,"36 40 46 52 53","32:41 40:41 51:41 51:54 53:54"
"مندی","گلو (مراثی کا منڈا)",4,"31 33 37","29:34 32:34 40:34 40:35"
"مندی","گومی",2,"51 52","51:52 53:52"
"مندی","گھینا",2,"55 56","51:60 53:60"
"منہا یبل","مولو تیلی",4,"26 27 28","29:24 29:25 29:26 29:27"
"منہا یبل","نبو میراثی",4,"26 27 28","29:24 29:25 29:26 29:27"
"منہا یبل","نوراں",1,"25","29:21"
"منہا یبل","ٹو (نر گھوڑا)",3,"24 29 35","29:19 29:30 40:30"
"منہا یبل","پھلا",1,"40","40:41"
"منہا یبل","چاچا حنفیا",4,"28 29 35 40","29:28 29:30 40:30 40:40"
"منہا یبل","چوہدری جلال",4,"24 30 35 36","29:20 29:31 40:31 40:33"
"منہا یبل","کالا بدل (ریچھ)",3,"24 34 39","29:19 29:39 40:39"
"منہا یبل","کرملی",1,"24","29:19"
"منہا یبل","کرنل صاحب",1,"24","29:19"
"منہا یبل","گاما",1,"24","29:20"
"منہا یبل","گاموں مراثی",5,"30 35 36 37","29:31 40:31 40:33 40:34 40:35"
"منہا یبل","گاگو",1,"40","40:41"
"منہا یبل","گلو (مراثی کا منڈا)",3,"31 37","29:34 40:34 40:35"
"موجو","نوراں",1,"16","12:21"
"موجو","ٹو (نر گھوڑا)",5,"5 6 14 15","7:3 7:5 9:19 10:19 12:19"
"موجو","ٹھمکی",9,"7 8 9 10 11 12","7:7 8:7 8:8 9:8 9:9 10:9 10:10 12:10 12:12"
"موجو","پھلا",1,"5","7:3"
"موجو","چوہدری جلال",2,"15 16","10:20 12:20"
"موجو","کالا بدل (ریچھ)",9,"7 8 9 10 11 12","7:7 8:7 8:8 9:8 9:9 10:9 10:10 12:10 12:12"
"موجو","کرملی",7,"4 5 6 14 15","7:1 7:2 7:3 7:5 9:19 10:19 12:19"
"موجو","کرنل صاحب",5,"4 13 14 15","7:1 8:18 9:18 10:18 12:18"
"موجو","گاما",2,"15 16","10:20 12:20"
"موجو","گاموں مراثی",9,"4 5 6 13 14 15","7:1 7:2 7:3 7:4 7:5 8:18 9:18 10:18 12:18"
"مولو تیلی","نبو میراثی",7,"24 25 26 27","24:24 25:24 25:25 26:25 26:26 27:26 27:27"
"مولو تیلی","نوراں",1,"22","24:21"
"مولو تیلی","ٹو (نر گھوڑا)",5,"21 27 28","24:19 24:30 25:30 26:30 27:30"
"مولو تیلی","چاچا حنفیا",4,"26 27","24:28 25:28 26:28 27:28"
"مولو تیلی","چوہدری جلال",5,"22 27 28 29","24:20 24:31 25:31 26:31 27:31"
"مولو تیلی","کالا بدل (ریچھ)",1,"21","24:19"
"مولو تیلی","کرملی",1,"21","24:19"
"مولو تیلی","کرنل صاحب",2,"21","24:18 24:19"
"مولو تیلی","گاما",1,"22","24:20"
"مولو تیلی","گاموں مراثی",5,"21 27 28 29","24:18 24:31 25:31 26:31 27:31"
"مولو تیلی","گلو (مراثی کا منڈا)",4,"29 30","24:34 25:34 26:34 27:34"
"نبو میراثی","نوراں",1,"22","24:21"
"نبو میراثی","ٹو (نر گھوڑا)",5,"21 27 28","24:19 24:30 25:30 26:30 27:30"
"نبو میراثی","چاچا حنفیا",4,"26 27","24:28 25:28 26:28 27:28"
"نبو میراثی","چوہدری جلال",5,"22 27 28 29","24:20 24:31 25:31 26:31 27:31"
"نبو میراثی","کالا بدل (ریچھ)",1,"21","24:19"
"نبو میراثی","کرملی",1,"21","24:19"
"نبو میراثی","کرنل صاحب",2,"21","24:18 24:19"
"نبو میراثی","گاما",1,"22","24:20"
"نبو میراثی","گاموں مراثی",5,"21 27 28 29","24:18 24:31 25:31 26:31 27:31"
"نبو میراثی","گلو (مراثی کا منڈا)",4,"29 30","24:34 25:34 26:34 27:34"
"نور و ماچھی","پھمن",4,"101 102 106","102:101 102:102 103:102 103:110"
"نور و ماچھی","پھمن کی نانی",2,"103","102:104 103:104"
"نور و ماچھی","چوہدری تغیرے",2,"97 98","102:93 102:94"
"نوراں","ٹو (نر گھوڑا)",2,"20 25","21:19 21:30"
"نوراں","ٹھمکی",1,"16","21:12"
"نوراں","چاچا حنفیا",1,"24","21:28"
"نوراں","چوہدری جلال",2,"20 26","21:20 21:31"
"نوراں","کالا بدل (ریچھ)",2,"16 20","21:12 21:19"
"نوراں","کرملی",1,"20","21:19"
"نوراں","کرنل صاحب",2,"19 20","21:18 21:19"
"نوراں","گاما",1,"20","21:20"
"نوراں","گاموں مراثی",2,"19 26","21:18 21:31"
"نوری کاٹو","پھتی",1,"74","72:76"
"نوری کاٹو","پھمن",1,"77","72:82"
"نوری کاٹو","پھمن کی نانی",1,"76","72:81"
"نوری کاٹو","چدی",1,"71","72:71"
"نوری کاٹو","چوہدری تغیرے",2,"71 76","72:70 72:80"
"نوری کاٹو","کئی رانی (گھوڑی)",1,"69","72:67"
"نوری کاٹو","کالا بدل (ریچھ)",1,"77","72:82"
"نوری کاٹو","کماں",1,"74","72:77"
"نوری کاٹو","گلو (مراثی کا منڈا)",2,"71 72","72:70 72:72"
"نوری کاٹو","گھینا",1,"71","72:71"
"ٹو (نر گھوڑا)","ٹھمکی",5,"5 6 14 15","3:7 5:7 19:9 19:10 19:12"
"ٹو (نر گھوڑا)","پھلا",5,"3 4 55 56 57","3:3 5:3 57:54 57:56 57:58"
"ٹو (نر گھوڑا)","چاچا حنفیا",4,"23 29 30 55","19:28 30:28 30:30 57:53"
"ٹو (نر گھوڑا)","چدی",1,"58","57:60"
"ٹو (نر گھوڑا)","چوہدری جلال",3,"19 25 30","19:20 30:20 30:31"
"ٹو (نر گھوڑا)","کئی رانی (گھوڑی)",1,"62","57:67"
"ٹو (نر گھوڑا)","کالا بدل (ریچھ)",8,"5 6 14 15 19 34 57","3:7 5:7 19:9 19:10 19:12 19:19 30:39 57:58"
"ٹو (نر گھوڑا)","کرملی",6,"2 3 4 5 19","3:1 3:2 3:3 5:3 5:5 19:19"
"ٹو (نر گھوڑا)","کرنل صاحب",3,"2 18 19","3:1 19:18 19:19"
"ٹو (نر گھوڑا)","کماں",1,"59","57:61"
"ٹو (نر گھوڑا)","گازی",2,"56 57","57:56 57:58"
"ٹو (نر گھوڑا)","گاما",2,"19 25","19:20 30:20"
"ٹو (نر گھوڑا)","گاموں مراثی",8,"2 3 4 5 18 30","3:1 3:2 3:3 5:3 5:4 5:5 19:18 30:31"
"ٹو (نر گھوڑا)","گاگو",3,"55 56 57","57:54 57:56 57:57"
"ٹو (نر گھوڑا)","گلو (مراثی کا منڈا)",1,"32","30:34"
"ٹو (نر گھوڑا)","گومی",1,"54","57:52"
"ٹو (نر گھوڑا)","گھینا",1,"58","57:60"
"ٹھمکی","پھلا",1,"5","7:3"
"ٹھمکی","چوہدری جلال",2,"15 16","10:20 12:20"
"ٹھمکی","کالا بدل (ریچھ)",9,"7 8 9 10 11 12","7:7 8:7 8:8 9:8 9:9 10:9 10:10 12:10 12:12"
"ٹھمکی","کرملی",7,"4 5 6 14 15","7:1 7:2 7:3 7:5 9:19 10:19 12:19"
"ٹھمکی","کرنل صاحب",5,"4 13 14 15","7:1 8:18 9:18 10:18 12:18"
"ٹھمکی","گاما",2,"15 16","10:20 12:20"
"ٹھمکی","گاموں مراثی",9,"4 5 6 13 14 15","7:1 7:2 7:3 7:4 7:5 8:18 9:18 10:18 12:18"
"پھتی","پھمن",2,"79","76:82 77:82"
"پھتی","پھمن کی نانی",2,"78 79","76:81 77:81"
"پھتی","چدی",1,"73","76:71"
"پھتی","چوہدری تغیرے",3,"73 78","76:70 76:80 77:80"
"پھتی","کئی رانی (گھوڑی)",1,"71","76:67"
"پھتی","کالا بدل (ریچھ)",2,"79","76:82 77:82"
"پھتی","کماں",2,"76 77","76:77 77:77"
"پھتی","گلو (مراثی کا منڈا)",2,"73 74","76:70 76:72"
"پھتی","گھینا",1,"73","76:71"
"پھلا","چاچا حنفیا",2,"40 53","41:40 54:53"
"پھلا","چدی",4,"57 58 59","54:60 56:60 58:60 59:60"
"پھلا","چوہدری جلال",2,"36 37","41:31 41:33"
"پھلا","کئی رانی (گھوڑی)",2,"62 63","58:67 59:67"
"پھلا","کالا بدل (ریچھ)",6,"5 40 56 57 58","3:7 41:39 54:58 56:58 58:58 59:58"
"پھلا","کرملی",3,"2 3","3:1 3:2 3:3"
"پھلا","کرنل صاحب",1,"2","3:1"
"پھلا","کماں",4,"57 58 59 60","54:61 56:61 58:61 59:61"
"پھلا","گازی",5,"55 56 57 58","54:56 56:56 58:56 58:58 59:58"
"پھلا","گاموں مراثی",7,"2 3 36 37 38","3:1 3:2 3:3 41:31 41:33 41:34 41:35"
"پھلا","گاگو",9,"41 54 55 56 57 58 59","41:41 54:54 56:54 56:56 58:56 58:57 58:58 59:58 59:59"
"پھلا","گلو (مراثی کا منڈا)",2,"37 38","41:34 41:35"
"پھلا","گومی",1,"53","54:52"
"پھلا","گھینا",4,"57 58 59","54:60 56:60 58:60 59:60"
"پھمن","پھمن کی نانی",15,"81 82 83 84 85 86 87 88 102 103 107","82:81 82:82 84:82 84:83 84:84 85:84 85:85 87:85 87:86 87:88 88:88 101:104 102:104 110:104 110:105"
"پھمن","چوہدری تغیرے",7,"81 88 89 90 97","82:80 84:93 85:93 87:93 88:93 101:93 101:94"
"پھمن","کالا بدل (ریچھ)",6,"82 83 87 88 89","82:82 84:82 84:90 85:90 87:90 88:90"
"پھمن","کرنل صاحب",5,"86 87 88 89","82:90 84:90 85:90 87:90 88:90"
"پھمن","کماں",3,"79 80","82:77 82:78 82:79"
"پھمن","گلو (مراثی کا منڈا)",1,"77","82:72"
"پھمن کی نانی","چدی",1,"76","81:71"
"پھمن کی نانی","چوہدری تغیرے",7,"80 88 89 90 99","81:80 83:93 84:93 85:93 86:93 88:93 104:94"
"پھمن کی نانی","کالا بدل (ریچھ)",8,"81 82 86 87 88 89","81:82 82:82 83:82 83:90 84:90 85:90 86:90 88:90"
"پھمن کی نانی","کرنل صاحب",7,"85 86 87 88 89","81:90 82:90 83:90 84:90 85:90 86:90 88:90"
"پھمن کی نانی","کماں",3,"79 80","81:77 81:78 81:79"
"پھمن کی نانی","گلو (مراثی کا منڈا)",1,"76","81:72"
"پھمن کی نانی","گھینا",1,"76","81:71"
"چاچا حنفیا","چدی",1,"56","53:60"
"چاچا حنفیا","چوہدری جلال",5,"24 29 30 35 36","28:20 28:31 30:31 40:31 40:33"
"چاچا حنفیا","کالا بدل (ریچھ)",4,"23 34 39 55","28:19 30:39 40:39 53:58"
"چاچا حنفیا","کرملی",1,"23","28:19"
"چاچا حنفیا","کرنل صاحب",2,"23","28:18 28:19"
"چاچا حنفیا","کماں",1,"57","53:61"
"چاچا حنفیا","گازی",1,"54","53:56"
"چاچا حنفیا","گاما",1,"24","28:20"
"چاچا حنفیا","گاموں مراثی",7,"23 29 30 35 36 37","28:18 28:31 30:31 40:31 40:33 40:34 40:35"
"چاچا حنفیا","گاگو",2,"40 53","40:41 53:54"
"چاچا حنفیا","گلو (مراثی کا منڈا)",4,"31 32 37","28:34 30:34 40:34 40:35"
"چاچا حنفیا","گومی",1,"52","53:52"
"چاچا حنفیا","گھینا",1,"56","53:60"
"چدی","چوہدری تغیرے",3,"65 70 75","60:70 71:70 71:80"
"چدی","کئی رانی (گھوڑی)",2,"63 69","60:67 71:67"
"چدی","کالا بدل (ریچھ)",1,"59","60:58"
"چدی","کماں",3,"60 66 74","60:61 71:61 71:77"
"چدی","گازی",2,"58 59","60:56 60:58"
"چدی","گاگو",5,"57 58 59","60:54 60:56 60:57 60:58 60:59"
"چدی","گلو (مراثی کا منڈا)",3,"65 70 71","60:70 71:70 71:72"
"چدی","گومی",1,"56","60:52"
"چدی","گھینا",2,"60 71","60:60 71:71"
"چوہدری تغیرے","کئی رانی (گھوڑی)",1,"68","70:67"
"چوہدری تغیرے","کالا بدل (ریچھ)",2,"81 91","80:82 93:90"
"چوہدری تغیرے","کرنل صاحب",2,"85 91","80:90 93:90"
"چوہدری تغیرے","کماں",5,"65 73 78 79","70:61 70:77 80:77 80:78 80:79"
"چوہدری تغیرے","گلو (مراثی کا منڈا)",3,"70 75 76","70:70 80:70 80:72"
"چوہدری تغیرے","گھینا",3,"65 70 75","70:60 70:71 80:71"
"چوہدری جلال","کالا بدل (ریچھ)",5,"15 16 19 35 36","20:10 20:12 20:19 31:39 33:39"
"چوہدری جلال","کرملی",1,"19","20:19"
"چوہدری جلال","کرنل صاحب",2,"19","20:18 20:19"
"چوہدری جلال","گاما",1,"20","20:20"
"چوہدری جلال","گاموں مراثی",4,"19 31 32 33","20:18 31:31 33:31 33:33"
"چوہدری جلال","گاگو",2,"36 37","31:41 33:41"
"چوہدری جلال","گلو (مراثی کا منڈا)",2,"32 33","31:34 33:34"
"کئی رانی (گھوڑی)","کالا بدل (ریچھ)",1,"62","67:58"
"کئی رانی (گھوڑی)","کماں",2,"64 72","67:61 67:77"
"کئی رانی (گھوڑی)","گازی",1,"62","67:58"
"کئی رانی (گھوڑی)","گاگو",3,"62 63","67:57 67:58 67:59"
"کئی رانی (گھوڑی)","گلو (مراثی کا منڈا)",1,"68","67:70"
"کئی رانی (گھوڑی)","گھینا",2,"63 69","67:60 67:71"
"کالا بدل (ریچھ)","کرملی",8,"4 5 6 14 15 19","7:1 7:2 7:3 7:5 9:19 10:19 12:19 19:19"
"کالا بدل (ریچھ)","کرنل صاحب",9,"4 13 14 15 18 19 86 90","7:1 8:18 9:18 10:18 12:18 19:18 19:19 82:90 90:90"
"کالا بدل (ریچھ)","کماں",4,"59 79 80","58:61 82:77 82:78 82:79"
"کالا بدل (ریچھ)","گازی",2,"57 58","58:56 58:58"
"کالا بدل (ریچھ)","گاما",3,"15 16 19","10:20 12:20 19:20"
"کالا بدل (ریچھ)","گاموں مراثی",14,"4 5 6 13 14 15 18 35 36 37","7:1 7:2 7:3 7:4 7:5 8:18 9:18 10:18 12:18 19:18 39:31 39:33 39:34 39:35"
"کالا بدل (ریچھ)","گاگو",5,"40 56 57 58","39:41 58:54 58:56 58:57 58:58"
"کالا بدل (ریچھ)","گلو (مراثی کا منڈا)",3,"36 37 77","39:34 39:35 82:72"
"کالا بدل (ریچھ)","گومی",1,"55","58:52"
"کالا بدل (ریچھ)","گھینا",1,"59","58:60"
"کرملی","کرنل صاحب",4,"1 18 19","1:1 2:1 19:18 19:19"
"کرملی","گاما",1,"19","19:20"
"کرملی","گاموں مراثی",9,"1 2 3 4 5 18","1:1 2:1 2:2 3:2 3:3 5:3 5:4 5:5 19:18"
"کرنل صاحب","گاما",2,"19","18:20 19:20"
"کرنل صاحب","گاموں مراثی",3,"1 18","1:1 18:18 19:18"
"کماں","گازی",2,"58 59","61:56 61:58"
"کماں","گاگو",5,"57 58 59 60","61:54 61:56 61:57 61:58 61:59"
"کماں","گلو (مراثی کا منڈا)",3,"65 73 74","61:70 77:70 77:72"
"کماں","گومی",1,"56","61:52"
"کماں","گھینا",3,"60 66 74","61:60 61:71 77:71"
"گازی","گاگو",5,"55 56 57 58","56:54 56:56 58:56 58:57 58:58"
"گازی","گومی",1,"54","56:52"
"گازی","گھینا",2,"58 59","56:60 58:60"
"گاما","گاموں مراثی",1,"19","20:18"
"گاموں مراثی","گاگو",4,"36 37 38","31:41 33:41 34:41 35:41"
"گاموں مراثی","گلو (مراثی کا منڈا)",5,"32 33 34 35","31:34 33:34 34:34 35:34 35:35"
"گاگو","گلو (مراثی کا منڈا)",2,"37 38","41:34 41:35"
"گاگو","گومی",1,"53","54:52"
"گاگو","گھینا",5,"57 58 59","54:60 56:60 57:60 58:60 59:60"
"گلو (مراثی کا منڈا)","گھینا",3,"65 70 71","70:60 70:71 72:71"
"گومی","گھینا",1,"56","52:60"
